8244	8245	0	0.8361442
8244	8245	1	0.016604664
8244	8245	2	0.14753976
8244	8246	0	0.09811915
8244	8246	1	0.7873681
8244	8246	2	0.11220575
8245	8246	0	0.0
8245	8246	1	0.90794027
8245	8246	2	0.0
8245	8247	0	0.11290932
8245	8247	1	0.78300625
8245	8247	2	0.12668437
8245	8248	0	0.08163127
8245	8248	1	0.8620672
8245	8248	2	0.0868257
8246	8247	0	0.13488822
8246	8247	1	0.7315731
8246	8247	2	0.15510988
8246	8248	0	0.112908006
8246	8248	1	0.79916984
8246	8248	2	0.115671836
8247	8248	0	0.004160118
8247	8248	1	0.9821116
8247	8248	2	0.006298162
8247	8249	0	0.43081936
8247	8249	1	0.2677582
8247	8249	2	0.29256964
8247	8250	0	0.10337628
8247	8250	1	0.8172621
8247	8250	2	0.10948241
8247	8251	0	0.10430582
8247	8251	1	0.81723416
8247	8251	2	0.110626586
8248	8249	0	0.99187064
8248	8249	1	0.0015943011
8248	8249	2	0.009131163
8248	8250	0	0.15498699
8248	8250	1	0.68764645
8248	8250	2	0.18558337
8248	8251	0	0.1566867
8248	8251	1	0.6882721
8248	8251	2	0.1872811
8249	8250	0	1.03001046E-4
8249	8250	1	0.9543077
8249	8250	2	5.63293E-4
8249	8251	0	0.0
8249	8251	1	0.9391428
8249	8251	2	0.0
8252	8253	0	0.07600743
8252	8253	1	0.83963716
8252	8253	2	0.08386769
8253	8254	0	0.9816962
8253	8254	1	2.1128215E-4
8253	8254	2	0.016779412
8253	8255	0	0.9009917
8253	8255	1	0.0023899064
8253	8255	2	0.093841575
8253	8256	0	0.07495484
8253	8256	1	0.8249338
8253	8256	2	0.090085976
8254	8255	0	0.010677958
8254	8255	1	0.93584526
8254	8255	2	0.06364075
8254	8256	0	0.0024179216
8254	8256	1	0.9936553
8254	8256	2	0.0054003913
8255	8256	0	0.0035455334
8255	8256	1	0.9967131
8255	8256	2	0.006485354
8254	8257	0	0.026477868
8254	8257	1	0.87060654
8254	8257	2	0.10332838
8255	8257	0	0.13043094
8255	8257	1	0.59793335
8255	8257	2	0.27206707
8256	8257	0	0.9913984
8256	8257	1	8.585761E-4
8256	8257	2	0.008454833
8258	8259	0	0.011564193
8258	8259	1	0.97314954
8258	8259	2	0.032506693
8258	8260	0	0.10007274
8258	8260	1	0.7861351
8258	8260	2	0.110222846
8259	8260	0	0.10091589
8259	8260	1	0.7827613
8259	8260	2	0.11556423
8260	8261	0	0.0976019
8260	8261	1	0.7487558
8260	8261	2	0.15273274
8260	8262	0	0.10622806
8260	8262	1	0.779027
8260	8262	2	0.11098729
8261	8262	0	0.0076102493
8261	8262	1	0.98529273
8261	8262	2	0.015969126
8263	8264	0	0.36266494
8263	8264	1	0.057942286
8263	8264	2	0.57937574
8264	8265	0	0.08450466
8264	8265	1	0.80420864
8264	8265	2	0.11087156
8265	8266	0	0.072146446
8265	8266	1	0.8406358
8265	8266	2	0.08694849
8267	8268	0	6.458356E-4
8267	8268	1	0.98959696
8267	8268	2	0.0096367495
8269	8270	0	0.545582
8269	8270	1	0.046740826
8269	8270	2	0.27743602
8269	8271	0	0.026586981
8269	8271	1	0.9080649
8269	8271	2	0.040137883
8269	8272	0	0.038126197
8269	8272	1	0.9163777
8269	8272	2	0.0403998
8270	8271	0	0.0
8270	8271	1	0.8857452
8270	8271	2	0.01090591
8270	8272	0	0.012250995
8270	8272	1	0.9082793
8270	8272	2	0.018687278
8271	8272	0	0.018254638
8271	8272	1	0.9046623
8271	8272	2	0.03522413
8269	8273	0	0.098057695
8269	8273	1	0.8205528
8269	8273	2	0.10792338
8269	8274	0	0.10063503
8269	8274	1	0.77471167
8269	8274	2	0.14227481
8270	8273	0	0.106577575
8270	8273	1	0.8260476
8270	8273	2	0.11291118
8270	8274	0	0.11140197
8270	8274	1	0.7843824
8270	8274	2	0.13963276
8271	8273	0	0.10163144
8271	8273	1	0.7356709
8271	8273	2	0.2166216
8271	8274	0	0.575883
8271	8274	1	0.055923887
8271	8274	2	0.4037574
8272	8273	0	0.6109415
8272	8273	1	0.10217362
8272	8273	2	0.337482
8272	8274	0	0.85000217
8272	8274	1	0.10088271
8272	8274	2	0.10687486
8273	8274	0	0.8314185
8273	8274	1	0.08524716
8273	8274	2	0.16175283
8273	8275	0	0.10547942
8273	8275	1	0.7100712
8273	8275	2	0.112012334
8273	8276	0	0.08808358
8273	8276	1	0.6892542
8273	8276	2	0.12157559
8273	8277	0	0.7908228
8273	8277	1	0.014895993
8273	8277	2	0.08126817
8273	8278	0	0.85386676
8273	8278	1	0.0
8273	8278	2	0.010000709
8274	8275	0	0.07500367
8274	8275	1	0.7699902
8274	8275	2	0.082859784
8274	8276	0	0.061836895
8274	8276	1	0.754003
8274	8276	2	0.09023945
8274	8277	0	0.46710536
8274	8277	1	0.06708863
8274	8277	2	0.27177626
8274	8278	0	0.75787896
8274	8278	1	0.036675896
8274	8278	2	0.08884875
8275	8276	0	0.8740525
8275	8276	1	0.2834431
8275	8276	2	0.2896483
8275	8277	0	0.8758012
8275	8277	1	0.2776285
8275	8277	2	0.2753464
8275	8278	0	0.892353
8275	8278	1	0.2665907
8275	8278	2	0.26551837
8276	8277	0	0.8916657
8276	8277	1	0.25637606
8276	8277	2	0.24620822
8276	8278	0	0.9078187
8276	8278	1	0.2701491
8276	8278	2	0.26439625
8277	8278	0	0.8315292
8277	8278	1	0.31650308
8277	8278	2	0.35647452
8275	8279	0	0.8767801
8275	8279	1	0.007669779
8275	8279	2	0.02738504
8275	8280	0	0.82240343
8275	8280	1	0.04181039
8275	8280	2	0.06313133
8275	8281	0	0.88800615
8275	8281	1	0.0018189556
8275	8281	2	0.0030417233
8275	8282	0	0.8732823
8275	8282	1	0.018446082
8275	8282	2	0.0135248685
8276	8279	0	0.8754795
8276	8279	1	0.013547797
8276	8279	2	0.03617409
8276	8280	0	0.59609246
8276	8280	1	0.034288656
8276	8280	2	0.31062397
8276	8281	0	0.859644
8276	8281	1	0.013115728
8276	8281	2	0.046785187
8276	8282	0	0.83538604
8276	8282	1	0.016130988
8276	8282	2	0.047350984
8277	8280	0	0.02116125
8277	8280	1	0.74931705
8277	8280	2	0.115897015
8277	8281	0	0.29240528
8277	8281	1	0.10998106
8277	8281	2	0.49173194
8277	8282	0	0.20308392
8277	8282	1	0.16322267
8277	8282	2	0.5094586
8278	8279	0	0.23410222
8278	8279	1	0.2993866
8278	8279	2	0.4121335
8278	8280	0	0.036622804
8278	8280	1	0.8019432
8278	8280	2	0.08379975
8278	8281	0	0.032996453
8278	8281	1	0.7659312
8278	8281	2	0.10488703
8278	8282	0	0.031533718
8278	8282	1	0.7722195
8278	8282	2	0.09856272
8279	8280	0	0.07960953
8279	8280	1	0.8158306
8279	8280	2	0.14987071
8279	8281	0	0.30033058
8279	8281	1	0.14810686
8279	8281	2	0.5292602
8279	8282	0	0.26173344
8279	8282	1	0.21713606
8279	8282	2	0.55382967
8280	8281	0	0.8498524
8280	8281	1	0.03941933
8280	8281	2	0.098057814
8280	8282	0	0.85620767
8280	8282	1	0.07522819
8280	8282	2	0.11343851
8281	8282	0	0.06114898
8281	8282	1	0.6689894
8281	8282	2	0.1897485
8279	8283	0	0.5195629
8279	8283	1	0.009068637
8279	8283	2	0.33127758
8279	8284	0	0.11442092
8279	8284	1	0.26919743
8279	8284	2	0.51796037
8279	8285	0	0.0
8279	8285	1	0.9250656
8279	8285	2	0.0
8280	8283	0	0.7801202
8280	8283	1	0.06298074
8280	8283	2	0.12804022
8280	8284	0	0.37436184
8280	8284	1	0.11567006
8280	8284	2	0.49175763
8280	8285	0	0.089621626
8280	8285	1	0.7879617
8280	8285	2	0.09585821
8281	8283	0	0.6162382
8281	8283	1	0.10155725
8281	8283	2	0.27885914
8281	8284	0	0.17396888
8281	8284	1	0.3789378
8281	8284	2	0.44643256
8281	8285	0	0.052507237
8281	8285	1	0.8781951
8281	8285	2	0.05769893
8282	8283	0	0.6530567
8282	8283	1	0.110904835
8282	8283	2	0.2518651
8282	8284	0	0.19968437
8282	8284	1	0.30035704
8282	8284	2	0.50049496
8282	8285	0	0.051136296
8282	8285	1	0.87259996
8282	8285	2	0.05679726
8283	8284	0	0.35528553
8283	8284	1	0.37917554
8283	8284	2	0.57749873
8283	8285	0	0.20644397
8283	8285	1	0.9458193
8283	8285	2	0.20457242
8284	8285	0	0.20607057
8284	8285	1	0.9487762
8284	8285	2	0.20019335
8283	8286	0	0.13858692
8283	8286	1	0.7846659
8283	8286	2	0.11274383
8284	8286	0	0.12494396
8284	8286	1	0.78156406
8284	8286	2	0.11486684
8285	8286	0	0.92873085
8285	8286	1	0.032621704
8285	8286	2	0.03905801
8286	8287	0	0.08777875
8286	8287	1	0.78014904
8286	8287	2	0.11300851
8286	8288	0	0.094212435
8286	8288	1	0.78866124
8286	8288	2	0.101159886
8287	8288	0	0.0
8287	8288	1	0.94568324
8287	8288	2	2.6960677E-4
8289	8290	0	0.97717124
8289	8290	1	0.012468442
8289	8290	2	0.030822825
8289	8291	0	0.98949724
8289	8291	1	0.0050934115
8289	8291	2	0.009751149
8289	8292	0	0.9857837
8289	8292	1	0.0039034765
8289	8292	2	0.008335951
8290	8291	0	0.9830996
8290	8291	1	0.009916997
8290	8291	2	0.022843732
8290	8292	0	0.9862846
8290	8292	1	0.0061727115
8290	8292	2	0.012852838
8291	8292	0	0.94479394
8291	8292	1	0.018629702
8291	8292	2	0.061955176
8289	8293	0	0.013694493
8289	8293	1	0.95045716
8289	8293	2	0.030178478
8289	8294	0	0.6766009
8289	8294	1	0.08012943
8289	8294	2	0.23905025
8290	8293	0	0.0024949887
8290	8293	1	0.99305546
8290	8293	2	0.009331035
8290	8294	0	0.009693817
8290	8294	1	0.84596336
8290	8294	2	0.13960084
8291	8293	0	0.0018170776
8291	8293	1	0.99543566
8291	8293	2	0.0064707524
8291	8294	0	0.0020658246
8291	8294	1	0.9909672
8291	8294	2	0.011410158
8292	8293	0	0.0013957876
8292	8293	1	0.9952267
8292	8293	2	0.005790815
8292	8294	0	0.0014642305
8292	8294	1	0.9912472
8292	8294	2	0.0101495525
8293	8294	0	0.8911061
8293	8294	1	0.0
8293	8294	2	0.0
8293	8295	0	0.9828835
8293	8295	1	0.007939609
8293	8295	2	0.012835671
8294	8295	0	0.87809855
8294	8295	1	0.06476358
8294	8295	2	0.09085729
8295	8296	0	0.07463174
8295	8296	1	0.75244486
8295	8296	2	0.16368857
8295	8297	0	0.08980973
8295	8297	1	0.7972877
8295	8297	2	0.10443433
8295	8298	0	0.07762758
8295	8298	1	0.74729884
8295	8298	2	0.17854065
8296	8297	0	0.010287027
8296	8297	1	0.87910974
8296	8297	2	0.049789336
8296	8298	0	0.64129287
8296	8298	1	0.023299213
8296	8298	2	0.2360984
8297	8298	0	0.8105225
8297	8298	1	0.0034131845
8297	8298	2	0.0975043
8296	8299	0	0.08378799
8296	8299	1	0.8290001
8296	8299	2	0.103844255
8296	8300	0	0.0714945
8296	8300	1	0.8707132
8296	8300	2	0.078974195
8297	8299	0	0.08418985
8297	8299	1	0.81384516
8297	8299	2	0.109559126
8297	8300	0	0.07615494
8297	8300	1	0.8564234
8297	8300	2	0.081685364
8298	8299	0	0.07546518
8298	8299	1	0.82942694
8298	8299	2	0.09165858
8298	8300	0	0.06454623
8298	8300	1	0.87036467
8298	8300	2	0.0688428
8299	8300	0	0.0
8299	8300	1	0.9291156
8299	8300	2	0.0
8299	8301	0	0.086603805
8299	8301	1	0.38935357
8299	8301	2	0.5327276
8299	8302	0	0.120742016
8299	8302	1	0.71258354
8299	8302	2	0.18468007
8300	8301	0	0.9486158
8300	8301	1	0.007628516
8300	8301	2	0.05252712
8300	8302	0	0.13174808
8300	8302	1	0.62909746
8300	8302	2	0.25175527
8301	8302	0	0.0
8301	8302	1	0.8763563
8301	8302	2	0.027023824
8301	8303	0	0.07686261
8301	8303	1	0.8094283
8301	8303	2	0.11422431
8302	8303	0	0.06557038
8302	8303	1	0.501762
8302	8303	2	0.43385464
8303	8304	0	0.07843773
8303	8304	1	0.83503234
8303	8304	2	0.08781697
8304	8305	0	0.11907722
8304	8305	1	0.5121385
8304	8305	2	0.36902285
8305	8306	0	0.91980594
8305	8306	1	0.0028806278
8305	8306	2	0.07718963
8306	8307	0	0.06832097
8306	8307	1	0.85651636
8306	8307	2	0.08068524
8307	8308	0	0.9017165
8307	8308	1	0.0052288035
8307	8308	2	0.09361489
8307	8309	0	0.10859159
8307	8309	1	0.7535704
8307	8309	2	0.1334694
8308	8309	0	0.003997154
8308	8309	1	0.9947746
8308	8309	2	0.008113067
8308	8310	0	4.8648223E-4
8308	8310	1	0.9936314
8308	8310	2	0.0055222353
8311	8312	0	0.002641542
8311	8312	1	0.91352504
8311	8312	2	0.08375696
8313	8314	0	0.0020345116
8313	8314	1	0.9615444
8313	8314	2	0.036326222
8315	8316	0	9.4376266E-4
8315	8316	1	0.97179025
8315	8316	2	0.027191538
8317	8318	0	0.03684789
8317	8318	1	0.40218088
8317	8318	2	0.5604926
8317	8319	0	0.034404214
8317	8319	1	0.24920401
8317	8319	2	0.7136328
8317	8320	0	0.84593767
8317	8320	1	0.0015444363
8317	8320	2	0.14948687
8318	8319	0	0.31914663
8318	8319	1	0.055248167
8318	8319	2	0.6261407
8318	8320	0	0.8838993
8318	8320	1	8.952775E-4
8318	8320	2	0.11208609
8319	8320	0	0.90403426
8319	8320	1	9.6617924E-4
8319	8320	2	0.093087904
8317	8321	0	2.5960867E-4
8317	8321	1	0.9894376
8317	8321	2	0.009646141
8317	8322	0	0.0
8317	8322	1	0.90539014
8317	8322	2	0.09090175
8318	8321	0	3.3581286E-4
8318	8321	1	0.9765457
8318	8321	2	0.020822868
8318	8322	0	0.06672394
8318	8322	1	0.37467232
8318	8322	2	0.5559629
8319	8321	0	2.351695E-4
8319	8321	1	0.9916835
8319	8321	2	0.007750241
8319	8322	0	0.040752698
8319	8322	1	0.8667938
8319	8322	2	0.087811336
8320	8321	0	4.066373E-4
8320	8321	1	0.99339455
8320	8321	2	0.0062624416
8320	8322	0	1.4725266E-4
8320	8322	1	0.98953176
8320	8322	2	0.009601285
8321	8322	0	0.91119
8321	8322	1	0.0033299797
8321	8322	2	0.083733365
8323	8324	0	0.9239959
8323	8324	1	0.0
8323	8324	2	0.0
8323	8325	0	0.49173605
8323	8325	1	0.031498987
8323	8325	2	0.39826706
8323	8326	0	0.0
8323	8326	1	0.8500119
8323	8326	2	0.041816957
8323	8327	0	0.9217506
8323	8327	1	0.0
8323	8327	2	0.0
8324	8325	0	0.0
8324	8325	1	0.9252914
8324	8325	2	0.0
8324	8326	0	0.0
8324	8326	1	0.9293107
8324	8326	2	0.0
8324	8327	0	0.7269859
8324	8327	1	0.030518482
8324	8327	2	0.15507519
8325	8326	0	5.301413E-4
8325	8326	1	0.920433
8325	8326	2	0.0034533578
8325	8327	0	0.9215755
8325	8327	1	0.0
8325	8327	2	0.0
8326	8327	0	0.9401596
8326	8327	1	0.0
8326	8327	2	2.9172451E-4
8323	8328	0	0.050587386
8323	8328	1	0.7702243
8323	8328	2	0.19385841
8323	8329	0	0.047832552
8323	8329	1	0.9042527
8323	8329	2	0.07250177
8324	8328	0	0.08325511
8324	8328	1	0.8451722
8324	8328	2	0.10285803
8324	8329	0	0.04736374
8324	8329	1	0.9199785
8324	8329	2	0.06285103
8325	8328	0	0.061810963
8325	8328	1	0.7726807
8325	8328	2	0.19926107
8325	8329	0	0.05877017
8325	8329	1	0.9106297
8325	8329	2	0.075989395
8326	8328	0	0.6370733
8326	8328	1	0.036578666
8326	8328	2	0.35959688
8326	8329	0	0.021946043
8326	8329	1	0.7592225
8326	8329	2	0.24993008
8327	8328	0	0.08975229
8327	8328	1	0.85259503
8327	8328	2	0.09601605
8327	8329	0	0.056278475
8327	8329	1	0.92933685
8327	8329	2	0.05867295
8328	8329	0	0.009266048
8328	8329	1	0.9864452
8328	8329	2	0.020255754
8328	8330	0	0.12236349
8328	8330	1	0.65666944
8328	8330	2	0.2462212
8328	8331	0	0.12299302
8328	8331	1	0.6499697
8328	8331	2	0.24396867
8329	8330	0	0.31755927
8329	8330	1	0.18366075
8329	8330	2	0.53294563
8329	8331	0	0.308897
8329	8331	1	0.21015978
8329	8331	2	0.5086172
8330	8331	0	0.31041402
8330	8331	1	0.16641365
8330	8331	2	0.3944161
8332	8333	0	0.66634256
8332	8333	1	0.027197395
8332	8333	2	0.30503127
8332	8334	0	0.0035156393
8332	8334	1	0.90842944
8332	8334	2	0.08789313
8333	8334	0	0.0011505146
8333	8334	1	0.9676502
8333	8334	2	0.031062756
8334	8335	0	0.9812767
8334	8335	1	0.0013738297
8334	8335	2	0.018620208
8335	8336	0	0.058711078
8335	8336	1	0.84988743
8335	8336	2	0.09056741
8335	8337	0	0.059359368
8335	8337	1	0.87332696
8335	8337	2	0.06558796
8335	8338	0	0.05468138
8335	8338	1	0.8268717
8335	8338	2	0.11477404
8336	8337	0	0.0033013066
8336	8337	1	0.9948926
8336	8337	2	0.0063753854
8336	8338	0	0.011463296
8336	8338	1	0.9385349
8336	8338	2	0.0677685
8337	8338	0	0.9821039
8337	8338	1	0.005485093
8337	8338	2	0.022754168
8336	8339	0	0.058423385
8336	8339	1	0.88019276
8336	8339	2	0.06296773
8337	8339	0	0.06074125
8337	8339	1	0.861535
8337	8339	2	0.079510584
8338	8339	0	0.054365374
8338	8339	1	0.8872901
8338	8339	2	0.0606067
8340	8341	0	0.929372
8340	8341	1	0.0032026
8340	8341	2	0.06734024
8340	8342	0	0.9281678
8340	8342	1	0.003301619
8340	8342	2	0.06844052
8341	8342	0	0.56966794
8341	8342	1	0.12066735
8341	8342	2	0.30958903
8343	8344	0	0.9723243
8343	8344	1	0.0013579292
8343	8344	2	0.026643675
8344	8345	0	4.216542E-4
8344	8345	1	0.9945319
8344	8345	2	0.005248432
8344	8346	0	0.059203833
8344	8346	1	0.75415
8344	8346	2	0.18494809
8344	8347	0	0.014466782
8344	8347	1	0.9583114
8344	8347	2	0.023615452
8345	8346	0	0.98435956
8345	8346	1	0.007497331
8345	8346	2	0.021142406
8345	8347	0	0.95225775
8345	8347	1	0.013234229
8345	8347	2	0.048825208
8346	8347	0	0.013245453
8346	8347	1	0.87906283
8346	8347	2	0.11754019
8345	8348	0	0.9212558
8345	8348	1	0.0030989656
8345	8348	2	0.0762743
8346	8348	0	0.054504387
8346	8348	1	0.8208551
8346	8348	2	0.1266352
8347	8348	0	0.035826266
8347	8348	1	0.4717625
8347	8348	2	0.49499413
8349	8350	0	0.0035684903
8349	8350	1	0.94213724
8349	8350	2	0.05422137
8349	8351	0	4.0016155E-4
8349	8351	1	0.992501
8349	8351	2	0.0069617685
8350	8351	0	7.279846E-4
8350	8351	1	0.98473
8350	8351	2	0.01443762
8352	8353	0	5.613682E-4
8352	8353	1	0.9934072
8352	8353	2	0.0059111286
8352	8354	0	0.8946125
8352	8354	1	0.010186414
8352	8354	2	0.095111795
8353	8354	0	0.9877204
8353	8354	1	7.015462E-4
8353	8354	2	0.011410101
8355	8356	0	0.98479193
8355	8356	1	6.393784E-4
8355	8356	2	0.014495781
8355	8357	0	4.767137E-4
8355	8357	1	0.9942006
8355	8357	2	0.005333535
8355	8358	0	4.6259823E-4
8355	8358	1	0.99430734
8355	8358	2	0.0052104294
8356	8357	0	5.250642E-4
8356	8357	1	0.99341637
8356	8357	2	0.0060976134
8356	8358	0	4.935805E-4
8356	8358	1	0.9935796
8356	8358	2	0.005971027
8357	8358	0	0.0069362354
8357	8358	1	0.96184796
8357	8358	2	0.031205112
8359	8360	0	0.81558836
8359	8360	1	0.0639423
8359	8360	2	0.1200604
8359	8361	0	0.4569533
8359	8361	1	0.03784667
8359	8361	2	0.5051935
8360	8361	0	0.055048313
8360	8361	1	0.5915179
8360	8361	2	0.35338414
8360	8362	0	0.7833897
8360	8362	1	0.06899284
8360	8362	2	0.14738296
8361	8362	0	0.88085353
8361	8362	1	0.0058319303
8361	8362	2	0.11321719
8363	8364	0	0.9801965
8363	8364	1	9.200686E-4
8363	8364	2	0.019276423
8363	8365	0	0.95530915
8363	8365	1	0.0017703148
8363	8365	2	0.042269655
8363	8366	0	0.44874948
8363	8366	1	0.041982915
8363	8366	2	0.49357545
8363	8367	0	0.15599282
8363	8367	1	0.16833805
8363	8367	2	0.65510374
8364	8365	0	0.27744776
8364	8365	1	0.29766533
8364	8365	2	0.33334553
8364	8366	0	0.0029574863
8364	8366	1	0.86383027
8364	8366	2	0.05244439
8364	8367	0	0.0
8364	8367	1	0.91110474
8364	8367	2	9.315194E-4
8365	8366	0	8.783673E-4
8365	8366	1	0.9190409
8365	8366	2	0.0048734695
8365	8367	0	0.0
8365	8367	1	0.9087229
8365	8367	2	0.0
8366	8367	0	0.11599984
8366	8367	1	0.05497372
8366	8367	2	0.7635742
8364	8368	0	0.07226549
8364	8368	1	0.87247324
8364	8368	2	0.081423275
8364	8369	0	0.09618714
8364	8369	1	0.8172223
8364	8369	2	0.110138915
8365	8368	0	0.07398893
8365	8368	1	0.87586665
8365	8368	2	0.08275845
8365	8369	0	0.09746676
8365	8369	1	0.82149017
8365	8369	2	0.10845244
8366	8368	0	0.09627865
8366	8368	1	0.82810605
8366	8368	2	0.12085668
8366	8369	0	0.13927911
8366	8369	1	0.20870663
8366	8369	2	0.663502
8367	8368	0	0.10236778
8367	8368	1	0.79752725
8367	8368	2	0.12551422
8367	8369	0	0.18152004
8367	8369	1	0.17158587
8367	8369	2	0.6549478
8368	8369	0	0.100718886
8368	8369	1	0.40018043
8368	8369	2	0.38941854
8368	8370	0	0.10172327
8368	8370	1	0.6175042
8368	8370	2	0.2937869
8368	8371	0	0.14824067
8368	8371	1	0.6943489
8368	8371	2	0.15519574
8369	8370	0	0.099228695
8369	8370	1	0.72654957
8369	8370	2	0.19577278
8369	8371	0	0.1166726
8369	8371	1	0.7726889
8369	8371	2	0.12159992
8370	8371	0	0.087972164
8370	8371	1	0.943147
8370	8371	2	0.091016196
8370	8372	0	0.991095
8370	8372	1	0.0050324197
8370	8372	2	0.013928564
8370	8373	0	0.99100894
8370	8373	1	0.0049275886
8370	8373	2	0.013803455
8371	8372	0	0.99438274
8371	8372	1	0.0035944723
8371	8372	2	0.007567305
8371	8373	0	0.9954618
8371	8373	1	0.003672993
8371	8373	2	0.00806196
8372	8374	0	0.12504546
8372	8374	1	0.74481833
8372	8374	2	0.14856319
8373	8374	0	0.12446947
8373	8374	1	0.7431727
8373	8374	2	0.14786741
8374	8375	0	0.4918996
8374	8375	1	0.13536854
8374	8375	2	0.41313544
8374	8376	0	0.13223195
8374	8376	1	0.72746587
8374	8376	2	0.14298636
8374	8377	0	0.13245907
8374	8377	1	0.7254413
8374	8377	2	0.14202517
8374	8378	0	0.10584648
8374	8378	1	0.7987515
8374	8378	2	0.11114447
8375	8376	0	0.022325348
8375	8376	1	0.8946005
8375	8376	2	0.04720747
8375	8377	0	0.060506683
8375	8377	1	0.8988621
8375	8377	2	0.07945918
8375	8378	0	0.08483934
8375	8378	1	0.92486024
8375	8378	2	0.08904472
8376	8377	0	0.07833547
8376	8377	1	0.5333387
8376	8377	2	0.37051508
8376	8378	0	0.044858094
8376	8378	1	0.9065088
8376	8378	2	0.05572601
8377	8378	0	0.028445836
8377	8378	1	0.90879375
8377	8378	2	0.04031082
8375	8379	0	0.07508151
8375	8379	1	0.9006509
8375	8379	2	0.0839693
8375	8380	0	0.6993041
8375	8380	1	0.06830201
8375	8380	2	0.27355504
8375	8381	0	0.0592337
8375	8381	1	0.8873075
8375	8381	2	0.07577988
8376	8379	0	0.093068644
8376	8379	1	0.8305286
8376	8379	2	0.11937722
8376	8380	0	0.96123594
8376	8380	1	0.022835176
8376	8380	2	0.035818618
8376	8381	0	0.091101654
8376	8381	1	0.796286
8376	8381	2	0.12878104
8377	8379	0	0.09227874
8377	8379	1	0.82768714
8377	8379	2	0.12417651
8377	8380	0	0.9636829
8377	8380	1	0.02338012
8377	8380	2	0.034404084
8377	8381	0	0.093007736
8377	8381	1	0.8066261
8377	8381	2	0.11358918
8378	8379	0	0.8317654
8378	8379	1	0.111357994
8378	8379	2	0.12647258
8378	8380	0	0.98298025
8378	8380	1	0.0040970705
8378	8380	2	0.0059720473
8378	8381	0	0.28084272
8378	8381	1	0.22367752
8378	8381	2	0.53144765
8379	8380	0	0.9283628
8379	8380	1	0.06943633
8379	8380	2	0.07939118
8379	8381	0	0.1255684
8379	8381	1	0.47182235
8379	8381	2	0.39628714
8380	8381	0	0.08932387
8380	8381	1	0.94416976
8380	8381	2	0.10398177
8379	8382	0	0.11592497
8379	8382	1	0.6989279
8379	8382	2	0.12220701
8379	8383	0	0.82960117
8379	8383	1	0.06863214
8379	8383	2	0.08372943
8380	8382	0	0.0
8380	8382	1	0.92113125
8380	8382	2	0.0
8380	8383	0	0.10661001
8380	8383	1	0.68500304
8380	8383	2	0.20876494
8381	8382	0	0.122080624
8381	8382	1	0.72271144
8381	8382	2	0.13439757
8381	8383	0	0.882107
8381	8383	1	0.00434005
8381	8383	2	0.061130565
8382	8383	0	0.9409331
8382	8383	1	0.12169361
8382	8383	2	0.123338126
8382	8384	0	0.97928286
8382	8384	1	0.00457646
8382	8384	2	0.007987042
8382	8385	0	0.95998156
8382	8385	1	0.005566573
8382	8385	2	0.015680464
8383	8386	0	0.066938065
8383	8386	1	0.8956897
8383	8386	2	0.06791321
8383	8384	0	0.073431514
8383	8384	1	0.62455326
8383	8384	2	0.32765096
8383	8385	0	0.10305636
8383	8385	1	0.7932458
8383	8385	2	0.12500197
8386	8384	0	0.90246105
8386	8384	1	0.0
8386	8384	2	0.0
8386	8385	0	0.89258385
8386	8385	1	0.0
8386	8385	2	0.0
8384	8385	0	0.0
8384	8385	1	0.8630754
8384	8385	2	0.031507473
8384	8387	0	0.027316859
8384	8387	1	0.9302462
8384	8387	2	0.03218279
8385	8387	0	0.059219193
8385	8387	1	0.86608684
8385	8387	2	0.067109756
8388	8389	0	0.006855195
8388	8389	1	0.88637197
8388	8389	2	0.10668974
8390	8391	0	0.06442315
8390	8391	1	0.8107668
8390	8391	2	0.119089454
8392	8391	0	0.024514489
8392	8391	1	0.9294995
8392	8391	2	0.07200097
8391	8393	0	0.52571356
8391	8393	1	0.042049754
8391	8393	2	0.44202438
8392	8394	0	0.056462485
8392	8394	1	0.90819967
8392	8394	2	0.077731475
8391	8394	0	0.08499633
8391	8394	1	0.79565156
8391	8394	2	0.1155687
8393	8394	0	0.055432122
8393	8394	1	0.90677756
8393	8394	2	0.073888056
8394	8395	0	0.10507805
8394	8395	1	0.62821037
8394	8395	2	0.24724044
8395	8396	0	0.979201
8395	8396	1	8.4931054E-4
8395	8396	2	0.019876597
8397	8398	0	0.053079758
8397	8398	1	0.5593669
8397	8398	2	0.387675
8397	8399	0	0.10421701
8397	8399	1	0.44382384
8397	8399	2	0.44840863
8398	8399	0	0.14781244
8398	8399	1	0.46881348
8398	8399	2	0.4146193
8398	8400	0	0.031554084
8398	8400	1	0.7496707
8398	8400	2	0.21410869
8398	8401	0	0.033941206
8398	8401	1	0.63111395
8398	8401	2	0.327982
8398	8402	0	0.0372554
8398	8402	1	0.7128632
8398	8402	2	0.24561098
8399	8400	0	0.027311817
8399	8400	1	0.90385956
8399	8400	2	0.06410027
8399	8401	0	0.038731076
8399	8401	1	0.87065655
8399	8401	2	0.08889815
8399	8402	0	0.03708585
8399	8402	1	0.8915756
8399	8402	2	0.07005363
8400	8401	0	0.034592666
8400	8401	1	0.50588405
8400	8401	2	0.4376565
8400	8402	0	0.02589494
8400	8402	1	0.57009345
8400	8402	2	0.35908866
8401	8402	0	0.020684103
8401	8402	1	0.8158306
8401	8402	2	0.12645112
8400	8403	0	0.061653342
8400	8403	1	0.59676087
8400	8403	2	0.33728492
8401	8403	0	0.06035648
8401	8403	1	0.68045014
8401	8403	2	0.24833877
8402	8403	0	0.07409927
8402	8403	1	0.6527638
8402	8403	2	0.26704592
8403	8404	0	0.28543764
8403	8404	1	0.12421595
8403	8404	2	0.5905939
8405	8406	0	6.3378207E-4
8405	8406	1	0.9874516
8405	8406	2	0.0119592715
8405	8407	0	5.752264E-4
8405	8407	1	0.9873796
8405	8407	2	0.011926717
8407	8408	0	0.98164916
8407	8408	1	0.0012304905
8407	8408	2	0.0172517
8408	8409	0	0.002441921
8408	8409	1	0.9846702
8408	8409	2	0.008824906
8408	8410	0	0.112680815
8408	8410	1	0.7464192
8408	8410	2	0.13141128
8409	8410	0	0.942608
8409	8410	1	9.447434E-4
8409	8410	2	0.0040340633
8409	8411	0	0.48224697
8409	8411	1	0.08325514
8409	8411	2	0.42354915
8409	8412	0	0.7573556
8409	8412	1	0.1294412
8409	8412	2	0.16004778
8409	8413	0	0.95405585
8409	8413	1	0.0023282974
8409	8413	2	0.04484826
8410	8411	0	0.07796389
8410	8411	1	0.7904597
8410	8411	2	0.112000845
8410	8412	0	0.069871135
8410	8412	1	0.8588327
8410	8412	2	0.0973326
8410	8413	0	0.07208323
8410	8413	1	0.6238893
8410	8413	2	0.2915264
8411	8412	0	0.06586498
8411	8412	1	0.85668415
8411	8412	2	0.10537821
8411	8413	0	0.8431022
8411	8413	1	0.008224088
8411	8413	2	0.046618994
8412	8413	0	0.72223085
8412	8413	1	0.08534302
8412	8413	2	0.21392943
8411	8414	0	0.11965224
8411	8414	1	0.73329616
8411	8414	2	0.16004598
8413	8414	0	0.10695966
8413	8414	1	0.78496325
8413	8414	2	0.11661365
8414	8415	0	0.087448776
8414	8415	1	0.79884154
8414	8415	2	0.09625852
8414	8416	0	0.4520501
8414	8416	1	0.24126658
8414	8416	2	0.30532396
8414	8417	0	0.08586971
8414	8417	1	0.7527551
8414	8417	2	0.14957127
8415	8416	0	0.9776011
8415	8416	1	0.008333694
8415	8416	2	0.016284622
8415	8417	0	0.9503226
8415	8417	1	0.011597295
8415	8417	2	0.040144913
8416	8417	0	0.02387189
8416	8417	1	0.9199715
8416	8417	2	0.07886342
8418	8419	0	0.095036894
8418	8419	1	0.5753892
8418	8419	2	0.32892528
8418	8420	0	0.2857886
8418	8420	1	0.26816934
8418	8420	2	0.44562408
8418	8421	0	0.06850998
8418	8421	1	0.843231
8418	8421	2	0.08120841
8419	8420	0	0.9411475
8419	8420	1	0.0025188073
8419	8420	2	0.054661833
8419	8421	0	1.9384247E-4
8419	8421	1	0.9869346
8419	8421	2	0.0119061135
8420	8421	0	1.9840008E-4
8420	8421	1	0.9865459
8420	8421	2	0.012267502
8419	8422	0	0.020901568
8419	8422	1	0.94500875
8419	8422	2	0.027820976
8419	8423	0	0.6735403
8419	8423	1	0.07114867
8419	8423	2	0.2545061
8420	8422	0	2.1977085E-4
8420	8422	1	0.99184716
8420	8422	2	0.0076730554
8420	8423	0	0.2865957
8420	8423	1	0.310748
8420	8423	2	0.40196788
8421	8422	0	0.07037347
8421	8422	1	0.8214301
8421	8422	2	0.10592476
8421	8423	0	0.93271685
8421	8423	1	0.0038477506
8421	8423	2	0.060134415
8422	8423	0	0.9720256
8422	8423	1	0.007279634
8422	8423	2	0.03327862
8424	8425	0	0.99243295
8424	8425	1	5.610132E-4
8424	8425	2	0.007040457
8424	8426	0	0.4436434
8424	8426	1	0.060463652
8424	8426	2	0.49608162
8425	8426	0	0.002687308
8425	8426	1	0.97835964
8425	8426	2	0.0049722013
8425	8427	0	0.03198911
8425	8427	1	0.92228675
8425	8427	2	0.03691644
8426	8427	0	0.039709218
8426	8427	1	0.8896485
8426	8427	2	0.06619848
8427	8428	0	0.99002135
8427	8428	1	0.0
8427	8428	2	0.0058997073
8427	8429	0	0.10009097
8427	8429	1	0.5641598
8427	8429	2	0.33159992
8428	8429	0	0.0
8428	8429	1	0.9019424
8428	8429	2	0.0
8428	8430	0	4.617448E-4
8428	8430	1	0.994226
8428	8430	2	0.0058365767
8429	8430	0	0.2364183
8429	8430	1	0.26500618
8429	8430	2	0.49780235
8430	8431	0	0.9411165
8430	8431	1	0.02554403
8430	8431	2	0.031447593
8430	8432	0	0.78417283
8430	8432	1	0.07208395
8430	8432	2	0.14256617
8431	8432	0	0.0
8431	8432	1	0.9083435
8431	8432	2	0.0
8431	8433	0	0.043277755
8431	8433	1	0.89509183
8431	8433	2	0.055476077
8431	8434	0	0.25056848
8431	8434	1	0.4162896
8431	8434	2	0.32464752
8431	8435	0	0.002195522
8431	8435	1	0.98552245
8431	8435	2	0.017041085
8432	8433	0	0.021077592
8432	8433	1	0.77343786
8432	8433	2	0.19888705
8432	8434	0	0.84249514
8432	8434	1	0.06651231
8432	8434	2	0.08339199
8432	8435	0	0.0052255224
8432	8435	1	0.83596265
8432	8435	2	0.15608469
8433	8434	0	0.8549962
8433	8434	1	0.02218816
8433	8434	2	0.14730696
8433	8435	0	0.010740591
8433	8435	1	0.9802737
8433	8435	2	0.027481398
8434	8435	0	0.006349017
8434	8435	1	0.9885177
8434	8435	2	0.012788989
8433	8436	0	0.078862585
8433	8436	1	0.6299941
8433	8436	2	0.29181075
8434	8436	0	0.005698253
8434	8436	1	0.8920958
8434	8436	2	0.09944382
8435	8436	0	0.94920176
8435	8436	1	0.0018737358
8435	8436	2	0.048383046
8437	8438	0	0.992815
8437	8438	1	0.0018180461
8437	8438	2	0.009109948
8437	8439	0	0.04035665
8437	8439	1	0.57765883
8437	8439	2	0.38265422
8437	8440	0	0.98234755
8437	8440	1	8.394684E-4
8437	8440	2	0.016826054
8438	8439	0	0.025572747
8438	8439	1	0.94218343
8438	8439	2	0.033808745
8438	8440	0	0.06953244
8438	8440	1	0.83154905
8438	8440	2	0.10064209
8439	8440	0	0.99028707
8439	8440	1	0.00502869
8439	8440	2	0.014759088
8439	8441	0	0.34446344
8439	8441	1	0.06685059
8439	8441	2	0.5862679
8440	8441	0	0.08371824
8440	8441	1	0.82611006
8440	8441	2	0.091044135
8441	8442	0	0.097261645
8441	8442	1	0.5744909
8441	8442	2	0.3327209
8442	8443	0	0.038009
8442	8443	1	0.9199754
8442	8443	2	0.042867042
8442	8444	0	0.03972276
8442	8444	1	0.89834005
8442	8444	2	0.06437067
8443	8444	0	0.8773247
8443	8444	1	0.0
8443	8444	2	0.0028198904
8443	8445	0	0.7158547
8443	8445	1	0.104139
8443	8445	2	0.15380558
8444	8445	0	0.2179867
8444	8445	1	0.31558892
8444	8445	2	0.45638907
8445	8446	0	0.7429133
8445	8446	1	0.1366911
8445	8446	2	0.14269005
8445	8447	0	0.76922345
8445	8447	1	0.11561249
8445	8447	2	0.13287026
8445	8448	0	0.8866788
8445	8448	1	0.06811473
8445	8448	2	0.07655141
8446	8447	0	0.437287
8446	8447	1	0.2916244
8446	8447	2	0.38688836
8446	8448	0	0.94172776
8446	8448	1	0.16657455
8446	8448	2	0.16924556
8447	8448	0	0.94106364
8447	8448	1	0.14523631
8447	8448	2	0.146051
8446	8449	0	0.05495075
8446	8449	1	0.88117516
8446	8449	2	0.07326188
8446	8450	0	0.05332629
8446	8450	1	0.8948314
8446	8450	2	0.065470286
8446	8451	0	0.8595427
8446	8451	1	0.054396484
8446	8451	2	0.08860174
8446	8452	0	0.87074125
8446	8452	1	0.043072898
8446	8452	2	0.05386914
8447	8449	0	0.060829245
8447	8449	1	0.88727236
8447	8449	2	0.06902042
8447	8450	0	0.051799845
8447	8450	1	0.8951588
8447	8450	2	0.057342436
8447	8451	0	0.78783226
8447	8451	1	0.061499383
8447	8451	2	0.15619746
8447	8452	0	0.83492184
8447	8452	1	0.049604278
8447	8452	2	0.098268226
8448	8449	0	0.05448411
8448	8449	1	0.9142211
8448	8449	2	0.057821166
8448	8450	0	0.048110418
8448	8450	1	0.9216781
8448	8450	2	0.05185653
8448	8451	0	0.11398799
8448	8451	1	0.660639
8448	8451	2	0.2452999
8448	8452	0	0.13835602
8448	8452	1	0.6041346
8448	8452	2	0.2696704
8449	8450	0	0.001430486
8449	8450	1	0.88977724
8449	8450	2	0.029110609
8449	8451	0	0.8905987
8449	8451	1	0.013803424
8449	8451	2	0.035755347
8449	8452	0	0.9102717
8449	8452	1	0.043168522
8449	8452	2	0.055350363
8450	8451	0	0.8999663
8450	8451	1	0.00961773
8450	8451	2	0.03670654
8450	8452	0	0.9237631
8450	8452	1	0.04048916
8450	8452	2	0.052880418
8451	8452	0	0.81907177
8451	8452	1	0.0065767453
8451	8452	2	0.08561367
8449	8453	0	0.13103434
8449	8453	1	0.7001485
8449	8453	2	0.13749357
8449	8454	0	0.4143195
8449	8454	1	0.08030767
8449	8454	2	0.4785921
8449	8455	0	0.330749
8449	8455	1	0.16299124
8449	8455	2	0.4617387
8450	8453	0	0.13794202
8450	8453	1	0.6988769
8450	8453	2	0.1597885
8450	8454	0	0.82781404
8450	8454	1	0.0054536527
8450	8454	2	0.107101776
8450	8455	0	0.8277131
8450	8455	1	0.007899027
8450	8455	2	0.10899555
8451	8453	0	0.024675766
8451	8453	1	0.9316768
8451	8453	2	0.030721735
8451	8454	0	0.07597615
8451	8454	1	0.7880418
8451	8454	2	0.12753327
8451	8455	0	0.077932075
8451	8455	1	0.792525
8451	8455	2	0.10372937
8452	8453	0	0.011973632
8452	8453	1	0.9470905
8452	8453	2	0.010048279
8452	8454	0	0.076916225
8452	8454	1	0.81617177
8452	8454	2	0.106846996
8452	8455	0	0.075529195
8452	8455	1	0.81905127
8452	8455	2	0.09446828
8453	8454	0	0.9397406
8453	8454	1	0.21331175
8453	8454	2	0.20807381
8453	8455	0	0.9366454
8453	8455	1	0.2351085
8453	8455	2	0.23106197
8454	8455	0	0.53916204
8454	8455	1	0.40848586
8454	8455	2	0.46422628
8453	8456	0	0.9132237
8453	8456	1	0.0073140953
8453	8456	2	0.01975966
8453	8457	0	0.68967116
8453	8457	1	0.06682492
8453	8457	2	0.21712092
8454	8456	0	0.14192326
8454	8456	1	0.7065724
8454	8456	2	0.16430007
8454	8457	0	0.13751484
8454	8457	1	0.7100591
8454	8457	2	0.15153837
8455	8456	0	0.14924166
8455	8456	1	0.7048913
8455	8456	2	0.16861074
8455	8457	0	0.14768825
8455	8457	1	0.7071703
8455	8457	2	0.15632206
8456	8457	0	0.05176394
8456	8457	1	0.8868426
8456	8457	2	0.08835129
8456	8458	0	0.07494537
8456	8458	1	0.8503374
8456	8458	2	0.08124009
8456	8459	0	0.079503335
8456	8459	1	0.8493976
8456	8459	2	0.085978284
8456	8460	0	0.50639945
8456	8460	1	0.18579562
8456	8460	2	0.32255676
8457	8458	0	0.07693533
8457	8458	1	0.8455426
8457	8458	2	0.086941525
8457	8459	0	0.07859706
8457	8459	1	0.8398547
8457	8459	2	0.0946753
8457	8460	0	0.8627531
8457	8460	1	0.057280067
8457	8460	2	0.089613594
8458	8459	0	0.0
8458	8459	1	0.81969786
8458	8459	2	0.07178664
8458	8460	0	0.90727204
8458	8460	1	0.0
8458	8460	2	0.0
8459	8460	0	0.92489386
8459	8460	1	0.0
8459	8460	2	0.0
8461	8462	0	0.0
8461	8462	1	0.8602382
8461	8462	2	0.020753758
8461	8463	0	0.10491114
8461	8463	1	0.7660897
8461	8463	2	0.15297824
8461	8464	0	0.96637803
8461	8464	1	0.015366739
8461	8464	2	0.044386342
8461	8465	0	0.03392072
8461	8465	1	0.9406551
8461	8465	2	0.04008128
8461	8466	0	0.21096256
8461	8466	1	0.2878105
8461	8466	2	0.51240194
8462	8463	0	0.10491354
8462	8463	1	0.75842875
8462	8463	2	0.14411843
8462	8464	0	0.98897666
8462	8464	1	0.0093438905
8462	8464	2	0.01747719
8462	8465	0	0.039649528
8462	8465	1	0.93615764
8462	8465	2	0.041837636
8462	8466	0	0.47621033
8462	8466	1	0.15453331
8462	8466	2	0.40181884
8463	8464	0	0.95747244
8463	8464	1	0.0026741682
8463	8464	2	0.0049092113
8463	8465	0	0.0
8463	8465	1	0.9471885
8463	8465	2	3.8855223E-4
8463	8466	0	0.17696959
8463	8466	1	0.36443737
8463	8466	2	0.43883196
8464	8465	0	0.0
8464	8465	1	0.95523363
8464	8465	2	0.0
8464	8466	0	0.0040469537
8464	8466	1	0.9243695
8464	8466	2	0.013882816
8465	8466	0	0.95485204
8465	8466	1	0.002033998
8465	8466	2	0.0038518123
8463	8467	0	0.9660458
8463	8467	1	0.015699837
8463	8467	2	0.0326718
8463	8468	0	0.097800106
8463	8468	1	0.81123126
8463	8468	2	0.10390145
8463	8469	0	0.097716905
8463	8469	1	0.79384017
8463	8469	2	0.119258866
8464	8467	0	0.101583555
8464	8467	1	0.6974782
8464	8467	2	0.24380976
8464	8468	0	0.0025659108
8464	8468	1	0.97553444
8464	8468	2	0.005334221
8464	8469	0	0.0012443422
8464	8469	1	0.9670514
8464	8469	2	0.004295386
8465	8467	0	0.9891226
8465	8467	1	0.013294577
8465	8467	2	0.01506071
8465	8468	0	0.12548989
8465	8468	1	0.5804922
8465	8468	2	0.33597663
8465	8469	0	0.26092586
8465	8469	1	0.24607964
8465	8469	2	0.514051
8466	8467	0	0.92030823
8466	8467	1	0.04878072
8466	8467	2	0.07787359
8466	8468	0	0.01830398
8466	8468	1	0.9639246
8466	8468	2	0.018877205
8466	8469	0	0.019718504
8466	8469	1	0.9539843
8466	8469	2	0.028588468
8467	8468	0	0.0
8467	8468	1	0.9219052
8467	8468	2	0.014454586
8467	8469	0	0.0
8467	8469	1	0.9082732
8467	8469	2	0.0
8468	8469	0	0.0
8468	8469	1	0.5721988
8468	8469	2	0.27041647
8467	8470	0	0.08397256
8467	8470	1	0.7764895
8467	8470	2	0.1522543
8468	8470	0	0.80482554
8468	8470	1	0.019129282
8468	8470	2	0.20267977
8469	8470	0	0.7171908
8469	8470	1	0.023240829
8469	8470	2	0.2847435
8470	8471	0	0.09220964
8470	8471	1	0.77157915
8470	8471	2	0.13198149
8471	8472	0	0.11180069
8471	8472	1	0.74998504
8471	8472	2	0.14210045
8472	8473	0	0.06752686
8472	8473	1	0.8599928
8472	8473	2	0.07916099
8472	8474	0	0.9566423
8472	8474	1	4.235554E-4
8472	8474	2	0.039508518
8473	8474	0	0.9658147
8473	8474	1	0.0054558646
8473	8474	2	0.010451762
8473	8475	0	0.95595247
8473	8475	1	0.0017393642
8473	8475	2	0.03916199
8474	8475	0	0.07089579
8474	8475	1	0.8002607
8474	8475	2	0.12786941
8474	8476	0	0.06552669
8474	8476	1	0.8636316
8474	8476	2	0.069637984
8475	8476	0	0.0053219497
8475	8476	1	0.9920847
8475	8476	2	0.012156044
8475	8477	0	0.060162693
8475	8477	1	0.875384
8475	8477	2	0.06528046
8476	8477	0	0.07273311
8476	8477	1	0.83007145
8476	8477	2	0.09261919
8478	8479	0	0.002831313
8478	8479	1	0.9685253
8478	8479	2	0.029077107
8478	8480	0	0.021566374
8478	8480	1	0.9389588
8478	8480	2	0.04115439
8478	8481	0	0.992233
8478	8481	1	3.5361973E-5
8478	8481	2	0.006767219
8479	8480	0	0.04427635
8479	8480	1	0.7667693
8479	8480	2	0.19237842
8479	8481	0	0.99167746
8479	8481	1	0.0036252781
8479	8481	2	0.0122759305
8480	8481	0	0.993538
8480	8481	1	0.0043582534
8480	8481	2	0.010683234
8479	8482	0	0.48785186
8479	8482	1	0.17858778
8479	8482	2	0.32496712
8480	8482	0	0.16192204
8480	8482	1	0.47437838
8480	8482	2	0.36298683
8481	8482	0	1.871617E-4
8481	8482	1	0.9935161
8481	8482	2	0.005752924
8482	8483	0	0.7762467
8482	8483	1	0.07672544
8482	8483	2	0.145852
8483	8484	0	0.84862494
8483	8484	1	0.0680217
8483	8484	2	0.08409837
8484	8485	0	4.2473347E-4
8484	8485	1	0.9950566
8484	8485	2	0.004634273
8484	8486	0	3.9063086E-4
8484	8486	1	0.9936476
8484	8486	2	0.006299315
8485	8486	0	0.061883904
8485	8486	1	0.6900365
8485	8486	2	0.25871652
8485	8487	0	0.9906604
8485	8487	1	1.3141052E-4
8485	8487	2	0.008531998
8485	8488	0	0.9842912
8485	8488	1	2.1680832E-4
8485	8488	2	0.01388839
8486	8487	0	0.96637017
8486	8487	1	1.4844282E-4
8486	8487	2	0.031606942
8486	8488	0	0.8625215
8486	8488	1	0.006836635
8486	8488	2	0.1278275
8487	8488	0	0.0023802163
8487	8488	1	0.7538796
8487	8488	2	0.13076372
8487	8489	0	0.00689139
8487	8489	1	0.9810886
8487	8489	2	0.012438527
8488	8489	0	0.006520744
8488	8489	1	0.97979915
8488	8489	2	0.011647105
8489	8490	0	0.99144894
8489	8490	1	1.537209E-4
8489	8490	2	0.00770089
8489	8491	0	0.25561333
8489	8491	1	0.3725561
8489	8491	2	0.36733282
8490	8491	0	0.0021030759
8490	8491	1	0.9828774
8490	8491	2	0.0037136802
8490	8492	0	0.014304377
8490	8492	1	0.83138853
8490	8492	2	0.15380928
8491	8492	0	0.9813096
8491	8492	1	0.0041398522
8491	8492	2	0.014563036
8493	8494	0	0.0
8493	8494	1	0.898516
8493	8494	2	0.0
8493	8495	0	0.0
8493	8495	1	0.9078594
8493	8495	2	0.0
8494	8495	0	0.0
8494	8495	1	0.89090073
8494	8495	2	0.0
8493	8496	0	0.1307295
8493	8496	1	0.7008423
8493	8496	2	0.19019188
8494	8496	0	0.065726176
8494	8496	1	0.57818025
8494	8496	2	0.38054618
8495	8496	0	0.6671009
8495	8496	1	0.021006085
8495	8496	2	0.3196909
8496	8497	0	0.5277351
8496	8497	1	0.1524242
8496	8497	2	0.34326303
8496	8498	0	0.06649617
8496	8498	1	0.75101924
8496	8498	2	0.2142304
8496	8499	0	0.07844266
8496	8499	1	0.7776697
8496	8499	2	0.17373806
8496	8500	0	0.08672946
8496	8500	1	0.84202284
8496	8500	2	0.10578646
8497	8498	0	0.1686593
8497	8498	1	0.9065257
8497	8498	2	0.18987164
8497	8499	0	0.17668499
8497	8499	1	0.92810607
8497	8499	2	0.19277611
8497	8500	0	0.19143009
8497	8500	1	0.9331359
8497	8500	2	0.20099096
8498	8499	0	0.18931429
8498	8499	1	0.9055316
8498	8499	2	0.2123836
8498	8500	0	0.18860827
8498	8500	1	0.9394776
8498	8500	2	0.19328585
8499	8500	0	0.16699088
8499	8500	1	0.9344224
8499	8500	2	0.16809009
8497	8501	0	0.14141686
8497	8501	1	0.7207448
8497	8501	2	0.16571769
8498	8501	0	0.12467931
8498	8501	1	0.66972387
8498	8501	2	0.23098645
8499	8501	0	0.12688279
8499	8501	1	0.65657115
8499	8501	2	0.24340664
8500	8501	0	0.6100212
8500	8501	1	0.076703176
8500	8501	2	0.33746648
8501	8502	0	0.11429071
8501	8502	1	0.79687876
8501	8502	2	0.11655851
8501	8503	0	0.11439364
8501	8503	1	0.7943864
8501	8503	2	0.11783484
8501	8504	0	0.11041563
8501	8504	1	0.78645706
8501	8504	2	0.12209393
8502	8503	0	0.0
8502	8503	1	0.486618
8502	8503	2	0.33179593
8502	8504	0	0.82875884
8502	8504	1	0.0
8502	8504	2	0.047161646
8503	8504	0	0.7306144
8503	8504	1	0.0
8503	8504	2	0.117105655
8505	8506	0	0.09203516
8505	8506	1	0.7451202
8505	8506	2	0.163495
8506	8507	0	0.101328336
8506	8507	1	0.7748714
8506	8507	2	0.124274924
8506	8508	0	0.10062687
8506	8508	1	0.78978044
8506	8508	2	0.110017434
8507	8508	0	0.006190083
8507	8508	1	0.9797545
8507	8508	2	0.011006749
8507	8509	0	0.05761518
8507	8509	1	0.87497956
8507	8509	2	0.067931175
8508	8509	0	0.05769779
8508	8509	1	0.84953177
8508	8509	2	0.09390006
8509	8510	0	0.98232627
8509	8510	1	0.0020566657
8509	8510	2	0.017951876
8510	8511	0	0.027643243
8510	8511	1	0.9148376
8510	8511	2	0.036886346
8510	8512	0	0.0521051
8510	8512	1	0.81627136
8510	8512	2	0.11389286
8510	8513	0	0.07315991
8510	8513	1	0.6193721
8510	8513	2	0.28668982
8511	8512	0	0.88984543
8511	8512	1	0.0
8511	8512	2	0.008553235
8511	8513	0	0.8936071
8511	8513	1	0.0101402
8511	8513	2	0.020887755
8512	8513	0	0.8494076
8512	8513	1	0.031671595
8512	8513	2	0.07145527
8511	8514	0	0.15330163
8511	8514	1	0.6853904
8511	8514	2	0.16741939
8511	8515	0	0.98107916
8511	8515	1	0.006723319
8511	8515	2	0.017371194
8512	8514	0	0.07813047
8512	8514	1	0.83444357
8512	8514	2	0.08348803
8512	8515	0	0.21285176
8512	8515	1	0.37919694
8512	8515	2	0.43024
8513	8514	0	0.050334558
8513	8514	1	0.9014712
8513	8514	2	0.05492078
8513	8515	0	0.16751489
8513	8515	1	0.5117503
8513	8515	2	0.36241284
8514	8515	0	0.92288536
8514	8515	1	0.0
8514	8515	2	0.0
8514	8516	0	0.19901069
8514	8516	1	0.6133085
8514	8516	2	0.23519924
8514	8517	0	0.9675458
8514	8517	1	0.004645039
8514	8517	2	0.011880975
8515	8516	0	0.06137781
8515	8516	1	0.88844174
8515	8516	2	0.06407583
8515	8518	0	0.05400532
8515	8518	1	0.9067754
8515	8518	2	0.05655249
8515	8517	0	0.055245385
8515	8517	1	0.75875986
8515	8517	2	0.21737859
8516	8518	0	0.036530014
8516	8518	1	0.81067264
8516	8518	2	0.066499144
8516	8517	0	0.9026046
8516	8517	1	0.014706856
8516	8517	2	0.027770922
8518	8517	0	0.8995278
8518	8517	1	0.029963525
8518	8517	2	0.04480586
8516	8519	0	0.10538965
8516	8519	1	0.75330603
8516	8519	2	0.13277113
8518	8519	0	0.1801263
8518	8519	1	0.6413322
8518	8519	2	0.1992319
8517	8519	0	0.08474717
8517	8519	1	0.8141894
8517	8519	2	0.09269371
8519	8520	0	0.119894795
8519	8520	1	0.7588991
8519	8520	2	0.12413442
8521	8522	0	0.076876216
8521	8522	1	0.65670973
8521	8522	2	0.26517674
8521	8523	0	0.4153372
8521	8523	1	0.23011048
8521	8523	2	0.35347185
8522	8523	0	0.980365
8522	8523	1	0.011862354
8522	8523	2	0.023151528
8522	8524	0	0.062089894
8522	8524	1	0.70244247
8522	8524	2	0.22430737
8522	8525	0	0.058472138
8522	8525	1	0.7875908
8522	8525	2	0.14227583
8522	8526	0	0.07036992
8522	8526	1	0.8266396
8522	8526	2	0.099078275
8523	8524	0	0.0411009
8523	8524	1	0.88343406
8523	8524	2	0.06425784
8523	8525	0	0.03836389
8523	8525	1	0.89614385
8523	8525	2	0.054399785
8523	8526	0	0.038225725
8523	8526	1	0.9060408
8523	8526	2	0.049079254
8524	8525	0	0.0
8524	8525	1	0.87565327
8524	8525	2	0.018336738
8524	8526	0	0.021785853
8524	8526	1	0.89807403
8524	8526	2	0.03984128
8525	8526	0	0.0
8525	8526	1	0.84331924
8525	8526	2	0.04685748
8524	8527	0	0.123830065
8524	8527	1	0.75042754
8524	8527	2	0.13521223
8525	8527	0	0.12651
8525	8527	1	0.7323207
8525	8527	2	0.14251672
8526	8527	0	0.11823145
8526	8527	1	0.71424145
8526	8527	2	0.1641322
8527	8528	0	0.13804121
8527	8528	1	0.73802114
8527	8528	2	0.1402089
8527	8529	0	0.123330325
8527	8529	1	0.65661585
8527	8529	2	0.22821443
8527	8530	0	0.14146131
8527	8530	1	0.69205385
8527	8530	2	0.17053601
8528	8529	0	0.9473157
8528	8529	1	0.18478793
8528	8529	2	0.1797703
8528	8530	0	0.9215228
8528	8530	1	0.20116988
8528	8530	2	0.21093827
8529	8530	0	0.20274103
8529	8530	1	0.9179142
8529	8530	2	0.2153894
8528	8531	0	0.8929759
8528	8531	1	0.045395408
8528	8531	2	0.052465107
8528	8532	0	0.04782007
8528	8532	1	0.8995926
8528	8532	2	0.059933044
8529	8533	0	0.046642214
8529	8533	1	0.9293469
8529	8533	2	0.04886757
8529	8531	0	0.5442638
8529	8531	1	0.18049303
8529	8531	2	0.3245033
8529	8532	0	0.032700833
8529	8532	1	0.9412515
8529	8532	2	0.037542745
8530	8533	0	0.056877285
8530	8533	1	0.91553575
8530	8533	2	0.057746623
8530	8531	0	0.8478768
8530	8531	1	0.056886196
8530	8531	2	0.12908804
8530	8532	0	0.04086025
8530	8532	1	0.9270566
8530	8532	2	0.045575645
8533	8531	0	0.9094868
8533	8531	1	0.0
8533	8531	2	0.0
8533	8532	0	0.0
8533	8532	1	0.89320636
8533	8532	2	0.0
8531	8532	0	0.0
8531	8532	1	0.90878445
8531	8532	2	0.0
8533	8534	0	0.9490831
8533	8534	1	0.0010501393
8533	8534	2	0.0024257458
8533	8535	0	0.9166366
8533	8535	1	0.005836478
8533	8535	2	0.010873504
8533	8536	0	0.85279393
8533	8536	1	0.041697703
8533	8536	2	0.05198531
8531	8534	0	0.64382094
8531	8534	1	0.15297243
8531	8534	2	0.23042752
8531	8535	0	0.12487535
8531	8535	1	0.58005023
8531	8535	2	0.34068546
8531	8536	0	0.01128702
8531	8536	1	0.9522311
8531	8536	2	0.036633298
8532	8534	0	0.97861993
8532	8534	1	0.01295227
8532	8534	2	0.014160148
8532	8535	0	0.9467251
8532	8535	1	0.031207187
8532	8535	2	0.043423325
8532	8536	0	0.861935
8532	8536	1	0.05939394
8532	8536	2	0.097496465
8534	8535	0	0.0
8534	8535	1	0.873994
8534	8535	2	0.0044384915
8534	8536	0	0.0
8534	8536	1	0.90127087
8534	8536	2	0.0
8535	8536	0	0.0
8535	8536	1	0.85010827
8535	8536	2	0.018685589
8534	8537	0	0.5026181
8534	8537	1	0.18925746
8534	8537	2	0.279263
8535	8537	0	0.5739265
8535	8537	1	0.09470143
8535	8537	2	0.32622716
8536	8537	0	0.7550046
8536	8537	1	0.09602146
8536	8537	2	0.12458611
8538	8539	0	0.6221453
8538	8539	1	0.018613
8538	8539	2	0.35918844
8539	8540	0	0.07975665
8539	8540	1	0.77524775
8539	8540	2	0.14865023
8539	8541	0	0.038251556
8539	8541	1	0.9281862
8539	8541	2	0.04653921
8540	8541	0	0.0
8540	8541	1	0.9124634
8540	8541	2	0.0
8540	8542	0	0.119334005
8540	8542	1	0.7571273
8540	8542	2	0.12583111
8540	8543	0	0.12096397
8540	8543	1	0.7355673
8540	8543	2	0.1266884
8541	8542	0	0.118731536
8541	8542	1	0.60190713
8541	8542	2	0.2621263
8542	8543	0	0.0362891
8542	8543	1	0.80672866
8542	8543	2	0.14990501
8542	8544	0	0.07116526
8542	8544	1	0.8388482
8542	8544	2	0.08738348
8542	8545	0	0.087535575
8542	8545	1	0.79304767
8542	8545	2	0.12306377
8543	8544	0	0.063364066
8543	8544	1	0.8740589
8543	8544	2	0.086244434
8543	8545	0	0.079616435
8543	8545	1	0.81134653
8543	8545	2	0.12354984
8544	8545	0	0.280676
8544	8545	1	0.36109948
8544	8545	2	0.39049911
8544	8546	0	0.26733595
8544	8546	1	0.32441133
8544	8546	2	0.40888822
8545	8546	0	0.08890895
8545	8546	1	0.6768896
8545	8546	2	0.23914015
8547	8548	0	0.006020705
8547	8548	1	0.91105276
8547	8548	2	0.08094439
8547	8549	0	3.4778216E-4
8547	8549	1	0.9937829
8547	8549	2	0.0055459547
8547	8550	0	5.106679E-4
8547	8550	1	0.98746043
8547	8550	2	0.011979779
8548	8549	0	3.712684E-4
8548	8549	1	0.9920369
8548	8549	2	0.0073005715
8548	8550	0	6.2949606E-4
8548	8550	1	0.98195916
8548	8550	2	0.017268356
8549	8550	0	0.9005357
8549	8550	1	0.003288407
8549	8550	2	0.09685514
8549	8551	0	0.9775108
8549	8551	1	9.988395E-4
8549	8551	2	0.021685101
8550	8551	0	0.89687467
8550	8551	1	0.0051973765
8550	8551	2	0.09851689
8552	8553	0	0.053883314
8552	8553	1	0.80364025
8552	8553	2	0.14154099
8552	8554	0	0.06481455
8552	8554	1	0.86132276
8552	8554	2	0.072810836
8553	8554	0	0.020533878
8553	8554	1	0.9065673
8553	8554	2	0.094409764
8553	8555	0	0.078453764
8553	8555	1	0.8379548
8553	8555	2	0.084335364
8554	8555	0	0.08865706
8554	8555	1	0.82116073
8554	8555	2	0.093037456
8555	8556	0	0.11332315
8555	8556	1	0.6028485
8555	8556	2	0.27749085
8555	8557	0	0.99368083
8555	8557	1	0.0038921668
8555	8557	2	0.008600003
8558	8556	0	0.09889667
8558	8556	1	0.6363569
8558	8556	2	0.2616427
8558	8557	0	0.99368143
8558	8557	1	6.2198954E-4
8558	8557	2	0.0066893217
8556	8557	0	0.9619496
8556	8557	1	0.0019207696
8556	8557	2	0.0044874707
8558	8559	0	0.94681317
8558	8559	1	0.061410904
8558	8559	2	0.0
8556	8559	0	0.3136511
8556	8559	1	0.17116956
8556	8559	2	0.51657844
8557	8559	0	9.4571005E-4
8557	8559	1	0.9808052
8557	8559	2	0.018315544
8560	8561	0	0.016497653
8560	8561	1	0.9645322
8560	8561	2	0.041514985
8560	8562	0	0.10593073
8560	8562	1	0.37043348
8560	8562	2	0.5232443
8561	8562	0	0.74560183
8561	8562	1	0.07233227
8561	8562	2	0.18078935
8562	8563	0	0.08606236
8562	8563	1	0.5586897
8562	8563	2	0.3554213
8562	8564	0	0.849215
8562	8564	1	0.06799091
8562	8564	2	0.07719728
8563	8564	0	0.9874757
8563	8564	1	0.0068159886
8563	8564	2	0.015025016
8565	8566	0	0.00498192
8565	8566	1	0.9683056
8565	8566	2	0.025739973
8565	8567	0	7.7185355E-4
8565	8567	1	0.9957935
8565	8567	2	0.0046215816
8566	8568	0	0.39353004
8566	8568	1	0.23105198
8566	8568	2	0.3802382
8566	8567	0	4.1159595E-4
8566	8567	1	0.9930487
8566	8567	2	0.0062548593
8568	8567	0	7.4957096E-4
8568	8567	1	0.9957664
8568	8567	2	0.0045407894
8568	8569	0	0.96795297
8568	8569	1	0.009291588
8568	8569	2	0.022800907
8567	8569	0	0.99308956
8567	8569	1	3.8854693E-4
8567	8569	2	0.006320044
8570	8571	0	0.92767113
8570	8571	1	0.0
8570	8571	2	0.0
8570	8572	0	0.8953913
8570	8572	1	0.0044195717
8570	8572	2	0.099227056
8570	8573	0	0.9826016
8570	8573	1	0.0016035357
8570	8573	2	0.018290892
8571	8572	0	0.10598769
8571	8572	1	0.7135705
8571	8572	2	0.17775662
8571	8573	0	0.074392594
8571	8573	1	0.58275896
8571	8573	2	0.34489423
8572	8573	0	0.9105024
8572	8573	1	0.015819637
8572	8573	2	0.092323676
8572	8574	0	0.08696741
8572	8574	1	0.8153782
8572	8574	2	0.10547253
8572	8575	0	0.08632652
8572	8575	1	0.82515955
8572	8575	2	0.10218139
8572	8576	0	0.0664974
8572	8576	1	0.7345875
8572	8576	2	0.21786506
8573	8574	0	0.06441518
8573	8574	1	0.86389226
8573	8574	2	0.075869404
8573	8575	0	0.06389995
8573	8575	1	0.87262994
8573	8575	2	0.07517201
8573	8576	0	0.05966146
8573	8576	1	0.8075472
8573	8576	2	0.15387888
8574	8575	0	0.0
8574	8575	1	0.81403655
8574	8575	2	0.054178596
8574	8576	0	0.5874979
8574	8576	1	0.0
8574	8576	2	0.24606095
8575	8576	0	0.86197186
8575	8576	1	0.0
8575	8576	2	0.016828094
8574	8577	0	0.091906115
8574	8577	1	0.8025885
8574	8577	2	0.09709092
8575	8577	0	0.084939525
8575	8577	1	0.7818007
8575	8577	2	0.121319994
8576	8577	0	0.07024055
8576	8577	1	0.84140116
8576	8577	2	0.078787275
8577	8578	0	0.9929549
8577	8578	1	4.5576828E-4
8577	8578	2	0.006424775
8579	8580	0	0.012236003
8579	8580	1	0.8802348
8579	8580	2	0.11422323
8579	8581	0	0.049098805
8579	8581	1	0.8234705
8579	8581	2	0.12015184
8579	8582	0	0.1538533
8579	8582	1	0.34164158
8579	8582	2	0.50055593
8579	8583	0	0.0538227
8579	8583	1	0.87678105
8579	8583	2	0.06315794
8580	8581	0	0.054133676
8580	8581	1	0.8429457
8580	8581	2	0.10080421
8580	8582	0	0.068782225
8580	8582	1	0.4706588
8580	8582	2	0.45976812
8580	8583	0	0.053483427
8580	8583	1	0.8768343
8580	8583	2	0.0636964
8581	8582	0	0.746059
8581	8582	1	0.03448568
8581	8582	2	0.2455128
8581	8583	0	0.004189471
8581	8583	1	0.98607814
8581	8583	2	0.009208406
8582	8583	0	0.0059108846
8582	8583	1	0.9886641
8582	8583	2	0.011397205
8581	8584	0	0.10017054
8581	8584	1	0.792704
8581	8584	2	0.10601323
8582	8584	0	0.006484504
8582	8584	1	0.98647326
8582	8584	2	0.012096897
8583	8584	0	0.10905626
8583	8584	1	0.76366043
8583	8584	2	0.12407377
8584	8585	0	0.97988594
8584	8585	1	0.0017700476
8584	8585	2	0.020036912
8585	8586	0	8.248324E-4
8585	8586	1	0.9852799
8585	8586	2	0.0138669275
8585	8587	0	5.309009E-4
8585	8587	1	0.9942564
8585	8587	2	0.005227039
8586	8587	0	4.322625E-4
8586	8587	1	0.9936086
8586	8587	2	0.006127277
8588	8589	0	0.08257169
8588	8589	1	0.52758735
8588	8589	2	0.38977623
8588	8590	0	7.3064095E-4
8588	8590	1	0.9795017
8588	8590	2	0.019680023
8589	8590	0	9.716141E-4
8589	8590	1	0.9648013
8589	8590	2	0.03417323
8591	8592	0	0.8345154
8591	8592	1	0.0
8591	8592	2	0.060628667
8591	8593	0	0.007915543
8591	8593	1	0.9723454
8591	8593	2	0.0260428
8591	8594	0	0.042095978
8591	8594	1	0.89421046
8591	8594	2	0.06778136
8592	8593	0	0.0072710277
8592	8593	1	0.97611225
8592	8593	2	0.022464637
8592	8594	0	0.040945873
8592	8594	1	0.89790154
8592	8594	2	0.062214635
8593	8594	0	0.68709064
8593	8594	1	0.022644246
8593	8594	2	0.31997293
8593	8595	0	0.90435636
8593	8595	1	0.01046592
8593	8595	2	0.10027939
8593	8596	0	0.89903927
8593	8596	1	0.008885072
8593	8596	2	0.10796547
8593	8597	0	0.5592755
8593	8597	1	0.02275125
8593	8597	2	0.43701312
8594	8595	0	0.7240645
8594	8595	1	0.052018438
8594	8595	2	0.22256303
8594	8596	0	0.8362873
8594	8596	1	0.010509217
8594	8596	2	0.16025987
8594	8597	0	0.23093697
8594	8597	1	0.17293638
8594	8597	2	0.6160698
8595	8596	0	0.07277074
8595	8596	1	0.40000457
8595	8596	2	0.38955584
8595	8597	0	0.0111922305
8595	8597	1	0.54349303
8595	8597	2	0.27832258
8596	8597	0	0.0036706082
8596	8597	1	0.78162146
8596	8597	2	0.11327318
8595	8598	0	0.088636436
8595	8598	1	0.7187211
8595	8598	2	0.20374873
8596	8598	0	0.081439495
8596	8598	1	0.7119573
8596	8598	2	0.2069602
8597	8598	0	0.049644437
8597	8598	1	0.648997
8597	8598	2	0.29414162
8598	8599	0	0.0992005
8598	8599	1	0.7874214
8598	8599	2	0.112986006
8598	8600	0	0.10356175
8598	8600	1	0.79246473
8598	8600	2	0.10837547
8599	8600	0	0.0
8599	8600	1	0.9359639
8599	8600	2	0.0
8600	8601	0	0.6946343
8600	8601	1	0.10112415
8600	8601	2	0.19707589
8601	8602	0	0.8655998
8601	8602	1	0.05185886
8601	8602	2	0.079107836
8601	8603	0	8.674288E-4
8601	8603	1	0.9577964
8601	8603	2	0.039214052
8601	8604	0	0.8470755
8601	8604	1	0.047658376
8601	8604	2	0.098954186
8602	8603	0	0.0032825985
8602	8603	1	0.9668184
8602	8603	2	0.0062208804
8602	8604	0	0.08304184
8602	8604	1	0.7193159
8602	8604	2	0.22562402
8603	8604	0	0.96255577
8603	8604	1	0.0053216354
8603	8604	2	0.011358738
8602	8605	0	0.056058895
8602	8605	1	0.85308194
8602	8605	2	0.082020395
8603	8605	0	0.6204406
8603	8605	1	0.05546041
8603	8605	2	0.32230672
8604	8605	0	0.056630105
8604	8605	1	0.8491416
8604	8605	2	0.091027215
8605	8606	0	0.13141964
8605	8606	1	0.72991735
8605	8606	2	0.13802761
8606	8607	0	0.044902742
8606	8607	1	0.68381566
8606	8607	2	0.2654135
8606	8608	0	0.89361835
8606	8608	1	0.017458512
8606	8608	2	0.07541591
8607	8608	0	0.86797464
8607	8608	1	0.0
8607	8608	2	0.036136102
8607	8609	0	0.9733632
8607	8609	1	0.01338325
8607	8609	2	0.035966985
8607	8610	0	0.8133492
8607	8610	1	0.019773083
8607	8610	2	0.194995
8607	8611	0	0.9714122
8607	8611	1	0.012414062
8607	8611	2	0.037758578
8608	8609	0	0.17477116
8608	8609	1	0.33596146
8608	8609	2	0.5104606
8608	8610	0	0.055569176
8608	8610	1	0.84319377
8608	8610	2	0.11581764
8608	8611	0	0.10619441
8608	8611	1	0.5121206
8608	8611	2	0.40928486
8609	8610	0	0.02998136
8609	8610	1	0.87405986
8609	8610	2	0.06493932
8609	8611	0	0.1444585
8609	8611	1	0.59704
8609	8611	2	0.2764146
8610	8611	0	0.6386065
8610	8611	1	0.063125014
8610	8611	2	0.22550596
8609	8612	0	0.07852582
8609	8612	1	0.7408401
8609	8612	2	0.17664984
8609	8613	0	0.078202724
8609	8613	1	0.7708697
8609	8613	2	0.13551696
8609	8614	0	0.07672867
8609	8614	1	0.80052036
8609	8614	2	0.116225556
8610	8612	0	0.09431028
8610	8612	1	0.48422694
8610	8612	2	0.45256966
8610	8613	0	0.0821978
8610	8613	1	0.5865465
8610	8613	2	0.3376881
8610	8614	0	0.09002289
8610	8614	1	0.6433701
8610	8614	2	0.27396423
8611	8612	0	0.09270592
8611	8612	1	0.7584526
8611	8612	2	0.17482817
8611	8613	0	0.08938267
8611	8613	1	0.7858854
8611	8613	2	0.13914119
8611	8614	0	0.084445246
8611	8614	1	0.8130502
8611	8614	2	0.11769966
8612	8613	0	0.0
8612	8613	1	0.59746546
8612	8613	2	0.25263464
8612	8614	0	0.0
8612	8614	1	0.6852459
8612	8614	2	0.16411379
8613	8614	0	0.09639147
8613	8614	1	0.24447717
8613	8614	2	0.4936339
8612	8615	0	0.08297222
8612	8615	1	0.8483648
8612	8615	2	0.096674845
8612	8616	0	0.0787742
8612	8616	1	0.8388409
8612	8616	2	0.10570888
8612	8617	0	0.9274603
8612	8617	1	0.019555515
8612	8617	2	0.06994431
8613	8615	0	0.094893575
8613	8615	1	0.8238939
8613	8615	2	0.10638226
8613	8616	0	0.09126291
8613	8616	1	0.8161322
8613	8616	2	0.1126561
8613	8617	0	0.8789045
8613	8617	1	0.026845284
8613	8617	2	0.12609708
8614	8615	0	0.10584092
8614	8615	1	0.7989322
8614	8615	2	0.11767301
8614	8616	0	0.102521956
8614	8616	1	0.7893956
8614	8616	2	0.12556635
8614	8617	0	0.77138406
8614	8617	1	0.043086313
8614	8617	2	0.21443605
8615	8616	0	0.0
8615	8616	1	0.90129596
8615	8616	2	0.0
8615	8617	0	0.905745
8615	8617	1	0.0
8615	8617	2	0.0
8616	8617	0	0.91274965
8616	8617	1	0.0
8616	8617	2	0.0
8618	8619	0	0.56424737
8618	8619	1	0.13714997
8618	8619	2	0.29884803
8618	8620	0	0.07514073
8618	8620	1	0.8448643
8618	8620	2	0.08211361
8619	8620	0	0.0
8619	8620	1	0.91510344
8619	8620	2	0.0
8619	8621	0	0.049983323
8619	8621	1	0.91804963
8619	8621	2	0.05276694
8619	8622	0	0.11938232
8619	8622	1	0.68115664
8619	8622	2	0.21186067
8620	8621	0	0.09395165
8620	8621	1	0.8137031
8620	8621	2	0.09910688
8620	8622	0	0.8555495
8620	8622	1	0.017119372
8620	8622	2	0.13831209
8621	8622	0	0.9183775
8621	8622	1	0.0
8621	8622	2	0.0
8621	8623	0	0.958827
8621	8623	1	0.0062767076
8621	8623	2	0.044934772
8621	8624	0	0.09241201
8621	8624	1	0.37790388
8621	8624	2	0.54264134
8621	8625	0	0.06964816
8621	8625	1	0.580338
8621	8625	2	0.36742803
8622	8623	0	0.08736778
8622	8623	1	0.78426063
8622	8623	2	0.12773828
8622	8624	0	0.088145845
8622	8624	1	0.8274902
8622	8624	2	0.09738366
8622	8625	0	0.05703256
8622	8625	1	0.9005583
8622	8625	2	0.06637028
8623	8624	0	0.0018763986
8623	8624	1	0.94587845
8623	8624	2	0.004886559
8623	8625	0	0.0
8623	8625	1	0.93459994
8623	8625	2	0.0
8624	8625	0	0.017904092
8624	8625	1	0.70104766
8624	8625	2	0.24020141
8623	8626	0	0.05753773
8623	8626	1	0.87165684
8623	8626	2	0.06493491
8624	8626	0	0.06100653
8624	8626	1	0.80607164
8624	8626	2	0.129376
8625	8626	0	0.08565021
8625	8626	1	0.57676804
8625	8626	2	0.33643535
8244	8248	0	0.29537946
8248	8244	0	0.37060544
8244	8248	1	0.40915257
8248	8244	1	0.31500638
8244	8248	2	0.29537395
8248	8244	2	0.31430492
8244	8247	0	0.30687714
8247	8244	0	0.36036834
8244	8247	1	0.3897841
8247	8244	1	0.3210075
8244	8247	2	0.30704206
8247	8244	2	0.3207904
8245	8249	0	0.340716
8249	8245	0	0.33844456
8245	8249	1	0.3400286
8249	8245	1	0.3391147
8245	8249	2	0.3404714
8249	8245	2	0.33954108
8245	8250	0	0.28965047
8250	8245	0	0.40402132
8245	8250	1	0.46117747
8250	8245	1	0.31840307
8245	8250	2	0.296189
8250	8245	2	0.31551182
8245	8251	0	0.2900067
8251	8245	0	0.40446597
8245	8251	1	0.46154368
8251	8245	1	0.3184442
8245	8251	2	0.2968442
8251	8245	2	0.31562456
8246	8249	0	0.3392352
8249	8246	0	0.34002635
8246	8249	1	0.3384326
8249	8246	1	0.3409096
8246	8249	2	0.33971897
8249	8246	2	0.34044826
8246	8250	0	0.30901432
8250	8246	0	0.3929822
8246	8250	1	0.43522647
8250	8246	1	0.3292056
8246	8250	2	0.31404066
8250	8246	2	0.32923487
8246	8251	0	0.3096101
8251	8246	0	0.3937752
8246	8251	1	0.43616593
8251	8246	1	0.33006272
8246	8251	2	0.31512287
8251	8246	2	0.3300576
8250	8251	0	0.3355356
8251	8250	0	0.3350011
8250	8251	1	0.33500594
8251	8250	1	0.33552235
8250	8251	2	0.33310622
8251	8250	2	0.33313334
8252	8256	0	0.27917725
8256	8252	0	0.3812492
8252	8256	1	0.43158612
8256	8252	1	0.305721
8252	8256	2	0.27804738
8256	8252	2	0.3060851
8252	8254	0	0.33182967
8254	8252	0	0.3313983
8252	8254	1	0.3318298
8254	8252	1	0.33139822
8252	8254	2	0.33153006
8254	8252	2	0.33128545
8252	8255	0	0.33140835
8255	8252	0	0.33184344
8252	8255	1	0.33140856
8255	8252	1	0.331842
8252	8255	2	0.3313072
8255	8252	2	0.33154082
8253	8257	0	0.33325988
8257	8253	0	0.333524
8253	8257	1	0.3332371
8257	8253	1	0.33353925
8253	8257	2	0.33325565
8257	8253	2	0.33366373
8258	8261	0	0.297995
8261	8258	0	0.36140186
8258	8261	1	0.39267927
8261	8258	1	0.3148445
8258	8261	2	0.29787925
8261	8258	2	0.3144331
8258	8262	0	0.29346457
8262	8258	0	0.36632314
8258	8262	1	0.4004563
8262	8258	1	0.31309536
8258	8262	2	0.29227653
8262	8258	2	0.31304684
8259	8261	0	0.2991316
8261	8259	0	0.35962194
8259	8261	1	0.39250883
8261	8259	1	0.3135156
8259	8261	2	0.29876667
8261	8259	2	0.31312174
8259	8262	0	0.2938655
8262	8259	0	0.36555555
8259	8262	1	0.40089014
8262	8259	1	0.3128228
8259	8262	2	0.29359502
8262	8259	2	0.31234118
8263	8265	0	0.32555175
8265	8263	0	0.34107074
8263	8265	1	0.34868205
8265	8263	1	0.32954487
8263	8265	2	0.3256035
8265	8263	2	0.32958075
8264	8266	0	0.28554356
8266	8264	0	0.38111123
8264	8266	1	0.42915046
8266	8264	1	0.30935296
8264	8266	2	0.28560224
8266	8264	2	0.30939496
8269	8275	0	0.23655877
8275	8269	0	0.365619
8269	8275	1	0.41161507
8275	8269	1	0.28320146
8269	8275	2	0.23398699
8275	8269	2	0.2776804
8269	8276	0	0.23356833
8276	8269	0	0.36459848
8269	8276	1	0.39394483
8276	8269	1	0.28674453
8269	8276	2	0.22999716
8276	8269	2	0.28099155
8269	8277	0	0.29714775
8277	8269	0	0.31884542
8269	8277	1	0.29513678
8277	8269	1	0.32036257
8269	8277	2	0.294116
8277	8269	2	0.31329125
8269	8278	0	0.293668
8278	8269	0	0.31689695
8269	8278	1	0.2923438
8278	8269	1	0.31789425
8269	8278	2	0.28815737
8278	8269	2	0.31133455
8270	8275	0	0.24497157
8275	8270	0	0.3646886
8270	8275	1	0.42638963
8275	8270	1	0.27844223
8270	8275	2	0.24340087
8275	8270	2	0.2765493
8270	8276	0	0.2364151
8276	8270	0	0.3616132
8270	8276	1	0.40585536
8276	8270	1	0.28171897
8270	8276	2	0.23570985
8276	8270	2	0.27826244
8270	8277	0	0.29835552
8277	8270	0	0.31886122
8270	8277	1	0.2982962
8277	8270	1	0.31890842
8270	8277	2	0.2985436
8277	8270	2	0.31370997
8270	8278	0	0.29164445
8278	8270	0	0.31405962
8270	8278	1	0.29153135
8278	8270	1	0.31415093
8270	8278	2	0.28845614
8278	8270	2	0.30975425
8271	8275	0	0.2830859
8275	8271	0	0.3147056
8271	8275	1	0.35412174
8275	8271	1	0.28132656
8271	8275	2	0.28052083
8275	8271	2	0.28161776
8271	8276	0	0.28145716
8276	8271	0	0.32266688
8271	8276	1	0.34663635
8276	8271	1	0.2939341
8271	8276	2	0.27970654
8276	8271	2	0.2920506
8271	8277	0	0.29797944
8277	8271	0	0.3112761
8271	8277	1	0.29935524
8277	8271	1	0.3100415
8271	8277	2	0.29898083
8277	8271	2	0.30829924
8271	8278	0	0.30794626
8278	8271	0	0.31586316
8271	8278	1	0.2959073
8278	8271	1	0.32085866
8271	8278	2	0.29652265
8278	8271	2	0.31218225
8272	8275	0	0.31168124
8275	8272	0	0.2914876
8272	8275	1	0.31199482
8275	8272	1	0.29114223
8272	8275	2	0.30770862
8275	8272	2	0.2901369
8272	8276	0	0.30849943
8276	8272	0	0.29687288
8272	8276	1	0.30869725
8276	8272	1	0.2966676
8272	8276	2	0.30651408
8276	8272	2	0.29706374
8272	8277	0	0.3422175
8277	8272	0	0.29659367
8272	8277	1	0.28339186
8277	8272	1	0.3243897
8272	8277	2	0.28271744
8277	8272	2	0.2958973
8272	8278	0	0.40778482
8278	8272	0	0.28626946
8272	8278	1	0.24249718
8278	8272	1	0.36138207
8272	8278	2	0.24111223
8278	8272	2	0.28268272
8273	8279	0	0.32053533
8279	8273	0	0.3270465
8273	8279	1	0.3151229
8279	8273	1	0.33150595
8273	8279	2	0.3185571
8279	8273	2	0.32521257
8273	8280	0	0.33108228
8280	8273	0	0.3413159
8273	8280	1	0.3324688
8280	8273	1	0.34041888
8273	8280	2	0.33892617
8280	8273	2	0.33830807
8273	8281	0	0.3235593
8281	8273	0	0.3313785
8273	8281	1	0.3118955
8281	8273	1	0.34009328
8273	8281	2	0.31492084
8281	8273	2	0.32360768
8273	8282	0	0.32020363
8282	8273	0	0.32808888
8273	8282	1	0.30403557
8282	8273	1	0.33877724
8273	8282	2	0.30165142
8282	8273	2	0.3170283
8274	8279	0	0.32511687
8279	8274	0	0.3248005
8274	8279	1	0.3248184
8279	8274	1	0.32508507
8274	8279	2	0.3270406
8279	8274	2	0.32701167
8274	8280	0	0.3430992
8280	8274	0	0.3461212
8274	8280	1	0.3425141
8280	8274	1	0.34655353
8274	8280	2	0.35066974
8280	8274	2	0.34827217
8274	8281	0	0.33233684
8281	8274	0	0.34051108
8274	8281	1	0.33139417
8281	8274	1	0.34111288
8274	8281	2	0.33891279
8281	8274	2	0.33824143
8274	8282	0	0.3204493
8282	8274	0	0.33641073
8274	8282	1	0.3205797
8282	8274	1	0.33633983
8274	8282	2	0.32489657
8282	8274	2	0.32957572
8275	8283	0	0.42909428
8283	8275	0	0.28900698
8275	8283	1	0.22753927
8283	8275	1	0.39176744
8275	8283	2	0.21937883
8283	8275	2	0.27657175
8275	8284	0	0.33075485
8284	8275	0	0.3121198
8275	8284	1	0.27902034
8284	8275	1	0.3407168
8275	8284	2	0.27150205
8284	8275	2	0.30213028
8275	8285	0	0.29813823
8285	8275	0	0.3178647
8275	8285	1	0.29629275
8285	8275	1	0.31925786
8275	8285	2	0.28868306
8285	8275	2	0.311455
8276	8283	0	0.3842095
8283	8276	0	0.29685062
8276	8283	1	0.25348914
8283	8276	1	0.36742315
8276	8283	2	0.25169042
8283	8276	2	0.2892355
8276	8284	0	0.3303756
8284	8276	0	0.3139538
8276	8284	1	0.28366363
8284	8276	1	0.34148946
8276	8284	2	0.28227586
8284	8276	2	0.30702743
8276	8285	0	0.3001814
8285	8276	0	0.32223135
8276	8285	1	0.30205563
8285	8276	1	0.32084692
8276	8285	2	0.29625753
8285	8276	2	0.3142403
8277	8279	0	0.2821698
8279	8277	0	0.26930696
8277	8279	1	0.27630645
8279	8277	1	0.27495682
8277	8279	2	0.28610903
8279	8277	2	0.270403
8277	8283	0	0.29312563
8283	8277	0	0.29690006
8277	8283	1	0.2909899
8283	8277	1	0.29901138
8277	8283	2	0.29010314
8283	8277	2	0.29567045
8277	8284	0	0.28850892
8284	8277	0	0.30583128
8277	8284	1	0.28859222
8284	8277	1	0.30573463
8277	8284	2	0.28649727
8284	8277	2	0.30217978
8277	8285	0	0.24427487
8285	8277	0	0.34680617
8277	8285	1	0.35016826
8285	8277	1	0.2890604
8277	8285	2	0.23744923
8285	8277	2	0.28295687
8278	8283	0	0.32219893
8283	8278	0	0.316903
8278	8283	1	0.32233378
8283	8278	1	0.31675884
8278	8283	2	0.32217634
8283	8278	2	0.31898525
8278	8284	0	0.30471933
8284	8278	0	0.3171892
8278	8284	1	0.3106944
8284	8278	1	0.31193763
8278	8284	2	0.3060746
8284	8278	2	0.31128833
8278	8285	0	0.20324296
8285	8278	0	0.41184622
8278	8285	1	0.48564053
8285	8278	1	0.2737016
8278	8285	2	0.19960222
8285	8278	2	0.26423812
8279	8286	0	0.33600098
8286	8279	0	0.34247026
8279	8286	1	0.34368294
8286	8279	1	0.3366156
8279	8286	2	0.34254196
8286	8279	2	0.33823118
8280	8286	0	0.34350845
8286	8280	0	0.340962
8280	8286	1	0.34494478
8286	8280	1	0.33963567
8280	8286	2	0.3473091
8286	8280	2	0.34292766
8281	8286	0	0.34413064
8286	8281	0	0.3412828
8281	8286	1	0.34424722
8286	8281	1	0.34117666
8281	8286	2	0.3463458
8286	8281	2	0.34369853
8282	8286	0	0.3430831
8286	8282	0	0.3443532
8282	8286	1	0.3442714
8286	8282	1	0.34300643
8282	8286	2	0.3451689
8286	8282	2	0.34518012
8283	8288	0	0.30902627
8288	8283	0	0.36923933
8283	8288	1	0.4107287
8288	8283	1	0.31855574
8283	8288	2	0.31006595
8288	8283	2	0.32252708
8283	8287	0	0.3074946
8287	8283	0	0.3676123
8283	8287	1	0.40465078
8287	8283	1	0.3187362
8283	8287	2	0.30699372
8287	8283	2	0.32111472
8284	8288	0	0.30654216
8288	8284	0	0.36630228
8284	8288	1	0.4059883
8288	8284	1	0.3184521
8284	8288	2	0.3058848
8288	8284	2	0.32073277
8284	8287	0	0.30590338
8287	8284	0	0.3670355
8284	8287	1	0.40227282
8287	8284	1	0.3212149
8284	8287	2	0.30599806
8287	8284	2	0.32154286
8285	8288	0	0.33389
8288	8285	0	0.33404613
8285	8288	1	0.33404145
8288	8285	1	0.33390304
8285	8288	2	0.33374116
8288	8285	2	0.33376035
8285	8287	0	0.33388284
8287	8285	0	0.3361348
8285	8287	1	0.33380085
8287	8285	1	0.33621585
8285	8287	2	0.33506608
8287	8285	2	0.33541775
8289	8295	0	0.41090515
8295	8289	0	0.32247296
8289	8295	1	0.31221578
8295	8289	1	0.37136286
8289	8295	2	0.31680983
8295	8289	2	0.3246348
8290	8295	0	0.34257635
8295	8290	0	0.33860043
8290	8295	1	0.34260878
8295	8290	1	0.33852965
8290	8295	2	0.34359044
8295	8290	2	0.3407256
8291	8295	0	0.34011477
8295	8291	0	0.33863392
8291	8295	1	0.34045297
8295	8291	1	0.3382716
8291	8295	2	0.34041464
8295	8291	2	0.33937472
8292	8295	0	0.33877975
8295	8292	0	0.34054968
8292	8295	1	0.33884445
8295	8292	1	0.34047025
8292	8295	2	0.33992857
8295	8292	2	0.340801
8293	8296	0	0.33502972
8296	8293	0	0.33505824
8293	8296	1	0.33502698
8296	8293	1	0.33506137
8293	8296	2	0.33495805
8296	8293	2	0.33498493
8293	8297	0	0.33604226
8297	8293	0	0.33377707
8293	8297	1	0.3360224
8297	8293	1	0.33379316
8293	8297	2	0.33530465
8297	8293	2	0.33501422
8293	8298	0	0.33872947
8298	8293	0	0.33496138
8293	8298	1	0.33866617
8298	8293	1	0.33501655
8293	8298	2	0.33878705
8298	8293	2	0.33718345
8294	8296	0	0.33347672
8296	8294	0	0.33563977
8294	8296	1	0.3334832
8296	8294	1	0.3356368
8294	8296	2	0.33463815
8296	8294	2	0.33486024
8294	8297	0	0.33464104
8297	8294	0	0.33462706
8294	8297	1	0.33463493
8297	8294	1	0.33463392
8294	8297	2	0.33454663
8297	8294	2	0.33454138
8294	8298	0	0.33596453
8298	8294	0	0.3338135
8294	8298	1	0.3360052
8298	8294	1	0.33378226
8294	8298	2	0.33527634
8298	8294	2	0.33499894
8295	8299	0	0.2595481
8299	8295	0	0.40236768
8295	8299	1	0.4791393
8299	8295	1	0.29671276
8295	8299	2	0.25833687
8299	8295	2	0.29675293
8295	8300	0	0.24976431
8300	8295	0	0.41454366
8295	8300	1	0.5022664
8300	8295	1	0.29007268
8295	8300	2	0.24916328
8300	8295	2	0.29288316
8296	8301	0	0.33766136
8301	8296	0	0.34118295
8296	8301	1	0.34882122
8301	8296	1	0.33533454
8296	8301	2	0.33798385
8301	8296	2	0.33769298
8296	8302	0	0.30409795
8302	8296	0	0.38063696
8296	8302	1	0.43143278
8302	8296	1	0.3168706
8296	8302	2	0.30836156
8302	8296	2	0.3207416
8297	8301	0	0.33842272
8301	8297	0	0.33967564
8297	8301	1	0.3424349
8301	8297	1	0.33733597
8297	8301	2	0.33846924
8301	8297	2	0.33847937
8297	8302	0	0.30755743
8302	8297	0	0.37712952
8297	8302	1	0.42162755
8302	8297	1	0.3192713
8297	8302	2	0.30969533
8302	8297	2	0.32285124
8298	8301	0	0.33265743
8301	8298	0	0.344159
8298	8301	1	0.34537125
8301	8298	1	0.33702043
8298	8301	2	0.33350912
8301	8298	2	0.3368975
8298	8302	0	0.29932433
8302	8298	0	0.38089183
8298	8302	1	0.423305
8302	8298	1	0.31679267
8298	8302	2	0.29989862
8302	8298	2	0.31887034
8299	8303	0	0.33193767
8303	8299	0	0.33483616
8299	8303	1	0.33623254
8303	8299	1	0.33300647
8299	8303	2	0.3315539
8303	8299	2	0.33259726
8300	8303	0	0.33365378
8303	8300	0	0.33364734
8300	8303	1	0.33365828
8303	8300	1	0.33364296
8300	8303	2	0.3338315
8303	8300	2	0.33378184
8301	8304	0	0.28567305
8304	8301	0	0.3816456
8301	8304	1	0.42942095
8304	8301	1	0.30948025
8301	8304	2	0.28572872
8304	8301	2	0.3091404
8302	8304	0	0.33290386
8304	8302	0	0.33411995
8302	8304	1	0.33450633
8304	8302	1	0.3332264
8302	8304	2	0.33294904
8304	8302	2	0.33325583
8303	8305	0	0.33085856
8305	8303	0	0.33573183
8303	8305	1	0.33776957
8305	8303	1	0.33213088
8303	8305	2	0.3309136
8305	8303	2	0.33215454
8304	8306	0	0.33322743
8306	8304	0	0.33342984
8304	8306	1	0.3332436
8306	8304	1	0.33341512
8304	8306	2	0.3332495
8306	8304	2	0.33342925
8305	8307	0	0.33325535
8307	8305	0	0.33340842
8305	8307	1	0.33325535
8307	8305	1	0.3334086
8305	8307	2	0.33326256
8307	8305	2	0.33341545
8306	8308	0	0.33344868
8308	8306	0	0.3333379
8306	8308	1	0.33344916
8308	8306	1	0.33333692
8306	8308	2	0.33344752
8308	8306	2	0.33333182
8306	8309	0	0.29046896
8309	8306	0	0.37645903
8306	8309	1	0.41970286
8309	8306	1	0.31192896
8306	8309	2	0.29016402
8309	8306	2	0.31168365
8307	8310	0	0.3335334
8310	8307	0	0.3334547
8307	8310	1	0.33353367
8310	8307	1	0.33345488
8307	8310	2	0.33355016
8310	8307	2	0.33355832
8309	8310	0	0.3337365
8310	8309	0	0.3338343
8309	8310	1	0.33373645
8310	8309	1	0.3338343
8309	8310	2	0.33370185
8310	8309	2	0.3337609
8323	8330	0	0.2991944
8330	8323	0	0.36387166
8323	8330	1	0.3794342
8330	8323	1	0.3269712
8323	8330	2	0.3020166
8330	8323	2	0.31893626
8323	8331	0	0.2913434
8331	8323	0	0.35275114
8323	8331	1	0.35686848
8331	8323	1	0.32299128
8323	8331	2	0.29221413
8331	8323	2	0.31357554
8324	8330	0	0.2913871
8330	8324	0	0.3755003
8324	8330	1	0.40447628
8330	8324	1	0.32208583
8324	8330	2	0.29580432
8330	8324	2	0.31733963
8324	8331	0	0.28977248
8331	8324	0	0.37029105
8324	8331	1	0.38985705
8331	8324	1	0.3227462
8324	8331	2	0.29235047
8331	8324	2	0.314166
8325	8330	0	0.31117526
8330	8325	0	0.3655537
8325	8330	1	0.39134607
8330	8325	1	0.32848302
8325	8330	2	0.31506056
8330	8325	2	0.32872695
8325	8331	0	0.31065828
8331	8325	0	0.36365294
8325	8331	1	0.38021064
8331	8325	1	0.33184698
8325	8331	2	0.31409034
8331	8325	2	0.32664505
8326	8330	0	0.33832785
8330	8326	0	0.33390278
8326	8330	1	0.33799237
8330	8326	1	0.33428302
8326	8330	2	0.3383757
8330	8326	2	0.33772466
8326	8331	0	0.33700958
8331	8326	0	0.34075838
8326	8331	1	0.33738247
8331	8326	1	0.3403934
8326	8331	2	0.34070116
8331	8326	2	0.34080413
8327	8330	0	0.30202675
8330	8327	0	0.36581758
8327	8330	1	0.41314834
8330	8327	1	0.30967882
8327	8330	2	0.29652813
8330	8327	2	0.31494483
8327	8331	0	0.30617177
8331	8327	0	0.37140122
8327	8331	1	0.41121736
8331	8327	1	0.32125112
8327	8331	2	0.30584028
8331	8327	2	0.32524416
8332	8335	0	0.3335124
8335	8332	0	0.33347738
8332	8335	1	0.33351222
8335	8332	1	0.33347696
8332	8335	2	0.3335294
8335	8332	2	0.33358878
8333	8335	0	0.33338785
8335	8333	0	0.3334186
8333	8335	1	0.3333884
8335	8333	1	0.33341837
8333	8335	2	0.33338785
8335	8333	2	0.3334193
8334	8336	0	0.33199018
8336	8334	0	0.33157662
8334	8336	1	0.33198932
8336	8334	1	0.3315788
8334	8336	2	0.33171672
8336	8334	2	0.3314913
8334	8337	0	0.3316433
8337	8334	0	0.33205324
8334	8337	1	0.33166024
8337	8334	1	0.33204538
8334	8337	2	0.33158165
8337	8334	2	0.3317762
8334	8338	0	0.33141935
8338	8334	0	0.33222508
8334	8338	1	0.3314126
8338	8334	1	0.33222207
8334	8338	2	0.3310936
8338	8334	2	0.3317662
8335	8339	0	0.22154327
8339	8335	0	0.44637963
8335	8339	1	0.5585712
8339	8335	1	0.27753195
8335	8339	2	0.21986756
8339	8335	2	0.27590787
8343	8345	0	0.33178195
8345	8343	0	0.33132684
8343	8345	1	0.33178356
8345	8343	1	0.33132562
8343	8345	2	0.33149117
8345	8343	2	0.3312038
8343	8346	0	0.33140582
8346	8343	0	0.3318351
8343	8346	1	0.3314069
8346	8343	1	0.3318385
8343	8346	2	0.33131012
8346	8343	2	0.33153063
8343	8347	0	0.3315112
8347	8343	0	0.33226374
8343	8347	1	0.33151105
8347	8343	1	0.3322636
8343	8347	2	0.33119547
8347	8343	2	0.33180848
8344	8348	0	0.2899244
8348	8344	0	0.37738827
8344	8348	1	0.42079267
8348	8344	1	0.3118272
8344	8348	2	0.28950745
8348	8344	2	0.31135195
8359	8362	0	0.4151485
8362	8359	0	0.31281295
8359	8362	1	0.29226288
8362	8359	1	0.37439033
8359	8362	2	0.29196095
8362	8359	2	0.31261578
8363	8368	0	0.31747043
8368	8363	0	0.34545118
8363	8368	1	0.36392564
8368	8363	1	0.32535926
8363	8368	2	0.3159712
8368	8363	2	0.3258573
8363	8369	0	0.3328427
8369	8363	0	0.33284876
8363	8369	1	0.33283103
8369	8363	1	0.33284527
8363	8369	2	0.3317895
8369	8363	2	0.3323322
8364	8370	0	0.3034445
8370	8364	0	0.38821062
8364	8370	1	0.4296361
8370	8364	1	0.32674313
8364	8370	2	0.31092793
8370	8364	2	0.3232727
8364	8371	0	0.27743277
8371	8364	0	0.4002355
8364	8371	1	0.45080814
8371	8364	1	0.31376964
8364	8371	2	0.2839448
8371	8364	2	0.30592835
8365	8370	0	0.31003588
8370	8365	0	0.39201474
8365	8370	1	0.4329998
8370	8365	1	0.32907623
8365	8370	2	0.3156069
8370	8365	2	0.32863116
8365	8371	0	0.2861769
8371	8365	0	0.40501988
8365	8371	1	0.45864928
8371	8365	1	0.3176772
8365	8371	2	0.29408988
8371	8365	2	0.3134386
8366	8370	0	0.34063008
8370	8366	0	0.36608714
8366	8370	1	0.38120785
8370	8366	1	0.3458953
8366	8370	2	0.34389
8370	8366	2	0.34920824
8366	8371	0	0.3230283
8371	8366	0	0.38066596
8366	8371	1	0.41100338
8371	8366	1	0.3362353
8366	8371	2	0.32979733
8371	8366	2	0.336464
8367	8370	0	0.34177145
8370	8367	0	0.3605189
8367	8370	1	0.36947262
8370	8367	1	0.34625417
8367	8370	2	0.34305954
8370	8367	2	0.35063726
8367	8371	0	0.32847652
8371	8367	0	0.37777725
8367	8371	1	0.4002857
8371	8367	1	0.33842605
8367	8371	2	0.33165175
8371	8367	2	0.34108883
8368	8372	0	0.34242862
8372	8368	0	0.3384746
8368	8372	1	0.34241176
8372	8368	1	0.33849013
8368	8372	2	0.34362546
8372	8368	2	0.34077796
8368	8373	0	0.34177142
8373	8368	0	0.33791986
8368	8373	1	0.34175172
8373	8368	1	0.33793697
8368	8373	2	0.34275556
8373	8368	2	0.34013787
8369	8372	0	0.3387625
8372	8369	0	0.33707348
8369	8372	1	0.3386691
8372	8369	1	0.33716
8369	8372	2	0.33865026
8372	8369	2	0.33799788
8369	8373	0	0.3403716
8373	8369	0	0.33874857
8369	8373	1	0.34045732
8373	8369	1	0.3386685
8369	8373	2	0.34077123
8373	8369	2	0.33984086
8370	8374	0	0.33323422
8374	8370	0	0.33352038
8370	8374	1	0.3332356
8374	8370	1	0.33352116
8370	8374	2	0.33346644
8374	8370	2	0.33348945
8371	8374	0	0.33372065
8374	8371	0	0.33366513
8371	8374	1	0.3337212
8374	8371	1	0.3336646
8371	8374	2	0.33388188
8374	8371	2	0.33382174
8372	8373	0	0.4104828
8373	8372	0	0.4049568
8372	8373	1	0.40793154
8373	8372	1	0.4073444
8372	8373	2	0.40014932
8373	8372	2	0.39734504
8372	8375	0	0.34559864
8375	8372	0	0.34036624
8372	8375	1	0.34542605
8375	8372	1	0.34060022
8372	8375	2	0.34339213
8375	8372	2	0.34463748
8372	8376	0	0.32461655
8376	8372	0	0.36683533
8372	8376	1	0.3901248
8376	8372	1	0.33526695
8372	8376	2	0.32616585
8376	8372	2	0.3368177
8372	8377	0	0.32424277
8377	8372	0	0.36888245
8372	8377	1	0.3874264
8377	8372	1	0.33805898
8372	8377	2	0.32899973
8377	8372	2	0.33604378
8372	8378	0	0.30022395
8378	8372	0	0.37449342
8372	8378	1	0.39563176
8378	8372	1	0.32646418
8372	8378	2	0.3051607
8378	8372	2	0.3198135
8373	8375	0	0.34756967
8375	8373	0	0.34398818
8373	8375	1	0.34754023
8375	8373	1	0.34403974
8373	8375	2	0.3460968
8375	8373	2	0.34837702
8373	8376	0	0.32516536
8376	8373	0	0.36728764
8373	8376	1	0.3893864
8376	8373	1	0.3358036
8373	8376	2	0.32642442
8376	8373	2	0.33698946
8373	8377	0	0.31881422
8377	8373	0	0.36542174
8373	8377	1	0.3825861
8377	8373	1	0.3351261
8373	8377	2	0.3233547
8377	8373	2	0.33231026
8373	8378	0	0.29811952
8378	8373	0	0.3734045
8373	8378	1	0.39282537
8378	8373	1	0.3254781
8373	8378	2	0.303362
8378	8373	2	0.3187705
8374	8379	0	0.29702845
8379	8374	0	0.38064095
8374	8379	1	0.43254617
8379	8374	1	0.31367677
8374	8379	2	0.30164117
8379	8374	2	0.31990945
8374	8380	0	0.33825633
8380	8374	0	0.3349043
8374	8380	1	0.3382839
8380	8374	1	0.33488327
8374	8380	2	0.33927557
8380	8374	2	0.33741397
8374	8381	0	0.30080333
8381	8374	0	0.3764727
8374	8381	1	0.4227823
8381	8374	1	0.31704444
8374	8381	2	0.31104982
8381	8374	2	0.32221925
8375	8382	0	0.25529414
8382	8375	0	0.41076747
8375	8382	1	0.4592434
8382	8375	1	0.3026238
8375	8382	2	0.25839347
8382	8375	2	0.2929149
8375	8383	0	0.32418698
8383	8375	0	0.33750367
8375	8383	1	0.3231341
8383	8375	1	0.33801237
8375	8383	2	0.32762048
8383	8375	2	0.330473
8376	8382	0	0.2870432
8382	8376	0	0.39699438
8376	8382	1	0.43183792
8382	8376	1	0.316578
8376	8382	2	0.2932115
8382	8376	2	0.312898
8376	8383	0	0.3368783
8383	8376	0	0.34268007
8376	8383	1	0.33690637
8383	8376	1	0.34267882
8376	8383	2	0.3441379
8383	8376	2	0.3401025
8377	8382	0	0.29031417
8382	8377	0	0.40005502
8377	8382	1	0.43899718
8382	8377	1	0.3183722
8377	8382	2	0.29613632
8382	8377	2	0.3189299
8377	8383	0	0.34129825
8383	8377	0	0.34518725
8377	8383	1	0.34221813
8383	8377	1	0.34459218
8377	8383	2	0.3483642
8383	8377	2	0.3447258
8378	8382	0	0.34697437
8382	8378	0	0.3455728
8378	8382	1	0.34693235
8382	8378	1	0.34562534
8378	8382	2	0.3496381
8382	8378	2	0.35115558
8378	8383	0	0.44232386
8383	8378	0	0.32469252
8378	8383	1	0.30080798
8383	8378	1	0.39839593
8378	8383	2	0.30779576
8383	8378	2	0.32656425
8379	8384	0	0.34356487
8384	8379	0	0.34370682
8379	8384	1	0.34334174
8384	8379	1	0.34382996
8379	8384	2	0.348536
8384	8379	2	0.34334213
8379	8385	0	0.3335989
8385	8379	0	0.3403795
8379	8385	1	0.33349925
8385	8379	1	0.34041998
8379	8385	2	0.3392956
8385	8379	2	0.3365104
8379	8386	0	0.3428031
8386	8379	0	0.3468837
8379	8386	1	0.34295002
8386	8379	1	0.34677464
8379	8386	2	0.34678617
8386	8379	2	0.34486023
8380	8384	0	0.34928185
8384	8380	0	0.34801298
8380	8384	1	0.34954762
8384	8380	1	0.34779721
8380	8384	2	0.3527963
8384	8380	2	0.34895006
8380	8385	0	0.32267895
8385	8380	0	0.36633006
8380	8385	1	0.38544926
8385	8380	1	0.33467308
8380	8385	2	0.33018428
8385	8380	2	0.33219904
8380	8386	0	0.30860993
8386	8380	0	0.3785894
8380	8386	1	0.4144638
8386	8380	1	0.32463476
8380	8386	2	0.31007972
8386	8380	2	0.325869
8381	8384	0	0.3499304
8384	8381	0	0.350257
8381	8384	1	0.3503045
8384	8381	1	0.34988192
8381	8384	2	0.3526697
8384	8381	2	0.3526024
8381	8385	0	0.34768057
8385	8381	0	0.34739473
8381	8385	1	0.3479923
8385	8381	1	0.34709236
8381	8385	2	0.35177386
8385	8381	2	0.3482507
8381	8386	0	0.34693006
8386	8381	0	0.3429501
8381	8386	1	0.3469551
8386	8381	1	0.3429024
8381	8386	2	0.34522548
8386	8381	2	0.3471918
8382	8386	0	0.3159371
8386	8382	0	0.30362925
8382	8386	1	0.31579086
8386	8382	1	0.3037838
8382	8386	2	0.31388187
8386	8382	2	0.3059146
8382	8387	0	0.34188592
8387	8382	0	0.33794874
8382	8387	1	0.341761
8387	8382	1	0.3380688
8382	8387	2	0.3428239
8387	8382	2	0.34022987
8383	8387	0	0.27136144
8387	8383	0	0.39010364
8383	8387	1	0.45787075
8387	8383	1	0.301025
8383	8387	2	0.26993114
8387	8383	2	0.30306712
8386	8387	0	0.3397007
8387	8386	0	0.33823913
8386	8387	1	0.33983523
8387	8386	1	0.33810526
8386	8387	2	0.33997184
8387	8386	2	0.33921376
8390	8392	0	0.33829135
8392	8390	0	0.34007886
8390	8392	1	0.33832318
8392	8390	1	0.340045
8390	8392	2	0.33861735
8392	8390	2	0.33938795
8390	8393	0	0.33449164
8393	8390	0	0.3345482
8390	8393	1	0.33446643
8393	8390	1	0.33457807
8390	8393	2	0.33434257
8393	8390	2	0.33442545
8390	8394	0	0.28723416
8394	8390	0	0.37295088
8390	8394	1	0.41382498
8394	8390	1	0.30957922
8390	8394	2	0.2859437
8394	8390	2	0.3097995
8391	8395	0	0.31490156
8395	8391	0	0.34323677
8391	8395	1	0.35837168
8395	8391	1	0.32370114
8391	8395	2	0.3143327
8395	8391	2	0.32328197
8392	8393	0	0.34347045
8393	8392	0	0.35429898
8392	8393	1	0.360436
8393	8392	1	0.3469978
8392	8393	2	0.3446993
8393	8392	2	0.34604278
8392	8395	0	0.30874667
8395	8392	0	0.36197358
8392	8395	1	0.3948553
8395	8392	1	0.3191076
8392	8395	2	0.30799395
8395	8392	2	0.32101437
8393	8395	0	0.30668914
8395	8393	0	0.3624355
8393	8395	1	0.39263597
8395	8393	1	0.32010627
8393	8395	2	0.3067323
8395	8393	2	0.32020646
8394	8396	0	0.33325332
8396	8394	0	0.3334135
8394	8396	1	0.33325273
8396	8394	1	0.3334141
8394	8396	2	0.33326095
8396	8394	2	0.3334218
8397	8400	0	0.32517573
8400	8397	0	0.3346105
8397	8400	1	0.33880442
8400	8397	1	0.32764342
8397	8400	2	0.3243022
8400	8397	2	0.32683912
8397	8401	0	0.33097017
8401	8397	0	0.33145308
8397	8401	1	0.33100826
8401	8397	1	0.33143997
8397	8401	2	0.33021653
8401	8397	2	0.3308931
8397	8402	0	0.33046135
8402	8397	0	0.3337259
8397	8402	1	0.33554775
8402	8397	1	0.33129844
8397	8402	2	0.32970172
8402	8397	2	0.33133182
8398	8403	0	0.32388693
8403	8398	0	0.3400104
8398	8403	1	0.3441971
8403	8398	1	0.32879314
8398	8403	2	0.32111648
8403	8398	2	0.32703418
8399	8403	0	0.271585
8403	8399	0	0.38979957
8399	8403	1	0.446582
8403	8399	1	0.30213612
8399	8403	2	0.2703925
8403	8399	2	0.300972
8400	8404	0	0.33143294
8404	8400	0	0.33221132
8400	8404	1	0.33143526
8404	8400	1	0.33221108
8400	8404	2	0.33109725
8404	8400	2	0.3317207
8401	8404	0	0.33148772
8404	8401	0	0.33190885
8401	8404	1	0.33148724
8404	8401	1	0.33190885
8401	8404	2	0.3313932
8404	8401	2	0.33161774
8402	8404	0	0.3319417
8404	8402	0	0.33149588
8402	8404	1	0.33194137
8404	8402	1	0.3314958
8402	8404	2	0.33164957
8404	8402	2	0.33142006
8405	8408	0	0.3332431
8408	8405	0	0.3334246
8405	8408	1	0.33324486
8408	8405	1	0.333423
8405	8408	2	0.33325303
8408	8405	2	0.33343115
8406	8407	0	0.33326888
8407	8406	0	0.33337888
8406	8407	1	0.33326945
8407	8406	1	0.33337855
8406	8407	2	0.33328068
8407	8406	2	0.33340105
8407	8409	0	0.3333667
8409	8407	0	0.33339497
8407	8409	1	0.3333616
8409	8407	1	0.33339754
8407	8409	2	0.33336285
8409	8407	2	0.33339363
8407	8410	0	0.33353302
8410	8407	0	0.3334864
8407	8410	1	0.33354098
8410	8407	1	0.33348346
8407	8410	2	0.33356556
8410	8407	2	0.33360842
8408	8411	0	0.29503462
8411	8408	0	0.35946673
8408	8411	1	0.3945353
8411	8408	1	0.31216657
8408	8411	2	0.29388368
8411	8408	2	0.31107464
8408	8412	0	0.292071
8412	8408	0	0.3704873
8408	8412	1	0.4133106
8412	8408	1	0.3114523
8408	8412	2	0.2912195
8412	8408	2	0.3126697
8408	8413	0	0.32602644
8413	8408	0	0.338434
8408	8413	1	0.3457967
8413	8408	1	0.32847598
8408	8413	2	0.323808
8413	8408	2	0.3289161
8409	8414	0	0.33289257
8414	8409	0	0.33214295
8409	8414	1	0.33289543
8414	8409	1	0.3321432
8409	8414	2	0.3318193
8414	8409	2	0.33248797
8410	8414	0	0.30337062
8414	8410	0	0.35885847
8410	8414	1	0.39229432
8414	8410	1	0.31747958
8410	8414	2	0.30242527
8414	8410	2	0.31887987
8411	8416	0	0.33618358
8416	8411	0	0.33388707
8411	8416	1	0.3361499
8416	8411	1	0.3339144
8411	8416	2	0.3354392
8416	8411	2	0.33513293
8411	8417	0	0.3212051
8417	8411	0	0.35480428
8411	8417	1	0.38257438
8417	8411	1	0.32488325
8411	8417	2	0.3218059
8417	8411	2	0.32854423
8411	8415	0	0.3075585
8415	8411	0	0.36086875
8411	8415	1	0.39005247
8415	8411	1	0.32024258
8411	8415	2	0.3076436
8415	8411	2	0.32042712
8412	8414	0	0.3307427
8414	8412	0	0.33112884
8412	8414	1	0.33074427
8414	8412	1	0.33112997
8412	8414	2	0.33117852
8414	8412	2	0.3307331
8413	8416	0	0.33487874
8416	8413	0	0.33493972
8413	8416	1	0.33487117
8416	8413	1	0.33494797
8413	8416	2	0.33480394
8416	8413	2	0.3348663
8413	8417	0	0.30910358
8417	8413	0	0.36261705
8413	8417	1	0.39632505
8417	8413	1	0.31930265
8413	8417	2	0.30822417
8417	8413	2	0.32172722
8413	8415	0	0.2986795
8415	8413	0	0.37487113
8413	8415	1	0.4090963
8415	8413	1	0.32136703
8413	8415	2	0.30126637
8415	8413	2	0.3203293
8418	8422	0	0.27030745
8422	8418	0	0.39226678
8418	8422	1	0.45267072
8422	8418	1	0.30204886
8418	8422	2	0.27014893
8422	8418	2	0.3012648
8418	8423	0	0.3323932
8423	8418	0	0.3330804
8418	8423	1	0.3323902
8423	8418	1	0.33308285
8418	8423	2	0.33195847
8423	8418	2	0.33248654
8424	8427	0	0.3245815
8427	8424	0	0.34201562
8424	8427	1	0.34987733
8427	8424	1	0.32904056
8424	8427	2	0.32434586
8427	8424	2	0.3287308
8425	8428	0	0.3313947
8428	8425	0	0.33192796
8425	8428	1	0.33142102
8428	8425	1	0.33190218
8425	8428	2	0.33129352
8428	8425	2	0.3316424
8425	8429	0	0.3070921
8429	8425	0	0.3533756
8425	8429	1	0.37541962
8429	8425	1	0.3198932
8425	8429	2	0.30600932
8429	8425	2	0.3200033
8426	8428	0	0.3318869
8428	8426	0	0.3313859
8426	8428	1	0.33186126
8428	8426	1	0.3314079
8426	8428	2	0.3315889
8428	8426	2	0.33128536
8426	8429	0	0.31219384
8429	8426	0	0.34741953
8426	8429	1	0.36616188
8429	8426	1	0.32205576
8426	8429	2	0.31196374
8429	8426	2	0.32167503
8427	8430	0	0.33317193
8430	8427	0	0.33343372
8427	8430	1	0.33317074
8430	8427	1	0.3334346
8427	8430	2	0.33310932
8430	8427	2	0.33334133
8428	8432	0	0.3314578
8432	8428	0	0.3322791
8428	8432	1	0.33146322
8432	8428	1	0.3322764
8428	8432	2	0.33115336
8432	8428	2	0.33176887
8428	8431	0	0.3314014
8431	8428	0	0.3318638
8428	8431	1	0.33140096
8431	8428	1	0.33186376
8428	8431	2	0.33129007
8431	8428	2	0.33157223
8429	8432	0	0.33135
8432	8429	0	0.33183703
8429	8432	1	0.3313487
8432	8429	1	0.33184206
8429	8432	2	0.33123818
8432	8429	2	0.3315537
8429	8431	0	0.36492932
8431	8429	0	0.32130685
8429	8431	1	0.31326717
8431	8429	1	0.34621155
8429	8431	2	0.31286344
8431	8429	2	0.32090035
8430	8433	0	0.3306713
8433	8430	0	0.33064547
8430	8433	1	0.3306519
8433	8430	1	0.33067876
8430	8433	2	0.32998592
8433	8430	2	0.3299881
8430	8434	0	0.4228077
8434	8430	0	0.30791003
8430	8434	1	0.28590834
8434	8430	1	0.37566057
8430	8434	2	0.28440142
8434	8430	2	0.30947223
8430	8435	0	0.3326202
8435	8430	0	0.33218765
8430	8435	1	0.33263916
8435	8430	1	0.33219025
8430	8435	2	0.33164984
8435	8430	2	0.33238375
8431	8436	0	0.30090848
8436	8431	0	0.36194384
8431	8436	1	0.38973683
8436	8431	1	0.31749722
8431	8436	2	0.29976004
8436	8431	2	0.31647664
8432	8436	0	0.32037392
8436	8432	0	0.34415185
8432	8436	1	0.35395068
8436	8432	1	0.32720357
8432	8436	2	0.32003024
8436	8432	2	0.32611215
8437	8441	0	0.33321714
8441	8437	0	0.33351505
8437	8441	1	0.33321556
8441	8437	1	0.3335136
8437	8441	2	0.33343068
8441	8437	2	0.33347416
8438	8441	0	0.27281234
8441	8438	0	0.39451146
8438	8441	1	0.4556768
8441	8438	1	0.30367163
8438	8441	2	0.27307576
8441	8438	2	0.3031722
8439	8442	0	0.33353278
8442	8439	0	0.33353156
8439	8442	1	0.3335344
8442	8439	1	0.33353114
8439	8442	2	0.3335782
8442	8439	2	0.333661
8440	8442	0	0.32342732
8442	8440	0	0.3445673
8440	8442	1	0.35458222
8442	8440	1	0.32856837
8440	8442	2	0.3233906
8442	8440	2	0.32851565
8441	8443	0	0.3094593
8443	8441	0	0.3593002
8441	8443	1	0.38392636
8443	8441	1	0.32179624
8441	8443	2	0.30944842
8443	8441	2	0.32179976
8441	8444	0	0.31257203
8444	8441	0	0.3555983
8441	8444	1	0.3772056
8444	8441	1	0.32324886
8441	8444	2	0.31282866
8444	8441	2	0.32309967
8442	8445	0	0.32925308
8445	8442	0	0.33753866
8442	8445	1	0.34053642
8445	8442	1	0.3314843
8442	8445	2	0.32894188
8445	8442	2	0.33107904
8443	8448	0	0.41857105
8448	8443	0	0.3164646
8443	8448	1	0.30475384
8448	8443	1	0.373031
8443	8448	2	0.30544668
8448	8443	2	0.32002777
8443	8446	0	0.37076518
8446	8443	0	0.32810423
8443	8446	1	0.31991008
8446	8443	1	0.35346183
8443	8446	2	0.31990334
8446	8443	2	0.32795995
8443	8447	0	0.38034192
8447	8443	0	0.32470644
8443	8447	1	0.31864053
8447	8443	1	0.35389122
8443	8447	2	0.31780374
8447	8443	2	0.32713518
8444	8448	0	0.33702195
8448	8444	0	0.33376962
8444	8448	1	0.33575574
8448	8444	1	0.33463627
8444	8448	2	0.33519912
8448	8444	2	0.33496854
8444	8446	0	0.33375937
8446	8444	0	0.33592147
8444	8446	1	0.33373672
8446	8444	1	0.33594775
8444	8446	2	0.33495644
8446	8444	2	0.33520722
8444	8447	0	0.33382896
8447	8444	0	0.33392742
8444	8447	1	0.33384466
8447	8444	1	0.33390814
8444	8447	2	0.3336491
8447	8444	2	0.3337286
8445	8449	0	0.34293863
8449	8445	0	0.34291986
8445	8449	1	0.342823
8449	8445	1	0.34303433
8445	8449	2	0.3446747
8449	8445	2	0.34478563
8445	8450	0	0.3449516
8450	8445	0	0.34205317
8445	8450	1	0.34498373
8450	8445	1	0.34202164
8445	8450	2	0.34752077
8450	8445	2	0.34462175
8445	8451	0	0.45204252
8451	8445	0	0.31438836
8445	8451	1	0.29244864
8451	8445	1	0.39588487
8445	8451	2	0.30058762
8451	8445	2	0.3153726
8445	8452	0	0.46651587
8452	8445	0	0.3071035
8445	8452	1	0.2739902
8452	8445	1	0.40420535
8445	8452	2	0.2796573
8452	8445	2	0.30282855
8446	8453	0	0.26589182
8453	8446	0	0.40233958
8446	8453	1	0.44718626
8453	8446	1	0.30995676
8446	8453	2	0.2720931
8453	8446	2	0.30244693
8446	8454	0	0.3205911
8454	8446	0	0.338986
8446	8454	1	0.3268972
8454	8446	1	0.33638307
8446	8454	2	0.32639113
8454	8446	2	0.33029574
8446	8455	0	0.31372964
8455	8446	0	0.33723906
8446	8455	1	0.32023048
8455	8446	1	0.33429778
8446	8455	2	0.31634066
8455	8446	2	0.32491836
8447	8453	0	0.27117416
8453	8447	0	0.40583983
8447	8453	1	0.45735502
8453	8447	1	0.31042942
8447	8453	2	0.2782475
8453	8447	2	0.30802256
8447	8454	0	0.32979912
8454	8447	0	0.34183693
8447	8454	1	0.33522832
8454	8447	1	0.34043908
8447	8454	2	0.33670074
8454	8447	2	0.3369895
8447	8455	0	0.319836
8455	8447	0	0.33924603
8447	8455	1	0.32519534
8455	8447	1	0.33683854
8447	8455	2	0.32586348
8455	8447	2	0.3299907
8448	8453	0	0.25952825
8453	8448	0	0.42784193
8448	8453	1	0.5055218
8453	8448	1	0.29890773
8448	8453	2	0.26514086
8453	8448	2	0.302928
8448	8454	0	0.31854185
8454	8448	0	0.3641959
8448	8454	1	0.38183555
8454	8448	1	0.33339643
8448	8454	2	0.32773837
8454	8448	2	0.33403474
8448	8455	0	0.30749208
8455	8448	0	0.36200646
8448	8455	1	0.37356898
8455	8448	1	0.32980987
8448	8455	2	0.31592596
8455	8448	2	0.32514578
8449	8456	0	0.3309534
8456	8449	0	0.34061554
8449	8456	1	0.3312149
8456	8449	1	0.3404587
8449	8456	2	0.33745554
8456	8449	2	0.33641466
8449	8457	0	0.3236302
8457	8449	0	0.33816043
8449	8457	1	0.32483983
8457	8449	1	0.3375814
8449	8457	2	0.3282578
8457	8449	2	0.33081898
8450	8456	0	0.33995306
8456	8450	0	0.34411672
8450	8456	1	0.33974117
8456	8450	1	0.34425294
8450	8456	2	0.34657636
8456	8450	2	0.34352872
8450	8457	0	0.33546132
8457	8450	0	0.34222338
8450	8457	1	0.33557647
8457	8450	1	0.34216058
8450	8457	2	0.3426124
8457	8450	2	0.33929783
8451	8456	0	0.3106362
8456	8451	0	0.3868476
8451	8456	1	0.414923
8456	8451	1	0.32806388
8451	8456	2	0.3177969
8456	8451	2	0.33004987
8451	8457	0	0.29919314
8457	8451	0	0.38470736
8451	8457	1	0.40970486
8457	8451	1	0.32360458
8451	8457	2	0.307534
8457	8451	2	0.32068002
8452	8456	0	0.30892286
8456	8452	0	0.3905581
8452	8456	1	0.42889014
8456	8452	1	0.32444555
8452	8456	2	0.31193197
8456	8452	2	0.33125028
8452	8457	0	0.3008111
8457	8452	0	0.39304987
8452	8457	1	0.42878732
8457	8452	1	0.32333228
8452	8457	2	0.3078582
8457	8452	2	0.32482323
8453	8458	0	0.3486227
8458	8453	0	0.34813574
8453	8458	1	0.34899116
8458	8453	1	0.34783202
8453	8458	2	0.3528175
8458	8453	2	0.34903675
8453	8459	0	0.3414686
8459	8453	0	0.3432865
8453	8459	1	0.34130296
8459	8453	1	0.34342334
8453	8459	2	0.3467962
8459	8453	2	0.3422625
8453	8460	0	0.40934542
8460	8453	0	0.32168785
8453	8460	1	0.29630852
8460	8453	1	0.3802002
8453	8460	2	0.3014752
8460	8453	2	0.31520286
8454	8458	0	0.30603755
8458	8454	0	0.40716925
8454	8458	1	0.45044544
8458	8454	1	0.32940108
8454	8458	2	0.3098761
8458	8454	2	0.33311957
8454	8459	0	0.30368325
8459	8454	0	0.40289912
8454	8459	1	0.449355
8459	8454	1	0.32636738
8454	8459	2	0.31056097
8459	8454	2	0.3265219
8454	8460	0	0.34368128
8460	8454	0	0.3436671
8454	8460	1	0.34354362
8460	8454	1	0.34377137
8454	8460	2	0.34860447
8460	8454	2	0.3434176
8455	8458	0	0.305595
8458	8455	0	0.4048562
8455	8458	1	0.4461229
8458	8455	1	0.32805967
8455	8458	2	0.30561212
8458	8455	2	0.33476973
8455	8459	0	0.30642766
8459	8455	0	0.40467045
8455	8459	1	0.4478092
8459	8455	1	0.32817665
8455	8459	2	0.31007642
8459	8455	2	0.33146
8455	8460	0	0.34828004
8460	8455	0	0.3473819
8455	8460	1	0.348072
8460	8455	1	0.3475877
8455	8460	2	0.35214645
8460	8455	2	0.34855434
8461	8467	0	0.37111905
8467	8461	0	0.33942583
8461	8467	1	0.33682105
8467	8461	1	0.3548545
8461	8467	2	0.343751
8467	8461	2	0.3423669
8461	8468	0	0.29378334
8468	8461	0	0.3951471
8461	8468	1	0.44921723
8468	8461	1	0.31806132
8461	8468	2	0.3040385
8468	8461	2	0.31802505
8461	8469	0	0.2949972
8469	8461	0	0.38357395
8461	8469	1	0.4287039
8469	8461	1	0.319858
8461	8469	2	0.3032589
8469	8461	2	0.3166047
8462	8467	0	0.35687533
8467	8462	0	0.3460437
8462	8467	1	0.3464444
8467	8462	1	0.34874025
8462	8467	2	0.35119677
8467	8462	2	0.35024646
8462	8468	0	0.30530423
8468	8462	0	0.39139846
8462	8468	1	0.44059965
8468	8462	1	0.32451826
8462	8468	2	0.3150584
8468	8462	2	0.3271952
8462	8469	0	0.307457
8469	8462	0	0.37904835
8462	8469	1	0.41952026
8469	8462	1	0.3255402
8462	8469	2	0.31646168
8469	8462	2	0.32517055
8463	8470	0	0.34092176
8470	8463	0	0.33868828
8463	8470	1	0.3411166
8470	8463	1	0.3384871
8463	8470	2	0.34521905
8470	8463	2	0.34042808
8464	8470	0	0.32931623
8470	8464	0	0.3593821
8464	8470	1	0.38524362
8470	8464	1	0.3330637
8464	8470	2	0.3353281
8470	8464	2	0.33559066
8465	8470	0	0.34536877
8470	8465	0	0.34194323
8465	8470	1	0.34458357
8470	8465	1	0.34262493
8465	8470	2	0.3472252
8470	8465	2	0.34445935
8466	8470	0	0.34328508
8470	8466	0	0.34347454
8466	8470	1	0.34352672
8470	8466	1	0.34325922
8466	8470	2	0.345239
8470	8466	2	0.3451846
8467	8471	0	0.30011472
8471	8467	0	0.36311656
8467	8471	1	0.39644745
8471	8467	1	0.31652424
8467	8471	2	0.29946706
8471	8467	2	0.31720126
8468	8471	0	0.33146337
8471	8468	0	0.331926
8468	8471	1	0.3314641
8471	8468	1	0.33192563
8468	8471	2	0.33137658
8471	8468	2	0.33163905
8469	8471	0	0.33180717
8471	8469	0	0.33135402
8469	8471	1	0.33180693
8471	8469	1	0.33135378
8469	8471	2	0.3315027
8471	8469	2	0.33124158
8470	8472	0	0.30330983
8472	8470	0	0.36360177
8470	8472	1	0.3924668
8472	8470	1	0.31809562
8470	8472	2	0.30354768
8472	8470	2	0.31822085
8471	8473	0	0.2905806
8473	8471	0	0.37630627
8471	8473	1	0.41979948
8473	8471	1	0.31219134
8471	8473	2	0.2905074
8473	8471	2	0.31205457
8471	8474	0	0.33351249
8474	8471	0	0.333493
8471	8474	1	0.33351296
8474	8471	1	0.33349308
8471	8474	2	0.33353615
8474	8471	2	0.33361584
8472	8475	0	0.33368668
8475	8472	0	0.33365697
8472	8475	1	0.33369994
8475	8472	1	0.3336288
8472	8475	2	0.33386275
8475	8472	2	0.33379778
8472	8476	0	0.33149707
8476	8472	0	0.3323468
8472	8476	1	0.33151284
8476	8472	1	0.33232996
8472	8476	2	0.33124048
8476	8472	2	0.3318868
8473	8476	0	0.33053797
8476	8473	0	0.33057073
8473	8476	1	0.3305408
8476	8473	1	0.3305726
8473	8476	2	0.3298503
8476	8473	2	0.32988468
8473	8477	0	0.3315061
8477	8473	0	0.33224213
8473	8477	1	0.33150578
8477	8473	1	0.33224323
8473	8477	2	0.33116096
8477	8473	2	0.3317773
8474	8477	0	0.25056124
8477	8474	0	0.4152037
8474	8477	1	0.49807745
8477	8474	1	0.29245564
8474	8477	2	0.25070912
8477	8474	2	0.29177
8478	8482	0	0.32113796
8482	8478	0	0.3460058
8478	8482	1	0.35782355
8482	8478	1	0.32758158
8478	8482	2	0.32126835
8482	8478	2	0.32748073
8479	8483	0	0.3313502
8483	8479	0	0.33219278
8479	8483	1	0.3313399
8483	8479	1	0.33219707
8479	8483	2	0.33102328
8483	8479	2	0.33169818
8480	8483	0	0.33160672
8483	8480	0	0.33204272
8480	8483	1	0.3316071
8483	8480	1	0.3320443
8480	8483	2	0.3315609
8483	8480	2	0.3317623
8481	8483	0	0.33204165
8483	8481	0	0.33159298
8481	8483	1	0.3320446
8483	8481	1	0.33159277
8481	8483	2	0.33177942
8483	8481	2	0.33152226
8482	8484	0	0.4235868
8484	8482	0	0.31060004
8482	8484	1	0.28827643
8484	8482	1	0.3786188
8482	8484	2	0.28825608
8484	8482	2	0.31057534
8483	8485	0	0.33338276
8485	8483	0	0.33343756
8483	8485	1	0.33338264
8485	8483	1	0.3334373
8483	8485	2	0.33338368
8485	8483	2	0.3334397
8483	8486	0	0.33354098
8486	8483	0	0.3335279
8483	8486	1	0.33354053
8486	8483	1	0.3335277
8483	8486	2	0.33359098
8486	8483	2	0.33365563
8484	8488	0	0.33327103
8488	8484	0	0.33351278
8484	8488	1	0.33327132
8488	8484	1	0.3335124
8484	8488	2	0.33350414
8488	8484	2	0.33350095
8484	8487	0	0.3337499
8487	8484	0	0.33369413
8484	8487	1	0.33374935
8487	8484	1	0.3336943
8484	8487	2	0.3339354
8487	8484	2	0.3338641
8485	8489	0	0.3332495
8489	8485	0	0.33348238
8485	8489	1	0.3332502
8489	8485	1	0.33348295
8485	8489	2	0.33344045
8489	8485	2	0.33342767
8486	8489	0	0.3336803
8489	8486	0	0.33367595
8486	8489	1	0.33367994
8489	8486	1	0.333676
8486	8489	2	0.33387735
8489	8486	2	0.33381796
8487	8490	0	0.33132294
8490	8487	0	0.33171156
8487	8490	1	0.33131492
8490	8487	1	0.33173493
8487	8490	2	0.3311962
8490	8487	2	0.3314047
8487	8491	0	0.32677507
8491	8487	0	0.33629185
8487	8491	1	0.34006006
8491	8487	1	0.33016166
8487	8491	2	0.32599697
8491	8487	2	0.32975173
8488	8490	0	0.33189386
8490	8488	0	0.33142
8488	8490	1	0.3318895
8490	8488	1	0.33142748
8488	8490	2	0.331608
8490	8488	2	0.3313163
8488	8491	0	0.32619607
8491	8488	0	0.3362014
8488	8491	1	0.34002528
8491	8488	1	0.32952252
8488	8491	2	0.32592326
8491	8488	2	0.32909027
8489	8492	0	0.3378442
8492	8489	0	0.3320859
8489	8492	1	0.33051977
8492	8489	1	0.3359643
8489	8492	2	0.33092678
8492	8489	2	0.3322275
8493	8497	0	0.34389806
8497	8493	0	0.34369406
8493	8497	1	0.3436376
8497	8493	1	0.34395164
8493	8497	2	0.34512305
8497	8493	2	0.3452167
8493	8498	0	0.32248276
8498	8493	0	0.36411926
8493	8498	1	0.38126394
8498	8493	1	0.33761367
8493	8498	2	0.32681617
8498	8493	2	0.3351392
8493	8499	0	0.3139028
8499	8493	0	0.36688843
8493	8499	1	0.38349682
8499	8493	1	0.33359382
8493	8499	2	0.3190279
8499	8493	2	0.32769614
8493	8500	0	0.2924768
8500	8493	0	0.3732567
8493	8500	1	0.39161897
8500	8493	1	0.32371032
8493	8500	2	0.29719514
8500	8493	2	0.31496456
8494	8497	0	0.34562153
8497	8494	0	0.34104657
8494	8497	1	0.3457365
8497	8494	1	0.34082544
8494	8497	2	0.34368274
8497	8494	2	0.3451071
8494	8498	0	0.34363174
8498	8494	0	0.34817234
8494	8498	1	0.34835634
8498	8494	1	0.34506366
8494	8498	2	0.3450544
8498	8494	2	0.3464941
8494	8499	0	0.3353366
8499	8494	0	0.35000533
8494	8499	1	0.35145488
8499	8494	1	0.3432459
8494	8499	2	0.33927208
8499	8494	2	0.34112048
8494	8500	0	0.31782404
8500	8494	0	0.35599613
8494	8500	1	0.36313757
8500	8494	1	0.33578143
8494	8500	2	0.32292992
8500	8494	2	0.3301001
8495	8497	0	0.3412297
8497	8495	0	0.33049116
8495	8497	1	0.34124604
8497	8495	1	0.33048838
8495	8497	2	0.33591172
8497	8495	2	0.33551478
8495	8498	0	0.34330428
8498	8495	0	0.33774915
8495	8498	1	0.3434125
8498	8495	1	0.3376155
8495	8498	2	0.34111482
8498	8495	2	0.34167647
8495	8499	0	0.3435039
8499	8495	0	0.34326035
8495	8499	1	0.34328863
8499	8495	1	0.34346414
8495	8499	2	0.34469804
8499	8495	2	0.34467873
8495	8500	0	0.34064102
8500	8495	0	0.34565032
8495	8500	1	0.34111148
8500	8495	1	0.34528205
8495	8500	2	0.34479854
8500	8495	2	0.34341
8496	8501	0	0.3214049
8501	8496	0	0.34624648
8496	8501	1	0.36687145
8501	8496	1	0.32742542
8496	8501	2	0.3236604
8501	8496	2	0.3305838
8497	8502	0	0.31722042
8502	8497	0	0.37572476
8497	8502	1	0.4014842
8502	8497	1	0.33512482
8497	8502	2	0.3214162
8502	8497	2	0.33230135
8497	8503	0	0.30596066
8503	8497	0	0.37025827
8497	8503	1	0.38919404
8503	8497	1	0.3292598
8497	8503	2	0.31045574
8503	8497	2	0.3225629
8497	8504	0	0.2931882
8504	8497	0	0.3640654
8497	8504	1	0.37377426
8504	8497	1	0.32421103
8497	8504	2	0.29728583
8504	8497	2	0.31497893
8498	8502	0	0.32686552
8502	8498	0	0.36613283
8498	8502	1	0.38750327
8502	8498	1	0.33739173
8498	8502	2	0.32841772
8502	8498	2	0.33893475
8498	8503	0	0.32328302
8503	8498	0	0.36662978
8498	8503	1	0.3842627
8503	8498	1	0.33781788
8498	8503	2	0.3278828
8503	8498	2	0.33552122
8498	8504	0	0.31521457
8504	8498	0	0.36199355
8498	8504	1	0.37437955
8504	8498	1	0.33373708
8498	8504	2	0.32000837
8504	8498	2	0.32793847
8499	8502	0	0.3282872
8502	8499	0	0.35822377
8499	8502	1	0.38155088
8502	8499	1	0.33283755
8499	8502	2	0.32598174
8502	8499	2	0.33715242
8499	8503	0	0.33166504
8503	8499	0	0.36705318
8499	8503	1	0.38541937
8503	8499	1	0.34096733
8499	8503	2	0.3331205
8503	8499	2	0.3424576
8499	8504	0	0.32404006
8504	8499	0	0.36295587
8499	8504	1	0.37829894
8504	8499	1	0.3377955
8499	8504	2	0.32836244
8504	8499	2	0.33556268
8500	8502	0	0.34324017
8502	8500	0	0.33511513
8500	8502	1	0.3433295
8502	8500	1	0.33496815
8500	8502	2	0.3385042
8502	8500	2	0.34023842
8500	8503	0	0.34494525
8503	8500	0	0.33968785
8500	8503	1	0.34496847
8503	8500	1	0.3396454
8500	8503	2	0.3428335
8503	8500	2	0.34389523
8500	8504	0	0.3464955
8504	8500	0	0.34608334
8500	8504	1	0.3460115
8504	8500	1	0.34656417
8500	8504	2	0.3473309
8504	8500	2	0.34735596
8505	8507	0	0.30530196
8507	8505	0	0.36321324
8505	8507	1	0.3915046
8507	8505	1	0.3194397
8505	8507	2	0.30538386
8507	8505	2	0.31952697
8505	8508	0	0.30291668
8508	8505	0	0.3650189
8505	8508	1	0.39597714
8508	8505	1	0.31826374
8505	8508	2	0.30312818
8508	8505	2	0.31818447
8506	8509	0	0.26054776
8509	8506	0	0.40680644
8506	8509	1	0.4802462
8509	8506	1	0.2968411
8506	8509	2	0.2599281
8509	8506	2	0.29647407
8507	8510	0	0.33354598
8510	8507	0	0.3335262
8507	8510	1	0.3334878
8510	8507	1	0.33359003
8507	8510	2	0.33355594
8510	8507	2	0.3337214
8508	8510	0	0.3334424
8510	8508	0	0.3334226
8508	8510	1	0.33345127
8510	8508	1	0.33341613
8508	8510	2	0.3334549
8510	8508	2	0.33342934
8509	8512	0	0.33150938
8512	8509	0	0.3319564
8509	8512	1	0.3315098
8512	8509	1	0.33195564
8509	8512	2	0.33142427
8512	8509	2	0.33167523
8509	8513	0	0.33148834
8513	8509	0	0.33224097
8509	8513	1	0.33148965
8513	8509	1	0.3322403
8509	8513	2	0.33115998
8513	8509	2	0.33176482
8509	8511	0	0.33197156
8511	8509	0	0.33152372
8509	8511	1	0.3319719
8511	8509	1	0.331523
8509	8511	2	0.33169258
8511	8509	2	0.33144093
8510	8514	0	0.2673362
8514	8510	0	0.3981436
8510	8514	1	0.4723652
8514	8510	1	0.30058855
8510	8514	2	0.2700464
8514	8510	2	0.30355543
8510	8515	0	0.33210945
8515	8510	0	0.33299786
8510	8515	1	0.33204335
8515	8510	1	0.33304295
8510	8515	2	0.33148238
8515	8510	2	0.3322885
8511	8516	0	0.3494394
8516	8511	0	0.34821323
8511	8516	1	0.34950912
8516	8511	1	0.34816745
8511	8516	2	0.3532716
8516	8511	2	0.3494084
8511	8517	0	0.33550262
8517	8511	0	0.34046754
8511	8517	1	0.33489954
8517	8511	1	0.34069473
8511	8517	2	0.3408696
8517	8511	2	0.33727995
8511	8518	0	0.3349008
8518	8511	0	0.34279847
8511	8518	1	0.33423573
8518	8511	1	0.3432136
8511	8518	2	0.33966696
8518	8511	2	0.33815596
8512	8516	0	0.3358882
8516	8512	0	0.36671132
8512	8516	1	0.379688
8516	8512	1	0.3421316
8512	8516	2	0.33897483
8516	8512	2	0.34480783
8512	8517	0	0.3444546
8517	8512	0	0.3440529
8512	8517	1	0.34495145
8517	8512	1	0.34364742
8512	8517	2	0.34931955
8517	8512	2	0.34391725
8512	8518	0	0.33959395
8518	8512	0	0.35082123
8512	8518	1	0.35118487
8518	8512	1	0.3459084
8512	8518	2	0.34380248
8518	8512	2	0.3441407
8513	8516	0	0.32620034
8516	8513	0	0.37693718
8513	8516	1	0.3993778
8516	8513	1	0.33814585
8513	8516	2	0.32626766
8516	8513	2	0.343631
8513	8517	0	0.34816363
8517	8513	0	0.34758005
8513	8517	1	0.3483668
8517	8513	1	0.34739438
8513	8517	2	0.35214716
8517	8513	2	0.34855872
8513	8518	0	0.33445406
8518	8513	0	0.35558003
8513	8518	1	0.37098157
8518	8513	1	0.34120443
8513	8518	2	0.33552387
8518	8513	2	0.34233996
8514	8518	0	0.32175457
8518	8514	0	0.360026
8514	8518	1	0.38808987
8518	8514	1	0.3332275
8514	8518	2	0.3195847
8518	8514	2	0.33700976
8514	8519	0	0.33164635
8519	8514	0	0.3345896
8514	8519	1	0.34026837
8519	8514	1	0.33193126
8514	8519	2	0.33064622
8519	8514	2	0.33285075
8515	8519	0	0.26222607
8519	8515	0	0.4004312
8515	8519	1	0.47720653
8519	8515	1	0.298054
8515	8519	2	0.26089585
8519	8515	2	0.29834726
8516	8520	0	0.30026907
8520	8516	0	0.35902897
8516	8520	1	0.38562104
8520	8516	1	0.31616965
8516	8520	2	0.29851148
8520	8516	2	0.31592825
8517	8520	0	0.29132825
8520	8517	0	0.3669533
8517	8520	1	0.40578264
8520	8517	1	0.3092784
8517	8520	2	0.29087958
8520	8517	2	0.3087226
8518	8520	0	0.32092926
8520	8518	0	0.34046075
8518	8520	1	0.3531738
8520	8518	1	0.32735455
8518	8520	2	0.32026792
8520	8518	2	0.32705733
8521	8524	0	0.32524467
8524	8521	0	0.3345341
8521	8524	1	0.33936685
8524	8521	1	0.32789066
8521	8524	2	0.32443416
8524	8521	2	0.32705566
8521	8525	0	0.31238875
8525	8521	0	0.34685034
8521	8525	1	0.36444935
8525	8521	1	0.32129005
8521	8525	2	0.3103829
8525	8521	2	0.3216278
8521	8526	0	0.30962044
8526	8521	0	0.35465464
8521	8526	1	0.37905887
8526	8521	1	0.31976423
8521	8526	2	0.3081429
8526	8521	2	0.3219479
8522	8527	0	0.28609258
8527	8522	0	0.37792274
8522	8527	1	0.42802748
8527	8522	1	0.3089897
8522	8527	2	0.28444988
8527	8522	2	0.3100738
8523	8527	0	0.2499635
8527	8523	0	0.4108683
8523	8527	1	0.49783596
8527	8523	1	0.29196405
8523	8527	2	0.24880512
8527	8523	2	0.29200193
8524	8528	0	0.32889283
8528	8524	0	0.3703939
8524	8528	1	0.39191997
8528	8524	1	0.3362222
8524	8528	2	0.33117053
8528	8524	2	0.3368634
8524	8529	0	0.34050184
8529	8524	0	0.3558002
8524	8529	1	0.3687632
8529	8524	1	0.34119147
8524	8529	2	0.34369695
8529	8524	2	0.3417625
8524	8530	0	0.3307382
8530	8524	0	0.35755092
8524	8530	1	0.37548307
8530	8524	1	0.33565643
8524	8530	2	0.33585793
8530	8524	2	0.3347854
8525	8528	0	0.33277294
8528	8525	0	0.37139675
8525	8528	1	0.38616815
8528	8525	1	0.34173316
8525	8528	2	0.33339027
8528	8525	2	0.3436171
8525	8529	0	0.34381896
8529	8525	0	0.35494608
8525	8529	1	0.36259022
8529	8525	1	0.34449786
8525	8529	2	0.34524477
8529	8525	2	0.34544748
8525	8530	0	0.3384083
8530	8525	0	0.35857067
8525	8530	1	0.37436634
8530	8525	1	0.339374
8525	8530	2	0.3415215
8530	8525	2	0.34014773
8526	8528	0	0.3311828
8528	8526	0	0.36622858
8526	8528	1	0.3764069
8528	8526	1	0.34094965
8526	8528	2	0.3309198
8528	8526	2	0.34371206
8526	8529	0	0.34443837
8529	8526	0	0.35419214
8526	8529	1	0.3553528
8529	8526	1	0.34792036
8526	8529	2	0.34533438
8529	8526	2	0.34944534
8526	8530	0	0.34155753
8530	8526	0	0.35922405
8526	8530	1	0.3695316
8530	8526	1	0.3437097
8526	8530	2	0.343074
8530	8526	2	0.3445293
8527	8531	0	0.3348114
8531	8527	0	0.3328867
8527	8531	1	0.3348056
8531	8527	1	0.33288953
8527	8531	2	0.33389512
8531	8527	2	0.3338947
8527	8532	0	0.26931638
8532	8527	0	0.40812138
8527	8532	1	0.49046004
8532	8527	1	0.30134258
8527	8532	2	0.2779049
8532	8527	2	0.30638212
8527	8533	0	0.28991452
8533	8527	0	0.39775416
8527	8533	1	0.45735595
8533	8527	1	0.31188872
8527	8533	2	0.2919923
8533	8527	2	0.3142643
8528	8533	0	0.332212
8533	8528	0	0.3227317
8528	8533	1	0.33243626
8533	8528	1	0.32247958
8528	8533	2	0.32853904
8533	8528	2	0.3246208
8528	8534	0	0.3867849
8534	8528	0	0.3223989
8528	8534	1	0.29483968
8534	8528	1	0.36519533
8528	8534	2	0.29955152
8534	8528	2	0.3177036
8528	8535	0	0.31793824
8535	8528	0	0.334859
8528	8535	1	0.31850648
8535	8528	1	0.33445695
8528	8535	2	0.32192558
8535	8528	2	0.32796806
8528	8536	0	0.31179065
8536	8528	0	0.33144063
8528	8536	1	0.3116246
8536	8528	1	0.33155498
8528	8536	2	0.31201982
8536	8528	2	0.32289886
8529	8534	0	0.34646246
8534	8529	0	0.34727776
8529	8534	1	0.34599403
8534	8529	1	0.34758925
8529	8534	2	0.35178143
8534	8529	2	0.35015234
8529	8535	0	0.34364223
8535	8529	0	0.34563106
8529	8535	1	0.34314448
8535	8529	1	0.34597027
8529	8535	2	0.35009244
8535	8529	2	0.3459013
8529	8536	0	0.3332293
8536	8529	0	0.34158814
8529	8536	1	0.3347762
8536	8529	1	0.3408007
8529	8536	2	0.34003627
8536	8529	2	0.33783215
8530	8534	0	0.3960241
8534	8530	0	0.33716476
8530	8534	1	0.3284007
8534	8530	1	0.37022778
8530	8534	2	0.3309005
8534	8530	2	0.34321883
8530	8535	0	0.34673986
8535	8530	0	0.34821132
8530	8535	1	0.34737176
8535	8530	1	0.34769428
8530	8535	2	0.35237268
8535	8530	2	0.3506538
8530	8536	0	0.34178463
8536	8530	0	0.34529608
8530	8536	1	0.34214693
8536	8530	1	0.34506124
8530	8536	2	0.34873626
8536	8530	2	0.34503335
8531	8537	0	0.33378538
8537	8531	0	0.33226448
8531	8537	1	0.33376506
8537	8531	1	0.3322754
8531	8537	2	0.33249888
8537	8531	2	0.3329092
8532	8537	0	0.4447926
8537	8532	0	0.30665284
8532	8537	1	0.28280088
8537	8532	1	0.383895
8532	8537	2	0.28286028
8537	8532	2	0.3093542
8533	8537	0	0.4352147
8537	8533	0	0.3051676
8533	8537	1	0.28039095
8537	8533	1	0.38726872
8533	8537	2	0.28290394
8537	8533	2	0.3062765
8538	8540	0	0.3333882
8540	8538	0	0.333391
8538	8540	1	0.3333888
8540	8538	1	0.33339176
8538	8540	2	0.3333863
8540	8538	2	0.3333898
8538	8541	0	0.33353117
8541	8538	0	0.33348715
8538	8541	1	0.33352208
8541	8538	1	0.33349964
8538	8541	2	0.33355463
8541	8538	2	0.3336141
8539	8542	0	0.28730676
8542	8539	0	0.3790798
8539	8542	1	0.42776108
8542	8539	1	0.3111455
8539	8542	2	0.2868462
8542	8539	2	0.3104772
8539	8543	0	0.30283096
8543	8539	0	0.3576065
8539	8543	1	0.3846935
8543	8539	1	0.31745562
8539	8543	2	0.30134153
8543	8539	2	0.3180265
8540	8544	0	0.270661
8544	8540	0	0.39151382
8540	8544	1	0.45815516
8544	8540	1	0.30059114
8540	8544	2	0.26942894
8544	8540	2	0.3024539
8540	8545	0	0.28614542
8545	8540	0	0.3813391
8540	8545	1	0.4357826
8545	8540	1	0.30722252
8540	8545	2	0.28547063
8545	8540	2	0.31164834
8541	8543	0	0.33606383
8543	8541	0	0.35498288
8541	8543	1	0.3553597
8543	8541	1	0.34154242
8541	8543	2	0.33644378
8543	8541	2	0.3416738
8541	8544	0	0.3178368
8544	8541	0	0.3504844
8541	8544	1	0.36555082
8544	8541	1	0.32614154
8541	8544	2	0.31752282
8544	8541	2	0.32583252
8541	8545	0	0.32649368
8545	8541	0	0.34238672
8541	8545	1	0.35391146
8545	8541	1	0.32824084
8541	8545	2	0.3249065
8545	8541	2	0.32959956
8542	8546	0	0.31155625
8546	8542	0	0.35506696
8542	8546	1	0.37659532
8546	8542	1	0.32283902
8542	8546	2	0.31134844
8546	8542	2	0.3220888
8543	8546	0	0.31059474
8546	8543	0	0.3566924
8543	8546	1	0.381819
8546	8543	1	0.3227171
8543	8546	2	0.31062776
8546	8543	2	0.32253563
8547	8551	0	0.33316538
8551	8547	0	0.3334928
8547	8551	1	0.33316448
8551	8547	1	0.33349082
8547	8551	2	0.3333552
8551	8547	2	0.33340663
8548	8551	0	0.33369857
8551	8548	0	0.33366734
8548	8551	1	0.3336991
8551	8548	1	0.3336674
8548	8551	2	0.33389136
8551	8548	2	0.33382145
8552	8555	0	0.25625885
8555	8552	0	0.41093874
8552	8555	1	0.48812512
8555	8552	1	0.2945636
8552	8555	2	0.25599304
8555	8552	2	0.2941852
8553	8556	0	0.31234476
8556	8553	0	0.34736857
8553	8556	1	0.36480105
8556	8553	1	0.32243574
8553	8556	2	0.31181476
8556	8553	2	0.32212406
8553	8557	0	0.3314142
8557	8553	0	0.33218226
8553	8557	1	0.3314142
8557	8553	1	0.3321833
8553	8557	2	0.3310443
8557	8553	2	0.33169144
8554	8556	0	0.31510925
8556	8554	0	0.3434512
8554	8556	1	0.36052433
8556	8554	1	0.32272953
8554	8556	2	0.31468266
8556	8554	2	0.32219407
8554	8557	0	0.33154997
8557	8554	0	0.33199042
8554	8557	1	0.33155003
8557	8554	1	0.33199117
8554	8557	2	0.3314707
8557	8554	2	0.33171463
8555	8558	0	0.33199513
8558	8555	0	0.33157945
8555	8558	1	0.33199435
8558	8555	1	0.33158115
8555	8558	2	0.33208779
8558	8555	2	0.3319121
8555	8559	0	0.3332813
8559	8555	0	0.3335053
8555	8559	1	0.33328384
8559	8555	1	0.3335072
8555	8559	2	0.3335099
8559	8555	2	0.33349964
8560	8563	0	0.33144173
8563	8560	0	0.33186898
8560	8563	1	0.33144942
8563	8560	1	0.33186463
8560	8563	2	0.3313372
8563	8560	2	0.33157632
8560	8564	0	0.3424856
8564	8560	0	0.32914636
8560	8564	1	0.324688
8564	8560	1	0.33759135
8560	8564	2	0.32384282
8564	8560	2	0.32868725
8561	8563	0	0.33201888
8563	8561	0	0.33158153
8561	8563	1	0.33201852
8563	8561	1	0.33158213
8561	8563	2	0.33173853
8563	8561	2	0.33151528
8561	8564	0	0.4097228
8564	8561	0	0.30988067
8561	8564	1	0.28866598
8564	8561	1	0.3692366
8561	8564	2	0.28808516
8564	8561	2	0.30953
8565	8568	0	0.3303285
8568	8565	0	0.33542806
8565	8568	1	0.33851945
8568	8565	1	0.33191743
8565	8568	2	0.3303206
8568	8565	2	0.33190754
8565	8569	0	0.33152008
8569	8565	0	0.33236188
8565	8569	1	0.3315124
8569	8565	1	0.33236367
8565	8569	2	0.3312682
8569	8565	2	0.33196893
8566	8569	0	0.3447575
8569	8566	0	0.3310415
8566	8569	1	0.32806808
8569	8566	1	0.33938634
8566	8569	2	0.3281366
8569	8566	2	0.3308465
8570	8576	0	0.3416012
8576	8570	0	0.3376712
8570	8576	1	0.34178036
8576	8570	1	0.33749974
8570	8576	2	0.34418434
8576	8570	2	0.34027925
8570	8574	0	0.33967796
8574	8570	0	0.3382201
8570	8574	1	0.33979765
8574	8570	1	0.3381032
8570	8574	2	0.33998194
8574	8570	2	0.33918267
8570	8575	0	0.34135142
8575	8570	0	0.33763978
8570	8575	1	0.34137005
8575	8570	1	0.33762246
8570	8575	2	0.34222516
8575	8570	2	0.33975023
8571	8576	0	0.32432735
8576	8571	0	0.35642126
8571	8576	1	0.38106963
8576	8571	1	0.32796687
8571	8576	2	0.32554293
8576	8571	2	0.3308507
8571	8574	0	0.3048803
8574	8571	0	0.3777933
8571	8574	1	0.4075167
8574	8571	1	0.3248232
8571	8574	2	0.3067311
8574	8571	2	0.32504126
8571	8575	0	0.30499956
8575	8571	0	0.37639555
8571	8575	1	0.41358075
8575	8571	1	0.31996655
8571	8575	2	0.3057093
8575	8571	2	0.3218718
8572	8577	0	0.25700617
8577	8572	0	0.40633726
8572	8577	1	0.48420587
8577	8572	1	0.2942892
8572	8577	2	0.25516635
8577	8572	2	0.29536703
8573	8577	0	0.23994835
8577	8573	0	0.4216469
8573	8577	1	0.51704025
8577	8573	1	0.28673434
8573	8577	2	0.2391145
8577	8573	2	0.28678226
8574	8578	0	0.33142874
8578	8574	0	0.3321946
8574	8578	1	0.3314266
8578	8574	1	0.33219397
8574	8578	2	0.33106542
8578	8574	2	0.331704
8575	8578	0	0.33137545
8578	8575	0	0.33180848
8575	8578	1	0.33137518
8578	8575	1	0.3318088
8575	8578	2	0.33126077
8578	8575	2	0.33150363
8576	8578	0	0.33199057
8578	8576	0	0.33156255
8576	8578	1	0.33199117
8578	8576	1	0.3315626
8576	8578	2	0.33170784
8578	8576	2	0.33149052
8579	8584	0	0.26058283
8584	8579	0	0.40164185
8579	8584	1	0.47228372
8584	8579	1	0.2967933
8579	8584	2	0.2595748
8584	8579	2	0.29682893
8580	8584	0	0.260323
8584	8580	0	0.40213338
8580	8584	1	0.47449216
8584	8580	1	0.29717946
8580	8584	2	0.25982606
8584	8580	2	0.29650936
8581	8585	0	0.3313613
8585	8581	0	0.33228028
8581	8585	1	0.33139977
8585	8581	1	0.33224413
8581	8585	2	0.33108446
8585	8581	2	0.3317448
8582	8585	0	0.3313852
8585	8582	0	0.33183542
8582	8585	1	0.33139515
8585	8582	1	0.3318291
8582	8585	2	0.33128494
8585	8582	2	0.33153105
8583	8585	0	0.33215645
8585	8583	0	0.33162817
8583	8585	1	0.33213928
8585	8583	1	0.33165374
8583	8585	2	0.33190483
8585	8583	2	0.33156908
8584	8586	0	0.3333996
8586	8584	0	0.33340207
8584	8586	1	0.33339888
8586	8584	1	0.33340448
8584	8586	2	0.33339742
8586	8584	2	0.33340073
8584	8587	0	0.33352882
8587	8584	0	0.33345044
8584	8587	1	0.33352846
8587	8584	1	0.3334525
8584	8587	2	0.33354133
8587	8584	2	0.33356082
8591	8595	0	0.33976385
8595	8591	0	0.33819863
8591	8595	1	0.33983952
8595	8591	1	0.33812812
8591	8595	2	0.33999223
8595	8591	2	0.33920646
8591	8596	0	0.34132367
8596	8591	0	0.33757555
8591	8596	1	0.34130523
8596	8591	1	0.3375914
8591	8596	2	0.34215316
8596	8591	2	0.33970496
8591	8597	0	0.31609985
8597	8591	0	0.3669831
8591	8597	1	0.40349916
8597	8591	1	0.32252306
8591	8597	2	0.31965446
8597	8591	2	0.32670224
8592	8595	0	0.33771244
8595	8592	0	0.339154
8592	8595	1	0.337566
8595	8592	1	0.3393089
8592	8595	2	0.3385809
8595	8592	2	0.33932173
8592	8596	0	0.34071028
8596	8592	0	0.3389241
8592	8596	1	0.34066936
8596	8592	1	0.33896238
8592	8596	2	0.34108385
8596	8592	2	0.34011
8592	8597	0	0.31489697
8597	8592	0	0.3671255
8592	8597	1	0.40119806
8597	8592	1	0.32257697
8592	8597	2	0.31629977
8597	8592	2	0.32608446
8593	8598	0	0.3324075
8598	8593	0	0.33310694
8593	8598	1	0.33240652
8598	8593	1	0.33310717
8593	8598	2	0.33197492
8598	8593	2	0.33254343
8594	8598	0	0.3326366
8598	8594	0	0.33319202
8594	8598	1	0.3326233
8598	8594	1	0.33319345
8594	8598	2	0.3326581
8598	8594	2	0.33291972
8595	8599	0	0.31265217
8599	8595	0	0.35871342
8595	8599	1	0.38873956
8599	8595	1	0.32159775
8595	8599	2	0.3118713
8599	8595	2	0.3237721
8595	8600	0	0.31699854
8600	8595	0	0.36144206
8595	8600	1	0.39569977
8600	8595	1	0.32273135
8595	8600	2	0.31768978
8600	8595	2	0.32664487
8596	8599	0	0.31035316
8599	8596	0	0.35921985
8596	8599	1	0.3844937
8599	8596	1	0.32301235
8596	8599	2	0.31017217
8599	8596	2	0.32291538
8596	8600	0	0.3135114
8600	8596	0	0.35925642
8596	8600	1	0.38896358
8600	8596	1	0.32169342
8596	8600	2	0.3124731
8600	8596	2	0.32435882
8597	8599	0	0.3179171
8599	8597	0	0.35290408
8597	8599	1	0.36488798
8599	8597	1	0.32959735
8597	8599	2	0.31986928
8599	8597	2	0.32824463
8597	8600	0	0.31781298
8600	8597	0	0.35035422
8597	8600	1	0.36523718
8600	8597	1	0.32582927
8597	8600	2	0.31753576
8600	8597	2	0.32555473
8598	8601	0	0.33354402
8601	8598	0	0.3335112
8598	8601	1	0.3335435
8601	8598	1	0.33351126
8598	8601	2	0.33358455
8601	8598	2	0.33363515
8599	8601	0	0.33335894
8601	8599	0	0.33338317
8599	8601	1	0.3333591
8601	8599	1	0.33338284
8599	8601	2	0.33335382
8601	8599	2	0.33337757
8600	8602	0	0.40025038
8602	8600	0	0.31160402
8600	8602	1	0.29505277
8602	8600	1	0.36263302
8600	8602	2	0.2947444
8602	8600	2	0.3110822
8600	8603	0	0.33133948
8603	8600	0	0.33180907
8600	8603	1	0.33133948
8603	8600	1	0.33180887
8600	8603	2	0.33123425
8603	8600	2	0.33150324
8600	8604	0	0.39330837
8604	8600	0	0.31492275
8600	8604	1	0.2977494
8604	8600	1	0.36232528
8600	8604	2	0.29637712
8604	8600	2	0.31531787
8601	8605	0	0.33325848
8605	8601	0	0.33353588
8601	8605	1	0.33325982
8605	8601	1	0.33353287
8601	8605	2	0.33326024
8605	8601	2	0.33365756
8602	8606	0	0.29198548
8606	8602	0	0.36850467
8602	8606	1	0.40602082
8606	8602	1	0.31198767
8602	8606	2	0.2907834
8606	8602	2	0.3125683
8603	8606	0	0.33141157
8606	8603	0	0.33184606
8603	8606	1	0.3314112
8606	8603	1	0.3318461
8603	8606	2	0.33131704
8606	8603	2	0.33153942
8604	8606	0	0.29310808
8606	8604	0	0.3653828
8604	8606	1	0.4063648
8606	8604	1	0.31076553
8604	8606	2	0.29264942
8606	8604	2	0.31035843
8605	8608	0	0.33355188
8608	8605	0	0.33352
8605	8608	1	0.33355263
8608	8605	1	0.33351958
8605	8608	2	0.33360106
8608	8605	2	0.33364674
8605	8607	0	0.32066408
8607	8605	0	0.346954
8605	8607	1	0.3588384
8607	8605	1	0.3268737
8605	8607	2	0.32054362
8607	8605	2	0.32666385
8606	8609	0	0.3538884
8609	8606	0	0.325436
8606	8609	1	0.31872714
8609	8606	1	0.34030026
8606	8609	2	0.3174309
8609	8606	2	0.32446522
8606	8610	0	0.3309848
8610	8606	0	0.3313224
8606	8610	1	0.33098555
8610	8606	1	0.33132386
8606	8610	2	0.3300994
8610	8606	2	0.33081868
8606	8611	0	0.33332458
8611	8606	0	0.33229133
8606	8611	1	0.3332101
8611	8606	1	0.33231196
8606	8611	2	0.3323471
8611	8606	2	0.33293864
8607	8612	0	0.3450492
8612	8607	0	0.34200653
8607	8612	1	0.3448675
8612	8607	1	0.34218094
8607	8612	2	0.3475511
8612	8607	2	0.34468013
8607	8613	0	0.3434548
8613	8607	0	0.33942777
8607	8613	1	0.34367234
8613	8607	1	0.3392072
8607	8613	2	0.34656078
8613	8607	2	0.34224948
8607	8614	0	0.3401484
8614	8607	0	0.33817464
8607	8614	1	0.34023038
8614	8607	1	0.3381109
8607	8614	2	0.3448771
8614	8607	2	0.34014705
8608	8612	0	0.34506598
8612	8608	0	0.34579107
8608	8612	1	0.34571826
8612	8608	1	0.3452021
8608	8612	2	0.34776652
8612	8608	2	0.3479718
8608	8613	0	0.3365841
8613	8608	0	0.35366258
8608	8613	1	0.36840385
8613	8608	1	0.3366173
8608	8613	2	0.3392878
8613	8608	2	0.33955646
8608	8614	0	0.32600248
8614	8608	0	0.36237547
8608	8614	1	0.38838193
8614	8608	1	0.33213902
8608	8614	2	0.3329929
8614	8608	2	0.33401743
8609	8615	0	0.26817504
8615	8609	0	0.42423144
8609	8615	1	0.4911353
8615	8609	1	0.3103863
8609	8615	2	0.27687547
8615	8609	2	0.3070108
8609	8616	0	0.26038623
8616	8609	0	0.41631553
8609	8616	1	0.47806117
8616	8609	1	0.30702958
8609	8616	2	0.2671838
8616	8609	2	0.29837465
8609	8617	0	0.32244885
8617	8609	0	0.33761376
8609	8617	1	0.32300323
8617	8609	1	0.3373309
8609	8617	2	0.32648292
8617	8609	2	0.32992762
8610	8615	0	0.33261305
8615	8610	0	0.36774576
8610	8615	1	0.38397983
8615	8610	1	0.34032536
8610	8615	2	0.33925235
8615	8610	2	0.34287584
8610	8616	0	0.3261333
8616	8610	0	0.36201364
8610	8616	1	0.37548405
8616	8610	1	0.3383203
8610	8616	2	0.33440095
8616	8610	2	0.33684438
8610	8617	0	0.34467053
8617	8610	0	0.34021565
8610	8617	1	0.33054456
8617	8610	1	0.34451303
8610	8617	2	0.33743912
8617	8610	2	0.33669344
8611	8615	0	0.27876997
8615	8611	0	0.42885962
8611	8615	1	0.5003336
8615	8611	1	0.31260183
8611	8615	2	0.2816815
8615	8611	2	0.32008383
8611	8616	0	0.27740023
8616	8611	0	0.42821002
8611	8616	1	0.4966066
8616	8611	1	0.31354573
8611	8616	2	0.28473538
8616	8611	2	0.31550968
8611	8617	0	0.3411578
8617	8611	0	0.3447038
8611	8617	1	0.34100944
8617	8611	1	0.3448008
8611	8617	2	0.3478332
8617	8611	2	0.34439668
8618	8621	0	0.28482357
8621	8618	0	0.38197553
8618	8621	1	0.4331797
8621	8618	1	0.30988142
8618	8621	2	0.28496605
8621	8618	2	0.30966228
8618	8622	0	0.33319834
8622	8618	0	0.33351865
8618	8622	1	0.33319873
8622	8618	1	0.33351934
8618	8622	2	0.33341736
8622	8618	2	0.3334672
8619	8623	0	0.3234871
8623	8619	0	0.3585032
8619	8623	1	0.3787034
8623	8619	1	0.32947987
8619	8623	2	0.32346395
8623	8619	2	0.33070314
8619	8624	0	0.3109443
8624	8619	0	0.37262225
8619	8624	1	0.41243935
8624	8619	1	0.3207148
8619	8624	2	0.3125699
8624	8619	2	0.3242757
8619	8625	0	0.29899123
8625	8619	0	0.38703856
8619	8625	1	0.44300613
8625	8619	1	0.31472787
8619	8625	2	0.3036648
8625	8619	2	0.31823847
8620	8623	0	0.33803746
8623	8620	0	0.33957464
8620	8623	1	0.33792287
8623	8620	1	0.339683
8620	8623	2	0.33893573
8623	8620	2	0.33975318
8620	8624	0	0.33701995
8624	8620	0	0.34134185
8620	8624	1	0.34552208
8624	8620	1	0.33652103
8620	8624	2	0.33703446
8624	8620	2	0.3376871
8620	8625	0	0.33338052
8625	8620	0	0.34612316
8620	8625	1	0.35922933
8625	8620	1	0.3321816
8620	8625	2	0.33321193
8625	8620	2	0.33482295
8621	8626	0	0.33016488
8626	8621	0	0.33535707
8621	8626	1	0.33766577
8626	8621	1	0.33195522
8621	8626	2	0.3289234
8626	8621	2	0.33119
8622	8626	0	0.25937444
8626	8622	0	0.4028707
8622	8626	1	0.4778475
8626	8622	1	0.29658625
8622	8626	2	0.25887284
8626	8622	2	0.2964711
8245	8244	1	0.0
8336	8335	1	0.0
8285	8284	1	0.0
8383	8382	1	0.0
8439	8438	1	0.0
8472	8471	1	0.0
8524	8523	1	0.0
8440	8438	1	0.0
8384	8382	1	0.0
8337	8335	1	0.0
8473	8472	1	0.0
8286	8283	1	0.0
8525	8523	1	0.0
8621	8619	1	0.0
8575	8573	1	0.0
8440	8439	1	0.0
8385	8382	1	0.0
8338	8335	1	0.0
8474	8472	1	0.0
8622	8619	1	0.0
8286	8284	1	0.0
8246	8244	1	0.0
8576	8573	1	0.0
8474	8473	1	0.0
8246	8245	1	0.0
8575	8574	1	0.0
8621	8620	1	0.0
8286	8285	1	0.0
8441	8439	1	0.0
8386	8383	1	0.0
8337	8336	1	0.0
8526	8523	1	0.0
8475	8473	1	0.0
8576	8574	1	0.0
8622	8620	1	0.0
8384	8383	1	0.0
8441	8440	1	0.0
8338	8336	1	0.0
8247	8245	1	0.0
8475	8474	1	0.0
8576	8575	1	0.0
8287	8286	1	0.0
8525	8524	1	0.0
8385	8383	1	0.0
8622	8621	1	0.0
8476	8474	1	0.0
8338	8337	1	0.0
8248	8245	1	0.0
8577	8574	1	0.0
8442	8441	1	0.0
8384	8386	1	0.0
8288	8286	1	0.0
8526	8524	1	0.0
8476	8475	1	0.0
8623	8621	1	0.0
8577	8575	1	0.0
8385	8386	1	0.0
8339	8336	1	0.0
8443	8442	1	0.0
8247	8246	1	0.0
8385	8384	1	0.0
8624	8621	1	0.0
8577	8576	1	0.0
8477	8475	1	0.0
8288	8287	1	0.0
8526	8525	1	0.0
8339	8337	1	0.0
8444	8442	1	0.0
8248	8246	1	0.0
8387	8384	1	0.0
8625	8621	1	0.0
8578	8577	1	0.0
8477	8476	1	0.0
8339	8338	1	0.0
8444	8443	1	0.0
8290	8289	1	0.0
8387	8385	1	0.0
8527	8524	1	0.0
8580	8579	1	0.0
8248	8247	1	0.0
8479	8478	1	0.0
8445	8443	1	0.0
8623	8622	1	0.0
8341	8340	1	0.0
8389	8388	1	0.0
8291	8289	1	0.0
8581	8579	1	0.0
8527	8525	1	0.0
8480	8478	1	0.0
8249	8247	1	0.0
8445	8444	1	0.0
8391	8390	1	0.0
8342	8340	1	0.0
8624	8622	1	0.0
8582	8579	1	0.0
8481	8478	1	0.0
8292	8289	1	0.0
8527	8526	1	0.0
8391	8392	1	0.0
8446	8445	1	0.0
8342	8341	1	0.0
8250	8247	1	0.0
8625	8622	1	0.0
8583	8579	1	0.0
8480	8479	1	0.0
8291	8290	1	0.0
8393	8391	1	0.0
8447	8445	1	0.0
8344	8343	1	0.0
8581	8580	1	0.0
8528	8527	1	0.0
8251	8247	1	0.0
8481	8479	1	0.0
8624	8623	1	0.0
8448	8445	1	0.0
8394	8392	1	0.0
8582	8580	1	0.0
8345	8344	1	0.0
8292	8290	1	0.0
8481	8480	1	0.0
8529	8527	1	0.0
8394	8391	1	0.0
8482	8479	1	0.0
8447	8446	1	0.0
8625	8623	1	0.0
8249	8248	1	0.0
8292	8291	1	0.0
8346	8344	1	0.0
8583	8580	1	0.0
8482	8480	1	0.0
8448	8446	1	0.0
8530	8527	1	0.0
8394	8393	1	0.0
8347	8344	1	0.0
8582	8581	1	0.0
8625	8624	1	0.0
8250	8248	1	0.0
8482	8481	1	0.0
8448	8447	1	0.0
8293	8289	1	0.0
8395	8394	1	0.0
8583	8581	1	0.0
8346	8345	1	0.0
8483	8482	1	0.0
8529	8528	1	0.0
8449	8446	1	0.0
8583	8582	1	0.0
8396	8395	1	0.0
8626	8623	1	0.0
8251	8248	1	0.0
8347	8345	1	0.0
8484	8483	1	0.0
8294	8289	1	0.0
8450	8446	1	0.0
8584	8581	1	0.0
8398	8397	1	0.0
8530	8528	1	0.0
8347	8346	1	0.0
8485	8484	1	0.0
8451	8446	1	0.0
8626	8624	1	0.0
8250	8249	1	0.0
8584	8582	1	0.0
8399	8397	1	0.0
8293	8290	1	0.0
8348	8345	1	0.0
8486	8484	1	0.0
8452	8446	1	0.0
8530	8529	1	0.0
8584	8583	1	0.0
8399	8398	1	0.0
8486	8485	1	0.0
8251	8249	1	0.0
8626	8625	1	0.0
8449	8447	1	0.0
8294	8290	1	0.0
8348	8346	1	0.0
8400	8398	1	0.0
8585	8584	1	0.0
8487	8485	1	0.0
8531	8528	1	0.0
8450	8447	1	0.0
8348	8347	1	0.0
8253	8252	1	0.0
8586	8585	1	0.0
8401	8398	1	0.0
8488	8485	1	0.0
8293	8291	1	0.0
8451	8447	1	0.0
8350	8349	1	0.0
8532	8528	1	0.0
8587	8585	1	0.0
8487	8486	1	0.0
8402	8398	1	0.0
8452	8447	1	0.0
8254	8253	1	0.0
8351	8349	1	0.0
8294	8291	1	0.0
8488	8486	1	0.0
8587	8586	1	0.0
8400	8399	1	0.0
8533	8529	1	0.0
8449	8448	1	0.0
8488	8487	1	0.0
8589	8588	1	0.0
8401	8399	1	0.0
8255	8253	1	0.0
8293	8292	1	0.0
8351	8350	1	0.0
8489	8487	1	0.0
8590	8588	1	0.0
8450	8448	1	0.0
8402	8399	1	0.0
8489	8488	1	0.0
8590	8589	1	0.0
8353	8352	1	0.0
8531	8529	1	0.0
8294	8292	1	0.0
8256	8253	1	0.0
8401	8400	1	0.0
8451	8448	1	0.0
8490	8489	1	0.0
8592	8591	1	0.0
8354	8352	1	0.0
8402	8400	1	0.0
8255	8254	1	0.0
8294	8293	1	0.0
8593	8591	1	0.0
8402	8401	1	0.0
8491	8489	1	0.0
8532	8529	1	0.0
8354	8353	1	0.0
8452	8448	1	0.0
8594	8591	1	0.0
8403	8400	1	0.0
8491	8490	1	0.0
8450	8449	1	0.0
8356	8355	1	0.0
8256	8254	1	0.0
8295	8293	1	0.0
8533	8530	1	0.0
8403	8401	1	0.0
8593	8592	1	0.0
8492	8490	1	0.0
8451	8449	1	0.0
8357	8355	1	0.0
8531	8530	1	0.0
8295	8294	1	0.0
8256	8255	1	0.0
8492	8491	1	0.0
8403	8402	1	0.0
8594	8592	1	0.0
8452	8449	1	0.0
8358	8355	1	0.0
8494	8493	1	0.0
8257	8254	1	0.0
8296	8295	1	0.0
8404	8403	1	0.0
8594	8593	1	0.0
8451	8450	1	0.0
8532	8530	1	0.0
8357	8356	1	0.0
8495	8493	1	0.0
8406	8405	1	0.0
8257	8255	1	0.0
8595	8593	1	0.0
8495	8494	1	0.0
8452	8450	1	0.0
8358	8356	1	0.0
8297	8295	1	0.0
8531	8533	1	0.0
8596	8593	1	0.0
8407	8405	1	0.0
8496	8493	1	0.0
8452	8451	1	0.0
8358	8357	1	0.0
8257	8256	1	0.0
8298	8295	1	0.0
8408	8407	1	0.0
8597	8593	1	0.0
8496	8494	1	0.0
8532	8533	1	0.0
8360	8359	1	0.0
8453	8449	1	0.0
8595	8594	1	0.0
8409	8408	1	0.0
8496	8495	1	0.0
8259	8258	1	0.0
8297	8296	1	0.0
8361	8359	1	0.0
8454	8449	1	0.0
8532	8531	1	0.0
8410	8408	1	0.0
8497	8496	1	0.0
8596	8594	1	0.0
8361	8360	1	0.0
8455	8449	1	0.0
8260	8258	1	0.0
8298	8296	1	0.0
8498	8496	1	0.0
8410	8409	1	0.0
8597	8594	1	0.0
8534	8533	1	0.0
8362	8360	1	0.0
8453	8450	1	0.0
8499	8496	1	0.0
8596	8595	1	0.0
8411	8409	1	0.0
8260	8259	1	0.0
8362	8361	1	0.0
8298	8297	1	0.0
8454	8450	1	0.0
8535	8533	1	0.0
8500	8496	1	0.0
8597	8595	1	0.0
8412	8409	1	0.0
8364	8363	1	0.0
8455	8450	1	0.0
8261	8260	1	0.0
8498	8497	1	0.0
8299	8296	1	0.0
8597	8596	1	0.0
8413	8409	1	0.0
8365	8363	1	0.0
8453	8451	1	0.0
8536	8533	1	0.0
8499	8497	1	0.0
8411	8410	1	0.0
8598	8595	1	0.0
8262	8260	1	0.0
8366	8363	1	0.0
8454	8451	1	0.0
8300	8296	1	0.0
8500	8497	1	0.0
8412	8410	1	0.0
8598	8596	1	0.0
8534	8531	1	0.0
8367	8363	1	0.0
8455	8451	1	0.0
8499	8498	1	0.0
8262	8261	1	0.0
8413	8410	1	0.0
8598	8597	1	0.0
8299	8297	1	0.0
8453	8452	1	0.0
8365	8364	1	0.0
8500	8498	1	0.0
8535	8531	1	0.0
8500	8499	1	0.0
8536	8531	1	0.0
8412	8411	1	0.0
8599	8598	1	0.0
8366	8364	1	0.0
8454	8452	1	0.0
8501	8497	1	0.0
8300	8297	1	0.0
8264	8263	1	0.0
8413	8411	1	0.0
8600	8598	1	0.0
8534	8532	1	0.0
8455	8452	1	0.0
8501	8498	1	0.0
8367	8364	1	0.0
8413	8412	1	0.0
8600	8599	1	0.0
8265	8264	1	0.0
8299	8298	1	0.0
8501	8499	1	0.0
8454	8453	1	0.0
8366	8365	1	0.0
8535	8532	1	0.0
8414	8411	1	0.0
8601	8600	1	0.0
8300	8298	1	0.0
8266	8265	1	0.0
8367	8365	1	0.0
8501	8500	1	0.0
8455	8453	1	0.0
8414	8413	1	0.0
8536	8532	1	0.0
8602	8601	1	0.0
8268	8267	1	0.0
8300	8299	1	0.0
8502	8501	1	0.0
8367	8366	1	0.0
8455	8454	1	0.0
8415	8414	1	0.0
8603	8601	1	0.0
8503	8501	1	0.0
8535	8534	1	0.0
8604	8601	1	0.0
8368	8364	1	0.0
8416	8414	1	0.0
8301	8299	1	0.0
8456	8453	1	0.0
8504	8501	1	0.0
8603	8602	1	0.0
8369	8364	1	0.0
8270	8269	1	0.0
8417	8414	1	0.0
8457	8453	1	0.0
8536	8534	1	0.0
8302	8299	1	0.0
8503	8502	1	0.0
8604	8602	1	0.0
8368	8365	1	0.0
8416	8415	1	0.0
8456	8454	1	0.0
8271	8269	1	0.0
8604	8603	1	0.0
8504	8502	1	0.0
8369	8365	1	0.0
8301	8300	1	0.0
8417	8415	1	0.0
8457	8454	1	0.0
8536	8535	1	0.0
8605	8602	1	0.0
8272	8269	1	0.0
8504	8503	1	0.0
8368	8366	1	0.0
8417	8416	1	0.0
8456	8455	1	0.0
8605	8603	1	0.0
8302	8300	1	0.0
8506	8505	1	0.0
8369	8366	1	0.0
8271	8270	1	0.0
8537	8534	1	0.0
8457	8455	1	0.0
8605	8604	1	0.0
8419	8418	1	0.0
8507	8506	1	0.0
8302	8301	1	0.0
8368	8367	1	0.0
8537	8535	1	0.0
8272	8270	1	0.0
8457	8456	1	0.0
8420	8418	1	0.0
8606	8605	1	0.0
8508	8506	1	0.0
8369	8367	1	0.0
8303	8301	1	0.0
8458	8456	1	0.0
8607	8606	1	0.0
8272	8271	1	0.0
8508	8507	1	0.0
8421	8418	1	0.0
8369	8368	1	0.0
8303	8302	1	0.0
8537	8536	1	0.0
8459	8456	1	0.0
8608	8606	1	0.0
8273	8269	1	0.0
8509	8507	1	0.0
8420	8419	1	0.0
8370	8368	1	0.0
8539	8538	1	0.0
8304	8303	1	0.0
8608	8607	1	0.0
8509	8508	1	0.0
8460	8456	1	0.0
8421	8419	1	0.0
8274	8269	1	0.0
8371	8368	1	0.0
8540	8539	1	0.0
8305	8304	1	0.0
8609	8607	1	0.0
8510	8509	1	0.0
8458	8457	1	0.0
8421	8420	1	0.0
8273	8270	1	0.0
8370	8369	1	0.0
8306	8305	1	0.0
8511	8510	1	0.0
8610	8607	1	0.0
8541	8539	1	0.0
8459	8457	1	0.0
8422	8419	1	0.0
8274	8270	1	0.0
8611	8607	1	0.0
8512	8510	1	0.0
8371	8369	1	0.0
8307	8306	1	0.0
8423	8419	1	0.0
8460	8457	1	0.0
8541	8540	1	0.0
8513	8510	1	0.0
8609	8608	1	0.0
8422	8420	1	0.0
8459	8458	1	0.0
8371	8370	1	0.0
8610	8608	1	0.0
8512	8511	1	0.0
8273	8271	1	0.0
8308	8307	1	0.0
8542	8540	1	0.0
8423	8420	1	0.0
8460	8458	1	0.0
8611	8608	1	0.0
8372	8370	1	0.0
8513	8511	1	0.0
8460	8459	1	0.0
8610	8609	1	0.0
8373	8370	1	0.0
8422	8421	1	0.0
8543	8540	1	0.0
8513	8512	1	0.0
8274	8271	1	0.0
8309	8307	1	0.0
8462	8461	1	0.0
8611	8609	1	0.0
8372	8371	1	0.0
8423	8421	1	0.0
8514	8511	1	0.0
8542	8541	1	0.0
8273	8272	1	0.0
8463	8461	1	0.0
8423	8422	1	0.0
8373	8371	1	0.0
8309	8308	1	0.0
8515	8511	1	0.0
8611	8610	1	0.0
8274	8272	1	0.0
8543	8542	1	0.0
8464	8461	1	0.0
8514	8512	1	0.0
8374	8372	1	0.0
8425	8424	1	0.0
8612	8609	1	0.0
8465	8461	1	0.0
8310	8308	1	0.0
8544	8542	1	0.0
8515	8512	1	0.0
8426	8424	1	0.0
8613	8609	1	0.0
8374	8373	1	0.0
8274	8273	1	0.0
8466	8461	1	0.0
8514	8513	1	0.0
8426	8425	1	0.0
8375	8374	1	0.0
8614	8609	1	0.0
8312	8311	1	0.0
8515	8513	1	0.0
8463	8462	1	0.0
8275	8273	1	0.0
8427	8425	1	0.0
8545	8542	1	0.0
8612	8610	1	0.0
8376	8374	1	0.0
8515	8514	1	0.0
8464	8462	1	0.0
8314	8313	1	0.0
8276	8273	1	0.0
8427	8426	1	0.0
8613	8610	1	0.0
8516	8514	1	0.0
8377	8374	1	0.0
8465	8462	1	0.0
8277	8273	1	0.0
8316	8315	1	0.0
8544	8543	1	0.0
8517	8514	1	0.0
8428	8427	1	0.0
8466	8462	1	0.0
8614	8610	1	0.0
8378	8374	1	0.0
8278	8273	1	0.0
8516	8515	1	0.0
8429	8427	1	0.0
8464	8463	1	0.0
8376	8375	1	0.0
8545	8543	1	0.0
8318	8317	1	0.0
8612	8611	1	0.0
8275	8274	1	0.0
8429	8428	1	0.0
8518	8515	1	0.0
8465	8463	1	0.0
8377	8375	1	0.0
8613	8611	1	0.0
8276	8274	1	0.0
8319	8317	1	0.0
8466	8463	1	0.0
8430	8428	1	0.0
8545	8544	1	0.0
8517	8515	1	0.0
8378	8375	1	0.0
8614	8611	1	0.0
8465	8464	1	0.0
8518	8516	1	0.0
8430	8429	1	0.0
8613	8612	1	0.0
8377	8376	1	0.0
8466	8464	1	0.0
8277	8274	1	0.0
8546	8544	1	0.0
8320	8317	1	0.0
8378	8376	1	0.0
8466	8465	1	0.0
8431	8430	1	0.0
8517	8516	1	0.0
8614	8612	1	0.0
8278	8274	1	0.0
8546	8545	1	0.0
8319	8318	1	0.0
8517	8518	1	0.0
8378	8377	1	0.0
8432	8430	1	0.0
8614	8613	1	0.0
8467	8463	1	0.0
8276	8275	1	0.0
8320	8318	1	0.0
8519	8516	1	0.0
8468	8463	1	0.0
8432	8431	1	0.0
8615	8612	1	0.0
8379	8375	1	0.0
8277	8275	1	0.0
8548	8547	1	0.0
8519	8518	1	0.0
8320	8319	1	0.0
8469	8463	1	0.0
8433	8431	1	0.0
8616	8612	1	0.0
8380	8375	1	0.0
8549	8547	1	0.0
8519	8517	1	0.0
8278	8275	1	0.0
8467	8464	1	0.0
8434	8431	1	0.0
8321	8317	1	0.0
8381	8375	1	0.0
8617	8612	1	0.0
8520	8519	1	0.0
8468	8464	1	0.0
8550	8547	1	0.0
8435	8431	1	0.0
8615	8613	1	0.0
8379	8376	1	0.0
8522	8521	1	0.0
8469	8464	1	0.0
8277	8276	1	0.0
8322	8317	1	0.0
8549	8548	1	0.0
8433	8432	1	0.0
8616	8613	1	0.0
8380	8376	1	0.0
8523	8521	1	0.0
8467	8465	1	0.0
8321	8318	1	0.0
8278	8276	1	0.0
8381	8376	1	0.0
8617	8613	1	0.0
8434	8432	1	0.0
8523	8522	1	0.0
8468	8465	1	0.0
8550	8548	1	0.0
8278	8277	1	0.0
8322	8318	1	0.0
8435	8432	1	0.0
8615	8614	1	0.0
8379	8377	1	0.0
8524	8522	1	0.0
8469	8465	1	0.0
8279	8275	1	0.0
8550	8549	1	0.0
8434	8433	1	0.0
8616	8614	1	0.0
8321	8319	1	0.0
8380	8377	1	0.0
8525	8522	1	0.0
8467	8466	1	0.0
8280	8275	1	0.0
8435	8433	1	0.0
8617	8614	1	0.0
8551	8549	1	0.0
8468	8466	1	0.0
8322	8319	1	0.0
8526	8522	1	0.0
8381	8377	1	0.0
8281	8275	1	0.0
8435	8434	1	0.0
8616	8615	1	0.0
8551	8550	1	0.0
8469	8466	1	0.0
8617	8615	1	0.0
8321	8320	1	0.0
8436	8433	1	0.0
8553	8552	1	0.0
8282	8275	1	0.0
8379	8378	1	0.0
8468	8467	1	0.0
8617	8616	1	0.0
8436	8434	1	0.0
8322	8320	1	0.0
8279	8276	1	0.0
8619	8618	1	0.0
8380	8378	1	0.0
8469	8467	1	0.0
8436	8435	1	0.0
8554	8552	1	0.0
8322	8321	1	0.0
8280	8276	1	0.0
8620	8618	1	0.0
8469	8468	1	0.0
8438	8437	1	0.0
8381	8378	1	0.0
8324	8323	1	0.0
8554	8553	1	0.0
8620	8619	1	0.0
8439	8437	1	0.0
8470	8467	1	0.0
8380	8379	1	0.0
8281	8276	1	0.0
8381	8379	1	0.0
8440	8437	1	0.0
8470	8468	1	0.0
8282	8276	1	0.0
8555	8553	1	0.0
8325	8323	1	0.0
8381	8380	1	0.0
8470	8469	1	0.0
8280	8277	1	0.0
8555	8554	1	0.0
8326	8323	1	0.0
8471	8470	1	0.0
8382	8379	1	0.0
8281	8277	1	0.0
8327	8323	1	0.0
8556	8555	1	0.0
8383	8379	1	0.0
8325	8324	1	0.0
8557	8555	1	0.0
8282	8277	1	0.0
8382	8380	1	0.0
8383	8380	1	0.0
8279	8278	1	0.0
8556	8558	1	0.0
8326	8324	1	0.0
8280	8278	1	0.0
8557	8558	1	0.0
8382	8381	1	0.0
8327	8324	1	0.0
8281	8278	1	0.0
8557	8556	1	0.0
8326	8325	1	0.0
8282	8278	1	0.0
8559	8558	1	0.0
8383	8381	1	0.0
8327	8325	1	0.0
8280	8279	1	0.0
8559	8556	1	0.0
8327	8326	1	0.0
8281	8279	1	0.0
8559	8557	1	0.0
8282	8279	1	0.0
8328	8323	1	0.0
8561	8560	1	0.0
8562	8560	1	0.0
8329	8323	1	0.0
8562	8561	1	0.0
8328	8324	1	0.0
8281	8280	1	0.0
8563	8562	1	0.0
8282	8280	1	0.0
8329	8324	1	0.0
8282	8281	1	0.0
8564	8562	1	0.0
8328	8325	1	0.0
8283	8279	1	0.0
8329	8325	1	0.0
8564	8563	1	0.0
8284	8279	1	0.0
8328	8326	1	0.0
8285	8279	1	0.0
8566	8565	1	0.0
8329	8326	1	0.0
8283	8280	1	0.0
8567	8565	1	0.0
8284	8280	1	0.0
8328	8327	1	0.0
8568	8566	1	0.0
8285	8280	1	0.0
8329	8327	1	0.0
8567	8566	1	0.0
8283	8281	1	0.0
8567	8568	1	0.0
8284	8281	1	0.0
8329	8328	1	0.0
8285	8281	1	0.0
8569	8568	1	0.0
8330	8328	1	0.0
8283	8282	1	0.0
8331	8328	1	0.0
8569	8567	1	0.0
8284	8282	1	0.0
8330	8329	1	0.0
8285	8282	1	0.0
8571	8570	1	0.0
8284	8283	1	0.0
8331	8329	1	0.0
8572	8570	1	0.0
8285	8283	1	0.0
8331	8330	1	0.0
8573	8570	1	0.0
8333	8332	1	0.0
8572	8571	1	0.0
8334	8332	1	0.0
8573	8571	1	0.0
8334	8333	1	0.0
8573	8572	1	0.0
8335	8334	1	0.0
8574	8572	1	0.0
8575	8572	1	0.0
8576	8572	1	0.0
8574	8573	1	0.0
8245	8244	0	0.0
8246	8244	0	0.0
8246	8245	0	0.0
8247	8245	0	0.0
8248	8245	0	0.0
8247	8246	0	0.0
8248	8246	0	0.0
8248	8247	0	0.0
8249	8247	0	0.0
8250	8247	0	0.0
8251	8247	0	0.0
8249	8248	0	0.0
8250	8248	0	0.0
8251	8248	0	0.0
8250	8249	0	0.0
8251	8249	0	0.0
8253	8252	0	0.0
8254	8253	0	0.0
8255	8253	0	0.0
8256	8253	0	0.0
8255	8254	0	0.0
8256	8254	0	0.0
8285	8284	0	0.0
8256	8255	0	0.0
8257	8254	0	0.0
8286	8283	0	0.0
8257	8255	0	0.0
8286	8284	0	0.0
8257	8256	0	0.0
8286	8285	0	0.0
8259	8258	0	0.0
8287	8286	0	0.0
8260	8258	0	0.0
8336	8335	0	0.0
8288	8286	0	0.0
8260	8259	0	0.0
8288	8287	0	0.0
8337	8335	0	0.0
8261	8260	0	0.0
8290	8289	0	0.0
8338	8335	0	0.0
8262	8260	0	0.0
8291	8289	0	0.0
8262	8261	0	0.0
8337	8336	0	0.0
8292	8289	0	0.0
8383	8382	0	0.0
8264	8263	0	0.0
8338	8336	0	0.0
8291	8290	0	0.0
8384	8382	0	0.0
8265	8264	0	0.0
8292	8290	0	0.0
8385	8382	0	0.0
8338	8337	0	0.0
8292	8291	0	0.0
8266	8265	0	0.0
8386	8383	0	0.0
8339	8336	0	0.0
8268	8267	0	0.0
8384	8383	0	0.0
8339	8337	0	0.0
8293	8289	0	0.0
8270	8269	0	0.0
8385	8383	0	0.0
8339	8338	0	0.0
8294	8289	0	0.0
8384	8386	0	0.0
8293	8290	0	0.0
8439	8438	0	0.0
8341	8340	0	0.0
8271	8269	0	0.0
8385	8386	0	0.0
8294	8290	0	0.0
8440	8438	0	0.0
8342	8340	0	0.0
8272	8269	0	0.0
8385	8384	0	0.0
8293	8291	0	0.0
8440	8439	0	0.0
8342	8341	0	0.0
8271	8270	0	0.0
8387	8384	0	0.0
8294	8291	0	0.0
8441	8439	0	0.0
8344	8343	0	0.0
8387	8385	0	0.0
8272	8270	0	0.0
8441	8440	0	0.0
8293	8292	0	0.0
8472	8471	0	0.0
8345	8344	0	0.0
8389	8388	0	0.0
8442	8441	0	0.0
8272	8271	0	0.0
8294	8292	0	0.0
8346	8344	0	0.0
8391	8390	0	0.0
8443	8442	0	0.0
8273	8269	0	0.0
8294	8293	0	0.0
8473	8472	0	0.0
8391	8392	0	0.0
8347	8344	0	0.0
8274	8269	0	0.0
8444	8442	0	0.0
8295	8293	0	0.0
8474	8472	0	0.0
8393	8391	0	0.0
8346	8345	0	0.0
8524	8523	0	0.0
8273	8270	0	0.0
8347	8345	0	0.0
8444	8443	0	0.0
8274	8270	0	0.0
8295	8294	0	0.0
8474	8473	0	0.0
8394	8392	0	0.0
8525	8523	0	0.0
8347	8346	0	0.0
8445	8443	0	0.0
8273	8271	0	0.0
8296	8295	0	0.0
8394	8391	0	0.0
8526	8523	0	0.0
8475	8473	0	0.0
8348	8345	0	0.0
8445	8444	0	0.0
8394	8393	0	0.0
8274	8271	0	0.0
8475	8474	0	0.0
8297	8295	0	0.0
8446	8445	0	0.0
8575	8573	0	0.0
8348	8346	0	0.0
8525	8524	0	0.0
8298	8295	0	0.0
8273	8272	0	0.0
8395	8394	0	0.0
8476	8474	0	0.0
8447	8445	0	0.0
8297	8296	0	0.0
8348	8347	0	0.0
8274	8272	0	0.0
8476	8475	0	0.0
8396	8395	0	0.0
8448	8445	0	0.0
8576	8573	0	0.0
8526	8524	0	0.0
8298	8296	0	0.0
8350	8349	0	0.0
8398	8397	0	0.0
8274	8273	0	0.0
8477	8475	0	0.0
8575	8574	0	0.0
8447	8446	0	0.0
8298	8297	0	0.0
8351	8349	0	0.0
8399	8397	0	0.0
8526	8525	0	0.0
8621	8619	0	0.0
8275	8273	0	0.0
8448	8446	0	0.0
8576	8574	0	0.0
8477	8476	0	0.0
8351	8350	0	0.0
8399	8398	0	0.0
8299	8296	0	0.0
8276	8273	0	0.0
8622	8619	0	0.0
8527	8524	0	0.0
8448	8447	0	0.0
8400	8398	0	0.0
8576	8575	0	0.0
8353	8352	0	0.0
8300	8296	0	0.0
8621	8620	0	0.0
8449	8446	0	0.0
8277	8273	0	0.0
8401	8398	0	0.0
8527	8525	0	0.0
8354	8352	0	0.0
8479	8478	0	0.0
8299	8297	0	0.0
8577	8574	0	0.0
8622	8620	0	0.0
8450	8446	0	0.0
8402	8398	0	0.0
8278	8273	0	0.0
8354	8353	0	0.0
8527	8526	0	0.0
8577	8575	0	0.0
8451	8446	0	0.0
8400	8399	0	0.0
8622	8621	0	0.0
8300	8297	0	0.0
8275	8274	0	0.0
8480	8478	0	0.0
8356	8355	0	0.0
8623	8621	0	0.0
8299	8298	0	0.0
8401	8399	0	0.0
8452	8446	0	0.0
8577	8576	0	0.0
8528	8527	0	0.0
8276	8274	0	0.0
8357	8355	0	0.0
8481	8478	0	0.0
8624	8621	0	0.0
8402	8399	0	0.0
8300	8298	0	0.0
8449	8447	0	0.0
8578	8577	0	0.0
8529	8527	0	0.0
8277	8274	0	0.0
8625	8621	0	0.0
8358	8355	0	0.0
8480	8479	0	0.0
8401	8400	0	0.0
8450	8447	0	0.0
8300	8299	0	0.0
8580	8579	0	0.0
8357	8356	0	0.0
8623	8622	0	0.0
8402	8400	0	0.0
8301	8299	0	0.0
8530	8527	0	0.0
8278	8274	0	0.0
8402	8401	0	0.0
8358	8356	0	0.0
8451	8447	0	0.0
8481	8479	0	0.0
8581	8579	0	0.0
8624	8622	0	0.0
8302	8299	0	0.0
8358	8357	0	0.0
8403	8400	0	0.0
8276	8275	0	0.0
8452	8447	0	0.0
8529	8528	0	0.0
8625	8622	0	0.0
8301	8300	0	0.0
8481	8480	0	0.0
8403	8401	0	0.0
8360	8359	0	0.0
8582	8579	0	0.0
8277	8275	0	0.0
8449	8448	0	0.0
8530	8528	0	0.0
8624	8623	0	0.0
8302	8300	0	0.0
8403	8402	0	0.0
8625	8623	0	0.0
8482	8479	0	0.0
8302	8301	0	0.0
8450	8448	0	0.0
8404	8403	0	0.0
8530	8529	0	0.0
8583	8579	0	0.0
8361	8359	0	0.0
8625	8624	0	0.0
8278	8275	0	0.0
8482	8480	0	0.0
8303	8301	0	0.0
8451	8448	0	0.0
8406	8405	0	0.0
8531	8528	0	0.0
8626	8623	0	0.0
8361	8360	0	0.0
8277	8276	0	0.0
8303	8302	0	0.0
8452	8448	0	0.0
8626	8624	0	0.0
8407	8405	0	0.0
8581	8580	0	0.0
8532	8528	0	0.0
8482	8481	0	0.0
8362	8360	0	0.0
8278	8276	0	0.0
8408	8407	0	0.0
8626	8625	0	0.0
8450	8449	0	0.0
8304	8303	0	0.0
8362	8361	0	0.0
8409	8408	0	0.0
8278	8277	0	0.0
8483	8482	0	0.0
8533	8529	0	0.0
8582	8580	0	0.0
8451	8449	0	0.0
8305	8304	0	0.0
8410	8408	0	0.0
8364	8363	0	0.0
8279	8275	0	0.0
8484	8483	0	0.0
8531	8529	0	0.0
8583	8580	0	0.0
8306	8305	0	0.0
8410	8409	0	0.0
8452	8449	0	0.0
8365	8363	0	0.0
8582	8581	0	0.0
8532	8529	0	0.0
8280	8275	0	0.0
8307	8306	0	0.0
8485	8484	0	0.0
8366	8363	0	0.0
8411	8409	0	0.0
8451	8450	0	0.0
8281	8275	0	0.0
8367	8363	0	0.0
8308	8307	0	0.0
8452	8450	0	0.0
8486	8484	0	0.0
8533	8530	0	0.0
8412	8409	0	0.0
8282	8275	0	0.0
8583	8581	0	0.0
8309	8307	0	0.0
8365	8364	0	0.0
8452	8451	0	0.0
8279	8276	0	0.0
8413	8409	0	0.0
8366	8364	0	0.0
8486	8485	0	0.0
8531	8530	0	0.0
8309	8308	0	0.0
8453	8449	0	0.0
8583	8582	0	0.0
8411	8410	0	0.0
8367	8364	0	0.0
8280	8276	0	0.0
8487	8485	0	0.0
8532	8530	0	0.0
8412	8410	0	0.0
8454	8449	0	0.0
8310	8308	0	0.0
8584	8581	0	0.0
8366	8365	0	0.0
8531	8533	0	0.0
8488	8485	0	0.0
8281	8276	0	0.0
8455	8449	0	0.0
8413	8410	0	0.0
8312	8311	0	0.0
8367	8365	0	0.0
8584	8582	0	0.0
8532	8533	0	0.0
8282	8276	0	0.0
8412	8411	0	0.0
8453	8450	0	0.0
8314	8313	0	0.0
8367	8366	0	0.0
8487	8486	0	0.0
8584	8583	0	0.0
8532	8531	0	0.0
8280	8277	0	0.0
8454	8450	0	0.0
8413	8411	0	0.0
8316	8315	0	0.0
8368	8364	0	0.0
8488	8486	0	0.0
8585	8584	0	0.0
8281	8277	0	0.0
8455	8450	0	0.0
8413	8412	0	0.0
8534	8533	0	0.0
8369	8364	0	0.0
8318	8317	0	0.0
8586	8585	0	0.0
8453	8451	0	0.0
8282	8277	0	0.0
8414	8411	0	0.0
8488	8487	0	0.0
8368	8365	0	0.0
8414	8413	0	0.0
8535	8533	0	0.0
8454	8451	0	0.0
8319	8317	0	0.0
8587	8585	0	0.0
8279	8278	0	0.0
8489	8487	0	0.0
8369	8365	0	0.0
8415	8414	0	0.0
8455	8451	0	0.0
8320	8317	0	0.0
8536	8533	0	0.0
8368	8366	0	0.0
8416	8414	0	0.0
8280	8278	0	0.0
8587	8586	0	0.0
8489	8488	0	0.0
8453	8452	0	0.0
8319	8318	0	0.0
8369	8366	0	0.0
8417	8414	0	0.0
8534	8531	0	0.0
8281	8278	0	0.0
8368	8367	0	0.0
8454	8452	0	0.0
8320	8318	0	0.0
8589	8588	0	0.0
8416	8415	0	0.0
8490	8489	0	0.0
8535	8531	0	0.0
8369	8367	0	0.0
8282	8278	0	0.0
8455	8452	0	0.0
8417	8415	0	0.0
8320	8319	0	0.0
8369	8368	0	0.0
8590	8588	0	0.0
8491	8489	0	0.0
8536	8531	0	0.0
8280	8279	0	0.0
8454	8453	0	0.0
8417	8416	0	0.0
8370	8368	0	0.0
8321	8317	0	0.0
8590	8589	0	0.0
8491	8490	0	0.0
8534	8532	0	0.0
8371	8368	0	0.0
8419	8418	0	0.0
8281	8279	0	0.0
8322	8317	0	0.0
8455	8453	0	0.0
8370	8369	0	0.0
8282	8279	0	0.0
8420	8418	0	0.0
8592	8591	0	0.0
8492	8490	0	0.0
8321	8318	0	0.0
8535	8532	0	0.0
8455	8454	0	0.0
8371	8369	0	0.0
8421	8418	0	0.0
8281	8280	0	0.0
8593	8591	0	0.0
8322	8318	0	0.0
8456	8453	0	0.0
8536	8532	0	0.0
8420	8419	0	0.0
8371	8370	0	0.0
8492	8491	0	0.0
8282	8280	0	0.0
8594	8591	0	0.0
8321	8319	0	0.0
8457	8453	0	0.0
8421	8419	0	0.0
8494	8493	0	0.0
8372	8370	0	0.0
8282	8281	0	0.0
8593	8592	0	0.0
8456	8454	0	0.0
8535	8534	0	0.0
8322	8319	0	0.0
8421	8420	0	0.0
8373	8370	0	0.0
8283	8279	0	0.0
8457	8454	0	0.0
8495	8493	0	0.0
8422	8419	0	0.0
8372	8371	0	0.0
8321	8320	0	0.0
8536	8534	0	0.0
8594	8592	0	0.0
8284	8279	0	0.0
8456	8455	0	0.0
8495	8494	0	0.0
8423	8419	0	0.0
8373	8371	0	0.0
8322	8320	0	0.0
8594	8593	0	0.0
8536	8535	0	0.0
8285	8279	0	0.0
8422	8420	0	0.0
8374	8372	0	0.0
8457	8455	0	0.0
8322	8321	0	0.0
8496	8493	0	0.0
8595	8593	0	0.0
8423	8420	0	0.0
8374	8373	0	0.0
8283	8280	0	0.0
8537	8534	0	0.0
8457	8456	0	0.0
8324	8323	0	0.0
8596	8593	0	0.0
8496	8494	0	0.0
8422	8421	0	0.0
8375	8374	0	0.0
8284	8280	0	0.0
8458	8456	0	0.0
8325	8323	0	0.0
8537	8535	0	0.0
8597	8593	0	0.0
8376	8374	0	0.0
8423	8421	0	0.0
8496	8495	0	0.0
8285	8280	0	0.0
8459	8456	0	0.0
8326	8323	0	0.0
8377	8374	0	0.0
8423	8422	0	0.0
8537	8536	0	0.0
8595	8594	0	0.0
8497	8496	0	0.0
8460	8456	0	0.0
8283	8281	0	0.0
8327	8323	0	0.0
8425	8424	0	0.0
8378	8374	0	0.0
8458	8457	0	0.0
8596	8594	0	0.0
8498	8496	0	0.0
8539	8538	0	0.0
8325	8324	0	0.0
8426	8424	0	0.0
8376	8375	0	0.0
8284	8281	0	0.0
8459	8457	0	0.0
8326	8324	0	0.0
8377	8375	0	0.0
8426	8425	0	0.0
8499	8496	0	0.0
8285	8281	0	0.0
8597	8594	0	0.0
8460	8457	0	0.0
8327	8324	0	0.0
8540	8539	0	0.0
8378	8375	0	0.0
8427	8425	0	0.0
8500	8496	0	0.0
8283	8282	0	0.0
8459	8458	0	0.0
8326	8325	0	0.0
8596	8595	0	0.0
8377	8376	0	0.0
8427	8426	0	0.0
8498	8497	0	0.0
8541	8539	0	0.0
8460	8458	0	0.0
8284	8282	0	0.0
8327	8325	0	0.0
8597	8595	0	0.0
8428	8427	0	0.0
8378	8376	0	0.0
8541	8540	0	0.0
8499	8497	0	0.0
8460	8459	0	0.0
8285	8282	0	0.0
8327	8326	0	0.0
8429	8427	0	0.0
8378	8377	0	0.0
8542	8540	0	0.0
8597	8596	0	0.0
8462	8461	0	0.0
8500	8497	0	0.0
8429	8428	0	0.0
8328	8323	0	0.0
8379	8375	0	0.0
8284	8283	0	0.0
8543	8540	0	0.0
8499	8498	0	0.0
8598	8595	0	0.0
8463	8461	0	0.0
8430	8428	0	0.0
8380	8375	0	0.0
8329	8323	0	0.0
8430	8429	0	0.0
8285	8283	0	0.0
8598	8596	0	0.0
8381	8375	0	0.0
8500	8498	0	0.0
8464	8461	0	0.0
8328	8324	0	0.0
8542	8541	0	0.0
8431	8430	0	0.0
8379	8376	0	0.0
8465	8461	0	0.0
8500	8499	0	0.0
8432	8430	0	0.0
8598	8597	0	0.0
8329	8324	0	0.0
8380	8376	0	0.0
8543	8542	0	0.0
8466	8461	0	0.0
8501	8497	0	0.0
8432	8431	0	0.0
8599	8598	0	0.0
8381	8376	0	0.0
8328	8325	0	0.0
8463	8462	0	0.0
8544	8542	0	0.0
8433	8431	0	0.0
8501	8498	0	0.0
8379	8377	0	0.0
8464	8462	0	0.0
8329	8325	0	0.0
8545	8542	0	0.0
8434	8431	0	0.0
8600	8598	0	0.0
8501	8499	0	0.0
8380	8377	0	0.0
8465	8462	0	0.0
8328	8326	0	0.0
8544	8543	0	0.0
8435	8431	0	0.0
8600	8599	0	0.0
8381	8377	0	0.0
8501	8500	0	0.0
8466	8462	0	0.0
8329	8326	0	0.0
8433	8432	0	0.0
8379	8378	0	0.0
8545	8543	0	0.0
8601	8600	0	0.0
8464	8463	0	0.0
8502	8501	0	0.0
8434	8432	0	0.0
8328	8327	0	0.0
8380	8378	0	0.0
8545	8544	0	0.0
8602	8601	0	0.0
8465	8463	0	0.0
8503	8501	0	0.0
8435	8432	0	0.0
8329	8327	0	0.0
8381	8378	0	0.0
8603	8601	0	0.0
8546	8544	0	0.0
8466	8463	0	0.0
8504	8501	0	0.0
8434	8433	0	0.0
8380	8379	0	0.0
8329	8328	0	0.0
8604	8601	0	0.0
8546	8545	0	0.0
8465	8464	0	0.0
8435	8433	0	0.0
8503	8502	0	0.0
8381	8379	0	0.0
8330	8328	0	0.0
8603	8602	0	0.0
8466	8464	0	0.0
8435	8434	0	0.0
8548	8547	0	0.0
8381	8380	0	0.0
8504	8502	0	0.0
8604	8602	0	0.0
8331	8328	0	0.0
8466	8465	0	0.0
8382	8379	0	0.0
8504	8503	0	0.0
8549	8547	0	0.0
8436	8433	0	0.0
8330	8329	0	0.0
8467	8463	0	0.0
8383	8379	0	0.0
8604	8603	0	0.0
8550	8547	0	0.0
8436	8434	0	0.0
8506	8505	0	0.0
8331	8329	0	0.0
8382	8380	0	0.0
8468	8463	0	0.0
8605	8602	0	0.0
8436	8435	0	0.0
8549	8548	0	0.0
8383	8380	0	0.0
8331	8330	0	0.0
8507	8506	0	0.0
8469	8463	0	0.0
8438	8437	0	0.0
8605	8603	0	0.0
8382	8381	0	0.0
8333	8332	0	0.0
8605	8604	0	0.0
8550	8548	0	0.0
8439	8437	0	0.0
8467	8464	0	0.0
8383	8381	0	0.0
8334	8332	0	0.0
8508	8506	0	0.0
8606	8605	0	0.0
8550	8549	0	0.0
8440	8437	0	0.0
8468	8464	0	0.0
8334	8333	0	0.0
8508	8507	0	0.0
8551	8549	0	0.0
8607	8606	0	0.0
8469	8464	0	0.0
8509	8507	0	0.0
8608	8606	0	0.0
8467	8465	0	0.0
8335	8334	0	0.0
8551	8550	0	0.0
8509	8508	0	0.0
8608	8607	0	0.0
8553	8552	0	0.0
8468	8465	0	0.0
8609	8607	0	0.0
8510	8509	0	0.0
8554	8552	0	0.0
8469	8465	0	0.0
8610	8607	0	0.0
8511	8510	0	0.0
8554	8553	0	0.0
8467	8466	0	0.0
8555	8553	0	0.0
8512	8510	0	0.0
8611	8607	0	0.0
8468	8466	0	0.0
8513	8510	0	0.0
8609	8608	0	0.0
8555	8554	0	0.0
8469	8466	0	0.0
8512	8511	0	0.0
8610	8608	0	0.0
8556	8555	0	0.0
8468	8467	0	0.0
8513	8511	0	0.0
8557	8555	0	0.0
8611	8608	0	0.0
8469	8467	0	0.0
8513	8512	0	0.0
8610	8609	0	0.0
8556	8558	0	0.0
8469	8468	0	0.0
8514	8511	0	0.0
8611	8609	0	0.0
8470	8467	0	0.0
8557	8558	0	0.0
8611	8610	0	0.0
8515	8511	0	0.0
8470	8468	0	0.0
8557	8556	0	0.0
8612	8609	0	0.0
8514	8512	0	0.0
8470	8469	0	0.0
8559	8558	0	0.0
8613	8609	0	0.0
8515	8512	0	0.0
8471	8470	0	0.0
8559	8556	0	0.0
8514	8513	0	0.0
8614	8609	0	0.0
8559	8557	0	0.0
8515	8513	0	0.0
8612	8610	0	0.0
8515	8514	0	0.0
8561	8560	0	0.0
8613	8610	0	0.0
8516	8514	0	0.0
8562	8560	0	0.0
8614	8610	0	0.0
8517	8514	0	0.0
8562	8561	0	0.0
8612	8611	0	0.0
8516	8515	0	0.0
8613	8611	0	0.0
8518	8515	0	0.0
8563	8562	0	0.0
8614	8611	0	0.0
8517	8515	0	0.0
8564	8562	0	0.0
8613	8612	0	0.0
8518	8516	0	0.0
8564	8563	0	0.0
8614	8612	0	0.0
8517	8516	0	0.0
8566	8565	0	0.0
8614	8613	0	0.0
8517	8518	0	0.0
8567	8565	0	0.0
8615	8612	0	0.0
8519	8516	0	0.0
8568	8566	0	0.0
8616	8612	0	0.0
8519	8518	0	0.0
8567	8566	0	0.0
8617	8612	0	0.0
8519	8517	0	0.0
8567	8568	0	0.0
8615	8613	0	0.0
8520	8519	0	0.0
8569	8568	0	0.0
8616	8613	0	0.0
8569	8567	0	0.0
8522	8521	0	0.0
8617	8613	0	0.0
8571	8570	0	0.0
8523	8521	0	0.0
8572	8570	0	0.0
8523	8522	0	0.0
8615	8614	0	0.0
8573	8570	0	0.0
8524	8522	0	0.0
8616	8614	0	0.0
8572	8571	0	0.0
8525	8522	0	0.0
8617	8614	0	0.0
8573	8571	0	0.0
8526	8522	0	0.0
8616	8615	0	0.0
8573	8572	0	0.0
8617	8615	0	0.0
8574	8572	0	0.0
8617	8616	0	0.0
8575	8572	0	0.0
8619	8618	0	0.0
8576	8572	0	0.0
8620	8618	0	0.0
8574	8573	0	0.0
8620	8619	0	0.0
8245	8244	2	0.0
8246	8244	2	0.0
8246	8245	2	0.0
8247	8245	2	0.0
8248	8245	2	0.0
8247	8246	2	0.0
8248	8246	2	0.0
8248	8247	2	0.0
8249	8247	2	0.0
8250	8247	2	0.0
8251	8247	2	0.0
8249	8248	2	0.0
8250	8248	2	0.0
8251	8248	2	0.0
8250	8249	2	0.0
8251	8249	2	0.0
8253	8252	2	0.0
8254	8253	2	0.0
8255	8253	2	0.0
8256	8253	2	0.0
8255	8254	2	0.0
8256	8254	2	0.0
8256	8255	2	0.0
8257	8254	2	0.0
8257	8255	2	0.0
8257	8256	2	0.0
8259	8258	2	0.0
8260	8258	2	0.0
8260	8259	2	0.0
8261	8260	2	0.0
8262	8260	2	0.0
8262	8261	2	0.0
8285	8284	2	0.0
8264	8263	2	0.0
8265	8264	2	0.0
8266	8265	2	0.0
8286	8283	2	0.0
8268	8267	2	0.0
8270	8269	2	0.0
8286	8284	2	0.0
8271	8269	2	0.0
8272	8269	2	0.0
8286	8285	2	0.0
8271	8270	2	0.0
8272	8270	2	0.0
8272	8271	2	0.0
8336	8335	2	0.0
8287	8286	2	0.0
8273	8269	2	0.0
8274	8269	2	0.0
8288	8286	2	0.0
8273	8270	2	0.0
8288	8287	2	0.0
8337	8335	2	0.0
8274	8270	2	0.0
8383	8382	2	0.0
8290	8289	2	0.0
8273	8271	2	0.0
8338	8335	2	0.0
8384	8382	2	0.0
8274	8271	2	0.0
8291	8289	2	0.0
8337	8336	2	0.0
8385	8382	2	0.0
8439	8438	2	0.0
8273	8272	2	0.0
8292	8289	2	0.0
8338	8336	2	0.0
8274	8272	2	0.0
8440	8438	2	0.0
8386	8383	2	0.0
8291	8290	2	0.0
8274	8273	2	0.0
8338	8337	2	0.0
8440	8439	2	0.0
8275	8273	2	0.0
8292	8290	2	0.0
8384	8383	2	0.0
8472	8471	2	0.0
8441	8439	2	0.0
8339	8336	2	0.0
8276	8273	2	0.0
8292	8291	2	0.0
8473	8472	2	0.0
8441	8440	2	0.0
8277	8273	2	0.0
8339	8337	2	0.0
8385	8383	2	0.0
8278	8273	2	0.0
8442	8441	2	0.0
8293	8289	2	0.0
8474	8472	2	0.0
8339	8338	2	0.0
8384	8386	2	0.0
8275	8274	2	0.0
8443	8442	2	0.0
8294	8289	2	0.0
8474	8473	2	0.0
8524	8523	2	0.0
8341	8340	2	0.0
8276	8274	2	0.0
8385	8386	2	0.0
8444	8442	2	0.0
8293	8290	2	0.0
8475	8473	2	0.0
8277	8274	2	0.0
8342	8340	2	0.0
8525	8523	2	0.0
8444	8443	2	0.0
8385	8384	2	0.0
8475	8474	2	0.0
8294	8290	2	0.0
8278	8274	2	0.0
8342	8341	2	0.0
8575	8573	2	0.0
8445	8443	2	0.0
8276	8275	2	0.0
8526	8523	2	0.0
8476	8474	2	0.0
8293	8291	2	0.0
8344	8343	2	0.0
8387	8384	2	0.0
8576	8573	2	0.0
8445	8444	2	0.0
8277	8275	2	0.0
8476	8475	2	0.0
8525	8524	2	0.0
8294	8291	2	0.0
8345	8344	2	0.0
8446	8445	2	0.0
8575	8574	2	0.0
8278	8275	2	0.0
8477	8475	2	0.0
8387	8385	2	0.0
8346	8344	2	0.0
8447	8445	2	0.0
8277	8276	2	0.0
8293	8292	2	0.0
8621	8619	2	0.0
8526	8524	2	0.0
8477	8476	2	0.0
8576	8574	2	0.0
8389	8388	2	0.0
8448	8445	2	0.0
8278	8276	2	0.0
8479	8478	2	0.0
8347	8344	2	0.0
8294	8292	2	0.0
8526	8525	2	0.0
8576	8575	2	0.0
8278	8277	2	0.0
8447	8446	2	0.0
8391	8390	2	0.0
8480	8478	2	0.0
8622	8619	2	0.0
8346	8345	2	0.0
8294	8293	2	0.0
8279	8275	2	0.0
8577	8574	2	0.0
8481	8478	2	0.0
8448	8446	2	0.0
8527	8524	2	0.0
8621	8620	2	0.0
8391	8392	2	0.0
8347	8345	2	0.0
8295	8293	2	0.0
8480	8479	2	0.0
8622	8620	2	0.0
8577	8575	2	0.0
8448	8447	2	0.0
8280	8275	2	0.0
8527	8525	2	0.0
8295	8294	2	0.0
8347	8346	2	0.0
8481	8479	2	0.0
8393	8391	2	0.0
8622	8621	2	0.0
8449	8446	2	0.0
8281	8275	2	0.0
8296	8295	2	0.0
8348	8345	2	0.0
8577	8576	2	0.0
8481	8480	2	0.0
8527	8526	2	0.0
8394	8392	2	0.0
8450	8446	2	0.0
8623	8621	2	0.0
8282	8275	2	0.0
8297	8295	2	0.0
8348	8346	2	0.0
8482	8479	2	0.0
8451	8446	2	0.0
8528	8527	2	0.0
8394	8391	2	0.0
8624	8621	2	0.0
8578	8577	2	0.0
8279	8276	2	0.0
8452	8446	2	0.0
8298	8295	2	0.0
8482	8480	2	0.0
8394	8393	2	0.0
8348	8347	2	0.0
8529	8527	2	0.0
8625	8621	2	0.0
8280	8276	2	0.0
8482	8481	2	0.0
8449	8447	2	0.0
8297	8296	2	0.0
8350	8349	2	0.0
8281	8276	2	0.0
8395	8394	2	0.0
8580	8579	2	0.0
8623	8622	2	0.0
8483	8482	2	0.0
8450	8447	2	0.0
8298	8296	2	0.0
8530	8527	2	0.0
8351	8349	2	0.0
8282	8276	2	0.0
8484	8483	2	0.0
8396	8395	2	0.0
8624	8622	2	0.0
8451	8447	2	0.0
8581	8579	2	0.0
8298	8297	2	0.0
8529	8528	2	0.0
8280	8277	2	0.0
8351	8350	2	0.0
8485	8484	2	0.0
8398	8397	2	0.0
8625	8622	2	0.0
8452	8447	2	0.0
8299	8296	2	0.0
8582	8579	2	0.0
8486	8484	2	0.0
8353	8352	2	0.0
8530	8528	2	0.0
8281	8277	2	0.0
8449	8448	2	0.0
8399	8397	2	0.0
8300	8296	2	0.0
8624	8623	2	0.0
8354	8352	2	0.0
8486	8485	2	0.0
8583	8579	2	0.0
8450	8448	2	0.0
8282	8277	2	0.0
8299	8297	2	0.0
8530	8529	2	0.0
8625	8623	2	0.0
8354	8353	2	0.0
8487	8485	2	0.0
8399	8398	2	0.0
8581	8580	2	0.0
8451	8448	2	0.0
8279	8278	2	0.0
8300	8297	2	0.0
8488	8485	2	0.0
8531	8528	2	0.0
8356	8355	2	0.0
8625	8624	2	0.0
8452	8448	2	0.0
8280	8278	2	0.0
8582	8580	2	0.0
8400	8398	2	0.0
8299	8298	2	0.0
8487	8486	2	0.0
8532	8528	2	0.0
8450	8449	2	0.0
8281	8278	2	0.0
8626	8623	2	0.0
8357	8355	2	0.0
8401	8398	2	0.0
8488	8486	2	0.0
8300	8298	2	0.0
8583	8580	2	0.0
8451	8449	2	0.0
8626	8624	2	0.0
8282	8278	2	0.0
8300	8299	2	0.0
8358	8355	2	0.0
8488	8487	2	0.0
8402	8398	2	0.0
8533	8529	2	0.0
8452	8449	2	0.0
8582	8581	2	0.0
8280	8279	2	0.0
8626	8625	2	0.0
8489	8487	2	0.0
8301	8299	2	0.0
8357	8356	2	0.0
8281	8279	2	0.0
8451	8450	2	0.0
8531	8529	2	0.0
8583	8581	2	0.0
8400	8399	2	0.0
8358	8356	2	0.0
8489	8488	2	0.0
8452	8450	2	0.0
8302	8299	2	0.0
8282	8279	2	0.0
8532	8529	2	0.0
8583	8582	2	0.0
8401	8399	2	0.0
8358	8357	2	0.0
8490	8489	2	0.0
8281	8280	2	0.0
8301	8300	2	0.0
8452	8451	2	0.0
8584	8581	2	0.0
8533	8530	2	0.0
8360	8359	2	0.0
8491	8489	2	0.0
8282	8280	2	0.0
8402	8399	2	0.0
8302	8300	2	0.0
8453	8449	2	0.0
8584	8582	2	0.0
8282	8281	2	0.0
8531	8530	2	0.0
8361	8359	2	0.0
8491	8490	2	0.0
8454	8449	2	0.0
8302	8301	2	0.0
8401	8400	2	0.0
8283	8279	2	0.0
8532	8530	2	0.0
8584	8583	2	0.0
8361	8360	2	0.0
8455	8449	2	0.0
8492	8490	2	0.0
8303	8301	2	0.0
8284	8279	2	0.0
8531	8533	2	0.0
8585	8584	2	0.0
8402	8400	2	0.0
8362	8360	2	0.0
8453	8450	2	0.0
8285	8279	2	0.0
8492	8491	2	0.0
8303	8302	2	0.0
8586	8585	2	0.0
8532	8533	2	0.0
8402	8401	2	0.0
8362	8361	2	0.0
8454	8450	2	0.0
8283	8280	2	0.0
8494	8493	2	0.0
8304	8303	2	0.0
8364	8363	2	0.0
8532	8531	2	0.0
8284	8280	2	0.0
8455	8450	2	0.0
8495	8493	2	0.0
8403	8400	2	0.0
8305	8304	2	0.0
8587	8585	2	0.0
8285	8280	2	0.0
8365	8363	2	0.0
8534	8533	2	0.0
8453	8451	2	0.0
8495	8494	2	0.0
8283	8281	2	0.0
8306	8305	2	0.0
8587	8586	2	0.0
8454	8451	2	0.0
8366	8363	2	0.0
8284	8281	2	0.0
8403	8401	2	0.0
8496	8493	2	0.0
8307	8306	2	0.0
8535	8533	2	0.0
8589	8588	2	0.0
8455	8451	2	0.0
8285	8281	2	0.0
8367	8363	2	0.0
8403	8402	2	0.0
8496	8494	2	0.0
8308	8307	2	0.0
8536	8533	2	0.0
8283	8282	2	0.0
8453	8452	2	0.0
8590	8588	2	0.0
8365	8364	2	0.0
8309	8307	2	0.0
8496	8495	2	0.0
8404	8403	2	0.0
8284	8282	2	0.0
8454	8452	2	0.0
8590	8589	2	0.0
8534	8531	2	0.0
8366	8364	2	0.0
8309	8308	2	0.0
8285	8282	2	0.0
8497	8496	2	0.0
8455	8452	2	0.0
8406	8405	2	0.0
8535	8531	2	0.0
8592	8591	2	0.0
8367	8364	2	0.0
8310	8308	2	0.0
8284	8283	2	0.0
8454	8453	2	0.0
8498	8496	2	0.0
8407	8405	2	0.0
8536	8531	2	0.0
8593	8591	2	0.0
8285	8283	2	0.0
8455	8453	2	0.0
8366	8365	2	0.0
8499	8496	2	0.0
8312	8311	2	0.0
8408	8407	2	0.0
8534	8532	2	0.0
8594	8591	2	0.0
8455	8454	2	0.0
8367	8365	2	0.0
8500	8496	2	0.0
8314	8313	2	0.0
8409	8408	2	0.0
8456	8453	2	0.0
8535	8532	2	0.0
8593	8592	2	0.0
8316	8315	2	0.0
8367	8366	2	0.0
8498	8497	2	0.0
8410	8408	2	0.0
8457	8453	2	0.0
8594	8592	2	0.0
8536	8532	2	0.0
8318	8317	2	0.0
8368	8364	2	0.0
8456	8454	2	0.0
8499	8497	2	0.0
8410	8409	2	0.0
8594	8593	2	0.0
8535	8534	2	0.0
8319	8317	2	0.0
8457	8454	2	0.0
8369	8364	2	0.0
8500	8497	2	0.0
8411	8409	2	0.0
8536	8534	2	0.0
8595	8593	2	0.0
8456	8455	2	0.0
8320	8317	2	0.0
8368	8365	2	0.0
8596	8593	2	0.0
8499	8498	2	0.0
8457	8455	2	0.0
8412	8409	2	0.0
8536	8535	2	0.0
8319	8318	2	0.0
8369	8365	2	0.0
8500	8498	2	0.0
8457	8456	2	0.0
8413	8409	2	0.0
8320	8318	2	0.0
8537	8534	2	0.0
8597	8593	2	0.0
8368	8366	2	0.0
8458	8456	2	0.0
8500	8499	2	0.0
8320	8319	2	0.0
8459	8456	2	0.0
8537	8535	2	0.0
8369	8366	2	0.0
8501	8497	2	0.0
8321	8317	2	0.0
8595	8594	2	0.0
8411	8410	2	0.0
8460	8456	2	0.0
8368	8367	2	0.0
8322	8317	2	0.0
8501	8498	2	0.0
8537	8536	2	0.0
8458	8457	2	0.0
8596	8594	2	0.0
8412	8410	2	0.0
8369	8367	2	0.0
8321	8318	2	0.0
8413	8410	2	0.0
8597	8594	2	0.0
8459	8457	2	0.0
8539	8538	2	0.0
8501	8499	2	0.0
8369	8368	2	0.0
8322	8318	2	0.0
8460	8457	2	0.0
8501	8500	2	0.0
8412	8411	2	0.0
8540	8539	2	0.0
8596	8595	2	0.0
8321	8319	2	0.0
8370	8368	2	0.0
8459	8458	2	0.0
8502	8501	2	0.0
8413	8411	2	0.0
8597	8595	2	0.0
8541	8539	2	0.0
8322	8319	2	0.0
8503	8501	2	0.0
8460	8458	2	0.0
8413	8412	2	0.0
8321	8320	2	0.0
8371	8368	2	0.0
8541	8540	2	0.0
8597	8596	2	0.0
8504	8501	2	0.0
8460	8459	2	0.0
8322	8320	2	0.0
8414	8411	2	0.0
8370	8369	2	0.0
8542	8540	2	0.0
8598	8595	2	0.0
8503	8502	2	0.0
8462	8461	2	0.0
8322	8321	2	0.0
8414	8413	2	0.0
8371	8369	2	0.0
8504	8502	2	0.0
8463	8461	2	0.0
8543	8540	2	0.0
8598	8596	2	0.0
8324	8323	2	0.0
8415	8414	2	0.0
8504	8503	2	0.0
8371	8370	2	0.0
8542	8541	2	0.0
8464	8461	2	0.0
8598	8597	2	0.0
8325	8323	2	0.0
8506	8505	2	0.0
8372	8370	2	0.0
8416	8414	2	0.0
8465	8461	2	0.0
8543	8542	2	0.0
8599	8598	2	0.0
8326	8323	2	0.0
8373	8370	2	0.0
8507	8506	2	0.0
8466	8461	2	0.0
8544	8542	2	0.0
8600	8598	2	0.0
8417	8414	2	0.0
8327	8323	2	0.0
8372	8371	2	0.0
8508	8506	2	0.0
8463	8462	2	0.0
8545	8542	2	0.0
8600	8599	2	0.0
8416	8415	2	0.0
8325	8324	2	0.0
8508	8507	2	0.0
8373	8371	2	0.0
8464	8462	2	0.0
8601	8600	2	0.0
8544	8543	2	0.0
8417	8415	2	0.0
8326	8324	2	0.0
8509	8507	2	0.0
8374	8372	2	0.0
8465	8462	2	0.0
8545	8543	2	0.0
8417	8416	2	0.0
8602	8601	2	0.0
8327	8324	2	0.0
8509	8508	2	0.0
8374	8373	2	0.0
8466	8462	2	0.0
8545	8544	2	0.0
8326	8325	2	0.0
8375	8374	2	0.0
8510	8509	2	0.0
8464	8463	2	0.0
8419	8418	2	0.0
8603	8601	2	0.0
8546	8544	2	0.0
8376	8374	2	0.0
8327	8325	2	0.0
8511	8510	2	0.0
8604	8601	2	0.0
8420	8418	2	0.0
8465	8463	2	0.0
8327	8326	2	0.0
8377	8374	2	0.0
8512	8510	2	0.0
8546	8545	2	0.0
8466	8463	2	0.0
8603	8602	2	0.0
8513	8510	2	0.0
8421	8418	2	0.0
8378	8374	2	0.0
8328	8323	2	0.0
8465	8464	2	0.0
8512	8511	2	0.0
8548	8547	2	0.0
8604	8602	2	0.0
8420	8419	2	0.0
8376	8375	2	0.0
8329	8323	2	0.0
8466	8464	2	0.0
8513	8511	2	0.0
8549	8547	2	0.0
8421	8419	2	0.0
8604	8603	2	0.0
8377	8375	2	0.0
8513	8512	2	0.0
8466	8465	2	0.0
8328	8324	2	0.0
8550	8547	2	0.0
8378	8375	2	0.0
8421	8420	2	0.0
8514	8511	2	0.0
8329	8324	2	0.0
8549	8548	2	0.0
8467	8463	2	0.0
8377	8376	2	0.0
8605	8602	2	0.0
8515	8511	2	0.0
8378	8376	2	0.0
8328	8325	2	0.0
8468	8463	2	0.0
8514	8512	2	0.0
8422	8419	2	0.0
8378	8377	2	0.0
8329	8325	2	0.0
8605	8603	2	0.0
8550	8548	2	0.0
8469	8463	2	0.0
8515	8512	2	0.0
8379	8375	2	0.0
8423	8419	2	0.0
8467	8464	2	0.0
8550	8549	2	0.0
8380	8375	2	0.0
8514	8513	2	0.0
8328	8326	2	0.0
8422	8420	2	0.0
8605	8604	2	0.0
8468	8464	2	0.0
8515	8513	2	0.0
8381	8375	2	0.0
8551	8549	2	0.0
8469	8464	2	0.0
8329	8326	2	0.0
8515	8514	2	0.0
8379	8376	2	0.0
8423	8420	2	0.0
8606	8605	2	0.0
8551	8550	2	0.0
8328	8327	2	0.0
8516	8514	2	0.0
8467	8465	2	0.0
8380	8376	2	0.0
8607	8606	2	0.0
8422	8421	2	0.0
8553	8552	2	0.0
8468	8465	2	0.0
8381	8376	2	0.0
8517	8514	2	0.0
8329	8327	2	0.0
8469	8465	2	0.0
8608	8606	2	0.0
8379	8377	2	0.0
8554	8552	2	0.0
8423	8421	2	0.0
8329	8328	2	0.0
8516	8515	2	0.0
8467	8466	2	0.0
8380	8377	2	0.0
8423	8422	2	0.0
8608	8607	2	0.0
8330	8328	2	0.0
8381	8377	2	0.0
8468	8466	2	0.0
8518	8515	2	0.0
8554	8553	2	0.0
8425	8424	2	0.0
8609	8607	2	0.0
8379	8378	2	0.0
8331	8328	2	0.0
8469	8466	2	0.0
8517	8515	2	0.0
8555	8553	2	0.0
8426	8424	2	0.0
8380	8378	2	0.0
8610	8607	2	0.0
8330	8329	2	0.0
8518	8516	2	0.0
8468	8467	2	0.0
8555	8554	2	0.0
8381	8378	2	0.0
8426	8425	2	0.0
8611	8607	2	0.0
8331	8329	2	0.0
8517	8516	2	0.0
8469	8467	2	0.0
8380	8379	2	0.0
8556	8555	2	0.0
8427	8425	2	0.0
8609	8608	2	0.0
8517	8518	2	0.0
8469	8468	2	0.0
8331	8330	2	0.0
8381	8379	2	0.0
8427	8426	2	0.0
8557	8555	2	0.0
8610	8608	2	0.0
8519	8516	2	0.0
8470	8467	2	0.0
8381	8380	2	0.0
8333	8332	2	0.0
8611	8608	2	0.0
8428	8427	2	0.0
8519	8518	2	0.0
8470	8468	2	0.0
8556	8558	2	0.0
8382	8379	2	0.0
8334	8332	2	0.0
8519	8517	2	0.0
8610	8609	2	0.0
8470	8469	2	0.0
8383	8379	2	0.0
8520	8519	2	0.0
8334	8333	2	0.0
8471	8470	2	0.0
8429	8427	2	0.0
8382	8380	2	0.0
8557	8558	2	0.0
8611	8609	2	0.0
8335	8334	2	0.0
8522	8521	2	0.0
8557	8556	2	0.0
8383	8380	2	0.0
8429	8428	2	0.0
8611	8610	2	0.0
8523	8521	2	0.0
8559	8558	2	0.0
8382	8381	2	0.0
8612	8609	2	0.0
8430	8428	2	0.0
8523	8522	2	0.0
8559	8556	2	0.0
8383	8381	2	0.0
8524	8522	2	0.0
8559	8557	2	0.0
8430	8429	2	0.0
8613	8609	2	0.0
8525	8522	2	0.0
8614	8609	2	0.0
8561	8560	2	0.0
8526	8522	2	0.0
8431	8430	2	0.0
8432	8430	2	0.0
8562	8560	2	0.0
8612	8610	2	0.0
8432	8431	2	0.0
8562	8561	2	0.0
8613	8610	2	0.0
8433	8431	2	0.0
8434	8431	2	0.0
8614	8610	2	0.0
8563	8562	2	0.0
8435	8431	2	0.0
8612	8611	2	0.0
8564	8562	2	0.0
8433	8432	2	0.0
8613	8611	2	0.0
8434	8432	2	0.0
8564	8563	2	0.0
8614	8611	2	0.0
8435	8432	2	0.0
8566	8565	2	0.0
8613	8612	2	0.0
8567	8565	2	0.0
8434	8433	2	0.0
8614	8612	2	0.0
8568	8566	2	0.0
8435	8433	2	0.0
8614	8613	2	0.0
8567	8566	2	0.0
8615	8612	2	0.0
8435	8434	2	0.0
8567	8568	2	0.0
8616	8612	2	0.0
8436	8433	2	0.0
8617	8612	2	0.0
8436	8434	2	0.0
8569	8568	2	0.0
8615	8613	2	0.0
8436	8435	2	0.0
8569	8567	2	0.0
8616	8613	2	0.0
8438	8437	2	0.0
8571	8570	2	0.0
8617	8613	2	0.0
8439	8437	2	0.0
8572	8570	2	0.0
8440	8437	2	0.0
8615	8614	2	0.0
8573	8570	2	0.0
8616	8614	2	0.0
8572	8571	2	0.0
8617	8614	2	0.0
8573	8571	2	0.0
8616	8615	2	0.0
8573	8572	2	0.0
8617	8615	2	0.0
8574	8572	2	0.0
8617	8616	2	0.0
8575	8572	2	0.0
8619	8618	2	0.0
8576	8572	2	0.0
8620	8618	2	0.0
8574	8573	2	0.0
8620	8619	2	0.0
8244	8249	0	0.0
8244	8250	0	0.0
8244	8251	0	0.0
8263	8266	0	0.0
8272	8279	0	0.0
8272	8280	0	0.0
8272	8281	0	0.0
8272	8282	0	0.0
8275	8286	0	0.0
8269	8279	0	0.0
8269	8280	0	0.0
8269	8281	0	0.0
8269	8282	0	0.0
8274	8283	0	0.0
8274	8284	0	0.0
8274	8285	0	0.0
8252	8257	0	0.0
8278	8286	0	0.0
8281	8287	0	0.0
8273	8283	0	0.0
8281	8288	0	0.0
8273	8284	0	0.0
8273	8285	0	0.0
8270	8279	0	0.0
8270	8280	0	0.0
8270	8281	0	0.0
8270	8282	0	0.0
8289	8296	0	0.0
8289	8297	0	0.0
8289	8298	0	0.0
8276	8286	0	0.0
8271	8279	0	0.0
8296	8303	0	0.0
8290	8296	0	0.0
8271	8280	0	0.0
8290	8297	0	0.0
8363	8370	0	0.0
8290	8298	0	0.0
8271	8281	0	0.0
8363	8371	0	0.0
8271	8282	0	0.0
8368	8374	0	0.0
8374	8382	0	0.0
8282	8287	0	0.0
8374	8383	0	0.0
8297	8303	0	0.0
8282	8288	0	0.0
8291	8296	0	0.0
8376	8384	0	0.0
8291	8297	0	0.0
8376	8385	0	0.0
8291	8298	0	0.0
8376	8386	0	0.0
8397	8403	0	0.0
8377	8384	0	0.0
8377	8385	0	0.0
8377	8386	0	0.0
8410	8417	0	0.0
8292	8296	0	0.0
8279	8287	0	0.0
8292	8297	0	0.0
8369	8374	0	0.0
8277	8286	0	0.0
8398	8404	0	0.0
8298	8303	0	0.0
8292	8298	0	0.0
8279	8288	0	0.0
8381	8387	0	0.0
8441	8445	0	0.0
8427	8431	0	0.0
8427	8432	0	0.0
8446	8457	0	0.0
8410	8415	0	0.0
8332	8336	0	0.0
8410	8416	0	0.0
8442	8446	0	0.0
8399	8404	0	0.0
8332	8337	0	0.0
8442	8447	0	0.0
8332	8338	0	0.0
8442	8448	0	0.0
8428	8433	0	0.0
8446	8456	0	0.0
8333	8336	0	0.0
8451	8458	0	0.0
8378	8384	0	0.0
8293	8299	0	0.0
8378	8385	0	0.0
8333	8337	0	0.0
8451	8459	0	0.0
8293	8300	0	0.0
8428	8434	0	0.0
8299	8304	0	0.0
8364	8372	0	0.0
8333	8338	0	0.0
8378	8386	0	0.0
8428	8435	0	0.0
8451	8460	0	0.0
8370	8375	0	0.0
8364	8373	0	0.0
8370	8376	0	0.0
8370	8377	0	0.0
8412	8415	0	0.0
8370	8378	0	0.0
8429	8433	0	0.0
8412	8416	0	0.0
8294	8299	0	0.0
8334	8339	0	0.0
8429	8434	0	0.0
8294	8300	0	0.0
8412	8417	0	0.0
8468	8472	0	0.0
8429	8435	0	0.0
8496	8503	0	0.0
8452	8458	0	0.0
8496	8504	0	0.0
8485	8490	0	0.0
8365	8372	0	0.0
8443	8449	0	0.0
8452	8459	0	0.0
8365	8373	0	0.0
8295	8301	0	0.0
8485	8491	0	0.0
8505	8509	0	0.0
8443	8450	0	0.0
8452	8460	0	0.0
8375	8384	0	0.0
8295	8302	0	0.0
8469	8472	0	0.0
8430	8436	0	0.0
8443	8451	0	0.0
8449	8458	0	0.0
8375	8385	0	0.0
8513	8519	0	0.0
8300	8304	0	0.0
8449	8459	0	0.0
8496	8502	0	0.0
8506	8510	0	0.0
8375	8386	0	0.0
8443	8452	0	0.0
8523	8528	0	0.0
8449	8460	0	0.0
8447	8456	0	0.0
8523	8529	0	0.0
8447	8457	0	0.0
8371	8375	0	0.0
8523	8530	0	0.0
8470	8473	0	0.0
8463	8471	0	0.0
8371	8376	0	0.0
8470	8474	0	0.0
8405	8409	0	0.0
8366	8372	0	0.0
8280	8287	0	0.0
8444	8449	0	0.0
8371	8377	0	0.0
8405	8410	0	0.0
8366	8373	0	0.0
8486	8490	0	0.0
8343	8348	0	0.0
8371	8378	0	0.0
8444	8450	0	0.0
8280	8288	0	0.0
8471	8475	0	0.0
8486	8491	0	0.0
8570	8577	0	0.0
8444	8451	0	0.0
8507	8511	0	0.0
8407	8411	0	0.0
8471	8476	0	0.0
8407	8412	0	0.0
8507	8512	0	0.0
8444	8452	0	0.0
8407	8413	0	0.0
8581	8586	0	0.0
8571	8577	0	0.0
8507	8513	0	0.0
8514	8520	0	0.0
8581	8587	0	0.0
8472	8477	0	0.0
8379	8387	0	0.0
8367	8372	0	0.0
8408	8414	0	0.0
8508	8511	0	0.0
8367	8373	0	0.0
8508	8512	0	0.0
8595	8601	0	0.0
8528	8537	0	0.0
8249	8249	0	0.0
8582	8586	0	0.0
8508	8513	0	0.0
8301	8305	0	0.0
8445	8453	0	0.0
8582	8587	0	0.0
8271	8271	0	0.0
8618	8623	0	0.0
8445	8454	0	0.0
8245	8245	0	0.0
8461	8470	0	0.0
8262	8262	0	0.0
8372	8379	0	0.0
8572	8578	0	0.0
8445	8455	0	0.0
8487	8492	0	0.0
8618	8624	0	0.0
8263	8263	0	0.0
8372	8380	0	0.0
8607	8615	0	0.0
8596	8601	0	0.0
8279	8271	0	0.0
8464	8471	0	0.0
8583	8586	0	0.0
8284	8284	0	0.0
8607	8616	0	0.0
8284	8271	0	0.0
8583	8587	0	0.0
8287	8277	0	0.0
8279	8272	0	0.0
8270	8283	0	0.0
8275	8275	0	0.0
8292	8299	0	0.0
8618	8625	0	0.0
8372	8381	0	0.0
8302	8305	0	0.0
8509	8514	0	0.0
8272	8283	0	0.0
8607	8617	0	0.0
8270	8284	0	0.0
8284	8272	0	0.0
8292	8300	0	0.0
8274	8286	0	0.0
8287	8278	0	0.0
8300	8300	0	0.0
8448	8456	0	0.0
8272	8284	0	0.0
8250	8250	0	0.0
8552	8556	0	0.0
8509	8515	0	0.0
8409	8415	0	0.0
8270	8285	0	0.0
8597	8601	0	0.0
8265	8265	0	0.0
8279	8279	0	0.0
8448	8457	0	0.0
8488	8492	0	0.0
8272	8285	0	0.0
8450	8458	0	0.0
8304	8304	0	0.0
8409	8416	0	0.0
8515	8520	0	0.0
8552	8557	0	0.0
8296	8296	0	0.0
8275	8287	0	0.0
8264	8264	0	0.0
8529	8537	0	0.0
8450	8459	0	0.0
8365	8365	0	0.0
8409	8417	0	0.0
8295	8295	0	0.0
8275	8288	0	0.0
8524	8531	0	0.0
8450	8460	0	0.0
8373	8379	0	0.0
8302	8302	0	0.0
8373	8373	0	0.0
8303	8306	0	0.0
8293	8293	0	0.0
8285	8269	0	0.0
8287	8287	0	0.0
8524	8532	0	0.0
8266	8266	0	0.0
8337	8337	0	0.0
8510	8516	0	0.0
8373	8380	0	0.0
8373	8383	0	0.0
8271	8283	0	0.0
8619	8626	0	0.0
8462	8470	0	0.0
8380	8387	0	0.0
8285	8270	0	0.0
8524	8533	0	0.0
8269	8269	0	0.0
8373	8381	0	0.0
8302	8306	0	0.0
8510	8517	0	0.0
8334	8334	0	0.0
8369	8369	0	0.0
8378	8368	0	0.0
8271	8284	0	0.0
8296	8304	0	0.0
8285	8271	0	0.0
8331	8331	0	0.0
8304	8296	0	0.0
8365	8374	0	0.0
8573	8578	0	0.0
8277	8277	0	0.0
8372	8382	0	0.0
8270	8270	0	0.0
8478	8483	0	0.0
8510	8518	0	0.0
8304	8307	0	0.0
8251	8251	0	0.0
8293	8301	0	0.0
8378	8369	0	0.0
8407	8407	0	0.0
8285	8272	0	0.0
8274	8274	0	0.0
8271	8285	0	0.0
8301	8293	0	0.0
8304	8297	0	0.0
8376	8387	0	0.0
8293	8302	0	0.0
8591	8598	0	0.0
8372	8383	0	0.0
8553	8558	0	0.0
8384	8384	0	0.0
8369	8375	0	0.0
8386	8386	0	0.0
8395	8395	0	0.0
8428	8436	0	0.0
8598	8602	0	0.0
8304	8298	0	0.0
8288	8275	0	0.0
8301	8294	0	0.0
8438	8444	0	0.0
8246	8246	0	0.0
8525	8531	0	0.0
8376	8368	0	0.0
8382	8372	0	0.0
8553	8559	0	0.0
8369	8376	0	0.0
8598	8603	0	0.0
8432	8425	0	0.0
8305	8308	0	0.0
8325	8325	0	0.0
8288	8276	0	0.0
8452	8442	0	0.0
8370	8370	0	0.0
8525	8532	0	0.0
8414	8408	0	0.0
8369	8377	0	0.0
8379	8379	0	0.0
8598	8604	0	0.0
8432	8426	0	0.0
8382	8373	0	0.0
8376	8369	0	0.0
8592	8598	0	0.0
8338	8338	0	0.0
8393	8393	0	0.0
8277	8287	0	0.0
8288	8277	0	0.0
8444	8444	0	0.0
8272	8272	0	0.0
8525	8533	0	0.0
8305	8309	0	0.0
8269	8283	0	0.0
8369	8378	0	0.0
8407	8414	0	0.0
8303	8303	0	0.0
8465	8471	0	0.0
8335	8335	0	0.0
8414	8414	0	0.0
8390	8395	0	0.0
8554	8558	0	0.0
8599	8602	0	0.0
8441	8441	0	0.0
8277	8288	0	0.0
8393	8396	0	0.0
8269	8284	0	0.0
8620	8626	0	0.0
8288	8278	0	0.0
8458	8446	0	0.0
8382	8382	0	0.0
8437	8442	0	0.0
8372	8363	0	0.0
8410	8406	0	0.0
8479	8484	0	0.0
8339	8332	0	0.0
8599	8603	0	0.0
8276	8276	0	0.0
8385	8374	0	0.0
8278	8278	0	0.0
8439	8439	0	0.0
8554	8559	0	0.0
8269	8285	0	0.0
8424	8428	0	0.0
8283	8269	0	0.0
8301	8301	0	0.0
8458	8447	0	0.0
8395	8390	0	0.0
8378	8378	0	0.0
8599	8604	0	0.0
8432	8432	0	0.0
8339	8333	0	0.0
8303	8307	0	0.0
8386	8375	0	0.0
8413	8413	0	0.0
8330	8330	0	0.0
8530	8537	0	0.0
8538	8542	0	0.0
8458	8448	0	0.0
8306	8310	0	0.0
8283	8270	0	0.0
8424	8429	0	0.0
8439	8443	0	0.0
8457	8445	0	0.0
8428	8428	0	0.0
8305	8299	0	0.0
8376	8376	0	0.0
8480	8484	0	0.0
8285	8285	0	0.0
8526	8531	0	0.0
8386	8376	0	0.0
8374	8374	0	0.0
8608	8615	0	0.0
8459	8459	0	0.0
8416	8408	0	0.0
8538	8543	0	0.0
8372	8372	0	0.0
8278	8287	0	0.0
8438	8442	0	0.0
8439	8444	0	0.0
8410	8410	0	0.0
8283	8271	0	0.0
8305	8300	0	0.0
8526	8532	0	0.0
8386	8377	0	0.0
8608	8616	0	0.0
8288	8288	0	0.0
8593	8599	0	0.0
8408	8408	0	0.0
8439	8445	0	0.0
8454	8454	0	0.0
8278	8288	0	0.0
8526	8533	0	0.0
8600	8605	0	0.0
8481	8484	0	0.0
8283	8272	0	0.0
8386	8378	0	0.0
8608	8617	0	0.0
8444	8453	0	0.0
8394	8394	0	0.0
8452	8452	0	0.0
8493	8501	0	0.0
8392	8396	0	0.0
8593	8600	0	0.0
8385	8385	0	0.0
8305	8305	0	0.0
8458	8458	0	0.0
8339	8339	0	0.0
8539	8544	0	0.0
8455	8455	0	0.0
8446	8446	0	0.0
8416	8416	0	0.0
8396	8390	0	0.0
8444	8454	0	0.0
8280	8280	0	0.0
8539	8545	0	0.0
8343	8343	0	0.0
8442	8442	0	0.0
8558	8553	0	0.0
8302	8293	0	0.0
8460	8446	0	0.0
8408	8415	0	0.0
8374	8384	0	0.0
8601	8606	0	0.0
8453	8453	0	0.0
8276	8287	0	0.0
8297	8297	0	0.0
8447	8447	0	0.0
8494	8501	0	0.0
8558	8554	0	0.0
8431	8425	0	0.0
8460	8447	0	0.0
8444	8455	0	0.0
8408	8416	0	0.0
8276	8288	0	0.0
8391	8396	0	0.0
8287	8275	0	0.0
8374	8385	0	0.0
8302	8294	0	0.0
8396	8396	0	0.0
8425	8430	0	0.0
8459	8446	0	0.0
8371	8371	0	0.0
8431	8426	0	0.0
8304	8308	0	0.0
8408	8417	0	0.0
8460	8448	0	0.0
8482	8485	0	0.0
8440	8440	0	0.0
8457	8457	0	0.0
8448	8441	0	0.0
8495	8501	0	0.0
8387	8375	0	0.0
8417	8408	0	0.0
8287	8276	0	0.0
8527	8534	0	0.0
8397	8397	0	0.0
8374	8386	0	0.0
8459	8447	0	0.0
8304	8309	0	0.0
8411	8405	0	0.0
8440	8443	0	0.0
8482	8486	0	0.0
8386	8374	0	0.0
8345	8345	0	0.0
8446	8458	0	0.0
8387	8376	0	0.0
8466	8471	0	0.0
8459	8448	0	0.0
8527	8535	0	0.0
8306	8301	0	0.0
8431	8431	0	0.0
8283	8283	0	0.0
8379	8370	0	0.0
8440	8444	0	0.0
8387	8377	0	0.0
8446	8459	0	0.0
8447	8458	0	0.0
8450	8450	0	0.0
8373	8363	0	0.0
8426	8430	0	0.0
8527	8536	0	0.0
8366	8366	0	0.0
8306	8302	0	0.0
8387	8378	0	0.0
8440	8445	0	0.0
8379	8371	0	0.0
8446	8460	0	0.0
8447	8459	0	0.0
8377	8368	0	0.0
8483	8487	0	0.0
8397	8404	0	0.0
8411	8411	0	0.0
8429	8429	0	0.0
8453	8443	0	0.0
8273	8273	0	0.0
8483	8488	0	0.0
8383	8372	0	0.0
8377	8369	0	0.0
8447	8460	0	0.0
8417	8417	0	0.0
8540	8546	0	0.0
8579	8585	0	0.0
8306	8306	0	0.0
8453	8444	0	0.0
8460	8460	0	0.0
8326	8326	0	0.0
8511	8519	0	0.0
8448	8448	0	0.0
8383	8373	0	0.0
8455	8443	0	0.0
8387	8387	0	0.0
8461	8461	0	0.0
8380	8380	0	0.0
8366	8374	0	0.0
8602	8607	0	0.0
8484	8489	0	0.0
8346	8346	0	0.0
8455	8444	0	0.0
8474	8474	0	0.0
8602	8608	0	0.0
8412	8405	0	0.0
8400	8400	0	0.0
8456	8445	0	0.0
8383	8383	0	0.0
8252	8252	0	0.0
8298	8298	0	0.0
8429	8436	0	0.0
8470	8470	0	0.0
8441	8446	0	0.0
8486	8486	0	0.0
8472	8472	0	0.0
8415	8408	0	0.0
8580	8585	0	0.0
8594	8599	0	0.0
8273	8286	0	0.0
8495	8495	0	0.0
8461	8471	0	0.0
8384	8374	0	0.0
8305	8310	0	0.0
8493	8502	0	0.0
8541	8546	0	0.0
8441	8447	0	0.0
8594	8600	0	0.0
8484	8484	0	0.0
8603	8607	0	0.0
8377	8377	0	0.0
8307	8303	0	0.0
8464	8464	0	0.0
8294	8294	0	0.0
8493	8503	0	0.0
8441	8448	0	0.0
8415	8415	0	0.0
8297	8304	0	0.0
8521	8527	0	0.0
8603	8608	0	0.0
8475	8470	0	0.0
8281	8281	0	0.0
8510	8510	0	0.0
8493	8504	0	0.0
8284	8269	0	0.0
8412	8412	0	0.0
8443	8437	0	0.0
8370	8379	0	0.0
8512	8519	0	0.0
8495	8502	0	0.0
8418	8418	0	0.0
8484	8490	0	0.0
8307	8307	0	0.0
8520	8514	0	0.0
8370	8380	0	0.0
8443	8438	0	0.0
8284	8270	0	0.0
8464	8472	0	0.0
8256	8256	0	0.0
8512	8520	0	0.0
8504	8504	0	0.0
8604	8607	0	0.0
8347	8347	0	0.0
8495	8503	0	0.0
8484	8491	0	0.0
8526	8536	0	0.0
8370	8381	0	0.0
8475	8475	0	0.0
8344	8344	0	0.0
8495	8504	0	0.0
8374	8364	0	0.0
8286	8273	0	0.0
8528	8528	0	0.0
8456	8456	0	0.0
8500	8500	0	0.0
8530	8521	0	0.0
8520	8520	0	0.0
8510	8519	0	0.0
8443	8443	0	0.0
8518	8509	0	0.0
8467	8467	0	0.0
8488	8482	0	0.0
8374	8365	0	0.0
8498	8498	0	0.0
8286	8274	0	0.0
8604	8608	0	0.0
8294	8301	0	0.0
8514	8507	0	0.0
8521	8521	0	0.0
8422	8422	0	0.0
8503	8493	0	0.0
8374	8366	0	0.0
8564	8564	0	0.0
8497	8497	0	0.0
8294	8302	0	0.0
8514	8508	0	0.0
8286	8277	0	0.0
8577	8577	0	0.0
8536	8536	0	0.0
8503	8494	0	0.0
8476	8470	0	0.0
8374	8367	0	0.0
8348	8348	0	0.0
8522	8528	0	0.0
8524	8534	0	0.0
8308	8304	0	0.0
8446	8441	0	0.0
8493	8493	0	0.0
8531	8531	0	0.0
8467	8472	0	0.0
8591	8591	0	0.0
8536	8524	0	0.0
8359	8359	0	0.0
8544	8544	0	0.0
8454	8443	0	0.0
8522	8529	0	0.0
8503	8495	0	0.0
8401	8401	0	0.0
8413	8405	0	0.0
8524	8535	0	0.0
8561	8561	0	0.0
8254	8254	0	0.0
8502	8493	0	0.0
8521	8528	0	0.0
8573	8573	0	0.0
8518	8518	0	0.0
8454	8444	0	0.0
8600	8600	0	0.0
8536	8525	0	0.0
8308	8308	0	0.0
8530	8530	0	0.0
8380	8370	0	0.0
8524	8536	0	0.0
8522	8530	0	0.0
8502	8494	0	0.0
8387	8379	0	0.0
8521	8529	0	0.0
8537	8527	0	0.0
8536	8526	0	0.0
8605	8609	0	0.0
8476	8476	0	0.0
8614	8614	0	0.0
8488	8488	0	0.0
8604	8604	0	0.0
8527	8527	0	0.0
8514	8514	0	0.0
8362	8362	0	0.0
8380	8371	0	0.0
8387	8380	0	0.0
8502	8495	0	0.0
8591	8599	0	0.0
8596	8596	0	0.0
8444	8437	0	0.0
8605	8610	0	0.0
8521	8530	0	0.0
8541	8541	0	0.0
8563	8563	0	0.0
8601	8601	0	0.0
8465	8465	0	0.0
8363	8363	0	0.0
8591	8600	0	0.0
8387	8381	0	0.0
8609	8609	0	0.0
8444	8438	0	0.0
8605	8611	0	0.0
8423	8423	0	0.0
8473	8473	0	0.0
8503	8503	0	0.0
8377	8387	0	0.0
8513	8513	0	0.0
8309	8304	0	0.0
8611	8611	0	0.0
8286	8286	0	0.0
8424	8424	0	0.0
8448	8458	0	0.0
8476	8471	0	0.0
8601	8607	0	0.0
8327	8327	0	0.0
8610	8610	0	0.0
8255	8255	0	0.0
8599	8591	0	0.0
8502	8502	0	0.0
8617	8606	0	0.0
8545	8538	0	0.0
8465	8472	0	0.0
8409	8409	0	0.0
8282	8282	0	0.0
8601	8608	0	0.0
8448	8459	0	0.0
8363	8372	0	0.0
8599	8592	0	0.0
8253	8253	0	0.0
8574	8574	0	0.0
8606	8606	0	0.0
8524	8524	0	0.0
8537	8537	0	0.0
8615	8606	0	0.0
8606	8612	0	0.0
8513	8520	0	0.0
8605	8598	0	0.0
8448	8460	0	0.0
8363	8373	0	0.0
8309	8309	0	0.0
8527	8537	0	0.0
8468	8468	0	0.0
8606	8613	0	0.0
8367	8367	0	0.0
8390	8390	0	0.0
8516	8509	0	0.0
8487	8482	0	0.0
8605	8599	0	0.0
8578	8570	0	0.0
8424	8430	0	0.0
8606	8614	0	0.0
8430	8430	0	0.0
8531	8522	0	0.0
8599	8599	0	0.0
8515	8507	0	0.0
8532	8532	0	0.0
8244	8244	0	0.0
8371	8379	0	0.0
8402	8402	0	0.0
8525	8525	0	0.0
8578	8571	0	0.0
8310	8305	0	0.0
8531	8523	0	0.0
8515	8508	0	0.0
8371	8380	0	0.0
8257	8257	0	0.0
8398	8398	0	0.0
8545	8545	0	0.0
8477	8471	0	0.0
8414	8407	0	0.0
8504	8493	0	0.0
8258	8258	0	0.0
8565	8565	0	0.0
8371	8381	0	0.0
8516	8516	0	0.0
8433	8427	0	0.0
8392	8392	0	0.0
8367	8374	0	0.0
8427	8427	0	0.0
8542	8542	0	0.0
8617	8617	0	0.0
8487	8487	0	0.0
8504	8494	0	0.0
8368	8368	0	0.0
8442	8449	0	0.0
8529	8529	0	0.0
8578	8578	0	0.0
8425	8425	0	0.0
8606	8615	0	0.0
8596	8602	0	0.0
8261	8261	0	0.0
8499	8499	0	0.0
8605	8605	0	0.0
8618	8618	0	0.0
8442	8450	0	0.0
8289	8289	0	0.0
8504	8495	0	0.0
8310	8310	0	0.0
8477	8477	0	0.0
8546	8539	0	0.0
8485	8485	0	0.0
8373	8382	0	0.0
8433	8433	0	0.0
8596	8603	0	0.0
8602	8602	0	0.0
8606	8616	0	0.0
8525	8534	0	0.0
8466	8466	0	0.0
8381	8381	0	0.0
8596	8604	0	0.0
8575	8575	0	0.0
8442	8451	0	0.0
8451	8451	0	0.0
8615	8615	0	0.0
8425	8431	0	0.0
8525	8535	0	0.0
8515	8515	0	0.0
8606	8617	0	0.0
8568	8568	0	0.0
8600	8591	0	0.0
8375	8368	0	0.0
8447	8441	0	0.0
8442	8452	0	0.0
8425	8432	0	0.0
8310	8306	0	0.0
8533	8533	0	0.0
8525	8536	0	0.0
8511	8511	0	0.0
8403	8403	0	0.0
8600	8592	0	0.0
8466	8472	0	0.0
8375	8369	0	0.0
8611	8602	0	0.0
8445	8439	0	0.0
8534	8524	0	0.0
8517	8509	0	0.0
8528	8521	0	0.0
8248	8248	0	0.0
8485	8492	0	0.0
8618	8626	0	0.0
8546	8546	0	0.0
8434	8427	0	0.0
8469	8469	0	0.0
8511	8520	0	0.0
8399	8399	0	0.0
8489	8483	0	0.0
8390	8396	0	0.0
8323	8323	0	0.0
8534	8525	0	0.0
8462	8462	0	0.0
8621	8621	0	0.0
8543	8543	0	0.0
8537	8528	0	0.0
8445	8440	0	0.0
8611	8603	0	0.0
8381	8370	0	0.0
8445	8445	0	0.0
8534	8526	0	0.0
8298	8304	0	0.0
8478	8478	0	0.0
8259	8259	0	0.0
8602	8609	0	0.0
8434	8434	0	0.0
8597	8597	0	0.0
8505	8505	0	0.0
8289	8299	0	0.0
8381	8371	0	0.0
8332	8332	0	0.0
8611	8604	0	0.0
8375	8375	0	0.0
8602	8610	0	0.0
8546	8541	0	0.0
8616	8606	0	0.0
8462	8471	0	0.0
8289	8300	0	0.0
8517	8517	0	0.0
8489	8489	0	0.0
8592	8592	0	0.0
8364	8364	0	0.0
8478	8484	0	0.0
8569	8569	0	0.0
8602	8611	0	0.0
8576	8576	0	0.0
8532	8522	0	0.0
8435	8427	0	0.0
8505	8510	0	0.0
8606	8600	0	0.0
8391	8391	0	0.0
8532	8523	0	0.0
8592	8599	0	0.0
8538	8538	0	0.0
8534	8534	0	0.0
8566	8566	0	0.0
8364	8374	0	0.0
8332	8339	0	0.0
8592	8600	0	0.0
8507	8507	0	0.0
8445	8456	0	0.0
8295	8303	0	0.0
8547	8547	0	0.0
8482	8482	0	0.0
8247	8247	0	0.0
8486	8492	0	0.0
8404	8397	0	0.0
8445	8457	0	0.0
8299	8289	0	0.0
8579	8579	0	0.0
8479	8479	0	0.0
8467	8473	0	0.0
8435	8435	0	0.0
8416	8412	0	0.0
8622	8622	0	0.0
8538	8544	0	0.0
8299	8290	0	0.0
8603	8603	0	0.0
8449	8442	0	0.0
8467	8474	0	0.0
8595	8595	0	0.0
8279	8269	0	0.0
8619	8619	0	0.0
8368	8375	0	0.0
8299	8291	0	0.0
8616	8616	0	0.0
8290	8290	0	0.0
8538	8545	0	0.0
8494	8494	0	0.0
8607	8607	0	0.0
8471	8461	0	0.0
8443	8453	0	0.0
8333	8333	0	0.0
8436	8428	0	0.0
8579	8586	0	0.0
8426	8426	0	0.0
8279	8270	0	0.0
8479	8485	0	0.0
8299	8292	0	0.0
8368	8376	0	0.0
8404	8404	0	0.0
8443	8454	0	0.0
8529	8521	0	0.0
8471	8462	0	0.0
8570	8570	0	0.0
8436	8429	0	0.0
8551	8551	0	0.0
8579	8587	0	0.0
8479	8486	0	0.0
8368	8377	0	0.0
8540	8540	0	0.0
8443	8455	0	0.0
8535	8524	0	0.0
8597	8602	0	0.0
8603	8609	0	0.0
8368	8378	0	0.0
8526	8526	0	0.0
8603	8610	0	0.0
8597	8603	0	0.0
8426	8431	0	0.0
8535	8525	0	0.0
8548	8548	0	0.0
8471	8471	0	0.0
8494	8502	0	0.0
8449	8449	0	0.0
8299	8299	0	0.0
8522	8522	0	0.0
8426	8432	0	0.0
8597	8604	0	0.0
8603	8611	0	0.0
8508	8508	0	0.0
8483	8483	0	0.0
8570	8578	0	0.0
8535	8526	0	0.0
8623	8623	0	0.0
8494	8503	0	0.0
8333	8339	0	0.0
8436	8436	0	0.0
8506	8506	0	0.0
8417	8412	0	0.0
8584	8584	0	0.0
8612	8605	0	0.0
8324	8324	0	0.0
8496	8496	0	0.0
8490	8484	0	0.0
8480	8480	0	0.0
8494	8504	0	0.0
8290	8299	0	0.0
8580	8580	0	0.0
8468	8473	0	0.0
8506	8511	0	0.0
8290	8300	0	0.0
8480	8485	0	0.0
8375	8387	0	0.0
8490	8490	0	0.0
8468	8474	0	0.0
8506	8512	0	0.0
8552	8552	0	0.0
8580	8586	0	0.0
8300	8289	0	0.0
8480	8486	0	0.0
8522	8531	0	0.0
8598	8598	0	0.0
8506	8513	0	0.0
8518	8510	0	0.0
8300	8290	0	0.0
8580	8587	0	0.0
8539	8539	0	0.0
8612	8612	0	0.0
8522	8532	0	0.0
8300	8291	0	0.0
8533	8522	0	0.0
8300	8292	0	0.0
8552	8558	0	0.0
8336	8336	0	0.0
8437	8437	0	0.0
8501	8501	0	0.0
8522	8533	0	0.0
8491	8484	0	0.0
8624	8624	0	0.0
8533	8523	0	0.0
8535	8535	0	0.0
8509	8509	0	0.0
8415	8412	0	0.0
8598	8605	0	0.0
8552	8559	0	0.0
8604	8609	0	0.0
8539	8546	0	0.0
8437	8443	0	0.0
8601	8593	0	0.0
8450	8442	0	0.0
8481	8481	0	0.0
8604	8610	0	0.0
8512	8512	0	0.0
8437	8444	0	0.0
8405	8405	0	0.0
8378	8387	0	0.0
8581	8581	0	0.0
8601	8594	0	0.0
8604	8611	0	0.0
8291	8291	0	0.0
8519	8510	0	0.0
8481	8485	0	0.0
8555	8555	0	0.0
8491	8491	0	0.0
8299	8305	0	0.0
8481	8486	0	0.0
8553	8553	0	0.0
8469	8473	0	0.0
8463	8463	0	0.0
8405	8411	0	0.0
8427	8433	0	0.0
8303	8295	0	0.0
8469	8474	0	0.0
8613	8605	0	0.0
8593	8593	0	0.0
8405	8412	0	0.0
8438	8438	0	0.0
8507	8514	0	0.0
8427	8434	0	0.0
8519	8519	0	0.0
8625	8625	0	0.0
8405	8413	0	0.0
8427	8435	0	0.0
8438	8443	0	0.0
8463	8472	0	0.0
8523	8523	0	0.0
8507	8515	0	0.0
8408	8406	0	0.0
8585	8585	0	0.0
8291	8299	0	0.0
8430	8424	0	0.0
8593	8601	0	0.0
8556	8556	0	0.0
8620	8620	0	0.0
8510	8505	0	0.0
8291	8300	0	0.0
8582	8582	0	0.0
8599	8605	0	0.0
8482	8487	0	0.0
8605	8612	0	0.0
8601	8595	0	0.0
8406	8406	0	0.0
8482	8488	0	0.0
8605	8613	0	0.0
8613	8613	0	0.0
8533	8524	0	0.0
8601	8596	0	0.0
8406	8408	0	0.0
8484	8478	0	0.0
8523	8531	0	0.0
8605	8614	0	0.0
8601	8597	0	0.0
8533	8525	0	0.0
8526	8534	0	0.0
8406	8409	0	0.0
8470	8475	0	0.0
8608	8601	0	0.0
8526	8535	0	0.0
8544	8538	0	0.0
8300	8305	0	0.0
8523	8532	0	0.0
8533	8526	0	0.0
8470	8476	0	0.0
8406	8410	0	0.0
8523	8533	0	0.0
8594	8594	0	0.0
8472	8463	0	0.0
8520	8511	0	0.0
8557	8557	0	0.0
8520	8512	0	0.0
8472	8464	0	0.0
8451	8442	0	0.0
8608	8608	0	0.0
8520	8513	0	0.0
8583	8583	0	0.0
8472	8465	0	0.0
8292	8292	0	0.0
8594	8601	0	0.0
8600	8606	0	0.0
8554	8554	0	0.0
8508	8514	0	0.0
8472	8466	0	0.0
8483	8489	0	0.0
8614	8605	0	0.0
8602	8595	0	0.0
8508	8515	0	0.0
8485	8479	0	0.0
8602	8596	0	0.0
8571	8571	0	0.0
8485	8480	0	0.0
8602	8597	0	0.0
8492	8485	0	0.0
8485	8481	0	0.0
8409	8406	0	0.0
8571	8578	0	0.0
8492	8486	0	0.0
8301	8306	0	0.0
8586	8579	0	0.0
8471	8477	0	0.0
8586	8580	0	0.0
8473	8467	0	0.0
8607	8601	0	0.0
8492	8492	0	0.0
8473	8468	0	0.0
8509	8516	0	0.0
8586	8586	0	0.0
8473	8469	0	0.0
8603	8595	0	0.0
8509	8517	0	0.0
8486	8479	0	0.0
8603	8596	0	0.0
8509	8518	0	0.0
8543	8538	0	0.0
8486	8480	0	0.0
8587	8579	0	0.0
8512	8506	0	0.0
8603	8597	0	0.0
8626	8618	0	0.0
8486	8481	0	0.0
8587	8580	0	0.0
8595	8602	0	0.0
8558	8552	0	0.0
8595	8603	0	0.0
8595	8604	0	0.0
8474	8467	0	0.0
8558	8558	0	0.0
8587	8587	0	0.0
8626	8626	0	0.0
8474	8468	0	0.0
8474	8469	0	0.0
8559	8552	0	0.0
8604	8595	0	0.0
8609	8602	0	0.0
8604	8596	0	0.0
8609	8603	0	0.0
8604	8597	0	0.0
8513	8506	0	0.0
8609	8604	0	0.0
8559	8559	0	0.0
8560	8560	0	0.0
8572	8572	0	0.0
8511	8506	0	0.0
8610	8602	0	0.0
8610	8603	0	0.0
8610	8604	0	0.0
8244	8249	2	0.0
8244	8250	2	0.0
8244	8251	2	0.0
8263	8266	2	0.0
8272	8279	2	0.0
8272	8280	2	0.0
8272	8281	2	0.0
8272	8282	2	0.0
8269	8279	2	0.0
8269	8280	2	0.0
8269	8281	2	0.0
8269	8282	2	0.0
8274	8283	2	0.0
8274	8284	2	0.0
8275	8286	2	0.0
8274	8285	2	0.0
8273	8283	2	0.0
8270	8279	2	0.0
8270	8280	2	0.0
8273	8284	2	0.0
8270	8281	2	0.0
8273	8285	2	0.0
8252	8257	2	0.0
8270	8282	2	0.0
8281	8287	2	0.0
8278	8286	2	0.0
8281	8288	2	0.0
8276	8286	2	0.0
8271	8279	2	0.0
8271	8280	2	0.0
8289	8296	2	0.0
8271	8281	2	0.0
8271	8282	2	0.0
8289	8297	2	0.0
8289	8298	2	0.0
8290	8296	2	0.0
8290	8297	2	0.0
8296	8303	2	0.0
8290	8298	2	0.0
8279	8287	2	0.0
8277	8286	2	0.0
8279	8288	2	0.0
8282	8287	2	0.0
8297	8303	2	0.0
8282	8288	2	0.0
8291	8296	2	0.0
8291	8297	2	0.0
8291	8298	2	0.0
8298	8303	2	0.0
8363	8370	2	0.0
8363	8371	2	0.0
8292	8296	2	0.0
8292	8297	2	0.0
8292	8298	2	0.0
8299	8304	2	0.0
8368	8374	2	0.0
8374	8382	2	0.0
8374	8383	2	0.0
8364	8372	2	0.0
8300	8304	2	0.0
8364	8373	2	0.0
8376	8384	2	0.0
8293	8299	2	0.0
8376	8385	2	0.0
8280	8287	2	0.0
8376	8386	2	0.0
8293	8300	2	0.0
8280	8288	2	0.0
8369	8374	2	0.0
8377	8384	2	0.0
8365	8372	2	0.0
8377	8385	2	0.0
8365	8373	2	0.0
8377	8386	2	0.0
8301	8305	2	0.0
8332	8336	2	0.0
8294	8299	2	0.0
8397	8403	2	0.0
8294	8300	2	0.0
8332	8337	2	0.0
8302	8305	2	0.0
8381	8387	2	0.0
8332	8338	2	0.0
8370	8375	2	0.0
8366	8372	2	0.0
8333	8336	2	0.0
8366	8373	2	0.0
8370	8376	2	0.0
8398	8404	2	0.0
8333	8337	2	0.0
8370	8377	2	0.0
8303	8306	2	0.0
8295	8301	2	0.0
8333	8338	2	0.0
8410	8417	2	0.0
8370	8378	2	0.0
8295	8302	2	0.0
8304	8307	2	0.0
8378	8384	2	0.0
8305	8308	2	0.0
8378	8385	2	0.0
8367	8372	2	0.0
8334	8339	2	0.0
8305	8309	2	0.0
8399	8404	2	0.0
8378	8386	2	0.0
8367	8373	2	0.0
8410	8415	2	0.0
8375	8384	2	0.0
8410	8416	2	0.0
8306	8310	2	0.0
8427	8431	2	0.0
8375	8385	2	0.0
8427	8432	2	0.0
8375	8386	2	0.0
8441	8445	2	0.0
8371	8375	2	0.0
8371	8376	2	0.0
8412	8415	2	0.0
8371	8377	2	0.0
8442	8446	2	0.0
8428	8433	2	0.0
8446	8457	2	0.0
8412	8416	2	0.0
8371	8378	2	0.0
8442	8447	2	0.0
8412	8417	2	0.0
8428	8434	2	0.0
8442	8448	2	0.0
8428	8435	2	0.0
8446	8456	2	0.0
8343	8348	2	0.0
8429	8433	2	0.0
8405	8409	2	0.0
8379	8387	2	0.0
8429	8434	2	0.0
8405	8410	2	0.0
8429	8435	2	0.0
8451	8458	2	0.0
8407	8411	2	0.0
8451	8459	2	0.0
8407	8412	2	0.0
8372	8379	2	0.0
8407	8413	2	0.0
8449	8458	2	0.0
8451	8460	2	0.0
8430	8436	2	0.0
8372	8380	2	0.0
8443	8449	2	0.0
8449	8459	2	0.0
8372	8381	2	0.0
8449	8460	2	0.0
8408	8414	2	0.0
8443	8450	2	0.0
8443	8451	2	0.0
8373	8379	2	0.0
8380	8387	2	0.0
8443	8452	2	0.0
8373	8380	2	0.0
8452	8458	2	0.0
8447	8456	2	0.0
8373	8381	2	0.0
8447	8457	2	0.0
8452	8459	2	0.0
8409	8415	2	0.0
8444	8449	2	0.0
8452	8460	2	0.0
8409	8416	2	0.0
8409	8417	2	0.0
8444	8450	2	0.0
8444	8451	2	0.0
8444	8452	2	0.0
8390	8395	2	0.0
8463	8471	2	0.0
8468	8472	2	0.0
8445	8453	2	0.0
8392	8396	2	0.0
8485	8490	2	0.0
8445	8454	2	0.0
8485	8491	2	0.0
8496	8503	2	0.0
8445	8455	2	0.0
8391	8396	2	0.0
8469	8472	2	0.0
8496	8504	2	0.0
8424	8428	2	0.0
8450	8458	2	0.0
8393	8396	2	0.0
8450	8459	2	0.0
8424	8429	2	0.0
8437	8442	2	0.0
8448	8456	2	0.0
8450	8460	2	0.0
8464	8471	2	0.0
8448	8457	2	0.0
8505	8509	2	0.0
8470	8473	2	0.0
8438	8442	2	0.0
8496	8502	2	0.0
8470	8474	2	0.0
8486	8490	2	0.0
8486	8491	2	0.0
8471	8475	2	0.0
8513	8519	2	0.0
8471	8476	2	0.0
8425	8430	2	0.0
8506	8510	2	0.0
8439	8443	2	0.0
8439	8444	2	0.0
8472	8477	2	0.0
8426	8430	2	0.0
8461	8470	2	0.0
8523	8528	2	0.0
8523	8529	2	0.0
8440	8443	2	0.0
8523	8530	2	0.0
8440	8444	2	0.0
8507	8511	2	0.0
8487	8492	2	0.0
8507	8512	2	0.0
8465	8471	2	0.0
8507	8513	2	0.0
8514	8520	2	0.0
8488	8492	2	0.0
8508	8511	2	0.0
8508	8512	2	0.0
8462	8470	2	0.0
8528	8537	2	0.0
8508	8513	2	0.0
8509	8514	2	0.0
8515	8520	2	0.0
8509	8515	2	0.0
8570	8577	2	0.0
8478	8483	2	0.0
8466	8471	2	0.0
8510	8516	2	0.0
8529	8537	2	0.0
8510	8517	2	0.0
8571	8577	2	0.0
8510	8518	2	0.0
8493	8501	2	0.0
8524	8531	2	0.0
8479	8484	2	0.0
8494	8501	2	0.0
8524	8532	2	0.0
8581	8586	2	0.0
8480	8484	2	0.0
8524	8533	2	0.0
8581	8587	2	0.0
8572	8578	2	0.0
8495	8501	2	0.0
8552	8556	2	0.0
8481	8484	2	0.0
8552	8557	2	0.0
8530	8537	2	0.0
8525	8531	2	0.0
8582	8586	2	0.0
8595	8601	2	0.0
8525	8532	2	0.0
8582	8587	2	0.0
8482	8485	2	0.0
8482	8486	2	0.0
8525	8533	2	0.0
8607	8615	2	0.0
8483	8487	2	0.0
8607	8616	2	0.0
8596	8601	2	0.0
8483	8488	2	0.0
8573	8578	2	0.0
8467	8472	2	0.0
8511	8519	2	0.0
8553	8558	2	0.0
8607	8617	2	0.0
8538	8542	2	0.0
8526	8531	2	0.0
8583	8586	2	0.0
8538	8543	2	0.0
8553	8559	2	0.0
8526	8532	2	0.0
8484	8489	2	0.0
8583	8587	2	0.0
8597	8601	2	0.0
8526	8533	2	0.0
8618	8623	2	0.0
8539	8544	2	0.0
8554	8558	2	0.0
8539	8545	2	0.0
8512	8519	2	0.0
8618	8624	2	0.0
8554	8559	2	0.0
8521	8527	2	0.0
8618	8625	2	0.0
8249	8249	2	0.0
8245	8245	2	0.0
8527	8534	2	0.0
8527	8535	2	0.0
8527	8536	2	0.0
8250	8250	2	0.0
8598	8602	2	0.0
8540	8546	2	0.0
8608	8615	2	0.0
8619	8626	2	0.0
8591	8598	2	0.0
8558	8553	2	0.0
8598	8603	2	0.0
8608	8616	2	0.0
8522	8528	2	0.0
8262	8262	2	0.0
8558	8554	2	0.0
8522	8529	2	0.0
8608	8617	2	0.0
8598	8604	2	0.0
8263	8263	2	0.0
8522	8530	2	0.0
8599	8602	2	0.0
8599	8603	2	0.0
8592	8598	2	0.0
8271	8271	2	0.0
8541	8546	2	0.0
8251	8251	2	0.0
8265	8265	2	0.0
8620	8626	2	0.0
8599	8604	2	0.0
8270	8283	2	0.0
8246	8246	2	0.0
8264	8264	2	0.0
8579	8585	2	0.0
8270	8284	2	0.0
8270	8285	2	0.0
8600	8605	2	0.0
8266	8266	2	0.0
8593	8599	2	0.0
8272	8283	2	0.0
8269	8269	2	0.0
8271	8283	2	0.0
8272	8284	2	0.0
8580	8585	2	0.0
8593	8600	2	0.0
8272	8285	2	0.0
8275	8275	2	0.0
8601	8606	2	0.0
8271	8284	2	0.0
8271	8285	2	0.0
8270	8270	2	0.0
8277	8277	2	0.0
8274	8286	2	0.0
8279	8271	2	0.0
8284	8284	2	0.0
8269	8283	2	0.0
8279	8272	2	0.0
8276	8276	2	0.0
8272	8272	2	0.0
8269	8284	2	0.0
8279	8279	2	0.0
8275	8287	2	0.0
8602	8607	2	0.0
8269	8285	2	0.0
8284	8271	2	0.0
8602	8608	2	0.0
8275	8288	2	0.0
8274	8274	2	0.0
8284	8272	2	0.0
8285	8269	2	0.0
8603	8607	2	0.0
8287	8277	2	0.0
8285	8270	2	0.0
8603	8608	2	0.0
8285	8271	2	0.0
8252	8252	2	0.0
8287	8278	2	0.0
8604	8607	2	0.0
8277	8287	2	0.0
8285	8272	2	0.0
8604	8608	2	0.0
8594	8599	2	0.0
8292	8299	2	0.0
8277	8288	2	0.0
8287	8287	2	0.0
8283	8269	2	0.0
8292	8300	2	0.0
8594	8600	2	0.0
8256	8256	2	0.0
8278	8278	2	0.0
8283	8270	2	0.0
8300	8300	2	0.0
8273	8273	2	0.0
8283	8271	2	0.0
8605	8609	2	0.0
8283	8272	2	0.0
8296	8296	2	0.0
8605	8610	2	0.0
8288	8275	2	0.0
8244	8244	2	0.0
8278	8287	2	0.0
8605	8611	2	0.0
8295	8295	2	0.0
8288	8276	2	0.0
8278	8288	2	0.0
8254	8254	2	0.0
8280	8280	2	0.0
8285	8285	2	0.0
8273	8286	2	0.0
8296	8304	2	0.0
8288	8277	2	0.0
8293	8293	2	0.0
8304	8304	2	0.0
8606	8612	2	0.0
8301	8293	2	0.0
8283	8283	2	0.0
8288	8278	2	0.0
8606	8613	2	0.0
8301	8294	2	0.0
8302	8302	2	0.0
8606	8614	2	0.0
8302	8306	2	0.0
8248	8248	2	0.0
8301	8301	2	0.0
8276	8287	2	0.0
8255	8255	2	0.0
8293	8301	2	0.0
8304	8296	2	0.0
8253	8253	2	0.0
8276	8288	2	0.0
8304	8297	2	0.0
8288	8288	2	0.0
8293	8302	2	0.0
8331	8331	2	0.0
8365	8365	2	0.0
8304	8298	2	0.0
8337	8337	2	0.0
8284	8269	2	0.0
8302	8293	2	0.0
8334	8334	2	0.0
8257	8257	2	0.0
8284	8270	2	0.0
8373	8373	2	0.0
8302	8294	2	0.0
8287	8275	2	0.0
8258	8258	2	0.0
8325	8325	2	0.0
8303	8303	2	0.0
8365	8374	2	0.0
8287	8276	2	0.0
8247	8247	2	0.0
8369	8369	2	0.0
8261	8261	2	0.0
8286	8273	2	0.0
8303	8307	2	0.0
8370	8370	2	0.0
8286	8274	2	0.0
8281	8281	2	0.0
8338	8338	2	0.0
8372	8382	2	0.0
8305	8299	2	0.0
8369	8375	2	0.0
8286	8277	2	0.0
8372	8383	2	0.0
8330	8330	2	0.0
8335	8335	2	0.0
8369	8376	2	0.0
8305	8300	2	0.0
8373	8383	2	0.0
8376	8368	2	0.0
8339	8332	2	0.0
8369	8377	2	0.0
8297	8297	2	0.0
8376	8369	2	0.0
8378	8368	2	0.0
8305	8305	2	0.0
8339	8333	2	0.0
8369	8378	2	0.0
8378	8369	2	0.0
8372	8363	2	0.0
8259	8259	2	0.0
8297	8304	2	0.0
8376	8376	2	0.0
8286	8286	2	0.0
8376	8387	2	0.0
8372	8372	2	0.0
8339	8339	2	0.0
8304	8308	2	0.0
8382	8372	2	0.0
8343	8343	2	0.0
8371	8371	2	0.0
8382	8373	2	0.0
8304	8309	2	0.0
8384	8384	2	0.0
8306	8301	2	0.0
8378	8378	2	0.0
8306	8302	2	0.0
8345	8345	2	0.0
8366	8366	2	0.0
8379	8379	2	0.0
8386	8386	2	0.0
8374	8374	2	0.0
8377	8368	2	0.0
8382	8382	2	0.0
8385	8374	2	0.0
8306	8306	2	0.0
8377	8369	2	0.0
8407	8407	2	0.0
8395	8395	2	0.0
8366	8374	2	0.0
8282	8282	2	0.0
8374	8384	2	0.0
8326	8326	2	0.0
8393	8393	2	0.0
8374	8385	2	0.0
8385	8385	2	0.0
8373	8363	2	0.0
8386	8375	2	0.0
8374	8386	2	0.0
8386	8376	2	0.0
8298	8298	2	0.0
8346	8346	2	0.0
8379	8370	2	0.0
8395	8390	2	0.0
8377	8377	2	0.0
8305	8310	2	0.0
8428	8436	2	0.0
8386	8377	2	0.0
8407	8414	2	0.0
8379	8371	2	0.0
8307	8303	2	0.0
8414	8408	2	0.0
8386	8378	2	0.0
8432	8425	2	0.0
8410	8406	2	0.0
8294	8294	2	0.0
8438	8444	2	0.0
8383	8372	2	0.0
8432	8426	2	0.0
8307	8307	2	0.0
8386	8374	2	0.0
8394	8394	2	0.0
8414	8414	2	0.0
8383	8373	2	0.0
8396	8390	2	0.0
8413	8413	2	0.0
8410	8410	2	0.0
8441	8441	2	0.0
8347	8347	2	0.0
8294	8301	2	0.0
8444	8444	2	0.0
8387	8375	2	0.0
8416	8408	2	0.0
8396	8396	2	0.0
8432	8432	2	0.0
8308	8304	2	0.0
8344	8344	2	0.0
8408	8408	2	0.0
8370	8379	2	0.0
8439	8439	2	0.0
8387	8376	2	0.0
8289	8289	2	0.0
8397	8397	2	0.0
8428	8428	2	0.0
8294	8302	2	0.0
8452	8442	2	0.0
8370	8380	2	0.0
8387	8377	2	0.0
8380	8380	2	0.0
8370	8381	2	0.0
8308	8308	2	0.0
8387	8378	2	0.0
8383	8383	2	0.0
8416	8416	2	0.0
8397	8404	2	0.0
8298	8304	2	0.0
8374	8364	2	0.0
8408	8415	2	0.0
8384	8374	2	0.0
8374	8365	2	0.0
8348	8348	2	0.0
8408	8416	2	0.0
8439	8445	2	0.0
8289	8299	2	0.0
8444	8453	2	0.0
8408	8417	2	0.0
8374	8366	2	0.0
8359	8359	2	0.0
8367	8367	2	0.0
8387	8387	2	0.0
8289	8300	2	0.0
8417	8408	2	0.0
8411	8405	2	0.0
8374	8367	2	0.0
8444	8454	2	0.0
8431	8425	2	0.0
8452	8452	2	0.0
8309	8304	2	0.0
8458	8446	2	0.0
8400	8400	2	0.0
8454	8454	2	0.0
8442	8442	2	0.0
8431	8426	2	0.0
8446	8446	2	0.0
8380	8370	2	0.0
8444	8455	2	0.0
8458	8447	2	0.0
8362	8362	2	0.0
8380	8371	2	0.0
8457	8445	2	0.0
8448	8441	2	0.0
8367	8374	2	0.0
8411	8411	2	0.0
8458	8448	2	0.0
8327	8327	2	0.0
8431	8431	2	0.0
8440	8440	2	0.0
8447	8447	2	0.0
8377	8387	2	0.0
8417	8417	2	0.0
8363	8363	2	0.0
8373	8382	2	0.0
8446	8458	2	0.0
8309	8309	2	0.0
8290	8290	2	0.0
8446	8459	2	0.0
8412	8405	2	0.0
8429	8429	2	0.0
8446	8460	2	0.0
8375	8368	2	0.0
8458	8458	2	0.0
8459	8459	2	0.0
8447	8458	2	0.0
8310	8305	2	0.0
8453	8443	2	0.0
8448	8448	2	0.0
8363	8372	2	0.0
8375	8369	2	0.0
8415	8408	2	0.0
8447	8459	2	0.0
8453	8444	2	0.0
8440	8445	2	0.0
8470	8470	2	0.0
8453	8453	2	0.0
8363	8373	2	0.0
8457	8457	2	0.0
8474	8474	2	0.0
8447	8460	2	0.0
8310	8310	2	0.0
8375	8375	2	0.0
8412	8412	2	0.0
8459	8446	2	0.0
8401	8401	2	0.0
8290	8299	2	0.0
8415	8415	2	0.0
8472	8472	2	0.0
8486	8486	2	0.0
8455	8443	2	0.0
8429	8436	2	0.0
8464	8464	2	0.0
8455	8455	2	0.0
8450	8450	2	0.0
8371	8379	2	0.0
8459	8447	2	0.0
8290	8300	2	0.0
8279	8269	2	0.0
8484	8484	2	0.0
8455	8444	2	0.0
8418	8418	2	0.0
8460	8446	2	0.0
8371	8380	2	0.0
8493	8502	2	0.0
8459	8448	2	0.0
8279	8270	2	0.0
8464	8472	2	0.0
8387	8379	2	0.0
8371	8381	2	0.0
8460	8447	2	0.0
8310	8306	2	0.0
8475	8470	2	0.0
8495	8495	2	0.0
8387	8380	2	0.0
8493	8503	2	0.0
8484	8490	2	0.0
8368	8368	2	0.0
8460	8448	2	0.0
8387	8381	2	0.0
8484	8491	2	0.0
8323	8323	2	0.0
8493	8504	2	0.0
8456	8445	2	0.0
8441	8446	2	0.0
8413	8405	2	0.0
8495	8502	2	0.0
8422	8422	2	0.0
8488	8482	2	0.0
8475	8475	2	0.0
8441	8447	2	0.0
8299	8299	2	0.0
8495	8503	2	0.0
8441	8448	2	0.0
8390	8390	2	0.0
8498	8498	2	0.0
8495	8504	2	0.0
8381	8370	2	0.0
8332	8332	2	0.0
8291	8291	2	0.0
8446	8441	2	0.0
8443	8437	2	0.0
8299	8305	2	0.0
8381	8371	2	0.0
8460	8460	2	0.0
8510	8510	2	0.0
8465	8465	2	0.0
8476	8470	2	0.0
8493	8493	2	0.0
8392	8392	2	0.0
8456	8456	2	0.0
8303	8295	2	0.0
8454	8443	2	0.0
8443	8438	2	0.0
8402	8402	2	0.0
8461	8461	2	0.0
8497	8497	2	0.0
8368	8375	2	0.0
8488	8488	2	0.0
8454	8444	2	0.0
8381	8381	2	0.0
8504	8504	2	0.0
8398	8398	2	0.0
8500	8500	2	0.0
8423	8423	2	0.0
8465	8472	2	0.0
8368	8376	2	0.0
8409	8409	2	0.0
8424	8424	2	0.0
8520	8514	2	0.0
8443	8443	2	0.0
8503	8493	2	0.0
8512	8520	2	0.0
8368	8377	2	0.0
8332	8339	2	0.0
8461	8471	2	0.0
8476	8476	2	0.0
8291	8299	2	0.0
8503	8494	2	0.0
8368	8378	2	0.0
8518	8509	2	0.0
8291	8300	2	0.0
8503	8495	2	0.0
8520	8520	2	0.0
8510	8519	2	0.0
8502	8493	2	0.0
8364	8364	2	0.0
8424	8430	2	0.0
8473	8473	2	0.0
8526	8536	2	0.0
8414	8407	2	0.0
8324	8324	2	0.0
8514	8507	2	0.0
8521	8521	2	0.0
8502	8494	2	0.0
8448	8458	2	0.0
8487	8482	2	0.0
8530	8521	2	0.0
8514	8508	2	0.0
8390	8396	2	0.0
8476	8471	2	0.0
8403	8403	2	0.0
8518	8518	2	0.0
8528	8528	2	0.0
8524	8534	2	0.0
8448	8459	2	0.0
8333	8333	2	0.0
8502	8495	2	0.0
8467	8467	2	0.0
8503	8503	2	0.0
8521	8528	2	0.0
8430	8430	2	0.0
8427	8427	2	0.0
8466	8466	2	0.0
8295	8303	2	0.0
8448	8460	2	0.0
8524	8535	2	0.0
8364	8374	2	0.0
8399	8399	2	0.0
8499	8499	2	0.0
8524	8536	2	0.0
8487	8487	2	0.0
8299	8289	2	0.0
8425	8425	2	0.0
8433	8427	2	0.0
8536	8524	2	0.0
8300	8305	2	0.0
8466	8472	2	0.0
8521	8529	2	0.0
8444	8437	2	0.0
8513	8513	2	0.0
8502	8502	2	0.0
8485	8485	2	0.0
8536	8525	2	0.0
8299	8290	2	0.0
8425	8431	2	0.0
8521	8530	2	0.0
8375	8387	2	0.0
8444	8438	2	0.0
8378	8387	2	0.0
8536	8536	2	0.0
8536	8526	2	0.0
8425	8432	2	0.0
8391	8391	2	0.0
8530	8530	2	0.0
8514	8514	2	0.0
8477	8471	2	0.0
8333	8339	2	0.0
8299	8291	2	0.0
8433	8433	2	0.0
8564	8564	2	0.0
8447	8441	2	0.0
8527	8527	2	0.0
8531	8531	2	0.0
8292	8292	2	0.0
8513	8520	2	0.0
8544	8544	2	0.0
8299	8292	2	0.0
8577	8577	2	0.0
8516	8509	2	0.0
8485	8492	2	0.0
8504	8493	2	0.0
8524	8524	2	0.0
8537	8527	2	0.0
8561	8561	2	0.0
8541	8541	2	0.0
8477	8477	2	0.0
8451	8451	2	0.0
8504	8494	2	0.0
8467	8473	2	0.0
8489	8483	2	0.0
8434	8427	2	0.0
8591	8591	2	0.0
8467	8474	2	0.0
8504	8495	2	0.0
8525	8525	2	0.0
8563	8563	2	0.0
8516	8516	2	0.0
8445	8445	2	0.0
8471	8461	2	0.0
8545	8538	2	0.0
8573	8573	2	0.0
8527	8537	2	0.0
8468	8468	2	0.0
8471	8462	2	0.0
8404	8397	2	0.0
8600	8600	2	0.0
8301	8306	2	0.0
8591	8599	2	0.0
8531	8522	2	0.0
8416	8412	2	0.0
8529	8529	2	0.0
8537	8537	2	0.0
8531	8523	2	0.0
8489	8489	2	0.0
8404	8404	2	0.0
8515	8507	2	0.0
8471	8471	2	0.0
8336	8336	2	0.0
8591	8600	2	0.0
8434	8434	2	0.0
8596	8596	2	0.0
8515	8508	2	0.0
8604	8604	2	0.0
8525	8534	2	0.0
8534	8524	2	0.0
8614	8614	2	0.0
8532	8532	2	0.0
8445	8456	2	0.0
8442	8449	2	0.0
8534	8525	2	0.0
8525	8535	2	0.0
8609	8609	2	0.0
8426	8426	2	0.0
8445	8457	2	0.0
8601	8601	2	0.0
8599	8591	2	0.0
8442	8450	2	0.0
8545	8545	2	0.0
8565	8565	2	0.0
8505	8505	2	0.0
8468	8473	2	0.0
8534	8526	2	0.0
8525	8536	2	0.0
8610	8610	2	0.0
8442	8451	2	0.0
8449	8442	2	0.0
8542	8542	2	0.0
8478	8478	2	0.0
8300	8289	2	0.0
8615	8606	2	0.0
8426	8431	2	0.0
8599	8592	2	0.0
8442	8452	2	0.0
8494	8494	2	0.0
8468	8474	2	0.0
8417	8412	2	0.0
8528	8521	2	0.0
8601	8607	2	0.0
8435	8427	2	0.0
8300	8290	2	0.0
8606	8606	2	0.0
8426	8432	2	0.0
8546	8539	2	0.0
8505	8510	2	0.0
8574	8574	2	0.0
8568	8568	2	0.0
8445	8439	2	0.0
8517	8509	2	0.0
8601	8608	2	0.0
8478	8484	2	0.0
8300	8291	2	0.0
8486	8492	2	0.0
8599	8599	2	0.0
8445	8440	2	0.0
8515	8515	2	0.0
8578	8570	2	0.0
8605	8598	2	0.0
8300	8292	2	0.0
8494	8502	2	0.0
8611	8611	2	0.0
8511	8511	2	0.0
8605	8599	2	0.0
8534	8534	2	0.0
8507	8507	2	0.0
8449	8449	2	0.0
8494	8503	2	0.0
8615	8615	2	0.0
8578	8571	2	0.0
8617	8606	2	0.0
8435	8435	2	0.0
8469	8469	2	0.0
8494	8504	2	0.0
8569	8569	2	0.0
8517	8517	2	0.0
8482	8482	2	0.0
8546	8546	2	0.0
8511	8520	2	0.0
8606	8615	2	0.0
8596	8602	2	0.0
8436	8428	2	0.0
8533	8533	2	0.0
8532	8522	2	0.0
8479	8479	2	0.0
8566	8566	2	0.0
8596	8603	2	0.0
8415	8412	2	0.0
8436	8429	2	0.0
8616	8606	2	0.0
8462	8462	2	0.0
8532	8523	2	0.0
8405	8405	2	0.0
8606	8616	2	0.0
8469	8473	2	0.0
8596	8604	2	0.0
8535	8524	2	0.0
8578	8578	2	0.0
8543	8543	2	0.0
8469	8474	2	0.0
8605	8605	2	0.0
8529	8521	2	0.0
8537	8528	2	0.0
8479	8485	2	0.0
8535	8525	2	0.0
8600	8591	2	0.0
8606	8617	2	0.0
8508	8508	2	0.0
8611	8602	2	0.0
8575	8575	2	0.0
8546	8541	2	0.0
8479	8486	2	0.0
8535	8526	2	0.0
8462	8471	2	0.0
8602	8602	2	0.0
8450	8442	2	0.0
8526	8526	2	0.0
8600	8592	2	0.0
8570	8570	2	0.0
8405	8411	2	0.0
8436	8436	2	0.0
8611	8603	2	0.0
8506	8506	2	0.0
8490	8484	2	0.0
8427	8433	2	0.0
8522	8522	2	0.0
8405	8412	2	0.0
8617	8617	2	0.0
8611	8604	2	0.0
8443	8453	2	0.0
8616	8616	2	0.0
8427	8434	2	0.0
8570	8578	2	0.0
8405	8413	2	0.0
8602	8609	2	0.0
8597	8597	2	0.0
8443	8454	2	0.0
8483	8483	2	0.0
8618	8618	2	0.0
8506	8511	2	0.0
8427	8435	2	0.0
8408	8406	2	0.0
8443	8455	2	0.0
8602	8610	2	0.0
8490	8490	2	0.0
8430	8424	2	0.0
8506	8512	2	0.0
8480	8480	2	0.0
8535	8535	2	0.0
8602	8611	2	0.0
8538	8538	2	0.0
8547	8547	2	0.0
8522	8531	2	0.0
8506	8513	2	0.0
8592	8592	2	0.0
8496	8496	2	0.0
8522	8532	2	0.0
8470	8475	2	0.0
8606	8600	2	0.0
8480	8485	2	0.0
8470	8476	2	0.0
8491	8484	2	0.0
8406	8406	2	0.0
8576	8576	2	0.0
8522	8533	2	0.0
8480	8486	2	0.0
8618	8626	2	0.0
8551	8551	2	0.0
8472	8463	2	0.0
8406	8408	2	0.0
8538	8544	2	0.0
8509	8509	2	0.0
8592	8599	2	0.0
8472	8464	2	0.0
8607	8607	2	0.0
8437	8437	2	0.0
8406	8409	2	0.0
8472	8465	2	0.0
8538	8545	2	0.0
8592	8600	2	0.0
8548	8548	2	0.0
8406	8410	2	0.0
8472	8466	2	0.0
8437	8443	2	0.0
8518	8510	2	0.0
8603	8603	2	0.0
8491	8491	2	0.0
8540	8540	2	0.0
8437	8444	2	0.0
8533	8522	2	0.0
8621	8621	2	0.0
8595	8595	2	0.0
8533	8523	2	0.0
8481	8481	2	0.0
8451	8442	2	0.0
8523	8523	2	0.0
8612	8605	2	0.0
8579	8579	2	0.0
8507	8514	2	0.0
8552	8552	2	0.0
8603	8609	2	0.0
8507	8515	2	0.0
8481	8485	2	0.0
8471	8477	2	0.0
8603	8610	2	0.0
8438	8438	2	0.0
8473	8467	2	0.0
8579	8586	2	0.0
8510	8505	2	0.0
8597	8602	2	0.0
8481	8486	2	0.0
8519	8510	2	0.0
8603	8611	2	0.0
8473	8468	2	0.0
8501	8501	2	0.0
8597	8603	2	0.0
8579	8587	2	0.0
8438	8443	2	0.0
8552	8558	2	0.0
8523	8531	2	0.0
8597	8604	2	0.0
8473	8469	2	0.0
8409	8406	2	0.0
8612	8612	2	0.0
8523	8532	2	0.0
8552	8559	2	0.0
8523	8533	2	0.0
8519	8519	2	0.0
8512	8512	2	0.0
8526	8534	2	0.0
8539	8539	2	0.0
8571	8571	2	0.0
8533	8524	2	0.0
8526	8535	2	0.0
8584	8584	2	0.0
8622	8622	2	0.0
8482	8487	2	0.0
8619	8619	2	0.0
8533	8525	2	0.0
8571	8578	2	0.0
8598	8598	2	0.0
8482	8488	2	0.0
8580	8580	2	0.0
8555	8555	2	0.0
8474	8467	2	0.0
8533	8526	2	0.0
8539	8546	2	0.0
8484	8478	2	0.0
8553	8553	2	0.0
8474	8468	2	0.0
8613	8605	2	0.0
8474	8469	2	0.0
8580	8586	2	0.0
8508	8514	2	0.0
8580	8587	2	0.0
8508	8515	2	0.0
8604	8609	2	0.0
8598	8605	2	0.0
8623	8623	2	0.0
8604	8610	2	0.0
8492	8485	2	0.0
8601	8593	2	0.0
8463	8463	2	0.0
8556	8556	2	0.0
8604	8611	2	0.0
8492	8486	2	0.0
8601	8594	2	0.0
8520	8511	2	0.0
8520	8512	2	0.0
8483	8489	2	0.0
8463	8472	2	0.0
8520	8513	2	0.0
8581	8581	2	0.0
8613	8613	2	0.0
8485	8479	2	0.0
8492	8492	2	0.0
8485	8480	2	0.0
8485	8481	2	0.0
8624	8624	2	0.0
8557	8557	2	0.0
8509	8516	2	0.0
8593	8593	2	0.0
8585	8585	2	0.0
8509	8517	2	0.0
8599	8605	2	0.0
8605	8612	2	0.0
8554	8554	2	0.0
8509	8518	2	0.0
8605	8613	2	0.0
8601	8595	2	0.0
8582	8582	2	0.0
8512	8506	2	0.0
8605	8614	2	0.0
8593	8601	2	0.0
8601	8596	2	0.0
8614	8605	2	0.0
8608	8601	2	0.0
8601	8597	2	0.0
8544	8538	2	0.0
8486	8479	2	0.0
8608	8608	2	0.0
8486	8480	2	0.0
8625	8625	2	0.0
8486	8481	2	0.0
8572	8572	2	0.0
8620	8620	2	0.0
8594	8594	2	0.0
8583	8583	2	0.0
8600	8606	2	0.0
8602	8595	2	0.0
8602	8596	2	0.0
8607	8601	2	0.0
8594	8601	2	0.0
8602	8597	2	0.0
8513	8506	2	0.0
8586	8579	2	0.0
8558	8552	2	0.0
8586	8580	2	0.0
8558	8558	2	0.0
8586	8586	2	0.0
8543	8538	2	0.0
8587	8579	2	0.0
8609	8602	2	0.0
8587	8580	2	0.0
8559	8552	2	0.0
8609	8603	2	0.0
8603	8595	2	0.0
8609	8604	2	0.0
8587	8587	2	0.0
8603	8596	2	0.0
8603	8597	2	0.0
8511	8506	2	0.0
8559	8559	2	0.0
8560	8560	2	0.0
8595	8602	2	0.0
8610	8602	2	0.0
8626	8618	2	0.0
8595	8603	2	0.0
8610	8603	2	0.0
8610	8604	2	0.0
8595	8604	2	0.0
8604	8595	2	0.0
8604	8596	2	0.0
8626	8626	2	0.0
8604	8597	2	0.0
8244	8249	1	0.0
8244	8250	1	0.0
8263	8266	1	0.0
8244	8251	1	0.0
8272	8279	1	0.0
8269	8279	1	0.0
8269	8280	1	0.0
8272	8280	1	0.0
8269	8281	1	0.0
8272	8281	1	0.0
8269	8282	1	0.0
8272	8282	1	0.0
8274	8283	1	0.0
8275	8286	1	0.0
8274	8284	1	0.0
8270	8279	1	0.0
8274	8285	1	0.0
8270	8280	1	0.0
8270	8281	1	0.0
8270	8282	1	0.0
8271	8279	1	0.0
8278	8286	1	0.0
8252	8257	1	0.0
8271	8280	1	0.0
8271	8281	1	0.0
8271	8282	1	0.0
8281	8287	1	0.0
8281	8288	1	0.0
8273	8283	1	0.0
8289	8296	1	0.0
8289	8297	1	0.0
8273	8284	1	0.0
8276	8286	1	0.0
8289	8298	1	0.0
8273	8285	1	0.0
8296	8303	1	0.0
8290	8296	1	0.0
8290	8297	1	0.0
8279	8287	1	0.0
8290	8298	1	0.0
8297	8303	1	0.0
8279	8288	1	0.0
8291	8296	1	0.0
8291	8297	1	0.0
8298	8303	1	0.0
8291	8298	1	0.0
8363	8370	1	0.0
8292	8296	1	0.0
8363	8371	1	0.0
8292	8297	1	0.0
8277	8286	1	0.0
8292	8298	1	0.0
8299	8304	1	0.0
8368	8374	1	0.0
8282	8287	1	0.0
8282	8288	1	0.0
8374	8382	1	0.0
8293	8299	1	0.0
8300	8304	1	0.0
8293	8300	1	0.0
8374	8383	1	0.0
8376	8384	1	0.0
8280	8287	1	0.0
8376	8385	1	0.0
8280	8288	1	0.0
8376	8386	1	0.0
8364	8372	1	0.0
8364	8373	1	0.0
8294	8299	1	0.0
8377	8384	1	0.0
8294	8300	1	0.0
8377	8385	1	0.0
8301	8305	1	0.0
8369	8374	1	0.0
8377	8386	1	0.0
8397	8403	1	0.0
8295	8301	1	0.0
8295	8302	1	0.0
8302	8305	1	0.0
8381	8387	1	0.0
8365	8372	1	0.0
8332	8336	1	0.0
8398	8404	1	0.0
8303	8306	1	0.0
8365	8373	1	0.0
8332	8337	1	0.0
8410	8417	1	0.0
8304	8307	1	0.0
8332	8338	1	0.0
8305	8308	1	0.0
8333	8336	1	0.0
8333	8337	1	0.0
8305	8309	1	0.0
8366	8372	1	0.0
8333	8338	1	0.0
8399	8404	1	0.0
8366	8373	1	0.0
8378	8384	1	0.0
8427	8431	1	0.0
8410	8415	1	0.0
8427	8432	1	0.0
8378	8385	1	0.0
8370	8375	1	0.0
8441	8445	1	0.0
8306	8310	1	0.0
8378	8386	1	0.0
8410	8416	1	0.0
8370	8376	1	0.0
8442	8446	1	0.0
8334	8339	1	0.0
8375	8384	1	0.0
8370	8377	1	0.0
8428	8433	1	0.0
8446	8457	1	0.0
8442	8447	1	0.0
8375	8385	1	0.0
8428	8434	1	0.0
8370	8378	1	0.0
8442	8448	1	0.0
8375	8386	1	0.0
8428	8435	1	0.0
8367	8372	1	0.0
8367	8373	1	0.0
8412	8415	1	0.0
8429	8433	1	0.0
8429	8434	1	0.0
8446	8456	1	0.0
8412	8416	1	0.0
8429	8435	1	0.0
8412	8417	1	0.0
8443	8449	1	0.0
8451	8458	1	0.0
8443	8450	1	0.0
8451	8459	1	0.0
8443	8451	1	0.0
8451	8460	1	0.0
8443	8452	1	0.0
8430	8436	1	0.0
8449	8458	1	0.0
8449	8459	1	0.0
8371	8375	1	0.0
8449	8460	1	0.0
8444	8449	1	0.0
8371	8376	1	0.0
8444	8450	1	0.0
8371	8377	1	0.0
8343	8348	1	0.0
8444	8451	1	0.0
8371	8378	1	0.0
8405	8409	1	0.0
8452	8458	1	0.0
8444	8452	1	0.0
8405	8410	1	0.0
8452	8459	1	0.0
8379	8387	1	0.0
8452	8460	1	0.0
8407	8411	1	0.0
8390	8395	1	0.0
8407	8412	1	0.0
8445	8453	1	0.0
8445	8454	1	0.0
8407	8413	1	0.0
8447	8456	1	0.0
8445	8455	1	0.0
8447	8457	1	0.0
8392	8396	1	0.0
8408	8414	1	0.0
8372	8379	1	0.0
8391	8396	1	0.0
8372	8380	1	0.0
8463	8471	1	0.0
8468	8472	1	0.0
8372	8381	1	0.0
8496	8503	1	0.0
8496	8504	1	0.0
8485	8490	1	0.0
8469	8472	1	0.0
8373	8379	1	0.0
8485	8491	1	0.0
8380	8387	1	0.0
8450	8458	1	0.0
8437	8442	1	0.0
8373	8380	1	0.0
8496	8502	1	0.0
8450	8459	1	0.0
8373	8381	1	0.0
8450	8460	1	0.0
8505	8509	1	0.0
8393	8396	1	0.0
8438	8442	1	0.0
8470	8473	1	0.0
8470	8474	1	0.0
8506	8510	1	0.0
8409	8415	1	0.0
8486	8490	1	0.0
8471	8475	1	0.0
8513	8519	1	0.0
8486	8491	1	0.0
8409	8416	1	0.0
8471	8476	1	0.0
8409	8417	1	0.0
8464	8471	1	0.0
8439	8443	1	0.0
8439	8444	1	0.0
8523	8528	1	0.0
8507	8511	1	0.0
8440	8443	1	0.0
8507	8512	1	0.0
8472	8477	1	0.0
8523	8529	1	0.0
8440	8444	1	0.0
8487	8492	1	0.0
8461	8470	1	0.0
8507	8513	1	0.0
8523	8530	1	0.0
8508	8511	1	0.0
8448	8456	1	0.0
8508	8512	1	0.0
8488	8492	1	0.0
8514	8520	1	0.0
8448	8457	1	0.0
8508	8513	1	0.0
8528	8537	1	0.0
8424	8428	1	0.0
8462	8470	1	0.0
8509	8514	1	0.0
8424	8429	1	0.0
8509	8515	1	0.0
8465	8471	1	0.0
8570	8577	1	0.0
8510	8516	1	0.0
8510	8517	1	0.0
8478	8483	1	0.0
8571	8577	1	0.0
8529	8537	1	0.0
8510	8518	1	0.0
8493	8501	1	0.0
8515	8520	1	0.0
8425	8430	1	0.0
8494	8501	1	0.0
8581	8586	1	0.0
8581	8587	1	0.0
8426	8430	1	0.0
8572	8578	1	0.0
8495	8501	1	0.0
8479	8484	1	0.0
8582	8586	1	0.0
8595	8601	1	0.0
8582	8587	1	0.0
8480	8484	1	0.0
8530	8537	1	0.0
8552	8556	1	0.0
8552	8557	1	0.0
8481	8484	1	0.0
8596	8601	1	0.0
8583	8586	1	0.0
8466	8471	1	0.0
8583	8587	1	0.0
8607	8615	1	0.0
8597	8601	1	0.0
8524	8531	1	0.0
8607	8616	1	0.0
8482	8485	1	0.0
8607	8617	1	0.0
8524	8532	1	0.0
8482	8486	1	0.0
8511	8519	1	0.0
8618	8623	1	0.0
8553	8558	1	0.0
8618	8624	1	0.0
8524	8533	1	0.0
8553	8559	1	0.0
8573	8578	1	0.0
8483	8487	1	0.0
8618	8625	1	0.0
8483	8488	1	0.0
8249	8249	1	0.0
8598	8602	1	0.0
8538	8542	1	0.0
8598	8603	1	0.0
8512	8519	1	0.0
8538	8543	1	0.0
8554	8558	1	0.0
8245	8245	1	0.0
8598	8604	1	0.0
8484	8489	1	0.0
8591	8598	1	0.0
8619	8626	1	0.0
8554	8559	1	0.0
8599	8602	1	0.0
8525	8531	1	0.0
8599	8603	1	0.0
8539	8544	1	0.0
8525	8532	1	0.0
8599	8604	1	0.0
8262	8262	1	0.0
8250	8250	1	0.0
8539	8545	1	0.0
8525	8533	1	0.0
8263	8263	1	0.0
8592	8598	1	0.0
8620	8626	1	0.0
8600	8605	1	0.0
8558	8553	1	0.0
8521	8527	1	0.0
8265	8265	1	0.0
8271	8271	1	0.0
8558	8554	1	0.0
8264	8264	1	0.0
8270	8283	1	0.0
8608	8615	1	0.0
8251	8251	1	0.0
8601	8606	1	0.0
8270	8284	1	0.0
8526	8531	1	0.0
8608	8616	1	0.0
8270	8285	1	0.0
8246	8246	1	0.0
8266	8266	1	0.0
8593	8599	1	0.0
8608	8617	1	0.0
8526	8532	1	0.0
8540	8546	1	0.0
8593	8600	1	0.0
8269	8269	1	0.0
8522	8528	1	0.0
8526	8533	1	0.0
8467	8472	1	0.0
8271	8283	1	0.0
8275	8275	1	0.0
8522	8529	1	0.0
8272	8283	1	0.0
8271	8284	1	0.0
8272	8284	1	0.0
8522	8530	1	0.0
8271	8285	1	0.0
8272	8285	1	0.0
8270	8270	1	0.0
8541	8546	1	0.0
8602	8607	1	0.0
8602	8608	1	0.0
8269	8283	1	0.0
8579	8585	1	0.0
8274	8286	1	0.0
8276	8276	1	0.0
8279	8271	1	0.0
8277	8277	1	0.0
8269	8284	1	0.0
8284	8284	1	0.0
8603	8607	1	0.0
8279	8272	1	0.0
8527	8534	1	0.0
8603	8608	1	0.0
8269	8285	1	0.0
8284	8271	1	0.0
8527	8535	1	0.0
8279	8279	1	0.0
8272	8272	1	0.0
8284	8272	1	0.0
8604	8607	1	0.0
8580	8585	1	0.0
8527	8536	1	0.0
8594	8599	1	0.0
8604	8608	1	0.0
8594	8600	1	0.0
8287	8277	1	0.0
8275	8287	1	0.0
8287	8278	1	0.0
8274	8274	1	0.0
8275	8288	1	0.0
8292	8299	1	0.0
8285	8269	1	0.0
8605	8609	1	0.0
8292	8300	1	0.0
8287	8287	1	0.0
8605	8610	1	0.0
8252	8252	1	0.0
8285	8270	1	0.0
8277	8287	1	0.0
8605	8611	1	0.0
8277	8288	1	0.0
8300	8300	1	0.0
8278	8278	1	0.0
8285	8271	1	0.0
8295	8295	1	0.0
8244	8244	1	0.0
8283	8269	1	0.0
8288	8275	1	0.0
8285	8272	1	0.0
8293	8293	1	0.0
8278	8287	1	0.0
8606	8612	1	0.0
8283	8270	1	0.0
8288	8276	1	0.0
8296	8296	1	0.0
8278	8288	1	0.0
8283	8271	1	0.0
8273	8273	1	0.0
8606	8613	1	0.0
8256	8256	1	0.0
8288	8277	1	0.0
8304	8304	1	0.0
8283	8272	1	0.0
8606	8614	1	0.0
8293	8301	1	0.0
8288	8278	1	0.0
8293	8302	1	0.0
8296	8304	1	0.0
8302	8302	1	0.0
8301	8293	1	0.0
8280	8280	1	0.0
8273	8286	1	0.0
8302	8306	1	0.0
8301	8294	1	0.0
8254	8254	1	0.0
8288	8288	1	0.0
8248	8248	1	0.0
8304	8296	1	0.0
8331	8331	1	0.0
8304	8297	1	0.0
8304	8298	1	0.0
8283	8283	1	0.0
8301	8301	1	0.0
8287	8275	1	0.0
8337	8337	1	0.0
8325	8325	1	0.0
8285	8285	1	0.0
8365	8365	1	0.0
8255	8255	1	0.0
8287	8276	1	0.0
8303	8303	1	0.0
8334	8334	1	0.0
8253	8253	1	0.0
8373	8373	1	0.0
8303	8307	1	0.0
8365	8374	1	0.0
8305	8299	1	0.0
8247	8247	1	0.0
8330	8330	1	0.0
8297	8297	1	0.0
8369	8369	1	0.0
8286	8273	1	0.0
8305	8300	1	0.0
8257	8257	1	0.0
8302	8293	1	0.0
8286	8274	1	0.0
8258	8258	1	0.0
8369	8375	1	0.0
8286	8277	1	0.0
8284	8269	1	0.0
8302	8294	1	0.0
8370	8370	1	0.0
8338	8338	1	0.0
8305	8305	1	0.0
8369	8376	1	0.0
8284	8270	1	0.0
8372	8382	1	0.0
8335	8335	1	0.0
8369	8377	1	0.0
8261	8261	1	0.0
8372	8383	1	0.0
8373	8383	1	0.0
8369	8378	1	0.0
8339	8332	1	0.0
8376	8368	1	0.0
8276	8287	1	0.0
8281	8281	1	0.0
8304	8308	1	0.0
8372	8363	1	0.0
8286	8286	1	0.0
8376	8369	1	0.0
8339	8333	1	0.0
8378	8368	1	0.0
8276	8288	1	0.0
8304	8309	1	0.0
8378	8369	1	0.0
8306	8301	1	0.0
8372	8372	1	0.0
8376	8376	1	0.0
8306	8302	1	0.0
8259	8259	1	0.0
8339	8339	1	0.0
8376	8387	1	0.0
8298	8298	1	0.0
8306	8306	1	0.0
8343	8343	1	0.0
8382	8372	1	0.0
8371	8371	1	0.0
8382	8373	1	0.0
8326	8326	1	0.0
8294	8294	1	0.0
8297	8304	1	0.0
8384	8384	1	0.0
8378	8378	1	0.0
8345	8345	1	0.0
8373	8363	1	0.0
8377	8368	1	0.0
8305	8310	1	0.0
8374	8374	1	0.0
8386	8386	1	0.0
8379	8379	1	0.0
8377	8369	1	0.0
8307	8303	1	0.0
8366	8366	1	0.0
8294	8301	1	0.0
8385	8374	1	0.0
8382	8382	1	0.0
8407	8407	1	0.0
8346	8346	1	0.0
8395	8395	1	0.0
8294	8302	1	0.0
8307	8307	1	0.0
8377	8377	1	0.0
8282	8282	1	0.0
8366	8374	1	0.0
8374	8384	1	0.0
8393	8393	1	0.0
8386	8375	1	0.0
8374	8385	1	0.0
8385	8385	1	0.0
8308	8304	1	0.0
8386	8376	1	0.0
8395	8390	1	0.0
8407	8414	1	0.0
8370	8379	1	0.0
8410	8406	1	0.0
8386	8377	1	0.0
8374	8386	1	0.0
8414	8408	1	0.0
8428	8436	1	0.0
8308	8308	1	0.0
8370	8380	1	0.0
8386	8378	1	0.0
8379	8370	1	0.0
8432	8425	1	0.0
8394	8394	1	0.0
8347	8347	1	0.0
8370	8381	1	0.0
8414	8414	1	0.0
8379	8371	1	0.0
8410	8410	1	0.0
8432	8426	1	0.0
8396	8390	1	0.0
8344	8344	1	0.0
8374	8364	1	0.0
8438	8444	1	0.0
8408	8408	1	0.0
8386	8374	1	0.0
8289	8289	1	0.0
8374	8365	1	0.0
8309	8304	1	0.0
8383	8372	1	0.0
8396	8396	1	0.0
8413	8413	1	0.0
8374	8366	1	0.0
8387	8375	1	0.0
8383	8373	1	0.0
8397	8397	1	0.0
8441	8441	1	0.0
8408	8415	1	0.0
8374	8367	1	0.0
8387	8376	1	0.0
8348	8348	1	0.0
8309	8309	1	0.0
8408	8416	1	0.0
8444	8444	1	0.0
8439	8439	1	0.0
8432	8432	1	0.0
8416	8408	1	0.0
8387	8377	1	0.0
8408	8417	1	0.0
8359	8359	1	0.0
8327	8327	1	0.0
8380	8380	1	0.0
8452	8442	1	0.0
8411	8405	1	0.0
8397	8404	1	0.0
8310	8305	1	0.0
8428	8428	1	0.0
8387	8378	1	0.0
8289	8299	1	0.0
8289	8300	1	0.0
8384	8374	1	0.0
8439	8445	1	0.0
8362	8362	1	0.0
8310	8310	1	0.0
8411	8411	1	0.0
8444	8453	1	0.0
8373	8382	1	0.0
8363	8363	1	0.0
8400	8400	1	0.0
8444	8454	1	0.0
8383	8383	1	0.0
8387	8387	1	0.0
8442	8442	1	0.0
8416	8416	1	0.0
8444	8455	1	0.0
8375	8368	1	0.0
8310	8306	1	0.0
8448	8441	1	0.0
8367	8367	1	0.0
8298	8304	1	0.0
8412	8405	1	0.0
8375	8369	1	0.0
8440	8440	1	0.0
8363	8372	1	0.0
8323	8323	1	0.0
8417	8408	1	0.0
8431	8425	1	0.0
8363	8373	1	0.0
8290	8290	1	0.0
8458	8446	1	0.0
8454	8454	1	0.0
8375	8375	1	0.0
8380	8370	1	0.0
8452	8452	1	0.0
8431	8426	1	0.0
8458	8447	1	0.0
8448	8448	1	0.0
8367	8374	1	0.0
8440	8445	1	0.0
8380	8371	1	0.0
8447	8447	1	0.0
8371	8379	1	0.0
8446	8446	1	0.0
8458	8448	1	0.0
8457	8445	1	0.0
8412	8412	1	0.0
8371	8380	1	0.0
8401	8401	1	0.0
8431	8431	1	0.0
8417	8417	1	0.0
8371	8381	1	0.0
8368	8368	1	0.0
8377	8387	1	0.0
8447	8458	1	0.0
8458	8458	1	0.0
8446	8458	1	0.0
8295	8303	1	0.0
8429	8429	1	0.0
8332	8332	1	0.0
8290	8299	1	0.0
8447	8459	1	0.0
8453	8453	1	0.0
8441	8446	1	0.0
8299	8289	1	0.0
8415	8408	1	0.0
8446	8459	1	0.0
8459	8459	1	0.0
8447	8460	1	0.0
8290	8300	1	0.0
8299	8290	1	0.0
8474	8474	1	0.0
8441	8447	1	0.0
8446	8460	1	0.0
8413	8405	1	0.0
8459	8446	1	0.0
8299	8291	1	0.0
8455	8443	1	0.0
8441	8448	1	0.0
8415	8415	1	0.0
8453	8443	1	0.0
8387	8379	1	0.0
8472	8472	1	0.0
8470	8470	1	0.0
8455	8444	1	0.0
8443	8437	1	0.0
8459	8447	1	0.0
8299	8292	1	0.0
8387	8380	1	0.0
8418	8418	1	0.0
8332	8339	1	0.0
8486	8486	1	0.0
8453	8444	1	0.0
8324	8324	1	0.0
8443	8438	1	0.0
8459	8448	1	0.0
8457	8457	1	0.0
8387	8381	1	0.0
8429	8436	1	0.0
8484	8484	1	0.0
8464	8464	1	0.0
8475	8470	1	0.0
8455	8455	1	0.0
8443	8443	1	0.0
8493	8502	1	0.0
8402	8402	1	0.0
8446	8441	1	0.0
8450	8450	1	0.0
8409	8409	1	0.0
8299	8299	1	0.0
8484	8490	1	0.0
8460	8446	1	0.0
8464	8472	1	0.0
8398	8398	1	0.0
8422	8422	1	0.0
8495	8495	1	0.0
8333	8333	1	0.0
8484	8491	1	0.0
8390	8390	1	0.0
8493	8503	1	0.0
8460	8447	1	0.0
8488	8482	1	0.0
8291	8291	1	0.0
8493	8504	1	0.0
8475	8475	1	0.0
8364	8364	1	0.0
8381	8370	1	0.0
8460	8448	1	0.0
8381	8381	1	0.0
8444	8437	1	0.0
8392	8392	1	0.0
8414	8407	1	0.0
8495	8502	1	0.0
8300	8289	1	0.0
8510	8510	1	0.0
8444	8438	1	0.0
8368	8375	1	0.0
8504	8504	1	0.0
8403	8403	1	0.0
8300	8290	1	0.0
8279	8269	1	0.0
8333	8339	1	0.0
8381	8371	1	0.0
8495	8503	1	0.0
8368	8376	1	0.0
8364	8374	1	0.0
8500	8500	1	0.0
8291	8299	1	0.0
8300	8291	1	0.0
8498	8498	1	0.0
8456	8445	1	0.0
8488	8488	1	0.0
8279	8270	1	0.0
8476	8470	1	0.0
8368	8377	1	0.0
8495	8504	1	0.0
8399	8399	1	0.0
8291	8300	1	0.0
8503	8493	1	0.0
8423	8423	1	0.0
8493	8493	1	0.0
8300	8292	1	0.0
8465	8465	1	0.0
8368	8378	1	0.0
8503	8494	1	0.0
8299	8305	1	0.0
8520	8514	1	0.0
8502	8493	1	0.0
8424	8424	1	0.0
8303	8295	1	0.0
8510	8519	1	0.0
8503	8495	1	0.0
8512	8520	1	0.0
8497	8497	1	0.0
8502	8494	1	0.0
8448	8458	1	0.0
8460	8460	1	0.0
8465	8472	1	0.0
8514	8507	1	0.0
8448	8459	1	0.0
8518	8509	1	0.0
8520	8520	1	0.0
8502	8495	1	0.0
8476	8476	1	0.0
8461	8461	1	0.0
8424	8430	1	0.0
8390	8396	1	0.0
8514	8508	1	0.0
8521	8521	1	0.0
8448	8460	1	0.0
8456	8456	1	0.0
8336	8336	1	0.0
8487	8482	1	0.0
8503	8503	1	0.0
8526	8536	1	0.0
8454	8443	1	0.0
8502	8502	1	0.0
8442	8449	1	0.0
8518	8518	1	0.0
8473	8473	1	0.0
8447	8441	1	0.0
8521	8528	1	0.0
8530	8521	1	0.0
8461	8471	1	0.0
8442	8450	1	0.0
8427	8427	1	0.0
8454	8444	1	0.0
8404	8397	1	0.0
8524	8534	1	0.0
8528	8528	1	0.0
8521	8529	1	0.0
8292	8292	1	0.0
8442	8451	1	0.0
8425	8425	1	0.0
8476	8471	1	0.0
8487	8487	1	0.0
8524	8535	1	0.0
8521	8530	1	0.0
8442	8452	1	0.0
8404	8404	1	0.0
8300	8305	1	0.0
8430	8430	1	0.0
8513	8513	1	0.0
8536	8524	1	0.0
8485	8485	1	0.0
8499	8499	1	0.0
8524	8536	1	0.0
8391	8391	1	0.0
8445	8439	1	0.0
8514	8514	1	0.0
8425	8431	1	0.0
8536	8525	1	0.0
8445	8440	1	0.0
8445	8445	1	0.0
8504	8493	1	0.0
8416	8412	1	0.0
8536	8536	1	0.0
8425	8432	1	0.0
8513	8520	1	0.0
8433	8427	1	0.0
8530	8530	1	0.0
8524	8524	1	0.0
8536	8526	1	0.0
8504	8494	1	0.0
8531	8531	1	0.0
8516	8509	1	0.0
8564	8564	1	0.0
8378	8387	1	0.0
8527	8527	1	0.0
8485	8492	1	0.0
8375	8387	1	0.0
8466	8466	1	0.0
8544	8544	1	0.0
8477	8471	1	0.0
8504	8495	1	0.0
8467	8467	1	0.0
8489	8483	1	0.0
8577	8577	1	0.0
8561	8561	1	0.0
8537	8527	1	0.0
8516	8516	1	0.0
8445	8456	1	0.0
8433	8433	1	0.0
8541	8541	1	0.0
8466	8472	1	0.0
8591	8591	1	0.0
8445	8457	1	0.0
8417	8412	1	0.0
8525	8525	1	0.0
8301	8306	1	0.0
8515	8507	1	0.0
8563	8563	1	0.0
8527	8537	1	0.0
8573	8573	1	0.0
8449	8442	1	0.0
8545	8538	1	0.0
8489	8489	1	0.0
8515	8508	1	0.0
8531	8522	1	0.0
8477	8477	1	0.0
8505	8505	1	0.0
8434	8427	1	0.0
8537	8537	1	0.0
8600	8600	1	0.0
8531	8523	1	0.0
8591	8599	1	0.0
8443	8453	1	0.0
8591	8600	1	0.0
8596	8596	1	0.0
8405	8405	1	0.0
8443	8454	1	0.0
8532	8532	1	0.0
8505	8510	1	0.0
8426	8426	1	0.0
8494	8494	1	0.0
8517	8509	1	0.0
8525	8534	1	0.0
8449	8449	1	0.0
8443	8455	1	0.0
8599	8591	1	0.0
8604	8604	1	0.0
8529	8529	1	0.0
8599	8592	1	0.0
8565	8565	1	0.0
8525	8535	1	0.0
8426	8431	1	0.0
8601	8601	1	0.0
8405	8411	1	0.0
8507	8507	1	0.0
8525	8536	1	0.0
8426	8432	1	0.0
8614	8614	1	0.0
8434	8434	1	0.0
8599	8599	1	0.0
8528	8521	1	0.0
8405	8412	1	0.0
8415	8412	1	0.0
8515	8515	1	0.0
8545	8545	1	0.0
8494	8502	1	0.0
8467	8473	1	0.0
8486	8492	1	0.0
8568	8568	1	0.0
8534	8524	1	0.0
8609	8609	1	0.0
8610	8610	1	0.0
8601	8607	1	0.0
8494	8503	1	0.0
8451	8451	1	0.0
8405	8413	1	0.0
8467	8474	1	0.0
8574	8574	1	0.0
8511	8511	1	0.0
8606	8606	1	0.0
8601	8608	1	0.0
8494	8504	1	0.0
8408	8406	1	0.0
8478	8478	1	0.0
8471	8461	1	0.0
8542	8542	1	0.0
8578	8570	1	0.0
8468	8468	1	0.0
8605	8598	1	0.0
8435	8427	1	0.0
8517	8517	1	0.0
8471	8462	1	0.0
8615	8606	1	0.0
8605	8599	1	0.0
8546	8539	1	0.0
8533	8533	1	0.0
8534	8525	1	0.0
8478	8484	1	0.0
8578	8571	1	0.0
8596	8602	1	0.0
8450	8442	1	0.0
8511	8520	1	0.0
8406	8406	1	0.0
8534	8526	1	0.0
8406	8408	1	0.0
8596	8603	1	0.0
8508	8508	1	0.0
8406	8409	1	0.0
8606	8615	1	0.0
8537	8528	1	0.0
8471	8471	1	0.0
8596	8604	1	0.0
8506	8506	1	0.0
8578	8578	1	0.0
8406	8410	1	0.0
8606	8616	1	0.0
8532	8522	1	0.0
8546	8546	1	0.0
8611	8611	1	0.0
8600	8591	1	0.0
8526	8526	1	0.0
8482	8482	1	0.0
8532	8523	1	0.0
8606	8617	1	0.0
8600	8592	1	0.0
8435	8435	1	0.0
8569	8569	1	0.0
8522	8522	1	0.0
8617	8606	1	0.0
8543	8543	1	0.0
8611	8602	1	0.0
8575	8575	1	0.0
8479	8479	1	0.0
8490	8484	1	0.0
8615	8615	1	0.0
8506	8511	1	0.0
8546	8541	1	0.0
8506	8512	1	0.0
8436	8428	1	0.0
8611	8603	1	0.0
8605	8605	1	0.0
8534	8534	1	0.0
8436	8429	1	0.0
8538	8538	1	0.0
8611	8604	1	0.0
8506	8513	1	0.0
8490	8490	1	0.0
8479	8485	1	0.0
8602	8602	1	0.0
8529	8521	1	0.0
8468	8473	1	0.0
8566	8566	1	0.0
8616	8606	1	0.0
8479	8486	1	0.0
8522	8531	1	0.0
8597	8597	1	0.0
8468	8474	1	0.0
8409	8406	1	0.0
8522	8532	1	0.0
8547	8547	1	0.0
8538	8544	1	0.0
8509	8509	1	0.0
8427	8433	1	0.0
8483	8483	1	0.0
8617	8617	1	0.0
8522	8533	1	0.0
8602	8609	1	0.0
8592	8592	1	0.0
8538	8545	1	0.0
8427	8434	1	0.0
8491	8484	1	0.0
8436	8436	1	0.0
8480	8480	1	0.0
8618	8618	1	0.0
8427	8435	1	0.0
8602	8610	1	0.0
8570	8570	1	0.0
8576	8576	1	0.0
8535	8524	1	0.0
8430	8424	1	0.0
8551	8551	1	0.0
8607	8607	1	0.0
8602	8611	1	0.0
8540	8540	1	0.0
8480	8485	1	0.0
8469	8469	1	0.0
8606	8600	1	0.0
8535	8525	1	0.0
8592	8599	1	0.0
8570	8578	1	0.0
8496	8496	1	0.0
8548	8548	1	0.0
8480	8486	1	0.0
8451	8442	1	0.0
8616	8616	1	0.0
8491	8491	1	0.0
8618	8626	1	0.0
8462	8462	1	0.0
8518	8510	1	0.0
8535	8526	1	0.0
8592	8600	1	0.0
8507	8514	1	0.0
8523	8523	1	0.0
8612	8605	1	0.0
8533	8522	1	0.0
8507	8515	1	0.0
8579	8579	1	0.0
8597	8602	1	0.0
8533	8523	1	0.0
8510	8505	1	0.0
8621	8621	1	0.0
8603	8603	1	0.0
8597	8603	1	0.0
8481	8481	1	0.0
8552	8552	1	0.0
8462	8471	1	0.0
8595	8595	1	0.0
8469	8473	1	0.0
8597	8604	1	0.0
8579	8586	1	0.0
8523	8531	1	0.0
8612	8612	1	0.0
8481	8485	1	0.0
8469	8474	1	0.0
8437	8437	1	0.0
8523	8532	1	0.0
8501	8501	1	0.0
8481	8486	1	0.0
8539	8539	1	0.0
8519	8510	1	0.0
8603	8609	1	0.0
8552	8558	1	0.0
8579	8587	1	0.0
8523	8533	1	0.0
8535	8535	1	0.0
8603	8610	1	0.0
8552	8559	1	0.0
8437	8443	1	0.0
8603	8611	1	0.0
8437	8444	1	0.0
8539	8546	1	0.0
8598	8598	1	0.0
8613	8605	1	0.0
8508	8514	1	0.0
8555	8555	1	0.0
8533	8524	1	0.0
8519	8519	1	0.0
8584	8584	1	0.0
8533	8525	1	0.0
8508	8515	1	0.0
8553	8553	1	0.0
8482	8487	1	0.0
8598	8605	1	0.0
8622	8622	1	0.0
8533	8526	1	0.0
8482	8488	1	0.0
8580	8580	1	0.0
8601	8593	1	0.0
8619	8619	1	0.0
8484	8478	1	0.0
8601	8594	1	0.0
8512	8512	1	0.0
8556	8556	1	0.0
8438	8438	1	0.0
8580	8586	1	0.0
8613	8613	1	0.0
8492	8485	1	0.0
8580	8587	1	0.0
8470	8475	1	0.0
8438	8443	1	0.0
8526	8534	1	0.0
8492	8486	1	0.0
8623	8623	1	0.0
8470	8476	1	0.0
8526	8535	1	0.0
8604	8609	1	0.0
8509	8516	1	0.0
8472	8463	1	0.0
8557	8557	1	0.0
8604	8610	1	0.0
8509	8517	1	0.0
8599	8605	1	0.0
8604	8611	1	0.0
8492	8492	1	0.0
8472	8464	1	0.0
8601	8595	1	0.0
8520	8511	1	0.0
8509	8518	1	0.0
8483	8489	1	0.0
8554	8554	1	0.0
8614	8605	1	0.0
8581	8581	1	0.0
8472	8465	1	0.0
8571	8571	1	0.0
8520	8512	1	0.0
8601	8596	1	0.0
8485	8479	1	0.0
8512	8506	1	0.0
8544	8538	1	0.0
8601	8597	1	0.0
8485	8480	1	0.0
8472	8466	1	0.0
8520	8513	1	0.0
8485	8481	1	0.0
8571	8578	1	0.0
8624	8624	1	0.0
8593	8593	1	0.0
8585	8585	1	0.0
8600	8606	1	0.0
8582	8582	1	0.0
8605	8612	1	0.0
8602	8595	1	0.0
8602	8596	1	0.0
8593	8601	1	0.0
8605	8613	1	0.0
8602	8597	1	0.0
8608	8608	1	0.0
8486	8479	1	0.0
8605	8614	1	0.0
8486	8480	1	0.0
8608	8601	1	0.0
8625	8625	1	0.0
8486	8481	1	0.0
8471	8477	1	0.0
8558	8552	1	0.0
8473	8467	1	0.0
8513	8506	1	0.0
8558	8558	1	0.0
8583	8583	1	0.0
8620	8620	1	0.0
8603	8595	1	0.0
8473	8468	1	0.0
8603	8596	1	0.0
8559	8552	1	0.0
8603	8597	1	0.0
8473	8469	1	0.0
8594	8594	1	0.0
8594	8601	1	0.0
8543	8538	1	0.0
8463	8463	1	0.0
8559	8559	1	0.0
8586	8579	1	0.0
8586	8580	1	0.0
8560	8560	1	0.0
8604	8595	1	0.0
8604	8596	1	0.0
8607	8601	1	0.0
8604	8597	1	0.0
8586	8586	1	0.0
8463	8472	1	0.0
8511	8506	1	0.0
8587	8579	1	0.0
8587	8580	1	0.0
8572	8572	1	0.0
8474	8467	1	0.0
8474	8468	1	0.0
8587	8587	1	0.0
8474	8469	1	0.0
8595	8602	1	0.0
8595	8603	1	0.0
8595	8604	1	0.0
8609	8602	1	0.0
8609	8603	1	0.0
8609	8604	1	0.0
8626	8618	1	0.0
8626	8626	1	0.0
8610	8602	1	0.0
8610	8603	1	0.0
8610	8604	1	0.0
