8244	8245	0	0.83603776
8244	8245	1	0.016499627
8244	8245	2	0.14746262
8244	8246	0	0.09972071
8244	8246	1	0.7864467
8244	8246	2	0.11383252
8245	8246	0	5.138128E-4
8245	8246	1	0.9910921
8245	8246	2	0.008394396
8245	8247	0	0.101130426
8245	8247	1	0.7824846
8245	8247	2	0.11638492
8245	8248	0	0.06738882
8245	8248	1	0.8600265
8245	8248	2	0.072584674
8246	8247	0	0.12545525
8246	8247	1	0.72706497
8246	8247	2	0.14747979
8246	8248	0	0.10014729
8246	8248	1	0.79488397
8246	8248	2	0.104968786
8247	8248	0	5.826694E-4
8247	8248	1	0.99269116
8247	8248	2	0.006726194
8247	8249	0	0.4339764
8247	8249	1	0.27091688
8247	8249	2	0.29510668
8247	8250	0	0.091742486
8247	8250	1	0.8127555
8247	8250	2	0.09550202
8247	8251	0	0.09174249
8247	8251	1	0.8127555
8247	8251	2	0.095502004
8248	8249	0	0.990686
8248	8249	1	6.354835E-4
8248	8249	2	0.0086784875
8248	8250	0	0.14219095
8248	8250	1	0.6851828
8248	8250	2	0.17262617
8248	8251	0	0.14219093
8248	8251	1	0.6851828
8248	8251	2	0.1726262
8249	8250	0	4.993161E-4
8249	8250	1	0.99501526
8249	8250	2	0.0044853897
8249	8251	0	4.9928576E-4
8249	8251	1	0.9950153
8249	8251	2	0.004485359
8252	8253	0	0.07720334
8252	8253	1	0.837978
8252	8253	2	0.0848186
8253	8254	0	0.98226273
8253	8254	1	8.3637395E-4
8253	8254	2	0.01690088
8253	8255	0	0.90195453
8253	8255	1	0.003387733
8253	8255	2	0.09465774
8253	8256	0	0.07826781
8253	8256	1	0.82739687
8253	8256	2	0.09433526
8254	8255	0	0.005813429
8254	8255	1	0.9326632
8254	8255	2	0.06152342
8254	8256	0	5.477446E-4
8254	8256	1	0.99487996
8254	8256	2	0.0045722546
8255	8256	0	4.911936E-4
8255	8256	1	0.99483645
8255	8256	2	0.004672351
8254	8257	0	0.02647904
8254	8257	1	0.87033844
8254	8257	2	0.10318257
8255	8257	0	0.13028765
8255	8257	1	0.5977888
8255	8257	2	0.27192354
8256	8257	0	0.99100655
8256	8257	1	5.7145325E-4
8256	8257	2	0.0084219985
8258	8259	0	0.0014523065
8258	8259	1	0.96900034
8258	8259	2	0.029547311
8258	8260	0	0.101468086
8258	8260	1	0.7868998
8258	8260	2	0.11163211
8259	8260	0	0.100352585
8259	8260	1	0.78400505
8259	8260	2	0.11564234
8260	8261	0	0.09711164
8260	8261	1	0.74996305
8260	8261	2	0.15292525
8260	8262	0	0.10768625
8260	8262	1	0.7798594
8260	8262	2	0.112454325
8261	8262	0	0.0010412406
8261	8262	1	0.9857617
8261	8262	2	0.013197118
8263	8264	0	0.36268616
8263	8264	1	0.057946347
8263	8264	2	0.5793675
8264	8265	0	0.08468165
8264	8265	1	0.80416334
8264	8265	2	0.11115493
8265	8266	0	0.07242855
8265	8266	1	0.8404751
8265	8266	2	0.08709636
8267	8268	0	6.513276E-4
8267	8268	1	0.9896637
8267	8268	2	0.009685028
8269	8270	0	0.624657
8269	8270	1	0.05175672
8269	8270	2	0.3236049
8269	8271	0	5.92483E-4
8269	8271	1	0.98436004
8269	8271	2	0.015055715
8269	8272	0	4.4477126E-4
8269	8272	1	0.99369323
8269	8272	2	0.005868441
8270	8271	0	6.609574E-4
8270	8271	1	0.9834525
8270	8271	2	0.015895503
8270	8272	0	4.766722E-4
8270	8272	1	0.99387103
8270	8272	2	0.005660664
8271	8272	0	0.0055706617
8271	8272	1	0.9770778
8271	8272	2	0.017354202
8269	8273	0	0.08329828
8269	8273	1	0.8246385
8269	8273	2	0.092063144
8269	8274	0	0.09110656
8269	8274	1	0.7798444
8269	8274	2	0.12904908
8270	8273	0	0.08278331
8270	8273	1	0.8253808
8270	8273	2	0.091836
8270	8274	0	0.093691036
8270	8274	1	0.78587973
8270	8274	2	0.12042925
8271	8273	0	0.07406072
8271	8273	1	0.7289665
8271	8273	2	0.19697282
8271	8274	0	0.55776924
8271	8274	1	0.049386796
8271	8274	2	0.39284438
8272	8273	0	0.5958327
8272	8273	1	0.07605274
8272	8273	2	0.3281145
8272	8274	0	0.8411643
8272	8274	1	0.07513146
8272	8274	2	0.08370346
8273	8274	0	0.88495404
8273	8274	1	0.0038186335
8273	8274	2	0.1112866
8273	8275	0	0.120071955
8273	8275	1	0.7543734
8273	8275	2	0.12555473
8273	8276	0	0.113289826
8273	8276	1	0.74125224
8273	8276	2	0.14545767
8273	8277	0	0.8374017
8273	8277	1	0.045881722
8273	8277	2	0.11671502
8273	8278	0	0.9202144
8273	8278	1	0.027119406
8273	8278	2	0.052665535
8274	8275	0	0.09353127
8274	8275	1	0.80865604
8274	8275	2	0.09781286
8274	8276	0	0.090085484
8274	8276	1	0.7965569
8274	8276	2	0.1133571
8274	8277	0	0.5531384
8274	8277	1	0.1140327
8274	8277	2	0.33282885
8274	8278	0	0.8015019
8274	8278	1	0.07392388
8274	8278	2	0.12457364
8275	8276	0	0.91951364
8275	8276	1	0.007050488
8275	8276	2	0.07493614
8275	8277	0	0.9833407
8275	8277	1	0.0012686846
8275	8277	2	0.015884317
8275	8278	0	0.9906021
8275	8278	1	0.0010083792
8275	8278	2	0.009268763
8276	8277	0	0.98394656
8276	8277	1	0.0010037532
8276	8277	2	0.01533289
8276	8278	0	0.98795235
8276	8278	1	0.0010514876
8276	8278	2	0.011842573
8277	8278	0	0.8384691
8277	8278	1	0.011392739
8277	8278	2	0.15200394
8275	8279	0	0.9213703
8275	8279	1	0.03191896
8275	8279	2	0.046710055
8275	8280	0	0.8511605
8275	8280	1	0.059053842
8275	8280	2	0.08978515
8275	8281	0	0.93341917
8275	8281	1	0.026183829
8275	8281	2	0.040396024
8275	8282	0	0.9103047
8275	8282	1	0.038944837
8275	8282	2	0.05074973
8276	8279	0	0.9041483
8276	8279	1	0.040666148
8276	8279	2	0.055185072
8276	8280	0	0.6371776
8276	8280	1	0.020137575
8276	8280	2	0.34268463
8276	8281	0	0.8958322
8276	8281	1	0.030007828
8276	8281	2	0.074159876
8276	8282	0	0.87630457
8276	8282	1	0.038547613
8276	8282	2	0.08514738
8277	8280	0	0.05897611
8277	8280	1	0.7881851
8277	8280	2	0.15283744
8277	8281	0	0.32983357
8277	8281	1	0.1357598
8277	8281	2	0.53440565
8277	8282	0	0.24259867
8277	8282	1	0.2045331
8277	8282	2	0.552864
8278	8279	0	0.25300366
8278	8279	1	0.31954637
8278	8279	2	0.42745057
8278	8280	0	0.049100086
8278	8280	1	0.8578093
8278	8280	2	0.09308886
8278	8281	0	0.059762843
8278	8281	1	0.8105047
8278	8281	2	0.12973316
8278	8282	0	0.058731005
8278	8282	1	0.8149579
8278	8282	2	0.12631162
8279	8280	0	0.020088635
8279	8280	1	0.86594063
8279	8280	2	0.11395097
8279	8281	0	0.32546398
8279	8281	1	0.13139018
8279	8281	2	0.5429833
8279	8282	0	0.21927533
8279	8282	1	0.19715403
8279	8282	2	0.58338064
8280	8281	0	0.92355436
8280	8281	1	0.0054704337
8280	8281	2	0.070965566
8280	8282	0	0.9170398
8280	8282	1	0.01800462
8280	8282	2	0.06494635
8281	8282	0	0.0652644
8281	8282	1	0.71053636
8281	8282	2	0.22417483
8279	8283	0	0.57041633
8279	8283	1	0.042969473
8279	8283	2	0.38661397
8279	8284	0	0.13524206
8279	8284	1	0.31584552
8279	8284	2	0.54890704
8279	8285	0	4.1578853E-4
8279	8285	1	0.99375093
8279	8285	2	0.0058335382
8280	8283	0	0.8052666
8280	8283	1	0.06386273
8280	8283	2	0.13087037
8280	8284	0	0.3702141
8280	8284	1	0.12700956
8280	8284	2	0.5027815
8280	8285	0	0.09825861
8280	8285	1	0.7974307
8280	8285	2	0.1043111
8281	8283	0	0.6233649
8281	8283	1	0.09303951
8281	8283	2	0.28359547
8281	8284	0	0.16016854
8281	8284	1	0.38524702
8281	8284	2	0.4545811
8281	8285	0	0.05547197
8281	8285	1	0.8839354
8281	8285	2	0.06059237
8282	8283	0	0.66215163
8282	8283	1	0.08975652
8282	8283	2	0.24809217
8282	8284	0	0.1880481
8282	8284	1	0.31082928
8282	8284	2	0.5011194
8282	8285	0	0.058860756
8282	8285	1	0.877652
8282	8285	2	0.063486025
8283	8284	0	0.1976107
8283	8284	1	0.23480345
8283	8284	2	0.5675622
8283	8285	0	4.4057157E-4
8283	8285	1	0.9937311
8283	8285	2	0.005520215
8284	8285	0	4.3888832E-4
8284	8285	1	0.99395746
8284	8285	2	0.005327732
8283	8286	0	0.104249604
8283	8286	1	0.7794605
8283	8286	2	0.11628992
8284	8286	0	0.10454674
8284	8286	1	0.7802205
8284	8286	2	0.11523264
8285	8286	0	0.97179055
8285	8286	1	0.0025771847
8285	8286	2	0.025632253
8286	8287	0	0.102830656
8286	8287	1	0.77427375
8286	8287	2	0.122895524
8286	8288	0	0.10607273
8286	8288	1	0.78208375
8286	8288	2	0.1118435
8287	8288	0	5.270168E-4
8287	8288	1	0.9935777
8287	8288	2	0.005895201
8289	8290	0	0.97088933
8289	8290	1	0.0014755651
8289	8290	2	0.027635142
8289	8291	0	0.99192864
8289	8291	1	5.248813E-4
8289	8291	2	0.007546515
8289	8292	0	0.99304855
8289	8292	1	5.255508E-4
8289	8292	2	0.006425919
8290	8291	0	0.9783679
8290	8291	1	7.6440076E-4
8290	8291	2	0.020867636
8290	8292	0	0.98873174
8290	8292	1	5.757532E-4
8290	8292	2	0.010692501
8291	8292	0	0.9370518
8291	8292	1	0.00572191
8291	8292	2	0.057226323
8289	8293	0	0.014165273
8289	8293	1	0.9527254
8289	8293	2	0.033109337
8289	8294	0	0.6807425
8289	8294	1	0.07974349
8289	8294	2	0.23951396
8290	8293	0	7.8055623E-4
8290	8293	1	0.991452
8290	8293	2	0.0077674463
8290	8294	0	0.010895567
8290	8294	1	0.84727025
8290	8294	2	0.14183417
8291	8293	0	4.83433E-4
8291	8293	1	0.9939387
8291	8293	2	0.005577919
8291	8294	0	5.7051843E-4
8291	8294	1	0.98949176
8291	8294	2	0.00993774
8292	8293	0	4.3917165E-4
8292	8293	1	0.99412835
8292	8293	2	0.005432501
8292	8294	0	5.3164933E-4
8292	8294	1	0.99004793
8292	8294	2	0.009420378
8293	8294	0	0.97978437
8293	8294	1	0.0012819861
8293	8294	2	0.018931398
8293	8295	0	0.9869417
8293	8295	1	8.264779E-4
8293	8295	2	0.012231852
8294	8295	0	0.8655528
8294	8295	1	0.05151829
8294	8295	2	0.08292897
8295	8296	0	0.07861247
8295	8296	1	0.7558108
8295	8296	2	0.16557674
8295	8297	0	0.09348237
8295	8297	1	0.7993227
8295	8297	2	0.10719484
8295	8298	0	0.07662366
8295	8298	1	0.74642336
8295	8298	2	0.17695293
8296	8297	0	0.007187438
8296	8297	1	0.9451601
8296	8297	2	0.047669325
8296	8298	0	0.70831496
8296	8298	1	0.027312472
8296	8298	2	0.26440853
8297	8298	0	0.8907652
8297	8298	1	0.0096286135
8297	8298	2	0.09962583
8296	8299	0	0.07764518
8296	8299	1	0.8246895
8296	8299	2	0.097665355
8296	8300	0	0.06491102
8296	8300	1	0.8646426
8296	8300	2	0.07044634
8297	8299	0	0.08207952
8297	8299	1	0.81046766
8297	8299	2	0.10745272
8297	8300	0	0.072118655
8297	8300	1	0.8502798
8297	8300	2	0.077601485
8298	8299	0	0.07801075
8298	8299	1	0.8293529
8298	8299	2	0.0926363
8298	8300	0	0.063654624
8298	8300	1	0.86840904
8298	8300	2	0.06793627
8299	8300	0	8.9143217E-4
8299	8300	1	0.9891584
8299	8300	2	0.009950139
8299	8301	0	0.083347455
8299	8301	1	0.38526922
8299	8301	2	0.5313833
8299	8302	0	0.11552826
8299	8302	1	0.7052437
8299	8302	2	0.17922796
8300	8301	0	0.9456997
8300	8301	1	0.003218125
8300	8301	2	0.051082216
8300	8302	0	0.12679127
8300	8302	1	0.6268954
8300	8302	2	0.24631329
8301	8302	0	0.0024247663
8301	8302	1	0.9631445
8301	8302	2	0.034432124
8301	8303	0	0.07602573
8301	8303	1	0.8102363
8301	8303	2	0.11373797
8302	8303	0	0.064928845
8302	8303	1	0.5014788
8302	8303	2	0.43359238
8303	8304	0	0.07744754
8303	8304	1	0.8352035
8303	8304	2	0.08734895
8304	8305	0	0.11880473
8304	8305	1	0.5124565
8304	8305	2	0.36873877
8305	8306	0	0.9198431
8305	8306	1	0.0028923443
8305	8306	2	0.07726451
8306	8307	0	0.06554903
8306	8307	1	0.85555243
8306	8307	2	0.078898616
8307	8308	0	0.90151036
8307	8308	1	0.0050140447
8307	8308	2	0.09347561
8307	8309	0	0.10957271
8307	8309	1	0.7560009
8307	8309	2	0.13442633
8308	8309	0	6.143402E-4
8308	8309	1	0.99378955
8308	8309	2	0.005596047
8308	8310	0	6.1433984E-4
8308	8310	1	0.99378955
8308	8310	2	0.005596048
8311	8312	0	0.002667427
8311	8312	1	0.91354996
8311	8312	2	0.08378265
8313	8314	0	0.002083355
8313	8314	1	0.9615664
8313	8314	2	0.036350228
8315	8316	0	9.797598E-4
8315	8316	1	0.97180927
8315	8316	2	0.027210979
8317	8318	0	0.036632262
8317	8318	1	0.40199092
8317	8318	2	0.5613768
8317	8319	0	0.035344094
8317	8319	1	0.2501472
8317	8319	2	0.7145087
8317	8320	0	0.846886
8317	8320	1	0.002567078
8317	8320	2	0.15054697
8318	8319	0	0.31950843
8318	8319	1	0.055409245
8318	8319	2	0.6250823
8318	8320	0	0.88495255
8318	8320	1	0.0020649382
8318	8320	2	0.11298257
8319	8320	0	0.90474355
8319	8320	1	0.0017853878
8319	8320	2	0.09347103
8317	8321	0	6.2429736E-4
8317	8321	1	0.98948824
8317	8321	2	0.009887466
8317	8322	0	0.0
8317	8322	1	0.9082546
8317	8322	2	0.09174532
8318	8321	0	0.001168398
8318	8321	1	0.97726667
8318	8321	2	0.021564925
8318	8322	0	0.06688388
8318	8322	1	0.3767352
8318	8322	2	0.5563809
8319	8321	0	5.3571013E-4
8319	8321	1	0.9917916
8319	8321	2	0.007672595
8319	8322	0	0.042282835
8319	8322	1	0.8677983
8319	8322	2	0.08991881
8320	8321	0	4.7612673E-4
8320	8321	1	0.99337715
8320	8321	2	0.006146726
8320	8322	0	5.8875344E-4
8320	8322	1	0.9897941
8320	8322	2	0.00961712
8321	8322	0	0.91185445
8321	8322	1	0.0040618074
8321	8322	2	0.08408377
8323	8324	0	0.9769692
8323	8324	1	0.0029216104
8323	8324	2	0.020109126
8323	8325	0	0.52486026
8323	8325	1	0.04774405
8323	8325	2	0.42739552
8323	8326	0	0.0024628204
8323	8326	1	0.9128617
8323	8326	2	0.08467535
8323	8327	0	0.98269516
8323	8327	1	0.0035815914
8323	8327	2	0.013723202
8324	8325	0	6.6376314E-4
8324	8325	1	0.98454034
8324	8325	2	0.014795777
8324	8326	0	4.3056454E-4
8324	8326	1	0.9904018
8324	8326	2	0.009167646
8324	8327	0	0.76739717
8324	8327	1	0.050215896
8324	8327	2	0.18238683
8325	8326	0	0.0010873997
8325	8326	1	0.97216195
8325	8326	2	0.026750568
8325	8327	0	0.9799925
8325	8327	1	0.003978585
8325	8327	2	0.016028903
8326	8327	0	0.9821806
8326	8327	1	0.0041811774
8326	8327	2	0.013638219
8323	8328	0	0.053865355
8323	8328	1	0.7678148
8323	8328	2	0.17831981
8323	8329	0	0.04027248
8323	8329	1	0.90681374
8323	8329	2	0.05291376
8324	8328	0	0.07189742
8324	8328	1	0.8444723
8324	8328	2	0.08363028
8324	8329	0	0.03538512
8324	8329	1	0.92104095
8324	8329	2	0.043573957
8325	8328	0	0.050940935
8325	8328	1	0.76533705
8325	8328	2	0.18372202
8325	8329	0	0.040163442
8325	8329	1	0.90563184
8325	8329	2	0.05420466
8326	8328	0	0.6256241
8326	8328	1	0.022714775
8326	8328	2	0.3516611
8326	8329	0	0.014680527
8326	8329	1	0.74697757
8326	8329	2	0.23834187
8327	8328	0	0.07323153
8327	8328	1	0.84831184
8327	8328	2	0.0784566
8327	8329	0	0.03623762
8327	8329	1	0.9239143
8327	8329	2	0.039847996
8328	8329	0	6.3095463E-4
8328	8329	1	0.9806825
8328	8329	2	0.018686604
8328	8330	0	0.10464601
8328	8330	1	0.66334003
8328	8330	2	0.232014
8328	8331	0	0.10967336
8328	8331	1	0.65934783
8328	8331	2	0.23097882
8329	8330	0	0.2934932
8329	8330	1	0.1603172
8329	8330	2	0.5461896
8329	8331	0	0.28841004
8329	8331	1	0.19010198
8329	8331	2	0.52148795
8330	8331	0	0.357291
8330	8331	1	0.18593909
8330	8331	2	0.45678154
8332	8333	0	0.6668262
8332	8333	1	0.02767527
8332	8333	2	0.30549854
8332	8334	0	0.003531552
8332	8334	1	0.9085055
8332	8334	2	0.087962925
8333	8334	0	0.0011625086
8333	8334	1	0.96770334
8333	8334	2	0.03113414
8334	8335	0	0.9806736
8334	8335	1	9.2202367E-4
8334	8335	2	0.018404346
8335	8336	0	0.058888726
8335	8336	1	0.85068464
8335	8336	2	0.090426646
8335	8337	0	0.05951535
8335	8337	1	0.87485
8335	8337	2	0.06563471
8335	8338	0	0.055273224
8335	8338	1	0.82932705
8335	8338	2	0.11539978
8336	8337	0	4.5536272E-4
8336	8337	1	0.9943712
8336	8337	2	0.0051734503
8336	8338	0	0.0035828426
8336	8338	1	0.93338394
8336	8338	2	0.063033216
8337	8338	0	0.9783945
8337	8338	1	9.0935774E-4
8337	8338	2	0.02069615
8336	8339	0	0.05778358
8336	8339	1	0.88006485
8336	8339	2	0.062151518
8337	8339	0	0.060164526
8337	8339	1	0.8610489
8337	8339	2	0.07878657
8338	8339	0	0.05316463
8338	8339	1	0.88729906
8338	8339	2	0.059536345
8340	8341	0	0.92938894
8340	8341	1	0.0032551484
8340	8341	2	0.06735585
8340	8342	0	0.92820567
8340	8342	1	0.0033393214
8340	8342	2	0.068454966
8341	8342	0	0.5696922
8341	8342	1	0.120679595
8341	8342	2	0.30962822
8343	8344	0	0.9722107
8343	8344	1	0.0012401269
8343	8344	2	0.026549187
8344	8345	0	4.4858208E-4
8344	8345	1	0.9944484
8344	8345	2	0.0051029925
8344	8346	0	0.05960931
8344	8346	1	0.7549006
8344	8346	2	0.18549007
8344	8347	0	0.015116737
8344	8347	1	0.9603878
8344	8347	2	0.024495473
8345	8346	0	0.97986114
8345	8346	1	0.0015190216
8345	8346	2	0.018619873
8345	8347	0	0.94801664
8345	8347	1	0.0069714636
8345	8347	2	0.04501196
8346	8347	0	0.008695653
8346	8347	1	0.8759918
8346	8347	2	0.11531253
8345	8348	0	0.92104965
8345	8348	1	0.0029643932
8345	8348	2	0.07598595
8346	8348	0	0.05387494
8346	8348	1	0.8201033
8346	8348	2	0.1260218
8347	8348	0	0.03493457
8347	8348	1	0.4707985
8347	8348	2	0.49426693
8349	8350	0	0.0036160531
8349	8350	1	0.94215584
8349	8350	2	0.054228038
8349	8351	0	4.8347702E-4
8349	8351	1	0.9925078
8349	8351	2	0.007008706
8350	8351	0	7.268046E-4
8350	8351	1	0.9847594
8350	8351	2	0.014513748
8352	8353	0	5.803589E-4
8352	8353	1	0.9934348
8352	8353	2	0.005984814
8352	8354	0	0.89464605
8352	8354	1	0.01021409
8352	8354	2	0.09513986
8353	8354	0	0.9877566
8353	8354	1	7.2979054E-4
8353	8354	2	0.011513577
8355	8356	0	0.98479843
8355	8356	1	6.469712E-4
8355	8356	2	0.014554551
8355	8357	0	4.897292E-4
8355	8357	1	0.9941639
8355	8357	2	0.005346368
8355	8358	0	4.7648486E-4
8355	8358	1	0.99427795
8355	8358	2	0.005245539
8356	8357	0	5.0488627E-4
8356	8357	1	0.9933927
8356	8357	2	0.006102373
8356	8358	0	4.972216E-4
8356	8358	1	0.99354935
8356	8358	2	0.005953384
8357	8358	0	0.006924587
8357	8358	1	0.9618686
8357	8358	2	0.031206794
8359	8360	0	0.81572163
8359	8360	1	0.06404019
8359	8360	2	0.120238185
8359	8361	0	0.4569643
8359	8361	1	0.037837066
8359	8361	2	0.50519866
8360	8361	0	0.055090144
8360	8361	1	0.5915549
8360	8361	2	0.353355
8360	8362	0	0.78341156
8360	8362	1	0.069174625
8360	8362	2	0.14741379
8361	8362	0	0.88087475
8361	8362	1	0.0058605867
8361	8362	2	0.1132646
8363	8364	0	0.97994983
8363	8364	1	8.4977876E-4
8363	8364	2	0.01920044
8363	8365	0	0.9556339
8363	8365	1	0.0017789898
8363	8365	2	0.042587124
8363	8366	0	0.44553062
8363	8366	1	0.050997518
8363	8366	2	0.50347185
8363	8367	0	0.17135096
8363	8367	1	0.17132314
8363	8367	2	0.6573259
8364	8365	0	0.30819988
8364	8365	1	0.32860148
8364	8365	2	0.36319852
8364	8366	0	0.005221146
8364	8366	1	0.91217136
8364	8366	2	0.08260732
8364	8367	0	0.0014971144
8364	8367	1	0.96890986
8364	8367	2	0.029592913
8365	8366	0	0.0010362878
8365	8366	1	0.9675745
8365	8366	2	0.031389184
8365	8367	0	9.386776E-4
8365	8367	1	0.97367513
8365	8367	2	0.025386106
8366	8367	0	0.13851391
8366	8367	1	0.07551114
8366	8367	2	0.785975
8364	8368	0	0.062172875
8364	8368	1	0.86795807
8364	8368	2	0.069869116
8364	8369	0	0.08659356
8364	8369	1	0.8166547
8364	8369	2	0.09675169
8365	8368	0	0.061655052
8365	8368	1	0.8673513
8365	8368	2	0.0709936
8365	8369	0	0.08664188
8365	8369	1	0.81710744
8365	8369	2	0.09625074
8366	8368	0	0.083075196
8366	8368	1	0.80846137
8366	8368	2	0.10846341
8366	8369	0	0.13589479
8366	8369	1	0.20939037
8366	8369	2	0.6547148
8367	8368	0	0.099030785
8367	8368	1	0.7806339
8367	8368	2	0.12033525
8367	8369	0	0.17918304
8367	8369	1	0.17420347
8367	8369	2	0.6466135
8368	8369	0	0.122541636
8368	8369	1	0.45051944
8368	8369	2	0.426939
8368	8370	0	0.09633429
8368	8370	1	0.6132928
8368	8370	2	0.2903729
8368	8371	0	0.14730497
8368	8371	1	0.69840795
8368	8371	2	0.15428701
8369	8370	0	0.09145716
8369	8370	1	0.71753585
8369	8370	2	0.19100699
8369	8371	0	0.1122714
8369	8371	1	0.7695105
8369	8371	2	0.11821808
8370	8371	0	5.7548645E-4
8370	8371	1	0.9944293
8370	8371	2	0.0050026313
8370	8372	0	0.9886324
8370	8372	1	5.762978E-4
8370	8372	2	0.010789614
8370	8373	0	0.98863244
8370	8373	1	5.762936E-4
8370	8373	2	0.010789588
8371	8372	0	0.99329036
8371	8372	1	4.7550452E-4
8371	8372	2	0.0062355837
8371	8373	0	0.9932904
8371	8373	1	4.755054E-4
8371	8373	2	0.006235581
8372	8374	0	0.11313705
8372	8374	1	0.7470608
8372	8374	2	0.13980208
8373	8374	0	0.11313717
8373	8374	1	0.7470608
8373	8374	2	0.13980211
8374	8375	0	0.47660214
8374	8375	1	0.119437546
8374	8375	2	0.40396035
8374	8376	0	0.13291776
8374	8376	1	0.7239551
8374	8376	2	0.14312708
8374	8377	0	0.13430023
8374	8377	1	0.7223148
8374	8377	2	0.14338496
8374	8378	0	0.098423176
8374	8378	1	0.79846597
8374	8378	2	0.10311076
8375	8376	0	7.9459883E-4
8375	8376	1	0.97715306
8375	8376	2	0.022019466
8375	8377	0	7.392862E-4
8375	8377	1	0.97807056
8375	8377	2	0.021156425
8375	8378	0	4.266692E-4
8375	8378	1	0.99447525
8375	8378	2	0.005069697
8376	8377	0	0.029839132
8376	8377	1	0.5782282
8376	8377	2	0.39189124
8376	8378	0	8.569768E-4
8376	8378	1	0.9888958
8376	8378	2	0.010214936
8377	8378	0	5.2476797E-4
8377	8378	1	0.99297315
8377	8378	2	0.006472544
8375	8379	0	0.05182349
8375	8379	1	0.8888998
8375	8379	2	0.059276648
8375	8380	0	0.6912573
8375	8380	1	0.050159156
8375	8380	2	0.25858355
8375	8381	0	0.051284313
8375	8381	1	0.88464916
8375	8381	2	0.06406658
8376	8379	0	0.07834393
8376	8379	1	0.8156811
8376	8379	2	0.105974965
8376	8380	0	0.97994983
8376	8380	1	8.4977853E-4
8376	8380	2	0.01920044
8376	8381	0	0.0685014
8376	8381	1	0.7955153
8376	8381	2	0.13598336
8377	8379	0	0.07539652
8377	8379	1	0.8134954
8377	8379	2	0.11110799
8377	8380	0	0.97622883
8377	8380	1	0.001308809
8377	8380	2	0.022462333
8377	8381	0	0.073711604
8377	8381	1	0.80702317
8377	8381	2	0.11926526
8378	8379	0	0.8207194
8378	8379	1	0.076001674
8378	8379	2	0.103282414
8378	8380	0	0.99350286
8378	8380	1	5.0891784E-4
8378	8380	2	0.005988178
8378	8381	0	0.25435343
8378	8381	1	0.21931565
8378	8381	2	0.5263252
8379	8380	0	0.993033
8379	8380	1	5.484841E-4
8379	8380	2	0.006417622
8379	8381	0	0.074523084
8379	8381	1	0.4911082
8379	8381	2	0.43432003
8380	8381	0	7.1502407E-4
8380	8381	1	0.9870305
8380	8381	2	0.012247808
8379	8382	0	0.12995268
8379	8382	1	0.7346567
8379	8382	2	0.13539064
8379	8383	0	0.8351317
8379	8383	1	0.07509022
8379	8383	2	0.08977601
8380	8382	0	5.016861E-4
8380	8382	1	0.9948788
8380	8382	2	0.0046196636
8380	8383	0	0.10319349
8380	8383	1	0.6873545
8380	8383	2	0.20945205
8381	8382	0	0.12285278
8381	8382	1	0.73708475
8381	8382	2	0.14006236
8381	8383	0	0.91277874
8381	8383	1	0.005112379
8381	8383	2	0.08210762
8382	8383	0	0.9910369
8382	8383	1	5.614685E-4
8382	8383	2	0.008499795
8382	8384	0	0.9917062
8382	8384	1	4.690429E-4
8382	8384	2	0.00782478
8382	8385	0	0.9766934
8382	8385	1	0.0013272986
8382	8385	2	0.02197928
8383	8386	0	0.055419594
8383	8386	1	0.88422817
8383	8386	2	0.060352284
8383	8384	0	0.065328784
8383	8384	1	0.6144532
8383	8384	2	0.32021797
8383	8385	0	0.096735
8383	8385	1	0.78447425
8383	8385	2	0.11879064
8386	8384	0	0.9917056
8386	8384	1	4.6832155E-4
8386	8384	2	0.007824102
8386	8385	0	0.97669244
8386	8385	1	0.0013263755
8386	8385	2	0.02197832
8384	8385	0	0.0026751498
8384	8385	1	0.9321353
8384	8385	2	0.06519054
8384	8387	0	0.03052866
8384	8387	1	0.9342643
8384	8387	2	0.035206962
8385	8387	0	0.06432807
8385	8387	1	0.8653972
8385	8387	2	0.070274726
8388	8389	0	0.006875367
8388	8389	1	0.88640356
8388	8389	2	0.10672107
8390	8391	0	0.06633559
8390	8391	1	0.8127718
8390	8391	2	0.120892555
8392	8391	0	0.01045316
8392	8391	1	0.9245367
8392	8391	2	0.06501013
8391	8393	0	0.5210993
8391	8393	1	0.03714964
8391	8393	2	0.441751
8392	8394	0	0.044811442
8392	8394	1	0.8912935
8392	8394	2	0.06389505
8391	8394	0	0.08682104
8391	8394	1	0.79567313
8391	8394	2	0.117505744
8393	8394	0	0.044811398
8393	8394	1	0.8912935
8393	8394	2	0.06389502
8394	8395	0	0.11558858
8394	8395	1	0.6310365
8394	8395	2	0.25337493
8395	8396	0	0.97923595
8395	8396	1	8.3868613E-4
8395	8396	2	0.019925319
8397	8398	0	0.053001642
8397	8398	1	0.55929196
8397	8398	2	0.3877064
8397	8399	0	0.105892435
8397	8399	1	0.44451195
8397	8399	2	0.4495956
8398	8399	0	0.1362263
8398	8399	1	0.45748353
8398	8399	2	0.4062901
8398	8400	0	0.03273172
8398	8400	1	0.75240207
8398	8400	2	0.21486622
8398	8401	0	0.03616799
8398	8401	1	0.6333436
8398	8401	2	0.33048847
8398	8402	0	0.038369074
8398	8402	1	0.7139878
8398	8402	2	0.24764305
8399	8400	0	0.028802495
8399	8400	1	0.9063667
8399	8400	2	0.06483084
8399	8401	0	0.038714223
8399	8401	1	0.8724364
8399	8401	2	0.08884935
8399	8402	0	0.037206307
8399	8402	1	0.89242244
8399	8402	2	0.07037127
8400	8401	0	0.032076597
8400	8401	1	0.51752126
8400	8401	2	0.45040208
8400	8402	0	0.02854868
8400	8402	1	0.59202635
8400	8402	2	0.37942493
8401	8402	0	0.020765735
8401	8402	1	0.83921134
8401	8402	2	0.14002287
8400	8403	0	0.06250784
8400	8403	1	0.5996624
8400	8403	2	0.33782977
8401	8403	0	0.06404114
8401	8403	1	0.6850766
8401	8403	2	0.25088233
8402	8403	0	0.07660802
8402	8403	1	0.6556507
8402	8403	2	0.2677413
8403	8404	0	0.28534606
8403	8404	1	0.124125674
8403	8404	2	0.59052825
8405	8406	0	6.198755E-4
8405	8406	1	0.98743445
8405	8406	2	0.011945665
8405	8407	0	6.1987585E-4
8405	8407	1	0.9874345
8405	8407	2	0.011945663
8407	8408	0	0.98160434
8407	8408	1	0.001188559
8407	8408	2	0.017207097
8408	8409	0	0.0048350478
8408	8409	1	0.9848012
8408	8409	2	0.01036379
8408	8410	0	0.117549665
8408	8410	1	0.7473018
8408	8410	2	0.13514845
8409	8410	0	0.98001087
8409	8410	1	7.989139E-4
8409	8410	2	0.019190174
8409	8411	0	0.48461238
8409	8411	1	0.08601598
8409	8411	2	0.42937163
8409	8412	0	0.74311805
8409	8412	1	0.11275652
8409	8412	2	0.14412557
8409	8413	0	0.9537693
8409	8413	1	0.0017601822
8409	8413	2	0.04447051
8410	8411	0	0.08875518
8410	8411	1	0.79316473
8410	8411	2	0.118080035
8410	8412	0	0.062093895
8410	8412	1	0.84800375
8410	8412	2	0.08990232
8410	8413	0	0.07638596
8410	8413	1	0.6280388
8410	8413	2	0.2955752
8411	8412	0	0.060862206
8411	8412	1	0.8378922
8411	8412	2	0.1012452
8411	8413	0	0.9346097
8411	8413	1	0.015883902
8411	8413	2	0.04951037
8412	8413	0	0.7193058
8412	8413	1	0.08235999
8412	8413	2	0.19833396
8411	8414	0	0.1185043
8411	8414	1	0.7226083
8411	8414	2	0.15888727
8413	8414	0	0.10598465
8413	8414	1	0.77843136
8413	8414	2	0.11558404
8414	8415	0	0.09944224
8414	8415	1	0.79708815
8414	8415	2	0.10346961
8414	8416	0	0.45250428
8414	8416	1	0.24172053
8414	8416	2	0.30577523
8414	8417	0	0.09205869
8414	8417	1	0.7500421
8414	8417	2	0.15789922
8415	8416	0	0.98355997
8415	8416	1	8.727758E-4
8415	8416	2	0.015567303
8415	8417	0	0.9548571
8415	8417	1	0.0024041822
8415	8417	2	0.04273876
8416	8417	0	0.008822329
8416	8417	1	0.91615117
8416	8417	2	0.07502644
8418	8419	0	0.095635936
8418	8419	1	0.5751662
8418	8419	2	0.32919785
8418	8420	0	0.28592095
8418	8420	1	0.26829964
8418	8420	2	0.44577938
8418	8421	0	0.07082113
8418	8421	1	0.8449225
8418	8421	2	0.084256396
8419	8420	0	0.94178605
8419	8420	1	0.003206208
8419	8420	2	0.055007786
8419	8421	0	7.128032E-4
8419	8421	1	0.987319
8419	8421	2	0.011968162
8420	8421	0	6.8417063E-4
8420	8421	1	0.9869791
8420	8421	2	0.012336662
8419	8422	0	0.02259115
8419	8422	1	0.94739926
8419	8422	2	0.030009612
8419	8423	0	0.6738107
8419	8423	1	0.07144599
8419	8423	2	0.25474328
8420	8422	0	4.898128E-4
8420	8422	1	0.99193263
8420	8422	2	0.0075775143
8420	8423	0	0.28684536
8420	8423	1	0.31099728
8420	8423	2	0.4021573
8421	8422	0	0.07205195
8421	8422	1	0.8211917
8421	8422	2	0.106756344
8421	8423	0	0.93387127
8421	8423	1	0.005024536
8421	8423	2	0.0611042
8422	8423	0	0.9678335
8422	8423	1	0.0014805966
8422	8423	2	0.030685911
8424	8425	0	0.9924161
8424	8425	1	5.441681E-4
8424	8425	2	0.007039723
8424	8426	0	0.44327462
8424	8426	1	0.06019552
8424	8426	2	0.49652988
8425	8426	0	5.126144E-4
8425	8426	1	0.9932014
8425	8426	2	0.0062860744
8425	8427	0	0.035586976
8425	8427	1	0.92423093
8425	8427	2	0.0401821
8426	8427	0	0.041638028
8426	8427	1	0.89073384
8426	8427	2	0.06762816
8427	8428	0	0.99225485
8427	8428	1	5.3204957E-4
8427	8428	2	0.0072130817
8427	8429	0	0.10406047
8427	8429	1	0.5612801
8427	8429	2	0.33465943
8428	8429	0	4.8337204E-4
8428	8429	1	0.9920622
8428	8429	2	0.0074524013
8428	8430	0	4.4111256E-4
8428	8430	1	0.9940008
8428	8430	2	0.0055581005
8429	8430	0	0.23621249
8429	8430	1	0.2648335
8429	8430	2	0.49895394
8430	8431	0	0.9429027
8430	8431	1	0.025590282
8430	8431	2	0.031507004
8430	8432	0	0.7847065
8430	8432	1	0.07286972
8430	8432	2	0.14242367
8431	8432	0	6.1181706E-4
8431	8432	1	0.98821527
8431	8432	2	0.011173029
8431	8433	0	0.045318104
8431	8433	1	0.897525
8431	8433	2	0.057156865
8431	8434	0	0.25328535
8431	8434	1	0.4190144
8431	8434	2	0.32770023
8431	8435	0	7.0475007E-4
8431	8435	1	0.9842478
8431	8435	2	0.01504744
8432	8433	0	0.023301987
8432	8433	1	0.77664983
8432	8433	2	0.20004812
8432	8434	0	0.84516215
8432	8434	1	0.06944388
8432	8434	2	0.08539407
8432	8435	0	0.0057009105
8432	8435	1	0.83703077
8432	8435	2	0.15726827
8433	8434	0	0.8472017
8433	8434	1	0.010956999
8433	8434	2	0.14184128
8433	8435	0	9.139622E-4
8433	8435	1	0.9758761
8433	8435	2	0.02320999
8434	8435	0	6.3842867E-4
8434	8435	1	0.98753786
8434	8435	2	0.011823706
8433	8436	0	0.07870774
8433	8436	1	0.6294244
8433	8436	2	0.29186785
8434	8436	0	0.0066744816
8434	8436	1	0.8930479
8434	8436	2	0.100277625
8435	8436	0	0.94933116
8435	8436	1	0.0021129614
8435	8436	2	0.048555914
8437	8438	0	0.9913527
8437	8438	1	4.7337866E-4
8437	8438	2	0.0081739435
8437	8439	0	0.040135074
8437	8439	1	0.5774349
8437	8439	2	0.38243002
8437	8440	0	0.98228514
8437	8440	1	8.9000585E-4
8437	8440	2	0.016824905
8438	8439	0	0.025020795
8438	8439	1	0.9417699
8438	8439	2	0.03320931
8438	8440	0	0.068918735
8438	8440	1	0.83100796
8438	8440	2	0.10007323
8439	8440	0	0.9868541
8439	8440	1	5.931809E-4
8439	8440	2	0.012552762
8439	8441	0	0.3451851
8439	8441	1	0.067422
8439	8441	2	0.5873929
8440	8441	0	0.08315506
8440	8441	1	0.8263333
8440	8441	2	0.09051158
8441	8442	0	0.09505245
8441	8442	1	0.5735129
8441	8442	2	0.33143467
8442	8443	0	0.03744043
8442	8443	1	0.9200557
8442	8443	2	0.042503875
8442	8444	0	0.03849159
8442	8444	1	0.8983346
8442	8444	2	0.063173786
8443	8444	0	0.96222764
8443	8444	1	0.0029329977
8443	8444	2	0.034836475
8443	8445	0	0.71536446
8443	8445	1	0.11913727
8443	8445	2	0.16549827
8444	8445	0	0.22179973
8444	8445	1	0.3194021
8444	8445	2	0.4587981
8445	8446	0	0.733986
8445	8446	1	0.12807226
8445	8446	2	0.1379416
8445	8447	0	0.75783414
8445	8447	1	0.11197975
8445	8447	2	0.13018605
8445	8448	0	0.8721068
8445	8448	1	0.059212893
8445	8448	2	0.068680264
8446	8447	0	0.42240468
8446	8447	1	0.22930583
8446	8447	2	0.34852508
8446	8448	0	0.98835963
8446	8448	1	7.2481344E-4
8446	8448	2	0.011018161
8447	8448	0	0.98922735
8447	8448	1	7.866016E-4
8447	8448	2	0.010096909
8446	8449	0	0.054781318
8446	8449	1	0.87209153
8446	8449	2	0.073127456
8446	8450	0	0.047696535
8446	8450	1	0.89264035
8446	8450	2	0.059663054
8446	8451	0	0.8590137
8446	8451	1	0.05211275
8446	8451	2	0.088873535
8446	8452	0	0.88102376
8446	8452	1	0.05189278
8446	8452	2	0.06708342
8447	8449	0	0.057029974
8447	8449	1	0.8765966
8447	8449	2	0.06637369
8447	8450	0	0.04815445
8447	8450	1	0.8978263
8447	8450	2	0.05401916
8447	8451	0	0.78433573
8447	8451	1	0.056865327
8447	8451	2	0.1587989
8447	8452	0	0.8416345
8447	8452	1	0.053977165
8447	8452	2	0.10438829
8448	8449	0	0.044409953
8448	8449	1	0.90485215
8448	8449	2	0.050738167
8448	8450	0	0.039592195
8448	8450	1	0.9153018
8448	8450	2	0.045106005
8448	8451	0	0.1058784
8448	8451	1	0.65250146
8448	8451	2	0.24161847
8448	8452	0	0.13682899
8448	8452	1	0.592962
8448	8452	2	0.27021107
8449	8450	0	0.004285489
8449	8450	1	0.9753663
8449	8450	2	0.020353016
8449	8451	0	0.9816187
8449	8451	1	7.3702016E-4
8449	8451	2	0.017633753
8449	8452	0	0.9863845
8449	8452	1	5.9820944E-4
8449	8452	2	0.013011055
8450	8451	0	0.9878958
8450	8451	1	5.7580485E-4
8450	8451	2	0.011521444
8450	8452	0	0.9903657
8450	8452	1	4.7464683E-4
8450	8452	2	0.009148962
8451	8452	0	0.8968357
8451	8452	1	0.009191499
8451	8452	2	0.09397911
8449	8453	0	0.13517728
8449	8453	1	0.7229117
8449	8453	2	0.14191109
8449	8454	0	0.42725337
8449	8454	1	0.09318469
8449	8454	2	0.47956336
8449	8455	0	0.34871504
8449	8455	1	0.17529741
8449	8455	2	0.4759876
8450	8453	0	0.13592076
8450	8453	1	0.7045003
8450	8453	2	0.15957886
8450	8454	0	0.8650568
8450	8454	1	0.0075839176
8450	8454	2	0.127358
8450	8455	0	0.8608932
8450	8455	1	0.00639555
8450	8455	2	0.13271125
8451	8453	0	0.029369531
8451	8453	1	0.93681204
8451	8453	2	0.033818115
8451	8454	0	0.07946319
8451	8454	1	0.7892513
8451	8454	2	0.13128527
8451	8455	0	0.0867375
8451	8455	1	0.8010942
8451	8455	2	0.11216805
8452	8453	0	0.01748821
8452	8453	1	0.96074975
8452	8453	2	0.021762103
8452	8454	0	0.07726533
8452	8454	1	0.8150204
8452	8454	2	0.107714616
8452	8455	0	0.07986948
8452	8455	1	0.82147396
8452	8455	2	0.09865678
8453	8454	0	0.98542935
8453	8454	1	6.4404745E-4
8453	8454	2	0.013692425
8453	8455	0	0.98911124
8453	8455	1	5.9547473E-4
8453	8455	2	0.010064747
8454	8455	0	0.43166852
8454	8455	1	0.23109089
8454	8455	2	0.33630493
8453	8456	0	0.944075
8453	8456	1	0.012644664
8453	8456	2	0.043280404
8453	8457	0	0.7004924
8453	8457	1	0.07292535
8453	8457	2	0.22658224
8454	8456	0	0.13645533
8454	8456	1	0.701114
8454	8456	2	0.1624307
8454	8457	0	0.13806604
8454	8457	1	0.70918685
8454	8457	2	0.15274717
8455	8456	0	0.13819084
8455	8456	1	0.6967279
8455	8456	2	0.16508122
8455	8457	0	0.14078295
8455	8457	1	0.70579994
8455	8457	2	0.153417
8456	8457	0	0.0025321217
8456	8457	1	0.95192295
8456	8457	2	0.045507934
8456	8458	0	0.07463144
8456	8458	1	0.8458468
8456	8458	2	0.07952179
8456	8459	0	0.07462991
8456	8459	1	0.8442359
8456	8459	2	0.08113414
8456	8460	0	0.49797451
8456	8460	1	0.18295626
8456	8460	2	0.31906927
8457	8458	0	0.076529995
8457	8458	1	0.8398532
8457	8458	2	0.08361685
8457	8459	0	0.07499869
8457	8459	1	0.8349004
8457	8459	2	0.09010093
8457	8460	0	0.86196643
8457	8460	1	0.052850164
8457	8460	2	0.0851834
8458	8459	0	0.0062888293
8458	8459	1	0.884182
8458	8459	2	0.10952931
8458	8460	0	0.98595554
8458	8460	1	6.1287585E-4
8458	8460	2	0.013431795
8459	8460	0	0.9903456
8459	8460	1	4.714916E-4
8459	8460	2	0.009183164
8461	8462	0	0.008181211
8461	8462	1	0.9294212
8461	8462	2	0.062398523
8461	8463	0	0.09372379
8461	8463	1	0.76267564
8461	8463	2	0.14360052
8461	8464	0	0.9592892
8461	8464	1	0.0022972538
8461	8464	2	0.038413517
8461	8465	0	0.030566394
8461	8465	1	0.93359315
8461	8465	2	0.035840385
8461	8466	0	0.20383747
8461	8466	1	0.29348904
8461	8466	2	0.50267375
8462	8463	0	0.10586253
8462	8463	1	0.75121737
8462	8463	2	0.14292003
8462	8464	0	0.9846757
8462	8464	1	0.0012021691
8462	8464	2	0.014122153
8462	8465	0	0.034504578
8462	8465	1	0.9266327
8462	8465	2	0.038862683
8462	8466	0	0.45988947
8462	8466	1	0.16079417
8462	8466	2	0.3793162
8463	8464	0	0.9870008
8463	8464	1	7.543874E-4
8463	8464	2	0.012244755
8463	8465	0	4.6101582E-4
8463	8465	1	0.99453056
8463	8465	2	0.0050084013
8463	8466	0	0.18023443
8463	8466	1	0.37685215
8463	8466	2	0.44291335
8464	8465	0	4.761729E-4
8464	8465	1	0.9945078
8464	8465	2	0.005016062
8464	8466	0	0.0020498678
8464	8466	1	0.96126205
8464	8466	2	0.03668807
8465	8466	0	0.9887824
8465	8466	1	6.8491354E-4
8465	8466	2	0.010532656
8463	8467	0	0.96956575
8463	8467	1	0.0027211828
8463	8467	2	0.027713047
8463	8468	0	0.0907778
8463	8468	1	0.8098664
8463	8468	2	0.09935569
8463	8469	0	0.09268269
8463	8469	1	0.7952483
8463	8469	2	0.11206902
8464	8467	0	0.086721584
8464	8467	1	0.682916
8464	8467	2	0.23036249
8464	8468	0	5.1976077E-4
8464	8468	1	0.9932356
8464	8468	2	0.0062446604
8464	8469	0	4.977798E-4
8464	8469	1	0.9911854
8464	8469	2	0.008316747
8465	8467	0	0.9932127
8465	8467	1	5.379555E-4
8465	8467	2	0.0062492928
8465	8468	0	0.103184015
8465	8468	1	0.57105243
8465	8468	2	0.32576352
8465	8469	0	0.2552159
8465	8469	1	0.23408747
8465	8469	2	0.51069665
8466	8467	0	0.90721023
8466	8467	1	0.029078126
8466	8467	2	0.06371163
8466	8468	0	0.0117327925
8466	8468	1	0.96815467
8466	8468	2	0.020112578
8466	8469	0	0.013613504
8466	8469	1	0.95687544
8466	8469	2	0.029511103
8467	8468	0	5.4275873E-4
8467	8468	1	0.99341947
8467	8468	2	0.0060392106
8467	8469	0	5.2557414E-4
8467	8469	1	0.9922275
8467	8469	2	0.0072502806
8468	8469	0	0.016537901
8468	8469	1	0.6578034
8468	8469	2	0.32565588
8467	8470	0	0.079961136
8467	8470	1	0.7719629
8467	8470	2	0.14807591
8468	8470	0	0.7965387
8468	8470	1	0.0061415704
8468	8470	2	0.19731972
8469	8470	0	0.7082752
8469	8470	1	0.0109870555
8469	8470	2	0.28073776
8470	8471	0	0.09478207
8470	8471	1	0.7715146
8470	8471	2	0.13370334
8471	8472	0	0.1086434
8471	8472	1	0.75079465
8471	8472	2	0.14056191
8472	8473	0	0.06454961
8472	8473	1	0.8586309
8472	8473	2	0.07681938
8472	8474	0	0.9578556
8472	8474	1	0.0017334477
8472	8474	2	0.040410995
8473	8474	0	0.98380554
8473	8474	1	0.0011858806
8473	8474	2	0.0150086135
8473	8475	0	0.9570808
8473	8475	1	0.0028924253
8473	8475	2	0.040026806
8474	8475	0	0.07099666
8474	8475	1	0.8009788
8474	8475	2	0.12802452
8474	8476	0	0.06600445
8474	8476	1	0.86397433
8474	8476	2	0.07002119
8475	8476	0	0.0011078164
8475	8476	1	0.98886824
8475	8476	2	0.010023963
8475	8477	0	0.05967474
8475	8477	1	0.8755239
8475	8477	2	0.06480129
8476	8477	0	0.074366406
8476	8477	1	0.831797
8476	8477	2	0.09383655
8478	8479	0	0.0026559173
8478	8479	1	0.9683602
8478	8479	2	0.028983962
8478	8480	0	0.021225128
8478	8480	1	0.9379611
8478	8480	2	0.040813725
8478	8481	0	0.9922893
8478	8481	1	5.3412304E-4
8478	8481	2	0.0071765687
8479	8480	0	0.042632394
8479	8480	1	0.76693386
8479	8480	2	0.19043371
8479	8481	0	0.98936665
8479	8481	1	5.6420796E-4
8479	8481	2	0.010069123
8480	8481	0	0.9907514
8480	8481	1	5.3436856E-4
8480	8481	2	0.008714244
8479	8482	0	0.49138916
8479	8482	1	0.17936659
8479	8482	2	0.32924426
8480	8482	0	0.16135192
8480	8482	1	0.47615656
8480	8482	2	0.36249155
8481	8482	0	5.0209416E-4
8481	8482	1	0.9937618
8481	8482	2	0.0057360707
8482	8483	0	0.7768505
8482	8483	1	0.07715512
8482	8483	2	0.14599432
8483	8484	0	0.84784913
8483	8484	1	0.06799638
8483	8484	2	0.08415452
8484	8485	0	4.828487E-4
8484	8485	1	0.99501157
8484	8485	2	0.004505653
8484	8486	0	4.4774497E-4
8484	8486	1	0.9934798
8484	8486	2	0.006072479
8485	8486	0	0.054044854
8485	8486	1	0.6886646
8485	8486	2	0.25729057
8485	8487	0	0.9909024
8485	8487	1	5.4451067E-4
8485	8487	2	0.008553062
8485	8488	0	0.98477435
8485	8488	1	8.709286E-4
8485	8488	2	0.014354725
8486	8487	0	0.9671215
8486	8487	1	9.84432E-4
8486	8487	2	0.03189411
8486	8488	0	0.8634934
8486	8488	1	0.007829618
8486	8488	2	0.12867698
8487	8488	0	0.019228298
8487	8488	1	0.81255317
8487	8488	2	0.16821833
8487	8489	0	0.007088418
8487	8489	1	0.98046565
8487	8489	2	0.012445936
8488	8489	0	0.007161767
8488	8489	1	0.980775
8488	8489	2	0.0120632425
8489	8490	0	0.99175924
8489	8490	1	5.439258E-4
8489	8490	2	0.0076968484
8489	8491	0	0.25678003
8489	8491	1	0.37483236
8489	8491	2	0.3683876
8490	8491	0	4.828076E-4
8490	8491	1	0.99501157
8490	8491	2	0.0045056106
8490	8492	0	0.014269743
8490	8492	1	0.83160996
8490	8492	2	0.1541203
8491	8492	0	0.98070765
8491	8492	1	0.0043736743
8491	8492	2	0.014918666
8493	8494	0	0.001395553
8493	8494	1	0.9810883
8493	8494	2	0.017513761
8493	8495	0	5.537615E-4
8493	8495	1	0.9931308
8493	8495	2	0.0063131684
8494	8495	0	0.001168737
8494	8495	1	0.98620903
8494	8495	2	0.012619873
8493	8496	0	0.11478461
8493	8496	1	0.71114504
8493	8496	2	0.17407039
8494	8496	0	0.04797753
8494	8496	1	0.5866266
8494	8496	2	0.36539578
8495	8496	0	0.6642772
8495	8496	1	0.017633744
8495	8496	2	0.31808907
8496	8497	0	0.5190546
8496	8497	1	0.14359933
8496	8497	2	0.33734608
8496	8498	0	0.05376569
8496	8498	1	0.74265265
8496	8498	2	0.20358157
8496	8499	0	0.06610237
8496	8499	1	0.77218676
8496	8499	2	0.16171093
8496	8500	0	0.072201625
8496	8500	1	0.8392638
8496	8500	2	0.0885345
8497	8498	0	0.0031134696
8497	8498	1	0.95340985
8497	8498	2	0.043574486
8497	8499	0	0.0026913367
8497	8499	1	0.9665157
8497	8499	2	0.030866021
8497	8500	0	6.073827E-4
8497	8500	1	0.99049
8497	8500	2	0.008907637
8498	8499	0	0.007901808
8498	8499	1	0.9360401
8498	8499	2	0.056146577
8498	8500	0	5.0235423E-4
8498	8500	1	0.9899158
8498	8500	2	0.009576411
8499	8500	0	5.06547E-4
8499	8500	1	0.9908623
8499	8500	2	0.00864686
8497	8501	0	0.12808377
8497	8501	1	0.7217254
8497	8501	2	0.15019087
8498	8501	0	0.11337854
8498	8501	1	0.66678905
8498	8501	2	0.21983247
8499	8501	0	0.11536205
8499	8501	1	0.6510576
8499	8501	2	0.23358043
8500	8501	0	0.6009096
8500	8501	1	0.06744687
8500	8501	2	0.33164352
8501	8502	0	0.09901096
8501	8502	1	0.7957827
8501	8502	2	0.10520623
8501	8503	0	0.09908624
8501	8503	1	0.79585284
8501	8503	2	0.10506091
8501	8504	0	0.09756632
8501	8504	1	0.7932452
8501	8504	2	0.10918853
8502	8503	0	0.022026993
8502	8503	1	0.57059723
8502	8503	2	0.40737256
8502	8504	0	0.9112305
8502	8504	1	0.0030961304
8502	8504	2	0.085669875
8503	8504	0	0.8233477
8503	8504	1	0.008331878
8503	8504	2	0.16831653
8505	8506	0	0.09166291
8505	8506	1	0.74517965
8505	8506	2	0.16315745
8506	8507	0	0.1010781
8506	8507	1	0.7746749
8506	8507	2	0.12424697
8506	8508	0	0.10033505
8506	8508	1	0.7899164
8506	8508	2	0.10974854
8507	8508	0	8.6656224E-4
8507	8508	1	0.98864543
8507	8508	2	0.010488006
8507	8509	0	0.05734723
8507	8509	1	0.8749766
8507	8509	2	0.06767623
8508	8509	0	0.057395395
8508	8509	1	0.848982
8508	8509	2	0.093622595
8509	8510	0	0.98133767
8509	8510	1	0.0010973853
8509	8510	2	0.017564964
8510	8511	0	0.03923668
8510	8511	1	0.9164003
8510	8511	2	0.044363018
8510	8512	0	0.060525198
8510	8512	1	0.8187259
8510	8512	2	0.12074888
8510	8513	0	0.08187886
8510	8513	1	0.62210196
8510	8513	2	0.2960192
8511	8512	0	0.9884072
8511	8512	1	6.753344E-4
8511	8512	2	0.010926602
8511	8513	0	0.9890855
8511	8513	1	6.448576E-4
8511	8513	2	0.010278597
8512	8513	0	0.91620106
8512	8513	1	0.020934725
8512	8513	2	0.062869094
8511	8514	0	0.15362433
8511	8514	1	0.67850816
8511	8514	2	0.16786745
8511	8515	0	0.984902
8511	8515	1	7.291883E-4
8511	8515	2	0.014368832
8512	8514	0	0.08133554
8512	8514	1	0.832376
8512	8514	2	0.08628853
8512	8515	0	0.20600234
8512	8515	1	0.36426675
8512	8515	2	0.4297307
8513	8514	0	0.050530218
8513	8514	1	0.8944272
8513	8514	2	0.05504267
8513	8515	0	0.15381733
8513	8515	1	0.5026535
8513	8515	2	0.34352893
8514	8515	0	0.9848289
8514	8515	1	9.1071666E-4
8514	8515	2	0.014260598
8514	8516	0	0.17921177
8514	8516	1	0.60169417
8514	8516	2	0.21909478
8514	8517	0	0.984017
8514	8517	1	8.1148674E-4
8514	8517	2	0.015171529
8515	8516	0	0.055438533
8515	8516	1	0.8835497
8515	8516	2	0.06101106
8515	8518	0	0.042498693
8515	8518	1	0.90923524
8515	8518	2	0.048266143
8515	8517	0	0.046065357
8515	8517	1	0.7462447
8515	8517	2	0.2076903
8516	8518	0	0.046019897
8516	8518	1	0.8781981
8516	8518	2	0.07578592
8516	8517	0	0.98540527
8516	8517	1	8.3148805E-4
8516	8517	2	0.013768943
8518	8517	0	0.9840135
8518	8517	1	8.0814044E-4
8518	8517	2	0.01516811
8516	8519	0	0.10887186
8516	8519	1	0.75432855
8516	8519	2	0.1367995
8518	8519	0	0.1735026
8518	8519	1	0.63364923
8518	8519	2	0.19284816
8517	8519	0	0.0875459
8517	8519	1	0.81828827
8517	8519	2	0.09416597
8519	8520	0	0.11516259
8519	8520	1	0.7629809
8519	8520	2	0.121856466
8521	8522	0	0.077824146
8521	8522	1	0.65697765
8521	8522	2	0.26519817
8521	8523	0	0.4156968
8521	8523	1	0.23046929
8521	8523	2	0.3538339
8522	8523	0	0.9759847
8522	8523	1	0.0022743824
8522	8523	2	0.021740925
8522	8524	0	0.06643294
8522	8524	1	0.7057885
8522	8524	2	0.22777851
8522	8525	0	0.06296429
8522	8525	1	0.78986096
8522	8525	2	0.1471747
8522	8526	0	0.07181418
8522	8526	1	0.8269129
8522	8526	2	0.101272844
8523	8524	0	0.046172485
8523	8524	1	0.88627225
8523	8524	2	0.06755523
8523	8525	0	0.04302519
8523	8525	1	0.89845425
8523	8525	2	0.05852055
8523	8526	0	0.04025447
8523	8526	1	0.90841615
8523	8526	2	0.051329326
8524	8525	0	0.0012940427
8524	8525	1	0.97589874
8524	8525	2	0.02281846
8524	8526	0	9.48562E-4
8524	8526	1	0.9790542
8524	8526	2	0.020007096
8525	8526	0	0.0025853328
8525	8526	1	0.93201727
8525	8526	2	0.06541044
8524	8527	0	0.121398255
8524	8527	1	0.7459459
8524	8527	2	0.1326563
8525	8527	0	0.12899572
8525	8527	1	0.7277613
8525	8527	2	0.14324339
8526	8527	0	0.12326027
8526	8527	1	0.7112476
8526	8527	2	0.16549255
8527	8528	0	0.1333983
8527	8528	1	0.73040324
8527	8528	2	0.13620052
8527	8529	0	0.12486835
8527	8529	1	0.64773643
8527	8529	2	0.22739929
8527	8530	0	0.14266868
8527	8530	1	0.68614656
8527	8530	2	0.1711844
8528	8529	0	0.99102694
8528	8529	1	0.001384751
8528	8529	2	0.007485608
8528	8530	0	0.9772433
8528	8530	1	0.0013231046
8528	8530	2	0.02114927
8529	8530	0	0.0023841872
8529	8530	1	0.95975226
8529	8530	2	0.037710954
8528	8531	0	0.89727193
8528	8531	1	0.047840547
8528	8531	2	0.054887407
8528	8532	0	0.047626257
8528	8532	1	0.8923635
8528	8532	2	0.06001182
8529	8533	0	0.0394742
8529	8533	1	0.91678065
8529	8533	2	0.043745063
8529	8531	0	0.5276719
8529	8531	1	0.16245277
8529	8531	2	0.3098754
8529	8532	0	0.03151474
8529	8532	1	0.93230075
8529	8532	2	0.036183838
8530	8533	0	0.0471529
8530	8533	1	0.9011323
8530	8533	2	0.051715065
8530	8531	0	0.83756447
8530	8531	1	0.043437213
8530	8531	2	0.118998304
8530	8532	0	0.039178513
8530	8532	1	0.91673714
8530	8532	2	0.044084165
8533	8531	0	0.99190277
8533	8531	1	5.2418484E-4
8533	8531	2	0.007571141
8533	8532	0	0.0044158995
8533	8532	1	0.97878176
8533	8532	2	0.01680155
8531	8532	0	4.8003934E-4
8531	8532	1	0.99461246
8531	8532	2	0.004907707
8533	8534	0	0.97845864
8533	8534	1	0.00795388
8533	8534	2	0.013587424
8533	8535	0	0.9425771
8533	8535	1	0.02320562
8533	8535	2	0.03421734
8533	8536	0	0.8662361
8533	8536	1	0.061993383
8533	8536	2	0.07177042
8531	8534	0	0.64109623
8531	8534	1	0.13831352
8531	8534	2	0.22059016
8531	8535	0	0.107789494
8531	8535	1	0.564632
8531	8535	2	0.32757857
8531	8536	0	0.0021939105
8531	8536	1	0.9575746
8531	8536	2	0.04023143
8532	8534	0	0.97552216
8532	8534	1	0.008485785
8532	8534	2	0.015992042
8532	8535	0	0.9362733
8532	8535	1	0.022730831
8532	8535	2	0.04099588
8532	8536	0	0.85284656
8532	8536	1	0.05759459
8532	8536	2	0.08955885
8534	8535	0	0.01659283
8534	8535	1	0.9439413
8534	8535	2	0.039464645
8534	8536	0	4.51144E-4
8534	8536	1	0.99200046
8534	8536	2	0.0075464533
8535	8536	0	0.0015686138
8535	8536	1	0.9461288
8535	8536	2	0.05229982
8534	8537	0	0.4932128
8534	8537	1	0.21731235
8534	8537	2	0.2894749
8535	8537	0	0.574718
8535	8537	1	0.10608127
8535	8537	2	0.31920066
8536	8537	0	0.75404036
8536	8537	1	0.11270554
8536	8537	2	0.13325408
8538	8539	0	0.62216216
8538	8539	1	0.018615533
8538	8539	2	0.3592223
8539	8540	0	0.07832973
8539	8540	1	0.77340674
8539	8540	2	0.14826351
8539	8541	0	0.03357207
8539	8541	1	0.9246337
8539	8541	2	0.041794285
8540	8541	0	4.7403207E-4
8540	8541	1	0.99334234
8540	8541	2	0.0061833668
8540	8542	0	0.118964344
8540	8542	1	0.7555856
8540	8542	2	0.12544994
8540	8543	0	0.12728405
8540	8543	1	0.7397225
8540	8543	2	0.1329934
8541	8542	0	0.13200301
8541	8542	1	0.5987503
8541	8542	2	0.26924658
8542	8543	0	0.038667575
8542	8543	1	0.80545664
8542	8543	2	0.15587583
8542	8544	0	0.07277503
8542	8544	1	0.83867276
8542	8544	2	0.08855228
8542	8545	0	0.085989736
8542	8545	1	0.79250073
8542	8545	2	0.12150948
8543	8544	0	0.05596526
8543	8544	1	0.86333525
8543	8544	2	0.0806995
8543	8545	0	0.07554035
8543	8545	1	0.80496025
8543	8545	2	0.119499385
8544	8545	0	0.2684259
8544	8545	1	0.3498607
8544	8545	2	0.3817134
8544	8546	0	0.26712424
8544	8546	1	0.32419932
8544	8546	2	0.40867648
8545	8546	0	0.0845279
8545	8546	1	0.6784165
8545	8546	2	0.23705554
8547	8548	0	0.0064460672
8547	8548	1	0.91189146
8547	8548	2	0.08166241
8547	8549	0	4.6236557E-4
8547	8549	1	0.9939178
8547	8549	2	0.005619824
8547	8550	0	5.543764E-4
8547	8550	1	0.98741615
8547	8550	2	0.012029493
8548	8549	0	5.034563E-4
8548	8549	1	0.9921667
8548	8549	2	0.007329818
8548	8550	0	7.053859E-4
8548	8550	1	0.98203397
8548	8550	2	0.01726064
8549	8550	0	0.90029985
8549	8550	1	0.0030437359
8549	8550	2	0.09665641
8549	8551	0	0.9774626
8549	8551	1	9.564109E-4
8549	8551	2	0.021581015
8550	8551	0	0.89666474
8550	8551	1	0.004980347
8550	8551	2	0.09835488
8552	8553	0	0.054620646
8552	8553	1	0.8034322
8552	8553	2	0.14194709
8552	8554	0	0.06533027
8552	8554	1	0.8614429
8552	8554	2	0.07322679
8553	8554	0	0.006056963
8553	8554	1	0.90304106
8553	8554	2	0.090902016
8553	8555	0	0.077683315
8553	8555	1	0.8386487
8553	8555	2	0.08366794
8554	8555	0	0.087113306
8554	8555	1	0.8210316
8554	8555	2	0.091855094
8555	8556	0	0.115684584
8555	8556	1	0.606279
8555	8556	2	0.27803633
8555	8557	0	0.99322873
8555	8557	1	5.018306E-4
8555	8557	2	0.0062694056
8558	8556	0	0.09990524
8558	8556	1	0.63783777
8558	8556	2	0.26225692
8558	8557	0	0.9932288
8558	8557	1	5.0183013E-4
8558	8557	2	0.0062694065
8556	8557	0	0.9889699
8556	8557	1	6.286651E-4
8556	8557	2	0.010401398
8558	8559	0	0.94253474
8558	8559	1	0.057465244
8558	8559	2	0.0
8556	8559	0	0.31396693
8556	8559	1	0.17142504
8556	8559	2	0.514608
8557	8559	0	9.2722627E-4
8557	8559	1	0.9807814
8557	8559	2	0.018291403
8560	8561	0	0.0045314324
8560	8561	1	0.95864713
8560	8561	2	0.036821418
8560	8562	0	0.10630632
8560	8562	1	0.3708368
8560	8562	2	0.52285683
8561	8562	0	0.745477
8561	8562	1	0.07295461
8561	8562	2	0.18156835
8562	8563	0	0.086001314
8562	8563	1	0.5586264
8562	8563	2	0.35537228
8562	8564	0	0.85021114
8562	8564	1	0.07028265
8562	8564	2	0.079506144
8563	8564	0	0.98715746
8563	8564	1	6.1852444E-4
8563	8564	2	0.012224004
8565	8566	0	0.00520071
8565	8566	1	0.9686315
8565	8566	2	0.026167795
8565	8567	0	5.167859E-4
8565	8567	1	0.99529386
8565	8567	2	0.004189337
8566	8568	0	0.39117804
8566	8568	1	0.2279809
8566	8568	2	0.38084108
8566	8567	0	5.087494E-4
8566	8567	1	0.9931692
8566	8567	2	0.006322077
8568	8567	0	5.167861E-4
8568	8567	1	0.99529386
8568	8567	2	0.004189337
8568	8569	0	0.96887606
8568	8569	1	0.008911825
8568	8569	2	0.022212157
8567	8569	0	0.9931865
8567	8569	1	4.75584E-4
8567	8569	2	0.0063379044
8570	8571	0	0.9856396
8570	8571	1	5.5577885E-4
8570	8571	2	0.013804586
8570	8572	0	0.8958966
8570	8572	1	0.004439189
8570	8572	2	0.09966419
8570	8573	0	0.9817759
8570	8573	1	7.3515787E-4
8570	8573	2	0.017488934
8571	8572	0	0.11056272
8571	8572	1	0.7136561
8571	8572	2	0.17578107
8571	8573	0	0.07635492
8571	8573	1	0.5815004
8571	8573	2	0.3421446
8572	8573	0	0.9050524
8572	8573	1	0.0041309684
8572	8573	2	0.09081664
8572	8574	0	0.08507492
8572	8574	1	0.8113818
8572	8574	2	0.10354331
8572	8575	0	0.08257275
8572	8575	1	0.819056
8572	8575	2	0.098371305
8572	8576	0	0.061263304
8572	8576	1	0.72815084
8572	8576	2	0.2105858
8573	8574	0	0.063418746
8573	8574	1	0.86173344
8573	8574	2	0.07484785
8573	8575	0	0.0600446
8573	8575	1	0.868037
8573	8575	2	0.07191838
8573	8576	0	0.052483376
8573	8576	1	0.80129975
8573	8576	2	0.14621684
8574	8575	0	0.0032040447
8574	8575	1	0.89969444
8574	8575	2	0.097102344
8574	8576	0	0.6679855
8574	8576	1	0.023316585
8574	8576	2	0.30869943
8575	8576	0	0.9426181
8575	8576	1	0.0019917628
8575	8576	2	0.055390973
8574	8577	0	0.09447086
8574	8577	1	0.80539757
8574	8577	2	0.10013157
8575	8577	0	0.08908494
8575	8577	1	0.78604436
8575	8577	2	0.12487072
8576	8577	0	0.073494755
8576	8577	1	0.84566736
8576	8577	2	0.080837846
8577	8578	0	0.9930309
8577	8578	1	5.237118E-4
8577	8578	2	0.0064454097
8579	8580	0	0.008834605
8579	8580	1	0.87813234
8579	8580	2	0.1130331
8579	8581	0	0.051638022
8579	8581	1	0.8258525
8579	8581	2	0.122509465
8579	8582	0	0.1556134
8579	8582	1	0.3409227
8579	8582	2	0.50346386
8579	8583	0	0.055779025
8579	8583	1	0.87785137
8579	8583	2	0.066369556
8580	8581	0	0.054975357
8580	8581	1	0.8435997
8580	8581	2	0.10142489
8580	8582	0	0.06792216
8580	8582	1	0.47226864
8580	8582	2	0.45980918
8580	8583	0	0.05540712
8580	8583	1	0.8784583
8580	8583	2	0.066134565
8581	8582	0	0.73716545
8581	8582	1	0.023984859
8581	8582	2	0.23884968
8581	8583	0	5.399125E-4
8581	8583	1	0.99046755
8581	8583	2	0.008992588
8582	8583	0	6.4043846E-4
8582	8583	1	0.9888214
8582	8583	2	0.010538233
8581	8584	0	0.10092473
8581	8584	1	0.79218733
8581	8584	2	0.10688791
8582	8584	0	0.004580191
8582	8584	1	0.984329
8582	8584	2	0.011090805
8583	8584	0	0.11194048
8583	8584	1	0.7629924
8583	8584	2	0.12506716
8584	8585	0	0.9791472
8584	8585	1	0.001106194
8584	8585	2	0.019746594
8585	8586	0	8.2227855E-4
8585	8586	1	0.98529905
8585	8586	2	0.013878666
8585	8587	0	5.4964167E-4
8585	8587	1	0.9942199
8585	8587	2	0.0052303746
8586	8587	0	5.463588E-4
8586	8587	1	0.993513
8586	8587	2	0.005940659
8588	8589	0	0.08258595
8588	8589	1	0.5276115
8588	8589	2	0.38980252
8588	8590	0	7.1918214E-4
8588	8590	1	0.97954965
8588	8590	2	0.019731142
8589	8590	0	9.6846756E-4
8589	8590	1	0.9648277
8589	8590	2	0.034203757
8591	8592	0	0.8960451
8591	8592	1	0.004239912
8591	8592	2	0.09971482
8591	8593	0	0.004712402
8591	8593	1	0.97145337
8591	8593	2	0.023834199
8591	8594	0	0.039688855
8591	8594	1	0.89494944
8591	8594	2	0.06536177
8592	8593	0	0.0050204583
8592	8593	1	0.9734099
8592	8593	2	0.02156965
8592	8594	0	0.040400773
8592	8594	1	0.89807296
8592	8594	2	0.06152627
8593	8594	0	0.6784154
8593	8594	1	0.00583243
8593	8594	2	0.31575215
8593	8595	0	0.899601
8593	8595	1	0.0034434688
8593	8595	2	0.0969556
8593	8596	0	0.8944801
8593	8596	1	0.0018934992
8593	8596	2	0.10362637
8593	8597	0	0.55298615
8593	8597	1	0.01594948
8593	8597	2	0.43106437
8594	8595	0	0.7246698
8594	8595	1	0.052663747
8594	8595	2	0.22266646
8594	8596	0	0.8342478
8594	8596	1	0.0068634884
8594	8596	2	0.1588887
8594	8597	0	0.2228619
8594	8597	1	0.16522393
8594	8597	2	0.61191416
8595	8596	0	0.08222432
8595	8596	1	0.46480632
8595	8596	2	0.45298868
8595	8597	0	0.024522008
8595	8597	1	0.63728106
8595	8597	2	0.33821717
8596	8597	0	0.0044602943
8596	8597	1	0.86535364
8596	8597	2	0.1302
8595	8598	0	0.08535764
8595	8598	1	0.7148584
8595	8598	2	0.19978403
8596	8598	0	0.08256546
8596	8598	1	0.71073806
8596	8598	2	0.20669638
8597	8598	0	0.054359894
8597	8598	1	0.6498201
8597	8598	2	0.29582
8598	8599	0	0.100664094
8598	8599	1	0.7860594
8598	8599	2	0.11327658
8598	8600	0	0.1029703
8598	8600	1	0.7895519
8598	8600	2	0.1074778
8599	8600	0	5.9262436E-4
8599	8600	1	0.9931458
8599	8600	2	0.0062615112
8600	8601	0	0.69529176
8600	8601	1	0.105736524
8600	8601	2	0.19897175
8601	8602	0	0.8661559
8601	8602	1	0.053683713
8601	8602	2	0.08016033
8601	8603	0	0.0016778391
8601	8603	1	0.95844245
8601	8603	2	0.03987965
8601	8604	0	0.84800756
8601	8604	1	0.05051305
8601	8604	2	0.10147938
8602	8603	0	6.6375296E-4
8602	8603	1	0.9895021
8602	8603	2	0.009834147
8602	8604	0	0.070973784
8602	8604	1	0.7130525
8602	8604	2	0.21597365
8603	8604	0	0.98092675
8603	8604	1	0.0010185485
8603	8604	2	0.018054714
8602	8605	0	0.059016548
8602	8605	1	0.85496277
8602	8605	2	0.08602074
8603	8605	0	0.6210507
8603	8605	1	0.05606517
8603	8605	2	0.32288408
8604	8605	0	0.05817362
8604	8605	1	0.84962267
8604	8605	2	0.09220374
8605	8606	0	0.13332845
8605	8606	1	0.72817564
8605	8606	2	0.13849601
8606	8607	0	0.046901762
8606	8607	1	0.6866679
8606	8607	2	0.26643032
8606	8608	0	0.899035
8606	8608	1	0.02179683
8606	8608	2	0.079168156
8607	8608	0	0.9545433
8607	8608	1	0.0020396179
8607	8608	2	0.043430354
8607	8609	0	0.96638227
8607	8609	1	0.0012873787
8607	8609	2	0.03233029
8607	8610	0	0.8056885
8607	8610	1	0.006410114
8607	8610	2	0.18790133
8607	8611	0	0.9672655
8607	8611	1	0.0014860313
8607	8611	2	0.031248467
8608	8609	0	0.16649339
8608	8609	1	0.32768974
8608	8609	2	0.5058168
8608	8610	0	0.053110193
8608	8610	1	0.8339716
8608	8610	2	0.11291817
8608	8611	0	0.096219406
8608	8611	1	0.5027794
8608	8611	2	0.4010011
8609	8610	0	0.0020595682
8609	8610	1	0.9608087
8609	8610	2	0.037089594
8609	8611	0	0.09782975
8609	8611	1	0.6322919
8609	8611	2	0.26982775
8610	8611	0	0.7114629
8610	8611	1	0.045291588
8610	8611	2	0.24319607
8609	8612	0	0.07739033
8609	8612	1	0.74546057
8609	8612	2	0.17714903
8609	8613	0	0.08125038
8609	8613	1	0.7797606
8609	8613	2	0.13898894
8609	8614	0	0.07792061
8609	8614	1	0.8047894
8609	8614	2	0.11728995
8610	8612	0	0.08135669
8610	8612	1	0.47489363
8610	8612	2	0.4437497
8610	8613	0	0.0819176
8610	8613	1	0.5773953
8610	8613	2	0.34068716
8610	8614	0	0.087262064
8610	8614	1	0.6398722
8610	8614	2	0.2728657
8611	8612	0	0.08011747
8611	8612	1	0.7503275
8611	8612	2	0.16955489
8611	8613	0	0.08242372
8611	8613	1	0.7827034
8611	8613	2	0.13487288
8611	8614	0	0.07868306
8611	8614	1	0.80840707
8611	8614	2	0.11290992
8612	8613	0	0.024909662
8612	8613	1	0.66731083
8612	8613	2	0.30778086
8612	8614	0	0.023140263
8612	8614	1	0.7629895
8612	8614	2	0.21387146
8613	8614	0	0.14255719
8613	8614	1	0.29840037
8613	8614	2	0.55904394
8612	8615	0	0.07192711
8612	8615	1	0.84208655
8612	8615	2	0.08598627
8612	8616	0	0.06978756
8612	8616	1	0.8345742
8612	8616	2	0.09563826
8612	8617	0	0.9227968
8612	8617	1	0.012944496
8612	8617	2	0.064258695
8613	8615	0	0.08517067
8613	8615	1	0.816902
8613	8615	2	0.09792736
8613	8616	0	0.0834472
8613	8616	1	0.8115784
8613	8616	2	0.104974315
8613	8617	0	0.87032306
8613	8617	1	0.013824664
8613	8617	2	0.11585224
8614	8615	0	0.09743034
8614	8615	1	0.79144514
8614	8615	2	0.111124575
8614	8616	0	0.09520906
8614	8616	1	0.78554887
8614	8616	2	0.11924197
8614	8617	0	0.7618857
8614	8617	1	0.03280917
8614	8617	2	0.2053051
8615	8616	0	8.313231E-4
8615	8616	1	0.97960883
8615	8616	2	0.01956017
8615	8617	0	0.983609
8615	8617	1	7.898926E-4
8615	8617	2	0.015601043
8616	8617	0	0.9867354
8616	8617	1	6.0684193E-4
8616	8617	2	0.012657992
8618	8619	0	0.5641571
8618	8619	1	0.13706172
8618	8619	2	0.2987811
8618	8620	0	0.07470846
8618	8620	1	0.8435997
8618	8620	2	0.08169183
8619	8620	0	5.502273E-4
8619	8620	1	0.9913095
8619	8620	2	0.008140526
8619	8621	0	0.040268004
8619	8621	1	0.9148512
8619	8621	2	0.044880804
8619	8622	0	0.115131795
8619	8622	1	0.6776057
8619	8622	2	0.20726249
8620	8621	0	0.09176469
8620	8621	1	0.811141
8620	8621	2	0.09709423
8620	8622	0	0.85208815
8620	8622	1	0.012199549
8620	8622	2	0.13571231
8621	8622	0	0.98156834
8621	8622	1	8.0154085E-4
8621	8622	2	0.017630044
8621	8623	0	0.9558315
8621	8623	1	0.0014274048
8621	8623	2	0.042741057
8621	8624	0	0.08767268
8621	8624	1	0.37244016
8621	8624	2	0.5398872
8621	8625	0	0.0631119
8621	8625	1	0.5776199
8621	8625	2	0.3592682
8622	8623	0	0.08971856
8622	8623	1	0.78210664
8622	8623	2	0.12817481
8622	8624	0	0.08389559
8622	8624	1	0.82208925
8622	8624	2	0.09401518
8622	8625	0	0.04864335
8622	8625	1	0.89337337
8622	8625	2	0.05798331
8623	8624	0	7.1753433E-4
8623	8624	1	0.98380435
8623	8624	2	0.015478052
8623	8625	0	6.6084287E-4
8623	8625	1	0.98682255
8623	8625	2	0.012516604
8624	8625	0	0.015565408
8624	8625	1	0.7246114
8624	8625	2	0.25982314
8623	8626	0	0.059405908
8623	8626	1	0.87325186
8623	8626	2	0.06734229
8624	8626	0	0.061549157
8624	8626	1	0.8082183
8624	8626	2	0.13023256
8625	8626	0	0.085954055
8625	8626	1	0.5773361
8625	8626	2	0.33670992
8244	8248	0	0.2951799
8248	8244	0	0.37148678
8244	8248	1	0.4096402
8248	8244	1	0.31425658
8244	8248	2	0.2951799
8248	8244	2	0.3142566
8244	8247	0	0.30561358
8247	8244	0	0.3610531
8244	8247	1	0.38877285
8247	8244	1	0.31947345
8244	8247	2	0.3056136
8247	8244	2	0.31947348
8245	8249	0	0.3333333
8249	8245	0	0.33333334
8245	8249	1	0.33333334
8249	8245	1	0.3333333
8245	8249	2	0.3333333
8249	8245	2	0.3333333
8245	8250	0	0.27759418
8250	8245	0	0.38907245
8245	8250	1	0.44481158
8250	8245	1	0.30546373
8245	8250	2	0.27759418
8250	8245	2	0.30546376
8245	8251	0	0.2775942
8251	8245	0	0.38907242
8245	8251	1	0.44481158
8251	8245	1	0.30546373
8245	8251	2	0.2775942
8251	8245	2	0.3054638
8246	8249	0	0.33333334
8249	8246	0	0.3333333
8246	8249	1	0.3333333
8249	8246	1	0.33333337
8246	8249	2	0.33333337
8249	8246	2	0.33333337
8246	8250	0	0.29177797
8250	8246	0	0.37488872
8246	8250	1	0.41644403
8250	8246	1	0.31255564
8246	8250	2	0.29177797
8250	8246	2	0.31255567
8246	8251	0	0.29177797
8251	8246	0	0.3748887
8246	8251	1	0.41644406
8251	8246	1	0.31255564
8246	8251	2	0.29177803
8251	8246	2	0.31255567
8250	8251	0	0.33333328
8251	8250	0	0.3333333
8250	8251	1	0.3333333
8251	8250	1	0.3333333
8250	8251	2	0.3333333
8251	8250	2	0.3333333
8252	8256	0	0.28225002
8256	8252	0	0.38441667
8252	8256	1	0.43549997
8256	8252	1	0.30779168
8252	8256	2	0.28225
8256	8252	2	0.30779165
8252	8254	0	0.3333333
8254	8252	0	0.33333334
8252	8254	1	0.3333333
8254	8252	1	0.3333333
8252	8254	2	0.3333333
8254	8252	2	0.3333333
8252	8255	0	0.3333333
8255	8252	0	0.3333333
8252	8255	1	0.33333334
8255	8252	1	0.3333333
8252	8255	2	0.3333333
8255	8252	2	0.3333333
8253	8257	0	0.3333333
8257	8253	0	0.33333337
8253	8257	1	0.3333333
8257	8253	1	0.33333334
8253	8257	2	0.3333333
8257	8253	2	0.33333334
8258	8261	0	0.30202112
8261	8258	0	0.3646456
8258	8261	1	0.39595783
8261	8258	1	0.31767723
8258	8261	2	0.30202112
8261	8258	2	0.31767723
8258	8262	0	0.29742163
8262	8258	0	0.36924505
8258	8262	1	0.4051567
8262	8258	1	0.3153775
8258	8262	2	0.2974217
8262	8258	2	0.3153775
8259	8261	0	0.3024664
8261	8259	0	0.36420026
8259	8261	1	0.39506716
8261	8259	1	0.31789985
8259	8261	2	0.30246642
8261	8259	2	0.31789988
8259	8262	0	0.297867
8262	8259	0	0.3687997
8259	8262	1	0.40426603
8262	8259	1	0.31560016
8259	8262	2	0.29786703
8262	8259	2	0.31560022
8263	8265	0	0.32561064
8265	8263	0	0.34105602
8263	8265	1	0.34877872
8265	8263	1	0.32947198
8263	8265	2	0.32561064
8265	8263	2	0.32947198
8264	8266	0	0.28544027
8266	8264	0	0.38122642
8264	8266	1	0.42911953
8266	8264	1	0.3093868
8264	8266	2	0.28544027
8266	8264	2	0.3093868
8269	8275	0	0.27441043
8275	8269	0	0.3922565
8269	8275	1	0.45117944
8275	8269	1	0.30387196
8269	8275	2	0.2744105
8275	8269	2	0.30387196
8269	8276	0	0.27737725
8276	8269	0	0.38928932
8269	8276	1	0.4452451
8276	8269	1	0.3053554
8269	8276	2	0.27737728
8276	8269	2	0.3053553
8269	8277	0	0.33333328
8277	8269	0	0.33333337
8269	8277	1	0.3333333
8277	8269	1	0.3333333
8269	8277	2	0.33333334
8277	8269	2	0.33333337
8269	8278	0	0.33333334
8278	8269	0	0.3333333
8269	8278	1	0.33333334
8278	8269	1	0.3333333
8269	8278	2	0.3333333
8278	8269	2	0.33333334
8270	8275	0	0.27361318
8275	8270	0	0.39305392
8270	8275	1	0.4527742
8275	8270	1	0.30347335
8270	8275	2	0.27361315
8275	8270	2	0.30347335
8270	8276	0	0.27657998
8276	8270	0	0.3900867
8270	8276	1	0.44683993
8276	8270	1	0.3049567
8270	8276	2	0.27658007
8276	8270	2	0.30495673
8270	8277	0	0.33333334
8277	8270	0	0.33333334
8270	8277	1	0.33333334
8277	8270	1	0.33333334
8270	8277	2	0.3333333
8277	8270	2	0.3333333
8270	8278	0	0.3333333
8278	8270	0	0.3333333
8270	8278	1	0.3333333
8278	8270	1	0.3333333
8270	8278	2	0.33333334
8278	8270	2	0.3333333
8271	8275	0	0.3102556
8275	8271	0	0.35641137
8271	8275	1	0.37948933
8275	8271	1	0.32179445
8271	8275	2	0.31025556
8275	8271	2	0.3217945
8271	8276	0	0.31227413
8276	8271	0	0.3543928
8271	8276	1	0.37545204
8276	8271	1	0.3228038
8271	8276	2	0.3122742
8276	8271	2	0.32280383
8271	8277	0	0.3333333
8277	8271	0	0.3333333
8271	8277	1	0.3333333
8277	8271	1	0.3333333
8271	8277	2	0.33333328
8277	8271	2	0.3333333
8271	8278	0	0.34131414
8278	8271	0	0.33133805
8271	8278	1	0.3293427
8278	8271	1	0.33732373
8271	8278	2	0.3293427
8278	8271	2	0.33133802
8272	8275	0	0.33333337
8275	8272	0	0.33333337
8272	8275	1	0.33333337
8275	8272	1	0.33333334
8272	8275	2	0.33333334
8275	8272	2	0.3333333
8272	8276	0	0.3333333
8276	8272	0	0.3333333
8272	8276	1	0.33333328
8276	8272	1	0.3333333
8272	8276	2	0.3333333
8276	8272	2	0.33333334
8272	8277	0	0.37118515
8277	8272	0	0.32387057
8272	8277	1	0.31440774
8277	8272	1	0.3522595
8272	8277	2	0.31440777
8277	8272	2	0.32387057
8272	8278	0	0.44910896
8278	8272	0	0.30438933
8272	8278	1	0.27544543
8278	8272	1	0.39122126
8272	8278	2	0.27544543
8278	8272	2	0.30438933
8273	8279	0	0.33774307
8279	8273	0	0.3322309
8273	8279	1	0.33112848
8279	8273	1	0.33553818
8273	8279	2	0.33112842
8279	8273	2	0.33223087
8273	8280	0	0.3333333
8280	8273	0	0.33333334
8273	8280	1	0.3333333
8280	8273	1	0.3333333
8273	8280	2	0.33333334
8280	8273	2	0.33333334
8273	8281	0	0.34517133
8281	8273	0	0.3303738
8273	8281	1	0.32741424
8281	8273	1	0.33925235
8273	8281	2	0.32741433
8281	8273	2	0.3303738
8273	8282	0	0.35085058
8282	8273	0	0.32895407
8273	8282	1	0.32457474
8282	8273	1	0.34209207
8273	8282	2	0.32457495
8282	8273	2	0.32895407
8274	8279	0	0.3333333
8279	8274	0	0.3333333
8274	8279	1	0.3333333
8279	8274	1	0.3333333
8274	8279	2	0.33333334
8279	8274	2	0.3333333
8274	8280	0	0.33333334
8280	8274	0	0.3333333
8274	8280	1	0.3333333
8280	8274	1	0.33333337
8274	8280	2	0.33333337
8280	8274	2	0.33333337
8274	8281	0	0.3333333
8281	8274	0	0.3333333
8274	8281	1	0.3333333
8281	8274	1	0.3333333
8274	8281	2	0.33333334
8281	8274	2	0.3333333
8274	8282	0	0.33333337
8282	8274	0	0.33333334
8274	8282	1	0.33333334
8282	8274	1	0.33333337
8274	8282	2	0.3333333
8282	8274	2	0.33333334
8275	8283	0	0.4843918
8283	8275	0	0.2955691
8275	8283	1	0.25780475
8283	8275	1	0.40886182
8275	8283	2	0.25780475
8283	8275	2	0.29556924
8275	8284	0	0.38470426
8284	8275	0	0.32049084
8275	8284	1	0.30764827
8284	8275	1	0.35901842
8275	8284	2	0.3076483
8284	8275	2	0.32049093
8275	8285	0	0.33333337
8285	8275	0	0.33333337
8275	8285	1	0.33333337
8285	8275	1	0.33333337
8275	8285	2	0.3333333
8285	8275	2	0.33333334
8276	8283	0	0.43594512
8283	8276	0	0.30768088
8276	8283	1	0.28202823
8283	8276	1	0.38463852
8276	8283	2	0.2820283
8283	8276	2	0.30768102
8276	8284	0	0.37187698
8284	8276	0	0.32369757
8276	8284	1	0.31406173
8284	8276	1	0.3526051
8276	8284	2	0.31406197
8284	8276	2	0.32369766
8276	8285	0	0.33333334
8285	8276	0	0.33333337
8276	8285	1	0.3333333
8285	8276	1	0.33333334
8276	8285	2	0.3333333
8285	8276	2	0.3333333
8277	8279	0	0.3333327
8279	8277	0	0.3333324
8277	8279	1	0.3333327
8279	8277	1	0.3333324
8277	8279	2	0.33333278
8279	8277	2	0.33333245
8277	8283	0	0.33333322
8283	8277	0	0.33333322
8277	8283	1	0.3333332
8283	8277	1	0.33333322
8277	8283	2	0.3333332
8283	8277	2	0.3333332
8277	8284	0	0.3333333
8284	8277	0	0.3333333
8277	8284	1	0.3333333
8284	8277	1	0.3333333
8277	8284	2	0.33333328
8284	8277	2	0.3333333
8277	8285	0	0.29195508
8285	8277	0	0.37471148
8277	8285	1	0.41608962
8285	8277	1	0.31264412
8277	8285	2	0.29195514
8285	8277	2	0.31264418
8278	8283	0	0.33333334
8283	8278	0	0.3333333
8278	8283	1	0.3333333
8283	8278	1	0.3333333
8278	8283	2	0.33333328
8283	8278	2	0.3333333
8278	8284	0	0.32914132
8284	8278	0	0.33752602
8278	8284	1	0.3417191
8284	8278	1	0.33123732
8278	8284	2	0.32914144
8284	8278	2	0.33123747
8278	8285	0	0.23406789
8285	8278	0	0.43259904
8278	8285	1	0.5318649
8285	8278	1	0.28370067
8278	8285	2	0.23406793
8285	8278	2	0.28370067
8279	8286	0	0.33333334
8286	8279	0	0.33333337
8279	8286	1	0.33333337
8286	8279	1	0.33333334
8279	8286	2	0.3333333
8286	8279	2	0.33333337
8280	8286	0	0.33333328
8286	8280	0	0.33333334
8280	8286	1	0.3333333
8286	8280	1	0.3333333
8280	8286	2	0.33333334
8286	8280	2	0.33333334
8281	8286	0	0.3333333
8286	8281	0	0.33333337
8281	8286	1	0.33333337
8286	8281	1	0.33333334
8281	8286	2	0.3333333
8286	8281	2	0.33333337
8282	8286	0	0.3333333
8286	8282	0	0.3333333
8282	8286	1	0.3333333
8286	8282	1	0.33333334
8282	8286	2	0.3333333
8286	8282	2	0.3333333
8283	8288	0	0.29822397
8288	8283	0	0.36844268
8283	8288	1	0.4035521
8288	8283	1	0.3157786
8283	8288	2	0.29822397
8288	8283	2	0.3157786
8283	8287	0	0.29942548
8287	8283	0	0.36724114
8283	8287	1	0.40114897
8287	8283	1	0.31637943
8283	8287	2	0.29942548
8287	8283	2	0.3163794
8284	8288	0	0.29810703
8288	8284	0	0.36855963
8284	8288	1	0.40378594
8288	8284	1	0.31572017
8284	8288	2	0.2981071
8288	8284	2	0.31572017
8284	8287	0	0.2993086
8287	8284	0	0.36735812
8284	8287	1	0.40138283
8287	8284	1	0.31632096
8284	8287	2	0.2993086
8287	8284	2	0.31632096
8285	8288	0	0.3333333
8288	8285	0	0.33333334
8285	8288	1	0.3333333
8288	8285	1	0.33333334
8285	8288	2	0.3333333
8288	8285	2	0.33333337
8285	8287	0	0.33333334
8287	8285	0	0.3333333
8285	8287	1	0.33333334
8287	8285	1	0.33333334
8285	8287	2	0.33333334
8287	8285	2	0.33333334
8289	8295	0	0.39886013
8295	8289	0	0.31695163
8289	8295	1	0.30056995
8295	8289	1	0.36609674
8289	8295	2	0.30056995
8295	8289	2	0.31695166
8290	8295	0	0.3333333
8295	8290	0	0.33333334
8290	8295	1	0.3333333
8295	8290	1	0.33333334
8290	8295	2	0.33333334
8295	8290	2	0.33333334
8291	8295	0	0.3333333
8295	8291	0	0.33333337
8291	8295	1	0.3333333
8295	8291	1	0.33333334
8291	8295	2	0.3333333
8295	8291	2	0.33333337
8292	8295	0	0.33333334
8295	8292	0	0.3333333
8292	8295	1	0.33333334
8295	8292	1	0.33333337
8292	8295	2	0.33333337
8295	8292	2	0.3333333
8293	8296	0	0.33333337
8296	8293	0	0.33333334
8293	8296	1	0.33333334
8296	8293	1	0.33333337
8293	8296	2	0.33333334
8296	8293	2	0.33333334
8293	8297	0	0.33333334
8297	8293	0	0.3333333
8293	8297	1	0.3333333
8297	8293	1	0.3333333
8293	8297	2	0.33333334
8297	8293	2	0.3333333
8293	8298	0	0.33333334
8298	8293	0	0.3333333
8293	8298	1	0.3333333
8298	8293	1	0.3333333
8293	8298	2	0.3333333
8298	8293	2	0.3333333
8294	8296	0	0.33333334
8296	8294	0	0.3333333
8294	8296	1	0.33333334
8296	8294	1	0.3333333
8294	8296	2	0.33333334
8296	8294	2	0.33333334
8294	8297	0	0.33333334
8297	8294	0	0.33333334
8294	8297	1	0.33333334
8297	8294	1	0.33333334
8294	8297	2	0.33333334
8297	8294	2	0.33333334
8294	8298	0	0.3333333
8298	8294	0	0.33333337
8294	8298	1	0.33333337
8298	8294	1	0.3333333
8294	8298	2	0.33333334
8298	8294	2	0.33333334
8295	8299	0	0.2603746
8299	8295	0	0.40629208
8295	8299	1	0.47925082
8299	8295	1	0.29685396
8295	8299	2	0.26037455
8299	8295	2	0.29685396
8295	8300	0	0.24905829
8300	8295	0	0.4176084
8295	8300	1	0.5018835
8300	8295	1	0.2911958
8295	8300	2	0.24905825
8300	8295	2	0.2911958
8296	8301	0	0.32983497
8301	8296	0	0.3368317
8296	8301	1	0.34033006
8301	8296	1	0.33158416
8296	8301	2	0.32983494
8301	8296	2	0.33158413
8296	8302	0	0.29159164
8302	8296	0	0.37507504
8296	8302	1	0.41681674
8302	8296	1	0.31246245
8296	8302	2	0.29159158
8302	8296	2	0.31246248
8297	8301	0	0.33202294
8301	8297	0	0.33464375
8297	8301	1	0.33595416
8301	8297	1	0.33267814
8297	8301	2	0.3320229
8301	8297	2	0.33267808
8297	8302	0	0.2949545
8302	8297	0	0.37171215
8297	8302	1	0.41009095
8302	8297	1	0.3141439
8297	8302	2	0.29495448
8302	8297	2	0.3141439
8298	8301	0	0.32911748
8301	8298	0	0.33754915
8298	8301	1	0.341765
8301	8298	1	0.3312254
8298	8301	2	0.32911748
8301	8298	2	0.33122543
8298	8302	0	0.29059985
8302	8298	0	0.3760668
8298	8302	1	0.4188003
8302	8298	1	0.3119666
8298	8302	2	0.2905999
8302	8298	2	0.31196663
8299	8303	0	0.3320585
8303	8299	0	0.33460817
8299	8303	1	0.33588296
8303	8299	1	0.33269593
8299	8303	2	0.33205855
8303	8299	2	0.33269596
8300	8303	0	0.3333333
8303	8300	0	0.33333334
8300	8303	1	0.3333333
8303	8300	1	0.33333334
8300	8303	2	0.3333333
8303	8300	2	0.33333334
8301	8304	0	0.28531694
8304	8301	0	0.38134968
8301	8304	1	0.42936608
8304	8301	1	0.30932516
8301	8304	2	0.285317
8304	8301	2	0.30932516
8302	8304	0	0.33281812
8304	8302	0	0.33384857
8302	8304	1	0.33436376
8304	8302	1	0.33307573
8302	8304	2	0.3328181
8304	8302	2	0.3330757
8303	8305	0	0.33112922
8305	8303	0	0.33553743
8303	8305	1	0.33774152
8305	8303	1	0.33223128
8303	8305	2	0.3311292
8305	8303	2	0.33223125
8304	8306	0	0.3333333
8306	8304	0	0.33333334
8304	8306	1	0.3333333
8306	8304	1	0.33333334
8304	8306	2	0.3333333
8306	8304	2	0.33333334
8305	8307	0	0.3333333
8307	8305	0	0.33333334
8305	8307	1	0.3333333
8307	8305	1	0.3333333
8305	8307	2	0.3333333
8307	8305	2	0.33333334
8306	8308	0	0.3333333
8308	8306	0	0.3333333
8306	8308	1	0.33333334
8308	8306	1	0.33333334
8306	8308	2	0.33333334
8308	8306	2	0.33333334
8306	8309	0	0.2905303
8309	8306	0	0.37613642
8306	8309	1	0.41893947
8309	8306	1	0.31193182
8306	8309	2	0.29053026
8309	8306	2	0.31193176
8307	8310	0	0.3333333
8310	8307	0	0.33333337
8307	8310	1	0.33333337
8310	8307	1	0.3333333
8307	8310	2	0.3333333
8310	8307	2	0.3333333
8309	8310	0	0.33333334
8310	8309	0	0.33333337
8309	8310	1	0.33333334
8310	8309	1	0.3333333
8309	8310	2	0.3333333
8310	8309	2	0.33333334
8323	8330	0	0.30774608
8330	8323	0	0.35892054
8323	8330	1	0.3845078
8330	8323	1	0.3205397
8323	8330	2	0.3077461
8330	8323	2	0.3205397
8323	8331	0	0.31112182
8331	8323	0	0.35554487
8323	8331	1	0.37775636
8331	8323	1	0.32222757
8323	8331	2	0.31112185
8331	8323	2	0.32222757
8324	8330	0	0.29705375
8330	8324	0	0.36961284
8324	8330	1	0.40589243
8330	8324	1	0.31519353
8324	8330	2	0.2970538
8330	8324	2	0.31519356
8324	8331	0	0.30042952
8331	8324	0	0.36623716
8324	8331	1	0.39914095
8331	8324	1	0.31688142
8324	8331	2	0.30042952
8331	8324	2	0.3168814
8325	8330	0	0.30817667
8330	8325	0	0.35849002
8325	8330	1	0.3836467
8330	8325	1	0.320755
8325	8330	2	0.3081767
8330	8325	2	0.320755
8325	8331	0	0.3115524
8331	8325	0	0.35511428
8325	8331	1	0.37689525
8331	8325	1	0.3224429
8325	8331	2	0.3115524
8331	8325	2	0.3224429
8326	8330	0	0.33333334
8330	8326	0	0.33333334
8326	8330	1	0.3333333
8330	8326	1	0.33333337
8326	8330	2	0.3333333
8330	8326	2	0.33333337
8326	8331	0	0.3333333
8331	8326	0	0.33333334
8326	8331	1	0.3333333
8331	8326	1	0.3333333
8326	8331	2	0.33333334
8331	8326	2	0.33333334
8327	8330	0	0.29626405
8330	8327	0	0.37040266
8327	8330	1	0.40747195
8330	8327	1	0.3147987
8327	8330	2	0.29626405
8330	8327	2	0.3147987
8327	8331	0	0.29963976
8331	8327	0	0.36702687
8327	8331	1	0.40072045
8331	8327	1	0.31648657
8327	8331	2	0.29963976
8331	8327	2	0.31648654
8332	8335	0	0.3333333
8335	8332	0	0.33333334
8332	8335	1	0.3333333
8335	8332	1	0.33333334
8332	8335	2	0.3333333
8335	8332	2	0.33333337
8333	8335	0	0.33333334
8335	8333	0	0.3333333
8333	8335	1	0.33333334
8335	8333	1	0.3333333
8333	8335	2	0.3333333
8335	8333	2	0.3333333
8334	8336	0	0.33333334
8336	8334	0	0.33333334
8334	8336	1	0.33333334
8336	8334	1	0.33333334
8334	8336	2	0.3333333
8336	8334	2	0.3333333
8334	8337	0	0.3333333
8337	8334	0	0.3333333
8334	8337	1	0.3333333
8337	8334	1	0.3333333
8334	8337	2	0.33333334
8337	8334	2	0.33333334
8334	8338	0	0.3333333
8338	8334	0	0.33333334
8334	8338	1	0.33333337
8338	8334	1	0.33333334
8334	8338	2	0.33333337
8338	8334	2	0.33333334
8335	8339	0	0.2206406
8339	8335	0	0.44602612
8335	8339	1	0.5587189
8339	8335	1	0.27698693
8335	8339	2	0.22064063
8339	8335	2	0.27698696
8343	8345	0	0.3333333
8345	8343	0	0.33333334
8343	8345	1	0.3333333
8345	8343	1	0.33333334
8343	8345	2	0.3333333
8345	8343	2	0.3333333
8343	8346	0	0.33333334
8346	8343	0	0.3333333
8343	8346	1	0.3333333
8346	8343	1	0.3333333
8343	8346	2	0.33333334
8346	8343	2	0.3333333
8343	8347	0	0.3333333
8347	8343	0	0.33333334
8343	8347	1	0.33333334
8347	8343	1	0.33333334
8343	8347	2	0.33333334
8347	8343	2	0.33333334
8344	8348	0	0.28944334
8348	8344	0	0.3772233
8344	8348	1	0.4211133
8348	8344	1	0.31138834
8344	8348	2	0.28944337
8348	8344	2	0.31138837
8359	8362	0	0.41511792
8362	8359	0	0.3128872
8359	8362	1	0.29244104
8362	8359	1	0.37422565
8359	8362	2	0.29244104
8362	8359	2	0.3128872
8363	8368	0	0.3172369
8368	8363	0	0.34942973
8363	8368	1	0.3655261
8368	8363	1	0.32528514
8363	8368	2	0.31723702
8368	8363	2	0.32528517
8363	8369	0	0.33333334
8369	8363	0	0.3333333
8363	8369	1	0.3333333
8369	8363	1	0.3333333
8363	8369	2	0.3333333
8369	8363	2	0.3333333
8364	8370	0	0.292301
8370	8364	0	0.37436566
8364	8370	1	0.415398
8370	8364	1	0.3128172
8364	8370	2	0.29230106
8370	8364	2	0.31281722
8364	8371	0	0.2761728
8371	8364	0	0.39049387
8364	8371	1	0.44765443
8371	8364	1	0.30475307
8364	8371	2	0.27617288
8371	8364	2	0.3047531
8365	8370	0	0.29231915
8370	8365	0	0.3743475
8365	8370	1	0.4153617
8370	8365	1	0.31282625
8365	8370	2	0.29231912
8370	8365	2	0.31282622
8365	8371	0	0.27619094
8371	8365	0	0.39047572
8365	8371	1	0.44761816
8371	8365	1	0.30476213
8365	8371	2	0.276191
8371	8365	2	0.30476215
8366	8370	0	0.3183524
8370	8366	0	0.3483143
8366	8370	1	0.3632952
8370	8366	1	0.32584286
8366	8370	2	0.3183524
8370	8366	2	0.32584286
8366	8371	0	0.30222416
8371	8366	0	0.36444256
8366	8371	1	0.3955517
8371	8366	1	0.31777877
8366	8371	2	0.30222416
8371	8366	2	0.31777874
8367	8370	0	0.3225793
8370	8367	0	0.34408736
8367	8370	1	0.35484147
8370	8367	1	0.32795632
8367	8370	2	0.3225793
8370	8367	2	0.32795632
8367	8371	0	0.30645108
8371	8367	0	0.36021566
8367	8371	1	0.3870979
8371	8367	1	0.31989217
8367	8371	2	0.30645108
8371	8367	2	0.31989223
8368	8372	0	0.33333334
8372	8368	0	0.3333333
8368	8372	1	0.3333333
8372	8368	1	0.33333334
8368	8372	2	0.33333337
8372	8368	2	0.33333334
8368	8373	0	0.33333334
8373	8368	0	0.3333333
8368	8373	1	0.3333333
8373	8368	1	0.3333333
8368	8373	2	0.33333337
8373	8368	2	0.33333334
8369	8372	0	0.33333334
8372	8369	0	0.33333337
8369	8372	1	0.33333337
8372	8369	1	0.33333334
8369	8372	2	0.33333337
8372	8369	2	0.33333337
8369	8373	0	0.33333334
8373	8369	0	0.3333333
8369	8373	1	0.3333333
8373	8369	1	0.3333333
8369	8373	2	0.3333333
8373	8369	2	0.3333333
8370	8374	0	0.3333333
8374	8370	0	0.3333333
8370	8374	1	0.3333333
8374	8370	1	0.3333333
8370	8374	2	0.33333334
8374	8370	2	0.33333337
8371	8374	0	0.3333333
8374	8371	0	0.3333333
8371	8374	1	0.3333333
8374	8371	1	0.33333334
8371	8374	2	0.33333337
8374	8371	2	0.33333337
8372	8373	0	0.33343422
8373	8372	0	0.33343434
8372	8373	1	0.33343434
8373	8372	1	0.33343425
8372	8373	2	0.33342716
8373	8372	2	0.33342716
8372	8375	0	0.33333337
8375	8372	0	0.33333334
8372	8375	1	0.33333334
8375	8372	1	0.33333334
8372	8375	2	0.33333337
8375	8372	2	0.33333334
8372	8376	0	0.3121514
8376	8372	0	0.35451525
8372	8376	1	0.37569717
8376	8372	1	0.32274237
8372	8376	2	0.31215137
8376	8372	2	0.32274234
8372	8377	0	0.31240377
8377	8372	0	0.3542629
8372	8377	1	0.3751925
8377	8372	1	0.32286853
8372	8377	2	0.31240377
8377	8372	2	0.32286856
8372	8378	0	0.30068827
8378	8372	0	0.36597842
8372	8378	1	0.3986236
8378	8372	1	0.3170108
8372	8378	2	0.30068824
8378	8372	2	0.3170108
8373	8375	0	0.33333337
8375	8373	0	0.33333334
8373	8375	1	0.33333334
8375	8373	1	0.33333334
8373	8375	2	0.33333334
8375	8373	2	0.33333334
8373	8376	0	0.3121514
8376	8373	0	0.35451525
8373	8376	1	0.3756972
8376	8373	1	0.32274234
8373	8376	2	0.31215137
8376	8373	2	0.32274237
8373	8377	0	0.3124038
8377	8373	0	0.35426295
8373	8377	1	0.37519246
8377	8373	1	0.3228686
8373	8377	2	0.31240377
8377	8373	2	0.32286856
8373	8378	0	0.3006882
8378	8373	0	0.3659785
8373	8378	1	0.39862365
8378	8373	1	0.3170108
8373	8378	2	0.30068824
8378	8373	2	0.3170108
8374	8379	0	0.28524166
8379	8374	0	0.38142508
8374	8379	1	0.4295168
8379	8374	1	0.3092875
8374	8379	2	0.28524166
8379	8374	2	0.3092875
8374	8380	0	0.33333337
8380	8374	0	0.3333333
8374	8380	1	0.33333334
8380	8374	1	0.33333337
8374	8380	2	0.33333337
8380	8374	2	0.3333333
8374	8381	0	0.28837547
8381	8374	0	0.37829122
8374	8381	1	0.42324904
8381	8374	1	0.31085438
8374	8381	2	0.28837556
8381	8374	2	0.31085443
8375	8382	0	0.26525992
8382	8375	0	0.40140676
8375	8382	1	0.46948016
8382	8375	1	0.29929662
8375	8382	2	0.26525998
8382	8375	2	0.29929662
8375	8383	0	0.3333333
8383	8375	0	0.33333334
8375	8383	1	0.3333333
8383	8375	1	0.33333334
8375	8383	2	0.33333334
8383	8375	2	0.33333334
8376	8382	0	0.28436026
8382	8376	0	0.38230643
8376	8382	1	0.4312795
8382	8376	1	0.3088468
8376	8382	2	0.28436023
8382	8376	2	0.30884674
8376	8383	0	0.33333337
8383	8376	0	0.3333333
8376	8383	1	0.3333333
8383	8376	1	0.33333337
8376	8383	2	0.3333333
8383	8376	2	0.33333334
8377	8382	0	0.28326362
8382	8377	0	0.38340312
8377	8382	1	0.43347293
8382	8377	1	0.30829847
8377	8382	2	0.28326356
8382	8377	2	0.30829847
8377	8383	0	0.3333333
8383	8377	0	0.3333333
8377	8383	1	0.3333333
8383	8377	1	0.33333334
8377	8383	2	0.33333334
8383	8377	2	0.33333334
8378	8382	0	0.3333333
8382	8378	0	0.3333333
8378	8382	1	0.3333333
8382	8378	1	0.3333333
8378	8382	2	0.33333334
8382	8378	2	0.33333334
8378	8383	0	0.43410578
8383	8378	0	0.3081404
8378	8383	1	0.2829478
8383	8378	1	0.3837196
8378	8383	2	0.28294802
8383	8378	2	0.30814067
8379	8384	0	0.33333334
8384	8379	0	0.33333337
8379	8384	1	0.33333334
8384	8379	1	0.33333337
8379	8384	2	0.33333328
8384	8379	2	0.33333334
8379	8385	0	0.33333334
8385	8379	0	0.33333334
8379	8385	1	0.3333333
8385	8379	1	0.33333334
8379	8385	2	0.33333337
8385	8379	2	0.33333334
8379	8386	0	0.3333333
8386	8379	0	0.33333334
8379	8386	1	0.33333334
8386	8379	1	0.33333334
8379	8386	2	0.33333334
8386	8379	2	0.33333337
8380	8384	0	0.3333333
8384	8380	0	0.3333333
8380	8384	1	0.3333333
8384	8380	1	0.3333333
8380	8384	2	0.3333333
8384	8380	2	0.3333333
8380	8385	0	0.31202632
8385	8380	0	0.35464033
8380	8385	1	0.37594733
8385	8380	1	0.32267985
8380	8385	2	0.31202632
8385	8380	2	0.32267976
8380	8386	0	0.29667956
8386	8380	0	0.3699871
8380	8386	1	0.4066409
8386	8380	1	0.31500643
8380	8386	2	0.2966796
8386	8380	2	0.3150065
8381	8384	0	0.3333333
8384	8381	0	0.3333333
8381	8384	1	0.3333333
8384	8381	1	0.3333333
8381	8384	2	0.33333334
8384	8381	2	0.33333334
8381	8385	0	0.33333334
8385	8381	0	0.3333333
8381	8385	1	0.33333334
8385	8381	1	0.3333333
8381	8385	2	0.3333333
8385	8381	2	0.3333333
8381	8386	0	0.33333337
8386	8381	0	0.33333334
8381	8386	1	0.33333337
8386	8381	1	0.33333334
8381	8386	2	0.33333334
8386	8381	2	0.33333337
8382	8386	0	0.3333333
8386	8382	0	0.33333328
8382	8386	1	0.33333328
8386	8382	1	0.33333328
8382	8386	2	0.3333333
8386	8382	2	0.33333328
8382	8387	0	0.3333333
8387	8382	0	0.3333333
8382	8387	1	0.3333333
8387	8382	1	0.3333333
8382	8387	2	0.33333334
8387	8382	2	0.3333333
8383	8387	0	0.27075425
8387	8383	0	0.3959124
8383	8387	1	0.45849153
8387	8383	1	0.3020438
8383	8387	2	0.27075428
8387	8383	2	0.30204377
8386	8387	0	0.3333333
8387	8386	0	0.33333334
8386	8387	1	0.3333333
8387	8386	1	0.3333333
8386	8387	2	0.3333333
8387	8386	2	0.3333333
8390	8392	0	0.33333337
8392	8390	0	0.33333334
8390	8392	1	0.33333337
8392	8390	1	0.33333334
8390	8392	2	0.33333334
8392	8390	2	0.33333334
8390	8393	0	0.33333334
8393	8390	0	0.33333334
8390	8393	1	0.33333334
8393	8390	1	0.33333334
8390	8393	2	0.33333337
8393	8390	2	0.33333337
8390	8394	0	0.29100847
8394	8390	0	0.37565824
8390	8394	1	0.4179831
8394	8390	1	0.31217086
8390	8394	2	0.29100847
8394	8390	2	0.31217092
8391	8395	0	0.31896776
8395	8391	0	0.34769896
8391	8395	1	0.36206454
8395	8391	1	0.32615054
8391	8395	2	0.3189677
8395	8391	2	0.32615054
8392	8393	0	0.32826343
8393	8392	0	0.33840328
8392	8393	1	0.34347317
8393	8392	1	0.3307984
8392	8393	2	0.32826346
8393	8392	2	0.33079842
8392	8395	0	0.30425698
8395	8392	0	0.36240977
8392	8395	1	0.39148617
8395	8392	1	0.31879514
8392	8395	2	0.30425698
8395	8392	2	0.31879514
8393	8395	0	0.30425698
8395	8393	0	0.3624097
8393	8395	1	0.39148617
8395	8393	1	0.31879514
8393	8395	2	0.30425692
8395	8393	2	0.3187951
8394	8396	0	0.3333333
8396	8394	0	0.33333334
8394	8396	1	0.3333333
8396	8394	1	0.33333334
8394	8396	2	0.3333333
8396	8394	2	0.33333334
8397	8400	0	0.328607
8400	8397	0	0.33805972
8397	8400	1	0.34278604
8400	8397	1	0.3309702
8397	8400	2	0.3286069
8400	8397	2	0.33097017
8397	8401	0	0.3333333
8401	8397	0	0.3333333
8397	8401	1	0.3333333
8401	8397	1	0.3333333
8397	8401	2	0.3333333
8401	8397	2	0.3333333
8397	8402	0	0.3318879
8402	8397	0	0.33477873
8397	8402	1	0.33622408
8402	8397	1	0.3326106
8397	8402	2	0.33188802
8402	8397	2	0.33261067
8398	8403	0	0.32685846
8403	8398	0	0.33980823
8398	8403	1	0.3462831
8403	8398	1	0.3300959
8398	8403	2	0.32685846
8403	8398	2	0.3300959
8399	8403	0	0.27508426
8403	8399	0	0.39158237
8399	8403	1	0.44983146
8403	8399	1	0.3042088
8399	8403	2	0.27508432
8403	8399	2	0.3042088
8400	8404	0	0.3333333
8404	8400	0	0.33333334
8400	8404	1	0.33333334
8404	8400	1	0.33333334
8400	8404	2	0.33333334
8404	8400	2	0.33333334
8401	8404	0	0.3333333
8404	8401	0	0.3333333
8401	8404	1	0.33333334
8404	8401	1	0.3333333
8401	8404	2	0.3333333
8404	8401	2	0.3333333
8402	8404	0	0.3333333
8404	8402	0	0.3333333
8402	8404	1	0.3333333
8404	8402	1	0.33333334
8402	8404	2	0.3333333
8404	8402	2	0.3333333
8405	8408	0	0.3333333
8408	8405	0	0.33333334
8405	8408	1	0.3333333
8408	8405	1	0.33333334
8405	8408	2	0.3333333
8408	8405	2	0.33333334
8406	8407	0	0.3333333
8407	8406	0	0.33333334
8406	8407	1	0.3333333
8407	8406	1	0.33333334
8406	8407	2	0.3333333
8407	8406	2	0.33333337
8407	8409	0	0.3333333
8409	8407	0	0.3333333
8407	8409	1	0.3333333
8409	8407	1	0.3333333
8407	8409	2	0.33333334
8409	8407	2	0.33333334
8407	8410	0	0.3333333
8410	8407	0	0.33333334
8407	8410	1	0.3333333
8410	8407	1	0.33333334
8407	8410	2	0.33333337
8410	8407	2	0.33333337
8408	8411	0	0.29945418
8411	8408	0	0.3672125
8408	8411	1	0.40109167
8411	8408	1	0.31639373
8408	8411	2	0.29945415
8411	8408	2	0.31639373
8408	8412	0	0.2930299
8412	8408	0	0.37363675
8408	8412	1	0.4139402
8412	8408	1	0.31318164
8408	8412	2	0.29302996
8412	8408	2	0.3131816
8408	8413	0	0.32687065
8413	8408	0	0.339796
8408	8413	1	0.34625864
8413	8408	1	0.33010197
8408	8413	2	0.3268707
8413	8408	2	0.33010206
8409	8414	0	0.33333334
8414	8409	0	0.33333334
8409	8414	1	0.3333333
8414	8409	1	0.33333334
8409	8414	2	0.33333334
8414	8409	2	0.33333334
8410	8414	0	0.3032655
8414	8410	0	0.36340117
8410	8414	1	0.39346898
8414	8410	1	0.3182994
8410	8414	2	0.3032655
8414	8410	2	0.3182994
8411	8416	0	0.3333333
8416	8411	0	0.33333334
8411	8416	1	0.3333333
8416	8411	1	0.33333334
8411	8416	2	0.33333334
8416	8411	2	0.33333334
8411	8417	0	0.31189993
8417	8411	0	0.3547668
8411	8417	1	0.37620017
8417	8411	1	0.3226166
8411	8417	2	0.31189996
8417	8411	2	0.32261664
8411	8415	0	0.30466208
8415	8411	0	0.36200458
8411	8415	1	0.39067584
8415	8411	1	0.31899774
8411	8415	2	0.3046621
8415	8411	2	0.31899774
8412	8414	0	0.33333337
8414	8412	0	0.3333333
8412	8414	1	0.33333334
8414	8412	1	0.33333334
8412	8414	2	0.33333334
8414	8412	2	0.3333333
8413	8416	0	0.33333334
8416	8413	0	0.33333337
8413	8416	1	0.33333334
8416	8413	1	0.33333334
8413	8416	2	0.33333337
8416	8413	2	0.33333334
8413	8417	0	0.30331177
8417	8413	0	0.36335486
8413	8417	1	0.39337644
8417	8413	1	0.31832254
8413	8417	2	0.30331177
8417	8413	2	0.31832257
8413	8415	0	0.2960739
8415	8413	0	0.37059277
8413	8415	1	0.40785214
8415	8413	1	0.3147036
8413	8415	2	0.2960739
8415	8413	2	0.31470367
8418	8422	0	0.27192003
8422	8418	0	0.39474666
8418	8422	1	0.45615992
8422	8418	1	0.30262667
8418	8422	2	0.27192008
8422	8418	2	0.30262667
8418	8423	0	0.33333334
8423	8418	0	0.3333333
8418	8423	1	0.33333334
8423	8418	1	0.33333334
8418	8423	2	0.3333333
8423	8418	2	0.3333333
8424	8427	0	0.32503632
8427	8424	0	0.34163028
8424	8427	1	0.34992728
8427	8424	1	0.32918483
8424	8427	2	0.32503638
8427	8424	2	0.3291849
8425	8428	0	0.33333334
8428	8425	0	0.33333334
8425	8428	1	0.33333334
8428	8425	1	0.3333333
8425	8428	2	0.3333333
8428	8425	2	0.3333333
8425	8429	0	0.30992135
8429	8425	0	0.35674524
8425	8429	1	0.38015723
8429	8425	1	0.32162738
8425	8429	2	0.30992138
8429	8425	2	0.32162735
8426	8428	0	0.3333333
8428	8426	0	0.33333334
8426	8428	1	0.3333333
8428	8426	1	0.3333333
8426	8428	2	0.3333333
8428	8426	2	0.3333333
8426	8429	0	0.31507483
8429	8426	0	0.35159189
8426	8429	1	0.3698504
8429	8426	1	0.3242041
8426	8429	2	0.31507474
8429	8426	2	0.3242041
8427	8430	0	0.3333333
8430	8427	0	0.33333334
8427	8430	1	0.3333333
8430	8427	1	0.33333334
8427	8430	2	0.3333333
8430	8427	2	0.33333334
8428	8432	0	0.33333334
8432	8428	0	0.33333334
8428	8432	1	0.33333334
8432	8428	1	0.33333334
8428	8432	2	0.33333334
8432	8428	2	0.33333334
8428	8431	0	0.3333333
8431	8428	0	0.3333333
8428	8431	1	0.3333333
8431	8428	1	0.3333333
8428	8431	2	0.33333334
8431	8428	2	0.3333333
8429	8432	0	0.33333334
8432	8429	0	0.33333334
8429	8432	1	0.3333333
8432	8429	1	0.3333333
8429	8432	2	0.3333333
8432	8429	2	0.3333333
8429	8431	0	0.36672515
8431	8429	0	0.32498538
8429	8431	1	0.31663746
8431	8429	1	0.3500292
8429	8431	2	0.31663746
8431	8429	2	0.3249854
8430	8433	0	0.3333333
8433	8430	0	0.3333333
8430	8433	1	0.3333333
8433	8430	1	0.3333333
8430	8433	2	0.3333333
8433	8430	2	0.33333334
8430	8434	0	0.4245749
8434	8430	0	0.31052294
8430	8434	1	0.2877125
8434	8430	1	0.3789541
8430	8434	2	0.2877125
8434	8430	2	0.3105229
8430	8435	0	0.3333333
8435	8430	0	0.33333334
8430	8435	1	0.33333334
8435	8430	1	0.33333334
8430	8435	2	0.33333337
8435	8430	2	0.33333337
8431	8436	0	0.30354625
8436	8431	0	0.36312038
8431	8436	1	0.39290747
8436	8431	1	0.3184398
8431	8436	2	0.30354625
8436	8431	2	0.31843978
8432	8436	0	0.32214242
8436	8432	0	0.34452426
8432	8436	1	0.35571513
8436	8432	1	0.32773787
8432	8436	2	0.32214245
8436	8432	2	0.3277379
8437	8441	0	0.3333333
8441	8437	0	0.33333337
8437	8441	1	0.3333333
8441	8437	1	0.33333334
8437	8441	2	0.3333333
8441	8437	2	0.33333334
8438	8441	0	0.27217594
8441	8438	0	0.3944907
8438	8441	1	0.45564803
8441	8438	1	0.30275464
8438	8441	2	0.27217603
8441	8438	2	0.30275464
8439	8442	0	0.3333333
8442	8439	0	0.3333333
8439	8442	1	0.3333333
8442	8439	1	0.33333334
8439	8442	2	0.3333333
8442	8439	2	0.33333334
8440	8442	0	0.3231006
8442	8440	0	0.34356606
8440	8442	1	0.3537988
8442	8440	1	0.32821697
8440	8442	2	0.3231006
8442	8440	2	0.328217
8441	8443	0	0.3086818
8443	8441	0	0.3579849
8441	8443	1	0.3826365
8443	8441	1	0.32100755
8441	8443	2	0.3086818
8443	8441	2	0.32100755
8441	8444	0	0.31202346
8444	8441	0	0.3546432
8441	8444	1	0.37595308
8444	8441	1	0.32267842
8441	8444	2	0.31202346
8444	8441	2	0.3226784
8442	8445	0	0.3296719
8445	8442	0	0.3369948
8442	8445	1	0.34065625
8445	8442	1	0.33150262
8442	8445	2	0.32967186
8445	8442	2	0.3315026
8443	8448	0	0.41152957
8448	8443	0	0.31378424
8443	8448	1	0.29423523
8448	8443	1	0.37243146
8443	8448	2	0.29423523
8448	8443	2	0.3137843
8443	8446	0	0.36903086
8446	8443	0	0.32440895
8443	8446	1	0.31548455
8446	8443	1	0.3511821
8443	8446	2	0.31548452
8446	8443	2	0.32440898
8443	8447	0	0.37636882
8447	8443	0	0.3225745
8443	8447	1	0.31181562
8447	8443	1	0.35485107
8443	8447	2	0.3118156
8447	8443	2	0.3225745
8444	8448	0	0.3333333
8448	8444	0	0.3333333
8444	8448	1	0.3333333
8448	8444	1	0.3333333
8444	8448	2	0.33333337
8448	8444	2	0.33333337
8444	8446	0	0.3333333
8446	8444	0	0.3333333
8444	8446	1	0.3333333
8446	8444	1	0.3333333
8444	8446	2	0.33333337
8446	8444	2	0.33333337
8444	8447	0	0.3333333
8447	8444	0	0.33333337
8444	8447	1	0.33333337
8447	8444	1	0.33333334
8444	8447	2	0.3333333
8447	8444	2	0.33333334
8445	8449	0	0.3333333
8449	8445	0	0.33333334
8445	8449	1	0.33333334
8449	8445	1	0.3333333
8445	8449	2	0.3333333
8449	8445	2	0.3333333
8445	8450	0	0.33333334
8450	8445	0	0.33333334
8445	8450	1	0.33333334
8450	8445	1	0.33333334
8445	8450	2	0.33333337
8450	8445	2	0.33333337
8445	8451	0	0.44356933
8451	8445	0	0.30577433
8445	8451	1	0.27821535
8451	8445	1	0.38845134
8445	8451	2	0.2782153
8451	8445	2	0.30577433
8445	8452	0	0.4622302
8452	8445	0	0.30110914
8445	8452	1	0.2688849
8452	8445	1	0.3977818
8445	8452	2	0.26888484
8452	8445	2	0.30110908
8446	8453	0	0.2715125
8453	8446	0	0.3951542
8446	8453	1	0.45697504
8453	8446	1	0.30242294
8446	8453	2	0.27151245
8453	8446	2	0.30242288
8446	8454	0	0.33051473
8454	8446	0	0.3361519
8446	8454	1	0.33897066
8454	8446	1	0.33192402
8446	8454	2	0.33051467
8454	8446	2	0.33192402
8446	8455	0	0.3310648
8455	8446	0	0.33560193
8446	8455	1	0.33787054
8455	8446	1	0.33219904
8446	8455	2	0.3310647
8455	8446	2	0.33219907
8447	8453	0	0.2703724
8453	8447	0	0.39629433
8447	8453	1	0.45925534
8453	8447	1	0.30185288
8447	8453	2	0.27037233
8453	8447	2	0.30185282
8447	8454	0	0.32982156
8454	8447	0	0.33684498
8447	8454	1	0.3403569
8454	8447	1	0.33157748
8447	8454	2	0.32982156
8454	8447	2	0.33157745
8447	8455	0	0.33037162
8455	8447	0	0.3362951
8447	8455	1	0.33925682
8455	8447	1	0.3318525
8447	8455	2	0.33037162
8455	8447	2	0.3318524
8448	8453	0	0.24875267
8453	8448	0	0.41791397
8448	8453	1	0.50249463
8453	8448	1	0.29104298
8448	8453	2	0.24875265
8453	8448	2	0.29104295
8448	8454	0	0.31103334
8454	8448	0	0.35563338
8448	8454	1	0.3779335
8454	8448	1	0.32218334
8448	8454	2	0.3110333
8454	8448	2	0.32218337
8448	8455	0	0.30963135
8455	8448	0	0.35703534
8448	8455	1	0.38073736
8455	8448	1	0.32148233
8448	8455	2	0.3096313
8455	8448	2	0.32148233
8449	8456	0	0.33333334
8456	8449	0	0.33333337
8449	8456	1	0.33333337
8456	8449	1	0.33333334
8449	8456	2	0.33333334
8456	8449	2	0.33333337
8449	8457	0	0.3333333
8457	8449	0	0.33333334
8449	8457	1	0.3333333
8457	8449	1	0.33333334
8449	8457	2	0.33333337
8457	8449	2	0.33333334
8450	8456	0	0.3333333
8456	8450	0	0.33333337
8450	8456	1	0.3333333
8456	8450	1	0.33333334
8450	8456	2	0.33333334
8456	8450	2	0.3333333
8450	8457	0	0.33333334
8457	8450	0	0.33333334
8450	8457	1	0.33333334
8457	8450	1	0.33333334
8450	8457	2	0.33333337
8457	8450	2	0.33333337
8451	8456	0	0.29550737
8456	8451	0	0.37115932
8451	8456	1	0.40898526
8456	8451	1	0.31442034
8451	8456	2	0.29550743
8456	8451	2	0.31442034
8451	8457	0	0.2934903
8457	8451	0	0.37317637
8451	8457	1	0.41301936
8457	8451	1	0.3134118
8451	8457	2	0.29349035
8457	8451	2	0.31341177
8452	8456	0	0.2900781
8456	8452	0	0.37658852
8452	8456	1	0.4198438
8456	8452	1	0.31170577
8452	8456	2	0.29007804
8456	8452	2	0.31170565
8452	8457	0	0.28806102
8457	8452	0	0.37860563
8452	8457	1	0.42387792
8457	8452	1	0.3106972
8452	8457	2	0.28806105
8457	8452	2	0.31069723
8453	8458	0	0.3333333
8458	8453	0	0.3333333
8453	8458	1	0.33333334
8458	8453	1	0.33333334
8453	8458	2	0.3333333
8458	8453	2	0.3333333
8453	8459	0	0.33333334
8459	8453	0	0.3333333
8453	8459	1	0.33333334
8459	8453	1	0.3333333
8453	8459	2	0.3333333
8459	8453	2	0.3333333
8453	8460	0	0.41282552
8460	8453	0	0.3134603
8453	8460	1	0.2935872
8460	8453	1	0.3730794
8453	8460	2	0.2935873
8460	8453	2	0.3134603
8454	8458	0	0.28282347
8458	8454	0	0.38384324
8454	8458	1	0.4343531
8458	8454	1	0.3080784
8454	8458	2	0.2828235
8458	8454	2	0.3080784
8454	8459	0	0.28359562
8459	8454	0	0.383071
8454	8459	1	0.43280876
8459	8454	1	0.3084645
8454	8459	2	0.28359568
8459	8454	2	0.3084645
8454	8460	0	0.33333334
8460	8454	0	0.3333333
8454	8460	1	0.33333334
8460	8454	1	0.3333333
8454	8460	2	0.3333333
8460	8454	2	0.3333333
8455	8458	0	0.2837379
8458	8455	0	0.38292876
8455	8458	1	0.43252414
8458	8455	1	0.30853564
8455	8458	2	0.2837379
8458	8455	2	0.3085356
8455	8459	0	0.28451014
8459	8455	0	0.38215655
8455	8459	1	0.43097976
8459	8455	1	0.3089217
8455	8459	2	0.2845101
8459	8455	2	0.3089217
8455	8460	0	0.3333333
8460	8455	0	0.3333333
8455	8460	1	0.3333333
8460	8455	1	0.33333334
8455	8460	2	0.33333334
8460	8455	2	0.3333333
8461	8467	0	0.3568874
8467	8461	0	0.3274448
8461	8467	1	0.3215563
8467	8461	1	0.34511036
8461	8467	2	0.32155633
8467	8461	2	0.3274448
8461	8468	0	0.28114137
8468	8461	0	0.38552532
8461	8468	1	0.43771732
8468	8461	1	0.30723736
8461	8468	2	0.28114134
8468	8461	2	0.30723736
8461	8469	0	0.28935593
8469	8461	0	0.3773107
8461	8469	1	0.42128813
8469	8461	1	0.31134465
8461	8469	2	0.2893559
8469	8461	2	0.31134462
8462	8467	0	0.34372294
8467	8462	0	0.33073592
8462	8467	1	0.32813853
8467	8462	1	0.33852816
8462	8467	2	0.3281385
8467	8462	2	0.3307359
8462	8468	0	0.28720367
8468	8462	0	0.37946302
8462	8468	1	0.42559266
8468	8462	1	0.3102685
8462	8468	2	0.28720364
8468	8462	2	0.31026852
8462	8469	0	0.29602414
8469	8462	0	0.3706426
8462	8469	1	0.40795174
8469	8462	1	0.31467873
8462	8469	2	0.29602408
8469	8462	2	0.31467873
8463	8470	0	0.33333334
8470	8463	0	0.3333333
8463	8470	1	0.3333333
8470	8463	1	0.33333334
8463	8470	2	0.33333328
8470	8463	2	0.3333333
8464	8470	0	0.31463403
8470	8464	0	0.35203266
8464	8470	1	0.37073195
8470	8464	1	0.32398367
8464	8470	2	0.314634
8470	8464	2	0.32398367
8465	8470	0	0.33333334
8470	8465	0	0.33333337
8465	8470	1	0.33333337
8470	8465	1	0.33333334
8465	8470	2	0.33333334
8470	8465	2	0.33333334
8466	8470	0	0.33333337
8470	8466	0	0.33333337
8466	8470	1	0.33333337
8470	8466	1	0.33333337
8466	8470	2	0.3333333
8470	8466	2	0.3333333
8467	8471	0	0.30100346
8471	8467	0	0.36566317
8467	8471	1	0.3979931
8471	8467	1	0.3171684
8467	8471	2	0.30100352
8471	8467	2	0.31716844
8468	8471	0	0.33333334
8471	8468	0	0.3333333
8468	8471	1	0.33333334
8471	8468	1	0.3333333
8468	8471	2	0.3333333
8471	8468	2	0.3333333
8469	8471	0	0.3333333
8471	8469	0	0.33333334
8469	8471	1	0.3333333
8471	8469	1	0.3333333
8469	8471	2	0.3333333
8471	8469	2	0.3333333
8470	8472	0	0.30426013
8472	8470	0	0.36240658
8470	8472	1	0.39147976
8472	8470	1	0.31879672
8470	8472	2	0.3042601
8472	8470	2	0.31879672
8471	8473	0	0.2908576
8473	8471	0	0.37580907
8471	8473	1	0.41828477
8473	8471	1	0.31209546
8471	8473	2	0.2908576
8473	8471	2	0.31209546
8471	8474	0	0.3333333
8474	8471	0	0.33333334
8471	8474	1	0.3333333
8474	8471	1	0.33333334
8471	8474	2	0.3333333
8474	8471	2	0.3333333
8472	8475	0	0.33333334
8475	8472	0	0.3333333
8472	8475	1	0.33333337
8475	8472	1	0.3333333
8472	8475	2	0.33333337
8475	8472	2	0.33333337
8472	8476	0	0.3333333
8476	8472	0	0.33333337
8472	8476	1	0.33333334
8476	8472	1	0.33333334
8472	8476	2	0.33333337
8476	8472	2	0.33333334
8473	8476	0	0.3333333
8476	8473	0	0.3333333
8473	8476	1	0.3333333
8476	8473	1	0.3333333
8473	8476	2	0.33333334
8476	8473	2	0.3333333
8473	8477	0	0.33333334
8477	8473	0	0.33333334
8473	8477	1	0.33333334
8477	8473	1	0.33333334
8473	8477	2	0.33333337
8477	8473	2	0.33333334
8474	8477	0	0.25032073
8477	8474	0	0.41634598
8474	8477	1	0.49935856
8477	8474	1	0.29182702
8474	8477	2	0.25032073
8477	8474	2	0.29182702
8478	8482	0	0.32090497
8482	8478	0	0.34576172
8478	8482	1	0.35819003
8482	8478	1	0.32711914
8478	8482	2	0.32090497
8482	8478	2	0.32711914
8479	8483	0	0.3333333
8483	8479	0	0.33333334
8479	8483	1	0.3333333
8483	8479	1	0.3333333
8479	8483	2	0.33333337
8483	8479	2	0.33333334
8480	8483	0	0.33333334
8483	8480	0	0.3333333
8480	8483	1	0.33333334
8483	8480	1	0.3333333
8480	8483	2	0.3333333
8483	8480	2	0.3333333
8481	8483	0	0.33333337
8483	8481	0	0.33333334
8481	8483	1	0.33333337
8483	8481	1	0.33333334
8481	8483	2	0.33333334
8483	8481	2	0.33333334
8482	8484	0	0.42298454
8484	8482	0	0.31092054
8482	8484	1	0.28850776
8484	8482	1	0.37815893
8482	8484	2	0.28850776
8484	8482	2	0.31092054
8483	8485	0	0.3333333
8485	8483	0	0.33333334
8483	8485	1	0.3333333
8485	8483	1	0.33333337
8483	8485	2	0.3333333
8485	8483	2	0.33333334
8483	8486	0	0.3333333
8486	8483	0	0.33333334
8483	8486	1	0.3333333
8486	8483	1	0.33333337
8483	8486	2	0.3333333
8486	8483	2	0.33333337
8484	8488	0	0.3333333
8488	8484	0	0.33333334
8484	8488	1	0.3333333
8488	8484	1	0.33333334
8484	8488	2	0.33333334
8488	8484	2	0.33333337
8484	8487	0	0.3333333
8487	8484	0	0.33333337
8484	8487	1	0.3333333
8487	8484	1	0.33333334
8484	8487	2	0.3333333
8487	8484	2	0.33333334
8485	8489	0	0.33333328
8489	8485	0	0.33333334
8485	8489	1	0.3333333
8489	8485	1	0.3333333
8485	8489	2	0.3333333
8489	8485	2	0.33333334
8486	8489	0	0.3333333
8489	8486	0	0.3333333
8486	8489	1	0.3333333
8489	8486	1	0.3333333
8486	8489	2	0.33333334
8489	8486	2	0.33333334
8487	8490	0	0.3333333
8490	8487	0	0.33333334
8487	8490	1	0.33333334
8490	8487	1	0.3333333
8487	8490	2	0.33333334
8490	8487	2	0.3333333
8487	8491	0	0.3289234
8491	8487	0	0.3377433
8487	8491	1	0.34215325
8491	8487	1	0.33112836
8487	8491	2	0.32892334
8491	8487	2	0.3311284
8488	8490	0	0.3333333
8490	8488	0	0.3333333
8488	8490	1	0.3333333
8490	8488	1	0.3333333
8488	8490	2	0.3333333
8490	8488	2	0.3333333
8488	8491	0	0.32885057
8491	8488	0	0.33781612
8488	8491	1	0.34229884
8491	8488	1	0.33109194
8488	8491	2	0.3288506
8491	8488	2	0.33109197
8489	8492	0	0.3381832
8492	8489	0	0.33212087
8489	8492	1	0.33090842
8492	8489	1	0.3357583
8489	8492	2	0.33090842
8492	8489	2	0.33212087
8493	8497	0	0.3333333
8497	8493	0	0.3333333
8493	8497	1	0.3333333
8497	8493	1	0.3333333
8493	8497	2	0.3333333
8497	8493	2	0.3333333
8493	8498	0	0.31480032
8498	8493	0	0.35186633
8493	8498	1	0.37039933
8498	8493	1	0.32406685
8493	8498	2	0.31480038
8498	8493	2	0.32406688
8493	8499	0	0.31025666
8499	8493	0	0.35641
8493	8499	1	0.37948668
8499	8493	1	0.321795
8493	8499	2	0.31025666
8499	8493	2	0.321795
8493	8500	0	0.29993713
8500	8493	0	0.36672953
8493	8500	1	0.40012577
8500	8493	1	0.3166352
8493	8500	2	0.29993713
8500	8493	2	0.31663525
8494	8497	0	0.33333334
8497	8494	0	0.33333337
8494	8497	1	0.33333334
8497	8494	1	0.33333334
8494	8497	2	0.33333334
8497	8494	2	0.33333334
8494	8498	0	0.33333334
8498	8494	0	0.33333334
8494	8498	1	0.33333334
8498	8494	1	0.3333333
8494	8498	2	0.33333334
8498	8494	2	0.33333334
8494	8499	0	0.32941335
8499	8494	0	0.33725336
8494	8499	1	0.34117338
8499	8494	1	0.33137333
8494	8499	2	0.32941335
8499	8494	2	0.33137333
8494	8500	0	0.31909376
8500	8494	0	0.34757286
8494	8500	1	0.36181244
8500	8494	1	0.32621354
8494	8500	2	0.31909382
8500	8494	2	0.32621354
8495	8497	0	0.3333333
8497	8495	0	0.3333333
8495	8497	1	0.3333333
8497	8495	1	0.3333333
8495	8497	2	0.3333333
8497	8495	2	0.3333333
8495	8498	0	0.33333337
8498	8495	0	0.3333333
8495	8498	1	0.33333334
8498	8495	1	0.33333334
8495	8498	2	0.33333337
8498	8495	2	0.33333334
8495	8499	0	0.33333334
8499	8495	0	0.3333333
8495	8499	1	0.33333334
8499	8495	1	0.3333333
8495	8499	2	0.3333333
8499	8495	2	0.33333334
8495	8500	0	0.33333334
8500	8495	0	0.33333334
8495	8500	1	0.33333337
8500	8495	1	0.33333337
8495	8500	2	0.33333334
8500	8495	2	0.33333337
8496	8501	0	0.31380165
8501	8496	0	0.35286504
8496	8501	1	0.37239674
8501	8496	1	0.32356748
8496	8501	2	0.31380162
8501	8496	2	0.32356745
8497	8502	0	0.30499876
8502	8497	0	0.36166787
8497	8502	1	0.39000243
8502	8497	1	0.31916603
8497	8502	2	0.30499876
8502	8497	2	0.31916606
8497	8503	0	0.30498794
8503	8497	0	0.3616787
8497	8503	1	0.3900241
8503	8497	1	0.31916064
8497	8503	2	0.30498803
8503	8497	2	0.31916067
8497	8504	0	0.3053892
8504	8497	0	0.36127755
8497	8504	1	0.38922173
8504	8497	1	0.3193613
8497	8504	2	0.3053891
8504	8497	2	0.3193612
8498	8502	0	0.3134505
8502	8498	0	0.35321617
8498	8502	1	0.37309897
8502	8498	1	0.3233919
8498	8502	2	0.31345046
8502	8498	2	0.32339188
8498	8503	0	0.3134397
8503	8498	0	0.3532269
8498	8503	1	0.37312055
8503	8498	1	0.32338652
8498	8503	2	0.31343973
8503	8498	2	0.32338655
8498	8504	0	0.31384087
8504	8498	0	0.35282582
8498	8504	1	0.37231827
8504	8498	1	0.32358712
8498	8504	2	0.31384093
8504	8498	2	0.32358712
8499	8502	0	0.31587073
8502	8499	0	0.35079598
8499	8502	1	0.3682586
8502	8499	1	0.32460207
8499	8502	2	0.31587073
8502	8499	2	0.324602
8499	8503	0	0.31585997
8503	8499	0	0.3508067
8499	8503	1	0.3682801
8503	8499	1	0.32459664
8499	8503	2	0.31585994
8503	8499	2	0.32459664
8499	8504	0	0.3162611
8504	8499	0	0.3504055
8499	8504	1	0.36747772
8504	8499	1	0.3247972
8499	8504	2	0.31626117
8504	8499	2	0.32479727
8500	8502	0	0.3333333
8502	8500	0	0.3333333
8500	8502	1	0.3333333
8502	8500	1	0.33333334
8500	8502	2	0.3333333
8502	8500	2	0.33333337
8500	8503	0	0.33333334
8503	8500	0	0.33333337
8500	8503	1	0.33333334
8503	8500	1	0.33333334
8500	8503	2	0.33333334
8503	8500	2	0.33333337
8500	8504	0	0.3333333
8504	8500	0	0.33333334
8500	8504	1	0.3333333
8504	8500	1	0.33333334
8500	8504	2	0.33333334
8504	8500	2	0.33333337
8505	8507	0	0.3046378
8507	8505	0	0.3620289
8505	8507	1	0.39072448
8507	8505	1	0.31898552
8505	8507	2	0.3046378
8507	8505	2	0.31898552
8505	8508	0	0.30229294
8508	8505	0	0.36437374
8505	8508	1	0.39541417
8508	8505	1	0.31781313
8505	8508	2	0.30229294
8508	8505	2	0.31781316
8506	8509	0	0.26017064
8509	8506	0	0.40649605
8506	8509	1	0.47965878
8509	8506	1	0.29675198
8506	8509	2	0.2601706
8509	8506	2	0.29675198
8507	8510	0	0.3333333
8510	8507	0	0.33333334
8507	8510	1	0.3333333
8510	8507	1	0.3333333
8507	8510	2	0.33333334
8510	8507	2	0.33333334
8508	8510	0	0.3333333
8510	8508	0	0.3333333
8508	8510	1	0.3333333
8510	8508	1	0.33333334
8508	8510	2	0.3333333
8510	8508	2	0.33333337
8509	8512	0	0.33333334
8512	8509	0	0.3333333
8509	8512	1	0.3333333
8512	8509	1	0.3333333
8509	8512	2	0.3333333
8512	8509	2	0.3333333
8509	8513	0	0.33333334
8513	8509	0	0.33333334
8509	8513	1	0.33333334
8513	8509	1	0.33333334
8509	8513	2	0.33333337
8513	8509	2	0.33333337
8509	8511	0	0.3333333
8511	8509	0	0.3333333
8509	8511	1	0.3333333
8511	8509	1	0.33333334
8509	8511	2	0.3333333
8511	8509	2	0.3333333
8510	8514	0	0.26071054
8514	8510	0	0.40595615
8510	8514	1	0.47857893
8514	8510	1	0.29702193
8510	8514	2	0.26071054
8514	8510	2	0.29702193
8510	8515	0	0.3333333
8515	8510	0	0.3333333
8510	8515	1	0.3333333
8515	8510	1	0.3333333
8510	8515	2	0.3333333
8515	8510	2	0.33333334
8511	8516	0	0.3333333
8516	8511	0	0.3333333
8511	8516	1	0.3333333
8516	8511	1	0.3333333
8511	8516	2	0.33333334
8516	8511	2	0.3333333
8511	8517	0	0.3333333
8517	8511	0	0.33333334
8511	8517	1	0.3333333
8517	8511	1	0.33333337
8511	8517	2	0.33333334
8517	8511	2	0.33333334
8511	8518	0	0.3333333
8518	8511	0	0.33333328
8511	8518	1	0.3333333
8518	8511	1	0.3333333
8511	8518	2	0.3333333
8518	8511	2	0.3333333
8512	8516	0	0.31783536
8516	8512	0	0.34883136
8512	8516	1	0.3643293
8516	8512	1	0.3255843
8512	8516	2	0.31783533
8516	8512	2	0.3255843
8512	8517	0	0.3333333
8517	8512	0	0.33333334
8512	8517	1	0.3333333
8517	8512	1	0.33333334
8512	8517	2	0.3333333
8517	8512	2	0.33333334
8512	8518	0	0.33246657
8518	8512	0	0.33419997
8512	8518	1	0.33506656
8518	8512	1	0.3329
8512	8518	2	0.3324666
8518	8512	2	0.3329
8513	8516	0	0.30796188
8516	8513	0	0.35870484
8513	8516	1	0.38407633
8516	8513	1	0.32064754
8513	8516	2	0.30796188
8516	8513	2	0.3206476
8513	8517	0	0.3333333
8517	8513	0	0.3333333
8513	8517	1	0.3333333
8517	8513	1	0.3333333
8513	8517	2	0.3333333
8517	8513	2	0.3333333
8513	8518	0	0.32124805
8518	8513	0	0.3454187
8513	8518	1	0.35750413
8518	8513	1	0.32729068
8513	8518	2	0.32124802
8518	8513	2	0.32729065
8514	8518	0	0.31078553
8518	8514	0	0.35588068
8514	8518	1	0.3784286
8518	8514	1	0.32205954
8514	8518	2	0.31078556
8518	8514	2	0.32205954
8514	8519	0	0.3298426
8519	8514	0	0.3368241
8514	8519	1	0.34031475
8519	8514	1	0.33158794
8514	8519	2	0.32984263
8519	8514	2	0.33158794
8515	8519	0	0.2623528
8519	8515	0	0.4043139
8515	8519	1	0.47529447
8519	8515	1	0.29784307
8515	8519	2	0.2623528
8519	8515	2	0.2978431
8516	8520	0	0.30502933
8520	8516	0	0.3616373
8516	8520	1	0.38994133
8520	8516	1	0.31918132
8516	8520	2	0.3050294
8520	8516	2	0.31918138
8517	8520	0	0.29518938
8520	8517	0	0.3714773
8517	8520	1	0.40962127
8520	8517	1	0.31426132
8517	8520	2	0.29518938
8520	8517	2	0.31426132
8518	8520	0	0.32359535
8520	8518	0	0.34307128
8518	8520	1	0.35280925
8520	8518	1	0.32846433
8518	8520	2	0.32359535
8520	8518	2	0.32846433
8521	8524	0	0.3288052
8524	8521	0	0.33786145
8521	8524	1	0.34238955
8524	8521	1	0.33106932
8521	8524	2	0.3288052
8524	8521	2	0.33106923
8521	8525	0	0.315871
8525	8521	0	0.3507957
8521	8525	1	0.368258
8525	8521	1	0.32460216
8521	8525	2	0.315871
8525	8521	2	0.3246022
8521	8526	0	0.31017074
8526	8521	0	0.35649598
8521	8526	1	0.37965858
8526	8521	1	0.32175204
8521	8526	2	0.31017065
8526	8521	2	0.32175195
8522	8527	0	0.28499845
8527	8522	0	0.38166824
8522	8527	1	0.43000314
8527	8522	1	0.3091659
8522	8527	2	0.28499848
8527	8522	2	0.30916592
8523	8527	0	0.2497051
8527	8523	0	0.41696155
8523	8527	1	0.5005899
8527	8523	1	0.29151922
8523	8527	2	0.24970514
8527	8523	2	0.29151925
8524	8528	0	0.31132948
8528	8524	0	0.3553376
8524	8528	1	0.37733954
8528	8524	1	0.32233116
8524	8528	2	0.31132963
8528	8524	2	0.32233116
8524	8529	0	0.3240499
8529	8524	0	0.34261647
8524	8529	1	0.3519013
8529	8524	1	0.32869175
8524	8529	2	0.32404968
8529	8524	2	0.32869172
8524	8530	0	0.31813967
8530	8524	0	0.34852695
8524	8530	1	0.36372063
8530	8524	1	0.32573652
8524	8530	2	0.31813967
8530	8524	2	0.32573652
8525	8528	0	0.31412736
8528	8525	0	0.35253993
8525	8528	1	0.37174413
8528	8525	1	0.32373002
8525	8528	2	0.31412733
8528	8525	2	0.32373
8525	8529	0	0.3268473
8529	8525	0	0.33981887
8525	8529	1	0.3463063
8529	8525	1	0.33009058
8525	8529	2	0.3268472
8529	8525	2	0.33009052
8525	8530	0	0.32093734
8530	8525	0	0.34572938
8525	8530	1	0.35812542
8530	8525	1	0.32713532
8525	8530	2	0.32093734
8530	8525	2	0.32713532
8526	8528	0	0.31666812
8528	8526	0	0.3499993
8526	8528	1	0.3666628
8528	8526	1	0.32500032
8526	8528	2	0.316668
8528	8526	2	0.32500032
8526	8529	0	0.32938775
8529	8526	0	0.33727828
8526	8529	1	0.34122524
8529	8526	1	0.33136085
8526	8529	2	0.32938775
8529	8526	2	0.3313608
8526	8530	0	0.32347786
8530	8526	0	0.34318882
8526	8530	1	0.3530443
8530	8526	1	0.32840556
8526	8530	2	0.32347792
8530	8526	2	0.32840562
8527	8531	0	0.3333333
8531	8527	0	0.3333333
8527	8531	1	0.3333333
8531	8527	1	0.3333333
8527	8531	2	0.3333333
8531	8527	2	0.3333333
8527	8532	0	0.25660083
8532	8527	0	0.41006583
8527	8532	1	0.48679802
8532	8527	1	0.29496706
8527	8532	2	0.2566008
8532	8527	2	0.29496697
8527	8533	0	0.27625942
8533	8527	0	0.39040694
8527	8533	1	0.44748148
8533	8527	1	0.3047965
8527	8533	2	0.2762593
8533	8527	2	0.3047964
8528	8533	0	0.3333333
8533	8528	0	0.3333333
8528	8533	1	0.3333333
8533	8528	1	0.3333333
8528	8533	2	0.3333333
8533	8528	2	0.3333333
8528	8534	0	0.39642093
8534	8528	0	0.3175614
8528	8534	1	0.30178952
8534	8528	1	0.36487713
8528	8534	2	0.30178946
8534	8528	2	0.3175614
8528	8535	0	0.3333333
8535	8528	0	0.3333333
8528	8535	1	0.3333333
8535	8528	1	0.3333333
8528	8535	2	0.3333333
8535	8528	2	0.3333333
8528	8536	0	0.33333334
8536	8528	0	0.3333333
8528	8536	1	0.33333334
8536	8528	1	0.3333333
8528	8536	2	0.3333333
8536	8528	2	0.3333333
8529	8534	0	0.33333337
8534	8529	0	0.33333334
8529	8534	1	0.33333334
8534	8529	1	0.33333334
8529	8534	2	0.33333337
8534	8529	2	0.33333337
8529	8535	0	0.3333333
8535	8529	0	0.3333333
8529	8535	1	0.3333333
8535	8529	1	0.3333333
8529	8535	2	0.3333333
8535	8529	2	0.3333333
8529	8536	0	0.33333334
8536	8529	0	0.33333334
8529	8536	1	0.33333334
8536	8529	1	0.33333337
8529	8536	2	0.33333337
8536	8529	2	0.33333337
8530	8534	0	0.37804943
8534	8530	0	0.32215428
8530	8534	1	0.31097525
8534	8530	1	0.35569137
8530	8534	2	0.31097525
8534	8530	2	0.32215428
8530	8535	0	0.3333333
8535	8530	0	0.3333333
8530	8535	1	0.3333333
8535	8530	1	0.3333333
8530	8535	2	0.33333337
8535	8530	2	0.33333337
8530	8536	0	0.3333333
8536	8530	0	0.3333333
8530	8536	1	0.3333333
8536	8530	1	0.3333333
8530	8536	2	0.3333333
8536	8530	2	0.3333333
8531	8537	0	0.33333334
8537	8531	0	0.33333337
8531	8537	1	0.33333334
8537	8531	1	0.33333337
8531	8537	2	0.33333325
8537	8531	2	0.3333333
8532	8537	0	0.4450692
8537	8532	0	0.30539936
8532	8537	1	0.2774654
8537	8532	1	0.38920128
8532	8537	2	0.2774654
8537	8532	2	0.30539936
8533	8537	0	0.4493796
8537	8533	0	0.30432177
8533	8537	1	0.2753102
8537	8533	1	0.39135647
8533	8537	2	0.27531022
8537	8533	2	0.30432174
8538	8540	0	0.3333333
8540	8538	0	0.33333334
8538	8540	1	0.3333333
8540	8538	1	0.33333337
8538	8540	2	0.3333333
8540	8538	2	0.33333334
8538	8541	0	0.3333333
8541	8538	0	0.33333334
8538	8541	1	0.3333333
8541	8538	1	0.33333334
8538	8541	2	0.3333333
8541	8538	2	0.33333334
8539	8542	0	0.28795573
8542	8539	0	0.37871093
8539	8542	1	0.42408854
8542	8539	1	0.3106445
8539	8542	2	0.2879557
8542	8539	2	0.3106445
8539	8543	0	0.3056724
8543	8539	0	0.36099422
8539	8543	1	0.38865516
8543	8539	1	0.31950286
8539	8543	2	0.3056724
8543	8539	2	0.31950286
8540	8544	0	0.270904
8544	8540	0	0.39576274
8540	8544	1	0.458192
8544	8540	1	0.30211863
8540	8544	2	0.27090397
8544	8540	2	0.30211866
8540	8545	0	0.28320366
8545	8540	0	0.38346305
8540	8545	1	0.43359277
8545	8540	1	0.30826846
8540	8545	2	0.28320363
8545	8540	2	0.30826843
8541	8543	0	0.3224297
8543	8541	0	0.34423697
8541	8543	1	0.35514057
8543	8541	1	0.3278815
8541	8543	2	0.32242972
8543	8541	2	0.3278815
8541	8544	0	0.31731954
8544	8541	0	0.34934714
8541	8544	1	0.36536092
8544	8541	1	0.3253264
8541	8544	2	0.3173195
8544	8541	2	0.32532644
8541	8545	0	0.32442296
8545	8541	0	0.3422438
8541	8545	1	0.35115415
8545	8541	1	0.32887813
8541	8545	2	0.3244229
8545	8541	2	0.3288781
8542	8546	0	0.31216657
8546	8542	0	0.35450011
8542	8546	1	0.37566692
8546	8542	1	0.32274997
8542	8546	2	0.31216657
8546	8542	2	0.32274994
8543	8546	0	0.31024972
8546	8543	0	0.35641694
8543	8546	1	0.37950057
8546	8543	1	0.32179153
8543	8546	2	0.31024975
8546	8543	2	0.32179156
8547	8551	0	0.3333333
8551	8547	0	0.3333333
8547	8551	1	0.3333333
8551	8547	1	0.3333333
8547	8551	2	0.3333333
8551	8547	2	0.3333333
8548	8551	0	0.3333333
8551	8548	0	0.3333333
8548	8551	1	0.3333333
8551	8548	1	0.3333333
8548	8551	2	0.33333337
8551	8548	2	0.33333337
8552	8555	0	0.25593466
8555	8552	0	0.41073203
8552	8555	1	0.4881307
8555	8552	1	0.29463398
8552	8555	2	0.25593466
8555	8552	2	0.29463398
8553	8556	0	0.316165
8556	8553	0	0.3505017
8553	8556	1	0.36767006
8556	8553	1	0.32474914
8553	8556	2	0.31616497
8556	8553	2	0.32474914
8553	8557	0	0.33333337
8557	8553	0	0.33333334
8553	8557	1	0.33333334
8557	8553	1	0.33333334
8553	8557	2	0.33333337
8557	8553	2	0.33333337
8554	8556	0	0.31887525
8556	8554	0	0.34779134
8554	8556	1	0.3622494
8556	8554	1	0.3261043
8554	8556	2	0.3188753
8556	8554	2	0.32610434
8554	8557	0	0.3333333
8557	8554	0	0.3333333
8554	8557	1	0.33333334
8557	8554	1	0.3333333
8554	8557	2	0.33333334
8557	8554	2	0.3333333
8555	8558	0	0.3333333
8558	8555	0	0.3333333
8555	8558	1	0.3333333
8558	8555	1	0.3333333
8555	8558	2	0.33333337
8558	8555	2	0.33333337
8555	8559	0	0.33333334
8559	8555	0	0.3333333
8555	8559	1	0.3333333
8559	8555	1	0.33333334
8555	8559	2	0.3333333
8559	8555	2	0.3333333
8560	8563	0	0.3333333
8563	8560	0	0.3333333
8560	8563	1	0.33333334
8563	8560	1	0.3333333
8560	8563	2	0.3333333
8563	8560	2	0.3333333
8560	8564	0	0.34555936
8564	8560	0	0.33027682
8560	8564	1	0.32722032
8564	8560	1	0.33944637
8560	8564	2	0.32722032
8564	8560	2	0.33027682
8561	8563	0	0.3333333
8563	8561	0	0.33333334
8561	8563	1	0.3333333
8563	8561	1	0.3333333
8561	8563	2	0.3333333
8563	8561	2	0.3333333
8561	8564	0	0.41405794
8564	8561	0	0.3131522
8561	8564	1	0.29297104
8564	8561	1	0.37369567
8561	8564	2	0.29297107
8564	8561	2	0.3131522
8565	8568	0	0.33085033
8568	8565	0	0.3358163
8565	8568	1	0.33829924
8568	8565	1	0.3320918
8565	8568	2	0.33085036
8568	8565	2	0.33209187
8565	8569	0	0.33333334
8569	8565	0	0.33333334
8565	8569	1	0.33333337
8569	8565	1	0.33333334
8565	8569	2	0.33333334
8569	8565	2	0.33333334
8566	8569	0	0.34347558
8569	8566	0	0.3307978
8566	8569	1	0.3282622
8569	8566	1	0.33840448
8566	8569	2	0.32826218
8569	8566	2	0.33079773
8570	8576	0	0.33333334
8576	8570	0	0.3333333
8570	8576	1	0.3333333
8576	8570	1	0.33333334
8570	8576	2	0.33333328
8576	8570	2	0.3333333
8570	8574	0	0.3333333
8574	8570	0	0.3333333
8570	8574	1	0.3333333
8574	8570	1	0.3333333
8570	8574	2	0.3333333
8574	8570	2	0.3333333
8570	8575	0	0.3333333
8575	8570	0	0.33333334
8570	8575	1	0.33333334
8575	8570	1	0.33333334
8570	8575	2	0.33333334
8575	8570	2	0.33333334
8571	8576	0	0.31475213
8576	8571	0	0.35191453
8571	8576	1	0.3704958
8576	8571	1	0.32404274
8571	8576	2	0.31475207
8576	8571	2	0.3240427
8571	8574	0	0.29785037
8574	8571	0	0.36881626
8571	8574	1	0.40429926
8574	8571	1	0.31559187
8571	8574	2	0.29785037
8574	8571	2	0.3155919
8571	8575	0	0.29620594
8575	8571	0	0.37046075
8571	8575	1	0.40758812
8575	8571	1	0.3147697
8571	8575	2	0.29620597
8575	8571	2	0.31476966
8572	8577	0	0.25755262
8577	8572	0	0.4091141
8572	8577	1	0.48489484
8577	8572	1	0.29544294
8572	8577	2	0.25755262
8577	8572	2	0.29544297
8573	8577	0	0.24112576
8577	8573	0	0.4255409
8573	8577	1	0.5177485
8577	8573	1	0.28722954
8573	8577	2	0.24112576
8577	8573	2	0.2872295
8574	8578	0	0.33333334
8578	8574	0	0.33333334
8574	8578	1	0.3333333
8578	8574	1	0.33333334
8574	8578	2	0.33333337
8578	8574	2	0.33333337
8575	8578	0	0.3333333
8578	8575	0	0.33333334
8575	8578	1	0.33333334
8578	8575	1	0.3333333
8575	8578	2	0.3333333
8578	8575	2	0.3333333
8576	8578	0	0.3333333
8578	8576	0	0.3333333
8576	8578	1	0.3333333
8578	8576	1	0.33333334
8576	8578	2	0.3333333
8578	8576	2	0.3333333
8579	8584	0	0.26222128
8584	8579	0	0.40444535
8579	8584	1	0.47555742
8584	8579	1	0.2977773
8579	8584	2	0.26222134
8584	8579	2	0.29777732
8580	8584	0	0.26150146
8584	8580	0	0.40516526
8580	8584	1	0.47699714
8584	8580	1	0.2974174
8580	8584	2	0.26150146
8584	8580	2	0.29741737
8581	8585	0	0.33333334
8585	8581	0	0.33333334
8581	8585	1	0.33333334
8585	8581	1	0.33333334
8581	8585	2	0.33333337
8585	8581	2	0.33333334
8582	8585	0	0.3333333
8585	8582	0	0.33333337
8582	8585	1	0.33333337
8585	8582	1	0.33333334
8582	8585	2	0.33333334
8585	8582	2	0.33333337
8583	8585	0	0.3333333
8585	8583	0	0.33333334
8583	8585	1	0.3333333
8585	8583	1	0.3333333
8583	8585	2	0.3333333
8585	8583	2	0.3333333
8584	8586	0	0.33333334
8586	8584	0	0.3333333
8584	8586	1	0.33333334
8586	8584	1	0.3333333
8584	8586	2	0.33333334
8586	8584	2	0.3333333
8584	8587	0	0.3333333
8587	8584	0	0.33333337
8584	8587	1	0.3333333
8587	8584	1	0.33333334
8584	8587	2	0.3333333
8587	8584	2	0.33333334
8591	8595	0	0.33333334
8595	8591	0	0.33333334
8591	8595	1	0.33333334
8595	8591	1	0.33333334
8591	8595	2	0.33333334
8595	8591	2	0.33333337
8591	8596	0	0.3333333
8596	8591	0	0.33333334
8591	8596	1	0.33333334
8596	8591	1	0.33333334
8591	8596	2	0.33333337
8596	8591	2	0.33333334
8591	8597	0	0.30477872
8597	8591	0	0.361888
8591	8597	1	0.39044264
8597	8591	1	0.31905603
8591	8597	2	0.30477867
8597	8591	2	0.31905603
8592	8595	0	0.33333334
8595	8592	0	0.33333337
8592	8595	1	0.33333334
8595	8592	1	0.33333334
8592	8595	2	0.33333337
8595	8592	2	0.33333337
8592	8596	0	0.33333337
8596	8592	0	0.33333334
8592	8596	1	0.3333333
8596	8592	1	0.33333337
8592	8596	2	0.3333333
8596	8592	2	0.33333334
8592	8597	0	0.30418107
8597	8592	0	0.36248565
8592	8597	1	0.39163795
8597	8592	1	0.3187572
8592	8597	2	0.30418098
8597	8592	2	0.31875715
8593	8598	0	0.3333333
8598	8593	0	0.33333334
8593	8598	1	0.3333333
8598	8593	1	0.33333334
8593	8598	2	0.3333333
8598	8593	2	0.3333333
8594	8598	0	0.3333333
8598	8594	0	0.3333333
8594	8598	1	0.3333333
8598	8594	1	0.33333334
8594	8598	2	0.33333334
8598	8594	2	0.33333337
8595	8599	0	0.30755112
8599	8595	0	0.35911554
8595	8599	1	0.38489777
8599	8595	1	0.3204422
8595	8599	2	0.30755112
8599	8595	2	0.3204422
8595	8600	0	0.3070138
8600	8595	0	0.3596529
8595	8600	1	0.3859724
8600	8595	1	0.32017356
8595	8600	2	0.30701375
8600	8595	2	0.32017356
8596	8599	0	0.30818504
8599	8596	0	0.35848168
8596	8599	1	0.38362998
8599	8596	1	0.3207592
8596	8599	2	0.30818504
8599	8596	2	0.32075918
8596	8600	0	0.3076477
8600	8596	0	0.35901898
8596	8600	1	0.38470465
8600	8596	1	0.32049048
8596	8600	2	0.3076477
8600	8596	2	0.3204905
8597	8599	0	0.31755698
8599	8597	0	0.34910965
8597	8599	1	0.364886
8599	8597	1	0.32544515
8597	8599	2	0.31755698
8599	8597	2	0.32544518
8597	8600	0	0.31701967
8600	8597	0	0.349647
8597	8600	1	0.36596063
8600	8597	1	0.32517648
8597	8600	2	0.3170197
8600	8597	2	0.32517654
8598	8601	0	0.3333333
8601	8598	0	0.33333334
8598	8601	1	0.3333333
8601	8598	1	0.3333333
8598	8601	2	0.3333333
8601	8598	2	0.3333333
8599	8601	0	0.3333333
8601	8599	0	0.3333333
8599	8601	1	0.3333333
8601	8599	1	0.33333337
8599	8601	2	0.3333333
8601	8599	2	0.3333333
8600	8602	0	0.40352234
8602	8600	0	0.3157861
8600	8602	1	0.2982388
8602	8600	1	0.36842784
8600	8602	2	0.29823887
8602	8600	2	0.3157861
8600	8603	0	0.33333334
8603	8600	0	0.3333333
8600	8603	1	0.33333334
8603	8600	1	0.3333333
8600	8603	2	0.3333333
8603	8600	2	0.3333333
8600	8604	0	0.39793825
8604	8600	0	0.3171821
8600	8604	1	0.30103087
8604	8600	1	0.3656358
8600	8604	2	0.3010309
8604	8600	2	0.3171821
8601	8605	0	0.3333333
8605	8601	0	0.33333334
8601	8605	1	0.3333333
8605	8601	1	0.3333333
8601	8605	2	0.3333333
8605	8601	2	0.3333333
8602	8606	0	0.2949018
8606	8602	0	0.37176487
8602	8606	1	0.41019642
8606	8602	1	0.31411758
8602	8606	2	0.2949018
8606	8602	2	0.31411755
8603	8606	0	0.33333334
8606	8603	0	0.3333333
8603	8606	1	0.3333333
8606	8603	1	0.3333333
8603	8606	2	0.3333333
8606	8603	2	0.3333333
8604	8606	0	0.29572338
8606	8604	0	0.37094337
8604	8606	1	0.4085533
8606	8604	1	0.31452835
8604	8606	2	0.29572338
8606	8604	2	0.31452835
8605	8608	0	0.3333333
8608	8605	0	0.33333334
8605	8608	1	0.3333333
8608	8605	1	0.3333333
8605	8608	2	0.33333334
8608	8605	2	0.33333334
8605	8607	0	0.32079327
8607	8605	0	0.34587336
8605	8607	1	0.3584134
8607	8605	1	0.32706332
8605	8607	2	0.32079327
8607	8605	2	0.32706335
8606	8609	0	0.355339
8609	8606	0	0.32783192
8606	8609	1	0.32233047
8609	8606	1	0.3443362
8606	8609	2	0.3223305
8609	8606	2	0.32783192
8606	8610	0	0.3333333
8610	8606	0	0.3333333
8606	8610	1	0.33333334
8610	8606	1	0.3333333
8606	8610	2	0.3333333
8610	8606	2	0.3333333
8606	8611	0	0.3333333
8611	8606	0	0.33333334
8606	8611	1	0.3333333
8611	8606	1	0.3333333
8606	8611	2	0.33333334
8611	8606	2	0.33333334
8607	8612	0	0.33333334
8612	8607	0	0.33333334
8607	8612	1	0.33333334
8612	8607	1	0.3333333
8607	8612	2	0.33333337
8612	8607	2	0.33333337
8607	8613	0	0.3333333
8613	8607	0	0.3333333
8607	8613	1	0.3333333
8613	8607	1	0.3333333
8607	8613	2	0.33333334
8613	8607	2	0.3333333
8607	8614	0	0.33333334
8614	8607	0	0.3333333
8607	8614	1	0.33333334
8614	8607	1	0.3333333
8607	8614	2	0.3333333
8614	8607	2	0.3333333
8608	8612	0	0.3333333
8612	8608	0	0.3333333
8608	8612	1	0.33333334
8612	8608	1	0.33333334
8608	8612	2	0.3333333
8612	8608	2	0.3333333
8608	8613	0	0.3213282
8613	8608	0	0.3453385
8608	8613	1	0.35734367
8613	8608	1	0.3273308
8608	8613	2	0.3213281
8613	8608	2	0.3273307
8608	8614	0	0.31171635
8614	8608	0	0.3549503
8608	8614	1	0.3765673
8614	8608	1	0.32252485
8608	8614	2	0.31171638
8614	8608	2	0.32252485
8609	8615	0	0.25900534
8615	8609	0	0.40766138
8609	8615	1	0.48198935
8615	8609	1	0.29616934
8609	8615	2	0.25900537
8615	8609	2	0.29616934
8609	8616	0	0.26078936
8616	8609	0	0.40587735
8609	8616	1	0.47842133
8616	8609	1	0.29706132
8609	8616	2	0.2607894
8616	8609	2	0.29706138
8609	8617	0	0.3333333
8617	8609	0	0.3333333
8609	8617	1	0.33333328
8617	8609	1	0.33333334
8609	8617	2	0.33333337
8617	8609	2	0.33333334
8610	8615	0	0.31463364
8615	8610	0	0.35203308
8610	8615	1	0.3707328
8615	8610	1	0.3239835
8610	8615	2	0.3146336
8615	8610	2	0.3239835
8610	8616	0	0.31595358
8616	8610	0	0.3507131
8610	8616	1	0.36809283
8616	8610	1	0.3246435
8610	8616	2	0.31595355
8616	8610	2	0.32464346
8610	8617	0	0.34355277
8617	8610	0	0.33077848
8610	8617	1	0.32822365
8617	8610	1	0.33844304
8610	8617	2	0.32822368
8617	8610	2	0.3307785
8611	8615	0	0.257917
8615	8611	0	0.40874964
8611	8615	1	0.48416597
8615	8611	1	0.29562515
8611	8615	2	0.257917
8615	8611	2	0.29562515
8611	8616	0	0.259701
8616	8611	0	0.4069656
8611	8616	1	0.48059797
8616	8611	1	0.2965172
8611	8616	2	0.25970095
8616	8611	2	0.29651713
8611	8617	0	0.3333333
8617	8611	0	0.3333333
8611	8617	1	0.3333333
8617	8611	1	0.3333333
8611	8617	2	0.33333337
8617	8611	2	0.33333337
8618	8621	0	0.28388608
8621	8618	0	0.3827806
8618	8621	1	0.43222788
8621	8618	1	0.3086097
8618	8621	2	0.28388608
8621	8618	2	0.3086097
8618	8622	0	0.3333333
8622	8618	0	0.3333333
8618	8622	1	0.33333334
8622	8618	1	0.3333333
8618	8622	2	0.3333333
8622	8618	2	0.3333333
8619	8623	0	0.31389037
8623	8619	0	0.35277626
8619	8623	1	0.3722192
8623	8619	1	0.32361186
8619	8623	2	0.31389046
8623	8619	2	0.3236119
8619	8624	0	0.29947847
8624	8619	0	0.36718822
8619	8624	1	0.40104312
8624	8619	1	0.3164059
8619	8624	2	0.2994784
8624	8619	2	0.31640586
8619	8625	0	0.28665298
8625	8619	0	0.38001373
8619	8625	1	0.42669412
8625	8619	1	0.30999312
8619	8625	2	0.28665286
8625	8619	2	0.3099931
8620	8623	0	0.33333334
8623	8620	0	0.33333334
8620	8623	1	0.33333334
8623	8620	1	0.33333334
8620	8623	2	0.33333334
8623	8620	2	0.33333334
8620	8624	0	0.33061102
8624	8620	0	0.3360556
8620	8624	1	0.33877793
8624	8620	1	0.33197215
8620	8624	2	0.33061105
8624	8620	2	0.33197215
8620	8625	0	0.324806
8625	8620	0	0.34186065
8620	8625	1	0.350388
8625	8620	1	0.32906964
8620	8625	2	0.324806
8625	8620	2	0.32906967
8621	8626	0	0.3310607
8626	8621	0	0.33560595
8621	8626	1	0.33787858
8626	8621	1	0.332197
8621	8626	2	0.33106065
8626	8621	2	0.332197
8622	8626	0	0.2605099
8626	8622	0	0.40615678
8622	8626	1	0.4789802
8626	8622	1	0.2969216
8622	8626	2	0.2605099
8626	8622	2	0.2969216
8383	8382	1	0.0
8245	8244	1	0.0
8439	8438	1	0.0
8336	8335	1	0.0
8285	8284	1	0.0
8472	8471	1	0.0
8524	8523	1	0.0
8575	8573	1	0.0
8621	8619	1	0.0
8337	8335	1	0.0
8576	8573	1	0.0
8622	8619	1	0.0
8384	8382	1	0.0
8525	8523	1	0.0
8338	8335	1	0.0
8575	8574	1	0.0
8385	8382	1	0.0
8440	8438	1	0.0
8286	8283	1	0.0
8473	8472	1	0.0
8621	8620	1	0.0
8337	8336	1	0.0
8386	8383	1	0.0
8526	8523	1	0.0
8286	8284	1	0.0
8576	8574	1	0.0
8440	8439	1	0.0
8384	8383	1	0.0
8622	8620	1	0.0
8286	8285	1	0.0
8525	8524	1	0.0
8474	8472	1	0.0
8441	8439	1	0.0
8385	8383	1	0.0
8576	8575	1	0.0
8622	8621	1	0.0
8526	8524	1	0.0
8287	8286	1	0.0
8474	8473	1	0.0
8246	8244	1	0.0
8384	8386	1	0.0
8288	8286	1	0.0
8441	8440	1	0.0
8577	8574	1	0.0
8526	8525	1	0.0
8623	8621	1	0.0
8338	8336	1	0.0
8288	8287	1	0.0
8475	8473	1	0.0
8246	8245	1	0.0
8385	8386	1	0.0
8442	8441	1	0.0
8527	8524	1	0.0
8577	8575	1	0.0
8624	8621	1	0.0
8290	8289	1	0.0
8385	8384	1	0.0
8247	8245	1	0.0
8475	8474	1	0.0
8338	8337	1	0.0
8443	8442	1	0.0
8527	8525	1	0.0
8291	8289	1	0.0
8625	8621	1	0.0
8577	8576	1	0.0
8476	8474	1	0.0
8387	8384	1	0.0
8248	8245	1	0.0
8292	8289	1	0.0
8527	8526	1	0.0
8444	8442	1	0.0
8623	8622	1	0.0
8578	8577	1	0.0
8476	8475	1	0.0
8528	8527	1	0.0
8247	8246	1	0.0
8387	8385	1	0.0
8291	8290	1	0.0
8339	8336	1	0.0
8444	8443	1	0.0
8624	8622	1	0.0
8580	8579	1	0.0
8477	8475	1	0.0
8529	8527	1	0.0
8292	8290	1	0.0
8248	8246	1	0.0
8389	8388	1	0.0
8445	8443	1	0.0
8339	8337	1	0.0
8625	8622	1	0.0
8581	8579	1	0.0
8477	8476	1	0.0
8530	8527	1	0.0
8292	8291	1	0.0
8248	8247	1	0.0
8391	8390	1	0.0
8445	8444	1	0.0
8624	8623	1	0.0
8529	8528	1	0.0
8293	8289	1	0.0
8249	8247	1	0.0
8582	8579	1	0.0
8339	8338	1	0.0
8479	8478	1	0.0
8391	8392	1	0.0
8446	8445	1	0.0
8625	8623	1	0.0
8530	8528	1	0.0
8294	8289	1	0.0
8250	8247	1	0.0
8447	8445	1	0.0
8583	8579	1	0.0
8530	8529	1	0.0
8625	8624	1	0.0
8480	8478	1	0.0
8393	8391	1	0.0
8293	8290	1	0.0
8341	8340	1	0.0
8251	8247	1	0.0
8448	8445	1	0.0
8581	8580	1	0.0
8531	8528	1	0.0
8481	8478	1	0.0
8294	8290	1	0.0
8394	8392	1	0.0
8626	8623	1	0.0
8249	8248	1	0.0
8447	8446	1	0.0
8342	8340	1	0.0
8293	8291	1	0.0
8582	8580	1	0.0
8532	8528	1	0.0
8394	8391	1	0.0
8448	8446	1	0.0
8626	8624	1	0.0
8250	8248	1	0.0
8480	8479	1	0.0
8294	8291	1	0.0
8533	8529	1	0.0
8583	8580	1	0.0
8394	8393	1	0.0
8448	8447	1	0.0
8342	8341	1	0.0
8626	8625	1	0.0
8251	8248	1	0.0
8481	8479	1	0.0
8293	8292	1	0.0
8531	8529	1	0.0
8582	8581	1	0.0
8395	8394	1	0.0
8449	8446	1	0.0
8344	8343	1	0.0
8294	8292	1	0.0
8532	8529	1	0.0
8481	8480	1	0.0
8250	8249	1	0.0
8396	8395	1	0.0
8583	8581	1	0.0
8450	8446	1	0.0
8294	8293	1	0.0
8533	8530	1	0.0
8345	8344	1	0.0
8482	8479	1	0.0
8398	8397	1	0.0
8251	8249	1	0.0
8583	8582	1	0.0
8531	8530	1	0.0
8295	8293	1	0.0
8451	8446	1	0.0
8399	8397	1	0.0
8253	8252	1	0.0
8346	8344	1	0.0
8482	8480	1	0.0
8532	8530	1	0.0
8295	8294	1	0.0
8452	8446	1	0.0
8254	8253	1	0.0
8399	8398	1	0.0
8482	8481	1	0.0
8296	8295	1	0.0
8584	8581	1	0.0
8531	8533	1	0.0
8449	8447	1	0.0
8255	8253	1	0.0
8400	8398	1	0.0
8347	8344	1	0.0
8483	8482	1	0.0
8297	8295	1	0.0
8532	8533	1	0.0
8584	8582	1	0.0
8401	8398	1	0.0
8450	8447	1	0.0
8256	8253	1	0.0
8346	8345	1	0.0
8298	8295	1	0.0
8532	8531	1	0.0
8484	8483	1	0.0
8402	8398	1	0.0
8451	8447	1	0.0
8584	8583	1	0.0
8297	8296	1	0.0
8298	8296	1	0.0
8400	8399	1	0.0
8534	8533	1	0.0
8485	8484	1	0.0
8298	8297	1	0.0
8452	8447	1	0.0
8585	8584	1	0.0
8255	8254	1	0.0
8347	8345	1	0.0
8535	8533	1	0.0
8401	8399	1	0.0
8486	8484	1	0.0
8299	8296	1	0.0
8449	8448	1	0.0
8256	8254	1	0.0
8586	8585	1	0.0
8536	8533	1	0.0
8402	8399	1	0.0
8300	8296	1	0.0
8486	8485	1	0.0
8347	8346	1	0.0
8256	8255	1	0.0
8401	8400	1	0.0
8534	8531	1	0.0
8587	8585	1	0.0
8450	8448	1	0.0
8299	8297	1	0.0
8487	8485	1	0.0
8348	8345	1	0.0
8402	8400	1	0.0
8257	8254	1	0.0
8535	8531	1	0.0
8300	8297	1	0.0
8587	8586	1	0.0
8451	8448	1	0.0
8488	8485	1	0.0
8402	8401	1	0.0
8536	8531	1	0.0
8257	8255	1	0.0
8299	8298	1	0.0
8589	8588	1	0.0
8487	8486	1	0.0
8348	8346	1	0.0
8452	8448	1	0.0
8403	8400	1	0.0
8257	8256	1	0.0
8300	8298	1	0.0
8534	8532	1	0.0
8590	8588	1	0.0
8488	8486	1	0.0
8403	8401	1	0.0
8450	8449	1	0.0
8259	8258	1	0.0
8300	8299	1	0.0
8590	8589	1	0.0
8535	8532	1	0.0
8348	8347	1	0.0
8488	8487	1	0.0
8403	8402	1	0.0
8301	8299	1	0.0
8260	8258	1	0.0
8536	8532	1	0.0
8592	8591	1	0.0
8489	8487	1	0.0
8451	8449	1	0.0
8302	8299	1	0.0
8404	8403	1	0.0
8260	8259	1	0.0
8535	8534	1	0.0
8489	8488	1	0.0
8593	8591	1	0.0
8301	8300	1	0.0
8452	8449	1	0.0
8261	8260	1	0.0
8406	8405	1	0.0
8490	8489	1	0.0
8536	8534	1	0.0
8302	8300	1	0.0
8350	8349	1	0.0
8451	8450	1	0.0
8594	8591	1	0.0
8262	8260	1	0.0
8407	8405	1	0.0
8491	8489	1	0.0
8302	8301	1	0.0
8593	8592	1	0.0
8536	8535	1	0.0
8452	8450	1	0.0
8262	8261	1	0.0
8408	8407	1	0.0
8351	8349	1	0.0
8491	8490	1	0.0
8303	8301	1	0.0
8537	8534	1	0.0
8594	8592	1	0.0
8452	8451	1	0.0
8264	8263	1	0.0
8409	8408	1	0.0
8492	8490	1	0.0
8303	8302	1	0.0
8537	8535	1	0.0
8594	8593	1	0.0
8351	8350	1	0.0
8265	8264	1	0.0
8453	8449	1	0.0
8410	8408	1	0.0
8492	8491	1	0.0
8304	8303	1	0.0
8537	8536	1	0.0
8595	8593	1	0.0
8266	8265	1	0.0
8454	8449	1	0.0
8410	8409	1	0.0
8494	8493	1	0.0
8305	8304	1	0.0
8539	8538	1	0.0
8596	8593	1	0.0
8353	8352	1	0.0
8268	8267	1	0.0
8411	8409	1	0.0
8495	8493	1	0.0
8306	8305	1	0.0
8455	8449	1	0.0
8540	8539	1	0.0
8270	8269	1	0.0
8354	8352	1	0.0
8495	8494	1	0.0
8412	8409	1	0.0
8307	8306	1	0.0
8541	8539	1	0.0
8597	8593	1	0.0
8453	8450	1	0.0
8271	8269	1	0.0
8308	8307	1	0.0
8496	8493	1	0.0
8595	8594	1	0.0
8541	8540	1	0.0
8413	8409	1	0.0
8272	8269	1	0.0
8454	8450	1	0.0
8496	8494	1	0.0
8354	8353	1	0.0
8309	8307	1	0.0
8596	8594	1	0.0
8542	8540	1	0.0
8271	8270	1	0.0
8411	8410	1	0.0
8496	8495	1	0.0
8455	8450	1	0.0
8309	8308	1	0.0
8272	8270	1	0.0
8597	8594	1	0.0
8543	8540	1	0.0
8412	8410	1	0.0
8497	8496	1	0.0
8310	8308	1	0.0
8272	8271	1	0.0
8596	8595	1	0.0
8453	8451	1	0.0
8356	8355	1	0.0
8498	8496	1	0.0
8542	8541	1	0.0
8413	8410	1	0.0
8273	8269	1	0.0
8597	8595	1	0.0
8312	8311	1	0.0
8499	8496	1	0.0
8454	8451	1	0.0
8543	8542	1	0.0
8412	8411	1	0.0
8274	8269	1	0.0
8314	8313	1	0.0
8500	8496	1	0.0
8597	8596	1	0.0
8544	8542	1	0.0
8455	8451	1	0.0
8357	8355	1	0.0
8413	8411	1	0.0
8273	8270	1	0.0
8316	8315	1	0.0
8498	8497	1	0.0
8545	8542	1	0.0
8413	8412	1	0.0
8598	8595	1	0.0
8453	8452	1	0.0
8274	8270	1	0.0
8499	8497	1	0.0
8318	8317	1	0.0
8544	8543	1	0.0
8414	8411	1	0.0
8598	8596	1	0.0
8454	8452	1	0.0
8273	8271	1	0.0
8414	8413	1	0.0
8319	8317	1	0.0
8545	8543	1	0.0
8500	8497	1	0.0
8358	8355	1	0.0
8598	8597	1	0.0
8455	8452	1	0.0
8320	8317	1	0.0
8415	8414	1	0.0
8545	8544	1	0.0
8499	8498	1	0.0
8599	8598	1	0.0
8274	8271	1	0.0
8454	8453	1	0.0
8357	8356	1	0.0
8319	8318	1	0.0
8416	8414	1	0.0
8500	8498	1	0.0
8546	8544	1	0.0
8600	8598	1	0.0
8273	8272	1	0.0
8320	8318	1	0.0
8455	8453	1	0.0
8417	8414	1	0.0
8500	8499	1	0.0
8546	8545	1	0.0
8358	8356	1	0.0
8274	8272	1	0.0
8416	8415	1	0.0
8600	8599	1	0.0
8548	8547	1	0.0
8455	8454	1	0.0
8320	8319	1	0.0
8501	8497	1	0.0
8274	8273	1	0.0
8417	8415	1	0.0
8549	8547	1	0.0
8358	8357	1	0.0
8321	8317	1	0.0
8501	8498	1	0.0
8601	8600	1	0.0
8456	8453	1	0.0
8417	8416	1	0.0
8550	8547	1	0.0
8275	8273	1	0.0
8322	8317	1	0.0
8501	8499	1	0.0
8360	8359	1	0.0
8602	8601	1	0.0
8457	8453	1	0.0
8419	8418	1	0.0
8276	8273	1	0.0
8549	8548	1	0.0
8501	8500	1	0.0
8321	8318	1	0.0
8603	8601	1	0.0
8456	8454	1	0.0
8420	8418	1	0.0
8277	8273	1	0.0
8550	8548	1	0.0
8502	8501	1	0.0
8361	8359	1	0.0
8322	8318	1	0.0
8604	8601	1	0.0
8421	8418	1	0.0
8278	8273	1	0.0
8457	8454	1	0.0
8503	8501	1	0.0
8550	8549	1	0.0
8321	8319	1	0.0
8603	8602	1	0.0
8420	8419	1	0.0
8275	8274	1	0.0
8361	8360	1	0.0
8504	8501	1	0.0
8322	8319	1	0.0
8551	8549	1	0.0
8456	8455	1	0.0
8276	8274	1	0.0
8421	8419	1	0.0
8503	8502	1	0.0
8604	8602	1	0.0
8321	8320	1	0.0
8551	8550	1	0.0
8277	8274	1	0.0
8421	8420	1	0.0
8504	8502	1	0.0
8604	8603	1	0.0
8457	8455	1	0.0
8322	8320	1	0.0
8553	8552	1	0.0
8278	8274	1	0.0
8504	8503	1	0.0
8422	8419	1	0.0
8605	8602	1	0.0
8322	8321	1	0.0
8362	8360	1	0.0
8554	8552	1	0.0
8457	8456	1	0.0
8276	8275	1	0.0
8506	8505	1	0.0
8423	8419	1	0.0
8605	8603	1	0.0
8324	8323	1	0.0
8554	8553	1	0.0
8458	8456	1	0.0
8277	8275	1	0.0
8507	8506	1	0.0
8325	8323	1	0.0
8362	8361	1	0.0
8422	8420	1	0.0
8555	8553	1	0.0
8605	8604	1	0.0
8508	8506	1	0.0
8278	8275	1	0.0
8326	8323	1	0.0
8459	8456	1	0.0
8606	8605	1	0.0
8555	8554	1	0.0
8423	8420	1	0.0
8277	8276	1	0.0
8508	8507	1	0.0
8327	8323	1	0.0
8607	8606	1	0.0
8460	8456	1	0.0
8364	8363	1	0.0
8556	8555	1	0.0
8325	8324	1	0.0
8278	8276	1	0.0
8422	8421	1	0.0
8509	8507	1	0.0
8608	8606	1	0.0
8278	8277	1	0.0
8326	8324	1	0.0
8458	8457	1	0.0
8557	8555	1	0.0
8423	8421	1	0.0
8608	8607	1	0.0
8509	8508	1	0.0
8279	8275	1	0.0
8327	8324	1	0.0
8365	8363	1	0.0
8556	8558	1	0.0
8423	8422	1	0.0
8459	8457	1	0.0
8280	8275	1	0.0
8609	8607	1	0.0
8510	8509	1	0.0
8326	8325	1	0.0
8425	8424	1	0.0
8557	8558	1	0.0
8281	8275	1	0.0
8460	8457	1	0.0
8610	8607	1	0.0
8366	8363	1	0.0
8511	8510	1	0.0
8327	8325	1	0.0
8282	8275	1	0.0
8426	8424	1	0.0
8557	8556	1	0.0
8611	8607	1	0.0
8459	8458	1	0.0
8512	8510	1	0.0
8279	8276	1	0.0
8327	8326	1	0.0
8559	8558	1	0.0
8426	8425	1	0.0
8513	8510	1	0.0
8609	8608	1	0.0
8280	8276	1	0.0
8460	8458	1	0.0
8559	8556	1	0.0
8328	8323	1	0.0
8427	8425	1	0.0
8367	8363	1	0.0
8512	8511	1	0.0
8281	8276	1	0.0
8610	8608	1	0.0
8559	8557	1	0.0
8427	8426	1	0.0
8460	8459	1	0.0
8329	8323	1	0.0
8513	8511	1	0.0
8282	8276	1	0.0
8611	8608	1	0.0
8365	8364	1	0.0
8513	8512	1	0.0
8328	8324	1	0.0
8561	8560	1	0.0
8428	8427	1	0.0
8462	8461	1	0.0
8280	8277	1	0.0
8610	8609	1	0.0
8329	8324	1	0.0
8281	8277	1	0.0
8514	8511	1	0.0
8429	8427	1	0.0
8562	8560	1	0.0
8611	8609	1	0.0
8328	8325	1	0.0
8463	8461	1	0.0
8366	8364	1	0.0
8282	8277	1	0.0
8515	8511	1	0.0
8429	8428	1	0.0
8562	8561	1	0.0
8329	8325	1	0.0
8611	8610	1	0.0
8279	8278	1	0.0
8464	8461	1	0.0
8430	8428	1	0.0
8514	8512	1	0.0
8563	8562	1	0.0
8328	8326	1	0.0
8612	8609	1	0.0
8280	8278	1	0.0
8430	8429	1	0.0
8515	8512	1	0.0
8465	8461	1	0.0
8367	8364	1	0.0
8564	8562	1	0.0
8329	8326	1	0.0
8613	8609	1	0.0
8281	8278	1	0.0
8431	8430	1	0.0
8514	8513	1	0.0
8328	8327	1	0.0
8564	8563	1	0.0
8466	8461	1	0.0
8614	8609	1	0.0
8366	8365	1	0.0
8282	8278	1	0.0
8432	8430	1	0.0
8515	8513	1	0.0
8329	8327	1	0.0
8566	8565	1	0.0
8463	8462	1	0.0
8280	8279	1	0.0
8432	8431	1	0.0
8612	8610	1	0.0
8567	8565	1	0.0
8515	8514	1	0.0
8281	8279	1	0.0
8329	8328	1	0.0
8433	8431	1	0.0
8464	8462	1	0.0
8367	8365	1	0.0
8613	8610	1	0.0
8516	8514	1	0.0
8282	8279	1	0.0
8568	8566	1	0.0
8330	8328	1	0.0
8434	8431	1	0.0
8614	8610	1	0.0
8517	8514	1	0.0
8465	8462	1	0.0
8281	8280	1	0.0
8567	8566	1	0.0
8331	8328	1	0.0
8435	8431	1	0.0
8367	8366	1	0.0
8612	8611	1	0.0
8516	8515	1	0.0
8282	8280	1	0.0
8330	8329	1	0.0
8567	8568	1	0.0
8466	8462	1	0.0
8433	8432	1	0.0
8518	8515	1	0.0
8613	8611	1	0.0
8282	8281	1	0.0
8331	8329	1	0.0
8434	8432	1	0.0
8569	8568	1	0.0
8517	8515	1	0.0
8464	8463	1	0.0
8614	8611	1	0.0
8283	8279	1	0.0
8368	8364	1	0.0
8435	8432	1	0.0
8331	8330	1	0.0
8569	8567	1	0.0
8518	8516	1	0.0
8613	8612	1	0.0
8284	8279	1	0.0
8465	8463	1	0.0
8434	8433	1	0.0
8333	8332	1	0.0
8571	8570	1	0.0
8517	8516	1	0.0
8285	8279	1	0.0
8614	8612	1	0.0
8435	8433	1	0.0
8572	8570	1	0.0
8466	8463	1	0.0
8334	8332	1	0.0
8369	8364	1	0.0
8517	8518	1	0.0
8283	8280	1	0.0
8435	8434	1	0.0
8573	8570	1	0.0
8614	8613	1	0.0
8519	8516	1	0.0
8334	8333	1	0.0
8284	8280	1	0.0
8465	8464	1	0.0
8436	8433	1	0.0
8572	8571	1	0.0
8615	8612	1	0.0
8519	8518	1	0.0
8285	8280	1	0.0
8368	8365	1	0.0
8335	8334	1	0.0
8466	8464	1	0.0
8436	8434	1	0.0
8573	8571	1	0.0
8616	8612	1	0.0
8519	8517	1	0.0
8283	8281	1	0.0
8466	8465	1	0.0
8573	8572	1	0.0
8436	8435	1	0.0
8520	8519	1	0.0
8284	8281	1	0.0
8617	8612	1	0.0
8369	8365	1	0.0
8574	8572	1	0.0
8522	8521	1	0.0
8438	8437	1	0.0
8285	8281	1	0.0
8615	8613	1	0.0
8467	8463	1	0.0
8575	8572	1	0.0
8368	8366	1	0.0
8523	8521	1	0.0
8439	8437	1	0.0
8283	8282	1	0.0
8616	8613	1	0.0
8576	8572	1	0.0
8468	8463	1	0.0
8523	8522	1	0.0
8440	8437	1	0.0
8617	8613	1	0.0
8284	8282	1	0.0
8574	8573	1	0.0
8469	8463	1	0.0
8524	8522	1	0.0
8369	8366	1	0.0
8285	8282	1	0.0
8615	8614	1	0.0
8525	8522	1	0.0
8467	8464	1	0.0
8368	8367	1	0.0
8284	8283	1	0.0
8616	8614	1	0.0
8526	8522	1	0.0
8468	8464	1	0.0
8285	8283	1	0.0
8617	8614	1	0.0
8469	8464	1	0.0
8369	8367	1	0.0
8616	8615	1	0.0
8467	8465	1	0.0
8617	8615	1	0.0
8468	8465	1	0.0
8369	8368	1	0.0
8617	8616	1	0.0
8619	8618	1	0.0
8469	8465	1	0.0
8370	8368	1	0.0
8620	8618	1	0.0
8467	8466	1	0.0
8620	8619	1	0.0
8371	8368	1	0.0
8468	8466	1	0.0
8370	8369	1	0.0
8469	8466	1	0.0
8371	8369	1	0.0
8468	8467	1	0.0
8371	8370	1	0.0
8469	8467	1	0.0
8372	8370	1	0.0
8373	8370	1	0.0
8469	8468	1	0.0
8372	8371	1	0.0
8470	8467	1	0.0
8373	8371	1	0.0
8374	8372	1	0.0
8470	8468	1	0.0
8374	8373	1	0.0
8470	8469	1	0.0
8375	8374	1	0.0
8471	8470	1	0.0
8376	8374	1	0.0
8377	8374	1	0.0
8378	8374	1	0.0
8376	8375	1	0.0
8377	8375	1	0.0
8378	8375	1	0.0
8377	8376	1	0.0
8378	8376	1	0.0
8378	8377	1	0.0
8379	8375	1	0.0
8380	8375	1	0.0
8381	8375	1	0.0
8379	8376	1	0.0
8380	8376	1	0.0
8381	8376	1	0.0
8379	8377	1	0.0
8380	8377	1	0.0
8381	8377	1	0.0
8379	8378	1	0.0
8380	8378	1	0.0
8381	8378	1	0.0
8380	8379	1	0.0
8381	8379	1	0.0
8381	8380	1	0.0
8382	8379	1	0.0
8383	8379	1	0.0
8382	8380	1	0.0
8383	8380	1	0.0
8382	8381	1	0.0
8383	8381	1	0.0
8245	8244	0	0.0
8246	8244	0	0.0
8246	8245	0	0.0
8247	8245	0	0.0
8248	8245	0	0.0
8247	8246	0	0.0
8248	8246	0	0.0
8248	8247	0	0.0
8249	8247	0	0.0
8250	8247	0	0.0
8251	8247	0	0.0
8249	8248	0	0.0
8285	8284	0	0.0
8250	8248	0	0.0
8251	8248	0	0.0
8286	8283	0	0.0
8286	8284	0	0.0
8250	8249	0	0.0
8286	8285	0	0.0
8251	8249	0	0.0
8253	8252	0	0.0
8287	8286	0	0.0
8254	8253	0	0.0
8288	8286	0	0.0
8255	8253	0	0.0
8288	8287	0	0.0
8256	8253	0	0.0
8290	8289	0	0.0
8255	8254	0	0.0
8291	8289	0	0.0
8256	8254	0	0.0
8292	8289	0	0.0
8256	8255	0	0.0
8291	8290	0	0.0
8257	8254	0	0.0
8336	8335	0	0.0
8292	8290	0	0.0
8257	8255	0	0.0
8292	8291	0	0.0
8257	8256	0	0.0
8337	8335	0	0.0
8293	8289	0	0.0
8259	8258	0	0.0
8338	8335	0	0.0
8294	8289	0	0.0
8260	8258	0	0.0
8337	8336	0	0.0
8293	8290	0	0.0
8260	8259	0	0.0
8338	8336	0	0.0
8294	8290	0	0.0
8261	8260	0	0.0
8338	8337	0	0.0
8293	8291	0	0.0
8262	8260	0	0.0
8294	8291	0	0.0
8262	8261	0	0.0
8339	8336	0	0.0
8293	8292	0	0.0
8264	8263	0	0.0
8294	8292	0	0.0
8339	8337	0	0.0
8265	8264	0	0.0
8294	8293	0	0.0
8383	8382	0	0.0
8339	8338	0	0.0
8266	8265	0	0.0
8295	8293	0	0.0
8341	8340	0	0.0
8268	8267	0	0.0
8295	8294	0	0.0
8384	8382	0	0.0
8296	8295	0	0.0
8270	8269	0	0.0
8342	8340	0	0.0
8297	8295	0	0.0
8271	8269	0	0.0
8385	8382	0	0.0
8342	8341	0	0.0
8298	8295	0	0.0
8272	8269	0	0.0
8386	8383	0	0.0
8271	8270	0	0.0
8297	8296	0	0.0
8344	8343	0	0.0
8384	8383	0	0.0
8345	8344	0	0.0
8272	8270	0	0.0
8298	8296	0	0.0
8385	8383	0	0.0
8346	8344	0	0.0
8272	8271	0	0.0
8298	8297	0	0.0
8439	8438	0	0.0
8384	8386	0	0.0
8299	8296	0	0.0
8273	8269	0	0.0
8347	8344	0	0.0
8385	8386	0	0.0
8274	8269	0	0.0
8300	8296	0	0.0
8440	8438	0	0.0
8346	8345	0	0.0
8299	8297	0	0.0
8385	8384	0	0.0
8440	8439	0	0.0
8273	8270	0	0.0
8347	8345	0	0.0
8300	8297	0	0.0
8387	8384	0	0.0
8274	8270	0	0.0
8472	8471	0	0.0
8299	8298	0	0.0
8347	8346	0	0.0
8441	8439	0	0.0
8273	8271	0	0.0
8300	8298	0	0.0
8387	8385	0	0.0
8441	8440	0	0.0
8348	8345	0	0.0
8300	8299	0	0.0
8473	8472	0	0.0
8301	8299	0	0.0
8389	8388	0	0.0
8348	8346	0	0.0
8274	8271	0	0.0
8442	8441	0	0.0
8302	8299	0	0.0
8474	8472	0	0.0
8391	8390	0	0.0
8273	8272	0	0.0
8348	8347	0	0.0
8301	8300	0	0.0
8443	8442	0	0.0
8391	8392	0	0.0
8350	8349	0	0.0
8274	8272	0	0.0
8474	8473	0	0.0
8302	8300	0	0.0
8524	8523	0	0.0
8444	8442	0	0.0
8393	8391	0	0.0
8274	8273	0	0.0
8302	8301	0	0.0
8475	8473	0	0.0
8444	8443	0	0.0
8351	8349	0	0.0
8275	8273	0	0.0
8303	8301	0	0.0
8394	8392	0	0.0
8525	8523	0	0.0
8445	8443	0	0.0
8475	8474	0	0.0
8351	8350	0	0.0
8276	8273	0	0.0
8303	8302	0	0.0
8394	8391	0	0.0
8277	8273	0	0.0
8304	8303	0	0.0
8353	8352	0	0.0
8278	8273	0	0.0
8445	8444	0	0.0
8476	8474	0	0.0
8526	8523	0	0.0
8394	8393	0	0.0
8305	8304	0	0.0
8446	8445	0	0.0
8275	8274	0	0.0
8354	8352	0	0.0
8575	8573	0	0.0
8476	8475	0	0.0
8306	8305	0	0.0
8447	8445	0	0.0
8276	8274	0	0.0
8395	8394	0	0.0
8525	8524	0	0.0
8307	8306	0	0.0
8354	8353	0	0.0
8621	8619	0	0.0
8277	8274	0	0.0
8477	8475	0	0.0
8448	8445	0	0.0
8526	8524	0	0.0
8356	8355	0	0.0
8308	8307	0	0.0
8396	8395	0	0.0
8278	8274	0	0.0
8576	8573	0	0.0
8622	8619	0	0.0
8477	8476	0	0.0
8447	8446	0	0.0
8526	8525	0	0.0
8398	8397	0	0.0
8309	8307	0	0.0
8276	8275	0	0.0
8357	8355	0	0.0
8575	8574	0	0.0
8479	8478	0	0.0
8621	8620	0	0.0
8448	8446	0	0.0
8527	8524	0	0.0
8309	8308	0	0.0
8277	8275	0	0.0
8399	8397	0	0.0
8358	8355	0	0.0
8576	8574	0	0.0
8480	8478	0	0.0
8622	8620	0	0.0
8448	8447	0	0.0
8278	8275	0	0.0
8527	8525	0	0.0
8357	8356	0	0.0
8310	8308	0	0.0
8576	8575	0	0.0
8527	8526	0	0.0
8622	8621	0	0.0
8399	8398	0	0.0
8449	8446	0	0.0
8277	8276	0	0.0
8312	8311	0	0.0
8481	8478	0	0.0
8528	8527	0	0.0
8358	8356	0	0.0
8577	8574	0	0.0
8278	8276	0	0.0
8314	8313	0	0.0
8450	8446	0	0.0
8623	8621	0	0.0
8400	8398	0	0.0
8480	8479	0	0.0
8529	8527	0	0.0
8278	8277	0	0.0
8358	8357	0	0.0
8577	8575	0	0.0
8316	8315	0	0.0
8481	8479	0	0.0
8451	8446	0	0.0
8624	8621	0	0.0
8401	8398	0	0.0
8279	8275	0	0.0
8530	8527	0	0.0
8360	8359	0	0.0
8577	8576	0	0.0
8318	8317	0	0.0
8452	8446	0	0.0
8625	8621	0	0.0
8280	8275	0	0.0
8481	8480	0	0.0
8402	8398	0	0.0
8529	8528	0	0.0
8361	8359	0	0.0
8623	8622	0	0.0
8281	8275	0	0.0
8319	8317	0	0.0
8578	8577	0	0.0
8400	8399	0	0.0
8449	8447	0	0.0
8482	8479	0	0.0
8530	8528	0	0.0
8361	8360	0	0.0
8282	8275	0	0.0
8580	8579	0	0.0
8624	8622	0	0.0
8320	8317	0	0.0
8450	8447	0	0.0
8482	8480	0	0.0
8362	8360	0	0.0
8279	8276	0	0.0
8401	8399	0	0.0
8530	8529	0	0.0
8625	8622	0	0.0
8451	8447	0	0.0
8319	8318	0	0.0
8482	8481	0	0.0
8362	8361	0	0.0
8581	8579	0	0.0
8280	8276	0	0.0
8531	8528	0	0.0
8402	8399	0	0.0
8624	8623	0	0.0
8452	8447	0	0.0
8320	8318	0	0.0
8483	8482	0	0.0
8364	8363	0	0.0
8281	8276	0	0.0
8532	8528	0	0.0
8582	8579	0	0.0
8401	8400	0	0.0
8449	8448	0	0.0
8625	8623	0	0.0
8484	8483	0	0.0
8365	8363	0	0.0
8320	8319	0	0.0
8282	8276	0	0.0
8533	8529	0	0.0
8583	8579	0	0.0
8450	8448	0	0.0
8402	8400	0	0.0
8485	8484	0	0.0
8625	8624	0	0.0
8321	8317	0	0.0
8280	8277	0	0.0
8531	8529	0	0.0
8366	8363	0	0.0
8581	8580	0	0.0
8486	8484	0	0.0
8451	8448	0	0.0
8402	8401	0	0.0
8626	8623	0	0.0
8281	8277	0	0.0
8532	8529	0	0.0
8367	8363	0	0.0
8582	8580	0	0.0
8322	8317	0	0.0
8452	8448	0	0.0
8486	8485	0	0.0
8282	8277	0	0.0
8403	8400	0	0.0
8533	8530	0	0.0
8626	8624	0	0.0
8583	8580	0	0.0
8365	8364	0	0.0
8321	8318	0	0.0
8450	8449	0	0.0
8279	8278	0	0.0
8487	8485	0	0.0
8626	8625	0	0.0
8403	8401	0	0.0
8531	8530	0	0.0
8322	8318	0	0.0
8451	8449	0	0.0
8366	8364	0	0.0
8582	8581	0	0.0
8280	8278	0	0.0
8488	8485	0	0.0
8532	8530	0	0.0
8403	8402	0	0.0
8452	8449	0	0.0
8321	8319	0	0.0
8487	8486	0	0.0
8281	8278	0	0.0
8367	8364	0	0.0
8583	8581	0	0.0
8404	8403	0	0.0
8531	8533	0	0.0
8322	8319	0	0.0
8282	8278	0	0.0
8451	8450	0	0.0
8488	8486	0	0.0
8366	8365	0	0.0
8583	8582	0	0.0
8406	8405	0	0.0
8452	8450	0	0.0
8280	8279	0	0.0
8488	8487	0	0.0
8367	8365	0	0.0
8532	8533	0	0.0
8584	8581	0	0.0
8321	8320	0	0.0
8407	8405	0	0.0
8281	8279	0	0.0
8452	8451	0	0.0
8367	8366	0	0.0
8489	8487	0	0.0
8584	8582	0	0.0
8322	8320	0	0.0
8408	8407	0	0.0
8532	8531	0	0.0
8282	8279	0	0.0
8453	8449	0	0.0
8368	8364	0	0.0
8489	8488	0	0.0
8322	8321	0	0.0
8584	8583	0	0.0
8409	8408	0	0.0
8281	8280	0	0.0
8534	8533	0	0.0
8369	8364	0	0.0
8490	8489	0	0.0
8454	8449	0	0.0
8410	8408	0	0.0
8324	8323	0	0.0
8535	8533	0	0.0
8282	8280	0	0.0
8585	8584	0	0.0
8368	8365	0	0.0
8455	8449	0	0.0
8491	8489	0	0.0
8410	8409	0	0.0
8282	8281	0	0.0
8536	8533	0	0.0
8325	8323	0	0.0
8453	8450	0	0.0
8369	8365	0	0.0
8586	8585	0	0.0
8491	8490	0	0.0
8283	8279	0	0.0
8411	8409	0	0.0
8534	8531	0	0.0
8454	8450	0	0.0
8326	8323	0	0.0
8368	8366	0	0.0
8492	8490	0	0.0
8587	8585	0	0.0
8284	8279	0	0.0
8412	8409	0	0.0
8535	8531	0	0.0
8455	8450	0	0.0
8327	8323	0	0.0
8369	8366	0	0.0
8492	8491	0	0.0
8285	8279	0	0.0
8587	8586	0	0.0
8536	8531	0	0.0
8413	8409	0	0.0
8453	8451	0	0.0
8368	8367	0	0.0
8325	8324	0	0.0
8494	8493	0	0.0
8283	8280	0	0.0
8589	8588	0	0.0
8534	8532	0	0.0
8411	8410	0	0.0
8454	8451	0	0.0
8369	8367	0	0.0
8326	8324	0	0.0
8284	8280	0	0.0
8535	8532	0	0.0
8590	8588	0	0.0
8412	8410	0	0.0
8495	8493	0	0.0
8285	8280	0	0.0
8455	8451	0	0.0
8327	8324	0	0.0
8369	8368	0	0.0
8590	8589	0	0.0
8536	8532	0	0.0
8283	8281	0	0.0
8453	8452	0	0.0
8326	8325	0	0.0
8370	8368	0	0.0
8495	8494	0	0.0
8413	8410	0	0.0
8592	8591	0	0.0
8535	8534	0	0.0
8454	8452	0	0.0
8284	8281	0	0.0
8371	8368	0	0.0
8327	8325	0	0.0
8496	8493	0	0.0
8412	8411	0	0.0
8593	8591	0	0.0
8536	8534	0	0.0
8455	8452	0	0.0
8285	8281	0	0.0
8370	8369	0	0.0
8536	8535	0	0.0
8283	8282	0	0.0
8496	8494	0	0.0
8594	8591	0	0.0
8413	8411	0	0.0
8371	8369	0	0.0
8454	8453	0	0.0
8327	8326	0	0.0
8537	8534	0	0.0
8284	8282	0	0.0
8496	8495	0	0.0
8593	8592	0	0.0
8413	8412	0	0.0
8285	8282	0	0.0
8455	8453	0	0.0
8371	8370	0	0.0
8537	8535	0	0.0
8328	8323	0	0.0
8594	8592	0	0.0
8284	8283	0	0.0
8497	8496	0	0.0
8455	8454	0	0.0
8329	8323	0	0.0
8414	8411	0	0.0
8372	8370	0	0.0
8537	8536	0	0.0
8594	8593	0	0.0
8285	8283	0	0.0
8456	8453	0	0.0
8328	8324	0	0.0
8414	8413	0	0.0
8539	8538	0	0.0
8498	8496	0	0.0
8373	8370	0	0.0
8595	8593	0	0.0
8457	8453	0	0.0
8329	8324	0	0.0
8499	8496	0	0.0
8415	8414	0	0.0
8540	8539	0	0.0
8596	8593	0	0.0
8372	8371	0	0.0
8328	8325	0	0.0
8456	8454	0	0.0
8500	8496	0	0.0
8541	8539	0	0.0
8416	8414	0	0.0
8373	8371	0	0.0
8597	8593	0	0.0
8457	8454	0	0.0
8329	8325	0	0.0
8498	8497	0	0.0
8541	8540	0	0.0
8595	8594	0	0.0
8417	8414	0	0.0
8456	8455	0	0.0
8374	8372	0	0.0
8328	8326	0	0.0
8542	8540	0	0.0
8499	8497	0	0.0
8596	8594	0	0.0
8374	8373	0	0.0
8457	8455	0	0.0
8329	8326	0	0.0
8500	8497	0	0.0
8543	8540	0	0.0
8416	8415	0	0.0
8597	8594	0	0.0
8375	8374	0	0.0
8457	8456	0	0.0
8328	8327	0	0.0
8542	8541	0	0.0
8376	8374	0	0.0
8499	8498	0	0.0
8417	8415	0	0.0
8458	8456	0	0.0
8329	8327	0	0.0
8596	8595	0	0.0
8543	8542	0	0.0
8377	8374	0	0.0
8500	8498	0	0.0
8417	8416	0	0.0
8459	8456	0	0.0
8329	8328	0	0.0
8597	8595	0	0.0
8544	8542	0	0.0
8378	8374	0	0.0
8500	8499	0	0.0
8460	8456	0	0.0
8419	8418	0	0.0
8597	8596	0	0.0
8330	8328	0	0.0
8545	8542	0	0.0
8376	8375	0	0.0
8501	8497	0	0.0
8598	8595	0	0.0
8331	8328	0	0.0
8458	8457	0	0.0
8544	8543	0	0.0
8420	8418	0	0.0
8377	8375	0	0.0
8501	8498	0	0.0
8330	8329	0	0.0
8598	8596	0	0.0
8459	8457	0	0.0
8545	8543	0	0.0
8501	8499	0	0.0
8378	8375	0	0.0
8421	8418	0	0.0
8331	8329	0	0.0
8598	8597	0	0.0
8545	8544	0	0.0
8460	8457	0	0.0
8501	8500	0	0.0
8377	8376	0	0.0
8420	8419	0	0.0
8331	8330	0	0.0
8599	8598	0	0.0
8459	8458	0	0.0
8546	8544	0	0.0
8502	8501	0	0.0
8378	8376	0	0.0
8600	8598	0	0.0
8333	8332	0	0.0
8421	8419	0	0.0
8460	8458	0	0.0
8503	8501	0	0.0
8546	8545	0	0.0
8378	8377	0	0.0
8421	8420	0	0.0
8460	8459	0	0.0
8600	8599	0	0.0
8334	8332	0	0.0
8504	8501	0	0.0
8548	8547	0	0.0
8379	8375	0	0.0
8422	8419	0	0.0
8462	8461	0	0.0
8334	8333	0	0.0
8503	8502	0	0.0
8549	8547	0	0.0
8380	8375	0	0.0
8423	8419	0	0.0
8463	8461	0	0.0
8335	8334	0	0.0
8504	8502	0	0.0
8601	8600	0	0.0
8550	8547	0	0.0
8422	8420	0	0.0
8464	8461	0	0.0
8381	8375	0	0.0
8504	8503	0	0.0
8549	8548	0	0.0
8602	8601	0	0.0
8423	8420	0	0.0
8465	8461	0	0.0
8506	8505	0	0.0
8379	8376	0	0.0
8550	8548	0	0.0
8603	8601	0	0.0
8466	8461	0	0.0
8422	8421	0	0.0
8380	8376	0	0.0
8604	8601	0	0.0
8550	8549	0	0.0
8507	8506	0	0.0
8463	8462	0	0.0
8381	8376	0	0.0
8423	8421	0	0.0
8603	8602	0	0.0
8551	8549	0	0.0
8508	8506	0	0.0
8464	8462	0	0.0
8604	8602	0	0.0
8379	8377	0	0.0
8551	8550	0	0.0
8465	8462	0	0.0
8508	8507	0	0.0
8423	8422	0	0.0
8604	8603	0	0.0
8380	8377	0	0.0
8553	8552	0	0.0
8466	8462	0	0.0
8509	8507	0	0.0
8425	8424	0	0.0
8381	8377	0	0.0
8605	8602	0	0.0
8464	8463	0	0.0
8554	8552	0	0.0
8509	8508	0	0.0
8426	8424	0	0.0
8605	8603	0	0.0
8554	8553	0	0.0
8379	8378	0	0.0
8465	8463	0	0.0
8426	8425	0	0.0
8510	8509	0	0.0
8605	8604	0	0.0
8555	8553	0	0.0
8380	8378	0	0.0
8466	8463	0	0.0
8427	8425	0	0.0
8511	8510	0	0.0
8606	8605	0	0.0
8465	8464	0	0.0
8555	8554	0	0.0
8512	8510	0	0.0
8381	8378	0	0.0
8427	8426	0	0.0
8466	8464	0	0.0
8607	8606	0	0.0
8556	8555	0	0.0
8513	8510	0	0.0
8380	8379	0	0.0
8428	8427	0	0.0
8466	8465	0	0.0
8381	8379	0	0.0
8608	8606	0	0.0
8557	8555	0	0.0
8467	8463	0	0.0
8429	8427	0	0.0
8512	8511	0	0.0
8381	8380	0	0.0
8556	8558	0	0.0
8608	8607	0	0.0
8468	8463	0	0.0
8429	8428	0	0.0
8382	8379	0	0.0
8557	8558	0	0.0
8513	8511	0	0.0
8609	8607	0	0.0
8469	8463	0	0.0
8383	8379	0	0.0
8430	8428	0	0.0
8557	8556	0	0.0
8513	8512	0	0.0
8610	8607	0	0.0
8467	8464	0	0.0
8382	8380	0	0.0
8559	8558	0	0.0
8514	8511	0	0.0
8430	8429	0	0.0
8611	8607	0	0.0
8383	8380	0	0.0
8468	8464	0	0.0
8559	8556	0	0.0
8515	8511	0	0.0
8431	8430	0	0.0
8609	8608	0	0.0
8382	8381	0	0.0
8469	8464	0	0.0
8559	8557	0	0.0
8514	8512	0	0.0
8610	8608	0	0.0
8432	8430	0	0.0
8467	8465	0	0.0
8561	8560	0	0.0
8383	8381	0	0.0
8515	8512	0	0.0
8432	8431	0	0.0
8611	8608	0	0.0
8468	8465	0	0.0
8562	8560	0	0.0
8514	8513	0	0.0
8433	8431	0	0.0
8515	8513	0	0.0
8469	8465	0	0.0
8562	8561	0	0.0
8610	8609	0	0.0
8434	8431	0	0.0
8515	8514	0	0.0
8611	8609	0	0.0
8435	8431	0	0.0
8467	8466	0	0.0
8563	8562	0	0.0
8516	8514	0	0.0
8611	8610	0	0.0
8517	8514	0	0.0
8564	8562	0	0.0
8468	8466	0	0.0
8433	8432	0	0.0
8612	8609	0	0.0
8516	8515	0	0.0
8564	8563	0	0.0
8469	8466	0	0.0
8434	8432	0	0.0
8518	8515	0	0.0
8566	8565	0	0.0
8613	8609	0	0.0
8468	8467	0	0.0
8435	8432	0	0.0
8517	8515	0	0.0
8567	8565	0	0.0
8434	8433	0	0.0
8614	8609	0	0.0
8469	8467	0	0.0
8568	8566	0	0.0
8518	8516	0	0.0
8435	8433	0	0.0
8612	8610	0	0.0
8517	8516	0	0.0
8469	8468	0	0.0
8435	8434	0	0.0
8567	8566	0	0.0
8613	8610	0	0.0
8517	8518	0	0.0
8470	8467	0	0.0
8436	8433	0	0.0
8567	8568	0	0.0
8614	8610	0	0.0
8519	8516	0	0.0
8470	8468	0	0.0
8436	8434	0	0.0
8569	8568	0	0.0
8612	8611	0	0.0
8519	8518	0	0.0
8470	8469	0	0.0
8569	8567	0	0.0
8436	8435	0	0.0
8613	8611	0	0.0
8519	8517	0	0.0
8471	8470	0	0.0
8438	8437	0	0.0
8571	8570	0	0.0
8520	8519	0	0.0
8439	8437	0	0.0
8614	8611	0	0.0
8572	8570	0	0.0
8522	8521	0	0.0
8440	8437	0	0.0
8573	8570	0	0.0
8613	8612	0	0.0
8523	8521	0	0.0
8572	8571	0	0.0
8573	8571	0	0.0
8523	8522	0	0.0
8614	8612	0	0.0
8524	8522	0	0.0
8573	8572	0	0.0
8614	8613	0	0.0
8525	8522	0	0.0
8574	8572	0	0.0
8526	8522	0	0.0
8615	8612	0	0.0
8575	8572	0	0.0
8616	8612	0	0.0
8576	8572	0	0.0
8617	8612	0	0.0
8574	8573	0	0.0
8615	8613	0	0.0
8616	8613	0	0.0
8617	8613	0	0.0
8615	8614	0	0.0
8616	8614	0	0.0
8617	8614	0	0.0
8616	8615	0	0.0
8617	8615	0	0.0
8617	8616	0	0.0
8619	8618	0	0.0
8620	8618	0	0.0
8620	8619	0	0.0
8245	8244	2	0.0
8246	8244	2	0.0
8246	8245	2	0.0
8247	8245	2	0.0
8248	8245	2	0.0
8247	8246	2	0.0
8248	8246	2	0.0
8248	8247	2	0.0
8249	8247	2	0.0
8250	8247	2	0.0
8251	8247	2	0.0
8249	8248	2	0.0
8285	8284	2	0.0
8250	8248	2	0.0
8251	8248	2	0.0
8250	8249	2	0.0
8286	8283	2	0.0
8251	8249	2	0.0
8286	8284	2	0.0
8253	8252	2	0.0
8286	8285	2	0.0
8254	8253	2	0.0
8287	8286	2	0.0
8255	8253	2	0.0
8288	8286	2	0.0
8256	8253	2	0.0
8336	8335	2	0.0
8288	8287	2	0.0
8255	8254	2	0.0
8337	8335	2	0.0
8290	8289	2	0.0
8256	8254	2	0.0
8338	8335	2	0.0
8291	8289	2	0.0
8256	8255	2	0.0
8337	8336	2	0.0
8292	8289	2	0.0
8257	8254	2	0.0
8338	8336	2	0.0
8291	8290	2	0.0
8257	8255	2	0.0
8338	8337	2	0.0
8292	8290	2	0.0
8257	8256	2	0.0
8339	8336	2	0.0
8292	8291	2	0.0
8259	8258	2	0.0
8383	8382	2	0.0
8339	8337	2	0.0
8260	8258	2	0.0
8293	8289	2	0.0
8339	8338	2	0.0
8384	8382	2	0.0
8294	8289	2	0.0
8260	8259	2	0.0
8385	8382	2	0.0
8261	8260	2	0.0
8293	8290	2	0.0
8341	8340	2	0.0
8262	8260	2	0.0
8386	8383	2	0.0
8294	8290	2	0.0
8342	8340	2	0.0
8262	8261	2	0.0
8293	8291	2	0.0
8384	8383	2	0.0
8342	8341	2	0.0
8294	8291	2	0.0
8264	8263	2	0.0
8385	8383	2	0.0
8344	8343	2	0.0
8293	8292	2	0.0
8265	8264	2	0.0
8384	8386	2	0.0
8345	8344	2	0.0
8439	8438	2	0.0
8294	8292	2	0.0
8385	8386	2	0.0
8266	8265	2	0.0
8346	8344	2	0.0
8294	8293	2	0.0
8385	8384	2	0.0
8268	8267	2	0.0
8347	8344	2	0.0
8295	8293	2	0.0
8440	8438	2	0.0
8387	8384	2	0.0
8346	8345	2	0.0
8295	8294	2	0.0
8270	8269	2	0.0
8440	8439	2	0.0
8472	8471	2	0.0
8347	8345	2	0.0
8387	8385	2	0.0
8271	8269	2	0.0
8296	8295	2	0.0
8441	8439	2	0.0
8297	8295	2	0.0
8389	8388	2	0.0
8473	8472	2	0.0
8272	8269	2	0.0
8347	8346	2	0.0
8298	8295	2	0.0
8391	8390	2	0.0
8441	8440	2	0.0
8348	8345	2	0.0
8271	8270	2	0.0
8474	8472	2	0.0
8297	8296	2	0.0
8391	8392	2	0.0
8442	8441	2	0.0
8474	8473	2	0.0
8298	8296	2	0.0
8348	8346	2	0.0
8272	8270	2	0.0
8393	8391	2	0.0
8524	8523	2	0.0
8443	8442	2	0.0
8475	8473	2	0.0
8298	8297	2	0.0
8348	8347	2	0.0
8272	8271	2	0.0
8394	8392	2	0.0
8444	8442	2	0.0
8475	8474	2	0.0
8299	8296	2	0.0
8525	8523	2	0.0
8350	8349	2	0.0
8273	8269	2	0.0
8394	8391	2	0.0
8476	8474	2	0.0
8444	8443	2	0.0
8351	8349	2	0.0
8526	8523	2	0.0
8300	8296	2	0.0
8274	8269	2	0.0
8394	8393	2	0.0
8476	8475	2	0.0
8445	8443	2	0.0
8299	8297	2	0.0
8525	8524	2	0.0
8351	8350	2	0.0
8273	8270	2	0.0
8395	8394	2	0.0
8445	8444	2	0.0
8477	8475	2	0.0
8353	8352	2	0.0
8526	8524	2	0.0
8300	8297	2	0.0
8274	8270	2	0.0
8396	8395	2	0.0
8477	8476	2	0.0
8526	8525	2	0.0
8354	8352	2	0.0
8446	8445	2	0.0
8299	8298	2	0.0
8398	8397	2	0.0
8273	8271	2	0.0
8575	8573	2	0.0
8479	8478	2	0.0
8527	8524	2	0.0
8447	8445	2	0.0
8399	8397	2	0.0
8300	8298	2	0.0
8274	8271	2	0.0
8354	8353	2	0.0
8480	8478	2	0.0
8527	8525	2	0.0
8448	8445	2	0.0
8399	8398	2	0.0
8300	8299	2	0.0
8576	8573	2	0.0
8481	8478	2	0.0
8356	8355	2	0.0
8273	8272	2	0.0
8400	8398	2	0.0
8527	8526	2	0.0
8575	8574	2	0.0
8480	8479	2	0.0
8301	8299	2	0.0
8357	8355	2	0.0
8447	8446	2	0.0
8274	8272	2	0.0
8481	8479	2	0.0
8528	8527	2	0.0
8401	8398	2	0.0
8576	8574	2	0.0
8274	8273	2	0.0
8358	8355	2	0.0
8302	8299	2	0.0
8448	8446	2	0.0
8481	8480	2	0.0
8529	8527	2	0.0
8576	8575	2	0.0
8402	8398	2	0.0
8275	8273	2	0.0
8448	8447	2	0.0
8301	8300	2	0.0
8357	8356	2	0.0
8482	8479	2	0.0
8530	8527	2	0.0
8400	8399	2	0.0
8577	8574	2	0.0
8449	8446	2	0.0
8621	8619	2	0.0
8276	8273	2	0.0
8302	8300	2	0.0
8358	8356	2	0.0
8482	8480	2	0.0
8529	8528	2	0.0
8401	8399	2	0.0
8577	8575	2	0.0
8450	8446	2	0.0
8302	8301	2	0.0
8277	8273	2	0.0
8358	8357	2	0.0
8482	8481	2	0.0
8402	8399	2	0.0
8530	8528	2	0.0
8577	8576	2	0.0
8303	8301	2	0.0
8360	8359	2	0.0
8451	8446	2	0.0
8483	8482	2	0.0
8530	8529	2	0.0
8401	8400	2	0.0
8622	8619	2	0.0
8578	8577	2	0.0
8303	8302	2	0.0
8278	8273	2	0.0
8452	8446	2	0.0
8361	8359	2	0.0
8484	8483	2	0.0
8402	8400	2	0.0
8531	8528	2	0.0
8304	8303	2	0.0
8449	8447	2	0.0
8361	8360	2	0.0
8275	8274	2	0.0
8580	8579	2	0.0
8402	8401	2	0.0
8485	8484	2	0.0
8621	8620	2	0.0
8305	8304	2	0.0
8532	8528	2	0.0
8362	8360	2	0.0
8276	8274	2	0.0
8450	8447	2	0.0
8306	8305	2	0.0
8486	8484	2	0.0
8533	8529	2	0.0
8581	8579	2	0.0
8362	8361	2	0.0
8403	8400	2	0.0
8451	8447	2	0.0
8277	8274	2	0.0
8622	8620	2	0.0
8307	8306	2	0.0
8486	8485	2	0.0
8531	8529	2	0.0
8582	8579	2	0.0
8403	8401	2	0.0
8364	8363	2	0.0
8452	8447	2	0.0
8278	8274	2	0.0
8532	8529	2	0.0
8583	8579	2	0.0
8487	8485	2	0.0
8308	8307	2	0.0
8403	8402	2	0.0
8622	8621	2	0.0
8365	8363	2	0.0
8449	8448	2	0.0
8533	8530	2	0.0
8276	8275	2	0.0
8581	8580	2	0.0
8404	8403	2	0.0
8309	8307	2	0.0
8488	8485	2	0.0
8366	8363	2	0.0
8450	8448	2	0.0
8531	8530	2	0.0
8623	8621	2	0.0
8406	8405	2	0.0
8277	8275	2	0.0
8582	8580	2	0.0
8309	8308	2	0.0
8487	8486	2	0.0
8367	8363	2	0.0
8451	8448	2	0.0
8278	8275	2	0.0
8532	8530	2	0.0
8407	8405	2	0.0
8310	8308	2	0.0
8583	8580	2	0.0
8624	8621	2	0.0
8312	8311	2	0.0
8452	8448	2	0.0
8531	8533	2	0.0
8277	8276	2	0.0
8408	8407	2	0.0
8582	8581	2	0.0
8365	8364	2	0.0
8488	8486	2	0.0
8625	8621	2	0.0
8409	8408	2	0.0
8450	8449	2	0.0
8314	8313	2	0.0
8532	8533	2	0.0
8278	8276	2	0.0
8583	8581	2	0.0
8366	8364	2	0.0
8488	8487	2	0.0
8623	8622	2	0.0
8410	8408	2	0.0
8316	8315	2	0.0
8532	8531	2	0.0
8451	8449	2	0.0
8583	8582	2	0.0
8278	8277	2	0.0
8367	8364	2	0.0
8489	8487	2	0.0
8410	8409	2	0.0
8534	8533	2	0.0
8318	8317	2	0.0
8624	8622	2	0.0
8452	8449	2	0.0
8279	8275	2	0.0
8584	8581	2	0.0
8411	8409	2	0.0
8366	8365	2	0.0
8489	8488	2	0.0
8535	8533	2	0.0
8319	8317	2	0.0
8451	8450	2	0.0
8625	8622	2	0.0
8584	8582	2	0.0
8280	8275	2	0.0
8412	8409	2	0.0
8490	8489	2	0.0
8367	8365	2	0.0
8320	8317	2	0.0
8536	8533	2	0.0
8452	8450	2	0.0
8584	8583	2	0.0
8413	8409	2	0.0
8281	8275	2	0.0
8534	8531	2	0.0
8319	8318	2	0.0
8367	8366	2	0.0
8491	8489	2	0.0
8452	8451	2	0.0
8585	8584	2	0.0
8624	8623	2	0.0
8411	8410	2	0.0
8282	8275	2	0.0
8535	8531	2	0.0
8320	8318	2	0.0
8368	8364	2	0.0
8491	8490	2	0.0
8453	8449	2	0.0
8586	8585	2	0.0
8412	8410	2	0.0
8625	8623	2	0.0
8369	8364	2	0.0
8279	8276	2	0.0
8492	8490	2	0.0
8536	8531	2	0.0
8320	8319	2	0.0
8587	8585	2	0.0
8454	8449	2	0.0
8413	8410	2	0.0
8368	8365	2	0.0
8625	8624	2	0.0
8369	8365	2	0.0
8492	8491	2	0.0
8280	8276	2	0.0
8321	8317	2	0.0
8412	8411	2	0.0
8626	8623	2	0.0
8368	8366	2	0.0
8455	8449	2	0.0
8534	8532	2	0.0
8494	8493	2	0.0
8322	8317	2	0.0
8281	8276	2	0.0
8413	8411	2	0.0
8587	8586	2	0.0
8369	8366	2	0.0
8453	8450	2	0.0
8495	8493	2	0.0
8321	8318	2	0.0
8535	8532	2	0.0
8626	8624	2	0.0
8413	8412	2	0.0
8589	8588	2	0.0
8282	8276	2	0.0
8454	8450	2	0.0
8495	8494	2	0.0
8368	8367	2	0.0
8414	8411	2	0.0
8322	8318	2	0.0
8536	8532	2	0.0
8590	8588	2	0.0
8280	8277	2	0.0
8626	8625	2	0.0
8455	8450	2	0.0
8496	8493	2	0.0
8414	8413	2	0.0
8369	8367	2	0.0
8321	8319	2	0.0
8281	8277	2	0.0
8535	8534	2	0.0
8590	8589	2	0.0
8415	8414	2	0.0
8369	8368	2	0.0
8536	8534	2	0.0
8322	8319	2	0.0
8282	8277	2	0.0
8496	8494	2	0.0
8453	8451	2	0.0
8592	8591	2	0.0
8416	8414	2	0.0
8370	8368	2	0.0
8536	8535	2	0.0
8496	8495	2	0.0
8454	8451	2	0.0
8279	8278	2	0.0
8321	8320	2	0.0
8593	8591	2	0.0
8371	8368	2	0.0
8417	8414	2	0.0
8537	8534	2	0.0
8497	8496	2	0.0
8594	8591	2	0.0
8322	8320	2	0.0
8370	8369	2	0.0
8280	8278	2	0.0
8537	8535	2	0.0
8498	8496	2	0.0
8416	8415	2	0.0
8455	8451	2	0.0
8593	8592	2	0.0
8537	8536	2	0.0
8281	8278	2	0.0
8371	8369	2	0.0
8322	8321	2	0.0
8453	8452	2	0.0
8499	8496	2	0.0
8417	8415	2	0.0
8539	8538	2	0.0
8371	8370	2	0.0
8594	8592	2	0.0
8282	8278	2	0.0
8324	8323	2	0.0
8417	8416	2	0.0
8500	8496	2	0.0
8454	8452	2	0.0
8540	8539	2	0.0
8280	8279	2	0.0
8372	8370	2	0.0
8594	8593	2	0.0
8498	8497	2	0.0
8419	8418	2	0.0
8325	8323	2	0.0
8541	8539	2	0.0
8455	8452	2	0.0
8281	8279	2	0.0
8373	8370	2	0.0
8595	8593	2	0.0
8499	8497	2	0.0
8541	8540	2	0.0
8420	8418	2	0.0
8454	8453	2	0.0
8282	8279	2	0.0
8326	8323	2	0.0
8372	8371	2	0.0
8596	8593	2	0.0
8500	8497	2	0.0
8455	8453	2	0.0
8499	8498	2	0.0
8597	8593	2	0.0
8542	8540	2	0.0
8281	8280	2	0.0
8327	8323	2	0.0
8373	8371	2	0.0
8421	8418	2	0.0
8455	8454	2	0.0
8500	8498	2	0.0
8595	8594	2	0.0
8543	8540	2	0.0
8325	8324	2	0.0
8282	8280	2	0.0
8374	8372	2	0.0
8420	8419	2	0.0
8456	8453	2	0.0
8596	8594	2	0.0
8500	8499	2	0.0
8542	8541	2	0.0
8326	8324	2	0.0
8282	8281	2	0.0
8374	8373	2	0.0
8421	8419	2	0.0
8457	8453	2	0.0
8597	8594	2	0.0
8283	8279	2	0.0
8501	8497	2	0.0
8327	8324	2	0.0
8543	8542	2	0.0
8375	8374	2	0.0
8421	8420	2	0.0
8456	8454	2	0.0
8284	8279	2	0.0
8501	8498	2	0.0
8596	8595	2	0.0
8326	8325	2	0.0
8422	8419	2	0.0
8544	8542	2	0.0
8376	8374	2	0.0
8457	8454	2	0.0
8285	8279	2	0.0
8501	8499	2	0.0
8327	8325	2	0.0
8597	8595	2	0.0
8456	8455	2	0.0
8545	8542	2	0.0
8423	8419	2	0.0
8377	8374	2	0.0
8283	8280	2	0.0
8327	8326	2	0.0
8501	8500	2	0.0
8597	8596	2	0.0
8457	8455	2	0.0
8544	8543	2	0.0
8284	8280	2	0.0
8378	8374	2	0.0
8422	8420	2	0.0
8502	8501	2	0.0
8545	8543	2	0.0
8598	8595	2	0.0
8457	8456	2	0.0
8285	8280	2	0.0
8328	8323	2	0.0
8376	8375	2	0.0
8423	8420	2	0.0
8503	8501	2	0.0
8545	8544	2	0.0
8329	8323	2	0.0
8458	8456	2	0.0
8283	8281	2	0.0
8377	8375	2	0.0
8504	8501	2	0.0
8422	8421	2	0.0
8598	8596	2	0.0
8328	8324	2	0.0
8546	8544	2	0.0
8459	8456	2	0.0
8378	8375	2	0.0
8329	8324	2	0.0
8503	8502	2	0.0
8423	8421	2	0.0
8284	8281	2	0.0
8460	8456	2	0.0
8546	8545	2	0.0
8598	8597	2	0.0
8377	8376	2	0.0
8458	8457	2	0.0
8423	8422	2	0.0
8504	8502	2	0.0
8328	8325	2	0.0
8599	8598	2	0.0
8548	8547	2	0.0
8285	8281	2	0.0
8378	8376	2	0.0
8504	8503	2	0.0
8329	8325	2	0.0
8600	8598	2	0.0
8425	8424	2	0.0
8283	8282	2	0.0
8459	8457	2	0.0
8549	8547	2	0.0
8378	8377	2	0.0
8506	8505	2	0.0
8426	8424	2	0.0
8600	8599	2	0.0
8328	8326	2	0.0
8460	8457	2	0.0
8284	8282	2	0.0
8379	8375	2	0.0
8507	8506	2	0.0
8550	8547	2	0.0
8329	8326	2	0.0
8426	8425	2	0.0
8601	8600	2	0.0
8459	8458	2	0.0
8285	8282	2	0.0
8380	8375	2	0.0
8508	8506	2	0.0
8549	8548	2	0.0
8427	8425	2	0.0
8602	8601	2	0.0
8460	8458	2	0.0
8328	8327	2	0.0
8284	8283	2	0.0
8381	8375	2	0.0
8427	8426	2	0.0
8550	8548	2	0.0
8603	8601	2	0.0
8508	8507	2	0.0
8329	8327	2	0.0
8285	8283	2	0.0
8460	8459	2	0.0
8428	8427	2	0.0
8379	8376	2	0.0
8604	8601	2	0.0
8550	8549	2	0.0
8462	8461	2	0.0
8509	8507	2	0.0
8329	8328	2	0.0
8380	8376	2	0.0
8429	8427	2	0.0
8551	8549	2	0.0
8603	8602	2	0.0
8509	8508	2	0.0
8463	8461	2	0.0
8330	8328	2	0.0
8381	8376	2	0.0
8429	8428	2	0.0
8551	8550	2	0.0
8604	8602	2	0.0
8510	8509	2	0.0
8464	8461	2	0.0
8331	8328	2	0.0
8379	8377	2	0.0
8430	8428	2	0.0
8604	8603	2	0.0
8553	8552	2	0.0
8465	8461	2	0.0
8511	8510	2	0.0
8330	8329	2	0.0
8380	8377	2	0.0
8430	8429	2	0.0
8466	8461	2	0.0
8605	8602	2	0.0
8381	8377	2	0.0
8554	8552	2	0.0
8512	8510	2	0.0
8331	8329	2	0.0
8431	8430	2	0.0
8463	8462	2	0.0
8605	8603	2	0.0
8331	8330	2	0.0
8432	8430	2	0.0
8554	8553	2	0.0
8513	8510	2	0.0
8379	8378	2	0.0
8464	8462	2	0.0
8605	8604	2	0.0
8333	8332	2	0.0
8555	8553	2	0.0
8432	8431	2	0.0
8512	8511	2	0.0
8380	8378	2	0.0
8465	8462	2	0.0
8606	8605	2	0.0
8433	8431	2	0.0
8334	8332	2	0.0
8513	8511	2	0.0
8381	8378	2	0.0
8555	8554	2	0.0
8466	8462	2	0.0
8607	8606	2	0.0
8513	8512	2	0.0
8434	8431	2	0.0
8334	8333	2	0.0
8380	8379	2	0.0
8464	8463	2	0.0
8556	8555	2	0.0
8608	8606	2	0.0
8335	8334	2	0.0
8435	8431	2	0.0
8514	8511	2	0.0
8557	8555	2	0.0
8381	8379	2	0.0
8465	8463	2	0.0
8608	8607	2	0.0
8433	8432	2	0.0
8515	8511	2	0.0
8556	8558	2	0.0
8381	8380	2	0.0
8466	8463	2	0.0
8609	8607	2	0.0
8434	8432	2	0.0
8557	8558	2	0.0
8514	8512	2	0.0
8465	8464	2	0.0
8610	8607	2	0.0
8382	8379	2	0.0
8435	8432	2	0.0
8557	8556	2	0.0
8515	8512	2	0.0
8466	8464	2	0.0
8383	8379	2	0.0
8434	8433	2	0.0
8559	8558	2	0.0
8611	8607	2	0.0
8514	8513	2	0.0
8466	8465	2	0.0
8382	8380	2	0.0
8435	8433	2	0.0
8559	8556	2	0.0
8609	8608	2	0.0
8515	8513	2	0.0
8467	8463	2	0.0
8435	8434	2	0.0
8559	8557	2	0.0
8383	8380	2	0.0
8610	8608	2	0.0
8515	8514	2	0.0
8436	8433	2	0.0
8382	8381	2	0.0
8561	8560	2	0.0
8611	8608	2	0.0
8468	8463	2	0.0
8516	8514	2	0.0
8436	8434	2	0.0
8562	8560	2	0.0
8383	8381	2	0.0
8469	8463	2	0.0
8610	8609	2	0.0
8517	8514	2	0.0
8562	8561	2	0.0
8436	8435	2	0.0
8467	8464	2	0.0
8611	8609	2	0.0
8516	8515	2	0.0
8438	8437	2	0.0
8468	8464	2	0.0
8611	8610	2	0.0
8563	8562	2	0.0
8518	8515	2	0.0
8439	8437	2	0.0
8469	8464	2	0.0
8612	8609	2	0.0
8564	8562	2	0.0
8440	8437	2	0.0
8517	8515	2	0.0
8467	8465	2	0.0
8564	8563	2	0.0
8613	8609	2	0.0
8518	8516	2	0.0
8566	8565	2	0.0
8614	8609	2	0.0
8468	8465	2	0.0
8517	8516	2	0.0
8612	8610	2	0.0
8469	8465	2	0.0
8567	8565	2	0.0
8517	8518	2	0.0
8613	8610	2	0.0
8568	8566	2	0.0
8467	8466	2	0.0
8519	8516	2	0.0
8614	8610	2	0.0
8468	8466	2	0.0
8567	8566	2	0.0
8469	8466	2	0.0
8519	8518	2	0.0
8612	8611	2	0.0
8567	8568	2	0.0
8468	8467	2	0.0
8519	8517	2	0.0
8569	8568	2	0.0
8613	8611	2	0.0
8469	8467	2	0.0
8520	8519	2	0.0
8569	8567	2	0.0
8614	8611	2	0.0
8469	8468	2	0.0
8522	8521	2	0.0
8571	8570	2	0.0
8613	8612	2	0.0
8470	8467	2	0.0
8523	8521	2	0.0
8572	8570	2	0.0
8470	8468	2	0.0
8614	8612	2	0.0
8523	8522	2	0.0
8573	8570	2	0.0
8470	8469	2	0.0
8614	8613	2	0.0
8524	8522	2	0.0
8572	8571	2	0.0
8525	8522	2	0.0
8573	8571	2	0.0
8615	8612	2	0.0
8471	8470	2	0.0
8526	8522	2	0.0
8573	8572	2	0.0
8616	8612	2	0.0
8574	8572	2	0.0
8617	8612	2	0.0
8575	8572	2	0.0
8615	8613	2	0.0
8616	8613	2	0.0
8576	8572	2	0.0
8574	8573	2	0.0
8617	8613	2	0.0
8615	8614	2	0.0
8616	8614	2	0.0
8617	8614	2	0.0
8616	8615	2	0.0
8617	8615	2	0.0
8617	8616	2	0.0
8619	8618	2	0.0
8620	8618	2	0.0
8620	8619	2	0.0
8244	8249	0	0.0
8244	8250	0	0.0
8244	8251	0	0.0
8263	8266	0	0.0
8272	8279	0	0.0
8272	8280	0	0.0
8272	8281	0	0.0
8272	8282	0	0.0
8274	8283	0	0.0
8275	8286	0	0.0
8274	8284	0	0.0
8274	8285	0	0.0
8269	8279	0	0.0
8273	8283	0	0.0
8278	8286	0	0.0
8269	8280	0	0.0
8273	8284	0	0.0
8281	8287	0	0.0
8269	8281	0	0.0
8273	8285	0	0.0
8269	8282	0	0.0
8281	8288	0	0.0
8252	8257	0	0.0
8270	8279	0	0.0
8276	8286	0	0.0
8270	8280	0	0.0
8270	8281	0	0.0
8270	8282	0	0.0
8279	8287	0	0.0
8279	8288	0	0.0
8282	8287	0	0.0
8289	8296	0	0.0
8282	8288	0	0.0
8271	8279	0	0.0
8289	8297	0	0.0
8296	8303	0	0.0
8271	8280	0	0.0
8363	8370	0	0.0
8289	8298	0	0.0
8271	8281	0	0.0
8271	8282	0	0.0
8363	8371	0	0.0
8368	8374	0	0.0
8374	8382	0	0.0
8297	8303	0	0.0
8374	8383	0	0.0
8290	8296	0	0.0
8290	8297	0	0.0
8290	8298	0	0.0
8298	8303	0	0.0
8277	8286	0	0.0
8280	8287	0	0.0
8376	8384	0	0.0
8280	8288	0	0.0
8376	8385	0	0.0
8376	8386	0	0.0
8369	8374	0	0.0
8291	8296	0	0.0
8377	8384	0	0.0
8397	8403	0	0.0
8291	8297	0	0.0
8332	8336	0	0.0
8377	8385	0	0.0
8299	8304	0	0.0
8291	8298	0	0.0
8332	8337	0	0.0
8377	8386	0	0.0
8410	8417	0	0.0
8381	8387	0	0.0
8332	8338	0	0.0
8333	8336	0	0.0
8333	8337	0	0.0
8398	8404	0	0.0
8333	8338	0	0.0
8410	8415	0	0.0
8370	8375	0	0.0
8364	8372	0	0.0
8410	8416	0	0.0
8292	8296	0	0.0
8370	8376	0	0.0
8364	8373	0	0.0
8292	8297	0	0.0
8370	8377	0	0.0
8334	8339	0	0.0
8292	8298	0	0.0
8370	8378	0	0.0
8300	8304	0	0.0
8446	8457	0	0.0
8441	8445	0	0.0
8399	8404	0	0.0
8412	8415	0	0.0
8412	8416	0	0.0
8427	8431	0	0.0
8412	8417	0	0.0
8446	8456	0	0.0
8451	8458	0	0.0
8365	8372	0	0.0
8427	8432	0	0.0
8365	8373	0	0.0
8378	8384	0	0.0
8442	8446	0	0.0
8451	8459	0	0.0
8378	8385	0	0.0
8442	8447	0	0.0
8375	8384	0	0.0
8301	8305	0	0.0
8378	8386	0	0.0
8451	8460	0	0.0
8375	8385	0	0.0
8371	8375	0	0.0
8293	8299	0	0.0
8442	8448	0	0.0
8375	8386	0	0.0
8371	8376	0	0.0
8293	8300	0	0.0
8343	8348	0	0.0
8371	8377	0	0.0
8371	8378	0	0.0
8302	8305	0	0.0
8366	8372	0	0.0
8366	8373	0	0.0
8428	8433	0	0.0
8303	8306	0	0.0
8449	8458	0	0.0
8496	8503	0	0.0
8428	8434	0	0.0
8449	8459	0	0.0
8485	8490	0	0.0
8496	8504	0	0.0
8468	8472	0	0.0
8294	8299	0	0.0
8449	8460	0	0.0
8428	8435	0	0.0
8304	8307	0	0.0
8294	8300	0	0.0
8485	8491	0	0.0
8452	8458	0	0.0
8505	8509	0	0.0
8452	8459	0	0.0
8305	8308	0	0.0
8447	8456	0	0.0
8367	8372	0	0.0
8496	8502	0	0.0
8305	8309	0	0.0
8367	8373	0	0.0
8447	8457	0	0.0
8452	8460	0	0.0
8429	8433	0	0.0
8513	8519	0	0.0
8523	8528	0	0.0
8295	8301	0	0.0
8429	8434	0	0.0
8372	8379	0	0.0
8523	8529	0	0.0
8506	8510	0	0.0
8295	8302	0	0.0
8306	8310	0	0.0
8429	8435	0	0.0
8405	8409	0	0.0
8469	8472	0	0.0
8486	8490	0	0.0
8372	8380	0	0.0
8443	8449	0	0.0
8523	8530	0	0.0
8405	8410	0	0.0
8372	8381	0	0.0
8486	8491	0	0.0
8443	8450	0	0.0
8463	8471	0	0.0
8443	8451	0	0.0
8407	8411	0	0.0
8470	8473	0	0.0
8443	8452	0	0.0
8373	8379	0	0.0
8407	8412	0	0.0
8430	8436	0	0.0
8507	8511	0	0.0
8470	8474	0	0.0
8570	8577	0	0.0
8373	8380	0	0.0
8407	8413	0	0.0
8373	8381	0	0.0
8507	8512	0	0.0
8581	8586	0	0.0
8514	8520	0	0.0
8379	8387	0	0.0
8528	8537	0	0.0
8507	8513	0	0.0
8390	8395	0	0.0
8581	8587	0	0.0
8471	8475	0	0.0
8444	8449	0	0.0
8571	8577	0	0.0
8424	8428	0	0.0
8471	8476	0	0.0
8461	8470	0	0.0
8487	8492	0	0.0
8408	8414	0	0.0
8595	8601	0	0.0
8508	8511	0	0.0
8424	8429	0	0.0
8444	8450	0	0.0
8508	8512	0	0.0
8618	8623	0	0.0
8582	8586	0	0.0
8508	8513	0	0.0
8618	8624	0	0.0
8249	8249	0	0.0
8444	8451	0	0.0
8582	8587	0	0.0
8448	8456	0	0.0
8472	8477	0	0.0
8450	8458	0	0.0
8596	8601	0	0.0
8618	8625	0	0.0
8392	8396	0	0.0
8488	8492	0	0.0
8271	8271	0	0.0
8444	8452	0	0.0
8448	8457	0	0.0
8262	8262	0	0.0
8450	8459	0	0.0
8245	8245	0	0.0
8450	8460	0	0.0
8529	8537	0	0.0
8263	8263	0	0.0
8583	8586	0	0.0
8391	8396	0	0.0
8509	8514	0	0.0
8464	8471	0	0.0
8583	8587	0	0.0
8607	8615	0	0.0
8425	8430	0	0.0
8279	8271	0	0.0
8509	8515	0	0.0
8597	8601	0	0.0
8270	8283	0	0.0
8284	8271	0	0.0
8393	8396	0	0.0
8409	8415	0	0.0
8284	8284	0	0.0
8287	8277	0	0.0
8524	8531	0	0.0
8270	8284	0	0.0
8607	8616	0	0.0
8409	8416	0	0.0
8284	8272	0	0.0
8292	8299	0	0.0
8279	8272	0	0.0
8274	8286	0	0.0
8619	8626	0	0.0
8462	8470	0	0.0
8524	8532	0	0.0
8275	8275	0	0.0
8380	8387	0	0.0
8270	8285	0	0.0
8300	8300	0	0.0
8272	8283	0	0.0
8426	8430	0	0.0
8287	8278	0	0.0
8409	8417	0	0.0
8572	8578	0	0.0
8265	8265	0	0.0
8607	8617	0	0.0
8292	8300	0	0.0
8296	8296	0	0.0
8524	8533	0	0.0
8510	8516	0	0.0
8445	8453	0	0.0
8515	8520	0	0.0
8272	8284	0	0.0
8264	8264	0	0.0
8365	8365	0	0.0
8250	8250	0	0.0
8510	8517	0	0.0
8304	8304	0	0.0
8279	8279	0	0.0
8445	8454	0	0.0
8275	8287	0	0.0
8373	8373	0	0.0
8272	8285	0	0.0
8510	8518	0	0.0
8373	8383	0	0.0
8271	8283	0	0.0
8275	8288	0	0.0
8296	8304	0	0.0
8445	8455	0	0.0
8287	8287	0	0.0
8337	8337	0	0.0
8372	8382	0	0.0
8285	8269	0	0.0
8525	8531	0	0.0
8266	8266	0	0.0
8271	8284	0	0.0
8552	8556	0	0.0
8301	8293	0	0.0
8302	8302	0	0.0
8378	8368	0	0.0
8598	8602	0	0.0
8295	8295	0	0.0
8369	8369	0	0.0
8270	8270	0	0.0
8285	8270	0	0.0
8525	8532	0	0.0
8372	8383	0	0.0
8620	8626	0	0.0
8598	8603	0	0.0
8530	8537	0	0.0
8386	8386	0	0.0
8301	8294	0	0.0
8591	8598	0	0.0
8334	8334	0	0.0
8274	8274	0	0.0
8271	8285	0	0.0
8269	8269	0	0.0
8493	8501	0	0.0
8395	8395	0	0.0
8552	8557	0	0.0
8378	8369	0	0.0
8407	8407	0	0.0
8376	8387	0	0.0
8376	8368	0	0.0
8525	8533	0	0.0
8598	8604	0	0.0
8285	8271	0	0.0
8331	8331	0	0.0
8293	8293	0	0.0
8365	8374	0	0.0
8302	8306	0	0.0
8384	8384	0	0.0
8376	8369	0	0.0
8428	8436	0	0.0
8494	8501	0	0.0
8285	8272	0	0.0
8382	8372	0	0.0
8438	8444	0	0.0
8393	8393	0	0.0
8369	8375	0	0.0
8599	8602	0	0.0
8304	8296	0	0.0
8592	8598	0	0.0
8414	8408	0	0.0
8301	8301	0	0.0
8478	8483	0	0.0
8277	8277	0	0.0
8278	8278	0	0.0
8288	8275	0	0.0
8432	8425	0	0.0
8382	8373	0	0.0
8495	8501	0	0.0
8382	8382	0	0.0
8452	8442	0	0.0
8599	8603	0	0.0
8526	8531	0	0.0
8369	8376	0	0.0
8304	8297	0	0.0
8251	8251	0	0.0
8395	8390	0	0.0
8288	8276	0	0.0
8599	8604	0	0.0
8386	8375	0	0.0
8526	8532	0	0.0
8441	8441	0	0.0
8376	8376	0	0.0
8432	8426	0	0.0
8465	8471	0	0.0
8325	8325	0	0.0
8414	8414	0	0.0
8379	8379	0	0.0
8278	8287	0	0.0
8444	8444	0	0.0
8369	8377	0	0.0
8386	8376	0	0.0
8304	8298	0	0.0
8439	8439	0	0.0
8526	8533	0	0.0
8278	8288	0	0.0
8372	8372	0	0.0
8370	8370	0	0.0
8288	8277	0	0.0
8386	8377	0	0.0
8458	8446	0	0.0
8276	8276	0	0.0
8407	8414	0	0.0
8439	8443	0	0.0
8277	8287	0	0.0
8369	8378	0	0.0
8413	8413	0	0.0
8293	8301	0	0.0
8302	8293	0	0.0
8386	8378	0	0.0
8338	8338	0	0.0
8246	8246	0	0.0
8439	8444	0	0.0
8593	8599	0	0.0
8394	8394	0	0.0
8288	8278	0	0.0
8600	8605	0	0.0
8302	8294	0	0.0
8458	8447	0	0.0
8410	8406	0	0.0
8416	8408	0	0.0
8378	8378	0	0.0
8553	8558	0	0.0
8459	8459	0	0.0
8439	8445	0	0.0
8277	8288	0	0.0
8593	8600	0	0.0
8285	8285	0	0.0
8372	8363	0	0.0
8454	8454	0	0.0
8396	8390	0	0.0
8293	8302	0	0.0
8479	8484	0	0.0
8280	8280	0	0.0
8474	8474	0	0.0
8335	8335	0	0.0
8457	8445	0	0.0
8385	8374	0	0.0
8573	8578	0	0.0
8458	8448	0	0.0
8374	8374	0	0.0
8269	8283	0	0.0
8553	8559	0	0.0
8283	8269	0	0.0
8527	8534	0	0.0
8442	8442	0	0.0
8601	8606	0	0.0
8432	8432	0	0.0
8303	8303	0	0.0
8447	8447	0	0.0
8511	8519	0	0.0
8272	8272	0	0.0
8480	8484	0	0.0
8339	8332	0	0.0
8472	8472	0	0.0
8396	8396	0	0.0
8486	8486	0	0.0
8416	8416	0	0.0
8527	8535	0	0.0
8387	8375	0	0.0
8455	8455	0	0.0
8330	8330	0	0.0
8470	8470	0	0.0
8397	8397	0	0.0
8283	8270	0	0.0
8269	8284	0	0.0
8527	8536	0	0.0
8377	8368	0	0.0
8440	8440	0	0.0
8428	8428	0	0.0
8339	8333	0	0.0
8484	8484	0	0.0
8387	8376	0	0.0
8460	8446	0	0.0
8276	8287	0	0.0
8481	8484	0	0.0
8440	8443	0	0.0
8608	8615	0	0.0
8377	8369	0	0.0
8387	8377	0	0.0
8410	8410	0	0.0
8447	8458	0	0.0
8444	8453	0	0.0
8288	8288	0	0.0
8297	8297	0	0.0
8276	8288	0	0.0
8269	8285	0	0.0
8460	8447	0	0.0
8303	8307	0	0.0
8283	8271	0	0.0
8440	8444	0	0.0
8554	8558	0	0.0
8417	8408	0	0.0
8387	8378	0	0.0
8484	8489	0	0.0
8397	8404	0	0.0
8447	8459	0	0.0
8475	8470	0	0.0
8460	8448	0	0.0
8608	8616	0	0.0
8440	8445	0	0.0
8408	8408	0	0.0
8447	8460	0	0.0
8444	8454	0	0.0
8464	8464	0	0.0
8305	8299	0	0.0
8512	8519	0	0.0
8297	8304	0	0.0
8458	8458	0	0.0
8283	8272	0	0.0
8554	8559	0	0.0
8437	8442	0	0.0
8484	8490	0	0.0
8452	8452	0	0.0
8374	8384	0	0.0
8455	8443	0	0.0
8608	8617	0	0.0
8377	8377	0	0.0
8444	8455	0	0.0
8385	8385	0	0.0
8482	8485	0	0.0
8455	8444	0	0.0
8387	8387	0	0.0
8305	8300	0	0.0
8453	8453	0	0.0
8400	8400	0	0.0
8484	8491	0	0.0
8446	8446	0	0.0
8374	8385	0	0.0
8482	8486	0	0.0
8602	8607	0	0.0
8417	8417	0	0.0
8408	8415	0	0.0
8457	8457	0	0.0
8464	8472	0	0.0
8448	8441	0	0.0
8287	8275	0	0.0
8493	8502	0	0.0
8538	8542	0	0.0
8495	8495	0	0.0
8493	8503	0	0.0
8287	8276	0	0.0
8339	8339	0	0.0
8538	8543	0	0.0
8408	8416	0	0.0
8438	8442	0	0.0
8459	8446	0	0.0
8383	8372	0	0.0
8343	8343	0	0.0
8408	8417	0	0.0
8459	8447	0	0.0
8383	8373	0	0.0
8374	8386	0	0.0
8488	8482	0	0.0
8411	8405	0	0.0
8602	8608	0	0.0
8448	8448	0	0.0
8371	8371	0	0.0
8510	8510	0	0.0
8441	8446	0	0.0
8244	8244	0	0.0
8383	8383	0	0.0
8495	8502	0	0.0
8305	8305	0	0.0
8459	8448	0	0.0
8512	8520	0	0.0
8283	8283	0	0.0
8283	8283	0	0.0
8510	8519	0	0.0
8603	8607	0	0.0
8460	8460	0	0.0
8379	8370	0	0.0
8495	8503	0	0.0
8431	8425	0	0.0
8281	8281	0	0.0
8475	8475	0	0.0
8594	8599	0	0.0
8500	8500	0	0.0
8441	8447	0	0.0
8518	8509	0	0.0
8483	8487	0	0.0
8493	8504	0	0.0
8286	8273	0	0.0
8488	8488	0	0.0
8504	8504	0	0.0
8514	8507	0	0.0
8603	8608	0	0.0
8495	8504	0	0.0
8466	8471	0	0.0
8415	8408	0	0.0
8539	8544	0	0.0
8461	8461	0	0.0
8594	8600	0	0.0
8441	8448	0	0.0
8286	8274	0	0.0
8483	8488	0	0.0
8379	8371	0	0.0
8514	8508	0	0.0
8431	8426	0	0.0
8503	8493	0	0.0
8411	8411	0	0.0
8366	8366	0	0.0
8373	8363	0	0.0
8286	8277	0	0.0
8443	8437	0	0.0
8345	8345	0	0.0
8503	8494	0	0.0
8498	8498	0	0.0
8248	8248	0	0.0
8539	8545	0	0.0
8304	8308	0	0.0
8326	8326	0	0.0
8497	8497	0	0.0
8521	8527	0	0.0
8558	8553	0	0.0
8443	8438	0	0.0
8415	8415	0	0.0
8604	8607	0	0.0
8503	8495	0	0.0
8446	8458	0	0.0
8465	8465	0	0.0
8518	8518	0	0.0
8401	8401	0	0.0
8604	8608	0	0.0
8304	8309	0	0.0
8386	8374	0	0.0
8558	8554	0	0.0
8461	8471	0	0.0
8443	8443	0	0.0
8514	8514	0	0.0
8431	8431	0	0.0
8446	8459	0	0.0
8418	8418	0	0.0
8493	8493	0	0.0
8502	8493	0	0.0
8503	8503	0	0.0
8306	8301	0	0.0
8520	8514	0	0.0
8284	8269	0	0.0
8298	8298	0	0.0
8502	8494	0	0.0
8476	8470	0	0.0
8513	8513	0	0.0
8446	8460	0	0.0
8465	8472	0	0.0
8286	8286	0	0.0
8284	8270	0	0.0
8306	8302	0	0.0
8502	8495	0	0.0
8366	8374	0	0.0
8298	8304	0	0.0
8453	8443	0	0.0
8448	8458	0	0.0
8412	8405	0	0.0
8605	8609	0	0.0
8429	8429	0	0.0
8526	8536	0	0.0
8450	8450	0	0.0
8520	8520	0	0.0
8513	8520	0	0.0
8448	8459	0	0.0
8247	8247	0	0.0
8487	8482	0	0.0
8422	8422	0	0.0
8467	8467	0	0.0
8605	8610	0	0.0
8453	8444	0	0.0
8515	8507	0	0.0
8530	8521	0	0.0
8521	8521	0	0.0
8504	8493	0	0.0
8524	8534	0	0.0
8502	8502	0	0.0
8444	8437	0	0.0
8448	8460	0	0.0
8516	8509	0	0.0
8528	8528	0	0.0
8515	8508	0	0.0
8605	8611	0	0.0
8504	8494	0	0.0
8524	8535	0	0.0
8306	8306	0	0.0
8444	8438	0	0.0
8387	8379	0	0.0
8273	8273	0	0.0
8504	8495	0	0.0
8282	8282	0	0.0
8402	8402	0	0.0
8524	8536	0	0.0
8346	8346	0	0.0
8387	8380	0	0.0
8564	8564	0	0.0
8521	8528	0	0.0
8380	8380	0	0.0
8476	8476	0	0.0
8398	8398	0	0.0
8536	8536	0	0.0
8522	8528	0	0.0
8536	8524	0	0.0
8516	8516	0	0.0
8577	8577	0	0.0
8387	8381	0	0.0
8530	8530	0	0.0
8487	8487	0	0.0
8521	8529	0	0.0
8412	8412	0	0.0
8531	8531	0	0.0
8536	8525	0	0.0
8446	8441	0	0.0
8429	8436	0	0.0
8456	8445	0	0.0
8373	8382	0	0.0
8544	8544	0	0.0
8606	8612	0	0.0
8591	8591	0	0.0
8561	8561	0	0.0
8527	8527	0	0.0
8521	8530	0	0.0
8515	8515	0	0.0
8536	8526	0	0.0
8499	8499	0	0.0
8370	8379	0	0.0
8606	8613	0	0.0
8573	8573	0	0.0
8522	8529	0	0.0
8473	8473	0	0.0
8485	8485	0	0.0
8600	8600	0	0.0
8511	8511	0	0.0
8252	8252	0	0.0
8505	8505	0	0.0
8606	8614	0	0.0
8423	8423	0	0.0
8537	8527	0	0.0
8375	8368	0	0.0
8614	8614	0	0.0
8563	8563	0	0.0
8370	8380	0	0.0
8541	8541	0	0.0
8522	8530	0	0.0
8384	8374	0	0.0
8540	8546	0	0.0
8591	8599	0	0.0
8424	8424	0	0.0
8476	8471	0	0.0
8604	8604	0	0.0
8609	8609	0	0.0
8541	8546	0	0.0
8375	8369	0	0.0
8305	8310	0	0.0
8524	8524	0	0.0
8596	8596	0	0.0
8370	8381	0	0.0
8591	8600	0	0.0
8390	8390	0	0.0
8466	8466	0	0.0
8525	8525	0	0.0
8442	8449	0	0.0
8505	8510	0	0.0
8601	8601	0	0.0
8545	8538	0	0.0
8456	8456	0	0.0
8403	8403	0	0.0
8307	8303	0	0.0
8527	8537	0	0.0
8511	8520	0	0.0
8442	8450	0	0.0
8377	8387	0	0.0
8374	8364	0	0.0
8611	8611	0	0.0
8375	8375	0	0.0
8531	8522	0	0.0
8468	8468	0	0.0
8517	8509	0	0.0
8537	8537	0	0.0
8424	8430	0	0.0
8601	8607	0	0.0
8507	8507	0	0.0
8442	8451	0	0.0
8615	8606	0	0.0
8273	8286	0	0.0
8347	8347	0	0.0
8374	8365	0	0.0
8399	8399	0	0.0
8574	8574	0	0.0
8485	8492	0	0.0
8531	8523	0	0.0
8610	8610	0	0.0
8466	8472	0	0.0
8617	8606	0	0.0
8442	8452	0	0.0
8307	8307	0	0.0
8601	8608	0	0.0
8599	8591	0	0.0
8532	8532	0	0.0
8565	8565	0	0.0
8380	8370	0	0.0
8344	8344	0	0.0
8392	8392	0	0.0
8256	8256	0	0.0
8413	8405	0	0.0
8445	8439	0	0.0
8299	8299	0	0.0
8374	8366	0	0.0
8489	8483	0	0.0
8605	8598	0	0.0
8427	8427	0	0.0
8545	8545	0	0.0
8529	8529	0	0.0
8599	8592	0	0.0
8606	8606	0	0.0
8578	8570	0	0.0
8525	8534	0	0.0
8445	8440	0	0.0
8374	8367	0	0.0
8425	8425	0	0.0
8605	8599	0	0.0
8380	8371	0	0.0
8542	8542	0	0.0
8578	8571	0	0.0
8517	8517	0	0.0
8299	8305	0	0.0
8568	8568	0	0.0
8525	8535	0	0.0
8546	8539	0	0.0
8615	8615	0	0.0
8303	8295	0	0.0
8525	8536	0	0.0
8599	8599	0	0.0
8534	8524	0	0.0
8467	8472	0	0.0
8477	8471	0	0.0
8308	8304	0	0.0
8528	8521	0	0.0
8445	8445	0	0.0
8425	8431	0	0.0
8534	8525	0	0.0
8294	8294	0	0.0
8489	8489	0	0.0
8454	8443	0	0.0
8508	8508	0	0.0
8578	8578	0	0.0
8534	8526	0	0.0
8425	8432	0	0.0
8605	8605	0	0.0
8327	8327	0	0.0
8454	8444	0	0.0
8506	8506	0	0.0
8308	8308	0	0.0
8546	8546	0	0.0
8348	8348	0	0.0
8533	8533	0	0.0
8602	8602	0	0.0
8606	8615	0	0.0
8616	8606	0	0.0
8575	8575	0	0.0
8404	8397	0	0.0
8569	8569	0	0.0
8254	8254	0	0.0
8469	8469	0	0.0
8617	8617	0	0.0
8409	8409	0	0.0
8506	8511	0	0.0
8579	8585	0	0.0
8359	8359	0	0.0
8494	8494	0	0.0
8543	8543	0	0.0
8606	8616	0	0.0
8477	8477	0	0.0
8537	8528	0	0.0
8618	8618	0	0.0
8506	8512	0	0.0
8566	8566	0	0.0
8462	8462	0	0.0
8534	8534	0	0.0
8596	8602	0	0.0
8506	8513	0	0.0
8300	8305	0	0.0
8606	8617	0	0.0
8404	8404	0	0.0
8390	8396	0	0.0
8467	8473	0	0.0
8294	8301	0	0.0
8596	8603	0	0.0
8443	8453	0	0.0
8546	8541	0	0.0
8532	8522	0	0.0
8602	8609	0	0.0
8494	8502	0	0.0
8309	8304	0	0.0
8443	8454	0	0.0
8611	8602	0	0.0
8362	8362	0	0.0
8597	8597	0	0.0
8596	8604	0	0.0
8462	8471	0	0.0
8532	8523	0	0.0
8602	8610	0	0.0
8447	8441	0	0.0
8494	8503	0	0.0
8443	8455	0	0.0
8467	8474	0	0.0
8486	8492	0	0.0
8294	8302	0	0.0
8611	8603	0	0.0
8570	8570	0	0.0
8600	8591	0	0.0
8363	8363	0	0.0
8602	8611	0	0.0
8616	8616	0	0.0
8494	8504	0	0.0
8509	8509	0	0.0
8414	8407	0	0.0
8367	8367	0	0.0
8471	8461	0	0.0
8606	8600	0	0.0
8289	8289	0	0.0
8592	8592	0	0.0
8611	8604	0	0.0
8451	8451	0	0.0
8538	8538	0	0.0
8600	8592	0	0.0
8580	8585	0	0.0
8570	8578	0	0.0
8618	8626	0	0.0
8371	8379	0	0.0
8471	8462	0	0.0
8535	8524	0	0.0
8309	8309	0	0.0
8547	8547	0	0.0
8255	8255	0	0.0
8576	8576	0	0.0
8496	8496	0	0.0
8391	8391	0	0.0
8535	8525	0	0.0
8371	8380	0	0.0
8301	8306	0	0.0
8426	8426	0	0.0
8535	8526	0	0.0
8529	8521	0	0.0
8592	8599	0	0.0
8430	8430	0	0.0
8478	8478	0	0.0
8538	8544	0	0.0
8253	8253	0	0.0
8371	8381	0	0.0
8367	8374	0	0.0
8538	8545	0	0.0
8279	8269	0	0.0
8310	8305	0	0.0
8592	8600	0	0.0
8363	8372	0	0.0
8526	8526	0	0.0
8471	8471	0	0.0
8621	8621	0	0.0
8507	8514	0	0.0
8279	8270	0	0.0
8603	8603	0	0.0
8551	8551	0	0.0
8426	8431	0	0.0
8540	8540	0	0.0
8522	8522	0	0.0
8363	8373	0	0.0
8478	8484	0	0.0
8579	8579	0	0.0
8507	8515	0	0.0
8426	8432	0	0.0
8433	8427	0	0.0
8289	8299	0	0.0
8518	8510	0	0.0
8510	8505	0	0.0
8595	8595	0	0.0
8310	8310	0	0.0
8548	8548	0	0.0
8381	8370	0	0.0
8535	8535	0	0.0
8607	8607	0	0.0
8603	8609	0	0.0
8289	8300	0	0.0
8579	8586	0	0.0
8512	8512	0	0.0
8257	8257	0	0.0
8405	8405	0	0.0
8490	8484	0	0.0
8603	8610	0	0.0
8579	8587	0	0.0
8381	8371	0	0.0
8258	8258	0	0.0
8603	8611	0	0.0
8482	8482	0	0.0
8522	8531	0	0.0
8433	8433	0	0.0
8468	8473	0	0.0
8310	8306	0	0.0
8332	8332	0	0.0
8445	8456	0	0.0
8501	8501	0	0.0
8479	8479	0	0.0
8552	8552	0	0.0
8405	8411	0	0.0
8522	8532	0	0.0
8533	8522	0	0.0
8368	8368	0	0.0
8405	8412	0	0.0
8490	8490	0	0.0
8522	8533	0	0.0
8468	8474	0	0.0
8445	8457	0	0.0
8533	8523	0	0.0
8405	8413	0	0.0
8261	8261	0	0.0
8584	8584	0	0.0
8539	8539	0	0.0
8323	8323	0	0.0
8408	8406	0	0.0
8519	8510	0	0.0
8449	8442	0	0.0
8552	8558	0	0.0
8612	8605	0	0.0
8479	8485	0	0.0
8552	8559	0	0.0
8580	8580	0	0.0
8381	8381	0	0.0
8290	8290	0	0.0
8508	8514	0	0.0
8539	8546	0	0.0
8479	8486	0	0.0
8406	8406	0	0.0
8434	8427	0	0.0
8508	8515	0	0.0
8406	8408	0	0.0
8622	8622	0	0.0
8449	8449	0	0.0
8332	8339	0	0.0
8580	8586	0	0.0
8604	8609	0	0.0
8491	8484	0	0.0
8406	8409	0	0.0
8555	8555	0	0.0
8427	8433	0	0.0
8619	8619	0	0.0
8519	8519	0	0.0
8580	8587	0	0.0
8604	8610	0	0.0
8523	8523	0	0.0
8406	8410	0	0.0
8553	8553	0	0.0
8427	8434	0	0.0
8597	8602	0	0.0
8604	8611	0	0.0
8483	8483	0	0.0
8427	8435	0	0.0
8597	8603	0	0.0
8612	8612	0	0.0
8430	8424	0	0.0
8597	8604	0	0.0
8416	8412	0	0.0
8571	8571	0	0.0
8378	8387	0	0.0
8491	8491	0	0.0
8434	8434	0	0.0
8463	8463	0	0.0
8480	8480	0	0.0
8290	8299	0	0.0
8523	8531	0	0.0
8581	8581	0	0.0
8533	8524	0	0.0
8333	8333	0	0.0
8556	8556	0	0.0
8523	8532	0	0.0
8509	8516	0	0.0
8259	8259	0	0.0
8533	8525	0	0.0
8571	8578	0	0.0
8290	8300	0	0.0
8523	8533	0	0.0
8533	8526	0	0.0
8509	8517	0	0.0
8623	8623	0	0.0
8463	8472	0	0.0
8480	8485	0	0.0
8526	8534	0	0.0
8409	8406	0	0.0
8469	8473	0	0.0
8509	8518	0	0.0
8526	8535	0	0.0
8605	8612	0	0.0
8480	8486	0	0.0
8435	8427	0	0.0
8512	8506	0	0.0
8469	8474	0	0.0
8605	8613	0	0.0
8593	8593	0	0.0
8375	8387	0	0.0
8598	8598	0	0.0
8605	8614	0	0.0
8585	8585	0	0.0
8333	8339	0	0.0
8368	8375	0	0.0
8608	8601	0	0.0
8557	8557	0	0.0
8544	8538	0	0.0
8613	8605	0	0.0
8520	8511	0	0.0
8368	8376	0	0.0
8593	8601	0	0.0
8582	8582	0	0.0
8520	8512	0	0.0
8608	8608	0	0.0
8554	8554	0	0.0
8417	8412	0	0.0
8520	8513	0	0.0
8368	8377	0	0.0
8364	8364	0	0.0
8598	8605	0	0.0
8450	8442	0	0.0
8368	8378	0	0.0
8435	8435	0	0.0
8291	8291	0	0.0
8481	8481	0	0.0
8601	8593	0	0.0
8624	8624	0	0.0
8601	8594	0	0.0
8594	8594	0	0.0
8481	8485	0	0.0
8436	8428	0	0.0
8324	8324	0	0.0
8481	8486	0	0.0
8613	8613	0	0.0
8513	8506	0	0.0
8364	8374	0	0.0
8436	8429	0	0.0
8607	8601	0	0.0
8583	8583	0	0.0
8594	8601	0	0.0
8291	8299	0	0.0
8470	8475	0	0.0
8336	8336	0	0.0
8291	8300	0	0.0
8470	8476	0	0.0
8295	8303	0	0.0
8472	8463	0	0.0
8558	8552	0	0.0
8415	8412	0	0.0
8472	8464	0	0.0
8299	8289	0	0.0
8572	8572	0	0.0
8586	8579	0	0.0
8558	8558	0	0.0
8599	8605	0	0.0
8543	8538	0	0.0
8586	8580	0	0.0
8472	8465	0	0.0
8436	8436	0	0.0
8299	8290	0	0.0
8601	8595	0	0.0
8482	8487	0	0.0
8625	8625	0	0.0
8614	8605	0	0.0
8472	8466	0	0.0
8559	8552	0	0.0
8299	8291	0	0.0
8601	8596	0	0.0
8586	8586	0	0.0
8492	8485	0	0.0
8482	8488	0	0.0
8601	8597	0	0.0
8299	8292	0	0.0
8620	8620	0	0.0
8484	8478	0	0.0
8492	8486	0	0.0
8559	8559	0	0.0
8587	8579	0	0.0
8609	8602	0	0.0
8511	8506	0	0.0
8292	8292	0	0.0
8560	8560	0	0.0
8587	8580	0	0.0
8609	8603	0	0.0
8451	8442	0	0.0
8609	8604	0	0.0
8595	8602	0	0.0
8587	8587	0	0.0
8595	8603	0	0.0
8600	8606	0	0.0
8595	8604	0	0.0
8492	8492	0	0.0
8471	8477	0	0.0
8602	8595	0	0.0
8473	8467	0	0.0
8602	8596	0	0.0
8473	8468	0	0.0
8602	8597	0	0.0
8483	8489	0	0.0
8473	8469	0	0.0
8437	8437	0	0.0
8485	8479	0	0.0
8485	8480	0	0.0
8485	8481	0	0.0
8300	8289	0	0.0
8437	8443	0	0.0
8610	8602	0	0.0
8300	8290	0	0.0
8437	8444	0	0.0
8610	8603	0	0.0
8603	8595	0	0.0
8300	8291	0	0.0
8610	8604	0	0.0
8603	8596	0	0.0
8300	8292	0	0.0
8603	8597	0	0.0
8474	8467	0	0.0
8474	8468	0	0.0
8438	8438	0	0.0
8486	8479	0	0.0
8474	8469	0	0.0
8486	8480	0	0.0
8438	8443	0	0.0
8486	8481	0	0.0
8626	8618	0	0.0
8604	8595	0	0.0
8626	8626	0	0.0
8604	8596	0	0.0
8604	8597	0	0.0
8263	8266	2	0.0
8244	8249	2	0.0
8244	8250	2	0.0
8244	8251	2	0.0
8272	8279	2	0.0
8272	8280	2	0.0
8272	8281	2	0.0
8272	8282	2	0.0
8275	8286	2	0.0
8274	8283	2	0.0
8274	8284	2	0.0
8274	8285	2	0.0
8281	8287	2	0.0
8269	8279	2	0.0
8281	8288	2	0.0
8269	8280	2	0.0
8269	8281	2	0.0
8269	8282	2	0.0
8278	8286	2	0.0
8289	8296	2	0.0
8363	8370	2	0.0
8289	8297	2	0.0
8374	8382	2	0.0
8270	8279	2	0.0
8368	8374	2	0.0
8289	8298	2	0.0
8363	8371	2	0.0
8270	8280	2	0.0
8273	8283	2	0.0
8374	8383	2	0.0
8273	8284	2	0.0
8270	8281	2	0.0
8376	8384	2	0.0
8296	8303	2	0.0
8273	8285	2	0.0
8270	8282	2	0.0
8376	8385	2	0.0
8376	8386	2	0.0
8290	8296	2	0.0
8397	8403	2	0.0
8290	8297	2	0.0
8410	8417	2	0.0
8290	8298	2	0.0
8282	8287	2	0.0
8441	8445	2	0.0
8446	8457	2	0.0
8282	8288	2	0.0
8377	8384	2	0.0
8297	8303	2	0.0
8252	8257	2	0.0
8427	8431	2	0.0
8410	8415	2	0.0
8377	8385	2	0.0
8291	8296	2	0.0
8381	8387	2	0.0
8398	8404	2	0.0
8410	8416	2	0.0
8291	8297	2	0.0
8427	8432	2	0.0
8377	8386	2	0.0
8291	8298	2	0.0
8451	8458	2	0.0
8442	8446	2	0.0
8451	8459	2	0.0
8271	8279	2	0.0
8451	8460	2	0.0
8442	8447	2	0.0
8271	8280	2	0.0
8276	8286	2	0.0
8442	8448	2	0.0
8271	8281	2	0.0
8369	8374	2	0.0
8271	8282	2	0.0
8446	8456	2	0.0
8292	8296	2	0.0
8292	8297	2	0.0
8298	8303	2	0.0
8496	8503	2	0.0
8292	8298	2	0.0
8428	8433	2	0.0
8412	8415	2	0.0
8496	8504	2	0.0
8332	8336	2	0.0
8452	8458	2	0.0
8428	8434	2	0.0
8399	8404	2	0.0
8412	8416	2	0.0
8468	8472	2	0.0
8485	8490	2	0.0
8332	8337	2	0.0
8452	8459	2	0.0
8412	8417	2	0.0
8505	8509	2	0.0
8428	8435	2	0.0
8485	8491	2	0.0
8332	8338	2	0.0
8452	8460	2	0.0
8513	8519	2	0.0
8496	8502	2	0.0
8333	8336	2	0.0
8333	8337	2	0.0
8506	8510	2	0.0
8523	8528	2	0.0
8429	8433	2	0.0
8333	8338	2	0.0
8429	8434	2	0.0
8523	8529	2	0.0
8469	8472	2	0.0
8523	8530	2	0.0
8429	8435	2	0.0
8378	8384	2	0.0
8486	8490	2	0.0
8378	8385	2	0.0
8299	8304	2	0.0
8486	8491	2	0.0
8378	8386	2	0.0
8443	8449	2	0.0
8570	8577	2	0.0
8279	8287	2	0.0
8293	8299	2	0.0
8470	8473	2	0.0
8334	8339	2	0.0
8293	8300	2	0.0
8443	8450	2	0.0
8279	8288	2	0.0
8470	8474	2	0.0
8581	8586	2	0.0
8507	8511	2	0.0
8430	8436	2	0.0
8443	8451	2	0.0
8507	8512	2	0.0
8581	8587	2	0.0
8514	8520	2	0.0
8449	8458	2	0.0
8443	8452	2	0.0
8507	8513	2	0.0
8370	8375	2	0.0
8463	8471	2	0.0
8449	8459	2	0.0
8571	8577	2	0.0
8370	8376	2	0.0
8471	8475	2	0.0
8449	8460	2	0.0
8508	8511	2	0.0
8618	8623	2	0.0
8370	8377	2	0.0
8471	8476	2	0.0
8249	8249	2	0.0
8582	8586	2	0.0
8508	8512	2	0.0
8447	8456	2	0.0
8618	8624	2	0.0
8370	8378	2	0.0
8277	8286	2	0.0
8294	8299	2	0.0
8595	8601	2	0.0
8508	8513	2	0.0
8582	8587	2	0.0
8300	8304	2	0.0
8618	8625	2	0.0
8444	8449	2	0.0
8447	8457	2	0.0
8294	8300	2	0.0
8262	8262	2	0.0
8245	8245	2	0.0
8444	8450	2	0.0
8263	8263	2	0.0
8271	8271	2	0.0
8528	8537	2	0.0
8444	8451	2	0.0
8487	8492	2	0.0
8444	8452	2	0.0
8472	8477	2	0.0
8583	8586	2	0.0
8265	8265	2	0.0
8607	8615	2	0.0
8509	8514	2	0.0
8596	8601	2	0.0
8583	8587	2	0.0
8264	8264	2	0.0
8607	8616	2	0.0
8509	8515	2	0.0
8295	8301	2	0.0
8279	8271	2	0.0
8272	8283	2	0.0
8607	8617	2	0.0
8515	8520	2	0.0
8488	8492	2	0.0
8266	8266	2	0.0
8295	8302	2	0.0
8279	8272	2	0.0
8284	8284	2	0.0
8364	8372	2	0.0
8272	8284	2	0.0
8269	8269	2	0.0
8284	8271	2	0.0
8405	8409	2	0.0
8270	8283	2	0.0
8250	8250	2	0.0
8552	8556	2	0.0
8619	8626	2	0.0
8287	8277	2	0.0
8572	8578	2	0.0
8279	8279	2	0.0
8405	8410	2	0.0
8364	8373	2	0.0
8275	8275	2	0.0
8272	8285	2	0.0
8270	8284	2	0.0
8284	8272	2	0.0
8274	8286	2	0.0
8552	8557	2	0.0
8271	8283	2	0.0
8292	8299	2	0.0
8287	8278	2	0.0
8510	8516	2	0.0
8445	8453	2	0.0
8270	8285	2	0.0
8464	8471	2	0.0
8597	8601	2	0.0
8271	8284	2	0.0
8301	8305	2	0.0
8300	8300	2	0.0
8510	8517	2	0.0
8445	8454	2	0.0
8292	8300	2	0.0
8271	8285	2	0.0
8510	8518	2	0.0
8296	8296	2	0.0
8371	8375	2	0.0
8445	8455	2	0.0
8407	8411	2	0.0
8371	8376	2	0.0
8343	8348	2	0.0
8407	8412	2	0.0
8275	8287	2	0.0
8529	8537	2	0.0
8302	8305	2	0.0
8287	8287	2	0.0
8304	8304	2	0.0
8371	8377	2	0.0
8407	8413	2	0.0
8275	8288	2	0.0
8280	8287	2	0.0
8295	8295	2	0.0
8277	8277	2	0.0
8371	8378	2	0.0
8285	8269	2	0.0
8524	8531	2	0.0
8280	8288	2	0.0
8293	8293	2	0.0
8365	8365	2	0.0
8296	8304	2	0.0
8285	8270	2	0.0
8269	8283	2	0.0
8337	8337	2	0.0
8524	8532	2	0.0
8461	8470	2	0.0
8302	8302	2	0.0
8301	8293	2	0.0
8276	8276	2	0.0
8285	8271	2	0.0
8269	8284	2	0.0
8251	8251	2	0.0
8303	8306	2	0.0
8620	8626	2	0.0
8524	8533	2	0.0
8373	8373	2	0.0
8372	8380	2	0.0
8301	8294	2	0.0
8269	8285	2	0.0
8334	8334	2	0.0
8553	8558	2	0.0
8285	8272	2	0.0
8288	8275	2	0.0
8274	8274	2	0.0
8365	8372	2	0.0
8375	8384	2	0.0
8373	8383	2	0.0
8302	8306	2	0.0
8372	8381	2	0.0
8553	8559	2	0.0
8304	8307	2	0.0
8288	8276	2	0.0
8408	8414	2	0.0
8246	8246	2	0.0
8365	8373	2	0.0
8375	8385	2	0.0
8369	8369	2	0.0
8378	8368	2	0.0
8304	8296	2	0.0
8372	8382	2	0.0
8277	8287	2	0.0
8270	8270	2	0.0
8288	8277	2	0.0
8272	8272	2	0.0
8375	8386	2	0.0
8331	8331	2	0.0
8378	8369	2	0.0
8304	8297	2	0.0
8293	8301	2	0.0
8277	8288	2	0.0
8450	8458	2	0.0
8598	8602	2	0.0
8372	8383	2	0.0
8278	8278	2	0.0
8288	8278	2	0.0
8305	8308	2	0.0
8301	8301	2	0.0
8376	8387	2	0.0
8293	8302	2	0.0
8365	8374	2	0.0
8283	8269	2	0.0
8304	8298	2	0.0
8450	8459	2	0.0
8598	8603	2	0.0
8305	8309	2	0.0
8369	8375	2	0.0
8338	8338	2	0.0
8591	8598	2	0.0
8376	8368	2	0.0
8382	8372	2	0.0
8283	8270	2	0.0
8525	8531	2	0.0
8554	8558	2	0.0
8450	8460	2	0.0
8369	8376	2	0.0
8573	8578	2	0.0
8598	8604	2	0.0
8335	8335	2	0.0
8278	8287	2	0.0
8382	8373	2	0.0
8283	8271	2	0.0
8376	8369	2	0.0
8554	8559	2	0.0
8525	8532	2	0.0
8325	8325	2	0.0
8384	8384	2	0.0
8448	8456	2	0.0
8369	8377	2	0.0
8339	8332	2	0.0
8395	8395	2	0.0
8424	8428	2	0.0
8283	8272	2	0.0
8278	8288	2	0.0
8525	8533	2	0.0
8386	8386	2	0.0
8288	8288	2	0.0
8465	8471	2	0.0
8306	8310	2	0.0
8407	8407	2	0.0
8339	8333	2	0.0
8448	8457	2	0.0
8369	8378	2	0.0
8424	8429	2	0.0
8608	8615	2	0.0
8428	8436	2	0.0
8303	8303	2	0.0
8372	8363	2	0.0
8608	8616	2	0.0
8370	8370	2	0.0
8378	8378	2	0.0
8432	8425	2	0.0
8302	8293	2	0.0
8285	8285	2	0.0
8393	8393	2	0.0
8599	8602	2	0.0
8414	8408	2	0.0
8376	8376	2	0.0
8608	8617	2	0.0
8379	8387	2	0.0
8379	8379	2	0.0
8374	8374	2	0.0
8302	8294	2	0.0
8432	8426	2	0.0
8303	8307	2	0.0
8393	8396	2	0.0
8599	8603	2	0.0
8382	8382	2	0.0
8366	8372	2	0.0
8390	8395	2	0.0
8305	8299	2	0.0
8395	8390	2	0.0
8599	8604	2	0.0
8280	8280	2	0.0
8372	8372	2	0.0
8407	8414	2	0.0
8414	8414	2	0.0
8372	8379	2	0.0
8287	8275	2	0.0
8339	8339	2	0.0
8592	8598	2	0.0
8438	8444	2	0.0
8366	8373	2	0.0
8283	8283	2	0.0
8305	8300	2	0.0
8526	8531	2	0.0
8410	8406	2	0.0
8530	8537	2	0.0
8343	8343	2	0.0
8478	8483	2	0.0
8437	8442	2	0.0
8287	8276	2	0.0
8385	8374	2	0.0
8330	8330	2	0.0
8526	8532	2	0.0
8413	8413	2	0.0
8409	8415	2	0.0
8432	8432	2	0.0
8558	8553	2	0.0
8386	8375	2	0.0
8374	8384	2	0.0
8526	8533	2	0.0
8409	8416	2	0.0
8441	8441	2	0.0
8444	8444	2	0.0
8305	8305	2	0.0
8394	8394	2	0.0
8428	8428	2	0.0
8558	8554	2	0.0
8416	8408	2	0.0
8439	8439	2	0.0
8374	8385	2	0.0
8386	8376	2	0.0
8493	8501	2	0.0
8410	8410	2	0.0
8409	8417	2	0.0
8462	8470	2	0.0
8396	8390	2	0.0
8425	8430	2	0.0
8276	8287	2	0.0
8386	8377	2	0.0
8452	8442	2	0.0
8374	8386	2	0.0
8408	8408	2	0.0
8438	8442	2	0.0
8297	8297	2	0.0
8439	8443	2	0.0
8345	8345	2	0.0
8276	8288	2	0.0
8273	8273	2	0.0
8600	8605	2	0.0
8386	8378	2	0.0
8379	8370	2	0.0
8439	8444	2	0.0
8396	8396	2	0.0
8416	8416	2	0.0
8538	8542	2	0.0
8439	8445	2	0.0
8304	8308	2	0.0
8379	8371	2	0.0
8392	8396	2	0.0
8444	8453	2	0.0
8385	8385	2	0.0
8426	8430	2	0.0
8494	8501	2	0.0
8397	8397	2	0.0
8511	8519	2	0.0
8538	8543	2	0.0
8458	8446	2	0.0
8304	8309	2	0.0
8444	8454	2	0.0
8408	8415	2	0.0
8373	8379	2	0.0
8297	8304	2	0.0
8383	8372	2	0.0
8457	8445	2	0.0
8474	8474	2	0.0
8486	8486	2	0.0
8408	8416	2	0.0
8444	8455	2	0.0
8458	8447	2	0.0
8306	8301	2	0.0
8459	8459	2	0.0
8495	8495	2	0.0
8373	8380	2	0.0
8383	8373	2	0.0
8431	8425	2	0.0
8442	8442	2	0.0
8371	8371	2	0.0
8484	8484	2	0.0
8466	8471	2	0.0
8472	8472	2	0.0
8284	8269	2	0.0
8377	8368	2	0.0
8470	8470	2	0.0
8367	8372	2	0.0
8408	8417	2	0.0
8458	8448	2	0.0
8493	8502	2	0.0
8454	8454	2	0.0
8448	8441	2	0.0
8306	8302	2	0.0
8373	8363	2	0.0
8601	8606	2	0.0
8527	8534	2	0.0
8391	8396	2	0.0
8417	8408	2	0.0
8373	8381	2	0.0
8431	8426	2	0.0
8284	8270	2	0.0
8377	8369	2	0.0
8411	8405	2	0.0
8484	8489	2	0.0
8440	8440	2	0.0
8593	8599	2	0.0
8397	8404	2	0.0
8527	8535	2	0.0
8367	8373	2	0.0
8493	8503	2	0.0
8495	8501	2	0.0
8452	8452	2	0.0
8539	8544	2	0.0
8366	8366	2	0.0
8510	8510	2	0.0
8446	8446	2	0.0
8346	8346	2	0.0
8440	8443	2	0.0
8455	8455	2	0.0
8380	8387	2	0.0
8464	8464	2	0.0
8527	8536	2	0.0
8493	8504	2	0.0
8512	8519	2	0.0
8593	8600	2	0.0
8475	8470	2	0.0
8484	8490	2	0.0
8387	8375	2	0.0
8539	8545	2	0.0
8520	8514	2	0.0
8306	8306	2	0.0
8460	8446	2	0.0
8386	8374	2	0.0
8400	8400	2	0.0
8431	8431	2	0.0
8273	8286	2	0.0
8447	8447	2	0.0
8286	8273	2	0.0
8440	8444	2	0.0
8479	8484	2	0.0
8512	8520	2	0.0
8460	8447	2	0.0
8495	8502	2	0.0
8387	8376	2	0.0
8500	8500	2	0.0
8484	8491	2	0.0
8417	8417	2	0.0
8411	8411	2	0.0
8448	8448	2	0.0
8504	8504	2	0.0
8252	8252	2	0.0
8458	8458	2	0.0
8286	8274	2	0.0
8518	8509	2	0.0
8460	8448	2	0.0
8440	8445	2	0.0
8387	8377	2	0.0
8281	8281	2	0.0
8495	8503	2	0.0
8383	8383	2	0.0
8520	8520	2	0.0
8488	8482	2	0.0
8286	8277	2	0.0
8366	8374	2	0.0
8526	8536	2	0.0
8377	8377	2	0.0
8429	8429	2	0.0
8475	8475	2	0.0
8326	8326	2	0.0
8503	8493	2	0.0
8387	8378	2	0.0
8457	8457	2	0.0
8495	8504	2	0.0
8498	8498	2	0.0
8521	8521	2	0.0
8524	8534	2	0.0
8530	8521	2	0.0
8464	8472	2	0.0
8480	8484	2	0.0
8453	8453	2	0.0
8298	8298	2	0.0
8446	8458	2	0.0
8524	8535	2	0.0
8503	8494	2	0.0
8521	8527	2	0.0
8447	8458	2	0.0
8510	8519	2	0.0
8305	8310	2	0.0
8497	8497	2	0.0
8514	8507	2	0.0
8446	8459	2	0.0
8528	8528	2	0.0
8524	8536	2	0.0
8447	8459	2	0.0
8347	8347	2	0.0
8564	8564	2	0.0
8450	8450	2	0.0
8415	8408	2	0.0
8294	8294	2	0.0
8521	8528	2	0.0
8412	8405	2	0.0
8503	8495	2	0.0
8446	8460	2	0.0
8307	8303	2	0.0
8256	8256	2	0.0
8380	8370	2	0.0
8429	8436	2	0.0
8514	8508	2	0.0
8481	8484	2	0.0
8502	8493	2	0.0
8344	8344	2	0.0
8521	8529	2	0.0
8459	8446	2	0.0
8577	8577	2	0.0
8447	8460	2	0.0
8488	8488	2	0.0
8460	8460	2	0.0
8536	8536	2	0.0
8380	8371	2	0.0
8453	8443	2	0.0
8387	8387	2	0.0
8502	8494	2	0.0
8518	8518	2	0.0
8530	8530	2	0.0
8521	8530	2	0.0
8415	8415	2	0.0
8380	8380	2	0.0
8476	8470	2	0.0
8286	8286	2	0.0
8455	8443	2	0.0
8459	8447	2	0.0
8441	8446	2	0.0
8502	8495	2	0.0
8544	8544	2	0.0
8461	8461	2	0.0
8453	8444	2	0.0
8401	8401	2	0.0
8527	8527	2	0.0
8573	8573	2	0.0
8531	8531	2	0.0
8493	8493	2	0.0
8561	8561	2	0.0
8370	8379	2	0.0
8536	8524	2	0.0
8307	8307	2	0.0
8459	8448	2	0.0
8455	8444	2	0.0
8441	8447	2	0.0
8418	8418	2	0.0
8370	8380	2	0.0
8412	8412	2	0.0
8294	8301	2	0.0
8377	8387	2	0.0
8348	8348	2	0.0
8503	8503	2	0.0
8524	8524	2	0.0
8536	8525	2	0.0
8441	8448	2	0.0
8591	8591	2	0.0
8370	8381	2	0.0
8294	8302	2	0.0
8384	8374	2	0.0
8359	8359	2	0.0
8254	8254	2	0.0
8536	8526	2	0.0
8514	8514	2	0.0
8513	8513	2	0.0
8502	8502	2	0.0
8374	8364	2	0.0
8482	8485	2	0.0
8537	8527	2	0.0
8443	8437	2	0.0
8541	8541	2	0.0
8476	8476	2	0.0
8563	8563	2	0.0
8374	8365	2	0.0
8602	8607	2	0.0
8465	8465	2	0.0
8527	8537	2	0.0
8482	8486	2	0.0
8594	8599	2	0.0
8443	8438	2	0.0
8600	8600	2	0.0
8525	8525	2	0.0
8374	8366	2	0.0
8461	8471	2	0.0
8456	8445	2	0.0
8541	8546	2	0.0
8614	8614	2	0.0
8362	8362	2	0.0
8602	8608	2	0.0
8540	8546	2	0.0
8531	8522	2	0.0
8574	8574	2	0.0
8522	8528	2	0.0
8422	8422	2	0.0
8594	8600	2	0.0
8374	8367	2	0.0
8487	8482	2	0.0
8289	8289	2	0.0
8446	8441	2	0.0
8604	8604	2	0.0
8308	8304	2	0.0
8473	8473	2	0.0
8545	8538	2	0.0
8363	8363	2	0.0
8531	8523	2	0.0
8591	8599	2	0.0
8609	8609	2	0.0
8522	8529	2	0.0
8282	8282	2	0.0
8601	8601	2	0.0
8443	8443	2	0.0
8596	8596	2	0.0
8513	8520	2	0.0
8522	8530	2	0.0
8611	8611	2	0.0
8413	8405	2	0.0
8578	8570	2	0.0
8465	8472	2	0.0
8476	8471	2	0.0
8591	8600	2	0.0
8402	8402	2	0.0
8603	8607	2	0.0
8516	8509	2	0.0
8610	8610	2	0.0
8483	8487	2	0.0
8308	8308	2	0.0
8601	8607	2	0.0
8617	8606	2	0.0
8504	8493	2	0.0
8398	8398	2	0.0
8578	8571	2	0.0
8537	8537	2	0.0
8487	8487	2	0.0
8603	8608	2	0.0
8255	8255	2	0.0
8601	8608	2	0.0
8483	8488	2	0.0
8363	8372	2	0.0
8504	8494	2	0.0
8525	8534	2	0.0
8606	8606	2	0.0
8605	8598	2	0.0
8467	8472	2	0.0
8363	8373	2	0.0
8244	8244	2	0.0
8515	8507	2	0.0
8615	8606	2	0.0
8504	8495	2	0.0
8599	8591	2	0.0
8456	8456	2	0.0
8532	8532	2	0.0
8253	8253	2	0.0
8525	8535	2	0.0
8606	8612	2	0.0
8467	8467	2	0.0
8381	8370	2	0.0
8485	8485	2	0.0
8605	8599	2	0.0
8289	8299	2	0.0
8545	8545	2	0.0
8423	8423	2	0.0
8578	8578	2	0.0
8565	8565	2	0.0
8604	8607	2	0.0
8599	8592	2	0.0
8516	8516	2	0.0
8525	8536	2	0.0
8515	8508	2	0.0
8367	8367	2	0.0
8381	8371	2	0.0
8606	8613	2	0.0
8289	8300	2	0.0
8409	8409	2	0.0
8528	8521	2	0.0
8387	8379	2	0.0
8424	8424	2	0.0
8542	8542	2	0.0
8604	8608	2	0.0
8575	8575	2	0.0
8606	8614	2	0.0
8579	8585	2	0.0
8309	8304	2	0.0
8387	8380	2	0.0
8529	8529	2	0.0
8430	8430	2	0.0
8371	8379	2	0.0
8403	8403	2	0.0
8606	8615	2	0.0
8327	8327	2	0.0
8387	8381	2	0.0
8444	8437	2	0.0
8546	8539	2	0.0
8368	8368	2	0.0
8477	8471	2	0.0
8617	8617	2	0.0
8424	8430	2	0.0
8599	8599	2	0.0
8257	8257	2	0.0
8371	8380	2	0.0
8605	8605	2	0.0
8606	8616	2	0.0
8367	8374	2	0.0
8485	8492	2	0.0
8298	8304	2	0.0
8454	8443	2	0.0
8444	8438	2	0.0
8371	8381	2	0.0
8258	8258	2	0.0
8399	8399	2	0.0
8532	8522	2	0.0
8602	8602	2	0.0
8606	8617	2	0.0
8618	8618	2	0.0
8499	8499	2	0.0
8489	8483	2	0.0
8505	8505	2	0.0
8414	8407	2	0.0
8454	8444	2	0.0
8532	8523	2	0.0
8373	8382	2	0.0
8433	8427	2	0.0
8568	8568	2	0.0
8615	8615	2	0.0
8611	8602	2	0.0
8605	8609	2	0.0
8427	8427	2	0.0
8309	8309	2	0.0
8248	8248	2	0.0
8534	8524	2	0.0
8515	8515	2	0.0
8611	8603	2	0.0
8390	8390	2	0.0
8466	8466	2	0.0
8381	8381	2	0.0
8425	8425	2	0.0
8290	8290	2	0.0
8605	8610	2	0.0
8375	8368	2	0.0
8477	8477	2	0.0
8261	8261	2	0.0
8546	8546	2	0.0
8534	8525	2	0.0
8533	8533	2	0.0
8611	8604	2	0.0
8433	8433	2	0.0
8511	8511	2	0.0
8375	8375	2	0.0
8605	8611	2	0.0
8375	8369	2	0.0
8448	8458	2	0.0
8602	8609	2	0.0
8505	8510	2	0.0
8580	8585	2	0.0
8526	8526	2	0.0
8576	8576	2	0.0
8534	8526	2	0.0
8522	8522	2	0.0
8602	8610	2	0.0
8596	8602	2	0.0
8489	8489	2	0.0
8537	8528	2	0.0
8466	8472	2	0.0
8448	8459	2	0.0
8310	8305	2	0.0
8425	8431	2	0.0
8602	8611	2	0.0
8517	8509	2	0.0
8543	8543	2	0.0
8404	8397	2	0.0
8596	8603	2	0.0
8392	8392	2	0.0
8507	8507	2	0.0
8425	8432	2	0.0
8618	8626	2	0.0
8448	8460	2	0.0
8606	8600	2	0.0
8447	8441	2	0.0
8290	8299	2	0.0
8616	8606	2	0.0
8434	8427	2	0.0
8596	8604	2	0.0
8290	8300	2	0.0
8579	8579	2	0.0
8569	8569	2	0.0
8404	8404	2	0.0
8522	8531	2	0.0
8529	8521	2	0.0
8546	8541	2	0.0
8511	8520	2	0.0
8600	8591	2	0.0
8310	8310	2	0.0
8522	8532	2	0.0
8364	8364	2	0.0
8442	8449	2	0.0
8375	8387	2	0.0
8522	8533	2	0.0
8468	8468	2	0.0
8534	8534	2	0.0
8259	8259	2	0.0
8579	8586	2	0.0
8600	8592	2	0.0
8607	8607	2	0.0
8621	8621	2	0.0
8247	8247	2	0.0
8517	8517	2	0.0
8442	8450	2	0.0
8579	8587	2	0.0
8566	8566	2	0.0
8295	8303	2	0.0
8434	8434	2	0.0
8597	8597	2	0.0
8486	8492	2	0.0
8603	8603	2	0.0
8538	8538	2	0.0
8478	8478	2	0.0
8299	8289	2	0.0
8442	8451	2	0.0
8299	8290	2	0.0
8310	8306	2	0.0
8442	8452	2	0.0
8445	8445	2	0.0
8533	8522	2	0.0
8332	8332	2	0.0
8299	8291	2	0.0
8378	8387	2	0.0
8592	8592	2	0.0
8533	8523	2	0.0
8547	8547	2	0.0
8435	8427	2	0.0
8364	8374	2	0.0
8478	8484	2	0.0
8445	8439	2	0.0
8299	8292	2	0.0
8584	8584	2	0.0
8416	8412	2	0.0
8523	8523	2	0.0
8508	8508	2	0.0
8603	8609	2	0.0
8616	8616	2	0.0
8467	8473	2	0.0
8445	8440	2	0.0
8570	8570	2	0.0
8390	8396	2	0.0
8538	8544	2	0.0
8368	8375	2	0.0
8323	8323	2	0.0
8580	8580	2	0.0
8603	8610	2	0.0
8451	8451	2	0.0
8506	8506	2	0.0
8467	8474	2	0.0
8368	8376	2	0.0
8538	8545	2	0.0
8426	8426	2	0.0
8603	8611	2	0.0
8368	8377	2	0.0
8580	8586	2	0.0
8471	8461	2	0.0
8405	8405	2	0.0
8523	8531	2	0.0
8535	8524	2	0.0
8299	8299	2	0.0
8332	8339	2	0.0
8580	8587	2	0.0
8592	8599	2	0.0
8368	8378	2	0.0
8523	8532	2	0.0
8435	8435	2	0.0
8506	8511	2	0.0
8471	8462	2	0.0
8426	8431	2	0.0
8540	8540	2	0.0
8535	8525	2	0.0
8523	8533	2	0.0
8482	8482	2	0.0
8570	8578	2	0.0
8391	8391	2	0.0
8592	8600	2	0.0
8405	8411	2	0.0
8426	8432	2	0.0
8506	8512	2	0.0
8445	8456	2	0.0
8535	8526	2	0.0
8405	8412	2	0.0
8417	8412	2	0.0
8479	8479	2	0.0
8436	8428	2	0.0
8551	8551	2	0.0
8405	8413	2	0.0
8506	8513	2	0.0
8445	8457	2	0.0
8436	8429	2	0.0
8622	8622	2	0.0
8494	8494	2	0.0
8408	8406	2	0.0
8490	8484	2	0.0
8581	8581	2	0.0
8471	8471	2	0.0
8449	8442	2	0.0
8619	8619	2	0.0
8548	8548	2	0.0
8333	8333	2	0.0
8300	8289	2	0.0
8300	8290	2	0.0
8469	8469	2	0.0
8595	8595	2	0.0
8533	8524	2	0.0
8479	8485	2	0.0
8406	8406	2	0.0
8300	8291	2	0.0
8533	8525	2	0.0
8406	8408	2	0.0
8436	8436	2	0.0
8479	8486	2	0.0
8490	8490	2	0.0
8300	8292	2	0.0
8509	8509	2	0.0
8299	8305	2	0.0
8533	8526	2	0.0
8406	8409	2	0.0
8333	8339	2	0.0
8462	8462	2	0.0
8535	8535	2	0.0
8303	8295	2	0.0
8406	8410	2	0.0
8449	8449	2	0.0
8585	8585	2	0.0
8443	8453	2	0.0
8415	8412	2	0.0
8494	8502	2	0.0
8496	8496	2	0.0
8604	8609	2	0.0
8552	8552	2	0.0
8468	8473	2	0.0
8582	8582	2	0.0
8291	8291	2	0.0
8539	8539	2	0.0
8443	8454	2	0.0
8612	8605	2	0.0
8483	8483	2	0.0
8604	8610	2	0.0
8494	8503	2	0.0
8468	8474	2	0.0
8604	8611	2	0.0
8462	8471	2	0.0
8623	8623	2	0.0
8443	8455	2	0.0
8427	8433	2	0.0
8491	8484	2	0.0
8526	8534	2	0.0
8494	8504	2	0.0
8427	8434	2	0.0
8526	8535	2	0.0
8597	8602	2	0.0
8480	8480	2	0.0
8409	8406	2	0.0
8437	8437	2	0.0
8427	8435	2	0.0
8507	8514	2	0.0
8336	8336	2	0.0
8552	8558	2	0.0
8291	8299	2	0.0
8539	8546	2	0.0
8597	8603	2	0.0
8430	8424	2	0.0
8291	8300	2	0.0
8597	8604	2	0.0
8507	8515	2	0.0
8552	8559	2	0.0
8437	8443	2	0.0
8612	8612	2	0.0
8437	8444	2	0.0
8491	8491	2	0.0
8510	8505	2	0.0
8583	8583	2	0.0
8480	8485	2	0.0
8518	8510	2	0.0
8605	8612	2	0.0
8300	8305	2	0.0
8480	8486	2	0.0
8605	8613	2	0.0
8605	8614	2	0.0
8501	8501	2	0.0
8555	8555	2	0.0
8608	8601	2	0.0
8438	8438	2	0.0
8292	8292	2	0.0
8553	8553	2	0.0
8586	8579	2	0.0
8598	8598	2	0.0
8438	8443	2	0.0
8586	8580	2	0.0
8608	8608	2	0.0
8469	8473	2	0.0
8450	8442	2	0.0
8324	8324	2	0.0
8624	8624	2	0.0
8586	8586	2	0.0
8279	8269	2	0.0
8469	8474	2	0.0
8279	8270	2	0.0
8613	8605	2	0.0
8587	8579	2	0.0
8481	8481	2	0.0
8587	8580	2	0.0
8598	8605	2	0.0
8519	8510	2	0.0
8301	8306	2	0.0
8556	8556	2	0.0
8601	8593	2	0.0
8481	8485	2	0.0
8508	8514	2	0.0
8587	8587	2	0.0
8607	8601	2	0.0
8601	8594	2	0.0
8508	8515	2	0.0
8481	8486	2	0.0
8613	8613	2	0.0
8512	8512	2	0.0
8470	8475	2	0.0
8470	8476	2	0.0
8571	8571	2	0.0
8519	8519	2	0.0
8625	8625	2	0.0
8544	8538	2	0.0
8472	8463	2	0.0
8593	8593	2	0.0
8472	8464	2	0.0
8571	8578	2	0.0
8620	8620	2	0.0
8472	8465	2	0.0
8492	8485	2	0.0
8557	8557	2	0.0
8482	8487	2	0.0
8472	8466	2	0.0
8492	8486	2	0.0
8614	8605	2	0.0
8482	8488	2	0.0
8599	8605	2	0.0
8509	8516	2	0.0
8593	8601	2	0.0
8609	8602	2	0.0
8484	8478	2	0.0
8601	8595	2	0.0
8609	8603	2	0.0
8509	8517	2	0.0
8554	8554	2	0.0
8451	8442	2	0.0
8609	8604	2	0.0
8601	8596	2	0.0
8509	8518	2	0.0
8492	8492	2	0.0
8601	8597	2	0.0
8463	8463	2	0.0
8512	8506	2	0.0
8471	8477	2	0.0
8473	8467	2	0.0
8473	8468	2	0.0
8520	8511	2	0.0
8463	8472	2	0.0
8473	8469	2	0.0
8594	8594	2	0.0
8483	8489	2	0.0
8520	8512	2	0.0
8600	8606	2	0.0
8485	8479	2	0.0
8602	8595	2	0.0
8520	8513	2	0.0
8602	8596	2	0.0
8485	8480	2	0.0
8594	8601	2	0.0
8602	8597	2	0.0
8610	8602	2	0.0
8485	8481	2	0.0
8543	8538	2	0.0
8610	8603	2	0.0
8610	8604	2	0.0
8513	8506	2	0.0
8474	8467	2	0.0
8474	8468	2	0.0
8474	8469	2	0.0
8558	8552	2	0.0
8603	8595	2	0.0
8603	8596	2	0.0
8558	8558	2	0.0
8486	8479	2	0.0
8603	8597	2	0.0
8486	8480	2	0.0
8559	8552	2	0.0
8486	8481	2	0.0
8572	8572	2	0.0
8604	8595	2	0.0
8626	8618	2	0.0
8559	8559	2	0.0
8511	8506	2	0.0
8604	8596	2	0.0
8560	8560	2	0.0
8604	8597	2	0.0
8595	8602	2	0.0
8595	8603	2	0.0
8595	8604	2	0.0
8626	8626	2	0.0
8244	8249	1	0.0
8244	8250	1	0.0
8244	8251	1	0.0
8263	8266	1	0.0
8272	8279	1	0.0
8272	8280	1	0.0
8272	8281	1	0.0
8272	8282	1	0.0
8275	8286	1	0.0
8274	8283	1	0.0
8274	8284	1	0.0
8278	8286	1	0.0
8269	8279	1	0.0
8274	8285	1	0.0
8269	8280	1	0.0
8269	8281	1	0.0
8269	8282	1	0.0
8281	8287	1	0.0
8252	8257	1	0.0
8281	8288	1	0.0
8270	8279	1	0.0
8273	8283	1	0.0
8270	8280	1	0.0
8273	8284	1	0.0
8270	8281	1	0.0
8273	8285	1	0.0
8270	8282	1	0.0
8276	8286	1	0.0
8289	8296	1	0.0
8289	8297	1	0.0
8289	8298	1	0.0
8296	8303	1	0.0
8271	8279	1	0.0
8279	8287	1	0.0
8271	8280	1	0.0
8279	8288	1	0.0
8271	8281	1	0.0
8290	8296	1	0.0
8271	8282	1	0.0
8290	8297	1	0.0
8290	8298	1	0.0
8297	8303	1	0.0
8363	8370	1	0.0
8282	8287	1	0.0
8363	8371	1	0.0
8282	8288	1	0.0
8291	8296	1	0.0
8277	8286	1	0.0
8291	8297	1	0.0
8291	8298	1	0.0
8368	8374	1	0.0
8280	8287	1	0.0
8332	8336	1	0.0
8280	8288	1	0.0
8298	8303	1	0.0
8332	8337	1	0.0
8292	8296	1	0.0
8332	8338	1	0.0
8374	8382	1	0.0
8292	8297	1	0.0
8333	8336	1	0.0
8333	8337	1	0.0
8374	8383	1	0.0
8292	8298	1	0.0
8333	8338	1	0.0
8369	8374	1	0.0
8376	8384	1	0.0
8334	8339	1	0.0
8376	8385	1	0.0
8376	8386	1	0.0
8377	8384	1	0.0
8377	8385	1	0.0
8377	8386	1	0.0
8299	8304	1	0.0
8293	8299	1	0.0
8370	8375	1	0.0
8370	8376	1	0.0
8293	8300	1	0.0
8381	8387	1	0.0
8370	8377	1	0.0
8397	8403	1	0.0
8370	8378	1	0.0
8343	8348	1	0.0
8294	8299	1	0.0
8398	8404	1	0.0
8294	8300	1	0.0
8378	8384	1	0.0
8410	8417	1	0.0
8378	8385	1	0.0
8378	8386	1	0.0
8300	8304	1	0.0
8371	8375	1	0.0
8364	8372	1	0.0
8371	8376	1	0.0
8295	8301	1	0.0
8364	8373	1	0.0
8371	8377	1	0.0
8295	8302	1	0.0
8371	8378	1	0.0
8410	8415	1	0.0
8399	8404	1	0.0
8410	8416	1	0.0
8427	8431	1	0.0
8427	8432	1	0.0
8365	8372	1	0.0
8441	8445	1	0.0
8428	8433	1	0.0
8365	8373	1	0.0
8428	8434	1	0.0
8428	8435	1	0.0
8375	8384	1	0.0
8412	8415	1	0.0
8375	8385	1	0.0
8442	8446	1	0.0
8301	8305	1	0.0
8412	8416	1	0.0
8446	8457	1	0.0
8429	8433	1	0.0
8375	8386	1	0.0
8372	8379	1	0.0
8442	8447	1	0.0
8412	8417	1	0.0
8429	8434	1	0.0
8372	8380	1	0.0
8442	8448	1	0.0
8429	8435	1	0.0
8372	8381	1	0.0
8302	8305	1	0.0
8446	8456	1	0.0
8430	8436	1	0.0
8366	8372	1	0.0
8373	8379	1	0.0
8366	8373	1	0.0
8379	8387	1	0.0
8373	8380	1	0.0
8405	8409	1	0.0
8373	8381	1	0.0
8405	8410	1	0.0
8303	8306	1	0.0
8451	8458	1	0.0
8407	8411	1	0.0
8451	8459	1	0.0
8407	8412	1	0.0
8304	8307	1	0.0
8390	8395	1	0.0
8407	8413	1	0.0
8443	8449	1	0.0
8451	8460	1	0.0
8443	8450	1	0.0
8367	8372	1	0.0
8443	8451	1	0.0
8305	8308	1	0.0
8408	8414	1	0.0
8367	8373	1	0.0
8380	8387	1	0.0
8443	8452	1	0.0
8305	8309	1	0.0
8392	8396	1	0.0
8391	8396	1	0.0
8452	8458	1	0.0
8306	8310	1	0.0
8444	8449	1	0.0
8452	8459	1	0.0
8393	8396	1	0.0
8447	8456	1	0.0
8444	8450	1	0.0
8452	8460	1	0.0
8447	8457	1	0.0
8409	8415	1	0.0
8444	8451	1	0.0
8409	8416	1	0.0
8409	8417	1	0.0
8444	8452	1	0.0
8449	8458	1	0.0
8449	8459	1	0.0
8449	8460	1	0.0
8445	8453	1	0.0
8468	8472	1	0.0
8445	8454	1	0.0
8445	8455	1	0.0
8485	8490	1	0.0
8485	8491	1	0.0
8463	8471	1	0.0
8437	8442	1	0.0
8469	8472	1	0.0
8438	8442	1	0.0
8496	8503	1	0.0
8424	8428	1	0.0
8486	8490	1	0.0
8496	8504	1	0.0
8424	8429	1	0.0
8486	8491	1	0.0
8470	8473	1	0.0
8439	8443	1	0.0
8448	8456	1	0.0
8470	8474	1	0.0
8439	8444	1	0.0
8448	8457	1	0.0
8496	8502	1	0.0
8471	8475	1	0.0
8461	8470	1	0.0
8440	8443	1	0.0
8471	8476	1	0.0
8505	8509	1	0.0
8487	8492	1	0.0
8440	8444	1	0.0
8425	8430	1	0.0
8464	8471	1	0.0
8488	8492	1	0.0
8506	8510	1	0.0
8426	8430	1	0.0
8472	8477	1	0.0
8450	8458	1	0.0
8513	8519	1	0.0
8450	8459	1	0.0
8450	8460	1	0.0
8462	8470	1	0.0
8507	8511	1	0.0
8507	8512	1	0.0
8514	8520	1	0.0
8507	8513	1	0.0
8523	8528	1	0.0
8508	8511	1	0.0
8508	8512	1	0.0
8523	8529	1	0.0
8465	8471	1	0.0
8508	8513	1	0.0
8523	8530	1	0.0
8493	8501	1	0.0
8509	8514	1	0.0
8494	8501	1	0.0
8509	8515	1	0.0
8515	8520	1	0.0
8495	8501	1	0.0
8478	8483	1	0.0
8510	8516	1	0.0
8510	8517	1	0.0
8510	8518	1	0.0
8528	8537	1	0.0
8466	8471	1	0.0
8479	8484	1	0.0
8480	8484	1	0.0
8524	8531	1	0.0
8524	8532	1	0.0
8481	8484	1	0.0
8524	8533	1	0.0
8529	8537	1	0.0
8482	8485	1	0.0
8511	8519	1	0.0
8525	8531	1	0.0
8482	8486	1	0.0
8525	8532	1	0.0
8570	8577	1	0.0
8525	8533	1	0.0
8521	8527	1	0.0
8483	8487	1	0.0
8571	8577	1	0.0
8512	8519	1	0.0
8483	8488	1	0.0
8526	8531	1	0.0
8526	8532	1	0.0
8530	8537	1	0.0
8552	8556	1	0.0
8526	8533	1	0.0
8522	8528	1	0.0
8552	8557	1	0.0
8467	8472	1	0.0
8484	8489	1	0.0
8522	8529	1	0.0
8581	8586	1	0.0
8522	8530	1	0.0
8572	8578	1	0.0
8581	8587	1	0.0
8527	8534	1	0.0
8538	8542	1	0.0
8553	8558	1	0.0
8582	8586	1	0.0
8527	8535	1	0.0
8538	8543	1	0.0
8553	8559	1	0.0
8582	8587	1	0.0
8527	8536	1	0.0
8539	8544	1	0.0
8539	8545	1	0.0
8583	8586	1	0.0
8554	8558	1	0.0
8595	8601	1	0.0
8583	8587	1	0.0
8554	8559	1	0.0
8596	8601	1	0.0
8573	8578	1	0.0
8540	8546	1	0.0
8558	8553	1	0.0
8558	8554	1	0.0
8597	8601	1	0.0
8591	8598	1	0.0
8607	8615	1	0.0
8607	8616	1	0.0
8541	8546	1	0.0
8607	8617	1	0.0
8592	8598	1	0.0
8598	8602	1	0.0
8593	8599	1	0.0
8598	8603	1	0.0
8593	8600	1	0.0
8618	8623	1	0.0
8598	8604	1	0.0
8618	8624	1	0.0
8608	8615	1	0.0
8618	8625	1	0.0
8608	8616	1	0.0
8599	8602	1	0.0
8608	8617	1	0.0
8599	8603	1	0.0
8599	8604	1	0.0
8249	8249	1	0.0
8245	8245	1	0.0
8579	8585	1	0.0
8594	8599	1	0.0
8619	8626	1	0.0
8600	8605	1	0.0
8594	8600	1	0.0
8580	8585	1	0.0
8250	8250	1	0.0
8262	8262	1	0.0
8601	8606	1	0.0
8263	8263	1	0.0
8265	8265	1	0.0
8264	8264	1	0.0
8271	8271	1	0.0
8266	8266	1	0.0
8620	8626	1	0.0
8269	8269	1	0.0
8270	8283	1	0.0
8251	8251	1	0.0
8270	8284	1	0.0
8270	8285	1	0.0
8246	8246	1	0.0
8272	8283	1	0.0
8274	8286	1	0.0
8271	8283	1	0.0
8271	8284	1	0.0
8269	8283	1	0.0
8272	8284	1	0.0
8275	8275	1	0.0
8271	8285	1	0.0
8269	8284	1	0.0
8272	8285	1	0.0
8279	8279	1	0.0
8279	8271	1	0.0
8269	8285	1	0.0
8284	8284	1	0.0
8270	8270	1	0.0
8602	8607	1	0.0
8276	8276	1	0.0
8279	8272	1	0.0
8274	8274	1	0.0
8602	8608	1	0.0
8284	8271	1	0.0
8284	8272	1	0.0
8287	8277	1	0.0
8275	8287	1	0.0
8277	8277	1	0.0
8603	8607	1	0.0
8287	8278	1	0.0
8275	8288	1	0.0
8603	8608	1	0.0
8292	8299	1	0.0
8285	8269	1	0.0
8287	8287	1	0.0
8292	8300	1	0.0
8285	8270	1	0.0
8604	8607	1	0.0
8280	8280	1	0.0
8285	8271	1	0.0
8272	8272	1	0.0
8288	8275	1	0.0
8300	8300	1	0.0
8295	8295	1	0.0
8288	8276	1	0.0
8285	8272	1	0.0
8604	8608	1	0.0
8293	8293	1	0.0
8296	8296	1	0.0
8288	8277	1	0.0
8304	8304	1	0.0
8277	8287	1	0.0
8288	8278	1	0.0
8252	8252	1	0.0
8278	8278	1	0.0
8277	8288	1	0.0
8302	8302	1	0.0
8283	8269	1	0.0
8296	8304	1	0.0
8278	8287	1	0.0
8288	8288	1	0.0
8283	8270	1	0.0
8301	8293	1	0.0
8302	8306	1	0.0
8293	8301	1	0.0
8278	8288	1	0.0
8301	8294	1	0.0
8283	8271	1	0.0
8304	8296	1	0.0
8293	8302	1	0.0
8304	8297	1	0.0
8283	8272	1	0.0
8256	8256	1	0.0
8287	8275	1	0.0
8365	8365	1	0.0
8304	8298	1	0.0
8331	8331	1	0.0
8287	8276	1	0.0
8605	8609	1	0.0
8285	8285	1	0.0
8337	8337	1	0.0
8301	8301	1	0.0
8303	8303	1	0.0
8334	8334	1	0.0
8605	8610	1	0.0
8325	8325	1	0.0
8303	8307	1	0.0
8283	8283	1	0.0
8254	8254	1	0.0
8605	8611	1	0.0
8365	8374	1	0.0
8281	8281	1	0.0
8305	8299	1	0.0
8373	8373	1	0.0
8305	8300	1	0.0
8302	8293	1	0.0
8273	8273	1	0.0
8276	8287	1	0.0
8302	8294	1	0.0
8276	8288	1	0.0
8373	8383	1	0.0
8338	8338	1	0.0
8305	8305	1	0.0
8330	8330	1	0.0
8372	8382	1	0.0
8335	8335	1	0.0
8370	8370	1	0.0
8378	8368	1	0.0
8372	8383	1	0.0
8339	8332	1	0.0
8304	8308	1	0.0
8297	8297	1	0.0
8369	8369	1	0.0
8376	8368	1	0.0
8378	8369	1	0.0
8255	8255	1	0.0
8304	8309	1	0.0
8339	8333	1	0.0
8376	8369	1	0.0
8606	8612	1	0.0
8253	8253	1	0.0
8376	8387	1	0.0
8306	8301	1	0.0
8273	8286	1	0.0
8284	8269	1	0.0
8606	8613	1	0.0
8306	8302	1	0.0
8382	8372	1	0.0
8286	8273	1	0.0
8384	8384	1	0.0
8284	8270	1	0.0
8606	8614	1	0.0
8382	8373	1	0.0
8286	8274	1	0.0
8306	8306	1	0.0
8376	8376	1	0.0
8369	8375	1	0.0
8339	8339	1	0.0
8386	8386	1	0.0
8395	8395	1	0.0
8286	8277	1	0.0
8379	8379	1	0.0
8343	8343	1	0.0
8372	8372	1	0.0
8257	8257	1	0.0
8297	8304	1	0.0
8378	8378	1	0.0
8369	8376	1	0.0
8258	8258	1	0.0
8407	8407	1	0.0
8374	8374	1	0.0
8305	8310	1	0.0
8393	8393	1	0.0
8369	8377	1	0.0
8385	8374	1	0.0
8307	8303	1	0.0
8382	8382	1	0.0
8345	8345	1	0.0
8286	8286	1	0.0
8282	8282	1	0.0
8395	8390	1	0.0
8261	8261	1	0.0
8369	8378	1	0.0
8307	8307	1	0.0
8386	8375	1	0.0
8371	8371	1	0.0
8298	8298	1	0.0
8386	8376	1	0.0
8289	8289	1	0.0
8326	8326	1	0.0
8374	8384	1	0.0
8372	8363	1	0.0
8428	8436	1	0.0
8386	8377	1	0.0
8244	8244	1	0.0
8414	8408	1	0.0
8438	8444	1	0.0
8374	8385	1	0.0
8294	8294	1	0.0
8394	8394	1	0.0
8308	8304	1	0.0
8386	8378	1	0.0
8385	8385	1	0.0
8377	8368	1	0.0
8366	8366	1	0.0
8374	8386	1	0.0
8377	8369	1	0.0
8407	8414	1	0.0
8432	8425	1	0.0
8308	8308	1	0.0
8396	8390	1	0.0
8346	8346	1	0.0
8414	8414	1	0.0
8432	8426	1	0.0
8289	8299	1	0.0
8379	8370	1	0.0
8441	8441	1	0.0
8410	8406	1	0.0
8289	8300	1	0.0
8294	8301	1	0.0
8444	8444	1	0.0
8439	8439	1	0.0
8452	8442	1	0.0
8396	8396	1	0.0
8379	8371	1	0.0
8259	8259	1	0.0
8413	8413	1	0.0
8309	8304	1	0.0
8294	8302	1	0.0
8397	8397	1	0.0
8387	8375	1	0.0
8377	8377	1	0.0
8366	8374	1	0.0
8432	8432	1	0.0
8416	8408	1	0.0
8387	8376	1	0.0
8386	8374	1	0.0
8428	8428	1	0.0
8439	8445	1	0.0
8309	8309	1	0.0
8387	8377	1	0.0
8410	8410	1	0.0
8397	8404	1	0.0
8444	8453	1	0.0
8347	8347	1	0.0
8458	8446	1	0.0
8408	8408	1	0.0
8457	8445	1	0.0
8387	8378	1	0.0
8444	8454	1	0.0
8290	8290	1	0.0
8310	8305	1	0.0
8442	8442	1	0.0
8416	8416	1	0.0
8344	8344	1	0.0
8383	8372	1	0.0
8444	8455	1	0.0
8248	8248	1	0.0
8458	8447	1	0.0
8408	8415	1	0.0
8383	8373	1	0.0
8310	8310	1	0.0
8448	8441	1	0.0
8400	8400	1	0.0
8440	8440	1	0.0
8458	8448	1	0.0
8431	8425	1	0.0
8408	8416	1	0.0
8454	8454	1	0.0
8452	8452	1	0.0
8387	8387	1	0.0
8417	8408	1	0.0
8380	8380	1	0.0
8431	8426	1	0.0
8298	8304	1	0.0
8474	8474	1	0.0
8408	8417	1	0.0
8446	8446	1	0.0
8290	8299	1	0.0
8310	8306	1	0.0
8459	8459	1	0.0
8348	8348	1	0.0
8457	8457	1	0.0
8472	8472	1	0.0
8486	8486	1	0.0
8290	8300	1	0.0
8411	8405	1	0.0
8470	8470	1	0.0
8431	8431	1	0.0
8440	8445	1	0.0
8383	8383	1	0.0
8359	8359	1	0.0
8447	8447	1	0.0
8384	8374	1	0.0
8448	8448	1	0.0
8484	8484	1	0.0
8323	8323	1	0.0
8373	8363	1	0.0
8495	8495	1	0.0
8458	8458	1	0.0
8450	8450	1	0.0
8464	8464	1	0.0
8429	8429	1	0.0
8327	8327	1	0.0
8493	8502	1	0.0
8475	8470	1	0.0
8417	8417	1	0.0
8484	8490	1	0.0
8446	8458	1	0.0
8380	8370	1	0.0
8362	8362	1	0.0
8453	8453	1	0.0
8455	8455	1	0.0
8493	8503	1	0.0
8411	8411	1	0.0
8401	8401	1	0.0
8247	8247	1	0.0
8363	8363	1	0.0
8446	8459	1	0.0
8380	8371	1	0.0
8484	8491	1	0.0
8447	8458	1	0.0
8495	8502	1	0.0
8493	8504	1	0.0
8460	8446	1	0.0
8291	8291	1	0.0
8459	8446	1	0.0
8464	8472	1	0.0
8441	8446	1	0.0
8446	8460	1	0.0
8488	8482	1	0.0
8429	8436	1	0.0
8495	8503	1	0.0
8447	8459	1	0.0
8504	8504	1	0.0
8460	8447	1	0.0
8441	8447	1	0.0
8459	8447	1	0.0
8510	8510	1	0.0
8453	8443	1	0.0
8475	8475	1	0.0
8495	8504	1	0.0
8415	8408	1	0.0
8363	8372	1	0.0
8441	8448	1	0.0
8447	8460	1	0.0
8456	8445	1	0.0
8460	8448	1	0.0
8459	8448	1	0.0
8453	8444	1	0.0
8498	8498	1	0.0
8512	8520	1	0.0
8363	8373	1	0.0
8443	8437	1	0.0
8455	8443	1	0.0
8520	8514	1	0.0
8412	8405	1	0.0
8291	8299	1	0.0
8497	8497	1	0.0
8518	8509	1	0.0
8443	8438	1	0.0
8415	8415	1	0.0
8500	8500	1	0.0
8502	8493	1	0.0
8291	8300	1	0.0
8488	8488	1	0.0
8455	8444	1	0.0
8373	8382	1	0.0
8367	8367	1	0.0
8502	8494	1	0.0
8387	8379	1	0.0
8526	8536	1	0.0
8493	8493	1	0.0
8476	8470	1	0.0
8502	8495	1	0.0
8418	8418	1	0.0
8503	8493	1	0.0
8443	8443	1	0.0
8446	8441	1	0.0
8387	8380	1	0.0
8402	8402	1	0.0
8510	8519	1	0.0
8520	8520	1	0.0
8456	8456	1	0.0
8375	8368	1	0.0
8528	8528	1	0.0
8530	8521	1	0.0
8324	8324	1	0.0
8398	8398	1	0.0
8387	8381	1	0.0
8299	8299	1	0.0
8503	8494	1	0.0
8521	8521	1	0.0
8368	8368	1	0.0
8375	8369	1	0.0
8514	8507	1	0.0
8377	8387	1	0.0
8502	8502	1	0.0
8412	8412	1	0.0
8460	8460	1	0.0
8503	8495	1	0.0
8514	8508	1	0.0
8367	8374	1	0.0
8518	8518	1	0.0
8465	8465	1	0.0
8524	8534	1	0.0
8299	8305	1	0.0
8375	8375	1	0.0
8461	8461	1	0.0
8476	8476	1	0.0
8370	8379	1	0.0
8295	8303	1	0.0
8332	8332	1	0.0
8303	8295	1	0.0
8536	8524	1	0.0
8422	8422	1	0.0
8524	8535	1	0.0
8487	8482	1	0.0
8299	8289	1	0.0
8564	8564	1	0.0
8390	8390	1	0.0
8292	8292	1	0.0
8536	8536	1	0.0
8465	8472	1	0.0
8521	8528	1	0.0
8444	8437	1	0.0
8370	8380	1	0.0
8536	8525	1	0.0
8299	8290	1	0.0
8524	8536	1	0.0
8530	8530	1	0.0
8577	8577	1	0.0
8544	8544	1	0.0
8444	8438	1	0.0
8299	8291	1	0.0
8521	8529	1	0.0
8536	8526	1	0.0
8473	8473	1	0.0
8531	8531	1	0.0
8513	8513	1	0.0
8403	8403	1	0.0
8503	8503	1	0.0
8381	8370	1	0.0
8370	8381	1	0.0
8299	8292	1	0.0
8527	8527	1	0.0
8591	8591	1	0.0
8392	8392	1	0.0
8461	8471	1	0.0
8561	8561	1	0.0
8487	8487	1	0.0
8332	8339	1	0.0
8521	8530	1	0.0
8514	8514	1	0.0
8381	8371	1	0.0
8374	8364	1	0.0
8476	8471	1	0.0
8541	8541	1	0.0
8399	8399	1	0.0
8485	8485	1	0.0
8573	8573	1	0.0
8499	8499	1	0.0
8430	8430	1	0.0
8374	8365	1	0.0
8600	8600	1	0.0
8537	8527	1	0.0
8513	8520	1	0.0
8563	8563	1	0.0
8591	8599	1	0.0
8413	8405	1	0.0
8279	8269	1	0.0
8374	8366	1	0.0
8614	8614	1	0.0
8604	8604	1	0.0
8423	8423	1	0.0
8300	8305	1	0.0
8545	8538	1	0.0
8333	8333	1	0.0
8516	8509	1	0.0
8591	8600	1	0.0
8596	8596	1	0.0
8433	8427	1	0.0
8524	8524	1	0.0
8279	8270	1	0.0
8485	8492	1	0.0
8424	8424	1	0.0
8610	8610	1	0.0
8609	8609	1	0.0
8601	8601	1	0.0
8447	8441	1	0.0
8374	8367	1	0.0
8504	8493	1	0.0
8489	8483	1	0.0
8364	8364	1	0.0
8606	8606	1	0.0
8527	8537	1	0.0
8454	8443	1	0.0
8442	8449	1	0.0
8504	8494	1	0.0
8433	8433	1	0.0
8381	8381	1	0.0
8601	8607	1	0.0
8467	8467	1	0.0
8531	8522	1	0.0
8333	8339	1	0.0
8615	8606	1	0.0
8442	8450	1	0.0
8525	8525	1	0.0
8300	8289	1	0.0
8516	8516	1	0.0
8448	8458	1	0.0
8466	8466	1	0.0
8390	8396	1	0.0
8504	8495	1	0.0
8515	8507	1	0.0
8454	8444	1	0.0
8599	8591	1	0.0
8477	8471	1	0.0
8424	8430	1	0.0
8300	8290	1	0.0
8601	8608	1	0.0
8537	8537	1	0.0
8442	8451	1	0.0
8404	8397	1	0.0
8531	8523	1	0.0
8448	8459	1	0.0
8489	8489	1	0.0
8611	8611	1	0.0
8599	8592	1	0.0
8574	8574	1	0.0
8515	8508	1	0.0
8364	8374	1	0.0
8300	8291	1	0.0
8451	8451	1	0.0
8445	8445	1	0.0
8606	8615	1	0.0
8605	8598	1	0.0
8442	8452	1	0.0
8301	8306	1	0.0
8545	8545	1	0.0
8565	8565	1	0.0
8617	8606	1	0.0
8409	8409	1	0.0
8448	8460	1	0.0
8529	8529	1	0.0
8606	8616	1	0.0
8466	8472	1	0.0
8404	8404	1	0.0
8605	8599	1	0.0
8434	8427	1	0.0
8542	8542	1	0.0
8606	8617	1	0.0
8532	8532	1	0.0
8300	8292	1	0.0
8445	8439	1	0.0
8445	8440	1	0.0
8427	8427	1	0.0
8599	8599	1	0.0
8611	8602	1	0.0
8477	8477	1	0.0
8391	8391	1	0.0
8578	8570	1	0.0
8611	8603	1	0.0
8425	8425	1	0.0
8615	8615	1	0.0
8546	8539	1	0.0
8336	8336	1	0.0
8611	8604	1	0.0
8486	8492	1	0.0
8534	8524	1	0.0
8525	8534	1	0.0
8505	8505	1	0.0
8578	8571	1	0.0
8445	8456	1	0.0
8434	8434	1	0.0
8568	8568	1	0.0
8534	8525	1	0.0
8368	8375	1	0.0
8445	8457	1	0.0
8515	8515	1	0.0
8525	8535	1	0.0
8425	8431	1	0.0
8375	8387	1	0.0
8534	8526	1	0.0
8368	8376	1	0.0
8605	8605	1	0.0
8414	8407	1	0.0
8449	8442	1	0.0
8517	8509	1	0.0
8511	8511	1	0.0
8425	8432	1	0.0
8617	8617	1	0.0
8525	8536	1	0.0
8596	8602	1	0.0
8494	8494	1	0.0
8368	8377	1	0.0
8505	8510	1	0.0
8616	8606	1	0.0
8578	8578	1	0.0
8435	8427	1	0.0
8602	8602	1	0.0
8528	8521	1	0.0
8368	8378	1	0.0
8546	8546	1	0.0
8618	8618	1	0.0
8596	8603	1	0.0
8607	8607	1	0.0
8371	8379	1	0.0
8443	8453	1	0.0
8596	8604	1	0.0
8597	8597	1	0.0
8371	8380	1	0.0
8575	8575	1	0.0
8507	8507	1	0.0
8533	8533	1	0.0
8443	8454	1	0.0
8467	8473	1	0.0
8511	8520	1	0.0
8600	8591	1	0.0
8449	8449	1	0.0
8443	8455	1	0.0
8543	8543	1	0.0
8534	8534	1	0.0
8468	8468	1	0.0
8371	8381	1	0.0
8478	8478	1	0.0
8569	8569	1	0.0
8494	8502	1	0.0
8467	8474	1	0.0
8490	8484	1	0.0
8517	8517	1	0.0
8592	8592	1	0.0
8435	8435	1	0.0
8602	8609	1	0.0
8600	8592	1	0.0
8494	8503	1	0.0
8471	8461	1	0.0
8612	8605	1	0.0
8537	8528	1	0.0
8618	8626	1	0.0
8405	8405	1	0.0
8494	8504	1	0.0
8471	8462	1	0.0
8566	8566	1	0.0
8602	8610	1	0.0
8478	8484	1	0.0
8490	8490	1	0.0
8546	8541	1	0.0
8532	8522	1	0.0
8436	8428	1	0.0
8436	8429	1	0.0
8592	8599	1	0.0
8602	8611	1	0.0
8616	8616	1	0.0
8532	8523	1	0.0
8471	8471	1	0.0
8405	8411	1	0.0
8612	8612	1	0.0
8606	8600	1	0.0
8592	8600	1	0.0
8405	8412	1	0.0
8491	8484	1	0.0
8621	8621	1	0.0
8508	8508	1	0.0
8535	8524	1	0.0
8405	8413	1	0.0
8576	8576	1	0.0
8535	8525	1	0.0
8506	8506	1	0.0
8450	8442	1	0.0
8408	8406	1	0.0
8436	8436	1	0.0
8570	8570	1	0.0
8547	8547	1	0.0
8535	8526	1	0.0
8482	8482	1	0.0
8426	8426	1	0.0
8595	8595	1	0.0
8491	8491	1	0.0
8526	8526	1	0.0
8538	8538	1	0.0
8613	8605	1	0.0
8378	8387	1	0.0
8479	8479	1	0.0
8468	8473	1	0.0
8506	8511	1	0.0
8406	8406	1	0.0
8522	8522	1	0.0
8570	8578	1	0.0
8603	8603	1	0.0
8506	8512	1	0.0
8406	8408	1	0.0
8426	8431	1	0.0
8468	8474	1	0.0
8406	8409	1	0.0
8506	8513	1	0.0
8426	8432	1	0.0
8406	8410	1	0.0
8479	8485	1	0.0
8469	8469	1	0.0
8551	8551	1	0.0
8529	8521	1	0.0
8579	8579	1	0.0
8538	8544	1	0.0
8613	8613	1	0.0
8479	8486	1	0.0
8535	8535	1	0.0
8603	8609	1	0.0
8538	8545	1	0.0
8522	8531	1	0.0
8462	8462	1	0.0
8548	8548	1	0.0
8437	8437	1	0.0
8416	8412	1	0.0
8509	8509	1	0.0
8603	8610	1	0.0
8579	8586	1	0.0
8522	8532	1	0.0
8483	8483	1	0.0
8603	8611	1	0.0
8622	8622	1	0.0
8437	8443	1	0.0
8614	8605	1	0.0
8579	8587	1	0.0
8540	8540	1	0.0
8522	8533	1	0.0
8462	8471	1	0.0
8437	8444	1	0.0
8619	8619	1	0.0
8496	8496	1	0.0
8480	8480	1	0.0
8409	8406	1	0.0
8451	8442	1	0.0
8552	8552	1	0.0
8507	8514	1	0.0
8584	8584	1	0.0
8469	8473	1	0.0
8507	8515	1	0.0
8480	8485	1	0.0
8438	8438	1	0.0
8597	8602	1	0.0
8469	8474	1	0.0
8533	8522	1	0.0
8510	8505	1	0.0
8480	8486	1	0.0
8608	8608	1	0.0
8518	8510	1	0.0
8597	8603	1	0.0
8623	8623	1	0.0
8438	8443	1	0.0
8523	8523	1	0.0
8417	8412	1	0.0
8533	8523	1	0.0
8580	8580	1	0.0
8597	8604	1	0.0
8552	8558	1	0.0
8492	8485	1	0.0
8492	8486	1	0.0
8552	8559	1	0.0
8580	8586	1	0.0
8580	8587	1	0.0
8604	8609	1	0.0
8427	8433	1	0.0
8539	8539	1	0.0
8512	8512	1	0.0
8604	8610	1	0.0
8523	8531	1	0.0
8501	8501	1	0.0
8481	8481	1	0.0
8492	8492	1	0.0
8427	8434	1	0.0
8604	8611	1	0.0
8523	8532	1	0.0
8555	8555	1	0.0
8427	8435	1	0.0
8470	8475	1	0.0
8624	8624	1	0.0
8598	8598	1	0.0
8481	8485	1	0.0
8470	8476	1	0.0
8430	8424	1	0.0
8553	8553	1	0.0
8523	8533	1	0.0
8481	8486	1	0.0
8539	8546	1	0.0
8472	8463	1	0.0
8508	8514	1	0.0
8581	8581	1	0.0
8519	8510	1	0.0
8472	8464	1	0.0
8508	8515	1	0.0
8472	8465	1	0.0
8415	8412	1	0.0
8472	8466	1	0.0
8571	8571	1	0.0
8598	8605	1	0.0
8601	8593	1	0.0
8533	8524	1	0.0
8605	8612	1	0.0
8601	8594	1	0.0
8571	8578	1	0.0
8519	8519	1	0.0
8556	8556	1	0.0
8605	8613	1	0.0
8593	8593	1	0.0
8482	8487	1	0.0
8533	8525	1	0.0
8585	8585	1	0.0
8605	8614	1	0.0
8625	8625	1	0.0
8482	8488	1	0.0
8533	8526	1	0.0
8509	8516	1	0.0
8608	8601	1	0.0
8484	8478	1	0.0
8582	8582	1	0.0
8509	8517	1	0.0
8526	8534	1	0.0
8620	8620	1	0.0
8509	8518	1	0.0
8471	8477	1	0.0
8526	8535	1	0.0
8512	8506	1	0.0
8473	8467	1	0.0
8593	8601	1	0.0
8473	8468	1	0.0
8473	8469	1	0.0
8557	8557	1	0.0
8599	8605	1	0.0
8483	8489	1	0.0
8583	8583	1	0.0
8601	8595	1	0.0
8544	8538	1	0.0
8554	8554	1	0.0
8485	8479	1	0.0
8601	8596	1	0.0
8520	8511	1	0.0
8485	8480	1	0.0
8601	8597	1	0.0
8520	8512	1	0.0
8485	8481	1	0.0
8474	8467	1	0.0
8513	8506	1	0.0
8607	8601	1	0.0
8594	8594	1	0.0
8474	8468	1	0.0
8520	8513	1	0.0
8474	8469	1	0.0
8586	8579	1	0.0
8586	8580	1	0.0
8463	8463	1	0.0
8600	8606	1	0.0
8594	8601	1	0.0
8602	8595	1	0.0
8586	8586	1	0.0
8602	8596	1	0.0
8602	8597	1	0.0
8587	8579	1	0.0
8463	8472	1	0.0
8486	8479	1	0.0
8572	8572	1	0.0
8587	8580	1	0.0
8486	8480	1	0.0
8511	8506	1	0.0
8486	8481	1	0.0
8609	8602	1	0.0
8626	8618	1	0.0
8587	8587	1	0.0
8609	8603	1	0.0
8609	8604	1	0.0
8603	8595	1	0.0
8543	8538	1	0.0
8603	8596	1	0.0
8626	8626	1	0.0
8558	8552	1	0.0
8603	8597	1	0.0
8558	8558	1	0.0
8559	8552	1	0.0
8595	8602	1	0.0
8595	8603	1	0.0
8604	8595	1	0.0
8595	8604	1	0.0
8610	8602	1	0.0
8604	8596	1	0.0
8610	8603	1	0.0
8604	8597	1	0.0
8610	8604	1	0.0
8559	8559	1	0.0
8560	8560	1	0.0
