2	3	1
4	0	2
5	6	1
7	3	1
2	8	1
3	8	1
7	8	1
11	12	1
13	14	2
15	16	1
17	18	1
15	17	1
15	18	1
20	16	1
15	20	1
20	17	1
21	22	0
16	17	1
21	23	0
19	18	1
14	24	0
20	18	1
15	19	1
27	28	1
25	29	1
30	31	0
32	30	1
26	29	1
33	34	0
35	36	0
33	31	0
30	34	0
28	25	0
28	26	0
30	33	1
40	36	0
26	41	1
41	29	1
32	33	1
27	38	1
38	28	1
25	41	1
37	28	1
44	45	0
46	47	0
44	48	1
49	43	1
50	47	2
46	50	0
51	52	1
53	54	1
55	56	1
57	58	0
59	60	1
61	62	1
63	64	1
65	56	1
66	67	0
68	69	1
70	67	0
71	72	2
65	64	1
73	74	1
58	74	1
55	63	1
76	77	0
78	62	1
79	80	1
81	73	0
82	61	0
83	84	1
85	86	0
89	90	0
91	92	1
59	85	1
93	57	1
75	94	0
95	96	0
75	67	0
62	73	0
92	99	0
100	58	0
101	65	1
103	104	2
90	107	1
111	112	1
106	113	1
114	115	1
117	118	1
119	120	2
121	122	1
68	123	1
125	119	1
101	55	1
56	64	1
123	116	1
65	55	1
119	126	1
127	128	1
92	129	0
130	123	1
131	103	2
77	132	1
129	133	0
71	77	1
134	135	1
136	98	1
139	77	1
102	64	1
117	140	2
141	100	1
142	95	1
57	61	0
60	127	1
56	63	1
102	63	1
143	141	1
89	59	0
93	141	1
90	59	0
134	144	0
93	82	1
145	68	0
93	100	1
89	85	1
139	71	0
106	98	1
147	94	0
138	133	0
70	147	0
124	112	2
102	55	0
116	91	0
58	78	1
90	60	1
122	68	0
53	148	0
136	113	1
137	92	1
149	150	1
122	145	0
134	151	1
67	94	0
73	152	1
133	115	1
153	121	0
123	137	1
154	118	1
61	78	1
141	57	0
111	141	1
71	76	1
87	155	0
111	156	1
122	130	0
114	96	1
81	62	1
74	152	0
112	141	1
77	72	0
143	93	1
79	102	1
58	62	1
54	59	0
143	112	1
58	152	1
107	86	0
140	118	1
82	81	0
139	132	1
70	75	1
81	58	0
71	132	1
145	130	0
123	69	1
61	73	0
60	128	1
157	66	0
144	135	1
114	95	1
158	106	1
155	88	1
134	159	1
111	93	1
142	115	1
107	128	1
79	65	1
81	78	1
78	73	0
61	81	1
120	158	1
98	124	1
89	107	1
61	74	1
129	99	0
87	160	0
60	85	1
129	138	0
79	101	0
159	135	1
145	69	1
161	157	1
80	63	1
69	137	1
131	162	1
59	107	1
100	61	0
141	82	0
151	135	1
85	127	1
133	142	1
101	80	1
69	116	1
124	143	0
80	64	1
127	86	0
81	74	1
82	58	0
115	95	1
108	92	1
152	139	1
135	125	0
110	162	1
126	120	0
62	152	0
99	133	0
61	58	0
79	55	1
123	91	1
130	68	0
69	91	1
91	137	1
154	140	1
124	111	0
100	82	0
133	114	1
73	139	1
93	156	0
155	160	0
156	100	1
102	80	2
55	64	1
117	154	0
136	106	0
159	144	0
144	151	1
151	119	1
101	102	1
66	70	0
163	164	0
165	166	0
167	168	1
169	170	0
171	172	0
173	174	1
175	176	1
177	178	0
179	180	0
181	182	0
183	184	0
184	185	0
190	191	1
192	193	0
194	195	0
196	197	1
200	168	1
204	205	1
206	185	0
188	207	1
208	167	1
209	180	0
210	191	1
194	215	0
216	217	1
174	218	1
184	206	2
194	202	0
179	219	1
220	213	2
171	192	0
215	195	0
221	207	1
213	222	0
168	223	1
224	205	1
167	226	1
223	227	1
206	228	0
207	203	2
177	181	0
163	225	0
229	230	0
231	232	0
232	216	0
180	196	1
225	233	1
214	234	1
195	209	1
208	191	1
198	235	1
230	203	1
236	211	1
205	184	1
226	223	1
208	200	1
237	236	1
192	172	0
193	238	1
169	228	0
221	230	0
179	209	1
236	212	1
195	179	1
208	168	1
166	239	1
178	182	0
182	198	1
187	196	0
237	211	1
173	218	1
172	193	2
177	182	0
219	186	1
178	181	0
191	168	1
241	198	0
187	197	1
207	189	0
235	190	0
210	190	0
190	208	1
180	187	1
182	241	1
199	190	0
233	164	0
235	210	1
224	183	1
165	239	0
229	207	1
168	226	0
228	170	1
205	183	1
242	243	1
244	245	0
246	247	0
248	249	0
250	251	1
252	244	1
253	247	0
254	255	0
253	256	0
246	256	0
259	245	0
260	249	0
261	257	1
262	263	1
262	264	1
257	248	0
265	257	0
257	249	0
267	261	1
268	269	1
270	250	0
266	247	0
261	248	1
259	252	2
247	265	1
260	258	0
260	261	0
271	243	1
255	272	0
263	273	1
267	260	1
265	260	0
260	248	0
249	271	1
262	273	1
274	275	1
256	247	0
261	249	0
247	267	1
272	276	1
277	254	1
245	250	1
255	276	1
251	277	0
263	264	1
254	272	0
259	244	1
265	261	0
266	256	0
275	278	0
279	280	1
283	284	1
282	285	1
286	287	0
288	285	1
287	282	1
289	286	0
290	283	1
288	287	0
286	281	0
287	285	1
283	279	1
291	292	1
291	293	1
294	295	0
296	297	1
298	299	1
296	300	0
292	301	0
301	302	0
292	303	0
304	305	1
303	302	1
302	299	1
299	304	1
292	302	0
303	298	1
300	297	1
294	297	1
298	306	1
301	299	1
307	308	0
308	309	1
297	307	0
295	300	1
300	307	1
305	310	0
295	296	1
294	296	1
294	307	1
295	307	1
301	303	0
302	298	1
301	298	1
299	306	1
309	291	0
311	312	0
313	314	1
317	318	0
319	312	1
312	322	0
323	324	1
327	328	0
329	330	0
331	332	1
333	334	0
335	336	1
319	337	1
321	338	1
330	339	0
322	337	1
340	341	0
342	320	1
333	316	0
333	315	0
343	314	1
325	344	0
316	334	0
330	332	1
345	337	2
312	345	1
333	342	0
338	340	1
324	346	1
319	317	1
324	344	1
337	335	1
315	342	0
346	326	0
347	319	0
312	317	1
319	345	1
348	314	1
315	334	0
331	327	1
330	327	1
311	319	0
349	326	1
351	315	0
325	352	0
350	315	0
336	315	0
318	322	0
349	346	1
318	335	1
322	336	1
353	347	1
316	342	0
354	338	1
346	352	0
350	351	0
317	345	1
317	322	0
355	356	0
325	324	0
357	358	1
359	360	0
349	324	0
349	352	0
329	339	0
358	348	1
324	326	1
340	361	0
312	318	2
318	337	1
325	346	1
324	352	0
323	349	1
361	358	1
339	327	1
318	350	1
351	342	0
322	335	1
346	344	0
345	318	0
341	357	0
325	349	0
351	334	0
358	343	1
337	350	1
345	350	1
321	354	1
350	336	1
323	325	1
329	331	0
349	344	2
339	332	1
326	344	0
319	318	1
335	315	0
362	363	0
364	365	0
366	365	0
365	362	1
367	368	1
366	367	2
364	367	0
367	365	0
364	368	1
366	364	1
368	365	0
366	368	1
369	370	0
369	371	0
372	369	1
373	371	0
374	369	1
375	376	0
370	373	0
372	374	1
375	377	0
369	373	0
373	378	0
375	372	0
372	376	0
376	371	0
378	371	1
369	378	0
375	369	1
377	374	1
376	369	1
374	371	0
377	376	1
376	378	0
375	374	1
374	378	0
376	370	1
374	373	0
376	373	1
370	378	0
374	370	1
376	374	1
379	380	1
381	382	0
383	384	1
385	386	0
387	388	0
389	390	1
391	388	0
392	389	0
381	392	0
384	393	1
394	395	1
396	397	1
395	398	0
389	397	1
397	399	1
401	402	0
389	396	1
397	403	1
396	390	1
387	381	1
392	396	0
393	394	2
394	398	0
380	405	0
406	380	1
400	384	1
385	383	0
395	387	0
399	406	0
381	408	0
392	382	0
401	385	1
396	409	0
401	384	0
402	383	0
395	388	0
406	410	1
391	387	0
379	405	0
386	393	0
401	400	0
396	403	1
388	404	1
408	396	1
402	386	1
391	404	2
395	407	0
379	406	0
405	410	0
392	408	0
386	384	0
409	399	1
385	402	0
404	381	1
385	400	0
388	381	1
396	411	1
382	389	1
401	386	0
379	410	0
390	399	1
401	383	0
387	404	1
389	411	1
412	413	0
414	415	1
414	416	0
419	415	1
413	420	1
412	420	0
416	415	1
421	422	1
418	419	0
418	416	0
415	421	0
422	412	1
419	416	0
418	414	0
425	426	1
427	428	0
427	426	0
429	430	1
431	432	1
426	428	0
431	435	1
436	437	1
438	439	1
440	441	0
443	444	1
428	445	0
428	438	1
446	447	1
440	448	1
447	435	1
449	432	1
450	433	1
430	446	0
440	451	1
450	443	1
441	451	1
447	449	1
448	452	1
450	437	1
425	427	1
444	425	0
452	423	0
447	431	1
437	442	1
434	444	1
453	446	0
441	448	1
450	442	1
445	438	1
453	430	0
434	425	0
439	454	0
454	441	2
451	452	1
442	444	1
433	444	1
449	435	1
429	446	0
429	453	1
449	431	1
437	433	1
427	445	0
455	456	1
457	458	0
457	459	0
456	460	0
461	458	1
462	463	1
464	465	2
466	467	0
468	469	1
470	466	1
471	459	0
472	462	0
473	459	0
474	471	1
475	472	1
477	478	1
479	477	0
463	480	0
473	479	1
461	459	0
476	470	0
483	484	1
458	473	0
485	484	1
480	456	1
474	461	1
485	483	0
457	473	0
459	486	1
487	471	1
488	480	0
489	481	0
463	469	0
488	469	0
463	468	0
474	487	0
462	490	1
481	476	1
488	463	1
461	457	1
468	480	1
473	486	1
482	467	2
467	464	1
471	461	0
469	456	1
488	468	0
469	455	1
487	461	1
462	488	2
460	474	1
457	479	0
490	469	0
490	468	0
482	466	1
459	479	1
468	455	1
488	490	1
468	456	1
457	486	1
493	494	0
495	496	1
497	498	1
499	500	1
500	501	0
498	502	1
503	504	0
505	506	1
508	502	1
509	510	0
496	511	0
512	513	1
495	494	0
505	514	0
494	515	1
516	517	1
518	493	1
519	520	0
521	510	0
506	517	1
510	522	1
523	513	1
503	507	0
524	492	0
500	525	0
514	526	1
496	515	0
513	528	0
529	499	0
513	524	1
530	497	1
530	515	1
531	500	0
505	526	1
493	530	0
494	511	1
532	533	0
534	503	1
491	528	0
535	507	0
506	516	1
529	507	0
525	520	1
518	495	1
491	524	1
497	508	0
536	535	1
528	524	1
529	504	0
529	503	1
511	497	1
511	498	1
535	503	1
532	521	0
520	532	1
534	529	1
518	494	0
527	522	1
537	536	0
525	519	1
495	493	1
493	511	0
530	498	1
531	504	0
515	497	1
497	502	1
528	492	1
538	534	0
515	498	1
531	501	0
496	530	0
536	538	1
511	508	1
504	500	1
533	509	1
518	496	1
531	499	0
496	494	0
506	526	1
538	535	1
502	537	1
494	530	1
534	535	1
503	499	0
520	533	1
539	540	0
540	541	1
541	542	1
543	539	0
544	545	1
539	542	1
539	541	1
546	547	1
549	540	0
544	548	1
543	540	0
549	539	0
543	549	0
545	546	1
552	553	1
553	554	0
555	556	0
557	558	1
559	560	0
561	556	0
562	560	0
563	564	0
565	566	0
564	567	0
568	550	0
569	570	1
571	550	1
552	554	1
572	553	1
567	571	1
559	573	1
574	575	0
576	567	0
577	578	0
579	557	1
580	578	1
561	557	0
566	562	1
581	582	1
555	557	0
584	563	1
573	572	1
579	555	1
570	586	0
580	586	1
582	556	0
562	559	0
581	556	0
580	570	1
565	575	0
579	556	0
569	580	0
567	568	1
568	587	0
588	567	2
587	590	1
591	574	1
579	581	1
575	560	0
580	577	1
553	569	0
571	587	1
581	557	1
583	563	1
557	582	1
576	588	0
591	565	1
587	550	1
592	585	1
560	573	1
561	582	0
575	562	1
570	578	2
551	593	1
586	578	1
561	581	0
582	558	1
563	588	0
590	593	1
577	586	0
576	564	0
568	571	0
550	590	1
587	551	1
592	583	1
556	558	1
592	584	1
592	563	1
590	551	0
572	552	0
552	569	1
566	575	1
566	574	1
595	596	1
597	598	1
597	599	0
600	601	0
595	598	1
596	598	1
602	595	0
603	600	2
603	604	0
595	597	1
599	605	1
596	597	1
606	607	1
605	598	1
596	599	1
599	598	1
595	605	1
608	609	1
610	611	1
612	613	1
610	614	1
615	616	1
608	610	1
608	614	1
617	618	0
619	620	0
621	622	1
623	624	1
625	626	1
618	627	1
625	611	1
619	629	0
621	620	1
624	629	0
625	630	1
631	609	0
614	611	1
621	619	1
620	617	1
614	625	1
621	629	1
629	617	1
611	630	1
621	623	1
620	624	1
620	618	1
620	622	1
632	631	1
633	634	1
626	630	1
620	629	1
623	619	1
635	621	2
610	625	1
635	623	1
610	626	1
630	612	0
629	618	0
624	618	0
636	637	0
638	639	0
641	638	1
636	638	0
642	641	0
637	638	0
642	637	0
643	644	0
636	641	0
637	641	0
636	642	0
642	639	0
636	646	0
639	647	1
640	647	1
646	641	0
637	640	0
648	649	1
650	651	1
652	653	1
654	651	1
654	652	1
652	651	1
650	656	1
654	656	1
653	648	0
650	654	1
655	649	1
655	648	0
656	652	0
659	657	1
661	662	1
658	663	1
664	660	0
659	660	1
657	665	1
666	667	0
661	668	1
660	666	1
665	669	0
664	657	0
664	665	1
669	663	1
663	666	1
670	664	1
665	658	0
667	671	1
658	666	1
670	660	1
669	666	1
672	662	1
659	665	1
657	666	1
658	669	1
657	669	1
672	661	1
657	663	1
660	669	1
659	664	1
660	665	1
660	663	1
665	663	1
662	668	1
670	659	1
660	657	2
670	665	1
670	657	1
670	658	1
673	674	1
675	674	1
673	675	0
676	677	0
678	676	1
679	680	1
679	681	1
682	680	2
683	684	0
681	680	1
685	684	1
679	682	1
682	683	0
681	682	1
683	685	0
686	687	1
688	686	1
689	690	1
691	690	1
692	691	0
693	687	1
694	693	1
688	693	1
694	688	1
695	696	1
699	700	0
695	698	1
701	702	1
697	695	0
703	704	0
705	706	1
707	708	1
696	698	1
710	711	1
712	713	0
714	715	1
704	702	1
716	700	0
717	698	1
718	700	0
710	719	1
720	721	1
722	723	1
695	724	1
701	725	1
704	725	1
728	704	0
729	715	1
730	699	1
709	728	1
719	707	0
711	719	1
726	721	1
712	708	0
733	734	1
733	735	1
731	710	0
736	728	1
724	738	0
704	739	1
735	710	0
736	703	0
737	728	1
712	740	0
727	736	0
738	728	1
702	741	1
727	728	1
732	711	0
742	695	0
743	729	1
718	742	1
703	739	1
736	704	0
710	732	1
725	741	1
695	737	1
744	700	0
730	745	1
714	729	1
730	744	1
726	720	1
724	709	1
744	716	2
707	712	1
696	717	0
744	718	0
701	739	1
740	713	0
746	747	1
742	697	1
723	743	0
748	733	1
726	741	1
734	735	1
713	705	1
739	741	1
727	738	0
738	703	2
737	738	0
695	727	1
731	711	0
709	738	0
714	743	0
738	704	0
748	734	1
736	701	1
701	704	0
698	738	0
724	728	1
741	721	1
739	726	1
743	715	1
720	746	1
709	736	0
739	702	1
697	717	0
745	699	1
745	744	1
735	731	1
737	736	0
725	702	1
728	703	0
724	727	1
697	696	0
717	709	1
700	742	1
698	728	1
735	711	0
750	751	1
750	752	1
752	753	1
751	754	0
751	752	0
755	753	1
756	750	0
751	753	1
757	758	0
755	759	1
760	755	0
760	751	1
760	750	0
753	754	0
750	759	1
755	751	1
752	754	0
760	752	1
761	757	1
750	755	1
754	761	1
750	753	1
756	755	0
761	758	0
759	752	0
755	752	1
759	754	0
762	763	1
764	765	1
766	764	0
769	770	1
770	771	2
766	765	1
771	774	1
775	776	1
773	765	1
767	777	1
778	763	1
776	779	1
768	777	1
779	773	0
774	780	1
776	780	1
775	780	1
781	768	0
780	772	0
782	769	0
775	774	1
776	774	0
774	779	1
770	776	1
771	779	1
777	778	0
780	773	0
772	765	1
765	781	1
779	772	0
771	776	1
764	773	1
771	780	1
783	784	1
789	783	0
790	791	0
787	792	1
793	794	0
795	785	0
795	786	0
783	797	1
787	798	1
799	790	1
787	793	1
800	788	1
787	800	0
800	792	1
795	801	0
785	801	1
794	802	1
796	786	0
803	799	1
800	793	1
803	804	2
788	794	1
785	796	1
798	793	1
799	805	0
804	805	0
790	785	0
788	802	1
804	790	1
796	801	0
797	806	1
805	790	1
799	804	0
803	805	0
795	791	0
807	808	1
809	810	0
811	809	1
807	811	0
809	812	0
811	808	1
808	809	1
812	813	0
814	815	2
816	813	0
810	816	0
818	819	1
817	820	0
812	816	0
819	811	0
818	811	0
819	808	1
821	822	1
823	822	1
824	825	0
825	826	1
827	828	1
829	822	1
825	828	1
825	827	1
827	826	1
826	828	2
829	823	0
830	821	0
831	821	1
829	831	0
831	823	2
831	822	1
829	830	1
824	832	0
828	833	2
830	831	0
821	823	0
824	827	0
829	821	2
832	828	1
832	833	1
830	823	0
830	822	2
825	832	1
834	835	0
836	837	0
838	839	0
840	841	0
836	842	1
843	844	1
845	846	0
847	840	2
848	849	0
851	852	0
853	854	1
851	855	0
835	856	1
857	858	0
859	860	1
854	841	0
861	862	1
853	863	1
836	864	0
854	863	0
865	841	1
865	839	0
853	851	1
866	867	0
850	854	1
857	853	0
860	869	0
870	850	0
836	860	1
859	869	0
871	844	1
835	846	0
839	852	1
857	850	0
844	849	0
847	857	1
838	853	0
837	860	1
872	873	1
837	864	0
854	874	1
865	875	1
876	868	1
877	878	0
851	875	0
849	880	1
852	877	1
870	851	0
879	881	1
872	871	1
847	865	0
849	867	0
869	882	1
837	842	1
880	883	1
850	853	0
852	843	0
847	850	0
870	839	0
851	874	1
848	867	0
850	858	0
854	852	1
836	882	1
865	855	1
850	840	1
865	854	1
837	868	1
850	839	0
884	877	1
870	865	0
840	839	0
869	864	0
851	839	0
884	871	2
870	838	0
872	844	1
856	885	0
866	886	2
859	842	2
843	872	0
845	835	0
873	848	1
887	862	1
885	881	1
841	839	0
838	875	1
859	864	0
841	874	1
879	888	1
855	874	1
853	875	1
843	877	1
876	882	1
876	842	1
856	888	1
873	844	1
878	848	1
870	875	0
834	856	1
837	869	1
847	858	0
857	870	1
838	855	1
859	882	1
837	882	1
838	858	0
871	878	1
858	841	1
850	851	1
873	867	0
889	883	1
843	871	0
870	853	0
878	866	1
875	839	0
847	870	1
841	863	0
868	864	0
853	855	1
858	853	0
852	872	0
850	863	0
857	838	0
855	839	0
853	841	1
870	841	0
840	853	0
841	852	1
863	852	1
838	865	0
880	889	0
878	849	2
868	869	0
871	873	1
876	864	0
852	874	1
855	852	2
880	886	1
864	882	1
848	880	2
888	881	1
851	841	0
888	885	0
878	844	1
854	839	0
874	843	0
840	875	0
859	876	0
876	860	1
870	858	0
879	885	0
838	840	1
850	855	1
842	864	0
875	855	1
865	851	1
865	858	1
860	864	0
849	886	1
845	856	1
834	846	0
859	837	0
874	871	0
852	871	0
878	867	0
840	851	1
839	874	1
858	875	1
884	844	1
842	882	1
875	852	1
863	874	1
874	884	0
870	840	0
840	863	0
868	882	1
872	884	1
870	863	0
844	867	0
840	854	0
858	839	0
851	854	0
866	880	0
847	838	0
836	876	0
851	863	0
872	877	1
842	869	0
858	855	1
839	863	1
841	855	1
858	854	1
870	854	0
858	851	1
876	869	1
846	856	1
875	863	0
850	838	2
871	877	1
867	886	1
857	865	0
870	855	0
862	857	1
860	842	0
873	878	0
855	863	0
866	849	0
875	841	0
840	858	0
890	891	2
892	893	1
894	895	1
896	897	1
898	895	1
899	900	1
901	890	1
902	903	1
899	902	1
904	900	0
905	898	0
898	890	1
901	906	1
903	907	1
898	894	1
908	907	1
897	909	2
892	902	0
908	903	1
892	903	2
890	910	1
907	905	0
902	907	1
901	894	1
909	911	1
892	907	1
903	905	0
893	901	0
905	894	0
898	910	1
906	910	1
895	913	0
899	892	1
891	914	1
893	905	0
915	892	0
891	896	1
914	913	0
900	892	2
908	905	1
903	901	0
896	913	0
915	902	0
892	908	0
913	897	1
910	913	0
894	910	1
904	899	0
902	893	1
890	895	1
898	891	1
907	901	0
905	890	0
912	915	1
915	899	0
908	893	1
893	907	1
894	906	1
905	901	0
900	902	0
895	896	1
906	895	1
910	895	0
890	906	1
910	896	0
916	917	1
918	919	1
920	918	0
920	919	0
921	922	1
922	923	1
922	924	0
925	926	1
929	930	1
931	932	2
932	933	1
934	935	1
936	937	1
940	941	1
941	931	1
943	921	0
936	944	0
928	945	1
937	946	0
928	930	1
944	946	1
925	947	0
948	922	1
949	950	1
950	941	1
921	951	1
922	952	1
953	949	0
930	945	1
954	939	0
952	924	0
935	955	0
951	922	1
927	930	1
953	941	1
956	946	0
957	935	1
943	948	0
949	941	1
930	958	1
959	960	1
946	957	1
927	929	0
961	962	0
933	962	0
963	964	0
940	950	1
965	960	1
964	951	0
964	948	0
966	959	1
955	930	1
923	924	0
964	943	1
967	963	1
953	940	0
943	951	0
929	928	1
952	923	1
957	934	1
932	961	1
962	967	0
955	928	1
935	927	2
944	937	1
946	934	1
943	922	2
945	958	0
956	936	0
942	938	0
950	931	1
954	938	0
956	944	0
936	946	1
964	921	0
926	947	0
948	951	1
933	961	1
953	950	2
962	963	0
949	940	1
968	969	1
970	968	0
971	972	0
973	974	2
975	976	2
977	978	1
979	980	0
975	977	0
981	968	0
984	978	0
984	985	1
977	984	1
972	983	0
986	987	1
988	989	1
986	990	1
973	980	1
982	989	1
978	987	1
972	988	1
991	987	0
978	985	1
972	969	0
969	982	0
968	971	1
985	987	0
979	973	0
971	969	0
976	986	0
978	990	1
986	985	1
978	991	1
976	978	0
984	990	0
969	983	0
988	982	0
971	983	0
986	984	1
976	977	0
986	991	1
971	988	2
976	984	0
972	982	0
985	990	0
971	982	0
969	988	1
991	985	0
992	993	0
994	995	1
996	994	2
992	995	1
997	998	1
999	1000	1
1005	1006	1
1006	1007	0
1008	996	1
1002	1009	1
1010	1011	1
1012	992	0
1013	1014	0
1007	1004	1
994	1015	0
1012	1016	1
997	1017	0
1011	998	1
1017	1018	1
1019	1020	1
995	993	0
1002	1020	1
1008	1021	1
1009	1022	0
1015	993	1
998	1023	0
1021	992	0
1024	1020	1
1025	994	0
1026	1027	0
992	1028	0
1015	1029	1
1030	1007	0
1022	1031	1
1013	1008	0
1025	1012	0
1016	992	0
1027	1032	1
1025	1021	0
1000	1010	0
1031	1027	0
1015	1001	1
994	1028	0
1029	1020	1
1026	1033	0
1006	1003	0
1008	1025	1
1007	1013	1
1003	1013	1
995	1015	0
1011	1023	0
1026	1032	0
1034	1035	1
1028	1029	1
1033	1032	2
1025	996	0
1012	994	1
1023	1017	0
997	1023	0
1025	992	0
1034	1036	1
1011	1017	0
996	995	1
1003	1014	1
1032	1037	0
1029	1002	0
1010	997	1
1016	995	1
994	1016	0
993	1029	1
996	1012	0
1030	1013	1
1030	1004	0
994	993	0
996	1016	0
996	992	0
1001	1024	0
1013	1004	0
1019	1022	1
998	1018	1
998	1017	0
994	992	0
1012	995	1
1002	1022	2
1029	1019	0
1012	1021	1
993	1028	0
1001	1020	1
1009	1019	0
997	1011	2
1016	1015	0
1023	1018	1
1028	1001	1
1030	1014	0
1029	1022	0
1003	1007	0
996	1021	0
1027	1033	1
1015	1009	1
992	1015	0
993	1001	1
1035	1038	0
1039	1010	0
1021	995	1
1015	1002	1
1033	1037	0
993	1009	1
1016	993	0
1001	1029	1
1009	1024	0
1024	1031	1
1029	1009	1
1004	1008	0
1002	1019	0
1002	1024	0
1024	1022	1
1028	1002	1
1001	1019	0
1007	1014	1
1014	1008	0
1040	1041	1
1042	1043	0
1044	1045	1
1045	1046	0
1047	1048	0
1049	1050	0
1051	1052	0
1053	1054	0
1054	1055	1
1056	1050	0
1057	1058	0
1059	1042	0
1060	1061	2
1062	1053	1
1062	1056	0
1056	1053	1
1063	1044	1
1047	1064	0
1065	1063	1
1047	1066	0
1042	1060	0
1067	1040	0
1059	1060	0
1055	1068	1
1043	1065	1
1045	1069	2
1070	1071	1
1057	1068	1
1042	1070	0
1069	1046	0
1047	1046	0
1072	1059	1
1055	1057	0
1072	1060	0
1074	1061	0
1069	1048	0
1075	1062	1
1061	1071	1
1076	1072	0
1051	1072	0
1061	1065	1
1074	1043	0
1053	1050	0
1071	1063	0
1054	1057	0
1045	1047	0
1046	1066	0
1070	1063	1
1061	1070	0
1043	1070	1
1050	1055	1
1049	1054	0
1055	1058	0
1052	1072	0
1070	1065	1
1069	1047	0
1059	1061	0
1071	1044	1
1060	1070	0
1067	1041	2
1068	1073	2
1065	1071	1
1054	1058	0
1045	1048	0
1074	1070	0
1048	1064	1
1064	1066	0
1050	1057	0
1049	1053	2
1048	1046	2
1051	1076	0
1054	1050	0
1046	1064	1
1043	1061	1
1072	1042	1
1062	1049	1
1058	1068	1
1076	1052	1
1060	1074	1
1065	1044	1
1050	1058	0
1077	1078	2
1079	1080	1
1081	1082	1
1083	1084	1
1079	1085	1
1086	1087	0
1088	1089	0
1083	1088	1
1090	1091	1
1086	1092	1
1080	1083	0
1083	1093	1
1094	1095	0
1096	1097	1
1098	1091	1
1100	1101	1
1102	1082	0
1103	1081	2
1080	1104	1
1105	1083	2
1106	1100	1
1107	1108	0
1108	1109	0
1085	1093	0
1110	1086	0
1090	1103	1
1097	1086	0
1111	1112	2
1114	1095	0
1115	1105	0
1110	1097	0
1107	1102	1
1116	1090	0
1113	1089	0
1104	1089	2
1116	1108	0
1091	1081	0
1117	1090	0
1090	1108	1
1084	1113	1
1118	1119	1
1120	1106	0
1114	1121	1
1122	1111	1
1098	1103	1
1100	1123	1
1124	1112	1
1105	1085	1
1091	1103	0
1126	1078	0
1113	1110	1
1113	1096	0
1112	1127	0
1115	1080	0
1128	1116	1
1084	1093	1
1129	1130	0
1080	1088	1
1102	1109	0
1096	1087	0
1105	1084	1
1131	1096	0
1132	1133	0
1094	1114	0
1134	1117	0
1118	1123	0
1122	1133	2
1135	1092	0
1097	1092	0
1125	1078	2
1080	1105	0
1128	1098	0
1111	1133	0
1104	1113	1
1111	1127	0
1112	1132	1
1136	1137	0
1082	1129	1
1138	1101	1
1126	1077	0
1134	1090	0
1134	1091	1
1079	1083	0
1089	1110	1
1100	1118	1
1124	1133	0
1098	1090	2
1103	1102	1
1103	1109	1
1119	1139	1
1091	1102	1
1085	1084	0
1080	1085	1
1124	1132	1
1117	1107	1
1089	1131	1
1098	1107	1
1121	1136	0
1097	1087	0
1105	1088	1
1124	1111	1
1086	1135	1
1082	1130	1
1094	1121	1
1127	1128	1
1134	1098	0
1098	1108	1
1133	1127	0
1080	1084	0
1113	1131	1
1102	1081	0
1128	1090	0
1106	1138	1
1110	1096	0
1124	1122	0
1117	1103	1
1111	1132	1
1116	1107	2
1080	1093	1
1132	1127	0
1093	1089	2
1138	1123	1
1117	1108	1
1093	1131	1
1097	1135	0
1099	1114	1
1115	1083	0
1112	1133	0
1104	1131	1
1139	1126	1
1084	1089	1
1088	1084	0
1116	1103	0
1101	1118	0
1122	1132	1
1123	1119	1
1085	1104	0
1136	1140	1
1090	1107	1
1117	1098	0
1134	1108	1
1107	1081	0
1089	1096	0
1116	1098	0
1095	1121	1
1137	1140	1
1093	1113	1
1139	1077	0
1122	1112	1
1084	1131	1
1101	1123	0
1110	1087	0
1079	1088	1
1105	1093	1
1077	1125	2
1141	1142	1
1143	1144	1
1145	1146	0
1144	1147	1
1146	1148	0
1142	1149	0
1150	1143	0
1151	1152	1
1153	1154	0
1155	1147	1
1148	1144	1
1150	1146	0
1144	1155	1
1153	1147	1
1156	1152	1
1157	1150	1
1151	1156	1
1147	1154	0
1158	1143	0
1150	1158	1
1158	1148	0
1146	1143	0
1157	1158	1
1143	1155	1
1143	1153	1
1148	1153	1
1148	1155	1
1159	1160	0
1161	1162	1
1163	1164	2
1165	1166	1
1167	1166	1
1168	1169	0
1170	1171	0
1172	1159	1
1173	1164	0
1172	1174	1
1175	1170	0
1161	1174	1
1177	1178	0
1174	1159	0
1163	1167	1
1160	1177	1
1166	1173	0
1159	1177	1
1172	1162	1
1167	1173	1
1175	1171	0
1165	1173	0
1166	1164	0
1163	1173	1
1167	1164	0
1161	1160	0
1176	1163	0
1161	1172	0
1159	1162	1
1165	1167	0
1174	1160	0
1171	1168	1
1160	1162	1
1179	1180	0
1181	1182	1
1179	1183	0
1184	1185	1
1186	1187	0
1188	1189	1
1190	1179	1
1191	1180	0
1192	1193	2
1187	1194	1
1195	1193	2
1196	1197	0
1186	1198	0
1199	1192	0
1197	1181	0
1200	1196	1
1201	1196	0
1190	1202	1
1179	1202	0
1197	1203	0
1192	1188	1
1193	1189	1
1194	1198	0
1183	1186	1
1187	1198	1
1204	1187	0
1191	1179	1
1183	1194	1
1181	1203	0
1193	1188	1
1200	1201	1
1181	1184	1
1199	1193	0
1190	1180	1
1207	1208	1
1191	1202	0
1179	1204	0
1184	1207	1
1209	1180	1
1208	1210	1
1207	1185	1
1202	1204	1
1211	1189	1
1185	1210	1
1191	1190	0
1200	1197	0
1199	1195	0
1185	1208	1
1202	1183	0
1182	1203	0
1195	1188	1
1203	1184	1
1195	1192	2
1186	1194	1
1180	1204	1
1204	1183	0
1201	1197	0
1209	1190	0
1207	1210	1
1212	1213	2
1214	1215	2
1216	1217	1
1221	1222	0
1223	1217	1
1224	1225	0
1223	1226	1
1226	1224	0
1225	1227	1
1215	1228	1
1226	1225	0
1229	1218	0
1230	1231	0
1220	1232	1
1217	1225	0
1221	1233	1
1234	1235	0
1233	1222	0
1217	1224	0
1230	1227	0
1232	1222	0
1224	1231	0
1224	1230	1
1219	1233	1
1236	1217	1
1234	1213	1
1223	1216	0
1237	1229	1
1225	1230	1
1232	1233	1
1238	1234	1
1219	1221	0
1219	1220	0
1233	1214	0
1239	1212	1
1224	1227	1
1234	1212	1
1234	1239	0
1237	1218	0
1236	1226	1
1240	1216	0
1220	1233	1
1238	1213	1
1238	1235	0
1226	1217	1
1220	1221	1
1219	1222	0
1228	1240	1
1236	1225	0
1216	1236	1
1227	1231	0
1241	1242	0
1243	1244	1
1246	1247	1
1248	1247	1
1249	1250	0
1247	1243	0
1251	1252	1
1252	1253	1
1248	1254	0
1248	1246	0
1255	1253	1
1256	1244	0
1243	1256	1
1257	1250	0
1257	1249	1
1254	1247	1
1258	1255	0
1259	1256	1
1247	1259	1
1252	1255	0
1252	1258	2
1258	1253	1
1257	1260	0
1243	1259	1
1259	1244	1
1253	1260	0
1260	1249	1
1260	1250	1
1250	1242	1
1250	1241	1
1251	1255	1
1261	1262	1
1263	1264	0
1265	1266	1
1267	1268	0
1269	1270	1
1267	1271	0
1272	1273	0
1269	1275	1
1276	1273	2
1277	1278	0
1269	1279	1
1280	1270	0
1261	1281	1
1270	1275	0
1280	1275	0
1279	1275	1
1278	1269	0
1282	1265	1
1278	1279	2
1285	1286	1
1274	1277	1
1280	1279	0
1288	1267	0
1289	1287	0
1264	1274	1
1281	1290	0
1275	1291	1
1289	1267	0
1280	1292	0
1262	1281	1
1285	1282	1
1286	1265	1
1292	1283	1
1270	1283	1
1270	1291	0
1272	1276	0
1271	1268	0
1293	1264	1
1291	1283	1
1293	1274	1
1279	1270	1
1293	1263	1
1280	1291	0
1269	1292	1
1275	1283	1
1285	1265	1
1270	1292	0
1282	1266	1
1279	1291	1
1264	1277	1
1294	1295	1
1296	1297	0
1298	1299	1
1300	1301	1
1302	1303	0
1304	1296	1
1300	1305	2
1301	1306	1
1307	1308	1
1309	1307	0
1310	1311	1
1312	1313	0
1304	1297	1
1314	1295	1
1315	1316	2
1317	1301	1
1309	1308	1
1320	1302	1
1321	1310	2
1322	1323	1
1326	1327	1
1323	1328	1
1329	1302	1
1311	1330	0
1328	1332	1
1333	1334	1
1325	1335	2
1336	1326	0
1296	1335	0
1337	1338	0
1298	1338	0
1339	1340	2
1307	1341	1
1310	1342	1
1316	1333	1
1342	1344	1
1345	1303	0
1338	1299	1
1346	1347	1
1348	1349	1
1304	1325	1
1350	1322	1
1351	1320	0
1309	1341	1
1346	1294	0
1342	1331	2
1342	1311	1
1321	1342	1
1297	1335	2
1353	1354	0
1321	1311	1
1355	1352	1
1356	1314	1
1345	1357	1
1317	1300	0
1319	1317	1
1358	1348	0
1352	1317	1
1339	1313	0
1319	1300	1
1304	1335	1
1356	1346	1
1359	1360	1
1330	1344	1
1319	1305	1
1361	1324	1
1351	1329	0
1317	1306	1
1355	1318	1
1343	1300	0
1318	1352	1
1313	1340	1
1317	1305	0
1362	1363	0
1312	1339	1
1333	1353	1
1325	1297	2
1330	1362	1
1312	1340	1
1341	1312	1
1334	1354	0
1343	1306	1
1310	1331	1
1300	1306	1
1347	1295	0
1346	1314	2
1336	1324	1
1302	1345	0
1303	1357	1
1363	1359	1
1360	1350	0
1299	1320	0
1346	1295	1
1343	1301	1
1332	1337	1
1295	1315	0
1294	1347	1
1323	1332	1
1314	1347	1
1322	1328	1
1341	1308	1
1344	1362	1
1356	1349	1
1327	1324	1
1336	1327	0
1364	1365	1
1366	1367	1
1368	1369	1
1370	1371	1
1372	1371	0
1373	1374	0
1375	1373	0
1376	1377	0
1378	1376	1
1373	1370	0
1376	1381	0
1374	1382	0
1383	1384	1
1387	1388	1
1389	1390	0
1373	1382	0
1372	1382	0
1383	1391	2
1375	1392	0
1370	1374	1
1364	1393	1
1394	1376	1
1377	1381	1
1391	1380	1
1395	1396	1
1387	1384	2
1371	1374	0
1372	1374	0
1364	1381	1
1387	1379	1
1398	1399	1
1381	1365	0
1377	1365	2
1386	1368	1
1400	1386	0
1369	1401	1
1367	1386	0
1370	1402	1
1403	1369	1
1400	1403	0
1384	1380	1
1371	1402	0
1376	1364	0
1365	1393	1
1385	1367	1
1374	1402	0
1383	1387	1
1383	1388	1
1387	1391	0
1373	1371	0
1402	1382	0
1391	1379	1
1392	1373	2
1380	1392	1
1372	1373	0
1386	1403	1
1391	1384	1
1371	1382	0
1399	1395	1
1403	1368	1
1377	1393	1
1364	1377	1
1385	1400	1
1380	1375	1
1372	1370	0
1367	1400	0
1392	1370	0
1372	1402	0
1384	1388	1
1404	1405	1
1404	1406	1
1407	1408	1
1409	1410	1
1412	1415	0
1413	1410	1
1416	1417	1
1418	1419	1
1420	1407	2
1421	1422	0
1405	1423	0
1409	1404	1
1424	1425	1
1426	1427	1
1429	1426	1
1412	1428	1
1430	1431	0
1423	1432	0
1416	1433	1
1412	1419	1
1418	1428	1
1432	1421	1
1421	1426	0
1423	1421	1
1434	1435	0
1421	1436	1
1414	1405	1
1437	1420	1
1418	1415	0
1432	1438	1
1439	1420	1
1415	1419	1
1424	1408	1
1431	1439	0
1438	1429	0
1407	1425	1
1422	1426	1
1436	1438	0
1433	1411	1
1420	1424	1
1430	1435	0
1438	1427	1
1433	1417	1
1435	1431	0
1432	1429	1
1436	1426	0
1406	1423	0
1407	1424	1
1436	1429	0
1431	1437	0
1432	1436	1
1425	1408	1
1422	1436	1
1438	1426	2
1434	1431	0
1417	1411	1
1423	1422	2
1440	1441	1
1442	1443	0
1444	1445	1
1446	1447	0
1448	1447	1
1449	1450	2
1451	1452	2
1453	1444	1
1454	1444	0
1451	1443	0
1444	1441	1
1450	1455	1
1456	1443	0
1440	1457	0
1444	1457	0
1450	1458	0
1458	1455	1
1443	1459	1
1460	1461	1
1461	1447	0
1448	1461	1
1462	1449	0
1446	1448	0
1460	1463	0
1453	1457	0
1447	1454	1
1452	1443	0
1465	1466	1
1463	1461	1
1442	1459	1
1455	1452	1
1446	1461	1
1459	1460	0
1450	1456	1
1466	1452	1
1467	1452	1
1458	1451	1
1467	1451	1
1465	1467	2
1449	1465	0
1450	1467	0
1448	1463	1
1466	1451	1
1447	1453	0
1455	1442	0
1454	1457	0
1460	1468	0
1466	1467	0
1468	1461	1
1459	1468	0
1456	1451	1
1449	1466	2
1465	1450	1
1466	1458	0
1440	1464	1
1453	1440	1
1445	1441	1
1468	1446	1
1462	1465	0
1440	1444	1
1454	1453	0
1456	1455	0
1458	1452	1
1455	1443	0
1457	1464	1
1456	1442	0
1450	1452	1
1467	1455	1
1463	1447	1
1445	1464	0
1452	1442	0
1440	1445	1
1468	1448	0
1468	1463	0
1446	1463	0
1457	1441	1
1460	1448	0
1458	1456	1
1451	1442	0
1470	1471	0
1472	1473	0
1474	1475	1
1478	1479	0
1480	1481	0
1482	1483	1
1479	1484	1
1485	1486	1
1487	1488	1
1489	1476	0
1489	1477	0
1483	1490	1
1491	1492	0
1493	1494	0
1495	1496	0
1487	1498	1
1472	1498	1
1480	1472	0
1499	1487	0
1500	1491	1
1472	1501	1
1472	1502	1
1503	1476	1
1504	1476	1
1476	1505	1
1506	1500	0
1497	1488	0
1507	1475	1
1507	1508	1
1471	1507	0
1509	1472	0
1510	1511	0
1512	1470	0
1513	1511	0
1514	1488	0
1505	1487	0
1514	1497	2
1498	1502	1
1477	1497	1
1481	1515	0
1502	1510	1
1496	1491	1
1516	1495	1
1501	1513	2
1476	1499	1
1488	1480	1
1497	1487	0
1507	1474	0
1496	1492	1
1516	1496	0
1478	1517	0
1477	1488	2
1518	1482	1
1519	1510	1
1520	1485	0
1514	1487	0
1481	1501	1
1521	1516	1
1477	1509	1
1504	1497	1
1499	1497	1
1498	1501	1
1523	1518	1
1499	1509	1
1473	1513	1
1473	1515	1
1491	1524	0
1470	1493	0
1501	1510	1
1502	1513	0
1476	1514	1
1525	1521	0
1513	1519	1
1526	1527	1
1490	1528	2
1486	1527	1
1525	1495	1
1522	1521	0
1502	1501	0
1521	1495	1
1513	1510	1
1490	1520	1
1487	1481	2
1503	1505	1
1529	1512	1
1510	1479	0
1514	1505	2
1480	1515	0
1493	1474	0
1503	1514	1
1480	1498	0
1482	1530	1
1520	1531	1
1472	1515	2
1504	1499	1
1505	1477	0
1505	1497	2
1493	1507	0
1525	1506	0
1519	1478	1
1511	1517	1
1532	1529	1
1504	1505	1
1479	1511	0
1514	1499	0
1480	1473	0
1481	1473	0
1531	1486	2
1504	1477	1
1487	1472	0
1509	1481	0
1489	1503	0
1511	1484	1
1530	1483	0
1515	1513	1
1488	1472	0
1522	1525	1
1529	1533	0
1480	1501	0
1471	1494	0
1502	1515	0
1509	1498	0
1533	1512	1
1481	1502	1
1470	1494	0
1504	1514	1
1508	1518	1
1477	1499	1
1488	1498	2
1503	1499	1
1515	1510	1
1481	1498	1
1513	1478	1
1474	1508	1
1489	1504	0
1495	1500	0
1532	1524	1
1477	1487	0
1501	1519	1
1494	1507	0
1515	1519	1
1473	1501	1
1498	1473	0
1524	1529	1
1530	1490	1
1473	1519	1
1517	1534	0
1473	1510	1
1523	1482	1
1528	1531	1
1486	1526	0
1505	1488	0
1506	1496	0
1515	1501	1
1500	1492	1
1509	1488	0
1531	1485	0
1479	1517	1
1502	1519	0
1503	1497	1
1476	1497	1
1504	1503	1
1535	1536	1
1537	1538	0
1539	1540	1
1541	1542	1
1543	1544	1
1545	1546	1
1547	1548	0
1549	1550	0
1551	1552	1
1549	1553	0
1540	1554	1
1549	1555	0
1556	1557	1
1542	1558	1
1540	1546	1
1545	1554	1
1559	1552	1
1538	1560	1
1537	1561	0
1545	1562	1
1565	1566	1
1567	1568	1
1569	1570	0
1571	1565	1
1539	1572	0
1556	1573	1
1574	1567	1
1575	1565	1
1560	1549	0
1570	1576	0
1566	1577	1
1571	1575	1
1572	1578	1
1579	1571	0
1580	1556	0
1562	1581	1
1568	1582	2
1570	1583	1
1584	1585	0
1588	1575	1
1581	1576	0
1572	1546	1
1547	1573	0
1550	1553	0
1576	1541	0
1589	1548	1
1590	1591	1
1586	1559	1
1558	1560	1
1538	1561	0
1548	1592	1
1581	1593	0
1554	1562	1
1569	1576	0
1589	1557	1
1561	1563	1
1594	1595	1
1596	1542	1
1570	1558	1
1596	1576	0
1598	1599	0
1537	1555	0
1564	1574	1
1599	1580	1
1571	1588	1
1544	1591	2
1595	1572	0
1558	1537	1
1579	1588	2
1593	1541	0
1584	1597	0
1569	1596	0
1553	1564	1
1552	1600	0
1546	1562	1
1583	1560	1
1582	1586	0
1570	1542	1
1539	1545	1
1539	1578	0
1593	1583	1
1553	1601	1
1544	1590	0
1573	1594	1
1569	1593	0
1602	1603	0
1602	1599	0
1569	1541	0
1556	1592	1
1601	1564	0
1542	1583	1
1587	1551	0
1592	1594	2
1549	1561	0
1587	1552	1
1559	1600	0
1542	1560	1
1540	1562	1
1556	1548	1
1597	1579	1
1578	1545	1
1560	1555	0
1543	1536	0
1559	1551	0
1559	1587	0
1564	1567	1
1557	1548	1
1601	1574	2
1554	1581	1
1569	1581	1
1555	1561	0
1541	1558	1
1548	1594	1
1604	1598	1
1570	1541	0
1580	1589	0
1550	1601	1
1557	1594	1
1557	1592	1
1596	1570	0
1563	1601	1
1574	1568	1
1593	1576	0
1603	1580	1
1593	1570	0
1603	1599	1
1598	1603	0
1581	1541	0
1537	1549	0
1576	1558	1
1596	1558	1
1561	1550	1
1547	1556	0
1587	1600	0
1575	1566	1
1584	1579	1
1596	1541	0
1551	1600	2
1547	1589	0
1578	1540	1
1583	1537	1
1535	1543	1
1576	1542	1
1578	1546	1
1536	1544	1
1593	1558	1
1563	1550	0
1605	1606	1
1607	1608	1
1609	1610	0
1611	1612	2
1613	1614	0
1615	1611	0
1616	1617	0
1614	1611	1
1618	1606	1
1619	1620	1
1620	1621	1
1623	1624	0
1625	1611	1
1609	1626	0
1627	1628	1
1610	1629	1
1630	1622	1
1616	1622	2
1631	1611	1
1619	1628	1
1605	1632	0
1607	1627	1
1613	1615	1
1633	1634	1
1614	1612	1
1633	1621	1
1623	1635	0
1631	1614	1
1609	1617	0
1605	1636	1
1634	1623	0
1626	1629	1
1623	1637	0
1628	1633	0
1628	1634	1
1627	1633	0
1607	1620	1
1613	1631	0
1620	1634	1
1619	1621	1
1608	1619	0
1619	1633	0
1611	1638	0
1630	1616	1
1607	1628	1
1619	1634	1
1622	1609	1
1606	1632	0
1617	1610	1
1639	1640	0
1625	1615	1
1640	1630	0
1610	1626	0
1618	1641	1
1628	1621	1
1641	1605	1
1617	1626	1
1620	1628	1
1614	1638	0
1607	1619	1
1617	1629	1
1632	1636	1
1635	1639	1
1625	1614	0
1608	1633	0
1642	1635	1
1623	1642	0
1634	1621	0
1615	1614	0
1618	1605	1
1622	1617	0
1625	1631	0
1624	1639	1
1612	1638	0
1620	1633	0
1627	1619	0
1631	1615	1
1643	1644	0
1645	1646	0
1647	1648	1
1649	1650	0
1649	1651	0
1652	1653	0
1654	1655	0
1652	1656	1
1654	1657	0
1658	1659	0
1660	1661	1
1662	1652	2
1663	1664	1
1662	1653	0
1650	1644	0
1665	1654	1
1666	1667	1
1663	1668	0
1667	1669	0
1665	1655	1
1670	1654	1
1657	1671	0
1672	1670	2
1673	1655	1
1655	1657	0
1644	1664	1
1675	1670	1
1647	1676	1
1649	1668	0
1648	1671	0
1672	1677	0
1644	1668	2
1678	1666	0
1643	1651	0
1659	1678	1
1663	1672	1
1675	1655	1
1676	1658	0
1672	1665	2
1663	1644	0
1679	1659	0
1657	1647	0
1680	1681	0
1681	1682	0
1683	1648	1
1661	1684	1
1643	1668	0
1678	1667	1
1657	1648	2
1671	1676	1
1674	1660	0
1651	1672	1
1672	1675	0
1685	1669	2
1661	1652	1
1683	1676	1
1664	1677	0
1668	1672	1
1683	1647	0
1673	1670	0
1643	1649	1
1677	1654	1
1673	1677	0
1646	1682	0
1677	1655	1
1651	1663	1
1645	1681	0
1683	1671	2
1645	1686	2
1670	1677	0
1678	1669	1
1660	1684	1
1665	1670	2
1678	1685	1
1665	1677	0
1666	1674	1
1685	1674	1
1651	1644	1
1664	1673	1
1653	1656	1
1685	1667	1
1650	1668	0
1686	1681	0
1657	1683	0
1647	1671	1
1673	1654	1
1643	1663	1
1665	1673	1
1643	1650	1
1669	1674	1
1662	1656	1
1675	1665	1
1686	1680	0
1681	1646	1
1644	1672	1
1664	1675	0
1645	1680	0
1666	1669	1
1650	1651	0
1687	1688	1
1689	1690	0
1691	1692	0
1693	1694	1
1690	1692	1
1689	1693	0
1692	1695	1
1694	1692	0
1690	1691	1
1687	1696	1
1697	1698	1
1698	1699	1
1700	1701	2
1698	1702	1
1703	1701	1
1704	1697	0
1700	1705	0
1698	1706	1
1707	1698	0
1699	1708	1
1701	1706	1
1709	1710	0
1702	1709	0
1710	1711	1
1707	1706	0
1705	1698	1
1708	1710	0
1705	1697	1
1709	1708	1
1712	1711	1
1713	1707	1
1714	1715	0
1706	1699	2
1704	1701	1
1697	1706	1
1709	1712	0
1716	1717	0
1697	1713	0
1713	1706	1
1699	1702	1
1701	1705	0
1703	1697	1
1706	1702	1
1716	1718	1
1700	1720	0
1707	1699	0
1720	1701	1
1712	1710	0
1717	1718	1
1702	1708	1
1720	1713	1
1721	1711	1
1700	1697	0
1716	1719	1
1701	1698	0
1704	1705	0
1721	1710	0
1704	1713	0
1707	1702	1
1704	1720	0
1720	1697	1
1703	1705	1
1699	1709	2
1700	1703	0
1703	1720	0
1717	1719	1
1701	1713	0
1703	1713	1
1722	1703	0
1705	1707	1
1708	1712	0
1721	1712	0
1700	1713	0
1697	1707	1
1722	1720	0
1701	1697	0
1704	1700	1
1701	1707	1
1724	1725	1
1726	1727	0
1728	1729	1
1730	1731	0
1734	1728	1
1726	1729	1
1726	1728	1
1737	1738	0
1739	1740	1
1730	1741	1
1742	1743	0
1727	1728	1
1746	1747	2
1724	1733	1
1741	1745	0
1726	1748	0
1725	1746	1
1744	1734	0
1749	1750	0
1751	1741	1
1741	1731	0
1739	1746	1
1744	1726	0
1734	1729	1
1744	1727	0
1726	1734	0
1724	1739	1
1735	1752	1
1741	1744	0
1753	1754	0
1755	1730	1
1755	1751	2
1730	1751	0
1753	1750	0
1756	1757	1
1743	1758	1
1736	1739	1
1742	1759	0
1760	1756	0
1732	1724	0
1759	1760	1
1727	1729	1
1734	1727	0
1758	1756	0
1748	1729	1
1748	1727	1
1745	1744	0
1751	1731	0
1759	1758	1
1743	1759	0
1754	1750	1
1739	1725	0
1733	1725	0
1732	1736	0
1733	1739	1
1745	1731	0
1761	1762	1
1763	1762	1
1725	1740	1
1764	1759	1
1744	1748	0
1765	1766	0
1766	1767	1
1768	1769	1
1770	1771	0
1772	1773	1
1774	1775	1
1770	1766	0
1776	1770	1
1777	1773	1
1775	1765	1
1778	1779	0
1780	1781	0
1770	1782	0
1774	1770	1
1783	1784	1
1766	1785	1
1784	1786	2
1774	1765	1
1787	1786	0
1785	1788	1
1766	1771	0
1789	1769	1
1787	1784	0
1790	1781	1
1773	1791	0
1792	1793	1
1767	1792	1
1794	1795	1
1767	1796	1
1768	1789	1
1795	1779	0
1771	1767	1
1797	1794	0
1798	1768	0
1799	1775	1
1778	1774	0
1790	1791	1
1766	1782	0
1796	1788	2
1776	1765	1
1779	1775	1
1765	1770	1
1776	1766	0
1793	1798	0
1774	1776	1
1785	1792	1
1783	1786	1
1767	1788	1
1767	1785	1
1780	1790	0
1777	1772	1
1777	1790	1
1790	1773	1
1788	1793	1
1785	1796	1
1765	1782	0
1782	1785	1
1765	1771	0
1771	1785	1
1777	1780	1
1778	1799	0
1776	1782	0
1796	1793	1
1776	1771	0
1800	1801	0
1802	1803	0
1804	1800	1
1802	1804	0
1805	1806	0
1802	1807	0
1808	1809	1
1810	1802	0
1811	1812	0
1814	1815	1
1816	1817	1
1818	1807	0
1819	1820	0
1821	1822	1
1823	1824	1
1825	1824	1
1828	1829	0
1803	1804	1
1830	1831	0
1804	1819	2
1829	1832	1
1833	1834	0
1835	1836	0
1803	1819	1
1807	1804	1
1837	1821	0
1809	1801	0
1838	1810	1
1828	1840	1
1840	1841	0
1842	1805	1
1800	1808	0
1840	1832	0
1820	1843	1
1844	1818	1
1845	1846	0
1845	1803	1
1847	1814	1
1825	1833	1
1836	1821	0
1846	1819	1
1838	1802	1
1843	1831	0
1820	1801	1
1838	1844	0
1848	1804	0
1849	1850	1
1809	1843	1
1820	1830	1
1844	1845	0
1821	1851	1
1845	1804	1
1836	1822	0
1834	1822	0
1806	1852	0
1815	1853	1
1829	1814	1
1854	1844	0
1855	1856	1
1820	1809	1
1800	1820	0
1802	1818	0
1808	1843	1
1808	1830	1
1841	1814	1
1818	1846	0
1857	1826	0
1847	1832	1
1833	1837	0
1819	1809	1
1807	1848	1
1823	1825	0
1835	1834	0
1832	1816	1
1832	1815	1
1803	1846	0
1807	1803	1
1837	1822	0
1803	1800	1
1861	1827	0
1845	1848	1
1804	1846	0
1848	1803	0
1829	1840	1
1841	1815	1
1811	1859	1
1823	1833	1
1807	1819	1
1802	1845	0
1801	1830	1
1821	1858	1
1851	1811	1
1840	1847	0
1841	1816	1
1832	1841	0
1836	1834	0
1835	1824	0
1862	1863	1
1850	1862	0
1815	1817	1
1829	1841	1
1853	1817	1
1839	1825	0
1826	1861	1
1810	1844	0
1809	1830	0
1850	1863	2
1819	1808	0
1858	1811	1
1822	1858	1
1854	1838	0
1810	1818	0
1849	1863	1
1834	1837	0
1823	1835	1
1833	1824	1
1835	1837	0
1851	1812	1
1817	1855	0
1834	1821	0
1800	1809	0
1838	1845	0
1853	1855	0
1830	1843	1
1853	1856	1
1829	1847	0
1810	1845	0
1815	1816	1
1844	1802	1
1864	1865	1
1866	1867	2
1864	1868	1
1869	1870	1
1871	1872	1
1873	1874	1
1875	1871	1
1876	1877	0
1878	1876	1
1871	1879	1
1880	1874	1
1881	1873	1
1881	1880	1
1872	1878	1
1882	1883	1
1884	1876	1
1878	1884	1
1881	1874	1
1885	1881	1
1885	1883	1
1886	1883	1
1886	1881	1
1879	1878	1
1879	1872	0
1882	1881	1
1886	1882	0
1886	1885	1
1878	1877	1
1887	1888	2
1887	1889	1
1890	1891	1
1887	1892	1
1888	1889	1
1893	1894	1
1895	1896	1
1895	1897	1
1897	1896	0
1898	1899	0
1900	1901	0
1904	1906	1
1907	1908	0
1898	1909	0
1899	1910	1
1903	1901	1
1911	1903	0
1912	1913	0
1906	1905	0
1902	1911	1
1914	1915	1
1916	1899	0
1917	1918	1
1919	1909	0
1920	1908	0
1918	1902	1
1899	1914	1
1911	1900	1
1914	1910	0
1911	1901	1
1906	1919	0
1920	1907	0
1921	1922	1
1926	1927	1
1928	1929	0
1930	1931	0
1932	1933	1
1934	1935	1
1936	1937	0
1938	1939	0
1940	1941	1
1941	1942	0
1943	1944	0
1928	1945	0
1946	1947	1
1948	1939	0
1931	1949	1
1933	1924	0
1936	1950	1
1951	1939	0
1940	1952	1
1940	1930	1
1951	1938	0
1956	1957	1
1941	1952	1
1957	1946	1
1922	1958	1
1960	1926	1
1961	1958	1
1922	1961	1
1962	1938	0
1963	1932	0
1962	1951	0
1964	1927	1
1965	1966	1
1952	1930	1
1947	1941	1
1948	1938	0
1967	1968	1
1947	1942	0
1923	1932	0
1956	1946	1
1934	1965	0
1969	1921	0
1970	1949	0
1947	1952	1
1963	1924	0
1955	1922	1
1927	1971	1
1945	1929	0
1931	1964	1
1970	1931	0
1939	1972	1
1955	1961	1
1925	1932	0
1960	1931	1
1970	1964	0
1960	1949	1
1954	1961	1
1953	1938	0
1962	1948	0
1921	1954	1
1974	1965	1
1975	1921	0
1976	1947	1
1977	1943	1
1950	1937	0
1923	1933	1
1926	1964	1
1930	1960	0
1930	1949	1
1959	1927	1
1957	1976	1
1941	1930	1
1946	1976	1
1959	1971	1
1960	1964	1
1978	1965	1
1955	1958	1
1969	1975	1
1978	1934	1
1965	1935	1
1953	1962	1
1931	1926	1
1979	1975	1
1954	1958	1
1923	1925	1
1978	1974	0
1980	1981	0
1982	1981	0
1983	1984	0
1983	1985	0
1986	1987	1
1988	1989	0
1987	1990	0
1991	1990	0
1991	1992	0
1987	1993	0
1994	1995	0
1996	1997	1
1990	1998	1
1999	1987	0
1999	1990	0
1987	2000	0
1989	1996	1
2001	1989	0
2003	2004	0
1990	2005	1
1987	1988	1
2006	1995	0
2007	2008	2
1992	1990	0
2009	2006	1
2002	2010	1
1986	1998	1
1993	2000	0
2000	1990	1
2002	2004	1
2002	2003	1
2000	1988	1
2007	1995	1
1993	2001	1
2007	1994	1
1998	2001	1
1987	2001	1
1991	1993	0
1991	1987	0
1992	1998	1
1992	1993	0
1992	1987	0
1997	2003	1
2004	2006	1
2008	1995	1
2009	2008	0
1990	1988	1
2009	1995	0
1986	1992	1
2006	2007	0
1986	2000	0
1987	2005	1
2009	2007	0
2002	1997	1
1993	1998	1
1992	1999	1
1993	1988	1
2000	2005	1
1986	1993	2
1991	1999	1
2005	1989	0
1994	2008	0
2005	2001	1
2005	1988	1
1991	2000	0
1991	1998	1
1986	1991	1
1986	1999	1
1999	1993	0
2006	2008	0
2010	2006	1
2011	2012	1
2011	2013	1
2014	2015	1
2016	2017	0
2020	2021	1
2017	2022	1
2023	2024	1
2025	2019	0
2026	2027	1
2011	2028	1
2029	2030	1
2031	2011	0
2032	2012	1
2020	2028	1
2026	2013	1
2034	2029	1
2035	2015	1
2036	2014	0
2033	2030	1
2020	2027	1
2037	2034	0
2019	2017	0
2034	2030	1
2018	2024	1
2038	2033	0
2026	2039	1
2031	2012	0
2022	2034	0
2037	2038	0
2016	2024	1
2020	2026	1
2021	2039	1
2016	2025	1
2034	2033	1
2011	2027	1
2029	2031	1
2021	2028	1
2020	2013	1
2021	2013	1
2016	2023	1
2012	2039	1
2027	2012	0
2032	2013	1
2026	2028	1
2032	2039	1
2011	2039	1
2025	2017	0
2012	2028	1
2031	2020	0
2031	2032	0
2022	2037	1
2018	2025	1
2020	2012	1
2032	2021	1
2026	2012	1
2025	2024	1
2031	2026	0
2028	2013	1
2027	2028	0
2032	2027	1
2035	2014	0
2019	2022	1
2024	2017	0
2026	2021	1
2013	2039	1
2021	2012	0
2032	2028	1
2038	2034	0
2027	2039	1
2040	2041	1
2044	2043	0
2045	2046	1
2044	2047	0
2048	2049	0
2050	2041	1
2048	2042	0
2051	2042	0
2053	2045	0
2054	2040	1
2043	2055	1
2056	2057	0
2053	2046	1
2049	2042	0
2058	2055	1
2059	2053	0
2045	2060	1
2050	2040	1
2061	2057	0
2059	2060	0
2056	2048	1
2057	2049	1
2056	2049	1
2054	2050	0
2043	2058	1
2047	2058	1
2060	2046	1
2047	2055	1
2042	2044	1
2059	2046	0
2051	2049	1
2059	2045	0
2056	2051	1
2057	2051	1
2062	2063	1
2064	2065	0
2066	2067	0
2068	2069	1
2072	2067	0
2073	2074	1
2075	2076	1
2077	2078	1
2079	2080	1
2080	2078	1
2071	2081	0
2063	2082	0
2083	2084	0
2081	2068	1
2070	2072	1
2083	2085	0
2068	2086	1
2074	2087	0
2079	2078	1
2088	2075	1
2070	2081	0
2086	2089	1
2064	2063	1
2072	2066	1
2077	2079	1
2070	2066	1
2084	2085	0
2073	2087	1
2089	2090	0
2087	2091	1
2086	2092	1
2071	2067	0
2093	2067	1
2067	2069	1
2093	2081	1
2093	2069	1
2066	2093	0
2094	2089	0
2064	2062	1
2071	2068	1
2075	2095	0
2093	2068	1
2069	2092	1
2072	2081	0
2062	2065	0
2072	2093	0
2068	2092	1
2086	2094	1
2063	2065	0
2082	2070	0
2094	2090	0
2096	2077	2
2070	2093	0
2065	2082	1
2088	2095	1
2090	2099	1
2067	2081	0
2073	2091	1
2066	2081	0
2100	2101	1
2106	2107	2
2108	2109	0
2108	2110	0
2113	2103	1
2105	2114	0
2115	2109	0
2105	2110	0
2116	2117	1
2108	2114	0
2118	2119	1
2120	2118	1
2119	2122	2
2123	2109	0
2113	2124	1
2125	2111	0
2125	2126	0
2123	2114	0
2116	2127	0
2127	2117	1
2123	2105	2
2107	2117	1
2108	2104	1
2118	2122	1
2130	2131	2
2132	2125	0
2108	2123	1
2105	2109	0
2133	2134	2
2107	2116	1
2104	2115	1
2108	2115	1
2104	2114	0
2115	2114	0
2106	2116	1
2106	2117	1
2131	2135	0
2129	2102	1
2126	2120	1
2112	2120	1
2135	2128	0
2110	2115	1
2123	2110	0
2121	2104	1
2110	2114	1
2126	2112	1
2125	2112	0
2105	2133	0
2111	2120	1
2104	2109	0
2104	2110	0
2110	2109	1
2131	2128	0
2114	2133	1
2123	2133	0
2107	2127	1
2123	2115	1
2136	2137	2
2138	2139	1
2140	2141	0
2142	2143	1
2144	2145	1
2148	2149	1
2148	2150	0
2151	2152	0
2140	2153	0
2154	2155	1
2156	2157	0
2155	2158	0
2142	2156	1
2159	2160	1
2138	2161	1
2147	2162	1
2155	2163	0
2141	2164	1
2165	2166	1
2167	2136	1
2168	2169	1
2152	2154	2
2170	2151	1
2171	2152	0
2172	2173	0
2174	2146	1
2175	2157	0
2173	2150	0
2171	2154	0
2153	2178	0
2158	2163	1
2179	2149	0
2150	2149	1
2165	2180	1
2155	2141	0
2141	2153	1
2163	2153	1
2138	2137	2
2161	2174	0
2156	2154	0
2148	2181	1
2182	2183	0
2184	2142	1
2166	2170	0
2170	2142	1
2173	2148	1
2185	2186	1
2184	2171	1
2141	2187	1
2188	2189	2
2183	2190	1
2164	2187	0
2191	2139	1
2173	2181	1
2157	2159	0
2184	2175	1
2167	2138	1
2143	2154	0
2192	2152	0
2149	2188	1
2143	2152	0
2153	2160	1
2192	2142	1
2136	2174	0
2192	2154	0
2170	2143	1
2147	2145	1
2181	2179	1
2190	2177	1
2155	2157	0
2146	2162	1
2167	2161	1
2136	2138	2
2162	2145	1
2175	2194	0
2189	2167	1
2195	2193	1
2168	2170	0
2154	2158	0
2159	2153	1
2172	2185	0
2196	2173	1
2173	2179	1
2165	2169	1
2144	2195	1
2159	2141	1
2140	2160	0
2196	2179	1
2175	2158	0
2172	2197	0
2194	2140	1
2159	2164	1
2160	2164	1
2191	2138	1
2165	2168	1
2155	2194	0
2177	2180	0
2190	2176	1
2152	2158	0
2196	2181	1
2166	2169	1
2190	2165	0
2184	2143	1
2157	2141	0
2163	2164	1
2181	2149	1
2171	2175	1
2197	2173	0
2150	2179	1
2177	2168	0
2156	2194	0
2192	2184	0
2185	2173	1
2152	2156	1
2159	2187	1
2177	2165	0
2136	2139	1
2198	2195	1
2158	2159	0
2199	2148	0
2167	2139	1
2163	2187	1
2200	2186	0
2157	2140	1
2182	2176	1
2176	2165	0
2180	2170	0
2180	2169	1
2186	2196	0
2194	2159	0
2167	2191	0
2193	2176	1
2151	2171	0
2186	2197	1
2169	2170	0
2153	2164	1
2194	2163	1
2142	2152	0
2171	2143	1
2164	2178	0
2187	2178	1
2153	2187	0
2140	2163	0
2140	2187	0
2174	2137	1
2159	2140	1
2136	2161	1
2191	2161	1
2191	2136	1
2137	2146	1
2145	2195	1
2142	2154	0
2173	2199	1
2154	2157	2
2200	2172	1
2141	2163	1
2156	2175	0
2157	2158	0
2152	2175	1
2199	2181	0
2155	2159	0
2139	2137	0
2183	2176	1
2197	2196	0
2184	2156	1
2200	2197	0
2157	2194	0
2185	2197	1
2168	2180	0
2163	2160	1
2185	2196	2
2138	2174	0
2142	2151	1
2152	2157	2
2197	2199	1
2154	2194	0
2172	2196	0
2170	2171	1
2152	2155	1
2196	2199	1
2172	2186	0
2203	2204	1
2205	2206	1
2207	2208	1
2209	2210	0
2211	2212	1
2214	2215	1
2216	2217	0
2218	2219	1
2202	2220	1
2221	2219	1
2221	2218	0
2222	2223	1
2224	2225	1
2217	2226	1
2227	2206	1
2228	2229	2
2230	2231	0
2203	2220	1
2204	2232	0
2233	2234	2
2235	2232	0
2205	2236	0
2203	2202	1
2216	2210	0
2237	2238	0
2212	2205	0
2239	2240	1
2231	2241	0
2220	2232	0
2238	2242	0
2220	2243	0
2211	2236	0
2244	2245	0
2246	2241	0
2233	2247	1
2240	2210	0
2248	2201	1
2202	2204	1
2249	2231	0
2250	2206	1
2226	2251	1
2209	2216	1
2251	2229	1
2252	2216	1
2219	2222	0
2253	2211	1
2254	2255	1
2238	2256	0
2208	2257	0
2258	2224	1
2212	2206	1
2236	2250	1
2256	2242	0
2238	2259	0
2260	2261	1
2223	2246	2
2230	2246	1
2210	2226	1
2262	2224	1
2239	2252	1
2263	2240	0
2235	2243	0
2250	2263	1
2239	2209	1
2224	2213	1
2202	2235	1
2223	2249	1
2264	2265	1
2243	2232	0
2230	2222	1
2222	2241	0
2256	2259	0
2212	2227	0
2260	2218	1
2212	2236	0
2207	2257	0
2250	2239	1
2266	2203	1
2266	2202	1
2221	2245	0
2266	2201	1
2230	2241	0
2242	2253	1
2237	2267	0
2235	2220	0
2234	2254	0
2225	2213	0
2206	2252	1
2212	2250	1
2234	2255	1
2244	2219	1
2204	2235	1
2267	2256	0
2263	2209	0
2250	2209	1
2205	2227	0
2248	2202	1
2246	2249	1
2204	2220	1
2219	2230	0
2267	2238	0
2263	2252	0
2263	2217	0
2227	2250	1
2255	2268	2
2249	2241	0
2262	2213	1
2241	2257	0
2230	2249	1
2206	2263	1
2249	2257	0
2230	2223	1
2252	2210	0
2223	2241	0
2260	2245	1
2249	2207	0
2206	2240	1
2241	2208	1
2260	2244	1
2247	2234	0
2222	2231	0
2207	2241	0
2209	2252	0
2205	2250	1
2250	2252	1
2203	2235	1
2258	2225	1
2267	2259	0
2263	2239	0
2261	2221	1
2231	2257	0
2239	2216	1
2257	2264	1
2260	2221	1
2244	2218	0
2222	2246	1
2259	2253	1
2245	2218	0
2237	2256	0
2262	2225	1
2233	2254	0
2247	2254	0
2208	2264	0
2240	2216	1
2249	2208	0
2261	2218	0
2269	2270	0
2271	2272	1
2274	2275	0
2271	2276	0
2277	2278	1
2279	2276	0
2280	2281	1
2281	2278	0
2280	2282	0
2281	2282	0
2283	2273	1
2284	2285	0
2275	2282	0
2273	2270	0
2270	2286	1
2284	2275	0
2279	2287	0
2279	2271	1
2282	2273	1
2282	2283	0
2278	2282	0
2284	2277	0
2274	2285	0
2276	2272	1
2278	2283	0
2273	2288	0
2280	2277	0
2280	2278	1
2275	2283	0
2284	2274	2
2284	2280	0
2274	2277	0
2285	2277	0
2283	2288	1
2287	2272	1
2274	2281	1
2277	2281	1
2282	2288	1
2280	2275	1
2275	2278	0
2275	2281	1
2279	2272	1
2285	2275	1
2284	2281	1
2278	2273	1
2285	2281	1
2281	2283	0
2288	2269	1
2287	2271	1
2289	2290	0
2291	2292	1
2293	2294	1
2295	2296	1
2297	2298	1
2299	2300	1
2295	2301	0
2304	2292	1
2305	2290	0
2306	2301	0
2307	2308	0
2308	2309	0
2311	2312	1
2304	2313	0
2314	2315	0
2315	2316	1
2310	2317	0
2300	2291	2
2311	2317	1
2304	2297	1
2318	2301	0
2300	2319	0
2320	2309	0
2303	2321	0
2322	2323	1
2313	2298	1
2320	2299	0
2325	2326	0
2326	2304	1
2310	2327	0
2328	2297	0
2327	2321	0
2310	2329	0
2317	2323	1
2292	2298	1
2307	2323	1
2313	2314	1
2325	2291	0
2307	2320	0
2327	2322	0
2293	2330	1
2294	2331	0
2297	2314	1
2296	2290	0
2310	2322	0
2323	2320	0
2321	2307	1
2293	2332	1
2289	2333	1
2303	2329	0
2304	2298	1
2303	2317	0
2326	2292	1
2324	2301	0
2328	2313	0
2300	2325	1
2334	2311	1
2334	2312	1
2327	2323	1
2303	2327	1
2308	2299	0
2317	2321	0
2289	2335	1
2333	2302	1
2312	2327	1
2330	2332	0
2297	2315	0
2292	2328	1
2295	2305	1
2310	2312	0
2335	2334	0
2319	2325	1
2322	2307	1
2292	2313	0
2304	2328	1
2334	2329	2
2306	2318	0
2301	2296	1
2326	2313	1
2302	2329	0
2303	2322	2
2319	2291	1
2317	2307	1
2325	2304	0
2318	2295	1
2308	2320	0
2305	2289	1
2329	2311	1
2326	2297	1
2310	2311	0
2311	2322	1
2327	2307	1
2312	2321	0
2297	2313	0
2334	2303	1
2290	2335	1
2318	2296	1
2318	2305	1
2296	2305	1
2327	2317	0
2302	2311	0
2324	2295	0
2322	2317	0
2303	2311	0
2324	2318	0
2332	2294	1
2294	2336	1
2314	2316	0
2302	2334	0
2291	2328	1
2292	2297	1
2306	2295	0
2312	2317	0
2325	2292	0
2329	2327	1
2333	2334	1
2333	2335	1
2321	2323	1
2329	2322	1
2334	2310	1
2296	2289	1
2337	2338	1
2339	2340	0
2341	2342	2
2343	2344	1
2341	2345	0
2346	2347	0
2348	2349	0
2350	2349	0
2351	2352	1
2342	2345	0
2353	2354	1
2357	2358	0
2359	2360	0
2357	2363	0
2339	2364	1
2365	2366	0
2367	2363	1
2368	2369	1
2370	2371	0
2372	2373	0
2340	2354	1
2337	2374	0
2375	2376	0
2377	2378	1
2379	2380	1
2376	2381	1
2382	2350	1
2368	2383	1
2384	2385	0
2386	2387	0
2388	2389	1
2390	2337	1
2391	2362	1
2392	2393	1
2394	2395	1
2396	2397	0
2391	2399	1
2395	2381	0
2375	2381	0
2400	2401	1
2402	2403	1
2340	2356	1
2407	2353	0
2388	2380	1
2408	2409	1
2381	2403	1
2395	2402	0
2379	2350	1
2407	2397	1
2383	2410	1
2374	2352	1
2389	2348	1
2411	2412	1
2413	2367	1
2414	2415	1
2400	2373	0
2405	2409	0
2373	2413	1
2341	2416	1
2417	2418	0
2419	2376	0
2420	2394	0
2349	2387	1
2350	2383	1
2421	2411	1
2350	2422	0
2380	2368	0
2361	2399	1
2423	2400	1
2339	2355	1
2387	2410	1
2420	2376	0
2424	2391	0
2363	2420	1
2379	2348	1
2394	2402	1
2425	2339	0
2406	2420	1
2385	2390	1
2346	2351	1
2426	2352	1
2373	2367	1
2391	2398	1
2349	2383	1
2361	2424	0
2427	2428	1
2429	2423	0
2343	2409	1
2422	2387	0
2422	2410	1
2348	2368	0
2410	2430	0
2350	2380	1
2432	2359	1
2424	2362	1
2373	2357	1
2356	2433	1
2375	2402	0
2393	2416	1
2434	2390	1
2407	2364	1
2398	2393	1
2368	2410	1
2419	2381	0
2382	2380	1
2358	2427	0
2351	2426	0
2436	2437	0
2347	2438	1
2348	2387	0
2349	2410	1
2349	2368	1
2353	2340	1
2410	2369	2
2413	2357	1
2369	2430	0
2354	2433	1
2353	2356	1
2355	2340	0
2407	2425	1
2397	2353	0
2415	2384	1
2359	2421	0
2385	2439	1
2440	2438	1
2431	2432	0
2358	2420	1
2372	2401	1
2424	2398	1
2342	2418	1
2401	2367	1
2428	2420	1
2368	2422	1
2355	2354	1
2365	2442	0
2408	2405	1
2383	2369	1
2388	2382	0
2361	2391	0
2350	2368	0
2399	2392	0
2345	2443	0
2362	2392	0
2376	2395	1
2380	2422	0
2434	2444	1
2441	2433	1
2389	2380	1
2366	2435	1
2349	2422	1
2440	2437	1
2350	2386	1
2399	2398	0
2430	2414	2
2348	2350	0
2389	2379	1
2346	2374	0
2430	2445	1
2432	2360	2
2402	2381	0
2352	2436	1
2367	2427	0
2380	2387	0
2409	2344	1
2388	2379	1
2338	2352	1
2442	2370	1
2362	2393	1
2351	2374	0
2434	2439	1
2420	2419	1
2380	2386	1
2446	2447	0
2339	2353	0
2340	2441	1
2358	2428	1
2367	2428	1
2396	2339	0
2427	2420	1
2377	2404	1
2348	2422	0
2347	2436	1
2448	2365	1
2401	2357	1
2442	2366	1
2425	2340	0
2446	2448	0
2449	2446	0
2450	2359	0
2368	2387	1
2383	2387	0
2393	2342	0
2429	2451	1
2360	2411	1
2358	2363	1
2389	2382	0
2450	2421	0
2393	2417	2
2451	2400	0
2452	2412	1
2376	2402	1
2348	2380	1
2396	2407	0
2407	2355	1
2354	2356	0
2416	2418	0
2337	2426	1
2345	2431	1
2374	2347	1
2380	2349	0
2404	2409	0
2399	2362	0
2417	2345	0
2425	2353	0
2338	2347	0
2386	2383	0
2454	2365	1
2341	2418	1
2353	2364	1
2416	2345	0
2341	2417	1
2453	2455	1
2377	2456	1
2422	2369	1
2386	2349	0
2374	2426	1
2404	2408	0
2407	2339	1
2416	2342	0
2388	2348	1
2418	2345	0
2389	2386	1
2338	2351	1
2397	2364	1
2338	2374	0
2447	2448	1
2343	2405	1
2365	2370	0
2400	2372	1
2397	2355	1
2355	2364	1
2388	2350	1
2348	2386	1
2404	2343	0
2447	2454	0
2388	2386	1
2382	2386	1
2372	2413	1
2347	2440	1
2389	2350	1
2403	2378	1
2423	2372	1
2371	2435	1
2340	2364	1
2391	2392	1
2450	2360	0
2363	2428	1
2416	2417	0
2427	2363	1
2443	2431	1
2370	2366	0
2378	2404	1
2350	2387	0
2353	2355	1
2432	2421	2
2403	2456	1
2419	2402	0
2393	2418	0
2426	2347	0
2424	2399	1
2444	2390	0
2337	2346	1
2346	2426	0
2451	2423	0
2408	2344	1
2352	2438	1
2406	2428	1
2424	2392	1
2382	2379	1
2456	2404	1
2338	2426	0
2457	2458	0
2459	2460	1
2461	2462	0
2463	2458	0
2464	2465	1
2466	2467	0
2470	2461	0
2471	2472	1
2469	2457	1
2473	2474	1
2475	2476	0
2477	2462	0
2478	2475	1
2466	2460	0
2465	2479	0
2471	2480	0
2474	2468	0
2482	2459	0
2483	2484	1
2485	2482	1
2486	2484	0
2473	2476	1
2477	2470	0
2474	2457	1
2487	2477	1
2488	2477	1
2487	2488	0
2484	2464	2
2490	2491	1
2492	2459	0
2482	2460	0
2489	2467	0
2483	2486	1
2474	2469	0
2461	2490	1
2488	2480	0
2494	2490	1
2487	2480	0
2479	2488	0
2472	2480	0
2470	2462	0
2495	2468	1
2468	2457	1
2485	2492	1
2485	2466	1
2482	2489	0
2489	2459	0
2492	2496	0
2497	2479	0
2466	2492	1
2472	2488	0
2462	2490	1
2479	2487	1
2468	2458	0
2498	2478	0
2495	2469	1
2475	2499	0
2471	2470	0
2488	2470	1
2486	2464	0
2470	2494	0
2496	2460	0
2499	2476	2
2489	2496	1
2479	2472	1
2497	2488	0
2495	2493	1
2473	2495	1
2493	2463	1
2466	2489	0
2476	2495	1
2492	2489	0
2470	2480	0
2475	2473	0
2466	2459	0
2474	2495	0
2493	2457	1
2460	2467	0
2498	2499	0
2482	2492	1
2471	2487	0
2497	2472	1
2477	2461	0
2472	2487	0
2481	2464	0
2476	2474	1
2492	2467	0
2480	2461	0
2485	2489	0
2498	2475	0
2482	2467	0
2497	2487	1
2491	2485	0
2499	2473	0
2471	2477	1
2500	2501	2
2502	2503	0
2504	2505	1
2506	2507	0
2508	2509	1
2510	2503	0
2511	2512	0
2513	2514	1
2516	2517	1
2511	2518	0
2513	2519	0
2520	2521	0
2514	2519	0
2522	2521	1
2502	2522	0
2502	2519	0
2518	2516	1
2515	2522	0
2511	2509	2
2515	2519	0
2523	2524	1
2518	2525	1
2519	2521	1
2526	2521	0
2527	2528	0
2514	2503	0
2515	2502	1
2512	2517	1
2529	2505	1
2525	2516	0
2508	2530	1
2531	2514	1
2532	2529	1
2505	2524	2
2515	2514	1
2511	2508	0
2519	2522	1
2504	2523	1
2508	2505	1
2532	2525	1
2533	2510	1
2534	2501	1
2529	2517	1
2535	2500	0
2511	2536	0
2520	2513	0
2525	2504	1
2537	2534	2
2531	2533	1
2536	2517	1
2537	2501	1
2536	2512	0
2513	2510	1
2538	2527	1
2518	2509	1
2510	2538	0
2530	2504	1
2537	2500	1
2520	2531	0
2516	2512	1
2510	2506	0
2520	2502	1
2511	2532	0
2526	2519	0
2520	2514	0
2539	2540	0
2532	2512	1
2531	2522	1
2513	2526	1
2505	2523	0
2541	2528	0
2531	2502	1
2512	2504	1
2512	2505	1
2520	2515	0
2530	2523	1
2515	2510	1
2514	2526	1
2516	2529	1
2526	2510	1
2533	2502	1
2538	2506	1
2502	2538	0
2522	2538	0
2536	2532	0
2510	2541	0
2502	2521	0
2516	2509	1
2542	2540	0
2515	2526	1
2525	2508	1
2506	2528	0
2510	2521	0
2535	2534	0
2530	2505	1
2531	2510	1
2503	2538	0
2525	2517	1
2511	2516	0
2516	2505	1
2503	2521	1
2536	2518	0
2531	2526	1
2519	2541	1
2518	2529	1
2525	2530	1
2540	2535	1
2520	2522	0
2500	2534	0
2532	2516	1
2525	2505	1
2529	2509	1
2533	2522	0
2516	2530	1
2526	2503	0
2514	2502	1
2528	2507	1
2503	2541	1
2536	2508	1
2521	2541	1
2514	2522	0
2529	2530	1
2518	2512	1
2510	2522	0
2526	2502	1
2520	2510	1
2516	2504	1
2513	2521	1
2513	2533	2
2519	2503	1
2514	2510	1
2542	2535	0
2522	2506	1
2522	2503	1
2513	2502	1
2510	2519	0
2503	2506	1
2526	2533	0
2536	2509	1
2530	2524	1
2518	2517	1
2531	2521	1
2539	2535	0
2515	2531	0
2539	2542	0
2504	2524	1
2518	2532	1
2517	2505	1
2502	2510	0
2511	2529	0
2536	2525	0
2520	2526	1
2514	2533	0
2532	2508	1
2531	2503	1
2532	2517	1
2525	2509	1
2538	2507	1
2520	2533	0
2532	2509	1
2520	2519	0
2512	2530	1
2514	2521	0
2519	2538	2
2512	2509	1
2541	2527	0
2513	2522	0
2515	2521	1
2521	2506	1
2509	2505	1
2522	2541	1
2502	2506	0
2511	2525	0
2529	2504	1
2545	2546	1
2547	2548	1
2549	2550	1
2547	2551	1
2552	2553	1
2554	2555	1
2556	2557	1
2558	2559	1
2553	2558	1
2560	2561	1
2562	2563	1
2564	2545	0
2543	2562	1
2565	2547	0
2558	2566	0
2567	2568	1
2566	2564	1
2569	2565	1
2565	2551	1
2553	2570	1
2558	2570	1
2558	2571	1
2573	2574	1
2570	2559	2
2575	2559	1
2544	2563	1
2576	2574	1
2570	2577	0
2578	2579	0
2565	2561	0
2543	2546	1
2560	2547	1
2577	2575	0
2552	2580	1
2569	2560	1
2571	2559	1
2545	2562	1
2575	2566	1
2577	2559	1
2562	2546	1
2571	2570	1
2581	2577	0
2544	2582	1
2577	2566	1
2570	2575	0
2581	2559	1
2546	2582	1
2583	2584	1
2553	2571	1
2555	2557	1
2560	2551	1
2570	2581	0
2572	2585	1
2571	2575	0
2561	2548	1
2571	2566	0
2581	2564	1
2581	2575	0
2585	2558	0
2587	2554	0
2545	2544	1
2580	2572	1
2567	2589	2
2590	2591	1
2552	2585	1
2559	2566	0
2579	2592	0
2569	2547	1
2585	2553	0
2571	2577	0
2558	2577	0
2569	2551	1
2552	2572	1
2570	2566	0
2593	2590	0
2549	2594	1
2558	2575	0
2577	2564	1
2561	2551	1
2590	2595	1
2569	2561	1
2580	2553	1
2575	2564	1
2571	2581	0
2594	2550	0
2581	2566	1
2576	2588	0
2596	2597	1
2598	2599	1
2602	2601	1
2603	2604	1
2605	2599	0
2606	2601	1
2606	2600	1
2602	2606	1
2607	2608	1
2609	2610	1
2611	2602	1
2602	2612	1
2613	2608	2
2596	2614	0
2617	2605	1
2610	2606	1
2618	2619	1
2603	2620	0
2606	2612	1
2608	2621	1
2608	2605	1
2623	2624	0
2622	2620	0
2625	2616	0
2622	2626	1
2611	2627	1
2626	2604	1
2613	2617	1
2614	2619	1
2623	2613	0
2614	2618	1
2619	2628	1
2596	2618	1
2616	2630	1
2612	2601	2
2624	2607	0
2610	2602	1
2609	2627	1
2597	2618	1
2621	2605	1
2620	2604	1
2599	2609	1
2622	2604	1
2623	2607	0
2620	2626	1
2621	2598	0
2596	2619	1
2597	2619	1
2629	2597	1
2611	2610	1
2614	2597	1
2598	2609	1
2629	2614	0
2631	2632	0
2633	2634	0
2635	2633	2
2637	2638	0
2631	2639	2
2640	2641	0
2635	2642	0
2636	2639	1
2643	2644	0
2645	2646	0
2647	2648	1
2649	2650	1
2651	2652	0
2653	2654	1
2655	2656	0
2657	2658	1
2659	2660	1
2663	2648	1
2664	2661	1
2667	2668	0
2668	2670	1
2661	2671	0
2673	2674	0
2675	2674	0
2676	2670	1
2677	2678	1
2647	2679	1
2680	2643	1
2647	2663	1
2661	2681	0
2683	2684	1
2685	2686	1
2672	2687	1
2679	2688	1
2691	2648	1
2692	2693	1
2647	2688	1
2672	2658	1
2679	2663	1
2686	2694	1
2675	2695	1
2653	2696	0
2657	2650	1
2697	2692	0
2664	2662	1
2643	2656	0
2698	2665	1
2648	2688	1
2664	2681	2
2650	2699	1
2700	2701	1
2702	2703	0
2677	2683	1
2705	2651	1
2663	2700	0
2649	2687	1
2649	2657	1
2708	2684	1
2683	2678	1
2711	2689	1
2671	2681	0
2709	2661	1
2646	2712	1
2684	2678	1
2645	2704	0
2648	2713	0
2714	2715	0
2716	2717	1
2718	2719	1
2688	2701	1
2691	2663	1
2700	2713	1
2707	2720	1
2660	2683	1
2663	2688	1
2720	2721	1
2722	2723	1
2677	2708	0
2695	2674	0
2710	2662	1
2664	2710	1
2724	2667	1
2725	2667	1
2659	2683	1
2668	2676	1
2719	2709	1
2685	2703	1
2679	2648	1
2680	2644	0
2699	2715	1
2680	2656	0
2691	2679	1
2658	2722	1
2702	2686	2
2659	2678	1
2700	2648	1
2728	2670	1
2711	2727	1
2725	2676	1
2654	2729	0
2698	2717	1
2730	2645	1
2721	2696	0
2660	2684	1
2731	2730	0
2661	2710	0
2732	2690	1
2667	2670	2
2646	2733	1
2658	2650	1
2666	2645	1
2734	2723	1
2644	2705	0
2717	2731	1
2665	2730	0
2649	2722	1
2734	2699	1
2726	2735	1
2736	2651	0
2726	2652	0
2734	2650	1
2713	2701	1
2647	2700	0
2656	2644	1
2721	2653	0
2688	2713	0
2724	2725	0
2655	2680	1
2700	2688	1
2684	2724	1
2660	2724	1
2708	2678	1
2685	2702	1
2691	2700	0
2677	2660	1
2726	2716	0
2673	2695	1
2737	2719	1
2678	2724	1
2738	2718	0
2683	2724	1
2657	2734	1
2721	2654	1
2691	2688	1
2738	2737	1
2655	2644	2
2703	2686	1
2653	2729	1
2655	2643	1
2668	2728	1
2715	2706	1
2667	2676	0
2696	2654	1
2737	2709	1
2648	2701	1
2711	2690	1
2736	2652	0
2677	2684	1
2697	2693	0
2727	2692	2
2704	2712	1
2659	2684	1
2649	2658	1
2725	2728	1
2659	2708	2
2732	2689	1
2664	2671	1
2649	2734	1
2669	2720	1
2650	2723	1
2710	2671	2
2718	2737	1
2727	2690	1
2691	2647	0
2727	2697	1
2704	2733	1
2722	2699	1
2687	2657	1
2731	2666	0
2730	2666	1
2667	2728	0
2659	2677	1
2699	2714	1
2705	2736	1
2708	2683	1
2735	2698	1
2686	2739	1
2734	2722	1
2733	2682	0
2657	2722	1
2687	2658	1
2733	2712	0
2716	2735	1
2727	2693	1
2687	2734	1
2742	2743	1
2744	2742	1
2745	2746	0
2748	2740	1
2744	2743	1
2749	2750	1
2742	2748	1
2749	2751	1
2743	2747	1
2751	2750	1
2752	2750	1
2749	2752	1
2744	2747	1
2757	2758	1
2761	2762	1
2763	2764	0
2765	2759	1
2758	2766	1
2767	2762	1
2768	2769	0
2770	2755	1
2764	2770	1
2771	2772	1
2773	2774	1
2775	2768	1
2776	2769	0
2774	2777	1
2767	2778	1
2769	2779	1
2766	2780	1
2766	2781	0
2763	2782	1
2781	2773	1
2783	2773	1
2778	2784	1
2762	2784	1
2785	2786	1
2768	2787	1
2765	2760	1
2788	2778	1
2789	2790	1
2791	2782	1
2775	2776	1
2792	2756	1
2779	2793	1
2794	2766	1
2766	2773	1
2795	2789	1
2783	2780	1
2767	2761	1
2788	2784	1
2796	2797	0
2798	2793	1
2762	2778	1
2799	2791	0
2782	2770	0
2760	2797	0
2783	2781	2
2780	2774	1
2792	2755	1
2771	2757	1
2787	2769	0
2799	2764	0
2801	2786	1
2775	2787	1
2761	2788	0
2780	2802	1
2803	2804	1
2784	2765	0
2791	2763	1
2767	2788	0
2755	2800	0
2800	2756	1
2769	2793	1
2805	2772	1
2784	2759	1
2794	2758	1
2802	2777	1
2801	2806	1
2758	2781	0
2777	2791	2
2803	2807	1
2773	2802	1
2805	2757	1
2768	2776	1
2799	2782	1
2756	2808	1
2809	2789	1
2787	2779	0
2810	2785	0
2757	2794	1
2780	2773	0
2812	2809	0
2809	2795	0
2772	2794	1
2782	2764	0
2802	2774	1
2813	2814	1
2815	2816	0
2817	2818	1
2819	2820	0
2821	2817	1
2822	2823	0
2814	2824	0
2825	2826	1
2813	2824	1
2827	2828	1
2828	2830	1
2831	2832	0
2813	2823	0
2833	2834	0
2832	2834	1
2837	2838	1
2824	2839	0
2837	2840	1
2835	2838	1
2826	2841	1
2832	2842	1
2843	2844	1
2845	2846	2
2829	2847	0
2813	2822	1
2825	2843	1
2828	2838	1
2817	2829	1
2848	2844	1
2827	2835	0
2814	2823	0
2822	2814	1
2836	2840	1
2814	2839	0
2836	2830	1
2849	2817	1
2838	2842	1
2818	2827	0
2850	2816	0
2851	2852	1
2819	2815	0
2828	2840	1
2835	2830	1
2844	2853	1
2850	2820	0
2830	2832	0
2854	2855	1
2825	2841	1
2856	2849	1
2836	2838	1
2854	2852	1
2826	2843	0
2857	2850	0
2824	2823	0
2831	2833	1
2855	2851	0
2841	2843	0
2830	2840	1
2836	2837	0
2848	2853	1
2831	2834	2
2858	2859	0
2838	2830	1
2849	2821	1
2838	2831	1
2832	2833	1
2847	2818	1
2841	2844	1
2854	2851	2
2819	2816	0
2860	2843	1
2840	2832	0
2850	2815	0
2829	2827	0
2846	2862	0
2823	2839	1
2838	2840	1
2822	2824	1
2817	2847	1
2834	2861	1
2860	2848	1
2821	2847	1
2847	2827	0
2828	2835	0
2835	2840	1
2860	2841	1
2813	2839	1
2821	2829	1
2853	2863	1
2850	2819	1
2863	2856	0
2822	2839	0
2864	2865	2
2866	2867	2
2868	2869	0
2864	2870	1
2871	2872	1
2874	2875	0
2874	2878	1
2879	2871	0
2880	2881	1
2882	2883	2
2884	2885	1
2875	2872	1
2886	2887	0
2888	2889	1
2874	2879	1
2890	2885	0
2891	2892	0
2893	2894	1
2895	2873	1
2890	2894	0
2895	2874	1
2896	2897	1
2898	2899	1
2872	2900	1
2881	2883	0
2894	2885	2
2900	2876	1
2878	2902	0
2901	2903	1
2894	2884	0
2876	2903	1
2905	2895	0
2879	2875	0
2906	2896	0
2889	2893	0
2903	2877	0
2878	2875	0
2892	2881	1
2902	2875	0
2877	2886	1
2905	2873	1
2877	2898	0
2901	2876	1
2890	2884	0
2880	2891	1
2897	2892	0
2902	2871	0
2893	2890	1
2878	2871	0
2903	2898	0
2904	2889	1
2891	2882	0
2897	2880	0
2905	2878	1
2878	2879	1
2873	2878	1
2892	2882	0
2907	2908	1
2909	2910	1
2911	2912	1
2914	2915	1
2916	2917	1
2918	2910	1
2915	2908	0
2917	2915	1
2912	2919	0
2920	2911	0
2916	2921	2
2917	2914	0
2915	2907	0
2922	2910	1
2918	2922	1
2923	2924	1
2925	2926	0
2927	2928	1
2929	2930	1
2929	2931	1
2932	2933	0
2934	2935	1
2936	2937	1
2929	2938	1
2939	2925	1
2936	2942	1
2943	2944	1
2928	2932	0
2947	2948	1
2949	2929	1
2950	2949	0
2934	2951	1
2955	2956	1
2957	2958	0
2959	2941	1
2940	2960	2
2962	2953	1
2965	2955	1
2966	2931	1
2947	2967	1
2968	2927	1
2969	2927	1
2937	2970	0
2970	2952	1
2971	2972	1
2932	2973	1
2929	2966	1
2955	2974	1
2976	2934	0
2977	2974	1
2978	2979	1
2938	2966	1
2935	2955	1
2925	2980	0
2981	2934	1
2981	2951	1
2971	2982	1
2938	2930	1
2949	2930	1
2983	2962	1
2984	2985	1
2984	2986	0
2940	2984	0
2967	2987	0
2974	2970	1
2959	2960	1
2931	2930	1
2990	2953	1
2932	2983	1
2951	2965	0
2936	2991	1
2956	2937	1
2987	2992	1
2993	2927	1
2935	2956	1
2994	2967	1
2995	2996	1
2997	2957	1
2974	2956	1
2930	2998	1
2994	2948	2
2967	2948	0
2934	2955	1
2969	2999	1
2961	2944	1
2949	2938	1
2968	2999	1
2954	3000	0
2982	2964	1
2974	2936	1
2941	2986	0
2990	2988	1
2966	2998	1
2959	2940	1
2943	2946	0
2992	2929	1
3001	3002	1
2969	2968	1
2986	2985	1
2971	2963	1
2958	2941	1
2927	3003	0
2964	2975	1
2941	2984	0
2982	2975	1
2999	2932	1
2977	2956	1
2968	3003	2
2994	2987	0
2969	2993	1
2972	2982	0
2926	3004	1
2988	2954	0
2965	2977	1
2946	2944	1
2958	2940	1
2969	3003	1
3005	2969	0
2927	2932	1
2935	2974	1
2940	2986	0
2931	3001	0
2938	2931	1
2938	2998	1
2976	2965	0
2928	2983	0
2966	2930	1
2951	2955	1
2999	2928	1
2974	2937	1
2948	2950	1
2927	2999	2
2953	2988	1
2933	2962	1
2947	2994	1
2975	2943	1
2999	3003	0
2928	2933	0
2970	2991	1
2957	2959	0
2934	2977	1
2928	2973	2
3005	2968	0
2949	2966	1
2958	2959	0
2937	2991	1
2944	2995	1
2981	2965	1
2974	2952	1
2987	2948	1
2960	2984	0
3003	2928	1
2982	2963	1
2975	2945	0
2993	2999	1
2949	2931	1
2987	2950	1
2977	2955	1
2945	2944	1
2951	2977	1
2992	2950	1
2936	2970	0
2947	2987	0
2962	2988	1
2989	3000	0
2948	2992	1
2973	2933	0
3004	2997	1
2942	2970	0
2993	2968	1
2931	2998	1
2942	2991	1
2960	2986	0
2951	2935	1
2993	3003	1
3006	2939	0
2976	2981	0
2965	2935	1
2974	2942	1
3009	3010	0
3010	3011	0
3011	3013	1
3007	3009	0
3014	3015	1
3016	3017	0
3009	3011	0
3014	3017	1
3014	3016	1
3007	3010	0
3007	3011	0
3007	3012	0
3012	3010	0
3009	3012	1
3016	3019	1
3010	3008	1
3018	3014	1
3007	3013	1
3015	3017	2
3013	3008	0
3012	3013	1
3016	3015	0
3009	3008	1
3010	3013	1
3020	3021	0
3022	3020	0
3022	3021	0
3023	3022	1
3020	3024	0
3021	3025	1
3025	3024	0
3021	3024	0
3026	3027	1
3026	3028	1
3029	3030	0
3031	3030	0
3027	3028	1
3026	3033	1
3027	3032	1
3034	3035	0
3026	3032	1
3029	3031	0
3033	3028	1
3036	3037	1
3038	3037	1
3039	3037	1
3040	3037	1
3041	3042	0
3037	3041	1
3039	3036	1
3040	3036	1
3036	3041	1
3043	3044	0
3039	3038	1
3045	3046	1
3047	3048	1
3049	3051	2
3051	3052	1
3048	3053	0
3050	3052	1
3050	3054	1
3047	3053	0
3049	3052	1
3057	3058	1
3059	3060	0
3061	3062	1
3063	3064	1
3065	3066	0
3066	3055	1
3067	3057	1
3057	3069	1
3063	3072	1
3070	3065	1
3072	3064	1
3073	3074	0
3060	3070	1
3076	3061	0
3070	3066	0
3074	3063	0
3058	3077	1
3075	3078	1
3077	3073	1
3065	3055	1
3079	3080	0
3071	3055	1
3081	3061	0
3075	3080	2
3074	3072	1
3079	3078	0
3059	3070	0
3068	3081	1
3069	3058	1
3082	3083	1
3084	3085	1
3083	3086	0
3087	3084	0
3088	3083	0
3084	3089	1
3083	3084	2
3087	3086	0
3090	3082	0
3090	3088	0
3088	3082	0
3083	3087	1
3091	3092	0
3093	3094	0
3093	3095	0
3093	3096	0
3097	3098	0
3093	3099	1
3100	3101	1
3102	3103	0
3104	3095	0
3105	3106	0
3102	3096	0
3107	3108	1
3109	3104	1
3104	3105	1
3106	3103	1
3100	3110	0
3111	3108	1
3094	3099	1
3112	3113	0
3114	3115	1
3116	3099	1
3105	3107	0
3105	3095	0
3104	3102	1
3110	3117	1
3109	3118	1
3101	3098	0
3111	3119	1
3106	3096	0
3093	3106	0
3120	3117	1
3104	3116	1
3116	3096	0
3098	3121	1
3101	3121	1
3122	3104	1
3100	3120	1
3115	3113	1
3093	3102	1
3099	3103	0
3104	3093	1
3103	3111	1
3110	3101	1
3095	3099	1
3119	3113	0
3113	3123	1
3105	3103	0
3096	3107	1
3091	3097	1
3118	3106	1
3108	3115	0
3116	3103	1
3100	3092	0
3118	3094	1
3097	3092	0
3099	3107	0
3110	3092	0
3092	3098	1
3120	3097	1
3118	3105	1
3094	3106	0
3104	3094	1
3120	3098	0
3119	3115	0
3114	3113	1
3091	3117	1
3092	3121	1
3105	3096	0
3101	3092	0
3121	3109	0
3094	3096	0
3106	3099	1
3096	3099	1
3103	3108	1
3106	3116	1
3110	3091	1
3095	3103	1
3093	3107	0
3121	3122	0
3115	3112	1
3092	3117	1
3108	3114	0
3096	3095	0
3119	3114	0
3118	3116	1
3096	3103	1
3104	3096	0
3091	3120	1
3116	3095	0
3106	3102	1
3102	3095	0
3110	3097	1
3102	3107	0
3118	3096	0
3111	3114	0
3094	3103	2
3100	3097	1
3099	3111	0
3114	3112	1
3104	3106	1
3094	3095	0
3122	3109	0
3107	3111	1
3101	3117	1
3124	3125	0
3126	3127	1
3126	3128	1
3129	3126	0
3126	3124	1
3130	3125	0
3127	3124	1
3132	3128	1
3134	3132	1
3124	3133	0
3129	3128	0
3135	3132	1
3133	3130	1
3132	3127	1
3125	3131	1
3129	3127	0
3136	3137	1
3138	3139	1
3140	3141	0
3142	3143	0
3144	3145	0
3146	3147	1
3148	3149	1
3150	3142	1
3152	3141	0
3153	3154	1
3142	3155	0
3156	3157	0
3149	3158	0
3159	3137	1
3160	3141	0
3161	3141	0
3139	3162	0
3140	3152	0
3155	3154	1
3163	3164	1
3150	3144	0
3143	3153	1
3155	3149	1
3150	3145	0
3158	3165	1
3148	3143	1
3144	3142	1
3160	3140	1
3147	3150	1
3149	3154	0
3149	3153	0
3151	3160	1
3138	3166	2
3148	3154	1
3148	3153	1
3164	3156	1
3147	3145	0
3162	3167	2
3139	3167	0
3166	3139	1
3145	3142	1
3143	3154	1
3143	3149	1
3161	3140	1
3142	3148	0
3137	3151	0
3137	3161	0
3160	3152	1
3147	3144	0
3168	3169	1
3168	3170	1
3171	3172	1
3173	3174	1
3172	3175	0
3171	3175	1
3176	3177	0
3178	3179	0
3179	3180	1
3181	3182	1
3178	3180	0
3181	3171	1
3174	3179	0
3182	3171	2
3173	3179	0
3176	3181	0
3183	3184	0
3182	3172	1
3182	3175	1
3178	3174	0
3185	3186	0
3187	3188	1
3186	3191	1
3192	3189	0
3193	3189	0
3192	3194	2
3195	3191	0
3196	3193	1
3194	3189	0
3188	3197	0
3193	3192	1
3198	3199	0
3200	3201	1
3189	3202	1
3203	3187	1
3204	3205	1
3190	3206	1
3204	3188	1
3197	3205	1
3207	3201	1
3202	3206	0
3202	3190	0
3200	3207	1
3187	3204	2
3208	3209	2
3208	3212	0
3211	3208	1
3209	3215	0
3214	3212	1
3216	3214	1
3213	3216	0
3211	3209	1
3214	3208	1
3219	3220	0
3221	3222	1
3223	3224	1
3225	3220	0
3226	3227	1
3228	3229	1
3230	3231	1
3232	3233	1
3234	3235	1
3236	3231	1
3237	3238	1
3238	3239	1
3240	3241	1
3237	3242	1
3243	3244	1
3239	3245	1
3245	3246	0
3247	3248	1
3249	3217	1
3224	3250	1
3251	3252	1
3253	3249	1
3254	3222	1
3238	3246	1
3248	3240	1
3255	3244	1
3256	3257	1
3258	3249	1
3238	3242	1
3259	3260	1
3243	3261	0
3240	3246	1
3246	3262	1
3247	3237	1
3261	3248	1
3263	3264	1
3258	3253	1
3265	3260	1
3246	3259	1
3266	3267	1
3229	3222	1
3259	3262	0
3262	3265	1
3218	3256	0
3239	3246	1
3268	3217	1
3221	3254	2
3252	3234	1
3244	3261	0
3242	3241	1
3221	3229	0
3271	3263	0
3272	3243	0
3229	3254	1
3274	3264	0
3219	3275	1
3231	3228	1
3240	3242	1
3276	3230	1
3249	3268	0
3241	3245	1
3276	3236	0
3237	3240	1
3251	3235	1
3269	3223	0
3255	3272	0
3259	3277	1
3277	3265	1
3266	3279	1
3242	3245	1
3280	3279	2
3226	3251	0
3226	3252	1
3244	3247	0
3251	3234	1
3275	3281	2
3277	3260	1
3218	3282	1
3227	3235	1
3261	3237	1
3274	3283	1
3240	3245	1
3256	3282	1
3284	3280	1
3229	3285	1
3238	3241	1
3250	3274	1
3239	3241	1
3238	3245	1
3267	3279	0
3250	3271	0
3280	3266	0
3271	3283	1
3221	3285	0
3220	3281	1
3262	3277	1
3245	3262	0
3281	3286	1
3262	3260	1
3259	3265	1
3234	3227	1
3239	3242	1
3218	3257	2
3252	3235	1
3238	3240	0
3284	3266	1
3276	3231	1
3228	3221	1
3240	3239	1
3248	3239	1
3248	3242	1
3237	3239	1
3257	3282	1
3220	3275	1
3258	3268	1
3287	3288	0
3291	3292	0
3293	3294	1
3299	3300	1
3303	3304	1
3307	3294	1
3294	3308	1
3309	3308	1
3303	3310	1
3311	3307	1
3312	3313	1
3299	3294	2
3314	3315	1
3316	3317	0
3318	3319	2
3320	3312	0
3324	3299	1
3311	3325	0
3325	3307	1
3326	3320	0
3324	3327	1
3328	3329	1
3318	3330	0
3308	3331	1
3293	3333	1
3334	3335	1
3336	3333	1
3337	3338	1
3306	3339	2
3340	3338	1
3309	3299	1
3341	3342	1
3294	3333	1
3326	3344	0
3296	3345	1
3346	3347	1
3348	3330	0
3329	3298	0
3349	3317	1
3290	3350	1
3333	3351	0
3309	3333	1
3313	3329	1
3353	3354	0
3337	3340	1
3321	3355	1
3356	3342	1
3357	3332	1
3328	3297	1
3351	3331	1
3338	3346	1
3294	3300	1
3360	3331	1
3361	3316	1
3338	3288	0
3362	3363	0
3364	3303	2
3365	3311	1
3366	3367	0
3368	3369	1
3306	3370	1
3371	3372	0
3333	3360	1
3319	3330	0
3350	3374	1
3343	3313	1
3361	3317	0
3299	3351	0
3354	3337	1
3375	3376	0
3371	3377	1
3370	3378	1
3293	3300	1
3339	3370	1
3371	3379	1
3299	3336	0
3380	3304	1
3379	3377	0
3293	3336	0
3311	3327	1
3368	3316	1
3324	3336	0
3367	3305	1
3335	3382	0
3310	3383	1
3309	3351	0
3368	3361	1
3351	3360	1
3293	3351	0
3300	3331	1
3325	3327	1
3331	3334	0
3300	3333	1
3307	3327	1
3327	3363	0
3374	3386	0
3294	3351	0
3294	3336	0
3373	3372	0
3308	3360	1
3329	3297	0
3310	3380	0
3299	3308	1
3307	3299	1
3382	3303	0
3307	3324	1
3288	3347	1
3292	3359	1
3369	3361	1
3360	3364	1
3300	3308	1
3311	3363	0
3304	3383	1
3324	3294	1
3293	3308	1
3324	3309	2
3381	3291	1
3365	3325	2
3354	3388	1
3368	3349	0
3322	3302	1
3300	3351	0
3293	3299	1
3307	3293	1
3368	3317	1
3389	3295	1
3311	3324	1
3364	3382	1
3309	3336	0
3327	3309	0
3327	3294	1
3390	3391	1
3309	3300	1
3378	3355	1
3331	3364	1
3366	3339	0
3332	3344	0
3311	3362	1
3382	3304	1
3369	3316	1
3312	3328	1
3330	3384	1
3333	3331	1
3369	3349	0
3382	3310	1
3366	3306	0
3341	3392	1
3334	3382	1
3358	3291	1
3374	3393	2
3336	3300	1
3340	3287	1
3362	3325	0
3370	3321	1
3377	3372	0
3369	3317	1
3394	3367	0
3382	3380	0
3381	3359	1
3308	3351	0
3361	3349	0
3307	3336	1
3299	3333	1
3356	3395	2
3312	3343	1
3379	3372	0
3395	3392	1
3384	3396	1
3342	3392	0
3326	3323	0
3395	3341	0
3291	3359	0
3349	3316	1
3307	3363	0
3373	3379	1
3360	3334	0
3363	3299	1
3355	3301	0
3390	3356	1
3385	3367	0
3346	3288	0
3309	3293	1
3387	3390	0
3380	3383	1
3386	3393	1
3331	3335	1
3336	3308	1
3350	3386	1
3352	3345	1
3308	3333	1
3394	3366	1
3360	3335	1
3325	3324	1
3353	3388	0
3327	3336	0
3385	3366	1
3363	3309	1
3321	3378	1
3345	3365	0
3363	3294	1
3363	3336	1
3363	3293	1
3376	3391	1
3309	3294	1
3364	3334	0
3322	3301	1
3327	3293	1
3335	3303	0
3393	3375	1
3397	3398	1
3400	3401	1
3402	3398	0
3403	3401	1
3401	3404	1
3405	3401	1
3406	3398	1
3404	3397	0
3402	3407	0
3406	3397	1
3405	3400	1
3402	3397	0
3404	3406	0
3406	3407	1
3407	3398	1
3402	3406	0
3404	3407	0
3408	3399	0
3403	3405	0
3403	3400	0
3409	3410	2
3411	3412	0
3409	3413	0
3414	3415	1
3413	3416	0
3416	3414	1
3416	3415	1
3410	3416	0
3413	3410	1
3420	3421	1
3419	3417	0
3422	3418	1
3419	3412	0
3421	3409	1
3423	3424	0
3425	3426	1
3429	3424	0
3427	3426	1
3424	3430	1
3428	3425	1
3426	3423	1
3428	3426	1
3425	3423	1
3431	3432	1
3433	3434	1
3434	3435	1
3436	3437	1
3432	3433	0
3431	3437	0
3433	3438	1
3432	3439	0
3436	3431	1
3435	3440	0
3437	3432	1
3438	3435	1
3439	3433	1
3439	3438	1
3438	3440	1
3439	3434	1
3441	3442	1
3443	3444	2
3444	3447	1
3443	3442	1
3443	3441	1
3447	3446	0
3447	3445	0
3443	3448	2
3448	3444	2
3449	3450	1
3451	3452	0
3453	3454	0
3455	3452	0
3451	3456	0
3457	3451	1
3449	3458	1
3459	3460	1
3461	3449	1
3457	3454	1
3455	3462	0
3452	3463	1
3459	3456	0
3453	3464	0
3460	3452	0
3451	3467	2
3460	3462	0
3456	3455	0
3456	3452	0
3467	3452	0
3457	3467	1
3456	3462	0
3457	3460	1
3458	3465	1
3468	3469	0
3458	3450	0
3454	3460	1
3460	3467	1
3459	3455	0
3459	3451	1
3469	3470	1
3453	3457	0
3464	3457	1
3462	3463	1
3470	3449	1
3463	3468	1
3450	3465	1
3460	3451	1
3459	3454	0
3466	3471	1
3459	3467	1
3464	3459	1
3460	3455	0
3468	3470	0
3464	3454	1
3467	3462	0
3451	3455	0
3454	3451	1
3472	3473	0
3474	3475	0
3476	3477	1
3478	3479	0
3480	3481	1
3482	3476	0
3483	3476	2
3484	3479	0
3477	3485	1
3486	3487	1
3488	3474	0
3483	3477	1
3482	3483	0
3472	3486	2
3489	3478	1
3485	3490	1
3484	3476	0
3491	3480	0
3475	3472	1
3479	3483	1
3478	3484	1
3485	3491	1
3485	3488	1
3488	3481	0
3488	3480	0
3489	3484	1
3488	3491	0
3474	3480	0
3475	3473	1
3484	3483	0
3491	3481	0
3482	3479	0
3478	3482	2
3474	3481	0
3489	3479	0
3482	3484	1
3479	3476	1
3473	3486	1
3491	3474	0
3490	3488	1
3492	3493	0
3494	3495	1
3496	3497	1
3499	3500	1
3501	3502	0
3503	3492	1
3504	3505	1
3506	3507	0
3496	3508	1
3497	3509	0
3505	3507	0
3510	3508	1
3511	3500	1
3493	3496	1
3512	3508	1
3500	3513	1
3513	3514	0
3497	3501	1
3503	3515	0
3506	3516	0
3517	3518	0
3517	3497	0
3512	3497	1
3503	3493	1
3518	3497	1
3499	3513	1
3501	3507	0
3516	3494	1
3520	3493	1
3512	3509	0
3510	3512	1
3521	3520	0
3508	3501	1
3496	3510	0
3517	3510	0
3506	3505	1
3522	3523	0
3513	3515	0
3518	3508	1
3513	3521	1
3515	3520	2
3518	3512	2
3521	3515	0
3520	3492	1
3493	3517	1
3501	3509	0
3509	3507	0
3512	3501	1
3503	3520	0
3504	3507	0
3524	3522	1
3511	3513	1
3507	3516	1
3514	3493	1
3506	3504	1
3510	3501	1
3511	3499	1
3525	3495	1
3504	3502	0
3521	3514	0
3515	3492	1
3495	3519	0
3521	3503	0
3510	3497	1
3513	3503	0
3507	3525	1
3515	3493	1
3509	3504	1
3497	3508	1
3504	3525	0
3526	3522	1
3514	3492	1
3505	3525	0
3509	3502	0
3518	3509	0
3506	3502	0
3518	3501	1
3504	3516	0
3523	3498	1
3521	3493	0
3498	3511	0
3506	3525	0
3517	3508	0
3509	3505	1
3505	3516	0
3509	3506	1
3501	3506	0
3501	3504	0
3517	3512	0
3527	3528	0
3530	3531	0
3528	3532	1
3533	3534	0
3528	3529	1
3535	3527	0
3536	3537	0
3533	3538	0
3527	3532	0
3536	3533	0
3533	3535	1
3538	3527	0
3528	3530	1
3534	3535	1
3538	3535	1
3537	3534	0
3534	3538	2
3532	3530	1
3531	3539	1
3536	3534	0
3537	3533	1
3529	3530	1
3540	3541	0
3542	3541	0
3541	3543	1
3541	3544	1
3542	3545	1
3545	3541	0
3546	3547	1
3548	3549	0
3550	3545	1
3548	3550	1
3549	3550	1
3543	3551	1
3546	3548	1
3547	3549	0
3550	3542	1
3544	3551	1
3552	3553	1
3554	3555	1
3556	3552	1
3558	3554	0
3558	3555	1
3554	3556	1
3555	3556	0
3561	3562	0
3561	3563	1
3563	3564	0
3562	3564	1
3565	3560	1
3564	3567	1
3566	3561	0
3568	3569	1
3562	3567	1
3560	3568	0
3566	3562	0
3562	3570	1
3571	3568	0
3569	3563	1
3563	3567	1
3561	3570	1
3566	3564	0
3563	3570	0
3567	3570	0
3572	3573	1
3574	3575	0
3576	3577	1
3578	3579	1
3580	3581	1
3572	3576	1
3584	3573	0
3585	3586	1
3581	3579	1
3576	3574	1
3585	3587	1
3581	3588	1
3578	3586	1
3572	3584	1
3576	3584	1
3588	3578	0
3573	3575	1
3579	3587	1
3575	3582	1
3576	3573	1
3580	3588	1
3575	3583	1
3577	3574	1
3572	3574	1
3574	3573	0
3587	3586	1
3584	3577	0
3582	3580	0
3572	3577	1
3588	3579	0
3589	3590	0
3591	3590	0
3592	3593	0
3589	3594	1
3592	3591	1
3597	3598	1
3599	3600	0
3601	3590	0
3592	3589	2
3596	3599	1
3603	3600	1
3593	3590	1
3593	3602	1
3593	3604	1
3597	3605	1
3598	3595	0
3606	3607	1
3594	3590	0
3602	3604	0
3593	3591	1
3589	3591	1
3593	3601	1
3598	3596	0
3594	3601	1
3599	3592	1
3608	3607	1
3609	3597	1
3604	3601	1
3599	3603	0
3610	3595	1
3592	3594	1
3609	3611	0
3609	3605	1
3612	3609	1
3611	3598	1
3602	3590	0
3610	3598	1
3591	3594	0
3594	3602	1
3597	3611	0
3604	3590	0
3605	3598	1
3591	3604	0
3589	3604	1
3600	3592	1
3613	3612	0
3596	3603	0
3607	3613	1
3603	3592	1
3589	3601	1
3589	3593	0
3593	3594	1
3614	3615	1
3614	3616	0
3617	3618	1
3618	3615	1
3614	3619	1
3620	3621	1
3622	3623	1
3614	3618	1
3614	3625	2
3617	3624	1
3623	3619	1
3618	3616	0
3617	3625	0
3617	3616	0
3616	3615	1
3625	3615	1
3623	3614	1
3626	3622	1
3619	3615	1
3619	3618	1
3618	3625	0
3625	3616	0
3619	3616	0
3619	3617	1
3624	3627	0
3628	3629	1
3630	3628	0
3630	3631	0
3628	3631	0
3632	3630	2
3631	3629	1
3635	3636	1
3634	3637	1
3637	3638	0
3639	3640	1
3639	3636	1
3640	3633	1
3635	3640	1
3636	3633	1
3634	3638	0
3633	3638	0
3641	3642	0
3643	3644	1
3645	3646	0
3644	3648	0
3649	3650	0
3645	3650	0
3649	3645	1
3651	3645	0
3651	3649	0
3643	3647	1
3650	3646	0
3652	3653	0
3652	3654	0
3657	3658	1
3659	3660	1
3655	3661	1
3662	3663	0
3664	3665	1
3660	3666	1
3667	3668	0
3660	3669	1
3656	3665	1
3670	3657	0
3657	3662	1
3659	3666	1
3658	3662	1
3671	3655	1
3666	3672	1
3672	3673	0
3665	3667	1
3674	3673	0
3675	3676	0
3677	3676	0
3676	3678	1
3677	3675	2
3679	3677	1
3680	3681	0
3682	3683	1
3680	3682	0
3684	3685	0
3686	3687	1
3688	3689	1
3690	3691	1
3692	3689	1
3686	3691	1
3689	3693	1
3692	3690	1
3693	3690	1
3688	3693	1
3688	3690	1
3689	3690	1
3691	3684	1
3686	3695	1
3687	3691	1
3687	3684	1
3694	3685	0
3687	3695	1
3696	3697	1
3698	3699	0
3699	3696	1
3701	3702	0
3703	3702	0
3704	3701	1
3701	3703	0
3706	3707	1
3708	3709	1
3710	3711	0
3706	3708	0
3712	3710	1
3711	3713	0
3709	3714	1
3707	3708	0
3715	3706	1
3710	3713	0
3718	3719	0
3717	3722	1
3723	3720	0
3716	3721	1
3724	3725	1
3726	3720	0
3727	3716	1
3728	3722	1
3719	3724	0
3726	3719	0
3720	3718	1
3718	3724	0
3728	3721	1
3717	3721	1
3730	3732	0
3732	3733	0
3731	3730	1
3734	3735	0
3736	3732	0
3733	3737	1
3735	3729	1
3736	3733	0
3731	3732	0
3738	3739	0
3738	3740	1
3741	3742	1
3743	3744	0
3742	3745	1
3745	3744	0
3745	3746	0
3740	3741	0
3746	3744	0
3749	3750	1
3751	3750	1
3750	3752	1
3751	3749	0
3754	3755	0
3756	3757	1
3754	3757	1
3757	3758	0
3759	3758	1
3754	3756	1
3759	3756	1
3754	3758	1
3759	3755	0
3755	3757	1
3760	3761	1
3762	3763	0
3759	3757	1
3764	3765	1
3766	3767	1
3767	3764	0
3769	3770	0
3766	3771	1
3772	3767	1
3767	3765	1
3773	3766	1
3774	3775	1
3768	3776	0
3766	3772	1
3777	3776	1
3773	3772	1
3765	3776	0
3767	3771	1
3764	3771	1
3766	3764	1
3771	3765	1
3770	3774	1
3768	3777	0
3772	3771	1
3780	3781	0
3781	3782	1
3782	3783	1
3782	3784	1
3780	3782	2
3784	3778	1
3785	3786	1
3787	3788	1
3789	3790	0
3791	3792	1
3791	3793	1
3794	3789	1
3792	3794	2
3795	3796	0
3797	3796	1
3788	3798	1
3799	3800	0
3798	3801	0
3802	3790	0
3803	3804	1
3805	3806	0
3806	3807	1
3808	3809	0
3810	3806	1
3804	3809	0
3811	3808	1
3804	3808	1
3808	3810	0
3805	3810	0
3803	3808	1
3809	3810	0
3814	3812	0
3815	3814	0
3812	3816	1
3813	3817	1
3816	3813	0
3818	3812	0
3820	3822	1
3820	3821	1
3823	3819	0
3819	3821	1
3826	3827	1
3828	3826	0
3829	3830	0
3833	3834	1
3835	3836	1
3837	3835	1
3837	3832	1
3838	3839	2
3831	3835	0
3834	3838	0
3836	3832	0
3840	3834	2
3841	3842	0
3841	3845	0
3845	3844	0
3845	3843	0
3842	3845	1
3846	3847	2
3847	3848	0
3851	3852	0
3853	3854	1
3855	3853	0
3851	3856	0
3854	3856	0
3857	3858	1
3855	3854	1
3857	3859	1
3859	3853	1
3860	3861	0
3859	3858	1
3858	3854	1
3862	3859	0
3854	3851	1
3863	3861	0
3861	3864	1
3862	3857	0
3857	3853	1
3865	3866	1
3865	3867	1
3868	3866	0
3868	3865	0
3869	3870	0
3868	3867	2
3873	3869	1
3866	3867	1
3872	3869	1
3874	3875	1
3875	3876	1
3877	3878	0
3879	3880	1
3881	3882	1
3879	3875	1
3874	3879	0
3883	3874	1
3884	3885	0
3886	3887	1
3888	3883	1
3878	3882	1
3875	3889	1
3885	3879	1
3885	3874	1
3888	3879	1
3878	3890	1
3877	3887	1
3888	3885	1
3884	3883	1
3886	3877	1
3883	3879	1
3879	3889	1
3882	3890	2
3884	3874	1
3880	3876	1
3880	3889	1
3884	3888	0
3881	3890	1
3877	3881	0
3874	3889	1
3885	3883	1
3887	3878	0
3875	3880	1
3891	3892	1
3893	3894	1
3895	3894	1
3895	3893	1
3894	3896	0
3891	3894	1
3897	3898	0
3894	3892	0
3895	3891	1
3896	3892	1
3899	3900	1
3901	3902	0
3900	3903	0
3904	3902	0
3902	3905	1
3903	3901	1
3906	3900	1
3906	3903	2
3903	3904	1
3899	3906	2
3900	3904	1
3901	3904	1
3907	3908	1
3909	3908	1
3912	3913	1
3914	3915	1
3916	3917	0
3916	3914	0
3918	3916	1
3911	3918	0
3919	3920	1
3910	3921	1
3921	3918	0
3918	3914	1
3922	3909	0
3925	3926	1
3925	3927	1
3928	3929	0
3929	3930	1
3931	3932	1
3933	3932	0
3934	3935	1
3930	3936	1
3933	3931	0
3936	3932	0
3930	3933	1
3933	3936	1
3937	3923	1
3938	3939	0
3940	3941	0
3942	3943	0
3944	3945	0
3946	3940	1
3941	3938	1
3946	3947	1
3944	3948	1
3949	3947	1
3950	3941	1
3951	3938	1
3938	3944	0
3949	3950	0
3945	3948	1
3941	3951	0
3952	3953	0
3952	3954	0
3947	3951	0
3948	3954	0
3945	3954	0
3945	3952	1
3955	3956	2
3940	3951	0
3950	3947	1
3939	3948	1
3944	3939	0
3960	3961	0
3962	3963	0
3964	3961	0
3960	3963	0
3962	3960	0
3962	3964	0
3965	3962	1
3960	3964	0
3966	3967	0
3968	3969	0
3968	3967	0
3970	3971	0
3966	3969	0
3972	3973	0
3974	3975	0
3974	3978	0
3979	3972	1
3980	3981	1
3981	3976	2
3979	3973	0
3982	3978	0
3983	3981	1
3976	3974	0
3977	3982	0
3975	3982	1
3977	3978	0
3980	3976	1
3976	3975	0
3984	3985	1
3983	3980	1
3975	3978	0
3975	3977	1
3972	3983	0
3986	3987	0
3987	3988	1
3989	3990	1
3991	3992	0
3990	3987	0
3989	3986	1
3993	3991	1
3998	3994	0
3994	3999	1
3999	4000	0
4003	4001	0
4003	4002	0
4004	4005	0
4006	4007	0
4008	4009	0
4010	4011	0
4010	4007	0
4008	4012	0
4010	4006	1
4011	4007	0
4009	4006	1
4009	4010	1
4006	4011	0
4013	4014	0
4015	4016	1
4017	4018	1
4019	4017	1
4019	4020	0
4021	4013	1
4021	4014	1
4018	4020	0
4018	4022	0
4023	4024	1
4022	4023	1
4016	4013	1
4016	4014	1
4015	4013	1
4015	4014	1
4025	4026	1
4027	4025	0
4028	4029	1
4027	4026	1
4030	4031	0
4026	4032	2
4031	4029	1
4030	4028	0
4033	4026	1
4032	4028	0
4034	4035	1
4036	4037	0
4038	4039	0
4040	4041	0
4040	4042	0
4039	4040	1
4043	4044	0
4045	4046	0
4043	4047	0
4047	4048	1
4049	4047	1
4050	4049	1
4050	4047	1
4050	4044	1
4043	4049	0
4045	4051	0
4043	4050	0
4052	4053	0
4054	4055	0
4056	4055	0
4057	4056	2
4058	4059	1
4060	4057	1
4053	4060	1
4055	4061	1
4062	4063	1
4065	4066	1
4066	4067	0
4068	4064	0
4069	4068	1
4063	4069	0
4070	4071	1
4071	4065	0
4064	4071	1
4071	4066	2
4072	4062	0
4068	4070	0
4064	4070	0
4063	4068	1
4069	4070	0
4073	4074	1
4075	4076	1
4074	4077	0
4076	4074	1
4073	4077	2
4075	4077	1
4078	4079	0
4073	4075	0
4080	4081	1
4082	4080	1
4081	4083	0
4081	4084	1
4080	4083	1
4080	4084	1
4085	4082	0
4083	4084	1
4086	4087	0
4087	4090	1
4091	4092	1
4089	4092	1
4087	4094	1
4093	4087	0
4092	4096	1
4090	4089	0
4093	4090	0
4086	4090	0
4086	4088	0
4093	4088	0
4094	4089	0
4086	4093	2
4088	4094	1
4095	4087	0
4090	4094	1
4090	4091	0
4087	4088	1
4095	4088	0
4094	4091	0
4097	4098	1
4097	4099	1
4100	4101	1
4099	4098	1
4099	4102	1
4102	4100	0
4097	4103	1
4103	4099	1
4098	4100	0
4104	4105	0
4106	4107	1
4108	4109	1
4110	4111	1
4112	4113	0
4114	4115	0
4112	4116	0
4117	4111	1
4108	4118	1
4119	4120	0
4109	4121	1
4122	4110	1
4120	4118	1
4123	4124	1
4117	4110	0
4114	4113	0
4113	4115	1
4125	4122	0
4126	4111	1
4117	4126	1
4120	4109	1
4113	4116	2
4118	4109	0
4127	4119	1
4107	4128	1
4108	4120	2
4129	4112	1
4116	4115	1
4115	4107	2
4121	4129	1
4114	4116	0
4124	4129	0
4111	4130	0
4125	4117	1
4123	4129	1
4128	4131	1
4130	4127	0
4110	4126	1
4122	4126	1
4109	4123	1
4119	4108	0
4115	4106	0
4138	4139	1
4140	4141	0
4141	4143	1
4144	4145	1
4138	4146	0
4147	4148	1
4147	4135	1
4137	4144	1
4139	4149	1
4142	4148	0
4134	4147	0
4137	4145	1
4142	4147	0
4148	4135	1
4140	4133	0
4140	4143	2
4141	4133	0
4132	4143	1
4146	4139	1
4153	4154	1
4155	4156	1
4159	4160	1
4157	4160	0
4162	4160	0
4163	4164	0
4165	4161	0
4166	4167	1
4151	4154	1
4153	4166	1
4167	4168	0
4152	4166	1
4159	4162	1
4169	4170	1
4151	4153	0
4162	4157	1
4160	4158	1
4157	4171	0
4154	4152	0
4162	4171	0
4172	4173	2
4172	4174	0
4175	4174	0
4175	4172	0
4176	4177	0
4177	4175	1
4178	4175	1
4176	4175	1
4179	4180	1
4179	4181	1
4180	4181	1
4182	4179	0
4183	4184	1
4185	4186	0
4185	4187	0
4188	4183	0
4189	4190	0
4185	4183	0
4192	4186	1
4189	4192	0
4193	4189	1
4191	4186	0
4188	4195	0
4196	4194	1
4189	4194	0
4190	4192	0
4185	4188	1
4189	4197	0
4184	4198	0
4194	4197	0
4200	4201	0
4195	4199	1
4191	4183	1
4190	4191	1
4198	4200	1
4186	4188	1
4183	4195	2
4193	4194	1
4192	4191	1
4187	4183	1
4194	4192	0
4195	4184	1
4186	4187	1
4190	4185	1
4193	4196	0
4192	4185	1
4187	4188	1
4191	4188	1
4202	4203	2
4202	4204	0
4203	4204	0
4204	4205	1
4206	4207	1
4208	4206	0
4209	4210	0
4211	4212	0
4211	4213	1
4214	4213	1
4213	4215	0
4215	4216	0
4217	4218	1
4219	4220	1
4221	4213	1
4219	4222	1
4222	4220	1
4214	4221	0
4213	4212	0
4221	4211	1
4211	4215	1
4212	4216	1
4220	4223	1
4211	4216	0
4213	4216	0
4224	4225	2
4226	4227	1
4228	4229	1
4230	4225	1
4230	4224	1
4225	4228	1
4232	4233	1
4234	4235	2
4236	4237	1
4238	4239	0
4240	4241	0
4243	4240	1
4244	4245	1
4246	4237	0
4240	4247	1
4245	4248	0
4249	4250	0
4251	4245	1
4250	4252	0
4251	4253	0
4254	4255	1
4239	4256	1
4252	4257	1
4255	4258	0
4259	4239	0
4260	4261	0
4262	4263	1
4266	4243	1
4267	4241	0
4244	4268	1
4269	4237	0
4270	4268	1
4254	4271	1
4272	4273	0
4239	4273	1
4244	4253	0
4274	4260	1
4259	4272	1
4273	4256	1
4243	4267	1
4254	4258	2
4276	4258	1
4277	4254	0
4278	4279	0
4277	4276	0
4241	4247	1
4250	4257	1
4268	4251	0
4280	4268	1
4281	4248	0
4282	4267	1
4268	4253	0
4266	4267	1
4253	4281	1
4236	4269	1
4272	4239	0
4275	4249	1
4251	4248	0
4283	4284	0
4277	4258	0
4281	4285	1
4282	4266	0
4244	4251	0
4285	4278	1
4259	4273	0
4255	4276	0
4253	4245	1
4245	4281	1
4258	4271	1
4257	4264	1
4274	4286	2
4272	4256	1
4276	4271	1
4248	4285	1
4275	4250	1
4237	4238	1
4259	4242	0
4263	4246	0
4238	4272	1
4253	4248	2
4277	4255	2
4280	4244	1
4263	4236	0
4242	4256	1
4282	4243	1
4287	4288	0
4289	4290	1
4291	4292	1
4287	4290	1
4293	4288	1
4290	4294	0
4298	4288	1
4299	4293	2
4300	4297	0
4297	4301	0
4297	4302	1
4290	4303	1
4287	4294	0
4289	4287	1
4293	4290	1
4294	4303	1
4288	4303	1
4290	4298	0
4289	4293	1
4304	4290	1
4298	4294	1
4304	4287	1
4304	4293	1
4299	4287	1
4293	4287	1
4298	4303	1
4299	4304	0
4293	4303	1
4300	4296	0
4287	4303	1
4292	4305	1
4290	4288	0
4291	4295	1
4299	4290	1
4287	4298	0
4299	4289	0
4308	4309	1
4310	4311	0
4312	4313	0
4314	4315	0
4316	4317	1
4319	4313	0
4320	4321	1
4322	4323	1
4317	4312	1
4324	4325	0
4326	4327	1
4330	4331	1
4327	4318	1
4332	4333	0
4306	4335	1
4312	4331	1
4315	4336	0
4337	4338	1
4339	4316	0
4340	4337	0
4324	4341	1
4337	4342	1
4330	4313	0
4307	4335	1
4318	4335	1
4326	4318	1
4344	4311	0
4319	4312	2
4319	4347	1
4348	4349	1
4348	4350	1
4351	4352	0
4324	4353	0
4328	4309	1
4314	4336	0
4354	4349	1
4347	4313	0
4348	4355	0
4340	4342	0
4355	4349	1
4326	4306	1
4347	4330	1
4356	4308	0
4306	4318	1
4353	4340	1
4327	4306	0
4325	4353	2
4317	4319	1
4313	4331	1
4334	4357	0
4349	4345	1
4357	4317	1
4347	4312	0
4334	4316	0
4339	4357	0
4328	4308	1
4356	4343	0
4325	4341	1
4355	4350	1
4312	4330	1
4333	4358	1
4329	4309	1
4319	4331	1
4343	4308	1
4353	4337	1
4362	4363	1
4364	4365	1
4366	4367	1
4363	4368	1
4369	4370	1
4371	4372	1
4370	4361	1
4373	4374	1
4362	4376	1
4367	4365	1
4377	4378	0
4379	4368	1
4380	4381	2
4374	4382	0
4374	4383	0
4367	4364	0
4385	4371	0
4374	4388	1
4389	4386	1
4382	4388	1
4388	4377	1
4369	4361	1
4381	4371	2
4376	4363	1
4383	4382	1
4366	4375	1
4376	4379	2
4370	4359	1
4362	4368	1
4383	4388	1
4369	4360	1
4384	4390	0
4376	4368	1
4381	4385	1
4379	4363	1
4366	4364	1
4391	4392	2
4395	4396	1
4397	4398	1
4399	4400	1
4401	4397	1
4402	4403	2
4406	4407	1
4408	4400	1
4405	4409	1
4407	4410	1
4404	4411	0
4412	4393	1
4413	4405	1
4414	4415	0
4416	4417	1
4421	4396	2
4401	4398	1
4406	4410	1
4422	4400	1
4411	4409	1
4423	4424	0
4395	4421	1
4399	4422	1
4408	4422	1
4415	4420	1
4413	4404	1
4397	4412	1
4427	4428	0
4429	4430	0
4428	4433	1
4434	4435	0
4429	4436	0
4439	4432	0
4433	4440	0
4441	4442	0
4443	4432	1
4439	4444	0
4445	4446	1
4449	4450	0
4451	4452	1
4453	4440	0
4427	4454	0
4456	4435	0
4457	4458	0
4430	4459	1
4460	4461	0
4431	4426	1
4434	4456	1
4430	4462	1
4427	4453	0
4463	4464	1
4434	4465	1
4428	4453	1
4433	4454	0
4448	4466	1
4458	4431	1
4468	4469	1
4439	4431	0
4457	4443	0
4439	4470	1
4433	4468	0
4444	4426	1
4439	4443	0
4443	4470	1
4444	4425	1
4440	4468	1
4471	4445	2
4443	4444	1
4431	4425	1
4427	4468	0
4466	4441	1
4459	4462	0
4439	4425	1
4472	4473	0
4432	4425	1
4459	4475	1
4428	4440	1
4444	4470	1
4458	4439	1
4449	4442	0
4476	4466	0
4431	4470	1
4431	4444	1
4443	4425	1
4428	4454	1
4471	4446	1
4443	4426	1
4458	4443	0
4443	4431	1
4432	4470	1
4448	4478	1
4450	4479	1
4480	4467	1
4473	4447	1
4464	4481	0
4432	4426	1
4440	4454	1
4430	4436	1
4454	4469	1
4433	4469	1
4453	4468	1
4429	4482	0
4458	4432	1
4477	4461	0
4448	4476	1
4433	4453	0
4482	4462	1
4478	4466	0
4465	4483	1
4427	4433	1
4435	4465	1
4427	4440	0
4484	4472	1
4441	4449	1
4485	4486	1
4487	4488	1
4491	4492	0
4493	4494	1
4495	4493	2
4496	4497	1
4498	4499	1
4500	4501	0
4488	4495	0
4502	4503	0
4506	4499	0
4507	4508	1
4509	4507	0
4501	4512	0
4514	4515	1
4516	4502	1
4489	4517	1
4516	4518	1
4508	4497	0
4490	4519	1
4520	4518	1
4487	4495	1
4503	4522	0
4524	4525	1
4492	4526	0
4503	4528	1
4489	4519	1
4529	4530	1
4518	4502	1
4531	4532	1
4507	4533	1
4535	4512	0
4502	4528	1
4536	4510	0
4507	4496	1
4508	4533	0
4524	4537	1
4537	4538	0
4536	4511	0
4539	4491	1
4540	4541	1
4542	4491	1
4491	4543	0
4504	4528	1
4544	4527	0
4529	4539	1
4511	4485	0
4501	4545	1
4491	4526	0
4540	4546	0
4515	4510	1
4514	4494	1
4510	4485	0
4502	4522	0
4538	4531	0
4528	4522	0
4503	4505	0
4534	4521	0
4514	4536	1
4496	4513	1
4536	4515	0
4519	4527	0
4546	4541	1
4516	4503	1
4509	4496	0
4529	4542	0
4508	4496	0
4506	4520	0
4499	4520	0
4530	4539	0
4488	4493	0
4528	4505	0
4533	4513	1
4530	4491	0
4533	4497	1
4506	4498	0
4520	4516	1
4517	4544	1
4486	4501	0
4518	4503	1
4496	4533	1
4501	4535	1
4530	4542	0
4525	4537	1
4489	4544	1
4492	4543	0
4497	4534	1
4544	4519	1
4493	4514	1
4546	4547	1
4502	4505	0
4540	4547	1
4513	4534	1
4503	4504	0
4543	4526	0
4500	4512	0
4502	4504	0
4535	4545	0
4542	4539	1
4548	4549	2
4550	4551	1
4552	4553	1
4554	4555	0
4556	4557	1
4558	4559	1
4562	4563	1
4566	4567	1
4568	4569	1
4565	4549	1
4561	4570	0
4569	4571	1
4572	4573	1
4574	4575	1
4576	4577	1
4553	4562	0
4578	4559	1
4579	4553	1
4581	4549	0
4582	4560	1
4560	4570	0
4552	4579	1
4584	4573	1
4585	4586	0
4549	4551	1
4582	4561	1
4548	4565	0
4588	4589	1
4590	4591	0
4592	4593	1
4593	4566	0
4594	4595	1
4593	4567	2
4596	4588	1
4597	4577	1
4548	4581	1
4598	4583	1
4590	4582	0
4581	4550	0
4576	4552	0
4571	4585	1
4596	4589	1
4594	4599	1
4556	4600	1
4577	4552	0
4601	4578	0
4558	4578	0
4583	4572	1
4571	4586	0
4601	4559	1
4599	4591	0
4600	4557	1
4604	4605	0
4607	4608	1
4609	4610	1
4603	4606	0
4608	4604	1
4611	4610	1
4605	4603	1
4612	4613	0
4615	4612	1
4615	4616	0
4616	4613	1
4616	4612	1
4617	4618	0
4617	4619	1
4620	4621	0
4622	4623	0
4624	4620	1
4625	4624	2
4624	4621	0
4626	4627	0
4628	4629	0
4629	4630	1
4631	4630	1
4629	4631	1
4632	4633	1
4634	4635	1
4633	4629	0
4632	4636	0
4630	4637	0
4627	4638	1
4633	4639	1
4636	4626	1
4639	4629	0
4630	4634	0
4638	4631	1
4639	4631	1
4638	4629	0
4627	4639	1
4631	4637	0
4638	4639	1
4639	4630	1
4637	4635	1
4628	4631	1
4637	4640	2
4627	4633	1
4628	4638	1
4641	4640	0
4628	4639	1
4636	4633	1
4626	4629	0
4628	4630	1
4634	4641	1
4641	4637	0
4633	4638	1
4626	4633	1
4626	4628	1
4631	4634	0
4631	4641	0
4626	4639	1
4645	4646	0
4645	4647	0
4649	4646	1
4644	4649	0
4645	4649	0
4650	4651	1
4648	4646	0
4652	4653	1
4654	4655	0
4656	4657	0
4658	4657	0
4659	4657	0
4658	4659	0
4656	4658	2
4660	4655	0
4661	4662	0
4663	4661	1
4666	4667	1
4666	4668	1
4668	4667	1
4665	4670	0
4664	4669	0
4662	4669	1
4664	4662	0
4671	4663	0
4672	4666	0
4661	4664	2
4673	4674	1
4675	4676	1
4677	4678	1
4679	4680	1
4681	4682	1
4674	4685	0
4686	4680	1
4687	4680	1
4684	4673	1
4688	4679	1
4689	4690	1
4688	4680	1
4691	4692	1
4685	4677	1
4688	4686	1
4694	4695	0
4695	4675	1
4696	4690	1
4697	4696	0
4673	4685	0
4692	4698	0
4679	4686	2
4700	4682	1
4701	4702	1
4701	4678	1
4687	4679	1
4687	4686	1
4694	4675	1
4696	4689	1
4677	4701	1
4676	4705	0
4698	4697	1
4693	4692	1
4706	4707	0
4708	4707	0
4709	4710	0
4711	4712	0
4714	4715	1
4716	4717	2
4718	4710	0
4711	4710	0
4712	4708	1
4717	4719	0
4709	4711	1
4713	4715	1
4706	4720	1
4712	4710	0
4720	4707	0
4718	4709	0
4716	4719	0
4712	4706	0
4710	4706	1
4720	4716	0
4719	4713	1
4723	4722	0
4724	4722	0
4725	4726	0
4727	4726	0
4727	4728	0
4729	4730	0
4726	4728	1
4727	4725	0
4725	4728	0
4731	4732	1
4732	4733	0
4734	4735	1
4736	4731	0
4735	4737	0
4731	4733	2
4737	4738	0
4739	4740	0
4741	4742	1
4739	4742	0
4743	4739	1
4740	4744	0
4742	4740	2
4745	4746	1
4747	4748	1
4749	4746	1
4750	4747	0
4746	4751	1
4752	4749	0
4745	4752	1
4745	4749	0
4753	4754	0
4755	4756	0
4757	4758	1
4754	4756	1
4759	4760	2
4755	4758	1
4763	4759	1
4764	4757	1
4762	4759	1
4754	4758	1
4753	4756	0
4758	4756	0
4754	4765	1
4765	4756	0
4753	4765	1
4763	4760	1
4766	4767	1
4764	4765	1
4760	4764	0
4764	4754	1
4754	4755	1
4758	4768	0
4755	4768	0
4769	4766	0
4765	4755	1
4767	4761	2
4765	4758	1
4770	4771	1
4772	4773	1
4776	4777	2
4778	4779	1
4780	4781	1
4782	4783	0
4770	4772	1
4785	4780	1
4775	4771	1
4781	4786	1
4774	4770	0
4781	4787	1
4785	4781	1
4775	4770	0
4784	4780	1
4772	4788	1
4773	4788	0
4770	4773	1
4771	4773	1
4789	4790	0
4790	4791	1
4791	4792	0
4792	4793	1
4789	4794	1
4794	4791	1
4795	4796	1
4797	4796	1
4798	4799	0
4800	4799	0
4801	4802	0
4803	4804	0
4805	4806	0
4807	4808	1
4806	4807	1
4806	4809	1
4806	4808	1
4809	4808	1
4807	4809	2
4810	4811	1
4812	4813	1
4814	4815	1
4816	4817	0
4818	4819	1
4812	4820	0
4821	4822	1
4823	4824	0
4825	4826	1
4827	4828	1
4829	4827	1
4830	4822	1
4831	4832	1
4833	4815	1
4834	4814	1
4820	4813	1
4835	4836	1
4826	4817	1
4837	4818	1
4836	4828	1
4838	4811	1
4839	4840	1
4841	4822	1
4842	4824	0
4835	4827	1
4843	4814	1
4817	4837	0
4829	4828	1
4834	4815	1
4838	4810	1
4835	4829	1
4834	4833	0
4814	4833	0
4825	4844	1
4835	4828	1
4845	4810	1
4819	4821	0
4836	4829	0
4838	4846	1
4828	4832	0
4843	4847	1
4844	4826	1
4819	4841	0
4845	4846	1
4836	4827	0
4848	4844	0
4847	4834	0
4846	4810	0
4848	4825	0
4828	4831	0
4826	4816	1
4841	4830	0
4821	4830	0
4825	4816	1
4849	4850	0
4851	4852	1
4853	4854	2
4853	4855	0
4856	4857	1
4850	4858	2
4859	4860	0
4861	4862	0
4858	4859	0
4862	4863	1
4864	4865	1
4867	4868	1
4869	4870	0
4872	4873	1
4874	4875	0
4873	4876	0
4868	4877	1
4880	4879	0
4872	4876	1
4856	4881	1
4849	4858	0
4869	4867	1
4882	4851	1
4881	4857	1
4867	4883	0
4865	4884	0
4884	4882	1
4852	4875	0
4854	4885	0
4886	4882	0
4850	4864	0
4875	4887	1
4886	4851	0
4859	4884	0
4879	4888	1
4860	4886	1
4870	4883	1
4870	4867	1
4850	4859	0
4889	4880	1
4871	4863	1
4887	4878	0
4855	4854	1
4890	4853	1
4866	4871	0
4878	4880	1
4883	4868	1
4876	4891	1
4892	4870	0
4884	4860	1
4865	4860	0
4858	4864	0
4892	4867	1
4860	4882	2
4893	4876	0
4859	4865	0
4865	4886	1
4892	4883	1
4873	4893	0
4872	4893	1
4874	4851	0
4891	4869	0
4861	4871	0
4878	4889	0
4865	4882	0
4855	4885	0
4889	4879	1
4866	4862	0
4853	4885	0
4893	4891	1
4859	4864	0
4852	4887	0
4894	4895	1
4896	4897	1
4898	4899	1
4900	4901	1
4902	4900	0
4903	4904	2
4905	4906	1
4907	4908	0
4905	4909	1
4910	4911	1
4912	4898	0
4913	4900	0
4916	4917	1
4909	4918	0
4903	4919	1
4901	4903	1
4902	4913	1
4920	4921	1
4901	4904	1
4908	4922	1
4923	4916	0
4913	4901	0
4924	4925	1
4917	4903	1
4926	4918	0
4925	4916	0
4902	4917	1
4926	4909	0
4894	4927	1
4928	4929	1
4905	4930	1
4931	4932	0
4933	4929	1
4910	4934	1
4930	4918	1
4895	4907	1
4917	4900	0
4922	4896	2
4900	4904	1
4924	4923	1
4936	4921	1
4918	4937	1
4935	4931	0
4938	4939	1
4940	4941	1
4930	4909	1
4913	4904	1
4920	4936	2
4900	4903	1
4930	4926	1
4942	4943	1
4923	4902	2
4932	4921	1
4938	4944	0
4916	4913	1
4939	4944	0
4933	4928	0
4896	4945	1
4919	4933	0
4905	4918	1
4902	4916	0
4895	4908	1
4917	4901	0
4925	4902	0
4946	4910	0
4917	4904	1
4923	4925	1
4926	4906	0
4920	4932	0
4935	4920	0
4897	4914	1
4913	4903	1
4947	4948	1
4949	4950	1
4951	4949	0
4952	4953	0
4954	4949	2
4955	4954	1
4956	4957	2
4947	4954	1
4958	4948	1
4959	4960	1
4954	4961	1
4962	4948	1
4954	4951	1
4949	4964	1
4951	4950	1
4957	4965	1
4955	4948	1
4949	4961	1
4958	4947	1
4962	4955	1
4964	4963	1
4955	4947	0
4958	4962	1
4951	4961	1
4966	4958	1
4967	4959	1
4961	4950	1
4950	4964	0
4962	4954	1
4958	4955	1
4967	4956	1
4948	4954	1
4951	4964	1
4968	4969	1
4969	4970	0
4971	4972	0
4973	4974	1
4968	4973	0
4973	4970	1
4976	4977	0
4972	4978	1
4971	4978	1
4979	4971	1
4970	4974	1
4980	4981	0
4984	4982	1
4985	4986	0
4987	4980	0
4987	4989	1
4991	4985	1
4991	4986	0
4980	4992	1
4992	4981	0
4993	4994	1
4995	4993	0
4996	4997	1
4998	4999	2
5000	4998	1
5003	5001	1
5000	4999	1
5003	4997	1
5006	5007	1
5006	5008	0
5009	5010	0
5011	5012	0
5013	5014	0
5008	5015	1
5016	5017	2
5018	5019	1
5019	5022	0
5008	5007	1
5006	5023	1
5024	5025	1
5017	5026	0
5027	5022	0
5014	5008	0
5028	5029	0
5030	5022	1
5015	5012	0
5031	5028	1
5032	5010	1
5008	5023	1
5033	5034	0
5035	5036	1
5037	5010	1
5032	5009	1
5014	5023	1
5038	5035	0
5014	5012	1
5016	5039	1
5012	5004	1
5012	5005	1
5011	5005	1
5015	5007	0
5013	5008	0
5007	5040	0
5040	5004	1
5008	5040	1
5028	5032	0
5008	5012	1
5027	5030	0
5041	5042	0
5029	5043	1
5037	5009	1
5035	5020	1
5031	5029	0
5044	5018	1
5006	5011	1
5019	5027	0
5014	5007	1
5045	5042	0
5011	5004	1
5015	5040	0
5028	5037	0
5024	5046	1
5011	5023	1
5009	5045	1
5008	5011	1
5007	5023	1
5040	5005	1
5047	5044	0
5006	5012	1
5043	5037	0
5017	5039	1
5019	5030	0
5011	5040	0
5042	5047	1
5023	5040	0
5037	5032	2
5039	5026	0
5006	5015	1
5048	5049	0
5050	5051	2
5052	5053	1
5054	5056	0
5053	5057	1
5056	5055	1
5055	5052	0
5052	5057	1
5058	5059	1
5058	5060	0
5061	5062	1
5063	5064	1
5065	5066	1
5067	5068	1
5071	5065	0
5059	5072	1
5073	5074	1
5060	5064	1
5063	5072	1
5072	5064	0
5062	5060	0
5073	5076	1
5060	5072	1
5077	5078	1
5078	5079	1
5063	5060	0
5074	5076	1
5061	5058	1
5062	5059	0
5066	5081	0
5070	5072	1
5061	5082	1
5070	5064	1
5068	5077	0
5059	5060	0
5075	5065	0
5080	5069	1
5070	5060	0
5062	5063	1
5059	5063	1
5062	5058	0
5059	5064	1
5073	5080	1
5083	5075	1
5058	5063	1
5084	5068	1
5082	5062	1
5062	5070	0
5085	5086	0
5087	5088	0
5089	5090	0
5089	5086	0
5086	5091	1
5092	5087	1
5093	5094	1
5090	5095	2
5091	5090	0
5096	5092	1
5096	5087	1
5091	5095	0
5092	5088	0
5097	5098	0
5098	5099	1
5098	5100	1
5101	5099	0
5097	5099	1
5100	5099	0
5101	5097	0
5101	5098	0
5102	5103	0
5104	5102	2
5103	5105	1
5104	5103	0
5106	5107	1
5108	5109	1
5110	5111	1
5114	5115	0
5116	5114	1
5118	5119	0
5122	5123	0
5126	5127	0
5129	5119	1
5130	5114	1
5125	5112	1
5127	5133	1
5128	5134	2
5135	5134	1
5117	5137	0
5133	5138	0
5139	5140	1
5141	5134	1
5142	5119	1
5130	5143	1
5144	5132	1
5113	5110	1
5121	5126	1
5137	5145	0
5118	5146	0
5138	5131	1
5140	5128	0
5133	5144	0
5135	5122	1
5142	5124	1
5121	5127	1
5118	5129	0
5108	5140	1
5145	5121	1
5137	5120	2
5134	5122	1
5126	5133	1
5132	5146	0
5128	5135	0
5109	5140	1
5120	5145	0
5115	5137	1
5131	5144	0
5139	5109	0
5146	5129	1
5141	5128	1
5143	5114	1
5146	5142	1
5139	5108	0
5114	5117	0
5133	5131	0
5147	5148	1
5149	5150	1
5151	5149	0
5150	5148	1
5154	5155	1
5153	5154	0
5156	5157	0
5158	5159	2
5160	5161	1
5162	5156	0
5163	5164	2
5165	5160	0
5166	5167	0
5167	5168	0
5169	5170	0
5171	5172	1
5173	5161	1
5174	5175	0
5176	5169	1
5157	5178	1
5158	5179	0
5180	5158	1
5181	5182	0
5180	5183	1
5183	5179	0
5184	5166	1
5157	5184	0
5184	5178	1
5185	5178	1
5165	5173	0
5169	5186	0
5159	5162	1
5179	5159	1
5161	5183	1
5185	5166	1
5180	5179	2
5186	5174	1
5173	5160	0
5161	5180	1
5175	5171	1
5172	5177	0
5175	5172	1
5165	5187	0
5170	5174	1
5184	5185	1
5188	5168	0
5157	5185	1
5189	5190	0
5191	5192	2
5195	5196	1
5195	5198	0
5199	5195	0
5200	5201	0
5203	5193	1
5193	5204	1
5203	5204	1
5200	5204	1
5189	5202	0
5196	5200	1
5192	5205	0
5200	5193	1
5198	5196	1
5191	5206	0
5206	5192	1
5203	5201	0
5189	5197	0
5193	5201	0
5202	5199	1
5197	5198	0
5207	5208	1
5197	5195	1
5190	5199	1
5201	5204	1
5199	5198	0
5209	5191	1
5209	5206	0
5202	5198	0
5196	5203	1
5210	5190	0
5194	5207	0
5211	5212	0
5213	5214	0
5215	5216	1
5217	5218	0
5219	5220	1
5211	5222	2
5223	5224	0
5225	5214	0
5226	5214	0
5228	5229	1
5219	5230	1
5231	5232	0
5226	5213	1
5214	5221	1
5226	5234	1
5214	5234	1
5235	5233	0
5236	5229	1
5230	5236	1
5216	5237	0
5238	5235	1
5229	5239	0
5230	5220	1
5240	5224	0
5238	5241	1
5241	5233	1
5219	5242	1
5220	5236	1
5216	5243	0
5228	5236	1
5241	5235	1
5242	5220	1
5240	5227	1
5215	5237	1
5234	5221	1
5232	5219	1
5224	5227	1
5226	5221	1
5212	5222	1
5232	5242	1
5220	5228	1
5245	5246	0
5247	5248	0
5251	5252	1
5253	5254	1
5255	5245	1
5256	5246	1
5257	5258	0
5261	5262	2
5263	5259	0
5264	5246	1
5266	5253	1
5267	5268	1
5256	5245	1
5269	5267	1
5254	5261	1
5252	5270	1
5265	5248	0
5271	5247	0
5268	5272	1
5271	5248	0
5256	5264	1
5264	5245	1
5273	5274	1
5274	5275	1
5276	5277	1
5278	5279	1
5280	5274	1
5281	5282	1
5284	5273	0
5285	5286	1
5287	5288	1
5288	5289	1
5277	5290	0
5291	5284	0
5277	5292	0
5293	5277	1
5289	5276	0
5293	5276	1
5273	5294	1
5285	5291	1
5295	5281	1
5286	5291	1
5285	5296	1
5292	5278	1
5298	5282	1
5280	5294	1
5287	5289	1
5281	5298	0
5284	5280	0
5298	5283	1
5288	5293	0
5293	5290	1
5276	5290	1
5299	5300	1
5301	5302	1
5303	5304	0
5305	5303	1
5307	5308	1
5299	5309	1
5310	5305	0
5310	5306	0
5309	5308	1
5309	5307	2
5311	5302	2
5312	5307	1
5299	5308	1
5313	5306	0
5312	5309	1
5299	5307	1
5309	5300	1
5300	5308	1
5314	5315	1
5314	5316	1
5315	5316	1
5317	5318	0
5319	5320	0
5321	5322	1
5323	5325	1
5328	5317	1
5329	5330	0
5331	5332	1
5333	5334	1
5320	5328	1
5336	5317	1
5338	5339	1
5341	5342	0
5330	5343	0
5323	5317	0
5341	5344	0
5345	5346	0
5343	5347	1
5348	5349	1
5338	5350	1
5318	5341	1
5336	5351	1
5319	5336	0
5351	5352	1
5331	5353	2
5354	5355	0
5356	5331	0
5357	5358	1
5327	5359	1
5351	5325	1
5349	5360	0
5361	5358	1
5324	5344	0
5362	5361	1
5339	5348	1
5335	5330	0
5352	5324	0
5335	5343	0
5363	5321	0
5336	5352	1
5319	5347	0
5328	5323	1
5328	5351	1
5351	5317	0
5343	5319	1
5317	5325	1
5327	5363	1
5366	5330	0
5351	5324	0
5337	5364	0
5362	5357	1
5332	5353	0
5325	5318	0
5347	5320	0
5351	5323	0
5336	5328	1
5336	5323	1
5318	5344	0
5325	5324	0
5367	5357	1
5359	5363	1
5325	5341	1
5335	5366	1
5337	5340	0
5324	5341	1
5355	5326	1
5365	5325	1
5351	5365	0
5334	5335	0
5366	5329	0
5336	5365	1
5356	5340	0
5356	5337	0
5368	5348	1
5323	5318	0
5351	5318	0
5346	5369	1
5330	5320	2
5342	5356	1
5317	5352	1
5319	5328	0
5334	5329	0
5330	5347	1
5329	5343	0
5367	5362	0
5365	5317	1
5356	5364	0
5350	5339	1
5330	5319	1
5322	5367	1
5352	5318	0
5354	5326	2
5325	5344	0
5355	5327	1
5368	5339	1
5322	5362	2
5366	5343	0
5370	5371	2
5371	5372	1
5373	5374	1
5375	5376	0
5377	5376	0
5378	5379	0
5380	5381	0
5382	5378	1
5383	5382	2
5379	5386	1
5387	5382	0
5388	5373	0
5388	5374	0
5385	5383	1
5375	5377	1
5389	5390	1
5386	5391	1
5380	5392	1
5392	5381	0
5376	5388	1
5393	5389	1
5379	5391	1
5394	5395	0
5395	5398	1
5399	5400	1
5394	5398	2
5399	5397	0
5398	5401	1
5396	5400	1
5397	5400	1
5402	5403	1
5404	5405	0
5406	5407	0
5408	5409	1
5410	5411	1
5412	5408	0
5403	5413	1
5412	5411	1
5414	5415	2
5410	5408	0
5412	5410	1
5417	5414	1
5402	5413	1
5403	5406	1
5418	5419	2
5416	5418	1
5413	5407	0
5420	5418	1
5418	5421	1
5409	5404	2
5421	5419	0
5411	5408	0
5405	5403	1
5404	5402	0
5422	5423	0
5424	5425	0
5426	5427	0
5429	5430	1
5431	5432	0
5428	5433	0
5434	5435	1
5433	5424	1
5436	5437	0
5438	5439	0
5436	5441	1
5427	5435	1
5442	5433	1
5437	5443	1
5443	5444	0
5445	5431	1
5427	5431	1
5443	5446	0
5448	5449	0
5450	5430	1
5451	5452	0
5434	5431	1
5432	5453	1
5454	5455	1
5456	5430	1
5439	5457	1
5450	5429	0
5458	5459	0
5459	5450	0
5455	5460	1
5444	5446	0
5459	5429	0
5452	5422	0
5450	5456	0
5459	5456	0
5445	5435	1
5461	5448	0
5426	5435	1
5446	5447	1
5441	5437	0
5430	5438	1
5447	5454	0
5452	5462	1
5440	5461	2
5427	5445	1
5434	5427	0
5444	5454	0
5462	5422	0
5431	5435	1
5463	5464	1
5465	5466	1
5471	5472	1
5473	5474	0
5475	5476	1
5477	5478	1
5465	5479	0
5480	5481	0
5482	5483	1
5475	5484	1
5475	5485	1
5486	5463	0
5487	5483	1
5468	5471	0
5481	5488	1
5489	5464	1
5468	5465	1
5490	5487	0
5493	5494	1
5490	5481	0
5495	5467	1
5494	5496	2
5470	5485	0
5497	5496	1
5474	5498	2
5479	5499	1
5500	5501	0
5502	5503	0
5479	5466	1
5476	5484	1
5490	5504	1
5487	5482	1
5496	5469	0
5497	5469	1
5479	5471	0
5505	5487	0
5465	5471	0
5500	5506	0
5465	5499	1
5487	5488	1
5507	5508	0
5509	5491	0
5496	5485	0
5478	5501	0
5512	5513	1
5470	5475	0
5501	5506	0
5489	5463	0
5473	5511	0
5473	5514	0
5515	5478	1
5512	5508	1
5471	5499	1
5513	5467	1
5481	5482	1
5486	5489	2
5470	5476	0
5481	5504	1
5478	5506	0
5468	5472	1
5481	5483	1
5468	5479	1
5517	5515	0
5466	5490	0
5507	5512	0
5487	5481	0
5465	5472	0
5472	5499	1
5505	5504	2
5508	5495	1
5516	5497	1
5493	5497	1
5487	5504	1
5512	5495	1
5488	5483	1
5482	5488	1
5472	5466	1
5507	5513	0
5514	5498	1
5494	5469	0
5510	5514	0
5473	5510	0
5469	5475	0
5516	5494	1
5517	5477	0
5508	5513	1
5499	5505	0
5503	5509	1
5480	5490	0
5471	5466	1
5484	5502	1
5480	5487	0
5513	5495	1
5466	5499	1
5511	5514	0
5499	5490	0
5478	5500	1
5518	5519	1
5520	5521	0
5519	5522	0
5518	5522	1
5523	5521	1
5521	5518	0
5520	5523	0
5524	5525	0
5526	5527	1
5525	5528	1
5529	5527	1
5530	5531	1
5532	5533	1
5534	5535	0
5531	5536	1
5530	5537	1
5534	5538	0
5539	5534	1
5539	5535	1
5537	5536	1
5537	5531	0
5540	5541	1
5542	5543	1
5540	5544	1
5545	5542	0
5546	5547	1
5541	5545	1
5548	5543	1
5543	5546	0
5545	5543	1
5548	5545	1
5548	5542	1
5549	5550	1
5551	5552	1
5553	5554	1
5555	5554	1
5557	5555	1
5557	5553	1
5558	5559	1
5559	5560	0
5558	5560	0
5566	5567	1
5566	5568	1
5567	5564	1
5569	5570	1
5571	5569	0
5570	5572	1
5573	5572	1
5573	5570	1
5569	5573	1
5576	5574	0
