0	1	0
0	1	1
0	1	2
2	3	0
2	3	1
2	3	2
4	0	0
4	0	1
4	0	2
5	6	0
5	6	1
5	6	2
7	3	0
7	3	1
7	3	2
2	7	0
2	7	1
2	7	2
2	8	0
2	8	1
2	8	2
3	8	0
3	8	1
3	8	2
9	10	0
9	10	1
9	10	2
7	8	0
7	8	1
7	8	2
11	12	0
11	12	1
11	12	2
13	14	0
13	14	1
13	14	2
15	16	0
15	16	1
15	16	2
17	18	0
17	18	1
17	18	2
19	16	0
19	16	1
19	16	2
15	17	0
15	17	1
15	17	2
15	18	0
15	18	1
15	18	2
19	17	0
19	17	1
19	17	2
20	16	0
20	16	1
20	16	2
15	20	0
15	20	1
15	20	2
20	17	0
20	17	1
20	17	2
21	22	0
21	22	1
21	22	2
16	17	0
16	17	1
16	17	2
23	22	0
23	22	1
23	22	2
21	23	0
21	23	1
21	23	2
19	18	0
19	18	1
19	18	2
14	24	0
14	24	1
14	24	2
20	18	0
20	18	1
20	18	2
19	20	0
19	20	1
19	20	2
15	19	0
15	19	1
15	19	2
25	26	0
25	26	1
25	26	2
27	28	0
27	28	1
27	28	2
25	29	0
25	29	1
25	29	2
30	31	0
30	31	1
30	31	2
32	30	0
32	30	1
32	30	2
26	29	0
26	29	1
26	29	2
33	34	0
33	34	1
33	34	2
31	34	0
31	34	1
31	34	2
35	36	0
35	36	1
35	36	2
37	38	0
37	38	1
37	38	2
36	39	0
36	39	1
36	39	2
33	31	0
33	31	1
33	31	2
30	34	0
30	34	1
30	34	2
28	25	0
28	25	1
28	25	2
28	26	0
28	26	1
28	26	2
30	33	0
30	33	1
30	33	2
40	36	0
40	36	1
40	36	2
26	41	0
26	41	1
26	41	2
41	29	0
41	29	1
41	29	2
32	33	0
32	33	1
32	33	2
27	38	0
27	38	1
27	38	2
38	28	0
38	28	1
38	28	2
25	41	0
25	41	1
25	41	2
37	28	0
37	28	1
37	28	2
42	43	0
42	43	1
42	43	2
44	45	0
44	45	1
44	45	2
46	47	0
46	47	1
46	47	2
44	48	0
44	48	1
44	48	2
49	43	0
49	43	1
49	43	2
50	47	0
50	47	1
50	47	2
46	50	0
46	50	1
46	50	2
51	52	0
51	52	1
51	52	2
53	54	0
53	54	1
53	54	2
55	56	0
55	56	1
55	56	2
57	58	0
57	58	1
57	58	2
59	60	0
59	60	1
59	60	2
61	62	0
61	62	1
61	62	2
63	64	0
63	64	1
63	64	2
65	56	0
65	56	1
65	56	2
66	67	0
66	67	1
66	67	2
68	69	0
68	69	1
68	69	2
70	67	0
70	67	1
70	67	2
71	72	0
71	72	1
71	72	2
65	64	0
65	64	1
65	64	2
73	74	0
73	74	1
73	74	2
58	74	0
58	74	1
58	74	2
66	75	0
66	75	1
66	75	2
55	63	0
55	63	1
55	63	2
76	77	0
76	77	1
76	77	2
78	62	0
78	62	1
78	62	2
79	80	0
79	80	1
79	80	2
81	73	0
81	73	1
81	73	2
82	61	0
82	61	1
82	61	2
83	84	0
83	84	1
83	84	2
85	86	0
85	86	1
85	86	2
87	88	0
87	88	1
87	88	2
89	90	0
89	90	1
89	90	2
91	92	0
91	92	1
91	92	2
59	85	0
59	85	1
59	85	2
93	57	0
93	57	1
93	57	2
60	86	0
60	86	1
60	86	2
75	94	0
75	94	1
75	94	2
95	96	0
95	96	1
95	96	2
97	98	0
97	98	1
97	98	2
75	67	0
75	67	1
75	67	2
62	73	0
62	73	1
62	73	2
92	99	0
92	99	1
92	99	2
100	58	0
100	58	1
100	58	2
101	65	0
101	65	1
101	65	2
102	56	0
102	56	1
102	56	2
103	104	0
103	104	1
103	104	2
105	106	0
105	106	1
105	106	2
90	107	0
90	107	1
90	107	2
108	99	0
108	99	1
108	99	2
109	110	0
109	110	1
109	110	2
111	112	0
111	112	1
111	112	2
106	113	0
106	113	1
106	113	2
114	115	0
114	115	1
114	115	2
116	92	0
116	92	1
116	92	2
117	118	0
117	118	1
117	118	2
119	120	0
119	120	1
119	120	2
121	122	0
121	122	1
121	122	2
68	123	0
68	123	1
68	123	2
113	124	0
113	124	1
113	124	2
125	119	0
125	119	1
125	119	2
101	55	0
101	55	1
101	55	2
56	64	0
56	64	1
56	64	2
123	116	0
123	116	1
123	116	2
85	107	0
85	107	1
85	107	2
65	55	0
65	55	1
65	55	2
119	126	0
119	126	1
119	126	2
127	128	0
127	128	1
127	128	2
92	129	0
92	129	1
92	129	2
130	123	0
130	123	1
130	123	2
131	103	0
131	103	1
131	103	2
77	132	0
77	132	1
77	132	2
129	133	0
129	133	1
129	133	2
71	77	0
71	77	1
71	77	2
134	135	0
134	135	1
134	135	2
136	98	0
136	98	1
136	98	2
137	108	0
137	108	1
137	108	2
108	138	0
108	138	1
108	138	2
139	77	0
139	77	1
139	77	2
102	64	0
102	64	1
102	64	2
117	140	0
117	140	1
117	140	2
135	119	0
135	119	1
135	119	2
141	100	0
141	100	1
141	100	2
142	95	0
142	95	1
142	95	2
57	61	0
57	61	1
57	61	2
60	127	0
60	127	1
60	127	2
56	63	0
56	63	1
56	63	2
102	63	0
102	63	1
102	63	2
143	141	0
143	141	1
143	141	2
89	59	0
89	59	1
89	59	2
93	141	0
93	141	1
93	141	2
90	59	0
90	59	1
90	59	2
134	144	0
134	144	1
134	144	2
93	82	0
93	82	1
93	82	2
145	68	0
145	68	1
145	68	2
93	100	0
93	100	1
93	100	2
89	85	0
89	85	1
89	85	2
139	71	0
139	71	1
139	71	2
106	98	0
106	98	1
106	98	2
96	146	0
96	146	1
96	146	2
147	94	0
147	94	1
147	94	2
138	133	0
138	133	1
138	133	2
70	147	0
70	147	1
70	147	2
124	112	0
124	112	1
124	112	2
102	55	0
102	55	1
102	55	2
62	139	0
62	139	1
62	139	2
116	91	0
116	91	1
116	91	2
58	78	0
58	78	1
58	78	2
90	60	0
90	60	1
90	60	2
122	68	0
122	68	1
122	68	2
53	148	0
53	148	1
53	148	2
136	113	0
136	113	1
136	113	2
137	92	0
137	92	1
137	92	2
149	150	0
149	150	1
149	150	2
146	87	0
146	87	1
146	87	2
122	145	0
122	145	1
122	145	2
134	151	0
134	151	1
134	151	2
67	94	0
67	94	1
67	94	2
116	137	0
116	137	1
116	137	2
105	97	0
105	97	1
105	97	2
73	152	0
73	152	1
73	152	2
133	115	0
133	115	1
133	115	2
153	121	0
153	121	1
153	121	2
123	137	0
123	137	1
123	137	2
97	136	0
97	136	1
97	136	2
154	118	0
154	118	1
154	118	2
61	78	0
61	78	1
61	78	2
141	57	0
141	57	1
141	57	2
111	141	0
111	141	1
111	141	2
71	76	0
71	76	1
71	76	2
87	155	0
87	155	1
87	155	2
115	96	0
115	96	1
115	96	2
111	156	0
111	156	1
111	156	2
122	130	0
122	130	1
122	130	2
114	96	0
114	96	1
114	96	2
81	62	0
81	62	1
81	62	2
74	152	0
74	152	1
74	152	2
60	107	0
60	107	1
60	107	2
112	141	0
112	141	1
112	141	2
77	72	0
77	72	1
77	72	2
74	71	0
74	71	1
74	71	2
143	93	0
143	93	1
143	93	2
79	102	0
79	102	1
79	102	2
58	62	0
58	62	1
58	62	2
54	59	0
54	59	1
54	59	2
143	112	0
143	112	1
143	112	2
58	152	0
58	152	1
58	152	2
107	86	0
107	86	1
107	86	2
140	118	0
140	118	1
140	118	2
82	81	0
82	81	1
82	81	2
139	132	0
139	132	1
139	132	2
70	75	0
70	75	1
70	75	2
81	58	0
81	58	1
81	58	2
71	132	0
71	132	1
71	132	2
145	130	0
145	130	1
145	130	2
123	69	0
123	69	1
123	69	2
61	73	0
61	73	1
61	73	2
152	71	0
152	71	1
152	71	2
91	108	0
91	108	1
91	108	2
60	128	0
60	128	1
60	128	2
157	66	0
157	66	1
157	66	2
78	139	0
78	139	1
78	139	2
144	135	0
144	135	1
144	135	2
114	95	0
114	95	1
114	95	2
158	106	0
158	106	1
158	106	2
155	88	0
155	88	1
155	88	2
111	143	0
111	143	1
111	143	2
134	159	0
134	159	1
134	159	2
111	93	0
111	93	1
111	93	2
142	115	0
142	115	1
142	115	2
107	128	0
107	128	1
107	128	2
79	65	0
79	65	1
79	65	2
151	125	0
151	125	1
151	125	2
81	78	0
81	78	1
81	78	2
78	73	0
78	73	1
78	73	2
61	81	0
61	81	1
61	81	2
120	158	0
120	158	1
120	158	2
98	124	0
98	124	1
98	124	2
89	107	0
89	107	1
89	107	2
61	74	0
61	74	1
61	74	2
129	99	0
129	99	1
129	99	2
87	160	0
87	160	1
87	160	2
60	85	0
60	85	1
60	85	2
129	138	0
129	138	1
129	138	2
79	101	0
79	101	1
79	101	2
159	135	0
159	135	1
159	135	2
145	69	0
145	69	1
145	69	2
161	157	0
161	157	1
161	157	2
80	63	0
80	63	1
80	63	2
69	137	0
69	137	1
69	137	2
118	53	0
118	53	1
118	53	2
131	162	0
131	162	1
131	162	2
59	107	0
59	107	1
59	107	2
100	61	0
100	61	1
100	61	2
81	152	0
81	152	1
81	152	2
141	82	0
141	82	1
141	82	2
147	67	0
147	67	1
147	67	2
151	135	0
151	135	1
151	135	2
97	113	0
97	113	1
97	113	2
85	127	0
85	127	1
85	127	2
133	142	0
133	142	1
133	142	2
101	80	0
101	80	1
101	80	2
69	116	0
69	116	1
69	116	2
58	73	0
58	73	1
58	73	2
124	143	0
124	143	1
124	143	2
80	64	0
80	64	1
80	64	2
127	86	0
127	86	1
127	86	2
81	74	0
81	74	1
81	74	2
82	58	0
82	58	1
82	58	2
115	95	0
115	95	1
115	95	2
108	92	0
108	92	1
108	92	2
152	139	0
152	139	1
152	139	2
135	125	0
135	125	1
135	125	2
110	162	0
110	162	1
110	162	2
126	120	0
126	120	1
126	120	2
61	152	0
61	152	1
61	152	2
62	152	0
62	152	1
62	152	2
99	133	0
99	133	1
99	133	2
76	132	0
76	132	1
76	132	2
61	58	0
61	58	1
61	58	2
79	55	0
79	55	1
79	55	2
123	91	0
123	91	1
123	91	2
130	68	0
130	68	1
130	68	2
69	91	0
69	91	1
69	91	2
91	137	0
91	137	1
91	137	2
154	140	0
154	140	1
154	140	2
124	111	0
124	111	1
124	111	2
100	82	0
100	82	1
100	82	2
97	106	0
97	106	1
97	106	2
113	98	0
113	98	1
113	98	2
133	114	0
133	114	1
133	114	2
73	139	0
73	139	1
73	139	2
93	156	0
93	156	1
93	156	2
80	56	0
80	56	1
80	56	2
155	160	0
155	160	1
155	160	2
156	100	0
156	100	1
156	100	2
102	80	0
102	80	1
102	80	2
55	64	0
55	64	1
55	64	2
117	154	0
117	154	1
117	154	2
62	71	0
62	71	1
62	71	2
136	106	0
136	106	1
136	106	2
57	81	0
57	81	1
57	81	2
159	144	0
159	144	1
159	144	2
144	151	0
144	151	1
144	151	2
151	119	0
151	119	1
151	119	2
101	102	0
101	102	1
101	102	2
66	70	0
66	70	1
66	70	2
163	164	0
163	164	1
163	164	2
165	166	0
165	166	1
165	166	2
167	168	0
167	168	1
167	168	2
169	170	0
169	170	1
169	170	2
171	172	0
171	172	1
171	172	2
173	174	0
173	174	1
173	174	2
175	176	0
175	176	1
175	176	2
177	178	0
177	178	1
177	178	2
179	180	0
179	180	1
179	180	2
181	182	0
181	182	1
181	182	2
183	184	0
183	184	1
183	184	2
184	185	0
184	185	1
184	185	2
186	187	0
186	187	1
186	187	2
188	189	0
188	189	1
188	189	2
190	191	0
190	191	1
190	191	2
192	193	0
192	193	1
192	193	2
194	195	0
194	195	1
194	195	2
196	197	0
196	197	1
196	197	2
198	199	0
198	199	1
198	199	2
200	168	0
200	168	1
200	168	2
201	202	0
201	202	1
201	202	2
203	178	0
203	178	1
203	178	2
204	205	0
204	205	1
204	205	2
206	185	0
206	185	1
206	185	2
188	207	0
188	207	1
188	207	2
186	196	0
186	196	1
186	196	2
208	167	0
208	167	1
208	167	2
209	180	0
209	180	1
209	180	2
210	191	0
210	191	1
210	191	2
211	212	0
211	212	1
211	212	2
213	214	0
213	214	1
213	214	2
194	215	0
194	215	1
194	215	2
216	217	0
216	217	1
216	217	2
174	218	0
174	218	1
174	218	2
184	206	0
184	206	1
184	206	2
194	202	0
194	202	1
194	202	2
179	219	0
179	219	1
179	219	2
220	213	0
220	213	1
220	213	2
171	192	0
171	192	1
171	192	2
215	195	0
215	195	1
215	195	2
221	207	0
221	207	1
221	207	2
213	222	0
213	222	1
213	222	2
168	223	0
168	223	1
168	223	2
224	205	0
224	205	1
224	205	2
225	164	0
225	164	1
225	164	2
167	226	0
167	226	1
167	226	2
210	208	0
210	208	1
210	208	2
223	227	0
223	227	1
223	227	2
206	228	0
206	228	1
206	228	2
207	203	0
207	203	1
207	203	2
177	181	0
177	181	1
177	181	2
163	225	0
163	225	1
163	225	2
229	230	0
229	230	1
229	230	2
231	232	0
231	232	1
231	232	2
232	216	0
232	216	1
232	216	2
180	196	0
180	196	1
180	196	2
225	233	0
225	233	1
225	233	2
214	234	0
214	234	1
214	234	2
195	209	0
195	209	1
195	209	2
208	191	0
208	191	1
208	191	2
198	235	0
198	235	1
198	235	2
230	203	0
230	203	1
230	203	2
200	167	0
200	167	1
200	167	2
188	229	0
188	229	1
188	229	2
236	211	0
236	211	1
236	211	2
205	184	0
205	184	1
205	184	2
226	223	0
226	223	1
226	223	2
208	200	0
208	200	1
208	200	2
237	236	0
237	236	1
237	236	2
192	172	0
192	172	1
192	172	2
193	238	0
193	238	1
193	238	2
169	228	0
169	228	1
169	228	2
188	230	0
188	230	1
188	230	2
221	230	0
221	230	1
221	230	2
179	209	0
179	209	1
179	209	2
236	212	0
236	212	1
236	212	2
221	189	0
221	189	1
221	189	2
195	179	0
195	179	1
195	179	2
208	168	0
208	168	1
208	168	2
166	239	0
166	239	1
166	239	2
178	182	0
178	182	1
178	182	2
182	198	0
182	198	1
182	198	2
187	196	0
187	196	1
187	196	2
237	211	0
237	211	1
237	211	2
188	221	0
188	221	1
188	221	2
173	218	0
173	218	1
173	218	2
212	240	0
212	240	1
212	240	2
172	193	0
172	193	1
172	193	2
185	228	0
185	228	1
185	228	2
177	182	0
177	182	1
177	182	2
219	186	0
219	186	1
219	186	2
238	231	0
238	231	1
238	231	2
209	219	0
209	219	1
209	219	2
178	181	0
178	181	1
178	181	2
191	168	0
191	168	1
191	168	2
241	198	0
241	198	1
241	198	2
197	171	0
197	171	1
197	171	2
187	197	0
187	197	1
187	197	2
207	189	0
207	189	1
207	189	2
235	190	0
235	190	1
235	190	2
210	190	0
210	190	1
210	190	2
190	208	0
190	208	1
190	208	2
180	187	0
180	187	1
180	187	2
182	241	0
182	241	1
182	241	2
199	190	0
199	190	1
199	190	2
233	164	0
233	164	1
233	164	2
235	199	0
235	199	1
235	199	2
235	210	0
235	210	1
235	210	2
224	183	0
224	183	1
224	183	2
165	239	0
165	239	1
165	239	2
229	207	0
229	207	1
229	207	2
168	226	0
168	226	1
168	226	2
228	170	0
228	170	1
228	170	2
205	183	0
205	183	1
205	183	2
242	243	0
242	243	1
242	243	2
244	245	0
244	245	1
244	245	2
246	247	0
246	247	1
246	247	2
248	249	0
248	249	1
248	249	2
250	251	0
250	251	1
250	251	2
252	244	0
252	244	1
252	244	2
253	247	0
253	247	1
253	247	2
254	255	0
254	255	1
254	255	2
253	256	0
253	256	1
253	256	2
246	256	0
246	256	1
246	256	2
257	258	0
257	258	1
257	258	2
259	245	0
259	245	1
259	245	2
260	249	0
260	249	1
260	249	2
261	257	0
261	257	1
261	257	2
262	263	0
262	263	1
262	263	2
262	264	0
262	264	1
262	264	2
257	248	0
257	248	1
257	248	2
265	257	0
265	257	1
265	257	2
257	249	0
257	249	1
257	249	2
266	246	0
266	246	1
266	246	2
267	261	0
267	261	1
267	261	2
268	269	0
268	269	1
268	269	2
244	250	0
244	250	1
244	250	2
270	250	0
270	250	1
270	250	2
266	247	0
266	247	1
266	247	2
261	248	0
261	248	1
261	248	2
261	258	0
261	258	1
261	258	2
253	246	0
253	246	1
253	246	2
259	252	0
259	252	1
259	252	2
248	271	0
248	271	1
248	271	2
247	265	0
247	265	1
247	265	2
260	258	0
260	258	1
260	258	2
260	261	0
260	261	1
260	261	2
258	271	0
258	271	1
258	271	2
271	243	0
271	243	1
271	243	2
255	272	0
255	272	1
255	272	2
263	273	0
263	273	1
263	273	2
267	260	0
267	260	1
267	260	2
272	268	0
272	268	1
272	268	2
265	260	0
265	260	1
265	260	2
260	248	0
260	248	1
260	248	2
249	271	0
249	271	1
249	271	2
262	273	0
262	273	1
262	273	2
274	275	0
274	275	1
274	275	2
256	247	0
256	247	1
256	247	2
261	249	0
261	249	1
261	249	2
247	267	0
247	267	1
247	267	2
270	251	0
270	251	1
270	251	2
272	276	0
272	276	1
272	276	2
248	258	0
248	258	1
248	258	2
277	254	0
277	254	1
277	254	2
245	250	0
245	250	1
245	250	2
255	276	0
255	276	1
255	276	2
251	277	0
251	277	1
251	277	2
263	264	0
263	264	1
263	264	2
253	266	0
253	266	1
253	266	2
254	272	0
254	272	1
254	272	2
269	274	0
269	274	1
269	274	2
259	244	0
259	244	1
259	244	2
265	261	0
265	261	1
265	261	2
266	256	0
266	256	1
266	256	2
275	278	0
275	278	1
275	278	2
279	280	0
279	280	1
279	280	2
281	282	0
281	282	1
281	282	2
283	284	0
283	284	1
283	284	2
282	285	0
282	285	1
282	285	2
286	287	0
286	287	1
286	287	2
286	288	0
286	288	1
286	288	2
286	282	0
286	282	1
286	282	2
288	285	0
288	285	1
288	285	2
287	282	0
287	282	1
287	282	2
279	284	0
279	284	1
279	284	2
289	286	0
289	286	1
289	286	2
290	283	0
290	283	1
290	283	2
288	287	0
288	287	1
288	287	2
281	287	0
281	287	1
281	287	2
286	281	0
286	281	1
286	281	2
287	285	0
287	285	1
287	285	2
288	282	0
288	282	1
288	282	2
283	279	0
283	279	1
283	279	2
291	292	0
291	292	1
291	292	2
291	293	0
291	293	1
291	293	2
294	295	0
294	295	1
294	295	2
296	297	0
296	297	1
296	297	2
298	299	0
298	299	1
298	299	2
296	300	0
296	300	1
296	300	2
292	301	0
292	301	1
292	301	2
301	302	0
301	302	1
301	302	2
292	303	0
292	303	1
292	303	2
304	305	0
304	305	1
304	305	2
303	302	0
303	302	1
303	302	2
302	299	0
302	299	1
302	299	2
299	304	0
299	304	1
299	304	2
292	302	0
292	302	1
292	302	2
303	298	0
303	298	1
303	298	2
300	297	0
300	297	1
300	297	2
294	297	0
294	297	1
294	297	2
298	306	0
298	306	1
298	306	2
294	300	0
294	300	1
294	300	2
301	299	0
301	299	1
301	299	2
307	308	0
307	308	1
307	308	2
308	309	0
308	309	1
308	309	2
297	307	0
297	307	1
297	307	2
295	300	0
295	300	1
295	300	2
300	307	0
300	307	1
300	307	2
305	310	0
305	310	1
305	310	2
295	296	0
295	296	1
295	296	2
294	296	0
294	296	1
294	296	2
294	307	0
294	307	1
294	307	2
295	307	0
295	307	1
295	307	2
301	303	0
301	303	1
301	303	2
302	298	0
302	298	1
302	298	2
309	293	0
309	293	1
309	293	2
301	298	0
301	298	1
301	298	2
299	306	0
299	306	1
299	306	2
309	291	0
309	291	1
309	291	2
311	312	0
311	312	1
311	312	2
313	314	0
313	314	1
313	314	2
315	316	0
315	316	1
315	316	2
317	318	0
317	318	1
317	318	2
319	312	0
319	312	1
319	312	2
320	321	0
320	321	1
320	321	2
312	322	0
312	322	1
312	322	2
323	324	0
323	324	1
323	324	2
325	326	0
325	326	1
325	326	2
327	328	0
327	328	1
327	328	2
329	330	0
329	330	1
329	330	2
331	332	0
331	332	1
331	332	2
333	334	0
333	334	1
333	334	2
335	336	0
335	336	1
335	336	2
319	337	0
319	337	1
319	337	2
321	338	0
321	338	1
321	338	2
330	339	0
330	339	1
330	339	2
322	337	0
322	337	1
322	337	2
340	341	0
340	341	1
340	341	2
342	320	0
342	320	1
342	320	2
333	316	0
333	316	1
333	316	2
333	315	0
333	315	1
333	315	2
343	314	0
343	314	1
343	314	2
325	344	0
325	344	1
325	344	2
316	334	0
316	334	1
316	334	2
330	332	0
330	332	1
330	332	2
345	337	0
345	337	1
345	337	2
312	345	0
312	345	1
312	345	2
333	342	0
333	342	1
333	342	2
338	340	0
338	340	1
338	340	2
324	346	0
324	346	1
324	346	2
319	317	0
319	317	1
319	317	2
324	344	0
324	344	1
324	344	2
337	335	0
337	335	1
337	335	2
338	341	0
338	341	1
338	341	2
315	342	0
315	342	1
315	342	2
346	326	0
346	326	1
346	326	2
347	319	0
347	319	1
347	319	2
312	317	0
312	317	1
312	317	2
319	345	0
319	345	1
319	345	2
348	314	0
348	314	1
348	314	2
315	334	0
315	334	1
315	334	2
331	327	0
331	327	1
331	327	2
330	327	0
330	327	1
330	327	2
311	319	0
311	319	1
311	319	2
349	326	0
349	326	1
349	326	2
350	333	0
350	333	1
350	333	2
351	315	0
351	315	1
351	315	2
325	352	0
325	352	1
325	352	2
336	333	0
336	333	1
336	333	2
350	315	0
350	315	1
350	315	2
336	315	0
336	315	1
336	315	2
318	322	0
318	322	1
318	322	2
349	346	0
349	346	1
349	346	2
318	335	0
318	335	1
318	335	2
322	336	0
322	336	1
322	336	2
353	347	0
353	347	1
353	347	2
316	342	0
316	342	1
316	342	2
354	338	0
354	338	1
354	338	2
346	352	0
346	352	1
346	352	2
350	351	0
350	351	1
350	351	2
317	345	0
317	345	1
317	345	2
317	322	0
317	322	1
317	322	2
355	356	0
355	356	1
355	356	2
335	333	0
335	333	1
335	333	2
325	324	0
325	324	1
325	324	2
357	358	0
357	358	1
357	358	2
359	360	0
359	360	1
359	360	2
349	324	0
349	324	1
349	324	2
349	352	0
349	352	1
349	352	2
329	339	0
329	339	1
329	339	2
358	348	0
358	348	1
358	348	2
324	326	0
324	326	1
324	326	2
340	361	0
340	361	1
340	361	2
316	320	0
316	320	1
316	320	2
312	318	0
312	318	1
312	318	2
318	337	0
318	337	1
318	337	2
325	346	0
325	346	1
325	346	2
324	352	0
324	352	1
324	352	2
323	349	0
323	349	1
323	349	2
361	358	0
361	358	1
361	358	2
343	313	0
343	313	1
343	313	2
341	361	0
341	361	1
341	361	2
339	327	0
339	327	1
339	327	2
318	350	0
318	350	1
318	350	2
351	342	0
351	342	1
351	342	2
322	335	0
322	335	1
322	335	2
346	344	0
346	344	1
346	344	2
345	318	0
345	318	1
345	318	2
341	357	0
341	357	1
341	357	2
325	349	0
325	349	1
325	349	2
351	334	0
351	334	1
351	334	2
358	343	0
358	343	1
358	343	2
337	350	0
337	350	1
337	350	2
345	350	0
345	350	1
345	350	2
321	354	0
321	354	1
321	354	2
350	336	0
350	336	1
350	336	2
323	325	0
323	325	1
323	325	2
351	333	0
351	333	1
351	333	2
329	331	0
329	331	1
329	331	2
349	344	0
349	344	1
349	344	2
339	332	0
339	332	1
339	332	2
326	344	0
326	344	1
326	344	2
319	318	0
319	318	1
319	318	2
335	315	0
335	315	1
335	315	2
362	363	0
362	363	1
362	363	2
364	365	0
364	365	1
364	365	2
366	365	0
366	365	1
366	365	2
365	362	0
365	362	1
365	362	2
367	368	0
367	368	1
367	368	2
366	367	0
366	367	1
366	367	2
364	367	0
364	367	1
364	367	2
367	365	0
367	365	1
367	365	2
364	368	0
364	368	1
364	368	2
366	364	0
366	364	1
366	364	2
368	365	0
368	365	1
368	365	2
366	368	0
366	368	1
366	368	2
369	370	0
369	370	1
369	370	2
369	371	0
369	371	1
369	371	2
372	369	0
372	369	1
372	369	2
373	371	0
373	371	1
373	371	2
374	369	0
374	369	1
374	369	2
375	376	0
375	376	1
375	376	2
370	373	0
370	373	1
370	373	2
372	374	0
372	374	1
372	374	2
375	377	0
375	377	1
375	377	2
369	373	0
369	373	1
369	373	2
373	378	0
373	378	1
373	378	2
375	372	0
375	372	1
375	372	2
372	376	0
372	376	1
372	376	2
376	371	0
376	371	1
376	371	2
378	371	0
378	371	1
378	371	2
369	378	0
369	378	1
369	378	2
375	369	0
375	369	1
375	369	2
377	374	0
377	374	1
377	374	2
376	369	0
376	369	1
376	369	2
374	371	0
374	371	1
374	371	2
377	376	0
377	376	1
377	376	2
376	378	0
376	378	1
376	378	2
375	374	0
375	374	1
375	374	2
374	378	0
374	378	1
374	378	2
376	370	0
376	370	1
376	370	2
374	373	0
374	373	1
374	373	2
376	373	0
376	373	1
376	373	2
370	378	0
370	378	1
370	378	2
374	370	0
374	370	1
374	370	2
376	374	0
376	374	1
376	374	2
379	380	0
379	380	1
379	380	2
381	382	0
381	382	1
381	382	2
383	384	0
383	384	1
383	384	2
385	386	0
385	386	1
385	386	2
387	388	0
387	388	1
387	388	2
389	390	0
389	390	1
389	390	2
391	388	0
391	388	1
391	388	2
392	389	0
392	389	1
392	389	2
381	392	0
381	392	1
381	392	2
384	393	0
384	393	1
384	393	2
394	395	0
394	395	1
394	395	2
396	397	0
396	397	1
396	397	2
395	398	0
395	398	1
395	398	2
389	397	0
389	397	1
389	397	2
397	399	0
397	399	1
397	399	2
383	400	0
383	400	1
383	400	2
401	402	0
401	402	1
401	402	2
389	396	0
389	396	1
389	396	2
397	403	0
397	403	1
397	403	2
404	382	0
404	382	1
404	382	2
396	390	0
396	390	1
396	390	2
387	381	0
387	381	1
387	381	2
392	396	0
392	396	1
392	396	2
398	388	0
398	388	1
398	388	2
393	394	0
393	394	1
393	394	2
394	398	0
394	398	1
394	398	2
380	405	0
380	405	1
380	405	2
395	391	0
395	391	1
395	391	2
406	380	0
406	380	1
406	380	2
400	384	0
400	384	1
400	384	2
385	383	0
385	383	1
385	383	2
395	387	0
395	387	1
395	387	2
407	391	0
407	391	1
407	391	2
399	406	0
399	406	1
399	406	2
381	408	0
381	408	1
381	408	2
392	382	0
392	382	1
392	382	2
401	385	0
401	385	1
401	385	2
396	409	0
396	409	1
396	409	2
401	384	0
401	384	1
401	384	2
402	383	0
402	383	1
402	383	2
407	388	0
407	388	1
407	388	2
395	388	0
395	388	1
395	388	2
398	391	0
398	391	1
398	391	2
406	410	0
406	410	1
406	410	2
391	387	0
391	387	1
391	387	2
402	400	0
402	400	1
402	400	2
379	405	0
379	405	1
379	405	2
386	393	0
386	393	1
386	393	2
401	400	0
401	400	1
401	400	2
407	387	0
407	387	1
407	387	2
396	403	0
396	403	1
396	403	2
388	404	0
388	404	1
388	404	2
403	399	0
403	399	1
403	399	2
408	396	0
408	396	1
408	396	2
402	386	0
402	386	1
402	386	2
391	404	0
391	404	1
391	404	2
395	407	0
395	407	1
395	407	2
379	406	0
379	406	1
379	406	2
405	410	0
405	410	1
405	410	2
411	399	0
411	399	1
411	399	2
392	408	0
392	408	1
392	408	2
386	384	0
386	384	1
386	384	2
394	407	0
394	407	1
394	407	2
409	399	0
409	399	1
409	399	2
399	379	0
399	379	1
399	379	2
398	387	0
398	387	1
398	387	2
385	402	0
385	402	1
385	402	2
404	381	0
404	381	1
404	381	2
385	400	0
385	400	1
385	400	2
389	409	0
389	409	1
389	409	2
388	381	0
388	381	1
388	381	2
396	411	0
396	411	1
396	411	2
382	389	0
382	389	1
382	389	2
401	386	0
401	386	1
401	386	2
379	410	0
379	410	1
379	410	2
390	399	0
390	399	1
390	399	2
401	383	0
401	383	1
401	383	2
387	404	0
387	404	1
387	404	2
389	411	0
389	411	1
389	411	2
412	413	0
412	413	1
412	413	2
414	415	0
414	415	1
414	415	2
414	416	0
414	416	1
414	416	2
417	418	0
417	418	1
417	418	2
419	415	0
419	415	1
419	415	2
413	420	0
413	420	1
413	420	2
412	420	0
412	420	1
412	420	2
416	415	0
416	415	1
416	415	2
421	422	0
421	422	1
421	422	2
418	419	0
418	419	1
418	419	2
418	416	0
418	416	1
418	416	2
415	421	0
415	421	1
415	421	2
422	412	0
422	412	1
422	412	2
419	416	0
419	416	1
419	416	2
418	414	0
418	414	1
418	414	2
423	424	0
423	424	1
423	424	2
425	426	0
425	426	1
425	426	2
427	428	0
427	428	1
427	428	2
427	426	0
427	426	1
427	426	2
429	430	0
429	430	1
429	430	2
431	432	0
431	432	1
431	432	2
433	434	0
433	434	1
433	434	2
426	428	0
426	428	1
426	428	2
431	435	0
431	435	1
431	435	2
436	437	0
436	437	1
436	437	2
438	439	0
438	439	1
438	439	2
440	441	0
440	441	1
440	441	2
442	434	0
442	434	1
442	434	2
443	444	0
443	444	1
443	444	2
428	445	0
428	445	1
428	445	2
428	438	0
428	438	1
428	438	2
446	447	0
446	447	1
446	447	2
440	448	0
440	448	1
440	448	2
447	435	0
447	435	1
447	435	2
449	432	0
449	432	1
449	432	2
450	433	0
450	433	1
450	433	2
430	446	0
430	446	1
430	446	2
440	451	0
440	451	1
440	451	2
450	443	0
450	443	1
450	443	2
441	451	0
441	451	1
441	451	2
447	449	0
447	449	1
447	449	2
448	452	0
448	452	1
448	452	2
442	443	0
442	443	1
442	443	2
450	437	0
450	437	1
450	437	2
425	427	0
425	427	1
425	427	2
444	425	0
444	425	1
444	425	2
452	423	0
452	423	1
452	423	2
447	431	0
447	431	1
447	431	2
437	442	0
437	442	1
437	442	2
434	444	0
434	444	1
434	444	2
453	446	0
453	446	1
453	446	2
441	448	0
441	448	1
441	448	2
450	442	0
450	442	1
450	442	2
433	443	0
433	443	1
433	443	2
445	438	0
445	438	1
445	438	2
453	430	0
453	430	1
453	430	2
434	425	0
434	425	1
434	425	2
439	454	0
439	454	1
439	454	2
454	441	0
454	441	1
454	441	2
451	452	0
451	452	1
451	452	2
442	444	0
442	444	1
442	444	2
433	444	0
433	444	1
433	444	2
449	435	0
449	435	1
449	435	2
429	446	0
429	446	1
429	446	2
429	453	0
429	453	1
429	453	2
449	431	0
449	431	1
449	431	2
437	433	0
437	433	1
437	433	2
427	445	0
427	445	1
427	445	2
455	456	0
455	456	1
455	456	2
457	458	0
457	458	1
457	458	2
457	459	0
457	459	1
457	459	2
456	460	0
456	460	1
456	460	2
461	458	0
461	458	1
461	458	2
462	463	0
462	463	1
462	463	2
464	465	0
464	465	1
464	465	2
466	467	0
466	467	1
466	467	2
468	469	0
468	469	1
468	469	2
470	466	0
470	466	1
470	466	2
471	459	0
471	459	1
471	459	2
472	462	0
472	462	1
472	462	2
473	459	0
473	459	1
473	459	2
474	471	0
474	471	1
474	471	2
475	472	0
475	472	1
475	472	2
476	467	0
476	467	1
476	467	2
477	478	0
477	478	1
477	478	2
479	477	0
479	477	1
479	477	2
463	480	0
463	480	1
463	480	2
473	479	0
473	479	1
473	479	2
481	482	0
481	482	1
481	482	2
461	459	0
461	459	1
461	459	2
476	470	0
476	470	1
476	470	2
483	484	0
483	484	1
483	484	2
458	473	0
458	473	1
458	473	2
485	484	0
485	484	1
485	484	2
480	456	0
480	456	1
480	456	2
474	461	0
474	461	1
474	461	2
485	483	0
485	483	1
485	483	2
457	473	0
457	473	1
457	473	2
459	486	0
459	486	1
459	486	2
487	471	0
487	471	1
487	471	2
488	480	0
488	480	1
488	480	2
489	481	0
489	481	1
489	481	2
463	469	0
463	469	1
463	469	2
488	469	0
488	469	1
488	469	2
463	468	0
463	468	1
463	468	2
474	487	0
474	487	1
474	487	2
462	490	0
462	490	1
462	490	2
481	476	0
481	476	1
481	476	2
488	463	0
488	463	1
488	463	2
461	457	0
461	457	1
461	457	2
470	467	0
470	467	1
470	467	2
468	480	0
468	480	1
468	480	2
473	486	0
473	486	1
473	486	2
482	467	0
482	467	1
482	467	2
467	464	0
467	464	1
467	464	2
471	461	0
471	461	1
471	461	2
469	456	0
469	456	1
469	456	2
488	468	0
488	468	1
488	468	2
469	455	0
469	455	1
469	455	2
487	461	0
487	461	1
487	461	2
462	488	0
462	488	1
462	488	2
476	482	0
476	482	1
476	482	2
460	474	0
460	474	1
460	474	2
457	479	0
457	479	1
457	479	2
490	469	0
490	469	1
490	469	2
490	468	0
490	468	1
490	468	2
482	466	0
482	466	1
482	466	2
459	479	0
459	479	1
459	479	2
468	455	0
468	455	1
468	455	2
488	490	0
488	490	1
488	490	2
468	456	0
468	456	1
468	456	2
457	486	0
457	486	1
457	486	2
491	492	0
491	492	1
491	492	2
493	494	0
493	494	1
493	494	2
495	496	0
495	496	1
495	496	2
497	498	0
497	498	1
497	498	2
499	500	0
499	500	1
499	500	2
500	501	0
500	501	1
500	501	2
498	502	0
498	502	1
498	502	2
503	504	0
503	504	1
503	504	2
505	506	0
505	506	1
505	506	2
507	504	0
507	504	1
507	504	2
508	502	0
508	502	1
508	502	2
509	510	0
509	510	1
509	510	2
507	499	0
507	499	1
507	499	2
496	511	0
496	511	1
496	511	2
512	513	0
512	513	1
512	513	2
495	494	0
495	494	1
495	494	2
505	514	0
505	514	1
505	514	2
494	515	0
494	515	1
494	515	2
516	517	0
516	517	1
516	517	2
518	493	0
518	493	1
518	493	2
519	520	0
519	520	1
519	520	2
521	510	0
521	510	1
521	510	2
506	517	0
506	517	1
506	517	2
510	522	0
510	522	1
510	522	2
523	513	0
523	513	1
523	513	2
503	507	0
503	507	1
503	507	2
524	492	0
524	492	1
524	492	2
500	525	0
500	525	1
500	525	2
514	526	0
514	526	1
514	526	2
496	515	0
496	515	1
496	515	2
523	512	0
523	512	1
523	512	2
510	527	0
510	527	1
510	527	2
513	528	0
513	528	1
513	528	2
529	499	0
529	499	1
529	499	2
513	524	0
513	524	1
513	524	2
530	497	0
530	497	1
530	497	2
530	515	0
530	515	1
530	515	2
531	500	0
531	500	1
531	500	2
505	526	0
505	526	1
505	526	2
501	525	0
501	525	1
501	525	2
493	530	0
493	530	1
493	530	2
494	511	0
494	511	1
494	511	2
532	533	0
532	533	1
532	533	2
534	503	0
534	503	1
534	503	2
491	528	0
491	528	1
491	528	2
499	501	0
499	501	1
499	501	2
535	507	0
535	507	1
535	507	2
506	516	0
506	516	1
506	516	2
513	492	0
513	492	1
513	492	2
529	507	0
529	507	1
529	507	2
525	520	0
525	520	1
525	520	2
518	495	0
518	495	1
518	495	2
491	524	0
491	524	1
491	524	2
497	508	0
497	508	1
497	508	2
535	529	0
535	529	1
535	529	2
536	535	0
536	535	1
536	535	2
528	524	0
528	524	1
528	524	2
536	534	0
536	534	1
536	534	2
529	504	0
529	504	1
529	504	2
529	503	0
529	503	1
529	503	2
511	497	0
511	497	1
511	497	2
511	498	0
511	498	1
511	498	2
535	503	0
535	503	1
535	503	2
532	521	0
532	521	1
532	521	2
520	532	0
520	532	1
520	532	2
534	529	0
534	529	1
534	529	2
518	494	0
518	494	1
518	494	2
527	522	0
527	522	1
527	522	2
504	501	0
504	501	1
504	501	2
537	536	0
537	536	1
537	536	2
525	519	0
525	519	1
525	519	2
495	493	0
495	493	1
495	493	2
493	511	0
493	511	1
493	511	2
493	496	0
493	496	1
493	496	2
530	498	0
530	498	1
530	498	2
531	504	0
531	504	1
531	504	2
515	497	0
515	497	1
515	497	2
497	502	0
497	502	1
497	502	2
528	492	0
528	492	1
528	492	2
538	534	0
538	534	1
538	534	2
515	498	0
515	498	1
515	498	2
531	501	0
531	501	1
531	501	2
509	527	0
509	527	1
509	527	2
496	530	0
496	530	1
496	530	2
536	538	0
536	538	1
536	538	2
511	508	0
511	508	1
511	508	2
504	500	0
504	500	1
504	500	2
533	509	0
533	509	1
533	509	2
518	496	0
518	496	1
518	496	2
531	499	0
531	499	1
531	499	2
496	494	0
496	494	1
496	494	2
506	526	0
506	526	1
506	526	2
538	535	0
538	535	1
538	535	2
502	537	0
502	537	1
502	537	2
494	530	0
494	530	1
494	530	2
534	535	0
534	535	1
534	535	2
503	499	0
503	499	1
503	499	2
520	533	0
520	533	1
520	533	2
539	540	0
539	540	1
539	540	2
540	541	0
540	541	1
540	541	2
541	542	0
541	542	1
541	542	2
543	539	0
543	539	1
543	539	2
544	545	0
544	545	1
544	545	2
539	542	0
539	542	1
539	542	2
539	541	0
539	541	1
539	541	2
546	547	0
546	547	1
546	547	2
548	546	0
548	546	1
548	546	2
549	540	0
549	540	1
549	540	2
544	548	0
544	548	1
544	548	2
543	540	0
543	540	1
543	540	2
549	539	0
549	539	1
549	539	2
543	549	0
543	549	1
543	549	2
545	546	0
545	546	1
545	546	2
548	545	0
548	545	1
548	545	2
550	551	0
550	551	1
550	551	2
552	553	0
552	553	1
552	553	2
553	554	0
553	554	1
553	554	2
555	556	0
555	556	1
555	556	2
557	558	0
557	558	1
557	558	2
559	560	0
559	560	1
559	560	2
561	556	0
561	556	1
561	556	2
562	560	0
562	560	1
562	560	2
563	564	0
563	564	1
563	564	2
565	566	0
565	566	1
565	566	2
564	567	0
564	567	1
564	567	2
568	550	0
568	550	1
568	550	2
569	570	0
569	570	1
569	570	2
571	550	0
571	550	1
571	550	2
552	554	0
552	554	1
552	554	2
572	553	0
572	553	1
572	553	2
567	571	0
567	571	1
567	571	2
559	573	0
559	573	1
559	573	2
574	575	0
574	575	1
574	575	2
576	567	0
576	567	1
576	567	2
577	578	0
577	578	1
577	578	2
579	557	0
579	557	1
579	557	2
580	578	0
580	578	1
580	578	2
561	557	0
561	557	1
561	557	2
566	562	0
566	562	1
566	562	2
581	582	0
581	582	1
581	582	2
555	557	0
555	557	1
555	557	2
583	584	0
583	584	1
583	584	2
584	563	0
584	563	1
584	563	2
583	585	0
583	585	1
583	585	2
573	572	0
573	572	1
573	572	2
579	555	0
579	555	1
579	555	2
570	586	0
570	586	1
570	586	2
580	586	0
580	586	1
580	586	2
582	556	0
582	556	1
582	556	2
562	559	0
562	559	1
562	559	2
581	556	0
581	556	1
581	556	2
580	570	0
580	570	1
580	570	2
565	575	0
565	575	1
565	575	2
579	556	0
579	556	1
579	556	2
569	580	0
569	580	1
569	580	2
567	568	0
567	568	1
567	568	2
568	587	0
568	587	1
568	587	2
588	567	0
588	567	1
588	567	2
558	589	0
558	589	1
558	589	2
587	590	0
587	590	1
587	590	2
591	574	0
591	574	1
591	574	2
579	581	0
579	581	1
579	581	2
575	560	0
575	560	1
575	560	2
565	574	0
565	574	1
565	574	2
580	577	0
580	577	1
580	577	2
553	569	0
553	569	1
553	569	2
571	587	0
571	587	1
571	587	2
581	557	0
581	557	1
581	557	2
583	563	0
583	563	1
583	563	2
557	582	0
557	582	1
557	582	2
576	588	0
576	588	1
576	588	2
591	565	0
591	565	1
591	565	2
587	550	0
587	550	1
587	550	2
592	585	0
592	585	1
592	585	2
560	573	0
560	573	1
560	573	2
561	582	0
561	582	1
561	582	2
575	562	0
575	562	1
575	562	2
570	578	0
570	578	1
570	578	2
551	593	0
551	593	1
551	593	2
586	578	0
586	578	1
586	578	2
561	581	0
561	581	1
561	581	2
582	558	0
582	558	1
582	558	2
563	588	0
563	588	1
563	588	2
590	593	0
590	593	1
590	593	2
577	586	0
577	586	1
577	586	2
576	564	0
576	564	1
576	564	2
589	594	0
589	594	1
589	594	2
568	571	0
568	571	1
568	571	2
550	590	0
550	590	1
550	590	2
587	551	0
587	551	1
587	551	2
592	583	0
592	583	1
592	583	2
556	558	0
556	558	1
556	558	2
592	584	0
592	584	1
592	584	2
592	563	0
592	563	1
592	563	2
590	551	0
590	551	1
590	551	2
572	552	0
572	552	1
572	552	2
552	569	0
552	569	1
552	569	2
566	575	0
566	575	1
566	575	2
572	554	0
572	554	1
572	554	2
566	574	0
566	574	1
566	574	2
595	596	0
595	596	1
595	596	2
597	598	0
597	598	1
597	598	2
597	599	0
597	599	1
597	599	2
600	601	0
600	601	1
600	601	2
595	598	0
595	598	1
595	598	2
596	598	0
596	598	1
596	598	2
602	595	0
602	595	1
602	595	2
603	600	0
603	600	1
603	600	2
603	604	0
603	604	1
603	604	2
595	597	0
595	597	1
595	597	2
599	605	0
599	605	1
599	605	2
596	597	0
596	597	1
596	597	2
606	607	0
606	607	1
606	607	2
605	598	0
605	598	1
605	598	2
596	599	0
596	599	1
596	599	2
597	605	0
597	605	1
597	605	2
599	598	0
599	598	1
599	598	2
595	605	0
595	605	1
595	605	2
608	609	0
608	609	1
608	609	2
609	610	0
609	610	1
609	610	2
610	611	0
610	611	1
610	611	2
612	613	0
612	613	1
612	613	2
609	614	0
609	614	1
609	614	2
610	614	0
610	614	1
610	614	2
615	616	0
615	616	1
615	616	2
608	610	0
608	610	1
608	610	2
608	614	0
608	614	1
608	614	2
617	618	0
617	618	1
617	618	2
619	620	0
619	620	1
619	620	2
621	622	0
621	622	1
621	622	2
623	624	0
623	624	1
623	624	2
625	626	0
625	626	1
625	626	2
618	627	0
618	627	1
618	627	2
624	617	0
624	617	1
624	617	2
628	616	0
628	616	1
628	616	2
625	611	0
625	611	1
625	611	2
623	617	0
623	617	1
623	617	2
619	629	0
619	629	1
619	629	2
630	613	0
630	613	1
630	613	2
621	620	0
621	620	1
621	620	2
624	629	0
624	629	1
624	629	2
625	630	0
625	630	1
625	630	2
631	609	0
631	609	1
631	609	2
623	620	0
623	620	1
623	620	2
614	611	0
614	611	1
614	611	2
621	619	0
621	619	1
621	619	2
623	629	0
623	629	1
623	629	2
620	617	0
620	617	1
620	617	2
623	622	0
623	622	1
623	622	2
624	622	0
624	622	1
624	622	2
614	625	0
614	625	1
614	625	2
621	629	0
621	629	1
621	629	2
629	617	0
629	617	1
629	617	2
611	630	0
611	630	1
611	630	2
621	623	0
621	623	1
621	623	2
620	624	0
620	624	1
620	624	2
620	618	0
620	618	1
620	618	2
619	622	0
619	622	1
619	622	2
620	622	0
620	622	1
620	622	2
632	631	0
632	631	1
632	631	2
633	634	0
633	634	1
633	634	2
619	617	0
619	617	1
619	617	2
626	630	0
626	630	1
626	630	2
620	629	0
620	629	1
620	629	2
623	619	0
623	619	1
623	619	2
635	621	0
635	621	1
635	621	2
610	625	0
610	625	1
610	625	2
635	623	0
635	623	1
635	623	2
610	626	0
610	626	1
610	626	2
630	612	0
630	612	1
630	612	2
629	618	0
629	618	1
629	618	2
624	618	0
624	618	1
624	618	2
636	637	0
636	637	1
636	637	2
638	639	0
638	639	1
638	639	2
638	640	0
638	640	1
638	640	2
641	640	0
641	640	1
641	640	2
641	638	0
641	638	1
641	638	2
636	638	0
636	638	1
636	638	2
642	641	0
642	641	1
642	641	2
637	638	0
637	638	1
637	638	2
642	637	0
642	637	1
642	637	2
643	644	0
643	644	1
643	644	2
643	645	0
643	645	1
643	645	2
636	641	0
636	641	1
636	641	2
637	641	0
637	641	1
637	641	2
636	642	0
636	642	1
636	642	2
642	639	0
642	639	1
642	639	2
636	646	0
636	646	1
636	646	2
639	647	0
639	647	1
639	647	2
640	647	0
640	647	1
640	647	2
646	641	0
646	641	1
646	641	2
637	640	0
637	640	1
637	640	2
648	649	0
648	649	1
648	649	2
650	651	0
650	651	1
650	651	2
652	653	0
652	653	1
652	653	2
654	651	0
654	651	1
654	651	2
653	655	0
653	655	1
653	655	2
654	652	0
654	652	1
654	652	2
652	651	0
652	651	1
652	651	2
650	656	0
650	656	1
650	656	2
654	656	0
654	656	1
654	656	2
653	648	0
653	648	1
653	648	2
650	654	0
650	654	1
650	654	2
655	649	0
655	649	1
655	649	2
655	648	0
655	648	1
655	648	2
656	652	0
656	652	1
656	652	2
657	658	0
657	658	1
657	658	2
659	657	0
659	657	1
659	657	2
660	658	0
660	658	1
660	658	2
661	662	0
661	662	1
661	662	2
658	663	0
658	663	1
658	663	2
664	660	0
664	660	1
664	660	2
659	660	0
659	660	1
659	660	2
657	665	0
657	665	1
657	665	2
666	667	0
666	667	1
666	667	2
661	668	0
661	668	1
661	668	2
660	666	0
660	666	1
660	666	2
665	669	0
665	669	1
665	669	2
664	657	0
664	657	1
664	657	2
664	665	0
664	665	1
664	665	2
669	663	0
669	663	1
669	663	2
663	666	0
663	666	1
663	666	2
670	664	0
670	664	1
670	664	2
665	658	0
665	658	1
665	658	2
667	671	0
667	671	1
667	671	2
658	666	0
658	666	1
658	666	2
670	660	0
670	660	1
670	660	2
669	666	0
669	666	1
669	666	2
672	662	0
672	662	1
672	662	2
659	665	0
659	665	1
659	665	2
657	666	0
657	666	1
657	666	2
658	669	0
658	669	1
658	669	2
657	669	0
657	669	1
657	669	2
672	661	0
672	661	1
672	661	2
657	663	0
657	663	1
657	663	2
660	669	0
660	669	1
660	669	2
659	664	0
659	664	1
659	664	2
660	665	0
660	665	1
660	665	2
660	663	0
660	663	1
660	663	2
665	663	0
665	663	1
665	663	2
662	668	0
662	668	1
662	668	2
670	659	0
670	659	1
670	659	2
660	657	0
660	657	1
660	657	2
670	665	0
670	665	1
670	665	2
670	657	0
670	657	1
670	657	2
670	658	0
670	658	1
670	658	2
659	658	0
659	658	1
659	658	2
673	674	0
673	674	1
673	674	2
675	674	0
675	674	1
675	674	2
673	675	0
673	675	1
673	675	2
676	677	0
676	677	1
676	677	2
678	676	0
678	676	1
678	676	2
679	680	0
679	680	1
679	680	2
679	681	0
679	681	1
679	681	2
682	680	0
682	680	1
682	680	2
683	684	0
683	684	1
683	684	2
681	680	0
681	680	1
681	680	2
685	684	0
685	684	1
685	684	2
679	682	0
679	682	1
679	682	2
682	683	0
682	683	1
682	683	2
681	682	0
681	682	1
681	682	2
683	685	0
683	685	1
683	685	2
686	687	0
686	687	1
686	687	2
688	686	0
688	686	1
688	686	2
689	690	0
689	690	1
689	690	2
691	690	0
691	690	1
691	690	2
692	691	0
692	691	1
692	691	2
687	692	0
687	692	1
687	692	2
693	687	0
693	687	1
693	687	2
694	693	0
694	693	1
694	693	2
688	693	0
688	693	1
688	693	2
694	688	0
694	688	1
694	688	2
695	696	0
695	696	1
695	696	2
697	698	0
697	698	1
697	698	2
699	700	0
699	700	1
699	700	2
695	698	0
695	698	1
695	698	2
701	702	0
701	702	1
701	702	2
697	695	0
697	695	1
697	695	2
703	704	0
703	704	1
703	704	2
705	706	0
705	706	1
705	706	2
707	708	0
707	708	1
707	708	2
696	698	0
696	698	1
696	698	2
698	709	0
698	709	1
698	709	2
710	711	0
710	711	1
710	711	2
712	713	0
712	713	1
712	713	2
714	715	0
714	715	1
714	715	2
704	702	0
704	702	1
704	702	2
716	700	0
716	700	1
716	700	2
717	698	0
717	698	1
717	698	2
718	700	0
718	700	1
718	700	2
710	719	0
710	719	1
710	719	2
720	721	0
720	721	1
720	721	2
722	723	0
722	723	1
722	723	2
695	724	0
695	724	1
695	724	2
701	725	0
701	725	1
701	725	2
704	725	0
704	725	1
704	725	2
702	726	0
702	726	1
702	726	2
697	727	0
697	727	1
697	727	2
728	704	0
728	704	1
728	704	2
729	715	0
729	715	1
729	715	2
730	699	0
730	699	1
730	699	2
709	728	0
709	728	1
709	728	2
719	707	0
719	707	1
719	707	2
731	732	0
731	732	1
731	732	2
711	719	0
711	719	1
711	719	2
726	721	0
726	721	1
726	721	2
712	708	0
712	708	1
712	708	2
733	734	0
733	734	1
733	734	2
733	735	0
733	735	1
733	735	2
731	710	0
731	710	1
731	710	2
736	728	0
736	728	1
736	728	2
727	737	0
727	737	1
727	737	2
724	738	0
724	738	1
724	738	2
704	739	0
704	739	1
704	739	2
735	710	0
735	710	1
735	710	2
736	703	0
736	703	1
736	703	2
737	728	0
737	728	1
737	728	2
708	713	0
708	713	1
708	713	2
712	740	0
712	740	1
712	740	2
727	736	0
727	736	1
727	736	2
738	728	0
738	728	1
738	728	2
702	741	0
702	741	1
702	741	2
727	728	0
727	728	1
727	728	2
735	732	0
735	732	1
735	732	2
732	711	0
732	711	1
732	711	2
723	714	0
723	714	1
723	714	2
742	695	0
742	695	1
742	695	2
743	729	0
743	729	1
743	729	2
696	727	0
696	727	1
696	727	2
718	742	0
718	742	1
718	742	2
703	739	0
703	739	1
703	739	2
724	736	0
724	736	1
724	736	2
736	704	0
736	704	1
736	704	2
710	732	0
710	732	1
710	732	2
725	741	0
725	741	1
725	741	2
698	727	0
698	727	1
698	727	2
695	737	0
695	737	1
695	737	2
744	700	0
744	700	1
744	700	2
730	745	0
730	745	1
730	745	2
697	709	0
697	709	1
697	709	2
714	729	0
714	729	1
714	729	2
730	744	0
730	744	1
730	744	2
726	720	0
726	720	1
726	720	2
724	709	0
724	709	1
724	709	2
744	716	0
744	716	1
744	716	2
717	724	0
717	724	1
717	724	2
707	712	0
707	712	1
707	712	2
696	717	0
696	717	1
696	717	2
744	718	0
744	718	1
744	718	2
701	739	0
701	739	1
701	739	2
740	713	0
740	713	1
740	713	2
746	747	0
746	747	1
746	747	2
742	697	0
742	697	1
742	697	2
723	743	0
723	743	1
723	743	2
748	733	0
748	733	1
748	733	2
706	749	0
706	749	1
706	749	2
726	741	0
726	741	1
726	741	2
734	735	0
734	735	1
734	735	2
713	705	0
713	705	1
713	705	2
739	741	0
739	741	1
739	741	2
727	738	0
727	738	1
727	738	2
696	737	0
696	737	1
696	737	2
738	703	0
738	703	1
738	703	2
737	738	0
737	738	1
737	738	2
695	727	0
695	727	1
695	727	2
699	718	0
699	718	1
699	718	2
740	705	0
740	705	1
740	705	2
731	711	0
731	711	1
731	711	2
709	738	0
709	738	1
709	738	2
697	737	0
697	737	1
697	737	2
714	743	0
714	743	1
714	743	2
738	704	0
738	704	1
738	704	2
748	734	0
748	734	1
748	734	2
736	701	0
736	701	1
736	701	2
701	704	0
701	704	1
701	704	2
698	738	0
698	738	1
698	738	2
724	728	0
724	728	1
724	728	2
696	724	0
696	724	1
696	724	2
741	721	0
741	721	1
741	721	2
739	726	0
739	726	1
739	726	2
743	715	0
743	715	1
743	715	2
720	746	0
720	746	1
720	746	2
697	724	0
697	724	1
697	724	2
709	736	0
709	736	1
709	736	2
708	740	0
708	740	1
708	740	2
739	702	0
739	702	1
739	702	2
697	717	0
697	717	1
697	717	2
745	699	0
745	699	1
745	699	2
745	744	0
745	744	1
745	744	2
735	731	0
735	731	1
735	731	2
737	736	0
737	736	1
737	736	2
709	737	0
709	737	1
709	737	2
725	702	0
725	702	1
725	702	2
728	703	0
728	703	1
728	703	2
717	727	0
717	727	1
717	727	2
724	727	0
724	727	1
724	727	2
698	737	0
698	737	1
698	737	2
697	696	0
697	696	1
697	696	2
717	709	0
717	709	1
717	709	2
700	742	0
700	742	1
700	742	2
698	728	0
698	728	1
698	728	2
717	737	0
717	737	1
717	737	2
741	720	0
741	720	1
741	720	2
709	727	0
709	727	1
709	727	2
735	711	0
735	711	1
735	711	2
750	751	0
750	751	1
750	751	2
750	752	0
750	752	1
750	752	2
752	753	0
752	753	1
752	753	2
751	754	0
751	754	1
751	754	2
751	752	0
751	752	1
751	752	2
755	753	0
755	753	1
755	753	2
756	750	0
756	750	1
756	750	2
751	753	0
751	753	1
751	753	2
757	758	0
757	758	1
757	758	2
755	759	0
755	759	1
755	759	2
760	755	0
760	755	1
760	755	2
760	751	0
760	751	1
760	751	2
756	760	0
756	760	1
756	760	2
760	750	0
760	750	1
760	750	2
753	754	0
753	754	1
753	754	2
750	759	0
750	759	1
750	759	2
755	751	0
755	751	1
755	751	2
752	754	0
752	754	1
752	754	2
760	752	0
760	752	1
760	752	2
761	757	0
761	757	1
761	757	2
750	755	0
750	755	1
750	755	2
754	761	0
754	761	1
754	761	2
750	753	0
750	753	1
750	753	2
756	755	0
756	755	1
756	755	2
761	758	0
761	758	1
761	758	2
759	752	0
759	752	1
759	752	2
755	752	0
755	752	1
755	752	2
759	754	0
759	754	1
759	754	2
762	763	0
762	763	1
762	763	2
764	765	0
764	765	1
764	765	2
766	764	0
766	764	1
766	764	2
767	768	0
767	768	1
767	768	2
769	770	0
769	770	1
769	770	2
770	771	0
770	771	1
770	771	2
766	765	0
766	765	1
766	765	2
772	773	0
772	773	1
772	773	2
771	774	0
771	774	1
771	774	2
775	776	0
775	776	1
775	776	2
773	765	0
773	765	1
773	765	2
767	777	0
767	777	1
767	777	2
778	763	0
778	763	1
778	763	2
771	775	0
771	775	1
771	775	2
776	779	0
776	779	1
776	779	2
770	775	0
770	775	1
770	775	2
768	777	0
768	777	1
768	777	2
779	773	0
779	773	1
779	773	2
774	780	0
774	780	1
774	780	2
772	766	0
772	766	1
772	766	2
776	780	0
776	780	1
776	780	2
775	780	0
775	780	1
775	780	2
781	768	0
781	768	1
781	768	2
780	772	0
780	772	1
780	772	2
782	769	0
782	769	1
782	769	2
775	774	0
775	774	1
775	774	2
776	774	0
776	774	1
776	774	2
774	779	0
774	779	1
774	779	2
770	776	0
770	776	1
770	776	2
771	779	0
771	779	1
771	779	2
777	778	0
777	778	1
777	778	2
780	773	0
780	773	1
780	773	2
772	765	0
772	765	1
772	765	2
765	781	0
765	781	1
765	781	2
779	772	0
779	772	1
779	772	2
771	776	0
771	776	1
771	776	2
765	768	0
765	768	1
765	768	2
764	773	0
764	773	1
764	773	2
771	780	0
771	780	1
771	780	2
765	767	0
765	767	1
765	767	2
783	784	0
783	784	1
783	784	2
785	786	0
785	786	1
785	786	2
787	788	0
787	788	1
787	788	2
789	783	0
789	783	1
789	783	2
790	791	0
790	791	1
790	791	2
787	792	0
787	792	1
787	792	2
793	794	0
793	794	1
793	794	2
795	785	0
795	785	1
795	785	2
795	786	0
795	786	1
795	786	2
791	796	0
791	796	1
791	796	2
783	797	0
783	797	1
783	797	2
787	798	0
787	798	1
787	798	2
799	790	0
799	790	1
799	790	2
791	786	0
791	786	1
791	786	2
787	793	0
787	793	1
787	793	2
800	788	0
800	788	1
800	788	2
787	800	0
787	800	1
787	800	2
800	792	0
800	792	1
800	792	2
795	801	0
795	801	1
795	801	2
785	801	0
785	801	1
785	801	2
794	802	0
794	802	1
794	802	2
796	786	0
796	786	1
796	786	2
803	799	0
803	799	1
803	799	2
800	793	0
800	793	1
800	793	2
803	804	0
803	804	1
803	804	2
788	794	0
788	794	1
788	794	2
785	796	0
785	796	1
785	796	2
791	801	0
791	801	1
791	801	2
798	793	0
798	793	1
798	793	2
799	805	0
799	805	1
799	805	2
806	803	0
806	803	1
806	803	2
804	805	0
804	805	1
804	805	2
790	785	0
790	785	1
790	785	2
788	802	0
788	802	1
788	802	2
784	806	0
784	806	1
784	806	2
804	790	0
804	790	1
804	790	2
796	801	0
796	801	1
796	801	2
797	806	0
797	806	1
797	806	2
805	790	0
805	790	1
805	790	2
799	804	0
799	804	1
799	804	2
803	805	0
803	805	1
803	805	2
795	791	0
795	791	1
795	791	2
807	808	0
807	808	1
807	808	2
809	810	0
809	810	1
809	810	2
811	809	0
811	809	1
811	809	2
807	811	0
807	811	1
807	811	2
809	812	0
809	812	1
809	812	2
811	808	0
811	808	1
811	808	2
808	809	0
808	809	1
808	809	2
812	813	0
812	813	1
812	813	2
814	815	0
814	815	1
814	815	2
816	813	0
816	813	1
816	813	2
810	816	0
810	816	1
810	816	2
814	817	0
814	817	1
814	817	2
818	819	0
818	819	1
818	819	2
818	807	0
818	807	1
818	807	2
817	820	0
817	820	1
817	820	2
812	816	0
812	816	1
812	816	2
819	807	0
819	807	1
819	807	2
819	811	0
819	811	1
819	811	2
818	811	0
818	811	1
818	811	2
819	808	0
819	808	1
819	808	2
821	822	0
821	822	1
821	822	2
823	822	0
823	822	1
823	822	2
824	825	0
824	825	1
824	825	2
825	826	0
825	826	1
825	826	2
827	828	0
827	828	1
827	828	2
829	822	0
829	822	1
829	822	2
825	828	0
825	828	1
825	828	2
825	827	0
825	827	1
825	827	2
827	826	0
827	826	1
827	826	2
826	828	0
826	828	1
826	828	2
829	823	0
829	823	1
829	823	2
830	821	0
830	821	1
830	821	2
824	828	0
824	828	1
824	828	2
831	821	0
831	821	1
831	821	2
829	831	0
829	831	1
829	831	2
831	823	0
831	823	1
831	823	2
831	822	0
831	822	1
831	822	2
829	830	0
829	830	1
829	830	2
824	832	0
824	832	1
824	832	2
828	833	0
828	833	1
828	833	2
830	831	0
830	831	1
830	831	2
821	823	0
821	823	1
821	823	2
824	827	0
824	827	1
824	827	2
829	821	0
829	821	1
829	821	2
832	828	0
832	828	1
832	828	2
827	832	0
827	832	1
827	832	2
832	833	0
832	833	1
832	833	2
830	823	0
830	823	1
830	823	2
830	822	0
830	822	1
830	822	2
825	832	0
825	832	1
825	832	2
834	835	0
834	835	1
834	835	2
836	837	0
836	837	1
836	837	2
838	839	0
838	839	1
838	839	2
840	841	0
840	841	1
840	841	2
836	842	0
836	842	1
836	842	2
843	844	0
843	844	1
843	844	2
845	846	0
845	846	1
845	846	2
847	840	0
847	840	1
847	840	2
848	849	0
848	849	1
848	849	2
850	841	0
850	841	1
850	841	2
851	852	0
851	852	1
851	852	2
853	854	0
853	854	1
853	854	2
851	855	0
851	855	1
851	855	2
835	856	0
835	856	1
835	856	2
857	858	0
857	858	1
857	858	2
859	860	0
859	860	1
859	860	2
854	841	0
854	841	1
854	841	2
861	862	0
861	862	1
861	862	2
853	863	0
853	863	1
853	863	2
836	864	0
836	864	1
836	864	2
854	863	0
854	863	1
854	863	2
865	841	0
865	841	1
865	841	2
865	839	0
865	839	1
865	839	2
853	851	0
853	851	1
853	851	2
866	867	0
866	867	1
866	867	2
850	854	0
850	854	1
850	854	2
842	868	0
842	868	1
842	868	2
857	853	0
857	853	1
857	853	2
860	869	0
860	869	1
860	869	2
870	850	0
870	850	1
870	850	2
836	860	0
836	860	1
836	860	2
859	869	0
859	869	1
859	869	2
871	844	0
871	844	1
871	844	2
835	846	0
835	846	1
835	846	2
839	852	0
839	852	1
839	852	2
857	850	0
857	850	1
857	850	2
844	849	0
844	849	1
844	849	2
847	857	0
847	857	1
847	857	2
838	853	0
838	853	1
838	853	2
837	860	0
837	860	1
837	860	2
872	873	0
872	873	1
872	873	2
837	864	0
837	864	1
837	864	2
844	866	0
844	866	1
844	866	2
854	874	0
854	874	1
854	874	2
865	875	0
865	875	1
865	875	2
876	868	0
876	868	1
876	868	2
877	878	0
877	878	1
877	878	2
851	875	0
851	875	1
851	875	2
856	879	0
856	879	1
856	879	2
849	880	0
849	880	1
849	880	2
852	877	0
852	877	1
852	877	2
870	851	0
870	851	1
870	851	2
879	881	0
879	881	1
879	881	2
872	871	0
872	871	1
872	871	2
847	865	0
847	865	1
847	865	2
849	867	0
849	867	1
849	867	2
869	882	0
869	882	1
869	882	2
837	842	0
837	842	1
837	842	2
880	883	0
880	883	1
880	883	2
858	863	0
858	863	1
858	863	2
850	853	0
850	853	1
850	853	2
852	843	0
852	843	1
852	843	2
847	850	0
847	850	1
847	850	2
870	839	0
870	839	1
870	839	2
851	874	0
851	874	1
851	874	2
848	867	0
848	867	1
848	867	2
850	858	0
850	858	1
850	858	2
854	852	0
854	852	1
854	852	2
836	882	0
836	882	1
836	882	2
865	855	0
865	855	1
865	855	2
850	840	0
850	840	1
850	840	2
865	854	0
865	854	1
865	854	2
837	868	0
837	868	1
837	868	2
850	839	0
850	839	1
850	839	2
884	877	0
884	877	1
884	877	2
870	865	0
870	865	1
870	865	2
840	839	0
840	839	1
840	839	2
869	864	0
869	864	1
869	864	2
851	839	0
851	839	1
851	839	2
860	868	0
860	868	1
860	868	2
884	871	0
884	871	1
884	871	2
870	838	0
870	838	1
870	838	2
872	844	0
872	844	1
872	844	2
856	885	0
856	885	1
856	885	2
866	886	0
866	886	1
866	886	2
859	842	0
859	842	1
859	842	2
843	872	0
843	872	1
843	872	2
845	835	0
845	835	1
845	835	2
873	848	0
873	848	1
873	848	2
887	862	0
887	862	1
887	862	2
885	881	0
885	881	1
885	881	2
841	839	0
841	839	1
841	839	2
838	875	0
838	875	1
838	875	2
859	864	0
859	864	1
859	864	2
841	874	0
841	874	1
841	874	2
879	888	0
879	888	1
879	888	2
855	874	0
855	874	1
855	874	2
853	875	0
853	875	1
853	875	2
843	877	0
843	877	1
843	877	2
876	882	0
876	882	1
876	882	2
876	842	0
876	842	1
876	842	2
856	888	0
856	888	1
856	888	2
873	844	0
873	844	1
873	844	2
878	848	0
878	848	1
878	848	2
870	875	0
870	875	1
870	875	2
834	856	0
834	856	1
834	856	2
837	869	0
837	869	1
837	869	2
847	858	0
847	858	1
847	858	2
857	870	0
857	870	1
857	870	2
838	855	0
838	855	1
838	855	2
859	882	0
859	882	1
859	882	2
837	882	0
837	882	1
837	882	2
838	858	0
838	858	1
838	858	2
871	878	0
871	878	1
871	878	2
858	841	0
858	841	1
858	841	2
850	851	0
850	851	1
850	851	2
873	867	0
873	867	1
873	867	2
843	873	0
843	873	1
843	873	2
889	883	0
889	883	1
889	883	2
843	878	0
843	878	1
843	878	2
843	871	0
843	871	1
843	871	2
838	841	0
838	841	1
838	841	2
870	853	0
870	853	1
870	853	2
878	866	0
878	866	1
878	866	2
875	839	0
875	839	1
875	839	2
847	870	0
847	870	1
847	870	2
841	863	0
841	863	1
841	863	2
868	864	0
868	864	1
868	864	2
853	855	0
853	855	1
853	855	2
858	853	0
858	853	1
858	853	2
852	872	0
852	872	1
852	872	2
850	863	0
850	863	1
850	863	2
857	838	0
857	838	1
857	838	2
855	839	0
855	839	1
855	839	2
853	841	0
853	841	1
853	841	2
870	841	0
870	841	1
870	841	2
840	853	0
840	853	1
840	853	2
841	852	0
841	852	1
841	852	2
863	852	0
863	852	1
863	852	2
838	865	0
838	865	1
838	865	2
880	889	0
880	889	1
880	889	2
878	849	0
878	849	1
878	849	2
868	869	0
868	869	1
868	869	2
871	873	0
871	873	1
871	873	2
876	864	0
876	864	1
876	864	2
852	874	0
852	874	1
852	874	2
855	852	0
855	852	1
855	852	2
880	886	0
880	886	1
880	886	2
864	882	0
864	882	1
864	882	2
848	880	0
848	880	1
848	880	2
888	881	0
888	881	1
888	881	2
851	841	0
851	841	1
851	841	2
888	885	0
888	885	1
888	885	2
878	844	0
878	844	1
878	844	2
854	839	0
854	839	1
854	839	2
874	843	0
874	843	1
874	843	2
840	875	0
840	875	1
840	875	2
859	876	0
859	876	1
859	876	2
876	860	0
876	860	1
876	860	2
870	858	0
870	858	1
870	858	2
879	885	0
879	885	1
879	885	2
838	840	0
838	840	1
838	840	2
836	868	0
836	868	1
836	868	2
850	855	0
850	855	1
850	855	2
842	864	0
842	864	1
842	864	2
875	855	0
875	855	1
875	855	2
865	851	0
865	851	1
865	851	2
865	858	0
865	858	1
865	858	2
860	864	0
860	864	1
860	864	2
849	886	0
849	886	1
849	886	2
845	856	0
845	856	1
845	856	2
881	887	0
881	887	1
881	887	2
834	846	0
834	846	1
834	846	2
859	837	0
859	837	1
859	837	2
874	871	0
874	871	1
874	871	2
852	871	0
852	871	1
852	871	2
878	867	0
878	867	1
878	867	2
840	851	0
840	851	1
840	851	2
839	874	0
839	874	1
839	874	2
858	875	0
858	875	1
858	875	2
884	844	0
884	844	1
884	844	2
842	882	0
842	882	1
842	882	2
875	852	0
875	852	1
875	852	2
863	874	0
863	874	1
863	874	2
874	884	0
874	884	1
874	884	2
870	840	0
870	840	1
870	840	2
840	863	0
840	863	1
840	863	2
868	882	0
868	882	1
868	882	2
872	884	0
872	884	1
872	884	2
870	863	0
870	863	1
870	863	2
844	867	0
844	867	1
844	867	2
840	854	0
840	854	1
840	854	2
858	839	0
858	839	1
858	839	2
859	868	0
859	868	1
859	868	2
851	854	0
851	854	1
851	854	2
866	880	0
866	880	1
866	880	2
847	838	0
847	838	1
847	838	2
836	876	0
836	876	1
836	876	2
851	863	0
851	863	1
851	863	2
872	877	0
872	877	1
872	877	2
842	869	0
842	869	1
842	869	2
858	855	0
858	855	1
858	855	2
839	863	0
839	863	1
839	863	2
841	855	0
841	855	1
841	855	2
858	854	0
858	854	1
858	854	2
870	854	0
870	854	1
870	854	2
858	851	0
858	851	1
858	851	2
876	869	0
876	869	1
876	869	2
846	856	0
846	856	1
846	856	2
875	863	0
875	863	1
875	863	2
850	838	0
850	838	1
850	838	2
871	877	0
871	877	1
871	877	2
867	886	0
867	886	1
867	886	2
857	865	0
857	865	1
857	865	2
870	855	0
870	855	1
870	855	2
862	857	0
862	857	1
862	857	2
860	842	0
860	842	1
860	842	2
873	878	0
873	878	1
873	878	2
855	863	0
855	863	1
855	863	2
866	849	0
866	849	1
866	849	2
875	841	0
875	841	1
875	841	2
840	858	0
840	858	1
840	858	2
890	891	0
890	891	1
890	891	2
892	893	0
892	893	1
892	893	2
894	895	0
894	895	1
894	895	2
896	897	0
896	897	1
896	897	2
898	895	0
898	895	1
898	895	2
899	900	0
899	900	1
899	900	2
901	890	0
901	890	1
901	890	2
902	903	0
902	903	1
902	903	2
899	902	0
899	902	1
899	902	2
904	900	0
904	900	1
904	900	2
905	898	0
905	898	1
905	898	2
898	890	0
898	890	1
898	890	2
901	906	0
901	906	1
901	906	2
903	907	0
903	907	1
903	907	2
898	894	0
898	894	1
898	894	2
908	907	0
908	907	1
908	907	2
908	901	0
908	901	1
908	901	2
897	909	0
897	909	1
897	909	2
892	902	0
892	902	1
892	902	2
908	903	0
908	903	1
908	903	2
892	903	0
892	903	1
892	903	2
890	910	0
890	910	1
890	910	2
907	905	0
907	905	1
907	905	2
902	907	0
902	907	1
902	907	2
894	890	0
894	890	1
894	890	2
901	894	0
901	894	1
901	894	2
909	911	0
909	911	1
909	911	2
912	899	0
912	899	1
912	899	2
892	907	0
892	907	1
892	907	2
903	905	0
903	905	1
903	905	2
893	901	0
893	901	1
893	901	2
905	894	0
905	894	1
905	894	2
898	910	0
898	910	1
898	910	2
906	910	0
906	910	1
906	910	2
895	913	0
895	913	1
895	913	2
899	892	0
899	892	1
899	892	2
891	914	0
891	914	1
891	914	2
893	905	0
893	905	1
893	905	2
915	892	0
915	892	1
915	892	2
894	891	0
894	891	1
894	891	2
904	915	0
904	915	1
904	915	2
891	896	0
891	896	1
891	896	2
914	913	0
914	913	1
914	913	2
900	892	0
900	892	1
900	892	2
908	905	0
908	905	1
908	905	2
903	901	0
903	901	1
903	901	2
896	913	0
896	913	1
896	913	2
915	902	0
915	902	1
915	902	2
892	908	0
892	908	1
892	908	2
913	897	0
913	897	1
913	897	2
910	913	0
910	913	1
910	913	2
894	910	0
894	910	1
894	910	2
904	899	0
904	899	1
904	899	2
902	893	0
902	893	1
902	893	2
890	895	0
890	895	1
890	895	2
898	891	0
898	891	1
898	891	2
912	900	0
912	900	1
912	900	2
907	901	0
907	901	1
907	901	2
905	890	0
905	890	1
905	890	2
912	915	0
912	915	1
912	915	2
915	899	0
915	899	1
915	899	2
908	893	0
908	893	1
908	893	2
893	907	0
893	907	1
893	907	2
894	906	0
894	906	1
894	906	2
905	901	0
905	901	1
905	901	2
900	902	0
900	902	1
900	902	2
895	896	0
895	896	1
895	896	2
906	895	0
906	895	1
906	895	2
910	895	0
910	895	1
910	895	2
890	906	0
890	906	1
890	906	2
910	896	0
910	896	1
910	896	2
916	917	0
916	917	1
916	917	2
918	919	0
918	919	1
918	919	2
920	918	0
920	918	1
920	918	2
920	919	0
920	919	1
920	919	2
921	922	0
921	922	1
921	922	2
922	923	0
922	923	1
922	923	2
922	924	0
922	924	1
922	924	2
925	926	0
925	926	1
925	926	2
927	928	0
927	928	1
927	928	2
929	930	0
929	930	1
929	930	2
931	932	0
931	932	1
931	932	2
932	933	0
932	933	1
932	933	2
934	935	0
934	935	1
934	935	2
936	937	0
936	937	1
936	937	2
938	939	0
938	939	1
938	939	2
940	941	0
940	941	1
940	941	2
941	931	0
941	931	1
941	931	2
942	939	0
942	939	1
942	939	2
943	921	0
943	921	1
943	921	2
936	944	0
936	944	1
936	944	2
928	945	0
928	945	1
928	945	2
937	946	0
937	946	1
937	946	2
928	930	0
928	930	1
928	930	2
944	946	0
944	946	1
944	946	2
925	947	0
925	947	1
925	947	2
948	922	0
948	922	1
948	922	2
949	950	0
949	950	1
949	950	2
950	941	0
950	941	1
950	941	2
921	951	0
921	951	1
921	951	2
922	952	0
922	952	1
922	952	2
953	949	0
953	949	1
953	949	2
937	934	0
937	934	1
937	934	2
930	945	0
930	945	1
930	945	2
954	939	0
954	939	1
954	939	2
952	924	0
952	924	1
952	924	2
935	955	0
935	955	1
935	955	2
951	922	0
951	922	1
951	922	2
927	930	0
927	930	1
927	930	2
953	941	0
953	941	1
953	941	2
956	946	0
956	946	1
956	946	2
957	935	0
957	935	1
957	935	2
943	948	0
943	948	1
943	948	2
949	941	0
949	941	1
949	941	2
930	958	0
930	958	1
930	958	2
959	960	0
959	960	1
959	960	2
946	957	0
946	957	1
946	957	2
927	929	0
927	929	1
927	929	2
942	954	0
942	954	1
942	954	2
961	962	0
961	962	1
961	962	2
933	962	0
933	962	1
933	962	2
963	964	0
963	964	1
963	964	2
940	950	0
940	950	1
940	950	2
965	960	0
965	960	1
965	960	2
964	951	0
964	951	1
964	951	2
964	948	0
964	948	1
964	948	2
966	959	0
966	959	1
966	959	2
955	930	0
955	930	1
955	930	2
923	924	0
923	924	1
923	924	2
964	943	0
964	943	1
964	943	2
967	963	0
967	963	1
967	963	2
953	940	0
953	940	1
953	940	2
959	965	0
959	965	1
959	965	2
943	951	0
943	951	1
943	951	2
929	928	0
929	928	1
929	928	2
952	923	0
952	923	1
952	923	2
957	934	0
957	934	1
957	934	2
932	961	0
932	961	1
932	961	2
962	967	0
962	967	1
962	967	2
955	928	0
955	928	1
955	928	2
935	927	0
935	927	1
935	927	2
944	937	0
944	937	1
944	937	2
946	934	0
946	934	1
946	934	2
943	922	0
943	922	1
943	922	2
937	957	0
937	957	1
937	957	2
945	958	0
945	958	1
945	958	2
956	936	0
956	936	1
956	936	2
942	938	0
942	938	1
942	938	2
950	931	0
950	931	1
950	931	2
954	938	0
954	938	1
954	938	2
956	944	0
956	944	1
956	944	2
936	946	0
936	946	1
936	946	2
964	921	0
964	921	1
964	921	2
926	947	0
926	947	1
926	947	2
948	951	0
948	951	1
948	951	2
933	961	0
933	961	1
933	961	2
953	950	0
953	950	1
953	950	2
962	963	0
962	963	1
962	963	2
949	940	0
949	940	1
949	940	2
968	969	0
968	969	1
968	969	2
970	968	0
970	968	1
970	968	2
971	972	0
971	972	1
971	972	2
973	974	0
973	974	1
973	974	2
975	976	0
975	976	1
975	976	2
977	978	0
977	978	1
977	978	2
979	980	0
979	980	1
979	980	2
975	977	0
975	977	1
975	977	2
981	968	0
981	968	1
981	968	2
982	983	0
982	983	1
982	983	2
984	978	0
984	978	1
984	978	2
984	985	0
984	985	1
984	985	2
977	984	0
977	984	1
977	984	2
972	983	0
972	983	1
972	983	2
986	987	0
986	987	1
986	987	2
988	989	0
988	989	1
988	989	2
984	987	0
984	987	1
984	987	2
986	990	0
986	990	1
986	990	2
973	980	0
973	980	1
973	980	2
982	989	0
982	989	1
982	989	2
978	987	0
978	987	1
978	987	2
972	988	0
972	988	1
972	988	2
970	981	0
970	981	1
970	981	2
991	987	0
991	987	1
991	987	2
978	985	0
978	985	1
978	985	2
972	969	0
972	969	1
972	969	2
969	982	0
969	982	1
969	982	2
968	971	0
968	971	1
968	971	2
985	987	0
985	987	1
985	987	2
979	973	0
979	973	1
979	973	2
971	969	0
971	969	1
971	969	2
976	986	0
976	986	1
976	986	2
978	990	0
978	990	1
978	990	2
986	985	0
986	985	1
986	985	2
978	991	0
978	991	1
978	991	2
976	978	0
976	978	1
976	978	2
984	990	0
984	990	1
984	990	2
969	983	0
969	983	1
969	983	2
988	982	0
988	982	1
988	982	2
971	983	0
971	983	1
971	983	2
986	984	0
986	984	1
986	984	2
976	977	0
976	977	1
976	977	2
986	991	0
986	991	1
986	991	2
971	988	0
971	988	1
971	988	2
976	984	0
976	984	1
976	984	2
972	982	0
972	982	1
972	982	2
985	990	0
985	990	1
985	990	2
971	982	0
971	982	1
971	982	2
969	988	0
969	988	1
969	988	2
991	985	0
991	985	1
991	985	2
992	993	0
992	993	1
992	993	2
994	995	0
994	995	1
994	995	2
996	994	0
996	994	1
996	994	2
992	995	0
992	995	1
992	995	2
997	998	0
997	998	1
997	998	2
999	1000	0
999	1000	1
999	1000	2
1001	1002	0
1001	1002	1
1001	1002	2
1003	1004	0
1003	1004	1
1003	1004	2
1005	1006	0
1005	1006	1
1005	1006	2
1006	1007	0
1006	1007	1
1006	1007	2
1008	996	0
1008	996	1
1008	996	2
1002	1009	0
1002	1009	1
1002	1009	2
1010	1011	0
1010	1011	1
1010	1011	2
1012	992	0
1012	992	1
1012	992	2
1013	1014	0
1013	1014	1
1013	1014	2
1007	1004	0
1007	1004	1
1007	1004	2
994	1015	0
994	1015	1
994	1015	2
1012	1016	0
1012	1016	1
1012	1016	2
997	1017	0
997	1017	1
997	1017	2
1011	998	0
1011	998	1
1011	998	2
1017	1018	0
1017	1018	1
1017	1018	2
1019	1020	0
1019	1020	1
1019	1020	2
995	993	0
995	993	1
995	993	2
1002	1020	0
1002	1020	1
1002	1020	2
1008	1021	0
1008	1021	1
1008	1021	2
1009	1022	0
1009	1022	1
1009	1022	2
1018	1005	0
1018	1005	1
1018	1005	2
1015	993	0
1015	993	1
1015	993	2
998	1023	0
998	1023	1
998	1023	2
1021	992	0
1021	992	1
1021	992	2
1024	1020	0
1024	1020	1
1024	1020	2
1025	994	0
1025	994	1
1025	994	2
1026	1027	0
1026	1027	1
1026	1027	2
992	1028	0
992	1028	1
992	1028	2
1015	1029	0
1015	1029	1
1015	1029	2
1030	1007	0
1030	1007	1
1030	1007	2
1022	1031	0
1022	1031	1
1022	1031	2
1013	1008	0
1013	1008	1
1013	1008	2
1025	1012	0
1025	1012	1
1025	1012	2
1016	992	0
1016	992	1
1016	992	2
1027	1032	0
1027	1032	1
1027	1032	2
1025	1021	0
1025	1021	1
1025	1021	2
1000	1010	0
1000	1010	1
1000	1010	2
1031	1027	0
1031	1027	1
1031	1027	2
1015	1001	0
1015	1001	1
1015	1001	2
994	1028	0
994	1028	1
994	1028	2
1029	1020	0
1029	1020	1
1029	1020	2
1026	1033	0
1026	1033	1
1026	1033	2
1006	1003	0
1006	1003	1
1006	1003	2
1008	1025	0
1008	1025	1
1008	1025	2
1007	1013	0
1007	1013	1
1007	1013	2
1003	1013	0
1003	1013	1
1003	1013	2
995	1015	0
995	1015	1
995	1015	2
1011	1023	0
1011	1023	1
1011	1023	2
1001	1022	0
1001	1022	1
1001	1022	2
1026	1032	0
1026	1032	1
1026	1032	2
1034	1035	0
1034	1035	1
1034	1035	2
1028	1029	0
1028	1029	1
1028	1029	2
1033	1032	0
1033	1032	1
1033	1032	2
1025	996	0
1025	996	1
1025	996	2
1012	994	0
1012	994	1
1012	994	2
1023	1017	0
1023	1017	1
1023	1017	2
997	1023	0
997	1023	1
997	1023	2
1021	1016	0
1021	1016	1
1021	1016	2
1025	992	0
1025	992	1
1025	992	2
1034	1036	0
1034	1036	1
1034	1036	2
1011	1017	0
1011	1017	1
1011	1017	2
996	995	0
996	995	1
996	995	2
1003	1014	0
1003	1014	1
1003	1014	2
1032	1037	0
1032	1037	1
1032	1037	2
1029	1002	0
1029	1002	1
1029	1002	2
1010	997	0
1010	997	1
1010	997	2
1016	995	0
1016	995	1
1016	995	2
994	1016	0
994	1016	1
994	1016	2
993	1029	0
993	1029	1
993	1029	2
996	1012	0
996	1012	1
996	1012	2
1030	1013	0
1030	1013	1
1030	1013	2
1030	1004	0
1030	1004	1
1030	1004	2
994	993	0
994	993	1
994	993	2
996	1016	0
996	1016	1
996	1016	2
996	992	0
996	992	1
996	992	2
1001	1024	0
1001	1024	1
1001	1024	2
1013	1004	0
1013	1004	1
1013	1004	2
1019	1022	0
1019	1022	1
1019	1022	2
998	1018	0
998	1018	1
998	1018	2
998	1017	0
998	1017	1
998	1017	2
994	992	0
994	992	1
994	992	2
1006	1030	0
1006	1030	1
1006	1030	2
1012	995	0
1012	995	1
1012	995	2
1002	1022	0
1002	1022	1
1002	1022	2
1029	1019	0
1029	1019	1
1029	1019	2
1012	1021	0
1012	1021	1
1012	1021	2
993	1028	0
993	1028	1
993	1028	2
1001	1020	0
1001	1020	1
1001	1020	2
1009	1019	0
1009	1019	1
1009	1019	2
997	1011	0
997	1011	1
997	1011	2
1016	1015	0
1016	1015	1
1016	1015	2
1023	1018	0
1023	1018	1
1023	1018	2
1008	1012	0
1008	1012	1
1008	1012	2
1028	1001	0
1028	1001	1
1028	1001	2
1030	1014	0
1030	1014	1
1030	1014	2
1029	1022	0
1029	1022	1
1029	1022	2
1003	1007	0
1003	1007	1
1003	1007	2
996	1021	0
996	1021	1
996	1021	2
1027	1033	0
1027	1033	1
1027	1033	2
1015	1009	0
1015	1009	1
1015	1009	2
992	1015	0
992	1015	1
992	1015	2
993	1001	0
993	1001	1
993	1001	2
1035	1038	0
1035	1038	1
1035	1038	2
1039	1010	0
1039	1010	1
1039	1010	2
1021	995	0
1021	995	1
1021	995	2
1015	1002	0
1015	1002	1
1015	1002	2
1033	1037	0
1033	1037	1
1033	1037	2
993	1009	0
993	1009	1
993	1009	2
1016	993	0
1016	993	1
1016	993	2
1001	1029	0
1001	1029	1
1001	1029	2
1009	1024	0
1009	1024	1
1009	1024	2
1024	1031	0
1024	1031	1
1024	1031	2
1029	1009	0
1029	1009	1
1029	1009	2
1004	1008	0
1004	1008	1
1004	1008	2
1002	1019	0
1002	1019	1
1002	1019	2
1002	1024	0
1002	1024	1
1002	1024	2
1024	1022	0
1024	1022	1
1024	1022	2
1028	1002	0
1028	1002	1
1028	1002	2
1001	1019	0
1001	1019	1
1001	1019	2
1007	1014	0
1007	1014	1
1007	1014	2
1014	1008	0
1014	1008	1
1014	1008	2
1040	1041	0
1040	1041	1
1040	1041	2
1042	1043	0
1042	1043	1
1042	1043	2
1044	1045	0
1044	1045	1
1044	1045	2
1045	1046	0
1045	1046	1
1045	1046	2
1047	1048	0
1047	1048	1
1047	1048	2
1049	1050	0
1049	1050	1
1049	1050	2
1051	1052	0
1051	1052	1
1051	1052	2
1053	1054	0
1053	1054	1
1053	1054	2
1054	1055	0
1054	1055	1
1054	1055	2
1056	1050	0
1056	1050	1
1056	1050	2
1057	1058	0
1057	1058	1
1057	1058	2
1059	1042	0
1059	1042	1
1059	1042	2
1060	1061	0
1060	1061	1
1060	1061	2
1062	1053	0
1062	1053	1
1062	1053	2
1062	1056	0
1062	1056	1
1062	1056	2
1056	1053	0
1056	1053	1
1056	1053	2
1063	1044	0
1063	1044	1
1063	1044	2
1047	1064	0
1047	1064	1
1047	1064	2
1065	1063	0
1065	1063	1
1065	1063	2
1047	1066	0
1047	1066	1
1047	1066	2
1042	1060	0
1042	1060	1
1042	1060	2
1067	1040	0
1067	1040	1
1067	1040	2
1059	1060	0
1059	1060	1
1059	1060	2
1055	1068	0
1055	1068	1
1055	1068	2
1043	1065	0
1043	1065	1
1043	1065	2
1045	1069	0
1045	1069	1
1045	1069	2
1070	1071	0
1070	1071	1
1070	1071	2
1057	1068	0
1057	1068	1
1057	1068	2
1042	1070	0
1042	1070	1
1042	1070	2
1069	1046	0
1069	1046	1
1069	1046	2
1047	1046	0
1047	1046	1
1047	1046	2
1072	1059	0
1072	1059	1
1072	1059	2
1055	1057	0
1055	1057	1
1055	1057	2
1072	1060	0
1072	1060	1
1072	1060	2
1073	1067	0
1073	1067	1
1073	1067	2
1074	1061	0
1074	1061	1
1074	1061	2
1069	1048	0
1069	1048	1
1069	1048	2
1075	1062	0
1075	1062	1
1075	1062	2
1061	1071	0
1061	1071	1
1061	1071	2
1076	1072	0
1076	1072	1
1076	1072	2
1051	1072	0
1051	1072	1
1051	1072	2
1061	1065	0
1061	1065	1
1061	1065	2
1074	1043	0
1074	1043	1
1074	1043	2
1053	1050	0
1053	1050	1
1053	1050	2
1071	1063	0
1071	1063	1
1071	1063	2
1054	1057	0
1054	1057	1
1054	1057	2
1045	1047	0
1045	1047	1
1045	1047	2
1046	1066	0
1046	1066	1
1046	1066	2
1070	1063	0
1070	1063	1
1070	1063	2
1061	1070	0
1061	1070	1
1061	1070	2
1043	1070	0
1043	1070	1
1043	1070	2
1050	1055	0
1050	1055	1
1050	1055	2
1049	1054	0
1049	1054	1
1049	1054	2
1055	1058	0
1055	1058	1
1055	1058	2
1052	1072	0
1052	1072	1
1052	1072	2
1070	1065	0
1070	1065	1
1070	1065	2
1069	1047	0
1069	1047	1
1069	1047	2
1059	1061	0
1059	1061	1
1059	1061	2
1071	1044	0
1071	1044	1
1071	1044	2
1060	1070	0
1060	1070	1
1060	1070	2
1067	1041	0
1067	1041	1
1067	1041	2
1068	1073	0
1068	1073	1
1068	1073	2
1065	1071	0
1065	1071	1
1065	1071	2
1054	1058	0
1054	1058	1
1054	1058	2
1045	1048	0
1045	1048	1
1045	1048	2
1074	1070	0
1074	1070	1
1074	1070	2
1048	1064	0
1048	1064	1
1048	1064	2
1064	1066	0
1064	1066	1
1064	1066	2
1050	1057	0
1050	1057	1
1050	1057	2
1049	1053	0
1049	1053	1
1049	1053	2
1048	1046	0
1048	1046	1
1048	1046	2
1051	1076	0
1051	1076	1
1051	1076	2
1054	1050	0
1054	1050	1
1054	1050	2
1046	1064	0
1046	1064	1
1046	1064	2
1043	1061	0
1043	1061	1
1043	1061	2
1072	1042	0
1072	1042	1
1072	1042	2
1062	1049	0
1062	1049	1
1062	1049	2
1058	1068	0
1058	1068	1
1058	1068	2
1076	1052	0
1076	1052	1
1076	1052	2
1060	1074	0
1060	1074	1
1060	1074	2
1065	1044	0
1065	1044	1
1065	1044	2
1050	1058	0
1050	1058	1
1050	1058	2
1077	1078	0
1077	1078	1
1077	1078	2
1079	1080	0
1079	1080	1
1079	1080	2
1081	1082	0
1081	1082	1
1081	1082	2
1083	1084	0
1083	1084	1
1083	1084	2
1079	1085	0
1079	1085	1
1079	1085	2
1086	1087	0
1086	1087	1
1086	1087	2
1088	1089	0
1088	1089	1
1088	1089	2
1083	1088	0
1083	1088	1
1083	1088	2
1090	1091	0
1090	1091	1
1090	1091	2
1086	1092	0
1086	1092	1
1086	1092	2
1080	1083	0
1080	1083	1
1080	1083	2
1083	1093	0
1083	1093	1
1083	1093	2
1094	1095	0
1094	1095	1
1094	1095	2
1096	1097	0
1096	1097	1
1096	1097	2
1098	1091	0
1098	1091	1
1098	1091	2
1078	1099	0
1078	1099	1
1078	1099	2
1100	1101	0
1100	1101	1
1100	1101	2
1102	1082	0
1102	1082	1
1102	1082	2
1103	1081	0
1103	1081	1
1103	1081	2
1080	1104	0
1080	1104	1
1080	1104	2
1105	1083	0
1105	1083	1
1105	1083	2
1106	1100	0
1106	1100	1
1106	1100	2
1107	1108	0
1107	1108	1
1107	1108	2
1108	1109	0
1108	1109	1
1108	1109	2
1085	1093	0
1085	1093	1
1085	1093	2
1110	1086	0
1110	1086	1
1110	1086	2
1090	1103	0
1090	1103	1
1090	1103	2
1097	1086	0
1097	1086	1
1097	1086	2
1111	1112	0
1111	1112	1
1111	1112	2
1088	1113	0
1088	1113	1
1088	1113	2
1114	1095	0
1114	1095	1
1114	1095	2
1115	1105	0
1115	1105	1
1115	1105	2
1110	1097	0
1110	1097	1
1110	1097	2
1107	1102	0
1107	1102	1
1107	1102	2
1116	1090	0
1116	1090	1
1116	1090	2
1113	1089	0
1113	1089	1
1113	1089	2
1104	1089	0
1104	1089	1
1104	1089	2
1116	1108	0
1116	1108	1
1116	1108	2
1091	1081	0
1091	1081	1
1091	1081	2
1117	1090	0
1117	1090	1
1117	1090	2
1090	1108	0
1090	1108	1
1090	1108	2
1084	1113	0
1084	1113	1
1084	1113	2
1118	1119	0
1118	1119	1
1118	1119	2
1120	1106	0
1120	1106	1
1120	1106	2
1114	1121	0
1114	1121	1
1114	1121	2
1122	1111	0
1122	1111	1
1122	1111	2
1098	1103	0
1098	1103	1
1098	1103	2
1100	1123	0
1100	1123	1
1100	1123	2
1124	1112	0
1124	1112	1
1124	1112	2
1125	1114	0
1125	1114	1
1125	1114	2
1105	1085	0
1105	1085	1
1105	1085	2
1091	1103	0
1091	1103	1
1091	1103	2
1126	1078	0
1126	1078	1
1126	1078	2
1113	1110	0
1113	1110	1
1113	1110	2
1113	1096	0
1113	1096	1
1113	1096	2
1112	1127	0
1112	1127	1
1112	1127	2
1115	1080	0
1115	1080	1
1115	1080	2
1128	1116	0
1128	1116	1
1128	1116	2
1084	1093	0
1084	1093	1
1084	1093	2
1129	1130	0
1129	1130	1
1129	1130	2
1080	1088	0
1080	1088	1
1080	1088	2
1102	1109	0
1102	1109	1
1102	1109	2
1096	1087	0
1096	1087	1
1096	1087	2
1105	1084	0
1105	1084	1
1105	1084	2
1078	1094	0
1078	1094	1
1078	1094	2
1131	1096	0
1131	1096	1
1131	1096	2
1132	1133	0
1132	1133	1
1132	1133	2
1094	1114	0
1094	1114	1
1094	1114	2
1134	1117	0
1134	1117	1
1134	1117	2
1126	1099	0
1126	1099	1
1126	1099	2
1118	1123	0
1118	1123	1
1118	1123	2
1122	1133	0
1122	1133	1
1122	1133	2
1135	1092	0
1135	1092	1
1135	1092	2
1097	1092	0
1097	1092	1
1097	1092	2
1125	1078	0
1125	1078	1
1125	1078	2
1080	1105	0
1080	1105	1
1080	1105	2
1128	1098	0
1128	1098	1
1128	1098	2
1111	1133	0
1111	1133	1
1111	1133	2
1092	1120	0
1092	1120	1
1092	1120	2
1104	1113	0
1104	1113	1
1104	1113	2
1111	1127	0
1111	1127	1
1111	1127	2
1112	1132	0
1112	1132	1
1112	1132	2
1136	1137	0
1136	1137	1
1136	1137	2
1082	1129	0
1082	1129	1
1082	1129	2
1138	1101	0
1138	1101	1
1138	1101	2
1126	1077	0
1126	1077	1
1126	1077	2
1134	1090	0
1134	1090	1
1134	1090	2
1134	1091	0
1134	1091	1
1134	1091	2
1079	1083	0
1079	1083	1
1079	1083	2
1089	1110	0
1089	1110	1
1089	1110	2
1100	1118	0
1100	1118	1
1100	1118	2
1125	1099	0
1125	1099	1
1125	1099	2
1124	1133	0
1124	1133	1
1124	1133	2
1098	1090	0
1098	1090	1
1098	1090	2
1103	1102	0
1103	1102	1
1103	1102	2
1103	1109	0
1103	1109	1
1103	1109	2
1119	1139	0
1119	1139	1
1119	1139	2
1091	1102	0
1091	1102	1
1091	1102	2
1085	1084	0
1085	1084	1
1085	1084	2
1080	1085	0
1080	1085	1
1080	1085	2
1124	1132	0
1124	1132	1
1124	1132	2
1117	1107	0
1117	1107	1
1117	1107	2
1089	1131	0
1089	1131	1
1089	1131	2
1098	1107	0
1098	1107	1
1098	1107	2
1121	1136	0
1121	1136	1
1121	1136	2
1097	1087	0
1097	1087	1
1097	1087	2
1079	1084	0
1079	1084	1
1079	1084	2
1105	1088	0
1105	1088	1
1105	1088	2
1124	1111	0
1124	1111	1
1124	1111	2
1086	1135	0
1086	1135	1
1086	1135	2
1082	1130	0
1082	1130	1
1082	1130	2
1094	1121	0
1094	1121	1
1094	1121	2
1127	1128	0
1127	1128	1
1127	1128	2
1134	1098	0
1134	1098	1
1134	1098	2
1098	1108	0
1098	1108	1
1098	1108	2
1133	1127	0
1133	1127	1
1133	1127	2
1091	1108	0
1091	1108	1
1091	1108	2
1080	1084	0
1080	1084	1
1080	1084	2
1113	1131	0
1113	1131	1
1113	1131	2
1102	1081	0
1102	1081	1
1102	1081	2
1128	1090	0
1128	1090	1
1128	1090	2
1106	1138	0
1106	1138	1
1106	1138	2
1110	1096	0
1110	1096	1
1110	1096	2
1124	1122	0
1124	1122	1
1124	1122	2
1117	1103	0
1117	1103	1
1117	1103	2
1111	1132	0
1111	1132	1
1111	1132	2
1116	1107	0
1116	1107	1
1116	1107	2
1080	1093	0
1080	1093	1
1080	1093	2
1132	1127	0
1132	1127	1
1132	1127	2
1093	1089	0
1093	1089	1
1093	1089	2
1138	1123	0
1138	1123	1
1138	1123	2
1117	1108	0
1117	1108	1
1117	1108	2
1093	1131	0
1093	1131	1
1093	1131	2
1097	1135	0
1097	1135	1
1097	1135	2
1135	1120	0
1135	1120	1
1135	1120	2
1099	1114	0
1099	1114	1
1099	1114	2
1115	1083	0
1115	1083	1
1115	1083	2
1112	1133	0
1112	1133	1
1112	1133	2
1104	1131	0
1104	1131	1
1104	1131	2
1139	1126	0
1139	1126	1
1139	1126	2
1084	1089	0
1084	1089	1
1084	1089	2
1088	1084	0
1088	1084	1
1088	1084	2
1116	1103	0
1116	1103	1
1116	1103	2
1101	1118	0
1101	1118	1
1101	1118	2
1122	1132	0
1122	1132	1
1122	1132	2
1123	1119	0
1123	1119	1
1123	1119	2
1085	1104	0
1085	1104	1
1085	1104	2
1136	1140	0
1136	1140	1
1136	1140	2
1090	1107	0
1090	1107	1
1090	1107	2
1117	1098	0
1117	1098	1
1117	1098	2
1134	1108	0
1134	1108	1
1134	1108	2
1107	1081	0
1107	1081	1
1107	1081	2
1089	1096	0
1089	1096	1
1089	1096	2
1116	1098	0
1116	1098	1
1116	1098	2
1095	1121	0
1095	1121	1
1095	1121	2
1137	1140	0
1137	1140	1
1137	1140	2
1093	1113	0
1093	1113	1
1093	1113	2
1139	1077	0
1139	1077	1
1139	1077	2
1122	1112	0
1122	1112	1
1122	1112	2
1084	1131	0
1084	1131	1
1084	1131	2
1101	1123	0
1101	1123	1
1101	1123	2
1110	1087	0
1110	1087	1
1110	1087	2
1079	1088	0
1079	1088	1
1079	1088	2
1105	1093	0
1105	1093	1
1105	1093	2
1077	1125	0
1077	1125	1
1077	1125	2
1141	1142	0
1141	1142	1
1141	1142	2
1143	1144	0
1143	1144	1
1143	1144	2
1145	1146	0
1145	1146	1
1145	1146	2
1144	1147	0
1144	1147	1
1144	1147	2
1146	1148	0
1146	1148	1
1146	1148	2
1142	1149	0
1142	1149	1
1142	1149	2
1145	1150	0
1145	1150	1
1145	1150	2
1150	1143	0
1150	1143	1
1150	1143	2
1151	1152	0
1151	1152	1
1151	1152	2
1153	1154	0
1153	1154	1
1153	1154	2
1155	1147	0
1155	1147	1
1155	1147	2
1148	1144	0
1148	1144	1
1148	1144	2
1150	1146	0
1150	1146	1
1150	1146	2
1144	1155	0
1144	1155	1
1144	1155	2
1153	1147	0
1153	1147	1
1153	1147	2
1156	1152	0
1156	1152	1
1156	1152	2
1157	1150	0
1157	1150	1
1157	1150	2
1144	1154	0
1144	1154	1
1144	1154	2
1155	1154	0
1155	1154	1
1155	1154	2
1151	1156	0
1151	1156	1
1151	1156	2
1147	1154	0
1147	1154	1
1147	1154	2
1158	1143	0
1158	1143	1
1158	1143	2
1150	1158	0
1150	1158	1
1150	1158	2
1158	1148	0
1158	1148	1
1158	1148	2
1146	1143	0
1146	1143	1
1146	1143	2
1157	1158	0
1157	1158	1
1157	1158	2
1143	1155	0
1143	1155	1
1143	1155	2
1143	1153	0
1143	1153	1
1143	1153	2
1148	1153	0
1148	1153	1
1148	1153	2
1148	1155	0
1148	1155	1
1148	1155	2
1159	1160	0
1159	1160	1
1159	1160	2
1161	1162	0
1161	1162	1
1161	1162	2
1163	1164	0
1163	1164	1
1163	1164	2
1165	1166	0
1165	1166	1
1165	1166	2
1167	1166	0
1167	1166	1
1167	1166	2
1168	1169	0
1168	1169	1
1168	1169	2
1170	1171	0
1170	1171	1
1170	1171	2
1172	1159	0
1172	1159	1
1172	1159	2
1173	1164	0
1173	1164	1
1173	1164	2
1172	1174	0
1172	1174	1
1172	1174	2
1175	1170	0
1175	1170	1
1175	1170	2
1161	1174	0
1161	1174	1
1161	1174	2
1176	1165	0
1176	1165	1
1176	1165	2
1177	1178	0
1177	1178	1
1177	1178	2
1174	1159	0
1174	1159	1
1174	1159	2
1163	1167	0
1163	1167	1
1163	1167	2
1160	1177	0
1160	1177	1
1160	1177	2
1166	1173	0
1166	1173	1
1166	1173	2
1159	1177	0
1159	1177	1
1159	1177	2
1172	1162	0
1172	1162	1
1172	1162	2
1167	1173	0
1167	1173	1
1167	1173	2
1175	1171	0
1175	1171	1
1175	1171	2
1165	1173	0
1165	1173	1
1165	1173	2
1166	1164	0
1166	1164	1
1166	1164	2
1163	1173	0
1163	1173	1
1163	1173	2
1167	1164	0
1167	1164	1
1167	1164	2
1161	1160	0
1161	1160	1
1161	1160	2
1176	1163	0
1176	1163	1
1176	1163	2
1161	1172	0
1161	1172	1
1161	1172	2
1176	1167	0
1176	1167	1
1176	1167	2
1159	1162	0
1159	1162	1
1159	1162	2
1165	1167	0
1165	1167	1
1165	1167	2
1174	1160	0
1174	1160	1
1174	1160	2
1171	1168	0
1171	1168	1
1171	1168	2
1160	1162	0
1160	1162	1
1160	1162	2
1179	1180	0
1179	1180	1
1179	1180	2
1181	1182	0
1181	1182	1
1181	1182	2
1179	1183	0
1179	1183	1
1179	1183	2
1184	1185	0
1184	1185	1
1184	1185	2
1186	1187	0
1186	1187	1
1186	1187	2
1188	1189	0
1188	1189	1
1188	1189	2
1190	1179	0
1190	1179	1
1190	1179	2
1191	1180	0
1191	1180	1
1191	1180	2
1192	1193	0
1192	1193	1
1192	1193	2
1187	1194	0
1187	1194	1
1187	1194	2
1195	1193	0
1195	1193	1
1195	1193	2
1196	1197	0
1196	1197	1
1196	1197	2
1186	1198	0
1186	1198	1
1186	1198	2
1199	1192	0
1199	1192	1
1199	1192	2
1197	1181	0
1197	1181	1
1197	1181	2
1200	1196	0
1200	1196	1
1200	1196	2
1201	1196	0
1201	1196	1
1201	1196	2
1190	1202	0
1190	1202	1
1190	1202	2
1179	1202	0
1179	1202	1
1179	1202	2
1197	1203	0
1197	1203	1
1197	1203	2
1192	1188	0
1192	1188	1
1192	1188	2
1197	1182	0
1197	1182	1
1197	1182	2
1193	1189	0
1193	1189	1
1193	1189	2
1194	1198	0
1194	1198	1
1194	1198	2
1183	1186	0
1183	1186	1
1183	1186	2
1187	1198	0
1187	1198	1
1187	1198	2
1204	1187	0
1204	1187	1
1204	1187	2
1191	1179	0
1191	1179	1
1191	1179	2
1180	1183	0
1180	1183	1
1180	1183	2
1183	1194	0
1183	1194	1
1183	1194	2
1205	1206	0
1205	1206	1
1205	1206	2
1181	1203	0
1181	1203	1
1181	1203	2
1193	1188	0
1193	1188	1
1193	1188	2
1200	1201	0
1200	1201	1
1200	1201	2
1181	1184	0
1181	1184	1
1181	1184	2
1199	1193	0
1199	1193	1
1199	1193	2
1190	1180	0
1190	1180	1
1190	1180	2
1207	1208	0
1207	1208	1
1207	1208	2
1191	1202	0
1191	1202	1
1191	1202	2
1179	1204	0
1179	1204	1
1179	1204	2
1184	1207	0
1184	1207	1
1184	1207	2
1209	1180	0
1209	1180	1
1209	1180	2
1208	1210	0
1208	1210	1
1208	1210	2
1207	1185	0
1207	1185	1
1207	1185	2
1202	1204	0
1202	1204	1
1202	1204	2
1211	1189	0
1211	1189	1
1211	1189	2
1185	1210	0
1185	1210	1
1185	1210	2
1191	1190	0
1191	1190	1
1191	1190	2
1200	1197	0
1200	1197	1
1200	1197	2
1199	1195	0
1199	1195	1
1199	1195	2
1185	1208	0
1185	1208	1
1185	1208	2
1202	1183	0
1202	1183	1
1202	1183	2
1182	1203	0
1182	1203	1
1182	1203	2
1195	1188	0
1195	1188	1
1195	1188	2
1203	1184	0
1203	1184	1
1203	1184	2
1195	1192	0
1195	1192	1
1195	1192	2
1186	1194	0
1186	1194	1
1186	1194	2
1180	1204	0
1180	1204	1
1180	1204	2
1204	1183	0
1204	1183	1
1204	1183	2
1201	1197	0
1201	1197	1
1201	1197	2
1209	1190	0
1209	1190	1
1209	1190	2
1207	1210	0
1207	1210	1
1207	1210	2
1212	1213	0
1212	1213	1
1212	1213	2
1214	1215	0
1214	1215	1
1214	1215	2
1216	1217	0
1216	1217	1
1216	1217	2
1218	1219	0
1218	1219	1
1218	1219	2
1218	1220	0
1218	1220	1
1218	1220	2
1221	1222	0
1221	1222	1
1221	1222	2
1223	1217	0
1223	1217	1
1223	1217	2
1224	1225	0
1224	1225	1
1224	1225	2
1223	1226	0
1223	1226	1
1223	1226	2
1226	1224	0
1226	1224	1
1226	1224	2
1225	1227	0
1225	1227	1
1225	1227	2
1215	1228	0
1215	1228	1
1215	1228	2
1226	1225	0
1226	1225	1
1226	1225	2
1229	1218	0
1229	1218	1
1229	1218	2
1230	1231	0
1230	1231	1
1230	1231	2
1220	1232	0
1220	1232	1
1220	1232	2
1217	1225	0
1217	1225	1
1217	1225	2
1221	1233	0
1221	1233	1
1221	1233	2
1234	1235	0
1234	1235	1
1234	1235	2
1233	1222	0
1233	1222	1
1233	1222	2
1217	1224	0
1217	1224	1
1217	1224	2
1230	1227	0
1230	1227	1
1230	1227	2
1232	1222	0
1232	1222	1
1232	1222	2
1222	1214	0
1222	1214	1
1222	1214	2
1224	1231	0
1224	1231	1
1224	1231	2
1224	1230	0
1224	1230	1
1224	1230	2
1219	1233	0
1219	1233	1
1219	1233	2
1236	1217	0
1236	1217	1
1236	1217	2
1234	1213	0
1234	1213	1
1234	1213	2
1223	1216	0
1223	1216	1
1223	1216	2
1237	1229	0
1237	1229	1
1237	1229	2
1225	1230	0
1225	1230	1
1225	1230	2
1232	1233	0
1232	1233	1
1232	1233	2
1238	1234	0
1238	1234	1
1238	1234	2
1219	1221	0
1219	1221	1
1219	1221	2
1219	1220	0
1219	1220	1
1219	1220	2
1233	1214	0
1233	1214	1
1233	1214	2
1239	1212	0
1239	1212	1
1239	1212	2
1224	1227	0
1224	1227	1
1224	1227	2
1218	1221	0
1218	1221	1
1218	1221	2
1234	1212	0
1234	1212	1
1234	1212	2
1234	1239	0
1234	1239	1
1234	1239	2
1237	1218	0
1237	1218	1
1237	1218	2
1236	1226	0
1236	1226	1
1236	1226	2
1238	1239	0
1238	1239	1
1238	1239	2
1240	1216	0
1240	1216	1
1240	1216	2
1220	1233	0
1220	1233	1
1220	1233	2
1238	1213	0
1238	1213	1
1238	1213	2
1236	1224	0
1236	1224	1
1236	1224	2
1238	1235	0
1238	1235	1
1238	1235	2
1226	1217	0
1226	1217	1
1226	1217	2
1220	1221	0
1220	1221	1
1220	1221	2
1219	1222	0
1219	1222	1
1219	1222	2
1228	1240	0
1228	1240	1
1228	1240	2
1236	1225	0
1236	1225	1
1236	1225	2
1216	1236	0
1216	1236	1
1216	1236	2
1227	1231	0
1227	1231	1
1227	1231	2
1240	1223	0
1240	1223	1
1240	1223	2
1241	1242	0
1241	1242	1
1241	1242	2
1243	1244	0
1243	1244	1
1243	1244	2
1242	1245	0
1242	1245	1
1242	1245	2
1246	1247	0
1246	1247	1
1246	1247	2
1248	1247	0
1248	1247	1
1248	1247	2
1249	1250	0
1249	1250	1
1249	1250	2
1247	1243	0
1247	1243	1
1247	1243	2
1251	1252	0
1251	1252	1
1251	1252	2
1252	1253	0
1252	1253	1
1252	1253	2
1254	1246	0
1254	1246	1
1254	1246	2
1248	1254	0
1248	1254	1
1248	1254	2
1248	1246	0
1248	1246	1
1248	1246	2
1255	1253	0
1255	1253	1
1255	1253	2
1256	1244	0
1256	1244	1
1256	1244	2
1243	1256	0
1243	1256	1
1243	1256	2
1257	1250	0
1257	1250	1
1257	1250	2
1257	1249	0
1257	1249	1
1257	1249	2
1254	1247	0
1254	1247	1
1254	1247	2
1258	1255	0
1258	1255	1
1258	1255	2
1241	1245	0
1241	1245	1
1241	1245	2
1259	1256	0
1259	1256	1
1259	1256	2
1247	1259	0
1247	1259	1
1247	1259	2
1252	1255	0
1252	1255	1
1252	1255	2
1252	1258	0
1252	1258	1
1252	1258	2
1258	1253	0
1258	1253	1
1258	1253	2
1257	1260	0
1257	1260	1
1257	1260	2
1243	1259	0
1243	1259	1
1243	1259	2
1259	1244	0
1259	1244	1
1259	1244	2
1253	1260	0
1253	1260	1
1253	1260	2
1260	1249	0
1260	1249	1
1260	1249	2
1260	1250	0
1260	1250	1
1260	1250	2
1250	1242	0
1250	1242	1
1250	1242	2
1250	1241	0
1250	1241	1
1250	1241	2
1251	1255	0
1251	1255	1
1251	1255	2
1261	1262	0
1261	1262	1
1261	1262	2
1263	1264	0
1263	1264	1
1263	1264	2
1265	1266	0
1265	1266	1
1265	1266	2
1267	1268	0
1267	1268	1
1267	1268	2
1269	1270	0
1269	1270	1
1269	1270	2
1267	1271	0
1267	1271	1
1267	1271	2
1272	1273	0
1272	1273	1
1272	1273	2
1263	1274	0
1263	1274	1
1263	1274	2
1269	1275	0
1269	1275	1
1269	1275	2
1276	1273	0
1276	1273	1
1276	1273	2
1277	1278	0
1277	1278	1
1277	1278	2
1269	1279	0
1269	1279	1
1269	1279	2
1280	1270	0
1280	1270	1
1280	1270	2
1261	1281	0
1261	1281	1
1261	1281	2
1270	1275	0
1270	1275	1
1270	1275	2
1280	1275	0
1280	1275	1
1280	1275	2
1279	1275	0
1279	1275	1
1279	1275	2
1278	1269	0
1278	1269	1
1278	1269	2
1282	1265	0
1282	1265	1
1282	1265	2
1283	1284	0
1283	1284	1
1283	1284	2
1278	1279	0
1278	1279	1
1278	1279	2
1285	1286	0
1285	1286	1
1285	1286	2
1274	1277	0
1274	1277	1
1274	1277	2
1280	1279	0
1280	1279	1
1280	1279	2
1287	1267	0
1287	1267	1
1287	1267	2
1288	1267	0
1288	1267	1
1288	1267	2
1287	1288	0
1287	1288	1
1287	1288	2
1289	1287	0
1289	1287	1
1289	1287	2
1281	1276	0
1281	1276	1
1281	1276	2
1264	1274	0
1264	1274	1
1264	1274	2
1281	1290	0
1281	1290	1
1281	1290	2
1284	1262	0
1284	1262	1
1284	1262	2
1275	1291	0
1275	1291	1
1275	1291	2
1290	1273	0
1290	1273	1
1290	1273	2
1289	1267	0
1289	1267	1
1289	1267	2
1280	1292	0
1280	1292	1
1280	1292	2
1275	1292	0
1275	1292	1
1275	1292	2
1262	1281	0
1262	1281	1
1262	1281	2
1285	1282	0
1285	1282	1
1285	1282	2
1286	1282	0
1286	1282	1
1286	1282	2
1286	1265	0
1286	1265	1
1286	1265	2
1292	1283	0
1292	1283	1
1292	1283	2
1270	1283	0
1270	1283	1
1270	1283	2
1270	1291	0
1270	1291	1
1270	1291	2
1272	1276	0
1272	1276	1
1272	1276	2
1271	1268	0
1271	1268	1
1271	1268	2
1293	1264	0
1293	1264	1
1293	1264	2
1284	1261	0
1284	1261	1
1284	1261	2
1291	1283	0
1291	1283	1
1291	1283	2
1293	1274	0
1293	1274	1
1293	1274	2
1279	1270	0
1279	1270	1
1279	1270	2
1293	1263	0
1293	1263	1
1293	1263	2
1279	1292	0
1279	1292	1
1279	1292	2
1280	1291	0
1280	1291	1
1280	1291	2
1269	1292	0
1269	1292	1
1269	1292	2
1275	1283	0
1275	1283	1
1275	1283	2
1285	1265	0
1285	1265	1
1285	1265	2
1270	1292	0
1270	1292	1
1270	1292	2
1282	1266	0
1282	1266	1
1282	1266	2
1279	1291	0
1279	1291	1
1279	1291	2
1264	1277	0
1264	1277	1
1264	1277	2
1281	1272	0
1281	1272	1
1281	1272	2
1291	1292	0
1291	1292	1
1291	1292	2
1294	1295	0
1294	1295	1
1294	1295	2
1296	1297	0
1296	1297	1
1296	1297	2
1298	1299	0
1298	1299	1
1298	1299	2
1300	1301	0
1300	1301	1
1300	1301	2
1302	1303	0
1302	1303	1
1302	1303	2
1304	1296	0
1304	1296	1
1304	1296	2
1300	1305	0
1300	1305	1
1300	1305	2
1301	1306	0
1301	1306	1
1301	1306	2
1307	1308	0
1307	1308	1
1307	1308	2
1309	1307	0
1309	1307	1
1309	1307	2
1310	1311	0
1310	1311	1
1310	1311	2
1312	1313	0
1312	1313	1
1312	1313	2
1304	1297	0
1304	1297	1
1304	1297	2
1314	1295	0
1314	1295	1
1314	1295	2
1315	1316	0
1315	1316	1
1315	1316	2
1317	1301	0
1317	1301	1
1317	1301	2
1318	1319	0
1318	1319	1
1318	1319	2
1309	1308	0
1309	1308	1
1309	1308	2
1320	1302	0
1320	1302	1
1320	1302	2
1321	1310	0
1321	1310	1
1321	1310	2
1322	1323	0
1322	1323	1
1322	1323	2
1324	1325	0
1324	1325	1
1324	1325	2
1326	1327	0
1326	1327	1
1326	1327	2
1323	1328	0
1323	1328	1
1323	1328	2
1329	1302	0
1329	1302	1
1329	1302	2
1311	1330	0
1311	1330	1
1311	1330	2
1331	1330	0
1331	1330	1
1331	1330	2
1328	1332	0
1328	1332	1
1328	1332	2
1333	1334	0
1333	1334	1
1333	1334	2
1325	1335	0
1325	1335	1
1325	1335	2
1336	1326	0
1336	1326	1
1336	1326	2
1296	1335	0
1296	1335	1
1296	1335	2
1337	1338	0
1337	1338	1
1337	1338	2
1298	1338	0
1298	1338	1
1298	1338	2
1339	1340	0
1339	1340	1
1339	1340	2
1307	1341	0
1307	1341	1
1307	1341	2
1310	1342	0
1310	1342	1
1310	1342	2
1317	1343	0
1317	1343	1
1317	1343	2
1316	1333	0
1316	1333	1
1316	1333	2
1342	1344	0
1342	1344	1
1342	1344	2
1345	1303	0
1345	1303	1
1345	1303	2
1338	1299	0
1338	1299	1
1338	1299	2
1346	1347	0
1346	1347	1
1346	1347	2
1348	1349	0
1348	1349	1
1348	1349	2
1304	1325	0
1304	1325	1
1304	1325	2
1350	1322	0
1350	1322	1
1350	1322	2
1351	1320	0
1351	1320	1
1351	1320	2
1309	1341	0
1309	1341	1
1309	1341	2
1346	1294	0
1346	1294	1
1346	1294	2
1352	1305	0
1352	1305	1
1352	1305	2
1342	1331	0
1342	1331	1
1342	1331	2
1342	1311	0
1342	1311	1
1342	1311	2
1321	1342	0
1321	1342	1
1321	1342	2
1297	1335	0
1297	1335	1
1297	1335	2
1353	1354	0
1353	1354	1
1353	1354	2
1321	1311	0
1321	1311	1
1321	1311	2
1355	1352	0
1355	1352	1
1355	1352	2
1352	1300	0
1352	1300	1
1352	1300	2
1356	1314	0
1356	1314	1
1356	1314	2
1345	1357	0
1345	1357	1
1345	1357	2
1317	1300	0
1317	1300	1
1317	1300	2
1319	1317	0
1319	1317	1
1319	1317	2
1358	1348	0
1358	1348	1
1358	1348	2
1352	1317	0
1352	1317	1
1352	1317	2
1332	1298	0
1332	1298	1
1332	1298	2
1339	1313	0
1339	1313	1
1339	1313	2
1319	1300	0
1319	1300	1
1319	1300	2
1304	1335	0
1304	1335	1
1304	1335	2
1356	1346	0
1356	1346	1
1356	1346	2
1349	1294	0
1349	1294	1
1349	1294	2
1349	1314	0
1349	1314	1
1349	1314	2
1359	1360	0
1359	1360	1
1359	1360	2
1330	1344	0
1330	1344	1
1330	1344	2
1332	1338	0
1332	1338	1
1332	1338	2
1319	1305	0
1319	1305	1
1319	1305	2
1361	1324	0
1361	1324	1
1361	1324	2
1351	1329	0
1351	1329	1
1351	1329	2
1336	1361	0
1336	1361	1
1336	1361	2
1317	1306	0
1317	1306	1
1317	1306	2
1355	1318	0
1355	1318	1
1355	1318	2
1343	1300	0
1343	1300	1
1343	1300	2
1318	1352	0
1318	1352	1
1318	1352	2
1313	1340	0
1313	1340	1
1313	1340	2
1317	1305	0
1317	1305	1
1317	1305	2
1362	1363	0
1362	1363	1
1362	1363	2
1312	1339	0
1312	1339	1
1312	1339	2
1333	1353	0
1333	1353	1
1333	1353	2
1325	1297	0
1325	1297	1
1325	1297	2
1330	1362	0
1330	1362	1
1330	1362	2
1312	1340	0
1312	1340	1
1312	1340	2
1341	1312	0
1341	1312	1
1341	1312	2
1334	1354	0
1334	1354	1
1334	1354	2
1343	1306	0
1343	1306	1
1343	1306	2
1324	1304	0
1324	1304	1
1324	1304	2
1349	1346	0
1349	1346	1
1349	1346	2
1310	1331	0
1310	1331	1
1310	1331	2
1352	1343	0
1352	1343	1
1352	1343	2
1300	1306	0
1300	1306	1
1300	1306	2
1347	1295	0
1347	1295	1
1347	1295	2
1346	1314	0
1346	1314	1
1346	1314	2
1336	1324	0
1336	1324	1
1336	1324	2
1302	1345	0
1302	1345	1
1302	1345	2
1303	1357	0
1303	1357	1
1303	1357	2
1363	1359	0
1363	1359	1
1363	1359	2
1360	1350	0
1360	1350	1
1360	1350	2
1324	1296	0
1324	1296	1
1324	1296	2
1333	1354	0
1333	1354	1
1333	1354	2
1299	1320	0
1299	1320	1
1299	1320	2
1346	1295	0
1346	1295	1
1346	1295	2
1343	1301	0
1343	1301	1
1343	1301	2
1332	1337	0
1332	1337	1
1332	1337	2
1295	1315	0
1295	1315	1
1295	1315	2
1294	1347	0
1294	1347	1
1294	1347	2
1323	1332	0
1323	1332	1
1323	1332	2
1314	1347	0
1314	1347	1
1314	1347	2
1322	1328	0
1322	1328	1
1322	1328	2
1341	1308	0
1341	1308	1
1341	1308	2
1344	1362	0
1344	1362	1
1344	1362	2
1356	1349	0
1356	1349	1
1356	1349	2
1327	1324	0
1327	1324	1
1327	1324	2
1336	1327	0
1336	1327	1
1336	1327	2
1364	1365	0
1364	1365	1
1364	1365	2
1366	1367	0
1366	1367	1
1366	1367	2
1368	1369	0
1368	1369	1
1368	1369	2
1370	1371	0
1370	1371	1
1370	1371	2
1372	1371	0
1372	1371	1
1372	1371	2
1373	1374	0
1373	1374	1
1373	1374	2
1375	1373	0
1375	1373	1
1375	1373	2
1376	1377	0
1376	1377	1
1376	1377	2
1378	1376	0
1378	1376	1
1378	1376	2
1379	1380	0
1379	1380	1
1379	1380	2
1373	1370	0
1373	1370	1
1373	1370	2
1376	1381	0
1376	1381	1
1376	1381	2
1374	1382	0
1374	1382	1
1374	1382	2
1383	1384	0
1383	1384	1
1383	1384	2
1385	1386	0
1385	1386	1
1385	1386	2
1387	1388	0
1387	1388	1
1387	1388	2
1389	1390	0
1389	1390	1
1389	1390	2
1373	1382	0
1373	1382	1
1373	1382	2
1372	1382	0
1372	1382	1
1372	1382	2
1383	1391	0
1383	1391	1
1383	1391	2
1375	1392	0
1375	1392	1
1375	1392	2
1370	1374	0
1370	1374	1
1370	1374	2
1364	1393	0
1364	1393	1
1364	1393	2
1394	1376	0
1394	1376	1
1394	1376	2
1377	1381	0
1377	1381	1
1377	1381	2
1391	1380	0
1391	1380	1
1391	1380	2
1395	1396	0
1395	1396	1
1395	1396	2
1387	1384	0
1387	1384	1
1387	1384	2
1371	1374	0
1371	1374	1
1371	1374	2
1372	1374	0
1372	1374	1
1372	1374	2
1397	1384	0
1397	1384	1
1397	1384	2
1364	1381	0
1364	1381	1
1364	1381	2
1397	1383	0
1397	1383	1
1397	1383	2
1370	1382	0
1370	1382	1
1370	1382	2
1387	1379	0
1387	1379	1
1387	1379	2
1398	1399	0
1398	1399	1
1398	1399	2
1381	1365	0
1381	1365	1
1381	1365	2
1377	1365	0
1377	1365	1
1377	1365	2
1386	1368	0
1386	1368	1
1386	1368	2
1397	1388	0
1397	1388	1
1397	1388	2
1400	1386	0
1400	1386	1
1400	1386	2
1369	1401	0
1369	1401	1
1369	1401	2
1367	1386	0
1367	1386	1
1367	1386	2
1370	1402	0
1370	1402	1
1370	1402	2
1403	1369	0
1403	1369	1
1403	1369	2
1400	1403	0
1400	1403	1
1400	1403	2
1384	1380	0
1384	1380	1
1384	1380	2
1371	1402	0
1371	1402	1
1371	1402	2
1376	1364	0
1376	1364	1
1376	1364	2
1365	1393	0
1365	1393	1
1365	1393	2
1385	1367	0
1385	1367	1
1385	1367	2
1388	1380	0
1388	1380	1
1388	1380	2
1374	1402	0
1374	1402	1
1374	1402	2
1383	1387	0
1383	1387	1
1383	1387	2
1383	1388	0
1383	1388	1
1383	1388	2
1387	1391	0
1387	1391	1
1387	1391	2
1373	1371	0
1373	1371	1
1373	1371	2
1402	1382	0
1402	1382	1
1402	1382	2
1391	1379	0
1391	1379	1
1391	1379	2
1392	1373	0
1392	1373	1
1392	1373	2
1396	1366	0
1396	1366	1
1396	1366	2
1380	1392	0
1380	1392	1
1380	1392	2
1372	1373	0
1372	1373	1
1372	1373	2
1386	1403	0
1386	1403	1
1386	1403	2
1375	1372	0
1375	1372	1
1375	1372	2
1391	1384	0
1391	1384	1
1391	1384	2
1371	1382	0
1371	1382	1
1371	1382	2
1399	1395	0
1399	1395	1
1399	1395	2
1403	1368	0
1403	1368	1
1403	1368	2
1397	1391	0
1397	1391	1
1397	1391	2
1377	1393	0
1377	1393	1
1377	1393	2
1364	1377	0
1364	1377	1
1364	1377	2
1385	1400	0
1385	1400	1
1385	1400	2
1380	1375	0
1380	1375	1
1380	1375	2
1397	1387	0
1397	1387	1
1397	1387	2
1372	1370	0
1372	1370	1
1372	1370	2
1367	1400	0
1367	1400	1
1367	1400	2
1397	1379	0
1397	1379	1
1397	1379	2
1392	1370	0
1392	1370	1
1392	1370	2
1372	1402	0
1372	1402	1
1372	1402	2
1384	1388	0
1384	1388	1
1384	1388	2
1404	1405	0
1404	1405	1
1404	1405	2
1404	1406	0
1404	1406	1
1404	1406	2
1407	1408	0
1407	1408	1
1407	1408	2
1409	1410	0
1409	1410	1
1409	1410	2
1411	1412	0
1411	1412	1
1411	1412	2
1413	1414	0
1413	1414	1
1413	1414	2
1412	1415	0
1412	1415	1
1412	1415	2
1413	1410	0
1413	1410	1
1413	1410	2
1416	1417	0
1416	1417	1
1416	1417	2
1418	1419	0
1418	1419	1
1418	1419	2
1420	1407	0
1420	1407	1
1420	1407	2
1421	1422	0
1421	1422	1
1421	1422	2
1405	1423	0
1405	1423	1
1405	1423	2
1414	1406	0
1414	1406	1
1414	1406	2
1409	1404	0
1409	1404	1
1409	1404	2
1414	1404	0
1414	1404	1
1414	1404	2
1424	1425	0
1424	1425	1
1424	1425	2
1426	1427	0
1426	1427	1
1426	1427	2
1428	1419	0
1428	1419	1
1428	1419	2
1429	1426	0
1429	1426	1
1429	1426	2
1412	1428	0
1412	1428	1
1412	1428	2
1430	1431	0
1430	1431	1
1430	1431	2
1423	1432	0
1423	1432	1
1423	1432	2
1416	1433	0
1416	1433	1
1416	1433	2
1412	1419	0
1412	1419	1
1412	1419	2
1418	1428	0
1418	1428	1
1418	1428	2
1432	1421	0
1432	1421	1
1432	1421	2
1421	1426	0
1421	1426	1
1421	1426	2
1423	1421	0
1423	1421	1
1423	1421	2
1434	1435	0
1434	1435	1
1434	1435	2
1421	1436	0
1421	1436	1
1421	1436	2
1414	1405	0
1414	1405	1
1414	1405	2
1434	1430	0
1434	1430	1
1434	1430	2
1411	1415	0
1411	1415	1
1411	1415	2
1437	1420	0
1437	1420	1
1437	1420	2
1418	1415	0
1418	1415	1
1418	1415	2
1432	1438	0
1432	1438	1
1432	1438	2
1439	1420	0
1439	1420	1
1439	1420	2
1415	1419	0
1415	1419	1
1415	1419	2
1424	1408	0
1424	1408	1
1424	1408	2
1410	1404	0
1410	1404	1
1410	1404	2
1431	1439	0
1431	1439	1
1431	1439	2
1438	1429	0
1438	1429	1
1438	1429	2
1407	1425	0
1407	1425	1
1407	1425	2
1422	1426	0
1422	1426	1
1422	1426	2
1411	1418	0
1411	1418	1
1411	1418	2
1436	1438	0
1436	1438	1
1436	1438	2
1433	1411	0
1433	1411	1
1433	1411	2
1420	1424	0
1420	1424	1
1420	1424	2
1430	1435	0
1430	1435	1
1430	1435	2
1438	1427	0
1438	1427	1
1438	1427	2
1433	1417	0
1433	1417	1
1433	1417	2
1435	1431	0
1435	1431	1
1435	1431	2
1427	1416	0
1427	1416	1
1427	1416	2
1432	1429	0
1432	1429	1
1432	1429	2
1436	1426	0
1436	1426	1
1436	1426	2
1406	1423	0
1406	1423	1
1406	1423	2
1407	1424	0
1407	1424	1
1407	1424	2
1413	1404	0
1413	1404	1
1413	1404	2
1436	1427	0
1436	1427	1
1436	1427	2
1436	1429	0
1436	1429	1
1436	1429	2
1431	1437	0
1431	1437	1
1431	1437	2
1432	1436	0
1432	1436	1
1432	1436	2
1425	1408	0
1425	1408	1
1425	1408	2
1422	1436	0
1422	1436	1
1422	1436	2
1438	1426	0
1438	1426	1
1438	1426	2
1434	1431	0
1434	1431	1
1434	1431	2
1413	1409	0
1413	1409	1
1413	1409	2
1417	1411	0
1417	1411	1
1417	1411	2
1423	1422	0
1423	1422	1
1423	1422	2
1440	1441	0
1440	1441	1
1440	1441	2
1442	1443	0
1442	1443	1
1442	1443	2
1444	1445	0
1444	1445	1
1444	1445	2
1446	1447	0
1446	1447	1
1446	1447	2
1448	1447	0
1448	1447	1
1448	1447	2
1449	1450	0
1449	1450	1
1449	1450	2
1451	1452	0
1451	1452	1
1451	1452	2
1453	1444	0
1453	1444	1
1453	1444	2
1454	1444	0
1454	1444	1
1454	1444	2
1451	1443	0
1451	1443	1
1451	1443	2
1444	1441	0
1444	1441	1
1444	1441	2
1450	1455	0
1450	1455	1
1450	1455	2
1456	1443	0
1456	1443	1
1456	1443	2
1440	1457	0
1440	1457	1
1440	1457	2
1444	1457	0
1444	1457	1
1444	1457	2
1450	1458	0
1450	1458	1
1450	1458	2
1458	1455	0
1458	1455	1
1458	1455	2
1443	1459	0
1443	1459	1
1443	1459	2
1460	1461	0
1460	1461	1
1460	1461	2
1461	1447	0
1461	1447	1
1461	1447	2
1448	1461	0
1448	1461	1
1448	1461	2
1462	1449	0
1462	1449	1
1462	1449	2
1446	1448	0
1446	1448	1
1446	1448	2
1460	1463	0
1460	1463	1
1460	1463	2
1444	1464	0
1444	1464	1
1444	1464	2
1453	1457	0
1453	1457	1
1453	1457	2
1447	1454	0
1447	1454	1
1447	1454	2
1452	1443	0
1452	1443	1
1452	1443	2
1465	1466	0
1465	1466	1
1465	1466	2
1463	1461	0
1463	1461	1
1463	1461	2
1442	1459	0
1442	1459	1
1442	1459	2
1455	1452	0
1455	1452	1
1455	1452	2
1446	1461	0
1446	1461	1
1446	1461	2
1459	1460	0
1459	1460	1
1459	1460	2
1450	1456	0
1450	1456	1
1450	1456	2
1466	1452	0
1466	1452	1
1466	1452	2
1467	1452	0
1467	1452	1
1467	1452	2
1458	1451	0
1458	1451	1
1458	1451	2
1467	1451	0
1467	1451	1
1467	1451	2
1465	1467	0
1465	1467	1
1465	1467	2
1449	1465	0
1449	1465	1
1449	1465	2
1450	1467	0
1450	1467	1
1450	1467	2
1448	1463	0
1448	1463	1
1448	1463	2
1466	1451	0
1466	1451	1
1466	1451	2
1447	1453	0
1447	1453	1
1447	1453	2
1455	1442	0
1455	1442	1
1455	1442	2
1454	1457	0
1454	1457	1
1454	1457	2
1460	1468	0
1460	1468	1
1460	1468	2
1466	1467	0
1466	1467	1
1466	1467	2
1468	1461	0
1468	1461	1
1468	1461	2
1459	1468	0
1459	1468	1
1459	1468	2
1456	1451	0
1456	1451	1
1456	1451	2
1441	1469	0
1441	1469	1
1441	1469	2
1449	1466	0
1449	1466	1
1449	1466	2
1465	1450	0
1465	1450	1
1465	1450	2
1466	1458	0
1466	1458	1
1466	1458	2
1440	1464	0
1440	1464	1
1440	1464	2
1453	1440	0
1453	1440	1
1453	1440	2
1445	1441	0
1445	1441	1
1445	1441	2
1468	1446	0
1468	1446	1
1468	1446	2
1462	1465	0
1462	1465	1
1462	1465	2
1440	1444	0
1440	1444	1
1440	1444	2
1454	1453	0
1454	1453	1
1454	1453	2
1456	1455	0
1456	1455	1
1456	1455	2
1458	1452	0
1458	1452	1
1458	1452	2
1455	1443	0
1455	1443	1
1455	1443	2
1457	1464	0
1457	1464	1
1457	1464	2
1456	1442	0
1456	1442	1
1456	1442	2
1450	1452	0
1450	1452	1
1450	1452	2
1467	1455	0
1467	1455	1
1467	1455	2
1463	1447	0
1463	1447	1
1463	1447	2
1445	1464	0
1445	1464	1
1445	1464	2
1452	1442	0
1452	1442	1
1452	1442	2
1440	1445	0
1440	1445	1
1440	1445	2
1468	1448	0
1468	1448	1
1468	1448	2
1468	1463	0
1468	1463	1
1468	1463	2
1446	1463	0
1446	1463	1
1446	1463	2
1457	1441	0
1457	1441	1
1457	1441	2
1460	1448	0
1460	1448	1
1460	1448	2
1458	1456	0
1458	1456	1
1458	1456	2
1451	1442	0
1451	1442	1
1451	1442	2
1470	1471	0
1470	1471	1
1470	1471	2
1472	1473	0
1472	1473	1
1472	1473	2
1474	1475	0
1474	1475	1
1474	1475	2
1476	1477	0
1476	1477	1
1476	1477	2
1478	1479	0
1478	1479	1
1478	1479	2
1480	1481	0
1480	1481	1
1480	1481	2
1482	1483	0
1482	1483	1
1482	1483	2
1479	1484	0
1479	1484	1
1479	1484	2
1485	1486	0
1485	1486	1
1485	1486	2
1487	1488	0
1487	1488	1
1487	1488	2
1489	1476	0
1489	1476	1
1489	1476	2
1489	1477	0
1489	1477	1
1489	1477	2
1483	1490	0
1483	1490	1
1483	1490	2
1491	1492	0
1491	1492	1
1491	1492	2
1493	1494	0
1493	1494	1
1493	1494	2
1495	1496	0
1495	1496	1
1495	1496	2
1489	1497	0
1489	1497	1
1489	1497	2
1487	1498	0
1487	1498	1
1487	1498	2
1472	1498	0
1472	1498	1
1472	1498	2
1480	1472	0
1480	1472	1
1480	1472	2
1499	1487	0
1499	1487	1
1499	1487	2
1500	1491	0
1500	1491	1
1500	1491	2
1472	1501	0
1472	1501	1
1472	1501	2
1472	1502	0
1472	1502	1
1472	1502	2
1503	1476	0
1503	1476	1
1503	1476	2
1504	1476	0
1504	1476	1
1504	1476	2
1476	1505	0
1476	1505	1
1476	1505	2
1506	1500	0
1506	1500	1
1506	1500	2
1497	1488	0
1497	1488	1
1497	1488	2
1507	1475	0
1507	1475	1
1507	1475	2
1507	1508	0
1507	1508	1
1507	1508	2
1471	1507	0
1471	1507	1
1471	1507	2
1509	1472	0
1509	1472	1
1509	1472	2
1510	1511	0
1510	1511	1
1510	1511	2
1512	1470	0
1512	1470	1
1512	1470	2
1513	1511	0
1513	1511	1
1513	1511	2
1514	1488	0
1514	1488	1
1514	1488	2
1505	1487	0
1505	1487	1
1505	1487	2
1514	1497	0
1514	1497	1
1514	1497	2
1498	1502	0
1498	1502	1
1498	1502	2
1477	1497	0
1477	1497	1
1477	1497	2
1481	1515	0
1481	1515	1
1481	1515	2
1502	1510	0
1502	1510	1
1502	1510	2
1496	1491	0
1496	1491	1
1496	1491	2
1516	1495	0
1516	1495	1
1516	1495	2
1501	1513	0
1501	1513	1
1501	1513	2
1476	1499	0
1476	1499	1
1476	1499	2
1488	1480	0
1488	1480	1
1488	1480	2
1497	1487	0
1497	1487	1
1497	1487	2
1507	1474	0
1507	1474	1
1507	1474	2
1496	1492	0
1496	1492	1
1496	1492	2
1514	1509	0
1514	1509	1
1514	1509	2
1516	1496	0
1516	1496	1
1516	1496	2
1478	1517	0
1478	1517	1
1478	1517	2
1477	1488	0
1477	1488	1
1477	1488	2
1518	1482	0
1518	1482	1
1518	1482	2
1519	1510	0
1519	1510	1
1519	1510	2
1520	1485	0
1520	1485	1
1520	1485	2
1514	1487	0
1514	1487	1
1514	1487	2
1481	1501	0
1481	1501	1
1481	1501	2
1521	1516	0
1521	1516	1
1521	1516	2
1484	1522	0
1484	1522	1
1484	1522	2
1477	1509	0
1477	1509	1
1477	1509	2
1504	1497	0
1504	1497	1
1504	1497	2
1489	1505	0
1489	1505	1
1489	1505	2
1499	1497	0
1499	1497	1
1499	1497	2
1498	1501	0
1498	1501	1
1498	1501	2
1523	1518	0
1523	1518	1
1523	1518	2
1499	1509	0
1499	1509	1
1499	1509	2
1521	1506	0
1521	1506	1
1521	1506	2
1516	1506	0
1516	1506	1
1516	1506	2
1473	1513	0
1473	1513	1
1473	1513	2
1473	1515	0
1473	1515	1
1473	1515	2
1491	1524	0
1491	1524	1
1491	1524	2
1470	1493	0
1470	1493	1
1470	1493	2
1501	1510	0
1501	1510	1
1501	1510	2
1502	1513	0
1502	1513	1
1502	1513	2
1476	1514	0
1476	1514	1
1476	1514	2
1525	1521	0
1525	1521	1
1525	1521	2
1513	1519	0
1513	1519	1
1513	1519	2
1526	1527	0
1526	1527	1
1526	1527	2
1490	1528	0
1490	1528	1
1490	1528	2
1486	1527	0
1486	1527	1
1486	1527	2
1525	1495	0
1525	1495	1
1525	1495	2
1522	1521	0
1522	1521	1
1522	1521	2
1502	1501	0
1502	1501	1
1502	1501	2
1521	1495	0
1521	1495	1
1521	1495	2
1513	1510	0
1513	1510	1
1513	1510	2
1490	1520	0
1490	1520	1
1490	1520	2
1487	1481	0
1487	1481	1
1487	1481	2
1503	1505	0
1503	1505	1
1503	1505	2
1529	1512	0
1529	1512	1
1529	1512	2
1510	1479	0
1510	1479	1
1510	1479	2
1514	1505	0
1514	1505	1
1514	1505	2
1480	1515	0
1480	1515	1
1480	1515	2
1493	1474	0
1493	1474	1
1493	1474	2
1503	1514	0
1503	1514	1
1503	1514	2
1480	1498	0
1480	1498	1
1480	1498	2
1482	1530	0
1482	1530	1
1482	1530	2
1520	1531	0
1520	1531	1
1520	1531	2
1472	1515	0
1472	1515	1
1472	1515	2
1504	1499	0
1504	1499	1
1504	1499	2
1505	1477	0
1505	1477	1
1505	1477	2
1505	1497	0
1505	1497	1
1505	1497	2
1493	1507	0
1493	1507	1
1493	1507	2
1525	1506	0
1525	1506	1
1525	1506	2
1519	1478	0
1519	1478	1
1519	1478	2
1511	1517	0
1511	1517	1
1511	1517	2
1532	1529	0
1532	1529	1
1532	1529	2
1504	1505	0
1504	1505	1
1504	1505	2
1479	1511	0
1479	1511	1
1479	1511	2
1514	1499	0
1514	1499	1
1514	1499	2
1480	1473	0
1480	1473	1
1480	1473	2
1481	1473	0
1481	1473	1
1481	1473	2
1531	1486	0
1531	1486	1
1531	1486	2
1504	1477	0
1504	1477	1
1504	1477	2
1487	1472	0
1487	1472	1
1487	1472	2
1509	1481	0
1509	1481	1
1509	1481	2
1489	1503	0
1489	1503	1
1489	1503	2
1511	1484	0
1511	1484	1
1511	1484	2
1530	1483	0
1530	1483	1
1530	1483	2
1515	1513	0
1515	1513	1
1515	1513	2
1475	1518	0
1475	1518	1
1475	1518	2
1488	1472	0
1488	1472	1
1488	1472	2
1522	1525	0
1522	1525	1
1522	1525	2
1529	1533	0
1529	1533	1
1529	1533	2
1480	1501	0
1480	1501	1
1480	1501	2
1471	1494	0
1471	1494	1
1471	1494	2
1502	1515	0
1502	1515	1
1502	1515	2
1509	1498	0
1509	1498	1
1509	1498	2
1489	1514	0
1489	1514	1
1489	1514	2
1533	1512	0
1533	1512	1
1533	1512	2
1481	1502	0
1481	1502	1
1481	1502	2
1470	1494	0
1470	1494	1
1470	1494	2
1504	1514	0
1504	1514	1
1504	1514	2
1508	1518	0
1508	1518	1
1508	1518	2
1477	1499	0
1477	1499	1
1477	1499	2
1517	1484	0
1517	1484	1
1517	1484	2
1497	1509	0
1497	1509	1
1497	1509	2
1488	1498	0
1488	1498	1
1488	1498	2
1503	1499	0
1503	1499	1
1503	1499	2
1513	1479	0
1513	1479	1
1513	1479	2
1515	1510	0
1515	1510	1
1515	1510	2
1481	1498	0
1481	1498	1
1481	1498	2
1513	1478	0
1513	1478	1
1513	1478	2
1474	1508	0
1474	1508	1
1474	1508	2
1489	1504	0
1489	1504	1
1489	1504	2
1528	1485	0
1528	1485	1
1528	1485	2
1495	1500	0
1495	1500	1
1495	1500	2
1532	1524	0
1532	1524	1
1532	1524	2
1477	1487	0
1477	1487	1
1477	1487	2
1501	1519	0
1501	1519	1
1501	1519	2
1494	1507	0
1494	1507	1
1494	1507	2
1515	1519	0
1515	1519	1
1515	1519	2
1473	1501	0
1473	1501	1
1473	1501	2
1480	1502	0
1480	1502	1
1480	1502	2
1498	1473	0
1498	1473	1
1498	1473	2
1478	1484	0
1478	1484	1
1478	1484	2
1492	1524	0
1492	1524	1
1492	1524	2
1524	1529	0
1524	1529	1
1524	1529	2
1530	1490	0
1530	1490	1
1530	1490	2
1473	1519	0
1473	1519	1
1473	1519	2
1503	1477	0
1503	1477	1
1503	1477	2
1517	1534	0
1517	1534	1
1517	1534	2
1473	1510	0
1473	1510	1
1473	1510	2
1523	1482	0
1523	1482	1
1523	1482	2
1528	1531	0
1528	1531	1
1528	1531	2
1486	1526	0
1486	1526	1
1486	1526	2
1505	1488	0
1505	1488	1
1505	1488	2
1506	1496	0
1506	1496	1
1506	1496	2
1515	1501	0
1515	1501	1
1515	1501	2
1500	1492	0
1500	1492	1
1500	1492	2
1492	1532	0
1492	1532	1
1492	1532	2
1509	1488	0
1509	1488	1
1509	1488	2
1531	1485	0
1531	1485	1
1531	1485	2
1509	1480	0
1509	1480	1
1509	1480	2
1479	1517	0
1479	1517	1
1479	1517	2
1502	1519	0
1502	1519	1
1502	1519	2
1503	1497	0
1503	1497	1
1503	1497	2
1476	1497	0
1476	1497	1
1476	1497	2
1504	1503	0
1504	1503	1
1504	1503	2
1535	1536	0
1535	1536	1
1535	1536	2
1537	1538	0
1537	1538	1
1537	1538	2
1539	1540	0
1539	1540	1
1539	1540	2
1541	1542	0
1541	1542	1
1541	1542	2
1543	1544	0
1543	1544	1
1543	1544	2
1545	1546	0
1545	1546	1
1545	1546	2
1547	1548	0
1547	1548	1
1547	1548	2
1549	1550	0
1549	1550	1
1549	1550	2
1551	1552	0
1551	1552	1
1551	1552	2
1549	1553	0
1549	1553	1
1549	1553	2
1540	1554	0
1540	1554	1
1540	1554	2
1549	1555	0
1549	1555	1
1549	1555	2
1556	1557	0
1556	1557	1
1556	1557	2
1542	1558	0
1542	1558	1
1542	1558	2
1542	1538	0
1542	1538	1
1542	1538	2
1540	1546	0
1540	1546	1
1540	1546	2
1545	1554	0
1545	1554	1
1545	1554	2
1559	1552	0
1559	1552	1
1559	1552	2
1538	1560	0
1538	1560	1
1538	1560	2
1537	1561	0
1537	1561	1
1537	1561	2
1545	1562	0
1545	1562	1
1545	1562	2
1563	1564	0
1563	1564	1
1563	1564	2
1565	1566	0
1565	1566	1
1565	1566	2
1567	1568	0
1567	1568	1
1567	1568	2
1538	1549	0
1538	1549	1
1538	1549	2
1569	1570	0
1569	1570	1
1569	1570	2
1571	1565	0
1571	1565	1
1571	1565	2
1539	1572	0
1539	1572	1
1539	1572	2
1556	1573	0
1556	1573	1
1556	1573	2
1574	1567	0
1574	1567	1
1574	1567	2
1575	1565	0
1575	1565	1
1575	1565	2
1558	1538	0
1558	1538	1
1558	1538	2
1560	1549	0
1560	1549	1
1560	1549	2
1570	1576	0
1570	1576	1
1570	1576	2
1566	1577	0
1566	1577	1
1566	1577	2
1571	1575	0
1571	1575	1
1571	1575	2
1572	1578	0
1572	1578	1
1572	1578	2
1579	1571	0
1579	1571	1
1579	1571	2
1580	1556	0
1580	1556	1
1580	1556	2
1562	1581	0
1562	1581	1
1562	1581	2
1568	1582	0
1568	1582	1
1568	1582	2
1570	1583	0
1570	1583	1
1570	1583	2
1583	1538	0
1583	1538	1
1583	1538	2
1584	1585	0
1584	1585	1
1584	1585	2
1586	1587	0
1586	1587	1
1586	1587	2
1588	1575	0
1588	1575	1
1588	1575	2
1581	1576	0
1581	1576	1
1581	1576	2
1572	1546	0
1572	1546	1
1572	1546	2
1547	1573	0
1547	1573	1
1547	1573	2
1550	1553	0
1550	1553	1
1550	1553	2
1576	1541	0
1576	1541	1
1576	1541	2
1589	1548	0
1589	1548	1
1589	1548	2
1590	1591	0
1590	1591	1
1590	1591	2
1586	1559	0
1586	1559	1
1586	1559	2
1558	1560	0
1558	1560	1
1558	1560	2
1538	1561	0
1538	1561	1
1538	1561	2
1548	1592	0
1548	1592	1
1548	1592	2
1581	1593	0
1581	1593	1
1581	1593	2
1554	1562	0
1554	1562	1
1554	1562	2
1569	1576	0
1569	1576	1
1569	1576	2
1589	1557	0
1589	1557	1
1589	1557	2
1561	1563	0
1561	1563	1
1561	1563	2
1594	1595	0
1594	1595	1
1594	1595	2
1545	1540	0
1545	1540	1
1545	1540	2
1596	1542	0
1596	1542	1
1596	1542	2
1573	1557	0
1573	1557	1
1573	1557	2
1597	1585	0
1597	1585	1
1597	1585	2
1570	1558	0
1570	1558	1
1570	1558	2
1596	1576	0
1596	1576	1
1596	1576	2
1598	1599	0
1598	1599	1
1598	1599	2
1537	1555	0
1537	1555	1
1537	1555	2
1564	1574	0
1564	1574	1
1564	1574	2
1599	1580	0
1599	1580	1
1599	1580	2
1571	1588	0
1571	1588	1
1571	1588	2
1544	1591	0
1544	1591	1
1544	1591	2
1595	1572	0
1595	1572	1
1595	1572	2
1558	1537	0
1558	1537	1
1558	1537	2
1579	1588	0
1579	1588	1
1579	1588	2
1593	1541	0
1593	1541	1
1593	1541	2
1584	1597	0
1584	1597	1
1584	1597	2
1538	1555	0
1538	1555	1
1538	1555	2
1569	1596	0
1569	1596	1
1569	1596	2
1553	1564	0
1553	1564	1
1553	1564	2
1552	1600	0
1552	1600	1
1552	1600	2
1562	1569	0
1562	1569	1
1562	1569	2
1546	1562	0
1546	1562	1
1546	1562	2
1583	1560	0
1583	1560	1
1583	1560	2
1582	1586	0
1582	1586	1
1582	1586	2
1570	1542	0
1570	1542	1
1570	1542	2
1539	1545	0
1539	1545	1
1539	1545	2
1539	1578	0
1539	1578	1
1539	1578	2
1593	1583	0
1593	1583	1
1593	1583	2
1553	1601	0
1553	1601	1
1553	1601	2
1544	1590	0
1544	1590	1
1544	1590	2
1573	1594	0
1573	1594	1
1573	1594	2
1569	1593	0
1569	1593	1
1569	1593	2
1602	1603	0
1602	1603	1
1602	1603	2
1602	1599	0
1602	1599	1
1602	1599	2
1569	1541	0
1569	1541	1
1569	1541	2
1556	1592	0
1556	1592	1
1556	1592	2
1601	1564	0
1601	1564	1
1601	1564	2
1542	1583	0
1542	1583	1
1542	1583	2
1595	1539	0
1595	1539	1
1595	1539	2
1587	1551	0
1587	1551	1
1587	1551	2
1592	1594	0
1592	1594	1
1592	1594	2
1549	1561	0
1549	1561	1
1549	1561	2
1587	1552	0
1587	1552	1
1587	1552	2
1559	1600	0
1559	1600	1
1559	1600	2
1542	1560	0
1542	1560	1
1542	1560	2
1540	1562	0
1540	1562	1
1540	1562	2
1556	1548	0
1556	1548	1
1556	1548	2
1597	1579	0
1597	1579	1
1597	1579	2
1578	1545	0
1578	1545	1
1578	1545	2
1560	1555	0
1560	1555	1
1560	1555	2
1543	1536	0
1543	1536	1
1543	1536	2
1559	1551	0
1559	1551	1
1559	1551	2
1559	1587	0
1559	1587	1
1559	1587	2
1564	1567	0
1564	1567	1
1564	1567	2
1557	1548	0
1557	1548	1
1557	1548	2
1601	1574	0
1601	1574	1
1601	1574	2
1554	1581	0
1554	1581	1
1554	1581	2
1569	1581	0
1569	1581	1
1569	1581	2
1555	1561	0
1555	1561	1
1555	1561	2
1541	1558	0
1541	1558	1
1541	1558	2
1548	1594	0
1548	1594	1
1548	1594	2
1604	1598	0
1604	1598	1
1604	1598	2
1570	1541	0
1570	1541	1
1570	1541	2
1580	1589	0
1580	1589	1
1580	1589	2
1550	1601	0
1550	1601	1
1550	1601	2
1557	1594	0
1557	1594	1
1557	1594	2
1557	1592	0
1557	1592	1
1557	1592	2
1596	1570	0
1596	1570	1
1596	1570	2
1563	1601	0
1563	1601	1
1563	1601	2
1574	1568	0
1574	1568	1
1574	1568	2
1593	1576	0
1593	1576	1
1593	1576	2
1603	1580	0
1603	1580	1
1603	1580	2
1593	1570	0
1593	1570	1
1593	1570	2
1603	1599	0
1603	1599	1
1603	1599	2
1598	1603	0
1598	1603	1
1598	1603	2
1581	1541	0
1581	1541	1
1581	1541	2
1537	1549	0
1537	1549	1
1537	1549	2
1576	1558	0
1576	1558	1
1576	1558	2
1577	1604	0
1577	1604	1
1577	1604	2
1554	1569	0
1554	1569	1
1554	1569	2
1596	1558	0
1596	1558	1
1596	1558	2
1561	1550	0
1561	1550	1
1561	1550	2
1547	1556	0
1547	1556	1
1547	1556	2
1587	1600	0
1587	1600	1
1587	1600	2
1575	1566	0
1575	1566	1
1575	1566	2
1584	1579	0
1584	1579	1
1584	1579	2
1596	1541	0
1596	1541	1
1596	1541	2
1551	1600	0
1551	1600	1
1551	1600	2
1558	1583	0
1558	1583	1
1558	1583	2
1547	1589	0
1547	1589	1
1547	1589	2
1578	1540	0
1578	1540	1
1578	1540	2
1583	1537	0
1583	1537	1
1583	1537	2
1535	1543	0
1535	1543	1
1535	1543	2
1576	1542	0
1576	1542	1
1576	1542	2
1578	1546	0
1578	1546	1
1578	1546	2
1536	1544	0
1536	1544	1
1536	1544	2
1593	1558	0
1593	1558	1
1593	1558	2
1563	1550	0
1563	1550	1
1563	1550	2
1605	1606	0
1605	1606	1
1605	1606	2
1607	1608	0
1607	1608	1
1607	1608	2
1609	1610	0
1609	1610	1
1609	1610	2
1611	1612	0
1611	1612	1
1611	1612	2
1613	1614	0
1613	1614	1
1613	1614	2
1615	1611	0
1615	1611	1
1615	1611	2
1616	1617	0
1616	1617	1
1616	1617	2
1614	1611	0
1614	1611	1
1614	1611	2
1618	1606	0
1618	1606	1
1618	1606	2
1619	1620	0
1619	1620	1
1619	1620	2
1620	1621	0
1620	1621	1
1620	1621	2
1622	1610	0
1622	1610	1
1622	1610	2
1623	1624	0
1623	1624	1
1623	1624	2
1625	1611	0
1625	1611	1
1625	1611	2
1609	1626	0
1609	1626	1
1609	1626	2
1627	1628	0
1627	1628	1
1627	1628	2
1610	1629	0
1610	1629	1
1610	1629	2
1630	1622	0
1630	1622	1
1630	1622	2
1616	1622	0
1616	1622	1
1616	1622	2
1631	1611	0
1631	1611	1
1631	1611	2
1619	1628	0
1619	1628	1
1619	1628	2
1605	1632	0
1605	1632	1
1605	1632	2
1607	1627	0
1607	1627	1
1607	1627	2
1613	1615	0
1613	1615	1
1613	1615	2
1633	1634	0
1633	1634	1
1633	1634	2
1614	1612	0
1614	1612	1
1614	1612	2
1633	1621	0
1633	1621	1
1633	1621	2
1608	1628	0
1608	1628	1
1608	1628	2
1623	1635	0
1623	1635	1
1623	1635	2
1631	1614	0
1631	1614	1
1631	1614	2
1609	1617	0
1609	1617	1
1609	1617	2
1605	1636	0
1605	1636	1
1605	1636	2
1634	1623	0
1634	1623	1
1634	1623	2
1626	1629	0
1626	1629	1
1626	1629	2
1623	1637	0
1623	1637	1
1623	1637	2
1625	1613	0
1625	1613	1
1625	1613	2
1628	1633	0
1628	1633	1
1628	1633	2
1628	1634	0
1628	1634	1
1628	1634	2
1627	1633	0
1627	1633	1
1627	1633	2
1607	1620	0
1607	1620	1
1607	1620	2
1613	1631	0
1613	1631	1
1613	1631	2
1620	1634	0
1620	1634	1
1620	1634	2
1619	1621	0
1619	1621	1
1619	1621	2
1608	1619	0
1608	1619	1
1608	1619	2
1609	1629	0
1609	1629	1
1609	1629	2
1619	1633	0
1619	1633	1
1619	1633	2
1611	1638	0
1611	1638	1
1611	1638	2
1607	1633	0
1607	1633	1
1607	1633	2
1630	1616	0
1630	1616	1
1630	1616	2
1607	1628	0
1607	1628	1
1607	1628	2
1619	1634	0
1619	1634	1
1619	1634	2
1622	1609	0
1622	1609	1
1622	1609	2
1606	1632	0
1606	1632	1
1606	1632	2
1617	1610	0
1617	1610	1
1617	1610	2
1639	1640	0
1639	1640	1
1639	1640	2
1625	1615	0
1625	1615	1
1625	1615	2
1640	1630	0
1640	1630	1
1640	1630	2
1610	1626	0
1610	1626	1
1610	1626	2
1618	1641	0
1618	1641	1
1618	1641	2
1628	1621	0
1628	1621	1
1628	1621	2
1641	1605	0
1641	1605	1
1641	1605	2
1617	1626	0
1617	1626	1
1617	1626	2
1620	1628	0
1620	1628	1
1620	1628	2
1614	1638	0
1614	1638	1
1614	1638	2
1607	1619	0
1607	1619	1
1607	1619	2
1617	1629	0
1617	1629	1
1617	1629	2
1632	1636	0
1632	1636	1
1632	1636	2
1635	1639	0
1635	1639	1
1635	1639	2
1625	1614	0
1625	1614	1
1625	1614	2
1608	1633	0
1608	1633	1
1608	1633	2
1642	1635	0
1642	1635	1
1642	1635	2
1623	1642	0
1623	1642	1
1623	1642	2
1634	1621	0
1634	1621	1
1634	1621	2
1615	1614	0
1615	1614	1
1615	1614	2
1618	1605	0
1618	1605	1
1618	1605	2
1622	1617	0
1622	1617	1
1622	1617	2
1625	1631	0
1625	1631	1
1625	1631	2
1624	1639	0
1624	1639	1
1624	1639	2
1612	1638	0
1612	1638	1
1612	1638	2
1620	1633	0
1620	1633	1
1620	1633	2
1627	1619	0
1627	1619	1
1627	1619	2
1606	1636	0
1606	1636	1
1606	1636	2
1627	1620	0
1627	1620	1
1627	1620	2
1631	1615	0
1631	1615	1
1631	1615	2
1643	1644	0
1643	1644	1
1643	1644	2
1645	1646	0
1645	1646	1
1645	1646	2
1647	1648	0
1647	1648	1
1647	1648	2
1649	1650	0
1649	1650	1
1649	1650	2
1649	1651	0
1649	1651	1
1649	1651	2
1652	1653	0
1652	1653	1
1652	1653	2
1654	1655	0
1654	1655	1
1654	1655	2
1652	1656	0
1652	1656	1
1652	1656	2
1654	1657	0
1654	1657	1
1654	1657	2
1658	1659	0
1658	1659	1
1658	1659	2
1660	1661	0
1660	1661	1
1660	1661	2
1662	1652	0
1662	1652	1
1662	1652	2
1663	1664	0
1663	1664	1
1663	1664	2
1662	1653	0
1662	1653	1
1662	1653	2
1650	1644	0
1650	1644	1
1650	1644	2
1665	1654	0
1665	1654	1
1665	1654	2
1666	1667	0
1666	1667	1
1666	1667	2
1663	1668	0
1663	1668	1
1663	1668	2
1667	1669	0
1667	1669	1
1667	1669	2
1665	1655	0
1665	1655	1
1665	1655	2
1664	1670	0
1664	1670	1
1664	1670	2
1670	1654	0
1670	1654	1
1670	1654	2
1657	1671	0
1657	1671	1
1657	1671	2
1672	1670	0
1672	1670	1
1672	1670	2
1673	1655	0
1673	1655	1
1673	1655	2
1655	1657	0
1655	1657	1
1655	1657	2
1667	1674	0
1667	1674	1
1667	1674	2
1644	1664	0
1644	1664	1
1644	1664	2
1675	1670	0
1675	1670	1
1675	1670	2
1647	1676	0
1647	1676	1
1647	1676	2
1649	1668	0
1649	1668	1
1649	1668	2
1648	1671	0
1648	1671	1
1648	1671	2
1672	1677	0
1672	1677	1
1672	1677	2
1644	1668	0
1644	1668	1
1644	1668	2
1678	1666	0
1678	1666	1
1678	1666	2
1643	1651	0
1643	1651	1
1643	1651	2
1659	1678	0
1659	1678	1
1659	1678	2
1675	1677	0
1675	1677	1
1675	1677	2
1663	1672	0
1663	1672	1
1663	1672	2
1675	1655	0
1675	1655	1
1675	1655	2
1676	1658	0
1676	1658	1
1676	1658	2
1672	1665	0
1672	1665	1
1672	1665	2
1663	1644	0
1663	1644	1
1663	1644	2
1679	1659	0
1679	1659	1
1679	1659	2
1657	1647	0
1657	1647	1
1657	1647	2
1680	1681	0
1680	1681	1
1680	1681	2
1681	1682	0
1681	1682	1
1681	1682	2
1680	1646	0
1680	1646	1
1680	1646	2
1683	1648	0
1683	1648	1
1683	1648	2
1661	1684	0
1661	1684	1
1661	1684	2
1643	1668	0
1643	1668	1
1643	1668	2
1678	1667	0
1678	1667	1
1678	1667	2
1657	1648	0
1657	1648	1
1657	1648	2
1671	1676	0
1671	1676	1
1671	1676	2
1674	1660	0
1674	1660	1
1674	1660	2
1651	1672	0
1651	1672	1
1651	1672	2
1672	1675	0
1672	1675	1
1672	1675	2
1685	1669	0
1685	1669	1
1685	1669	2
1661	1652	0
1661	1652	1
1661	1652	2
1683	1676	0
1683	1676	1
1683	1676	2
1664	1677	0
1664	1677	1
1664	1677	2
1668	1672	0
1668	1672	1
1668	1672	2
1683	1647	0
1683	1647	1
1683	1647	2
1673	1670	0
1673	1670	1
1673	1670	2
1643	1649	0
1643	1649	1
1643	1649	2
1677	1654	0
1677	1654	1
1677	1654	2
1673	1677	0
1673	1677	1
1673	1677	2
1646	1682	0
1646	1682	1
1646	1682	2
1677	1655	0
1677	1655	1
1677	1655	2
1651	1663	0
1651	1663	1
1651	1663	2
1645	1681	0
1645	1681	1
1645	1681	2
1683	1671	0
1683	1671	1
1683	1671	2
1645	1686	0
1645	1686	1
1645	1686	2
1670	1677	0
1670	1677	1
1670	1677	2
1678	1669	0
1678	1669	1
1678	1669	2
1660	1684	0
1660	1684	1
1660	1684	2
1665	1670	0
1665	1670	1
1665	1670	2
1678	1685	0
1678	1685	1
1678	1685	2
1650	1663	0
1650	1663	1
1650	1663	2
1665	1677	0
1665	1677	1
1665	1677	2
1666	1674	0
1666	1674	1
1666	1674	2
1685	1674	0
1685	1674	1
1685	1674	2
1651	1644	0
1651	1644	1
1651	1644	2
1664	1673	0
1664	1673	1
1664	1673	2
1653	1656	0
1653	1656	1
1653	1656	2
1685	1667	0
1685	1667	1
1685	1667	2
1650	1668	0
1650	1668	1
1650	1668	2
1686	1681	0
1686	1681	1
1686	1681	2
1657	1683	0
1657	1683	1
1657	1683	2
1647	1671	0
1647	1671	1
1647	1671	2
1673	1654	0
1673	1654	1
1673	1654	2
1643	1663	0
1643	1663	1
1643	1663	2
1665	1673	0
1665	1673	1
1665	1673	2
1643	1650	0
1643	1650	1
1643	1650	2
1669	1674	0
1669	1674	1
1669	1674	2
1662	1656	0
1662	1656	1
1662	1656	2
1675	1665	0
1675	1665	1
1675	1665	2
1686	1680	0
1686	1680	1
1686	1680	2
1681	1646	0
1681	1646	1
1681	1646	2
1644	1672	0
1644	1672	1
1644	1672	2
1664	1675	0
1664	1675	1
1664	1675	2
1645	1680	0
1645	1680	1
1645	1680	2
1666	1669	0
1666	1669	1
1666	1669	2
1650	1651	0
1650	1651	1
1650	1651	2
1687	1688	0
1687	1688	1
1687	1688	2
1689	1690	0
1689	1690	1
1689	1690	2
1691	1692	0
1691	1692	1
1691	1692	2
1693	1694	0
1693	1694	1
1693	1694	2
1690	1692	0
1690	1692	1
1690	1692	2
1689	1693	0
1689	1693	1
1689	1693	2
1692	1695	0
1692	1695	1
1692	1695	2
1694	1692	0
1694	1692	1
1694	1692	2
1693	1690	0
1693	1690	1
1693	1690	2
1690	1691	0
1690	1691	1
1690	1691	2
1687	1696	0
1687	1696	1
1687	1696	2
1697	1698	0
1697	1698	1
1697	1698	2
1698	1699	0
1698	1699	1
1698	1699	2
1700	1701	0
1700	1701	1
1700	1701	2
1698	1702	0
1698	1702	1
1698	1702	2
1703	1701	0
1703	1701	1
1703	1701	2
1704	1697	0
1704	1697	1
1704	1697	2
1700	1705	0
1700	1705	1
1700	1705	2
1698	1706	0
1698	1706	1
1698	1706	2
1707	1698	0
1707	1698	1
1707	1698	2
1699	1708	0
1699	1708	1
1699	1708	2
1701	1706	0
1701	1706	1
1701	1706	2
1709	1710	0
1709	1710	1
1709	1710	2
1702	1709	0
1702	1709	1
1702	1709	2
1710	1711	0
1710	1711	1
1710	1711	2
1707	1706	0
1707	1706	1
1707	1706	2
1705	1698	0
1705	1698	1
1705	1698	2
1708	1710	0
1708	1710	1
1708	1710	2
1705	1697	0
1705	1697	1
1705	1697	2
1709	1708	0
1709	1708	1
1709	1708	2
1712	1711	0
1712	1711	1
1712	1711	2
1713	1707	0
1713	1707	1
1713	1707	2
1714	1715	0
1714	1715	1
1714	1715	2
1706	1699	0
1706	1699	1
1706	1699	2
1704	1701	0
1704	1701	1
1704	1701	2
1697	1706	0
1697	1706	1
1697	1706	2
1709	1712	0
1709	1712	1
1709	1712	2
1716	1717	0
1716	1717	1
1716	1717	2
1697	1713	0
1697	1713	1
1697	1713	2
1713	1706	0
1713	1706	1
1713	1706	2
1699	1702	0
1699	1702	1
1699	1702	2
1701	1705	0
1701	1705	1
1701	1705	2
1718	1719	0
1718	1719	1
1718	1719	2
1703	1697	0
1703	1697	1
1703	1697	2
1706	1702	0
1706	1702	1
1706	1702	2
1716	1718	0
1716	1718	1
1716	1718	2
1700	1720	0
1700	1720	1
1700	1720	2
1707	1699	0
1707	1699	1
1707	1699	2
1720	1701	0
1720	1701	1
1720	1701	2
1712	1710	0
1712	1710	1
1712	1710	2
1717	1718	0
1717	1718	1
1717	1718	2
1702	1708	0
1702	1708	1
1702	1708	2
1720	1713	0
1720	1713	1
1720	1713	2
1721	1711	0
1721	1711	1
1721	1711	2
1700	1697	0
1700	1697	1
1700	1697	2
1716	1719	0
1716	1719	1
1716	1719	2
1701	1698	0
1701	1698	1
1701	1698	2
1704	1705	0
1704	1705	1
1704	1705	2
1721	1710	0
1721	1710	1
1721	1710	2
1704	1713	0
1704	1713	1
1704	1713	2
1707	1702	0
1707	1702	1
1707	1702	2
1704	1720	0
1704	1720	1
1704	1720	2
1722	1704	0
1722	1704	1
1722	1704	2
1720	1697	0
1720	1697	1
1720	1697	2
1703	1705	0
1703	1705	1
1703	1705	2
1699	1709	0
1699	1709	1
1699	1709	2
1700	1703	0
1700	1703	1
1700	1703	2
1703	1720	0
1703	1720	1
1703	1720	2
1717	1719	0
1717	1719	1
1717	1719	2
1701	1713	0
1701	1713	1
1701	1713	2
1703	1713	0
1703	1713	1
1703	1713	2
1723	1715	0
1723	1715	1
1723	1715	2
1722	1703	0
1722	1703	1
1722	1703	2
1705	1707	0
1705	1707	1
1705	1707	2
1708	1712	0
1708	1712	1
1708	1712	2
1721	1712	0
1721	1712	1
1721	1712	2
1700	1713	0
1700	1713	1
1700	1713	2
1697	1707	0
1697	1707	1
1697	1707	2
1722	1720	0
1722	1720	1
1722	1720	2
1701	1697	0
1701	1697	1
1701	1697	2
1704	1700	0
1704	1700	1
1704	1700	2
1701	1707	0
1701	1707	1
1701	1707	2
1724	1725	0
1724	1725	1
1724	1725	2
1726	1727	0
1726	1727	1
1726	1727	2
1728	1729	0
1728	1729	1
1728	1729	2
1730	1731	0
1730	1731	1
1730	1731	2
1732	1733	0
1732	1733	1
1732	1733	2
1734	1728	0
1734	1728	1
1734	1728	2
1728	1735	0
1728	1735	1
1728	1735	2
1726	1729	0
1726	1729	1
1726	1729	2
1736	1724	0
1736	1724	1
1736	1724	2
1726	1728	0
1726	1728	1
1726	1728	2
1737	1738	0
1737	1738	1
1737	1738	2
1739	1740	0
1739	1740	1
1739	1740	2
1730	1741	0
1730	1741	1
1730	1741	2
1742	1743	0
1742	1743	1
1742	1743	2
1731	1744	0
1731	1744	1
1731	1744	2
1730	1745	0
1730	1745	1
1730	1745	2
1727	1728	0
1727	1728	1
1727	1728	2
1746	1747	0
1746	1747	1
1746	1747	2
1724	1733	0
1724	1733	1
1724	1733	2
1741	1745	0
1741	1745	1
1741	1745	2
1726	1748	0
1726	1748	1
1726	1748	2
1729	1735	0
1729	1735	1
1729	1735	2
1725	1746	0
1725	1746	1
1725	1746	2
1744	1734	0
1744	1734	1
1744	1734	2
1749	1750	0
1749	1750	1
1749	1750	2
1751	1741	0
1751	1741	1
1751	1741	2
1741	1731	0
1741	1731	1
1741	1731	2
1739	1746	0
1739	1746	1
1739	1746	2
1744	1726	0
1744	1726	1
1744	1726	2
1734	1729	0
1734	1729	1
1734	1729	2
1744	1727	0
1744	1727	1
1744	1727	2
1751	1745	0
1751	1745	1
1751	1745	2
1726	1734	0
1726	1734	1
1726	1734	2
1724	1739	0
1724	1739	1
1724	1739	2
1735	1752	0
1735	1752	1
1735	1752	2
1741	1744	0
1741	1744	1
1741	1744	2
1753	1754	0
1753	1754	1
1753	1754	2
1729	1752	0
1729	1752	1
1729	1752	2
1755	1730	0
1755	1730	1
1755	1730	2
1755	1751	0
1755	1751	1
1755	1751	2
1730	1751	0
1730	1751	1
1730	1751	2
1753	1750	0
1753	1750	1
1753	1750	2
1756	1757	0
1756	1757	1
1756	1757	2
1743	1758	0
1743	1758	1
1743	1758	2
1736	1739	0
1736	1739	1
1736	1739	2
1742	1759	0
1742	1759	1
1742	1759	2
1757	1754	0
1757	1754	1
1757	1754	2
1760	1756	0
1760	1756	1
1760	1756	2
1732	1724	0
1732	1724	1
1732	1724	2
1759	1760	0
1759	1760	1
1759	1760	2
1727	1729	0
1727	1729	1
1727	1729	2
1734	1727	0
1734	1727	1
1734	1727	2
1758	1756	0
1758	1756	1
1758	1756	2
1748	1729	0
1748	1729	1
1748	1729	2
1748	1727	0
1748	1727	1
1748	1727	2
1745	1744	0
1745	1744	1
1745	1744	2
1751	1731	0
1751	1731	1
1751	1731	2
1759	1758	0
1759	1758	1
1759	1758	2
1728	1752	0
1728	1752	1
1728	1752	2
1743	1759	0
1743	1759	1
1743	1759	2
1754	1750	0
1754	1750	1
1754	1750	2
1739	1725	0
1739	1725	1
1739	1725	2
1733	1725	0
1733	1725	1
1733	1725	2
1736	1725	0
1736	1725	1
1736	1725	2
1732	1736	0
1732	1736	1
1732	1736	2
1733	1739	0
1733	1739	1
1733	1739	2
1745	1731	0
1745	1731	1
1745	1731	2
1761	1762	0
1761	1762	1
1761	1762	2
1736	1733	0
1736	1733	1
1736	1733	2
1763	1762	0
1763	1762	1
1763	1762	2
1725	1740	0
1725	1740	1
1725	1740	2
1764	1759	0
1764	1759	1
1764	1759	2
1744	1748	0
1744	1748	1
1744	1748	2
1765	1766	0
1765	1766	1
1765	1766	2
1766	1767	0
1766	1767	1
1766	1767	2
1768	1769	0
1768	1769	1
1768	1769	2
1770	1771	0
1770	1771	1
1770	1771	2
1772	1773	0
1772	1773	1
1772	1773	2
1774	1775	0
1774	1775	1
1774	1775	2
1770	1766	0
1770	1766	1
1770	1766	2
1776	1770	0
1776	1770	1
1776	1770	2
1777	1773	0
1777	1773	1
1777	1773	2
1775	1765	0
1775	1765	1
1775	1765	2
1778	1779	0
1778	1779	1
1778	1779	2
1780	1781	0
1780	1781	1
1780	1781	2
1770	1782	0
1770	1782	1
1770	1782	2
1774	1770	0
1774	1770	1
1774	1770	2
1783	1784	0
1783	1784	1
1783	1784	2
1766	1785	0
1766	1785	1
1766	1785	2
1784	1786	0
1784	1786	1
1784	1786	2
1774	1765	0
1774	1765	1
1774	1765	2
1787	1786	0
1787	1786	1
1787	1786	2
1785	1788	0
1785	1788	1
1785	1788	2
1766	1771	0
1766	1771	1
1766	1771	2
1789	1769	0
1789	1769	1
1789	1769	2
1787	1784	0
1787	1784	1
1787	1784	2
1790	1781	0
1790	1781	1
1790	1781	2
1772	1781	0
1772	1781	1
1772	1781	2
1773	1791	0
1773	1791	1
1773	1791	2
1792	1793	0
1792	1793	1
1792	1793	2
1767	1792	0
1767	1792	1
1767	1792	2
1794	1795	0
1794	1795	1
1794	1795	2
1767	1796	0
1767	1796	1
1767	1796	2
1768	1789	0
1768	1789	1
1768	1789	2
1795	1779	0
1795	1779	1
1795	1779	2
1772	1790	0
1772	1790	1
1772	1790	2
1771	1767	0
1771	1767	1
1771	1767	2
1797	1794	0
1797	1794	1
1797	1794	2
1798	1768	0
1798	1768	1
1798	1768	2
1799	1775	0
1799	1775	1
1799	1775	2
1778	1775	0
1778	1775	1
1778	1775	2
1778	1774	0
1778	1774	1
1778	1774	2
1790	1791	0
1790	1791	1
1790	1791	2
1766	1782	0
1766	1782	1
1766	1782	2
1796	1788	0
1796	1788	1
1796	1788	2
1776	1765	0
1776	1765	1
1776	1765	2
1779	1775	0
1779	1775	1
1779	1775	2
1780	1773	0
1780	1773	1
1780	1773	2
1765	1770	0
1765	1770	1
1765	1770	2
1776	1766	0
1776	1766	1
1776	1766	2
1793	1798	0
1793	1798	1
1793	1798	2
1774	1776	0
1774	1776	1
1774	1776	2
1785	1792	0
1785	1792	1
1785	1792	2
1796	1792	0
1796	1792	1
1796	1792	2
1783	1786	0
1783	1786	1
1783	1786	2
1767	1788	0
1767	1788	1
1767	1788	2
1767	1785	0
1767	1785	1
1767	1785	2
1780	1790	0
1780	1790	1
1780	1790	2
1777	1772	0
1777	1772	1
1777	1772	2
1777	1790	0
1777	1790	1
1777	1790	2
1790	1773	0
1790	1773	1
1790	1773	2
1788	1793	0
1788	1793	1
1788	1793	2
1788	1792	0
1788	1792	1
1788	1792	2
1785	1796	0
1785	1796	1
1785	1796	2
1765	1782	0
1765	1782	1
1765	1782	2
1779	1774	0
1779	1774	1
1779	1774	2
1782	1785	0
1782	1785	1
1782	1785	2
1765	1771	0
1765	1771	1
1765	1771	2
1771	1785	0
1771	1785	1
1771	1785	2
1777	1780	0
1777	1780	1
1777	1780	2
1778	1799	0
1778	1799	1
1778	1799	2
1776	1782	0
1776	1782	1
1776	1782	2
1796	1793	0
1796	1793	1
1796	1793	2
1776	1771	0
1776	1771	1
1776	1771	2
1800	1801	0
1800	1801	1
1800	1801	2
1802	1803	0
1802	1803	1
1802	1803	2
1804	1800	0
1804	1800	1
1804	1800	2
1802	1804	0
1802	1804	1
1802	1804	2
1805	1806	0
1805	1806	1
1805	1806	2
1802	1807	0
1802	1807	1
1802	1807	2
1808	1809	0
1808	1809	1
1808	1809	2
1810	1802	0
1810	1802	1
1810	1802	2
1811	1812	0
1811	1812	1
1811	1812	2
1813	1806	0
1813	1806	1
1813	1806	2
1814	1815	0
1814	1815	1
1814	1815	2
1816	1817	0
1816	1817	1
1816	1817	2
1818	1807	0
1818	1807	1
1818	1807	2
1819	1820	0
1819	1820	1
1819	1820	2
1821	1822	0
1821	1822	1
1821	1822	2
1823	1824	0
1823	1824	1
1823	1824	2
1825	1824	0
1825	1824	1
1825	1824	2
1826	1827	0
1826	1827	1
1826	1827	2
1828	1829	0
1828	1829	1
1828	1829	2
1803	1804	0
1803	1804	1
1803	1804	2
1830	1831	0
1830	1831	1
1830	1831	2
1804	1819	0
1804	1819	1
1804	1819	2
1829	1832	0
1829	1832	1
1829	1832	2
1833	1834	0
1833	1834	1
1833	1834	2
1835	1836	0
1835	1836	1
1835	1836	2
1803	1819	0
1803	1819	1
1803	1819	2
1807	1804	0
1807	1804	1
1807	1804	2
1837	1821	0
1837	1821	1
1837	1821	2
1809	1801	0
1809	1801	1
1809	1801	2
1838	1810	0
1838	1810	1
1838	1810	2
1839	1823	0
1839	1823	1
1839	1823	2
1828	1840	0
1828	1840	1
1828	1840	2
1840	1841	0
1840	1841	1
1840	1841	2
1842	1805	0
1842	1805	1
1842	1805	2
1800	1808	0
1800	1808	1
1800	1808	2
1840	1832	0
1840	1832	1
1840	1832	2
1820	1843	0
1820	1843	1
1820	1843	2
1818	1804	0
1818	1804	1
1818	1804	2
1844	1818	0
1844	1818	1
1844	1818	2
1845	1846	0
1845	1846	1
1845	1846	2
1813	1805	0
1813	1805	1
1813	1805	2
1845	1803	0
1845	1803	1
1845	1803	2
1847	1814	0
1847	1814	1
1847	1814	2
1825	1833	0
1825	1833	1
1825	1833	2
1836	1821	0
1836	1821	1
1836	1821	2
1846	1819	0
1846	1819	1
1846	1819	2
1838	1802	0
1838	1802	1
1838	1802	2
1843	1831	0
1843	1831	1
1843	1831	2
1820	1801	0
1820	1801	1
1820	1801	2
1838	1844	0
1838	1844	1
1838	1844	2
1848	1804	0
1848	1804	1
1848	1804	2
1849	1850	0
1849	1850	1
1849	1850	2
1809	1843	0
1809	1843	1
1809	1843	2
1820	1830	0
1820	1830	1
1820	1830	2
1844	1845	0
1844	1845	1
1844	1845	2
1821	1851	0
1821	1851	1
1821	1851	2
1845	1804	0
1845	1804	1
1845	1804	2
1836	1822	0
1836	1822	1
1836	1822	2
1834	1822	0
1834	1822	1
1834	1822	2
1806	1852	0
1806	1852	1
1806	1852	2
1813	1852	0
1813	1852	1
1813	1852	2
1815	1853	0
1815	1853	1
1815	1853	2
1829	1814	0
1829	1814	1
1829	1814	2
1854	1844	0
1854	1844	1
1854	1844	2
1855	1856	0
1855	1856	1
1855	1856	2
1820	1809	0
1820	1809	1
1820	1809	2
1800	1820	0
1800	1820	1
1800	1820	2
1802	1818	0
1802	1818	1
1802	1818	2
1808	1843	0
1808	1843	1
1808	1843	2
1817	1856	0
1817	1856	1
1817	1856	2
1808	1830	0
1808	1830	1
1808	1830	2
1841	1814	0
1841	1814	1
1841	1814	2
1818	1846	0
1818	1846	1
1818	1846	2
1857	1826	0
1857	1826	1
1857	1826	2
1847	1832	0
1847	1832	1
1847	1832	2
1858	1812	0
1858	1812	1
1858	1812	2
1833	1837	0
1833	1837	1
1833	1837	2
1819	1809	0
1819	1809	1
1819	1809	2
1807	1848	0
1807	1848	1
1807	1848	2
1823	1825	0
1823	1825	1
1823	1825	2
1818	1803	0
1818	1803	1
1818	1803	2
1835	1834	0
1835	1834	1
1835	1834	2
1832	1816	0
1832	1816	1
1832	1816	2
1832	1815	0
1832	1815	1
1832	1815	2
1803	1846	0
1803	1846	1
1803	1846	2
1859	1860	0
1859	1860	1
1859	1860	2
1807	1803	0
1807	1803	1
1807	1803	2
1837	1822	0
1837	1822	1
1837	1822	2
1803	1800	0
1803	1800	1
1803	1800	2
1861	1827	0
1861	1827	1
1861	1827	2
1845	1848	0
1845	1848	1
1845	1848	2
1804	1846	0
1804	1846	1
1804	1846	2
1848	1803	0
1848	1803	1
1848	1803	2
1829	1840	0
1829	1840	1
1829	1840	2
1841	1815	0
1841	1815	1
1841	1815	2
1811	1859	0
1811	1859	1
1811	1859	2
1823	1833	0
1823	1833	1
1823	1833	2
1807	1819	0
1807	1819	1
1807	1819	2
1802	1845	0
1802	1845	1
1802	1845	2
1801	1830	0
1801	1830	1
1801	1830	2
1821	1858	0
1821	1858	1
1821	1858	2
1851	1811	0
1851	1811	1
1851	1811	2
1840	1847	0
1840	1847	1
1840	1847	2
1841	1816	0
1841	1816	1
1841	1816	2
1832	1841	0
1832	1841	1
1832	1841	2
1836	1834	0
1836	1834	1
1836	1834	2
1835	1824	0
1835	1824	1
1835	1824	2
1862	1863	0
1862	1863	1
1862	1863	2
1850	1862	0
1850	1862	1
1850	1862	2
1815	1817	0
1815	1817	1
1815	1817	2
1829	1841	0
1829	1841	1
1829	1841	2
1845	1807	0
1845	1807	1
1845	1807	2
1853	1817	0
1853	1817	1
1853	1817	2
1839	1825	0
1839	1825	1
1839	1825	2
1826	1861	0
1826	1861	1
1826	1861	2
1810	1844	0
1810	1844	1
1810	1844	2
1809	1830	0
1809	1830	1
1809	1830	2
1850	1863	0
1850	1863	1
1850	1863	2
1819	1808	0
1819	1808	1
1819	1808	2
1858	1811	0
1858	1811	1
1858	1811	2
1822	1858	0
1822	1858	1
1822	1858	2
1854	1838	0
1854	1838	1
1854	1838	2
1810	1818	0
1810	1818	1
1810	1818	2
1849	1863	0
1849	1863	1
1849	1863	2
1834	1837	0
1834	1837	1
1834	1837	2
1823	1835	0
1823	1835	1
1823	1835	2
1833	1824	0
1833	1824	1
1833	1824	2
1835	1837	0
1835	1837	1
1835	1837	2
1851	1812	0
1851	1812	1
1851	1812	2
1817	1855	0
1817	1855	1
1817	1855	2
1834	1821	0
1834	1821	1
1834	1821	2
1800	1809	0
1800	1809	1
1800	1809	2
1838	1845	0
1838	1845	1
1838	1845	2
1853	1855	0
1853	1855	1
1853	1855	2
1830	1843	0
1830	1843	1
1830	1843	2
1853	1856	0
1853	1856	1
1853	1856	2
1829	1847	0
1829	1847	1
1829	1847	2
1810	1845	0
1810	1845	1
1810	1845	2
1842	1852	0
1842	1852	1
1842	1852	2
1815	1816	0
1815	1816	1
1815	1816	2
1844	1802	0
1844	1802	1
1844	1802	2
1864	1865	0
1864	1865	1
1864	1865	2
1866	1867	0
1866	1867	1
1866	1867	2
1864	1868	0
1864	1868	1
1864	1868	2
1869	1870	0
1869	1870	1
1869	1870	2
1871	1872	0
1871	1872	1
1871	1872	2
1873	1874	0
1873	1874	1
1873	1874	2
1875	1871	0
1875	1871	1
1875	1871	2
1876	1877	0
1876	1877	1
1876	1877	2
1878	1876	0
1878	1876	1
1878	1876	2
1871	1879	0
1871	1879	1
1871	1879	2
1880	1874	0
1880	1874	1
1880	1874	2
1881	1873	0
1881	1873	1
1881	1873	2
1881	1880	0
1881	1880	1
1881	1880	2
1872	1878	0
1872	1878	1
1872	1878	2
1882	1883	0
1882	1883	1
1882	1883	2
1884	1876	0
1884	1876	1
1884	1876	2
1878	1884	0
1878	1884	1
1878	1884	2
1884	1877	0
1884	1877	1
1884	1877	2
1881	1874	0
1881	1874	1
1881	1874	2
1885	1881	0
1885	1881	1
1885	1881	2
1885	1883	0
1885	1883	1
1885	1883	2
1886	1883	0
1886	1883	1
1886	1883	2
1886	1881	0
1886	1881	1
1886	1881	2
1879	1878	0
1879	1878	1
1879	1878	2
1879	1872	0
1879	1872	1
1879	1872	2
1882	1881	0
1882	1881	1
1882	1881	2
1883	1881	0
1883	1881	1
1883	1881	2
1886	1882	0
1886	1882	1
1886	1882	2
1886	1885	0
1886	1885	1
1886	1885	2
1878	1877	0
1878	1877	1
1878	1877	2
1887	1888	0
1887	1888	1
1887	1888	2
1887	1889	0
1887	1889	1
1887	1889	2
1890	1891	0
1890	1891	1
1890	1891	2
1892	1890	0
1892	1890	1
1892	1890	2
1887	1892	0
1887	1892	1
1887	1892	2
1889	1890	0
1889	1890	1
1889	1890	2
1888	1889	0
1888	1889	1
1888	1889	2
1893	1894	0
1893	1894	1
1893	1894	2
1895	1896	0
1895	1896	1
1895	1896	2
1895	1897	0
1895	1897	1
1895	1897	2
1897	1896	0
1897	1896	1
1897	1896	2
1898	1899	0
1898	1899	1
1898	1899	2
1900	1901	0
1900	1901	1
1900	1901	2
1902	1903	0
1902	1903	1
1902	1903	2
1904	1905	0
1904	1905	1
1904	1905	2
1904	1906	0
1904	1906	1
1904	1906	2
1907	1908	0
1907	1908	1
1907	1908	2
1898	1909	0
1898	1909	1
1898	1909	2
1899	1910	0
1899	1910	1
1899	1910	2
1903	1901	0
1903	1901	1
1903	1901	2
1911	1903	0
1911	1903	1
1911	1903	2
1912	1913	0
1912	1913	1
1912	1913	2
1906	1905	0
1906	1905	1
1906	1905	2
1902	1911	0
1902	1911	1
1902	1911	2
1914	1915	0
1914	1915	1
1914	1915	2
1916	1899	0
1916	1899	1
1916	1899	2
1917	1918	0
1917	1918	1
1917	1918	2
1919	1909	0
1919	1909	1
1919	1909	2
1920	1908	0
1920	1908	1
1920	1908	2
1918	1902	0
1918	1902	1
1918	1902	2
1899	1914	0
1899	1914	1
1899	1914	2
1911	1900	0
1911	1900	1
1911	1900	2
1914	1910	0
1914	1910	1
1914	1910	2
1919	1898	0
1919	1898	1
1919	1898	2
1911	1901	0
1911	1901	1
1911	1901	2
1906	1919	0
1906	1919	1
1906	1919	2
1920	1907	0
1920	1907	1
1920	1907	2
1921	1922	0
1921	1922	1
1921	1922	2
1923	1924	0
1923	1924	1
1923	1924	2
1925	1924	0
1925	1924	1
1925	1924	2
1926	1927	0
1926	1927	1
1926	1927	2
1928	1929	0
1928	1929	1
1928	1929	2
1930	1931	0
1930	1931	1
1930	1931	2
1932	1933	0
1932	1933	1
1932	1933	2
1934	1935	0
1934	1935	1
1934	1935	2
1932	1924	0
1932	1924	1
1932	1924	2
1936	1937	0
1936	1937	1
1936	1937	2
1938	1939	0
1938	1939	1
1938	1939	2
1940	1941	0
1940	1941	1
1940	1941	2
1941	1942	0
1941	1942	1
1941	1942	2
1943	1944	0
1943	1944	1
1943	1944	2
1928	1945	0
1928	1945	1
1928	1945	2
1946	1947	0
1946	1947	1
1946	1947	2
1948	1939	0
1948	1939	1
1948	1939	2
1931	1949	0
1931	1949	1
1931	1949	2
1933	1924	0
1933	1924	1
1933	1924	2
1936	1950	0
1936	1950	1
1936	1950	2
1951	1939	0
1951	1939	1
1951	1939	2
1940	1952	0
1940	1952	1
1940	1952	2
1940	1930	0
1940	1930	1
1940	1930	2
1953	1951	0
1953	1951	1
1953	1951	2
1954	1955	0
1954	1955	1
1954	1955	2
1951	1938	0
1951	1938	1
1951	1938	2
1956	1957	0
1956	1957	1
1956	1957	2
1941	1952	0
1941	1952	1
1941	1952	2
1957	1946	0
1957	1946	1
1957	1946	2
1922	1958	0
1922	1958	1
1922	1958	2
1926	1959	0
1926	1959	1
1926	1959	2
1960	1926	0
1960	1926	1
1960	1926	2
1961	1958	0
1961	1958	1
1961	1958	2
1922	1961	0
1922	1961	1
1922	1961	2
1962	1938	0
1962	1938	1
1962	1938	2
1963	1932	0
1963	1932	1
1963	1932	2
1962	1951	0
1962	1951	1
1962	1951	2
1964	1927	0
1964	1927	1
1964	1927	2
1965	1966	0
1965	1966	1
1965	1966	2
1952	1930	0
1952	1930	1
1952	1930	2
1947	1941	0
1947	1941	1
1947	1941	2
1948	1938	0
1948	1938	1
1948	1938	2
1967	1968	0
1967	1968	1
1967	1968	2
1947	1942	0
1947	1942	1
1947	1942	2
1923	1932	0
1923	1932	1
1923	1932	2
1956	1946	0
1956	1946	1
1956	1946	2
1934	1965	0
1934	1965	1
1934	1965	2
1969	1921	0
1969	1921	1
1969	1921	2
1935	1966	0
1935	1966	1
1935	1966	2
1970	1949	0
1970	1949	1
1970	1949	2
1947	1952	0
1947	1952	1
1947	1952	2
1963	1924	0
1963	1924	1
1963	1924	2
1955	1922	0
1955	1922	1
1955	1922	2
1927	1971	0
1927	1971	1
1927	1971	2
1945	1929	0
1945	1929	1
1945	1929	2
1931	1964	0
1931	1964	1
1931	1964	2
1970	1931	0
1970	1931	1
1970	1931	2
1939	1972	0
1939	1972	1
1939	1972	2
1955	1961	0
1955	1961	1
1955	1961	2
1935	1973	0
1935	1973	1
1935	1973	2
1954	1922	0
1954	1922	1
1954	1922	2
1925	1932	0
1925	1932	1
1925	1932	2
1925	1963	0
1925	1963	1
1925	1963	2
1960	1931	0
1960	1931	1
1960	1931	2
1970	1964	0
1970	1964	1
1970	1964	2
1960	1949	0
1960	1949	1
1960	1949	2
1954	1961	0
1954	1961	1
1954	1961	2
1953	1938	0
1953	1938	1
1953	1938	2
1962	1948	0
1962	1948	1
1962	1948	2
1921	1954	0
1921	1954	1
1921	1954	2
1949	1926	0
1949	1926	1
1949	1926	2
1974	1965	0
1974	1965	1
1974	1965	2
1975	1921	0
1975	1921	1
1975	1921	2
1976	1947	0
1976	1947	1
1976	1947	2
1977	1943	0
1977	1943	1
1977	1943	2
1950	1937	0
1950	1937	1
1950	1937	2
1923	1933	0
1923	1933	1
1923	1933	2
1926	1964	0
1926	1964	1
1926	1964	2
1949	1964	0
1949	1964	1
1949	1964	2
1930	1960	0
1930	1960	1
1930	1960	2
1930	1949	0
1930	1949	1
1930	1949	2
1959	1927	0
1959	1927	1
1959	1927	2
1957	1976	0
1957	1976	1
1957	1976	2
1941	1930	0
1941	1930	1
1941	1930	2
1946	1976	0
1946	1976	1
1946	1976	2
1959	1971	0
1959	1971	1
1959	1971	2
1960	1964	0
1960	1964	1
1960	1964	2
1978	1965	0
1978	1965	1
1978	1965	2
1955	1958	0
1955	1958	1
1955	1958	2
1969	1975	0
1969	1975	1
1969	1975	2
1978	1934	0
1978	1934	1
1978	1934	2
1965	1935	0
1965	1935	1
1965	1935	2
1953	1962	0
1953	1962	1
1953	1962	2
1931	1926	0
1931	1926	1
1931	1926	2
1979	1975	0
1979	1975	1
1979	1975	2
1954	1958	0
1954	1958	1
1954	1958	2
1923	1925	0
1923	1925	1
1923	1925	2
1978	1974	0
1978	1974	1
1978	1974	2
1980	1981	0
1980	1981	1
1980	1981	2
1982	1981	0
1982	1981	1
1982	1981	2
1983	1984	0
1983	1984	1
1983	1984	2
1983	1985	0
1983	1985	1
1983	1985	2
1986	1987	0
1986	1987	1
1986	1987	2
1988	1989	0
1988	1989	1
1988	1989	2
1987	1990	0
1987	1990	1
1987	1990	2
1991	1990	0
1991	1990	1
1991	1990	2
1991	1992	0
1991	1992	1
1991	1992	2
1987	1993	0
1987	1993	1
1987	1993	2
1994	1995	0
1994	1995	1
1994	1995	2
1996	1997	0
1996	1997	1
1996	1997	2
1990	1998	0
1990	1998	1
1990	1998	2
1999	1987	0
1999	1987	1
1999	1987	2
1999	1990	0
1999	1990	1
1999	1990	2
1987	2000	0
1987	2000	1
1987	2000	2
1989	1996	0
1989	1996	1
1989	1996	2
2001	1989	0
2001	1989	1
2001	1989	2
1996	2002	0
1996	2002	1
1996	2002	2
2003	2004	0
2003	2004	1
2003	2004	2
1990	2005	0
1990	2005	1
1990	2005	2
1987	1988	0
1987	1988	1
1987	1988	2
2006	1995	0
2006	1995	1
2006	1995	2
2007	2008	0
2007	2008	1
2007	2008	2
1992	1990	0
1992	1990	1
1992	1990	2
2009	2006	0
2009	2006	1
2009	2006	2
2002	2010	0
2002	2010	1
2002	2010	2
1986	1998	0
1986	1998	1
1986	1998	2
1993	2000	0
1993	2000	1
1993	2000	2
2000	1990	0
2000	1990	1
2000	1990	2
2002	2004	0
2002	2004	1
2002	2004	2
2002	2003	0
2002	2003	1
2002	2003	2
2000	1988	0
2000	1988	1
2000	1988	2
2007	1995	0
2007	1995	1
2007	1995	2
1993	2001	0
1993	2001	1
1993	2001	2
2007	1994	0
2007	1994	1
2007	1994	2
1998	2001	0
1998	2001	1
1998	2001	2
1987	2001	0
1987	2001	1
1987	2001	2
1991	1993	0
1991	1993	1
1991	1993	2
1997	2004	0
1997	2004	1
1997	2004	2
1991	1987	0
1991	1987	1
1991	1987	2
1992	1998	0
1992	1998	1
1992	1998	2
1992	1993	0
1992	1993	1
1992	1993	2
1992	1987	0
1992	1987	1
1992	1987	2
1997	2003	0
1997	2003	1
1997	2003	2
2004	2006	0
2004	2006	1
2004	2006	2
2008	1995	0
2008	1995	1
2008	1995	2
2009	2008	0
2009	2008	1
2009	2008	2
1990	1988	0
1990	1988	1
1990	1988	2
2009	1995	0
2009	1995	1
2009	1995	2
1986	1992	0
1986	1992	1
1986	1992	2
2006	2007	0
2006	2007	1
2006	2007	2
1986	2000	0
1986	2000	1
1986	2000	2
1987	2005	0
1987	2005	1
1987	2005	2
2010	2004	0
2010	2004	1
2010	2004	2
2009	2007	0
2009	2007	1
2009	2007	2
2002	1997	0
2002	1997	1
2002	1997	2
1993	1998	0
1993	1998	1
1993	1998	2
1992	1999	0
1992	1999	1
1992	1999	2
1993	1988	0
1993	1988	1
1993	1988	2
2000	2005	0
2000	2005	1
2000	2005	2
1986	1993	0
1986	1993	1
1986	1993	2
1991	1999	0
1991	1999	1
1991	1999	2
2005	1989	0
2005	1989	1
2005	1989	2
1994	2008	0
1994	2008	1
1994	2008	2
2005	2001	0
2005	2001	1
2005	2001	2
2004	2009	0
2004	2009	1
2004	2009	2
1997	2010	0
1997	2010	1
1997	2010	2
2005	1988	0
2005	1988	1
2005	1988	2
1991	2000	0
1991	2000	1
1991	2000	2
1991	1998	0
1991	1998	1
1991	1998	2
1986	1991	0
1986	1991	1
1986	1991	2
1986	1999	0
1986	1999	1
1986	1999	2
2010	2009	0
2010	2009	1
2010	2009	2
1999	1993	0
1999	1993	1
1999	1993	2
2006	2008	0
2006	2008	1
2006	2008	2
2010	2006	0
2010	2006	1
2010	2006	2
2011	2012	0
2011	2012	1
2011	2012	2
2011	2013	0
2011	2013	1
2011	2013	2
2014	2015	0
2014	2015	1
2014	2015	2
2016	2017	0
2016	2017	1
2016	2017	2
2018	2016	0
2018	2016	1
2018	2016	2
2016	2019	0
2016	2019	1
2016	2019	2
2020	2021	0
2020	2021	1
2020	2021	2
2017	2022	0
2017	2022	1
2017	2022	2
2023	2024	0
2023	2024	1
2023	2024	2
2018	2019	0
2018	2019	1
2018	2019	2
2025	2019	0
2025	2019	1
2025	2019	2
2026	2027	0
2026	2027	1
2026	2027	2
2011	2020	0
2011	2020	1
2011	2020	2
2011	2028	0
2011	2028	1
2011	2028	2
2029	2030	0
2029	2030	1
2029	2030	2
2031	2011	0
2031	2011	1
2031	2011	2
2032	2012	0
2032	2012	1
2032	2012	2
2033	2029	0
2033	2029	1
2033	2029	2
2020	2028	0
2020	2028	1
2020	2028	2
2026	2013	0
2026	2013	1
2026	2013	2
2034	2029	0
2034	2029	1
2034	2029	2
2035	2015	0
2035	2015	1
2035	2015	2
2036	2014	0
2036	2014	1
2036	2014	2
2033	2030	0
2033	2030	1
2033	2030	2
2024	2022	0
2024	2022	1
2024	2022	2
2020	2027	0
2020	2027	1
2020	2027	2
2037	2034	0
2037	2034	1
2037	2034	2
2019	2017	0
2019	2017	1
2019	2017	2
2034	2030	0
2034	2030	1
2034	2030	2
2018	2024	0
2018	2024	1
2018	2024	2
2038	2033	0
2038	2033	1
2038	2033	2
2026	2039	0
2026	2039	1
2026	2039	2
2031	2012	0
2031	2012	1
2031	2012	2
2022	2034	0
2022	2034	1
2022	2034	2
2037	2038	0
2037	2038	1
2037	2038	2
2016	2024	0
2016	2024	1
2016	2024	2
2020	2026	0
2020	2026	1
2020	2026	2
2021	2039	0
2021	2039	1
2021	2039	2
2016	2025	0
2016	2025	1
2016	2025	2
2034	2033	0
2034	2033	1
2034	2033	2
2011	2027	0
2011	2027	1
2011	2027	2
2029	2031	0
2029	2031	1
2029	2031	2
2021	2028	0
2021	2028	1
2021	2028	2
2011	2032	0
2011	2032	1
2011	2032	2
2020	2013	0
2020	2013	1
2020	2013	2
2021	2013	0
2021	2013	1
2021	2013	2
2016	2023	0
2016	2023	1
2016	2023	2
2012	2039	0
2012	2039	1
2012	2039	2
2027	2012	0
2027	2012	1
2027	2012	2
2011	2026	0
2011	2026	1
2011	2026	2
2032	2013	0
2032	2013	1
2032	2013	2
2026	2028	0
2026	2028	1
2026	2028	2
2032	2039	0
2032	2039	1
2032	2039	2
2031	2021	0
2031	2021	1
2031	2021	2
2011	2039	0
2011	2039	1
2011	2039	2
2025	2017	0
2025	2017	1
2025	2017	2
2012	2028	0
2012	2028	1
2012	2028	2
2023	2019	0
2023	2019	1
2023	2019	2
2031	2020	0
2031	2020	1
2031	2020	2
2032	2020	0
2032	2020	1
2032	2020	2
2031	2032	0
2031	2032	1
2031	2032	2
2022	2037	0
2022	2037	1
2022	2037	2
2018	2025	0
2018	2025	1
2018	2025	2
2020	2012	0
2020	2012	1
2020	2012	2
2032	2021	0
2032	2021	1
2032	2021	2
2026	2012	0
2026	2012	1
2026	2012	2
2025	2024	0
2025	2024	1
2025	2024	2
2032	2026	0
2032	2026	1
2032	2026	2
2031	2026	0
2031	2026	1
2031	2026	2
2028	2013	0
2028	2013	1
2028	2013	2
2027	2013	0
2027	2013	1
2027	2013	2
2027	2028	0
2027	2028	1
2027	2028	2
2032	2027	0
2032	2027	1
2032	2027	2
2035	2014	0
2035	2014	1
2035	2014	2
2019	2022	0
2019	2022	1
2019	2022	2
2024	2017	0
2024	2017	1
2024	2017	2
2026	2021	0
2026	2021	1
2026	2021	2
2013	2039	0
2013	2039	1
2013	2039	2
2021	2012	0
2021	2012	1
2021	2012	2
2032	2028	0
2032	2028	1
2032	2028	2
2038	2034	0
2038	2034	1
2038	2034	2
2018	2017	0
2018	2017	1
2018	2017	2
2037	2030	0
2037	2030	1
2037	2030	2
2027	2039	0
2027	2039	1
2027	2039	2
2018	2023	0
2018	2023	1
2018	2023	2
2040	2041	0
2040	2041	1
2040	2041	2
2042	2043	0
2042	2043	1
2042	2043	2
2044	2043	0
2044	2043	1
2044	2043	2
2045	2046	0
2045	2046	1
2045	2046	2
2044	2047	0
2044	2047	1
2044	2047	2
2048	2049	0
2048	2049	1
2048	2049	2
2050	2041	0
2050	2041	1
2050	2041	2
2048	2042	0
2048	2042	1
2048	2042	2
2051	2042	0
2051	2042	1
2051	2042	2
2050	2052	0
2050	2052	1
2050	2052	2
2053	2045	0
2053	2045	1
2053	2045	2
2054	2040	0
2054	2040	1
2054	2040	2
2043	2055	0
2043	2055	1
2043	2055	2
2056	2057	0
2056	2057	1
2056	2057	2
2053	2046	0
2053	2046	1
2053	2046	2
2049	2042	0
2049	2042	1
2049	2042	2
2058	2055	0
2058	2055	1
2058	2055	2
2059	2053	0
2059	2053	1
2059	2053	2
2045	2060	0
2045	2060	1
2045	2060	2
2054	2052	0
2054	2052	1
2054	2052	2
2050	2040	0
2050	2040	1
2050	2040	2
2061	2057	0
2061	2057	1
2061	2057	2
2059	2060	0
2059	2060	1
2059	2060	2
2040	2052	0
2040	2052	1
2040	2052	2
2056	2048	0
2056	2048	1
2056	2048	2
2057	2049	0
2057	2049	1
2057	2049	2
2056	2049	0
2056	2049	1
2056	2049	2
2054	2050	0
2054	2050	1
2054	2050	2
2043	2058	0
2043	2058	1
2043	2058	2
2047	2058	0
2047	2058	1
2047	2058	2
2060	2046	0
2060	2046	1
2060	2046	2
2042	2047	0
2042	2047	1
2042	2047	2
2047	2055	0
2047	2055	1
2047	2055	2
2044	2055	0
2044	2055	1
2044	2055	2
2042	2044	0
2042	2044	1
2042	2044	2
2059	2046	0
2059	2046	1
2059	2046	2
2051	2049	0
2051	2049	1
2051	2049	2
2059	2045	0
2059	2045	1
2059	2045	2
2056	2051	0
2056	2051	1
2056	2051	2
2057	2051	0
2057	2051	1
2057	2051	2
2062	2063	0
2062	2063	1
2062	2063	2
2064	2065	0
2064	2065	1
2064	2065	2
2066	2067	0
2066	2067	1
2066	2067	2
2068	2069	0
2068	2069	1
2068	2069	2
2070	2071	0
2070	2071	1
2070	2071	2
2072	2067	0
2072	2067	1
2072	2067	2
2073	2074	0
2073	2074	1
2073	2074	2
2075	2076	0
2075	2076	1
2075	2076	2
2077	2078	0
2077	2078	1
2077	2078	2
2079	2080	0
2079	2080	1
2079	2080	2
2080	2078	0
2080	2078	1
2080	2078	2
2071	2081	0
2071	2081	1
2071	2081	2
2063	2082	0
2063	2082	1
2063	2082	2
2083	2084	0
2083	2084	1
2083	2084	2
2081	2068	0
2081	2068	1
2081	2068	2
2070	2072	0
2070	2072	1
2070	2072	2
2083	2085	0
2083	2085	1
2083	2085	2
2068	2086	0
2068	2086	1
2068	2086	2
2072	2071	0
2072	2071	1
2072	2071	2
2074	2087	0
2074	2087	1
2074	2087	2
2079	2078	0
2079	2078	1
2079	2078	2
2088	2075	0
2088	2075	1
2088	2075	2
2070	2081	0
2070	2081	1
2070	2081	2
2086	2089	0
2086	2089	1
2086	2089	2
2064	2063	0
2064	2063	1
2064	2063	2
2072	2066	0
2072	2066	1
2072	2066	2
2077	2079	0
2077	2079	1
2077	2079	2
2070	2066	0
2070	2066	1
2070	2066	2
2084	2085	0
2084	2085	1
2084	2085	2
2073	2087	0
2073	2087	1
2073	2087	2
2089	2090	0
2089	2090	1
2089	2090	2
2087	2091	0
2087	2091	1
2087	2091	2
2086	2092	0
2086	2092	1
2086	2092	2
2071	2067	0
2071	2067	1
2071	2067	2
2093	2067	0
2093	2067	1
2093	2067	2
2067	2069	0
2067	2069	1
2067	2069	2
2093	2081	0
2093	2081	1
2093	2081	2
2093	2069	0
2093	2069	1
2093	2069	2
2066	2071	0
2066	2071	1
2066	2071	2
2066	2093	0
2066	2093	1
2066	2093	2
2094	2089	0
2094	2089	1
2094	2089	2
2064	2062	0
2064	2062	1
2064	2062	2
2071	2068	0
2071	2068	1
2071	2068	2
2075	2095	0
2075	2095	1
2075	2095	2
2093	2068	0
2093	2068	1
2093	2068	2
2069	2092	0
2069	2092	1
2069	2092	2
2072	2081	0
2072	2081	1
2072	2081	2
2062	2065	0
2062	2065	1
2062	2065	2
2072	2093	0
2072	2093	1
2072	2093	2
2068	2092	0
2068	2092	1
2068	2092	2
2086	2094	0
2086	2094	1
2086	2094	2
2063	2065	0
2063	2065	1
2063	2065	2
2082	2070	0
2082	2070	1
2082	2070	2
2094	2090	0
2094	2090	1
2094	2090	2
2096	2077	0
2096	2077	1
2096	2077	2
2070	2093	0
2070	2093	1
2070	2093	2
2065	2082	0
2065	2082	1
2065	2082	2
2097	2098	0
2097	2098	1
2097	2098	2
2088	2095	0
2088	2095	1
2088	2095	2
2090	2099	0
2090	2099	1
2090	2099	2
2067	2081	0
2067	2081	1
2067	2081	2
2073	2091	0
2073	2091	1
2073	2091	2
2066	2081	0
2066	2081	1
2066	2081	2
2100	2101	0
2100	2101	1
2100	2101	2
2102	2103	0
2102	2103	1
2102	2103	2
2104	2105	0
2104	2105	1
2104	2105	2
2106	2107	0
2106	2107	1
2106	2107	2
2108	2109	0
2108	2109	1
2108	2109	2
2108	2110	0
2108	2110	1
2108	2110	2
2111	2112	0
2111	2112	1
2111	2112	2
2113	2103	0
2113	2103	1
2113	2103	2
2105	2114	0
2105	2114	1
2105	2114	2
2115	2109	0
2115	2109	1
2115	2109	2
2105	2110	0
2105	2110	1
2105	2110	2
2116	2117	0
2116	2117	1
2116	2117	2
2108	2114	0
2108	2114	1
2108	2114	2
2118	2119	0
2118	2119	1
2118	2119	2
2120	2118	0
2120	2118	1
2120	2118	2
2121	2108	0
2121	2108	1
2121	2108	2
2119	2122	0
2119	2122	1
2119	2122	2
2123	2109	0
2123	2109	1
2123	2109	2
2113	2124	0
2113	2124	1
2113	2124	2
2125	2111	0
2125	2111	1
2125	2111	2
2125	2126	0
2125	2126	1
2125	2126	2
2102	2113	0
2102	2113	1
2102	2113	2
2123	2114	0
2123	2114	1
2123	2114	2
2116	2127	0
2116	2127	1
2116	2127	2
2127	2117	0
2127	2117	1
2127	2117	2
2123	2105	0
2123	2105	1
2123	2105	2
2107	2117	0
2107	2117	1
2107	2117	2
2108	2104	0
2108	2104	1
2108	2104	2
2128	2129	0
2128	2129	1
2128	2129	2
2118	2122	0
2118	2122	1
2118	2122	2
2130	2131	0
2130	2131	1
2130	2131	2
2132	2125	0
2132	2125	1
2132	2125	2
2108	2123	0
2108	2123	1
2108	2123	2
2105	2109	0
2105	2109	1
2105	2109	2
2133	2134	0
2133	2134	1
2133	2134	2
2109	2114	0
2109	2114	1
2109	2114	2
2107	2116	0
2107	2116	1
2107	2116	2
2104	2115	0
2104	2115	1
2104	2115	2
2108	2115	0
2108	2115	1
2108	2115	2
2104	2114	0
2104	2114	1
2104	2114	2
2115	2114	0
2115	2114	1
2115	2114	2
2106	2116	0
2106	2116	1
2106	2116	2
2106	2117	0
2106	2117	1
2106	2117	2
2131	2135	0
2131	2135	1
2131	2135	2
2129	2102	0
2129	2102	1
2129	2102	2
2126	2120	0
2126	2120	1
2126	2120	2
2112	2120	0
2112	2120	1
2112	2120	2
2135	2128	0
2135	2128	1
2135	2128	2
2110	2115	0
2110	2115	1
2110	2115	2
2123	2110	0
2123	2110	1
2123	2110	2
2121	2104	0
2121	2104	1
2121	2104	2
2110	2114	0
2110	2114	1
2110	2114	2
2126	2112	0
2126	2112	1
2126	2112	2
2125	2112	0
2125	2112	1
2125	2112	2
2105	2133	0
2105	2133	1
2105	2133	2
2109	2133	0
2109	2133	1
2109	2133	2
2111	2120	0
2111	2120	1
2111	2120	2
2104	2109	0
2104	2109	1
2104	2109	2
2104	2110	0
2104	2110	1
2104	2110	2
2110	2109	0
2110	2109	1
2110	2109	2
2131	2128	0
2131	2128	1
2131	2128	2
2114	2133	0
2114	2133	1
2114	2133	2
2123	2133	0
2123	2133	1
2123	2133	2
2107	2127	0
2107	2127	1
2107	2127	2
2123	2115	0
2123	2115	1
2123	2115	2
2136	2137	0
2136	2137	1
2136	2137	2
2138	2139	0
2138	2139	1
2138	2139	2
2140	2141	0
2140	2141	1
2140	2141	2
2142	2143	0
2142	2143	1
2142	2143	2
2144	2145	0
2144	2145	1
2144	2145	2
2146	2147	0
2146	2147	1
2146	2147	2
2148	2149	0
2148	2149	1
2148	2149	2
2148	2150	0
2148	2150	1
2148	2150	2
2151	2152	0
2151	2152	1
2151	2152	2
2140	2153	0
2140	2153	1
2140	2153	2
2154	2155	0
2154	2155	1
2154	2155	2
2156	2157	0
2156	2157	1
2156	2157	2
2155	2158	0
2155	2158	1
2155	2158	2
2142	2156	0
2142	2156	1
2142	2156	2
2159	2160	0
2159	2160	1
2159	2160	2
2138	2161	0
2138	2161	1
2138	2161	2
2147	2162	0
2147	2162	1
2147	2162	2
2155	2163	0
2155	2163	1
2155	2163	2
2141	2164	0
2141	2164	1
2141	2164	2
2139	2161	0
2139	2161	1
2139	2161	2
2165	2166	0
2165	2166	1
2165	2166	2
2167	2136	0
2167	2136	1
2167	2136	2
2168	2169	0
2168	2169	1
2168	2169	2
2152	2154	0
2152	2154	1
2152	2154	2
2170	2151	0
2170	2151	1
2170	2151	2
2171	2152	0
2171	2152	1
2171	2152	2
2172	2173	0
2172	2173	1
2172	2173	2
2174	2146	0
2174	2146	1
2174	2146	2
2175	2157	0
2175	2157	1
2175	2157	2
2176	2177	0
2176	2177	1
2176	2177	2
2173	2150	0
2173	2150	1
2173	2150	2
2171	2154	0
2171	2154	1
2171	2154	2
2153	2178	0
2153	2178	1
2153	2178	2
2158	2163	0
2158	2163	1
2158	2163	2
2179	2149	0
2179	2149	1
2179	2149	2
2150	2149	0
2150	2149	1
2150	2149	2
2165	2180	0
2165	2180	1
2165	2180	2
2155	2141	0
2155	2141	1
2155	2141	2
2141	2153	0
2141	2153	1
2141	2153	2
2163	2153	0
2163	2153	1
2163	2153	2
2158	2141	0
2158	2141	1
2158	2141	2
2138	2137	0
2138	2137	1
2138	2137	2
2161	2174	0
2161	2174	1
2161	2174	2
2156	2154	0
2156	2154	1
2156	2154	2
2148	2181	0
2148	2181	1
2148	2181	2
2182	2183	0
2182	2183	1
2182	2183	2
2184	2154	0
2184	2154	1
2184	2154	2
2184	2142	0
2184	2142	1
2184	2142	2
2166	2170	0
2166	2170	1
2166	2170	2
2170	2142	0
2170	2142	1
2170	2142	2
2173	2148	0
2173	2148	1
2173	2148	2
2185	2186	0
2185	2186	1
2185	2186	2
2184	2171	0
2184	2171	1
2184	2171	2
2141	2187	0
2141	2187	1
2141	2187	2
2188	2189	0
2188	2189	1
2188	2189	2
2183	2190	0
2183	2190	1
2183	2190	2
2184	2152	0
2184	2152	1
2184	2152	2
2164	2187	0
2164	2187	1
2164	2187	2
2191	2139	0
2191	2139	1
2191	2139	2
2173	2181	0
2173	2181	1
2173	2181	2
2157	2159	0
2157	2159	1
2157	2159	2
2184	2175	0
2184	2175	1
2184	2175	2
2177	2166	0
2177	2166	1
2177	2166	2
2167	2138	0
2167	2138	1
2167	2138	2
2143	2154	0
2143	2154	1
2143	2154	2
2192	2152	0
2192	2152	1
2192	2152	2
2149	2188	0
2149	2188	1
2149	2188	2
2143	2152	0
2143	2152	1
2143	2152	2
2153	2160	0
2153	2160	1
2153	2160	2
2192	2142	0
2192	2142	1
2192	2142	2
2136	2174	0
2136	2174	1
2136	2174	2
2142	2171	0
2142	2171	1
2142	2171	2
2193	2183	0
2193	2183	1
2193	2183	2
2192	2154	0
2192	2154	1
2192	2154	2
2170	2143	0
2170	2143	1
2170	2143	2
2147	2145	0
2147	2145	1
2147	2145	2
2181	2179	0
2181	2179	1
2181	2179	2
2192	2171	0
2192	2171	1
2192	2171	2
2190	2177	0
2190	2177	1
2190	2177	2
2155	2157	0
2155	2157	1
2155	2157	2
2146	2162	0
2146	2162	1
2146	2162	2
2167	2161	0
2167	2161	1
2167	2161	2
2136	2138	0
2136	2138	1
2136	2138	2
2162	2145	0
2162	2145	1
2162	2145	2
2182	2190	0
2182	2190	1
2182	2190	2
2175	2194	0
2175	2194	1
2175	2194	2
2189	2167	0
2189	2167	1
2189	2167	2
2195	2193	0
2195	2193	1
2195	2193	2
2168	2170	0
2168	2170	1
2168	2170	2
2154	2158	0
2154	2158	1
2154	2158	2
2159	2153	0
2159	2153	1
2159	2153	2
2172	2185	0
2172	2185	1
2172	2185	2
2196	2173	0
2196	2173	1
2196	2173	2
2173	2179	0
2173	2179	1
2173	2179	2
2165	2169	0
2165	2169	1
2165	2169	2
2144	2195	0
2144	2195	1
2144	2195	2
2159	2141	0
2159	2141	1
2159	2141	2
2140	2160	0
2140	2160	1
2140	2160	2
2196	2179	0
2196	2179	1
2196	2179	2
2175	2158	0
2175	2158	1
2175	2158	2
2172	2197	0
2172	2197	1
2172	2197	2
2194	2140	0
2194	2140	1
2194	2140	2
2159	2164	0
2159	2164	1
2159	2164	2
2160	2164	0
2160	2164	1
2160	2164	2
2191	2138	0
2191	2138	1
2191	2138	2
2194	2141	0
2194	2141	1
2194	2141	2
2165	2168	0
2165	2168	1
2165	2168	2
2155	2194	0
2155	2194	1
2155	2194	2
2177	2180	0
2177	2180	1
2177	2180	2
2143	2156	0
2143	2156	1
2143	2156	2
2190	2176	0
2190	2176	1
2190	2176	2
2152	2158	0
2152	2158	1
2152	2158	2
2196	2181	0
2196	2181	1
2196	2181	2
2162	2198	0
2162	2198	1
2162	2198	2
2166	2169	0
2166	2169	1
2166	2169	2
2190	2165	0
2190	2165	1
2190	2165	2
2184	2143	0
2184	2143	1
2184	2143	2
2157	2141	0
2157	2141	1
2157	2141	2
2163	2164	0
2163	2164	1
2163	2164	2
2181	2149	0
2181	2149	1
2181	2149	2
2171	2175	0
2171	2175	1
2171	2175	2
2197	2173	0
2197	2173	1
2197	2173	2
2150	2179	0
2150	2179	1
2150	2179	2
2177	2168	0
2177	2168	1
2177	2168	2
2156	2194	0
2156	2194	1
2156	2194	2
2192	2184	0
2192	2184	1
2192	2184	2
2185	2173	0
2185	2173	1
2185	2173	2
2152	2156	0
2152	2156	1
2152	2156	2
2159	2187	0
2159	2187	1
2159	2187	2
2177	2165	0
2177	2165	1
2177	2165	2
2136	2139	0
2136	2139	1
2136	2139	2
2198	2195	0
2198	2195	1
2198	2195	2
2158	2159	0
2158	2159	1
2158	2159	2
2199	2148	0
2199	2148	1
2199	2148	2
2167	2139	0
2167	2139	1
2167	2139	2
2163	2187	0
2163	2187	1
2163	2187	2
2200	2186	0
2200	2186	1
2200	2186	2
2157	2140	0
2157	2140	1
2157	2140	2
2182	2176	0
2182	2176	1
2182	2176	2
2176	2165	0
2176	2165	1
2176	2165	2
2180	2170	0
2180	2170	1
2180	2170	2
2158	2194	0
2158	2194	1
2158	2194	2
2180	2169	0
2180	2169	1
2180	2169	2
2186	2196	0
2186	2196	1
2186	2196	2
2194	2159	0
2194	2159	1
2194	2159	2
2167	2191	0
2167	2191	1
2167	2191	2
2193	2176	0
2193	2176	1
2193	2176	2
2151	2171	0
2151	2171	1
2151	2171	2
2186	2197	0
2186	2197	1
2186	2197	2
2169	2170	0
2169	2170	1
2169	2170	2
2153	2164	0
2153	2164	1
2153	2164	2
2194	2163	0
2194	2163	1
2194	2163	2
2142	2152	0
2142	2152	1
2142	2152	2
2171	2143	0
2171	2143	1
2171	2143	2
2164	2178	0
2164	2178	1
2164	2178	2
2189	2191	0
2189	2191	1
2189	2191	2
2187	2178	0
2187	2178	1
2187	2178	2
2153	2187	0
2153	2187	1
2153	2187	2
2195	2183	0
2195	2183	1
2195	2183	2
2140	2163	0
2140	2163	1
2140	2163	2
2140	2187	0
2140	2187	1
2140	2187	2
2174	2137	0
2174	2137	1
2174	2137	2
2159	2140	0
2159	2140	1
2159	2140	2
2136	2161	0
2136	2161	1
2136	2161	2
2191	2161	0
2191	2161	1
2191	2161	2
2191	2136	0
2191	2136	1
2191	2136	2
2137	2146	0
2137	2146	1
2137	2146	2
2145	2195	0
2145	2195	1
2145	2195	2
2142	2154	0
2142	2154	1
2142	2154	2
2173	2199	0
2173	2199	1
2173	2199	2
2154	2157	0
2154	2157	1
2154	2157	2
2200	2172	0
2200	2172	1
2200	2172	2
2141	2163	0
2141	2163	1
2141	2163	2
2156	2175	0
2156	2175	1
2156	2175	2
2157	2158	0
2157	2158	1
2157	2158	2
2152	2175	0
2152	2175	1
2152	2175	2
2199	2181	0
2199	2181	1
2199	2181	2
2155	2159	0
2155	2159	1
2155	2159	2
2139	2137	0
2139	2137	1
2139	2137	2
2196	2150	0
2196	2150	1
2196	2150	2
2183	2176	0
2183	2176	1
2183	2176	2
2197	2196	0
2197	2196	1
2197	2196	2
2184	2156	0
2184	2156	1
2184	2156	2
2200	2197	0
2200	2197	1
2200	2197	2
2157	2194	0
2157	2194	1
2157	2194	2
2185	2197	0
2185	2197	1
2185	2197	2
2168	2180	0
2168	2180	1
2168	2180	2
2163	2160	0
2163	2160	1
2163	2160	2
2185	2196	0
2185	2196	1
2185	2196	2
2138	2174	0
2138	2174	1
2138	2174	2
2142	2151	0
2142	2151	1
2142	2151	2
2152	2157	0
2152	2157	1
2152	2157	2
2197	2199	0
2197	2199	1
2197	2199	2
2154	2194	0
2154	2194	1
2154	2194	2
2172	2196	0
2172	2196	1
2172	2196	2
2170	2171	0
2170	2171	1
2170	2171	2
2152	2155	0
2152	2155	1
2152	2155	2
2196	2199	0
2196	2199	1
2196	2199	2
2172	2186	0
2172	2186	1
2172	2186	2
2201	2202	0
2201	2202	1
2201	2202	2
2203	2204	0
2203	2204	1
2203	2204	2
2205	2206	0
2205	2206	1
2205	2206	2
2207	2208	0
2207	2208	1
2207	2208	2
2209	2210	0
2209	2210	1
2209	2210	2
2211	2212	0
2211	2212	1
2211	2212	2
2213	2214	0
2213	2214	1
2213	2214	2
2214	2215	0
2214	2215	1
2214	2215	2
2216	2217	0
2216	2217	1
2216	2217	2
2218	2219	0
2218	2219	1
2218	2219	2
2202	2220	0
2202	2220	1
2202	2220	2
2221	2219	0
2221	2219	1
2221	2219	2
2221	2218	0
2221	2218	1
2221	2218	2
2222	2223	0
2222	2223	1
2222	2223	2
2219	2223	0
2219	2223	1
2219	2223	2
2224	2225	0
2224	2225	1
2224	2225	2
2217	2226	0
2217	2226	1
2217	2226	2
2227	2206	0
2227	2206	1
2227	2206	2
2228	2229	0
2228	2229	1
2228	2229	2
2230	2231	0
2230	2231	1
2230	2231	2
2203	2220	0
2203	2220	1
2203	2220	2
2204	2232	0
2204	2232	1
2204	2232	2
2233	2234	0
2233	2234	1
2233	2234	2
2235	2232	0
2235	2232	1
2235	2232	2
2205	2236	0
2205	2236	1
2205	2236	2
2203	2202	0
2203	2202	1
2203	2202	2
2216	2210	0
2216	2210	1
2216	2210	2
2237	2238	0
2237	2238	1
2237	2238	2
2212	2205	0
2212	2205	1
2212	2205	2
2239	2240	0
2239	2240	1
2239	2240	2
2231	2241	0
2231	2241	1
2231	2241	2
2220	2232	0
2220	2232	1
2220	2232	2
2238	2242	0
2238	2242	1
2238	2242	2
2220	2243	0
2220	2243	1
2220	2243	2
2211	2236	0
2211	2236	1
2211	2236	2
2244	2245	0
2244	2245	1
2244	2245	2
2246	2241	0
2246	2241	1
2246	2241	2
2233	2247	0
2233	2247	1
2233	2247	2
2240	2210	0
2240	2210	1
2240	2210	2
2248	2201	0
2248	2201	1
2248	2201	2
2202	2204	0
2202	2204	1
2202	2204	2
2249	2231	0
2249	2231	1
2249	2231	2
2250	2206	0
2250	2206	1
2250	2206	2
2226	2251	0
2226	2251	1
2226	2251	2
2209	2216	0
2209	2216	1
2209	2216	2
2251	2229	0
2251	2229	1
2251	2229	2
2252	2216	0
2252	2216	1
2252	2216	2
2219	2222	0
2219	2222	1
2219	2222	2
2253	2211	0
2253	2211	1
2253	2211	2
2254	2255	0
2254	2255	1
2254	2255	2
2238	2256	0
2238	2256	1
2238	2256	2
2208	2257	0
2208	2257	1
2208	2257	2
2258	2224	0
2258	2224	1
2258	2224	2
2212	2206	0
2212	2206	1
2212	2206	2
2236	2250	0
2236	2250	1
2236	2250	2
2256	2242	0
2256	2242	1
2256	2242	2
2238	2259	0
2238	2259	1
2238	2259	2
2260	2261	0
2260	2261	1
2260	2261	2
2223	2246	0
2223	2246	1
2223	2246	2
2230	2246	0
2230	2246	1
2230	2246	2
2210	2226	0
2210	2226	1
2210	2226	2
2262	2224	0
2262	2224	1
2262	2224	2
2239	2252	0
2239	2252	1
2239	2252	2
2263	2240	0
2263	2240	1
2263	2240	2
2235	2243	0
2235	2243	1
2235	2243	2
2206	2239	0
2206	2239	1
2206	2239	2
2250	2263	0
2250	2263	1
2250	2263	2
2252	2217	0
2252	2217	1
2252	2217	2
2239	2209	0
2239	2209	1
2239	2209	2
2224	2213	0
2224	2213	1
2224	2213	2
2202	2235	0
2202	2235	1
2202	2235	2
2223	2249	0
2223	2249	1
2223	2249	2
2264	2265	0
2264	2265	1
2264	2265	2
2243	2232	0
2243	2232	1
2243	2232	2
2230	2222	0
2230	2222	1
2230	2222	2
2222	2241	0
2222	2241	1
2222	2241	2
2240	2252	0
2240	2252	1
2240	2252	2
2256	2259	0
2256	2259	1
2256	2259	2
2212	2227	0
2212	2227	1
2212	2227	2
2260	2218	0
2260	2218	1
2260	2218	2
2212	2236	0
2212	2236	1
2212	2236	2
2211	2227	0
2211	2227	1
2211	2227	2
2207	2257	0
2207	2257	1
2207	2257	2
2250	2239	0
2250	2239	1
2250	2239	2
2266	2203	0
2266	2203	1
2266	2203	2
2266	2202	0
2266	2202	1
2266	2202	2
2221	2245	0
2221	2245	1
2221	2245	2
2266	2201	0
2266	2201	1
2266	2201	2
2230	2241	0
2230	2241	1
2230	2241	2
2242	2253	0
2242	2253	1
2242	2253	2
2237	2267	0
2237	2267	1
2237	2267	2
2235	2220	0
2235	2220	1
2235	2220	2
2234	2254	0
2234	2254	1
2234	2254	2
2225	2213	0
2225	2213	1
2225	2213	2
2206	2252	0
2206	2252	1
2206	2252	2
2212	2250	0
2212	2250	1
2212	2250	2
2222	2207	0
2222	2207	1
2222	2207	2
2234	2255	0
2234	2255	1
2234	2255	2
2244	2219	0
2244	2219	1
2244	2219	2
2204	2235	0
2204	2235	1
2204	2235	2
2267	2256	0
2267	2256	1
2267	2256	2
2263	2209	0
2263	2209	1
2263	2209	2
2250	2209	0
2250	2209	1
2250	2209	2
2205	2227	0
2205	2227	1
2205	2227	2
2248	2202	0
2248	2202	1
2248	2202	2
2246	2249	0
2246	2249	1
2246	2249	2
2204	2220	0
2204	2220	1
2204	2220	2
2219	2230	0
2219	2230	1
2219	2230	2
2267	2238	0
2267	2238	1
2267	2238	2
2263	2252	0
2263	2252	1
2263	2252	2
2263	2217	0
2263	2217	1
2263	2217	2
2227	2250	0
2227	2250	1
2227	2250	2
2255	2268	0
2255	2268	1
2255	2268	2
2249	2241	0
2249	2241	1
2249	2241	2
2262	2213	0
2262	2213	1
2262	2213	2
2241	2257	0
2241	2257	1
2241	2257	2
2230	2249	0
2230	2249	1
2230	2249	2
2206	2263	0
2206	2263	1
2206	2263	2
2249	2257	0
2249	2257	1
2249	2257	2
2230	2223	0
2230	2223	1
2230	2223	2
2252	2210	0
2252	2210	1
2252	2210	2
2223	2241	0
2223	2241	1
2223	2241	2
2260	2245	0
2260	2245	1
2260	2245	2
2249	2207	0
2249	2207	1
2249	2207	2
2206	2240	0
2206	2240	1
2206	2240	2
2241	2208	0
2241	2208	1
2241	2208	2
2260	2244	0
2260	2244	1
2260	2244	2
2230	2207	0
2230	2207	1
2230	2207	2
2247	2234	0
2247	2234	1
2247	2234	2
2222	2231	0
2222	2231	1
2222	2231	2
2207	2241	0
2207	2241	1
2207	2241	2
2244	2221	0
2244	2221	1
2244	2221	2
2209	2252	0
2209	2252	1
2209	2252	2
2205	2250	0
2205	2250	1
2205	2250	2
2250	2252	0
2250	2252	1
2250	2252	2
2203	2235	0
2203	2235	1
2203	2235	2
2258	2225	0
2258	2225	1
2258	2225	2
2267	2259	0
2267	2259	1
2267	2259	2
2263	2239	0
2263	2239	1
2263	2239	2
2261	2221	0
2261	2221	1
2261	2221	2
2231	2257	0
2231	2257	1
2231	2257	2
2239	2216	0
2239	2216	1
2239	2216	2
2257	2264	0
2257	2264	1
2257	2264	2
2260	2221	0
2260	2221	1
2260	2221	2
2240	2217	0
2240	2217	1
2240	2217	2
2244	2218	0
2244	2218	1
2244	2218	2
2222	2246	0
2222	2246	1
2222	2246	2
2246	2207	0
2246	2207	1
2246	2207	2
2259	2253	0
2259	2253	1
2259	2253	2
2245	2218	0
2245	2218	1
2245	2218	2
2237	2256	0
2237	2256	1
2237	2256	2
2215	2237	0
2215	2237	1
2215	2237	2
2262	2225	0
2262	2225	1
2262	2225	2
2233	2254	0
2233	2254	1
2233	2254	2
2247	2254	0
2247	2254	1
2247	2254	2
2208	2264	0
2208	2264	1
2208	2264	2
2240	2216	0
2240	2216	1
2240	2216	2
2249	2208	0
2249	2208	1
2249	2208	2
2211	2205	0
2211	2205	1
2211	2205	2
2261	2218	0
2261	2218	1
2261	2218	2
2223	2207	0
2223	2207	1
2223	2207	2
2269	2270	0
2269	2270	1
2269	2270	2
2271	2272	0
2271	2272	1
2271	2272	2
2273	2269	0
2273	2269	1
2273	2269	2
2274	2275	0
2274	2275	1
2274	2275	2
2271	2276	0
2271	2276	1
2271	2276	2
2277	2278	0
2277	2278	1
2277	2278	2
2279	2276	0
2279	2276	1
2279	2276	2
2280	2281	0
2280	2281	1
2280	2281	2
2281	2278	0
2281	2278	1
2281	2278	2
2280	2282	0
2280	2282	1
2280	2282	2
2281	2282	0
2281	2282	1
2281	2282	2
2283	2273	0
2283	2273	1
2283	2273	2
2284	2285	0
2284	2285	1
2284	2285	2
2275	2282	0
2275	2282	1
2275	2282	2
2273	2270	0
2273	2270	1
2273	2270	2
2270	2286	0
2270	2286	1
2270	2286	2
2284	2275	0
2284	2275	1
2284	2275	2
2279	2287	0
2279	2287	1
2279	2287	2
2279	2271	0
2279	2271	1
2279	2271	2
2277	2282	0
2277	2282	1
2277	2282	2
2282	2273	0
2282	2273	1
2282	2273	2
2287	2276	0
2287	2276	1
2287	2276	2
2282	2283	0
2282	2283	1
2282	2283	2
2285	2280	0
2285	2280	1
2285	2280	2
2278	2282	0
2278	2282	1
2278	2282	2
2284	2277	0
2284	2277	1
2284	2277	2
2274	2285	0
2274	2285	1
2274	2285	2
2288	2270	0
2288	2270	1
2288	2270	2
2276	2272	0
2276	2272	1
2276	2272	2
2278	2283	0
2278	2283	1
2278	2283	2
2273	2288	0
2273	2288	1
2273	2288	2
2280	2277	0
2280	2277	1
2280	2277	2
2280	2278	0
2280	2278	1
2280	2278	2
2275	2283	0
2275	2283	1
2275	2283	2
2284	2274	0
2284	2274	1
2284	2274	2
2284	2280	0
2284	2280	1
2284	2280	2
2274	2277	0
2274	2277	1
2274	2277	2
2285	2277	0
2285	2277	1
2285	2277	2
2283	2288	0
2283	2288	1
2283	2288	2
2287	2272	0
2287	2272	1
2287	2272	2
2274	2281	0
2274	2281	1
2274	2281	2
2277	2281	0
2277	2281	1
2277	2281	2
2282	2288	0
2282	2288	1
2282	2288	2
2280	2275	0
2280	2275	1
2280	2275	2
2275	2278	0
2275	2278	1
2275	2278	2
2275	2281	0
2275	2281	1
2275	2281	2
2279	2272	0
2279	2272	1
2279	2272	2
2285	2275	0
2285	2275	1
2285	2275	2
2284	2281	0
2284	2281	1
2284	2281	2
2278	2273	0
2278	2273	1
2278	2273	2
2285	2281	0
2285	2281	1
2285	2281	2
2278	2288	0
2278	2288	1
2278	2288	2
2281	2283	0
2281	2283	1
2281	2283	2
2288	2269	0
2288	2269	1
2288	2269	2
2287	2271	0
2287	2271	1
2287	2271	2
2289	2290	0
2289	2290	1
2289	2290	2
2291	2292	0
2291	2292	1
2291	2292	2
2293	2294	0
2293	2294	1
2293	2294	2
2295	2296	0
2295	2296	1
2295	2296	2
2297	2298	0
2297	2298	1
2297	2298	2
2299	2300	0
2299	2300	1
2299	2300	2
2295	2301	0
2295	2301	1
2295	2301	2
2302	2303	0
2302	2303	1
2302	2303	2
2304	2292	0
2304	2292	1
2304	2292	2
2305	2290	0
2305	2290	1
2305	2290	2
2306	2301	0
2306	2301	1
2306	2301	2
2307	2308	0
2307	2308	1
2307	2308	2
2308	2309	0
2308	2309	1
2308	2309	2
2302	2310	0
2302	2310	1
2302	2310	2
2311	2312	0
2311	2312	1
2311	2312	2
2304	2313	0
2304	2313	1
2304	2313	2
2314	2315	0
2314	2315	1
2314	2315	2
2315	2316	0
2315	2316	1
2315	2316	2
2310	2317	0
2310	2317	1
2310	2317	2
2300	2291	0
2300	2291	1
2300	2291	2
2311	2317	0
2311	2317	1
2311	2317	2
2304	2297	0
2304	2297	1
2304	2297	2
2306	2296	0
2306	2296	1
2306	2296	2
2318	2301	0
2318	2301	1
2318	2301	2
2300	2319	0
2300	2319	1
2300	2319	2
2320	2309	0
2320	2309	1
2320	2309	2
2306	2305	0
2306	2305	1
2306	2305	2
2303	2321	0
2303	2321	1
2303	2321	2
2322	2323	0
2322	2323	1
2322	2323	2
2313	2298	0
2313	2298	1
2313	2298	2
2320	2299	0
2320	2299	1
2320	2299	2
2324	2296	0
2324	2296	1
2324	2296	2
2325	2326	0
2325	2326	1
2325	2326	2
2326	2304	0
2326	2304	1
2326	2304	2
2310	2327	0
2310	2327	1
2310	2327	2
2328	2297	0
2328	2297	1
2328	2297	2
2327	2321	0
2327	2321	1
2327	2321	2
2310	2329	0
2310	2329	1
2310	2329	2
2329	2321	0
2329	2321	1
2329	2321	2
2317	2323	0
2317	2323	1
2317	2323	2
2292	2298	0
2292	2298	1
2292	2298	2
2307	2323	0
2307	2323	1
2307	2323	2
2313	2314	0
2313	2314	1
2313	2314	2
2325	2291	0
2325	2291	1
2325	2291	2
2307	2320	0
2307	2320	1
2307	2320	2
2327	2322	0
2327	2322	1
2327	2322	2
2293	2330	0
2293	2330	1
2293	2330	2
2294	2331	0
2294	2331	1
2294	2331	2
2297	2314	0
2297	2314	1
2297	2314	2
2296	2290	0
2296	2290	1
2296	2290	2
2310	2322	0
2310	2322	1
2310	2322	2
2323	2320	0
2323	2320	1
2323	2320	2
2321	2307	0
2321	2307	1
2321	2307	2
2293	2332	0
2293	2332	1
2293	2332	2
2289	2333	0
2289	2333	1
2289	2333	2
2303	2329	0
2303	2329	1
2303	2329	2
2304	2298	0
2304	2298	1
2304	2298	2
2303	2317	0
2303	2317	1
2303	2317	2
2326	2292	0
2326	2292	1
2326	2292	2
2324	2301	0
2324	2301	1
2324	2301	2
2316	2293	0
2316	2293	1
2316	2293	2
2328	2313	0
2328	2313	1
2328	2313	2
2300	2325	0
2300	2325	1
2300	2325	2
2334	2311	0
2334	2311	1
2334	2311	2
2334	2312	0
2334	2312	1
2334	2312	2
2327	2323	0
2327	2323	1
2327	2323	2
2316	2332	0
2316	2332	1
2316	2332	2
2303	2327	0
2303	2327	1
2303	2327	2
2308	2299	0
2308	2299	1
2308	2299	2
2317	2321	0
2317	2321	1
2317	2321	2
2324	2305	0
2324	2305	1
2324	2305	2
2289	2335	0
2289	2335	1
2289	2335	2
2333	2302	0
2333	2302	1
2333	2302	2
2291	2326	0
2291	2326	1
2291	2326	2
2312	2327	0
2312	2327	1
2312	2327	2
2330	2332	0
2330	2332	1
2330	2332	2
2297	2315	0
2297	2315	1
2297	2315	2
2292	2328	0
2292	2328	1
2292	2328	2
2295	2305	0
2295	2305	1
2295	2305	2
2310	2312	0
2310	2312	1
2310	2312	2
2335	2334	0
2335	2334	1
2335	2334	2
2319	2325	0
2319	2325	1
2319	2325	2
2322	2307	0
2322	2307	1
2322	2307	2
2292	2313	0
2292	2313	1
2292	2313	2
2304	2328	0
2304	2328	1
2304	2328	2
2334	2329	0
2334	2329	1
2334	2329	2
2306	2318	0
2306	2318	1
2306	2318	2
2301	2296	0
2301	2296	1
2301	2296	2
2326	2313	0
2326	2313	1
2326	2313	2
2302	2329	0
2302	2329	1
2302	2329	2
2303	2322	0
2303	2322	1
2303	2322	2
2319	2291	0
2319	2291	1
2319	2291	2
2317	2307	0
2317	2307	1
2317	2307	2
2325	2304	0
2325	2304	1
2325	2304	2
2309	2319	0
2309	2319	1
2309	2319	2
2318	2295	0
2318	2295	1
2318	2295	2
2308	2320	0
2308	2320	1
2308	2320	2
2305	2289	0
2305	2289	1
2305	2289	2
2329	2311	0
2329	2311	1
2329	2311	2
2326	2297	0
2326	2297	1
2326	2297	2
2310	2311	0
2310	2311	1
2310	2311	2
2309	2299	0
2309	2299	1
2309	2299	2
2311	2322	0
2311	2322	1
2311	2322	2
2327	2307	0
2327	2307	1
2327	2307	2
2312	2321	0
2312	2321	1
2312	2321	2
2297	2313	0
2297	2313	1
2297	2313	2
2311	2321	0
2311	2321	1
2311	2321	2
2334	2303	0
2334	2303	1
2334	2303	2
2290	2335	0
2290	2335	1
2290	2335	2
2313	2315	0
2313	2315	1
2313	2315	2
2318	2296	0
2318	2296	1
2318	2296	2
2318	2305	0
2318	2305	1
2318	2305	2
2296	2305	0
2296	2305	1
2296	2305	2
2327	2317	0
2327	2317	1
2327	2317	2
2330	2294	0
2330	2294	1
2330	2294	2
2302	2311	0
2302	2311	1
2302	2311	2
2324	2295	0
2324	2295	1
2324	2295	2
2322	2317	0
2322	2317	1
2322	2317	2
2303	2311	0
2303	2311	1
2303	2311	2
2324	2318	0
2324	2318	1
2324	2318	2
2332	2294	0
2332	2294	1
2332	2294	2
2294	2336	0
2294	2336	1
2294	2336	2
2316	2330	0
2316	2330	1
2316	2330	2
2314	2316	0
2314	2316	1
2314	2316	2
2302	2334	0
2302	2334	1
2302	2334	2
2291	2328	0
2291	2328	1
2291	2328	2
2292	2297	0
2292	2297	1
2292	2297	2
2306	2295	0
2306	2295	1
2306	2295	2
2291	2304	0
2291	2304	1
2291	2304	2
2312	2317	0
2312	2317	1
2312	2317	2
2325	2292	0
2325	2292	1
2325	2292	2
2329	2327	0
2329	2327	1
2329	2327	2
2333	2334	0
2333	2334	1
2333	2334	2
2333	2335	0
2333	2335	1
2333	2335	2
2321	2323	0
2321	2323	1
2321	2323	2
2329	2322	0
2329	2322	1
2329	2322	2
2334	2310	0
2334	2310	1
2334	2310	2
2296	2289	0
2296	2289	1
2296	2289	2
2337	2338	0
2337	2338	1
2337	2338	2
2339	2340	0
2339	2340	1
2339	2340	2
2341	2342	0
2341	2342	1
2341	2342	2
2343	2344	0
2343	2344	1
2343	2344	2
2341	2345	0
2341	2345	1
2341	2345	2
2346	2347	0
2346	2347	1
2346	2347	2
2348	2349	0
2348	2349	1
2348	2349	2
2350	2349	0
2350	2349	1
2350	2349	2
2351	2352	0
2351	2352	1
2351	2352	2
2342	2345	0
2342	2345	1
2342	2345	2
2353	2354	0
2353	2354	1
2353	2354	2
2355	2356	0
2355	2356	1
2355	2356	2
2357	2358	0
2357	2358	1
2357	2358	2
2359	2360	0
2359	2360	1
2359	2360	2
2361	2362	0
2361	2362	1
2361	2362	2
2357	2363	0
2357	2363	1
2357	2363	2
2339	2364	0
2339	2364	1
2339	2364	2
2365	2366	0
2365	2366	1
2365	2366	2
2367	2363	0
2367	2363	1
2367	2363	2
2368	2369	0
2368	2369	1
2368	2369	2
2370	2371	0
2370	2371	1
2370	2371	2
2372	2373	0
2372	2373	1
2372	2373	2
2340	2354	0
2340	2354	1
2340	2354	2
2337	2374	0
2337	2374	1
2337	2374	2
2375	2376	0
2375	2376	1
2375	2376	2
2377	2378	0
2377	2378	1
2377	2378	2
2379	2380	0
2379	2380	1
2379	2380	2
2376	2381	0
2376	2381	1
2376	2381	2
2382	2350	0
2382	2350	1
2382	2350	2
2368	2383	0
2368	2383	1
2368	2383	2
2384	2385	0
2384	2385	1
2384	2385	2
2386	2387	0
2386	2387	1
2386	2387	2
2388	2389	0
2388	2389	1
2388	2389	2
2390	2337	0
2390	2337	1
2390	2337	2
2391	2362	0
2391	2362	1
2391	2362	2
2392	2393	0
2392	2393	1
2392	2393	2
2394	2395	0
2394	2395	1
2394	2395	2
2396	2397	0
2396	2397	1
2396	2397	2
2361	2398	0
2361	2398	1
2361	2398	2
2391	2399	0
2391	2399	1
2391	2399	2
2395	2381	0
2395	2381	1
2395	2381	2
2375	2381	0
2375	2381	1
2375	2381	2
2392	2398	0
2392	2398	1
2392	2398	2
2400	2401	0
2400	2401	1
2400	2401	2
2402	2403	0
2402	2403	1
2402	2403	2
2340	2356	0
2340	2356	1
2340	2356	2
2404	2405	0
2404	2405	1
2404	2405	2
2358	2406	0
2358	2406	1
2358	2406	2
2407	2353	0
2407	2353	1
2407	2353	2
2388	2380	0
2388	2380	1
2388	2380	2
2408	2409	0
2408	2409	1
2408	2409	2
2381	2403	0
2381	2403	1
2381	2403	2
2395	2402	0
2395	2402	1
2395	2402	2
2379	2350	0
2379	2350	1
2379	2350	2
2407	2397	0
2407	2397	1
2407	2397	2
2383	2410	0
2383	2410	1
2383	2410	2
2374	2352	0
2374	2352	1
2374	2352	2
2389	2348	0
2389	2348	1
2389	2348	2
2411	2412	0
2411	2412	1
2411	2412	2
2413	2367	0
2413	2367	1
2413	2367	2
2414	2415	0
2414	2415	1
2414	2415	2
2400	2373	0
2400	2373	1
2400	2373	2
2405	2409	0
2405	2409	1
2405	2409	2
2408	2343	0
2408	2343	1
2408	2343	2
2373	2413	0
2373	2413	1
2373	2413	2
2341	2416	0
2341	2416	1
2341	2416	2
2417	2418	0
2417	2418	1
2417	2418	2
2419	2376	0
2419	2376	1
2419	2376	2
2420	2394	0
2420	2394	1
2420	2394	2
2349	2387	0
2349	2387	1
2349	2387	2
2350	2383	0
2350	2383	1
2350	2383	2
2421	2411	0
2421	2411	1
2421	2411	2
2350	2422	0
2350	2422	1
2350	2422	2
2380	2368	0
2380	2368	1
2380	2368	2
2361	2399	0
2361	2399	1
2361	2399	2
2423	2400	0
2423	2400	1
2423	2400	2
2339	2355	0
2339	2355	1
2339	2355	2
2387	2410	0
2387	2410	1
2387	2410	2
2420	2376	0
2420	2376	1
2420	2376	2
2424	2391	0
2424	2391	1
2424	2391	2
2363	2420	0
2363	2420	1
2363	2420	2
2379	2348	0
2379	2348	1
2379	2348	2
2394	2402	0
2394	2402	1
2394	2402	2
2425	2339	0
2425	2339	1
2425	2339	2
2406	2420	0
2406	2420	1
2406	2420	2
2385	2390	0
2385	2390	1
2385	2390	2
2346	2351	0
2346	2351	1
2346	2351	2
2426	2352	0
2426	2352	1
2426	2352	2
2373	2367	0
2373	2367	1
2373	2367	2
2391	2398	0
2391	2398	1
2391	2398	2
2349	2383	0
2349	2383	1
2349	2383	2
2361	2424	0
2361	2424	1
2361	2424	2
2427	2428	0
2427	2428	1
2427	2428	2
2429	2423	0
2429	2423	1
2429	2423	2
2343	2409	0
2343	2409	1
2343	2409	2
2422	2387	0
2422	2387	1
2422	2387	2
2422	2410	0
2422	2410	1
2422	2410	2
2348	2368	0
2348	2368	1
2348	2368	2
2410	2430	0
2410	2430	1
2410	2430	2
2350	2380	0
2350	2380	1
2350	2380	2
2431	2359	0
2431	2359	1
2431	2359	2
2432	2359	0
2432	2359	1
2432	2359	2
2424	2362	0
2424	2362	1
2424	2362	2
2373	2357	0
2373	2357	1
2373	2357	2
2356	2433	0
2356	2433	1
2356	2433	2
2375	2402	0
2375	2402	1
2375	2402	2
2393	2416	0
2393	2416	1
2393	2416	2
2434	2390	0
2434	2390	1
2434	2390	2
2407	2364	0
2407	2364	1
2407	2364	2
2398	2393	0
2398	2393	1
2398	2393	2
2370	2435	0
2370	2435	1
2370	2435	2
2368	2410	0
2368	2410	1
2368	2410	2
2419	2381	0
2419	2381	1
2419	2381	2
2382	2380	0
2382	2380	1
2382	2380	2
2358	2427	0
2358	2427	1
2358	2427	2
2351	2426	0
2351	2426	1
2351	2426	2
2436	2437	0
2436	2437	1
2436	2437	2
2347	2438	0
2347	2438	1
2347	2438	2
2348	2387	0
2348	2387	1
2348	2387	2
2349	2410	0
2349	2410	1
2349	2410	2
2349	2368	0
2349	2368	1
2349	2368	2
2353	2340	0
2353	2340	1
2353	2340	2
2364	2354	0
2364	2354	1
2364	2354	2
2410	2369	0
2410	2369	1
2410	2369	2
2413	2357	0
2413	2357	1
2413	2357	2
2369	2430	0
2369	2430	1
2369	2430	2
2354	2433	0
2354	2433	1
2354	2433	2
2353	2356	0
2353	2356	1
2353	2356	2
2355	2340	0
2355	2340	1
2355	2340	2
2407	2425	0
2407	2425	1
2407	2425	2
2397	2353	0
2397	2353	1
2397	2353	2
2415	2384	0
2415	2384	1
2415	2384	2
2359	2421	0
2359	2421	1
2359	2421	2
2385	2439	0
2385	2439	1
2385	2439	2
2440	2438	0
2440	2438	1
2440	2438	2
2431	2432	0
2431	2432	1
2431	2432	2
2358	2420	0
2358	2420	1
2358	2420	2
2441	2356	0
2441	2356	1
2441	2356	2
2372	2401	0
2372	2401	1
2372	2401	2
2424	2398	0
2424	2398	1
2424	2398	2
2342	2418	0
2342	2418	1
2342	2418	2
2401	2367	0
2401	2367	1
2401	2367	2
2428	2420	0
2428	2420	1
2428	2420	2
2368	2422	0
2368	2422	1
2368	2422	2
2355	2354	0
2355	2354	1
2355	2354	2
2365	2442	0
2365	2442	1
2365	2442	2
2408	2405	0
2408	2405	1
2408	2405	2
2383	2369	0
2383	2369	1
2383	2369	2
2388	2382	0
2388	2382	1
2388	2382	2
2361	2391	0
2361	2391	1
2361	2391	2
2350	2368	0
2350	2368	1
2350	2368	2
2355	2441	0
2355	2441	1
2355	2441	2
2399	2393	0
2399	2393	1
2399	2393	2
2399	2392	0
2399	2392	1
2399	2392	2
2345	2443	0
2345	2443	1
2345	2443	2
2394	2381	0
2394	2381	1
2394	2381	2
2362	2392	0
2362	2392	1
2362	2392	2
2376	2395	0
2376	2395	1
2376	2395	2
2366	2371	0
2366	2371	1
2366	2371	2
2380	2422	0
2380	2422	1
2380	2422	2
2434	2444	0
2434	2444	1
2434	2444	2
2441	2433	0
2441	2433	1
2441	2433	2
2389	2380	0
2389	2380	1
2389	2380	2
2366	2435	0
2366	2435	1
2366	2435	2
2349	2422	0
2349	2422	1
2349	2422	2
2440	2437	0
2440	2437	1
2440	2437	2
2350	2386	0
2350	2386	1
2350	2386	2
2399	2398	0
2399	2398	1
2399	2398	2
2430	2414	0
2430	2414	1
2430	2414	2
2442	2371	0
2442	2371	1
2442	2371	2
2348	2350	0
2348	2350	1
2348	2350	2
2389	2379	0
2389	2379	1
2389	2379	2
2346	2374	0
2346	2374	1
2346	2374	2
2430	2445	0
2430	2445	1
2430	2445	2
2432	2360	0
2432	2360	1
2432	2360	2
2402	2381	0
2402	2381	1
2402	2381	2
2352	2436	0
2352	2436	1
2352	2436	2
2367	2427	0
2367	2427	1
2367	2427	2
2380	2387	0
2380	2387	1
2380	2387	2
2409	2344	0
2409	2344	1
2409	2344	2
2388	2379	0
2388	2379	1
2388	2379	2
2338	2352	0
2338	2352	1
2338	2352	2
2442	2370	0
2442	2370	1
2442	2370	2
2362	2393	0
2362	2393	1
2362	2393	2
2361	2392	0
2361	2392	1
2361	2392	2
2351	2374	0
2351	2374	1
2351	2374	2
2434	2439	0
2434	2439	1
2434	2439	2
2420	2419	0
2420	2419	1
2420	2419	2
2380	2386	0
2380	2386	1
2380	2386	2
2446	2447	0
2446	2447	1
2446	2447	2
2339	2353	0
2339	2353	1
2339	2353	2
2340	2441	0
2340	2441	1
2340	2441	2
2358	2428	0
2358	2428	1
2358	2428	2
2403	2377	0
2403	2377	1
2403	2377	2
2367	2428	0
2367	2428	1
2367	2428	2
2396	2339	0
2396	2339	1
2396	2339	2
2427	2420	0
2427	2420	1
2427	2420	2
2377	2404	0
2377	2404	1
2377	2404	2
2348	2422	0
2348	2422	1
2348	2422	2
2347	2436	0
2347	2436	1
2347	2436	2
2448	2365	0
2448	2365	1
2448	2365	2
2401	2357	0
2401	2357	1
2401	2357	2
2442	2366	0
2442	2366	1
2442	2366	2
2420	2375	0
2420	2375	1
2420	2375	2
2425	2340	0
2425	2340	1
2425	2340	2
2446	2448	0
2446	2448	1
2446	2448	2
2449	2446	0
2449	2446	1
2449	2446	2
2450	2359	0
2450	2359	1
2450	2359	2
2368	2387	0
2368	2387	1
2368	2387	2
2438	2436	0
2438	2436	1
2438	2436	2
2439	2390	0
2439	2390	1
2439	2390	2
2383	2387	0
2383	2387	1
2383	2387	2
2393	2342	0
2393	2342	1
2393	2342	2
2429	2451	0
2429	2451	1
2429	2451	2
2360	2411	0
2360	2411	1
2360	2411	2
2358	2363	0
2358	2363	1
2358	2363	2
2389	2382	0
2389	2382	1
2389	2382	2
2450	2421	0
2450	2421	1
2450	2421	2
2393	2417	0
2393	2417	1
2393	2417	2
2451	2400	0
2451	2400	1
2451	2400	2
2452	2412	0
2452	2412	1
2452	2412	2
2376	2402	0
2376	2402	1
2376	2402	2
2348	2380	0
2348	2380	1
2348	2380	2
2396	2407	0
2396	2407	1
2396	2407	2
2407	2355	0
2407	2355	1
2407	2355	2
2354	2356	0
2354	2356	1
2354	2356	2
2416	2418	0
2416	2418	1
2416	2418	2
2337	2426	0
2337	2426	1
2337	2426	2
2345	2431	0
2345	2431	1
2345	2431	2
2401	2413	0
2401	2413	1
2401	2413	2
2374	2347	0
2374	2347	1
2374	2347	2
2380	2349	0
2380	2349	1
2380	2349	2
2367	2406	0
2367	2406	1
2367	2406	2
2404	2409	0
2404	2409	1
2404	2409	2
2399	2362	0
2399	2362	1
2399	2362	2
2417	2345	0
2417	2345	1
2417	2345	2
2425	2353	0
2425	2353	1
2425	2353	2
2338	2347	0
2338	2347	1
2338	2347	2
2386	2383	0
2386	2383	1
2386	2383	2
2412	2453	0
2412	2453	1
2412	2453	2
2454	2365	0
2454	2365	1
2454	2365	2
2341	2418	0
2341	2418	1
2341	2418	2
2353	2364	0
2353	2364	1
2353	2364	2
2416	2345	0
2416	2345	1
2416	2345	2
2443	2432	0
2443	2432	1
2443	2432	2
2341	2417	0
2341	2417	1
2341	2417	2
2453	2455	0
2453	2455	1
2453	2455	2
2377	2456	0
2377	2456	1
2377	2456	2
2422	2369	0
2422	2369	1
2422	2369	2
2386	2349	0
2386	2349	1
2386	2349	2
2374	2426	0
2374	2426	1
2374	2426	2
2404	2408	0
2404	2408	1
2404	2408	2
2407	2339	0
2407	2339	1
2407	2339	2
2416	2342	0
2416	2342	1
2416	2342	2
2388	2348	0
2388	2348	1
2388	2348	2
2418	2345	0
2418	2345	1
2418	2345	2
2389	2386	0
2389	2386	1
2389	2386	2
2338	2351	0
2338	2351	1
2338	2351	2
2397	2364	0
2397	2364	1
2397	2364	2
2338	2374	0
2338	2374	1
2338	2374	2
2447	2448	0
2447	2448	1
2447	2448	2
2343	2405	0
2343	2405	1
2343	2405	2
2365	2370	0
2365	2370	1
2365	2370	2
2400	2372	0
2400	2372	1
2400	2372	2
2397	2355	0
2397	2355	1
2397	2355	2
2411	2452	0
2411	2452	1
2411	2452	2
2355	2364	0
2355	2364	1
2355	2364	2
2388	2350	0
2388	2350	1
2388	2350	2
2348	2386	0
2348	2386	1
2348	2386	2
2404	2343	0
2404	2343	1
2404	2343	2
2447	2454	0
2447	2454	1
2447	2454	2
2388	2386	0
2388	2386	1
2388	2386	2
2382	2386	0
2382	2386	1
2382	2386	2
2394	2376	0
2394	2376	1
2394	2376	2
2372	2413	0
2372	2413	1
2372	2413	2
2357	2428	0
2357	2428	1
2357	2428	2
2347	2440	0
2347	2440	1
2347	2440	2
2389	2350	0
2389	2350	1
2389	2350	2
2403	2378	0
2403	2378	1
2403	2378	2
2423	2372	0
2423	2372	1
2423	2372	2
2371	2435	0
2371	2435	1
2371	2435	2
2340	2364	0
2340	2364	1
2340	2364	2
2391	2392	0
2391	2392	1
2391	2392	2
2450	2360	0
2450	2360	1
2450	2360	2
2363	2428	0
2363	2428	1
2363	2428	2
2416	2417	0
2416	2417	1
2416	2417	2
2427	2363	0
2427	2363	1
2427	2363	2
2443	2431	0
2443	2431	1
2443	2431	2
2370	2366	0
2370	2366	1
2370	2366	2
2378	2404	0
2378	2404	1
2378	2404	2
2350	2387	0
2350	2387	1
2350	2387	2
2353	2355	0
2353	2355	1
2353	2355	2
2432	2421	0
2432	2421	1
2432	2421	2
2403	2456	0
2403	2456	1
2403	2456	2
2419	2402	0
2419	2402	1
2419	2402	2
2393	2418	0
2393	2418	1
2393	2418	2
2426	2347	0
2426	2347	1
2426	2347	2
2439	2444	0
2439	2444	1
2439	2444	2
2424	2399	0
2424	2399	1
2424	2399	2
2444	2390	0
2444	2390	1
2444	2390	2
2337	2346	0
2337	2346	1
2337	2346	2
2346	2426	0
2346	2426	1
2346	2426	2
2451	2423	0
2451	2423	1
2451	2423	2
2408	2344	0
2408	2344	1
2408	2344	2
2352	2438	0
2352	2438	1
2352	2438	2
2406	2428	0
2406	2428	1
2406	2428	2
2431	2450	0
2431	2450	1
2431	2450	2
2424	2392	0
2424	2392	1
2424	2392	2
2382	2379	0
2382	2379	1
2382	2379	2
2456	2404	0
2456	2404	1
2456	2404	2
2338	2426	0
2338	2426	1
2338	2426	2
2457	2458	0
2457	2458	1
2457	2458	2
2459	2460	0
2459	2460	1
2459	2460	2
2461	2462	0
2461	2462	1
2461	2462	2
2463	2458	0
2463	2458	1
2463	2458	2
2464	2465	0
2464	2465	1
2464	2465	2
2466	2467	0
2466	2467	1
2466	2467	2
2468	2469	0
2468	2469	1
2468	2469	2
2470	2461	0
2470	2461	1
2470	2461	2
2471	2472	0
2471	2472	1
2471	2472	2
2469	2457	0
2469	2457	1
2469	2457	2
2473	2474	0
2473	2474	1
2473	2474	2
2475	2476	0
2475	2476	1
2475	2476	2
2477	2462	0
2477	2462	1
2477	2462	2
2478	2475	0
2478	2475	1
2478	2475	2
2466	2460	0
2466	2460	1
2466	2460	2
2465	2479	0
2465	2479	1
2465	2479	2
2471	2480	0
2471	2480	1
2471	2480	2
2481	2465	0
2481	2465	1
2481	2465	2
2474	2468	0
2474	2468	1
2474	2468	2
2482	2459	0
2482	2459	1
2482	2459	2
2483	2484	0
2483	2484	1
2483	2484	2
2485	2482	0
2485	2482	1
2485	2482	2
2486	2484	0
2486	2484	1
2486	2484	2
2473	2476	0
2473	2476	1
2473	2476	2
2477	2470	0
2477	2470	1
2477	2470	2
2474	2457	0
2474	2457	1
2474	2457	2
2487	2477	0
2487	2477	1
2487	2477	2
2488	2477	0
2488	2477	1
2488	2477	2
2489	2460	0
2489	2460	1
2489	2460	2
2487	2488	0
2487	2488	1
2487	2488	2
2484	2464	0
2484	2464	1
2484	2464	2
2490	2491	0
2490	2491	1
2490	2491	2
2492	2459	0
2492	2459	1
2492	2459	2
2482	2460	0
2482	2460	1
2482	2460	2
2468	2463	0
2468	2463	1
2468	2463	2
2489	2467	0
2489	2467	1
2489	2467	2
2469	2493	0
2469	2493	1
2469	2493	2
2483	2486	0
2483	2486	1
2483	2486	2
2474	2469	0
2474	2469	1
2474	2469	2
2461	2490	0
2461	2490	1
2461	2490	2
2488	2480	0
2488	2480	1
2488	2480	2
2494	2490	0
2494	2490	1
2494	2490	2
2487	2480	0
2487	2480	1
2487	2480	2
2479	2488	0
2479	2488	1
2479	2488	2
2461	2494	0
2461	2494	1
2461	2494	2
2472	2480	0
2472	2480	1
2472	2480	2
2470	2462	0
2470	2462	1
2470	2462	2
2495	2468	0
2495	2468	1
2495	2468	2
2468	2457	0
2468	2457	1
2468	2457	2
2485	2492	0
2485	2492	1
2485	2492	2
2485	2466	0
2485	2466	1
2485	2466	2
2482	2489	0
2482	2489	1
2482	2489	2
2489	2459	0
2489	2459	1
2489	2459	2
2492	2496	0
2492	2496	1
2492	2496	2
2497	2479	0
2497	2479	1
2497	2479	2
2466	2492	0
2466	2492	1
2466	2492	2
2472	2488	0
2472	2488	1
2472	2488	2
2462	2490	0
2462	2490	1
2462	2490	2
2479	2487	0
2479	2487	1
2479	2487	2
2468	2458	0
2468	2458	1
2468	2458	2
2498	2478	0
2498	2478	1
2498	2478	2
2495	2469	0
2495	2469	1
2495	2469	2
2475	2499	0
2475	2499	1
2475	2499	2
2471	2470	0
2471	2470	1
2471	2470	2
2488	2470	0
2488	2470	1
2488	2470	2
2486	2464	0
2486	2464	1
2486	2464	2
2470	2494	0
2470	2494	1
2470	2494	2
2480	2494	0
2480	2494	1
2480	2494	2
2459	2467	0
2459	2467	1
2459	2467	2
2496	2460	0
2496	2460	1
2496	2460	2
2499	2476	0
2499	2476	1
2499	2476	2
2489	2496	0
2489	2496	1
2489	2496	2
2479	2472	0
2479	2472	1
2479	2472	2
2497	2488	0
2497	2488	1
2497	2488	2
2495	2493	0
2495	2493	1
2495	2493	2
2473	2495	0
2473	2495	1
2473	2495	2
2493	2463	0
2493	2463	1
2493	2463	2
2466	2489	0
2466	2489	1
2466	2489	2
2476	2495	0
2476	2495	1
2476	2495	2
2492	2489	0
2492	2489	1
2492	2489	2
2470	2480	0
2470	2480	1
2470	2480	2
2475	2473	0
2475	2473	1
2475	2473	2
2466	2459	0
2466	2459	1
2466	2459	2
2474	2495	0
2474	2495	1
2474	2495	2
2493	2457	0
2493	2457	1
2493	2457	2
2460	2467	0
2460	2467	1
2460	2467	2
2498	2499	0
2498	2499	1
2498	2499	2
2482	2492	0
2482	2492	1
2482	2492	2
2471	2487	0
2471	2487	1
2471	2487	2
2497	2472	0
2497	2472	1
2497	2472	2
2477	2461	0
2477	2461	1
2477	2461	2
2474	2493	0
2474	2493	1
2474	2493	2
2472	2487	0
2472	2487	1
2472	2487	2
2486	2481	0
2486	2481	1
2486	2481	2
2481	2464	0
2481	2464	1
2481	2464	2
2476	2474	0
2476	2474	1
2476	2474	2
2492	2467	0
2492	2467	1
2492	2467	2
2468	2493	0
2468	2493	1
2468	2493	2
2480	2461	0
2480	2461	1
2480	2461	2
2485	2489	0
2485	2489	1
2485	2489	2
2498	2475	0
2498	2475	1
2498	2475	2
2482	2467	0
2482	2467	1
2482	2467	2
2478	2499	0
2478	2499	1
2478	2499	2
2497	2487	0
2497	2487	1
2497	2487	2
2491	2485	0
2491	2485	1
2491	2485	2
2499	2473	0
2499	2473	1
2499	2473	2
2471	2477	0
2471	2477	1
2471	2477	2
2500	2501	0
2500	2501	1
2500	2501	2
2502	2503	0
2502	2503	1
2502	2503	2
2504	2505	0
2504	2505	1
2504	2505	2
2506	2507	0
2506	2507	1
2506	2507	2
2508	2509	0
2508	2509	1
2508	2509	2
2510	2503	0
2510	2503	1
2510	2503	2
2511	2512	0
2511	2512	1
2511	2512	2
2513	2514	0
2513	2514	1
2513	2514	2
2515	2513	0
2515	2513	1
2515	2513	2
2516	2517	0
2516	2517	1
2516	2517	2
2511	2518	0
2511	2518	1
2511	2518	2
2513	2519	0
2513	2519	1
2513	2519	2
2515	2503	0
2515	2503	1
2515	2503	2
2520	2521	0
2520	2521	1
2520	2521	2
2514	2519	0
2514	2519	1
2514	2519	2
2522	2521	0
2522	2521	1
2522	2521	2
2502	2522	0
2502	2522	1
2502	2522	2
2502	2519	0
2502	2519	1
2502	2519	2
2518	2516	0
2518	2516	1
2518	2516	2
2515	2522	0
2515	2522	1
2515	2522	2
2511	2509	0
2511	2509	1
2511	2509	2
2515	2519	0
2515	2519	1
2515	2519	2
2523	2524	0
2523	2524	1
2523	2524	2
2518	2525	0
2518	2525	1
2518	2525	2
2519	2521	0
2519	2521	1
2519	2521	2
2526	2521	0
2526	2521	1
2526	2521	2
2527	2528	0
2527	2528	1
2527	2528	2
2514	2503	0
2514	2503	1
2514	2503	2
2515	2502	0
2515	2502	1
2515	2502	2
2512	2517	0
2512	2517	1
2512	2517	2
2529	2505	0
2529	2505	1
2529	2505	2
2525	2516	0
2525	2516	1
2525	2516	2
2508	2530	0
2508	2530	1
2508	2530	2
2531	2514	0
2531	2514	1
2531	2514	2
2532	2529	0
2532	2529	1
2532	2529	2
2505	2524	0
2505	2524	1
2505	2524	2
2517	2530	0
2517	2530	1
2517	2530	2
2515	2514	0
2515	2514	1
2515	2514	2
2511	2508	0
2511	2508	1
2511	2508	2
2519	2522	0
2519	2522	1
2519	2522	2
2504	2523	0
2504	2523	1
2504	2523	2
2508	2505	0
2508	2505	1
2508	2505	2
2532	2525	0
2532	2525	1
2532	2525	2
2533	2510	0
2533	2510	1
2533	2510	2
2534	2501	0
2534	2501	1
2534	2501	2
2529	2517	0
2529	2517	1
2529	2517	2
2535	2500	0
2535	2500	1
2535	2500	2
2511	2536	0
2511	2536	1
2511	2536	2
2520	2513	0
2520	2513	1
2520	2513	2
2525	2504	0
2525	2504	1
2525	2504	2
2537	2534	0
2537	2534	1
2537	2534	2
2531	2533	0
2531	2533	1
2531	2533	2
2536	2517	0
2536	2517	1
2536	2517	2
2537	2501	0
2537	2501	1
2537	2501	2
2536	2512	0
2536	2512	1
2536	2512	2
2513	2510	0
2513	2510	1
2513	2510	2
2538	2527	0
2538	2527	1
2538	2527	2
2518	2509	0
2518	2509	1
2518	2509	2
2510	2538	0
2510	2538	1
2510	2538	2
2530	2504	0
2530	2504	1
2530	2504	2
2537	2500	0
2537	2500	1
2537	2500	2
2515	2533	0
2515	2533	1
2515	2533	2
2520	2531	0
2520	2531	1
2520	2531	2
2516	2512	0
2516	2512	1
2516	2512	2
2510	2506	0
2510	2506	1
2510	2506	2
2520	2502	0
2520	2502	1
2520	2502	2
2511	2532	0
2511	2532	1
2511	2532	2
2526	2519	0
2526	2519	1
2526	2519	2
2520	2514	0
2520	2514	1
2520	2514	2
2539	2540	0
2539	2540	1
2539	2540	2
2532	2512	0
2532	2512	1
2532	2512	2
2531	2522	0
2531	2522	1
2531	2522	2
2513	2526	0
2513	2526	1
2513	2526	2
2505	2523	0
2505	2523	1
2505	2523	2
2541	2528	0
2541	2528	1
2541	2528	2
2531	2502	0
2531	2502	1
2531	2502	2
2512	2504	0
2512	2504	1
2512	2504	2
2512	2505	0
2512	2505	1
2512	2505	2
2520	2515	0
2520	2515	1
2520	2515	2
2530	2523	0
2530	2523	1
2530	2523	2
2515	2510	0
2515	2510	1
2515	2510	2
2514	2526	0
2514	2526	1
2514	2526	2
2516	2529	0
2516	2529	1
2516	2529	2
2526	2510	0
2526	2510	1
2526	2510	2
2533	2502	0
2533	2502	1
2533	2502	2
2538	2506	0
2538	2506	1
2538	2506	2
2502	2538	0
2502	2538	1
2502	2538	2
2522	2538	0
2522	2538	1
2522	2538	2
2536	2532	0
2536	2532	1
2536	2532	2
2510	2541	0
2510	2541	1
2510	2541	2
2502	2521	0
2502	2521	1
2502	2521	2
2516	2509	0
2516	2509	1
2516	2509	2
2542	2540	0
2542	2540	1
2542	2540	2
2515	2526	0
2515	2526	1
2515	2526	2
2525	2508	0
2525	2508	1
2525	2508	2
2506	2528	0
2506	2528	1
2506	2528	2
2541	2507	0
2541	2507	1
2541	2507	2
2510	2521	0
2510	2521	1
2510	2521	2
2535	2534	0
2535	2534	1
2535	2534	2
2530	2505	0
2530	2505	1
2530	2505	2
2531	2510	0
2531	2510	1
2531	2510	2
2503	2538	0
2503	2538	1
2503	2538	2
2525	2517	0
2525	2517	1
2525	2517	2
2511	2516	0
2511	2516	1
2511	2516	2
2516	2505	0
2516	2505	1
2516	2505	2
2503	2521	0
2503	2521	1
2503	2521	2
2536	2518	0
2536	2518	1
2536	2518	2
2531	2526	0
2531	2526	1
2531	2526	2
2519	2541	0
2519	2541	1
2519	2541	2
2518	2529	0
2518	2529	1
2518	2529	2
2525	2530	0
2525	2530	1
2525	2530	2
2540	2535	0
2540	2535	1
2540	2535	2
2520	2522	0
2520	2522	1
2520	2522	2
2500	2534	0
2500	2534	1
2500	2534	2
2532	2516	0
2532	2516	1
2532	2516	2
2525	2505	0
2525	2505	1
2525	2505	2
2529	2509	0
2529	2509	1
2529	2509	2
2533	2522	0
2533	2522	1
2533	2522	2
2516	2530	0
2516	2530	1
2516	2530	2
2526	2503	0
2526	2503	1
2526	2503	2
2514	2502	0
2514	2502	1
2514	2502	2
2528	2507	0
2528	2507	1
2528	2507	2
2503	2541	0
2503	2541	1
2503	2541	2
2536	2508	0
2536	2508	1
2536	2508	2
2521	2541	0
2521	2541	1
2521	2541	2
2514	2522	0
2514	2522	1
2514	2522	2
2529	2530	0
2529	2530	1
2529	2530	2
2518	2512	0
2518	2512	1
2518	2512	2
2510	2522	0
2510	2522	1
2510	2522	2
2526	2502	0
2526	2502	1
2526	2502	2
2520	2510	0
2520	2510	1
2520	2510	2
2516	2504	0
2516	2504	1
2516	2504	2
2513	2521	0
2513	2521	1
2513	2521	2
2513	2533	0
2513	2533	1
2513	2533	2
2519	2503	0
2519	2503	1
2519	2503	2
2514	2510	0
2514	2510	1
2514	2510	2
2542	2535	0
2542	2535	1
2542	2535	2
2522	2506	0
2522	2506	1
2522	2506	2
2522	2503	0
2522	2503	1
2522	2503	2
2513	2502	0
2513	2502	1
2513	2502	2
2510	2519	0
2510	2519	1
2510	2519	2
2503	2506	0
2503	2506	1
2503	2506	2
2526	2533	0
2526	2533	1
2526	2533	2
2536	2509	0
2536	2509	1
2536	2509	2
2530	2524	0
2530	2524	1
2530	2524	2
2518	2517	0
2518	2517	1
2518	2517	2
2531	2521	0
2531	2521	1
2531	2521	2
2539	2535	0
2539	2535	1
2539	2535	2
2515	2531	0
2515	2531	1
2515	2531	2
2539	2542	0
2539	2542	1
2539	2542	2
2504	2524	0
2504	2524	1
2504	2524	2
2518	2532	0
2518	2532	1
2518	2532	2
2517	2505	0
2517	2505	1
2517	2505	2
2502	2510	0
2502	2510	1
2502	2510	2
2511	2529	0
2511	2529	1
2511	2529	2
2536	2525	0
2536	2525	1
2536	2525	2
2520	2526	0
2520	2526	1
2520	2526	2
2514	2533	0
2514	2533	1
2514	2533	2
2532	2508	0
2532	2508	1
2532	2508	2
2531	2503	0
2531	2503	1
2531	2503	2
2532	2517	0
2532	2517	1
2532	2517	2
2525	2509	0
2525	2509	1
2525	2509	2
2538	2507	0
2538	2507	1
2538	2507	2
2520	2533	0
2520	2533	1
2520	2533	2
2532	2509	0
2532	2509	1
2532	2509	2
2520	2519	0
2520	2519	1
2520	2519	2
2512	2530	0
2512	2530	1
2512	2530	2
2514	2521	0
2514	2521	1
2514	2521	2
2519	2538	0
2519	2538	1
2519	2538	2
2512	2509	0
2512	2509	1
2512	2509	2
2541	2527	0
2541	2527	1
2541	2527	2
2513	2522	0
2513	2522	1
2513	2522	2
2515	2521	0
2515	2521	1
2515	2521	2
2521	2506	0
2521	2506	1
2521	2506	2
2509	2505	0
2509	2505	1
2509	2505	2
2522	2541	0
2522	2541	1
2522	2541	2
2538	2528	0
2538	2528	1
2538	2528	2
2502	2506	0
2502	2506	1
2502	2506	2
2511	2525	0
2511	2525	1
2511	2525	2
2529	2504	0
2529	2504	1
2529	2504	2
2543	2544	0
2543	2544	1
2543	2544	2
2545	2546	0
2545	2546	1
2545	2546	2
2547	2548	0
2547	2548	1
2547	2548	2
2549	2550	0
2549	2550	1
2549	2550	2
2547	2551	0
2547	2551	1
2547	2551	2
2552	2553	0
2552	2553	1
2552	2553	2
2554	2555	0
2554	2555	1
2554	2555	2
2556	2557	0
2556	2557	1
2556	2557	2
2558	2559	0
2558	2559	1
2558	2559	2
2553	2558	0
2553	2558	1
2553	2558	2
2560	2561	0
2560	2561	1
2560	2561	2
2562	2563	0
2562	2563	1
2562	2563	2
2564	2545	0
2564	2545	1
2564	2545	2
2543	2562	0
2543	2562	1
2543	2562	2
2565	2547	0
2565	2547	1
2565	2547	2
2558	2566	0
2558	2566	1
2558	2566	2
2567	2568	0
2567	2568	1
2567	2568	2
2566	2564	0
2566	2564	1
2566	2564	2
2569	2565	0
2569	2565	1
2569	2565	2
2565	2551	0
2565	2551	1
2565	2551	2
2553	2570	0
2553	2570	1
2553	2570	2
2558	2570	0
2558	2570	1
2558	2570	2
2558	2571	0
2558	2571	1
2558	2571	2
2572	2558	0
2572	2558	1
2572	2558	2
2573	2574	0
2573	2574	1
2573	2574	2
2570	2559	0
2570	2559	1
2570	2559	2
2575	2559	0
2575	2559	1
2575	2559	2
2544	2563	0
2544	2563	1
2544	2563	2
2576	2574	0
2576	2574	1
2576	2574	2
2570	2577	0
2570	2577	1
2570	2577	2
2578	2579	0
2578	2579	1
2578	2579	2
2565	2561	0
2565	2561	1
2565	2561	2
2543	2546	0
2543	2546	1
2543	2546	2
2560	2547	0
2560	2547	1
2560	2547	2
2577	2575	0
2577	2575	1
2577	2575	2
2552	2580	0
2552	2580	1
2552	2580	2
2569	2560	0
2569	2560	1
2569	2560	2
2571	2559	0
2571	2559	1
2571	2559	2
2545	2562	0
2545	2562	1
2545	2562	2
2575	2566	0
2575	2566	1
2575	2566	2
2577	2559	0
2577	2559	1
2577	2559	2
2562	2546	0
2562	2546	1
2562	2546	2
2571	2570	0
2571	2570	1
2571	2570	2
2581	2577	0
2581	2577	1
2581	2577	2
2544	2582	0
2544	2582	1
2544	2582	2
2577	2566	0
2577	2566	1
2577	2566	2
2570	2575	0
2570	2575	1
2570	2575	2
2581	2559	0
2581	2559	1
2581	2559	2
2562	2544	0
2562	2544	1
2562	2544	2
2546	2582	0
2546	2582	1
2546	2582	2
2583	2584	0
2583	2584	1
2583	2584	2
2553	2571	0
2553	2571	1
2553	2571	2
2572	2571	0
2572	2571	1
2572	2571	2
2555	2557	0
2555	2557	1
2555	2557	2
2560	2551	0
2560	2551	1
2560	2551	2
2570	2581	0
2570	2581	1
2570	2581	2
2572	2585	0
2572	2585	1
2572	2585	2
2571	2575	0
2571	2575	1
2571	2575	2
2578	2586	0
2578	2586	1
2578	2586	2
2561	2548	0
2561	2548	1
2561	2548	2
2571	2566	0
2571	2566	1
2571	2566	2
2581	2564	0
2581	2564	1
2581	2564	2
2581	2575	0
2581	2575	1
2581	2575	2
2585	2558	0
2585	2558	1
2585	2558	2
2587	2554	0
2587	2554	1
2587	2554	2
2588	2573	0
2588	2573	1
2588	2573	2
2545	2544	0
2545	2544	1
2545	2544	2
2580	2572	0
2580	2572	1
2580	2572	2
2567	2589	0
2567	2589	1
2567	2589	2
2590	2591	0
2590	2591	1
2590	2591	2
2552	2585	0
2552	2585	1
2552	2585	2
2559	2566	0
2559	2566	1
2559	2566	2
2546	2544	0
2546	2544	1
2546	2544	2
2579	2592	0
2579	2592	1
2579	2592	2
2569	2547	0
2569	2547	1
2569	2547	2
2585	2553	0
2585	2553	1
2585	2553	2
2571	2577	0
2571	2577	1
2571	2577	2
2558	2577	0
2558	2577	1
2558	2577	2
2569	2551	0
2569	2551	1
2569	2551	2
2552	2572	0
2552	2572	1
2552	2572	2
2546	2563	0
2546	2563	1
2546	2563	2
2570	2566	0
2570	2566	1
2570	2566	2
2593	2590	0
2593	2590	1
2593	2590	2
2549	2594	0
2549	2594	1
2549	2594	2
2572	2570	0
2572	2570	1
2572	2570	2
2558	2575	0
2558	2575	1
2558	2575	2
2577	2564	0
2577	2564	1
2577	2564	2
2561	2547	0
2561	2547	1
2561	2547	2
2561	2551	0
2561	2551	1
2561	2551	2
2590	2595	0
2590	2595	1
2590	2595	2
2569	2561	0
2569	2561	1
2569	2561	2
2580	2553	0
2580	2553	1
2580	2553	2
2575	2564	0
2575	2564	1
2575	2564	2
2571	2581	0
2571	2581	1
2571	2581	2
2585	2571	0
2585	2571	1
2585	2571	2
2594	2550	0
2594	2550	1
2594	2550	2
2581	2566	0
2581	2566	1
2581	2566	2
2576	2588	0
2576	2588	1
2576	2588	2
2596	2597	0
2596	2597	1
2596	2597	2
2598	2599	0
2598	2599	1
2598	2599	2
2600	2601	0
2600	2601	1
2600	2601	2
2602	2601	0
2602	2601	1
2602	2601	2
2601	2603	0
2601	2603	1
2601	2603	2
2603	2604	0
2603	2604	1
2603	2604	2
2605	2599	0
2605	2599	1
2605	2599	2
2606	2601	0
2606	2601	1
2606	2601	2
2606	2600	0
2606	2600	1
2606	2600	2
2600	2603	0
2600	2603	1
2600	2603	2
2602	2606	0
2602	2606	1
2602	2606	2
2607	2608	0
2607	2608	1
2607	2608	2
2609	2610	0
2609	2610	1
2609	2610	2
2611	2602	0
2611	2602	1
2611	2602	2
2602	2612	0
2602	2612	1
2602	2612	2
2613	2608	0
2613	2608	1
2613	2608	2
2596	2614	0
2596	2614	1
2596	2614	2
2615	2616	0
2615	2616	1
2615	2616	2
2617	2605	0
2617	2605	1
2617	2605	2
2610	2606	0
2610	2606	1
2610	2606	2
2618	2619	0
2618	2619	1
2618	2619	2
2603	2620	0
2603	2620	1
2603	2620	2
2606	2612	0
2606	2612	1
2606	2612	2
2608	2621	0
2608	2621	1
2608	2621	2
2608	2605	0
2608	2605	1
2608	2605	2
2601	2622	0
2601	2622	1
2601	2622	2
2623	2624	0
2623	2624	1
2623	2624	2
2622	2620	0
2622	2620	1
2622	2620	2
2625	2616	0
2625	2616	1
2625	2616	2
2622	2626	0
2622	2626	1
2622	2626	2
2600	2622	0
2600	2622	1
2600	2622	2
2624	2608	0
2624	2608	1
2624	2608	2
2611	2627	0
2611	2627	1
2611	2627	2
2603	2626	0
2603	2626	1
2603	2626	2
2626	2604	0
2626	2604	1
2626	2604	2
2613	2617	0
2613	2617	1
2613	2617	2
2614	2619	0
2614	2619	1
2614	2619	2
2623	2613	0
2623	2613	1
2623	2613	2
2614	2618	0
2614	2618	1
2614	2618	2
2612	2622	0
2612	2622	1
2612	2622	2
2619	2628	0
2619	2628	1
2619	2628	2
2626	2629	0
2626	2629	1
2626	2629	2
2596	2618	0
2596	2618	1
2596	2618	2
2616	2630	0
2616	2630	1
2616	2630	2
2612	2601	0
2612	2601	1
2612	2601	2
2624	2607	0
2624	2607	1
2624	2607	2
2610	2602	0
2610	2602	1
2610	2602	2
2609	2627	0
2609	2627	1
2609	2627	2
2597	2618	0
2597	2618	1
2597	2618	2
2625	2630	0
2625	2630	1
2625	2630	2
2615	2625	0
2615	2625	1
2615	2625	2
2604	2629	0
2604	2629	1
2604	2629	2
2621	2605	0
2621	2605	1
2621	2605	2
2620	2604	0
2620	2604	1
2620	2604	2
2600	2612	0
2600	2612	1
2600	2612	2
2599	2609	0
2599	2609	1
2599	2609	2
2622	2604	0
2622	2604	1
2622	2604	2
2623	2607	0
2623	2607	1
2623	2607	2
2620	2626	0
2620	2626	1
2620	2626	2
2621	2598	0
2621	2598	1
2621	2598	2
2612	2603	0
2612	2603	1
2612	2603	2
2596	2619	0
2596	2619	1
2596	2619	2
2597	2619	0
2597	2619	1
2597	2619	2
2629	2597	0
2629	2597	1
2629	2597	2
2611	2610	0
2611	2610	1
2611	2610	2
2614	2597	0
2614	2597	1
2614	2597	2
2598	2609	0
2598	2609	1
2598	2609	2
2629	2614	0
2629	2614	1
2629	2614	2
2631	2632	0
2631	2632	1
2631	2632	2
2633	2634	0
2633	2634	1
2633	2634	2
2635	2633	0
2635	2633	1
2635	2633	2
2632	2636	0
2632	2636	1
2632	2636	2
2637	2638	0
2637	2638	1
2637	2638	2
2631	2639	0
2631	2639	1
2631	2639	2
2640	2641	0
2640	2641	1
2640	2641	2
2635	2642	0
2635	2642	1
2635	2642	2
2636	2639	0
2636	2639	1
2636	2639	2
2643	2644	0
2643	2644	1
2643	2644	2
2645	2646	0
2645	2646	1
2645	2646	2
2647	2648	0
2647	2648	1
2647	2648	2
2649	2650	0
2649	2650	1
2649	2650	2
2651	2652	0
2651	2652	1
2651	2652	2
2653	2654	0
2653	2654	1
2653	2654	2
2655	2656	0
2655	2656	1
2655	2656	2
2657	2658	0
2657	2658	1
2657	2658	2
2659	2660	0
2659	2660	1
2659	2660	2
2661	2662	0
2661	2662	1
2661	2662	2
2663	2648	0
2663	2648	1
2663	2648	2
2664	2661	0
2664	2661	1
2664	2661	2
2665	2666	0
2665	2666	1
2665	2666	2
2667	2668	0
2667	2668	1
2667	2668	2
2669	2653	0
2669	2653	1
2669	2653	2
2668	2670	0
2668	2670	1
2668	2670	2
2661	2671	0
2661	2671	1
2661	2671	2
2672	2649	0
2672	2649	1
2672	2649	2
2673	2674	0
2673	2674	1
2673	2674	2
2675	2674	0
2675	2674	1
2675	2674	2
2676	2670	0
2676	2670	1
2676	2670	2
2677	2678	0
2677	2678	1
2677	2678	2
2647	2679	0
2647	2679	1
2647	2679	2
2680	2643	0
2680	2643	1
2680	2643	2
2647	2663	0
2647	2663	1
2647	2663	2
2661	2681	0
2661	2681	1
2661	2681	2
2646	2682	0
2646	2682	1
2646	2682	2
2683	2684	0
2683	2684	1
2683	2684	2
2685	2686	0
2685	2686	1
2685	2686	2
2672	2687	0
2672	2687	1
2672	2687	2
2679	2688	0
2679	2688	1
2679	2688	2
2689	2690	0
2689	2690	1
2689	2690	2
2691	2648	0
2691	2648	1
2691	2648	2
2692	2693	0
2692	2693	1
2692	2693	2
2647	2688	0
2647	2688	1
2647	2688	2
2672	2658	0
2672	2658	1
2672	2658	2
2679	2663	0
2679	2663	1
2679	2663	2
2686	2694	0
2686	2694	1
2686	2694	2
2675	2695	0
2675	2695	1
2675	2695	2
2653	2696	0
2653	2696	1
2653	2696	2
2657	2650	0
2657	2650	1
2657	2650	2
2697	2692	0
2697	2692	1
2697	2692	2
2664	2662	0
2664	2662	1
2664	2662	2
2643	2656	0
2643	2656	1
2643	2656	2
2698	2665	0
2698	2665	1
2698	2665	2
2648	2688	0
2648	2688	1
2648	2688	2
2664	2681	0
2664	2681	1
2664	2681	2
2650	2699	0
2650	2699	1
2650	2699	2
2700	2701	0
2700	2701	1
2700	2701	2
2702	2703	0
2702	2703	1
2702	2703	2
2689	2697	0
2689	2697	1
2689	2697	2
2677	2683	0
2677	2683	1
2677	2683	2
2704	2682	0
2704	2682	1
2704	2682	2
2705	2651	0
2705	2651	1
2705	2651	2
2663	2700	0
2663	2700	1
2663	2700	2
2649	2687	0
2649	2687	1
2649	2687	2
2706	2707	0
2706	2707	1
2706	2707	2
2649	2657	0
2649	2657	1
2649	2657	2
2708	2684	0
2708	2684	1
2708	2684	2
2709	2710	0
2709	2710	1
2709	2710	2
2683	2678	0
2683	2678	1
2683	2678	2
2711	2689	0
2711	2689	1
2711	2689	2
2671	2681	0
2671	2681	1
2671	2681	2
2709	2661	0
2709	2661	1
2709	2661	2
2646	2712	0
2646	2712	1
2646	2712	2
2684	2678	0
2684	2678	1
2684	2678	2
2645	2704	0
2645	2704	1
2645	2704	2
2648	2713	0
2648	2713	1
2648	2713	2
2714	2715	0
2714	2715	1
2714	2715	2
2716	2717	0
2716	2717	1
2716	2717	2
2718	2719	0
2718	2719	1
2718	2719	2
2688	2701	0
2688	2701	1
2688	2701	2
2691	2663	0
2691	2663	1
2691	2663	2
2700	2713	0
2700	2713	1
2700	2713	2
2707	2720	0
2707	2720	1
2707	2720	2
2660	2683	0
2660	2683	1
2660	2683	2
2663	2688	0
2663	2688	1
2663	2688	2
2720	2721	0
2720	2721	1
2720	2721	2
2722	2723	0
2722	2723	1
2722	2723	2
2677	2708	0
2677	2708	1
2677	2708	2
2695	2674	0
2695	2674	1
2695	2674	2
2710	2662	0
2710	2662	1
2710	2662	2
2664	2710	0
2664	2710	1
2664	2710	2
2724	2667	0
2724	2667	1
2724	2667	2
2723	2714	0
2723	2714	1
2723	2714	2
2725	2667	0
2725	2667	1
2725	2667	2
2659	2683	0
2659	2683	1
2659	2683	2
2668	2676	0
2668	2676	1
2668	2676	2
2652	2716	0
2652	2716	1
2652	2716	2
2651	2726	0
2651	2726	1
2651	2726	2
2719	2709	0
2719	2709	1
2719	2709	2
2685	2703	0
2685	2703	1
2685	2703	2
2679	2648	0
2679	2648	1
2679	2648	2
2680	2644	0
2680	2644	1
2680	2644	2
2699	2715	0
2699	2715	1
2699	2715	2
2675	2673	0
2675	2673	1
2675	2673	2
2680	2656	0
2680	2656	1
2680	2656	2
2689	2727	0
2689	2727	1
2689	2727	2
2691	2679	0
2691	2679	1
2691	2679	2
2658	2722	0
2658	2722	1
2658	2722	2
2702	2686	0
2702	2686	1
2702	2686	2
2659	2678	0
2659	2678	1
2659	2678	2
2689	2692	0
2689	2692	1
2689	2692	2
2700	2648	0
2700	2648	1
2700	2648	2
2728	2670	0
2728	2670	1
2728	2670	2
2711	2727	0
2711	2727	1
2711	2727	2
2725	2676	0
2725	2676	1
2725	2676	2
2654	2729	0
2654	2729	1
2654	2729	2
2698	2717	0
2698	2717	1
2698	2717	2
2730	2645	0
2730	2645	1
2730	2645	2
2721	2696	0
2721	2696	1
2721	2696	2
2660	2684	0
2660	2684	1
2660	2684	2
2731	2730	0
2731	2730	1
2731	2730	2
2661	2710	0
2661	2710	1
2661	2710	2
2732	2690	0
2732	2690	1
2732	2690	2
2667	2670	0
2667	2670	1
2667	2670	2
2646	2733	0
2646	2733	1
2646	2733	2
2658	2650	0
2658	2650	1
2658	2650	2
2666	2645	0
2666	2645	1
2666	2645	2
2734	2723	0
2734	2723	1
2734	2723	2
2644	2705	0
2644	2705	1
2644	2705	2
2717	2731	0
2717	2731	1
2717	2731	2
2665	2730	0
2665	2730	1
2665	2730	2
2649	2722	0
2649	2722	1
2649	2722	2
2711	2732	0
2711	2732	1
2711	2732	2
2734	2699	0
2734	2699	1
2734	2699	2
2726	2735	0
2726	2735	1
2726	2735	2
2736	2651	0
2736	2651	1
2736	2651	2
2726	2652	0
2726	2652	1
2726	2652	2
2734	2650	0
2734	2650	1
2734	2650	2
2713	2701	0
2713	2701	1
2713	2701	2
2647	2700	0
2647	2700	1
2647	2700	2
2656	2644	0
2656	2644	1
2656	2644	2
2721	2653	0
2721	2653	1
2721	2653	2
2688	2713	0
2688	2713	1
2688	2713	2
2724	2725	0
2724	2725	1
2724	2725	2
2655	2680	0
2655	2680	1
2655	2680	2
2700	2688	0
2700	2688	1
2700	2688	2
2684	2724	0
2684	2724	1
2684	2724	2
2660	2724	0
2660	2724	1
2660	2724	2
2708	2678	0
2708	2678	1
2708	2678	2
2685	2702	0
2685	2702	1
2685	2702	2
2691	2700	0
2691	2700	1
2691	2700	2
2677	2660	0
2677	2660	1
2677	2660	2
2726	2716	0
2726	2716	1
2726	2716	2
2673	2695	0
2673	2695	1
2673	2695	2
2737	2719	0
2737	2719	1
2737	2719	2
2678	2724	0
2678	2724	1
2678	2724	2
2738	2718	0
2738	2718	1
2738	2718	2
2683	2724	0
2683	2724	1
2683	2724	2
2657	2734	0
2657	2734	1
2657	2734	2
2721	2654	0
2721	2654	1
2721	2654	2
2691	2688	0
2691	2688	1
2691	2688	2
2738	2737	0
2738	2737	1
2738	2737	2
2655	2644	0
2655	2644	1
2655	2644	2
2703	2686	0
2703	2686	1
2703	2686	2
2653	2729	0
2653	2729	1
2653	2729	2
2655	2643	0
2655	2643	1
2655	2643	2
2668	2728	0
2668	2728	1
2668	2728	2
2715	2706	0
2715	2706	1
2715	2706	2
2667	2676	0
2667	2676	1
2667	2676	2
2696	2654	0
2696	2654	1
2696	2654	2
2737	2709	0
2737	2709	1
2737	2709	2
2648	2701	0
2648	2701	1
2648	2701	2
2711	2690	0
2711	2690	1
2711	2690	2
2690	2697	0
2690	2697	1
2690	2697	2
2736	2652	0
2736	2652	1
2736	2652	2
2677	2684	0
2677	2684	1
2677	2684	2
2697	2693	0
2697	2693	1
2697	2693	2
2727	2692	0
2727	2692	1
2727	2692	2
2704	2712	0
2704	2712	1
2704	2712	2
2659	2684	0
2659	2684	1
2659	2684	2
2649	2658	0
2649	2658	1
2649	2658	2
2725	2728	0
2725	2728	1
2725	2728	2
2714	2706	0
2714	2706	1
2714	2706	2
2659	2708	0
2659	2708	1
2659	2708	2
2725	2668	0
2725	2668	1
2725	2668	2
2732	2689	0
2732	2689	1
2732	2689	2
2664	2671	0
2664	2671	1
2664	2671	2
2649	2734	0
2649	2734	1
2649	2734	2
2669	2720	0
2669	2720	1
2669	2720	2
2650	2723	0
2650	2723	1
2650	2723	2
2710	2671	0
2710	2671	1
2710	2671	2
2718	2737	0
2718	2737	1
2718	2737	2
2727	2690	0
2727	2690	1
2727	2690	2
2691	2647	0
2691	2647	1
2691	2647	2
2727	2697	0
2727	2697	1
2727	2697	2
2704	2733	0
2704	2733	1
2704	2733	2
2722	2699	0
2722	2699	1
2722	2699	2
2687	2657	0
2687	2657	1
2687	2657	2
2731	2666	0
2731	2666	1
2731	2666	2
2730	2666	0
2730	2666	1
2730	2666	2
2667	2728	0
2667	2728	1
2667	2728	2
2659	2677	0
2659	2677	1
2659	2677	2
2699	2714	0
2699	2714	1
2699	2714	2
2705	2736	0
2705	2736	1
2705	2736	2
2708	2683	0
2708	2683	1
2708	2683	2
2735	2698	0
2735	2698	1
2735	2698	2
2686	2739	0
2686	2739	1
2686	2739	2
2734	2722	0
2734	2722	1
2734	2722	2
2733	2682	0
2733	2682	1
2733	2682	2
2657	2722	0
2657	2722	1
2657	2722	2
2687	2658	0
2687	2658	1
2687	2658	2
2689	2693	0
2689	2693	1
2689	2693	2
2733	2712	0
2733	2712	1
2733	2712	2
2716	2735	0
2716	2735	1
2716	2735	2
2727	2693	0
2727	2693	1
2727	2693	2
2687	2734	0
2687	2734	1
2687	2734	2
2740	2741	0
2740	2741	1
2740	2741	2
2742	2743	0
2742	2743	1
2742	2743	2
2744	2742	0
2744	2742	1
2744	2742	2
2745	2746	0
2745	2746	1
2745	2746	2
2747	2748	0
2747	2748	1
2747	2748	2
2748	2740	0
2748	2740	1
2748	2740	2
2744	2743	0
2744	2743	1
2744	2743	2
2749	2750	0
2749	2750	1
2749	2750	2
2742	2748	0
2742	2748	1
2742	2748	2
2749	2751	0
2749	2751	1
2749	2751	2
2743	2747	0
2743	2747	1
2743	2747	2
2751	2750	0
2751	2750	1
2751	2750	2
2752	2750	0
2752	2750	1
2752	2750	2
2749	2752	0
2749	2752	1
2749	2752	2
2753	2754	0
2753	2754	1
2753	2754	2
2744	2747	0
2744	2747	1
2744	2747	2
2755	2756	0
2755	2756	1
2755	2756	2
2757	2758	0
2757	2758	1
2757	2758	2
2759	2760	0
2759	2760	1
2759	2760	2
2761	2762	0
2761	2762	1
2761	2762	2
2763	2764	0
2763	2764	1
2763	2764	2
2765	2759	0
2765	2759	1
2765	2759	2
2758	2766	0
2758	2766	1
2758	2766	2
2767	2762	0
2767	2762	1
2767	2762	2
2768	2769	0
2768	2769	1
2768	2769	2
2770	2755	0
2770	2755	1
2770	2755	2
2764	2770	0
2764	2770	1
2764	2770	2
2771	2772	0
2771	2772	1
2771	2772	2
2773	2774	0
2773	2774	1
2773	2774	2
2775	2768	0
2775	2768	1
2775	2768	2
2776	2769	0
2776	2769	1
2776	2769	2
2774	2777	0
2774	2777	1
2774	2777	2
2767	2778	0
2767	2778	1
2767	2778	2
2769	2779	0
2769	2779	1
2769	2779	2
2766	2780	0
2766	2780	1
2766	2780	2
2766	2781	0
2766	2781	1
2766	2781	2
2772	2757	0
2772	2757	1
2772	2757	2
2763	2782	0
2763	2782	1
2763	2782	2
2781	2773	0
2781	2773	1
2781	2773	2
2783	2773	0
2783	2773	1
2783	2773	2
2776	2779	0
2776	2779	1
2776	2779	2
2778	2784	0
2778	2784	1
2778	2784	2
2762	2784	0
2762	2784	1
2762	2784	2
2785	2786	0
2785	2786	1
2785	2786	2
2768	2787	0
2768	2787	1
2768	2787	2
2765	2760	0
2765	2760	1
2765	2760	2
2788	2778	0
2788	2778	1
2788	2778	2
2789	2790	0
2789	2790	1
2789	2790	2
2791	2782	0
2791	2782	1
2791	2782	2
2775	2776	0
2775	2776	1
2775	2776	2
2792	2756	0
2792	2756	1
2792	2756	2
2779	2793	0
2779	2793	1
2779	2793	2
2794	2766	0
2794	2766	1
2794	2766	2
2766	2773	0
2766	2773	1
2766	2773	2
2795	2789	0
2795	2789	1
2795	2789	2
2783	2780	0
2783	2780	1
2783	2780	2
2767	2761	0
2767	2761	1
2767	2761	2
2788	2784	0
2788	2784	1
2788	2784	2
2796	2797	0
2796	2797	1
2796	2797	2
2798	2793	0
2798	2793	1
2798	2793	2
2763	2770	0
2763	2770	1
2763	2770	2
2762	2778	0
2762	2778	1
2762	2778	2
2799	2791	0
2799	2791	1
2799	2791	2
2782	2770	0
2782	2770	1
2782	2770	2
2760	2797	0
2760	2797	1
2760	2797	2
2792	2800	0
2792	2800	1
2792	2800	2
2783	2781	0
2783	2781	1
2783	2781	2
2780	2774	0
2780	2774	1
2780	2774	2
2791	2764	0
2791	2764	1
2791	2764	2
2794	2781	0
2794	2781	1
2794	2781	2
2792	2755	0
2792	2755	1
2792	2755	2
2771	2757	0
2771	2757	1
2771	2757	2
2768	2779	0
2768	2779	1
2768	2779	2
2770	2792	0
2770	2792	1
2770	2792	2
2787	2769	0
2787	2769	1
2787	2769	2
2799	2764	0
2799	2764	1
2799	2764	2
2801	2786	0
2801	2786	1
2801	2786	2
2775	2787	0
2775	2787	1
2775	2787	2
2761	2788	0
2761	2788	1
2761	2788	2
2780	2802	0
2780	2802	1
2780	2802	2
2803	2804	0
2803	2804	1
2803	2804	2
2784	2765	0
2784	2765	1
2784	2765	2
2791	2763	0
2791	2763	1
2791	2763	2
2767	2788	0
2767	2788	1
2767	2788	2
2755	2800	0
2755	2800	1
2755	2800	2
2800	2756	0
2800	2756	1
2800	2756	2
2769	2793	0
2769	2793	1
2769	2793	2
2805	2772	0
2805	2772	1
2805	2772	2
2784	2759	0
2784	2759	1
2784	2759	2
2794	2758	0
2794	2758	1
2794	2758	2
2802	2777	0
2802	2777	1
2802	2777	2
2801	2806	0
2801	2806	1
2801	2806	2
2758	2781	0
2758	2781	1
2758	2781	2
2777	2791	0
2777	2791	1
2777	2791	2
2803	2807	0
2803	2807	1
2803	2807	2
2773	2802	0
2773	2802	1
2773	2802	2
2805	2757	0
2805	2757	1
2805	2757	2
2768	2776	0
2768	2776	1
2768	2776	2
2799	2782	0
2799	2782	1
2799	2782	2
2769	2798	0
2769	2798	1
2769	2798	2
2756	2808	0
2756	2808	1
2756	2808	2
2809	2789	0
2809	2789	1
2809	2789	2
2787	2779	0
2787	2779	1
2787	2779	2
2779	2798	0
2779	2798	1
2779	2798	2
2810	2785	0
2810	2785	1
2810	2785	2
2757	2794	0
2757	2794	1
2757	2794	2
2780	2773	0
2780	2773	1
2780	2773	2
2811	2771	0
2811	2771	1
2811	2771	2
2812	2809	0
2812	2809	1
2812	2809	2
2809	2795	0
2809	2795	1
2809	2795	2
2772	2794	0
2772	2794	1
2772	2794	2
2782	2764	0
2782	2764	1
2782	2764	2
2811	2805	0
2811	2805	1
2811	2805	2
2802	2774	0
2802	2774	1
2802	2774	2
2813	2814	0
2813	2814	1
2813	2814	2
2815	2816	0
2815	2816	1
2815	2816	2
2817	2818	0
2817	2818	1
2817	2818	2
2819	2820	0
2819	2820	1
2819	2820	2
2821	2817	0
2821	2817	1
2821	2817	2
2822	2823	0
2822	2823	1
2822	2823	2
2814	2824	0
2814	2824	1
2814	2824	2
2825	2826	0
2825	2826	1
2825	2826	2
2813	2824	0
2813	2824	1
2813	2824	2
2827	2828	0
2827	2828	1
2827	2828	2
2829	2818	0
2829	2818	1
2829	2818	2
2828	2830	0
2828	2830	1
2828	2830	2
2831	2832	0
2831	2832	1
2831	2832	2
2813	2823	0
2813	2823	1
2813	2823	2
2833	2834	0
2833	2834	1
2833	2834	2
2835	2836	0
2835	2836	1
2835	2836	2
2832	2834	0
2832	2834	1
2832	2834	2
2837	2838	0
2837	2838	1
2837	2838	2
2824	2839	0
2824	2839	1
2824	2839	2
2837	2840	0
2837	2840	1
2837	2840	2
2835	2838	0
2835	2838	1
2835	2838	2
2826	2841	0
2826	2841	1
2826	2841	2
2835	2837	0
2835	2837	1
2835	2837	2
2832	2842	0
2832	2842	1
2832	2842	2
2830	2831	0
2830	2831	1
2830	2831	2
2843	2844	0
2843	2844	1
2843	2844	2
2845	2846	0
2845	2846	1
2845	2846	2
2829	2847	0
2829	2847	1
2829	2847	2
2813	2822	0
2813	2822	1
2813	2822	2
2825	2843	0
2825	2843	1
2825	2843	2
2828	2837	0
2828	2837	1
2828	2837	2
2828	2838	0
2828	2838	1
2828	2838	2
2817	2829	0
2817	2829	1
2817	2829	2
2830	2842	0
2830	2842	1
2830	2842	2
2848	2844	0
2848	2844	1
2848	2844	2
2827	2835	0
2827	2835	1
2827	2835	2
2814	2823	0
2814	2823	1
2814	2823	2
2822	2814	0
2822	2814	1
2822	2814	2
2836	2840	0
2836	2840	1
2836	2840	2
2814	2839	0
2814	2839	1
2814	2839	2
2836	2830	0
2836	2830	1
2836	2830	2
2849	2817	0
2849	2817	1
2849	2817	2
2838	2842	0
2838	2842	1
2838	2842	2
2818	2827	0
2818	2827	1
2818	2827	2
2850	2816	0
2850	2816	1
2850	2816	2
2851	2852	0
2851	2852	1
2851	2852	2
2819	2815	0
2819	2815	1
2819	2815	2
2828	2840	0
2828	2840	1
2828	2840	2
2835	2830	0
2835	2830	1
2835	2830	2
2844	2853	0
2844	2853	1
2844	2853	2
2850	2820	0
2850	2820	1
2850	2820	2
2830	2832	0
2830	2832	1
2830	2832	2
2854	2855	0
2854	2855	1
2854	2855	2
2825	2841	0
2825	2841	1
2825	2841	2
2856	2849	0
2856	2849	1
2856	2849	2
2836	2838	0
2836	2838	1
2836	2838	2
2854	2852	0
2854	2852	1
2854	2852	2
2826	2843	0
2826	2843	1
2826	2843	2
2857	2850	0
2857	2850	1
2857	2850	2
2824	2823	0
2824	2823	1
2824	2823	2
2831	2833	0
2831	2833	1
2831	2833	2
2855	2851	0
2855	2851	1
2855	2851	2
2841	2843	0
2841	2843	1
2841	2843	2
2830	2840	0
2830	2840	1
2830	2840	2
2836	2837	0
2836	2837	1
2836	2837	2
2848	2853	0
2848	2853	1
2848	2853	2
2831	2834	0
2831	2834	1
2831	2834	2
2858	2859	0
2858	2859	1
2858	2859	2
2838	2830	0
2838	2830	1
2838	2830	2
2849	2821	0
2849	2821	1
2849	2821	2
2840	2842	0
2840	2842	1
2840	2842	2
2841	2848	0
2841	2848	1
2841	2848	2
2825	2860	0
2825	2860	1
2825	2860	2
2838	2831	0
2838	2831	1
2838	2831	2
2832	2833	0
2832	2833	1
2832	2833	2
2833	2861	0
2833	2861	1
2833	2861	2
2847	2818	0
2847	2818	1
2847	2818	2
2841	2844	0
2841	2844	1
2841	2844	2
2854	2851	0
2854	2851	1
2854	2851	2
2819	2816	0
2819	2816	1
2819	2816	2
2860	2843	0
2860	2843	1
2860	2843	2
2840	2832	0
2840	2832	1
2840	2832	2
2850	2815	0
2850	2815	1
2850	2815	2
2829	2827	0
2829	2827	1
2829	2827	2
2846	2862	0
2846	2862	1
2846	2862	2
2823	2839	0
2823	2839	1
2823	2839	2
2838	2840	0
2838	2840	1
2838	2840	2
2822	2824	0
2822	2824	1
2822	2824	2
2817	2847	0
2817	2847	1
2817	2847	2
2834	2861	0
2834	2861	1
2834	2861	2
2828	2836	0
2828	2836	1
2828	2836	2
2860	2848	0
2860	2848	1
2860	2848	2
2821	2847	0
2821	2847	1
2821	2847	2
2847	2827	0
2847	2827	1
2847	2827	2
2827	2837	0
2827	2837	1
2827	2837	2
2828	2835	0
2828	2835	1
2828	2835	2
2835	2840	0
2835	2840	1
2835	2840	2
2860	2841	0
2860	2841	1
2860	2841	2
2813	2839	0
2813	2839	1
2813	2839	2
2821	2829	0
2821	2829	1
2821	2829	2
2853	2863	0
2853	2863	1
2853	2863	2
2850	2819	0
2850	2819	1
2850	2819	2
2827	2836	0
2827	2836	1
2827	2836	2
2863	2856	0
2863	2856	1
2863	2856	2
2822	2839	0
2822	2839	1
2822	2839	2
2864	2865	0
2864	2865	1
2864	2865	2
2866	2867	0
2866	2867	1
2866	2867	2
2868	2869	0
2868	2869	1
2868	2869	2
2864	2870	0
2864	2870	1
2864	2870	2
2871	2872	0
2871	2872	1
2871	2872	2
2873	2874	0
2873	2874	1
2873	2874	2
2874	2875	0
2874	2875	1
2874	2875	2
2876	2877	0
2876	2877	1
2876	2877	2
2874	2878	0
2874	2878	1
2874	2878	2
2879	2871	0
2879	2871	1
2879	2871	2
2880	2881	0
2880	2881	1
2880	2881	2
2882	2883	0
2882	2883	1
2882	2883	2
2884	2885	0
2884	2885	1
2884	2885	2
2875	2872	0
2875	2872	1
2875	2872	2
2886	2887	0
2886	2887	1
2886	2887	2
2880	2882	0
2880	2882	1
2880	2882	2
2888	2889	0
2888	2889	1
2888	2889	2
2874	2879	0
2874	2879	1
2874	2879	2
2890	2885	0
2890	2885	1
2890	2885	2
2891	2892	0
2891	2892	1
2891	2892	2
2893	2894	0
2893	2894	1
2893	2894	2
2895	2873	0
2895	2873	1
2895	2873	2
2890	2894	0
2890	2894	1
2890	2894	2
2895	2874	0
2895	2874	1
2895	2874	2
2896	2897	0
2896	2897	1
2896	2897	2
2898	2899	0
2898	2899	1
2898	2899	2
2872	2900	0
2872	2900	1
2872	2900	2
2900	2901	0
2900	2901	1
2900	2901	2
2901	2877	0
2901	2877	1
2901	2877	2
2881	2883	0
2881	2883	1
2881	2883	2
2894	2885	0
2894	2885	1
2894	2885	2
2900	2876	0
2900	2876	1
2900	2876	2
2878	2902	0
2878	2902	1
2878	2902	2
2880	2892	0
2880	2892	1
2880	2892	2
2901	2903	0
2901	2903	1
2901	2903	2
2904	2888	0
2904	2888	1
2904	2888	2
2874	2902	0
2874	2902	1
2874	2902	2
2879	2872	0
2879	2872	1
2879	2872	2
2894	2884	0
2894	2884	1
2894	2884	2
2876	2903	0
2876	2903	1
2876	2903	2
2905	2895	0
2905	2895	1
2905	2895	2
2879	2875	0
2879	2875	1
2879	2875	2
2906	2896	0
2906	2896	1
2906	2896	2
2889	2893	0
2889	2893	1
2889	2893	2
2903	2877	0
2903	2877	1
2903	2877	2
2878	2875	0
2878	2875	1
2878	2875	2
2892	2881	0
2892	2881	1
2892	2881	2
2905	2874	0
2905	2874	1
2905	2874	2
2902	2875	0
2902	2875	1
2902	2875	2
2877	2886	0
2877	2886	1
2877	2886	2
2905	2873	0
2905	2873	1
2905	2873	2
2877	2898	0
2877	2898	1
2877	2898	2
2901	2876	0
2901	2876	1
2901	2876	2
2890	2884	0
2890	2884	1
2890	2884	2
2880	2891	0
2880	2891	1
2880	2891	2
2897	2892	0
2897	2892	1
2897	2892	2
2902	2871	0
2902	2871	1
2902	2871	2
2893	2890	0
2893	2890	1
2893	2890	2
2878	2871	0
2878	2871	1
2878	2871	2
2903	2898	0
2903	2898	1
2903	2898	2
2904	2889	0
2904	2889	1
2904	2889	2
2891	2882	0
2891	2882	1
2891	2882	2
2897	2880	0
2897	2880	1
2897	2880	2
2905	2878	0
2905	2878	1
2905	2878	2
2878	2879	0
2878	2879	1
2878	2879	2
2902	2872	0
2902	2872	1
2902	2872	2
2873	2878	0
2873	2878	1
2873	2878	2
2892	2882	0
2892	2882	1
2892	2882	2
2907	2908	0
2907	2908	1
2907	2908	2
2909	2910	0
2909	2910	1
2909	2910	2
2911	2912	0
2911	2912	1
2911	2912	2
2910	2913	0
2910	2913	1
2910	2913	2
2914	2915	0
2914	2915	1
2914	2915	2
2916	2917	0
2916	2917	1
2916	2917	2
2914	2907	0
2914	2907	1
2914	2907	2
2918	2910	0
2918	2910	1
2918	2910	2
2915	2908	0
2915	2908	1
2915	2908	2
2917	2915	0
2917	2915	1
2917	2915	2
2912	2919	0
2912	2919	1
2912	2919	2
2920	2911	0
2920	2911	1
2920	2911	2
2916	2921	0
2916	2921	1
2916	2921	2
2909	2918	0
2909	2918	1
2909	2918	2
2917	2914	0
2917	2914	1
2917	2914	2
2922	2913	0
2922	2913	1
2922	2913	2
2915	2907	0
2915	2907	1
2915	2907	2
2911	2919	0
2911	2919	1
2911	2919	2
2914	2908	0
2914	2908	1
2914	2908	2
2922	2910	0
2922	2910	1
2922	2910	2
2918	2922	0
2918	2922	1
2918	2922	2
2923	2924	0
2923	2924	1
2923	2924	2
2925	2926	0
2925	2926	1
2925	2926	2
2927	2928	0
2927	2928	1
2927	2928	2
2929	2930	0
2929	2930	1
2929	2930	2
2929	2931	0
2929	2931	1
2929	2931	2
2932	2933	0
2932	2933	1
2932	2933	2
2934	2935	0
2934	2935	1
2934	2935	2
2936	2937	0
2936	2937	1
2936	2937	2
2929	2938	0
2929	2938	1
2929	2938	2
2939	2925	0
2939	2925	1
2939	2925	2
2940	2941	0
2940	2941	1
2940	2941	2
2936	2942	0
2936	2942	1
2936	2942	2
2943	2944	0
2943	2944	1
2943	2944	2
2945	2946	0
2945	2946	1
2945	2946	2
2928	2932	0
2928	2932	1
2928	2932	2
2947	2948	0
2947	2948	1
2947	2948	2
2949	2929	0
2949	2929	1
2949	2929	2
2950	2949	0
2950	2949	1
2950	2949	2
2934	2951	0
2934	2951	1
2934	2951	2
2937	2952	0
2937	2952	1
2937	2952	2
2953	2954	0
2953	2954	1
2953	2954	2
2955	2956	0
2955	2956	1
2955	2956	2
2957	2958	0
2957	2958	1
2957	2958	2
2959	2941	0
2959	2941	1
2959	2941	2
2940	2960	0
2940	2960	1
2940	2960	2
2943	2961	0
2943	2961	1
2943	2961	2
2962	2953	0
2962	2953	1
2962	2953	2
2963	2964	0
2963	2964	1
2963	2964	2
2965	2955	0
2965	2955	1
2965	2955	2
2966	2931	0
2966	2931	1
2966	2931	2
2947	2967	0
2947	2967	1
2947	2967	2
2968	2927	0
2968	2927	1
2968	2927	2
2969	2927	0
2969	2927	1
2969	2927	2
2937	2970	0
2937	2970	1
2937	2970	2
2970	2952	0
2970	2952	1
2970	2952	2
2971	2972	0
2971	2972	1
2971	2972	2
2932	2973	0
2932	2973	1
2932	2973	2
2929	2966	0
2929	2966	1
2929	2966	2
2955	2974	0
2955	2974	1
2955	2974	2
2975	2961	0
2975	2961	1
2975	2961	2
2976	2934	0
2976	2934	1
2976	2934	2
2977	2974	0
2977	2974	1
2977	2974	2
2978	2979	0
2978	2979	1
2978	2979	2
2938	2966	0
2938	2966	1
2938	2966	2
2964	2961	0
2964	2961	1
2964	2961	2
2935	2955	0
2935	2955	1
2935	2955	2
2975	2946	0
2975	2946	1
2975	2946	2
2925	2980	0
2925	2980	1
2925	2980	2
2981	2934	0
2981	2934	1
2981	2934	2
2981	2951	0
2981	2951	1
2981	2951	2
2971	2982	0
2971	2982	1
2971	2982	2
2938	2930	0
2938	2930	1
2938	2930	2
2949	2930	0
2949	2930	1
2949	2930	2
2983	2962	0
2983	2962	1
2983	2962	2
2984	2985	0
2984	2985	1
2984	2985	2
2984	2986	0
2984	2986	1
2984	2986	2
2940	2984	0
2940	2984	1
2940	2984	2
2967	2987	0
2967	2987	1
2967	2987	2
2988	2989	0
2988	2989	1
2988	2989	2
2974	2970	0
2974	2970	1
2974	2970	2
2959	2960	0
2959	2960	1
2959	2960	2
2931	2930	0
2931	2930	1
2931	2930	2
2990	2953	0
2990	2953	1
2990	2953	2
2932	2983	0
2932	2983	1
2932	2983	2
2960	2985	0
2960	2985	1
2960	2985	2
2951	2965	0
2951	2965	1
2951	2965	2
2983	2990	0
2983	2990	1
2983	2990	2
2936	2991	0
2936	2991	1
2936	2991	2
2956	2937	0
2956	2937	1
2956	2937	2
2991	2947	0
2991	2947	1
2991	2947	2
2987	2992	0
2987	2992	1
2987	2992	2
2993	2927	0
2993	2927	1
2993	2927	2
2935	2956	0
2935	2956	1
2935	2956	2
2994	2967	0
2994	2967	1
2994	2967	2
2995	2996	0
2995	2996	1
2995	2996	2
2997	2957	0
2997	2957	1
2997	2957	2
2974	2956	0
2974	2956	1
2974	2956	2
2930	2998	0
2930	2998	1
2930	2998	2
2994	2948	0
2994	2948	1
2994	2948	2
2967	2948	0
2967	2948	1
2967	2948	2
2934	2955	0
2934	2955	1
2934	2955	2
2969	2999	0
2969	2999	1
2969	2999	2
2961	2944	0
2961	2944	1
2961	2944	2
2949	2938	0
2949	2938	1
2949	2938	2
2968	2999	0
2968	2999	1
2968	2999	2
2956	2952	0
2956	2952	1
2956	2952	2
2954	3000	0
2954	3000	1
2954	3000	2
2982	2964	0
2982	2964	1
2982	2964	2
2974	2936	0
2974	2936	1
2974	2936	2
2941	2986	0
2941	2986	1
2941	2986	2
2990	2988	0
2990	2988	1
2990	2988	2
2966	2998	0
2966	2998	1
2966	2998	2
2959	2940	0
2959	2940	1
2959	2940	2
2943	2946	0
2943	2946	1
2943	2946	2
2992	2929	0
2992	2929	1
2992	2929	2
2991	2994	0
2991	2994	1
2991	2994	2
3001	3002	0
3001	3002	1
3001	3002	2
2963	2975	0
2963	2975	1
2963	2975	2
2969	2968	0
2969	2968	1
2969	2968	2
2945	2961	0
2945	2961	1
2945	2961	2
2986	2985	0
2986	2985	1
2986	2985	2
2971	2963	0
2971	2963	1
2971	2963	2
2958	2941	0
2958	2941	1
2958	2941	2
2927	3003	0
2927	3003	1
2927	3003	2
2964	2975	0
2964	2975	1
2964	2975	2
2941	2984	0
2941	2984	1
2941	2984	2
2982	2975	0
2982	2975	1
2982	2975	2
2999	2932	0
2999	2932	1
2999	2932	2
2966	3001	0
2966	3001	1
2966	3001	2
2937	2942	0
2937	2942	1
2937	2942	2
2977	2956	0
2977	2956	1
2977	2956	2
2960	2941	0
2960	2941	1
2960	2941	2
2968	3003	0
2968	3003	1
2968	3003	2
2994	2987	0
2994	2987	1
2994	2987	2
2969	2993	0
2969	2993	1
2969	2993	2
2972	2982	0
2972	2982	1
2972	2982	2
2926	3004	0
2926	3004	1
2926	3004	2
2988	2954	0
2988	2954	1
2988	2954	2
2965	2977	0
2965	2977	1
2965	2977	2
2946	2944	0
2946	2944	1
2946	2944	2
2958	2940	0
2958	2940	1
2958	2940	2
2969	3003	0
2969	3003	1
2969	3003	2
2956	2936	0
2956	2936	1
2956	2936	2
3005	2969	0
3005	2969	1
3005	2969	2
2927	2932	0
2927	2932	1
2927	2932	2
2935	2974	0
2935	2974	1
2935	2974	2
2940	2986	0
2940	2986	1
2940	2986	2
2931	3001	0
2931	3001	1
2931	3001	2
2938	2931	0
2938	2931	1
2938	2931	2
2938	2998	0
2938	2998	1
2938	2998	2
2976	2965	0
2976	2965	1
2976	2965	2
2928	2983	0
2928	2983	1
2928	2983	2
2966	2930	0
2966	2930	1
2966	2930	2
2951	2955	0
2951	2955	1
2951	2955	2
2999	2928	0
2999	2928	1
2999	2928	2
2974	2937	0
2974	2937	1
2974	2937	2
2948	2950	0
2948	2950	1
2948	2950	2
2927	2999	0
2927	2999	1
2927	2999	2
2953	2988	0
2953	2988	1
2953	2988	2
2933	2962	0
2933	2962	1
2933	2962	2
2942	2952	0
2942	2952	1
2942	2952	2
2947	2994	0
2947	2994	1
2947	2994	2
2975	2943	0
2975	2943	1
2975	2943	2
2999	3003	0
2999	3003	1
2999	3003	2
2928	2933	0
2928	2933	1
2928	2933	2
2970	2991	0
2970	2991	1
2970	2991	2
2957	2959	0
2957	2959	1
2957	2959	2
2934	2977	0
2934	2977	1
2934	2977	2
2928	2973	0
2928	2973	1
2928	2973	2
3005	2968	0
3005	2968	1
3005	2968	2
2949	2966	0
2949	2966	1
2949	2966	2
2940	2985	0
2940	2985	1
2940	2985	2
2936	2952	0
2936	2952	1
2936	2952	2
2958	2959	0
2958	2959	1
2958	2959	2
2937	2991	0
2937	2991	1
2937	2991	2
2944	2995	0
2944	2995	1
2944	2995	2
2981	2965	0
2981	2965	1
2981	2965	2
2933	2990	0
2933	2990	1
2933	2990	2
2974	2952	0
2974	2952	1
2974	2952	2
2987	2948	0
2987	2948	1
2987	2948	2
2960	2984	0
2960	2984	1
2960	2984	2
3003	2928	0
3003	2928	1
3003	2928	2
2982	2963	0
2982	2963	1
2982	2963	2
2975	2945	0
2975	2945	1
2975	2945	2
2938	3001	0
2938	3001	1
2938	3001	2
2993	2999	0
2993	2999	1
2993	2999	2
2949	2931	0
2949	2931	1
2949	2931	2
2987	2950	0
2987	2950	1
2987	2950	2
2980	2926	0
2980	2926	1
2980	2926	2
2977	2955	0
2977	2955	1
2977	2955	2
2945	2944	0
2945	2944	1
2945	2944	2
2956	2970	0
2956	2970	1
2956	2970	2
2951	2977	0
2951	2977	1
2951	2977	2
2941	2985	0
2941	2985	1
2941	2985	2
2992	2950	0
2992	2950	1
2992	2950	2
2936	2970	0
2936	2970	1
2936	2970	2
2964	2946	0
2964	2946	1
2964	2946	2
2947	2987	0
2947	2987	1
2947	2987	2
2962	2988	0
2962	2988	1
2962	2988	2
2989	3000	0
2989	3000	1
2989	3000	2
2948	2992	0
2948	2992	1
2948	2992	2
2973	2933	0
2973	2933	1
2973	2933	2
3004	2997	0
3004	2997	1
3004	2997	2
2942	2970	0
2942	2970	1
2942	2970	2
2993	2968	0
2993	2968	1
2993	2968	2
2931	2998	0
2931	2998	1
2931	2998	2
2942	2991	0
2942	2991	1
2942	2991	2
2934	2965	0
2934	2965	1
2934	2965	2
2992	2949	0
2992	2949	1
2992	2949	2
2960	2986	0
2960	2986	1
2960	2986	2
2951	2935	0
2951	2935	1
2951	2935	2
2993	3003	0
2993	3003	1
2993	3003	2
3006	2939	0
3006	2939	1
3006	2939	2
2976	2981	0
2976	2981	1
2976	2981	2
2965	2935	0
2965	2935	1
2965	2935	2
2974	2942	0
2974	2942	1
2974	2942	2
3007	3008	0
3007	3008	1
3007	3008	2
3009	3010	0
3009	3010	1
3009	3010	2
3010	3011	0
3010	3011	1
3010	3011	2
3012	3008	0
3012	3008	1
3012	3008	2
3011	3013	0
3011	3013	1
3011	3013	2
3007	3009	0
3007	3009	1
3007	3009	2
3014	3015	0
3014	3015	1
3014	3015	2
3016	3017	0
3016	3017	1
3016	3017	2
3009	3011	0
3009	3011	1
3009	3011	2
3014	3017	0
3014	3017	1
3014	3017	2
3014	3016	0
3014	3016	1
3014	3016	2
3007	3010	0
3007	3010	1
3007	3010	2
3013	3018	0
3013	3018	1
3013	3018	2
3007	3011	0
3007	3011	1
3007	3011	2
3007	3012	0
3007	3012	1
3007	3012	2
3012	3010	0
3012	3010	1
3012	3010	2
3009	3012	0
3009	3012	1
3009	3012	2
3016	3019	0
3016	3019	1
3016	3019	2
3010	3008	0
3010	3008	1
3010	3008	2
3018	3014	0
3018	3014	1
3018	3014	2
3007	3013	0
3007	3013	1
3007	3013	2
3015	3017	0
3015	3017	1
3015	3017	2
3013	3008	0
3013	3008	1
3013	3008	2
3012	3013	0
3012	3013	1
3012	3013	2
3016	3015	0
3016	3015	1
3016	3015	2
3008	3018	0
3008	3018	1
3008	3018	2
3009	3008	0
3009	3008	1
3009	3008	2
3010	3013	0
3010	3013	1
3010	3013	2
3020	3021	0
3020	3021	1
3020	3021	2
3022	3020	0
3022	3020	1
3022	3020	2
3022	3021	0
3022	3021	1
3022	3021	2
3023	3022	0
3023	3022	1
3023	3022	2
3020	3024	0
3020	3024	1
3020	3024	2
3020	3025	0
3020	3025	1
3020	3025	2
3021	3025	0
3021	3025	1
3021	3025	2
3025	3024	0
3025	3024	1
3025	3024	2
3021	3024	0
3021	3024	1
3021	3024	2
3026	3027	0
3026	3027	1
3026	3027	2
3026	3028	0
3026	3028	1
3026	3028	2
3029	3030	0
3029	3030	1
3029	3030	2
3031	3030	0
3031	3030	1
3031	3030	2
3032	3033	0
3032	3033	1
3032	3033	2
3027	3028	0
3027	3028	1
3027	3028	2
3026	3033	0
3026	3033	1
3026	3033	2
3027	3032	0
3027	3032	1
3027	3032	2
3034	3035	0
3034	3035	1
3034	3035	2
3026	3032	0
3026	3032	1
3026	3032	2
3029	3031	0
3029	3031	1
3029	3031	2
3033	3028	0
3033	3028	1
3033	3028	2
3036	3037	0
3036	3037	1
3036	3037	2
3038	3037	0
3038	3037	1
3038	3037	2
3039	3037	0
3039	3037	1
3039	3037	2
3040	3037	0
3040	3037	1
3040	3037	2
3041	3042	0
3041	3042	1
3041	3042	2
3037	3041	0
3037	3041	1
3037	3041	2
3039	3036	0
3039	3036	1
3039	3036	2
3040	3036	0
3040	3036	1
3040	3036	2
3038	3040	0
3038	3040	1
3038	3040	2
3036	3041	0
3036	3041	1
3036	3041	2
3043	3044	0
3043	3044	1
3043	3044	2
3039	3038	0
3039	3038	1
3039	3038	2
3045	3046	0
3045	3046	1
3045	3046	2
3047	3048	0
3047	3048	1
3047	3048	2
3049	3050	0
3049	3050	1
3049	3050	2
3049	3051	0
3049	3051	1
3049	3051	2
3051	3052	0
3051	3052	1
3051	3052	2
3048	3053	0
3048	3053	1
3048	3053	2
3050	3052	0
3050	3052	1
3050	3052	2
3052	3054	0
3052	3054	1
3052	3054	2
3051	3050	0
3051	3050	1
3051	3050	2
3050	3054	0
3050	3054	1
3050	3054	2
3047	3053	0
3047	3053	1
3047	3053	2
3049	3052	0
3049	3052	1
3049	3052	2
3055	3056	0
3055	3056	1
3055	3056	2
3057	3058	0
3057	3058	1
3057	3058	2
3059	3060	0
3059	3060	1
3059	3060	2
3061	3062	0
3061	3062	1
3061	3062	2
3063	3064	0
3063	3064	1
3063	3064	2
3065	3066	0
3065	3066	1
3065	3066	2
3066	3055	0
3066	3055	1
3066	3055	2
3067	3057	0
3067	3057	1
3067	3057	2
3068	3056	0
3068	3056	1
3068	3056	2
3057	3069	0
3057	3069	1
3057	3069	2
3070	3071	0
3070	3071	1
3070	3071	2
3063	3072	0
3063	3072	1
3063	3072	2
3070	3065	0
3070	3065	1
3070	3065	2
3072	3064	0
3072	3064	1
3072	3064	2
3073	3074	0
3073	3074	1
3073	3074	2
3060	3070	0
3060	3070	1
3060	3070	2
3064	3075	0
3064	3075	1
3064	3075	2
3076	3061	0
3076	3061	1
3076	3061	2
3070	3066	0
3070	3066	1
3070	3066	2
3074	3063	0
3074	3063	1
3074	3063	2
3058	3077	0
3058	3077	1
3058	3077	2
3075	3078	0
3075	3078	1
3075	3078	2
3077	3073	0
3077	3073	1
3077	3073	2
3065	3055	0
3065	3055	1
3065	3055	2
3079	3080	0
3079	3080	1
3079	3080	2
3071	3055	0
3071	3055	1
3071	3055	2
3065	3071	0
3065	3071	1
3065	3071	2
3081	3061	0
3081	3061	1
3081	3061	2
3075	3080	0
3075	3080	1
3075	3080	2
3074	3072	0
3074	3072	1
3074	3072	2
3079	3078	0
3079	3078	1
3079	3078	2
3059	3070	0
3059	3070	1
3059	3070	2
3068	3081	0
3068	3081	1
3068	3081	2
3069	3058	0
3069	3058	1
3069	3058	2
3055	3068	0
3055	3068	1
3055	3068	2
3082	3083	0
3082	3083	1
3082	3083	2
3084	3085	0
3084	3085	1
3084	3085	2
3083	3086	0
3083	3086	1
3083	3086	2
3087	3084	0
3087	3084	1
3087	3084	2
3088	3083	0
3088	3083	1
3088	3083	2
3087	3085	0
3087	3085	1
3087	3085	2
3084	3089	0
3084	3089	1
3084	3089	2
3083	3084	0
3083	3084	1
3083	3084	2
3087	3086	0
3087	3086	1
3087	3086	2
3089	3085	0
3089	3085	1
3089	3085	2
3090	3082	0
3090	3082	1
3090	3082	2
3090	3088	0
3090	3088	1
3090	3088	2
3088	3082	0
3088	3082	1
3088	3082	2
3083	3087	0
3083	3087	1
3083	3087	2
3091	3092	0
3091	3092	1
3091	3092	2
3093	3094	0
3093	3094	1
3093	3094	2
3093	3095	0
3093	3095	1
3093	3095	2
3093	3096	0
3093	3096	1
3093	3096	2
3097	3098	0
3097	3098	1
3097	3098	2
3093	3099	0
3093	3099	1
3093	3099	2
3100	3101	0
3100	3101	1
3100	3101	2
3102	3103	0
3102	3103	1
3102	3103	2
3104	3095	0
3104	3095	1
3104	3095	2
3105	3106	0
3105	3106	1
3105	3106	2
3102	3096	0
3102	3096	1
3102	3096	2
3107	3108	0
3107	3108	1
3107	3108	2
3109	3104	0
3109	3104	1
3109	3104	2
3104	3105	0
3104	3105	1
3104	3105	2
3106	3103	0
3106	3103	1
3106	3103	2
3093	3105	0
3093	3105	1
3093	3105	2
3100	3110	0
3100	3110	1
3100	3110	2
3111	3108	0
3111	3108	1
3111	3108	2
3094	3099	0
3094	3099	1
3094	3099	2
3112	3113	0
3112	3113	1
3112	3113	2
3114	3115	0
3114	3115	1
3114	3115	2
3116	3099	0
3116	3099	1
3116	3099	2
3105	3107	0
3105	3107	1
3105	3107	2
3105	3095	0
3105	3095	1
3105	3095	2
3104	3102	0
3104	3102	1
3104	3102	2
3110	3117	0
3110	3117	1
3110	3117	2
3109	3118	0
3109	3118	1
3109	3118	2
3101	3098	0
3101	3098	1
3101	3098	2
3111	3119	0
3111	3119	1
3111	3119	2
3106	3096	0
3106	3096	1
3106	3096	2
3093	3106	0
3093	3106	1
3093	3106	2
3120	3117	0
3120	3117	1
3120	3117	2
3104	3116	0
3104	3116	1
3104	3116	2
3116	3096	0
3116	3096	1
3116	3096	2
3098	3121	0
3098	3121	1
3098	3121	2
3101	3121	0
3101	3121	1
3101	3121	2
3122	3104	0
3122	3104	1
3122	3104	2
3100	3120	0
3100	3120	1
3100	3120	2
3115	3113	0
3115	3113	1
3115	3113	2
3093	3102	0
3093	3102	1
3093	3102	2
3099	3103	0
3099	3103	1
3099	3103	2
3120	3101	0
3120	3101	1
3120	3101	2
3104	3093	0
3104	3093	1
3104	3093	2
3103	3111	0
3103	3111	1
3103	3111	2
3110	3101	0
3110	3101	1
3110	3101	2
3095	3099	0
3095	3099	1
3095	3099	2
3119	3113	0
3119	3113	1
3119	3113	2
3113	3123	0
3113	3123	1
3113	3123	2
3105	3103	0
3105	3103	1
3105	3103	2
3096	3107	0
3096	3107	1
3096	3107	2
3111	3115	0
3111	3115	1
3111	3115	2
3091	3097	0
3091	3097	1
3091	3097	2
3118	3106	0
3118	3106	1
3118	3106	2
3108	3115	0
3108	3115	1
3108	3115	2
3116	3103	0
3116	3103	1
3116	3103	2
3100	3092	0
3100	3092	1
3100	3092	2
3097	3101	0
3097	3101	1
3097	3101	2
3118	3094	0
3118	3094	1
3118	3094	2
3097	3092	0
3097	3092	1
3097	3092	2
3091	3098	0
3091	3098	1
3091	3098	2
3099	3107	0
3099	3107	1
3099	3107	2
3110	3092	0
3110	3092	1
3110	3092	2
3092	3098	0
3092	3098	1
3092	3098	2
3120	3097	0
3120	3097	1
3120	3097	2
3118	3105	0
3118	3105	1
3118	3105	2
3094	3106	0
3094	3106	1
3094	3106	2
3104	3094	0
3104	3094	1
3104	3094	2
3120	3098	0
3120	3098	1
3120	3098	2
3119	3115	0
3119	3115	1
3119	3115	2
3100	3098	0
3100	3098	1
3100	3098	2
3114	3113	0
3114	3113	1
3114	3113	2
3094	3107	0
3094	3107	1
3094	3107	2
3091	3117	0
3091	3117	1
3091	3117	2
3092	3121	0
3092	3121	1
3092	3121	2
3105	3096	0
3105	3096	1
3105	3096	2
3101	3092	0
3101	3092	1
3101	3092	2
3121	3109	0
3121	3109	1
3121	3109	2
3094	3096	0
3094	3096	1
3094	3096	2
3106	3099	0
3106	3099	1
3106	3099	2
3116	3107	0
3116	3107	1
3116	3107	2
3096	3099	0
3096	3099	1
3096	3099	2
3103	3108	0
3103	3108	1
3103	3108	2
3106	3116	0
3106	3116	1
3106	3116	2
3110	3091	0
3110	3091	1
3110	3091	2
3095	3103	0
3095	3103	1
3095	3103	2
3093	3107	0
3093	3107	1
3093	3107	2
3121	3122	0
3121	3122	1
3121	3122	2
3115	3112	0
3115	3112	1
3115	3112	2
3092	3117	0
3092	3117	1
3092	3117	2
3122	3118	0
3122	3118	1
3122	3118	2
3108	3114	0
3108	3114	1
3108	3114	2
3096	3095	0
3096	3095	1
3096	3095	2
3119	3114	0
3119	3114	1
3119	3114	2
3118	3116	0
3118	3116	1
3118	3116	2
3096	3103	0
3096	3103	1
3096	3103	2
3104	3096	0
3104	3096	1
3104	3096	2
3091	3120	0
3091	3120	1
3091	3120	2
3116	3095	0
3116	3095	1
3116	3095	2
3106	3102	0
3106	3102	1
3106	3102	2
3102	3095	0
3102	3095	1
3102	3095	2
3110	3097	0
3110	3097	1
3110	3097	2
3102	3107	0
3102	3107	1
3102	3107	2
3118	3096	0
3118	3096	1
3118	3096	2
3111	3114	0
3111	3114	1
3111	3114	2
3094	3103	0
3094	3103	1
3094	3103	2
3100	3097	0
3100	3097	1
3100	3097	2
3099	3111	0
3099	3111	1
3099	3111	2
3114	3112	0
3114	3112	1
3114	3112	2
3104	3106	0
3104	3106	1
3104	3106	2
3094	3095	0
3094	3095	1
3094	3095	2
3122	3109	0
3122	3109	1
3122	3109	2
3103	3107	0
3103	3107	1
3103	3107	2
3107	3111	0
3107	3111	1
3107	3111	2
3101	3117	0
3101	3117	1
3101	3117	2
3124	3125	0
3124	3125	1
3124	3125	2
3126	3127	0
3126	3127	1
3126	3127	2
3126	3128	0
3126	3128	1
3126	3128	2
3129	3126	0
3129	3126	1
3129	3126	2
3130	3131	0
3130	3131	1
3130	3131	2
3126	3124	0
3126	3124	1
3126	3124	2
3127	3128	0
3127	3128	1
3127	3128	2
3124	3130	0
3124	3130	1
3124	3130	2
3130	3125	0
3130	3125	1
3130	3125	2
3127	3124	0
3127	3124	1
3127	3124	2
3132	3128	0
3132	3128	1
3132	3128	2
3133	3125	0
3133	3125	1
3133	3125	2
3134	3132	0
3134	3132	1
3134	3132	2
3124	3133	0
3124	3133	1
3124	3133	2
3129	3124	0
3129	3124	1
3129	3124	2
3129	3128	0
3129	3128	1
3129	3128	2
3135	3132	0
3135	3132	1
3135	3132	2
3133	3130	0
3133	3130	1
3133	3130	2
3132	3127	0
3132	3127	1
3132	3127	2
3125	3131	0
3125	3131	1
3125	3131	2
3129	3127	0
3129	3127	1
3129	3127	2
3136	3137	0
3136	3137	1
3136	3137	2
3138	3139	0
3138	3139	1
3138	3139	2
3140	3141	0
3140	3141	1
3140	3141	2
3142	3143	0
3142	3143	1
3142	3143	2
3144	3145	0
3144	3145	1
3144	3145	2
3146	3147	0
3146	3147	1
3146	3147	2
3148	3149	0
3148	3149	1
3148	3149	2
3150	3142	0
3150	3142	1
3150	3142	2
3136	3151	0
3136	3151	1
3136	3151	2
3152	3141	0
3152	3141	1
3152	3141	2
3153	3154	0
3153	3154	1
3153	3154	2
3142	3155	0
3142	3155	1
3142	3155	2
3156	3157	0
3156	3157	1
3156	3157	2
3149	3158	0
3149	3158	1
3149	3158	2
3159	3137	0
3159	3137	1
3159	3137	2
3160	3141	0
3160	3141	1
3160	3141	2
3161	3141	0
3161	3141	1
3161	3141	2
3139	3162	0
3139	3162	1
3139	3162	2
3140	3152	0
3140	3152	1
3140	3152	2
3155	3154	0
3155	3154	1
3155	3154	2
3163	3164	0
3163	3164	1
3163	3164	2
3150	3144	0
3150	3144	1
3150	3144	2
3143	3153	0
3143	3153	1
3143	3153	2
3155	3149	0
3155	3149	1
3155	3149	2
3150	3145	0
3150	3145	1
3150	3145	2
3158	3165	0
3158	3165	1
3158	3165	2
3148	3143	0
3148	3143	1
3148	3143	2
3144	3142	0
3144	3142	1
3144	3142	2
3164	3157	0
3164	3157	1
3164	3157	2
3160	3140	0
3160	3140	1
3160	3140	2
3147	3150	0
3147	3150	1
3147	3150	2
3149	3154	0
3149	3154	1
3149	3154	2
3149	3153	0
3149	3153	1
3149	3153	2
3151	3160	0
3151	3160	1
3151	3160	2
3138	3166	0
3138	3166	1
3138	3166	2
3148	3154	0
3148	3154	1
3148	3154	2
3148	3153	0
3148	3153	1
3148	3153	2
3164	3156	0
3164	3156	1
3164	3156	2
3147	3145	0
3147	3145	1
3147	3145	2
3162	3167	0
3162	3167	1
3162	3167	2
3139	3167	0
3139	3167	1
3139	3167	2
3166	3139	0
3166	3139	1
3166	3139	2
3145	3142	0
3145	3142	1
3145	3142	2
3137	3160	0
3137	3160	1
3137	3160	2
3143	3154	0
3143	3154	1
3143	3154	2
3143	3149	0
3143	3149	1
3143	3149	2
3159	3151	0
3159	3151	1
3159	3151	2
3161	3140	0
3161	3140	1
3161	3140	2
3151	3161	0
3151	3161	1
3151	3161	2
3165	3163	0
3165	3163	1
3165	3163	2
3142	3148	0
3142	3148	1
3142	3148	2
3137	3151	0
3137	3151	1
3137	3151	2
3137	3161	0
3137	3161	1
3137	3161	2
3160	3152	0
3160	3152	1
3160	3152	2
3147	3144	0
3147	3144	1
3147	3144	2
3168	3169	0
3168	3169	1
3168	3169	2
3168	3170	0
3168	3170	1
3168	3170	2
3171	3172	0
3171	3172	1
3171	3172	2
3173	3174	0
3173	3174	1
3173	3174	2
3172	3175	0
3172	3175	1
3172	3175	2
3171	3175	0
3171	3175	1
3171	3175	2
3176	3177	0
3176	3177	1
3176	3177	2
3178	3179	0
3178	3179	1
3178	3179	2
3179	3180	0
3179	3180	1
3179	3180	2
3181	3182	0
3181	3182	1
3181	3182	2
3178	3180	0
3178	3180	1
3178	3180	2
3181	3171	0
3181	3171	1
3181	3171	2
3174	3179	0
3174	3179	1
3174	3179	2
3182	3171	0
3182	3171	1
3182	3171	2
3173	3179	0
3173	3179	1
3173	3179	2
3176	3181	0
3176	3181	1
3176	3181	2
3183	3184	0
3183	3184	1
3183	3184	2
3182	3172	0
3182	3172	1
3182	3172	2
3182	3175	0
3182	3175	1
3182	3175	2
3178	3174	0
3178	3174	1
3178	3174	2
3185	3186	0
3185	3186	1
3185	3186	2
3187	3188	0
3187	3188	1
3187	3188	2
3189	3190	0
3189	3190	1
3189	3190	2
3186	3191	0
3186	3191	1
3186	3191	2
3192	3189	0
3192	3189	1
3192	3189	2
3193	3189	0
3193	3189	1
3193	3189	2
3192	3194	0
3192	3194	1
3192	3194	2
3195	3191	0
3195	3191	1
3195	3191	2
3196	3193	0
3196	3193	1
3196	3193	2
3194	3189	0
3194	3189	1
3194	3189	2
3188	3197	0
3188	3197	1
3188	3197	2
3193	3192	0
3193	3192	1
3193	3192	2
3198	3199	0
3198	3199	1
3198	3199	2
3185	3191	0
3185	3191	1
3185	3191	2
3200	3201	0
3200	3201	1
3200	3201	2
3189	3202	0
3189	3202	1
3189	3202	2
3203	3187	0
3203	3187	1
3203	3187	2
3204	3205	0
3204	3205	1
3204	3205	2
3190	3206	0
3190	3206	1
3190	3206	2
3204	3188	0
3204	3188	1
3204	3188	2
3197	3205	0
3197	3205	1
3197	3205	2
3207	3201	0
3207	3201	1
3207	3201	2
3202	3206	0
3202	3206	1
3202	3206	2
3202	3190	0
3202	3190	1
3202	3190	2
3185	3195	0
3185	3195	1
3185	3195	2
3200	3207	0
3200	3207	1
3200	3207	2
3188	3205	0
3188	3205	1
3188	3205	2
3187	3204	0
3187	3204	1
3187	3204	2
3208	3209	0
3208	3209	1
3208	3209	2
3209	3210	0
3209	3210	1
3209	3210	2
3211	3212	0
3211	3212	1
3211	3212	2
3213	3214	0
3213	3214	1
3213	3214	2
3208	3212	0
3208	3212	1
3208	3212	2
3211	3208	0
3211	3208	1
3211	3208	2
3209	3215	0
3209	3215	1
3209	3215	2
3214	3212	0
3214	3212	1
3214	3212	2
3216	3214	0
3216	3214	1
3216	3214	2
3213	3216	0
3213	3216	1
3213	3216	2
3211	3209	0
3211	3209	1
3211	3209	2
3214	3208	0
3214	3208	1
3214	3208	2
3217	3218	0
3217	3218	1
3217	3218	2
3219	3220	0
3219	3220	1
3219	3220	2
3221	3222	0
3221	3222	1
3221	3222	2
3223	3224	0
3223	3224	1
3223	3224	2
3225	3220	0
3225	3220	1
3225	3220	2
3226	3227	0
3226	3227	1
3226	3227	2
3228	3229	0
3228	3229	1
3228	3229	2
3219	3225	0
3219	3225	1
3219	3225	2
3230	3231	0
3230	3231	1
3230	3231	2
3232	3233	0
3232	3233	1
3232	3233	2
3234	3235	0
3234	3235	1
3234	3235	2
3236	3231	0
3236	3231	1
3236	3231	2
3237	3238	0
3237	3238	1
3237	3238	2
3238	3239	0
3238	3239	1
3238	3239	2
3240	3241	0
3240	3241	1
3240	3241	2
3237	3242	0
3237	3242	1
3237	3242	2
3243	3244	0
3243	3244	1
3243	3244	2
3239	3245	0
3239	3245	1
3239	3245	2
3245	3246	0
3245	3246	1
3245	3246	2
3247	3248	0
3247	3248	1
3247	3248	2
3249	3217	0
3249	3217	1
3249	3217	2
3224	3250	0
3224	3250	1
3224	3250	2
3251	3252	0
3251	3252	1
3251	3252	2
3253	3249	0
3253	3249	1
3253	3249	2
3254	3222	0
3254	3222	1
3254	3222	2
3238	3246	0
3238	3246	1
3238	3246	2
3248	3240	0
3248	3240	1
3248	3240	2
3255	3244	0
3255	3244	1
3255	3244	2
3256	3257	0
3256	3257	1
3256	3257	2
3258	3249	0
3258	3249	1
3258	3249	2
3238	3242	0
3238	3242	1
3238	3242	2
3245	3259	0
3245	3259	1
3245	3259	2
3259	3260	0
3259	3260	1
3259	3260	2
3243	3261	0
3243	3261	1
3243	3261	2
3240	3246	0
3240	3246	1
3240	3246	2
3246	3262	0
3246	3262	1
3246	3262	2
3247	3237	0
3247	3237	1
3247	3237	2
3261	3248	0
3261	3248	1
3261	3248	2
3263	3264	0
3263	3264	1
3263	3264	2
3258	3253	0
3258	3253	1
3258	3253	2
3265	3260	0
3265	3260	1
3265	3260	2
3246	3259	0
3246	3259	1
3246	3259	2
3266	3267	0
3266	3267	1
3266	3267	2
3229	3222	0
3229	3222	1
3229	3222	2
3259	3262	0
3259	3262	1
3259	3262	2
3262	3265	0
3262	3265	1
3262	3265	2
3218	3256	0
3218	3256	1
3218	3256	2
3239	3246	0
3239	3246	1
3239	3246	2
3268	3217	0
3268	3217	1
3268	3217	2
3221	3254	0
3221	3254	1
3221	3254	2
3252	3234	0
3252	3234	1
3252	3234	2
3244	3261	0
3244	3261	1
3244	3261	2
3269	3270	0
3269	3270	1
3269	3270	2
3242	3241	0
3242	3241	1
3242	3241	2
3221	3229	0
3221	3229	1
3221	3229	2
3271	3263	0
3271	3263	1
3271	3263	2
3272	3243	0
3272	3243	1
3272	3243	2
3229	3254	0
3229	3254	1
3229	3254	2
3273	3269	0
3273	3269	1
3273	3269	2
3274	3264	0
3274	3264	1
3274	3264	2
3219	3275	0
3219	3275	1
3219	3275	2
3231	3228	0
3231	3228	1
3231	3228	2
3240	3242	0
3240	3242	1
3240	3242	2
3276	3230	0
3276	3230	1
3276	3230	2
3249	3268	0
3249	3268	1
3249	3268	2
3277	3278	0
3277	3278	1
3277	3278	2
3241	3245	0
3241	3245	1
3241	3245	2
3276	3236	0
3276	3236	1
3276	3236	2
3237	3240	0
3237	3240	1
3237	3240	2
3241	3246	0
3241	3246	1
3241	3246	2
3251	3235	0
3251	3235	1
3251	3235	2
3269	3223	0
3269	3223	1
3269	3223	2
3255	3272	0
3255	3272	1
3255	3272	2
3241	3259	0
3241	3259	1
3241	3259	2
3259	3277	0
3259	3277	1
3259	3277	2
3217	3257	0
3217	3257	1
3217	3257	2
3277	3265	0
3277	3265	1
3277	3265	2
3243	3247	0
3243	3247	1
3243	3247	2
3241	3262	0
3241	3262	1
3241	3262	2
3266	3279	0
3266	3279	1
3266	3279	2
3271	3264	0
3271	3264	1
3271	3264	2
3242	3245	0
3242	3245	1
3242	3245	2
3280	3279	0
3280	3279	1
3280	3279	2
3226	3251	0
3226	3251	1
3226	3251	2
3226	3252	0
3226	3252	1
3226	3252	2
3244	3247	0
3244	3247	1
3244	3247	2
3251	3234	0
3251	3234	1
3251	3234	2
3260	3278	0
3260	3278	1
3260	3278	2
3275	3281	0
3275	3281	1
3275	3281	2
3277	3260	0
3277	3260	1
3277	3260	2
3218	3282	0
3218	3282	1
3218	3282	2
3227	3235	0
3227	3235	1
3227	3235	2
3261	3237	0
3261	3237	1
3261	3237	2
3274	3283	0
3274	3283	1
3274	3283	2
3240	3245	0
3240	3245	1
3240	3245	2
3256	3282	0
3256	3282	1
3256	3282	2
3284	3280	0
3284	3280	1
3284	3280	2
3229	3285	0
3229	3285	1
3229	3285	2
3238	3241	0
3238	3241	1
3238	3241	2
3250	3274	0
3250	3274	1
3250	3274	2
3239	3241	0
3239	3241	1
3239	3241	2
3238	3245	0
3238	3245	1
3238	3245	2
3267	3279	0
3267	3279	1
3267	3279	2
3250	3271	0
3250	3271	1
3250	3271	2
3280	3266	0
3280	3266	1
3280	3266	2
3271	3283	0
3271	3283	1
3271	3283	2
3221	3285	0
3221	3285	1
3221	3285	2
3220	3281	0
3220	3281	1
3220	3281	2
3262	3277	0
3262	3277	1
3262	3277	2
3245	3262	0
3245	3262	1
3245	3262	2
3281	3286	0
3281	3286	1
3281	3286	2
3217	3256	0
3217	3256	1
3217	3256	2
3262	3260	0
3262	3260	1
3262	3260	2
3259	3265	0
3259	3265	1
3259	3265	2
3234	3227	0
3234	3227	1
3234	3227	2
3239	3242	0
3239	3242	1
3239	3242	2
3218	3257	0
3218	3257	1
3218	3257	2
3252	3235	0
3252	3235	1
3252	3235	2
3238	3240	0
3238	3240	1
3238	3240	2
3284	3266	0
3284	3266	1
3284	3266	2
3276	3231	0
3276	3231	1
3276	3231	2
3228	3221	0
3228	3221	1
3228	3221	2
3240	3239	0
3240	3239	1
3240	3239	2
3248	3239	0
3248	3239	1
3248	3239	2
3248	3242	0
3248	3242	1
3248	3242	2
3237	3239	0
3237	3239	1
3237	3239	2
3278	3253	0
3278	3253	1
3278	3253	2
3257	3282	0
3257	3282	1
3257	3282	2
3220	3275	0
3220	3275	1
3220	3275	2
3258	3268	0
3258	3268	1
3258	3268	2
3287	3288	0
3287	3288	1
3287	3288	2
3289	3290	0
3289	3290	1
3289	3290	2
3291	3292	0
3291	3292	1
3291	3292	2
3293	3294	0
3293	3294	1
3293	3294	2
3295	3296	0
3295	3296	1
3295	3296	2
3297	3298	0
3297	3298	1
3297	3298	2
3299	3300	0
3299	3300	1
3299	3300	2
3301	3302	0
3301	3302	1
3301	3302	2
3303	3304	0
3303	3304	1
3303	3304	2
3305	3306	0
3305	3306	1
3305	3306	2
3307	3294	0
3307	3294	1
3307	3294	2
3294	3308	0
3294	3308	1
3294	3308	2
3309	3308	0
3309	3308	1
3309	3308	2
3303	3310	0
3303	3310	1
3303	3310	2
3311	3307	0
3311	3307	1
3311	3307	2
3312	3313	0
3312	3313	1
3312	3313	2
3299	3294	0
3299	3294	1
3299	3294	2
3314	3315	0
3314	3315	1
3314	3315	2
3316	3317	0
3316	3317	1
3316	3317	2
3318	3319	0
3318	3319	1
3318	3319	2
3320	3312	0
3320	3312	1
3320	3312	2
3321	3322	0
3321	3322	1
3321	3322	2
3323	3320	0
3323	3320	1
3323	3320	2
3324	3299	0
3324	3299	1
3324	3299	2
3311	3325	0
3311	3325	1
3311	3325	2
3325	3307	0
3325	3307	1
3325	3307	2
3326	3320	0
3326	3320	1
3326	3320	2
3324	3327	0
3324	3327	1
3324	3327	2
3328	3329	0
3328	3329	1
3328	3329	2
3318	3330	0
3318	3330	1
3318	3330	2
3308	3331	0
3308	3331	1
3308	3331	2
3332	3323	0
3332	3323	1
3332	3323	2
3293	3333	0
3293	3333	1
3293	3333	2
3334	3335	0
3334	3335	1
3334	3335	2
3336	3333	0
3336	3333	1
3336	3333	2
3337	3338	0
3337	3338	1
3337	3338	2
3306	3339	0
3306	3339	1
3306	3339	2
3340	3338	0
3340	3338	1
3340	3338	2
3309	3299	0
3309	3299	1
3309	3299	2
3341	3342	0
3341	3342	1
3341	3342	2
3343	3328	0
3343	3328	1
3343	3328	2
3294	3333	0
3294	3333	1
3294	3333	2
3326	3344	0
3326	3344	1
3326	3344	2
3296	3345	0
3296	3345	1
3296	3345	2
3346	3347	0
3346	3347	1
3346	3347	2
3348	3330	0
3348	3330	1
3348	3330	2
3329	3298	0
3329	3298	1
3329	3298	2
3349	3317	0
3349	3317	1
3349	3317	2
3290	3350	0
3290	3350	1
3290	3350	2
3333	3351	0
3333	3351	1
3333	3351	2
3309	3333	0
3309	3333	1
3309	3333	2
3336	3351	0
3336	3351	1
3336	3351	2
3295	3352	0
3295	3352	1
3295	3352	2
3313	3329	0
3313	3329	1
3313	3329	2
3353	3354	0
3353	3354	1
3353	3354	2
3337	3340	0
3337	3340	1
3337	3340	2
3321	3355	0
3321	3355	1
3321	3355	2
3305	3339	0
3305	3339	1
3305	3339	2
3356	3342	0
3356	3342	1
3356	3342	2
3357	3332	0
3357	3332	1
3357	3332	2
3328	3297	0
3328	3297	1
3328	3297	2
3351	3331	0
3351	3331	1
3351	3331	2
3338	3346	0
3338	3346	1
3338	3346	2
3294	3300	0
3294	3300	1
3294	3300	2
3358	3359	0
3358	3359	1
3358	3359	2
3360	3331	0
3360	3331	1
3360	3331	2
3361	3316	0
3361	3316	1
3361	3316	2
3338	3288	0
3338	3288	1
3338	3288	2
3362	3363	0
3362	3363	1
3362	3363	2
3364	3303	0
3364	3303	1
3364	3303	2
3365	3311	0
3365	3311	1
3365	3311	2
3366	3367	0
3366	3367	1
3366	3367	2
3368	3369	0
3368	3369	1
3368	3369	2
3306	3370	0
3306	3370	1
3306	3370	2
3371	3372	0
3371	3372	1
3371	3372	2
3333	3360	0
3333	3360	1
3333	3360	2
3373	3371	0
3373	3371	1
3373	3371	2
3319	3330	0
3319	3330	1
3319	3330	2
3350	3374	0
3350	3374	1
3350	3374	2
3343	3313	0
3343	3313	1
3343	3313	2
3361	3317	0
3361	3317	1
3361	3317	2
3299	3351	0
3299	3351	1
3299	3351	2
3354	3337	0
3354	3337	1
3354	3337	2
3367	3339	0
3367	3339	1
3367	3339	2
3375	3376	0
3375	3376	1
3375	3376	2
3371	3377	0
3371	3377	1
3371	3377	2
3370	3378	0
3370	3378	1
3370	3378	2
3293	3300	0
3293	3300	1
3293	3300	2
3339	3370	0
3339	3370	1
3339	3370	2
3371	3379	0
3371	3379	1
3371	3379	2
3299	3336	0
3299	3336	1
3299	3336	2
3380	3304	0
3380	3304	1
3380	3304	2
3379	3377	0
3379	3377	1
3379	3377	2
3381	3292	0
3381	3292	1
3381	3292	2
3293	3336	0
3293	3336	1
3293	3336	2
3311	3327	0
3311	3327	1
3311	3327	2
3368	3316	0
3368	3316	1
3368	3316	2
3324	3336	0
3324	3336	1
3324	3336	2
3367	3305	0
3367	3305	1
3367	3305	2
3335	3382	0
3335	3382	1
3335	3382	2
3310	3383	0
3310	3383	1
3310	3383	2
3309	3351	0
3309	3351	1
3309	3351	2
3368	3361	0
3368	3361	1
3368	3361	2
3351	3360	0
3351	3360	1
3351	3360	2
3293	3351	0
3293	3351	1
3293	3351	2
3300	3331	0
3300	3331	1
3300	3331	2
3325	3327	0
3325	3327	1
3325	3327	2
3331	3334	0
3331	3334	1
3331	3334	2
3300	3333	0
3300	3333	1
3300	3333	2
3348	3319	0
3348	3319	1
3348	3319	2
3307	3327	0
3307	3327	1
3307	3327	2
3378	3301	0
3378	3301	1
3378	3301	2
3327	3363	0
3327	3363	1
3327	3363	2
3318	3384	0
3318	3384	1
3318	3384	2
3385	3305	0
3385	3305	1
3385	3305	2
3374	3386	0
3374	3386	1
3374	3386	2
3294	3351	0
3294	3351	1
3294	3351	2
3294	3336	0
3294	3336	1
3294	3336	2
3367	3306	0
3367	3306	1
3367	3306	2
3373	3372	0
3373	3372	1
3373	3372	2
3308	3360	0
3308	3360	1
3308	3360	2
3375	3387	0
3375	3387	1
3375	3387	2
3329	3297	0
3329	3297	1
3329	3297	2
3310	3380	0
3310	3380	1
3310	3380	2
3299	3308	0
3299	3308	1
3299	3308	2
3307	3299	0
3307	3299	1
3307	3299	2
3382	3303	0
3382	3303	1
3382	3303	2
3307	3324	0
3307	3324	1
3307	3324	2
3288	3347	0
3288	3347	1
3288	3347	2
3292	3359	0
3292	3359	1
3292	3359	2
3369	3361	0
3369	3361	1
3369	3361	2
3360	3364	0
3360	3364	1
3360	3364	2
3300	3308	0
3300	3308	1
3300	3308	2
3311	3363	0
3311	3363	1
3311	3363	2
3304	3383	0
3304	3383	1
3304	3383	2
3324	3294	0
3324	3294	1
3324	3294	2
3293	3308	0
3293	3308	1
3293	3308	2
3324	3309	0
3324	3309	1
3324	3309	2
3320	3343	0
3320	3343	1
3320	3343	2
3381	3291	0
3381	3291	1
3381	3291	2
3365	3325	0
3365	3325	1
3365	3325	2
3354	3388	0
3354	3388	1
3354	3388	2
3368	3349	0
3368	3349	1
3368	3349	2
3322	3302	0
3322	3302	1
3322	3302	2
3300	3351	0
3300	3351	1
3300	3351	2
3293	3299	0
3293	3299	1
3293	3299	2
3321	3301	0
3321	3301	1
3321	3301	2
3307	3293	0
3307	3293	1
3307	3293	2
3368	3317	0
3368	3317	1
3368	3317	2
3389	3295	0
3389	3295	1
3389	3295	2
3311	3324	0
3311	3324	1
3311	3324	2
3364	3382	0
3364	3382	1
3364	3382	2
3309	3336	0
3309	3336	1
3309	3336	2
3327	3309	0
3327	3309	1
3327	3309	2
3388	3337	0
3388	3337	1
3388	3337	2
3327	3294	0
3327	3294	1
3327	3294	2
3390	3391	0
3390	3391	1
3390	3391	2
3355	3302	0
3355	3302	1
3355	3302	2
3309	3300	0
3309	3300	1
3309	3300	2
3378	3355	0
3378	3355	1
3378	3355	2
3331	3364	0
3331	3364	1
3331	3364	2
3366	3339	0
3366	3339	1
3366	3339	2
3332	3344	0
3332	3344	1
3332	3344	2
3311	3362	0
3311	3362	1
3311	3362	2
3382	3304	0
3382	3304	1
3382	3304	2
3369	3316	0
3369	3316	1
3369	3316	2
3312	3328	0
3312	3328	1
3312	3328	2
3330	3384	0
3330	3384	1
3330	3384	2
3333	3331	0
3333	3331	1
3333	3331	2
3369	3349	0
3369	3349	1
3369	3349	2
3373	3377	0
3373	3377	1
3373	3377	2
3382	3310	0
3382	3310	1
3382	3310	2
3366	3306	0
3366	3306	1
3366	3306	2
3341	3392	0
3341	3392	1
3341	3392	2
3334	3382	0
3334	3382	1
3334	3382	2
3344	3320	0
3344	3320	1
3344	3320	2
3358	3291	0
3358	3291	1
3358	3291	2
3374	3393	0
3374	3393	1
3374	3393	2
3336	3300	0
3336	3300	1
3336	3300	2
3340	3287	0
3340	3287	1
3340	3287	2
3362	3325	0
3362	3325	1
3362	3325	2
3370	3321	0
3370	3321	1
3370	3321	2
3377	3372	0
3377	3372	1
3377	3372	2
3369	3317	0
3369	3317	1
3369	3317	2
3358	3381	0
3358	3381	1
3358	3381	2
3394	3367	0
3394	3367	1
3394	3367	2
3382	3380	0
3382	3380	1
3382	3380	2
3381	3359	0
3381	3359	1
3381	3359	2
3308	3351	0
3308	3351	1
3308	3351	2
3361	3349	0
3361	3349	1
3361	3349	2
3307	3336	0
3307	3336	1
3307	3336	2
3299	3333	0
3299	3333	1
3299	3333	2
3348	3318	0
3348	3318	1
3348	3318	2
3356	3395	0
3356	3395	1
3356	3395	2
3312	3343	0
3312	3343	1
3312	3343	2
3379	3372	0
3379	3372	1
3379	3372	2
3395	3392	0
3395	3392	1
3395	3392	2
3384	3396	0
3384	3396	1
3384	3396	2
3342	3392	0
3342	3392	1
3342	3392	2
3387	3391	0
3387	3391	1
3387	3391	2
3326	3323	0
3326	3323	1
3326	3323	2
3395	3341	0
3395	3341	1
3395	3341	2
3325	3363	0
3325	3363	1
3325	3363	2
3291	3359	0
3291	3359	1
3291	3359	2
3319	3384	0
3319	3384	1
3319	3384	2
3349	3316	0
3349	3316	1
3349	3316	2
3307	3363	0
3307	3363	1
3307	3363	2
3373	3379	0
3373	3379	1
3373	3379	2
3360	3334	0
3360	3334	1
3360	3334	2
3363	3299	0
3363	3299	1
3363	3299	2
3355	3301	0
3355	3301	1
3355	3301	2
3390	3356	0
3390	3356	1
3390	3356	2
3385	3367	0
3385	3367	1
3385	3367	2
3346	3288	0
3346	3288	1
3346	3288	2
3309	3293	0
3309	3293	1
3309	3293	2
3387	3390	0
3387	3390	1
3387	3390	2
3380	3383	0
3380	3383	1
3380	3383	2
3386	3393	0
3386	3393	1
3386	3393	2
3331	3335	0
3331	3335	1
3331	3335	2
3336	3308	0
3336	3308	1
3336	3308	2
3350	3386	0
3350	3386	1
3350	3386	2
3352	3345	0
3352	3345	1
3352	3345	2
3376	3390	0
3376	3390	1
3376	3390	2
3308	3333	0
3308	3333	1
3308	3333	2
3394	3366	0
3394	3366	1
3394	3366	2
3360	3335	0
3360	3335	1
3360	3335	2
3325	3324	0
3325	3324	1
3325	3324	2
3353	3388	0
3353	3388	1
3353	3388	2
3327	3336	0
3327	3336	1
3327	3336	2
3385	3366	0
3385	3366	1
3385	3366	2
3363	3309	0
3363	3309	1
3363	3309	2
3321	3378	0
3321	3378	1
3321	3378	2
3345	3365	0
3345	3365	1
3345	3365	2
3362	3327	0
3362	3327	1
3362	3327	2
3363	3294	0
3363	3294	1
3363	3294	2
3363	3336	0
3363	3336	1
3363	3336	2
3363	3293	0
3363	3293	1
3363	3293	2
3376	3391	0
3376	3391	1
3376	3391	2
3309	3294	0
3309	3294	1
3309	3294	2
3364	3334	0
3364	3334	1
3364	3334	2
3322	3301	0
3322	3301	1
3322	3301	2
3313	3297	0
3313	3297	1
3313	3297	2
3327	3293	0
3327	3293	1
3327	3293	2
3335	3303	0
3335	3303	1
3335	3303	2
3393	3375	0
3393	3375	1
3393	3375	2
3397	3398	0
3397	3398	1
3397	3398	2
3398	3399	0
3398	3399	1
3398	3399	2
3400	3401	0
3400	3401	1
3400	3401	2
3402	3398	0
3402	3398	1
3402	3398	2
3403	3401	0
3403	3401	1
3403	3401	2
3401	3404	0
3401	3404	1
3401	3404	2
3405	3401	0
3405	3401	1
3405	3401	2
3406	3398	0
3406	3398	1
3406	3398	2
3404	3397	0
3404	3397	1
3404	3397	2
3402	3407	0
3402	3407	1
3402	3407	2
3406	3397	0
3406	3397	1
3406	3397	2
3405	3400	0
3405	3400	1
3405	3400	2
3402	3397	0
3402	3397	1
3402	3397	2
3404	3406	0
3404	3406	1
3404	3406	2
3406	3407	0
3406	3407	1
3406	3407	2
3407	3398	0
3407	3398	1
3407	3398	2
3402	3406	0
3402	3406	1
3402	3406	2
3404	3407	0
3404	3407	1
3404	3407	2
3408	3399	0
3408	3399	1
3408	3399	2
3403	3405	0
3403	3405	1
3403	3405	2
3403	3400	0
3403	3400	1
3403	3400	2
3409	3410	0
3409	3410	1
3409	3410	2
3411	3412	0
3411	3412	1
3411	3412	2
3409	3413	0
3409	3413	1
3409	3413	2
3414	3415	0
3414	3415	1
3414	3415	2
3413	3416	0
3413	3416	1
3413	3416	2
3412	3417	0
3412	3417	1
3412	3417	2
3416	3414	0
3416	3414	1
3416	3414	2
3416	3415	0
3416	3415	1
3416	3415	2
3418	3419	0
3418	3419	1
3418	3419	2
3410	3416	0
3410	3416	1
3410	3416	2
3413	3410	0
3413	3410	1
3413	3410	2
3420	3421	0
3420	3421	1
3420	3421	2
3419	3417	0
3419	3417	1
3419	3417	2
3422	3418	0
3422	3418	1
3422	3418	2
3419	3412	0
3419	3412	1
3419	3412	2
3421	3409	0
3421	3409	1
3421	3409	2
3423	3424	0
3423	3424	1
3423	3424	2
3425	3426	0
3425	3426	1
3425	3426	2
3427	3428	0
3427	3428	1
3427	3428	2
3429	3424	0
3429	3424	1
3429	3424	2
3427	3426	0
3427	3426	1
3427	3426	2
3424	3430	0
3424	3430	1
3424	3430	2
3428	3425	0
3428	3425	1
3428	3425	2
3429	3430	0
3429	3430	1
3429	3430	2
3426	3423	0
3426	3423	1
3426	3423	2
3428	3426	0
3428	3426	1
3428	3426	2
3425	3423	0
3425	3423	1
3425	3423	2
3431	3432	0
3431	3432	1
3431	3432	2
3433	3434	0
3433	3434	1
3433	3434	2
3434	3435	0
3434	3435	1
3434	3435	2
3436	3437	0
3436	3437	1
3436	3437	2
3432	3433	0
3432	3433	1
3432	3433	2
3431	3437	0
3431	3437	1
3431	3437	2
3433	3438	0
3433	3438	1
3433	3438	2
3432	3439	0
3432	3439	1
3432	3439	2
3436	3431	0
3436	3431	1
3436	3431	2
3435	3440	0
3435	3440	1
3435	3440	2
3437	3432	0
3437	3432	1
3437	3432	2
3438	3435	0
3438	3435	1
3438	3435	2
3439	3433	0
3439	3433	1
3439	3433	2
3439	3438	0
3439	3438	1
3439	3438	2
3434	3440	0
3434	3440	1
3434	3440	2
3438	3440	0
3438	3440	1
3438	3440	2
3439	3434	0
3439	3434	1
3439	3434	2
3441	3442	0
3441	3442	1
3441	3442	2
3443	3444	0
3443	3444	1
3443	3444	2
3445	3446	0
3445	3446	1
3445	3446	2
3444	3447	0
3444	3447	1
3444	3447	2
3443	3442	0
3443	3442	1
3443	3442	2
3443	3441	0
3443	3441	1
3443	3441	2
3441	3447	0
3441	3447	1
3441	3447	2
3447	3446	0
3447	3446	1
3447	3446	2
3447	3445	0
3447	3445	1
3447	3445	2
3443	3448	0
3443	3448	1
3443	3448	2
3448	3444	0
3448	3444	1
3448	3444	2
3442	3447	0
3442	3447	1
3442	3447	2
3449	3450	0
3449	3450	1
3449	3450	2
3451	3452	0
3451	3452	1
3451	3452	2
3453	3454	0
3453	3454	1
3453	3454	2
3455	3452	0
3455	3452	1
3455	3452	2
3451	3456	0
3451	3456	1
3451	3456	2
3457	3451	0
3457	3451	1
3457	3451	2
3449	3458	0
3449	3458	1
3449	3458	2
3459	3460	0
3459	3460	1
3459	3460	2
3461	3449	0
3461	3449	1
3461	3449	2
3457	3454	0
3457	3454	1
3457	3454	2
3454	3456	0
3454	3456	1
3454	3456	2
3455	3462	0
3455	3462	1
3455	3462	2
3452	3463	0
3452	3463	1
3452	3463	2
3459	3456	0
3459	3456	1
3459	3456	2
3453	3464	0
3453	3464	1
3453	3464	2
3460	3452	0
3460	3452	1
3460	3452	2
3454	3455	0
3454	3455	1
3454	3455	2
3465	3466	0
3465	3466	1
3465	3466	2
3451	3467	0
3451	3467	1
3451	3467	2
3460	3462	0
3460	3462	1
3460	3462	2
3456	3455	0
3456	3455	1
3456	3455	2
3453	3459	0
3453	3459	1
3453	3459	2
3456	3452	0
3456	3452	1
3456	3452	2
3467	3452	0
3467	3452	1
3467	3452	2
3457	3467	0
3457	3467	1
3457	3467	2
3462	3452	0
3462	3452	1
3462	3452	2
3456	3462	0
3456	3462	1
3456	3462	2
3457	3460	0
3457	3460	1
3457	3460	2
3458	3465	0
3458	3465	1
3458	3465	2
3468	3469	0
3468	3469	1
3468	3469	2
3458	3450	0
3458	3450	1
3458	3450	2
3454	3460	0
3454	3460	1
3454	3460	2
3460	3467	0
3460	3467	1
3460	3467	2
3459	3455	0
3459	3455	1
3459	3455	2
3457	3455	0
3457	3455	1
3457	3455	2
3459	3451	0
3459	3451	1
3459	3451	2
3469	3470	0
3469	3470	1
3469	3470	2
3453	3457	0
3453	3457	1
3453	3457	2
3464	3457	0
3464	3457	1
3464	3457	2
3462	3463	0
3462	3463	1
3462	3463	2
3470	3449	0
3470	3449	1
3470	3449	2
3463	3468	0
3463	3468	1
3463	3468	2
3450	3465	0
3450	3465	1
3450	3465	2
3460	3451	0
3460	3451	1
3460	3451	2
3459	3454	0
3459	3454	1
3459	3454	2
3466	3471	0
3466	3471	1
3466	3471	2
3459	3467	0
3459	3467	1
3459	3467	2
3464	3459	0
3464	3459	1
3464	3459	2
3460	3455	0
3460	3455	1
3460	3455	2
3468	3470	0
3468	3470	1
3468	3470	2
3464	3454	0
3464	3454	1
3464	3454	2
3467	3462	0
3467	3462	1
3467	3462	2
3451	3455	0
3451	3455	1
3451	3455	2
3454	3451	0
3454	3451	1
3454	3451	2
3472	3473	0
3472	3473	1
3472	3473	2
3474	3475	0
3474	3475	1
3474	3475	2
3476	3477	0
3476	3477	1
3476	3477	2
3478	3479	0
3478	3479	1
3478	3479	2
3480	3481	0
3480	3481	1
3480	3481	2
3482	3476	0
3482	3476	1
3482	3476	2
3483	3476	0
3483	3476	1
3483	3476	2
3484	3479	0
3484	3479	1
3484	3479	2
3477	3485	0
3477	3485	1
3477	3485	2
3486	3487	0
3486	3487	1
3486	3487	2
3488	3474	0
3488	3474	1
3488	3474	2
3483	3477	0
3483	3477	1
3483	3477	2
3482	3483	0
3482	3483	1
3482	3483	2
3472	3486	0
3472	3486	1
3472	3486	2
3489	3478	0
3489	3478	1
3489	3478	2
3485	3490	0
3485	3490	1
3485	3490	2
3484	3476	0
3484	3476	1
3484	3476	2
3491	3480	0
3491	3480	1
3491	3480	2
3475	3472	0
3475	3472	1
3475	3472	2
3479	3483	0
3479	3483	1
3479	3483	2
3478	3484	0
3478	3484	1
3478	3484	2
3485	3491	0
3485	3491	1
3485	3491	2
3485	3488	0
3485	3488	1
3485	3488	2
3488	3481	0
3488	3481	1
3488	3481	2
3488	3480	0
3488	3480	1
3488	3480	2
3489	3484	0
3489	3484	1
3489	3484	2
3488	3491	0
3488	3491	1
3488	3491	2
3474	3480	0
3474	3480	1
3474	3480	2
3475	3473	0
3475	3473	1
3475	3473	2
3484	3483	0
3484	3483	1
3484	3483	2
3491	3481	0
3491	3481	1
3491	3481	2
3482	3479	0
3482	3479	1
3482	3479	2
3478	3482	0
3478	3482	1
3478	3482	2
3474	3481	0
3474	3481	1
3474	3481	2
3489	3479	0
3489	3479	1
3489	3479	2
3482	3484	0
3482	3484	1
3482	3484	2
3479	3476	0
3479	3476	1
3479	3476	2
3473	3486	0
3473	3486	1
3473	3486	2
3491	3474	0
3491	3474	1
3491	3474	2
3490	3488	0
3490	3488	1
3490	3488	2
3492	3493	0
3492	3493	1
3492	3493	2
3494	3495	0
3494	3495	1
3494	3495	2
3496	3497	0
3496	3497	1
3496	3497	2
3498	3499	0
3498	3499	1
3498	3499	2
3499	3500	0
3499	3500	1
3499	3500	2
3501	3502	0
3501	3502	1
3501	3502	2
3503	3492	0
3503	3492	1
3503	3492	2
3504	3505	0
3504	3505	1
3504	3505	2
3506	3507	0
3506	3507	1
3506	3507	2
3496	3508	0
3496	3508	1
3496	3508	2
3497	3509	0
3497	3509	1
3497	3509	2
3505	3507	0
3505	3507	1
3505	3507	2
3510	3508	0
3510	3508	1
3510	3508	2
3511	3500	0
3511	3500	1
3511	3500	2
3493	3496	0
3493	3496	1
3493	3496	2
3512	3508	0
3512	3508	1
3512	3508	2
3500	3513	0
3500	3513	1
3500	3513	2
3513	3514	0
3513	3514	1
3513	3514	2
3497	3501	0
3497	3501	1
3497	3501	2
3503	3515	0
3503	3515	1
3503	3515	2
3506	3516	0
3506	3516	1
3506	3516	2
3517	3518	0
3517	3518	1
3517	3518	2
3517	3497	0
3517	3497	1
3517	3497	2
3512	3497	0
3512	3497	1
3512	3497	2
3503	3493	0
3503	3493	1
3503	3493	2
3518	3497	0
3518	3497	1
3518	3497	2
3494	3519	0
3494	3519	1
3494	3519	2
3499	3513	0
3499	3513	1
3499	3513	2
3501	3507	0
3501	3507	1
3501	3507	2
3516	3494	0
3516	3494	1
3516	3494	2
3520	3493	0
3520	3493	1
3520	3493	2
3512	3509	0
3512	3509	1
3512	3509	2
3510	3512	0
3510	3512	1
3510	3512	2
3521	3520	0
3521	3520	1
3521	3520	2
3508	3501	0
3508	3501	1
3508	3501	2
3496	3510	0
3496	3510	1
3496	3510	2
3517	3510	0
3517	3510	1
3517	3510	2
3506	3505	0
3506	3505	1
3506	3505	2
3522	3523	0
3522	3523	1
3522	3523	2
3513	3515	0
3513	3515	1
3513	3515	2
3518	3508	0
3518	3508	1
3518	3508	2
3513	3521	0
3513	3521	1
3513	3521	2
3515	3520	0
3515	3520	1
3515	3520	2
3518	3512	0
3518	3512	1
3518	3512	2
3521	3515	0
3521	3515	1
3521	3515	2
3520	3492	0
3520	3492	1
3520	3492	2
3493	3517	0
3493	3517	1
3493	3517	2
3496	3518	0
3496	3518	1
3496	3518	2
3501	3509	0
3501	3509	1
3501	3509	2
3509	3507	0
3509	3507	1
3509	3507	2
3512	3501	0
3512	3501	1
3512	3501	2
3503	3520	0
3503	3520	1
3503	3520	2
3504	3507	0
3504	3507	1
3504	3507	2
3524	3522	0
3524	3522	1
3524	3522	2
3511	3513	0
3511	3513	1
3511	3513	2
3507	3516	0
3507	3516	1
3507	3516	2
3514	3493	0
3514	3493	1
3514	3493	2
3506	3504	0
3506	3504	1
3506	3504	2
3525	3516	0
3525	3516	1
3525	3516	2
3510	3501	0
3510	3501	1
3510	3501	2
3511	3499	0
3511	3499	1
3511	3499	2
3525	3495	0
3525	3495	1
3525	3495	2
3504	3502	0
3504	3502	1
3504	3502	2
3521	3514	0
3521	3514	1
3521	3514	2
3515	3492	0
3515	3492	1
3515	3492	2
3495	3519	0
3495	3519	1
3495	3519	2
3521	3503	0
3521	3503	1
3521	3503	2
3510	3497	0
3510	3497	1
3510	3497	2
3513	3503	0
3513	3503	1
3513	3503	2
3507	3525	0
3507	3525	1
3507	3525	2
3515	3493	0
3515	3493	1
3515	3493	2
3509	3504	0
3509	3504	1
3509	3504	2
3497	3508	0
3497	3508	1
3497	3508	2
3504	3525	0
3504	3525	1
3504	3525	2
3526	3522	0
3526	3522	1
3526	3522	2
3514	3492	0
3514	3492	1
3514	3492	2
3505	3525	0
3505	3525	1
3505	3525	2
3509	3502	0
3509	3502	1
3509	3502	2
3518	3509	0
3518	3509	1
3518	3509	2
3506	3502	0
3506	3502	1
3506	3502	2
3518	3501	0
3518	3501	1
3518	3501	2
3504	3516	0
3504	3516	1
3504	3516	2
3523	3498	0
3523	3498	1
3523	3498	2
3502	3507	0
3502	3507	1
3502	3507	2
3521	3493	0
3521	3493	1
3521	3493	2
3510	3509	0
3510	3509	1
3510	3509	2
3498	3511	0
3498	3511	1
3498	3511	2
3506	3525	0
3506	3525	1
3506	3525	2
3517	3508	0
3517	3508	1
3517	3508	2
3509	3505	0
3509	3505	1
3509	3505	2
3505	3516	0
3505	3516	1
3505	3516	2
3509	3506	0
3509	3506	1
3509	3506	2
3501	3506	0
3501	3506	1
3501	3506	2
3501	3504	0
3501	3504	1
3501	3504	2
3517	3512	0
3517	3512	1
3517	3512	2
3527	3528	0
3527	3528	1
3527	3528	2
3527	3529	0
3527	3529	1
3527	3529	2
3530	3531	0
3530	3531	1
3530	3531	2
3528	3532	0
3528	3532	1
3528	3532	2
3533	3534	0
3533	3534	1
3533	3534	2
3528	3529	0
3528	3529	1
3528	3529	2
3535	3527	0
3535	3527	1
3535	3527	2
3536	3537	0
3536	3537	1
3536	3537	2
3533	3538	0
3533	3538	1
3533	3538	2
3527	3532	0
3527	3532	1
3527	3532	2
3536	3533	0
3536	3533	1
3536	3533	2
3533	3535	0
3533	3535	1
3533	3535	2
3538	3527	0
3538	3527	1
3538	3527	2
3528	3530	0
3528	3530	1
3528	3530	2
3534	3535	0
3534	3535	1
3534	3535	2
3538	3535	0
3538	3535	1
3538	3535	2
3537	3534	0
3537	3534	1
3537	3534	2
3534	3538	0
3534	3538	1
3534	3538	2
3532	3530	0
3532	3530	1
3532	3530	2
3531	3539	0
3531	3539	1
3531	3539	2
3536	3534	0
3536	3534	1
3536	3534	2
3532	3529	0
3532	3529	1
3532	3529	2
3537	3533	0
3537	3533	1
3537	3533	2
3529	3530	0
3529	3530	1
3529	3530	2
3540	3541	0
3540	3541	1
3540	3541	2
3542	3540	0
3542	3540	1
3542	3540	2
3542	3541	0
3542	3541	1
3542	3541	2
3541	3543	0
3541	3543	1
3541	3543	2
3541	3544	0
3541	3544	1
3541	3544	2
3542	3545	0
3542	3545	1
3542	3545	2
3545	3541	0
3545	3541	1
3545	3541	2
3545	3540	0
3545	3540	1
3545	3540	2
3546	3547	0
3546	3547	1
3546	3547	2
3548	3549	0
3548	3549	1
3548	3549	2
3550	3545	0
3550	3545	1
3550	3545	2
3548	3550	0
3548	3550	1
3548	3550	2
3549	3550	0
3549	3550	1
3549	3550	2
3543	3551	0
3543	3551	1
3543	3551	2
3546	3548	0
3546	3548	1
3546	3548	2
3547	3549	0
3547	3549	1
3547	3549	2
3550	3542	0
3550	3542	1
3550	3542	2
3544	3551	0
3544	3551	1
3544	3551	2
3552	3553	0
3552	3553	1
3552	3553	2
3554	3555	0
3554	3555	1
3554	3555	2
3556	3552	0
3556	3552	1
3556	3552	2
3557	3558	0
3557	3558	1
3557	3558	2
3558	3554	0
3558	3554	1
3558	3554	2
3558	3555	0
3558	3555	1
3558	3555	2
3554	3556	0
3554	3556	1
3554	3556	2
3555	3556	0
3555	3556	1
3555	3556	2
3559	3560	0
3559	3560	1
3559	3560	2
3561	3562	0
3561	3562	1
3561	3562	2
3561	3563	0
3561	3563	1
3561	3563	2
3563	3564	0
3563	3564	1
3563	3564	2
3562	3564	0
3562	3564	1
3562	3564	2
3565	3560	0
3565	3560	1
3565	3560	2
3566	3563	0
3566	3563	1
3566	3563	2
3559	3565	0
3559	3565	1
3559	3565	2
3564	3567	0
3564	3567	1
3564	3567	2
3566	3561	0
3566	3561	1
3566	3561	2
3568	3569	0
3568	3569	1
3568	3569	2
3569	3561	0
3569	3561	1
3569	3561	2
3561	3564	0
3561	3564	1
3561	3564	2
3562	3567	0
3562	3567	1
3562	3567	2
3560	3568	0
3560	3568	1
3560	3568	2
3566	3562	0
3566	3562	1
3566	3562	2
3562	3570	0
3562	3570	1
3562	3570	2
3569	3564	0
3569	3564	1
3569	3564	2
3571	3568	0
3571	3568	1
3571	3568	2
3569	3563	0
3569	3563	1
3569	3563	2
3566	3570	0
3566	3570	1
3566	3570	2
3563	3567	0
3563	3567	1
3563	3567	2
3561	3570	0
3561	3570	1
3561	3570	2
3566	3564	0
3566	3564	1
3566	3564	2
3563	3570	0
3563	3570	1
3563	3570	2
3567	3570	0
3567	3570	1
3567	3570	2
3572	3573	0
3572	3573	1
3572	3573	2
3574	3575	0
3574	3575	1
3574	3575	2
3576	3577	0
3576	3577	1
3576	3577	2
3578	3579	0
3578	3579	1
3578	3579	2
3580	3581	0
3580	3581	1
3580	3581	2
3582	3583	0
3582	3583	1
3582	3583	2
3572	3576	0
3572	3576	1
3572	3576	2
3584	3573	0
3584	3573	1
3584	3573	2
3579	3585	0
3579	3585	1
3579	3585	2
3585	3586	0
3585	3586	1
3585	3586	2
3581	3579	0
3581	3579	1
3581	3579	2
3576	3574	0
3576	3574	1
3576	3574	2
3585	3587	0
3585	3587	1
3585	3587	2
3581	3588	0
3581	3588	1
3581	3588	2
3577	3573	0
3577	3573	1
3577	3573	2
3578	3586	0
3578	3586	1
3578	3586	2
3572	3584	0
3572	3584	1
3572	3584	2
3576	3584	0
3576	3584	1
3576	3584	2
3588	3578	0
3588	3578	1
3588	3578	2
3573	3575	0
3573	3575	1
3573	3575	2
3579	3587	0
3579	3587	1
3579	3587	2
3575	3582	0
3575	3582	1
3575	3582	2
3576	3573	0
3576	3573	1
3576	3573	2
3580	3588	0
3580	3588	1
3580	3588	2
3575	3583	0
3575	3583	1
3575	3583	2
3577	3574	0
3577	3574	1
3577	3574	2
3572	3574	0
3572	3574	1
3572	3574	2
3574	3573	0
3574	3573	1
3574	3573	2
3587	3586	0
3587	3586	1
3587	3586	2
3584	3577	0
3584	3577	1
3584	3577	2
3582	3580	0
3582	3580	1
3582	3580	2
3572	3577	0
3572	3577	1
3572	3577	2
3588	3579	0
3588	3579	1
3588	3579	2
3589	3590	0
3589	3590	1
3589	3590	2
3591	3590	0
3591	3590	1
3591	3590	2
3592	3593	0
3592	3593	1
3592	3593	2
3589	3594	0
3589	3594	1
3589	3594	2
3592	3591	0
3592	3591	1
3592	3591	2
3595	3596	0
3595	3596	1
3595	3596	2
3597	3598	0
3597	3598	1
3597	3598	2
3599	3600	0
3599	3600	1
3599	3600	2
3601	3590	0
3601	3590	1
3601	3590	2
3591	3601	0
3591	3601	1
3591	3601	2
3592	3589	0
3592	3589	1
3592	3589	2
3596	3599	0
3596	3599	1
3596	3599	2
3602	3601	0
3602	3601	1
3602	3601	2
3603	3600	0
3603	3600	1
3603	3600	2
3593	3590	0
3593	3590	1
3593	3590	2
3593	3602	0
3593	3602	1
3593	3602	2
3593	3604	0
3593	3604	1
3593	3604	2
3597	3605	0
3597	3605	1
3597	3605	2
3598	3595	0
3598	3595	1
3598	3595	2
3597	3595	0
3597	3595	1
3597	3595	2
3605	3595	0
3605	3595	1
3605	3595	2
3606	3607	0
3606	3607	1
3606	3607	2
3594	3590	0
3594	3590	1
3594	3590	2
3602	3604	0
3602	3604	1
3602	3604	2
3593	3591	0
3593	3591	1
3593	3591	2
3589	3591	0
3589	3591	1
3589	3591	2
3593	3601	0
3593	3601	1
3593	3601	2
3598	3596	0
3598	3596	1
3598	3596	2
3594	3601	0
3594	3601	1
3594	3601	2
3599	3592	0
3599	3592	1
3599	3592	2
3608	3607	0
3608	3607	1
3608	3607	2
3609	3597	0
3609	3597	1
3609	3597	2
3604	3601	0
3604	3601	1
3604	3601	2
3599	3603	0
3599	3603	1
3599	3603	2
3610	3595	0
3610	3595	1
3610	3595	2
3592	3594	0
3592	3594	1
3592	3594	2
3609	3611	0
3609	3611	1
3609	3611	2
3609	3605	0
3609	3605	1
3609	3605	2
3612	3609	0
3612	3609	1
3612	3609	2
3611	3598	0
3611	3598	1
3611	3598	2
3602	3590	0
3602	3590	1
3602	3590	2
3610	3598	0
3610	3598	1
3610	3598	2
3591	3594	0
3591	3594	1
3591	3594	2
3594	3602	0
3594	3602	1
3594	3602	2
3597	3611	0
3597	3611	1
3597	3611	2
3608	3606	0
3608	3606	1
3608	3606	2
3604	3590	0
3604	3590	1
3604	3590	2
3605	3598	0
3605	3598	1
3605	3598	2
3591	3604	0
3591	3604	1
3591	3604	2
3591	3602	0
3591	3602	1
3591	3602	2
3589	3604	0
3589	3604	1
3589	3604	2
3600	3592	0
3600	3592	1
3600	3592	2
3613	3612	0
3613	3612	1
3613	3612	2
3596	3603	0
3596	3603	1
3596	3603	2
3607	3613	0
3607	3613	1
3607	3613	2
3603	3592	0
3603	3592	1
3603	3592	2
3589	3601	0
3589	3601	1
3589	3601	2
3609	3610	0
3609	3610	1
3609	3610	2
3597	3610	0
3597	3610	1
3597	3610	2
3596	3600	0
3596	3600	1
3596	3600	2
3589	3593	0
3589	3593	1
3589	3593	2
3593	3594	0
3593	3594	1
3593	3594	2
3614	3615	0
3614	3615	1
3614	3615	2
3614	3616	0
3614	3616	1
3614	3616	2
3617	3618	0
3617	3618	1
3617	3618	2
3618	3615	0
3618	3615	1
3618	3615	2
3614	3619	0
3614	3619	1
3614	3619	2
3620	3621	0
3620	3621	1
3620	3621	2
3622	3623	0
3622	3623	1
3622	3623	2
3615	3624	0
3615	3624	1
3615	3624	2
3614	3618	0
3614	3618	1
3614	3618	2
3614	3625	0
3614	3625	1
3614	3625	2
3617	3624	0
3617	3624	1
3617	3624	2
3623	3619	0
3623	3619	1
3623	3619	2
3618	3616	0
3618	3616	1
3618	3616	2
3617	3625	0
3617	3625	1
3617	3625	2
3617	3616	0
3617	3616	1
3617	3616	2
3616	3615	0
3616	3615	1
3616	3615	2
3625	3615	0
3625	3615	1
3625	3615	2
3623	3614	0
3623	3614	1
3623	3614	2
3626	3622	0
3626	3622	1
3626	3622	2
3619	3615	0
3619	3615	1
3619	3615	2
3619	3618	0
3619	3618	1
3619	3618	2
3618	3625	0
3618	3625	1
3618	3625	2
3625	3616	0
3625	3616	1
3625	3616	2
3619	3616	0
3619	3616	1
3619	3616	2
3619	3617	0
3619	3617	1
3619	3617	2
3624	3627	0
3624	3627	1
3624	3627	2
3628	3629	0
3628	3629	1
3628	3629	2
3630	3628	0
3630	3628	1
3630	3628	2
3630	3631	0
3630	3631	1
3630	3631	2
3628	3631	0
3628	3631	1
3628	3631	2
3632	3630	0
3632	3630	1
3632	3630	2
3631	3629	0
3631	3629	1
3631	3629	2
3633	3634	0
3633	3634	1
3633	3634	2
3635	3636	0
3635	3636	1
3635	3636	2
3634	3637	0
3634	3637	1
3634	3637	2
3637	3638	0
3637	3638	1
3637	3638	2
3639	3640	0
3639	3640	1
3639	3640	2
3639	3636	0
3639	3636	1
3639	3636	2
3640	3633	0
3640	3633	1
3640	3633	2
3635	3640	0
3635	3640	1
3635	3640	2
3636	3633	0
3636	3633	1
3636	3633	2
3633	3637	0
3633	3637	1
3633	3637	2
3634	3638	0
3634	3638	1
3634	3638	2
3635	3639	0
3635	3639	1
3635	3639	2
3633	3638	0
3633	3638	1
3633	3638	2
3641	3642	0
3641	3642	1
3641	3642	2
3643	3644	0
3643	3644	1
3643	3644	2
3645	3646	0
3645	3646	1
3645	3646	2
3644	3647	0
3644	3647	1
3644	3647	2
3644	3648	0
3644	3648	1
3644	3648	2
3649	3650	0
3649	3650	1
3649	3650	2
3645	3650	0
3645	3650	1
3645	3650	2
3649	3645	0
3649	3645	1
3649	3645	2
3651	3645	0
3651	3645	1
3651	3645	2
3651	3649	0
3651	3649	1
3651	3649	2
3643	3647	0
3643	3647	1
3643	3647	2
3650	3646	0
3650	3646	1
3650	3646	2
3652	3653	0
3652	3653	1
3652	3653	2
3652	3654	0
3652	3654	1
3652	3654	2
3655	3656	0
3655	3656	1
3655	3656	2
3657	3658	0
3657	3658	1
3657	3658	2
3659	3660	0
3659	3660	1
3659	3660	2
3655	3661	0
3655	3661	1
3655	3661	2
3662	3663	0
3662	3663	1
3662	3663	2
3664	3665	0
3664	3665	1
3664	3665	2
3661	3656	0
3661	3656	1
3661	3656	2
3660	3666	0
3660	3666	1
3660	3666	2
3667	3668	0
3667	3668	1
3667	3668	2
3660	3669	0
3660	3669	1
3660	3669	2
3656	3665	0
3656	3665	1
3656	3665	2
3670	3657	0
3670	3657	1
3670	3657	2
3657	3662	0
3657	3662	1
3657	3662	2
3659	3666	0
3659	3666	1
3659	3666	2
3658	3662	0
3658	3662	1
3658	3662	2
3671	3655	0
3671	3655	1
3671	3655	2
3655	3664	0
3655	3664	1
3655	3664	2
3666	3672	0
3666	3672	1
3666	3672	2
3672	3673	0
3672	3673	1
3672	3673	2
3665	3667	0
3665	3667	1
3665	3667	2
3674	3673	0
3674	3673	1
3674	3673	2
3664	3656	0
3664	3656	1
3664	3656	2
3675	3676	0
3675	3676	1
3675	3676	2
3677	3676	0
3677	3676	1
3677	3676	2
3676	3678	0
3676	3678	1
3676	3678	2
3677	3675	0
3677	3675	1
3677	3675	2
3679	3677	0
3679	3677	1
3679	3677	2
3680	3681	0
3680	3681	1
3680	3681	2
3681	3682	0
3681	3682	1
3681	3682	2
3682	3683	0
3682	3683	1
3682	3683	2
3680	3682	0
3680	3682	1
3680	3682	2
3684	3685	0
3684	3685	1
3684	3685	2
3686	3687	0
3686	3687	1
3686	3687	2
3688	3689	0
3688	3689	1
3688	3689	2
3690	3691	0
3690	3691	1
3690	3691	2
3692	3689	0
3692	3689	1
3692	3689	2
3686	3691	0
3686	3691	1
3686	3691	2
3689	3693	0
3689	3693	1
3689	3693	2
3692	3686	0
3692	3686	1
3692	3686	2
3692	3690	0
3692	3690	1
3692	3690	2
3693	3690	0
3693	3690	1
3693	3690	2
3688	3693	0
3688	3693	1
3688	3693	2
3684	3694	0
3684	3694	1
3684	3694	2
3688	3690	0
3688	3690	1
3688	3690	2
3689	3690	0
3689	3690	1
3689	3690	2
3690	3687	0
3690	3687	1
3690	3687	2
3691	3684	0
3691	3684	1
3691	3684	2
3686	3695	0
3686	3695	1
3686	3695	2
3687	3691	0
3687	3691	1
3687	3691	2
3693	3686	0
3693	3686	1
3693	3686	2
3687	3684	0
3687	3684	1
3687	3684	2
3694	3685	0
3694	3685	1
3694	3685	2
3687	3695	0
3687	3695	1
3687	3695	2
3696	3697	0
3696	3697	1
3696	3697	2
3698	3699	0
3698	3699	1
3698	3699	2
3699	3696	0
3699	3696	1
3699	3696	2
3700	3699	0
3700	3699	1
3700	3699	2
3701	3702	0
3701	3702	1
3701	3702	2
3703	3702	0
3703	3702	1
3703	3702	2
3704	3701	0
3704	3701	1
3704	3701	2
3704	3705	0
3704	3705	1
3704	3705	2
3701	3703	0
3701	3703	1
3701	3703	2
3706	3707	0
3706	3707	1
3706	3707	2
3708	3709	0
3708	3709	1
3708	3709	2
3710	3711	0
3710	3711	1
3710	3711	2
3706	3708	0
3706	3708	1
3706	3708	2
3712	3710	0
3712	3710	1
3712	3710	2
3711	3713	0
3711	3713	1
3711	3713	2
3709	3714	0
3709	3714	1
3709	3714	2
3707	3708	0
3707	3708	1
3707	3708	2
3715	3706	0
3715	3706	1
3715	3706	2
3710	3713	0
3710	3713	1
3710	3713	2
3716	3717	0
3716	3717	1
3716	3717	2
3718	3719	0
3718	3719	1
3718	3719	2
3720	3719	0
3720	3719	1
3720	3719	2
3721	3722	0
3721	3722	1
3721	3722	2
3717	3722	0
3717	3722	1
3717	3722	2
3723	3720	0
3723	3720	1
3723	3720	2
3716	3721	0
3716	3721	1
3716	3721	2
3724	3725	0
3724	3725	1
3724	3725	2
3726	3720	0
3726	3720	1
3726	3720	2
3727	3716	0
3727	3716	1
3727	3716	2
3728	3722	0
3728	3722	1
3728	3722	2
3719	3724	0
3719	3724	1
3719	3724	2
3716	3728	0
3716	3728	1
3716	3728	2
3726	3719	0
3726	3719	1
3726	3719	2
3723	3719	0
3723	3719	1
3723	3719	2
3720	3718	0
3720	3718	1
3720	3718	2
3718	3724	0
3718	3724	1
3718	3724	2
3728	3721	0
3728	3721	1
3728	3721	2
3717	3721	0
3717	3721	1
3717	3721	2
3729	3730	0
3729	3730	1
3729	3730	2
3729	3731	0
3729	3731	1
3729	3731	2
3730	3732	0
3730	3732	1
3730	3732	2
3732	3733	0
3732	3733	1
3732	3733	2
3731	3730	0
3731	3730	1
3731	3730	2
3734	3735	0
3734	3735	1
3734	3735	2
3736	3732	0
3736	3732	1
3736	3732	2
3734	3730	0
3734	3730	1
3734	3730	2
3733	3737	0
3733	3737	1
3733	3737	2
3735	3729	0
3735	3729	1
3735	3729	2
3736	3733	0
3736	3733	1
3736	3733	2
3731	3732	0
3731	3732	1
3731	3732	2
3738	3739	0
3738	3739	1
3738	3739	2
3738	3740	0
3738	3740	1
3738	3740	2
3741	3742	0
3741	3742	1
3741	3742	2
3743	3744	0
3743	3744	1
3743	3744	2
3742	3745	0
3742	3745	1
3742	3745	2
3746	3743	0
3746	3743	1
3746	3743	2
3745	3744	0
3745	3744	1
3745	3744	2
3742	3746	0
3742	3746	1
3742	3746	2
3745	3746	0
3745	3746	1
3745	3746	2
3740	3741	0
3740	3741	1
3740	3741	2
3746	3744	0
3746	3744	1
3746	3744	2
3747	3748	0
3747	3748	1
3747	3748	2
3749	3750	0
3749	3750	1
3749	3750	2
3751	3750	0
3751	3750	1
3751	3750	2
3750	3752	0
3750	3752	1
3750	3752	2
3751	3749	0
3751	3749	1
3751	3749	2
3747	3753	0
3747	3753	1
3747	3753	2
3754	3755	0
3754	3755	1
3754	3755	2
3756	3757	0
3756	3757	1
3756	3757	2
3754	3757	0
3754	3757	1
3754	3757	2
3757	3758	0
3757	3758	1
3757	3758	2
3759	3758	0
3759	3758	1
3759	3758	2
3754	3756	0
3754	3756	1
3754	3756	2
3759	3756	0
3759	3756	1
3759	3756	2
3754	3758	0
3754	3758	1
3754	3758	2
3759	3754	0
3759	3754	1
3759	3754	2
3759	3755	0
3759	3755	1
3759	3755	2
3755	3757	0
3755	3757	1
3755	3757	2
3760	3761	0
3760	3761	1
3760	3761	2
3762	3763	0
3762	3763	1
3762	3763	2
3759	3757	0
3759	3757	1
3759	3757	2
3764	3765	0
3764	3765	1
3764	3765	2
3766	3767	0
3766	3767	1
3766	3767	2
3767	3764	0
3767	3764	1
3767	3764	2
3765	3768	0
3765	3768	1
3765	3768	2
3769	3770	0
3769	3770	1
3769	3770	2
3766	3771	0
3766	3771	1
3766	3771	2
3772	3767	0
3772	3767	1
3772	3767	2
3767	3765	0
3767	3765	1
3767	3765	2
3773	3766	0
3773	3766	1
3773	3766	2
3774	3775	0
3774	3775	1
3774	3775	2
3769	3774	0
3769	3774	1
3769	3774	2
3768	3776	0
3768	3776	1
3768	3776	2
3766	3772	0
3766	3772	1
3766	3772	2
3777	3776	0
3777	3776	1
3777	3776	2
3773	3772	0
3773	3772	1
3773	3772	2
3765	3776	0
3765	3776	1
3765	3776	2
3767	3771	0
3767	3771	1
3767	3771	2
3764	3771	0
3764	3771	1
3764	3771	2
3766	3764	0
3766	3764	1
3766	3764	2
3771	3765	0
3771	3765	1
3771	3765	2
3770	3774	0
3770	3774	1
3770	3774	2
3768	3777	0
3768	3777	1
3768	3777	2
3772	3771	0
3772	3771	1
3772	3771	2
3778	3779	0
3778	3779	1
3778	3779	2
3780	3781	0
3780	3781	1
3780	3781	2
3781	3782	0
3781	3782	1
3781	3782	2
3783	3778	0
3783	3778	1
3783	3778	2
3782	3783	0
3782	3783	1
3782	3783	2
3782	3784	0
3782	3784	1
3782	3784	2
3780	3782	0
3780	3782	1
3780	3782	2
3784	3778	0
3784	3778	1
3784	3778	2
3785	3786	0
3785	3786	1
3785	3786	2
3787	3788	0
3787	3788	1
3787	3788	2
3789	3790	0
3789	3790	1
3789	3790	2
3791	3792	0
3791	3792	1
3791	3792	2
3791	3793	0
3791	3793	1
3791	3793	2
3794	3789	0
3794	3789	1
3794	3789	2
3792	3794	0
3792	3794	1
3792	3794	2
3795	3796	0
3795	3796	1
3795	3796	2
3797	3796	0
3797	3796	1
3797	3796	2
3788	3798	0
3788	3798	1
3788	3798	2
3799	3800	0
3799	3800	1
3799	3800	2
3798	3801	0
3798	3801	1
3798	3801	2
3802	3790	0
3802	3790	1
3802	3790	2
3803	3804	0
3803	3804	1
3803	3804	2
3805	3806	0
3805	3806	1
3805	3806	2
3806	3807	0
3806	3807	1
3806	3807	2
3808	3809	0
3808	3809	1
3808	3809	2
3810	3806	0
3810	3806	1
3810	3806	2
3804	3809	0
3804	3809	1
3804	3809	2
3811	3809	0
3811	3809	1
3811	3809	2
3811	3808	0
3811	3808	1
3811	3808	2
3804	3808	0
3804	3808	1
3804	3808	2
3808	3810	0
3808	3810	1
3808	3810	2
3805	3810	0
3805	3810	1
3805	3810	2
3803	3808	0
3803	3808	1
3803	3808	2
3809	3810	0
3809	3810	1
3809	3810	2
3812	3813	0
3812	3813	1
3812	3813	2
3814	3812	0
3814	3812	1
3814	3812	2
3815	3814	0
3815	3814	1
3815	3814	2
3812	3816	0
3812	3816	1
3812	3816	2
3813	3817	0
3813	3817	1
3813	3817	2
3816	3813	0
3816	3813	1
3816	3813	2
3818	3812	0
3818	3812	1
3818	3812	2
3819	3820	0
3819	3820	1
3819	3820	2
3821	3822	0
3821	3822	1
3821	3822	2
3820	3822	0
3820	3822	1
3820	3822	2
3820	3821	0
3820	3821	1
3820	3821	2
3823	3819	0
3823	3819	1
3823	3819	2
3819	3821	0
3819	3821	1
3819	3821	2
3824	3825	0
3824	3825	1
3824	3825	2
3826	3827	0
3826	3827	1
3826	3827	2
3828	3827	0
3828	3827	1
3828	3827	2
3828	3826	0
3828	3826	1
3828	3826	2
3829	3830	0
3829	3830	1
3829	3830	2
3831	3832	0
3831	3832	1
3831	3832	2
3833	3834	0
3833	3834	1
3833	3834	2
3835	3836	0
3835	3836	1
3835	3836	2
3835	3832	0
3835	3832	1
3835	3832	2
3837	3835	0
3837	3835	1
3837	3835	2
3837	3832	0
3837	3832	1
3837	3832	2
3838	3839	0
3838	3839	1
3838	3839	2
3831	3835	0
3831	3835	1
3831	3835	2
3834	3838	0
3834	3838	1
3834	3838	2
3836	3832	0
3836	3832	1
3836	3832	2
3840	3834	0
3840	3834	1
3840	3834	2
3841	3842	0
3841	3842	1
3841	3842	2
3843	3844	0
3843	3844	1
3843	3844	2
3841	3845	0
3841	3845	1
3841	3845	2
3845	3844	0
3845	3844	1
3845	3844	2
3845	3843	0
3845	3843	1
3845	3843	2
3842	3845	0
3842	3845	1
3842	3845	2
3846	3847	0
3846	3847	1
3846	3847	2
3847	3848	0
3847	3848	1
3847	3848	2
3849	3850	0
3849	3850	1
3849	3850	2
3851	3852	0
3851	3852	1
3851	3852	2
3853	3854	0
3853	3854	1
3853	3854	2
3855	3853	0
3855	3853	1
3855	3853	2
3851	3856	0
3851	3856	1
3851	3856	2
3854	3856	0
3854	3856	1
3854	3856	2
3857	3858	0
3857	3858	1
3857	3858	2
3855	3854	0
3855	3854	1
3855	3854	2
3857	3859	0
3857	3859	1
3857	3859	2
3859	3853	0
3859	3853	1
3859	3853	2
3855	3858	0
3855	3858	1
3855	3858	2
3860	3861	0
3860	3861	1
3860	3861	2
3859	3858	0
3859	3858	1
3859	3858	2
3858	3854	0
3858	3854	1
3858	3854	2
3862	3859	0
3862	3859	1
3862	3859	2
3854	3851	0
3854	3851	1
3854	3851	2
3863	3861	0
3863	3861	1
3863	3861	2
3861	3864	0
3861	3864	1
3861	3864	2
3862	3857	0
3862	3857	1
3862	3857	2
3856	3852	0
3856	3852	1
3856	3852	2
3857	3853	0
3857	3853	1
3857	3853	2
3865	3866	0
3865	3866	1
3865	3866	2
3865	3867	0
3865	3867	1
3865	3867	2
3868	3866	0
3868	3866	1
3868	3866	2
3868	3865	0
3868	3865	1
3868	3865	2
3869	3870	0
3869	3870	1
3869	3870	2
3868	3867	0
3868	3867	1
3868	3867	2
3871	3872	0
3871	3872	1
3871	3872	2
3873	3869	0
3873	3869	1
3873	3869	2
3866	3867	0
3866	3867	1
3866	3867	2
3872	3869	0
3872	3869	1
3872	3869	2
3874	3875	0
3874	3875	1
3874	3875	2
3875	3876	0
3875	3876	1
3875	3876	2
3877	3878	0
3877	3878	1
3877	3878	2
3879	3880	0
3879	3880	1
3879	3880	2
3881	3882	0
3881	3882	1
3881	3882	2
3879	3875	0
3879	3875	1
3879	3875	2
3874	3879	0
3874	3879	1
3874	3879	2
3883	3874	0
3883	3874	1
3883	3874	2
3884	3885	0
3884	3885	1
3884	3885	2
3886	3887	0
3886	3887	1
3886	3887	2
3888	3883	0
3888	3883	1
3888	3883	2
3878	3882	0
3878	3882	1
3878	3882	2
3875	3889	0
3875	3889	1
3875	3889	2
3885	3879	0
3885	3879	1
3885	3879	2
3885	3874	0
3885	3874	1
3885	3874	2
3888	3879	0
3888	3879	1
3888	3879	2
3878	3890	0
3878	3890	1
3878	3890	2
3877	3887	0
3877	3887	1
3877	3887	2
3888	3885	0
3888	3885	1
3888	3885	2
3884	3883	0
3884	3883	1
3884	3883	2
3886	3877	0
3886	3877	1
3886	3877	2
3883	3879	0
3883	3879	1
3883	3879	2
3879	3889	0
3879	3889	1
3879	3889	2
3882	3890	0
3882	3890	1
3882	3890	2
3884	3874	0
3884	3874	1
3884	3874	2
3880	3876	0
3880	3876	1
3880	3876	2
3880	3889	0
3880	3889	1
3880	3889	2
3884	3888	0
3884	3888	1
3884	3888	2
3881	3890	0
3881	3890	1
3881	3890	2
3886	3878	0
3886	3878	1
3886	3878	2
3877	3881	0
3877	3881	1
3877	3881	2
3874	3889	0
3874	3889	1
3874	3889	2
3885	3883	0
3885	3883	1
3885	3883	2
3887	3878	0
3887	3878	1
3887	3878	2
3886	3881	0
3886	3881	1
3886	3881	2
3875	3880	0
3875	3880	1
3875	3880	2
3891	3892	0
3891	3892	1
3891	3892	2
3893	3894	0
3893	3894	1
3893	3894	2
3895	3894	0
3895	3894	1
3895	3894	2
3895	3893	0
3895	3893	1
3895	3893	2
3894	3896	0
3894	3896	1
3894	3896	2
3893	3891	0
3893	3891	1
3893	3891	2
3891	3896	0
3891	3896	1
3891	3896	2
3891	3894	0
3891	3894	1
3891	3894	2
3897	3898	0
3897	3898	1
3897	3898	2
3894	3892	0
3894	3892	1
3894	3892	2
3895	3891	0
3895	3891	1
3895	3891	2
3896	3892	0
3896	3892	1
3896	3892	2
3899	3900	0
3899	3900	1
3899	3900	2
3901	3902	0
3901	3902	1
3901	3902	2
3900	3903	0
3900	3903	1
3900	3903	2
3904	3902	0
3904	3902	1
3904	3902	2
3902	3905	0
3902	3905	1
3902	3905	2
3903	3901	0
3903	3901	1
3903	3901	2
3906	3900	0
3906	3900	1
3906	3900	2
3906	3903	0
3906	3903	1
3906	3903	2
3903	3904	0
3903	3904	1
3903	3904	2
3899	3906	0
3899	3906	1
3899	3906	2
3900	3904	0
3900	3904	1
3900	3904	2
3901	3904	0
3901	3904	1
3901	3904	2
3907	3908	0
3907	3908	1
3907	3908	2
3909	3908	0
3909	3908	1
3909	3908	2
3910	3911	0
3910	3911	1
3910	3911	2
3912	3913	0
3912	3913	1
3912	3913	2
3914	3915	0
3914	3915	1
3914	3915	2
3916	3917	0
3916	3917	1
3916	3917	2
3916	3914	0
3916	3914	1
3916	3914	2
3918	3916	0
3918	3916	1
3918	3916	2
3911	3918	0
3911	3918	1
3911	3918	2
3919	3920	0
3919	3920	1
3919	3920	2
3910	3921	0
3910	3921	1
3910	3921	2
3921	3918	0
3921	3918	1
3921	3918	2
3918	3914	0
3918	3914	1
3918	3914	2
3907	3909	0
3907	3909	1
3907	3909	2
3922	3909	0
3922	3909	1
3922	3909	2
3923	3924	0
3923	3924	1
3923	3924	2
3925	3926	0
3925	3926	1
3925	3926	2
3925	3927	0
3925	3927	1
3925	3927	2
3928	3929	0
3928	3929	1
3928	3929	2
3929	3930	0
3929	3930	1
3929	3930	2
3931	3932	0
3931	3932	1
3931	3932	2
3933	3932	0
3933	3932	1
3933	3932	2
3934	3935	0
3934	3935	1
3934	3935	2
3930	3936	0
3930	3936	1
3930	3936	2
3933	3931	0
3933	3931	1
3933	3931	2
3936	3932	0
3936	3932	1
3936	3932	2
3930	3933	0
3930	3933	1
3930	3933	2
3926	3927	0
3926	3927	1
3926	3927	2
3933	3936	0
3933	3936	1
3933	3936	2
3937	3924	0
3937	3924	1
3937	3924	2
3935	3928	0
3935	3928	1
3935	3928	2
3937	3923	0
3937	3923	1
3937	3923	2
3938	3939	0
3938	3939	1
3938	3939	2
3940	3941	0
3940	3941	1
3940	3941	2
3942	3943	0
3942	3943	1
3942	3943	2
3944	3945	0
3944	3945	1
3944	3945	2
3946	3940	0
3946	3940	1
3946	3940	2
3941	3938	0
3941	3938	1
3941	3938	2
3946	3947	0
3946	3947	1
3946	3947	2
3944	3948	0
3944	3948	1
3944	3948	2
3949	3947	0
3949	3947	1
3949	3947	2
3950	3941	0
3950	3941	1
3950	3941	2
3951	3938	0
3951	3938	1
3951	3938	2
3938	3944	0
3938	3944	1
3938	3944	2
3949	3950	0
3949	3950	1
3949	3950	2
3945	3948	0
3945	3948	1
3945	3948	2
3939	3945	0
3939	3945	1
3939	3945	2
3941	3951	0
3941	3951	1
3941	3951	2
3952	3953	0
3952	3953	1
3952	3953	2
3952	3954	0
3952	3954	1
3952	3954	2
3954	3953	0
3954	3953	1
3954	3953	2
3947	3951	0
3947	3951	1
3947	3951	2
3948	3954	0
3948	3954	1
3948	3954	2
3945	3954	0
3945	3954	1
3945	3954	2
3946	3950	0
3946	3950	1
3946	3950	2
3945	3952	0
3945	3952	1
3945	3952	2
3947	3940	0
3947	3940	1
3947	3940	2
3955	3956	0
3955	3956	1
3955	3956	2
3948	3952	0
3948	3952	1
3948	3952	2
3940	3951	0
3940	3951	1
3940	3951	2
3950	3947	0
3950	3947	1
3950	3947	2
3939	3948	0
3939	3948	1
3939	3948	2
3944	3939	0
3944	3939	1
3944	3939	2
3942	3957	0
3942	3957	1
3942	3957	2
3958	3959	0
3958	3959	1
3958	3959	2
3960	3961	0
3960	3961	1
3960	3961	2
3962	3963	0
3962	3963	1
3962	3963	2
3964	3961	0
3964	3961	1
3964	3961	2
3960	3963	0
3960	3963	1
3960	3963	2
3962	3960	0
3962	3960	1
3962	3960	2
3962	3964	0
3962	3964	1
3962	3964	2
3965	3962	0
3965	3962	1
3965	3962	2
3960	3964	0
3960	3964	1
3960	3964	2
3966	3967	0
3966	3967	1
3966	3967	2
3966	3968	0
3966	3968	1
3966	3968	2
3968	3969	0
3968	3969	1
3968	3969	2
3969	3967	0
3969	3967	1
3969	3967	2
3968	3967	0
3968	3967	1
3968	3967	2
3970	3971	0
3970	3971	1
3970	3971	2
3966	3969	0
3966	3969	1
3966	3969	2
3972	3973	0
3972	3973	1
3972	3973	2
3974	3975	0
3974	3975	1
3974	3975	2
3976	3977	0
3976	3977	1
3976	3977	2
3974	3978	0
3974	3978	1
3974	3978	2
3979	3972	0
3979	3972	1
3979	3972	2
3980	3981	0
3980	3981	1
3980	3981	2
3981	3976	0
3981	3976	1
3981	3976	2
3979	3973	0
3979	3973	1
3979	3973	2
3982	3978	0
3982	3978	1
3982	3978	2
3983	3981	0
3983	3981	1
3983	3981	2
3976	3974	0
3976	3974	1
3976	3974	2
3977	3982	0
3977	3982	1
3977	3982	2
3975	3982	0
3975	3982	1
3975	3982	2
3977	3978	0
3977	3978	1
3977	3978	2
3980	3976	0
3980	3976	1
3980	3976	2
3976	3975	0
3976	3975	1
3976	3975	2
3984	3985	0
3984	3985	1
3984	3985	2
3983	3980	0
3983	3980	1
3983	3980	2
3975	3978	0
3975	3978	1
3975	3978	2
3975	3977	0
3975	3977	1
3975	3977	2
3972	3983	0
3972	3983	1
3972	3983	2
3986	3987	0
3986	3987	1
3986	3987	2
3987	3988	0
3987	3988	1
3987	3988	2
3989	3990	0
3989	3990	1
3989	3990	2
3991	3992	0
3991	3992	1
3991	3992	2
3990	3987	0
3990	3987	1
3990	3987	2
3989	3986	0
3989	3986	1
3989	3986	2
3993	3991	0
3993	3991	1
3993	3991	2
3994	3995	0
3994	3995	1
3994	3995	2
3996	3997	0
3996	3997	1
3996	3997	2
3998	3999	0
3998	3999	1
3998	3999	2
3998	3994	0
3998	3994	1
3998	3994	2
3995	4000	0
3995	4000	1
3995	4000	2
3994	3999	0
3994	3999	1
3994	3999	2
3998	3995	0
3998	3995	1
3998	3995	2
3999	4000	0
3999	4000	1
3999	4000	2
4001	4002	0
4001	4002	1
4001	4002	2
4003	4001	0
4003	4001	1
4003	4001	2
4003	4002	0
4003	4002	1
4003	4002	2
4004	4005	0
4004	4005	1
4004	4005	2
4006	4007	0
4006	4007	1
4006	4007	2
4008	4009	0
4008	4009	1
4008	4009	2
4010	4011	0
4010	4011	1
4010	4011	2
4010	4007	0
4010	4007	1
4010	4007	2
4008	4012	0
4008	4012	1
4008	4012	2
4010	4006	0
4010	4006	1
4010	4006	2
4011	4007	0
4011	4007	1
4011	4007	2
4009	4006	0
4009	4006	1
4009	4006	2
4009	4010	0
4009	4010	1
4009	4010	2
4006	4011	0
4006	4011	1
4006	4011	2
4013	4014	0
4013	4014	1
4013	4014	2
4015	4016	0
4015	4016	1
4015	4016	2
4017	4018	0
4017	4018	1
4017	4018	2
4019	4017	0
4019	4017	1
4019	4017	2
4019	4020	0
4019	4020	1
4019	4020	2
4021	4013	0
4021	4013	1
4021	4013	2
4020	4022	0
4020	4022	1
4020	4022	2
4021	4014	0
4021	4014	1
4021	4014	2
4018	4020	0
4018	4020	1
4018	4020	2
4018	4022	0
4018	4022	1
4018	4022	2
4023	4024	0
4023	4024	1
4023	4024	2
4022	4023	0
4022	4023	1
4022	4023	2
4016	4013	0
4016	4013	1
4016	4013	2
4016	4014	0
4016	4014	1
4016	4014	2
4015	4013	0
4015	4013	1
4015	4013	2
4015	4014	0
4015	4014	1
4015	4014	2
4016	4021	0
4016	4021	1
4016	4021	2
4025	4026	0
4025	4026	1
4025	4026	2
4027	4025	0
4027	4025	1
4027	4025	2
4028	4029	0
4028	4029	1
4028	4029	2
4027	4026	0
4027	4026	1
4027	4026	2
4030	4031	0
4030	4031	1
4030	4031	2
4026	4032	0
4026	4032	1
4026	4032	2
4031	4029	0
4031	4029	1
4031	4029	2
4030	4028	0
4030	4028	1
4030	4028	2
4033	4026	0
4033	4026	1
4033	4026	2
4032	4028	0
4032	4028	1
4032	4028	2
4034	4035	0
4034	4035	1
4034	4035	2
4036	4037	0
4036	4037	1
4036	4037	2
4038	4039	0
4038	4039	1
4038	4039	2
4040	4041	0
4040	4041	1
4040	4041	2
4040	4042	0
4040	4042	1
4040	4042	2
4039	4040	0
4039	4040	1
4039	4040	2
4043	4044	0
4043	4044	1
4043	4044	2
4045	4046	0
4045	4046	1
4045	4046	2
4043	4047	0
4043	4047	1
4043	4047	2
4047	4048	0
4047	4048	1
4047	4048	2
4049	4047	0
4049	4047	1
4049	4047	2
4044	4049	0
4044	4049	1
4044	4049	2
4050	4049	0
4050	4049	1
4050	4049	2
4050	4047	0
4050	4047	1
4050	4047	2
4050	4044	0
4050	4044	1
4050	4044	2
4043	4049	0
4043	4049	1
4043	4049	2
4045	4051	0
4045	4051	1
4045	4051	2
4043	4050	0
4043	4050	1
4043	4050	2
4044	4047	0
4044	4047	1
4044	4047	2
4052	4053	0
4052	4053	1
4052	4053	2
4054	4055	0
4054	4055	1
4054	4055	2
4056	4055	0
4056	4055	1
4056	4055	2
4057	4056	0
4057	4056	1
4057	4056	2
4058	4059	0
4058	4059	1
4058	4059	2
4060	4057	0
4060	4057	1
4060	4057	2
4053	4060	0
4053	4060	1
4053	4060	2
4055	4061	0
4055	4061	1
4055	4061	2
4062	4063	0
4062	4063	1
4062	4063	2
4064	4065	0
4064	4065	1
4064	4065	2
4065	4066	0
4065	4066	1
4065	4066	2
4066	4067	0
4066	4067	1
4066	4067	2
4068	4064	0
4068	4064	1
4068	4064	2
4069	4068	0
4069	4068	1
4069	4068	2
4063	4069	0
4063	4069	1
4063	4069	2
4070	4071	0
4070	4071	1
4070	4071	2
4071	4065	0
4071	4065	1
4071	4065	2
4064	4071	0
4064	4071	1
4064	4071	2
4071	4066	0
4071	4066	1
4071	4066	2
4072	4062	0
4072	4062	1
4072	4062	2
4068	4070	0
4068	4070	1
4068	4070	2
4064	4070	0
4064	4070	1
4064	4070	2
4063	4068	0
4063	4068	1
4063	4068	2
4069	4070	0
4069	4070	1
4069	4070	2
4073	4074	0
4073	4074	1
4073	4074	2
4075	4076	0
4075	4076	1
4075	4076	2
4074	4077	0
4074	4077	1
4074	4077	2
4076	4074	0
4076	4074	1
4076	4074	2
4073	4077	0
4073	4077	1
4073	4077	2
4075	4077	0
4075	4077	1
4075	4077	2
4078	4079	0
4078	4079	1
4078	4079	2
4073	4075	0
4073	4075	1
4073	4075	2
4080	4081	0
4080	4081	1
4080	4081	2
4082	4080	0
4082	4080	1
4082	4080	2
4081	4083	0
4081	4083	1
4081	4083	2
4081	4084	0
4081	4084	1
4081	4084	2
4080	4083	0
4080	4083	1
4080	4083	2
4080	4084	0
4080	4084	1
4080	4084	2
4085	4082	0
4085	4082	1
4085	4082	2
4083	4084	0
4083	4084	1
4083	4084	2
4086	4087	0
4086	4087	1
4086	4087	2
4088	4089	0
4088	4089	1
4088	4089	2
4087	4090	0
4087	4090	1
4087	4090	2
4091	4092	0
4091	4092	1
4091	4092	2
4089	4092	0
4089	4092	1
4089	4092	2
4093	4094	0
4093	4094	1
4093	4094	2
4087	4094	0
4087	4094	1
4087	4094	2
4093	4087	0
4093	4087	1
4093	4087	2
4088	4091	0
4088	4091	1
4088	4091	2
4088	4090	0
4088	4090	1
4088	4090	2
4095	4094	0
4095	4094	1
4095	4094	2
4092	4096	0
4092	4096	1
4092	4096	2
4090	4089	0
4090	4089	1
4090	4089	2
4093	4090	0
4093	4090	1
4093	4090	2
4086	4090	0
4086	4090	1
4086	4090	2
4086	4088	0
4086	4088	1
4086	4088	2
4093	4088	0
4093	4088	1
4093	4088	2
4094	4089	0
4094	4089	1
4094	4089	2
4086	4093	0
4086	4093	1
4086	4093	2
4088	4094	0
4088	4094	1
4088	4094	2
4095	4087	0
4095	4087	1
4095	4087	2
4086	4094	0
4086	4094	1
4086	4094	2
4090	4094	0
4090	4094	1
4090	4094	2
4090	4091	0
4090	4091	1
4090	4091	2
4091	4089	0
4091	4089	1
4091	4089	2
4087	4088	0
4087	4088	1
4087	4088	2
4095	4088	0
4095	4088	1
4095	4088	2
4094	4091	0
4094	4091	1
4094	4091	2
4097	4098	0
4097	4098	1
4097	4098	2
4097	4099	0
4097	4099	1
4097	4099	2
4100	4101	0
4100	4101	1
4100	4101	2
4098	4102	0
4098	4102	1
4098	4102	2
4099	4098	0
4099	4098	1
4099	4098	2
4099	4102	0
4099	4102	1
4099	4102	2
4102	4100	0
4102	4100	1
4102	4100	2
4097	4103	0
4097	4103	1
4097	4103	2
4103	4099	0
4103	4099	1
4103	4099	2
4098	4100	0
4098	4100	1
4098	4100	2
4104	4105	0
4104	4105	1
4104	4105	2
4106	4107	0
4106	4107	1
4106	4107	2
4108	4109	0
4108	4109	1
4108	4109	2
4110	4111	0
4110	4111	1
4110	4111	2
4112	4113	0
4112	4113	1
4112	4113	2
4114	4115	0
4114	4115	1
4114	4115	2
4112	4116	0
4112	4116	1
4112	4116	2
4117	4111	0
4117	4111	1
4117	4111	2
4108	4118	0
4108	4118	1
4108	4118	2
4119	4120	0
4119	4120	1
4119	4120	2
4109	4121	0
4109	4121	1
4109	4121	2
4122	4110	0
4122	4110	1
4122	4110	2
4120	4118	0
4120	4118	1
4120	4118	2
4123	4124	0
4123	4124	1
4123	4124	2
4117	4110	0
4117	4110	1
4117	4110	2
4114	4113	0
4114	4113	1
4114	4113	2
4113	4115	0
4113	4115	1
4113	4115	2
4125	4122	0
4125	4122	1
4125	4122	2
4126	4111	0
4126	4111	1
4126	4111	2
4117	4126	0
4117	4126	1
4117	4126	2
4120	4109	0
4120	4109	1
4120	4109	2
4113	4116	0
4113	4116	1
4113	4116	2
4118	4109	0
4118	4109	1
4118	4109	2
4127	4119	0
4127	4119	1
4127	4119	2
4107	4128	0
4107	4128	1
4107	4128	2
4108	4120	0
4108	4120	1
4108	4120	2
4129	4112	0
4129	4112	1
4129	4112	2
4116	4115	0
4116	4115	1
4116	4115	2
4130	4119	0
4130	4119	1
4130	4119	2
4115	4107	0
4115	4107	1
4115	4107	2
4127	4108	0
4127	4108	1
4127	4108	2
4121	4129	0
4121	4129	1
4121	4129	2
4114	4116	0
4114	4116	1
4114	4116	2
4124	4129	0
4124	4129	1
4124	4129	2
4111	4130	0
4111	4130	1
4111	4130	2
4125	4117	0
4125	4117	1
4125	4117	2
4123	4129	0
4123	4129	1
4123	4129	2
4128	4131	0
4128	4131	1
4128	4131	2
4130	4127	0
4130	4127	1
4130	4127	2
4127	4120	0
4127	4120	1
4127	4120	2
4110	4126	0
4110	4126	1
4110	4126	2
4122	4126	0
4122	4126	1
4122	4126	2
4109	4123	0
4109	4123	1
4109	4123	2
4119	4108	0
4119	4108	1
4119	4108	2
4115	4106	0
4115	4106	1
4115	4106	2
4132	4133	0
4132	4133	1
4132	4133	2
4134	4135	0
4134	4135	1
4134	4135	2
4136	4137	0
4136	4137	1
4136	4137	2
4138	4139	0
4138	4139	1
4138	4139	2
4140	4141	0
4140	4141	1
4140	4141	2
4134	4142	0
4134	4142	1
4134	4142	2
4141	4143	0
4141	4143	1
4141	4143	2
4144	4145	0
4144	4145	1
4144	4145	2
4138	4146	0
4138	4146	1
4138	4146	2
4147	4148	0
4147	4148	1
4147	4148	2
4147	4135	0
4147	4135	1
4147	4135	2
4142	4135	0
4142	4135	1
4142	4135	2
4137	4144	0
4137	4144	1
4137	4144	2
4139	4149	0
4139	4149	1
4139	4149	2
4142	4148	0
4142	4148	1
4142	4148	2
4144	4150	0
4144	4150	1
4144	4150	2
4134	4147	0
4134	4147	1
4134	4147	2
4137	4145	0
4137	4145	1
4137	4145	2
4142	4147	0
4142	4147	1
4142	4147	2
4148	4135	0
4148	4135	1
4148	4135	2
4140	4133	0
4140	4133	1
4140	4133	2
4140	4143	0
4140	4143	1
4140	4143	2
4141	4133	0
4141	4133	1
4141	4133	2
4132	4143	0
4132	4143	1
4132	4143	2
4146	4139	0
4146	4139	1
4146	4139	2
4134	4148	0
4134	4148	1
4134	4148	2
4149	4134	0
4149	4134	1
4149	4134	2
4151	4152	0
4151	4152	1
4151	4152	2
4153	4154	0
4153	4154	1
4153	4154	2
4155	4156	0
4155	4156	1
4155	4156	2
4157	4158	0
4157	4158	1
4157	4158	2
4159	4160	0
4159	4160	1
4159	4160	2
4161	4159	0
4161	4159	1
4161	4159	2
4157	4160	0
4157	4160	1
4157	4160	2
4162	4160	0
4162	4160	1
4162	4160	2
4163	4164	0
4163	4164	1
4163	4164	2
4165	4161	0
4165	4161	1
4165	4161	2
4166	4167	0
4166	4167	1
4166	4167	2
4154	4166	0
4154	4166	1
4154	4166	2
4151	4154	0
4151	4154	1
4151	4154	2
4153	4166	0
4153	4166	1
4153	4166	2
4167	4168	0
4167	4168	1
4167	4168	2
4152	4166	0
4152	4166	1
4152	4166	2
4159	4162	0
4159	4162	1
4159	4162	2
4169	4170	0
4169	4170	1
4169	4170	2
4151	4153	0
4151	4153	1
4151	4153	2
4162	4157	0
4162	4157	1
4162	4157	2
4160	4158	0
4160	4158	1
4160	4158	2
4157	4171	0
4157	4171	1
4157	4171	2
4154	4152	0
4154	4152	1
4154	4152	2
4162	4171	0
4162	4171	1
4162	4171	2
4172	4173	0
4172	4173	1
4172	4173	2
4172	4174	0
4172	4174	1
4172	4174	2
4175	4174	0
4175	4174	1
4175	4174	2
4175	4172	0
4175	4172	1
4175	4172	2
4176	4177	0
4176	4177	1
4176	4177	2
4177	4175	0
4177	4175	1
4177	4175	2
4178	4175	0
4178	4175	1
4178	4175	2
4176	4175	0
4176	4175	1
4176	4175	2
4179	4180	0
4179	4180	1
4179	4180	2
4179	4181	0
4179	4181	1
4179	4181	2
4180	4181	0
4180	4181	1
4180	4181	2
4182	4179	0
4182	4179	1
4182	4179	2
4183	4184	0
4183	4184	1
4183	4184	2
4185	4186	0
4185	4186	1
4185	4186	2
4185	4187	0
4185	4187	1
4185	4187	2
4188	4183	0
4188	4183	1
4188	4183	2
4189	4190	0
4189	4190	1
4189	4190	2
4191	4187	0
4191	4187	1
4191	4187	2
4185	4183	0
4185	4183	1
4185	4183	2
4192	4186	0
4192	4186	1
4192	4186	2
4189	4192	0
4189	4192	1
4189	4192	2
4193	4189	0
4193	4189	1
4193	4189	2
4191	4186	0
4191	4186	1
4191	4186	2
4194	4190	0
4194	4190	1
4194	4190	2
4188	4195	0
4188	4195	1
4188	4195	2
4196	4194	0
4196	4194	1
4196	4194	2
4189	4194	0
4189	4194	1
4189	4194	2
4190	4192	0
4190	4192	1
4190	4192	2
4185	4188	0
4185	4188	1
4185	4188	2
4189	4197	0
4189	4197	1
4189	4197	2
4184	4198	0
4184	4198	1
4184	4198	2
4194	4197	0
4194	4197	1
4194	4197	2
4199	4200	0
4199	4200	1
4199	4200	2
4190	4186	0
4190	4186	1
4190	4186	2
4197	4190	0
4197	4190	1
4197	4190	2
4200	4201	0
4200	4201	1
4200	4201	2
4195	4199	0
4195	4199	1
4195	4199	2
4191	4183	0
4191	4183	1
4191	4183	2
4190	4191	0
4190	4191	1
4190	4191	2
4198	4200	0
4198	4200	1
4198	4200	2
4186	4188	0
4186	4188	1
4186	4188	2
4183	4195	0
4183	4195	1
4183	4195	2
4193	4194	0
4193	4194	1
4193	4194	2
4192	4191	0
4192	4191	1
4192	4191	2
4187	4183	0
4187	4183	1
4187	4183	2
4194	4192	0
4194	4192	1
4194	4192	2
4195	4184	0
4195	4184	1
4195	4184	2
4186	4187	0
4186	4187	1
4186	4187	2
4190	4185	0
4190	4185	1
4190	4185	2
4196	4197	0
4196	4197	1
4196	4197	2
4193	4196	0
4193	4196	1
4193	4196	2
4188	4184	0
4188	4184	1
4188	4184	2
4192	4185	0
4192	4185	1
4192	4185	2
4187	4188	0
4187	4188	1
4187	4188	2
4191	4188	0
4191	4188	1
4191	4188	2
4202	4203	0
4202	4203	1
4202	4203	2
4202	4204	0
4202	4204	1
4202	4204	2
4203	4204	0
4203	4204	1
4203	4204	2
4204	4205	0
4204	4205	1
4204	4205	2
4206	4207	0
4206	4207	1
4206	4207	2
4208	4206	0
4208	4206	1
4208	4206	2
4209	4210	0
4209	4210	1
4209	4210	2
4211	4212	0
4211	4212	1
4211	4212	2
4211	4213	0
4211	4213	1
4211	4213	2
4214	4213	0
4214	4213	1
4214	4213	2
4213	4215	0
4213	4215	1
4213	4215	2
4215	4216	0
4215	4216	1
4215	4216	2
4217	4218	0
4217	4218	1
4217	4218	2
4219	4220	0
4219	4220	1
4219	4220	2
4221	4213	0
4221	4213	1
4221	4213	2
4219	4222	0
4219	4222	1
4219	4222	2
4222	4220	0
4222	4220	1
4222	4220	2
4214	4221	0
4214	4221	1
4214	4221	2
4213	4212	0
4213	4212	1
4213	4212	2
4221	4211	0
4221	4211	1
4221	4211	2
4211	4215	0
4211	4215	1
4211	4215	2
4212	4216	0
4212	4216	1
4212	4216	2
4220	4223	0
4220	4223	1
4220	4223	2
4211	4216	0
4211	4216	1
4211	4216	2
4213	4216	0
4213	4216	1
4213	4216	2
4224	4225	0
4224	4225	1
4224	4225	2
4226	4227	0
4226	4227	1
4226	4227	2
4228	4229	0
4228	4229	1
4228	4229	2
4230	4225	0
4230	4225	1
4230	4225	2
4230	4224	0
4230	4224	1
4230	4224	2
4225	4228	0
4225	4228	1
4225	4228	2
4227	4231	0
4227	4231	1
4227	4231	2
4232	4233	0
4232	4233	1
4232	4233	2
4234	4235	0
4234	4235	1
4234	4235	2
4236	4237	0
4236	4237	1
4236	4237	2
4238	4239	0
4238	4239	1
4238	4239	2
4240	4241	0
4240	4241	1
4240	4241	2
4238	4242	0
4238	4242	1
4238	4242	2
4243	4240	0
4243	4240	1
4243	4240	2
4244	4245	0
4244	4245	1
4244	4245	2
4246	4237	0
4246	4237	1
4246	4237	2
4240	4247	0
4240	4247	1
4240	4247	2
4245	4248	0
4245	4248	1
4245	4248	2
4249	4250	0
4249	4250	1
4249	4250	2
4251	4245	0
4251	4245	1
4251	4245	2
4250	4252	0
4250	4252	1
4250	4252	2
4251	4253	0
4251	4253	1
4251	4253	2
4254	4255	0
4254	4255	1
4254	4255	2
4239	4256	0
4239	4256	1
4239	4256	2
4252	4257	0
4252	4257	1
4252	4257	2
4255	4258	0
4255	4258	1
4255	4258	2
4259	4239	0
4259	4239	1
4259	4239	2
4260	4261	0
4260	4261	1
4260	4261	2
4262	4263	0
4262	4263	1
4262	4263	2
4264	4265	0
4264	4265	1
4264	4265	2
4266	4243	0
4266	4243	1
4266	4243	2
4267	4241	0
4267	4241	1
4267	4241	2
4244	4268	0
4244	4268	1
4244	4268	2
4269	4237	0
4269	4237	1
4269	4237	2
4270	4268	0
4270	4268	1
4270	4268	2
4254	4271	0
4254	4271	1
4254	4271	2
4272	4273	0
4272	4273	1
4272	4273	2
4239	4273	0
4239	4273	1
4239	4273	2
4244	4253	0
4244	4253	1
4244	4253	2
4274	4260	0
4274	4260	1
4274	4260	2
4275	4252	0
4275	4252	1
4275	4252	2
4259	4272	0
4259	4272	1
4259	4272	2
4242	4273	0
4242	4273	1
4242	4273	2
4273	4256	0
4273	4256	1
4273	4256	2
4243	4267	0
4243	4267	1
4243	4267	2
4254	4258	0
4254	4258	1
4254	4258	2
4276	4258	0
4276	4258	1
4276	4258	2
4277	4254	0
4277	4254	1
4277	4254	2
4278	4279	0
4278	4279	1
4278	4279	2
4277	4276	0
4277	4276	1
4277	4276	2
4241	4247	0
4241	4247	1
4241	4247	2
4250	4257	0
4250	4257	1
4250	4257	2
4268	4251	0
4268	4251	1
4268	4251	2
4280	4268	0
4280	4268	1
4280	4268	2
4281	4248	0
4281	4248	1
4281	4248	2
4282	4267	0
4282	4267	1
4282	4267	2
4268	4253	0
4268	4253	1
4268	4253	2
4266	4267	0
4266	4267	1
4266	4267	2
4253	4281	0
4253	4281	1
4253	4281	2
4236	4269	0
4236	4269	1
4236	4269	2
4272	4239	0
4272	4239	1
4272	4239	2
4275	4249	0
4275	4249	1
4275	4249	2
4251	4248	0
4251	4248	1
4251	4248	2
4271	4270	0
4271	4270	1
4271	4270	2
4283	4284	0
4283	4284	1
4283	4284	2
4277	4258	0
4277	4258	1
4277	4258	2
4281	4285	0
4281	4285	1
4281	4285	2
4282	4266	0
4282	4266	1
4282	4266	2
4244	4251	0
4244	4251	1
4244	4251	2
4285	4278	0
4285	4278	1
4285	4278	2
4259	4273	0
4259	4273	1
4259	4273	2
4255	4276	0
4255	4276	1
4255	4276	2
4253	4245	0
4253	4245	1
4253	4245	2
4245	4281	0
4245	4281	1
4245	4281	2
4258	4271	0
4258	4271	1
4258	4271	2
4257	4264	0
4257	4264	1
4257	4264	2
4274	4286	0
4274	4286	1
4274	4286	2
4271	4280	0
4271	4280	1
4271	4280	2
4272	4256	0
4272	4256	1
4272	4256	2
4276	4271	0
4276	4271	1
4276	4271	2
4248	4285	0
4248	4285	1
4248	4285	2
4275	4250	0
4275	4250	1
4275	4250	2
4237	4238	0
4237	4238	1
4237	4238	2
4259	4242	0
4259	4242	1
4259	4242	2
4263	4246	0
4263	4246	1
4263	4246	2
4238	4272	0
4238	4272	1
4238	4272	2
4267	4240	0
4267	4240	1
4267	4240	2
4253	4248	0
4253	4248	1
4253	4248	2
4277	4255	0
4277	4255	1
4277	4255	2
4280	4244	0
4280	4244	1
4280	4244	2
4263	4236	0
4263	4236	1
4263	4236	2
4242	4256	0
4242	4256	1
4242	4256	2
4282	4243	0
4282	4243	1
4282	4243	2
4287	4288	0
4287	4288	1
4287	4288	2
4289	4290	0
4289	4290	1
4289	4290	2
4291	4292	0
4291	4292	1
4291	4292	2
4287	4290	0
4287	4290	1
4287	4290	2
4293	4288	0
4293	4288	1
4293	4288	2
4290	4294	0
4290	4294	1
4290	4294	2
4295	4292	0
4295	4292	1
4295	4292	2
4296	4297	0
4296	4297	1
4296	4297	2
4298	4288	0
4298	4288	1
4298	4288	2
4299	4293	0
4299	4293	1
4299	4293	2
4300	4297	0
4300	4297	1
4300	4297	2
4297	4301	0
4297	4301	1
4297	4301	2
4297	4302	0
4297	4302	1
4297	4302	2
4290	4303	0
4290	4303	1
4290	4303	2
4287	4294	0
4287	4294	1
4287	4294	2
4289	4287	0
4289	4287	1
4289	4287	2
4293	4290	0
4293	4290	1
4293	4290	2
4294	4303	0
4294	4303	1
4294	4303	2
4288	4303	0
4288	4303	1
4288	4303	2
4290	4298	0
4290	4298	1
4290	4298	2
4289	4293	0
4289	4293	1
4289	4293	2
4304	4290	0
4304	4290	1
4304	4290	2
4298	4294	0
4298	4294	1
4298	4294	2
4304	4287	0
4304	4287	1
4304	4287	2
4304	4293	0
4304	4293	1
4304	4293	2
4299	4287	0
4299	4287	1
4299	4287	2
4293	4287	0
4293	4287	1
4293	4287	2
4298	4303	0
4298	4303	1
4298	4303	2
4299	4304	0
4299	4304	1
4299	4304	2
4293	4303	0
4293	4303	1
4293	4303	2
4300	4296	0
4300	4296	1
4300	4296	2
4287	4303	0
4287	4303	1
4287	4303	2
4292	4305	0
4292	4305	1
4292	4305	2
4290	4288	0
4290	4288	1
4290	4288	2
4291	4295	0
4291	4295	1
4291	4295	2
4299	4290	0
4299	4290	1
4299	4290	2
4287	4298	0
4287	4298	1
4287	4298	2
4299	4289	0
4299	4289	1
4299	4289	2
4293	4298	0
4293	4298	1
4293	4298	2
4306	4307	0
4306	4307	1
4306	4307	2
4308	4309	0
4308	4309	1
4308	4309	2
4310	4311	0
4310	4311	1
4310	4311	2
4312	4313	0
4312	4313	1
4312	4313	2
4314	4315	0
4314	4315	1
4314	4315	2
4316	4317	0
4316	4317	1
4316	4317	2
4318	4307	0
4318	4307	1
4318	4307	2
4319	4313	0
4319	4313	1
4319	4313	2
4320	4321	0
4320	4321	1
4320	4321	2
4322	4323	0
4322	4323	1
4322	4323	2
4317	4312	0
4317	4312	1
4317	4312	2
4324	4325	0
4324	4325	1
4324	4325	2
4326	4327	0
4326	4327	1
4326	4327	2
4328	4329	0
4328	4329	1
4328	4329	2
4330	4331	0
4330	4331	1
4330	4331	2
4327	4318	0
4327	4318	1
4327	4318	2
4332	4333	0
4332	4333	1
4332	4333	2
4334	4317	0
4334	4317	1
4334	4317	2
4306	4335	0
4306	4335	1
4306	4335	2
4312	4331	0
4312	4331	1
4312	4331	2
4315	4336	0
4315	4336	1
4315	4336	2
4337	4338	0
4337	4338	1
4337	4338	2
4339	4316	0
4339	4316	1
4339	4316	2
4340	4337	0
4340	4337	1
4340	4337	2
4324	4341	0
4324	4341	1
4324	4341	2
4337	4342	0
4337	4342	1
4337	4342	2
4330	4313	0
4330	4313	1
4330	4313	2
4307	4335	0
4307	4335	1
4307	4335	2
4318	4335	0
4318	4335	1
4318	4335	2
4326	4318	0
4326	4318	1
4326	4318	2
4328	4343	0
4328	4343	1
4328	4343	2
4344	4311	0
4344	4311	1
4344	4311	2
4319	4312	0
4319	4312	1
4319	4312	2
4345	4346	0
4345	4346	1
4345	4346	2
4319	4347	0
4319	4347	1
4319	4347	2
4348	4349	0
4348	4349	1
4348	4349	2
4348	4350	0
4348	4350	1
4348	4350	2
4351	4352	0
4351	4352	1
4351	4352	2
4324	4353	0
4324	4353	1
4324	4353	2
4328	4309	0
4328	4309	1
4328	4309	2
4314	4336	0
4314	4336	1
4314	4336	2
4354	4349	0
4354	4349	1
4354	4349	2
4347	4313	0
4347	4313	1
4347	4313	2
4348	4355	0
4348	4355	1
4348	4355	2
4340	4342	0
4340	4342	1
4340	4342	2
4355	4349	0
4355	4349	1
4355	4349	2
4326	4306	0
4326	4306	1
4326	4306	2
4347	4330	0
4347	4330	1
4347	4330	2
4356	4308	0
4356	4308	1
4356	4308	2
4339	4334	0
4339	4334	1
4339	4334	2
4306	4318	0
4306	4318	1
4306	4318	2
4353	4340	0
4353	4340	1
4353	4340	2
4327	4306	0
4327	4306	1
4327	4306	2
4325	4353	0
4325	4353	1
4325	4353	2
4317	4319	0
4317	4319	1
4317	4319	2
4313	4331	0
4313	4331	1
4313	4331	2
4334	4357	0
4334	4357	1
4334	4357	2
4349	4345	0
4349	4345	1
4349	4345	2
4357	4317	0
4357	4317	1
4357	4317	2
4347	4312	0
4347	4312	1
4347	4312	2
4334	4316	0
4334	4316	1
4334	4316	2
4339	4357	0
4339	4357	1
4339	4357	2
4328	4308	0
4328	4308	1
4328	4308	2
4356	4343	0
4356	4343	1
4356	4343	2
4325	4341	0
4325	4341	1
4325	4341	2
4355	4350	0
4355	4350	1
4355	4350	2
4312	4330	0
4312	4330	1
4312	4330	2
4333	4358	0
4333	4358	1
4333	4358	2
4329	4309	0
4329	4309	1
4329	4309	2
4319	4331	0
4319	4331	1
4319	4331	2
4343	4308	0
4343	4308	1
4343	4308	2
4353	4337	0
4353	4337	1
4353	4337	2
4359	4360	0
4359	4360	1
4359	4360	2
4361	4360	0
4361	4360	1
4361	4360	2
4362	4363	0
4362	4363	1
4362	4363	2
4364	4365	0
4364	4365	1
4364	4365	2
4366	4367	0
4366	4367	1
4366	4367	2
4363	4368	0
4363	4368	1
4363	4368	2
4369	4370	0
4369	4370	1
4369	4370	2
4371	4372	0
4371	4372	1
4371	4372	2
4370	4361	0
4370	4361	1
4370	4361	2
4373	4374	0
4373	4374	1
4373	4374	2
4375	4364	0
4375	4364	1
4375	4364	2
4362	4376	0
4362	4376	1
4362	4376	2
4367	4365	0
4367	4365	1
4367	4365	2
4377	4378	0
4377	4378	1
4377	4378	2
4379	4368	0
4379	4368	1
4379	4368	2
4380	4381	0
4380	4381	1
4380	4381	2
4374	4382	0
4374	4382	1
4374	4382	2
4374	4383	0
4374	4383	1
4374	4383	2
4377	4384	0
4377	4384	1
4377	4384	2
4367	4364	0
4367	4364	1
4367	4364	2
4385	4371	0
4385	4371	1
4385	4371	2
4386	4387	0
4386	4387	1
4386	4387	2
4374	4388	0
4374	4388	1
4374	4388	2
4389	4386	0
4389	4386	1
4389	4386	2
4382	4388	0
4382	4388	1
4382	4388	2
4388	4377	0
4388	4377	1
4388	4377	2
4378	4390	0
4378	4390	1
4378	4390	2
4369	4361	0
4369	4361	1
4369	4361	2
4381	4371	0
4381	4371	1
4381	4371	2
4376	4363	0
4376	4363	1
4376	4363	2
4383	4382	0
4383	4382	1
4383	4382	2
4366	4375	0
4366	4375	1
4366	4375	2
4376	4379	0
4376	4379	1
4376	4379	2
4370	4359	0
4370	4359	1
4370	4359	2
4362	4368	0
4362	4368	1
4362	4368	2
4383	4388	0
4383	4388	1
4383	4388	2
4369	4360	0
4369	4360	1
4369	4360	2
4384	4390	0
4384	4390	1
4384	4390	2
4376	4368	0
4376	4368	1
4376	4368	2
4381	4385	0
4381	4385	1
4381	4385	2
4379	4363	0
4379	4363	1
4379	4363	2
4373	4383	0
4373	4383	1
4373	4383	2
4366	4364	0
4366	4364	1
4366	4364	2
4391	4392	0
4391	4392	1
4391	4392	2
4393	4394	0
4393	4394	1
4393	4394	2
4395	4396	0
4395	4396	1
4395	4396	2
4397	4398	0
4397	4398	1
4397	4398	2
4399	4400	0
4399	4400	1
4399	4400	2
4401	4397	0
4401	4397	1
4401	4397	2
4402	4403	0
4402	4403	1
4402	4403	2
4404	4405	0
4404	4405	1
4404	4405	2
4406	4407	0
4406	4407	1
4406	4407	2
4408	4400	0
4408	4400	1
4408	4400	2
4405	4409	0
4405	4409	1
4405	4409	2
4407	4410	0
4407	4410	1
4407	4410	2
4404	4411	0
4404	4411	1
4404	4411	2
4412	4393	0
4412	4393	1
4412	4393	2
4413	4405	0
4413	4405	1
4413	4405	2
4414	4415	0
4414	4415	1
4414	4415	2
4416	4417	0
4416	4417	1
4416	4417	2
4413	4411	0
4413	4411	1
4413	4411	2
4418	4408	0
4418	4408	1
4418	4408	2
4419	4395	0
4419	4395	1
4419	4395	2
4414	4420	0
4414	4420	1
4414	4420	2
4421	4396	0
4421	4396	1
4421	4396	2
4401	4398	0
4401	4398	1
4401	4398	2
4406	4410	0
4406	4410	1
4406	4410	2
4422	4400	0
4422	4400	1
4422	4400	2
4411	4409	0
4411	4409	1
4411	4409	2
4423	4424	0
4423	4424	1
4423	4424	2
4395	4421	0
4395	4421	1
4395	4421	2
4399	4422	0
4399	4422	1
4399	4422	2
4408	4422	0
4408	4422	1
4408	4422	2
4415	4420	0
4415	4420	1
4415	4420	2
4413	4404	0
4413	4404	1
4413	4404	2
4397	4412	0
4397	4412	1
4397	4412	2
4425	4426	0
4425	4426	1
4425	4426	2
4427	4428	0
4427	4428	1
4427	4428	2
4429	4430	0
4429	4430	1
4429	4430	2
4431	4432	0
4431	4432	1
4431	4432	2
4428	4433	0
4428	4433	1
4428	4433	2
4434	4435	0
4434	4435	1
4434	4435	2
4429	4436	0
4429	4436	1
4429	4436	2
4437	4438	0
4437	4438	1
4437	4438	2
4439	4432	0
4439	4432	1
4439	4432	2
4433	4440	0
4433	4440	1
4433	4440	2
4441	4442	0
4441	4442	1
4441	4442	2
4443	4432	0
4443	4432	1
4443	4432	2
4439	4444	0
4439	4444	1
4439	4444	2
4445	4446	0
4445	4446	1
4445	4446	2
4447	4448	0
4447	4448	1
4447	4448	2
4449	4450	0
4449	4450	1
4449	4450	2
4451	4452	0
4451	4452	1
4451	4452	2
4453	4440	0
4453	4440	1
4453	4440	2
4427	4454	0
4427	4454	1
4427	4454	2
4455	4437	0
4455	4437	1
4455	4437	2
4456	4435	0
4456	4435	1
4456	4435	2
4457	4458	0
4457	4458	1
4457	4458	2
4430	4459	0
4430	4459	1
4430	4459	2
4460	4461	0
4460	4461	1
4460	4461	2
4431	4426	0
4431	4426	1
4431	4426	2
4434	4456	0
4434	4456	1
4434	4456	2
4430	4462	0
4430	4462	1
4430	4462	2
4427	4453	0
4427	4453	1
4427	4453	2
4463	4464	0
4463	4464	1
4463	4464	2
4457	4432	0
4457	4432	1
4457	4432	2
4434	4465	0
4434	4465	1
4434	4465	2
4428	4453	0
4428	4453	1
4428	4453	2
4433	4454	0
4433	4454	1
4433	4454	2
4448	4466	0
4448	4466	1
4448	4466	2
4467	4445	0
4467	4445	1
4467	4445	2
4458	4431	0
4458	4431	1
4458	4431	2
4468	4469	0
4468	4469	1
4468	4469	2
4439	4431	0
4439	4431	1
4439	4431	2
4457	4443	0
4457	4443	1
4457	4443	2
4439	4470	0
4439	4470	1
4439	4470	2
4433	4468	0
4433	4468	1
4433	4468	2
4444	4426	0
4444	4426	1
4444	4426	2
4439	4443	0
4439	4443	1
4439	4443	2
4443	4470	0
4443	4470	1
4443	4470	2
4444	4425	0
4444	4425	1
4444	4425	2
4470	4425	0
4470	4425	1
4470	4425	2
4440	4468	0
4440	4468	1
4440	4468	2
4471	4445	0
4471	4445	1
4471	4445	2
4443	4444	0
4443	4444	1
4443	4444	2
4431	4425	0
4431	4425	1
4431	4425	2
4427	4468	0
4427	4468	1
4427	4468	2
4466	4441	0
4466	4441	1
4466	4441	2
4459	4462	0
4459	4462	1
4459	4462	2
4439	4425	0
4439	4425	1
4439	4425	2
4455	4438	0
4455	4438	1
4455	4438	2
4456	4465	0
4456	4465	1
4456	4465	2
4472	4473	0
4472	4473	1
4472	4473	2
4446	4474	0
4446	4474	1
4446	4474	2
4457	4431	0
4457	4431	1
4457	4431	2
4432	4425	0
4432	4425	1
4432	4425	2
4459	4475	0
4459	4475	1
4459	4475	2
4428	4440	0
4428	4440	1
4428	4440	2
4444	4470	0
4444	4470	1
4444	4470	2
4458	4439	0
4458	4439	1
4458	4439	2
4449	4442	0
4449	4442	1
4449	4442	2
4476	4466	0
4476	4466	1
4476	4466	2
4431	4470	0
4431	4470	1
4431	4470	2
4431	4444	0
4431	4444	1
4431	4444	2
4443	4425	0
4443	4425	1
4443	4425	2
4428	4454	0
4428	4454	1
4428	4454	2
4471	4446	0
4471	4446	1
4471	4446	2
4443	4426	0
4443	4426	1
4443	4426	2
4458	4443	0
4458	4443	1
4458	4443	2
4477	4460	0
4477	4460	1
4477	4460	2
4443	4431	0
4443	4431	1
4443	4431	2
4470	4426	0
4470	4426	1
4470	4426	2
4432	4470	0
4432	4470	1
4432	4470	2
4448	4478	0
4448	4478	1
4448	4478	2
4467	4471	0
4467	4471	1
4467	4471	2
4450	4479	0
4450	4479	1
4450	4479	2
4480	4467	0
4480	4467	1
4480	4467	2
4473	4447	0
4473	4447	1
4473	4447	2
4464	4481	0
4464	4481	1
4464	4481	2
4432	4426	0
4432	4426	1
4432	4426	2
4440	4454	0
4440	4454	1
4440	4454	2
4430	4436	0
4430	4436	1
4430	4436	2
4454	4469	0
4454	4469	1
4454	4469	2
4433	4469	0
4433	4469	1
4433	4469	2
4453	4468	0
4453	4468	1
4453	4468	2
4429	4482	0
4429	4482	1
4429	4482	2
4458	4432	0
4458	4432	1
4458	4432	2
4468	4454	0
4468	4454	1
4468	4454	2
4477	4461	0
4477	4461	1
4477	4461	2
4448	4476	0
4448	4476	1
4448	4476	2
4478	4441	0
4478	4441	1
4478	4441	2
4433	4453	0
4433	4453	1
4433	4453	2
4482	4462	0
4482	4462	1
4482	4462	2
4447	4476	0
4447	4476	1
4447	4476	2
4478	4466	0
4478	4466	1
4478	4466	2
4465	4483	0
4465	4483	1
4465	4483	2
4427	4433	0
4427	4433	1
4427	4433	2
4435	4465	0
4435	4465	1
4435	4465	2
4427	4440	0
4427	4440	1
4427	4440	2
4484	4472	0
4484	4472	1
4484	4472	2
4441	4449	0
4441	4449	1
4441	4449	2
4485	4486	0
4485	4486	1
4485	4486	2
4487	4488	0
4487	4488	1
4487	4488	2
4489	4490	0
4489	4490	1
4489	4490	2
4491	4492	0
4491	4492	1
4491	4492	2
4493	4494	0
4493	4494	1
4493	4494	2
4495	4493	0
4495	4493	1
4495	4493	2
4496	4497	0
4496	4497	1
4496	4497	2
4498	4499	0
4498	4499	1
4498	4499	2
4500	4501	0
4500	4501	1
4500	4501	2
4488	4495	0
4488	4495	1
4488	4495	2
4502	4503	0
4502	4503	1
4502	4503	2
4504	4505	0
4504	4505	1
4504	4505	2
4506	4499	0
4506	4499	1
4506	4499	2
4507	4508	0
4507	4508	1
4507	4508	2
4509	4507	0
4509	4507	1
4509	4507	2
4510	4511	0
4510	4511	1
4510	4511	2
4501	4512	0
4501	4512	1
4501	4512	2
4508	4513	0
4508	4513	1
4508	4513	2
4514	4515	0
4514	4515	1
4514	4515	2
4516	4502	0
4516	4502	1
4516	4502	2
4489	4517	0
4489	4517	1
4489	4517	2
4516	4518	0
4516	4518	1
4516	4518	2
4508	4497	0
4508	4497	1
4508	4497	2
4490	4519	0
4490	4519	1
4490	4519	2
4520	4518	0
4520	4518	1
4520	4518	2
4513	4521	0
4513	4521	1
4513	4521	2
4487	4495	0
4487	4495	1
4487	4495	2
4522	4523	0
4522	4523	1
4522	4523	2
4503	4522	0
4503	4522	1
4503	4522	2
4524	4525	0
4524	4525	1
4524	4525	2
4492	4526	0
4492	4526	1
4492	4526	2
4490	4527	0
4490	4527	1
4490	4527	2
4503	4528	0
4503	4528	1
4503	4528	2
4489	4519	0
4489	4519	1
4489	4519	2
4529	4530	0
4529	4530	1
4529	4530	2
4518	4502	0
4518	4502	1
4518	4502	2
4531	4532	0
4531	4532	1
4531	4532	2
4507	4533	0
4507	4533	1
4507	4533	2
4534	4517	0
4534	4517	1
4534	4517	2
4535	4512	0
4535	4512	1
4535	4512	2
4502	4528	0
4502	4528	1
4502	4528	2
4536	4510	0
4536	4510	1
4536	4510	2
4507	4496	0
4507	4496	1
4507	4496	2
4508	4533	0
4508	4533	1
4508	4533	2
4524	4537	0
4524	4537	1
4524	4537	2
4537	4538	0
4537	4538	1
4537	4538	2
4536	4511	0
4536	4511	1
4536	4511	2
4539	4491	0
4539	4491	1
4539	4491	2
4540	4541	0
4540	4541	1
4540	4541	2
4542	4491	0
4542	4491	1
4542	4491	2
4491	4543	0
4491	4543	1
4491	4543	2
4504	4528	0
4504	4528	1
4504	4528	2
4528	4523	0
4528	4523	1
4528	4523	2
4544	4527	0
4544	4527	1
4544	4527	2
4529	4539	0
4529	4539	1
4529	4539	2
4511	4485	0
4511	4485	1
4511	4485	2
4501	4545	0
4501	4545	1
4501	4545	2
4491	4526	0
4491	4526	1
4491	4526	2
4540	4546	0
4540	4546	1
4540	4546	2
4521	4489	0
4521	4489	1
4521	4489	2
4515	4510	0
4515	4510	1
4515	4510	2
4514	4494	0
4514	4494	1
4514	4494	2
4510	4485	0
4510	4485	1
4510	4485	2
4502	4522	0
4502	4522	1
4502	4522	2
4538	4531	0
4538	4531	1
4538	4531	2
4528	4522	0
4528	4522	1
4528	4522	2
4503	4505	0
4503	4505	1
4503	4505	2
4534	4521	0
4534	4521	1
4534	4521	2
4514	4536	0
4514	4536	1
4514	4536	2
4496	4513	0
4496	4513	1
4496	4513	2
4536	4515	0
4536	4515	1
4536	4515	2
4519	4527	0
4519	4527	1
4519	4527	2
4546	4541	0
4546	4541	1
4546	4541	2
4516	4503	0
4516	4503	1
4516	4503	2
4509	4496	0
4509	4496	1
4509	4496	2
4529	4542	0
4529	4542	1
4529	4542	2
4508	4496	0
4508	4496	1
4508	4496	2
4506	4520	0
4506	4520	1
4506	4520	2
4504	4523	0
4504	4523	1
4504	4523	2
4504	4522	0
4504	4522	1
4504	4522	2
4499	4520	0
4499	4520	1
4499	4520	2
4530	4539	0
4530	4539	1
4530	4539	2
4488	4493	0
4488	4493	1
4488	4493	2
4528	4505	0
4528	4505	1
4528	4505	2
4533	4513	0
4533	4513	1
4533	4513	2
4530	4491	0
4530	4491	1
4530	4491	2
4515	4511	0
4515	4511	1
4515	4511	2
4533	4497	0
4533	4497	1
4533	4497	2
4506	4498	0
4506	4498	1
4506	4498	2
4520	4516	0
4520	4516	1
4520	4516	2
4517	4544	0
4517	4544	1
4517	4544	2
4486	4501	0
4486	4501	1
4486	4501	2
4518	4503	0
4518	4503	1
4518	4503	2
4496	4533	0
4496	4533	1
4496	4533	2
4534	4489	0
4534	4489	1
4534	4489	2
4501	4535	0
4501	4535	1
4501	4535	2
4530	4542	0
4530	4542	1
4530	4542	2
4525	4537	0
4525	4537	1
4525	4537	2
4489	4544	0
4489	4544	1
4489	4544	2
4492	4543	0
4492	4543	1
4492	4543	2
4497	4534	0
4497	4534	1
4497	4534	2
4544	4519	0
4544	4519	1
4544	4519	2
4527	4529	0
4527	4529	1
4527	4529	2
4493	4514	0
4493	4514	1
4493	4514	2
4546	4547	0
4546	4547	1
4546	4547	2
4502	4505	0
4502	4505	1
4502	4505	2
4540	4547	0
4540	4547	1
4540	4547	2
4513	4534	0
4513	4534	1
4513	4534	2
4503	4504	0
4503	4504	1
4503	4504	2
4494	4515	0
4494	4515	1
4494	4515	2
4543	4526	0
4543	4526	1
4543	4526	2
4500	4512	0
4500	4512	1
4500	4512	2
4502	4504	0
4502	4504	1
4502	4504	2
4535	4545	0
4535	4545	1
4535	4545	2
4542	4539	0
4542	4539	1
4542	4539	2
4548	4549	0
4548	4549	1
4548	4549	2
4550	4551	0
4550	4551	1
4550	4551	2
4552	4553	0
4552	4553	1
4552	4553	2
4554	4555	0
4554	4555	1
4554	4555	2
4556	4557	0
4556	4557	1
4556	4557	2
4558	4559	0
4558	4559	1
4558	4559	2
4560	4561	0
4560	4561	1
4560	4561	2
4562	4563	0
4562	4563	1
4562	4563	2
4564	4565	0
4564	4565	1
4564	4565	2
4566	4567	0
4566	4567	1
4566	4567	2
4568	4569	0
4568	4569	1
4568	4569	2
4565	4549	0
4565	4549	1
4565	4549	2
4561	4570	0
4561	4570	1
4561	4570	2
4569	4571	0
4569	4571	1
4569	4571	2
4572	4573	0
4572	4573	1
4572	4573	2
4574	4575	0
4574	4575	1
4574	4575	2
4576	4577	0
4576	4577	1
4576	4577	2
4553	4562	0
4553	4562	1
4553	4562	2
4578	4559	0
4578	4559	1
4578	4559	2
4579	4553	0
4579	4553	1
4579	4553	2
4580	4573	0
4580	4573	1
4580	4573	2
4581	4549	0
4581	4549	1
4581	4549	2
4582	4560	0
4582	4560	1
4582	4560	2
4560	4570	0
4560	4570	1
4560	4570	2
4583	4584	0
4583	4584	1
4583	4584	2
4552	4579	0
4552	4579	1
4552	4579	2
4584	4573	0
4584	4573	1
4584	4573	2
4585	4586	0
4585	4586	1
4585	4586	2
4549	4551	0
4549	4551	1
4549	4551	2
4582	4561	0
4582	4561	1
4582	4561	2
4548	4565	0
4548	4565	1
4548	4565	2
4585	4587	0
4585	4587	1
4585	4587	2
4588	4589	0
4588	4589	1
4588	4589	2
4590	4591	0
4590	4591	1
4590	4591	2
4592	4593	0
4592	4593	1
4592	4593	2
4593	4566	0
4593	4566	1
4593	4566	2
4594	4595	0
4594	4595	1
4594	4595	2
4593	4567	0
4593	4567	1
4593	4567	2
4596	4588	0
4596	4588	1
4596	4588	2
4597	4577	0
4597	4577	1
4597	4577	2
4548	4581	0
4548	4581	1
4548	4581	2
4598	4583	0
4598	4583	1
4598	4583	2
4590	4582	0
4590	4582	1
4590	4582	2
4580	4584	0
4580	4584	1
4580	4584	2
4572	4584	0
4572	4584	1
4572	4584	2
4581	4550	0
4581	4550	1
4581	4550	2
4576	4552	0
4576	4552	1
4576	4552	2
4571	4585	0
4571	4585	1
4571	4585	2
4596	4589	0
4596	4589	1
4596	4589	2
4579	4562	0
4579	4562	1
4579	4562	2
4594	4599	0
4594	4599	1
4594	4599	2
4556	4600	0
4556	4600	1
4556	4600	2
4577	4552	0
4577	4552	1
4577	4552	2
4599	4590	0
4599	4590	1
4599	4590	2
4601	4578	0
4601	4578	1
4601	4578	2
4558	4578	0
4558	4578	1
4558	4578	2
4583	4572	0
4583	4572	1
4583	4572	2
4571	4586	0
4571	4586	1
4571	4586	2
4601	4559	0
4601	4559	1
4601	4559	2
4599	4591	0
4599	4591	1
4599	4591	2
4600	4557	0
4600	4557	1
4600	4557	2
4602	4603	0
4602	4603	1
4602	4603	2
4604	4605	0
4604	4605	1
4604	4605	2
4602	4606	0
4602	4606	1
4602	4606	2
4607	4608	0
4607	4608	1
4607	4608	2
4609	4610	0
4609	4610	1
4609	4610	2
4603	4606	0
4603	4606	1
4603	4606	2
4608	4604	0
4608	4604	1
4608	4604	2
4611	4610	0
4611	4610	1
4611	4610	2
4605	4603	0
4605	4603	1
4605	4603	2
4612	4613	0
4612	4613	1
4612	4613	2
4612	4614	0
4612	4614	1
4612	4614	2
4615	4612	0
4615	4612	1
4615	4612	2
4615	4616	0
4615	4616	1
4615	4616	2
4616	4613	0
4616	4613	1
4616	4613	2
4616	4612	0
4616	4612	1
4616	4612	2
4617	4618	0
4617	4618	1
4617	4618	2
4617	4619	0
4617	4619	1
4617	4619	2
4620	4621	0
4620	4621	1
4620	4621	2
4622	4623	0
4622	4623	1
4622	4623	2
4624	4620	0
4624	4620	1
4624	4620	2
4625	4624	0
4625	4624	1
4625	4624	2
4624	4621	0
4624	4621	1
4624	4621	2
4626	4627	0
4626	4627	1
4626	4627	2
4628	4629	0
4628	4629	1
4628	4629	2
4629	4630	0
4629	4630	1
4629	4630	2
4631	4630	0
4631	4630	1
4631	4630	2
4629	4631	0
4629	4631	1
4629	4631	2
4632	4633	0
4632	4633	1
4632	4633	2
4634	4635	0
4634	4635	1
4634	4635	2
4633	4629	0
4633	4629	1
4633	4629	2
4632	4636	0
4632	4636	1
4632	4636	2
4630	4637	0
4630	4637	1
4630	4637	2
4627	4638	0
4627	4638	1
4627	4638	2
4633	4639	0
4633	4639	1
4633	4639	2
4636	4626	0
4636	4626	1
4636	4626	2
4639	4629	0
4639	4629	1
4639	4629	2
4630	4634	0
4630	4634	1
4630	4634	2
4638	4631	0
4638	4631	1
4638	4631	2
4633	4628	0
4633	4628	1
4633	4628	2
4639	4631	0
4639	4631	1
4639	4631	2
4638	4629	0
4638	4629	1
4638	4629	2
4627	4639	0
4627	4639	1
4627	4639	2
4631	4637	0
4631	4637	1
4631	4637	2
4638	4639	0
4638	4639	1
4638	4639	2
4639	4630	0
4639	4630	1
4639	4630	2
4637	4635	0
4637	4635	1
4637	4635	2
4628	4631	0
4628	4631	1
4628	4631	2
4637	4640	0
4637	4640	1
4637	4640	2
4627	4633	0
4627	4633	1
4627	4633	2
4628	4638	0
4628	4638	1
4628	4638	2
4641	4640	0
4641	4640	1
4641	4640	2
4628	4639	0
4628	4639	1
4628	4639	2
4636	4633	0
4636	4633	1
4636	4633	2
4636	4627	0
4636	4627	1
4636	4627	2
4626	4629	0
4626	4629	1
4626	4629	2
4628	4630	0
4628	4630	1
4628	4630	2
4634	4641	0
4634	4641	1
4634	4641	2
4641	4637	0
4641	4637	1
4641	4637	2
4633	4638	0
4633	4638	1
4633	4638	2
4626	4633	0
4626	4633	1
4626	4633	2
4626	4628	0
4626	4628	1
4626	4628	2
4631	4634	0
4631	4634	1
4631	4634	2
4631	4641	0
4631	4641	1
4631	4641	2
4626	4639	0
4626	4639	1
4626	4639	2
4642	4643	0
4642	4643	1
4642	4643	2
4644	4645	0
4644	4645	1
4644	4645	2
4645	4646	0
4645	4646	1
4645	4646	2
4645	4647	0
4645	4647	1
4645	4647	2
4647	4648	0
4647	4648	1
4647	4648	2
4649	4646	0
4649	4646	1
4649	4646	2
4644	4649	0
4644	4649	1
4644	4649	2
4645	4649	0
4645	4649	1
4645	4649	2
4650	4651	0
4650	4651	1
4650	4651	2
4648	4646	0
4648	4646	1
4648	4646	2
4652	4650	0
4652	4650	1
4652	4650	2
4652	4653	0
4652	4653	1
4652	4653	2
4654	4655	0
4654	4655	1
4654	4655	2
4656	4657	0
4656	4657	1
4656	4657	2
4658	4657	0
4658	4657	1
4658	4657	2
4659	4657	0
4659	4657	1
4659	4657	2
4658	4659	0
4658	4659	1
4658	4659	2
4656	4658	0
4656	4658	1
4656	4658	2
4660	4655	0
4660	4655	1
4660	4655	2
4661	4662	0
4661	4662	1
4661	4662	2
4663	4661	0
4663	4661	1
4663	4661	2
4664	4665	0
4664	4665	1
4664	4665	2
4666	4667	0
4666	4667	1
4666	4667	2
4666	4668	0
4666	4668	1
4666	4668	2
4668	4667	0
4668	4667	1
4668	4667	2
4669	4665	0
4669	4665	1
4669	4665	2
4665	4670	0
4665	4670	1
4665	4670	2
4664	4669	0
4664	4669	1
4664	4669	2
4662	4669	0
4662	4669	1
4662	4669	2
4664	4662	0
4664	4662	1
4664	4662	2
4671	4663	0
4671	4663	1
4671	4663	2
4672	4666	0
4672	4666	1
4672	4666	2
4661	4664	0
4661	4664	1
4661	4664	2
4662	4665	0
4662	4665	1
4662	4665	2
4673	4674	0
4673	4674	1
4673	4674	2
4675	4676	0
4675	4676	1
4675	4676	2
4677	4678	0
4677	4678	1
4677	4678	2
4679	4680	0
4679	4680	1
4679	4680	2
4681	4682	0
4681	4682	1
4681	4682	2
4683	4684	0
4683	4684	1
4683	4684	2
4674	4685	0
4674	4685	1
4674	4685	2
4686	4680	0
4686	4680	1
4686	4680	2
4687	4680	0
4687	4680	1
4687	4680	2
4684	4673	0
4684	4673	1
4684	4673	2
4688	4679	0
4688	4679	1
4688	4679	2
4689	4690	0
4689	4690	1
4689	4690	2
4688	4680	0
4688	4680	1
4688	4680	2
4691	4692	0
4691	4692	1
4691	4692	2
4693	4691	0
4693	4691	1
4693	4691	2
4685	4677	0
4685	4677	1
4685	4677	2
4688	4686	0
4688	4686	1
4688	4686	2
4694	4695	0
4694	4695	1
4694	4695	2
4695	4675	0
4695	4675	1
4695	4675	2
4696	4690	0
4696	4690	1
4696	4690	2
4697	4696	0
4697	4696	1
4697	4696	2
4673	4685	0
4673	4685	1
4673	4685	2
4692	4698	0
4692	4698	1
4692	4698	2
4679	4686	0
4679	4686	1
4679	4686	2
4676	4699	0
4676	4699	1
4676	4699	2
4700	4682	0
4700	4682	1
4700	4682	2
4701	4702	0
4701	4702	1
4701	4702	2
4702	4703	0
4702	4703	1
4702	4703	2
4698	4704	0
4698	4704	1
4698	4704	2
4701	4678	0
4701	4678	1
4701	4678	2
4687	4679	0
4687	4679	1
4687	4679	2
4687	4686	0
4687	4686	1
4687	4686	2
4678	4702	0
4678	4702	1
4678	4702	2
4694	4675	0
4694	4675	1
4694	4675	2
4696	4689	0
4696	4689	1
4696	4689	2
4677	4701	0
4677	4701	1
4677	4701	2
4676	4705	0
4676	4705	1
4676	4705	2
4698	4697	0
4698	4697	1
4698	4697	2
4693	4692	0
4693	4692	1
4693	4692	2
4706	4707	0
4706	4707	1
4706	4707	2
4708	4707	0
4708	4707	1
4708	4707	2
4709	4710	0
4709	4710	1
4709	4710	2
4711	4712	0
4711	4712	1
4711	4712	2
4713	4714	0
4713	4714	1
4713	4714	2
4714	4715	0
4714	4715	1
4714	4715	2
4716	4717	0
4716	4717	1
4716	4717	2
4718	4710	0
4718	4710	1
4718	4710	2
4711	4710	0
4711	4710	1
4711	4710	2
4712	4708	0
4712	4708	1
4712	4708	2
4717	4713	0
4717	4713	1
4717	4713	2
4717	4719	0
4717	4719	1
4717	4719	2
4709	4711	0
4709	4711	1
4709	4711	2
4713	4715	0
4713	4715	1
4713	4715	2
4706	4720	0
4706	4720	1
4706	4720	2
4718	4712	0
4718	4712	1
4718	4712	2
4712	4710	0
4712	4710	1
4712	4710	2
4720	4707	0
4720	4707	1
4720	4707	2
4718	4709	0
4718	4709	1
4718	4709	2
4716	4719	0
4716	4719	1
4716	4719	2
4707	4716	0
4707	4716	1
4707	4716	2
4712	4706	0
4712	4706	1
4712	4706	2
4710	4706	0
4710	4706	1
4710	4706	2
4720	4716	0
4720	4716	1
4720	4716	2
4719	4713	0
4719	4713	1
4719	4713	2
4721	4722	0
4721	4722	1
4721	4722	2
4723	4722	0
4723	4722	1
4723	4722	2
4724	4723	0
4724	4723	1
4724	4723	2
4724	4722	0
4724	4722	1
4724	4722	2
4725	4726	0
4725	4726	1
4725	4726	2
4727	4726	0
4727	4726	1
4727	4726	2
4727	4728	0
4727	4728	1
4727	4728	2
4729	4730	0
4729	4730	1
4729	4730	2
4726	4728	0
4726	4728	1
4726	4728	2
4727	4725	0
4727	4725	1
4727	4725	2
4725	4728	0
4725	4728	1
4725	4728	2
4731	4732	0
4731	4732	1
4731	4732	2
4732	4733	0
4732	4733	1
4732	4733	2
4734	4735	0
4734	4735	1
4734	4735	2
4736	4731	0
4736	4731	1
4736	4731	2
4735	4737	0
4735	4737	1
4735	4737	2
4734	4737	0
4734	4737	1
4734	4737	2
4731	4733	0
4731	4733	1
4731	4733	2
4734	4738	0
4734	4738	1
4734	4738	2
4737	4738	0
4737	4738	1
4737	4738	2
4739	4740	0
4739	4740	1
4739	4740	2
4741	4742	0
4741	4742	1
4741	4742	2
4739	4742	0
4739	4742	1
4739	4742	2
4743	4739	0
4743	4739	1
4743	4739	2
4740	4744	0
4740	4744	1
4740	4744	2
4742	4740	0
4742	4740	1
4742	4740	2
4745	4746	0
4745	4746	1
4745	4746	2
4747	4748	0
4747	4748	1
4747	4748	2
4749	4746	0
4749	4746	1
4749	4746	2
4750	4747	0
4750	4747	1
4750	4747	2
4746	4751	0
4746	4751	1
4746	4751	2
4751	4747	0
4751	4747	1
4751	4747	2
4752	4749	0
4752	4749	1
4752	4749	2
4745	4752	0
4745	4752	1
4745	4752	2
4745	4749	0
4745	4749	1
4745	4749	2
4750	4748	0
4750	4748	1
4750	4748	2
4751	4750	0
4751	4750	1
4751	4750	2
4753	4754	0
4753	4754	1
4753	4754	2
4755	4756	0
4755	4756	1
4755	4756	2
4757	4758	0
4757	4758	1
4757	4758	2
4754	4756	0
4754	4756	1
4754	4756	2
4759	4760	0
4759	4760	1
4759	4760	2
4755	4758	0
4755	4758	1
4755	4758	2
4761	4762	0
4761	4762	1
4761	4762	2
4763	4759	0
4763	4759	1
4763	4759	2
4757	4754	0
4757	4754	1
4757	4754	2
4764	4757	0
4764	4757	1
4764	4757	2
4762	4759	0
4762	4759	1
4762	4759	2
4754	4758	0
4754	4758	1
4754	4758	2
4753	4756	0
4753	4756	1
4753	4756	2
4758	4756	0
4758	4756	1
4758	4756	2
4754	4765	0
4754	4765	1
4754	4765	2
4765	4756	0
4765	4756	1
4765	4756	2
4753	4765	0
4753	4765	1
4753	4765	2
4763	4760	0
4763	4760	1
4763	4760	2
4766	4767	0
4766	4767	1
4766	4767	2
4764	4765	0
4764	4765	1
4764	4765	2
4760	4764	0
4760	4764	1
4760	4764	2
4757	4765	0
4757	4765	1
4757	4765	2
4764	4754	0
4764	4754	1
4764	4754	2
4754	4755	0
4754	4755	1
4754	4755	2
4758	4768	0
4758	4768	1
4758	4768	2
4755	4768	0
4755	4768	1
4755	4768	2
4769	4766	0
4769	4766	1
4769	4766	2
4765	4755	0
4765	4755	1
4765	4755	2
4767	4761	0
4767	4761	1
4767	4761	2
4769	4767	0
4769	4767	1
4769	4767	2
4765	4758	0
4765	4758	1
4765	4758	2
4770	4771	0
4770	4771	1
4770	4771	2
4772	4773	0
4772	4773	1
4772	4773	2
4774	4775	0
4774	4775	1
4774	4775	2
4776	4777	0
4776	4777	1
4776	4777	2
4774	4771	0
4774	4771	1
4774	4771	2
4778	4779	0
4778	4779	1
4778	4779	2
4780	4781	0
4780	4781	1
4780	4781	2
4782	4783	0
4782	4783	1
4782	4783	2
4784	4785	0
4784	4785	1
4784	4785	2
4770	4772	0
4770	4772	1
4770	4772	2
4785	4780	0
4785	4780	1
4785	4780	2
4775	4771	0
4775	4771	1
4775	4771	2
4781	4786	0
4781	4786	1
4781	4786	2
4774	4770	0
4774	4770	1
4774	4770	2
4781	4787	0
4781	4787	1
4781	4787	2
4785	4781	0
4785	4781	1
4785	4781	2
4775	4770	0
4775	4770	1
4775	4770	2
4784	4780	0
4784	4780	1
4784	4780	2
4772	4788	0
4772	4788	1
4772	4788	2
4773	4788	0
4773	4788	1
4773	4788	2
4787	4786	0
4787	4786	1
4787	4786	2
4770	4773	0
4770	4773	1
4770	4773	2
4771	4773	0
4771	4773	1
4771	4773	2
4789	4790	0
4789	4790	1
4789	4790	2
4790	4791	0
4790	4791	1
4790	4791	2
4791	4792	0
4791	4792	1
4791	4792	2
4792	4793	0
4792	4793	1
4792	4793	2
4789	4794	0
4789	4794	1
4789	4794	2
4794	4791	0
4794	4791	1
4794	4791	2
4791	4793	0
4791	4793	1
4791	4793	2
4795	4796	0
4795	4796	1
4795	4796	2
4795	4797	0
4795	4797	1
4795	4797	2
4797	4796	0
4797	4796	1
4797	4796	2
4798	4799	0
4798	4799	1
4798	4799	2
4800	4799	0
4800	4799	1
4800	4799	2
4801	4802	0
4801	4802	1
4801	4802	2
4803	4804	0
4803	4804	1
4803	4804	2
4805	4806	0
4805	4806	1
4805	4806	2
4807	4808	0
4807	4808	1
4807	4808	2
4806	4807	0
4806	4807	1
4806	4807	2
4806	4809	0
4806	4809	1
4806	4809	2
4806	4808	0
4806	4808	1
4806	4808	2
4809	4808	0
4809	4808	1
4809	4808	2
4807	4809	0
4807	4809	1
4807	4809	2
4810	4811	0
4810	4811	1
4810	4811	2
4812	4813	0
4812	4813	1
4812	4813	2
4814	4815	0
4814	4815	1
4814	4815	2
4816	4817	0
4816	4817	1
4816	4817	2
4818	4819	0
4818	4819	1
4818	4819	2
4812	4820	0
4812	4820	1
4812	4820	2
4821	4822	0
4821	4822	1
4821	4822	2
4823	4824	0
4823	4824	1
4823	4824	2
4825	4826	0
4825	4826	1
4825	4826	2
4827	4828	0
4827	4828	1
4827	4828	2
4829	4827	0
4829	4827	1
4829	4827	2
4830	4822	0
4830	4822	1
4830	4822	2
4831	4832	0
4831	4832	1
4831	4832	2
4833	4815	0
4833	4815	1
4833	4815	2
4834	4814	0
4834	4814	1
4834	4814	2
4820	4813	0
4820	4813	1
4820	4813	2
4835	4836	0
4835	4836	1
4835	4836	2
4826	4817	0
4826	4817	1
4826	4817	2
4837	4818	0
4837	4818	1
4837	4818	2
4836	4828	0
4836	4828	1
4836	4828	2
4838	4811	0
4838	4811	1
4838	4811	2
4839	4840	0
4839	4840	1
4839	4840	2
4841	4822	0
4841	4822	1
4841	4822	2
4842	4824	0
4842	4824	1
4842	4824	2
4835	4827	0
4835	4827	1
4835	4827	2
4841	4821	0
4841	4821	1
4841	4821	2
4843	4814	0
4843	4814	1
4843	4814	2
4817	4837	0
4817	4837	1
4817	4837	2
4829	4828	0
4829	4828	1
4829	4828	2
4834	4815	0
4834	4815	1
4834	4815	2
4838	4810	0
4838	4810	1
4838	4810	2
4835	4829	0
4835	4829	1
4835	4829	2
4834	4833	0
4834	4833	1
4834	4833	2
4814	4833	0
4814	4833	1
4814	4833	2
4825	4844	0
4825	4844	1
4825	4844	2
4835	4828	0
4835	4828	1
4835	4828	2
4845	4810	0
4845	4810	1
4845	4810	2
4819	4821	0
4819	4821	1
4819	4821	2
4836	4829	0
4836	4829	1
4836	4829	2
4838	4846	0
4838	4846	1
4838	4846	2
4828	4832	0
4828	4832	1
4828	4832	2
4843	4847	0
4843	4847	1
4843	4847	2
4844	4826	0
4844	4826	1
4844	4826	2
4819	4841	0
4819	4841	1
4819	4841	2
4845	4846	0
4845	4846	1
4845	4846	2
4836	4827	0
4836	4827	1
4836	4827	2
4848	4844	0
4848	4844	1
4848	4844	2
4847	4834	0
4847	4834	1
4847	4834	2
4846	4810	0
4846	4810	1
4846	4810	2
4848	4825	0
4848	4825	1
4848	4825	2
4828	4831	0
4828	4831	1
4828	4831	2
4826	4816	0
4826	4816	1
4826	4816	2
4841	4830	0
4841	4830	1
4841	4830	2
4821	4830	0
4821	4830	1
4821	4830	2
4825	4816	0
4825	4816	1
4825	4816	2
4849	4850	0
4849	4850	1
4849	4850	2
4851	4852	0
4851	4852	1
4851	4852	2
4853	4854	0
4853	4854	1
4853	4854	2
4853	4855	0
4853	4855	1
4853	4855	2
4856	4857	0
4856	4857	1
4856	4857	2
4850	4858	0
4850	4858	1
4850	4858	2
4859	4860	0
4859	4860	1
4859	4860	2
4861	4862	0
4861	4862	1
4861	4862	2
4858	4859	0
4858	4859	1
4858	4859	2
4862	4863	0
4862	4863	1
4862	4863	2
4864	4865	0
4864	4865	1
4864	4865	2
4866	4863	0
4866	4863	1
4866	4863	2
4867	4868	0
4867	4868	1
4867	4868	2
4869	4870	0
4869	4870	1
4869	4870	2
4871	4862	0
4871	4862	1
4871	4862	2
4872	4873	0
4872	4873	1
4872	4873	2
4862	4872	0
4862	4872	1
4862	4872	2
4874	4875	0
4874	4875	1
4874	4875	2
4873	4876	0
4873	4876	1
4873	4876	2
4868	4877	0
4868	4877	1
4868	4877	2
4878	4879	0
4878	4879	1
4878	4879	2
4880	4879	0
4880	4879	1
4880	4879	2
4872	4876	0
4872	4876	1
4872	4876	2
4861	4863	0
4861	4863	1
4861	4863	2
4856	4881	0
4856	4881	1
4856	4881	2
4849	4858	0
4849	4858	1
4849	4858	2
4869	4867	0
4869	4867	1
4869	4867	2
4882	4851	0
4882	4851	1
4882	4851	2
4881	4857	0
4881	4857	1
4881	4857	2
4867	4883	0
4867	4883	1
4867	4883	2
4865	4884	0
4865	4884	1
4865	4884	2
4884	4882	0
4884	4882	1
4884	4882	2
4852	4875	0
4852	4875	1
4852	4875	2
4854	4885	0
4854	4885	1
4854	4885	2
4886	4882	0
4886	4882	1
4886	4882	2
4850	4864	0
4850	4864	1
4850	4864	2
4875	4887	0
4875	4887	1
4875	4887	2
4886	4851	0
4886	4851	1
4886	4851	2
4859	4884	0
4859	4884	1
4859	4884	2
4879	4888	0
4879	4888	1
4879	4888	2
4860	4886	0
4860	4886	1
4860	4886	2
4870	4883	0
4870	4883	1
4870	4883	2
4870	4867	0
4870	4867	1
4870	4867	2
4850	4859	0
4850	4859	1
4850	4859	2
4889	4880	0
4889	4880	1
4889	4880	2
4871	4863	0
4871	4863	1
4871	4863	2
4887	4878	0
4887	4878	1
4887	4878	2
4855	4854	0
4855	4854	1
4855	4854	2
4890	4853	0
4890	4853	1
4890	4853	2
4866	4871	0
4866	4871	1
4866	4871	2
4878	4880	0
4878	4880	1
4878	4880	2
4877	4850	0
4877	4850	1
4877	4850	2
4883	4868	0
4883	4868	1
4883	4868	2
4876	4891	0
4876	4891	1
4876	4891	2
4892	4870	0
4892	4870	1
4892	4870	2
4884	4860	0
4884	4860	1
4884	4860	2
4865	4860	0
4865	4860	1
4865	4860	2
4858	4864	0
4858	4864	1
4858	4864	2
4892	4867	0
4892	4867	1
4892	4867	2
4860	4882	0
4860	4882	1
4860	4882	2
4893	4876	0
4893	4876	1
4893	4876	2
4859	4865	0
4859	4865	1
4859	4865	2
4865	4886	0
4865	4886	1
4865	4886	2
4892	4883	0
4892	4883	1
4892	4883	2
4873	4893	0
4873	4893	1
4873	4893	2
4872	4893	0
4872	4893	1
4872	4893	2
4877	4858	0
4877	4858	1
4877	4858	2
4874	4851	0
4874	4851	1
4874	4851	2
4891	4869	0
4891	4869	1
4891	4869	2
4861	4871	0
4861	4871	1
4861	4871	2
4878	4889	0
4878	4889	1
4878	4889	2
4865	4882	0
4865	4882	1
4865	4882	2
4855	4885	0
4855	4885	1
4855	4885	2
4889	4879	0
4889	4879	1
4889	4879	2
4866	4862	0
4866	4862	1
4866	4862	2
4886	4874	0
4886	4874	1
4886	4874	2
4853	4885	0
4853	4885	1
4853	4885	2
4893	4891	0
4893	4891	1
4893	4891	2
4859	4864	0
4859	4864	1
4859	4864	2
4852	4887	0
4852	4887	1
4852	4887	2
4873	4891	0
4873	4891	1
4873	4891	2
4894	4895	0
4894	4895	1
4894	4895	2
4896	4897	0
4896	4897	1
4896	4897	2
4898	4899	0
4898	4899	1
4898	4899	2
4900	4901	0
4900	4901	1
4900	4901	2
4902	4900	0
4902	4900	1
4902	4900	2
4903	4904	0
4903	4904	1
4903	4904	2
4905	4906	0
4905	4906	1
4905	4906	2
4907	4908	0
4907	4908	1
4907	4908	2
4905	4909	0
4905	4909	1
4905	4909	2
4910	4911	0
4910	4911	1
4910	4911	2
4912	4898	0
4912	4898	1
4912	4898	2
4913	4900	0
4913	4900	1
4913	4900	2
4914	4915	0
4914	4915	1
4914	4915	2
4916	4917	0
4916	4917	1
4916	4917	2
4909	4918	0
4909	4918	1
4909	4918	2
4916	4900	0
4916	4900	1
4916	4900	2
4903	4919	0
4903	4919	1
4903	4919	2
4901	4903	0
4901	4903	1
4901	4903	2
4902	4913	0
4902	4913	1
4902	4913	2
4920	4921	0
4920	4921	1
4920	4921	2
4901	4904	0
4901	4904	1
4901	4904	2
4908	4922	0
4908	4922	1
4908	4922	2
4923	4916	0
4923	4916	1
4923	4916	2
4913	4901	0
4913	4901	1
4913	4901	2
4924	4925	0
4924	4925	1
4924	4925	2
4917	4903	0
4917	4903	1
4917	4903	2
4926	4918	0
4926	4918	1
4926	4918	2
4925	4916	0
4925	4916	1
4925	4916	2
4918	4906	0
4918	4906	1
4918	4906	2
4902	4917	0
4902	4917	1
4902	4917	2
4916	4901	0
4916	4901	1
4916	4901	2
4927	4895	0
4927	4895	1
4927	4895	2
4926	4909	0
4926	4909	1
4926	4909	2
4894	4927	0
4894	4927	1
4894	4927	2
4928	4929	0
4928	4929	1
4928	4929	2
4905	4930	0
4905	4930	1
4905	4930	2
4931	4932	0
4931	4932	1
4931	4932	2
4933	4929	0
4933	4929	1
4933	4929	2
4910	4934	0
4910	4934	1
4910	4934	2
4915	4935	0
4915	4935	1
4915	4935	2
4930	4918	0
4930	4918	1
4930	4918	2
4895	4907	0
4895	4907	1
4895	4907	2
4917	4900	0
4917	4900	1
4917	4900	2
4922	4896	0
4922	4896	1
4922	4896	2
4900	4904	0
4900	4904	1
4900	4904	2
4924	4923	0
4924	4923	1
4924	4923	2
4936	4921	0
4936	4921	1
4936	4921	2
4918	4937	0
4918	4937	1
4918	4937	2
4935	4931	0
4935	4931	1
4935	4931	2
4938	4939	0
4938	4939	1
4938	4939	2
4940	4941	0
4940	4941	1
4940	4941	2
4930	4909	0
4930	4909	1
4930	4909	2
4913	4904	0
4913	4904	1
4913	4904	2
4920	4936	0
4920	4936	1
4920	4936	2
4900	4903	0
4900	4903	1
4900	4903	2
4930	4926	0
4930	4926	1
4930	4926	2
4942	4943	0
4942	4943	1
4942	4943	2
4923	4902	0
4923	4902	1
4923	4902	2
4932	4921	0
4932	4921	1
4932	4921	2
4938	4944	0
4938	4944	1
4938	4944	2
4916	4913	0
4916	4913	1
4916	4913	2
4939	4944	0
4939	4944	1
4939	4944	2
4933	4928	0
4933	4928	1
4933	4928	2
4896	4945	0
4896	4945	1
4896	4945	2
4919	4933	0
4919	4933	1
4919	4933	2
4905	4918	0
4905	4918	1
4905	4918	2
4902	4916	0
4902	4916	1
4902	4916	2
4895	4908	0
4895	4908	1
4895	4908	2
4917	4901	0
4917	4901	1
4917	4901	2
4925	4902	0
4925	4902	1
4925	4902	2
4946	4910	0
4946	4910	1
4946	4910	2
4917	4904	0
4917	4904	1
4917	4904	2
4923	4925	0
4923	4925	1
4923	4925	2
4926	4906	0
4926	4906	1
4926	4906	2
4920	4932	0
4920	4932	1
4920	4932	2
4935	4920	0
4935	4920	1
4935	4920	2
4897	4914	0
4897	4914	1
4897	4914	2
4913	4903	0
4913	4903	1
4913	4903	2
4947	4948	0
4947	4948	1
4947	4948	2
4949	4950	0
4949	4950	1
4949	4950	2
4951	4949	0
4951	4949	1
4951	4949	2
4952	4953	0
4952	4953	1
4952	4953	2
4954	4949	0
4954	4949	1
4954	4949	2
4955	4954	0
4955	4954	1
4955	4954	2
4956	4957	0
4956	4957	1
4956	4957	2
4947	4954	0
4947	4954	1
4947	4954	2
4958	4948	0
4958	4948	1
4958	4948	2
4959	4960	0
4959	4960	1
4959	4960	2
4954	4961	0
4954	4961	1
4954	4961	2
4962	4948	0
4962	4948	1
4962	4948	2
4950	4963	0
4950	4963	1
4950	4963	2
4954	4951	0
4954	4951	1
4954	4951	2
4949	4964	0
4949	4964	1
4949	4964	2
4959	4956	0
4959	4956	1
4959	4956	2
4951	4950	0
4951	4950	1
4951	4950	2
4957	4965	0
4957	4965	1
4957	4965	2
4955	4948	0
4955	4948	1
4955	4948	2
4960	4957	0
4960	4957	1
4960	4957	2
4965	4966	0
4965	4966	1
4965	4966	2
4949	4961	0
4949	4961	1
4949	4961	2
4958	4947	0
4958	4947	1
4958	4947	2
4962	4955	0
4962	4955	1
4962	4955	2
4964	4963	0
4964	4963	1
4964	4963	2
4955	4947	0
4955	4947	1
4955	4947	2
4962	4947	0
4962	4947	1
4962	4947	2
4958	4962	0
4958	4962	1
4958	4962	2
4951	4961	0
4951	4961	1
4951	4961	2
4966	4958	0
4966	4958	1
4966	4958	2
4967	4959	0
4967	4959	1
4967	4959	2
4961	4950	0
4961	4950	1
4961	4950	2
4950	4964	0
4950	4964	1
4950	4964	2
4962	4954	0
4962	4954	1
4962	4954	2
4958	4955	0
4958	4955	1
4958	4955	2
4960	4956	0
4960	4956	1
4960	4956	2
4967	4956	0
4967	4956	1
4967	4956	2
4948	4954	0
4948	4954	1
4948	4954	2
4951	4964	0
4951	4964	1
4951	4964	2
4961	4964	0
4961	4964	1
4961	4964	2
4968	4969	0
4968	4969	1
4968	4969	2
4969	4970	0
4969	4970	1
4969	4970	2
4971	4972	0
4971	4972	1
4971	4972	2
4973	4974	0
4973	4974	1
4973	4974	2
4970	4975	0
4970	4975	1
4970	4975	2
4968	4973	0
4968	4973	1
4968	4973	2
4973	4970	0
4973	4970	1
4973	4970	2
4976	4977	0
4976	4977	1
4976	4977	2
4972	4978	0
4972	4978	1
4972	4978	2
4971	4978	0
4971	4978	1
4971	4978	2
4979	4971	0
4979	4971	1
4979	4971	2
4970	4974	0
4970	4974	1
4970	4974	2
4980	4981	0
4980	4981	1
4980	4981	2
4982	4983	0
4982	4983	1
4982	4983	2
4984	4982	0
4984	4982	1
4984	4982	2
4985	4986	0
4985	4986	1
4985	4986	2
4987	4980	0
4987	4980	1
4987	4980	2
4988	4983	0
4988	4983	1
4988	4983	2
4987	4989	0
4987	4989	1
4987	4989	2
4990	4991	0
4990	4991	1
4990	4991	2
4991	4985	0
4991	4985	1
4991	4985	2
4991	4986	0
4991	4986	1
4991	4986	2
4980	4992	0
4980	4992	1
4980	4992	2
4992	4981	0
4992	4981	1
4992	4981	2
4993	4994	0
4993	4994	1
4993	4994	2
4995	4993	0
4995	4993	1
4995	4993	2
4996	4997	0
4996	4997	1
4996	4997	2
4998	4999	0
4998	4999	1
4998	4999	2
5000	4998	0
5000	4998	1
5000	4998	2
5001	5002	0
5001	5002	1
5001	5002	2
5003	5001	0
5003	5001	1
5003	5001	2
5000	4999	0
5000	4999	1
5000	4999	2
5003	4997	0
5003	4997	1
5003	4997	2
5004	5005	0
5004	5005	1
5004	5005	2
5006	5007	0
5006	5007	1
5006	5007	2
5006	5008	0
5006	5008	1
5006	5008	2
5009	5010	0
5009	5010	1
5009	5010	2
5011	5012	0
5011	5012	1
5011	5012	2
5013	5014	0
5013	5014	1
5013	5014	2
5008	5015	0
5008	5015	1
5008	5015	2
5015	5011	0
5015	5011	1
5015	5011	2
5016	5017	0
5016	5017	1
5016	5017	2
5018	5019	0
5018	5019	1
5018	5019	2
5020	5021	0
5020	5021	1
5020	5021	2
5019	5022	0
5019	5022	1
5019	5022	2
5008	5007	0
5008	5007	1
5008	5007	2
5006	5023	0
5006	5023	1
5006	5023	2
5023	5005	0
5023	5005	1
5023	5005	2
5024	5025	0
5024	5025	1
5024	5025	2
5017	5026	0
5017	5026	1
5017	5026	2
5027	5022	0
5027	5022	1
5027	5022	2
5014	5008	0
5014	5008	1
5014	5008	2
5028	5029	0
5028	5029	1
5028	5029	2
5013	5006	0
5013	5006	1
5013	5006	2
5030	5022	0
5030	5022	1
5030	5022	2
5015	5012	0
5015	5012	1
5015	5012	2
5031	5028	0
5031	5028	1
5031	5028	2
5032	5010	0
5032	5010	1
5032	5010	2
5008	5023	0
5008	5023	1
5008	5023	2
5033	5034	0
5033	5034	1
5033	5034	2
5035	5036	0
5035	5036	1
5035	5036	2
5037	5010	0
5037	5010	1
5037	5010	2
5032	5009	0
5032	5009	1
5032	5009	2
5014	5023	0
5014	5023	1
5014	5023	2
5038	5035	0
5038	5035	1
5038	5035	2
5014	5012	0
5014	5012	1
5014	5012	2
5036	5021	0
5036	5021	1
5036	5021	2
5016	5039	0
5016	5039	1
5016	5039	2
5012	5004	0
5012	5004	1
5012	5004	2
5012	5005	0
5012	5005	1
5012	5005	2
5011	5005	0
5011	5005	1
5011	5005	2
5015	5007	0
5015	5007	1
5015	5007	2
5013	5008	0
5013	5008	1
5013	5008	2
5007	5040	0
5007	5040	1
5007	5040	2
5040	5004	0
5040	5004	1
5040	5004	2
5008	5040	0
5008	5040	1
5008	5040	2
5028	5032	0
5028	5032	1
5028	5032	2
5008	5012	0
5008	5012	1
5008	5012	2
5027	5030	0
5027	5030	1
5027	5030	2
5041	5042	0
5041	5042	1
5041	5042	2
5007	5012	0
5007	5012	1
5007	5012	2
5029	5043	0
5029	5043	1
5029	5043	2
5037	5009	0
5037	5009	1
5037	5009	2
5007	5011	0
5007	5011	1
5007	5011	2
5023	5004	0
5023	5004	1
5023	5004	2
5013	5007	0
5013	5007	1
5013	5007	2
5035	5020	0
5035	5020	1
5035	5020	2
5031	5029	0
5031	5029	1
5031	5029	2
5044	5018	0
5044	5018	1
5044	5018	2
5006	5011	0
5006	5011	1
5006	5011	2
5045	5041	0
5045	5041	1
5045	5041	2
5019	5027	0
5019	5027	1
5019	5027	2
5014	5007	0
5014	5007	1
5014	5007	2
5045	5042	0
5045	5042	1
5045	5042	2
5011	5004	0
5011	5004	1
5011	5004	2
5015	5040	0
5015	5040	1
5015	5040	2
5028	5037	0
5028	5037	1
5028	5037	2
5024	5046	0
5024	5046	1
5024	5046	2
5011	5023	0
5011	5023	1
5011	5023	2
5009	5045	0
5009	5045	1
5009	5045	2
5008	5011	0
5008	5011	1
5008	5011	2
5007	5023	0
5007	5023	1
5007	5023	2
5040	5005	0
5040	5005	1
5040	5005	2
5047	5044	0
5047	5044	1
5047	5044	2
5006	5012	0
5006	5012	1
5006	5012	2
5043	5037	0
5043	5037	1
5043	5037	2
5017	5039	0
5017	5039	1
5017	5039	2
5019	5030	0
5019	5030	1
5019	5030	2
5011	5040	0
5011	5040	1
5011	5040	2
5033	5016	0
5033	5016	1
5033	5016	2
5042	5047	0
5042	5047	1
5042	5047	2
5023	5040	0
5023	5040	1
5023	5040	2
5037	5032	0
5037	5032	1
5037	5032	2
5039	5026	0
5039	5026	1
5039	5026	2
5038	5021	0
5038	5021	1
5038	5021	2
5006	5015	0
5006	5015	1
5006	5015	2
5048	5049	0
5048	5049	1
5048	5049	2
5050	5051	0
5050	5051	1
5050	5051	2
5052	5053	0
5052	5053	1
5052	5053	2
5054	5055	0
5054	5055	1
5054	5055	2
5054	5056	0
5054	5056	1
5054	5056	2
5053	5057	0
5053	5057	1
5053	5057	2
5056	5055	0
5056	5055	1
5056	5055	2
5055	5052	0
5055	5052	1
5055	5052	2
5052	5057	0
5052	5057	1
5052	5057	2
5058	5059	0
5058	5059	1
5058	5059	2
5058	5060	0
5058	5060	1
5058	5060	2
5061	5062	0
5061	5062	1
5061	5062	2
5063	5064	0
5063	5064	1
5063	5064	2
5065	5066	0
5065	5066	1
5065	5066	2
5067	5068	0
5067	5068	1
5067	5068	2
5069	5061	0
5069	5061	1
5069	5061	2
5058	5070	0
5058	5070	1
5058	5070	2
5071	5065	0
5071	5065	1
5071	5065	2
5059	5072	0
5059	5072	1
5059	5072	2
5073	5074	0
5073	5074	1
5073	5074	2
5075	5071	0
5075	5071	1
5075	5071	2
5060	5064	0
5060	5064	1
5060	5064	2
5063	5072	0
5063	5072	1
5063	5072	2
5072	5064	0
5072	5064	1
5072	5064	2
5062	5060	0
5062	5060	1
5062	5060	2
5073	5076	0
5073	5076	1
5073	5076	2
5060	5072	0
5060	5072	1
5060	5072	2
5077	5078	0
5077	5078	1
5077	5078	2
5078	5079	0
5078	5079	1
5078	5079	2
5063	5060	0
5063	5060	1
5063	5060	2
5076	5080	0
5076	5080	1
5076	5080	2
5074	5076	0
5074	5076	1
5074	5076	2
5061	5058	0
5061	5058	1
5061	5058	2
5062	5059	0
5062	5059	1
5062	5059	2
5066	5081	0
5066	5081	1
5066	5081	2
5070	5072	0
5070	5072	1
5070	5072	2
5074	5080	0
5074	5080	1
5074	5080	2
5061	5082	0
5061	5082	1
5061	5082	2
5070	5064	0
5070	5064	1
5070	5064	2
5068	5077	0
5068	5077	1
5068	5077	2
5059	5060	0
5059	5060	1
5059	5060	2
5075	5065	0
5075	5065	1
5075	5065	2
5080	5069	0
5080	5069	1
5080	5069	2
5070	5060	0
5070	5060	1
5070	5060	2
5062	5063	0
5062	5063	1
5062	5063	2
5059	5063	0
5059	5063	1
5059	5063	2
5062	5058	0
5062	5058	1
5062	5058	2
5059	5064	0
5059	5064	1
5059	5064	2
5073	5080	0
5073	5080	1
5073	5080	2
5083	5075	0
5083	5075	1
5083	5075	2
5058	5063	0
5058	5063	1
5058	5063	2
5084	5068	0
5084	5068	1
5084	5068	2
5084	5067	0
5084	5067	1
5084	5067	2
5082	5062	0
5082	5062	1
5082	5062	2
5062	5070	0
5062	5070	1
5062	5070	2
5085	5086	0
5085	5086	1
5085	5086	2
5087	5088	0
5087	5088	1
5087	5088	2
5089	5090	0
5089	5090	1
5089	5090	2
5085	5091	0
5085	5091	1
5085	5091	2
5089	5086	0
5089	5086	1
5089	5086	2
5086	5091	0
5086	5091	1
5086	5091	2
5085	5090	0
5085	5090	1
5085	5090	2
5092	5087	0
5092	5087	1
5092	5087	2
5093	5094	0
5093	5094	1
5093	5094	2
5090	5095	0
5090	5095	1
5090	5095	2
5091	5090	0
5091	5090	1
5091	5090	2
5096	5092	0
5096	5092	1
5096	5092	2
5096	5087	0
5096	5087	1
5096	5087	2
5091	5095	0
5091	5095	1
5091	5095	2
5092	5088	0
5092	5088	1
5092	5088	2
5097	5098	0
5097	5098	1
5097	5098	2
5098	5099	0
5098	5099	1
5098	5099	2
5098	5100	0
5098	5100	1
5098	5100	2
5101	5099	0
5101	5099	1
5101	5099	2
5097	5099	0
5097	5099	1
5097	5099	2
5100	5099	0
5100	5099	1
5100	5099	2
5101	5097	0
5101	5097	1
5101	5097	2
5101	5098	0
5101	5098	1
5101	5098	2
5102	5103	0
5102	5103	1
5102	5103	2
5104	5102	0
5104	5102	1
5104	5102	2
5103	5105	0
5103	5105	1
5103	5105	2
5104	5103	0
5104	5103	1
5104	5103	2
5106	5107	0
5106	5107	1
5106	5107	2
5108	5109	0
5108	5109	1
5108	5109	2
5110	5111	0
5110	5111	1
5110	5111	2
5112	5113	0
5112	5113	1
5112	5113	2
5114	5115	0
5114	5115	1
5114	5115	2
5116	5114	0
5116	5114	1
5116	5114	2
5116	5117	0
5116	5117	1
5116	5117	2
5118	5119	0
5118	5119	1
5118	5119	2
5120	5121	0
5120	5121	1
5120	5121	2
5122	5123	0
5122	5123	1
5122	5123	2
5124	5125	0
5124	5125	1
5124	5125	2
5126	5127	0
5126	5127	1
5126	5127	2
5109	5128	0
5109	5128	1
5109	5128	2
5116	5115	0
5116	5115	1
5116	5115	2
5129	5119	0
5129	5119	1
5129	5119	2
5130	5114	0
5130	5114	1
5130	5114	2
5131	5132	0
5131	5132	1
5131	5132	2
5125	5112	0
5125	5112	1
5125	5112	2
5127	5133	0
5127	5133	1
5127	5133	2
5128	5134	0
5128	5134	1
5128	5134	2
5135	5134	0
5135	5134	1
5135	5134	2
5106	5136	0
5106	5136	1
5106	5136	2
5117	5137	0
5117	5137	1
5117	5137	2
5133	5138	0
5133	5138	1
5133	5138	2
5139	5140	0
5139	5140	1
5139	5140	2
5141	5134	0
5141	5134	1
5141	5134	2
5142	5119	0
5142	5119	1
5142	5119	2
5130	5143	0
5130	5143	1
5130	5143	2
5138	5144	0
5138	5144	1
5138	5144	2
5144	5132	0
5144	5132	1
5144	5132	2
5113	5110	0
5113	5110	1
5113	5110	2
5121	5126	0
5121	5126	1
5121	5126	2
5137	5145	0
5137	5145	1
5137	5145	2
5118	5146	0
5118	5146	1
5118	5146	2
5138	5131	0
5138	5131	1
5138	5131	2
5140	5128	0
5140	5128	1
5140	5128	2
5133	5144	0
5133	5144	1
5133	5144	2
5135	5122	0
5135	5122	1
5135	5122	2
5142	5124	0
5142	5124	1
5142	5124	2
5121	5127	0
5121	5127	1
5121	5127	2
5118	5129	0
5118	5129	1
5118	5129	2
5108	5140	0
5108	5140	1
5108	5140	2
5145	5121	0
5145	5121	1
5145	5121	2
5137	5120	0
5137	5120	1
5137	5120	2
5134	5122	0
5134	5122	1
5134	5122	2
5126	5133	0
5126	5133	1
5126	5133	2
5132	5146	0
5132	5146	1
5132	5146	2
5128	5135	0
5128	5135	1
5128	5135	2
5109	5140	0
5109	5140	1
5109	5140	2
5120	5145	0
5120	5145	1
5120	5145	2
5115	5137	0
5115	5137	1
5115	5137	2
5129	5142	0
5129	5142	1
5129	5142	2
5131	5144	0
5131	5144	1
5131	5144	2
5139	5109	0
5139	5109	1
5139	5109	2
5146	5129	0
5146	5129	1
5146	5129	2
5107	5136	0
5107	5136	1
5107	5136	2
5141	5128	0
5141	5128	1
5141	5128	2
5143	5114	0
5143	5114	1
5143	5114	2
5146	5142	0
5146	5142	1
5146	5142	2
5139	5108	0
5139	5108	1
5139	5108	2
5114	5117	0
5114	5117	1
5114	5117	2
5143	5116	0
5143	5116	1
5143	5116	2
5133	5131	0
5133	5131	1
5133	5131	2
5147	5148	0
5147	5148	1
5147	5148	2
5149	5150	0
5149	5150	1
5149	5150	2
5151	5149	0
5151	5149	1
5151	5149	2
5150	5148	0
5150	5148	1
5150	5148	2
5152	5153	0
5152	5153	1
5152	5153	2
5154	5155	0
5154	5155	1
5154	5155	2
5153	5155	0
5153	5155	1
5153	5155	2
5153	5154	0
5153	5154	1
5153	5154	2
5156	5157	0
5156	5157	1
5156	5157	2
5158	5159	0
5158	5159	1
5158	5159	2
5160	5161	0
5160	5161	1
5160	5161	2
5162	5156	0
5162	5156	1
5162	5156	2
5163	5164	0
5163	5164	1
5163	5164	2
5165	5160	0
5165	5160	1
5165	5160	2
5166	5167	0
5166	5167	1
5166	5167	2
5167	5168	0
5167	5168	1
5167	5168	2
5169	5170	0
5169	5170	1
5169	5170	2
5171	5172	0
5171	5172	1
5171	5172	2
5173	5161	0
5173	5161	1
5173	5161	2
5174	5175	0
5174	5175	1
5174	5175	2
5176	5169	0
5176	5169	1
5176	5169	2
5171	5177	0
5171	5177	1
5171	5177	2
5157	5178	0
5157	5178	1
5157	5178	2
5158	5179	0
5158	5179	1
5158	5179	2
5180	5158	0
5180	5158	1
5180	5158	2
5181	5182	0
5181	5182	1
5181	5182	2
5180	5183	0
5180	5183	1
5180	5183	2
5183	5179	0
5183	5179	1
5183	5179	2
5184	5166	0
5184	5166	1
5184	5166	2
5157	5184	0
5157	5184	1
5157	5184	2
5184	5178	0
5184	5178	1
5184	5178	2
5185	5178	0
5185	5178	1
5185	5178	2
5165	5173	0
5165	5173	1
5165	5173	2
5169	5186	0
5169	5186	1
5169	5186	2
5159	5162	0
5159	5162	1
5159	5162	2
5179	5159	0
5179	5159	1
5179	5159	2
5161	5183	0
5161	5183	1
5161	5183	2
5176	5186	0
5176	5186	1
5176	5186	2
5185	5166	0
5185	5166	1
5185	5166	2
5180	5179	0
5180	5179	1
5180	5179	2
5186	5174	0
5186	5174	1
5186	5174	2
5186	5170	0
5186	5170	1
5186	5170	2
5173	5160	0
5173	5160	1
5173	5160	2
5161	5180	0
5161	5180	1
5161	5180	2
5175	5171	0
5175	5171	1
5175	5171	2
5172	5177	0
5172	5177	1
5172	5177	2
5164	5181	0
5164	5181	1
5164	5181	2
5175	5172	0
5175	5172	1
5175	5172	2
5165	5187	0
5165	5187	1
5165	5187	2
5170	5174	0
5170	5174	1
5170	5174	2
5184	5185	0
5184	5185	1
5184	5185	2
5188	5168	0
5188	5168	1
5188	5168	2
5157	5185	0
5157	5185	1
5157	5185	2
5189	5190	0
5189	5190	1
5189	5190	2
5191	5192	0
5191	5192	1
5191	5192	2
5193	5194	0
5193	5194	1
5193	5194	2
5195	5196	0
5195	5196	1
5195	5196	2
5190	5197	0
5190	5197	1
5190	5197	2
5195	5198	0
5195	5198	1
5195	5198	2
5199	5195	0
5199	5195	1
5199	5195	2
5200	5201	0
5200	5201	1
5200	5201	2
5190	5202	0
5190	5202	1
5190	5202	2
5203	5193	0
5203	5193	1
5203	5193	2
5193	5204	0
5193	5204	1
5193	5204	2
5203	5204	0
5203	5204	1
5203	5204	2
5200	5204	0
5200	5204	1
5200	5204	2
5201	5194	0
5201	5194	1
5201	5194	2
5189	5202	0
5189	5202	1
5189	5202	2
5196	5200	0
5196	5200	1
5196	5200	2
5192	5205	0
5192	5205	1
5192	5205	2
5200	5193	0
5200	5193	1
5200	5193	2
5198	5196	0
5198	5196	1
5198	5196	2
5191	5206	0
5191	5206	1
5191	5206	2
5206	5192	0
5206	5192	1
5206	5192	2
5203	5201	0
5203	5201	1
5203	5201	2
5189	5197	0
5189	5197	1
5189	5197	2
5193	5201	0
5193	5201	1
5193	5201	2
5202	5199	0
5202	5199	1
5202	5199	2
5197	5198	0
5197	5198	1
5197	5198	2
5207	5208	0
5207	5208	1
5207	5208	2
5197	5195	0
5197	5195	1
5197	5195	2
5190	5199	0
5190	5199	1
5190	5199	2
5201	5204	0
5201	5204	1
5201	5204	2
5199	5198	0
5199	5198	1
5199	5198	2
5209	5191	0
5209	5191	1
5209	5191	2
5209	5206	0
5209	5206	1
5209	5206	2
5202	5198	0
5202	5198	1
5202	5198	2
5196	5203	0
5196	5203	1
5196	5203	2
5210	5190	0
5210	5190	1
5210	5190	2
5194	5207	0
5194	5207	1
5194	5207	2
5211	5212	0
5211	5212	1
5211	5212	2
5213	5214	0
5213	5214	1
5213	5214	2
5215	5216	0
5215	5216	1
5215	5216	2
5217	5218	0
5217	5218	1
5217	5218	2
5219	5220	0
5219	5220	1
5219	5220	2
5213	5221	0
5213	5221	1
5213	5221	2
5211	5222	0
5211	5222	1
5211	5222	2
5223	5224	0
5223	5224	1
5223	5224	2
5225	5214	0
5225	5214	1
5225	5214	2
5226	5214	0
5226	5214	1
5226	5214	2
5227	5225	0
5227	5225	1
5227	5225	2
5228	5229	0
5228	5229	1
5228	5229	2
5219	5230	0
5219	5230	1
5219	5230	2
5231	5232	0
5231	5232	1
5231	5232	2
5226	5213	0
5226	5213	1
5226	5213	2
5233	5215	0
5233	5215	1
5233	5215	2
5214	5221	0
5214	5221	1
5214	5221	2
5226	5234	0
5226	5234	1
5226	5234	2
5214	5234	0
5214	5234	1
5214	5234	2
5235	5233	0
5235	5233	1
5235	5233	2
5236	5229	0
5236	5229	1
5236	5229	2
5230	5236	0
5230	5236	1
5230	5236	2
5216	5237	0
5216	5237	1
5216	5237	2
5222	5238	0
5222	5238	1
5222	5238	2
5238	5235	0
5238	5235	1
5238	5235	2
5229	5239	0
5229	5239	1
5229	5239	2
5231	5219	0
5231	5219	1
5231	5219	2
5230	5220	0
5230	5220	1
5230	5220	2
5240	5224	0
5240	5224	1
5240	5224	2
5238	5241	0
5238	5241	1
5238	5241	2
5241	5233	0
5241	5233	1
5241	5233	2
5219	5242	0
5219	5242	1
5219	5242	2
5220	5236	0
5220	5236	1
5220	5236	2
5216	5243	0
5216	5243	1
5216	5243	2
5228	5236	0
5228	5236	1
5228	5236	2
5237	5243	0
5237	5243	1
5237	5243	2
5241	5235	0
5241	5235	1
5241	5235	2
5242	5220	0
5242	5220	1
5242	5220	2
5240	5227	0
5240	5227	1
5240	5227	2
5215	5237	0
5215	5237	1
5215	5237	2
5234	5221	0
5234	5221	1
5234	5221	2
5232	5219	0
5232	5219	1
5232	5219	2
5213	5234	0
5213	5234	1
5213	5234	2
5224	5227	0
5224	5227	1
5224	5227	2
5226	5221	0
5226	5221	1
5226	5221	2
5244	5238	0
5244	5238	1
5244	5238	2
5212	5222	0
5212	5222	1
5212	5222	2
5232	5242	0
5232	5242	1
5232	5242	2
5220	5228	0
5220	5228	1
5220	5228	2
5245	5246	0
5245	5246	1
5245	5246	2
5247	5248	0
5247	5248	1
5247	5248	2
5249	5250	0
5249	5250	1
5249	5250	2
5251	5252	0
5251	5252	1
5251	5252	2
5253	5254	0
5253	5254	1
5253	5254	2
5255	5245	0
5255	5245	1
5255	5245	2
5256	5246	0
5256	5246	1
5256	5246	2
5257	5258	0
5257	5258	1
5257	5258	2
5259	5260	0
5259	5260	1
5259	5260	2
5261	5262	0
5261	5262	1
5261	5262	2
5263	5259	0
5263	5259	1
5263	5259	2
5264	5246	0
5264	5246	1
5264	5246	2
5265	5247	0
5265	5247	1
5265	5247	2
5266	5253	0
5266	5253	1
5266	5253	2
5267	5268	0
5267	5268	1
5267	5268	2
5256	5245	0
5256	5245	1
5256	5245	2
5269	5267	0
5269	5267	1
5269	5267	2
5254	5261	0
5254	5261	1
5254	5261	2
5252	5270	0
5252	5270	1
5252	5270	2
5265	5248	0
5265	5248	1
5265	5248	2
5271	5247	0
5271	5247	1
5271	5247	2
5268	5272	0
5268	5272	1
5268	5272	2
5271	5248	0
5271	5248	1
5271	5248	2
5256	5264	0
5256	5264	1
5256	5264	2
5264	5245	0
5264	5245	1
5264	5245	2
5273	5274	0
5273	5274	1
5273	5274	2
5274	5275	0
5274	5275	1
5274	5275	2
5276	5277	0
5276	5277	1
5276	5277	2
5278	5279	0
5278	5279	1
5278	5279	2
5280	5274	0
5280	5274	1
5280	5274	2
5281	5282	0
5281	5282	1
5281	5282	2
5282	5283	0
5282	5283	1
5282	5283	2
5284	5273	0
5284	5273	1
5284	5273	2
5285	5286	0
5285	5286	1
5285	5286	2
5287	5288	0
5287	5288	1
5287	5288	2
5288	5289	0
5288	5289	1
5288	5289	2
5277	5290	0
5277	5290	1
5277	5290	2
5273	5280	0
5273	5280	1
5273	5280	2
5291	5284	0
5291	5284	1
5291	5284	2
5277	5292	0
5277	5292	1
5277	5292	2
5293	5277	0
5293	5277	1
5293	5277	2
5289	5276	0
5289	5276	1
5289	5276	2
5293	5276	0
5293	5276	1
5293	5276	2
5290	5292	0
5290	5292	1
5290	5292	2
5273	5294	0
5273	5294	1
5273	5294	2
5285	5291	0
5285	5291	1
5285	5291	2
5295	5281	0
5295	5281	1
5295	5281	2
5286	5291	0
5286	5291	1
5286	5291	2
5285	5296	0
5285	5296	1
5285	5296	2
5275	5297	0
5275	5297	1
5275	5297	2
5292	5278	0
5292	5278	1
5292	5278	2
5298	5282	0
5298	5282	1
5298	5282	2
5280	5294	0
5280	5294	1
5280	5294	2
5287	5289	0
5287	5289	1
5287	5289	2
5281	5298	0
5281	5298	1
5281	5298	2
5284	5280	0
5284	5280	1
5284	5280	2
5298	5283	0
5298	5283	1
5298	5283	2
5288	5293	0
5288	5293	1
5288	5293	2
5293	5290	0
5293	5290	1
5293	5290	2
5276	5290	0
5276	5290	1
5276	5290	2
5299	5300	0
5299	5300	1
5299	5300	2
5301	5302	0
5301	5302	1
5301	5302	2
5303	5304	0
5303	5304	1
5303	5304	2
5305	5303	0
5305	5303	1
5305	5303	2
5306	5305	0
5306	5305	1
5306	5305	2
5307	5308	0
5307	5308	1
5307	5308	2
5299	5309	0
5299	5309	1
5299	5309	2
5310	5305	0
5310	5305	1
5310	5305	2
5310	5306	0
5310	5306	1
5310	5306	2
5309	5308	0
5309	5308	1
5309	5308	2
5309	5307	0
5309	5307	1
5309	5307	2
5311	5302	0
5311	5302	1
5311	5302	2
5312	5307	0
5312	5307	1
5312	5307	2
5299	5308	0
5299	5308	1
5299	5308	2
5313	5306	0
5313	5306	1
5313	5306	2
5312	5309	0
5312	5309	1
5312	5309	2
5299	5307	0
5299	5307	1
5299	5307	2
5309	5300	0
5309	5300	1
5309	5300	2
5300	5308	0
5300	5308	1
5300	5308	2
5314	5315	0
5314	5315	1
5314	5315	2
5314	5316	0
5314	5316	1
5314	5316	2
5315	5316	0
5315	5316	1
5315	5316	2
5317	5318	0
5317	5318	1
5317	5318	2
5319	5320	0
5319	5320	1
5319	5320	2
5321	5322	0
5321	5322	1
5321	5322	2
5323	5324	0
5323	5324	1
5323	5324	2
5323	5325	0
5323	5325	1
5323	5325	2
5326	5327	0
5326	5327	1
5326	5327	2
5328	5317	0
5328	5317	1
5328	5317	2
5329	5330	0
5329	5330	1
5329	5330	2
5331	5332	0
5331	5332	1
5331	5332	2
5333	5334	0
5333	5334	1
5333	5334	2
5333	5335	0
5333	5335	1
5333	5335	2
5320	5328	0
5320	5328	1
5320	5328	2
5336	5317	0
5336	5317	1
5336	5317	2
5337	5331	0
5337	5331	1
5337	5331	2
5338	5339	0
5338	5339	1
5338	5339	2
5340	5331	0
5340	5331	1
5340	5331	2
5341	5342	0
5341	5342	1
5341	5342	2
5330	5343	0
5330	5343	1
5330	5343	2
5342	5337	0
5342	5337	1
5342	5337	2
5323	5317	0
5323	5317	1
5323	5317	2
5341	5344	0
5341	5344	1
5341	5344	2
5345	5346	0
5345	5346	1
5345	5346	2
5343	5347	0
5343	5347	1
5343	5347	2
5348	5349	0
5348	5349	1
5348	5349	2
5338	5350	0
5338	5350	1
5338	5350	2
5318	5341	0
5318	5341	1
5318	5341	2
5317	5324	0
5317	5324	1
5317	5324	2
5336	5351	0
5336	5351	1
5336	5351	2
5319	5336	0
5319	5336	1
5319	5336	2
5351	5352	0
5351	5352	1
5351	5352	2
5335	5329	0
5335	5329	1
5335	5329	2
5331	5353	0
5331	5353	1
5331	5353	2
5354	5355	0
5354	5355	1
5354	5355	2
5356	5331	0
5356	5331	1
5356	5331	2
5357	5358	0
5357	5358	1
5357	5358	2
5327	5359	0
5327	5359	1
5327	5359	2
5351	5325	0
5351	5325	1
5351	5325	2
5349	5360	0
5349	5360	1
5349	5360	2
5361	5358	0
5361	5358	1
5361	5358	2
5324	5344	0
5324	5344	1
5324	5344	2
5362	5361	0
5362	5361	1
5362	5361	2
5339	5348	0
5339	5348	1
5339	5348	2
5335	5330	0
5335	5330	1
5335	5330	2
5352	5324	0
5352	5324	1
5352	5324	2
5335	5343	0
5335	5343	1
5335	5343	2
5363	5321	0
5363	5321	1
5363	5321	2
5340	5364	0
5340	5364	1
5340	5364	2
5336	5352	0
5336	5352	1
5336	5352	2
5319	5347	0
5319	5347	1
5319	5347	2
5328	5323	0
5328	5323	1
5328	5323	2
5328	5351	0
5328	5351	1
5328	5351	2
5347	5328	0
5347	5328	1
5347	5328	2
5357	5361	0
5357	5361	1
5357	5361	2
5351	5317	0
5351	5317	1
5351	5317	2
5365	5318	0
5365	5318	1
5365	5318	2
5343	5319	0
5343	5319	1
5343	5319	2
5333	5329	0
5333	5329	1
5333	5329	2
5317	5325	0
5317	5325	1
5317	5325	2
5327	5363	0
5327	5363	1
5327	5363	2
5366	5330	0
5366	5330	1
5366	5330	2
5351	5324	0
5351	5324	1
5351	5324	2
5337	5364	0
5337	5364	1
5337	5364	2
5362	5357	0
5362	5357	1
5362	5357	2
5332	5353	0
5332	5353	1
5332	5353	2
5318	5324	0
5318	5324	1
5318	5324	2
5325	5318	0
5325	5318	1
5325	5318	2
5347	5320	0
5347	5320	1
5347	5320	2
5351	5323	0
5351	5323	1
5351	5323	2
5336	5328	0
5336	5328	1
5336	5328	2
5336	5323	0
5336	5323	1
5336	5323	2
5318	5344	0
5318	5344	1
5318	5344	2
5325	5324	0
5325	5324	1
5325	5324	2
5367	5357	0
5367	5357	1
5367	5357	2
5359	5363	0
5359	5363	1
5359	5363	2
5325	5341	0
5325	5341	1
5325	5341	2
5335	5366	0
5335	5366	1
5335	5366	2
5347	5336	0
5347	5336	1
5347	5336	2
5352	5325	0
5352	5325	1
5352	5325	2
5337	5340	0
5337	5340	1
5337	5340	2
5324	5341	0
5324	5341	1
5324	5341	2
5367	5361	0
5367	5361	1
5367	5361	2
5355	5326	0
5355	5326	1
5355	5326	2
5320	5336	0
5320	5336	1
5320	5336	2
5365	5325	0
5365	5325	1
5365	5325	2
5326	5359	0
5326	5359	1
5326	5359	2
5351	5365	0
5351	5365	1
5351	5365	2
5334	5335	0
5334	5335	1
5334	5335	2
5366	5329	0
5366	5329	1
5366	5329	2
5336	5365	0
5336	5365	1
5336	5365	2
5356	5340	0
5356	5340	1
5356	5340	2
5356	5337	0
5356	5337	1
5356	5337	2
5368	5348	0
5368	5348	1
5368	5348	2
5323	5318	0
5323	5318	1
5323	5318	2
5351	5318	0
5351	5318	1
5351	5318	2
5346	5369	0
5346	5369	1
5346	5369	2
5330	5320	0
5330	5320	1
5330	5320	2
5342	5356	0
5342	5356	1
5342	5356	2
5317	5352	0
5317	5352	1
5317	5352	2
5319	5328	0
5319	5328	1
5319	5328	2
5334	5329	0
5334	5329	1
5334	5329	2
5330	5347	0
5330	5347	1
5330	5347	2
5329	5343	0
5329	5343	1
5329	5343	2
5367	5362	0
5367	5362	1
5367	5362	2
5365	5317	0
5365	5317	1
5365	5317	2
5356	5364	0
5356	5364	1
5356	5364	2
5350	5339	0
5350	5339	1
5350	5339	2
5330	5319	0
5330	5319	1
5330	5319	2
5332	5354	0
5332	5354	1
5332	5354	2
5322	5367	0
5322	5367	1
5322	5367	2
5352	5318	0
5352	5318	1
5352	5318	2
5354	5326	0
5354	5326	1
5354	5326	2
5325	5344	0
5325	5344	1
5325	5344	2
5365	5324	0
5365	5324	1
5365	5324	2
5355	5327	0
5355	5327	1
5355	5327	2
5368	5339	0
5368	5339	1
5368	5339	2
5322	5362	0
5322	5362	1
5322	5362	2
5366	5343	0
5366	5343	1
5366	5343	2
5370	5371	0
5370	5371	1
5370	5371	2
5371	5372	0
5371	5372	1
5371	5372	2
5373	5374	0
5373	5374	1
5373	5374	2
5375	5376	0
5375	5376	1
5375	5376	2
5377	5376	0
5377	5376	1
5377	5376	2
5378	5379	0
5378	5379	1
5378	5379	2
5380	5381	0
5380	5381	1
5380	5381	2
5382	5378	0
5382	5378	1
5382	5378	2
5383	5382	0
5383	5382	1
5383	5382	2
5384	5385	0
5384	5385	1
5384	5385	2
5379	5386	0
5379	5386	1
5379	5386	2
5387	5382	0
5387	5382	1
5387	5382	2
5388	5373	0
5388	5373	1
5388	5373	2
5388	5374	0
5388	5374	1
5388	5374	2
5385	5383	0
5385	5383	1
5385	5383	2
5375	5377	0
5375	5377	1
5375	5377	2
5389	5390	0
5389	5390	1
5389	5390	2
5386	5391	0
5386	5391	1
5386	5391	2
5380	5392	0
5380	5392	1
5380	5392	2
5392	5381	0
5392	5381	1
5392	5381	2
5376	5388	0
5376	5388	1
5376	5388	2
5393	5389	0
5393	5389	1
5393	5389	2
5379	5391	0
5379	5391	1
5379	5391	2
5394	5395	0
5394	5395	1
5394	5395	2
5396	5397	0
5396	5397	1
5396	5397	2
5395	5398	0
5395	5398	1
5395	5398	2
5399	5400	0
5399	5400	1
5399	5400	2
5394	5398	0
5394	5398	1
5394	5398	2
5399	5397	0
5399	5397	1
5399	5397	2
5401	5396	0
5401	5396	1
5401	5396	2
5398	5401	0
5398	5401	1
5398	5401	2
5396	5400	0
5396	5400	1
5396	5400	2
5401	5399	0
5401	5399	1
5401	5399	2
5397	5400	0
5397	5400	1
5397	5400	2
5402	5403	0
5402	5403	1
5402	5403	2
5404	5405	0
5404	5405	1
5404	5405	2
5406	5407	0
5406	5407	1
5406	5407	2
5408	5409	0
5408	5409	1
5408	5409	2
5410	5411	0
5410	5411	1
5410	5411	2
5412	5408	0
5412	5408	1
5412	5408	2
5403	5413	0
5403	5413	1
5403	5413	2
5403	5407	0
5403	5407	1
5403	5407	2
5412	5411	0
5412	5411	1
5412	5411	2
5414	5415	0
5414	5415	1
5414	5415	2
5410	5408	0
5410	5408	1
5410	5408	2
5412	5410	0
5412	5410	1
5412	5410	2
5407	5416	0
5407	5416	1
5407	5416	2
5417	5414	0
5417	5414	1
5417	5414	2
5402	5413	0
5402	5413	1
5402	5413	2
5406	5416	0
5406	5416	1
5406	5416	2
5403	5406	0
5403	5406	1
5403	5406	2
5418	5419	0
5418	5419	1
5418	5419	2
5416	5418	0
5416	5418	1
5416	5418	2
5413	5407	0
5413	5407	1
5413	5407	2
5420	5418	0
5420	5418	1
5420	5418	2
5418	5421	0
5418	5421	1
5418	5421	2
5411	5409	0
5411	5409	1
5411	5409	2
5409	5404	0
5409	5404	1
5409	5404	2
5421	5419	0
5421	5419	1
5421	5419	2
5411	5408	0
5411	5408	1
5411	5408	2
5407	5420	0
5407	5420	1
5407	5420	2
5405	5403	0
5405	5403	1
5405	5403	2
5404	5402	0
5404	5402	1
5404	5402	2
5422	5423	0
5422	5423	1
5422	5423	2
5424	5425	0
5424	5425	1
5424	5425	2
5426	5427	0
5426	5427	1
5426	5427	2
5428	5425	0
5428	5425	1
5428	5425	2
5429	5430	0
5429	5430	1
5429	5430	2
5431	5432	0
5431	5432	1
5431	5432	2
5428	5433	0
5428	5433	1
5428	5433	2
5434	5435	0
5434	5435	1
5434	5435	2
5433	5424	0
5433	5424	1
5433	5424	2
5436	5437	0
5436	5437	1
5436	5437	2
5438	5439	0
5438	5439	1
5438	5439	2
5423	5440	0
5423	5440	1
5423	5440	2
5436	5441	0
5436	5441	1
5436	5441	2
5427	5435	0
5427	5435	1
5427	5435	2
5442	5433	0
5442	5433	1
5442	5433	2
5437	5443	0
5437	5443	1
5437	5443	2
5443	5444	0
5443	5444	1
5443	5444	2
5445	5431	0
5445	5431	1
5445	5431	2
5427	5431	0
5427	5431	1
5427	5431	2
5443	5446	0
5443	5446	1
5443	5446	2
5443	5447	0
5443	5447	1
5443	5447	2
5448	5449	0
5448	5449	1
5448	5449	2
5450	5430	0
5450	5430	1
5450	5430	2
5451	5452	0
5451	5452	1
5451	5452	2
5434	5431	0
5434	5431	1
5434	5431	2
5432	5453	0
5432	5453	1
5432	5453	2
5454	5455	0
5454	5455	1
5454	5455	2
5456	5430	0
5456	5430	1
5456	5430	2
5439	5457	0
5439	5457	1
5439	5457	2
5429	5456	0
5429	5456	1
5429	5456	2
5444	5447	0
5444	5447	1
5444	5447	2
5450	5429	0
5450	5429	1
5450	5429	2
5458	5459	0
5458	5459	1
5458	5459	2
5459	5450	0
5459	5450	1
5459	5450	2
5425	5458	0
5425	5458	1
5425	5458	2
5455	5460	0
5455	5460	1
5455	5460	2
5444	5446	0
5444	5446	1
5444	5446	2
5459	5429	0
5459	5429	1
5459	5429	2
5452	5422	0
5452	5422	1
5452	5422	2
5450	5456	0
5450	5456	1
5450	5456	2
5459	5456	0
5459	5456	1
5459	5456	2
5460	5442	0
5460	5442	1
5460	5442	2
5445	5435	0
5445	5435	1
5445	5435	2
5461	5448	0
5461	5448	1
5461	5448	2
5426	5435	0
5426	5435	1
5426	5435	2
5446	5447	0
5446	5447	1
5446	5447	2
5424	5458	0
5424	5458	1
5424	5458	2
5441	5437	0
5441	5437	1
5441	5437	2
5430	5438	0
5430	5438	1
5430	5438	2
5447	5454	0
5447	5454	1
5447	5454	2
5434	5445	0
5434	5445	1
5434	5445	2
5452	5462	0
5452	5462	1
5452	5462	2
5440	5461	0
5440	5461	1
5440	5461	2
5427	5445	0
5427	5445	1
5427	5445	2
5434	5427	0
5434	5427	1
5434	5427	2
5444	5454	0
5444	5454	1
5444	5454	2
5462	5422	0
5462	5422	1
5462	5422	2
5433	5425	0
5433	5425	1
5433	5425	2
5431	5435	0
5431	5435	1
5431	5435	2
5463	5464	0
5463	5464	1
5463	5464	2
5465	5466	0
5465	5466	1
5465	5466	2
5467	5468	0
5467	5468	1
5467	5468	2
5469	5470	0
5469	5470	1
5469	5470	2
5471	5472	0
5471	5472	1
5471	5472	2
5473	5474	0
5473	5474	1
5473	5474	2
5475	5476	0
5475	5476	1
5475	5476	2
5477	5478	0
5477	5478	1
5477	5478	2
5465	5479	0
5465	5479	1
5465	5479	2
5480	5481	0
5480	5481	1
5480	5481	2
5482	5483	0
5482	5483	1
5482	5483	2
5475	5484	0
5475	5484	1
5475	5484	2
5475	5485	0
5475	5485	1
5475	5485	2
5486	5463	0
5486	5463	1
5486	5463	2
5487	5483	0
5487	5483	1
5487	5483	2
5468	5471	0
5468	5471	1
5468	5471	2
5481	5488	0
5481	5488	1
5481	5488	2
5489	5464	0
5489	5464	1
5489	5464	2
5468	5465	0
5468	5465	1
5468	5465	2
5490	5487	0
5490	5487	1
5490	5487	2
5491	5492	0
5491	5492	1
5491	5492	2
5493	5494	0
5493	5494	1
5493	5494	2
5490	5481	0
5490	5481	1
5490	5481	2
5495	5467	0
5495	5467	1
5495	5467	2
5494	5496	0
5494	5496	1
5494	5496	2
5470	5485	0
5470	5485	1
5470	5485	2
5497	5496	0
5497	5496	1
5497	5496	2
5474	5498	0
5474	5498	1
5474	5498	2
5479	5499	0
5479	5499	1
5479	5499	2
5500	5501	0
5500	5501	1
5500	5501	2
5502	5503	0
5502	5503	1
5502	5503	2
5479	5466	0
5479	5466	1
5479	5466	2
5476	5484	0
5476	5484	1
5476	5484	2
5490	5504	0
5490	5504	1
5490	5504	2
5487	5482	0
5487	5482	1
5487	5482	2
5470	5484	0
5470	5484	1
5470	5484	2
5496	5469	0
5496	5469	1
5496	5469	2
5497	5469	0
5497	5469	1
5497	5469	2
5466	5480	0
5466	5480	1
5466	5480	2
5504	5482	0
5504	5482	1
5504	5482	2
5479	5471	0
5479	5471	1
5479	5471	2
5505	5487	0
5505	5487	1
5505	5487	2
5465	5471	0
5465	5471	1
5465	5471	2
5496	5470	0
5496	5470	1
5496	5470	2
5500	5506	0
5500	5506	1
5500	5506	2
5465	5499	0
5465	5499	1
5465	5499	2
5487	5488	0
5487	5488	1
5487	5488	2
5507	5508	0
5507	5508	1
5507	5508	2
5509	5491	0
5509	5491	1
5509	5491	2
5510	5511	0
5510	5511	1
5510	5511	2
5496	5485	0
5496	5485	1
5496	5485	2
5510	5498	0
5510	5498	1
5510	5498	2
5478	5501	0
5478	5501	1
5478	5501	2
5512	5513	0
5512	5513	1
5512	5513	2
5470	5475	0
5470	5475	1
5470	5475	2
5501	5506	0
5501	5506	1
5501	5506	2
5489	5463	0
5489	5463	1
5489	5463	2
5473	5511	0
5473	5511	1
5473	5511	2
5473	5514	0
5473	5514	1
5473	5514	2
5515	5478	0
5515	5478	1
5515	5478	2
5512	5508	0
5512	5508	1
5512	5508	2
5471	5499	0
5471	5499	1
5471	5499	2
5513	5467	0
5513	5467	1
5513	5467	2
5481	5482	0
5481	5482	1
5481	5482	2
5486	5489	0
5486	5489	1
5486	5489	2
5493	5516	0
5493	5516	1
5493	5516	2
5464	5517	0
5464	5517	1
5464	5517	2
5470	5476	0
5470	5476	1
5470	5476	2
5504	5488	0
5504	5488	1
5504	5488	2
5481	5504	0
5481	5504	1
5481	5504	2
5478	5506	0
5478	5506	1
5478	5506	2
5468	5472	0
5468	5472	1
5468	5472	2
5481	5483	0
5481	5483	1
5481	5483	2
5468	5479	0
5468	5479	1
5468	5479	2
5517	5515	0
5517	5515	1
5517	5515	2
5466	5490	0
5466	5490	1
5466	5490	2
5507	5512	0
5507	5512	1
5507	5512	2
5487	5481	0
5487	5481	1
5487	5481	2
5504	5483	0
5504	5483	1
5504	5483	2
5465	5472	0
5465	5472	1
5465	5472	2
5472	5499	0
5472	5499	1
5472	5499	2
5479	5472	0
5479	5472	1
5479	5472	2
5505	5504	0
5505	5504	1
5505	5504	2
5508	5495	0
5508	5495	1
5508	5495	2
5516	5497	0
5516	5497	1
5516	5497	2
5511	5498	0
5511	5498	1
5511	5498	2
5477	5515	0
5477	5515	1
5477	5515	2
5493	5497	0
5493	5497	1
5493	5497	2
5511	5474	0
5511	5474	1
5511	5474	2
5487	5504	0
5487	5504	1
5487	5504	2
5512	5495	0
5512	5495	1
5512	5495	2
5488	5483	0
5488	5483	1
5488	5483	2
5482	5488	0
5482	5488	1
5482	5488	2
5469	5485	0
5469	5485	1
5469	5485	2
5472	5466	0
5472	5466	1
5472	5466	2
5507	5495	0
5507	5495	1
5507	5495	2
5507	5513	0
5507	5513	1
5507	5513	2
5514	5498	0
5514	5498	1
5514	5498	2
5494	5469	0
5494	5469	1
5494	5469	2
5510	5514	0
5510	5514	1
5510	5514	2
5473	5510	0
5473	5510	1
5473	5510	2
5469	5475	0
5469	5475	1
5469	5475	2
5516	5494	0
5516	5494	1
5516	5494	2
5517	5477	0
5517	5477	1
5517	5477	2
5508	5513	0
5508	5513	1
5508	5513	2
5499	5505	0
5499	5505	1
5499	5505	2
5503	5509	0
5503	5509	1
5503	5509	2
5480	5490	0
5480	5490	1
5480	5490	2
5471	5466	0
5471	5466	1
5471	5466	2
5510	5474	0
5510	5474	1
5510	5474	2
5484	5502	0
5484	5502	1
5484	5502	2
5480	5487	0
5480	5487	1
5480	5487	2
5513	5495	0
5513	5495	1
5513	5495	2
5466	5499	0
5466	5499	1
5466	5499	2
5511	5514	0
5511	5514	1
5511	5514	2
5499	5490	0
5499	5490	1
5499	5490	2
5478	5500	0
5478	5500	1
5478	5500	2
5518	5519	0
5518	5519	1
5518	5519	2
5520	5521	0
5520	5521	1
5520	5521	2
5519	5522	0
5519	5522	1
5519	5522	2
5518	5522	0
5518	5522	1
5518	5522	2
5523	5521	0
5523	5521	1
5523	5521	2
5521	5518	0
5521	5518	1
5521	5518	2
5520	5523	0
5520	5523	1
5520	5523	2
5524	5525	0
5524	5525	1
5524	5525	2
5526	5527	0
5526	5527	1
5526	5527	2
5525	5528	0
5525	5528	1
5525	5528	2
5529	5527	0
5529	5527	1
5529	5527	2
5530	5531	0
5530	5531	1
5530	5531	2
5532	5533	0
5532	5533	1
5532	5533	2
5534	5535	0
5534	5535	1
5534	5535	2
5531	5536	0
5531	5536	1
5531	5536	2
5530	5537	0
5530	5537	1
5530	5537	2
5534	5538	0
5534	5538	1
5534	5538	2
5539	5534	0
5539	5534	1
5539	5534	2
5539	5535	0
5539	5535	1
5539	5535	2
5537	5536	0
5537	5536	1
5537	5536	2
5537	5531	0
5537	5531	1
5537	5531	2
5540	5541	0
5540	5541	1
5540	5541	2
5542	5543	0
5542	5543	1
5542	5543	2
5540	5544	0
5540	5544	1
5540	5544	2
5545	5542	0
5545	5542	1
5545	5542	2
5546	5547	0
5546	5547	1
5546	5547	2
5541	5545	0
5541	5545	1
5541	5545	2
5548	5543	0
5548	5543	1
5548	5543	2
5543	5546	0
5543	5546	1
5543	5546	2
5545	5543	0
5545	5543	1
5545	5543	2
5542	5546	0
5542	5546	1
5542	5546	2
5541	5548	0
5541	5548	1
5541	5548	2
5548	5545	0
5548	5545	1
5548	5545	2
5548	5542	0
5548	5542	1
5548	5542	2
5549	5550	0
5549	5550	1
5549	5550	2
5551	5552	0
5551	5552	1
5551	5552	2
5553	5554	0
5553	5554	1
5553	5554	2
5555	5554	0
5555	5554	1
5555	5554	2
5556	5549	0
5556	5549	1
5556	5549	2
5557	5555	0
5557	5555	1
5557	5555	2
5557	5553	0
5557	5553	1
5557	5553	2
5555	5553	0
5555	5553	1
5555	5553	2
5558	5559	0
5558	5559	1
5558	5559	2
5560	5561	0
5560	5561	1
5560	5561	2
5562	5563	0
5562	5563	1
5562	5563	2
5559	5560	0
5559	5560	1
5559	5560	2
5558	5560	0
5558	5560	1
5558	5560	2
5564	5565	0
5564	5565	1
5564	5565	2
5566	5567	0
5566	5567	1
5566	5567	2
5566	5568	0
5566	5568	1
5566	5568	2
5567	5564	0
5567	5564	1
5567	5564	2
5569	5570	0
5569	5570	1
5569	5570	2
5571	5569	0
5571	5569	1
5571	5569	2
5570	5572	0
5570	5572	1
5570	5572	2
5573	5572	0
5573	5572	1
5573	5572	2
5573	5570	0
5573	5570	1
5573	5570	2
5569	5573	0
5569	5573	1
5569	5573	2
5574	5575	0
5574	5575	1
5574	5575	2
5576	5574	0
5576	5574	1
5576	5574	2
5577	5574	0
5577	5574	1
5577	5574	2
1	4	0
4	1	0
1	4	1
4	1	1
1	4	2
4	1	2
13	24	0
24	13	0
13	24	1
24	13	1
13	24	2
24	13	2
16	18	0
18	16	0
16	18	1
18	16	1
16	18	2
18	16	2
25	37	0
37	25	0
25	37	1
37	25	1
25	37	2
37	25	2
25	38	0
38	25	0
25	38	1
38	25	1
25	38	2
38	25	2
25	27	0
27	25	0
25	27	1
27	25	1
25	27	2
27	25	2
26	37	0
37	26	0
26	37	1
37	26	1
26	37	2
37	26	2
26	38	0
38	26	0
26	38	1
38	26	1
26	38	2
38	26	2
26	27	0
27	26	0
26	27	1
27	26	1
26	27	2
27	26	2
27	37	0
37	27	0
27	37	1
37	27	1
27	37	2
37	27	2
28	41	0
41	28	0
28	41	1
41	28	1
28	41	2
41	28	2
28	29	0
29	28	0
28	29	1
29	28	1
28	29	2
29	28	2
31	32	0
32	31	0
31	32	1
32	31	1
31	32	2
32	31	2
32	34	0
34	32	0
32	34	1
34	32	1
32	34	2
34	32	2
35	40	0
40	35	0
35	40	1
40	35	1
35	40	2
40	35	2
35	39	0
39	35	0
35	39	1
39	35	1
35	39	2
39	35	2
39	40	0
40	39	0
39	40	1
40	39	1
39	40	2
40	39	2
42	49	0
49	42	0
42	49	1
49	42	1
42	49	2
49	42	2
45	48	0
48	45	0
45	48	1
48	45	1
45	48	2
48	45	2
53	154	0
154	53	0
53	154	1
154	53	1
53	154	2
154	53	2
53	140	0
140	53	0
53	140	1
140	53	1
53	140	2
140	53	2
53	117	0
117	53	0
53	117	1
117	53	1
53	117	2
117	53	2
53	59	0
59	53	0
53	59	1
59	53	1
53	59	2
59	53	2
54	107	0
107	54	0
54	107	1
107	54	1
54	107	2
107	54	2
54	85	0
85	54	0
54	85	1
85	54	1
54	85	2
85	54	2
54	89	0
89	54	0
54	89	1
89	54	1
54	89	2
89	54	2
54	90	0
90	54	0
54	90	1
90	54	1
54	90	2
90	54	2
54	60	0
60	54	0
54	60	1
60	54	1
54	60	2
60	54	2
54	118	0
118	54	0
54	118	1
118	54	1
54	118	2
118	54	2
54	148	0
148	54	0
54	148	1
148	54	1
54	148	2
148	54	2
55	80	0
80	55	0
55	80	1
80	55	1
55	80	2
80	55	2
56	101	0
101	56	0
56	101	1
101	56	1
56	101	2
101	56	2
56	79	0
79	56	0
56	79	1
79	56	1
56	79	2
79	56	2
57	100	0
100	57	0
57	100	1
100	57	1
57	100	2
100	57	2
57	111	0
111	57	0
57	111	1
111	57	1
57	111	2
111	57	2
57	143	0
143	57	0
57	143	1
143	57	1
57	143	2
143	57	2
57	112	0
112	57	0
57	112	1
112	57	1
57	112	2
112	57	2
57	82	0
82	57	0
57	82	1
82	57	1
57	82	2
82	57	2
57	73	0
73	57	0
57	73	1
73	57	1
57	73	2
73	57	2
57	74	0
74	57	0
57	74	1
74	57	1
57	74	2
74	57	2
57	78	0
78	57	0
57	78	1
78	57	1
57	78	2
78	57	2
57	152	0
152	57	0
57	152	1
152	57	1
57	152	2
152	57	2
57	62	0
62	57	0
57	62	1
62	57	1
57	62	2
62	57	2
57	156	0
156	57	0
57	156	1
156	57	1
57	156	2
156	57	2
58	141	0
141	58	0
58	141	1
141	58	1
58	141	2
141	58	2
58	93	0
93	58	0
58	93	1
93	58	1
58	93	2
93	58	2
58	156	0
156	58	0
58	156	1
156	58	1
58	156	2
156	58	2
58	139	0
139	58	0
58	139	1
139	58	1
58	139	2
139	58	2
58	71	0
71	58	0
58	71	1
71	58	1
58	71	2
71	58	2
59	128	0
128	59	0
59	128	1
128	59	1
59	128	2
128	59	2
59	86	0
86	59	0
59	86	1
86	59	1
59	86	2
86	59	2
59	127	0
127	59	0
59	127	1
127	59	1
59	127	2
127	59	2
60	89	0
89	60	0
60	89	1
89	60	1
60	89	2
89	60	2
61	141	0
141	61	0
61	141	1
141	61	1
61	141	2
141	61	2
61	93	0
93	61	0
61	93	1
93	61	1
61	93	2
93	61	2
61	156	0
156	61	0
61	156	1
156	61	1
61	156	2
156	61	2
61	139	0
139	61	0
61	139	1
139	61	1
61	139	2
139	61	2
61	71	0
71	61	0
61	71	1
71	61	1
61	71	2
71	61	2
62	132	0
132	62	0
62	132	1
132	62	1
62	132	2
132	62	2
62	72	0
72	62	0
62	72	1
72	62	1
62	72	2
72	62	2
62	74	0
74	62	0
62	74	1
74	62	1
62	74	2
74	62	2
62	76	0
76	62	0
62	76	1
76	62	1
62	76	2
76	62	2
62	77	0
77	62	0
62	77	1
77	62	1
62	77	2
77	62	2
62	82	0
82	62	0
62	82	1
82	62	1
62	82	2
82	62	2
62	100	0
100	62	0
62	100	1
100	62	1
62	100	2
100	62	2
63	65	0
65	63	0
63	65	1
65	63	1
63	65	2
65	63	2
63	101	0
101	63	0
63	101	1
101	63	1
63	101	2
101	63	2
63	79	0
79	63	0
63	79	1
79	63	1
63	79	2
79	63	2
64	101	0
101	64	0
64	101	1
101	64	1
64	101	2
101	64	2
64	79	0
79	64	0
64	79	1
79	64	1
64	79	2
79	64	2
65	102	0
102	65	0
65	102	1
102	65	1
65	102	2
102	65	2
65	80	0
80	65	0
65	80	1
80	65	1
65	80	2
80	65	2
66	94	0
94	66	0
66	94	1
94	66	1
66	94	2
94	66	2
66	147	0
147	66	0
66	147	1
147	66	1
66	147	2
147	66	2
66	161	0
161	66	0
66	161	1
161	66	1
66	161	2
161	66	2
67	157	0
157	67	0
67	157	1
157	67	1
67	157	2
157	67	2
68	137	0
137	68	0
68	137	1
137	68	1
68	137	2
137	68	2
68	91	0
91	68	0
68	91	1
91	68	1
68	91	2
91	68	2
68	116	0
116	68	0
68	116	1
116	68	1
68	116	2
116	68	2
68	121	0
121	68	0
68	121	1
121	68	1
68	121	2
121	68	2
69	130	0
130	69	0
69	130	1
130	69	1
69	130	2
130	69	2
69	122	0
122	69	0
69	122	1
122	69	1
69	122	2
122	69	2
69	108	0
108	69	0
69	108	1
108	69	1
69	108	2
108	69	2
69	92	0
92	69	0
69	92	1
92	69	1
69	92	2
92	69	2
70	94	0
94	70	0
70	94	1
94	70	1
70	94	2
94	70	2
70	157	0
157	70	0
70	157	1
157	70	1
70	157	2
157	70	2
71	73	0
73	71	0
71	73	1
73	71	1
71	73	2
73	71	2
71	81	0
81	71	0
71	81	1
81	71	1
71	81	2
81	71	2
71	78	0
78	71	0
71	78	1
78	71	1
71	78	2
78	71	2
72	132	0
132	72	0
72	132	1
132	72	1
72	132	2
132	72	2
72	139	0
139	72	0
72	139	1
139	72	1
72	139	2
139	72	2
72	76	0
76	72	0
72	76	1
76	72	1
72	76	2
76	72	2
72	74	0
74	72	0
72	74	1
74	72	1
72	74	2
74	72	2
72	152	0
152	72	0
72	152	1
152	72	1
72	152	2
152	72	2
73	132	0
132	73	0
73	132	1
132	73	1
73	132	2
132	73	2
73	77	0
77	73	0
73	77	1
77	73	1
73	77	2
77	73	2
73	82	0
82	73	0
73	82	1
82	73	1
73	82	2
82	73	2
73	100	0
100	73	0
73	100	1
100	73	1
73	100	2
100	73	2
74	132	0
132	74	0
74	132	1
132	74	1
74	132	2
132	74	2
74	139	0
139	74	0
74	139	1
139	74	1
74	139	2
139	74	2
74	76	0
76	74	0
74	76	1
76	74	1
74	76	2
76	74	2
74	77	0
77	74	0
74	77	1
77	74	1
74	77	2
77	74	2
74	78	0
78	74	0
74	78	1
78	74	1
74	78	2
78	74	2
74	82	0
82	74	0
74	82	1
82	74	1
74	82	2
82	74	2
74	100	0
100	74	0
74	100	1
100	74	1
74	100	2
100	74	2
75	147	0
147	75	0
75	147	1
147	75	1
75	147	2
147	75	2
75	157	0
157	75	0
75	157	1
157	75	1
75	157	2
157	75	2
76	139	0
139	76	0
76	139	1
139	76	1
76	139	2
139	76	2
76	152	0
152	76	0
76	152	1
152	76	1
76	152	2
152	76	2
77	152	0
152	77	0
77	152	1
152	77	1
77	152	2
152	77	2
77	78	0
78	77	0
77	78	1
78	77	1
77	78	2
78	77	2
78	152	0
152	78	0
78	152	1
152	78	1
78	152	2
152	78	2
78	132	0
132	78	0
78	132	1
132	78	1
78	132	2
132	78	2
78	82	0
82	78	0
78	82	1
82	78	1
78	82	2
82	78	2
78	100	0
100	78	0
78	100	1
100	78	1
78	100	2
100	78	2
81	139	0
139	81	0
81	139	1
139	81	1
81	139	2
139	81	2
81	100	0
100	81	0
81	100	1
100	81	1
81	100	2
100	81	2
81	141	0
141	81	0
81	141	1
141	81	1
81	141	2
141	81	2
81	93	0
93	81	0
81	93	1
93	81	1
81	93	2
93	81	2
82	156	0
156	82	0
82	156	1
156	82	1
82	156	2
156	82	2
82	111	0
111	82	0
82	111	1
111	82	1
82	111	2
111	82	2
82	143	0
143	82	0
82	143	1
143	82	1
82	143	2
143	82	2
82	112	0
112	82	0
82	112	1
112	82	1
82	112	2
112	82	2
82	152	0
152	82	0
82	152	1
152	82	1
82	152	2
152	82	2
85	128	0
128	85	0
85	128	1
128	85	1
85	128	2
128	85	2
85	90	0
90	85	0
85	90	1
90	85	1
85	90	2
90	85	2
86	128	0
128	86	0
86	128	1
128	86	1
86	128	2
128	86	2
86	89	0
89	86	0
86	89	1
89	86	1
86	89	2
89	86	2
86	90	0
90	86	0
86	90	1
90	86	1
86	90	2
90	86	2
87	96	0
96	87	0
87	96	1
96	87	1
87	96	2
96	87	2
88	160	0
160	88	0
88	160	1
160	88	1
88	160	2
160	88	2
88	146	0
146	88	0
88	146	1
146	88	1
88	146	2
146	88	2
89	128	0
128	89	0
89	128	1
128	89	1
89	128	2
128	89	2
89	127	0
127	89	0
89	127	1
127	89	1
89	127	2
127	89	2
90	128	0
128	90	0
90	128	1
128	90	1
90	128	2
128	90	2
90	127	0
127	90	0
90	127	1
127	90	1
90	127	2
127	90	2
91	145	0
145	91	0
91	145	1
145	91	1
91	145	2
145	91	2
91	99	0
99	91	0
91	99	1
99	91	1
91	99	2
99	91	2
91	138	0
138	91	0
91	138	1
138	91	1
91	138	2
138	91	2
91	130	0
130	91	0
91	130	1
130	91	1
91	130	2
130	91	2
91	129	0
129	91	0
91	129	1
129	91	1
91	129	2
129	91	2
92	138	0
138	92	0
92	138	1
138	92	1
92	138	2
138	92	2
92	133	0
133	92	0
92	133	1
133	92	1
92	133	2
133	92	2
92	123	0
123	92	0
92	123	1
123	92	1
92	123	2
123	92	2
93	112	0
112	93	0
93	112	1
112	93	1
93	112	2
112	93	2
93	124	0
124	93	0
93	124	1
124	93	1
93	124	2
124	93	2
95	146	0
146	95	0
95	146	1
146	95	1
95	146	2
146	95	2
95	133	0
133	95	0
95	133	1
133	95	1
95	133	2
133	95	2
96	133	0
133	96	0
96	133	1
133	96	1
96	133	2
133	96	2
96	142	0
142	96	0
96	142	1
142	96	1
96	142	2
142	96	2
97	124	0
124	97	0
97	124	1
124	97	1
97	124	2
124	97	2
97	158	0
158	97	0
97	158	1
158	97	1
97	158	2
158	97	2
98	105	0
105	98	0
98	105	1
105	98	1
98	105	2
105	98	2
98	158	0
158	98	0
98	158	1
158	98	1
98	158	2
158	98	2
98	111	0
111	98	0
98	111	1
111	98	1
98	111	2
111	98	2
98	112	0
112	98	0
98	112	1
112	98	1
98	112	2
112	98	2
98	143	0
143	98	0
98	143	1
143	98	1
98	143	2
143	98	2
99	137	0
137	99	0
99	137	1
137	99	1
99	137	2
137	99	2
99	138	0
138	99	0
99	138	1
138	99	1
99	138	2
138	99	2
99	116	0
116	99	0
99	116	1
116	99	1
99	116	2
116	99	2
99	142	0
142	99	0
99	142	1
142	99	1
99	142	2
142	99	2
99	114	0
114	99	0
99	114	1
114	99	1
99	114	2
114	99	2
99	115	0
115	99	0
99	115	1
115	99	1
99	115	2
115	99	2
100	111	0
111	100	0
100	111	1
111	100	1
100	111	2
111	100	2
100	143	0
143	100	0
100	143	1
143	100	1
100	143	2
143	100	2
100	112	0
112	100	0
100	112	1
112	100	1
100	112	2
112	100	2
100	152	0
152	100	0
100	152	1
152	100	1
100	152	2
152	100	2
103	162	0
162	103	0
103	162	1
162	103	1
103	162	2
162	103	2
104	131	0
131	104	0
104	131	1
131	104	1
104	131	2
131	104	2
105	136	0
136	105	0
105	136	1
136	105	1
105	136	2
136	105	2
105	113	0
113	105	0
105	113	1
113	105	1
105	113	2
113	105	2
105	158	0
158	105	0
105	158	1
158	105	1
105	158	2
158	105	2
106	124	0
124	106	0
106	124	1
124	106	1
106	124	2
124	106	2
106	120	0
120	106	0
106	120	1
120	106	1
106	120	2
120	106	2
107	127	0
127	107	0
107	127	1
127	107	1
107	127	2
127	107	2
108	129	0
129	108	0
108	129	1
129	108	1
108	129	2
129	108	2
108	133	0
133	108	0
108	133	1
133	108	1
108	133	2
133	108	2
108	116	0
116	108	0
108	116	1
116	108	1
108	116	2
116	108	2
108	123	0
123	108	0
108	123	1
123	108	1
108	123	2
123	108	2
109	162	0
162	109	0
109	162	1
162	109	1
109	162	2
162	109	2
110	131	0
131	110	0
110	131	1
131	110	1
110	131	2
131	110	2
111	113	0
113	111	0
111	113	1
113	111	1
111	113	2
113	111	2
112	113	0
113	112	0
112	113	1
113	112	1
112	113	2
113	112	2
112	156	0
156	112	0
112	156	1
156	112	1
112	156	2
156	112	2
113	158	0
158	113	0
113	158	1
158	113	1
113	158	2
158	113	2
113	143	0
143	113	0
113	143	1
143	113	1
113	143	2
143	113	2
114	146	0
146	114	0
114	146	1
146	114	1
114	146	2
146	114	2
114	142	0
142	114	0
114	142	1
142	114	1
114	142	2
142	114	2
114	129	0
129	114	0
114	129	1
129	114	1
114	129	2
129	114	2
114	138	0
138	114	0
114	138	1
138	114	1
114	138	2
138	114	2
115	146	0
146	115	0
115	146	1
146	115	1
115	146	2
146	115	2
115	129	0
129	115	0
115	129	1
129	115	1
115	129	2
129	115	2
115	138	0
138	115	0
115	138	1
138	115	1
115	138	2
138	115	2
116	145	0
145	116	0
116	145	1
145	116	1
116	145	2
145	116	2
116	130	0
130	116	0
116	130	1
130	116	1
116	130	2
130	116	2
116	129	0
129	116	0
116	129	1
129	116	1
116	129	2
129	116	2
118	148	0
148	118	0
118	148	1
148	118	1
118	148	2
148	118	2
119	134	0
134	119	0
119	134	1
134	119	1
119	134	2
134	119	2
119	144	0
144	119	0
119	144	1
144	119	1
119	144	2
144	119	2
119	159	0
159	119	0
119	159	1
159	119	1
119	159	2
159	119	2
119	158	0
158	119	0
119	158	1
158	119	1
119	158	2
158	119	2
120	135	0
135	120	0
120	135	1
135	120	1
120	135	2
135	120	2
120	151	0
151	120	0
120	151	1
151	120	1
120	151	2
151	120	2
120	125	0
125	120	0
120	125	1
125	120	1
120	125	2
125	120	2
121	145	0
145	121	0
121	145	1
145	121	1
121	145	2
145	121	2
121	130	0
130	121	0
121	130	1
130	121	1
121	130	2
130	121	2
122	153	0
153	122	0
122	153	1
153	122	1
122	153	2
153	122	2
122	123	0
123	122	0
122	123	1
123	122	1
122	123	2
123	122	2
123	145	0
145	123	0
123	145	1
145	123	1
123	145	2
145	123	2
124	136	0
136	124	0
124	136	1
136	124	1
124	136	2
136	124	2
124	141	0
141	124	0
124	141	1
141	124	1
124	141	2
141	124	2
124	156	0
156	124	0
124	156	1
156	124	1
124	156	2
156	124	2
125	134	0
134	125	0
125	134	1
134	125	1
125	134	2
134	125	2
125	144	0
144	125	0
125	144	1
144	125	1
125	144	2
144	125	2
125	159	0
159	125	0
125	159	1
159	125	1
125	159	2
159	125	2
125	126	0
126	125	0
125	126	1
126	125	1
125	126	2
126	125	2
126	158	0
158	126	0
126	158	1
158	126	1
126	158	2
158	126	2
126	135	0
135	126	0
126	135	1
135	126	1
126	135	2
135	126	2
126	151	0
151	126	0
126	151	1
151	126	1
126	151	2
151	126	2
129	137	0
137	129	0
129	137	1
137	129	1
129	137	2
137	129	2
129	142	0
142	129	0
129	142	1
142	129	1
129	142	2
142	129	2
130	137	0
137	130	0
130	137	1
137	130	1
130	137	2
137	130	2
132	152	0
152	132	0
132	152	1
152	132	1
132	152	2
152	132	2
136	158	0
158	136	0
136	158	1
158	136	1
136	158	2
158	136	2
137	145	0
145	137	0
137	145	1
145	137	1
137	145	2
145	137	2
137	138	0
138	137	0
137	138	1
138	137	1
137	138	2
138	137	2
138	142	0
142	138	0
138	142	1
142	138	1
138	142	2
142	138	2
141	156	0
156	141	0
141	156	1
156	141	1
141	156	2
156	141	2
143	156	0
156	143	0
143	156	1
156	143	1
143	156	2
156	143	2
146	155	0
155	146	0
146	155	1
155	146	1
146	155	2
155	146	2
146	160	0
160	146	0
146	160	1
160	146	1
146	160	2
160	146	2
151	159	0
159	151	0
151	159	1
159	151	1
151	159	2
159	151	2
163	233	0
233	163	0
163	233	1
233	163	1
163	233	2
233	163	2
167	223	0
223	167	0
167	223	1
223	167	1
167	223	2
223	167	2
167	191	0
191	167	0
167	191	1
191	167	1
167	191	2
191	167	2
167	210	0
210	167	0
167	210	1
210	167	1
167	210	2
210	167	2
167	190	0
190	167	0
167	190	1
190	167	1
167	190	2
190	167	2
168	227	0
227	168	0
168	227	1
227	168	1
168	227	2
227	168	2
168	210	0
210	168	0
168	210	1
210	168	1
168	210	2
210	168	2
168	190	0
190	168	0
168	190	1
190	168	1
168	190	2
190	168	2
169	185	0
185	169	0
169	185	1
185	169	1
169	185	2
185	169	2
169	206	0
206	169	0
169	206	1
206	169	1
169	206	2
206	169	2
170	185	0
185	170	0
170	185	1
185	170	1
170	185	2
185	170	2
170	206	0
206	170	0
170	206	1
206	170	1
170	206	2
206	170	2
171	193	0
193	171	0
171	193	1
193	171	1
171	193	2
193	171	2
171	196	0
196	171	0
171	196	1
196	171	1
171	196	2
196	171	2
171	187	0
187	171	0
171	187	1
187	171	1
171	187	2
187	171	2
172	238	0
238	172	0
172	238	1
238	172	1
172	238	2
238	172	2
172	197	0
197	172	0
172	197	1
197	172	1
172	197	2
197	172	2
177	203	0
203	177	0
177	203	1
203	177	1
177	203	2
203	177	2
177	198	0
198	177	0
177	198	1
198	177	1
177	198	2
198	177	2
177	241	0
241	177	0
177	241	1
241	177	1
177	241	2
241	177	2
178	230	0
230	178	0
178	230	1
230	178	1
178	230	2
230	178	2
178	207	0
207	178	0
178	207	1
207	178	1
178	207	2
207	178	2
178	198	0
198	178	0
178	198	1
198	178	1
178	198	2
198	178	2
178	241	0
241	178	0
178	241	1
241	178	1
178	241	2
241	178	2
179	186	0
186	179	0
179	186	1
186	179	1
179	186	2
186	179	2
179	196	0
196	179	0
179	196	1
196	179	1
179	196	2
196	179	2
179	187	0
187	179	0
179	187	1
187	179	1
179	187	2
187	179	2
179	194	0
194	179	0
179	194	1
194	179	1
179	194	2
194	179	2
179	215	0
215	179	0
179	215	1
215	179	1
179	215	2
215	179	2
180	195	0
195	180	0
180	195	1
195	180	1
180	195	2
195	180	2
180	219	0
219	180	0
180	219	1
219	180	1
180	219	2
219	180	2
180	186	0
186	180	0
180	186	1
186	180	1
180	186	2
186	180	2
180	197	0
197	180	0
180	197	1
197	180	1
180	197	2
197	180	2
181	203	0
203	181	0
181	203	1
203	181	1
181	203	2
203	181	2
181	198	0
198	181	0
181	198	1
198	181	1
181	198	2
198	181	2
181	241	0
241	181	0
181	241	1
241	181	1
181	241	2
241	181	2
182	235	0
235	182	0
182	235	1
235	182	1
182	235	2
235	182	2
182	199	0
199	182	0
182	199	1
199	182	1
182	199	2
199	182	2
182	203	0
203	182	0
182	203	1
203	182	1
182	203	2
203	182	2
183	185	0
185	183	0
183	185	1
185	183	1
183	185	2
185	183	2
183	206	0
206	183	0
183	206	1
206	183	1
183	206	2
206	183	2
183	204	0
204	183	0
183	204	1
204	183	1
183	204	2
204	183	2
184	228	0
228	184	0
184	228	1
228	184	1
184	228	2
228	184	2
184	224	0
224	184	0
184	224	1
224	184	1
184	224	2
224	184	2
184	204	0
204	184	0
184	204	1
204	184	1
184	204	2
204	184	2
185	205	0
205	185	0
185	205	1
205	185	1
185	205	2
205	185	2
186	197	0
197	186	0
186	197	1
197	186	1
186	197	2
197	186	2
186	209	0
209	186	0
186	209	1
209	186	1
186	209	2
209	186	2
187	219	0
219	187	0
187	219	1
219	187	1
187	219	2
219	187	2
187	209	0
209	187	0
187	209	1
209	187	1
187	209	2
209	187	2
188	203	0
203	188	0
188	203	1
203	188	1
188	203	2
203	188	2
189	229	0
229	189	0
189	229	1
229	189	1
189	229	2
229	189	2
189	230	0
230	189	0
189	230	1
230	189	1
189	230	2
230	189	2
189	203	0
203	189	0
189	203	1
203	189	1
189	203	2
203	189	2
190	198	0
198	190	0
190	198	1
198	190	1
190	198	2
198	190	2
190	200	0
200	190	0
190	200	1
200	190	1
190	200	2
200	190	2
191	200	0
200	191	0
191	200	1
200	191	1
191	200	2
200	191	2
191	235	0
235	191	0
191	235	1
235	191	1
191	235	2
235	191	2
191	199	0
199	191	0
191	199	1
199	191	1
191	199	2
199	191	2
191	223	0
223	191	0
191	223	1
223	191	1
191	223	2
223	191	2
191	226	0
226	191	0
191	226	1
226	191	1
191	226	2
226	191	2
192	238	0
238	192	0
192	238	1
238	192	1
192	238	2
238	192	2
192	197	0
197	192	0
192	197	1
197	192	1
192	197	2
197	192	2
193	231	0
231	193	0
193	231	1
231	193	1
193	231	2
231	193	2
194	201	0
201	194	0
194	201	1
201	194	1
194	201	2
201	194	2
194	209	0
209	194	0
194	209	1
209	194	1
194	209	2
209	194	2
195	219	0
219	195	0
195	219	1
219	195	1
195	219	2
219	195	2
195	202	0
202	195	0
195	202	1
202	195	1
195	202	2
202	195	2
196	219	0
219	196	0
196	219	1
219	196	1
196	219	2
219	196	2
196	209	0
209	196	0
196	209	1
209	196	1
196	209	2
209	196	2
198	210	0
210	198	0
198	210	1
210	198	1
198	210	2
210	198	2
199	210	0
210	199	0
199	210	1
210	199	1
199	210	2
210	199	2
199	208	0
208	199	0
199	208	1
208	199	1
199	208	2
208	199	2
199	241	0
241	199	0
199	241	1
241	199	1
199	241	2
241	199	2
200	223	0
223	200	0
200	223	1
223	200	1
200	223	2
223	200	2
200	226	0
226	200	0
200	226	1
226	200	1
200	226	2
226	200	2
200	210	0
210	200	0
200	210	1
210	200	1
200	210	2
210	200	2
202	215	0
215	202	0
202	215	1
215	202	1
202	215	2
215	202	2
203	221	0
221	203	0
203	221	1
221	203	1
203	221	2
221	203	2
203	229	0
229	203	0
203	229	1
229	203	1
203	229	2
229	203	2
204	224	0
224	204	0
204	224	1
224	204	1
204	224	2
224	204	2
205	206	0
206	205	0
205	206	1
206	205	1
205	206	2
206	205	2
207	230	0
230	207	0
207	230	1
230	207	1
207	230	2
230	207	2
208	226	0
226	208	0
208	226	1
226	208	1
208	226	2
226	208	2
208	223	0
223	208	0
208	223	1
223	208	1
208	223	2
223	208	2
208	235	0
235	208	0
208	235	1
235	208	1
208	235	2
235	208	2
209	215	0
215	209	0
209	215	1
215	209	1
209	215	2
215	209	2
211	240	0
240	211	0
211	240	1
240	211	1
211	240	2
240	211	2
212	237	0
237	212	0
212	237	1
237	212	1
212	237	2
237	212	2
213	234	0
234	213	0
213	234	1
234	213	1
213	234	2
234	213	2
214	220	0
220	214	0
214	220	1
220	214	1
214	220	2
220	214	2
214	222	0
222	214	0
214	222	1
222	214	1
214	222	2
222	214	2
216	231	0
231	216	0
216	231	1
231	216	1
216	231	2
231	216	2
217	232	0
232	217	0
217	232	1
232	217	1
217	232	2
232	217	2
220	222	0
222	220	0
220	222	1
222	220	1
220	222	2
222	220	2
221	229	0
229	221	0
221	229	1
229	221	1
221	229	2
229	221	2
226	227	0
227	226	0
226	227	1
227	226	1
226	227	2
227	226	2
232	238	0
238	232	0
232	238	1
238	232	1
232	238	2
238	232	2
235	241	0
241	235	0
235	241	1
241	235	1
235	241	2
241	235	2
236	240	0
240	236	0
236	240	1
240	236	1
236	240	2
240	236	2
242	271	0
271	242	0
242	271	1
271	242	1
242	271	2
271	242	2
243	248	0
248	243	0
243	248	1
248	243	1
243	248	2
248	243	2
243	249	0
249	243	0
243	249	1
249	243	1
243	249	2
249	243	2
243	258	0
258	243	0
243	258	1
258	243	1
243	258	2
258	243	2
244	251	0
251	244	0
244	251	1
251	244	1
244	251	2
251	244	2
244	270	0
270	244	0
244	270	1
270	244	1
244	270	2
270	244	2
245	251	0
251	245	0
245	251	1
251	245	1
245	251	2
251	245	2
245	270	0
270	245	0
245	270	1
270	245	1
245	270	2
270	245	2
245	252	0
252	245	0
245	252	1
252	245	1
245	252	2
252	245	2
246	265	0
265	246	0
246	265	1
265	246	1
246	265	2
265	246	2
246	267	0
267	246	0
246	267	1
267	246	1
246	267	2
267	246	2
247	257	0
257	247	0
247	257	1
257	247	1
247	257	2
257	247	2
247	260	0
260	247	0
247	260	1
260	247	1
247	260	2
260	247	2
247	261	0
261	247	0
247	261	1
261	247	1
247	261	2
261	247	2
248	265	0
265	248	0
248	265	1
265	248	1
248	265	2
265	248	2
248	267	0
267	248	0
248	267	1
267	248	1
248	267	2
267	248	2
249	258	0
258	249	0
249	258	1
258	249	1
249	258	2
258	249	2
249	265	0
265	249	0
249	265	1
265	249	1
249	265	2
265	249	2
249	267	0
267	249	0
249	267	1
267	249	1
249	267	2
267	249	2
250	277	0
277	250	0
250	277	1
277	250	1
250	277	2
277	250	2
250	259	0
259	250	0
250	259	1
259	250	1
250	259	2
259	250	2
250	252	0
252	250	0
250	252	1
252	250	1
250	252	2
252	250	2
251	254	0
254	251	0
251	254	1
254	251	1
251	254	2
254	251	2
253	265	0
265	253	0
253	265	1
265	253	1
253	265	2
265	253	2
253	267	0
267	253	0
253	267	1
267	253	1
253	267	2
267	253	2
254	268	0
268	254	0
254	268	1
268	254	1
254	268	2
268	254	2
254	276	0
276	254	0
254	276	1
276	254	1
254	276	2
276	254	2
255	268	0
268	255	0
255	268	1
268	255	1
255	268	2
268	255	2
255	277	0
277	255	0
255	277	1
277	255	1
255	277	2
277	255	2
256	265	0
265	256	0
256	265	1
265	256	1
256	265	2
265	256	2
256	267	0
267	256	0
256	267	1
267	256	1
256	267	2
267	256	2
257	260	0
260	257	0
257	260	1
260	257	1
257	260	2
260	257	2
257	271	0
271	257	0
257	271	1
271	257	1
257	271	2
271	257	2
257	267	0
267	257	0
257	267	1
267	257	1
257	267	2
267	257	2
258	265	0
265	258	0
258	265	1
265	258	1
258	265	2
265	258	2
258	267	0
267	258	0
258	267	1
267	258	1
258	267	2
267	258	2
260	271	0
271	260	0
260	271	1
271	260	1
260	271	2
271	260	2
261	271	0
271	261	0
261	271	1
271	261	1
261	271	2
271	261	2
264	273	0
273	264	0
264	273	1
273	264	1
264	273	2
273	264	2
265	267	0
267	265	0
265	267	1
267	265	1
265	267	2
267	265	2
265	266	0
266	265	0
265	266	1
266	265	1
265	266	2
266	265	2
266	267	0
267	266	0
266	267	1
267	266	1
266	267	2
267	266	2
268	276	0
276	268	0
268	276	1
276	268	1
268	276	2
276	268	2
268	274	0
274	268	0
268	274	1
274	268	1
268	274	2
274	268	2
269	275	0
275	269	0
269	275	1
275	269	1
269	275	2
275	269	2
269	272	0
272	269	0
269	272	1
272	269	1
269	272	2
272	269	2
270	277	0
277	270	0
270	277	1
277	270	1
270	277	2
277	270	2
272	277	0
277	272	0
272	277	1
277	272	1
272	277	2
277	272	2
274	278	0
278	274	0
274	278	1
278	274	1
274	278	2
278	274	2
279	290	0
290	279	0
279	290	1
290	279	1
279	290	2
290	279	2
280	283	0
283	280	0
280	283	1
283	280	1
280	283	2
283	280	2
280	284	0
284	280	0
280	284	1
284	280	1
280	284	2
284	280	2
281	288	0
288	281	0
281	288	1
288	281	1
281	288	2
288	281	2
281	285	0
285	281	0
281	285	1
285	281	1
281	285	2
285	281	2
281	289	0
289	281	0
281	289	1
289	281	1
281	289	2
289	281	2
282	289	0
289	282	0
282	289	1
289	282	1
282	289	2
289	282	2
284	290	0
290	284	0
284	290	1
290	284	1
284	290	2
290	284	2
285	286	0
286	285	0
285	286	1
286	285	1
285	286	2
286	285	2
287	289	0
289	287	0
287	289	1
289	287	1
287	289	2
289	287	2
288	289	0
289	288	0
288	289	1
289	288	1
288	289	2
289	288	2
291	308	0
308	291	0
291	308	1
308	291	1
291	308	2
308	291	2
291	301	0
301	291	0
291	301	1
301	291	1
291	301	2
301	291	2
291	302	0
302	291	0
291	302	1
302	291	1
291	302	2
302	291	2
291	303	0
303	291	0
291	303	1
303	291	1
291	303	2
303	291	2
292	309	0
309	292	0
292	309	1
309	292	1
292	309	2
309	292	2
292	293	0
293	292	0
292	293	1
293	292	1
292	293	2
293	292	2
292	298	0
298	292	0
292	298	1
298	292	1
292	298	2
298	292	2
292	299	0
299	292	0
292	299	1
299	292	1
292	299	2
299	292	2
293	308	0
308	293	0
293	308	1
308	293	1
293	308	2
308	293	2
294	308	0
308	294	0
294	308	1
308	294	1
294	308	2
308	294	2
295	297	0
297	295	0
295	297	1
297	295	1
295	297	2
297	295	2
295	308	0
308	295	0
295	308	1
308	295	1
295	308	2
308	295	2
296	307	0
307	296	0
296	307	1
307	296	1
296	307	2
307	296	2
297	308	0
308	297	0
297	308	1
308	297	1
297	308	2
308	297	2
298	304	0
304	298	0
298	304	1
304	298	1
298	304	2
304	298	2
299	303	0
303	299	0
299	303	1
303	299	1
299	303	2
303	299	2
299	305	0
305	299	0
299	305	1
305	299	1
299	305	2
305	299	2
300	308	0
308	300	0
300	308	1
308	300	1
300	308	2
308	300	2
301	306	0
306	301	0
301	306	1
306	301	1
301	306	2
306	301	2
301	304	0
304	301	0
301	304	1
304	301	1
301	304	2
304	301	2
302	306	0
306	302	0
302	306	1
306	302	1
302	306	2
306	302	2
302	304	0
304	302	0
302	304	1
304	302	1
302	304	2
304	302	2
303	306	0
306	303	0
303	306	1
306	303	1
303	306	2
306	303	2
304	310	0
310	304	0
304	310	1
310	304	1
304	310	2
310	304	2
304	306	0
306	304	0
304	306	1
306	304	1
304	306	2
306	304	2
307	309	0
309	307	0
307	309	1
309	307	1
307	309	2
309	307	2
311	322	0
322	311	0
311	322	1
322	311	1
311	322	2
322	311	2
311	345	0
345	311	0
311	345	1
345	311	1
311	345	2
345	311	2
311	317	0
317	311	0
311	317	1
317	311	1
311	317	2
317	311	2
311	318	0
318	311	0
311	318	1
318	311	1
311	318	2
318	311	2
311	337	0
337	311	0
311	337	1
337	311	1
311	337	2
337	311	2
311	347	0
347	311	0
311	347	1
347	311	1
311	347	2
347	311	2
312	335	0
335	312	0
312	335	1
335	312	1
312	335	2
335	312	2
312	336	0
336	312	0
312	336	1
336	312	1
312	336	2
336	312	2
312	337	0
337	312	0
312	337	1
337	312	1
312	337	2
337	312	2
312	350	0
350	312	0
312	350	1
350	312	1
312	350	2
350	312	2
312	347	0
347	312	0
312	347	1
347	312	1
312	347	2
347	312	2
313	348	0
348	313	0
313	348	1
348	313	1
313	348	2
348	313	2
313	358	0
358	313	0
313	358	1
358	313	1
313	358	2
358	313	2
314	358	0
358	314	0
314	358	1
358	314	1
314	358	2
358	314	2
315	322	0
322	315	0
315	322	1
322	315	1
315	322	2
322	315	2
315	337	0
337	315	0
315	337	1
337	315	1
315	337	2
337	315	2
315	318	0
318	315	0
315	318	1
318	315	1
315	318	2
318	315	2
315	320	0
320	315	0
315	320	1
320	315	1
315	320	2
320	315	2
315	345	0
345	315	0
315	345	1
345	315	1
315	345	2
345	315	2
316	321	0
321	316	0
316	321	1
321	316	1
316	321	2
321	316	2
316	335	0
335	316	0
316	335	1
335	316	1
316	335	2
335	316	2
316	336	0
336	316	0
316	336	1
336	316	1
316	336	2
336	316	2
316	350	0
350	316	0
316	350	1
350	316	1
316	350	2
350	316	2
316	351	0
351	316	0
316	351	1
351	316	1
316	351	2
351	316	2
317	335	0
335	317	0
317	335	1
335	317	1
317	335	2
335	317	2
317	336	0
336	317	0
317	336	1
336	317	1
317	336	2
336	317	2
317	337	0
337	317	0
317	337	1
337	317	1
317	337	2
337	317	2
317	350	0
350	317	0
317	350	1
350	317	1
317	350	2
350	317	2
317	347	0
347	317	0
317	347	1
347	317	1
317	347	2
347	317	2
318	336	0
336	318	0
318	336	1
336	318	1
318	336	2
336	318	2
318	333	0
333	318	0
318	333	1
333	318	1
318	333	2
333	318	2
318	351	0
351	318	0
318	351	1
351	318	1
318	351	2
351	318	2
318	347	0
347	318	0
318	347	1
347	318	1
318	347	2
347	318	2
319	350	0
350	319	0
319	350	1
350	319	1
319	350	2
350	319	2
319	322	0
322	319	0
319	322	1
322	319	1
319	322	2
322	319	2
319	335	0
335	319	0
319	335	1
335	319	1
319	335	2
335	319	2
319	353	0
353	319	0
319	353	1
353	319	1
319	353	2
353	319	2
320	338	0
338	320	0
320	338	1
338	320	1
320	338	2
338	320	2
320	354	0
354	320	0
320	354	1
354	320	1
320	354	2
354	320	2
320	333	0
333	320	0
320	333	1
333	320	1
320	333	2
333	320	2
320	334	0
334	320	0
320	334	1
334	320	1
320	334	2
334	320	2
320	351	0
351	320	0
320	351	1
351	320	1
320	351	2
351	320	2
321	342	0
342	321	0
321	342	1
342	321	1
321	342	2
342	321	2
321	340	0
340	321	0
321	340	1
340	321	1
321	340	2
340	321	2
321	341	0
341	321	0
321	341	1
341	321	1
321	341	2
341	321	2
322	333	0
333	322	0
322	333	1
333	322	1
322	333	2
333	322	2
322	350	0
350	322	0
322	350	1
350	322	1
322	350	2
350	322	2
322	345	0
345	322	0
322	345	1
345	322	1
322	345	2
345	322	2
323	352	0
352	323	0
323	352	1
352	323	1
323	352	2
352	323	2
323	326	0
326	323	0
323	326	1
326	323	1
323	326	2
326	323	2
323	344	0
344	323	0
323	344	1
344	323	1
323	344	2
344	323	2
323	346	0
346	323	0
323	346	1
346	323	1
323	346	2
346	323	2
326	352	0
352	326	0
326	352	1
352	326	1
326	352	2
352	326	2
327	329	0
329	327	0
327	329	1
329	327	1
327	329	2
329	327	2
327	332	0
332	327	0
327	332	1
332	327	1
327	332	2
332	327	2
328	339	0
339	328	0
328	339	1
339	328	1
328	339	2
339	328	2
328	330	0
330	328	0
328	330	1
330	328	1
328	330	2
330	328	2
328	331	0
331	328	0
328	331	1
331	328	1
328	331	2
331	328	2
329	332	0
332	329	0
329	332	1
332	329	1
329	332	2
332	329	2
330	331	0
331	330	0
330	331	1
331	330	1
330	331	2
331	330	2
331	339	0
339	331	0
331	339	1
339	331	1
331	339	2
339	331	2
333	337	0
337	333	0
333	337	1
337	333	1
333	337	2
337	333	2
333	345	0
345	333	0
333	345	1
345	333	1
333	345	2
345	333	2
334	335	0
335	334	0
334	335	1
335	334	1
334	335	2
335	334	2
334	336	0
336	334	0
334	336	1
336	334	1
334	336	2
336	334	2
334	342	0
342	334	0
334	342	1
342	334	1
334	342	2
342	334	2
334	350	0
350	334	0
334	350	1
350	334	1
334	350	2
350	334	2
335	342	0
342	335	0
335	342	1
342	335	1
335	342	2
342	335	2
335	350	0
350	335	0
335	350	1
350	335	1
335	350	2
350	335	2
335	351	0
351	335	0
335	351	1
351	335	1
335	351	2
351	335	2
335	345	0
345	335	0
335	345	1
345	335	1
335	345	2
345	335	2
336	337	0
337	336	0
336	337	1
337	336	1
336	337	2
337	336	2
336	342	0
342	336	0
336	342	1
342	336	1
336	342	2
342	336	2
336	351	0
351	336	0
336	351	1
351	336	1
336	351	2
351	336	2
336	345	0
345	336	0
336	345	1
345	336	1
336	345	2
345	336	2
337	351	0
351	337	0
337	351	1
351	337	1
337	351	2
351	337	2
337	347	0
347	337	0
337	347	1
347	337	1
337	347	2
347	337	2
338	361	0
361	338	0
338	361	1
361	338	1
338	361	2
361	338	2
338	357	0
357	338	0
338	357	1
357	338	1
338	357	2
357	338	2
340	358	0
358	340	0
340	358	1
358	340	1
340	358	2
358	340	2
340	354	0
354	340	0
340	354	1
354	340	1
340	354	2
354	340	2
340	357	0
357	340	0
340	357	1
357	340	1
340	357	2
357	340	2
341	358	0
358	341	0
341	358	1
358	341	1
341	358	2
358	341	2
341	354	0
354	341	0
341	354	1
354	341	1
341	354	2
354	341	2
342	350	0
350	342	0
342	350	1
350	342	1
342	350	2
350	342	2
343	348	0
348	343	0
343	348	1
348	343	1
343	348	2
348	343	2
343	361	0
361	343	0
343	361	1
361	343	1
343	361	2
361	343	2
343	357	0
357	343	0
343	357	1
357	343	1
343	357	2
357	343	2
344	352	0
352	344	0
344	352	1
352	344	1
344	352	2
352	344	2
345	351	0
351	345	0
345	351	1
351	345	1
345	351	2
351	345	2
345	347	0
347	345	0
345	347	1
347	345	1
345	347	2
347	345	2
348	361	0
361	348	0
348	361	1
361	348	1
348	361	2
361	348	2
348	357	0
357	348	0
348	357	1
357	348	1
348	357	2
357	348	2
357	361	0
361	357	0
357	361	1
361	357	1
357	361	2
361	357	2
362	364	0
364	362	0
362	364	1
364	362	1
362	364	2
364	362	2
362	366	0
366	362	0
362	366	1
366	362	1
362	366	2
366	362	2
362	367	0
367	362	0
362	367	1
367	362	1
362	367	2
367	362	2
362	368	0
368	362	0
362	368	1
368	362	1
362	368	2
368	362	2
363	365	0
365	363	0
363	365	1
365	363	1
363	365	2
365	363	2
369	377	0
377	369	0
369	377	1
377	369	1
369	377	2
377	369	2
370	371	0
371	370	0
370	371	1
371	370	1
370	371	2
371	370	2
370	372	0
372	370	0
370	372	1
372	370	1
370	372	2
372	370	2
370	375	0
375	370	0
370	375	1
375	370	1
370	375	2
375	370	2
370	377	0
377	370	0
370	377	1
377	370	1
370	377	2
377	370	2
371	372	0
372	371	0
371	372	1
372	371	1
371	372	2
372	371	2
371	375	0
375	371	0
371	375	1
375	371	1
371	375	2
375	371	2
371	377	0
377	371	0
371	377	1
377	371	1
371	377	2
377	371	2
372	373	0
373	372	0
372	373	1
373	372	1
372	373	2
373	372	2
372	377	0
377	372	0
372	377	1
377	372	1
372	377	2
377	372	2
372	378	0
378	372	0
372	378	1
378	372	1
372	378	2
378	372	2
373	375	0
375	373	0
373	375	1
375	373	1
373	375	2
375	373	2
373	377	0
377	373	0
373	377	1
377	373	1
373	377	2
377	373	2
375	378	0
378	375	0
375	378	1
378	375	1
375	378	2
378	375	2
377	378	0
378	377	0
377	378	1
378	377	1
377	378	2
378	377	2
379	390	0
390	379	0
379	390	1
390	379	1
379	390	2
390	379	2
379	397	0
397	379	0
379	397	1
397	379	1
379	397	2
397	379	2
379	403	0
403	379	0
379	403	1
403	379	1
379	403	2
403	379	2
379	409	0
409	379	0
379	409	1
409	379	1
379	409	2
409	379	2
379	411	0
411	379	0
379	411	1
411	379	1
379	411	2
411	379	2
380	399	0
399	380	0
380	399	1
399	380	1
380	399	2
399	380	2
380	410	0
410	380	0
380	410	1
410	380	1
380	410	2
410	380	2
381	391	0
391	381	0
381	391	1
391	381	1
381	391	2
391	381	2
381	395	0
395	381	0
381	395	1
395	381	1
381	395	2
395	381	2
381	398	0
398	381	0
381	398	1
398	381	1
381	398	2
398	381	2
381	407	0
407	381	0
381	407	1
407	381	1
381	407	2
407	381	2
381	389	0
389	381	0
381	389	1
389	381	1
381	389	2
389	381	2
381	396	0
396	381	0
381	396	1
396	381	1
381	396	2
396	381	2
382	396	0
396	382	0
382	396	1
396	382	1
382	396	2
396	382	2
382	408	0
408	382	0
382	408	1
408	382	1
382	408	2
408	382	2
382	387	0
387	382	0
382	387	1
387	382	1
382	387	2
387	382	2
382	388	0
388	382	0
382	388	1
388	382	1
382	388	2
388	382	2
382	391	0
391	382	0
382	391	1
391	382	1
382	391	2
391	382	2
382	390	0
390	382	0
382	390	1
390	382	1
382	390	2
390	382	2
382	397	0
397	382	0
382	397	1
397	382	1
382	397	2
397	382	2
382	409	0
409	382	0
382	409	1
409	382	1
382	409	2
409	382	2
382	411	0
411	382	0
382	411	1
411	382	1
382	411	2
411	382	2
383	386	0
386	383	0
383	386	1
386	383	1
383	386	2
386	383	2
383	393	0
393	383	0
383	393	1
393	383	1
383	393	2
393	383	2
384	385	0
385	384	0
384	385	1
385	384	1
384	385	2
385	384	2
384	402	0
402	384	0
384	402	1
402	384	1
384	402	2
402	384	2
384	394	0
394	384	0
384	394	1
394	384	1
384	394	2
394	384	2
385	393	0
393	385	0
385	393	1
393	385	1
385	393	2
393	385	2
386	400	0
400	386	0
386	400	1
400	386	1
386	400	2
400	386	2
386	394	0
394	386	0
386	394	1
394	386	1
386	394	2
394	386	2
387	394	0
394	387	0
387	394	1
394	387	1
387	394	2
394	387	2
387	392	0
392	387	0
387	392	1
392	387	1
387	392	2
392	387	2
387	408	0
408	387	0
387	408	1
408	387	1
387	408	2
408	387	2
388	394	0
394	388	0
388	394	1
394	388	1
388	394	2
394	388	2
388	392	0
392	388	0
388	392	1
392	388	1
388	392	2
392	388	2
388	408	0
408	388	0
388	408	1
408	388	1
388	408	2
408	388	2
389	399	0
399	389	0
389	399	1
399	389	1
389	399	2
399	389	2
389	408	0
408	389	0
389	408	1
408	389	1
389	408	2
408	389	2
389	403	0
403	389	0
389	403	1
403	389	1
389	403	2
403	389	2
389	404	0
404	389	0
389	404	1
404	389	1
389	404	2
404	389	2
390	392	0
392	390	0
390	392	1
392	390	1
390	392	2
392	390	2
390	397	0
397	390	0
390	397	1
397	390	1
390	397	2
397	390	2
390	403	0
403	390	0
390	403	1
403	390	1
390	403	2
403	390	2
390	408	0
408	390	0
390	408	1
408	390	1
390	408	2
408	390	2
390	409	0
409	390	0
390	409	1
409	390	1
390	409	2
409	390	2
390	411	0
411	390	0
390	411	1
411	390	1
390	411	2
411	390	2
390	406	0
406	390	0
390	406	1
406	390	1
390	406	2
406	390	2
391	394	0
394	391	0
391	394	1
394	391	1
391	394	2
394	391	2
392	397	0
397	392	0
392	397	1
397	392	1
392	397	2
397	392	2
392	409	0
409	392	0
392	409	1
409	392	1
392	409	2
409	392	2
392	411	0
411	392	0
392	411	1
411	392	1
392	411	2
411	392	2
392	403	0
403	392	0
392	403	1
403	392	1
392	403	2
403	392	2
392	404	0
404	392	0
392	404	1
404	392	1
392	404	2
404	392	2
393	400	0
400	393	0
393	400	1
400	393	1
393	400	2
400	393	2
393	401	0
401	393	0
393	401	1
401	393	1
393	401	2
401	393	2
393	395	0
395	393	0
393	395	1
395	393	1
393	395	2
395	393	2
393	398	0
398	393	0
393	398	1
398	393	1
393	398	2
398	393	2
393	407	0
407	393	0
393	407	1
407	393	1
393	407	2
407	393	2
393	402	0
402	393	0
393	402	1
402	393	1
393	402	2
402	393	2
395	404	0
404	395	0
395	404	1
404	395	1
395	404	2
404	395	2
396	399	0
399	396	0
396	399	1
399	396	1
396	399	2
399	396	2
397	408	0
408	397	0
397	408	1
408	397	1
397	408	2
408	397	2
397	409	0
409	397	0
397	409	1
409	397	1
397	409	2
409	397	2
397	411	0
411	397	0
397	411	1
411	397	1
397	411	2
411	397	2
397	406	0
406	397	0
397	406	1
406	397	1
397	406	2
406	397	2
398	404	0
404	398	0
398	404	1
404	398	1
398	404	2
404	398	2
398	407	0
407	398	0
398	407	1
407	398	1
398	407	2
407	398	2
399	405	0
405	399	0
399	405	1
405	399	1
399	405	2
405	399	2
399	410	0
410	399	0
399	410	1
410	399	1
399	410	2
410	399	2
403	408	0
408	403	0
403	408	1
408	403	1
403	408	2
408	403	2
403	409	0
409	403	0
403	409	1
409	403	1
403	409	2
409	403	2
403	411	0
411	403	0
403	411	1
411	403	1
403	411	2
411	403	2
403	406	0
406	403	0
403	406	1
406	403	1
403	406	2
406	403	2
404	407	0
407	404	0
404	407	1
407	404	1
404	407	2
407	404	2
404	408	0
408	404	0
404	408	1
408	404	1
404	408	2
408	404	2
405	406	0
406	405	0
405	406	1
406	405	1
405	406	2
406	405	2
406	409	0
409	406	0
406	409	1
409	406	1
406	409	2
409	406	2
406	411	0
411	406	0
406	411	1
411	406	1
406	411	2
411	406	2
408	409	0
409	408	0
408	409	1
409	408	1
408	409	2
409	408	2
408	411	0
411	408	0
408	411	1
411	408	1
408	411	2
411	408	2
409	411	0
411	409	0
409	411	1
411	409	1
409	411	2
411	409	2
412	421	0
421	412	0
412	421	1
421	412	1
412	421	2
421	412	2
413	422	0
422	413	0
413	422	1
422	413	1
413	422	2
422	413	2
414	419	0
419	414	0
414	419	1
419	414	1
414	419	2
419	414	2
414	417	0
417	414	0
414	417	1
417	414	1
414	417	2
417	414	2
414	421	0
421	414	0
414	421	1
421	414	1
414	421	2
421	414	2
415	418	0
418	415	0
415	418	1
418	415	1
415	418	2
418	415	2
415	422	0
422	415	0
415	422	1
422	415	1
415	422	2
422	415	2
416	417	0
417	416	0
416	417	1
417	416	1
416	417	2
417	416	2
416	421	0
421	416	0
416	421	1
421	416	1
416	421	2
421	416	2
417	419	0
419	417	0
417	419	1
419	417	1
417	419	2
419	417	2
419	421	0
421	419	0
419	421	1
421	419	1
419	421	2
421	419	2
420	422	0
422	420	0
420	422	1
422	420	1
420	422	2
422	420	2
423	448	0
448	423	0
423	448	1
448	423	1
423	448	2
448	423	2
423	451	0
451	423	0
423	451	1
451	423	1
423	451	2
451	423	2
424	452	0
452	424	0
424	452	1
452	424	1
424	452	2
452	424	2
425	433	0
433	425	0
425	433	1
433	425	1
425	433	2
433	425	2
425	442	0
442	425	0
425	442	1
442	425	1
425	442	2
442	425	2
425	428	0
428	425	0
425	428	1
428	425	1
425	428	2
428	425	2
425	445	0
445	425	0
425	445	1
445	425	1
425	445	2
445	425	2
425	443	0
443	425	0
425	443	1
443	425	1
425	443	2
443	425	2
426	434	0
434	426	0
426	434	1
434	426	1
426	434	2
434	426	2
426	444	0
444	426	0
426	444	1
444	426	1
426	444	2
444	426	2
426	445	0
445	426	0
426	445	1
445	426	1
426	445	2
445	426	2
426	438	0
438	426	0
426	438	1
438	426	1
426	438	2
438	426	2
427	434	0
434	427	0
427	434	1
434	427	1
427	434	2
434	427	2
427	444	0
444	427	0
427	444	1
444	427	1
427	444	2
444	427	2
427	438	0
438	427	0
427	438	1
438	427	1
427	438	2
438	427	2
428	439	0
439	428	0
428	439	1
439	428	1
428	439	2
439	428	2
429	447	0
447	429	0
429	447	1
447	429	1
429	447	2
447	429	2
430	447	0
447	430	0
430	447	1
447	430	1
430	447	2
447	430	2
431	446	0
446	431	0
431	446	1
446	431	1
431	446	2
446	431	2
432	435	0
435	432	0
432	435	1
435	432	1
432	435	2
435	432	2
432	447	0
447	432	0
432	447	1
447	432	1
432	447	2
447	432	2
433	442	0
442	433	0
433	442	1
442	433	1
433	442	2
442	433	2
433	436	0
436	433	0
433	436	1
436	433	1
433	436	2
436	433	2
434	450	0
450	434	0
434	450	1
450	434	1
434	450	2
450	434	2
434	437	0
437	434	0
434	437	1
437	434	1
434	437	2
437	434	2
434	443	0
443	434	0
434	443	1
443	434	1
434	443	2
443	434	2
435	446	0
446	435	0
435	446	1
446	435	1
435	446	2
446	435	2
436	442	0
442	436	0
436	442	1
442	436	1
436	442	2
442	436	2
436	450	0
450	436	0
436	450	1
450	436	1
436	450	2
450	436	2
437	443	0
443	437	0
437	443	1
443	437	1
437	443	2
443	437	2
437	444	0
444	437	0
437	444	1
444	437	1
437	444	2
444	437	2
438	454	0
454	438	0
438	454	1
454	438	1
438	454	2
454	438	2
439	441	0
441	439	0
439	441	1
441	439	1
439	441	2
441	439	2
439	445	0
445	439	0
439	445	1
445	439	1
439	445	2
445	439	2
440	452	0
452	440	0
440	452	1
452	440	1
440	452	2
452	440	2
440	454	0
454	440	0
440	454	1
454	440	1
440	454	2
454	440	2
441	452	0
452	441	0
441	452	1
452	441	1
441	452	2
452	441	2
444	450	0
450	444	0
444	450	1
450	444	1
444	450	2
450	444	2
446	449	0
449	446	0
446	449	1
449	446	1
446	449	2
449	446	2
447	453	0
453	447	0
447	453	1
453	447	1
447	453	2
453	447	2
448	451	0
451	448	0
448	451	1
451	448	1
448	451	2
451	448	2
448	454	0
454	448	0
448	454	1
454	448	1
448	454	2
454	448	2
451	454	0
454	451	0
451	454	1
454	451	1
451	454	2
454	451	2
455	480	0
480	455	0
455	480	1
480	455	1
455	480	2
480	455	2
455	460	0
460	455	0
455	460	1
460	455	1
455	460	2
460	455	2
455	488	0
488	455	0
455	488	1
488	455	1
455	488	2
488	455	2
455	490	0
490	455	0
455	490	1
490	455	1
455	490	2
490	455	2
455	463	0
463	455	0
455	463	1
463	455	1
455	463	2
463	455	2
456	488	0
488	456	0
456	488	1
488	456	1
456	488	2
488	456	2
456	463	0
463	456	0
456	463	1
463	456	1
456	463	2
463	456	2
456	474	0
474	456	0
456	474	1
474	456	1
456	474	2
474	456	2
456	490	0
490	456	0
456	490	1
490	456	1
456	490	2
490	456	2
457	471	0
471	457	0
457	471	1
471	457	1
457	471	2
471	457	2
457	487	0
487	457	0
457	487	1
487	457	1
457	487	2
487	457	2
457	474	0
474	457	0
457	474	1
474	457	1
457	474	2
474	457	2
457	477	0
477	457	0
457	477	1
477	457	1
457	477	2
477	457	2
458	486	0
486	458	0
458	486	1
486	458	1
458	486	2
486	458	2
458	459	0
459	458	0
458	459	1
459	458	1
458	459	2
459	458	2
458	479	0
479	458	0
458	479	1
479	458	1
458	479	2
479	458	2
458	487	0
487	458	0
458	487	1
487	458	1
458	487	2
487	458	2
458	471	0
471	458	0
458	471	1
471	458	1
458	471	2
471	458	2
458	474	0
474	458	0
458	474	1
474	458	1
458	474	2
474	458	2
459	487	0
487	459	0
459	487	1
487	459	1
459	487	2
487	459	2
459	474	0
474	459	0
459	474	1
474	459	1
459	474	2
474	459	2
459	477	0
477	459	0
459	477	1
477	459	1
459	477	2
477	459	2
460	480	0
480	460	0
460	480	1
480	460	1
460	480	2
480	460	2
460	468	0
468	460	0
460	468	1
468	460	1
460	468	2
468	460	2
460	469	0
469	460	0
460	469	1
469	460	1
460	469	2
469	460	2
460	487	0
487	460	0
460	487	1
487	460	1
460	487	2
487	460	2
460	461	0
461	460	0
460	461	1
461	460	1
460	461	2
461	460	2
460	471	0
471	460	0
460	471	1
471	460	1
460	471	2
471	460	2
461	486	0
486	461	0
461	486	1
486	461	1
461	486	2
486	461	2
461	473	0
473	461	0
461	473	1
473	461	1
461	473	2
473	461	2
461	479	0
479	461	0
461	479	1
479	461	1
461	479	2
479	461	2
462	475	0
475	462	0
462	475	1
475	462	1
462	475	2
475	462	2
462	480	0
480	462	0
462	480	1
480	462	1
462	480	2
480	462	2
462	468	0
468	462	0
462	468	1
468	462	1
462	468	2
468	462	2
462	469	0
469	462	0
462	469	1
469	462	1
462	469	2
469	462	2
463	490	0
490	463	0
463	490	1
490	463	1
463	490	2
490	463	2
463	472	0
472	463	0
463	472	1
472	463	1
463	472	2
472	463	2
464	482	0
482	464	0
464	482	1
482	464	1
464	482	2
482	464	2
464	466	0
466	464	0
464	466	1
466	464	1
464	466	2
466	464	2
464	470	0
470	464	0
464	470	1
470	464	1
464	470	2
470	464	2
464	476	0
476	464	0
464	476	1
476	464	1
464	476	2
476	464	2
465	467	0
467	465	0
465	467	1
467	465	1
465	467	2
467	465	2
466	481	0
481	466	0
466	481	1
481	466	1
466	481	2
481	466	2
466	476	0
476	466	0
466	476	1
476	466	1
466	476	2
476	466	2
467	481	0
481	467	0
467	481	1
481	467	1
467	481	2
481	467	2
469	480	0
480	469	0
469	480	1
480	469	1
469	480	2
480	469	2
470	482	0
482	470	0
470	482	1
482	470	1
470	482	2
482	470	2
470	481	0
481	470	0
470	481	1
481	470	1
470	481	2
481	470	2
471	486	0
486	471	0
471	486	1
486	471	1
471	486	2
486	471	2
471	473	0
473	471	0
471	473	1
473	471	1
471	473	2
473	471	2
471	479	0
479	471	0
471	479	1
479	471	1
471	479	2
479	471	2
472	488	0
488	472	0
472	488	1
488	472	1
472	488	2
488	472	2
472	490	0
490	472	0
472	490	1
490	472	1
472	490	2
490	472	2
473	477	0
477	473	0
473	477	1
477	473	1
473	477	2
477	473	2
476	489	0
489	476	0
476	489	1
489	476	1
476	489	2
489	476	2
478	479	0
479	478	0
478	479	1
479	478	1
478	479	2
479	478	2
479	486	0
486	479	0
479	486	1
486	479	1
479	486	2
486	479	2
480	490	0
490	480	0
480	490	1
490	480	1
480	490	2
490	480	2
482	489	0
489	482	0
482	489	1
489	482	1
482	489	2
489	482	2
491	513	0
513	491	0
491	513	1
513	491	1
491	513	2
513	491	2
492	512	0
512	492	0
492	512	1
512	492	1
492	512	2
512	492	2
492	523	0
523	492	0
492	523	1
523	492	1
492	523	2
523	492	2
493	515	0
515	493	0
493	515	1
515	493	1
493	515	2
515	493	2
493	497	0
497	493	0
493	497	1
497	493	1
493	497	2
497	493	2
493	498	0
498	493	0
493	498	1
498	493	1
493	498	2
498	493	2
493	508	0
508	493	0
493	508	1
508	493	1
493	508	2
508	493	2
494	497	0
497	494	0
494	497	1
497	494	1
494	497	2
497	494	2
494	498	0
498	494	0
494	498	1
498	494	1
494	498	2
498	494	2
494	508	0
508	494	0
494	508	1
508	494	1
494	508	2
508	494	2
495	515	0
515	495	0
495	515	1
515	495	1
495	515	2
515	495	2
495	530	0
530	495	0
495	530	1
530	495	1
495	530	2
530	495	2
495	511	0
511	495	0
495	511	1
511	495	1
495	511	2
511	495	2
496	497	0
497	496	0
496	497	1
497	496	1
496	497	2
497	496	2
496	498	0
498	496	0
496	498	1
498	496	1
496	498	2
498	496	2
496	508	0
508	496	0
496	508	1
508	496	1
496	508	2
508	496	2
497	537	0
537	497	0
497	537	1
537	497	1
497	537	2
537	497	2
498	508	0
508	498	0
498	508	1
508	498	1
498	508	2
508	498	2
498	537	0
537	498	0
498	537	1
537	498	1
498	537	2
537	498	2
499	535	0
535	499	0
499	535	1
535	499	1
499	535	2
535	499	2
499	534	0
534	499	0
499	534	1
534	499	1
499	534	2
534	499	2
499	504	0
504	499	0
499	504	1
504	499	1
499	504	2
504	499	2
499	525	0
525	499	0
499	525	1
525	499	1
499	525	2
525	499	2
500	520	0
520	500	0
500	520	1
520	500	1
500	520	2
520	500	2
500	519	0
519	500	0
500	519	1
519	500	1
500	519	2
519	500	2
500	529	0
529	500	0
500	529	1
529	500	1
500	529	2
529	500	2
500	503	0
503	500	0
500	503	1
503	500	1
500	503	2
503	500	2
500	507	0
507	500	0
500	507	1
507	500	1
500	507	2
507	500	2
501	520	0
520	501	0
501	520	1
520	501	1
501	520	2
520	501	2
501	519	0
519	501	0
501	519	1
519	501	1
501	519	2
519	501	2
501	529	0
529	501	0
501	529	1
529	501	1
501	529	2
529	501	2
501	503	0
503	501	0
501	503	1
503	501	1
501	503	2
503	501	2
501	507	0
507	501	0
501	507	1
507	501	1
501	507	2
507	501	2
502	515	0
515	502	0
502	515	1
515	502	1
502	515	2
515	502	2
502	530	0
530	502	0
502	530	1
530	502	1
502	530	2
530	502	2
502	511	0
511	502	0
502	511	1
511	502	1
502	511	2
511	502	2
502	536	0
536	502	0
502	536	1
536	502	1
502	536	2
536	502	2
503	531	0
531	503	0
503	531	1
531	503	1
503	531	2
531	503	2
503	536	0
536	503	0
503	536	1
536	503	1
503	536	2
536	503	2
503	538	0
538	503	0
503	538	1
538	503	1
503	538	2
538	503	2
504	535	0
535	504	0
504	535	1
535	504	1
504	535	2
535	504	2
504	534	0
534	504	0
504	534	1
534	504	1
504	534	2
534	504	2
504	525	0
525	504	0
504	525	1
525	504	1
504	525	2
525	504	2
505	516	0
516	505	0
505	516	1
516	505	1
505	516	2
516	505	2
505	517	0
517	505	0
505	517	1
517	505	1
505	517	2
517	505	2
506	514	0
514	506	0
506	514	1
514	506	1
506	514	2
514	506	2
507	534	0
534	507	0
507	534	1
534	507	1
507	534	2
534	507	2
507	531	0
531	507	0
507	531	1
531	507	1
507	531	2
531	507	2
507	536	0
536	507	0
507	536	1
536	507	1
507	536	2
536	507	2
507	538	0
538	507	0
507	538	1
538	507	1
507	538	2
538	507	2
508	515	0
515	508	0
508	515	1
515	508	1
508	515	2
515	508	2
508	530	0
530	508	0
508	530	1
530	508	1
508	530	2
530	508	2
508	537	0
537	508	0
508	537	1
537	508	1
508	537	2
537	508	2
509	520	0
520	509	0
509	520	1
520	509	1
509	520	2
520	509	2
509	532	0
532	509	0
509	532	1
532	509	1
509	532	2
532	509	2
509	521	0
521	509	0
509	521	1
521	509	1
509	521	2
521	509	2
509	522	0
522	509	0
509	522	1
522	509	1
509	522	2
522	509	2
510	532	0
532	510	0
510	532	1
532	510	1
510	532	2
532	510	2
510	533	0
533	510	0
510	533	1
533	510	1
510	533	2
533	510	2
511	518	0
518	511	0
511	518	1
518	511	1
511	518	2
518	511	2
511	530	0
530	511	0
511	530	1
530	511	1
511	530	2
530	511	2
511	515	0
515	511	0
511	515	1
515	511	1
511	515	2
515	511	2
512	524	0
524	512	0
512	524	1
524	512	1
512	524	2
524	512	2
512	528	0
528	512	0
512	528	1
528	512	1
512	528	2
528	512	2
515	518	0
518	515	0
515	518	1
518	515	1
515	518	2
518	515	2
516	526	0
526	516	0
516	526	1
526	516	1
516	526	2
526	516	2
517	526	0
526	517	0
517	526	1
526	517	1
517	526	2
526	517	2
518	530	0
530	518	0
518	530	1
530	518	1
518	530	2
530	518	2
519	533	0
533	519	0
519	533	1
533	519	1
519	533	2
533	519	2
519	532	0
532	519	0
519	532	1
532	519	1
519	532	2
532	519	2
520	521	0
521	520	0
520	521	1
521	520	1
520	521	2
521	520	2
521	533	0
533	521	0
521	533	1
533	521	1
521	533	2
533	521	2
521	522	0
522	521	0
521	522	1
522	521	1
521	522	2
522	521	2
521	527	0
527	521	0
521	527	1
527	521	1
521	527	2
527	521	2
523	524	0
524	523	0
523	524	1
524	523	1
523	524	2
524	523	2
523	528	0
528	523	0
523	528	1
528	523	1
523	528	2
528	523	2
525	533	0
533	525	0
525	533	1
533	525	1
525	533	2
533	525	2
525	532	0
532	525	0
525	532	1
532	525	1
525	532	2
532	525	2
525	531	0
531	525	0
525	531	1
531	525	1
525	531	2
531	525	2
527	533	0
533	527	0
527	533	1
533	527	1
527	533	2
533	527	2
529	536	0
536	529	0
529	536	1
536	529	1
529	536	2
536	529	2
529	538	0
538	529	0
529	538	1
538	529	1
529	538	2
538	529	2
529	531	0
531	529	0
529	531	1
531	529	1
529	531	2
531	529	2
534	537	0
537	534	0
534	537	1
537	534	1
534	537	2
537	534	2
535	537	0
537	535	0
535	537	1
537	535	1
535	537	2
537	535	2
537	538	0
538	537	0
537	538	1
538	537	1
537	538	2
538	537	2
540	542	0
542	540	0
540	542	1
542	540	1
540	542	2
542	540	2
541	549	0
549	541	0
541	549	1
549	541	1
541	549	2
549	541	2
541	543	0
543	541	0
541	543	1
543	541	1
541	543	2
543	541	2
542	549	0
549	542	0
542	549	1
549	542	1
542	549	2
549	542	2
542	543	0
543	542	0
542	543	1
543	542	1
542	543	2
543	542	2
544	546	0
546	544	0
544	546	1
546	544	1
544	546	2
546	544	2
545	547	0
547	545	0
545	547	1
547	545	1
545	547	2
547	545	2
547	548	0
548	547	0
547	548	1
548	547	1
547	548	2
548	547	2
550	593	0
593	550	0
550	593	1
593	550	1
550	593	2
593	550	2
550	567	0
567	550	0
550	567	1
567	550	1
550	567	2
567	550	2
551	568	0
568	551	0
551	568	1
568	551	1
551	568	2
568	551	2
551	571	0
571	551	0
551	571	1
571	551	1
551	571	2
571	551	2
552	573	0
573	552	0
552	573	1
573	552	1
552	573	2
573	552	2
552	570	0
570	552	0
552	570	1
570	552	1
552	570	2
570	552	2
552	580	0
580	552	0
552	580	1
580	552	1
552	580	2
580	552	2
553	570	0
570	553	0
553	570	1
570	553	1
553	570	2
570	553	2
553	580	0
580	553	0
553	580	1
580	553	1
553	580	2
580	553	2
553	573	0
573	553	0
553	573	1
573	553	1
553	573	2
573	553	2
554	569	0
569	554	0
554	569	1
569	554	1
554	569	2
569	554	2
554	573	0
573	554	0
554	573	1
573	554	1
554	573	2
573	554	2
555	581	0
581	555	0
555	581	1
581	555	1
555	581	2
581	555	2
555	582	0
582	555	0
555	582	1
582	555	1
555	582	2
582	555	2
555	558	0
558	555	0
555	558	1
558	555	1
555	558	2
558	555	2
555	561	0
561	555	0
555	561	1
561	555	1
555	561	2
561	555	2
556	557	0
557	556	0
556	557	1
557	556	1
556	557	2
557	556	2
556	589	0
589	556	0
556	589	1
589	556	1
556	589	2
589	556	2
557	589	0
589	557	0
557	589	1
589	557	1
557	589	2
589	557	2
558	594	0
594	558	0
558	594	1
594	558	1
558	594	2
594	558	2
558	579	0
579	558	0
558	579	1
579	558	1
558	579	2
579	558	2
558	581	0
581	558	0
558	581	1
581	558	1
558	581	2
581	558	2
558	561	0
561	558	0
558	561	1
561	558	1
558	561	2
561	558	2
559	575	0
575	559	0
559	575	1
575	559	1
559	575	2
575	559	2
559	566	0
566	559	0
559	566	1
566	559	1
559	566	2
566	559	2
559	572	0
572	559	0
559	572	1
572	559	1
559	572	2
572	559	2
560	566	0
566	560	0
560	566	1
566	560	1
560	566	2
566	560	2
560	572	0
572	560	0
560	572	1
572	560	1
560	572	2
572	560	2
560	565	0
565	560	0
560	565	1
565	560	1
560	565	2
565	560	2
560	574	0
574	560	0
560	574	1
574	560	1
560	574	2
574	560	2
561	579	0
579	561	0
561	579	1
579	561	1
561	579	2
579	561	2
562	573	0
573	562	0
562	573	1
573	562	1
562	573	2
573	562	2
562	565	0
565	562	0
562	565	1
565	562	1
562	565	2
565	562	2
562	574	0
574	562	0
562	574	1
574	562	1
562	574	2
574	562	2
563	585	0
585	563	0
563	585	1
585	563	1
563	585	2
585	563	2
563	576	0
576	563	0
563	576	1
576	563	1
563	576	2
576	563	2
563	567	0
567	563	0
563	567	1
567	563	1
563	567	2
567	563	2
564	588	0
588	564	0
564	588	1
588	564	1
564	588	2
588	564	2
564	583	0
583	564	0
564	583	1
583	564	1
564	583	2
583	564	2
564	584	0
584	564	0
564	584	1
584	564	1
564	584	2
584	564	2
564	592	0
592	564	0
564	592	1
592	564	1
564	592	2
592	564	2
564	568	0
568	564	0
564	568	1
568	564	1
564	568	2
568	564	2
564	571	0
571	564	0
564	571	1
571	564	1
564	571	2
571	564	2
566	591	0
591	566	0
566	591	1
591	566	1
566	591	2
591	566	2
567	587	0
587	567	0
567	587	1
587	567	1
567	587	2
587	567	2
568	590	0
590	568	0
568	590	1
590	568	1
568	590	2
590	568	2
568	576	0
576	568	0
568	576	1
576	568	1
568	576	2
576	568	2
568	588	0
588	568	0
568	588	1
588	568	1
568	588	2
588	568	2
569	572	0
572	569	0
569	572	1
572	569	1
569	572	2
572	569	2
569	586	0
586	569	0
569	586	1
586	569	1
569	586	2
586	569	2
569	578	0
578	569	0
569	578	1
578	569	1
569	578	2
578	569	2
569	577	0
577	569	0
569	577	1
577	569	1
569	577	2
577	569	2
570	577	0
577	570	0
570	577	1
577	570	1
570	577	2
577	570	2
571	590	0
590	571	0
571	590	1
590	571	1
571	590	2
590	571	2
571	576	0
576	571	0
571	576	1
576	571	1
571	576	2
576	571	2
571	588	0
588	571	0
571	588	1
588	571	1
571	588	2
588	571	2
573	575	0
575	573	0
573	575	1
575	573	1
573	575	2
575	573	2
575	591	0
591	575	0
575	591	1
591	575	1
575	591	2
591	575	2
579	582	0
582	579	0
579	582	1
582	579	1
579	582	2
582	579	2
582	589	0
589	582	0
582	589	1
589	582	1
582	589	2
589	582	2
583	588	0
588	583	0
583	588	1
588	583	1
583	588	2
588	583	2
584	585	0
585	584	0
584	585	1
585	584	1
584	585	2
585	584	2
584	588	0
588	584	0
584	588	1
588	584	1
584	588	2
588	584	2
587	593	0
593	587	0
587	593	1
593	587	1
587	593	2
593	587	2
588	592	0
592	588	0
588	592	1
592	588	1
588	592	2
592	588	2
595	599	0
599	595	0
595	599	1
599	595	1
595	599	2
599	595	2
596	602	0
602	596	0
596	602	1
602	596	1
596	602	2
602	596	2
596	605	0
605	596	0
596	605	1
605	596	1
596	605	2
605	596	2
597	602	0
602	597	0
597	602	1
602	597	1
597	602	2
602	597	2
598	602	0
602	598	0
598	602	1
602	598	1
598	602	2
602	598	2
600	604	0
604	600	0
600	604	1
604	600	1
600	604	2
604	600	2
601	603	0
603	601	0
601	603	1
603	601	1
601	603	2
603	601	2
602	605	0
605	602	0
602	605	1
605	602	1
602	605	2
605	602	2
608	631	0
631	608	0
608	631	1
631	608	1
608	631	2
631	608	2
608	611	0
611	608	0
608	611	1
611	608	1
608	611	2
611	608	2
608	625	0
625	608	0
608	625	1
625	608	1
608	625	2
625	608	2
608	626	0
626	608	0
608	626	1
626	608	1
608	626	2
626	608	2
609	611	0
611	609	0
609	611	1
611	609	1
609	611	2
611	609	2
609	625	0
625	609	0
609	625	1
625	609	1
609	625	2
625	609	2
609	626	0
626	609	0
609	626	1
626	609	1
609	626	2
626	609	2
609	632	0
632	609	0
609	632	1
632	609	1
609	632	2
632	609	2
610	631	0
631	610	0
610	631	1
631	610	1
610	631	2
631	610	2
610	630	0
630	610	0
610	630	1
630	610	1
610	630	2
630	610	2
611	626	0
626	611	0
611	626	1
626	611	1
611	626	2
626	611	2
611	612	0
612	611	0
611	612	1
612	611	1
611	612	2
612	611	2
611	613	0
613	611	0
611	613	1
613	611	1
611	613	2
613	611	2
612	625	0
625	612	0
612	625	1
625	612	1
612	625	2
625	612	2
612	626	0
626	612	0
612	626	1
626	612	1
612	626	2
626	612	2
613	625	0
625	613	0
613	625	1
625	613	1
613	625	2
625	613	2
613	626	0
626	613	0
613	626	1
626	613	1
613	626	2
626	613	2
614	631	0
631	614	0
614	631	1
631	614	1
614	631	2
631	614	2
614	626	0
626	614	0
614	626	1
626	614	1
614	626	2
626	614	2
614	630	0
630	614	0
614	630	1
630	614	1
614	630	2
630	614	2
615	628	0
628	615	0
615	628	1
628	615	1
615	628	2
628	615	2
617	627	0
627	617	0
617	627	1
627	617	1
617	627	2
627	617	2
617	621	0
621	617	0
617	621	1
621	617	1
617	621	2
621	617	2
617	622	0
622	617	0
617	622	1
622	617	1
617	622	2
622	617	2
617	635	0
635	617	0
617	635	1
635	617	1
617	635	2
635	617	2
618	619	0
619	618	0
618	619	1
619	618	1
618	619	2
619	618	2
618	623	0
623	618	0
618	623	1
623	618	1
618	623	2
623	618	2
618	621	0
621	618	0
618	621	1
621	618	1
618	621	2
621	618	2
618	622	0
622	618	0
618	622	1
622	618	1
618	622	2
622	618	2
619	624	0
624	619	0
619	624	1
624	619	1
619	624	2
624	619	2
619	635	0
635	619	0
619	635	1
635	619	1
619	635	2
635	619	2
620	627	0
627	620	0
620	627	1
627	620	1
620	627	2
627	620	2
620	635	0
635	620	0
620	635	1
635	620	1
620	635	2
635	620	2
621	624	0
624	621	0
621	624	1
624	621	1
621	624	2
624	621	2
622	629	0
629	622	0
622	629	1
629	622	1
622	629	2
629	622	2
622	635	0
635	622	0
622	635	1
635	622	1
622	635	2
635	622	2
624	627	0
627	624	0
624	627	1
627	624	1
624	627	2
627	624	2
624	635	0
635	624	0
624	635	1
635	624	1
624	635	2
635	624	2
627	629	0
629	627	0
627	629	1
629	627	1
627	629	2
629	627	2
629	635	0
635	629	0
629	635	1
635	629	1
629	635	2
635	629	2
636	640	0
640	636	0
636	640	1
640	636	1
636	640	2
640	636	2
636	639	0
639	636	0
636	639	1
639	636	1
636	639	2
639	636	2
637	647	0
647	637	0
637	647	1
647	637	1
637	647	2
647	637	2
637	646	0
646	637	0
637	646	1
646	637	1
637	646	2
646	637	2
637	639	0
639	637	0
637	639	1
639	637	1
637	639	2
639	637	2
638	647	0
647	638	0
638	647	1
647	638	1
638	647	2
647	638	2
638	642	0
642	638	0
638	642	1
642	638	1
638	642	2
642	638	2
638	646	0
646	638	0
638	646	1
646	638	1
638	646	2
646	638	2
639	641	0
641	639	0
639	641	1
641	639	1
639	641	2
641	639	2
639	640	0
640	639	0
639	640	1
640	639	1
639	640	2
640	639	2
640	642	0
642	640	0
640	642	1
642	640	1
640	642	2
642	640	2
640	646	0
646	640	0
640	646	1
646	640	1
640	646	2
646	640	2
641	647	0
647	641	0
641	647	1
647	641	1
641	647	2
647	641	2
642	646	0
646	642	0
642	646	1
646	642	1
642	646	2
646	642	2
642	647	0
647	642	0
642	647	1
647	642	1
642	647	2
647	642	2
644	645	0
645	644	0
644	645	1
645	644	1
644	645	2
645	644	2
648	652	0
652	648	0
648	652	1
652	648	1
648	652	2
652	648	2
649	653	0
653	649	0
649	653	1
653	649	1
649	653	2
653	649	2
650	652	0
652	650	0
650	652	1
652	650	1
650	652	2
652	650	2
651	656	0
656	651	0
651	656	1
656	651	1
651	656	2
656	651	2
651	653	0
653	651	0
651	653	1
653	651	1
651	653	2
653	651	2
652	655	0
655	652	0
652	655	1
655	652	1
652	655	2
655	652	2
653	656	0
656	653	0
653	656	1
656	653	1
653	656	2
656	653	2
653	654	0
654	653	0
653	654	1
654	653	1
653	654	2
654	653	2
657	667	0
667	657	0
657	667	1
667	657	1
657	667	2
667	657	2
658	664	0
664	658	0
658	664	1
664	658	1
658	664	2
664	658	2
658	667	0
667	658	0
658	667	1
667	658	1
658	667	2
667	658	2
659	663	0
663	659	0
659	663	1
663	659	1
659	663	2
663	659	2
659	666	0
666	659	0
659	666	1
666	659	1
659	666	2
666	659	2
659	669	0
669	659	0
659	669	1
669	659	1
659	669	2
669	659	2
660	667	0
667	660	0
660	667	1
667	660	1
660	667	2
667	660	2
663	664	0
664	663	0
663	664	1
664	663	1
663	664	2
664	663	2
663	670	0
670	663	0
663	670	1
670	663	1
663	670	2
670	663	2
663	667	0
667	663	0
663	667	1
667	663	1
663	667	2
667	663	2
664	666	0
666	664	0
664	666	1
666	664	1
664	666	2
666	664	2
664	669	0
669	664	0
664	669	1
669	664	1
664	669	2
669	664	2
665	666	0
666	665	0
665	666	1
666	665	1
665	666	2
666	665	2
666	670	0
670	666	0
666	670	1
670	666	1
666	670	2
670	666	2
666	671	0
671	666	0
666	671	1
671	666	1
666	671	2
671	666	2
667	669	0
669	667	0
667	669	1
669	667	1
667	669	2
669	667	2
668	672	0
672	668	0
668	672	1
672	668	1
668	672	2
672	668	2
669	670	0
670	669	0
669	670	1
670	669	1
669	670	2
670	669	2
677	678	0
678	677	0
677	678	1
678	677	1
677	678	2
678	677	2
679	683	0
683	679	0
679	683	1
683	679	1
679	683	2
683	679	2
680	683	0
683	680	0
680	683	1
683	680	1
680	683	2
683	680	2
681	683	0
683	681	0
681	683	1
683	681	1
681	683	2
683	681	2
682	684	0
684	682	0
682	684	1
684	682	1
682	684	2
684	682	2
682	685	0
685	682	0
682	685	1
685	682	1
682	685	2
685	682	2
686	694	0
694	686	0
686	694	1
694	686	1
686	694	2
694	686	2
686	693	0
693	686	0
686	693	1
693	686	1
686	693	2
693	686	2
686	692	0
692	686	0
686	692	1
692	686	1
686	692	2
692	686	2
687	691	0
691	687	0
687	691	1
691	687	1
687	691	2
691	687	2
687	688	0
688	687	0
687	688	1
688	687	1
687	688	2
688	687	2
687	694	0
694	687	0
687	694	1
694	687	1
687	694	2
694	687	2
689	691	0
691	689	0
689	691	1
691	689	1
689	691	2
691	689	2
690	692	0
692	690	0
690	692	1
692	690	1
690	692	2
692	690	2
692	693	0
693	692	0
692	693	1
693	692	1
692	693	2
693	692	2
695	736	0
736	695	0
695	736	1
736	695	1
695	736	2
736	695	2
695	738	0
738	695	0
695	738	1
738	695	1
695	738	2
738	695	2
695	709	0
709	695	0
695	709	1
709	695	1
695	709	2
709	695	2
695	717	0
717	695	0
695	717	1
717	695	1
695	717	2
717	695	2
695	728	0
728	695	0
695	728	1
728	695	1
695	728	2
728	695	2
695	700	0
700	695	0
695	700	1
700	695	1
695	700	2
700	695	2
695	718	0
718	695	0
695	718	1
718	695	1
695	718	2
718	695	2
696	736	0
736	696	0
696	736	1
736	696	1
696	736	2
736	696	2
696	738	0
738	696	0
696	738	1
738	696	1
696	738	2
738	696	2
696	709	0
709	696	0
696	709	1
709	696	1
696	709	2
709	696	2
696	728	0
728	696	0
696	728	1
728	696	1
696	728	2
728	696	2
696	742	0
742	696	0
696	742	1
742	696	1
696	742	2
742	696	2
697	736	0
736	697	0
697	736	1
736	697	1
697	736	2
736	697	2
697	738	0
738	697	0
697	738	1
738	697	1
697	738	2
738	697	2
697	728	0
728	697	0
697	728	1
728	697	1
697	728	2
728	697	2
697	700	0
700	697	0
697	700	1
700	697	1
697	700	2
700	697	2
697	718	0
718	697	0
697	718	1
718	697	1
697	718	2
718	697	2
698	736	0
736	698	0
698	736	1
736	698	1
698	736	2
736	698	2
698	704	0
704	698	0
698	704	1
704	698	1
698	704	2
704	698	2
698	724	0
724	698	0
698	724	1
724	698	1
698	724	2
724	698	2
698	703	0
703	698	0
698	703	1
703	698	1
698	703	2
703	698	2
698	742	0
742	698	0
698	742	1
742	698	1
698	742	2
742	698	2
699	744	0
744	699	0
699	744	1
744	699	1
699	744	2
744	699	2
699	742	0
742	699	0
699	742	1
742	699	1
699	742	2
742	699	2
699	716	0
716	699	0
699	716	1
716	699	1
699	716	2
716	699	2
700	745	0
745	700	0
700	745	1
745	700	1
700	745	2
745	700	2
700	730	0
730	700	0
700	730	1
730	700	1
700	730	2
730	700	2
701	737	0
737	701	0
701	737	1
737	701	1
701	737	2
737	701	2
701	709	0
709	701	0
701	709	1
709	701	1
701	709	2
709	701	2
701	724	0
724	701	0
701	724	1
724	701	1
701	724	2
724	701	2
701	727	0
727	701	0
701	727	1
727	701	1
701	727	2
727	701	2
701	728	0
728	701	0
701	728	1
728	701	1
701	728	2
728	701	2
701	703	0
703	701	0
701	703	1
703	701	1
701	703	2
703	701	2
701	738	0
738	701	0
701	738	1
738	701	1
701	738	2
738	701	2
701	741	0
741	701	0
701	741	1
741	701	1
701	741	2
741	701	2
701	726	0
726	701	0
701	726	1
726	701	1
701	726	2
726	701	2
702	736	0
736	702	0
702	736	1
736	702	1
702	736	2
736	702	2
702	738	0
738	702	0
702	738	1
738	702	1
702	738	2
738	702	2
702	728	0
728	702	0
702	728	1
728	702	1
702	728	2
728	702	2
702	703	0
703	702	0
702	703	1
703	702	1
702	703	2
703	702	2
702	720	0
720	702	0
702	720	1
720	702	1
702	720	2
720	702	2
702	721	0
721	702	0
702	721	1
721	702	1
702	721	2
721	702	2
703	725	0
725	703	0
703	725	1
725	703	1
703	725	2
725	703	2
703	737	0
737	703	0
703	737	1
737	703	1
703	737	2
737	703	2
703	709	0
709	703	0
703	709	1
709	703	1
703	709	2
709	703	2
703	724	0
724	703	0
703	724	1
724	703	1
703	724	2
724	703	2
703	727	0
727	703	0
703	727	1
727	703	1
703	727	2
727	703	2
703	741	0
741	703	0
703	741	1
741	703	1
703	741	2
741	703	2
703	726	0
726	703	0
703	726	1
726	703	1
703	726	2
726	703	2
704	737	0
737	704	0
704	737	1
737	704	1
704	737	2
737	704	2
704	709	0
709	704	0
704	709	1
709	704	1
704	709	2
709	704	2
704	724	0
724	704	0
704	724	1
724	704	1
704	724	2
724	704	2
704	727	0
727	704	0
704	727	1
727	704	1
704	727	2
727	704	2
704	741	0
741	704	0
704	741	1
741	704	1
704	741	2
741	704	2
704	726	0
726	704	0
704	726	1
726	704	1
704	726	2
726	704	2
705	712	0
712	705	0
705	712	1
712	705	1
705	712	2
712	705	2
705	708	0
708	705	0
705	708	1
708	705	1
705	708	2
708	705	2
705	749	0
749	705	0
705	749	1
749	705	1
705	749	2
749	705	2
706	713	0
713	706	0
706	713	1
713	706	1
706	713	2
713	706	2
706	740	0
740	706	0
706	740	1
740	706	1
706	740	2
740	706	2
707	713	0
713	707	0
707	713	1
713	707	1
707	713	2
713	707	2
707	740	0
740	707	0
707	740	1
740	707	1
707	740	2
740	707	2
707	710	0
710	707	0
707	710	1
710	707	1
707	710	2
710	707	2
707	711	0
711	707	0
707	711	1
711	707	1
707	711	2
711	707	2
708	719	0
719	708	0
708	719	1
719	708	1
708	719	2
719	708	2
709	742	0
742	709	0
709	742	1
742	709	1
709	742	2
742	709	2
710	733	0
733	710	0
710	733	1
733	710	1
710	733	2
733	710	2
710	734	0
734	710	0
710	734	1
734	710	1
710	734	2
734	710	2
711	733	0
733	711	0
711	733	1
733	711	1
711	733	2
733	711	2
711	734	0
734	711	0
711	734	1
734	711	1
711	734	2
734	711	2
712	719	0
719	712	0
712	719	1
719	712	1
712	719	2
719	712	2
714	722	0
722	714	0
714	722	1
722	714	1
714	722	2
722	714	2
715	723	0
723	715	0
715	723	1
723	715	1
715	723	2
723	715	2
716	745	0
745	716	0
716	745	1
745	716	1
716	745	2
745	716	2
716	718	0
718	716	0
716	718	1
718	716	1
716	718	2
718	716	2
716	730	0
730	716	0
716	730	1
730	716	1
716	730	2
730	716	2
716	742	0
742	716	0
716	742	1
742	716	1
716	742	2
742	716	2
717	736	0
736	717	0
717	736	1
736	717	1
717	736	2
736	717	2
717	738	0
738	717	0
717	738	1
738	717	1
717	738	2
738	717	2
717	728	0
728	717	0
717	728	1
728	717	1
717	728	2
728	717	2
717	742	0
742	717	0
717	742	1
742	717	1
717	742	2
742	717	2
718	745	0
745	718	0
718	745	1
745	718	1
718	745	2
745	718	2
718	730	0
730	718	0
718	730	1
730	718	1
718	730	2
730	718	2
719	731	0
731	719	0
719	731	1
731	719	1
719	731	2
731	719	2
719	732	0
732	719	0
719	732	1
732	719	1
719	732	2
732	719	2
719	735	0
735	719	0
719	735	1
735	719	1
719	735	2
735	719	2
720	747	0
747	720	0
720	747	1
747	720	1
720	747	2
747	720	2
720	739	0
739	720	0
720	739	1
739	720	1
720	739	2
739	720	2
720	725	0
725	720	0
720	725	1
725	720	1
720	725	2
725	720	2
721	746	0
746	721	0
721	746	1
746	721	1
721	746	2
746	721	2
721	739	0
739	721	0
721	739	1
739	721	1
721	739	2
739	721	2
721	725	0
725	721	0
721	725	1
725	721	1
721	725	2
725	721	2
722	743	0
743	722	0
722	743	1
743	722	1
722	743	2
743	722	2
723	729	0
729	723	0
723	729	1
729	723	1
723	729	2
729	723	2
724	737	0
737	724	0
724	737	1
737	724	1
724	737	2
737	724	2
724	742	0
742	724	0
724	742	1
742	724	1
724	742	2
742	724	2
725	736	0
736	725	0
725	736	1
736	725	1
725	736	2
736	725	2
725	738	0
738	725	0
725	738	1
738	725	1
725	738	2
738	725	2
725	739	0
739	725	0
725	739	1
739	725	1
725	739	2
739	725	2
725	728	0
728	725	0
725	728	1
728	725	1
725	728	2
728	725	2
725	726	0
726	725	0
725	726	1
726	725	1
725	726	2
726	725	2
726	746	0
746	726	0
726	746	1
746	726	1
726	746	2
746	726	2
727	742	0
742	727	0
727	742	1
742	727	1
727	742	2
742	727	2
728	739	0
739	728	0
728	739	1
739	728	1
728	739	2
739	728	2
731	733	0
733	731	0
731	733	1
733	731	1
731	733	2
733	731	2
731	734	0
734	731	0
731	734	1
734	731	1
731	734	2
734	731	2
732	733	0
733	732	0
732	733	1
733	732	1
732	733	2
733	732	2
732	734	0
734	732	0
732	734	1
734	732	1
732	734	2
734	732	2
735	748	0
748	735	0
735	748	1
748	735	1
735	748	2
748	735	2
736	738	0
738	736	0
736	738	1
738	736	1
736	738	2
738	736	2
736	739	0
739	736	0
736	739	1
739	736	1
736	739	2
739	736	2
737	742	0
742	737	0
737	742	1
742	737	1
737	742	2
742	737	2
738	739	0
739	738	0
738	739	1
739	738	1
738	739	2
739	738	2
741	746	0
746	741	0
741	746	1
746	741	1
741	746	2
746	741	2
742	744	0
744	742	0
742	744	1
744	742	1
742	744	2
744	742	2
750	754	0
754	750	0
750	754	1
754	750	1
750	754	2
754	750	2
751	756	0
756	751	0
751	756	1
756	751	1
751	756	2
756	751	2
751	759	0
759	751	0
751	759	1
759	751	1
751	759	2
759	751	2
751	761	0
761	751	0
751	761	1
761	751	1
751	761	2
761	751	2
752	756	0
756	752	0
752	756	1
756	752	1
752	756	2
756	752	2
752	761	0
761	752	0
752	761	1
761	752	1
752	761	2
761	752	2
753	756	0
756	753	0
753	756	1
756	753	1
753	756	2
756	753	2
753	759	0
759	753	0
753	759	1
759	753	1
753	759	2
759	753	2
753	760	0
760	753	0
753	760	1
760	753	1
753	760	2
760	753	2
753	761	0
761	753	0
753	761	1
761	753	1
753	761	2
761	753	2
754	755	0
755	754	0
754	755	1
755	754	1
754	755	2
755	754	2
754	760	0
760	754	0
754	760	1
760	754	1
754	760	2
760	754	2
754	757	0
757	754	0
754	757	1
757	754	1
754	757	2
757	754	2
754	758	0
758	754	0
754	758	1
758	754	1
754	758	2
758	754	2
756	759	0
759	756	0
756	759	1
759	756	1
756	759	2
759	756	2
759	760	0
760	759	0
759	760	1
760	759	1
759	760	2
760	759	2
759	761	0
761	759	0
759	761	1
761	759	1
759	761	2
761	759	2
762	778	0
778	762	0
762	778	1
778	762	1
762	778	2
778	762	2
763	777	0
777	763	0
763	777	1
777	763	1
763	777	2
777	763	2
764	772	0
772	764	0
764	772	1
772	764	1
764	772	2
772	764	2
764	779	0
779	764	0
764	779	1
779	764	1
764	779	2
779	764	2
764	780	0
780	764	0
764	780	1
780	764	1
764	780	2
780	764	2
764	768	0
768	764	0
764	768	1
768	764	1
764	768	2
768	764	2
764	781	0
781	764	0
764	781	1
781	764	1
764	781	2
781	764	2
764	767	0
767	764	0
764	767	1
767	764	1
764	767	2
767	764	2
765	777	0
777	765	0
765	777	1
777	765	1
765	777	2
777	765	2
765	779	0
779	765	0
765	779	1
779	765	1
765	779	2
779	765	2
765	780	0
780	765	0
765	780	1
780	765	1
765	780	2
780	765	2
766	773	0
773	766	0
766	773	1
773	766	1
766	773	2
773	766	2
766	779	0
779	766	0
766	779	1
779	766	1
766	779	2
779	766	2
766	780	0
780	766	0
766	780	1
780	766	1
766	780	2
780	766	2
766	768	0
768	766	0
766	768	1
768	766	1
766	768	2
768	766	2
766	781	0
781	766	0
766	781	1
781	766	1
766	781	2
781	766	2
766	767	0
767	766	0
766	767	1
767	766	1
766	767	2
767	766	2
767	781	0
781	767	0
767	781	1
781	767	1
767	781	2
781	767	2
767	778	0
778	767	0
767	778	1
778	767	1
767	778	2
778	767	2
767	772	0
772	767	0
767	772	1
772	767	1
767	772	2
772	767	2
767	773	0
773	767	0
767	773	1
773	767	1
767	773	2
773	767	2
768	778	0
778	768	0
768	778	1
778	768	1
768	778	2
778	768	2
768	772	0
772	768	0
768	772	1
772	768	1
768	772	2
772	768	2
768	773	0
773	768	0
768	773	1
773	768	1
768	773	2
773	768	2
769	776	0
776	769	0
769	776	1
776	769	1
769	776	2
776	769	2
769	771	0
771	769	0
769	771	1
771	769	1
769	771	2
771	769	2
769	775	0
775	769	0
769	775	1
775	769	1
769	775	2
775	769	2
770	774	0
774	770	0
770	774	1
774	770	1
770	774	2
774	770	2
770	779	0
779	770	0
770	779	1
779	770	1
770	779	2
779	770	2
770	780	0
780	770	0
770	780	1
780	770	1
770	780	2
780	770	2
770	782	0
782	770	0
770	782	1
782	770	1
770	782	2
782	770	2
771	772	0
772	771	0
771	772	1
772	771	1
771	772	2
772	771	2
771	773	0
773	771	0
771	773	1
773	771	1
771	773	2
773	771	2
772	774	0
774	772	0
772	774	1
774	772	1
772	774	2
774	772	2
772	776	0
776	772	0
772	776	1
776	772	1
772	776	2
776	772	2
772	775	0
775	772	0
772	775	1
775	772	1
772	775	2
775	772	2
772	781	0
781	772	0
772	781	1
781	772	1
772	781	2
781	772	2
773	774	0
774	773	0
773	774	1
774	773	1
773	774	2
774	773	2
773	776	0
776	773	0
773	776	1
776	773	1
773	776	2
776	773	2
773	775	0
775	773	0
773	775	1
775	773	1
773	775	2
775	773	2
773	781	0
781	773	0
773	781	1
781	773	1
773	781	2
781	773	2
775	779	0
779	775	0
775	779	1
779	775	1
775	779	2
779	775	2
777	781	0
781	777	0
777	781	1
781	777	1
777	781	2
781	777	2
779	780	0
780	779	0
779	780	1
780	779	1
779	780	2
780	779	2
783	806	0
806	783	0
783	806	1
806	783	1
783	806	2
806	783	2
784	803	0
803	784	0
784	803	1
803	784	1
784	803	2
803	784	2
784	797	0
797	784	0
784	797	1
797	784	1
784	797	2
797	784	2
784	789	0
789	784	0
784	789	1
789	784	1
784	789	2
789	784	2
785	791	0
791	785	0
785	791	1
791	785	1
785	791	2
791	785	2
785	804	0
804	785	0
785	804	1
804	785	1
785	804	2
804	785	2
785	805	0
805	785	0
785	805	1
805	785	1
785	805	2
805	785	2
785	799	0
799	785	0
785	799	1
799	785	1
785	799	2
799	785	2
786	801	0
801	786	0
786	801	1
801	786	1
786	801	2
801	786	2
786	790	0
790	786	0
786	790	1
790	786	1
786	790	2
790	786	2
787	794	0
794	787	0
787	794	1
794	787	1
787	794	2
794	787	2
787	802	0
802	787	0
787	802	1
802	787	1
787	802	2
802	787	2
788	792	0
792	788	0
788	792	1
792	788	1
788	792	2
792	788	2
788	793	0
793	788	0
788	793	1
793	788	1
788	793	2
793	788	2
788	798	0
798	788	0
788	798	1
798	788	1
788	798	2
798	788	2
789	797	0
797	789	0
789	797	1
797	789	1
789	797	2
797	789	2
790	803	0
803	790	0
790	803	1
803	790	1
790	803	2
803	790	2
790	801	0
801	790	0
790	801	1
801	790	1
790	801	2
801	790	2
790	795	0
795	790	0
790	795	1
795	790	1
790	795	2
795	790	2
790	796	0
796	790	0
790	796	1
796	790	1
790	796	2
796	790	2
791	804	0
804	791	0
791	804	1
804	791	1
791	804	2
804	791	2
791	805	0
805	791	0
791	805	1
805	791	1
791	805	2
805	791	2
791	799	0
799	791	0
791	799	1
799	791	1
791	799	2
799	791	2
792	793	0
793	792	0
792	793	1
793	792	1
792	793	2
793	792	2
792	798	0
798	792	0
792	798	1
798	792	1
792	798	2
798	792	2
793	802	0
802	793	0
793	802	1
802	793	1
793	802	2
802	793	2
794	800	0
800	794	0
794	800	1
800	794	1
794	800	2
800	794	2
794	798	0
798	794	0
794	798	1
798	794	1
794	798	2
798	794	2
795	796	0
796	795	0
795	796	1
796	795	1
795	796	2
796	795	2
797	803	0
803	797	0
797	803	1
803	797	1
797	803	2
803	797	2
798	800	0
800	798	0
798	800	1
800	798	1
798	800	2
800	798	2
799	806	0
806	799	0
799	806	1
806	799	1
799	806	2
806	799	2
800	802	0
802	800	0
800	802	1
802	800	1
800	802	2
802	800	2
804	806	0
806	804	0
804	806	1
806	804	1
804	806	2
806	804	2
805	806	0
806	805	0
805	806	1
806	805	1
805	806	2
806	805	2
807	809	0
809	807	0
807	809	1
809	807	1
807	809	2
809	807	2
808	810	0
810	808	0
808	810	1
810	808	1
808	810	2
810	808	2
808	812	0
812	808	0
808	812	1
812	808	1
808	812	2
812	808	2
808	818	0
818	808	0
808	818	1
818	808	1
808	818	2
818	808	2
809	819	0
819	809	0
809	819	1
819	809	1
809	819	2
819	809	2
809	816	0
816	809	0
809	816	1
816	809	1
809	816	2
816	809	2
809	818	0
818	809	0
809	818	1
818	809	1
809	818	2
818	809	2
809	813	0
813	809	0
809	813	1
813	809	1
809	813	2
813	809	2
810	812	0
812	810	0
810	812	1
812	810	1
810	812	2
812	810	2
810	813	0
813	810	0
810	813	1
813	810	1
810	813	2
813	810	2
810	811	0
811	810	0
810	811	1
811	810	1
810	811	2
811	810	2
811	812	0
812	811	0
811	812	1
812	811	1
811	812	2
812	811	2
814	820	0
820	814	0
814	820	1
820	814	1
814	820	2
820	814	2
815	817	0
817	815	0
815	817	1
817	815	1
815	817	2
817	815	2
824	833	0
833	824	0
824	833	1
833	824	1
824	833	2
833	824	2
824	826	0
826	824	0
824	826	1
826	824	1
824	826	2
826	824	2
825	833	0
833	825	0
825	833	1
833	825	1
825	833	2
833	825	2
826	832	0
832	826	0
826	832	1
832	826	1
826	832	2
832	826	2
826	833	0
833	826	0
826	833	1
833	826	1
826	833	2
833	826	2
827	833	0
833	827	0
827	833	1
833	827	1
827	833	2
833	827	2
834	845	0
845	834	0
834	845	1
845	834	1
834	845	2
845	834	2
834	879	0
879	834	0
834	879	1
879	834	1
834	879	2
879	834	2
834	885	0
885	834	0
834	885	1
885	834	1
834	885	2
885	834	2
834	888	0
888	834	0
834	888	1
888	834	1
834	888	2
888	834	2
835	879	0
879	835	0
835	879	1
879	835	1
835	879	2
879	835	2
835	885	0
885	835	0
835	885	1
885	835	1
835	885	2
885	835	2
835	888	0
888	835	0
835	888	1
888	835	1
835	888	2
888	835	2
836	869	0
869	836	0
836	869	1
869	836	1
836	869	2
869	836	2
836	859	0
859	836	0
836	859	1
859	836	1
836	859	2
859	836	2
837	876	0
876	837	0
837	876	1
876	837	1
837	876	2
876	837	2
838	851	0
851	838	0
838	851	1
851	838	1
838	851	2
851	838	2
838	854	0
854	838	0
838	854	1
854	838	1
838	854	2
854	838	2
838	863	0
863	838	0
838	863	1
863	838	1
838	863	2
863	838	2
838	874	0
874	838	0
838	874	1
874	838	1
838	874	2
874	838	2
838	852	0
852	838	0
838	852	1
852	838	1
838	852	2
852	838	2
838	862	0
862	838	0
838	862	1
862	838	1
838	862	2
862	838	2
839	847	0
847	839	0
839	847	1
847	839	1
839	847	2
847	839	2
839	857	0
857	839	0
839	857	1
857	839	1
839	857	2
857	839	2
839	853	0
853	839	0
839	853	1
853	839	1
839	853	2
853	839	2
839	871	0
871	839	0
839	871	1
871	839	1
839	871	2
871	839	2
839	843	0
843	839	0
839	843	1
843	839	1
839	843	2
843	839	2
839	884	0
884	839	0
839	884	1
884	839	1
839	884	2
884	839	2
839	872	0
872	839	0
839	872	1
872	839	1
839	872	2
872	839	2
839	877	0
877	839	0
839	877	1
877	839	1
839	877	2
877	839	2
840	865	0
865	840	0
840	865	1
865	840	1
840	865	2
865	840	2
840	855	0
855	840	0
840	855	1
855	840	1
840	855	2
855	840	2
840	857	0
857	840	0
840	857	1
857	840	1
840	857	2
857	840	2
840	874	0
874	840	0
840	874	1
874	840	1
840	874	2
874	840	2
840	852	0
852	840	0
840	852	1
852	840	1
840	852	2
852	840	2
841	847	0
847	841	0
841	847	1
847	841	1
841	847	2
847	841	2
841	857	0
857	841	0
841	857	1
857	841	1
841	857	2
857	841	2
841	871	0
871	841	0
841	871	1
871	841	1
841	871	2
871	841	2
841	843	0
843	841	0
841	843	1
843	841	1
841	843	2
843	841	2
841	884	0
884	841	0
841	884	1
884	841	1
841	884	2
884	841	2
841	872	0
872	841	0
841	872	1
872	841	1
841	872	2
872	841	2
841	877	0
877	841	0
841	877	1
877	841	1
841	877	2
877	841	2
843	884	0
884	843	0
843	884	1
884	843	1
843	884	2
884	843	2
843	867	0
867	843	0
843	867	1
867	843	1
843	867	2
867	843	2
843	848	0
848	843	0
843	848	1
848	843	1
843	848	2
848	843	2
843	851	0
851	843	0
843	851	1
851	843	1
843	851	2
851	843	2
843	854	0
854	843	0
843	854	1
854	843	1
843	854	2
854	843	2
843	855	0
855	843	0
843	855	1
855	843	1
843	855	2
855	843	2
843	863	0
863	843	0
843	863	1
863	843	1
843	863	2
863	843	2
843	866	0
866	843	0
843	866	1
866	843	1
843	866	2
866	843	2
843	849	0
849	843	0
843	849	1
849	843	1
843	849	2
849	843	2
843	875	0
875	843	0
843	875	1
875	843	1
843	875	2
875	843	2
844	880	0
880	844	0
844	880	1
880	844	1
844	880	2
880	844	2
844	886	0
886	844	0
844	886	1
886	844	1
844	886	2
886	844	2
844	848	0
848	844	0
844	848	1
848	844	1
844	848	2
848	844	2
844	874	0
874	844	0
844	874	1
874	844	1
844	874	2
874	844	2
844	877	0
877	844	0
844	877	1
877	844	1
844	877	2
877	844	2
844	852	0
852	844	0
844	852	1
852	844	1
844	852	2
852	844	2
845	879	0
879	845	0
845	879	1
879	845	1
845	879	2
879	845	2
845	885	0
885	845	0
845	885	1
885	845	1
845	885	2
885	845	2
845	888	0
888	845	0
845	888	1
888	845	1
845	888	2
888	845	2
846	879	0
879	846	0
846	879	1
879	846	1
846	879	2
879	846	2
846	885	0
885	846	0
846	885	1
885	846	1
846	885	2
885	846	2
846	888	0
888	846	0
846	888	1
888	846	1
846	888	2
888	846	2
847	875	0
875	847	0
847	875	1
875	847	1
847	875	2
875	847	2
847	851	0
851	847	0
847	851	1
851	847	1
847	851	2
851	847	2
847	854	0
854	847	0
847	854	1
854	847	1
847	854	2
854	847	2
847	855	0
855	847	0
847	855	1
855	847	1
847	855	2
855	847	2
847	853	0
853	847	0
847	853	1
853	847	1
847	853	2
853	847	2
847	863	0
863	847	0
847	863	1
863	847	1
847	863	2
863	847	2
847	862	0
862	847	0
847	862	1
862	847	1
847	862	2
862	847	2
848	866	0
866	848	0
848	866	1
866	848	1
848	866	2
866	848	2
848	886	0
886	848	0
848	886	1
886	848	1
848	886	2
886	848	2
848	871	0
871	848	0
848	871	1
871	848	1
848	871	2
871	848	2
848	872	0
872	848	0
848	872	1
872	848	1
848	872	2
872	848	2
848	877	0
877	848	0
848	877	1
877	848	1
848	877	2
877	848	2
848	883	0
883	848	0
848	883	1
883	848	1
848	883	2
883	848	2
848	889	0
889	848	0
848	889	1
889	848	1
848	889	2
889	848	2
849	873	0
873	849	0
849	873	1
873	849	1
849	873	2
873	849	2
849	871	0
871	849	0
849	871	1
871	849	1
849	871	2
871	849	2
849	872	0
872	849	0
849	872	1
872	849	1
849	872	2
872	849	2
849	884	0
884	849	0
849	884	1
884	849	1
849	884	2
884	849	2
849	877	0
877	849	0
849	877	1
877	849	1
849	877	2
877	849	2
849	883	0
883	849	0
849	883	1
883	849	1
849	883	2
883	849	2
849	889	0
889	849	0
849	889	1
889	849	1
849	889	2
889	849	2
850	865	0
865	850	0
850	865	1
865	850	1
850	865	2
865	850	2
850	875	0
875	850	0
850	875	1
875	850	1
850	875	2
875	850	2
850	874	0
874	850	0
850	874	1
874	850	1
850	874	2
874	850	2
850	852	0
852	850	0
850	852	1
852	850	1
850	852	2
852	850	2
850	862	0
862	850	0
850	862	1
862	850	1
850	862	2
862	850	2
851	857	0
857	851	0
851	857	1
857	851	1
851	857	2
857	851	2
851	871	0
871	851	0
851	871	1
871	851	1
851	871	2
871	851	2
851	884	0
884	851	0
851	884	1
884	851	1
851	884	2
884	851	2
851	872	0
872	851	0
851	872	1
872	851	1
851	872	2
872	851	2
851	877	0
877	851	0
851	877	1
877	851	1
851	877	2
877	851	2
852	865	0
865	852	0
852	865	1
865	852	1
852	865	2
865	852	2
852	870	0
870	852	0
852	870	1
870	852	1
852	870	2
870	852	2
852	858	0
858	852	0
852	858	1
858	852	1
852	858	2
858	852	2
852	873	0
873	852	0
852	873	1
873	852	1
852	873	2
873	852	2
852	884	0
884	852	0
852	884	1
884	852	1
852	884	2
884	852	2
852	853	0
853	852	0
852	853	1
853	852	1
852	853	2
853	852	2
852	878	0
878	852	0
852	878	1
878	852	1
852	878	2
878	852	2
853	865	0
865	853	0
853	865	1
865	853	1
853	865	2
865	853	2
853	874	0
874	853	0
853	874	1
874	853	1
853	874	2
874	853	2
853	862	0
862	853	0
853	862	1
862	853	1
853	862	2
862	853	2
854	875	0
875	854	0
854	875	1
875	854	1
854	875	2
875	854	2
854	855	0
855	854	0
854	855	1
855	854	1
854	855	2
855	854	2
854	857	0
857	854	0
854	857	1
857	854	1
854	857	2
857	854	2
854	871	0
871	854	0
854	871	1
871	854	1
854	871	2
871	854	2
854	884	0
884	854	0
854	884	1
884	854	1
854	884	2
884	854	2
854	872	0
872	854	0
854	872	1
872	854	1
854	872	2
872	854	2
854	877	0
877	854	0
854	877	1
877	854	1
854	877	2
877	854	2
855	857	0
857	855	0
855	857	1
857	855	1
855	857	2
857	855	2
855	871	0
871	855	0
855	871	1
871	855	1
855	871	2
871	855	2
855	884	0
884	855	0
855	884	1
884	855	1
855	884	2
884	855	2
855	872	0
872	855	0
855	872	1
872	855	1
855	872	2
872	855	2
855	877	0
877	855	0
855	877	1
877	855	1
855	877	2
877	855	2
856	881	0
881	856	0
856	881	1
881	856	1
856	881	2
881	856	2
857	875	0
875	857	0
857	875	1
875	857	1
857	875	2
875	857	2
857	863	0
863	857	0
857	863	1
863	857	1
857	863	2
863	857	2
857	861	0
861	857	0
857	861	1
861	857	1
857	861	2
861	857	2
857	887	0
887	857	0
857	887	1
887	857	1
857	887	2
887	857	2
858	874	0
874	858	0
858	874	1
874	858	1
858	874	2
874	858	2
858	862	0
862	858	0
858	862	1
862	858	1
858	862	2
862	858	2
860	882	0
882	860	0
860	882	1
882	860	1
860	882	2
882	860	2
861	887	0
887	861	0
861	887	1
887	861	1
861	887	2
887	861	2
862	865	0
865	862	0
862	865	1
865	862	1
862	865	2
865	862	2
862	870	0
870	862	0
862	870	1
870	862	1
862	870	2
870	862	2
862	881	0
881	862	0
862	881	1
881	862	1
862	881	2
881	862	2
863	865	0
865	863	0
863	865	1
865	863	1
863	865	2
865	863	2
863	871	0
871	863	0
863	871	1
871	863	1
863	871	2
871	863	2
863	884	0
884	863	0
863	884	1
884	863	1
863	884	2
884	863	2
863	872	0
872	863	0
863	872	1
872	863	1
863	872	2
872	863	2
863	877	0
877	863	0
863	877	1
877	863	1
863	877	2
877	863	2
865	874	0
874	865	0
865	874	1
874	865	1
865	874	2
874	865	2
866	873	0
873	866	0
866	873	1
873	866	1
866	873	2
873	866	2
866	871	0
871	866	0
866	871	1
871	866	1
866	871	2
871	866	2
866	872	0
872	866	0
866	872	1
872	866	1
866	872	2
872	866	2
866	884	0
884	866	0
866	884	1
884	866	1
866	884	2
884	866	2
866	877	0
877	866	0
866	877	1
877	866	1
866	877	2
877	866	2
866	883	0
883	866	0
866	883	1
883	866	1
866	883	2
883	866	2
866	889	0
889	866	0
866	889	1
889	866	1
866	889	2
889	866	2
867	880	0
880	867	0
867	880	1
880	867	1
867	880	2
880	867	2
867	871	0
871	867	0
867	871	1
871	867	1
867	871	2
871	867	2
867	872	0
872	867	0
867	872	1
872	867	1
867	872	2
872	867	2
867	884	0
884	867	0
867	884	1
884	867	1
867	884	2
884	867	2
867	877	0
877	867	0
867	877	1
877	867	1
867	877	2
877	867	2
870	874	0
874	870	0
870	874	1
874	870	1
870	874	2
874	870	2
871	875	0
875	871	0
871	875	1
875	871	1
871	875	2
875	871	2
872	874	0
874	872	0
872	874	1
874	872	1
872	874	2
874	872	2
872	878	0
878	872	0
872	878	1
878	872	1
872	878	2
878	872	2
872	875	0
875	872	0
872	875	1
875	872	1
872	875	2
875	872	2
873	886	0
886	873	0
873	886	1
886	873	1
873	886	2
886	873	2
873	874	0
874	873	0
873	874	1
874	873	1
873	874	2
874	873	2
873	877	0
877	873	0
873	877	1
877	873	1
873	877	2
877	873	2
873	884	0
884	873	0
873	884	1
884	873	1
873	884	2
884	873	2
873	880	0
880	873	0
873	880	1
880	873	1
873	880	2
880	873	2
874	877	0
877	874	0
874	877	1
877	874	1
874	877	2
877	874	2
874	878	0
878	874	0
874	878	1
878	874	1
874	878	2
878	874	2
874	875	0
875	874	0
874	875	1
875	874	1
874	875	2
875	874	2
875	877	0
877	875	0
875	877	1
877	875	1
875	877	2
877	875	2
878	880	0
880	878	0
878	880	1
880	878	1
878	880	2
880	878	2
878	886	0
886	878	0
878	886	1
886	878	1
878	886	2
886	878	2
878	884	0
884	878	0
878	884	1
884	878	1
878	884	2
884	878	2
879	887	0
887	879	0
879	887	1
887	879	1
879	887	2
887	879	2
883	886	0
886	883	0
883	886	1
886	883	1
883	886	2
886	883	2
885	887	0
887	885	0
885	887	1
887	885	1
885	887	2
887	885	2
886	889	0
889	886	0
886	889	1
889	886	1
886	889	2
889	886	2
887	888	0
888	887	0
887	888	1
888	887	1
887	888	2
888	887	2
890	903	0
903	890	0
890	903	1
903	890	1
890	903	2
903	890	2
890	907	0
907	890	0
890	907	1
907	890	1
890	907	2
907	890	2
890	908	0
908	890	0
890	908	1
908	890	1
890	908	2
908	890	2
890	893	0
893	890	0
890	893	1
893	890	1
890	893	2
893	890	2
890	896	0
896	890	0
890	896	1
896	890	1
890	896	2
896	890	2
890	913	0
913	890	0
890	913	1
913	890	1
890	913	2
913	890	2
890	914	0
914	890	0
890	914	1
914	890	1
890	914	2
914	890	2
891	897	0
897	891	0
891	897	1
897	891	1
891	897	2
897	891	2
891	910	0
910	891	0
891	910	1
910	891	1
891	910	2
910	891	2
891	913	0
913	891	0
891	913	1
913	891	1
891	913	2
913	891	2
891	895	0
895	891	0
891	895	1
895	891	1
891	895	2
895	891	2
891	905	0
905	891	0
891	905	1
905	891	1
891	905	2
905	891	2
891	901	0
901	891	0
891	901	1
901	891	1
891	901	2
901	891	2
891	906	0
906	891	0
891	906	1
906	891	1
891	906	2
906	891	2
892	904	0
904	892	0
892	904	1
904	892	1
892	904	2
904	892	2
892	912	0
912	892	0
892	912	1
912	892	1
892	912	2
912	892	2
892	901	0
901	892	0
892	901	1
901	892	1
892	901	2
901	892	2
892	905	0
905	892	0
892	905	1
905	892	1
892	905	2
905	892	2
893	903	0
903	893	0
893	903	1
903	893	1
893	903	2
903	893	2
893	906	0
906	893	0
893	906	1
906	893	1
893	906	2
906	893	2
893	894	0
894	893	0
893	894	1
894	893	1
893	894	2
894	893	2
893	899	0
899	893	0
893	899	1
899	893	1
893	899	2
899	893	2
893	900	0
900	893	0
893	900	1
900	893	1
893	900	2
900	893	2
893	915	0
915	893	0
893	915	1
915	893	1
893	915	2
915	893	2
893	898	0
898	893	0
893	898	1
898	893	1
893	898	2
898	893	2
894	903	0
903	894	0
894	903	1
903	894	1
894	903	2
903	894	2
894	907	0
907	894	0
894	907	1
907	894	1
894	907	2
907	894	2
894	908	0
908	894	0
894	908	1
908	894	1
894	908	2
908	894	2
894	896	0
896	894	0
894	896	1
896	894	1
894	896	2
896	894	2
894	913	0
913	894	0
894	913	1
913	894	1
894	913	2
913	894	2
894	914	0
914	894	0
894	914	1
914	894	1
894	914	2
914	894	2
895	897	0
897	895	0
895	897	1
897	895	1
895	897	2
897	895	2
895	905	0
905	895	0
895	905	1
905	895	1
895	905	2
905	895	2
895	901	0
901	895	0
895	901	1
901	895	1
895	901	2
901	895	2
895	914	0
914	895	0
895	914	1
914	895	1
895	914	2
914	895	2
896	909	0
909	896	0
896	909	1
909	896	1
896	909	2
909	896	2
896	898	0
898	896	0
896	898	1
898	896	1
896	898	2
898	896	2
896	906	0
906	896	0
896	906	1
906	896	1
896	906	2
906	896	2
896	914	0
914	896	0
896	914	1
914	896	1
896	914	2
914	896	2
897	910	0
910	897	0
897	910	1
910	897	1
897	910	2
910	897	2
897	914	0
914	897	0
897	914	1
914	897	1
897	914	2
914	897	2
897	911	0
911	897	0
897	911	1
911	897	1
897	911	2
911	897	2
898	901	0
901	898	0
898	901	1
901	898	1
898	901	2
901	898	2
898	903	0
903	898	0
898	903	1
903	898	1
898	903	2
903	898	2
898	907	0
907	898	0
898	907	1
907	898	1
898	907	2
907	898	2
898	908	0
908	898	0
898	908	1
908	898	1
898	908	2
908	898	2
898	906	0
906	898	0
898	906	1
906	898	1
898	906	2
906	898	2
898	913	0
913	898	0
898	913	1
913	898	1
898	913	2
913	898	2
898	914	0
914	898	0
898	914	1
914	898	1
898	914	2
914	898	2
899	903	0
903	899	0
899	903	1
903	899	1
899	903	2
903	899	2
899	907	0
907	899	0
899	907	1
907	899	1
899	907	2
907	899	2
899	908	0
908	899	0
899	908	1
908	899	1
899	908	2
908	899	2
900	915	0
915	900	0
900	915	1
915	900	1
900	915	2
915	900	2
900	903	0
903	900	0
900	903	1
903	900	1
900	903	2
903	900	2
900	907	0
907	900	0
900	907	1
907	900	1
900	907	2
907	900	2
900	908	0
908	900	0
900	908	1
908	900	1
900	908	2
908	900	2
901	902	0
902	901	0
901	902	1
902	901	1
901	902	2
902	901	2
901	910	0
910	901	0
901	910	1
910	901	1
901	910	2
910	901	2
902	904	0
904	902	0
902	904	1
904	902	1
902	904	2
904	902	2
902	912	0
912	902	0
902	912	1
912	902	1
902	912	2
912	902	2
902	905	0
905	902	0
902	905	1
905	902	1
902	905	2
905	902	2
902	908	0
908	902	0
902	908	1
908	902	1
902	908	2
908	902	2
903	906	0
906	903	0
903	906	1
906	903	1
903	906	2
906	903	2
903	915	0
915	903	0
903	915	1
915	903	1
903	915	2
915	903	2
904	912	0
912	904	0
904	912	1
912	904	1
904	912	2
912	904	2
905	910	0
910	905	0
905	910	1
910	905	1
905	910	2
910	905	2
905	906	0
906	905	0
905	906	1
906	905	1
905	906	2
906	905	2
906	907	0
907	906	0
906	907	1
907	906	1
906	907	2
907	906	2
906	908	0
908	906	0
906	908	1
908	906	1
906	908	2
908	906	2
906	913	0
913	906	0
906	913	1
913	906	1
906	913	2
913	906	2
907	915	0
915	907	0
907	915	1
915	907	1
907	915	2
915	907	2
908	915	0
915	908	0
908	915	1
915	908	1
908	915	2
915	908	2
909	913	0
913	909	0
909	913	1
913	909	1
909	913	2
913	909	2
910	914	0
914	910	0
910	914	1
914	910	1
910	914	2
914	910	2
921	948	0
948	921	0
921	948	1
948	921	1
921	948	2
948	921	2
921	952	0
952	921	0
921	952	1
952	921	1
921	952	2
952	921	2
921	923	0
923	921	0
921	923	1
923	921	1
921	923	2
923	921	2
921	924	0
924	921	0
921	924	1
924	921	1
921	924	2
924	921	2
921	963	0
963	921	0
921	963	1
963	921	1
921	963	2
963	921	2
922	964	0
964	922	0
922	964	1
964	922	1
922	964	2
964	922	2
923	943	0
943	923	0
923	943	1
943	923	1
923	943	2
943	923	2
923	948	0
948	923	0
923	948	1
948	923	1
923	948	2
948	923	2
923	951	0
951	923	0
923	951	1
951	923	1
923	951	2
951	923	2
924	943	0
943	924	0
924	943	1
943	924	1
924	943	2
943	924	2
924	948	0
948	924	0
924	948	1
948	924	1
924	948	2
948	924	2
924	951	0
951	924	0
924	951	1
951	924	1
924	951	2
951	924	2
927	945	0
945	927	0
927	945	1
945	927	1
927	945	2
945	927	2
927	955	0
955	927	0
927	955	1
955	927	1
927	955	2
955	927	2
927	958	0
958	927	0
927	958	1
958	927	1
927	958	2
958	927	2
927	957	0
957	927	0
927	957	1
957	927	1
927	957	2
957	927	2
927	934	0
934	927	0
927	934	1
934	927	1
927	934	2
934	927	2
928	958	0
958	928	0
928	958	1
958	928	1
928	958	2
958	928	2
928	935	0
935	928	0
928	935	1
935	928	1
928	935	2
935	928	2
929	945	0
945	929	0
929	945	1
945	929	1
929	945	2
945	929	2
929	955	0
955	929	0
929	955	1
955	929	1
929	955	2
955	929	2
929	958	0
958	929	0
929	958	1
958	929	1
929	958	2
958	929	2
929	935	0
935	929	0
929	935	1
935	929	1
929	935	2
935	929	2
930	935	0
935	930	0
930	935	1
935	930	1
930	935	2
935	930	2
931	961	0
961	931	0
931	961	1
961	931	1
931	961	2
961	931	2
931	933	0
933	931	0
931	933	1
933	931	1
931	933	2
933	931	2
931	940	0
940	931	0
931	940	1
940	931	1
931	940	2
940	931	2
931	949	0
949	931	0
931	949	1
949	931	1
931	949	2
949	931	2
931	953	0
953	931	0
931	953	1
953	931	1
931	953	2
953	931	2
932	962	0
962	932	0
932	962	1
962	932	1
932	962	2
962	932	2
932	941	0
941	932	0
932	941	1
941	932	1
932	941	2
941	932	2
932	950	0
950	932	0
932	950	1
950	932	1
932	950	2
950	932	2
933	963	0
963	933	0
933	963	1
963	933	1
933	963	2
963	933	2
933	967	0
967	933	0
933	967	1
967	933	1
933	967	2
967	933	2
934	936	0
936	934	0
934	936	1
936	934	1
934	936	2
936	934	2
934	944	0
944	934	0
934	944	1
944	934	1
934	944	2
944	934	2
934	956	0
956	934	0
934	956	1
956	934	1
934	956	2
956	934	2
934	955	0
955	934	0
934	955	1
955	934	1
934	955	2
955	934	2
935	937	0
937	935	0
935	937	1
937	935	1
935	937	2
937	935	2
935	946	0
946	935	0
935	946	1
946	935	1
935	946	2
946	935	2
936	957	0
957	936	0
936	957	1
957	936	1
936	957	2
957	936	2
937	956	0
956	937	0
937	956	1
956	937	1
937	956	2
956	937	2
943	963	0
963	943	0
943	963	1
963	943	1
943	963	2
963	943	2
943	952	0
952	943	0
943	952	1
952	943	1
943	952	2
952	943	2
944	957	0
957	944	0
944	957	1
957	944	1
944	957	2
957	944	2
945	955	0
955	945	0
945	955	1
955	945	1
945	955	2
955	945	2
948	952	0
952	948	0
948	952	1
952	948	1
948	952	2
952	948	2
948	963	0
963	948	0
948	963	1
963	948	1
948	963	2
963	948	2
951	963	0
963	951	0
951	963	1
963	951	1
951	963	2
963	951	2
951	952	0
952	951	0
951	952	1
952	951	1
951	952	2
952	951	2
955	958	0
958	955	0
955	958	1
958	955	1
955	958	2
958	955	2
955	957	0
957	955	0
955	957	1
957	955	1
955	957	2
957	955	2
956	957	0
957	956	0
956	957	1
957	956	1
956	957	2
957	956	2
960	966	0
966	960	0
960	966	1
966	960	1
960	966	2
966	960	2
961	963	0
963	961	0
961	963	1
963	961	1
961	963	2
963	961	2
961	967	0
967	961	0
961	967	1
967	961	1
961	967	2
967	961	2
962	964	0
964	962	0
962	964	1
964	962	1
962	964	2
964	962	2
964	967	0
967	964	0
964	967	1
967	964	1
964	967	2
967	964	2
965	966	0
966	965	0
965	966	1
966	965	1
965	966	2
966	965	2
968	972	0
972	968	0
968	972	1
972	968	1
968	972	2
972	968	2
968	982	0
982	968	0
968	982	1
982	968	1
968	982	2
982	968	2
968	983	0
983	968	0
968	983	1
983	968	1
968	983	2
983	968	2
968	988	0
988	968	0
968	988	1
988	968	1
968	988	2
988	968	2
969	970	0
970	969	0
969	970	1
970	969	1
969	970	2
970	969	2
969	981	0
981	969	0
969	981	1
981	969	1
969	981	2
981	969	2
969	989	0
989	969	0
969	989	1
989	969	1
969	989	2
989	969	2
970	971	0
971	970	0
970	971	1
971	970	1
970	971	2
971	970	2
971	981	0
981	971	0
971	981	1
981	971	1
971	981	2
981	971	2
971	989	0
989	971	0
971	989	1
989	971	1
971	989	2
989	971	2
972	989	0
989	972	0
972	989	1
989	972	1
972	989	2
989	972	2
974	979	0
979	974	0
974	979	1
979	974	1
974	979	2
979	974	2
974	980	0
980	974	0
974	980	1
980	974	1
974	980	2
980	974	2
975	978	0
978	975	0
975	978	1
978	975	1
975	978	2
978	975	2
975	984	0
984	975	0
975	984	1
984	975	1
975	984	2
984	975	2
975	986	0
986	975	0
975	986	1
986	975	1
975	986	2
986	975	2
976	985	0
985	976	0
976	985	1
985	976	1
976	985	2
985	976	2
976	987	0
987	976	0
976	987	1
987	976	1
976	987	2
987	976	2
976	990	0
990	976	0
976	990	1
990	976	1
976	990	2
990	976	2
976	991	0
991	976	0
976	991	1
991	976	1
976	991	2
991	976	2
977	985	0
985	977	0
977	985	1
985	977	1
977	985	2
985	977	2
977	986	0
986	977	0
977	986	1
986	977	1
977	986	2
986	977	2
977	987	0
987	977	0
977	987	1
987	977	1
977	987	2
987	977	2
977	990	0
990	977	0
977	990	1
990	977	1
977	990	2
990	977	2
977	991	0
991	977	0
977	991	1
991	977	1
977	991	2
991	977	2
978	986	0
986	978	0
978	986	1
986	978	1
978	986	2
986	978	2
983	988	0
988	983	0
983	988	1
988	983	1
983	988	2
988	983	2
983	989	0
989	983	0
983	989	1
989	983	1
983	989	2
989	983	2
984	991	0
991	984	0
984	991	1
991	984	1
984	991	2
991	984	2
987	990	0
990	987	0
987	990	1
990	987	1
987	990	2
990	987	2
990	991	0
991	990	0
990	991	1
991	990	1
990	991	2
991	990	2
992	1029	0
1029	992	0
992	1029	1
1029	992	1
992	1029	2
1029	992	2
992	1001	0
1001	992	0
992	1001	1
1001	992	1
992	1001	2
1001	992	2
992	1009	0
1009	992	0
992	1009	1
1009	992	1
992	1009	2
1009	992	2
992	1008	0
1008	992	0
992	1008	1
1008	992	1
992	1008	2
1008	992	2
992	1002	0
1002	992	0
992	1002	1
1002	992	1
992	1002	2
1002	992	2
993	1025	0
1025	993	0
993	1025	1
1025	993	1
993	1025	2
1025	993	2
993	996	0
996	993	0
993	996	1
996	993	1
993	996	2
996	993	2
993	1012	0
1012	993	0
993	1012	1
1012	993	1
993	1012	2
1012	993	2
993	1021	0
1021	993	0
993	1021	1
1021	993	1
993	1021	2
1021	993	2
993	1002	0
1002	993	0
993	1002	1
1002	993	1
993	1002	2
1002	993	2
993	1019	0
1019	993	0
993	1019	1
1019	993	1
993	1019	2
1019	993	2
993	1020	0
1020	993	0
993	1020	1
1020	993	1
993	1020	2
1020	993	2
993	1022	0
1022	993	0
993	1022	1
1022	993	1
993	1022	2
1022	993	2
993	1024	0
1024	993	0
993	1024	1
1024	993	1
993	1024	2
1024	993	2
994	1021	0
1021	994	0
994	1021	1
1021	994	1
994	1021	2
1021	994	2
994	1008	0
1008	994	0
994	1008	1
1008	994	1
994	1008	2
1008	994	2
994	1029	0
1029	994	0
994	1029	1
1029	994	1
994	1029	2
1029	994	2
994	1001	0
1001	994	0
994	1001	1
1001	994	1
994	1001	2
1001	994	2
994	1009	0
1009	994	0
994	1009	1
1009	994	1
994	1009	2
1009	994	2
994	1002	0
1002	994	0
994	1002	1
1002	994	1
994	1002	2
1002	994	2
995	1025	0
1025	995	0
995	1025	1
1025	995	1
995	1025	2
1025	995	2
995	1028	0
1028	995	0
995	1028	1
1028	995	1
995	1028	2
1028	995	2
995	1029	0
1029	995	0
995	1029	1
1029	995	1
995	1029	2
1029	995	2
995	1001	0
1001	995	0
995	1001	1
1001	995	1
995	1001	2
1001	995	2
995	1009	0
1009	995	0
995	1009	1
1009	995	1
995	1009	2
1009	995	2
995	1008	0
1008	995	0
995	1008	1
1008	995	1
995	1008	2
1008	995	2
995	1002	0
1002	995	0
995	1002	1
1002	995	1
995	1002	2
1002	995	2
996	1028	0
1028	996	0
996	1028	1
1028	996	1
996	1028	2
1028	996	2
996	1015	0
1015	996	0
996	1015	1
1015	996	1
996	1015	2
1015	996	2
996	1004	0
1004	996	0
996	1004	1
1004	996	1
996	1004	2
1004	996	2
996	1013	0
1013	996	0
996	1013	1
1013	996	1
996	1013	2
1013	996	2
996	1014	0
1014	996	0
996	1014	1
1014	996	1
996	1014	2
1014	996	2
997	1018	0
1018	997	0
997	1018	1
1018	997	1
997	1018	2
1018	997	2
997	1000	0
1000	997	0
997	1000	1
1000	997	1
997	1000	2
1000	997	2
997	1039	0
1039	997	0
997	1039	1
1039	997	1
997	1039	2
1039	997	2
998	1010	0
1010	998	0
998	1010	1
1010	998	1
998	1010	2
1010	998	2
998	1005	0
1005	998	0
998	1005	1
1005	998	1
998	1005	2
1005	998	2
999	1010	0
1010	999	0
999	1010	1
1010	999	1
999	1010	2
1010	999	2
1000	1011	0
1011	1000	0
1000	1011	1
1011	1000	1
1000	1011	2
1011	1000	2
1000	1039	0
1039	1000	0
1000	1039	1
1039	1000	1
1000	1039	2
1039	1000	2
1001	1031	0
1031	1001	0
1001	1031	1
1031	1001	1
1001	1031	2
1031	1001	2
1001	1009	0
1009	1001	0
1001	1009	1
1009	1001	1
1001	1009	2
1009	1001	2
1001	1016	0
1016	1001	0
1001	1016	1
1016	1001	1
1001	1016	2
1016	1001	2
1002	1031	0
1031	1002	0
1002	1031	1
1031	1002	1
1002	1031	2
1031	1002	2
1002	1016	0
1016	1002	0
1002	1016	1
1016	1002	1
1002	1016	2
1016	1002	2
1003	1030	0
1030	1003	0
1003	1030	1
1030	1003	1
1003	1030	2
1030	1003	2
1003	1008	0
1008	1003	0
1003	1008	1
1008	1003	1
1003	1008	2
1008	1003	2
1003	1005	0
1005	1003	0
1003	1005	1
1005	1003	1
1003	1005	2
1005	1003	2
1004	1006	0
1006	1004	0
1004	1006	1
1006	1004	1
1004	1006	2
1006	1004	2
1004	1014	0
1014	1004	0
1004	1014	1
1014	1004	1
1004	1014	2
1014	1004	2
1004	1025	0
1025	1004	0
1004	1025	1
1025	1004	1
1004	1025	2
1025	1004	2
1004	1012	0
1012	1004	0
1004	1012	1
1012	1004	1
1004	1012	2
1012	1004	2
1004	1021	0
1021	1004	0
1004	1021	1
1021	1004	1
1004	1021	2
1021	1004	2
1005	1017	0
1017	1005	0
1005	1017	1
1017	1005	1
1005	1017	2
1017	1005	2
1005	1023	0
1023	1005	0
1005	1023	1
1023	1005	1
1005	1023	2
1023	1005	2
1005	1030	0
1030	1005	0
1005	1030	1
1030	1005	1
1005	1030	2
1030	1005	2
1005	1007	0
1007	1005	0
1005	1007	1
1007	1005	1
1005	1007	2
1007	1005	2
1006	1013	0
1013	1006	0
1006	1013	1
1013	1006	1
1006	1013	2
1013	1006	2
1006	1014	0
1014	1006	0
1006	1014	1
1014	1006	1
1006	1014	2
1014	1006	2
1006	1018	0
1018	1006	0
1006	1018	1
1018	1006	1
1006	1018	2
1018	1006	2
1007	1008	0
1008	1007	0
1007	1008	1
1008	1007	1
1007	1008	2
1008	1007	2
1008	1016	0
1016	1008	0
1008	1016	1
1016	1008	1
1008	1016	2
1016	1008	2
1008	1030	0
1030	1008	0
1008	1030	1
1030	1008	1
1008	1030	2
1030	1008	2
1009	1031	0
1031	1009	0
1009	1031	1
1031	1009	1
1009	1031	2
1031	1009	2
1009	1020	0
1020	1009	0
1009	1020	1
1020	1009	1
1009	1020	2
1020	1009	2
1009	1028	0
1028	1009	0
1009	1028	1
1028	1009	1
1009	1028	2
1028	1009	2
1009	1016	0
1016	1009	0
1009	1016	1
1016	1009	1
1009	1016	2
1016	1009	2
1010	1017	0
1017	1010	0
1010	1017	1
1017	1010	1
1010	1017	2
1017	1010	2
1010	1023	0
1023	1010	0
1010	1023	1
1023	1010	1
1010	1023	2
1023	1010	2
1011	1018	0
1018	1011	0
1011	1018	1
1018	1011	1
1011	1018	2
1018	1011	2
1011	1039	0
1039	1011	0
1011	1039	1
1039	1011	1
1011	1039	2
1039	1011	2
1012	1028	0
1028	1012	0
1012	1028	1
1028	1012	1
1012	1028	2
1028	1012	2
1012	1015	0
1015	1012	0
1012	1015	1
1015	1012	1
1012	1015	2
1015	1012	2
1012	1013	0
1013	1012	0
1012	1013	1
1013	1012	1
1012	1013	2
1013	1012	2
1012	1014	0
1014	1012	0
1012	1014	1
1014	1012	1
1012	1014	2
1014	1012	2
1013	1025	0
1025	1013	0
1013	1025	1
1025	1013	1
1013	1025	2
1025	1013	2
1013	1021	0
1021	1013	0
1013	1021	1
1021	1013	1
1013	1021	2
1021	1013	2
1014	1025	0
1025	1014	0
1014	1025	1
1025	1014	1
1014	1025	2
1025	1014	2
1014	1021	0
1021	1014	0
1014	1021	1
1021	1014	1
1014	1021	2
1021	1014	2
1015	1025	0
1025	1015	0
1015	1025	1
1025	1015	1
1015	1025	2
1025	1015	2
1015	1028	0
1028	1015	0
1015	1028	1
1028	1015	1
1015	1028	2
1028	1015	2
1015	1021	0
1021	1015	0
1015	1021	1
1021	1015	1
1015	1021	2
1021	1015	2
1015	1019	0
1019	1015	0
1015	1019	1
1019	1015	1
1015	1019	2
1019	1015	2
1015	1020	0
1020	1015	0
1015	1020	1
1020	1015	1
1015	1020	2
1020	1015	2
1015	1022	0
1022	1015	0
1015	1022	1
1022	1015	1
1015	1022	2
1022	1015	2
1015	1024	0
1024	1015	0
1015	1024	1
1024	1015	1
1015	1024	2
1024	1015	2
1016	1025	0
1025	1016	0
1016	1025	1
1025	1016	1
1016	1025	2
1025	1016	2
1016	1028	0
1028	1016	0
1016	1028	1
1028	1016	1
1016	1028	2
1028	1016	2
1016	1029	0
1029	1016	0
1016	1029	1
1029	1016	1
1016	1029	2
1029	1016	2
1019	1028	0
1028	1019	0
1019	1028	1
1028	1019	1
1019	1028	2
1028	1019	2
1019	1024	0
1024	1019	0
1019	1024	1
1024	1019	1
1019	1024	2
1024	1019	2
1019	1031	0
1031	1019	0
1019	1031	1
1031	1019	1
1019	1031	2
1031	1019	2
1020	1031	0
1031	1020	0
1020	1031	1
1031	1020	1
1020	1031	2
1031	1020	2
1020	1022	0
1022	1020	0
1020	1022	1
1022	1020	1
1020	1022	2
1022	1020	2
1020	1028	0
1028	1020	0
1020	1028	1
1028	1020	1
1020	1028	2
1028	1020	2
1021	1028	0
1028	1021	0
1021	1028	1
1028	1021	1
1021	1028	2
1028	1021	2
1022	1028	0
1028	1022	0
1022	1028	1
1028	1022	1
1022	1028	2
1028	1022	2
1022	1027	0
1027	1022	0
1022	1027	1
1027	1022	1
1022	1027	2
1027	1022	2
1024	1027	0
1027	1024	0
1024	1027	1
1027	1024	1
1024	1027	2
1027	1024	2
1024	1028	0
1028	1024	0
1024	1028	1
1028	1024	1
1024	1028	2
1028	1024	2
1024	1029	0
1029	1024	0
1024	1029	1
1029	1024	1
1024	1029	2
1029	1024	2
1025	1028	0
1028	1025	0
1025	1028	1
1028	1025	1
1025	1028	2
1028	1025	2
1026	1037	0
1037	1026	0
1026	1037	1
1037	1026	1
1026	1037	2
1037	1026	2
1026	1031	0
1031	1026	0
1026	1031	1
1031	1026	1
1026	1031	2
1031	1026	2
1027	1037	0
1037	1027	0
1027	1037	1
1037	1027	1
1027	1037	2
1037	1027	2
1029	1031	0
1031	1029	0
1029	1031	1
1031	1029	1
1029	1031	2
1031	1029	2
1031	1032	0
1032	1031	0
1031	1032	1
1032	1031	1
1031	1032	2
1032	1031	2
1031	1033	0
1033	1031	0
1031	1033	1
1033	1031	1
1031	1033	2
1033	1031	2
1034	1038	0
1038	1034	0
1034	1038	1
1038	1034	1
1034	1038	2
1038	1034	2
1035	1036	0
1036	1035	0
1035	1036	1
1036	1035	1
1035	1036	2
1036	1035	2
1040	1073	0
1073	1040	0
1040	1073	1
1073	1040	1
1040	1073	2
1073	1040	2
1041	1073	0
1073	1041	0
1041	1073	1
1073	1041	1
1041	1073	2
1073	1041	2
1042	1061	0
1061	1042	0
1042	1061	1
1061	1042	1
1042	1061	2
1061	1042	2
1042	1074	0
1074	1042	0
1042	1074	1
1074	1042	1
1042	1074	2
1074	1042	2
1042	1063	0
1063	1042	0
1042	1063	1
1063	1042	1
1042	1063	2
1063	1042	2
1042	1065	0
1065	1042	0
1042	1065	1
1065	1042	1
1042	1065	2
1065	1042	2
1042	1071	0
1071	1042	0
1042	1071	1
1071	1042	1
1042	1071	2
1071	1042	2
1042	1076	0
1076	1042	0
1042	1076	1
1076	1042	1
1042	1076	2
1076	1042	2
1042	1051	0
1051	1042	0
1042	1051	1
1051	1042	1
1042	1051	2
1051	1042	2
1042	1052	0
1052	1042	0
1042	1052	1
1052	1042	1
1042	1052	2
1052	1042	2
1043	1059	0
1059	1043	0
1043	1059	1
1059	1043	1
1043	1059	2
1059	1043	2
1043	1060	0
1060	1043	0
1043	1060	1
1060	1043	1
1043	1060	2
1060	1043	2
1043	1071	0
1071	1043	0
1043	1071	1
1071	1043	1
1043	1071	2
1071	1043	2
1043	1063	0
1063	1043	0
1043	1063	1
1063	1043	1
1043	1063	2
1063	1043	2
1043	1044	0
1044	1043	0
1043	1044	1
1044	1043	1
1043	1044	2
1044	1043	2
1043	1072	0
1072	1043	0
1043	1072	1
1072	1043	1
1043	1072	2
1072	1043	2
1044	1061	0
1061	1044	0
1044	1061	1
1061	1044	1
1044	1061	2
1061	1044	2
1044	1070	0
1070	1044	0
1044	1070	1
1070	1044	1
1044	1070	2
1070	1044	2
1044	1069	0
1069	1044	0
1044	1069	1
1069	1044	1
1044	1069	2
1069	1044	2
1044	1046	0
1046	1044	0
1044	1046	1
1046	1044	1
1044	1046	2
1046	1044	2
1044	1047	0
1047	1044	0
1044	1047	1
1047	1044	1
1044	1047	2
1047	1044	2
1044	1048	0
1048	1044	0
1044	1048	1
1048	1044	1
1044	1048	2
1048	1044	2
1045	1065	0
1065	1045	0
1045	1065	1
1065	1045	1
1045	1065	2
1065	1045	2
1045	1071	0
1071	1045	0
1045	1071	1
1071	1045	1
1045	1071	2
1071	1045	2
1045	1063	0
1063	1045	0
1045	1063	1
1063	1045	1
1045	1063	2
1063	1045	2
1045	1064	0
1064	1045	0
1045	1064	1
1064	1045	1
1045	1064	2
1064	1045	2
1045	1066	0
1066	1045	0
1045	1066	1
1066	1045	1
1045	1066	2
1066	1045	2
1048	1066	0
1066	1048	0
1048	1066	1
1066	1048	1
1048	1066	2
1066	1048	2
1049	1056	0
1056	1049	0
1049	1056	1
1056	1049	1
1049	1056	2
1056	1049	2
1049	1075	0
1075	1049	0
1049	1075	1
1075	1049	1
1049	1075	2
1075	1049	2
1049	1057	0
1057	1049	0
1049	1057	1
1057	1049	1
1049	1057	2
1057	1049	2
1049	1058	0
1058	1049	0
1049	1058	1
1058	1049	1
1049	1058	2
1058	1049	2
1049	1055	0
1055	1049	0
1049	1055	1
1055	1049	1
1049	1055	2
1055	1049	2
1050	1062	0
1062	1050	0
1050	1062	1
1062	1050	1
1050	1062	2
1062	1050	2
1050	1068	0
1068	1050	0
1050	1068	1
1068	1050	1
1050	1068	2
1068	1050	2
1051	1059	0
1059	1051	0
1051	1059	1
1059	1051	1
1051	1059	2
1059	1051	2
1051	1060	0
1060	1051	0
1051	1060	1
1060	1051	1
1051	1060	2
1060	1051	2
1052	1059	0
1059	1052	0
1052	1059	1
1059	1052	1
1052	1059	2
1059	1052	2
1052	1060	0
1060	1052	0
1052	1060	1
1060	1052	1
1052	1060	2
1060	1052	2
1053	1075	0
1075	1053	0
1053	1075	1
1075	1053	1
1053	1075	2
1075	1053	2
1053	1057	0
1057	1053	0
1053	1057	1
1057	1053	1
1053	1057	2
1057	1053	2
1053	1058	0
1058	1053	0
1053	1058	1
1058	1053	1
1053	1058	2
1058	1053	2
1053	1055	0
1055	1053	0
1053	1055	1
1055	1053	1
1053	1055	2
1055	1053	2
1054	1068	0
1068	1054	0
1054	1068	1
1068	1054	1
1054	1068	2
1068	1054	2
1054	1062	0
1062	1054	0
1054	1062	1
1062	1054	1
1054	1062	2
1062	1054	2
1054	1056	0
1056	1054	0
1054	1056	1
1056	1054	1
1054	1056	2
1056	1054	2
1055	1073	0
1073	1055	0
1055	1073	1
1073	1055	1
1055	1073	2
1073	1055	2
1055	1056	0
1056	1055	0
1055	1056	1
1056	1055	1
1055	1056	2
1056	1055	2
1056	1057	0
1057	1056	0
1056	1057	1
1057	1056	1
1056	1057	2
1057	1056	2
1056	1058	0
1058	1056	0
1056	1058	1
1058	1056	1
1056	1058	2
1058	1056	2
1056	1075	0
1075	1056	0
1056	1075	1
1075	1056	1
1056	1075	2
1075	1056	2
1057	1073	0
1073	1057	0
1057	1073	1
1073	1057	1
1057	1073	2
1073	1057	2
1058	1073	0
1073	1058	0
1058	1073	1
1073	1058	1
1058	1073	2
1073	1058	2
1059	1076	0
1076	1059	0
1059	1076	1
1076	1059	1
1059	1076	2
1076	1059	2
1059	1070	0
1070	1059	0
1059	1070	1
1070	1059	1
1059	1070	2
1070	1059	2
1059	1074	0
1074	1059	0
1059	1074	1
1074	1059	1
1059	1074	2
1074	1059	2
1059	1065	0
1065	1059	0
1059	1065	1
1065	1059	1
1059	1065	2
1065	1059	2
1059	1071	0
1071	1059	0
1059	1071	1
1071	1059	1
1059	1071	2
1071	1059	2
1060	1065	0
1065	1060	0
1060	1065	1
1065	1060	1
1060	1065	2
1065	1060	2
1060	1071	0
1071	1060	0
1060	1071	1
1071	1060	1
1060	1071	2
1071	1060	2
1060	1063	0
1063	1060	0
1060	1063	1
1063	1060	1
1060	1063	2
1063	1060	2
1060	1076	0
1076	1060	0
1060	1076	1
1076	1060	1
1060	1076	2
1076	1060	2
1061	1072	0
1072	1061	0
1061	1072	1
1072	1061	1
1061	1072	2
1072	1061	2
1061	1063	0
1063	1061	0
1061	1063	1
1063	1061	1
1061	1063	2
1063	1061	2
1063	1074	0
1074	1063	0
1063	1074	1
1074	1063	1
1063	1074	2
1074	1063	2
1064	1069	0
1069	1064	0
1064	1069	1
1069	1064	1
1064	1069	2
1069	1064	2
1065	1074	0
1074	1065	0
1065	1074	1
1074	1065	1
1065	1074	2
1074	1065	2
1066	1069	0
1069	1066	0
1066	1069	1
1069	1066	1
1066	1069	2
1069	1066	2
1067	1068	0
1068	1067	0
1067	1068	1
1068	1067	1
1067	1068	2
1068	1067	2
1070	1072	0
1072	1070	0
1070	1072	1
1072	1070	1
1070	1072	2
1072	1070	2
1071	1074	0
1074	1071	0
1071	1074	1
1074	1071	1
1071	1074	2
1074	1071	2
1072	1074	0
1074	1072	0
1072	1074	1
1074	1072	1
1072	1074	2
1074	1072	2
1077	1099	0
1099	1077	0
1077	1099	1
1099	1077	1
1077	1099	2
1099	1077	2
1077	1119	0
1119	1077	0
1077	1119	1
1119	1077	1
1077	1119	2
1119	1077	2
1077	1114	0
1114	1077	0
1077	1114	1
1114	1077	1
1077	1114	2
1114	1077	2
1077	1094	0
1094	1077	0
1077	1094	1
1094	1077	1
1077	1094	2
1094	1077	2
1078	1114	0
1114	1078	0
1078	1114	1
1114	1078	1
1078	1114	2
1114	1078	2
1078	1121	0
1121	1078	0
1078	1121	1
1121	1078	1
1078	1121	2
1121	1078	2
1078	1095	0
1095	1078	0
1078	1095	1
1095	1078	1
1078	1095	2
1095	1078	2
1078	1139	0
1139	1078	0
1078	1139	1
1139	1078	1
1078	1139	2
1139	1078	2
1079	1089	0
1089	1079	0
1079	1089	1
1089	1079	1
1079	1089	2
1089	1079	2
1079	1105	0
1105	1079	0
1079	1105	1
1105	1079	1
1079	1105	2
1105	1079	2
1079	1113	0
1113	1079	0
1079	1113	1
1113	1079	1
1079	1113	2
1113	1079	2
1079	1093	0
1093	1079	0
1079	1093	1
1093	1079	1
1079	1093	2
1093	1079	2
1079	1104	0
1104	1079	0
1079	1104	1
1104	1079	1
1079	1104	2
1104	1079	2
1079	1115	0
1115	1079	0
1079	1115	1
1115	1079	1
1079	1115	2
1115	1079	2
1079	1131	0
1131	1079	0
1079	1131	1
1131	1079	1
1079	1131	2
1131	1079	2
1080	1089	0
1089	1080	0
1080	1089	1
1089	1080	1
1080	1089	2
1089	1080	2
1080	1113	0
1113	1080	0
1080	1113	1
1113	1080	1
1080	1113	2
1113	1080	2
1080	1131	0
1131	1080	0
1080	1131	1
1131	1080	1
1080	1131	2
1131	1080	2
1081	1090	0
1090	1081	0
1081	1090	1
1090	1081	1
1081	1090	2
1090	1081	2
1081	1098	0
1098	1081	0
1081	1098	1
1098	1081	1
1081	1098	2
1098	1081	2
1081	1134	0
1134	1081	0
1081	1134	1
1134	1081	1
1081	1134	2
1134	1081	2
1081	1108	0
1108	1081	0
1081	1108	1
1108	1081	1
1081	1108	2
1108	1081	2
1081	1109	0
1109	1081	0
1081	1109	1
1109	1081	1
1081	1109	2
1109	1081	2
1081	1116	0
1116	1081	0
1081	1116	1
1116	1081	1
1081	1116	2
1116	1081	2
1081	1117	0
1117	1081	0
1081	1117	1
1117	1081	1
1081	1117	2
1117	1081	2
1081	1130	0
1130	1081	0
1081	1130	1
1130	1081	1
1081	1130	2
1130	1081	2
1081	1129	0
1129	1081	0
1081	1129	1
1129	1081	1
1081	1129	2
1129	1081	2
1082	1091	0
1091	1082	0
1082	1091	1
1091	1082	1
1082	1091	2
1091	1082	2
1082	1103	0
1103	1082	0
1082	1103	1
1103	1082	1
1082	1103	2
1103	1082	2
1082	1107	0
1107	1082	0
1082	1107	1
1107	1082	1
1082	1107	2
1107	1082	2
1082	1109	0
1109	1082	0
1082	1109	1
1109	1082	1
1082	1109	2
1109	1082	2
1083	1089	0
1089	1083	0
1083	1089	1
1089	1083	1
1083	1089	2
1089	1083	2
1083	1113	0
1113	1083	0
1083	1113	1
1113	1083	1
1083	1113	2
1113	1083	2
1083	1131	0
1131	1083	0
1083	1131	1
1131	1083	1
1083	1131	2
1131	1083	2
1083	1085	0
1085	1083	0
1083	1085	1
1085	1083	1
1083	1085	2
1085	1083	2
1083	1104	0
1104	1083	0
1083	1104	1
1104	1083	1
1083	1104	2
1104	1083	2
1084	1096	0
1096	1084	0
1084	1096	1
1096	1084	1
1084	1096	2
1096	1084	2
1084	1104	0
1104	1084	0
1084	1104	1
1104	1084	1
1084	1104	2
1104	1084	2
1084	1110	0
1110	1084	0
1084	1110	1
1110	1084	1
1084	1110	2
1110	1084	2
1084	1115	0
1115	1084	0
1084	1115	1
1115	1084	1
1084	1115	2
1115	1084	2
1085	1089	0
1089	1085	0
1085	1089	1
1089	1085	1
1085	1089	2
1089	1085	2
1085	1131	0
1131	1085	0
1085	1131	1
1131	1085	1
1085	1131	2
1131	1085	2
1085	1113	0
1113	1085	0
1085	1113	1
1113	1085	1
1085	1113	2
1113	1085	2
1085	1088	0
1088	1085	0
1085	1088	1
1088	1085	1
1085	1088	2
1088	1085	2
1085	1115	0
1115	1085	0
1085	1115	1
1115	1085	1
1085	1115	2
1115	1085	2
1086	1120	0
1120	1086	0
1086	1120	1
1120	1086	1
1086	1120	2
1120	1086	2
1086	1096	0
1096	1086	0
1086	1096	1
1096	1086	1
1086	1096	2
1096	1086	2
1086	1089	0
1089	1086	0
1086	1089	1
1089	1086	1
1086	1089	2
1089	1086	2
1086	1113	0
1113	1086	0
1086	1113	1
1113	1086	1
1086	1113	2
1113	1086	2
1087	1089	0
1089	1087	0
1087	1089	1
1089	1087	1
1087	1089	2
1089	1087	2
1087	1131	0
1131	1087	0
1087	1131	1
1131	1087	1
1087	1131	2
1131	1087	2
1087	1113	0
1113	1087	0
1087	1113	1
1113	1087	1
1087	1113	2
1113	1087	2
1087	1092	0
1092	1087	0
1087	1092	1
1092	1087	1
1087	1092	2
1092	1087	2
1087	1135	0
1135	1087	0
1087	1135	1
1135	1087	1
1087	1135	2
1135	1087	2
1088	1093	0
1093	1088	0
1088	1093	1
1093	1088	1
1088	1093	2
1093	1088	2
1088	1096	0
1096	1088	0
1088	1096	1
1096	1088	1
1088	1096	2
1096	1088	2
1088	1131	0
1131	1088	0
1088	1131	1
1131	1088	1
1088	1131	2
1131	1088	2
1088	1104	0
1104	1088	0
1088	1104	1
1104	1088	1
1088	1104	2
1104	1088	2
1088	1110	0
1110	1088	0
1088	1110	1
1110	1088	1
1088	1110	2
1110	1088	2
1088	1115	0
1115	1088	0
1088	1115	1
1115	1088	1
1088	1115	2
1115	1088	2
1089	1105	0
1105	1089	0
1089	1105	1
1105	1089	1
1089	1105	2
1105	1089	2
1089	1097	0
1097	1089	0
1089	1097	1
1097	1089	1
1089	1097	2
1097	1089	2
1090	1102	0
1102	1090	0
1090	1102	1
1102	1090	1
1090	1102	2
1102	1090	2
1090	1127	0
1127	1090	0
1090	1127	1
1127	1090	1
1090	1127	2
1127	1090	2
1090	1109	0
1109	1090	0
1090	1109	1
1109	1090	1
1090	1109	2
1109	1090	2
1091	1128	0
1128	1091	0
1091	1128	1
1128	1091	1
1091	1128	2
1128	1091	2
1091	1107	0
1107	1091	0
1091	1107	1
1107	1091	1
1091	1107	2
1107	1091	2
1091	1116	0
1116	1091	0
1091	1116	1
1116	1091	1
1091	1116	2
1116	1091	2
1091	1117	0
1117	1091	0
1091	1117	1
1117	1091	1
1091	1117	2
1117	1091	2
1091	1109	0
1109	1091	0
1091	1109	1
1109	1091	1
1091	1109	2
1109	1091	2
1092	1106	0
1106	1092	0
1092	1106	1
1106	1092	1
1092	1106	2
1106	1092	2
1092	1096	0
1096	1092	0
1092	1096	1
1096	1092	1
1092	1096	2
1096	1092	2
1092	1110	0
1110	1092	0
1092	1110	1
1110	1092	1
1092	1110	2
1110	1092	2
1093	1096	0
1096	1093	0
1093	1096	1
1096	1093	1
1093	1096	2
1096	1093	2
1093	1104	0
1104	1093	0
1093	1104	1
1104	1093	1
1093	1104	2
1104	1093	2
1093	1110	0
1110	1093	0
1093	1110	1
1110	1093	1
1093	1110	2
1110	1093	2
1093	1115	0
1115	1093	0
1093	1115	1
1115	1093	1
1093	1115	2
1115	1093	2
1094	1136	0
1136	1094	0
1094	1136	1
1136	1094	1
1094	1136	2
1136	1094	2
1094	1125	0
1125	1094	0
1094	1125	1
1125	1094	1
1094	1125	2
1125	1094	2
1094	1099	0
1099	1094	0
1094	1099	1
1099	1094	1
1094	1099	2
1099	1094	2
1094	1126	0
1126	1094	0
1094	1126	1
1126	1094	1
1094	1126	2
1126	1094	2
1095	1136	0
1136	1095	0
1095	1136	1
1136	1095	1
1095	1136	2
1136	1095	2
1095	1125	0
1125	1095	0
1095	1125	1
1125	1095	1
1095	1125	2
1125	1095	2
1095	1099	0
1099	1095	0
1095	1099	1
1099	1095	1
1095	1099	2
1099	1095	2
1096	1104	0
1104	1096	0
1096	1104	1
1104	1096	1
1096	1104	2
1104	1096	2
1096	1135	0
1135	1096	0
1096	1135	1
1135	1096	1
1096	1135	2
1135	1096	2
1097	1120	0
1120	1097	0
1097	1120	1
1120	1097	1
1097	1120	2
1120	1097	2
1097	1131	0
1131	1097	0
1097	1131	1
1131	1097	1
1097	1131	2
1131	1097	2
1097	1113	0
1113	1097	0
1097	1113	1
1113	1097	1
1097	1113	2
1113	1097	2
1098	1102	0
1102	1098	0
1098	1102	1
1102	1098	1
1098	1102	2
1102	1098	2
1098	1127	0
1127	1098	0
1098	1127	1
1127	1098	1
1098	1127	2
1127	1098	2
1098	1109	0
1109	1098	0
1098	1109	1
1109	1098	1
1098	1109	2
1109	1098	2
1099	1139	0
1139	1099	0
1099	1139	1
1139	1099	1
1099	1139	2
1139	1099	2
1099	1121	0
1121	1099	0
1099	1121	1
1121	1099	1
1099	1121	2
1121	1099	2
1100	1120	0
1120	1100	0
1100	1120	1
1120	1100	1
1100	1120	2
1120	1100	2
1100	1138	0
1138	1100	0
1100	1138	1
1138	1100	1
1100	1138	2
1138	1100	2
1100	1119	0
1119	1100	0
1100	1119	1
1119	1100	1
1100	1119	2
1119	1100	2
1101	1106	0
1106	1101	0
1101	1106	1
1106	1101	1
1101	1106	2
1106	1101	2
1101	1119	0
1119	1101	0
1101	1119	1
1119	1101	1
1101	1119	2
1119	1101	2
1102	1134	0
1134	1102	0
1102	1134	1
1134	1102	1
1102	1134	2
1134	1102	2
1102	1108	0
1108	1102	0
1102	1108	1
1108	1102	1
1102	1108	2
1108	1102	2
1102	1116	0
1116	1102	0
1102	1116	1
1116	1102	1
1102	1116	2
1116	1102	2
1102	1117	0
1117	1102	0
1102	1117	1
1117	1102	1
1102	1117	2
1117	1102	2
1102	1130	0
1130	1102	0
1102	1130	1
1130	1102	1
1102	1130	2
1130	1102	2
1102	1129	0
1129	1102	0
1102	1129	1
1129	1102	1
1102	1129	2
1129	1102	2
1103	1128	0
1128	1103	0
1103	1128	1
1128	1103	1
1103	1128	2
1128	1103	2
1103	1134	0
1134	1103	0
1103	1134	1
1134	1103	1
1103	1134	2
1134	1103	2
1103	1107	0
1107	1103	0
1103	1107	1
1107	1103	1
1103	1107	2
1107	1103	2
1103	1108	0
1108	1103	0
1103	1108	1
1108	1103	1
1103	1108	2
1108	1103	2
1104	1110	0
1110	1104	0
1104	1110	1
1110	1104	1
1104	1110	2
1110	1104	2
1104	1105	0
1105	1104	0
1104	1105	1
1105	1104	1
1104	1105	2
1105	1104	2
1104	1115	0
1115	1104	0
1104	1115	1
1115	1104	1
1104	1115	2
1115	1104	2
1105	1113	0
1113	1105	0
1105	1113	1
1113	1105	1
1105	1113	2
1113	1105	2
1105	1131	0
1131	1105	0
1105	1131	1
1131	1105	1
1105	1131	2
1131	1105	2
1106	1135	0
1135	1106	0
1106	1135	1
1135	1106	1
1106	1135	2
1135	1106	2
1106	1123	0
1123	1106	0
1106	1123	1
1123	1106	1
1106	1123	2
1123	1106	2
1106	1118	0
1118	1106	0
1106	1118	1
1118	1106	1
1106	1118	2
1118	1106	2
1107	1128	0
1128	1107	0
1107	1128	1
1128	1107	1
1107	1128	2
1128	1107	2
1107	1134	0
1134	1107	0
1107	1134	1
1134	1107	1
1107	1134	2
1134	1107	2
1107	1109	0
1109	1107	0
1107	1109	1
1109	1107	1
1107	1109	2
1109	1107	2
1108	1128	0
1128	1108	0
1108	1128	1
1128	1108	1
1108	1128	2
1128	1108	2
1109	1134	0
1134	1109	0
1109	1134	1
1134	1109	1
1109	1134	2
1134	1109	2
1109	1116	0
1116	1109	0
1109	1116	1
1116	1109	1
1109	1116	2
1116	1109	2
1109	1117	0
1117	1109	0
1109	1117	1
1117	1109	1
1109	1117	2
1117	1109	2
1110	1131	0
1131	1110	0
1110	1131	1
1131	1110	1
1110	1131	2
1131	1110	2
1110	1135	0
1135	1110	0
1110	1135	1
1135	1110	1
1110	1135	2
1135	1110	2
1111	1128	0
1128	1111	0
1111	1128	1
1128	1111	1
1111	1128	2
1128	1111	2
1112	1128	0
1128	1112	0
1112	1128	1
1128	1112	1
1112	1128	2
1128	1112	2
1114	1136	0
1136	1114	0
1114	1136	1
1136	1114	1
1114	1136	2
1136	1114	2
1114	1126	0
1126	1114	0
1114	1126	1
1126	1114	1
1114	1126	2
1126	1114	2
1116	1134	0
1134	1116	0
1116	1134	1
1134	1116	1
1116	1134	2
1134	1116	2
1116	1117	0
1117	1116	0
1116	1117	1
1117	1116	1
1116	1117	2
1117	1116	2
1116	1127	0
1127	1116	0
1116	1127	1
1127	1116	1
1116	1127	2
1127	1116	2
1117	1128	0
1128	1117	0
1117	1128	1
1128	1117	1
1117	1128	2
1128	1117	2
1118	1138	0
1138	1118	0
1118	1138	1
1138	1118	1
1118	1138	2
1138	1118	2
1118	1139	0
1139	1118	0
1118	1139	1
1139	1118	1
1118	1139	2
1139	1118	2
1119	1138	0
1138	1119	0
1119	1138	1
1138	1119	1
1119	1138	2
1138	1119	2
1119	1126	0
1126	1119	0
1119	1126	1
1126	1119	1
1119	1126	2
1126	1119	2
1120	1138	0
1138	1120	0
1120	1138	1
1138	1120	1
1120	1138	2
1138	1120	2
1121	1137	0
1137	1121	0
1121	1137	1
1137	1121	1
1121	1137	2
1137	1121	2
1121	1140	0
1140	1121	0
1121	1140	1
1140	1121	1
1121	1140	2
1140	1121	2
1121	1125	0
1125	1121	0
1121	1125	1
1125	1121	1
1121	1125	2
1125	1121	2
1122	1127	0
1127	1122	0
1122	1127	1
1127	1122	1
1122	1127	2
1127	1122	2
1123	1139	0
1139	1123	0
1123	1139	1
1139	1123	1
1123	1139	2
1139	1123	2
1124	1127	0
1127	1124	0
1124	1127	1
1127	1124	1
1124	1127	2
1127	1124	2
1125	1126	0
1126	1125	0
1125	1126	1
1126	1125	1
1125	1126	2
1126	1125	2
1125	1139	0
1139	1125	0
1125	1139	1
1139	1125	1
1125	1139	2
1139	1125	2
1128	1134	0
1134	1128	0
1128	1134	1
1134	1128	1
1128	1134	2
1134	1128	2
1128	1132	0
1132	1128	0
1128	1132	1
1132	1128	1
1128	1132	2
1132	1128	2
1128	1133	0
1133	1128	0
1128	1133	1
1133	1128	1
1128	1133	2
1133	1128	2
1141	1149	0
1149	1141	0
1141	1149	1
1149	1141	1
1141	1149	2
1149	1141	2
1143	1154	0
1154	1143	0
1143	1154	1
1154	1143	1
1143	1154	2
1154	1143	2
1143	1147	0
1147	1143	0
1143	1147	1
1147	1143	1
1143	1147	2
1147	1143	2
1143	1148	0
1148	1143	0
1143	1148	1
1148	1143	1
1143	1148	2
1148	1143	2
1143	1157	0
1157	1143	0
1143	1157	1
1157	1143	1
1143	1157	2
1157	1143	2
1143	1145	0
1145	1143	0
1143	1145	1
1145	1143	1
1143	1145	2
1145	1143	2
1144	1153	0
1153	1144	0
1144	1153	1
1153	1144	1
1144	1153	2
1153	1144	2
1144	1158	0
1158	1144	0
1144	1158	1
1158	1144	1
1144	1158	2
1158	1144	2
1144	1146	0
1146	1144	0
1144	1146	1
1146	1144	1
1144	1146	2
1146	1144	2
1144	1150	0
1150	1144	0
1144	1150	1
1150	1144	1
1144	1150	2
1150	1144	2
1145	1148	0
1148	1145	0
1145	1148	1
1148	1145	1
1145	1148	2
1148	1145	2
1145	1157	0
1157	1145	0
1145	1157	1
1157	1145	1
1145	1157	2
1157	1145	2
1145	1158	0
1158	1145	0
1145	1158	1
1158	1145	1
1145	1158	2
1158	1145	2
1146	1153	0
1153	1146	0
1146	1153	1
1153	1146	1
1146	1153	2
1153	1146	2
1146	1155	0
1155	1146	0
1146	1155	1
1155	1146	1
1146	1155	2
1155	1146	2
1146	1158	0
1158	1146	0
1146	1158	1
1158	1146	1
1146	1158	2
1158	1146	2
1146	1157	0
1157	1146	0
1146	1157	1
1157	1146	1
1146	1157	2
1157	1146	2
1147	1148	0
1148	1147	0
1147	1148	1
1148	1147	1
1147	1148	2
1148	1147	2
1148	1154	0
1154	1148	0
1148	1154	1
1154	1148	1
1148	1154	2
1154	1148	2
1148	1157	0
1157	1148	0
1148	1157	1
1157	1148	1
1148	1157	2
1157	1148	2
1148	1150	0
1150	1148	0
1148	1150	1
1150	1148	1
1148	1150	2
1150	1148	2
1150	1153	0
1153	1150	0
1150	1153	1
1153	1150	1
1150	1153	2
1153	1150	2
1150	1155	0
1155	1150	0
1150	1155	1
1155	1150	1
1150	1155	2
1155	1150	2
1153	1155	0
1155	1153	0
1153	1155	1
1155	1153	1
1153	1155	2
1155	1153	2
1153	1158	0
1158	1153	0
1153	1158	1
1158	1153	1
1153	1158	2
1158	1153	2
1155	1158	0
1158	1155	0
1155	1158	1
1158	1155	1
1155	1158	2
1158	1155	2
1159	1161	0
1161	1159	0
1159	1161	1
1161	1159	1
1159	1161	2
1161	1159	2
1159	1178	0
1178	1159	0
1159	1178	1
1178	1159	1
1159	1178	2
1178	1159	2
1160	1172	0
1172	1160	0
1160	1172	1
1172	1160	1
1160	1172	2
1172	1160	2
1160	1178	0
1178	1160	0
1160	1178	1
1178	1160	1
1160	1178	2
1178	1160	2
1161	1177	0
1177	1161	0
1161	1177	1
1177	1161	1
1161	1177	2
1177	1161	2
1162	1174	0
1174	1162	0
1162	1174	1
1174	1162	1
1162	1174	2
1174	1162	2
1162	1177	0
1177	1162	0
1162	1177	1
1177	1162	1
1162	1177	2
1177	1162	2
1163	1165	0
1165	1163	0
1163	1165	1
1165	1163	1
1163	1165	2
1165	1163	2
1163	1166	0
1166	1163	0
1163	1166	1
1166	1163	1
1163	1166	2
1166	1163	2
1164	1176	0
1176	1164	0
1164	1176	1
1176	1164	1
1164	1176	2
1176	1164	2
1164	1165	0
1165	1164	0
1164	1165	1
1165	1164	1
1164	1165	2
1165	1164	2
1166	1176	0
1176	1166	0
1166	1176	1
1176	1166	1
1166	1176	2
1176	1166	2
1168	1170	0
1170	1168	0
1168	1170	1
1170	1168	1
1168	1170	2
1170	1168	2
1168	1175	0
1175	1168	0
1168	1175	1
1175	1168	1
1168	1175	2
1175	1168	2
1169	1171	0
1171	1169	0
1169	1171	1
1171	1169	1
1169	1171	2
1171	1169	2
1172	1177	0
1177	1172	0
1172	1177	1
1177	1172	1
1172	1177	2
1177	1172	2
1173	1176	0
1176	1173	0
1173	1176	1
1176	1173	1
1173	1176	2
1176	1173	2
1174	1177	0
1177	1174	0
1174	1177	1
1177	1174	1
1174	1177	2
1177	1174	2
1179	1209	0
1209	1179	0
1179	1209	1
1209	1179	1
1179	1209	2
1209	1179	2
1179	1187	0
1187	1179	0
1179	1187	1
1187	1179	1
1179	1187	2
1187	1179	2
1179	1186	0
1186	1179	0
1179	1186	1
1186	1179	1
1179	1186	2
1186	1179	2
1179	1194	0
1194	1179	0
1179	1194	1
1194	1179	1
1179	1194	2
1194	1179	2
1180	1202	0
1202	1180	0
1180	1202	1
1202	1180	1
1180	1202	2
1202	1180	2
1180	1187	0
1187	1180	0
1180	1187	1
1187	1180	1
1180	1187	2
1187	1180	2
1180	1186	0
1186	1180	0
1180	1186	1
1186	1180	1
1180	1186	2
1186	1180	2
1180	1194	0
1194	1180	0
1180	1194	1
1194	1180	1
1180	1194	2
1194	1180	2
1181	1185	0
1185	1181	0
1181	1185	1
1185	1181	1
1181	1185	2
1185	1181	2
1181	1207	0
1207	1181	0
1181	1207	1
1207	1181	1
1181	1207	2
1207	1181	2
1181	1196	0
1196	1181	0
1181	1196	1
1196	1181	1
1181	1196	2
1196	1181	2
1181	1200	0
1200	1181	0
1181	1200	1
1200	1181	1
1181	1200	2
1200	1181	2
1181	1201	0
1201	1181	0
1181	1201	1
1201	1181	1
1181	1201	2
1201	1181	2
1182	1184	0
1184	1182	0
1182	1184	1
1184	1182	1
1182	1184	2
1184	1182	2
1182	1196	0
1196	1182	0
1182	1196	1
1196	1182	1
1182	1196	2
1196	1182	2
1182	1200	0
1200	1182	0
1182	1200	1
1200	1182	1
1182	1200	2
1200	1182	2
1182	1201	0
1201	1182	0
1182	1201	1
1201	1182	1
1182	1201	2
1201	1182	2
1183	1187	0
1187	1183	0
1183	1187	1
1187	1183	1
1183	1187	2
1187	1183	2
1183	1198	0
1198	1183	0
1183	1198	1
1198	1183	1
1183	1198	2
1198	1183	2
1183	1190	0
1190	1183	0
1183	1190	1
1190	1183	1
1183	1190	2
1190	1183	2
1183	1191	0
1191	1183	0
1183	1191	1
1191	1183	1
1183	1191	2
1191	1183	2
1183	1209	0
1209	1183	0
1183	1209	1
1209	1183	1
1183	1209	2
1209	1183	2
1184	1210	0
1210	1184	0
1184	1210	1
1210	1184	1
1184	1210	2
1210	1184	2
1184	1208	0
1208	1184	0
1184	1208	1
1208	1184	1
1184	1208	2
1208	1184	2
1184	1197	0
1197	1184	0
1184	1197	1
1197	1184	1
1184	1197	2
1197	1184	2
1185	1203	0
1203	1185	0
1185	1203	1
1203	1185	1
1185	1203	2
1203	1185	2
1186	1204	0
1204	1186	0
1186	1204	1
1204	1186	1
1186	1204	2
1204	1186	2
1186	1202	0
1202	1186	0
1186	1202	1
1202	1186	1
1186	1202	2
1202	1186	2
1187	1202	0
1202	1187	0
1187	1202	1
1202	1187	1
1187	1202	2
1202	1187	2
1188	1199	0
1199	1188	0
1188	1199	1
1199	1188	1
1188	1199	2
1199	1188	2
1188	1211	0
1211	1188	0
1188	1211	1
1211	1188	1
1188	1211	2
1211	1188	2
1189	1192	0
1192	1189	0
1189	1192	1
1192	1189	1
1189	1192	2
1192	1189	2
1189	1195	0
1195	1189	0
1189	1195	1
1195	1189	1
1189	1195	2
1195	1189	2
1189	1199	0
1199	1189	0
1189	1199	1
1199	1189	1
1189	1199	2
1199	1189	2
1190	1204	0
1204	1190	0
1190	1204	1
1204	1190	1
1190	1204	2
1204	1190	2
1191	1204	0
1204	1191	0
1191	1204	1
1204	1191	1
1191	1204	2
1204	1191	2
1191	1209	0
1209	1191	0
1191	1209	1
1209	1191	1
1191	1209	2
1209	1191	2
1193	1211	0
1211	1193	0
1193	1211	1
1211	1193	1
1193	1211	2
1211	1193	2
1194	1204	0
1204	1194	0
1194	1204	1
1204	1194	1
1194	1204	2
1204	1194	2
1194	1202	0
1202	1194	0
1194	1202	1
1202	1194	1
1194	1202	2
1202	1194	2
1196	1203	0
1203	1196	0
1196	1203	1
1203	1196	1
1196	1203	2
1203	1196	2
1198	1204	0
1204	1198	0
1198	1204	1
1204	1198	1
1198	1204	2
1204	1198	2
1200	1203	0
1203	1200	0
1200	1203	1
1203	1200	1
1200	1203	2
1203	1200	2
1201	1203	0
1203	1201	0
1201	1203	1
1203	1201	1
1201	1203	2
1203	1201	2
1202	1209	0
1209	1202	0
1202	1209	1
1209	1202	1
1202	1209	2
1209	1202	2
1203	1207	0
1207	1203	0
1203	1207	1
1207	1203	1
1203	1207	2
1207	1203	2
1204	1209	0
1209	1204	0
1204	1209	1
1209	1204	1
1204	1209	2
1209	1204	2
1212	1235	0
1235	1212	0
1212	1235	1
1235	1212	1
1212	1235	2
1235	1212	2
1212	1238	0
1238	1212	0
1212	1238	1
1238	1212	1
1212	1238	2
1238	1212	2
1213	1235	0
1235	1213	0
1213	1235	1
1235	1213	1
1213	1235	2
1235	1213	2
1213	1239	0
1239	1213	0
1213	1239	1
1239	1213	1
1213	1239	2
1239	1213	2
1214	1219	0
1219	1214	0
1214	1219	1
1219	1214	1
1214	1219	2
1219	1214	2
1214	1220	0
1220	1214	0
1214	1220	1
1220	1214	1
1214	1220	2
1220	1214	2
1214	1221	0
1221	1214	0
1214	1221	1
1221	1214	1
1214	1221	2
1221	1214	2
1214	1232	0
1232	1214	0
1214	1232	1
1232	1214	1
1214	1232	2
1232	1214	2
1214	1228	0
1228	1214	0
1214	1228	1
1228	1214	1
1214	1228	2
1228	1214	2
1215	1240	0
1240	1215	0
1215	1240	1
1240	1215	1
1215	1240	2
1240	1215	2
1215	1233	0
1233	1215	0
1215	1233	1
1233	1215	1
1215	1233	2
1233	1215	2
1215	1222	0
1222	1215	0
1215	1222	1
1222	1215	1
1215	1222	2
1222	1215	2
1216	1228	0
1228	1216	0
1216	1228	1
1228	1216	1
1216	1228	2
1228	1216	2
1216	1224	0
1224	1216	0
1216	1224	1
1224	1216	1
1216	1224	2
1224	1216	2
1216	1225	0
1225	1216	0
1216	1225	1
1225	1216	1
1216	1225	2
1225	1216	2
1216	1226	0
1226	1216	0
1216	1226	1
1226	1216	1
1216	1226	2
1226	1216	2
1217	1240	0
1240	1217	0
1217	1240	1
1240	1217	1
1217	1240	2
1240	1217	2
1217	1227	0
1227	1217	0
1217	1227	1
1227	1217	1
1217	1227	2
1227	1217	2
1217	1230	0
1230	1217	0
1217	1230	1
1230	1217	1
1217	1230	2
1230	1217	2
1217	1231	0
1231	1217	0
1217	1231	1
1231	1217	1
1217	1231	2
1231	1217	2
1218	1222	0
1222	1218	0
1218	1222	1
1222	1218	1
1218	1222	2
1222	1218	2
1218	1233	0
1233	1218	0
1218	1233	1
1233	1218	1
1218	1233	2
1233	1218	2
1218	1232	0
1232	1218	0
1218	1232	1
1232	1218	1
1218	1232	2
1232	1218	2
1219	1229	0
1229	1219	0
1219	1229	1
1229	1219	1
1219	1229	2
1229	1219	2
1219	1237	0
1237	1219	0
1219	1237	1
1237	1219	1
1219	1237	2
1237	1219	2
1219	1232	0
1232	1219	0
1219	1232	1
1232	1219	1
1219	1232	2
1232	1219	2
1220	1229	0
1229	1220	0
1220	1229	1
1229	1220	1
1220	1229	2
1229	1220	2
1220	1237	0
1237	1220	0
1220	1237	1
1237	1220	1
1220	1237	2
1237	1220	2
1220	1222	0
1222	1220	0
1220	1222	1
1222	1220	1
1220	1222	2
1222	1220	2
1221	1229	0
1229	1221	0
1221	1229	1
1229	1221	1
1221	1229	2
1229	1221	2
1221	1237	0
1237	1221	0
1221	1237	1
1237	1221	1
1221	1237	2
1237	1221	2
1221	1232	0
1232	1221	0
1221	1232	1
1232	1221	1
1221	1232	2
1232	1221	2
1223	1236	0
1236	1223	0
1223	1236	1
1236	1223	1
1223	1236	2
1236	1223	2
1223	1224	0
1224	1223	0
1223	1224	1
1224	1223	1
1223	1224	2
1224	1223	2
1223	1225	0
1225	1223	0
1223	1225	1
1225	1223	1
1223	1225	2
1225	1223	2
1223	1228	0
1228	1223	0
1223	1228	1
1228	1223	1
1223	1228	2
1228	1223	2
1225	1231	0
1231	1225	0
1225	1231	1
1231	1225	1
1225	1231	2
1231	1225	2
1226	1240	0
1240	1226	0
1226	1240	1
1240	1226	1
1226	1240	2
1240	1226	2
1226	1227	0
1227	1226	0
1226	1227	1
1227	1226	1
1226	1227	2
1227	1226	2
1226	1230	0
1230	1226	0
1226	1230	1
1230	1226	1
1226	1230	2
1230	1226	2
1226	1231	0
1231	1226	0
1226	1231	1
1231	1226	1
1226	1231	2
1231	1226	2
1227	1236	0
1236	1227	0
1227	1236	1
1236	1227	1
1227	1236	2
1236	1227	2
1230	1236	0
1236	1230	0
1230	1236	1
1236	1230	1
1230	1236	2
1236	1230	2
1231	1236	0
1236	1231	0
1231	1236	1
1236	1231	1
1231	1236	2
1236	1231	2
1235	1239	0
1239	1235	0
1235	1239	1
1239	1235	1
1235	1239	2
1239	1235	2
1236	1240	0
1240	1236	0
1236	1240	1
1240	1236	1
1236	1240	2
1240	1236	2
1241	1249	0
1249	1241	0
1241	1249	1
1249	1241	1
1241	1249	2
1249	1241	2
1241	1257	0
1257	1241	0
1241	1257	1
1257	1241	1
1241	1257	2
1257	1241	2
1241	1260	0
1260	1241	0
1241	1260	1
1260	1241	1
1241	1260	2
1260	1241	2
1242	1249	0
1249	1242	0
1242	1249	1
1249	1242	1
1242	1249	2
1249	1242	2
1242	1257	0
1257	1242	0
1242	1257	1
1257	1242	1
1242	1257	2
1257	1242	2
1242	1260	0
1260	1242	0
1242	1260	1
1260	1242	1
1242	1260	2
1260	1242	2
1243	1248	0
1248	1243	0
1243	1248	1
1248	1243	1
1243	1248	2
1248	1243	2
1243	1254	0
1254	1243	0
1243	1254	1
1254	1243	1
1243	1254	2
1254	1243	2
1243	1246	0
1246	1243	0
1243	1246	1
1246	1243	1
1243	1246	2
1246	1243	2
1244	1247	0
1247	1244	0
1244	1247	1
1247	1244	1
1244	1247	2
1247	1244	2
1245	1250	0
1250	1245	0
1245	1250	1
1250	1245	1
1245	1250	2
1250	1245	2
1246	1259	0
1259	1246	0
1246	1259	1
1259	1246	1
1246	1259	2
1259	1246	2
1247	1256	0
1256	1247	0
1247	1256	1
1256	1247	1
1247	1256	2
1256	1247	2
1248	1259	0
1259	1248	0
1248	1259	1
1259	1248	1
1248	1259	2
1259	1248	2
1249	1253	0
1253	1249	0
1249	1253	1
1253	1249	1
1249	1253	2
1253	1249	2
1250	1253	0
1253	1250	0
1250	1253	1
1253	1250	1
1250	1253	2
1253	1250	2
1251	1258	0
1258	1251	0
1251	1258	1
1258	1251	1
1251	1258	2
1258	1251	2
1251	1253	0
1253	1251	0
1251	1253	1
1253	1251	1
1251	1253	2
1253	1251	2
1252	1260	0
1260	1252	0
1252	1260	1
1260	1252	1
1252	1260	2
1260	1252	2
1253	1257	0
1257	1253	0
1253	1257	1
1257	1253	1
1253	1257	2
1257	1253	2
1254	1259	0
1259	1254	0
1254	1259	1
1259	1254	1
1254	1259	2
1259	1254	2
1255	1260	0
1260	1255	0
1255	1260	1
1260	1255	1
1255	1260	2
1260	1255	2
1258	1260	0
1260	1258	0
1258	1260	1
1260	1258	1
1258	1260	2
1260	1258	2
1261	1290	0
1290	1261	0
1261	1290	1
1290	1261	1
1261	1290	2
1290	1261	2
1261	1272	0
1272	1261	0
1261	1272	1
1272	1261	1
1261	1272	2
1272	1261	2
1261	1276	0
1276	1261	0
1261	1276	1
1276	1261	1
1261	1276	2
1276	1261	2
1261	1283	0
1283	1261	0
1261	1283	1
1283	1261	1
1261	1283	2
1283	1261	2
1262	1290	0
1290	1262	0
1262	1290	1
1290	1262	1
1262	1290	2
1290	1262	2
1262	1272	0
1272	1262	0
1262	1272	1
1272	1262	1
1262	1272	2
1272	1262	2
1262	1276	0
1276	1262	0
1262	1276	1
1276	1262	1
1262	1276	2
1276	1262	2
1262	1283	0
1283	1262	0
1262	1283	1
1283	1262	1
1262	1283	2
1283	1262	2
1263	1277	0
1277	1263	0
1263	1277	1
1277	1263	1
1263	1277	2
1277	1263	2
1264	1278	0
1278	1264	0
1264	1278	1
1278	1264	1
1264	1278	2
1278	1264	2
1266	1285	0
1285	1266	0
1266	1285	1
1285	1266	1
1266	1285	2
1285	1266	2
1266	1286	0
1286	1266	0
1266	1286	1
1286	1266	1
1266	1286	2
1286	1266	2
1268	1287	0
1287	1268	0
1268	1287	1
1287	1268	1
1268	1287	2
1287	1268	2
1268	1288	0
1288	1268	0
1268	1288	1
1288	1268	1
1268	1288	2
1288	1268	2
1268	1289	0
1289	1268	0
1268	1289	1
1289	1268	1
1268	1289	2
1289	1268	2
1269	1280	0
1280	1269	0
1269	1280	1
1280	1269	1
1269	1280	2
1280	1269	2
1269	1283	0
1283	1269	0
1269	1283	1
1283	1269	1
1269	1283	2
1283	1269	2
1269	1291	0
1291	1269	0
1269	1291	1
1291	1269	1
1269	1291	2
1291	1269	2
1269	1277	0
1277	1269	0
1269	1277	1
1277	1269	1
1269	1277	2
1277	1269	2
1270	1284	0
1284	1270	0
1270	1284	1
1284	1270	1
1270	1284	2
1284	1270	2
1270	1278	0
1278	1270	0
1270	1278	1
1278	1270	1
1270	1278	2
1278	1270	2
1271	1287	0
1287	1271	0
1271	1287	1
1287	1271	1
1271	1287	2
1287	1271	2
1271	1288	0
1288	1271	0
1271	1288	1
1288	1271	1
1271	1288	2
1288	1271	2
1271	1289	0
1289	1271	0
1271	1289	1
1289	1271	1
1271	1289	2
1289	1271	2
1272	1290	0
1290	1272	0
1272	1290	1
1290	1272	1
1272	1290	2
1290	1272	2
1273	1281	0
1281	1273	0
1273	1281	1
1281	1273	1
1273	1281	2
1281	1273	2
1274	1278	0
1278	1274	0
1274	1278	1
1278	1274	1
1274	1278	2
1278	1274	2
1275	1284	0
1284	1275	0
1275	1284	1
1284	1275	1
1275	1284	2
1284	1275	2
1275	1278	0
1278	1275	0
1275	1278	1
1278	1275	1
1275	1278	2
1278	1275	2
1276	1290	0
1290	1276	0
1276	1290	1
1290	1276	1
1276	1290	2
1290	1276	2
1277	1293	0
1293	1277	0
1277	1293	1
1293	1277	1
1277	1293	2
1293	1277	2
1277	1279	0
1279	1277	0
1277	1279	1
1279	1277	1
1277	1279	2
1279	1277	2
1278	1292	0
1292	1278	0
1278	1292	1
1292	1278	1
1278	1292	2
1292	1278	2
1278	1280	0
1280	1278	0
1278	1280	1
1280	1278	1
1278	1280	2
1280	1278	2
1278	1291	0
1291	1278	0
1278	1291	1
1291	1278	1
1278	1291	2
1291	1278	2
1279	1283	0
1283	1279	0
1279	1283	1
1283	1279	1
1279	1283	2
1283	1279	2
1280	1283	0
1283	1280	0
1280	1283	1
1283	1280	1
1280	1283	2
1283	1280	2
1281	1284	0
1284	1281	0
1281	1284	1
1284	1281	1
1281	1284	2
1284	1281	2
1284	1291	0
1291	1284	0
1284	1291	1
1291	1284	1
1284	1291	2
1291	1284	2
1284	1292	0
1292	1284	0
1284	1292	1
1292	1284	1
1284	1292	2
1292	1284	2
1288	1289	0
1289	1288	0
1288	1289	1
1289	1288	1
1288	1289	2
1289	1288	2
1294	1314	0
1314	1294	0
1294	1314	1
1314	1294	1
1294	1314	2
1314	1294	2
1294	1356	0
1356	1294	0
1294	1356	1
1356	1294	1
1294	1356	2
1356	1294	2
1294	1348	0
1348	1294	0
1294	1348	1
1348	1294	1
1294	1348	2
1348	1294	2
1294	1315	0
1315	1294	0
1294	1315	1
1315	1294	1
1294	1315	2
1315	1294	2
1295	1349	0
1349	1295	0
1295	1349	1
1349	1295	1
1295	1349	2
1349	1295	2
1295	1356	0
1356	1295	0
1295	1356	1
1356	1295	1
1295	1356	2
1356	1295	2
1295	1316	0
1316	1295	0
1295	1316	1
1316	1295	1
1295	1316	2
1316	1295	2
1296	1325	0
1325	1296	0
1296	1325	1
1325	1296	1
1296	1325	2
1325	1296	2
1296	1336	0
1336	1296	0
1296	1336	1
1336	1296	1
1296	1336	2
1336	1296	2
1296	1327	0
1327	1296	0
1296	1327	1
1327	1296	1
1296	1327	2
1327	1296	2
1296	1361	0
1361	1296	0
1296	1361	1
1361	1296	1
1296	1361	2
1361	1296	2
1297	1324	0
1324	1297	0
1297	1324	1
1324	1297	1
1297	1324	2
1324	1297	2
1298	1337	0
1337	1298	0
1298	1337	1
1337	1298	1
1298	1337	2
1337	1298	2
1298	1320	0
1320	1298	0
1298	1320	1
1320	1298	1
1298	1320	2
1320	1298	2
1298	1323	0
1323	1298	0
1298	1323	1
1323	1298	1
1298	1323	2
1323	1298	2
1298	1328	0
1328	1298	0
1298	1328	1
1328	1298	1
1298	1328	2
1328	1298	2
1299	1302	0
1302	1299	0
1299	1302	1
1302	1299	1
1299	1302	2
1302	1299	2
1299	1351	0
1351	1299	0
1299	1351	1
1351	1299	1
1299	1351	2
1351	1299	2
1299	1332	0
1332	1299	0
1299	1332	1
1332	1299	1
1299	1332	2
1332	1299	2
1299	1337	0
1337	1299	0
1299	1337	1
1337	1299	1
1299	1337	2
1337	1299	2
1300	1318	0
1318	1300	0
1300	1318	1
1318	1300	1
1300	1318	2
1318	1300	2
1300	1355	0
1355	1300	0
1300	1355	1
1355	1300	1
1300	1355	2
1355	1300	2
1301	1319	0
1319	1301	0
1301	1319	1
1319	1301	1
1301	1319	2
1319	1301	2
1301	1352	0
1352	1301	0
1301	1352	1
1352	1301	1
1301	1352	2
1352	1301	2
1301	1305	0
1305	1301	0
1301	1305	1
1305	1301	1
1301	1305	2
1305	1301	2
1302	1351	0
1351	1302	0
1302	1351	1
1351	1302	1
1302	1351	2
1351	1302	2
1302	1357	0
1357	1302	0
1302	1357	1
1357	1302	1
1302	1357	2
1357	1302	2
1303	1320	0
1320	1303	0
1303	1320	1
1320	1303	1
1303	1320	2
1320	1303	2
1303	1329	0
1329	1303	0
1303	1329	1
1329	1303	1
1303	1329	2
1329	1303	2
1304	1336	0
1336	1304	0
1304	1336	1
1336	1304	1
1304	1336	2
1336	1304	2
1304	1327	0
1327	1304	0
1304	1327	1
1327	1304	1
1304	1327	2
1327	1304	2
1304	1361	0
1361	1304	0
1304	1361	1
1361	1304	1
1304	1361	2
1361	1304	2
1305	1318	0
1318	1305	0
1305	1318	1
1318	1305	1
1305	1318	2
1318	1305	2
1305	1355	0
1355	1305	0
1305	1355	1
1355	1305	1
1305	1355	2
1355	1305	2
1305	1343	0
1343	1305	0
1305	1343	1
1343	1305	1
1305	1343	2
1343	1305	2
1305	1306	0
1306	1305	0
1305	1306	1
1306	1305	1
1305	1306	2
1306	1305	2
1306	1319	0
1319	1306	0
1306	1319	1
1319	1306	1
1306	1319	2
1319	1306	2
1306	1352	0
1352	1306	0
1306	1352	1
1352	1306	1
1306	1352	2
1352	1306	2
1307	1312	0
1312	1307	0
1307	1312	1
1312	1307	1
1307	1312	2
1312	1307	2
1308	1312	0
1312	1308	0
1308	1312	1
1312	1308	1
1308	1312	2
1312	1308	2
1309	1312	0
1312	1309	0
1309	1312	1
1312	1309	1
1309	1312	2
1312	1309	2
1310	1330	0
1330	1310	0
1310	1330	1
1330	1310	1
1310	1330	2
1330	1310	2
1310	1344	0
1344	1310	0
1310	1344	1
1344	1310	1
1310	1344	2
1344	1310	2
1311	1344	0
1344	1311	0
1311	1344	1
1344	1311	1
1311	1344	2
1344	1311	2
1311	1331	0
1331	1311	0
1311	1331	1
1331	1311	1
1311	1331	2
1331	1311	2
1311	1362	0
1362	1311	0
1311	1362	1
1362	1311	1
1311	1362	2
1362	1311	2
1313	1341	0
1341	1313	0
1313	1341	1
1341	1313	1
1313	1341	2
1341	1313	2
1314	1348	0
1348	1314	0
1314	1348	1
1348	1314	1
1314	1348	2
1348	1314	2
1314	1315	0
1315	1314	0
1314	1315	1
1315	1314	1
1314	1315	2
1315	1314	2
1315	1333	0
1333	1315	0
1315	1333	1
1333	1315	1
1315	1333	2
1333	1315	2
1315	1347	0
1347	1315	0
1315	1347	1
1347	1315	1
1315	1347	2
1347	1315	2
1315	1346	0
1346	1315	0
1315	1346	1
1346	1315	1
1315	1346	2
1346	1315	2
1316	1353	0
1353	1316	0
1316	1353	1
1353	1316	1
1316	1353	2
1353	1316	2
1316	1354	0
1354	1316	0
1316	1354	1
1354	1316	1
1316	1354	2
1354	1316	2
1316	1334	0
1334	1316	0
1316	1334	1
1334	1316	1
1316	1334	2
1334	1316	2
1317	1318	0
1318	1317	0
1317	1318	1
1318	1317	1
1317	1318	2
1318	1317	2
1317	1355	0
1355	1317	0
1317	1355	1
1355	1317	1
1317	1355	2
1355	1317	2
1318	1343	0
1343	1318	0
1318	1343	1
1343	1318	1
1318	1343	2
1343	1318	2
1319	1352	0
1352	1319	0
1319	1352	1
1352	1319	1
1319	1352	2
1352	1319	2
1319	1343	0
1343	1319	0
1319	1343	1
1343	1319	1
1319	1343	2
1343	1319	2
1319	1355	0
1355	1319	0
1319	1355	1
1355	1319	1
1319	1355	2
1355	1319	2
1320	1338	0
1338	1320	0
1320	1338	1
1338	1320	1
1320	1338	2
1338	1320	2
1320	1329	0
1329	1320	0
1320	1329	1
1329	1320	1
1320	1329	2
1329	1320	2
1320	1345	0
1345	1320	0
1320	1345	1
1345	1320	1
1320	1345	2
1345	1320	2
1321	1344	0
1344	1321	0
1321	1344	1
1344	1321	1
1321	1344	2
1344	1321	2
1321	1331	0
1331	1321	0
1321	1331	1
1331	1321	1
1321	1331	2
1331	1321	2
1321	1330	0
1330	1321	0
1321	1330	1
1330	1321	1
1321	1330	2
1330	1321	2
1322	1332	0
1332	1322	0
1322	1332	1
1332	1322	1
1322	1332	2
1332	1322	2
1322	1360	0
1360	1322	0
1322	1360	1
1360	1322	1
1322	1360	2
1360	1322	2
1323	1350	0
1350	1323	0
1323	1350	1
1350	1323	1
1323	1350	2
1350	1323	2
1323	1337	0
1337	1323	0
1323	1337	1
1337	1323	1
1323	1337	2
1337	1323	2
1323	1338	0
1338	1323	0
1323	1338	1
1338	1323	1
1323	1338	2
1338	1323	2
1324	1326	0
1326	1324	0
1324	1326	1
1326	1324	1
1324	1326	2
1326	1324	2
1324	1335	0
1335	1324	0
1324	1335	1
1335	1324	1
1324	1335	2
1335	1324	2
1325	1336	0
1336	1325	0
1325	1336	1
1336	1325	1
1325	1336	2
1336	1325	2
1325	1327	0
1327	1325	0
1325	1327	1
1327	1325	1
1325	1327	2
1327	1325	2
1325	1361	0
1361	1325	0
1325	1361	1
1361	1325	1
1325	1361	2
1361	1325	2
1326	1361	0
1361	1326	0
1326	1361	1
1361	1326	1
1326	1361	2
1361	1326	2
1327	1361	0
1361	1327	0
1327	1361	1
1361	1327	1
1327	1361	2
1361	1327	2
1328	1350	0
1350	1328	0
1328	1350	1
1350	1328	1
1328	1350	2
1350	1328	2
1328	1337	0
1337	1328	0
1328	1337	1
1337	1328	1
1328	1337	2
1337	1328	2
1328	1338	0
1338	1328	0
1328	1338	1
1338	1328	1
1328	1338	2
1338	1328	2
1329	1345	0
1345	1329	0
1329	1345	1
1345	1329	1
1329	1345	2
1345	1329	2
1330	1342	0
1342	1330	0
1330	1342	1
1342	1330	1
1330	1342	2
1342	1330	2
1330	1363	0
1363	1330	0
1330	1363	1
1363	1330	1
1330	1363	2
1363	1330	2
1331	1344	0
1344	1331	0
1331	1344	1
1344	1331	1
1331	1344	2
1344	1331	2
1331	1362	0
1362	1331	0
1331	1362	1
1362	1331	1
1331	1362	2
1362	1331	2
1334	1353	0
1353	1334	0
1334	1353	1
1353	1334	1
1334	1353	2
1353	1334	2
1339	1341	0
1341	1339	0
1339	1341	1
1341	1339	1
1339	1341	2
1341	1339	2
1340	1341	0
1341	1340	0
1340	1341	1
1341	1340	1
1340	1341	2
1341	1340	2
1342	1362	0
1362	1342	0
1342	1362	1
1362	1342	1
1342	1362	2
1362	1342	2
1343	1355	0
1355	1343	0
1343	1355	1
1355	1343	1
1343	1355	2
1355	1343	2
1344	1363	0
1363	1344	0
1344	1363	1
1363	1344	1
1344	1363	2
1363	1344	2
1346	1348	0
1348	1346	0
1346	1348	1
1348	1346	1
1346	1348	2
1348	1346	2
1347	1349	0
1349	1347	0
1347	1349	1
1349	1347	1
1347	1349	2
1349	1347	2
1347	1356	0
1356	1347	0
1347	1356	1
1356	1347	1
1347	1356	2
1356	1347	2
1348	1356	0
1356	1348	0
1348	1356	1
1356	1348	1
1348	1356	2
1356	1348	2
1349	1358	0
1358	1349	0
1349	1358	1
1358	1349	1
1349	1358	2
1358	1349	2
1350	1359	0
1359	1350	0
1350	1359	1
1359	1350	1
1350	1359	2
1359	1350	2
1359	1362	0
1362	1359	0
1359	1362	1
1362	1359	1
1359	1362	2
1362	1359	2
1360	1363	0
1363	1360	0
1360	1363	1
1363	1360	1
1360	1363	2
1363	1360	2
1364	1378	0
1378	1364	0
1364	1378	1
1378	1364	1
1364	1378	2
1378	1364	2
1364	1394	0
1394	1364	0
1364	1394	1
1394	1364	1
1364	1394	2
1394	1364	2
1365	1376	0
1376	1365	0
1365	1376	1
1376	1365	1
1365	1376	2
1376	1365	2
1366	1395	0
1395	1366	0
1366	1395	1
1395	1366	1
1366	1395	2
1395	1366	2
1366	1400	0
1400	1366	0
1366	1400	1
1400	1366	1
1366	1400	2
1400	1366	2
1366	1385	0
1385	1366	0
1366	1385	1
1385	1366	1
1366	1385	2
1385	1366	2
1366	1386	0
1386	1366	0
1366	1386	1
1386	1366	1
1366	1386	2
1386	1366	2
1367	1403	0
1403	1367	0
1367	1403	1
1403	1367	1
1367	1403	2
1403	1367	2
1367	1368	0
1368	1367	0
1367	1368	1
1368	1367	1
1367	1368	2
1368	1367	2
1367	1396	0
1396	1367	0
1367	1396	1
1396	1367	1
1367	1396	2
1396	1367	2
1368	1401	0
1401	1368	0
1368	1401	1
1401	1368	1
1368	1401	2
1401	1368	2
1368	1400	0
1400	1368	0
1368	1400	1
1400	1368	1
1368	1400	2
1400	1368	2
1368	1385	0
1385	1368	0
1368	1385	1
1385	1368	1
1368	1385	2
1385	1368	2
1369	1386	0
1386	1369	0
1369	1386	1
1386	1369	1
1369	1386	2
1386	1369	2
1369	1400	0
1400	1369	0
1369	1400	1
1400	1369	1
1369	1400	2
1400	1369	2
1370	1380	0
1380	1370	0
1370	1380	1
1380	1370	1
1370	1380	2
1380	1370	2
1370	1375	0
1375	1370	0
1370	1375	1
1375	1370	1
1370	1375	2
1375	1370	2
1371	1392	0
1392	1371	0
1371	1392	1
1392	1371	1
1371	1392	2
1392	1371	2
1371	1375	0
1375	1371	0
1371	1375	1
1375	1371	1
1371	1375	2
1375	1371	2
1372	1392	0
1392	1372	0
1372	1392	1
1392	1372	1
1372	1392	2
1392	1372	2
1372	1380	0
1380	1372	0
1372	1380	1
1380	1372	1
1372	1380	2
1380	1372	2
1373	1402	0
1402	1373	0
1373	1402	1
1402	1373	1
1373	1402	2
1402	1373	2
1373	1380	0
1380	1373	0
1373	1380	1
1380	1373	1
1373	1380	2
1380	1373	2
1374	1392	0
1392	1374	0
1374	1392	1
1392	1374	1
1374	1392	2
1392	1374	2
1374	1375	0
1375	1374	0
1374	1375	1
1375	1374	1
1374	1375	2
1375	1374	2
1375	1379	0
1379	1375	0
1375	1379	1
1379	1375	1
1375	1379	2
1379	1375	2
1375	1384	0
1384	1375	0
1375	1384	1
1384	1375	1
1375	1384	2
1384	1375	2
1375	1388	0
1388	1375	0
1375	1388	1
1388	1375	1
1375	1388	2
1388	1375	2
1375	1391	0
1391	1375	0
1375	1391	1
1391	1375	1
1375	1391	2
1391	1375	2
1375	1382	0
1382	1375	0
1375	1382	1
1382	1375	1
1375	1382	2
1382	1375	2
1375	1402	0
1402	1375	0
1375	1402	1
1402	1375	1
1375	1402	2
1402	1375	2
1376	1393	0
1393	1376	0
1376	1393	1
1393	1376	1
1376	1393	2
1393	1376	2
1377	1378	0
1378	1377	0
1377	1378	1
1378	1377	1
1377	1378	2
1378	1377	2
1377	1394	0
1394	1377	0
1377	1394	1
1394	1377	1
1377	1394	2
1394	1377	2
1378	1381	0
1381	1378	0
1378	1381	1
1381	1378	1
1378	1381	2
1381	1378	2
1378	1394	0
1394	1378	0
1378	1394	1
1394	1378	1
1378	1394	2
1394	1378	2
1379	1383	0
1383	1379	0
1379	1383	1
1383	1379	1
1379	1383	2
1383	1379	2
1379	1384	0
1384	1379	0
1379	1384	1
1384	1379	1
1379	1384	2
1384	1379	2
1379	1388	0
1388	1379	0
1379	1388	1
1388	1379	1
1379	1388	2
1388	1379	2
1379	1392	0
1392	1379	0
1379	1392	1
1392	1379	1
1379	1392	2
1392	1379	2
1380	1387	0
1387	1380	0
1380	1387	1
1387	1380	1
1380	1387	2
1387	1380	2
1380	1397	0
1397	1380	0
1380	1397	1
1397	1380	1
1380	1397	2
1397	1380	2
1380	1383	0
1383	1380	0
1380	1383	1
1383	1380	1
1380	1383	2
1383	1380	2
1381	1394	0
1394	1381	0
1381	1394	1
1394	1381	1
1381	1394	2
1394	1381	2
1381	1393	0
1393	1381	0
1381	1393	1
1393	1381	1
1381	1393	2
1393	1381	2
1382	1392	0
1392	1382	0
1382	1392	1
1392	1382	1
1382	1392	2
1392	1382	2
1384	1392	0
1392	1384	0
1384	1392	1
1392	1384	1
1384	1392	2
1392	1384	2
1385	1403	0
1403	1385	0
1385	1403	1
1403	1385	1
1385	1403	2
1403	1385	2
1388	1391	0
1391	1388	0
1388	1391	1
1391	1388	1
1388	1391	2
1391	1388	2
1388	1392	0
1392	1388	0
1388	1392	1
1392	1388	1
1388	1392	2
1392	1388	2
1391	1392	0
1392	1391	0
1391	1392	1
1392	1391	1
1391	1392	2
1392	1391	2
1392	1402	0
1402	1392	0
1392	1402	1
1402	1392	1
1392	1402	2
1402	1392	2
1395	1398	0
1398	1395	0
1395	1398	1
1398	1395	1
1395	1398	2
1398	1395	2
1396	1399	0
1399	1396	0
1396	1399	1
1399	1396	1
1396	1399	2
1399	1396	2
1401	1403	0
1403	1401	0
1401	1403	1
1403	1401	1
1401	1403	2
1403	1401	2
1404	1423	0
1423	1404	0
1404	1423	1
1423	1404	1
1404	1423	2
1423	1404	2
1405	1409	0
1409	1405	0
1405	1409	1
1409	1405	1
1405	1409	2
1409	1405	2
1405	1410	0
1410	1405	0
1405	1410	1
1410	1405	1
1405	1410	2
1410	1405	2
1405	1413	0
1413	1405	0
1405	1413	1
1413	1405	1
1405	1413	2
1413	1405	2
1405	1406	0
1406	1405	0
1405	1406	1
1406	1405	1
1405	1406	2
1406	1405	2
1405	1421	0
1421	1405	0
1405	1421	1
1421	1405	1
1405	1421	2
1421	1405	2
1405	1422	0
1422	1405	0
1405	1422	1
1422	1405	1
1405	1422	2
1422	1405	2
1405	1432	0
1432	1405	0
1405	1432	1
1432	1405	1
1405	1432	2
1432	1405	2
1406	1409	0
1409	1406	0
1406	1409	1
1409	1406	1
1406	1409	2
1409	1406	2
1406	1410	0
1410	1406	0
1406	1410	1
1410	1406	1
1406	1410	2
1410	1406	2
1406	1413	0
1413	1406	0
1406	1413	1
1413	1406	1
1406	1413	2
1413	1406	2
1406	1421	0
1421	1406	0
1406	1421	1
1421	1406	1
1406	1421	2
1421	1406	2
1406	1422	0
1422	1406	0
1406	1422	1
1422	1406	1
1406	1422	2
1422	1406	2
1406	1432	0
1432	1406	0
1406	1432	1
1432	1406	1
1406	1432	2
1432	1406	2
1407	1439	0
1439	1407	0
1407	1439	1
1439	1407	1
1407	1439	2
1439	1407	2
1407	1437	0
1437	1407	0
1407	1437	1
1437	1407	1
1407	1437	2
1437	1407	2
1408	1420	0
1420	1408	0
1408	1420	1
1420	1408	1
1408	1420	2
1420	1408	2
1409	1414	0
1414	1409	0
1409	1414	1
1414	1409	1
1409	1414	2
1414	1409	2
1410	1414	0
1414	1410	0
1410	1414	1
1414	1410	1
1410	1414	2
1414	1410	2
1411	1428	0
1428	1411	0
1411	1428	1
1428	1411	1
1411	1428	2
1428	1411	2
1411	1419	0
1419	1411	0
1411	1419	1
1419	1411	1
1411	1419	2
1419	1411	2
1411	1416	0
1416	1411	0
1411	1416	1
1416	1411	1
1411	1416	2
1416	1411	2
1412	1417	0
1417	1412	0
1412	1417	1
1417	1412	1
1412	1417	2
1417	1412	2
1412	1418	0
1418	1412	0
1412	1418	1
1418	1412	1
1412	1418	2
1418	1412	2
1412	1433	0
1433	1412	0
1412	1433	1
1433	1412	1
1412	1433	2
1433	1412	2
1414	1423	0
1423	1414	0
1414	1423	1
1423	1414	1
1414	1423	2
1423	1414	2
1415	1428	0
1428	1415	0
1415	1428	1
1428	1415	1
1415	1428	2
1428	1415	2
1415	1417	0
1417	1415	0
1415	1417	1
1417	1415	1
1415	1417	2
1417	1415	2
1415	1433	0
1433	1415	0
1415	1433	1
1433	1415	1
1415	1433	2
1433	1415	2
1416	1426	0
1426	1416	0
1416	1426	1
1426	1416	1
1416	1426	2
1426	1416	2
1416	1436	0
1436	1416	0
1416	1436	1
1436	1416	1
1416	1436	2
1436	1416	2
1416	1438	0
1438	1416	0
1416	1438	1
1438	1416	1
1416	1438	2
1438	1416	2
1417	1427	0
1427	1417	0
1417	1427	1
1427	1417	1
1417	1427	2
1427	1417	2
1417	1418	0
1418	1417	0
1417	1418	1
1418	1417	1
1417	1418	2
1418	1417	2
1418	1433	0
1433	1418	0
1418	1433	1
1433	1418	1
1418	1433	2
1433	1418	2
1420	1431	0
1431	1420	0
1420	1431	1
1431	1420	1
1420	1431	2
1431	1420	2
1420	1425	0
1425	1420	0
1420	1425	1
1425	1420	1
1420	1425	2
1425	1420	2
1421	1427	0
1427	1421	0
1421	1427	1
1427	1421	1
1421	1427	2
1427	1421	2
1421	1429	0
1429	1421	0
1421	1429	1
1429	1421	1
1421	1429	2
1429	1421	2
1421	1438	0
1438	1421	0
1421	1438	1
1438	1421	1
1421	1438	2
1438	1421	2
1422	1427	0
1427	1422	0
1422	1427	1
1427	1422	1
1422	1427	2
1427	1422	2
1422	1429	0
1429	1422	0
1422	1429	1
1429	1422	1
1422	1429	2
1429	1422	2
1422	1438	0
1438	1422	0
1422	1438	1
1438	1422	1
1422	1438	2
1438	1422	2
1422	1432	0
1432	1422	0
1422	1432	1
1432	1422	1
1422	1432	2
1432	1422	2
1423	1426	0
1426	1423	0
1423	1426	1
1426	1423	1
1423	1426	2
1426	1423	2
1423	1436	0
1436	1423	0
1423	1436	1
1436	1423	1
1423	1436	2
1436	1423	2
1423	1429	0
1429	1423	0
1423	1429	1
1429	1423	1
1423	1429	2
1429	1423	2
1423	1438	0
1438	1423	0
1423	1438	1
1438	1423	1
1423	1438	2
1438	1423	2
1424	1439	0
1439	1424	0
1424	1439	1
1439	1424	1
1424	1439	2
1439	1424	2
1424	1437	0
1437	1424	0
1424	1437	1
1437	1424	1
1424	1437	2
1437	1424	2
1426	1432	0
1432	1426	0
1426	1432	1
1432	1426	1
1426	1432	2
1432	1426	2
1427	1433	0
1433	1427	0
1427	1433	1
1433	1427	1
1427	1433	2
1433	1427	2
1427	1429	0
1429	1427	0
1427	1429	1
1429	1427	1
1427	1429	2
1429	1427	2
1427	1432	0
1432	1427	0
1427	1432	1
1432	1427	1
1427	1432	2
1432	1427	2
1430	1437	0
1437	1430	0
1430	1437	1
1437	1430	1
1430	1437	2
1437	1430	2
1430	1439	0
1439	1430	0
1430	1439	1
1439	1430	1
1430	1439	2
1439	1430	2
1434	1437	0
1437	1434	0
1434	1437	1
1437	1434	1
1434	1437	2
1437	1434	2
1434	1439	0
1439	1434	0
1434	1439	1
1439	1434	1
1434	1439	2
1439	1434	2
1435	1437	0
1437	1435	0
1435	1437	1
1437	1435	1
1435	1437	2
1437	1435	2
1435	1439	0
1439	1435	0
1435	1439	1
1439	1435	1
1435	1439	2
1439	1435	2
1437	1439	0
1439	1437	0
1437	1439	1
1439	1437	1
1437	1439	2
1439	1437	2
1440	1469	0
1469	1440	0
1440	1469	1
1469	1440	1
1440	1469	2
1469	1440	2
1440	1454	0
1454	1440	0
1440	1454	1
1454	1440	1
1440	1454	2
1454	1440	2
1440	1447	0
1447	1440	0
1440	1447	1
1447	1440	1
1440	1447	2
1447	1440	2
1441	1453	0
1453	1441	0
1441	1453	1
1453	1441	1
1441	1453	2
1453	1441	2
1441	1464	0
1464	1441	0
1441	1464	1
1464	1441	1
1441	1464	2
1464	1441	2
1441	1454	0
1454	1441	0
1441	1454	1
1454	1441	1
1441	1454	2
1454	1441	2
1442	1458	0
1458	1442	0
1442	1458	1
1458	1442	1
1442	1458	2
1458	1442	2
1442	1466	0
1466	1442	0
1442	1466	1
1466	1442	1
1442	1466	2
1466	1442	2
1442	1467	0
1467	1442	0
1442	1467	1
1467	1442	1
1442	1467	2
1467	1442	2
1442	1450	0
1450	1442	0
1442	1450	1
1450	1442	1
1442	1450	2
1450	1442	2
1442	1460	0
1460	1442	0
1442	1460	1
1460	1442	1
1442	1460	2
1460	1442	2
1442	1468	0
1468	1442	0
1442	1468	1
1468	1442	1
1442	1468	2
1468	1442	2
1443	1458	0
1458	1443	0
1443	1458	1
1458	1443	1
1443	1458	2
1458	1443	2
1443	1466	0
1466	1443	0
1443	1466	1
1466	1443	1
1443	1466	2
1466	1443	2
1443	1467	0
1467	1443	0
1443	1467	1
1467	1443	1
1443	1467	2
1467	1443	2
1443	1450	0
1450	1443	0
1443	1450	1
1450	1443	1
1443	1450	2
1450	1443	2
1443	1460	0
1460	1443	0
1443	1460	1
1460	1443	1
1443	1460	2
1460	1443	2
1443	1468	0
1468	1443	0
1443	1468	1
1468	1443	1
1443	1468	2
1468	1443	2
1444	1469	0
1469	1444	0
1444	1469	1
1469	1444	1
1444	1469	2
1469	1444	2
1444	1447	0
1447	1444	0
1444	1447	1
1447	1444	1
1444	1447	2
1447	1444	2
1445	1457	0
1457	1445	0
1445	1457	1
1457	1445	1
1445	1457	2
1457	1445	2
1445	1469	0
1469	1445	0
1445	1469	1
1469	1445	1
1445	1469	2
1469	1445	2
1445	1453	0
1453	1445	0
1445	1453	1
1453	1445	1
1445	1453	2
1453	1445	2
1445	1454	0
1454	1445	0
1445	1454	1
1454	1445	1
1445	1454	2
1454	1445	2
1446	1453	0
1453	1446	0
1446	1453	1
1453	1446	1
1446	1453	2
1453	1446	2
1446	1454	0
1454	1446	0
1446	1454	1
1454	1446	1
1446	1454	2
1454	1446	2
1446	1460	0
1460	1446	0
1446	1460	1
1460	1446	1
1446	1460	2
1460	1446	2
1446	1459	0
1459	1446	0
1446	1459	1
1459	1446	1
1446	1459	2
1459	1446	2
1447	1468	0
1468	1447	0
1447	1468	1
1468	1447	1
1447	1468	2
1468	1447	2
1447	1460	0
1460	1447	0
1447	1460	1
1460	1447	1
1447	1460	2
1460	1447	2
1447	1457	0
1457	1447	0
1447	1457	1
1457	1447	1
1447	1457	2
1457	1447	2
1448	1453	0
1453	1448	0
1448	1453	1
1453	1448	1
1448	1453	2
1453	1448	2
1448	1454	0
1454	1448	0
1448	1454	1
1454	1448	1
1448	1454	2
1454	1448	2
1448	1459	0
1459	1448	0
1448	1459	1
1459	1448	1
1448	1459	2
1459	1448	2
1449	1451	0
1451	1449	0
1449	1451	1
1451	1449	1
1449	1451	2
1451	1449	2
1449	1452	0
1452	1449	0
1449	1452	1
1452	1449	1
1449	1452	2
1452	1449	2
1449	1458	0
1458	1449	0
1449	1458	1
1458	1449	1
1449	1458	2
1458	1449	2
1449	1467	0
1467	1449	0
1449	1467	1
1467	1449	1
1449	1467	2
1467	1449	2
1449	1455	0
1455	1449	0
1449	1455	1
1455	1449	1
1449	1455	2
1455	1449	2
1449	1456	0
1456	1449	0
1449	1456	1
1456	1449	1
1449	1456	2
1456	1449	2
1450	1466	0
1466	1450	0
1450	1466	1
1466	1450	1
1450	1466	2
1466	1450	2
1450	1462	0
1462	1450	0
1450	1462	1
1462	1450	1
1450	1462	2
1462	1450	2
1450	1451	0
1451	1450	0
1450	1451	1
1451	1450	1
1450	1451	2
1451	1450	2
1451	1455	0
1455	1451	0
1451	1455	1
1455	1451	1
1451	1455	2
1455	1451	2
1451	1459	0
1459	1451	0
1451	1459	1
1459	1451	1
1451	1459	2
1459	1451	2
1451	1465	0
1465	1451	0
1451	1465	1
1465	1451	1
1451	1465	2
1465	1451	2
1452	1456	0
1456	1452	0
1452	1456	1
1456	1452	1
1452	1456	2
1456	1452	2
1452	1459	0
1459	1452	0
1452	1459	1
1459	1452	1
1452	1459	2
1459	1452	2
1452	1465	0
1465	1452	0
1452	1465	1
1465	1452	1
1452	1465	2
1465	1452	2
1453	1464	0
1464	1453	0
1453	1464	1
1464	1453	1
1453	1464	2
1464	1453	2
1453	1461	0
1461	1453	0
1453	1461	1
1461	1453	1
1453	1461	2
1461	1453	2
1453	1463	0
1463	1453	0
1453	1463	1
1463	1453	1
1453	1463	2
1463	1453	2
1454	1464	0
1464	1454	0
1454	1464	1
1464	1454	1
1454	1464	2
1464	1454	2
1454	1461	0
1461	1454	0
1454	1461	1
1461	1454	1
1454	1461	2
1461	1454	2
1454	1463	0
1463	1454	0
1454	1463	1
1463	1454	1
1454	1463	2
1463	1454	2
1455	1459	0
1459	1455	0
1455	1459	1
1459	1455	1
1455	1459	2
1459	1455	2
1455	1465	0
1465	1455	0
1455	1465	1
1465	1455	1
1455	1465	2
1465	1455	2
1455	1466	0
1466	1455	0
1455	1466	1
1466	1455	1
1455	1466	2
1466	1455	2
1456	1459	0
1459	1456	0
1456	1459	1
1459	1456	1
1456	1459	2
1459	1456	2
1456	1465	0
1465	1456	0
1456	1465	1
1465	1456	1
1456	1465	2
1465	1456	2
1456	1467	0
1467	1456	0
1456	1467	1
1467	1456	1
1456	1467	2
1467	1456	2
1456	1466	0
1466	1456	0
1456	1466	1
1466	1456	1
1456	1466	2
1466	1456	2
1457	1469	0
1469	1457	0
1457	1469	1
1469	1457	1
1457	1469	2
1469	1457	2
1458	1465	0
1465	1458	0
1458	1465	1
1465	1458	1
1458	1465	2
1465	1458	2
1458	1467	0
1467	1458	0
1458	1467	1
1467	1458	1
1458	1467	2
1467	1458	2
1459	1461	0
1461	1459	0
1459	1461	1
1461	1459	1
1459	1461	2
1461	1459	2
1459	1463	0
1463	1459	0
1459	1463	1
1463	1459	1
1459	1463	2
1463	1459	2
1462	1466	0
1466	1462	0
1462	1466	1
1466	1462	1
1462	1466	2
1466	1462	2
1462	1467	0
1467	1462	0
1462	1467	1
1467	1462	1
1462	1467	2
1467	1462	2
1470	1529	0
1529	1470	0
1470	1529	1
1529	1470	1
1470	1529	2
1529	1470	2
1470	1533	0
1533	1470	0
1470	1533	1
1533	1470	1
1470	1533	2
1533	1470	2
1470	1474	0
1474	1470	0
1470	1474	1
1474	1470	1
1470	1474	2
1474	1470	2
1470	1507	0
1507	1470	0
1470	1507	1
1507	1470	1
1470	1507	2
1507	1470	2
1471	1474	0
1474	1471	0
1471	1474	1
1474	1471	1
1471	1474	2
1474	1471	2
1471	1475	0
1475	1471	0
1471	1475	1
1475	1471	1
1471	1475	2
1475	1471	2
1471	1508	0
1508	1471	0
1471	1508	1
1508	1471	1
1471	1508	2
1508	1471	2
1471	1493	0
1493	1471	0
1471	1493	1
1493	1471	1
1471	1493	2
1493	1471	2
1471	1512	0
1512	1471	0
1471	1512	1
1512	1471	1
1471	1512	2
1512	1471	2
1472	1510	0
1510	1472	0
1472	1510	1
1510	1472	1
1472	1510	2
1510	1472	2
1472	1513	0
1513	1472	0
1472	1513	1
1513	1472	1
1472	1513	2
1513	1472	2
1472	1481	0
1481	1472	0
1472	1481	1
1481	1472	1
1472	1481	2
1481	1472	2
1472	1519	0
1519	1472	0
1472	1519	1
1519	1472	1
1472	1519	2
1519	1472	2
1472	1477	0
1477	1472	0
1472	1477	1
1477	1472	1
1472	1477	2
1477	1472	2
1472	1514	0
1514	1472	0
1472	1514	1
1514	1472	1
1472	1514	2
1514	1472	2
1472	1497	0
1497	1472	0
1472	1497	1
1497	1472	1
1472	1497	2
1497	1472	2
1472	1499	0
1499	1472	0
1472	1499	1
1499	1472	1
1472	1499	2
1499	1472	2
1472	1505	0
1505	1472	0
1472	1505	1
1505	1472	1
1472	1505	2
1505	1472	2
1473	1509	0
1509	1473	0
1473	1509	1
1509	1473	1
1473	1509	2
1509	1473	2
1473	1487	0
1487	1473	0
1473	1487	1
1487	1473	1
1473	1487	2
1487	1473	2
1473	1488	0
1488	1473	0
1473	1488	1
1488	1473	1
1473	1488	2
1488	1473	2
1473	1502	0
1502	1473	0
1473	1502	1
1502	1473	1
1473	1502	2
1502	1473	2
1473	1511	0
1511	1473	0
1473	1511	1
1511	1473	1
1473	1511	2
1511	1473	2
1473	1479	0
1479	1473	0
1473	1479	1
1479	1473	1
1473	1479	2
1479	1473	2
1473	1478	0
1478	1473	0
1473	1478	1
1478	1473	1
1473	1478	2
1478	1473	2
1474	1518	0
1518	1474	0
1474	1518	1
1518	1474	1
1474	1518	2
1518	1474	2
1474	1494	0
1494	1474	0
1474	1494	1
1494	1474	1
1474	1494	2
1494	1474	2
1475	1508	0
1508	1475	0
1475	1508	1
1508	1475	1
1475	1508	2
1508	1475	2
1475	1493	0
1493	1475	0
1475	1493	1
1493	1475	1
1475	1493	2
1493	1475	2
1475	1494	0
1494	1475	0
1475	1494	1
1494	1475	1
1475	1494	2
1494	1475	2
1475	1482	0
1482	1475	0
1475	1482	1
1482	1475	1
1475	1482	2
1482	1475	2
1475	1523	0
1523	1475	0
1475	1523	1
1523	1475	1
1475	1523	2
1523	1475	2
1476	1487	0
1487	1476	0
1476	1487	1
1487	1476	1
1476	1487	2
1487	1476	2
1476	1488	0
1488	1476	0
1476	1488	1
1488	1476	1
1476	1488	2
1488	1476	2
1476	1509	0
1509	1476	0
1476	1509	1
1509	1476	1
1476	1509	2
1509	1476	2
1477	1514	0
1514	1477	0
1477	1514	1
1514	1477	1
1477	1514	2
1514	1477	2
1477	1480	0
1480	1477	0
1477	1480	1
1480	1477	1
1477	1480	2
1480	1477	2
1477	1481	0
1481	1477	0
1477	1481	1
1481	1477	1
1477	1481	2
1481	1477	2
1477	1498	0
1498	1477	0
1477	1498	1
1498	1477	1
1477	1498	2
1498	1477	2
1478	1510	0
1510	1478	0
1478	1510	1
1510	1478	1
1478	1510	2
1510	1478	2
1478	1511	0
1511	1478	0
1478	1511	1
1511	1478	1
1478	1511	2
1511	1478	2
1478	1515	0
1515	1478	0
1478	1515	1
1515	1478	1
1478	1515	2
1515	1478	2
1478	1501	0
1501	1478	0
1478	1501	1
1501	1478	1
1478	1501	2
1501	1478	2
1478	1502	0
1502	1478	0
1478	1502	1
1502	1478	1
1478	1502	2
1502	1478	2
1478	1522	0
1522	1478	0
1478	1522	1
1522	1478	1
1478	1522	2
1522	1478	2
1478	1534	0
1534	1478	0
1478	1534	1
1534	1478	1
1478	1534	2
1534	1478	2
1479	1515	0
1515	1479	0
1479	1515	1
1515	1479	1
1479	1515	2
1515	1479	2
1479	1519	0
1519	1479	0
1479	1519	1
1519	1479	1
1479	1519	2
1519	1479	2
1479	1501	0
1501	1479	0
1479	1501	1
1501	1479	1
1479	1501	2
1501	1479	2
1479	1502	0
1502	1479	0
1479	1502	1
1502	1479	1
1479	1502	2
1502	1479	2
1479	1522	0
1522	1479	0
1479	1522	1
1522	1479	1
1479	1522	2
1522	1479	2
1479	1534	0
1534	1479	0
1479	1534	1
1534	1479	1
1479	1534	2
1534	1479	2
1480	1487	0
1487	1480	0
1480	1487	1
1487	1480	1
1480	1487	2
1487	1480	2
1480	1510	0
1510	1480	0
1480	1510	1
1510	1480	1
1480	1510	2
1510	1480	2
1480	1513	0
1513	1480	0
1480	1513	1
1513	1480	1
1480	1513	2
1513	1480	2
1480	1519	0
1519	1480	0
1480	1519	1
1519	1480	1
1480	1519	2
1519	1480	2
1480	1514	0
1514	1480	0
1480	1514	1
1514	1480	1
1480	1514	2
1514	1480	2
1480	1497	0
1497	1480	0
1480	1497	1
1497	1480	1
1480	1497	2
1497	1480	2
1480	1499	0
1499	1480	0
1480	1499	1
1499	1480	1
1480	1499	2
1499	1480	2
1480	1505	0
1505	1480	0
1480	1505	1
1505	1480	1
1480	1505	2
1505	1480	2
1481	1510	0
1510	1481	0
1481	1510	1
1510	1481	1
1481	1510	2
1510	1481	2
1481	1513	0
1513	1481	0
1481	1513	1
1513	1481	1
1481	1513	2
1513	1481	2
1481	1519	0
1519	1481	0
1481	1519	1
1519	1481	1
1481	1519	2
1519	1481	2
1481	1514	0
1514	1481	0
1481	1514	1
1514	1481	1
1481	1514	2
1514	1481	2
1481	1488	0
1488	1481	0
1481	1488	1
1488	1481	1
1481	1488	2
1488	1481	2
1481	1497	0
1497	1481	0
1481	1497	1
1497	1481	1
1481	1497	2
1497	1481	2
1481	1499	0
1499	1481	0
1481	1499	1
1499	1481	1
1481	1499	2
1499	1481	2
1481	1505	0
1505	1481	0
1481	1505	1
1505	1481	1
1481	1505	2
1505	1481	2
1482	1490	0
1490	1482	0
1482	1490	1
1490	1482	1
1482	1490	2
1490	1482	2
1482	1508	0
1508	1482	0
1482	1508	1
1508	1482	1
1482	1508	2
1508	1482	2
1483	1528	0
1528	1483	0
1483	1528	1
1528	1483	1
1483	1528	2
1528	1483	2
1483	1520	0
1520	1483	0
1483	1520	1
1520	1483	1
1483	1520	2
1520	1483	2
1483	1518	0
1518	1483	0
1483	1518	1
1518	1483	1
1483	1518	2
1518	1483	2
1483	1523	0
1523	1483	0
1483	1523	1
1523	1483	1
1483	1523	2
1523	1483	2
1484	1513	0
1513	1484	0
1484	1513	1
1513	1484	1
1484	1513	2
1513	1484	2
1484	1519	0
1519	1484	0
1484	1519	1
1519	1484	1
1484	1519	2
1519	1484	2
1484	1510	0
1510	1484	0
1484	1510	1
1510	1484	1
1484	1510	2
1510	1484	2
1484	1534	0
1534	1484	0
1484	1534	1
1534	1484	1
1484	1534	2
1534	1484	2
1484	1521	0
1521	1484	0
1484	1521	1
1521	1484	1
1484	1521	2
1521	1484	2
1484	1525	0
1525	1484	0
1484	1525	1
1525	1484	1
1484	1525	2
1525	1484	2
1485	1490	0
1490	1485	0
1485	1490	1
1490	1485	1
1485	1490	2
1490	1485	2
1485	1526	0
1526	1485	0
1485	1526	1
1526	1485	1
1485	1526	2
1526	1485	2
1485	1527	0
1527	1485	0
1485	1527	1
1527	1485	1
1485	1527	2
1527	1485	2
1486	1520	0
1520	1486	0
1486	1520	1
1520	1486	1
1486	1520	2
1520	1486	2
1486	1528	0
1528	1486	0
1486	1528	1
1528	1486	1
1486	1528	2
1528	1486	2
1487	1509	0
1509	1487	0
1487	1509	1
1509	1487	1
1487	1509	2
1509	1487	2
1487	1515	0
1515	1487	0
1487	1515	1
1515	1487	1
1487	1515	2
1515	1487	2
1487	1501	0
1501	1487	0
1487	1501	1
1501	1487	1
1487	1501	2
1501	1487	2
1487	1502	0
1502	1487	0
1487	1502	1
1502	1487	1
1487	1502	2
1502	1487	2
1487	1504	0
1504	1487	0
1487	1504	1
1504	1487	1
1487	1504	2
1504	1487	2
1487	1489	0
1489	1487	0
1487	1489	1
1489	1487	1
1487	1489	2
1489	1487	2
1487	1503	0
1503	1487	0
1487	1503	1
1503	1487	1
1487	1503	2
1503	1487	2
1488	1515	0
1515	1488	0
1488	1515	1
1515	1488	1
1488	1515	2
1515	1488	2
1488	1501	0
1501	1488	0
1488	1501	1
1501	1488	1
1488	1501	2
1501	1488	2
1488	1502	0
1502	1488	0
1488	1502	1
1502	1488	1
1488	1502	2
1502	1488	2
1488	1504	0
1504	1488	0
1488	1504	1
1504	1488	1
1488	1504	2
1504	1488	2
1488	1489	0
1489	1488	0
1488	1489	1
1489	1488	1
1488	1489	2
1489	1488	2
1488	1503	0
1503	1488	0
1488	1503	1
1503	1488	1
1488	1503	2
1503	1488	2
1488	1499	0
1499	1488	0
1488	1499	1
1499	1488	1
1488	1499	2
1499	1488	2
1489	1499	0
1499	1489	0
1489	1499	1
1499	1489	1
1489	1499	2
1499	1489	2
1489	1509	0
1509	1489	0
1489	1509	1
1509	1489	1
1489	1509	2
1509	1489	2
1490	1531	0
1531	1490	0
1490	1531	1
1531	1490	1
1490	1531	2
1531	1490	2
1491	1506	0
1506	1491	0
1491	1506	1
1506	1491	1
1491	1506	2
1506	1491	2
1491	1516	0
1516	1491	0
1491	1516	1
1516	1491	1
1491	1516	2
1516	1491	2
1491	1495	0
1495	1491	0
1491	1495	1
1495	1491	1
1491	1495	2
1495	1491	2
1491	1532	0
1532	1491	0
1491	1532	1
1532	1491	1
1491	1532	2
1532	1491	2
1491	1529	0
1529	1491	0
1491	1529	1
1529	1491	1
1491	1529	2
1529	1491	2
1492	1529	0
1529	1492	0
1492	1529	1
1529	1492	1
1492	1529	2
1529	1492	2
1492	1506	0
1506	1492	0
1492	1506	1
1506	1492	1
1492	1506	2
1506	1492	2
1492	1516	0
1516	1492	0
1492	1516	1
1516	1492	1
1492	1516	2
1516	1492	2
1492	1495	0
1495	1492	0
1492	1495	1
1495	1492	1
1492	1495	2
1495	1492	2
1493	1508	0
1508	1493	0
1493	1508	1
1508	1493	1
1493	1508	2
1508	1493	2
1493	1512	0
1512	1493	0
1493	1512	1
1512	1493	1
1493	1512	2
1512	1493	2
1494	1508	0
1508	1494	0
1494	1508	1
1508	1494	1
1494	1508	2
1508	1494	2
1494	1512	0
1512	1494	0
1494	1512	1
1512	1494	1
1494	1512	2
1512	1494	2
1495	1506	0
1506	1495	0
1495	1506	1
1506	1495	1
1495	1506	2
1506	1495	2
1495	1522	0
1522	1495	0
1495	1522	1
1522	1495	1
1495	1522	2
1522	1495	2
1496	1521	0
1521	1496	0
1496	1521	1
1521	1496	1
1496	1521	2
1521	1496	2
1496	1525	0
1525	1496	0
1496	1525	1
1525	1496	1
1496	1525	2
1525	1496	2
1496	1500	0
1500	1496	0
1496	1500	1
1500	1496	1
1496	1500	2
1500	1496	2
1496	1524	0
1524	1496	0
1496	1524	1
1524	1496	1
1496	1524	2
1524	1496	2
1496	1532	0
1532	1496	0
1496	1532	1
1532	1496	1
1496	1532	2
1532	1496	2
1497	1498	0
1498	1497	0
1497	1498	1
1498	1497	1
1497	1498	2
1498	1497	2
1498	1515	0
1515	1498	0
1498	1515	1
1515	1498	1
1498	1515	2
1515	1498	2
1498	1510	0
1510	1498	0
1498	1510	1
1510	1498	1
1498	1510	2
1510	1498	2
1498	1513	0
1513	1498	0
1498	1513	1
1513	1498	1
1498	1513	2
1513	1498	2
1498	1519	0
1519	1498	0
1498	1519	1
1519	1498	1
1498	1519	2
1519	1498	2
1498	1514	0
1514	1498	0
1498	1514	1
1514	1498	1
1498	1514	2
1514	1498	2
1498	1499	0
1499	1498	0
1498	1499	1
1499	1498	1
1498	1499	2
1499	1498	2
1498	1505	0
1505	1498	0
1498	1505	1
1505	1498	1
1498	1505	2
1505	1498	2
1499	1505	0
1505	1499	0
1499	1505	1
1505	1499	1
1499	1505	2
1505	1499	2
1500	1516	0
1516	1500	0
1500	1516	1
1516	1500	1
1500	1516	2
1516	1500	2
1500	1521	0
1521	1500	0
1500	1521	1
1521	1500	1
1500	1521	2
1521	1500	2
1500	1525	0
1525	1500	0
1500	1525	1
1525	1500	1
1500	1525	2
1525	1500	2
1500	1524	0
1524	1500	0
1500	1524	1
1524	1500	1
1500	1524	2
1524	1500	2
1500	1532	0
1532	1500	0
1500	1532	1
1532	1500	1
1500	1532	2
1532	1500	2
1501	1509	0
1509	1501	0
1501	1509	1
1509	1501	1
1501	1509	2
1509	1501	2
1501	1511	0
1511	1501	0
1501	1511	1
1511	1501	1
1501	1511	2
1511	1501	2
1502	1509	0
1509	1502	0
1502	1509	1
1509	1502	1
1502	1509	2
1509	1502	2
1502	1511	0
1511	1502	0
1502	1511	1
1511	1502	1
1502	1511	2
1511	1502	2
1503	1509	0
1509	1503	0
1503	1509	1
1509	1503	1
1503	1509	2
1509	1503	2
1504	1509	0
1509	1504	0
1504	1509	1
1509	1504	1
1504	1509	2
1509	1504	2
1505	1509	0
1509	1505	0
1505	1509	1
1509	1505	1
1505	1509	2
1509	1505	2
1506	1522	0
1522	1506	0
1506	1522	1
1522	1506	1
1506	1522	2
1522	1506	2
1507	1518	0
1518	1507	0
1507	1518	1
1518	1507	1
1507	1518	2
1518	1507	2
1508	1523	0
1523	1508	0
1508	1523	1
1523	1508	1
1508	1523	2
1523	1508	2
1509	1515	0
1515	1509	0
1509	1515	1
1515	1509	1
1509	1515	2
1515	1509	2
1510	1517	0
1517	1510	0
1510	1517	1
1517	1510	1
1510	1517	2
1517	1510	2
1511	1515	0
1515	1511	0
1511	1515	1
1515	1511	1
1511	1515	2
1515	1511	2
1511	1519	0
1519	1511	0
1511	1519	1
1519	1511	1
1511	1519	2
1519	1511	2
1511	1522	0
1522	1511	0
1511	1522	1
1522	1511	1
1511	1522	2
1522	1511	2
1511	1534	0
1534	1511	0
1511	1534	1
1534	1511	1
1511	1534	2
1534	1511	2
1512	1532	0
1532	1512	0
1512	1532	1
1532	1512	1
1512	1532	2
1532	1512	2
1512	1524	0
1524	1512	0
1512	1524	1
1524	1512	1
1512	1524	2
1524	1512	2
1513	1517	0
1517	1513	0
1513	1517	1
1517	1513	1
1513	1517	2
1517	1513	2
1516	1522	0
1522	1516	0
1516	1522	1
1522	1516	1
1516	1522	2
1522	1516	2
1516	1525	0
1525	1516	0
1516	1525	1
1525	1516	1
1516	1525	2
1525	1516	2
1517	1519	0
1519	1517	0
1517	1519	1
1519	1517	1
1517	1519	2
1519	1517	2
1517	1522	0
1522	1517	0
1517	1522	1
1522	1517	1
1517	1522	2
1522	1517	2
1518	1530	0
1530	1518	0
1518	1530	1
1530	1518	1
1518	1530	2
1530	1518	2
1520	1528	0
1528	1520	0
1520	1528	1
1528	1520	1
1520	1528	2
1528	1520	2
1520	1530	0
1530	1520	0
1520	1530	1
1530	1520	1
1520	1530	2
1530	1520	2
1523	1530	0
1530	1523	0
1523	1530	1
1530	1523	1
1523	1530	2
1530	1523	2
1524	1533	0
1533	1524	0
1524	1533	1
1533	1524	1
1524	1533	2
1533	1524	2
1526	1531	0
1531	1526	0
1526	1531	1
1531	1526	1
1526	1531	2
1531	1526	2
1527	1531	0
1531	1527	0
1527	1531	1
1531	1527	1
1527	1531	2
1531	1527	2
1528	1530	0
1530	1528	0
1528	1530	1
1530	1528	1
1528	1530	2
1530	1528	2
1532	1533	0
1533	1532	0
1532	1533	1
1533	1532	1
1532	1533	2
1533	1532	2
1535	1544	0
1544	1535	0
1535	1544	1
1544	1535	1
1535	1544	2
1544	1535	2
1536	1591	0
1591	1536	0
1536	1591	1
1591	1536	1
1536	1591	2
1591	1536	2
1536	1590	0
1590	1536	0
1536	1590	1
1590	1536	1
1536	1590	2
1590	1536	2
1537	1542	0
1542	1537	0
1537	1542	1
1542	1537	1
1537	1542	2
1542	1537	2
1537	1560	0
1560	1537	0
1537	1560	1
1560	1537	1
1537	1560	2
1560	1537	2
1537	1550	0
1550	1537	0
1537	1550	1
1550	1537	1
1537	1550	2
1550	1537	2
1537	1553	0
1553	1537	0
1537	1553	1
1553	1537	1
1537	1553	2
1553	1537	2
1537	1570	0
1570	1537	0
1537	1570	1
1570	1537	1
1537	1570	2
1570	1537	2
1537	1593	0
1593	1537	0
1537	1593	1
1593	1537	1
1537	1593	2
1593	1537	2
1537	1541	0
1541	1537	0
1537	1541	1
1541	1537	1
1537	1541	2
1541	1537	2
1537	1576	0
1576	1537	0
1537	1576	1
1576	1537	1
1537	1576	2
1576	1537	2
1537	1596	0
1596	1537	0
1537	1596	1
1596	1537	1
1537	1596	2
1596	1537	2
1537	1563	0
1563	1537	0
1537	1563	1
1563	1537	1
1537	1563	2
1563	1537	2
1538	1570	0
1570	1538	0
1538	1570	1
1570	1538	1
1538	1570	2
1570	1538	2
1538	1541	0
1541	1538	0
1538	1541	1
1541	1538	1
1538	1541	2
1541	1538	2
1538	1576	0
1576	1538	0
1538	1576	1
1576	1538	1
1538	1576	2
1576	1538	2
1538	1596	0
1596	1538	0
1538	1596	1
1596	1538	1
1538	1596	2
1596	1538	2
1538	1550	0
1550	1538	0
1538	1550	1
1550	1538	1
1538	1550	2
1550	1538	2
1538	1553	0
1553	1538	0
1538	1553	1
1553	1538	1
1538	1553	2
1553	1538	2
1538	1593	0
1593	1538	0
1538	1593	1
1593	1538	1
1538	1593	2
1593	1538	2
1538	1563	0
1563	1538	0
1538	1563	1
1563	1538	1
1538	1563	2
1563	1538	2
1539	1546	0
1546	1539	0
1539	1546	1
1546	1539	1
1539	1546	2
1546	1539	2
1539	1554	0
1554	1539	0
1539	1554	1
1554	1539	1
1539	1554	2
1554	1539	2
1539	1562	0
1562	1539	0
1539	1562	1
1562	1539	1
1539	1562	2
1562	1539	2
1539	1594	0
1594	1539	0
1539	1594	1
1594	1539	1
1539	1594	2
1594	1539	2
1540	1572	0
1572	1540	0
1540	1572	1
1572	1540	1
1540	1572	2
1572	1540	2
1540	1595	0
1595	1540	0
1540	1595	1
1595	1540	1
1540	1595	2
1595	1540	2
1540	1569	0
1569	1540	0
1540	1569	1
1569	1540	1
1540	1569	2
1569	1540	2
1540	1581	0
1581	1540	0
1540	1581	1
1581	1540	1
1540	1581	2
1581	1540	2
1541	1554	0
1554	1541	0
1541	1554	1
1554	1541	1
1541	1554	2
1554	1541	2
1541	1562	0
1562	1541	0
1541	1562	1
1562	1541	1
1541	1562	2
1562	1541	2
1541	1583	0
1583	1541	0
1541	1583	1
1583	1541	1
1541	1583	2
1583	1541	2
1541	1560	0
1560	1541	0
1541	1560	1
1560	1541	1
1541	1560	2
1560	1541	2
1542	1549	0
1549	1542	0
1542	1549	1
1549	1542	1
1542	1549	2
1549	1542	2
1542	1555	0
1555	1542	0
1542	1555	1
1555	1542	1
1542	1555	2
1555	1542	2
1542	1561	0
1561	1542	0
1542	1561	1
1561	1542	1
1542	1561	2
1561	1542	2
1542	1569	0
1569	1542	0
1542	1569	1
1569	1542	1
1542	1569	2
1569	1542	2
1542	1593	0
1593	1542	0
1542	1593	1
1593	1542	1
1542	1593	2
1593	1542	2
1542	1581	0
1581	1542	0
1542	1581	1
1581	1542	1
1542	1581	2
1581	1542	2
1543	1591	0
1591	1543	0
1543	1591	1
1591	1543	1
1543	1591	2
1591	1543	2
1543	1590	0
1590	1543	0
1543	1590	1
1590	1543	1
1543	1590	2
1590	1543	2
1545	1572	0
1572	1545	0
1545	1572	1
1572	1545	1
1545	1572	2
1572	1545	2
1545	1595	0
1595	1545	0
1545	1595	1
1595	1545	1
1545	1595	2
1595	1545	2
1545	1569	0
1569	1545	0
1545	1569	1
1569	1545	1
1545	1569	2
1569	1545	2
1545	1581	0
1581	1545	0
1545	1581	1
1581	1545	1
1545	1581	2
1581	1545	2
1546	1554	0
1554	1546	0
1546	1554	1
1554	1546	1
1546	1554	2
1554	1546	2
1546	1595	0
1595	1546	0
1546	1595	1
1595	1546	1
1546	1595	2
1595	1546	2
1546	1569	0
1569	1546	0
1546	1569	1
1569	1546	1
1546	1569	2
1569	1546	2
1546	1581	0
1581	1546	0
1546	1581	1
1581	1546	1
1546	1581	2
1581	1546	2
1547	1557	0
1557	1547	0
1547	1557	1
1557	1547	1
1547	1557	2
1557	1547	2
1547	1580	0
1580	1547	0
1547	1580	1
1580	1547	1
1547	1580	2
1580	1547	2
1547	1592	0
1592	1547	0
1547	1592	1
1592	1547	1
1547	1592	2
1592	1547	2
1547	1594	0
1594	1547	0
1547	1594	1
1594	1547	1
1547	1594	2
1594	1547	2
1548	1573	0
1573	1548	0
1548	1573	1
1573	1548	1
1548	1573	2
1573	1548	2
1548	1580	0
1580	1548	0
1548	1580	1
1580	1548	1
1548	1580	2
1580	1548	2
1548	1595	0
1595	1548	0
1548	1595	1
1595	1548	1
1548	1595	2
1595	1548	2
1549	1583	0
1583	1549	0
1549	1583	1
1583	1549	1
1549	1583	2
1583	1549	2
1549	1558	0
1558	1549	0
1549	1558	1
1558	1549	1
1549	1558	2
1558	1549	2
1549	1601	0
1601	1549	0
1549	1601	1
1601	1549	1
1549	1601	2
1601	1549	2
1549	1563	0
1563	1549	0
1549	1563	1
1563	1549	1
1549	1563	2
1563	1549	2
1549	1564	0
1564	1549	0
1549	1564	1
1564	1549	1
1549	1564	2
1564	1549	2
1550	1574	0
1574	1550	0
1550	1574	1
1574	1550	1
1550	1574	2
1574	1550	2
1550	1564	0
1564	1550	0
1550	1564	1
1564	1550	1
1550	1564	2
1564	1550	2
1550	1555	0
1555	1550	0
1550	1555	1
1555	1550	1
1550	1555	2
1555	1550	2
1550	1560	0
1560	1550	0
1550	1560	1
1560	1550	1
1550	1560	2
1560	1550	2
1551	1586	0
1586	1551	0
1551	1586	1
1586	1551	1
1551	1586	2
1586	1551	2
1552	1586	0
1586	1552	0
1552	1586	1
1586	1552	1
1552	1586	2
1586	1552	2
1553	1574	0
1574	1553	0
1553	1574	1
1574	1553	1
1553	1574	2
1574	1553	2
1553	1563	0
1563	1553	0
1553	1563	1
1563	1553	1
1553	1563	2
1563	1553	2
1553	1567	0
1567	1553	0
1553	1567	1
1567	1553	1
1553	1567	2
1567	1553	2
1553	1555	0
1555	1553	0
1553	1555	1
1555	1553	1
1553	1555	2
1555	1553	2
1553	1560	0
1560	1553	0
1553	1560	1
1560	1553	1
1553	1560	2
1560	1553	2
1553	1561	0
1561	1553	0
1553	1561	1
1561	1553	1
1553	1561	2
1561	1553	2
1554	1570	0
1570	1554	0
1554	1570	1
1570	1554	1
1554	1570	2
1570	1554	2
1554	1576	0
1576	1554	0
1554	1576	1
1576	1554	1
1554	1576	2
1576	1554	2
1554	1593	0
1593	1554	0
1554	1593	1
1593	1554	1
1554	1593	2
1593	1554	2
1554	1596	0
1596	1554	0
1554	1596	1
1596	1554	1
1554	1596	2
1596	1554	2
1554	1578	0
1578	1554	0
1554	1578	1
1578	1554	1
1554	1578	2
1578	1554	2
1555	1583	0
1583	1555	0
1555	1583	1
1583	1555	1
1555	1583	2
1583	1555	2
1555	1558	0
1558	1555	0
1555	1558	1
1558	1555	1
1555	1558	2
1558	1555	2
1555	1563	0
1563	1555	0
1555	1563	1
1563	1555	1
1555	1563	2
1563	1555	2
1556	1594	0
1594	1556	0
1556	1594	1
1594	1556	1
1556	1594	2
1594	1556	2
1556	1589	0
1589	1556	0
1556	1589	1
1589	1556	1
1556	1589	2
1589	1556	2
1556	1603	0
1603	1556	0
1556	1603	1
1603	1556	1
1556	1603	2
1603	1556	2
1556	1599	0
1599	1556	0
1556	1599	1
1599	1556	1
1556	1599	2
1599	1556	2
1557	1580	0
1580	1557	0
1557	1580	1
1580	1557	1
1557	1580	2
1580	1557	2
1557	1595	0
1595	1557	0
1557	1595	1
1595	1557	1
1557	1595	2
1595	1557	2
1558	1561	0
1561	1558	0
1558	1561	1
1561	1558	1
1558	1561	2
1561	1558	2
1558	1569	0
1569	1558	0
1558	1569	1
1569	1558	1
1558	1569	2
1569	1558	2
1558	1581	0
1581	1558	0
1558	1581	1
1581	1558	1
1558	1581	2
1581	1558	2
1559	1582	0
1582	1559	0
1559	1582	1
1582	1559	1
1559	1582	2
1582	1559	2
1560	1561	0
1561	1560	0
1560	1561	1
1561	1560	1
1560	1561	2
1561	1560	2
1560	1570	0
1570	1560	0
1560	1570	1
1570	1560	1
1560	1570	2
1570	1560	2
1560	1576	0
1576	1560	0
1560	1576	1
1576	1560	1
1560	1576	2
1576	1560	2
1560	1596	0
1596	1560	0
1560	1596	1
1596	1560	1
1560	1596	2
1596	1560	2
1560	1593	0
1593	1560	0
1560	1593	1
1593	1560	1
1560	1593	2
1593	1560	2
1561	1583	0
1583	1561	0
1561	1583	1
1583	1561	1
1561	1583	2
1583	1561	2
1561	1601	0
1601	1561	0
1561	1601	1
1601	1561	1
1561	1601	2
1601	1561	2
1561	1564	0
1564	1561	0
1561	1564	1
1564	1561	1
1561	1564	2
1564	1561	2
1562	1570	0
1570	1562	0
1562	1570	1
1570	1562	1
1562	1570	2
1570	1562	2
1562	1576	0
1576	1562	0
1562	1576	1
1576	1562	1
1562	1576	2
1576	1562	2
1562	1593	0
1593	1562	0
1562	1593	1
1593	1562	1
1562	1593	2
1593	1562	2
1562	1596	0
1596	1562	0
1562	1596	1
1596	1562	1
1562	1596	2
1596	1562	2
1562	1578	0
1578	1562	0
1562	1578	1
1578	1562	1
1562	1578	2
1578	1562	2
1562	1572	0
1572	1562	0
1562	1572	1
1572	1562	1
1562	1572	2
1572	1562	2
1563	1574	0
1574	1563	0
1563	1574	1
1574	1563	1
1563	1574	2
1574	1563	2
1563	1567	0
1567	1563	0
1563	1567	1
1567	1563	1
1563	1567	2
1567	1563	2
1564	1568	0
1568	1564	0
1564	1568	1
1568	1564	1
1564	1568	2
1568	1564	2
1565	1579	0
1579	1565	0
1565	1579	1
1579	1565	1
1565	1579	2
1579	1565	2
1565	1588	0
1588	1565	0
1565	1588	1
1588	1565	1
1565	1588	2
1588	1565	2
1565	1577	0
1577	1565	0
1565	1577	1
1577	1565	1
1565	1577	2
1577	1565	2
1566	1604	0
1604	1566	0
1566	1604	1
1604	1566	1
1566	1604	2
1604	1566	2
1566	1571	0
1571	1566	0
1566	1571	1
1571	1566	1
1566	1571	2
1571	1566	2
1566	1588	0
1588	1566	0
1566	1588	1
1588	1566	1
1566	1588	2
1588	1566	2
1567	1582	0
1582	1567	0
1567	1582	1
1582	1567	1
1567	1582	2
1582	1567	2
1567	1601	0
1601	1567	0
1567	1601	1
1601	1567	1
1567	1601	2
1601	1567	2
1568	1601	0
1601	1568	0
1568	1601	1
1601	1568	1
1568	1601	2
1601	1568	2
1568	1586	0
1586	1568	0
1568	1586	1
1586	1568	1
1568	1586	2
1586	1568	2
1569	1583	0
1583	1569	0
1569	1583	1
1583	1569	1
1569	1583	2
1583	1569	2
1570	1581	0
1581	1570	0
1570	1581	1
1581	1570	1
1570	1581	2
1581	1570	2
1571	1584	0
1584	1571	0
1571	1584	1
1584	1571	1
1571	1584	2
1584	1571	2
1571	1597	0
1597	1571	0
1571	1597	1
1597	1571	1
1571	1597	2
1597	1571	2
1572	1594	0
1594	1572	0
1572	1594	1
1594	1572	1
1572	1594	2
1594	1572	2
1573	1592	0
1592	1573	0
1573	1592	1
1592	1573	1
1573	1592	2
1592	1573	2
1573	1595	0
1595	1573	0
1573	1595	1
1595	1573	1
1573	1595	2
1595	1573	2
1573	1589	0
1589	1573	0
1573	1589	1
1589	1573	1
1573	1589	2
1589	1573	2
1573	1580	0
1580	1573	0
1573	1580	1
1580	1573	1
1573	1580	2
1580	1573	2
1574	1582	0
1582	1574	0
1574	1582	1
1582	1574	1
1574	1582	2
1582	1574	2
1575	1579	0
1579	1575	0
1575	1579	1
1579	1575	1
1575	1579	2
1579	1575	2
1575	1577	0
1577	1575	0
1575	1577	1
1577	1575	1
1575	1577	2
1577	1575	2
1576	1583	0
1583	1576	0
1576	1583	1
1583	1576	1
1576	1583	2
1583	1576	2
1577	1598	0
1598	1577	0
1577	1598	1
1598	1577	1
1577	1598	2
1598	1577	2
1578	1595	0
1595	1578	0
1578	1595	1
1595	1578	1
1578	1595	2
1595	1578	2
1579	1585	0
1585	1579	0
1579	1585	1
1585	1579	1
1579	1585	2
1585	1579	2
1580	1602	0
1602	1580	0
1580	1602	1
1602	1580	1
1580	1602	2
1602	1580	2
1580	1598	0
1598	1580	0
1580	1598	1
1598	1580	1
1580	1598	2
1598	1580	2
1580	1592	0
1592	1580	0
1580	1592	1
1592	1580	1
1580	1592	2
1592	1580	2
1581	1596	0
1596	1581	0
1581	1596	1
1596	1581	1
1581	1596	2
1596	1581	2
1581	1583	0
1583	1581	0
1581	1583	1
1583	1581	1
1581	1583	2
1583	1581	2
1582	1587	0
1587	1582	0
1582	1587	1
1587	1582	1
1582	1587	2
1587	1582	2
1583	1596	0
1596	1583	0
1583	1596	1
1596	1583	1
1583	1596	2
1596	1583	2
1584	1588	0
1588	1584	0
1584	1588	1
1588	1584	1
1584	1588	2
1588	1584	2
1586	1600	0
1600	1586	0
1586	1600	1
1600	1586	1
1586	1600	2
1600	1586	2
1588	1597	0
1597	1588	0
1588	1597	1
1597	1588	1
1588	1597	2
1597	1588	2
1589	1592	0
1592	1589	0
1589	1592	1
1592	1589	1
1589	1592	2
1592	1589	2
1589	1594	0
1594	1589	0
1589	1594	1
1594	1589	1
1589	1594	2
1594	1589	2
1589	1603	0
1603	1589	0
1589	1603	1
1603	1589	1
1589	1603	2
1603	1589	2
1589	1599	0
1599	1589	0
1589	1599	1
1599	1589	1
1589	1599	2
1599	1589	2
1592	1595	0
1595	1592	0
1592	1595	1
1595	1592	1
1592	1595	2
1595	1592	2
1593	1596	0
1596	1593	0
1593	1596	1
1596	1593	1
1593	1596	2
1596	1593	2
1598	1602	0
1602	1598	0
1598	1602	1
1602	1598	1
1598	1602	2
1602	1598	2
1599	1604	0
1604	1599	0
1599	1604	1
1604	1599	1
1599	1604	2
1604	1599	2
1603	1604	0
1604	1603	0
1603	1604	1
1604	1603	1
1603	1604	2
1604	1603	2
1606	1641	0
1641	1606	0
1606	1641	1
1641	1606	1
1606	1641	2
1641	1606	2
1607	1634	0
1634	1607	0
1607	1634	1
1634	1607	1
1607	1634	2
1634	1607	2
1607	1621	0
1621	1607	0
1607	1621	1
1621	1607	1
1607	1621	2
1621	1607	2
1608	1634	0
1634	1608	0
1608	1634	1
1634	1608	1
1608	1634	2
1634	1608	2
1608	1620	0
1620	1608	0
1608	1620	1
1620	1608	1
1608	1620	2
1620	1608	2
1608	1621	0
1621	1608	0
1608	1621	1
1621	1608	1
1608	1621	2
1621	1608	2
1608	1627	0
1627	1608	0
1608	1627	1
1627	1608	1
1608	1627	2
1627	1608	2
1609	1616	0
1616	1609	0
1609	1616	1
1616	1609	1
1609	1616	2
1616	1609	2
1609	1630	0
1630	1609	0
1609	1630	1
1630	1609	1
1609	1630	2
1630	1609	2
1610	1616	0
1616	1610	0
1610	1616	1
1616	1610	1
1610	1616	2
1616	1610	2
1610	1630	0
1630	1610	0
1610	1630	1
1630	1610	1
1610	1630	2
1630	1610	2
1611	1613	0
1613	1611	0
1611	1613	1
1613	1611	1
1611	1613	2
1613	1611	2
1612	1615	0
1615	1612	0
1612	1615	1
1615	1612	1
1612	1615	2
1615	1612	2
1612	1625	0
1625	1612	0
1612	1625	1
1625	1612	1
1612	1625	2
1625	1612	2
1612	1631	0
1631	1612	0
1612	1631	1
1631	1612	1
1612	1631	2
1631	1612	2
1612	1613	0
1613	1612	0
1612	1613	1
1613	1612	1
1612	1613	2
1613	1612	2
1613	1638	0
1638	1613	0
1613	1638	1
1638	1613	1
1613	1638	2
1638	1613	2
1615	1638	0
1638	1615	0
1615	1638	1
1638	1615	1
1615	1638	2
1638	1615	2
1616	1626	0
1626	1616	0
1616	1626	1
1626	1616	1
1616	1626	2
1626	1616	2
1616	1629	0
1629	1616	0
1616	1629	1
1629	1616	1
1616	1629	2
1629	1616	2
1616	1640	0
1640	1616	0
1616	1640	1
1640	1616	1
1616	1640	2
1640	1616	2
1617	1630	0
1630	1617	0
1617	1630	1
1630	1617	1
1617	1630	2
1630	1617	2
1618	1632	0
1632	1618	0
1618	1632	1
1632	1618	1
1618	1632	2
1632	1618	2
1618	1636	0
1636	1618	0
1618	1636	1
1636	1618	1
1618	1636	2
1636	1618	2
1619	1623	0
1623	1619	0
1619	1623	1
1623	1619	1
1619	1623	2
1623	1619	2
1620	1623	0
1623	1620	0
1620	1623	1
1623	1620	1
1620	1623	2
1623	1620	2
1621	1627	0
1627	1621	0
1621	1627	1
1627	1621	1
1621	1627	2
1627	1621	2
1621	1623	0
1623	1621	0
1621	1623	1
1623	1621	1
1621	1623	2
1623	1621	2
1622	1626	0
1626	1622	0
1622	1626	1
1626	1622	1
1622	1626	2
1626	1622	2
1622	1629	0
1629	1622	0
1622	1629	1
1629	1622	1
1622	1629	2
1629	1622	2
1622	1640	0
1640	1622	0
1622	1640	1
1640	1622	1
1622	1640	2
1640	1622	2
1623	1633	0
1633	1623	0
1623	1633	1
1633	1623	1
1623	1633	2
1633	1623	2
1623	1628	0
1628	1623	0
1623	1628	1
1628	1623	1
1623	1628	2
1628	1623	2
1623	1639	0
1639	1623	0
1623	1639	1
1639	1623	1
1623	1639	2
1639	1623	2
1624	1640	0
1640	1624	0
1624	1640	1
1640	1624	1
1624	1640	2
1640	1624	2
1624	1635	0
1635	1624	0
1624	1635	1
1635	1624	1
1624	1635	2
1635	1624	2
1624	1634	0
1634	1624	0
1624	1634	1
1634	1624	1
1624	1634	2
1634	1624	2
1624	1637	0
1637	1624	0
1624	1637	1
1637	1624	1
1624	1637	2
1637	1624	2
1624	1642	0
1642	1624	0
1624	1642	1
1642	1624	1
1624	1642	2
1642	1624	2
1625	1638	0
1638	1625	0
1625	1638	1
1638	1625	1
1625	1638	2
1638	1625	2
1627	1634	0
1634	1627	0
1627	1634	1
1634	1627	1
1627	1634	2
1634	1627	2
1630	1639	0
1639	1630	0
1630	1639	1
1639	1630	1
1630	1639	2
1639	1630	2
1631	1638	0
1638	1631	0
1631	1638	1
1638	1631	1
1631	1638	2
1638	1631	2
1632	1641	0
1641	1632	0
1632	1641	1
1641	1632	1
1632	1641	2
1641	1632	2
1634	1635	0
1635	1634	0
1634	1635	1
1635	1634	1
1634	1635	2
1635	1634	2
1634	1637	0
1637	1634	0
1634	1637	1
1637	1634	1
1634	1637	2
1637	1634	2
1634	1642	0
1642	1634	0
1634	1642	1
1642	1634	1
1634	1642	2
1642	1634	2
1635	1640	0
1640	1635	0
1635	1640	1
1640	1635	1
1635	1640	2
1640	1635	2
1635	1637	0
1637	1635	0
1635	1637	1
1637	1635	1
1635	1637	2
1637	1635	2
1636	1641	0
1641	1636	0
1636	1641	1
1641	1636	1
1636	1641	2
1641	1636	2
1637	1642	0
1642	1637	0
1637	1642	1
1642	1637	1
1637	1642	2
1642	1637	2
1639	1642	0
1642	1639	0
1639	1642	1
1642	1639	1
1639	1642	2
1642	1639	2
1643	1672	0
1672	1643	0
1643	1672	1
1672	1643	1
1643	1672	2
1672	1643	2
1643	1664	0
1664	1643	0
1643	1664	1
1664	1643	1
1643	1664	2
1664	1643	2
1644	1670	0
1670	1644	0
1644	1670	1
1670	1644	1
1644	1670	2
1670	1644	2
1644	1673	0
1673	1644	0
1644	1673	1
1673	1644	1
1644	1673	2
1673	1644	2
1644	1675	0
1675	1644	0
1644	1675	1
1675	1644	1
1644	1675	2
1675	1644	2
1644	1677	0
1677	1644	0
1644	1677	1
1677	1644	1
1644	1677	2
1677	1644	2
1644	1649	0
1649	1644	0
1644	1649	1
1649	1644	1
1644	1649	2
1649	1644	2
1644	1665	0
1665	1644	0
1644	1665	1
1665	1644	1
1644	1665	2
1665	1644	2
1645	1682	0
1682	1645	0
1645	1682	1
1682	1645	1
1645	1682	2
1682	1645	2
1646	1686	0
1686	1646	0
1646	1686	1
1686	1646	1
1646	1686	2
1686	1646	2
1647	1658	0
1658	1647	0
1647	1658	1
1658	1647	1
1647	1658	2
1658	1647	2
1647	1654	0
1654	1647	0
1647	1654	1
1654	1647	1
1647	1654	2
1654	1647	2
1647	1655	0
1655	1647	0
1647	1655	1
1655	1647	1
1647	1655	2
1655	1647	2
1648	1676	0
1676	1648	0
1648	1676	1
1676	1648	1
1648	1676	2
1676	1648	2
1648	1654	0
1654	1648	0
1648	1654	1
1654	1648	1
1648	1654	2
1654	1648	2
1648	1655	0
1655	1648	0
1648	1655	1
1655	1648	1
1648	1655	2
1655	1648	2
1649	1663	0
1663	1649	0
1649	1663	1
1663	1649	1
1649	1663	2
1663	1649	2
1649	1672	0
1672	1649	0
1649	1672	1
1672	1649	1
1649	1672	2
1672	1649	2
1650	1672	0
1672	1650	0
1650	1672	1
1672	1650	1
1650	1672	2
1672	1650	2
1650	1664	0
1664	1650	0
1650	1664	1
1664	1650	1
1650	1664	2
1664	1650	2
1651	1665	0
1665	1651	0
1651	1665	1
1665	1651	1
1651	1665	2
1665	1651	2
1651	1668	0
1668	1651	0
1651	1668	1
1668	1651	1
1651	1668	2
1668	1651	2
1651	1670	0
1670	1651	0
1651	1670	1
1670	1651	1
1651	1670	2
1670	1651	2
1651	1675	0
1675	1651	0
1651	1675	1
1675	1651	1
1651	1675	2
1675	1651	2
1651	1677	0
1677	1651	0
1651	1677	1
1677	1651	1
1651	1677	2
1677	1651	2
1651	1664	0
1664	1651	0
1651	1664	1
1664	1651	1
1651	1664	2
1664	1651	2
1652	1684	0
1684	1652	0
1652	1684	1
1684	1652	1
1652	1684	2
1684	1652	2
1652	1660	0
1660	1652	0
1652	1660	1
1660	1652	1
1652	1660	2
1660	1652	2
1653	1661	0
1661	1653	0
1653	1661	1
1661	1653	1
1653	1661	2
1661	1653	2
1654	1672	0
1672	1654	0
1654	1672	1
1672	1654	1
1654	1672	2
1672	1654	2
1654	1675	0
1675	1654	0
1654	1675	1
1675	1654	1
1654	1675	2
1675	1654	2
1654	1664	0
1664	1654	0
1654	1664	1
1664	1654	1
1654	1664	2
1664	1654	2
1654	1671	0
1671	1654	0
1654	1671	1
1671	1654	1
1654	1671	2
1671	1654	2
1654	1683	0
1683	1654	0
1654	1683	1
1683	1654	1
1654	1683	2
1683	1654	2
1655	1670	0
1670	1655	0
1655	1670	1
1670	1655	1
1655	1670	2
1670	1655	2
1655	1672	0
1672	1655	0
1655	1672	1
1672	1655	1
1655	1672	2
1672	1655	2
1655	1664	0
1664	1655	0
1655	1664	1
1664	1655	1
1655	1664	2
1664	1655	2
1655	1671	0
1671	1655	0
1655	1671	1
1671	1655	1
1655	1671	2
1671	1655	2
1655	1683	0
1683	1655	0
1655	1683	1
1683	1655	1
1655	1683	2
1683	1655	2
1656	1661	0
1661	1656	0
1656	1661	1
1661	1656	1
1656	1661	2
1661	1656	2
1657	1676	0
1676	1657	0
1657	1676	1
1676	1657	1
1657	1676	2
1676	1657	2
1657	1665	0
1665	1657	0
1657	1665	1
1665	1657	1
1657	1665	2
1665	1657	2
1657	1670	0
1670	1657	0
1657	1670	1
1670	1657	1
1657	1670	2
1670	1657	2
1657	1673	0
1673	1657	0
1657	1673	1
1673	1657	1
1657	1673	2
1673	1657	2
1657	1677	0
1677	1657	0
1657	1677	1
1677	1657	1
1657	1677	2
1677	1657	2
1657	1675	0
1675	1657	0
1657	1675	1
1675	1657	1
1657	1675	2
1675	1657	2
1658	1678	0
1678	1658	0
1658	1678	1
1678	1658	1
1658	1678	2
1678	1658	2
1658	1679	0
1679	1658	0
1658	1679	1
1679	1658	1
1658	1679	2
1679	1658	2
1658	1671	0
1671	1658	0
1658	1671	1
1671	1658	1
1658	1671	2
1671	1658	2
1658	1683	0
1683	1658	0
1658	1683	1
1683	1658	1
1658	1683	2
1683	1658	2
1659	1676	0
1676	1659	0
1659	1676	1
1676	1659	1
1659	1676	2
1676	1659	2
1659	1666	0
1666	1659	0
1659	1666	1
1666	1659	1
1659	1666	2
1666	1659	2
1659	1667	0
1667	1659	0
1659	1667	1
1667	1659	1
1659	1667	2
1667	1659	2
1659	1669	0
1669	1659	0
1659	1669	1
1669	1659	1
1659	1669	2
1669	1659	2
1659	1685	0
1685	1659	0
1659	1685	1
1685	1659	1
1659	1685	2
1685	1659	2
1660	1666	0
1666	1660	0
1660	1666	1
1666	1660	1
1660	1666	2
1666	1660	2
1660	1667	0
1667	1660	0
1660	1667	1
1667	1660	1
1660	1667	2
1667	1660	2
1660	1669	0
1669	1660	0
1660	1669	1
1669	1660	1
1660	1669	2
1669	1660	2
1660	1685	0
1685	1660	0
1660	1685	1
1685	1660	1
1660	1685	2
1685	1660	2
1661	1662	0
1662	1661	0
1661	1662	1
1662	1661	1
1661	1662	2
1662	1661	2
1661	1674	0
1674	1661	0
1661	1674	1
1674	1661	1
1661	1674	2
1674	1661	2
1663	1670	0
1670	1663	0
1663	1670	1
1670	1663	1
1663	1670	2
1670	1663	2
1663	1673	0
1673	1663	0
1663	1673	1
1673	1663	1
1663	1673	2
1673	1663	2
1663	1675	0
1675	1663	0
1663	1675	1
1675	1663	1
1663	1675	2
1675	1663	2
1663	1677	0
1677	1663	0
1663	1677	1
1677	1663	1
1663	1677	2
1677	1663	2
1663	1665	0
1665	1663	0
1663	1665	1
1665	1663	1
1663	1665	2
1665	1663	2
1664	1665	0
1665	1664	0
1664	1665	1
1665	1664	1
1664	1665	2
1665	1664	2
1664	1672	0
1672	1664	0
1664	1672	1
1672	1664	1
1664	1672	2
1672	1664	2
1664	1668	0
1668	1664	0
1664	1668	1
1668	1664	1
1664	1668	2
1668	1664	2
1665	1668	0
1668	1665	0
1665	1668	1
1668	1665	1
1665	1668	2
1668	1665	2
1666	1685	0
1685	1666	0
1666	1685	1
1685	1666	1
1666	1685	2
1685	1666	2
1668	1670	0
1670	1668	0
1668	1670	1
1670	1668	1
1668	1670	2
1670	1668	2
1668	1675	0
1675	1668	0
1668	1675	1
1675	1668	1
1668	1675	2
1675	1668	2
1668	1677	0
1677	1668	0
1668	1677	1
1677	1668	1
1668	1677	2
1677	1668	2
1672	1673	0
1673	1672	0
1672	1673	1
1673	1672	1
1672	1673	2
1673	1672	2
1673	1675	0
1675	1673	0
1673	1675	1
1675	1673	1
1673	1675	2
1675	1673	2
1674	1678	0
1678	1674	0
1674	1678	1
1678	1674	1
1674	1678	2
1678	1674	2
1674	1684	0
1684	1674	0
1674	1684	1
1684	1674	1
1674	1684	2
1684	1674	2
1678	1679	0
1679	1678	0
1678	1679	1
1679	1678	1
1678	1679	2
1679	1678	2
1680	1682	0
1682	1680	0
1680	1682	1
1682	1680	1
1680	1682	2
1682	1680	2
1682	1686	0
1686	1682	0
1682	1686	1
1686	1682	1
1682	1686	2
1686	1682	2
1688	1696	0
1696	1688	0
1688	1696	1
1696	1688	1
1688	1696	2
1696	1688	2
1689	1691	0
1691	1689	0
1689	1691	1
1691	1689	1
1689	1691	2
1691	1689	2
1689	1692	0
1692	1689	0
1689	1692	1
1692	1689	1
1689	1692	2
1692	1689	2
1689	1694	0
1694	1689	0
1689	1694	1
1694	1689	1
1689	1694	2
1694	1689	2
1690	1694	0
1694	1690	0
1690	1694	1
1694	1690	1
1690	1694	2
1694	1690	2
1690	1695	0
1695	1690	0
1690	1695	1
1695	1690	1
1690	1695	2
1695	1690	2
1691	1693	0
1693	1691	0
1691	1693	1
1693	1691	1
1691	1693	2
1693	1691	2
1691	1694	0
1694	1691	0
1691	1694	1
1694	1691	1
1691	1694	2
1694	1691	2
1691	1695	0
1695	1691	0
1691	1695	1
1695	1691	1
1691	1695	2
1695	1691	2
1692	1693	0
1693	1692	0
1692	1693	1
1693	1692	1
1692	1693	2
1693	1692	2
1694	1695	0
1695	1694	0
1694	1695	1
1695	1694	1
1694	1695	2
1695	1694	2
1697	1699	0
1699	1697	0
1697	1699	1
1699	1697	1
1697	1699	2
1699	1697	2
1697	1702	0
1702	1697	0
1697	1702	1
1702	1697	1
1697	1702	2
1702	1697	2
1697	1722	0
1722	1697	0
1697	1722	1
1722	1697	1
1697	1722	2
1722	1697	2
1698	1700	0
1700	1698	0
1698	1700	1
1700	1698	1
1698	1700	2
1700	1698	2
1698	1703	0
1703	1698	0
1698	1703	1
1703	1698	1
1698	1703	2
1703	1698	2
1698	1704	0
1704	1698	0
1698	1704	1
1704	1698	1
1698	1704	2
1704	1698	2
1698	1713	0
1713	1698	0
1698	1713	1
1713	1698	1
1698	1713	2
1713	1698	2
1698	1720	0
1720	1698	0
1698	1720	1
1720	1698	1
1698	1720	2
1720	1698	2
1698	1708	0
1708	1698	0
1698	1708	1
1708	1698	1
1698	1708	2
1708	1698	2
1698	1709	0
1709	1698	0
1698	1709	1
1709	1698	1
1698	1709	2
1709	1698	2
1699	1701	0
1701	1699	0
1699	1701	1
1701	1699	1
1699	1701	2
1701	1699	2
1699	1705	0
1705	1699	0
1699	1705	1
1705	1699	1
1699	1705	2
1705	1699	2
1699	1713	0
1713	1699	0
1699	1713	1
1713	1699	1
1699	1713	2
1713	1699	2
1699	1710	0
1710	1699	0
1699	1710	1
1710	1699	1
1699	1710	2
1710	1699	2
1699	1712	0
1712	1699	0
1699	1712	1
1712	1699	1
1699	1712	2
1712	1699	2
1700	1706	0
1706	1700	0
1700	1706	1
1706	1700	1
1700	1706	2
1706	1700	2
1700	1707	0
1707	1700	0
1700	1707	1
1707	1700	1
1700	1707	2
1707	1700	2
1700	1722	0
1722	1700	0
1700	1722	1
1722	1700	1
1700	1722	2
1722	1700	2
1701	1702	0
1702	1701	0
1701	1702	1
1702	1701	1
1701	1702	2
1702	1701	2
1701	1722	0
1722	1701	0
1701	1722	1
1722	1701	1
1701	1722	2
1722	1701	2
1702	1705	0
1705	1702	0
1702	1705	1
1705	1702	1
1702	1705	2
1705	1702	2
1702	1713	0
1713	1702	0
1702	1713	1
1713	1702	1
1702	1713	2
1713	1702	2
1702	1710	0
1710	1702	0
1702	1710	1
1710	1702	1
1702	1710	2
1710	1702	2
1702	1712	0
1712	1702	0
1702	1712	1
1712	1702	1
1702	1712	2
1712	1702	2
1703	1704	0
1704	1703	0
1703	1704	1
1704	1703	1
1703	1704	2
1704	1703	2
1703	1706	0
1706	1703	0
1703	1706	1
1706	1703	1
1703	1706	2
1706	1703	2
1703	1707	0
1707	1703	0
1703	1707	1
1707	1703	1
1703	1707	2
1707	1703	2
1704	1706	0
1706	1704	0
1704	1706	1
1706	1704	1
1704	1706	2
1706	1704	2
1704	1707	0
1707	1704	0
1704	1707	1
1707	1704	1
1704	1707	2
1707	1704	2
1705	1706	0
1706	1705	0
1705	1706	1
1706	1705	1
1705	1706	2
1706	1705	2
1705	1713	0
1713	1705	0
1705	1713	1
1713	1705	1
1705	1713	2
1713	1705	2
1705	1720	0
1720	1705	0
1705	1720	1
1720	1705	1
1705	1720	2
1720	1705	2
1705	1722	0
1722	1705	0
1705	1722	1
1722	1705	1
1705	1722	2
1722	1705	2
1706	1720	0
1720	1706	0
1706	1720	1
1720	1706	1
1706	1720	2
1720	1706	2
1706	1708	0
1708	1706	0
1706	1708	1
1708	1706	1
1706	1708	2
1708	1706	2
1706	1709	0
1709	1706	0
1706	1709	1
1709	1706	1
1706	1709	2
1709	1706	2
1707	1720	0
1720	1707	0
1707	1720	1
1720	1707	1
1707	1720	2
1720	1707	2
1707	1708	0
1708	1707	0
1707	1708	1
1708	1707	1
1707	1708	2
1708	1707	2
1707	1709	0
1709	1707	0
1707	1709	1
1709	1707	1
1707	1709	2
1709	1707	2
1708	1711	0
1711	1708	0
1708	1711	1
1711	1708	1
1708	1711	2
1711	1708	2
1708	1721	0
1721	1708	0
1708	1721	1
1721	1708	1
1708	1721	2
1721	1708	2
1709	1711	0
1711	1709	0
1709	1711	1
1711	1709	1
1709	1711	2
1711	1709	2
1709	1721	0
1721	1709	0
1709	1721	1
1721	1709	1
1709	1721	2
1721	1709	2
1713	1722	0
1722	1713	0
1713	1722	1
1722	1713	1
1713	1722	2
1722	1713	2
1714	1723	0
1723	1714	0
1714	1723	1
1723	1714	1
1714	1723	2
1723	1714	2
1724	1740	0
1740	1724	0
1724	1740	1
1740	1724	1
1724	1740	2
1740	1724	2
1724	1746	0
1746	1724	0
1724	1746	1
1746	1724	1
1724	1746	2
1746	1724	2
1725	1732	0
1732	1725	0
1725	1732	1
1732	1725	1
1725	1732	2
1732	1725	2
1725	1747	0
1747	1725	0
1725	1747	1
1747	1725	1
1725	1747	2
1747	1725	2
1726	1735	0
1735	1726	0
1726	1735	1
1735	1726	1
1726	1735	2
1735	1726	2
1726	1752	0
1752	1726	0
1726	1752	1
1752	1726	1
1726	1752	2
1752	1726	2
1726	1731	0
1731	1726	0
1726	1731	1
1731	1726	1
1726	1731	2
1731	1726	2
1726	1741	0
1741	1726	0
1726	1741	1
1741	1726	1
1726	1741	2
1741	1726	2
1726	1745	0
1745	1726	0
1726	1745	1
1745	1726	1
1726	1745	2
1745	1726	2
1727	1735	0
1735	1727	0
1727	1735	1
1735	1727	1
1727	1735	2
1735	1727	2
1727	1752	0
1752	1727	0
1727	1752	1
1752	1727	1
1727	1752	2
1752	1727	2
1727	1731	0
1731	1727	0
1727	1731	1
1731	1727	1
1727	1731	2
1731	1727	2
1727	1741	0
1741	1727	0
1727	1741	1
1741	1727	1
1727	1741	2
1741	1727	2
1727	1745	0
1745	1727	0
1727	1745	1
1745	1727	1
1727	1745	2
1745	1727	2
1728	1748	0
1748	1728	0
1728	1748	1
1748	1728	1
1728	1748	2
1748	1728	2
1728	1744	0
1744	1728	0
1728	1744	1
1744	1728	1
1728	1744	2
1744	1728	2
1729	1744	0
1744	1729	0
1729	1744	1
1744	1729	1
1729	1744	2
1744	1729	2
1730	1744	0
1744	1730	0
1730	1744	1
1744	1730	1
1730	1744	2
1744	1730	2
1731	1755	0
1755	1731	0
1731	1755	1
1755	1731	1
1731	1755	2
1755	1731	2
1731	1734	0
1734	1731	0
1731	1734	1
1734	1731	1
1731	1734	2
1734	1731	2
1731	1748	0
1748	1731	0
1731	1748	1
1748	1731	1
1731	1748	2
1748	1731	2
1732	1739	0
1739	1732	0
1732	1739	1
1739	1732	1
1732	1739	2
1739	1732	2
1733	1740	0
1740	1733	0
1733	1740	1
1740	1733	1
1733	1740	2
1740	1733	2
1733	1746	0
1746	1733	0
1733	1746	1
1746	1733	1
1733	1746	2
1746	1733	2
1734	1735	0
1735	1734	0
1734	1735	1
1735	1734	1
1734	1735	2
1735	1734	2
1734	1752	0
1752	1734	0
1734	1752	1
1752	1734	1
1734	1752	2
1752	1734	2
1734	1748	0
1748	1734	0
1734	1748	1
1748	1734	1
1734	1748	2
1748	1734	2
1734	1741	0
1741	1734	0
1734	1741	1
1741	1734	1
1734	1741	2
1741	1734	2
1734	1745	0
1745	1734	0
1734	1745	1
1745	1734	1
1734	1745	2
1745	1734	2
1735	1748	0
1748	1735	0
1735	1748	1
1748	1735	1
1735	1748	2
1748	1735	2
1736	1740	0
1740	1736	0
1736	1740	1
1740	1736	1
1736	1740	2
1740	1736	2
1736	1746	0
1746	1736	0
1736	1746	1
1746	1736	1
1736	1746	2
1746	1736	2
1739	1747	0
1747	1739	0
1739	1747	1
1747	1739	1
1739	1747	2
1747	1739	2
1740	1746	0
1746	1740	0
1740	1746	1
1746	1740	1
1740	1746	2
1746	1740	2
1741	1755	0
1755	1741	0
1741	1755	1
1755	1741	1
1741	1755	2
1755	1741	2
1741	1748	0
1748	1741	0
1741	1748	1
1748	1741	1
1741	1748	2
1748	1741	2
1742	1760	0
1760	1742	0
1742	1760	1
1760	1742	1
1742	1760	2
1760	1742	2
1742	1764	0
1764	1742	0
1742	1764	1
1764	1742	1
1742	1764	2
1764	1742	2
1742	1758	0
1758	1742	0
1742	1758	1
1758	1742	1
1742	1758	2
1758	1742	2
1743	1756	0
1756	1743	0
1743	1756	1
1756	1743	1
1743	1756	2
1756	1743	2
1743	1760	0
1760	1743	0
1743	1760	1
1760	1743	1
1743	1760	2
1760	1743	2
1743	1764	0
1764	1743	0
1743	1764	1
1764	1743	1
1743	1764	2
1764	1743	2
1744	1751	0
1751	1744	0
1744	1751	1
1751	1744	1
1744	1751	2
1751	1744	2
1745	1755	0
1755	1745	0
1745	1755	1
1755	1745	1
1745	1755	2
1755	1745	2
1745	1748	0
1748	1745	0
1745	1748	1
1748	1745	1
1745	1748	2
1748	1745	2
1748	1752	0
1752	1748	0
1748	1752	1
1752	1748	1
1748	1752	2
1752	1748	2
1749	1753	0
1753	1749	0
1749	1753	1
1753	1749	1
1749	1753	2
1753	1749	2
1749	1754	0
1754	1749	0
1749	1754	1
1754	1749	1
1749	1754	2
1754	1749	2
1750	1757	0
1757	1750	0
1750	1757	1
1757	1750	1
1750	1757	2
1757	1750	2
1753	1757	0
1757	1753	0
1753	1757	1
1757	1753	1
1753	1757	2
1757	1753	2
1754	1756	0
1756	1754	0
1754	1756	1
1756	1754	1
1754	1756	2
1756	1754	2
1756	1759	0
1759	1756	0
1756	1759	1
1759	1756	1
1756	1759	2
1759	1756	2
1757	1760	0
1760	1757	0
1757	1760	1
1760	1757	1
1757	1760	2
1760	1757	2
1757	1758	0
1758	1757	0
1757	1758	1
1758	1757	1
1757	1758	2
1758	1757	2
1758	1760	0
1760	1758	0
1758	1760	1
1760	1758	1
1758	1760	2
1760	1758	2
1758	1764	0
1764	1758	0
1758	1764	1
1764	1758	1
1758	1764	2
1764	1758	2
1760	1764	0
1764	1760	0
1760	1764	1
1764	1760	1
1760	1764	2
1764	1760	2
1761	1763	0
1763	1761	0
1761	1763	1
1763	1761	1
1761	1763	2
1763	1761	2
1765	1767	0
1767	1765	0
1765	1767	1
1767	1765	1
1765	1767	2
1767	1765	2
1765	1785	0
1785	1765	0
1765	1785	1
1785	1765	1
1765	1785	2
1785	1765	2
1765	1778	0
1778	1765	0
1765	1778	1
1778	1765	1
1765	1778	2
1778	1765	2
1765	1779	0
1779	1765	0
1765	1779	1
1779	1765	1
1765	1779	2
1779	1765	2
1765	1799	0
1799	1765	0
1765	1799	1
1799	1765	1
1765	1799	2
1799	1765	2
1766	1774	0
1774	1766	0
1766	1774	1
1774	1766	1
1766	1774	2
1774	1766	2
1766	1775	0
1775	1766	0
1766	1775	1
1775	1766	1
1766	1775	2
1775	1766	2
1766	1792	0
1792	1766	0
1766	1792	1
1792	1766	1
1766	1792	2
1792	1766	2
1766	1796	0
1796	1766	0
1766	1796	1
1796	1766	1
1766	1796	2
1796	1766	2
1766	1788	0
1788	1766	0
1766	1788	1
1788	1766	1
1766	1788	2
1788	1766	2
1767	1793	0
1793	1767	0
1767	1793	1
1793	1767	1
1767	1793	2
1793	1767	2
1767	1770	0
1770	1767	0
1767	1770	1
1770	1767	1
1767	1770	2
1770	1767	2
1767	1776	0
1776	1767	0
1767	1776	1
1776	1767	1
1767	1776	2
1776	1767	2
1767	1782	0
1782	1767	0
1767	1782	1
1782	1767	1
1767	1782	2
1782	1767	2
1768	1793	0
1793	1768	0
1768	1793	1
1793	1768	1
1768	1793	2
1793	1768	2
1769	1798	0
1798	1769	0
1769	1798	1
1798	1769	1
1769	1798	2
1798	1769	2
1770	1775	0
1775	1770	0
1770	1775	1
1775	1770	1
1770	1775	2
1775	1770	2
1770	1785	0
1785	1770	0
1770	1785	1
1785	1770	1
1770	1785	2
1785	1770	2
1770	1778	0
1778	1770	0
1770	1778	1
1778	1770	1
1770	1778	2
1778	1770	2
1770	1779	0
1779	1770	0
1770	1779	1
1779	1770	1
1770	1779	2
1779	1770	2
1771	1774	0
1774	1771	0
1771	1774	1
1774	1771	1
1771	1774	2
1774	1771	2
1771	1775	0
1775	1771	0
1771	1775	1
1775	1771	1
1771	1775	2
1775	1771	2
1771	1782	0
1782	1771	0
1771	1782	1
1782	1771	1
1771	1782	2
1782	1771	2
1771	1792	0
1792	1771	0
1771	1792	1
1792	1771	1
1771	1792	2
1792	1771	2
1771	1796	0
1796	1771	0
1771	1796	1
1796	1771	1
1771	1796	2
1796	1771	2
1771	1788	0
1788	1771	0
1771	1788	1
1788	1771	1
1771	1788	2
1788	1771	2
1772	1780	0
1780	1772	0
1772	1780	1
1780	1772	1
1772	1780	2
1780	1772	2
1772	1791	0
1791	1772	0
1772	1791	1
1791	1772	1
1772	1791	2
1791	1772	2
1773	1781	0
1781	1773	0
1773	1781	1
1781	1773	1
1773	1781	2
1781	1773	2
1774	1782	0
1782	1774	0
1774	1782	1
1782	1774	1
1774	1782	2
1782	1774	2
1774	1799	0
1799	1774	0
1774	1799	1
1799	1774	1
1774	1799	2
1799	1774	2
1774	1795	0
1795	1774	0
1774	1795	1
1795	1774	1
1774	1795	2
1795	1774	2
1775	1776	0
1776	1775	0
1775	1776	1
1776	1775	1
1775	1776	2
1776	1775	2
1775	1782	0
1782	1775	0
1775	1782	1
1782	1775	1
1775	1782	2
1782	1775	2
1775	1795	0
1795	1775	0
1775	1795	1
1795	1775	1
1775	1795	2
1795	1775	2
1776	1785	0
1785	1776	0
1776	1785	1
1785	1776	1
1776	1785	2
1785	1776	2
1776	1778	0
1778	1776	0
1776	1778	1
1778	1776	1
1776	1778	2
1778	1776	2
1776	1779	0
1779	1776	0
1776	1779	1
1779	1776	1
1776	1779	2
1779	1776	2
1777	1781	0
1781	1777	0
1777	1781	1
1781	1777	1
1777	1781	2
1781	1777	2
1777	1791	0
1791	1777	0
1777	1791	1
1791	1777	1
1777	1791	2
1791	1777	2
1778	1795	0
1795	1778	0
1778	1795	1
1795	1778	1
1778	1795	2
1795	1778	2
1779	1799	0
1799	1779	0
1779	1799	1
1799	1779	1
1779	1799	2
1799	1779	2
1779	1794	0
1794	1779	0
1779	1794	1
1794	1779	1
1779	1794	2
1794	1779	2
1780	1791	0
1791	1780	0
1780	1791	1
1791	1780	1
1780	1791	2
1791	1780	2
1781	1791	0
1791	1781	0
1781	1791	1
1791	1781	1
1781	1791	2
1791	1781	2
1782	1792	0
1792	1782	0
1782	1792	1
1792	1782	1
1782	1792	2
1792	1782	2
1782	1796	0
1796	1782	0
1782	1796	1
1796	1782	1
1782	1796	2
1796	1782	2
1782	1788	0
1788	1782	0
1782	1788	1
1788	1782	1
1782	1788	2
1788	1782	2
1783	1787	0
1787	1783	0
1783	1787	1
1787	1783	1
1783	1787	2
1787	1783	2
1785	1793	0
1793	1785	0
1785	1793	1
1793	1785	1
1785	1793	2
1793	1785	2
1788	1798	0
1798	1788	0
1788	1798	1
1798	1788	1
1788	1798	2
1798	1788	2
1789	1798	0
1798	1789	0
1789	1798	1
1798	1789	1
1789	1798	2
1798	1789	2
1792	1798	0
1798	1792	0
1792	1798	1
1798	1792	1
1792	1798	2
1798	1792	2
1795	1797	0
1797	1795	0
1795	1797	1
1797	1795	1
1795	1797	2
1797	1795	2
1796	1798	0
1798	1796	0
1796	1798	1
1798	1796	1
1796	1798	2
1798	1796	2
1800	1830	0
1830	1800	0
1800	1830	1
1830	1800	1
1800	1830	2
1830	1800	2
1800	1802	0
1802	1800	0
1800	1802	1
1802	1800	1
1800	1802	2
1802	1800	2
1800	1807	0
1807	1800	0
1800	1807	1
1807	1800	1
1800	1807	2
1807	1800	2
1800	1845	0
1845	1800	0
1800	1845	1
1845	1800	1
1800	1845	2
1845	1800	2
1800	1846	0
1846	1800	0
1800	1846	1
1846	1800	1
1800	1846	2
1846	1800	2
1800	1848	0
1848	1800	0
1800	1848	1
1848	1800	1
1800	1848	2
1848	1800	2
1800	1818	0
1818	1800	0
1800	1818	1
1818	1800	1
1800	1818	2
1818	1800	2
1800	1819	0
1819	1800	0
1800	1819	1
1819	1800	1
1800	1819	2
1819	1800	2
1800	1843	0
1843	1800	0
1800	1843	1
1843	1800	1
1800	1843	2
1843	1800	2
1801	1803	0
1803	1801	0
1801	1803	1
1803	1801	1
1801	1803	2
1803	1801	2
1801	1804	0
1804	1801	0
1801	1804	1
1804	1801	1
1801	1804	2
1804	1801	2
1801	1808	0
1808	1801	0
1801	1808	1
1808	1801	1
1801	1808	2
1808	1801	2
1801	1843	0
1843	1801	0
1801	1843	1
1843	1801	1
1801	1843	2
1843	1801	2
1801	1819	0
1819	1801	0
1801	1819	1
1819	1801	1
1801	1819	2
1819	1801	2
1801	1831	0
1831	1801	0
1801	1831	1
1831	1801	1
1801	1831	2
1831	1801	2
1802	1846	0
1846	1802	0
1802	1846	1
1846	1802	1
1802	1846	2
1846	1802	2
1802	1848	0
1848	1802	0
1802	1848	1
1848	1802	1
1802	1848	2
1848	1802	2
1802	1819	0
1819	1802	0
1802	1819	1
1819	1802	1
1802	1819	2
1819	1802	2
1802	1854	0
1854	1802	0
1802	1854	1
1854	1802	1
1802	1854	2
1854	1802	2
1803	1808	0
1808	1803	0
1803	1808	1
1808	1803	1
1803	1808	2
1808	1803	2
1803	1809	0
1809	1803	0
1803	1809	1
1809	1803	1
1803	1809	2
1809	1803	2
1803	1820	0
1820	1803	0
1803	1820	1
1820	1803	1
1803	1820	2
1820	1803	2
1803	1838	0
1838	1803	0
1803	1838	1
1838	1803	1
1803	1838	2
1838	1803	2
1803	1810	0
1810	1803	0
1803	1810	1
1810	1803	1
1803	1810	2
1810	1803	2
1803	1844	0
1844	1803	0
1803	1844	1
1844	1803	1
1803	1844	2
1844	1803	2
1804	1808	0
1808	1804	0
1804	1808	1
1808	1804	1
1804	1808	2
1808	1804	2
1804	1809	0
1809	1804	0
1804	1809	1
1809	1804	1
1804	1809	2
1809	1804	2
1804	1820	0
1820	1804	0
1804	1820	1
1820	1804	1
1804	1820	2
1820	1804	2
1804	1838	0
1838	1804	0
1804	1838	1
1838	1804	1
1804	1838	2
1838	1804	2
1804	1810	0
1810	1804	0
1804	1810	1
1810	1804	1
1804	1810	2
1810	1804	2
1804	1844	0
1844	1804	0
1804	1844	1
1844	1804	1
1804	1844	2
1844	1804	2
1805	1852	0
1852	1805	0
1805	1852	1
1852	1805	1
1805	1852	2
1852	1805	2
1806	1842	0
1842	1806	0
1806	1842	1
1842	1806	1
1806	1842	2
1842	1806	2
1807	1838	0
1838	1807	0
1807	1838	1
1838	1807	1
1807	1838	2
1838	1807	2
1807	1810	0
1810	1807	0
1807	1810	1
1810	1807	1
1807	1810	2
1810	1807	2
1807	1844	0
1844	1807	0
1807	1844	1
1844	1807	1
1807	1844	2
1844	1807	2
1807	1846	0
1846	1807	0
1807	1846	1
1846	1807	1
1807	1846	2
1846	1807	2
1807	1808	0
1808	1807	0
1807	1808	1
1808	1807	1
1807	1808	2
1808	1807	2
1807	1809	0
1809	1807	0
1807	1809	1
1809	1807	1
1807	1809	2
1809	1807	2
1807	1820	0
1820	1807	0
1807	1820	1
1820	1807	1
1807	1820	2
1820	1807	2
1808	1831	0
1831	1808	0
1808	1831	1
1831	1808	1
1808	1831	2
1831	1808	2
1808	1820	0
1820	1808	0
1808	1820	1
1820	1808	1
1808	1820	2
1820	1808	2
1808	1846	0
1846	1808	0
1808	1846	1
1846	1808	1
1808	1846	2
1846	1808	2
1809	1831	0
1831	1809	0
1809	1831	1
1831	1809	1
1809	1831	2
1831	1809	2
1809	1846	0
1846	1809	0
1809	1846	1
1846	1809	1
1809	1846	2
1846	1809	2
1810	1854	0
1854	1810	0
1810	1854	1
1854	1810	1
1810	1854	2
1854	1810	2
1810	1846	0
1846	1810	0
1810	1846	1
1846	1810	1
1810	1846	2
1846	1810	2
1810	1848	0
1848	1810	0
1810	1848	1
1848	1810	1
1810	1848	2
1848	1810	2
1811	1821	0
1821	1811	0
1811	1821	1
1821	1811	1
1811	1821	2
1821	1811	2
1811	1822	0
1822	1811	0
1811	1822	1
1822	1811	1
1811	1822	2
1822	1811	2
1811	1860	0
1860	1811	0
1811	1860	1
1860	1811	1
1811	1860	2
1860	1811	2
1812	1821	0
1821	1812	0
1812	1821	1
1821	1812	1
1812	1821	2
1821	1812	2
1812	1822	0
1822	1812	0
1812	1822	1
1822	1812	1
1812	1822	2
1822	1812	2
1812	1859	0
1859	1812	0
1812	1859	1
1859	1812	1
1812	1859	2
1859	1812	2
1813	1842	0
1842	1813	0
1813	1842	1
1842	1813	1
1813	1842	2
1842	1813	2
1814	1832	0
1832	1814	0
1814	1832	1
1832	1814	1
1814	1832	2
1832	1814	2
1814	1840	0
1840	1814	0
1814	1840	1
1840	1814	1
1814	1840	2
1840	1814	2
1814	1816	0
1816	1814	0
1814	1816	1
1816	1814	1
1814	1816	2
1816	1814	2
1814	1828	0
1828	1814	0
1814	1828	1
1828	1814	1
1814	1828	2
1828	1814	2
1814	1817	0
1817	1814	0
1814	1817	1
1817	1814	1
1814	1817	2
1817	1814	2
1814	1853	0
1853	1814	0
1814	1853	1
1853	1814	1
1814	1853	2
1853	1814	2
1815	1829	0
1829	1815	0
1815	1829	1
1829	1815	1
1815	1829	2
1829	1815	2
1815	1847	0
1847	1815	0
1815	1847	1
1847	1815	1
1815	1847	2
1847	1815	2
1815	1840	0
1840	1815	0
1815	1840	1
1840	1815	1
1815	1840	2
1840	1815	2
1815	1856	0
1856	1815	0
1815	1856	1
1856	1815	1
1815	1856	2
1856	1815	2
1815	1855	0
1855	1815	0
1815	1855	1
1855	1815	1
1815	1855	2
1855	1815	2
1816	1829	0
1829	1816	0
1816	1829	1
1829	1816	1
1816	1829	2
1829	1816	2
1816	1847	0
1847	1816	0
1816	1847	1
1847	1816	1
1816	1847	2
1847	1816	2
1816	1840	0
1840	1816	0
1816	1840	1
1840	1816	1
1816	1840	2
1840	1816	2
1816	1856	0
1856	1816	0
1816	1856	1
1856	1816	1
1816	1856	2
1856	1816	2
1816	1853	0
1853	1816	0
1816	1853	1
1853	1816	1
1816	1853	2
1853	1816	2
1816	1855	0
1855	1816	0
1816	1855	1
1855	1816	1
1816	1855	2
1855	1816	2
1817	1832	0
1832	1817	0
1817	1832	1
1832	1817	1
1817	1832	2
1832	1817	2
1817	1841	0
1841	1817	0
1817	1841	1
1841	1817	1
1817	1841	2
1841	1817	2
1818	1838	0
1838	1818	0
1818	1838	1
1838	1818	1
1818	1838	2
1838	1818	2
1818	1845	0
1845	1818	0
1818	1845	1
1845	1818	1
1818	1845	2
1845	1818	2
1818	1848	0
1848	1818	0
1818	1848	1
1848	1818	1
1818	1848	2
1848	1818	2
1818	1819	0
1819	1818	0
1818	1819	1
1819	1818	1
1818	1819	2
1819	1818	2
1818	1854	0
1854	1818	0
1818	1854	1
1854	1818	1
1818	1854	2
1854	1818	2
1819	1845	0
1845	1819	0
1819	1845	1
1845	1819	1
1819	1845	2
1845	1819	2
1819	1848	0
1848	1819	0
1819	1848	1
1848	1819	1
1819	1848	2
1848	1819	2
1819	1830	0
1830	1819	0
1819	1830	1
1830	1819	1
1819	1830	2
1830	1819	2
1819	1843	0
1843	1819	0
1819	1843	1
1843	1819	1
1819	1843	2
1843	1819	2
1820	1831	0
1831	1820	0
1820	1831	1
1831	1820	1
1820	1831	2
1831	1820	2
1820	1846	0
1846	1820	0
1820	1846	1
1846	1820	1
1820	1846	2
1846	1820	2
1821	1833	0
1833	1821	0
1821	1833	1
1833	1821	1
1821	1833	2
1833	1821	2
1821	1835	0
1835	1821	0
1821	1835	1
1835	1821	1
1821	1835	2
1835	1821	2
1822	1833	0
1833	1822	0
1822	1833	1
1833	1822	1
1822	1833	2
1833	1822	2
1822	1835	0
1835	1822	0
1822	1835	1
1835	1822	1
1822	1835	2
1835	1822	2
1822	1851	0
1851	1822	0
1822	1851	1
1851	1822	1
1822	1851	2
1851	1822	2
1823	1834	0
1834	1823	0
1823	1834	1
1834	1823	1
1823	1834	2
1834	1823	2
1823	1837	0
1837	1823	0
1823	1837	1
1837	1823	1
1823	1837	2
1837	1823	2
1823	1836	0
1836	1823	0
1823	1836	1
1836	1823	1
1823	1836	2
1836	1823	2
1824	1839	0
1839	1824	0
1824	1839	1
1839	1824	1
1824	1839	2
1839	1824	2
1824	1834	0
1834	1824	0
1824	1834	1
1834	1824	1
1824	1834	2
1834	1824	2
1824	1836	0
1836	1824	0
1824	1836	1
1836	1824	1
1824	1836	2
1836	1824	2
1824	1837	0
1837	1824	0
1824	1837	1
1837	1824	1
1824	1837	2
1837	1824	2
1825	1835	0
1835	1825	0
1825	1835	1
1835	1825	1
1825	1835	2
1835	1825	2
1825	1834	0
1834	1825	0
1825	1834	1
1834	1825	1
1825	1834	2
1834	1825	2
1825	1837	0
1837	1825	0
1825	1837	1
1837	1825	1
1825	1837	2
1837	1825	2
1827	1857	0
1857	1827	0
1827	1857	1
1857	1827	1
1827	1857	2
1857	1827	2
1828	1832	0
1832	1828	0
1828	1832	1
1832	1828	1
1828	1832	2
1832	1828	2
1828	1841	0
1841	1828	0
1828	1841	1
1841	1828	1
1828	1841	2
1841	1828	2
1828	1847	0
1847	1828	0
1828	1847	1
1847	1828	1
1828	1847	2
1847	1828	2
1832	1853	0
1853	1832	0
1832	1853	1
1853	1832	1
1832	1853	2
1853	1832	2
1833	1835	0
1835	1833	0
1833	1835	1
1835	1833	1
1833	1835	2
1835	1833	2
1833	1839	0
1839	1833	0
1833	1839	1
1839	1833	1
1833	1839	2
1839	1833	2
1833	1836	0
1836	1833	0
1833	1836	1
1836	1833	1
1833	1836	2
1836	1833	2
1834	1858	0
1858	1834	0
1834	1858	1
1858	1834	1
1834	1858	2
1858	1834	2
1834	1851	0
1851	1834	0
1834	1851	1
1851	1834	1
1834	1851	2
1851	1834	2
1835	1839	0
1839	1835	0
1835	1839	1
1839	1835	1
1835	1839	2
1839	1835	2
1836	1837	0
1837	1836	0
1836	1837	1
1837	1836	1
1836	1837	2
1837	1836	2
1836	1858	0
1858	1836	0
1836	1858	1
1858	1836	1
1836	1858	2
1858	1836	2
1836	1851	0
1851	1836	0
1836	1851	1
1851	1836	1
1836	1851	2
1851	1836	2
1837	1858	0
1858	1837	0
1837	1858	1
1858	1837	1
1837	1858	2
1858	1837	2
1837	1851	0
1851	1837	0
1837	1851	1
1851	1837	1
1837	1851	2
1851	1837	2
1838	1846	0
1846	1838	0
1838	1846	1
1846	1838	1
1838	1846	2
1846	1838	2
1838	1848	0
1848	1838	0
1838	1848	1
1848	1838	1
1838	1848	2
1848	1838	2
1841	1847	0
1847	1841	0
1841	1847	1
1847	1841	1
1841	1847	2
1847	1841	2
1841	1853	0
1853	1841	0
1841	1853	1
1853	1841	1
1841	1853	2
1853	1841	2
1844	1846	0
1846	1844	0
1844	1846	1
1846	1844	1
1844	1846	2
1846	1844	2
1844	1848	0
1848	1844	0
1844	1848	1
1848	1844	1
1844	1848	2
1848	1844	2
1845	1854	0
1854	1845	0
1845	1854	1
1854	1845	1
1845	1854	2
1854	1845	2
1846	1848	0
1848	1846	0
1846	1848	1
1848	1846	1
1846	1848	2
1848	1846	2
1849	1862	0
1862	1849	0
1849	1862	1
1862	1849	1
1849	1862	2
1862	1849	2
1851	1858	0
1858	1851	0
1851	1858	1
1858	1851	1
1851	1858	2
1858	1851	2
1851	1859	0
1859	1851	0
1851	1859	1
1859	1851	1
1851	1859	2
1859	1851	2
1857	1861	0
1861	1857	0
1857	1861	1
1861	1857	1
1857	1861	2
1861	1857	2
1858	1859	0
1859	1858	0
1858	1859	1
1859	1858	1
1858	1859	2
1859	1858	2
1865	1868	0
1868	1865	0
1865	1868	1
1868	1865	1
1865	1868	2
1868	1865	2
1871	1878	0
1878	1871	0
1871	1878	1
1878	1871	1
1871	1878	2
1878	1871	2
1872	1876	0
1876	1872	0
1872	1876	1
1876	1872	1
1872	1876	2
1876	1872	2
1872	1877	0
1877	1872	0
1872	1877	1
1877	1872	1
1872	1877	2
1877	1872	2
1872	1884	0
1884	1872	0
1872	1884	1
1884	1872	1
1872	1884	2
1884	1872	2
1872	1875	0
1875	1872	0
1872	1875	1
1875	1872	1
1872	1875	2
1875	1872	2
1873	1880	0
1880	1873	0
1873	1880	1
1880	1873	1
1873	1880	2
1880	1873	2
1873	1882	0
1882	1873	0
1873	1882	1
1882	1873	1
1873	1882	2
1882	1873	2
1873	1883	0
1883	1873	0
1873	1883	1
1883	1873	1
1873	1883	2
1883	1873	2
1873	1885	0
1885	1873	0
1873	1885	1
1885	1873	1
1873	1885	2
1885	1873	2
1873	1886	0
1886	1873	0
1873	1886	1
1886	1873	1
1873	1886	2
1886	1873	2
1874	1882	0
1882	1874	0
1874	1882	1
1882	1874	1
1874	1882	2
1882	1874	2
1874	1883	0
1883	1874	0
1874	1883	1
1883	1874	1
1874	1883	2
1883	1874	2
1874	1885	0
1885	1874	0
1874	1885	1
1885	1874	1
1874	1885	2
1885	1874	2
1874	1886	0
1886	1874	0
1874	1886	1
1886	1874	1
1874	1886	2
1886	1874	2
1875	1879	0
1879	1875	0
1875	1879	1
1879	1875	1
1875	1879	2
1879	1875	2
1876	1879	0
1879	1876	0
1876	1879	1
1879	1876	1
1876	1879	2
1879	1876	2
1877	1879	0
1879	1877	0
1877	1879	1
1879	1877	1
1877	1879	2
1879	1877	2
1879	1884	0
1884	1879	0
1879	1884	1
1884	1879	1
1879	1884	2
1884	1879	2
1880	1882	0
1882	1880	0
1880	1882	1
1882	1880	1
1880	1882	2
1882	1880	2
1880	1883	0
1883	1880	0
1880	1883	1
1883	1880	1
1880	1883	2
1883	1880	2
1880	1885	0
1885	1880	0
1880	1885	1
1885	1880	1
1880	1885	2
1885	1880	2
1880	1886	0
1886	1880	0
1880	1886	1
1886	1880	1
1880	1886	2
1886	1880	2
1882	1885	0
1885	1882	0
1882	1885	1
1885	1882	1
1882	1885	2
1885	1882	2
1887	1890	0
1890	1887	0
1887	1890	1
1890	1887	1
1887	1890	2
1890	1887	2
1888	1890	0
1890	1888	0
1888	1890	1
1890	1888	1
1888	1890	2
1890	1888	2
1888	1892	0
1892	1888	0
1888	1892	1
1892	1888	1
1888	1892	2
1892	1888	2
1889	1891	0
1891	1889	0
1889	1891	1
1891	1889	1
1889	1891	2
1891	1889	2
1889	1892	0
1892	1889	0
1889	1892	1
1892	1889	1
1889	1892	2
1892	1889	2
1891	1892	0
1892	1891	0
1891	1892	1
1892	1891	1
1891	1892	2
1892	1891	2
1898	1914	0
1914	1898	0
1898	1914	1
1914	1898	1
1898	1914	2
1914	1898	2
1898	1916	0
1916	1898	0
1898	1916	1
1916	1898	1
1898	1916	2
1916	1898	2
1898	1910	0
1910	1898	0
1898	1910	1
1910	1898	1
1898	1910	2
1910	1898	2
1898	1906	0
1906	1898	0
1898	1906	1
1906	1898	1
1898	1906	2
1906	1898	2
1899	1915	0
1915	1899	0
1899	1915	1
1915	1899	1
1899	1915	2
1915	1899	2
1899	1909	0
1909	1899	0
1899	1909	1
1909	1899	1
1899	1909	2
1909	1899	2
1899	1919	0
1919	1899	0
1899	1919	1
1919	1899	1
1899	1919	2
1919	1899	2
1900	1903	0
1903	1900	0
1900	1903	1
1903	1900	1
1900	1903	2
1903	1900	2
1900	1902	0
1902	1900	0
1900	1902	1
1902	1900	1
1900	1902	2
1902	1900	2
1901	1902	0
1902	1901	0
1901	1902	1
1902	1901	1
1901	1902	2
1902	1901	2
1902	1917	0
1917	1902	0
1902	1917	1
1917	1902	1
1902	1917	2
1917	1902	2
1903	1918	0
1918	1903	0
1903	1918	1
1918	1903	1
1903	1918	2
1918	1903	2
1904	1919	0
1919	1904	0
1904	1919	1
1919	1904	1
1904	1919	2
1919	1904	2
1905	1919	0
1919	1905	0
1905	1919	1
1919	1905	1
1905	1919	2
1919	1905	2
1906	1909	0
1909	1906	0
1906	1909	1
1909	1906	1
1906	1909	2
1909	1906	2
1910	1915	0
1915	1910	0
1910	1915	1
1915	1910	1
1910	1915	2
1915	1910	2
1910	1916	0
1916	1910	0
1910	1916	1
1916	1910	1
1910	1916	2
1916	1910	2
1911	1918	0
1918	1911	0
1911	1918	1
1918	1911	1
1911	1918	2
1918	1911	2
1914	1916	0
1916	1914	0
1914	1916	1
1916	1914	1
1914	1916	2
1916	1914	2
1921	1955	0
1955	1921	0
1921	1955	1
1955	1921	1
1921	1955	2
1955	1921	2
1921	1958	0
1958	1921	0
1921	1958	1
1958	1921	1
1921	1958	2
1958	1921	2
1921	1961	0
1961	1921	0
1921	1961	1
1961	1921	1
1921	1961	2
1961	1921	2
1921	1979	0
1979	1921	0
1921	1979	1
1979	1921	1
1921	1979	2
1979	1921	2
1922	1969	0
1969	1922	0
1922	1969	1
1969	1922	1
1922	1969	2
1969	1922	2
1922	1975	0
1975	1922	0
1922	1975	1
1975	1922	1
1922	1975	2
1975	1922	2
1923	1963	0
1963	1923	0
1923	1963	1
1963	1923	1
1923	1963	2
1963	1923	2
1925	1933	0
1933	1925	0
1925	1933	1
1933	1925	1
1925	1933	2
1933	1925	2
1926	1971	0
1971	1926	0
1926	1971	1
1971	1926	1
1926	1971	2
1971	1926	2
1926	1930	0
1930	1926	0
1926	1930	1
1930	1926	1
1926	1930	2
1930	1926	2
1926	1970	0
1970	1926	0
1926	1970	1
1970	1926	1
1926	1970	2
1970	1926	2
1927	1960	0
1960	1927	0
1927	1960	1
1960	1927	1
1927	1960	2
1960	1927	2
1927	1931	0
1931	1927	0
1927	1931	1
1931	1927	1
1927	1931	2
1931	1927	2
1927	1970	0
1970	1927	0
1927	1970	1
1970	1927	1
1927	1970	2
1970	1927	2
1927	1949	0
1949	1927	0
1927	1949	1
1949	1927	1
1927	1949	2
1949	1927	2
1930	1947	0
1947	1930	0
1930	1947	1
1947	1930	1
1930	1947	2
1947	1930	2
1930	1964	0
1964	1930	0
1930	1964	1
1964	1930	1
1930	1964	2
1964	1930	2
1930	1970	0
1970	1930	0
1930	1970	1
1970	1930	1
1930	1970	2
1970	1930	2
1930	1942	0
1942	1930	0
1930	1942	1
1942	1930	1
1930	1942	2
1942	1930	2
1931	1959	0
1959	1931	0
1931	1959	1
1959	1931	1
1931	1959	2
1959	1931	2
1931	1952	0
1952	1931	0
1931	1952	1
1952	1931	1
1931	1952	2
1952	1931	2
1931	1940	0
1940	1931	0
1931	1940	1
1940	1931	1
1931	1940	2
1940	1931	2
1931	1941	0
1941	1931	0
1931	1941	1
1941	1931	1
1931	1941	2
1941	1931	2
1933	1963	0
1963	1933	0
1933	1963	1
1963	1933	1
1933	1963	2
1963	1933	2
1934	1974	0
1974	1934	0
1934	1974	1
1974	1934	1
1934	1974	2
1974	1934	2
1934	1966	0
1966	1934	0
1934	1966	1
1966	1934	1
1934	1966	2
1966	1934	2
1934	1973	0
1973	1934	0
1934	1973	1
1973	1934	1
1934	1973	2
1973	1934	2
1935	1978	0
1978	1935	0
1935	1978	1
1978	1935	1
1935	1978	2
1978	1935	2
1935	1974	0
1974	1935	0
1935	1974	1
1974	1935	1
1935	1974	2
1974	1935	2
1938	1972	0
1972	1938	0
1938	1972	1
1972	1938	1
1938	1972	2
1972	1938	2
1939	1953	0
1953	1939	0
1939	1953	1
1953	1939	1
1939	1953	2
1953	1939	2
1939	1962	0
1962	1939	0
1939	1962	1
1962	1939	1
1939	1962	2
1962	1939	2
1940	1947	0
1947	1940	0
1940	1947	1
1947	1940	1
1940	1947	2
1947	1940	2
1940	1960	0
1960	1940	0
1940	1960	1
1960	1940	1
1940	1960	2
1960	1940	2
1940	1949	0
1949	1940	0
1940	1949	1
1949	1940	1
1940	1949	2
1949	1940	2
1940	1942	0
1942	1940	0
1940	1942	1
1942	1940	1
1940	1942	2
1942	1940	2
1941	1960	0
1960	1941	0
1941	1960	1
1960	1941	1
1941	1960	2
1960	1941	2
1941	1949	0
1949	1941	0
1941	1949	1
1949	1941	1
1941	1949	2
1949	1941	2
1941	1976	0
1976	1941	0
1941	1976	1
1976	1941	1
1941	1976	2
1976	1941	2
1941	1946	0
1946	1941	0
1941	1946	1
1946	1941	1
1941	1946	2
1946	1941	2
1942	1952	0
1952	1942	0
1942	1952	1
1952	1942	1
1942	1952	2
1952	1942	2
1942	1976	0
1976	1942	0
1942	1976	1
1976	1942	1
1942	1976	2
1976	1942	2
1942	1946	0
1946	1942	0
1942	1946	1
1946	1942	1
1942	1946	2
1946	1942	2
1944	1977	0
1977	1944	0
1944	1977	1
1977	1944	1
1944	1977	2
1977	1944	2
1946	1952	0
1952	1946	0
1946	1952	1
1952	1946	1
1946	1952	2
1952	1946	2
1947	1957	0
1957	1947	0
1947	1957	1
1957	1947	1
1947	1957	2
1957	1947	2
1947	1956	0
1956	1947	0
1947	1956	1
1956	1947	1
1947	1956	2
1956	1947	2
1948	1953	0
1953	1948	0
1948	1953	1
1953	1948	1
1948	1953	2
1953	1948	2
1948	1951	0
1951	1948	0
1948	1951	1
1951	1948	1
1948	1951	2
1951	1948	2
1948	1972	0
1972	1948	0
1948	1972	1
1972	1948	1
1948	1972	2
1972	1948	2
1949	1959	0
1959	1949	0
1949	1959	1
1959	1949	1
1949	1959	2
1959	1949	2
1949	1952	0
1952	1949	0
1949	1952	1
1952	1949	1
1949	1952	2
1952	1949	2
1951	1972	0
1972	1951	0
1951	1972	1
1972	1951	1
1951	1972	2
1972	1951	2
1952	1960	0
1960	1952	0
1952	1960	1
1960	1952	1
1952	1960	2
1960	1952	2
1952	1976	0
1976	1952	0
1952	1976	1
1976	1952	1
1952	1976	2
1976	1952	2
1954	1969	0
1969	1954	0
1954	1969	1
1969	1954	1
1954	1969	2
1969	1954	2
1954	1975	0
1975	1954	0
1954	1975	1
1975	1954	1
1954	1975	2
1975	1954	2
1956	1976	0
1976	1956	0
1956	1976	1
1976	1956	1
1956	1976	2
1976	1956	2
1959	1960	0
1960	1959	0
1959	1960	1
1960	1959	1
1959	1960	2
1960	1959	2
1959	1964	0
1964	1959	0
1959	1964	1
1964	1959	1
1959	1964	2
1964	1959	2
1960	1970	0
1970	1960	0
1960	1970	1
1970	1960	1
1960	1970	2
1970	1960	2
1964	1971	0
1971	1964	0
1964	1971	1
1971	1964	1
1964	1971	2
1971	1964	2
1965	1973	0
1973	1965	0
1965	1973	1
1973	1965	1
1965	1973	2
1973	1965	2
1966	1974	0
1974	1966	0
1966	1974	1
1974	1966	1
1966	1974	2
1974	1966	2
1966	1978	0
1978	1966	0
1966	1978	1
1978	1966	1
1966	1978	2
1978	1966	2
1966	1973	0
1973	1966	0
1966	1973	1
1973	1966	1
1966	1973	2
1973	1966	2
1969	1979	0
1979	1969	0
1969	1979	1
1979	1969	1
1969	1979	2
1979	1969	2
1980	1982	0
1982	1980	0
1980	1982	1
1982	1980	1
1980	1982	2
1982	1980	2
1984	1985	0
1985	1984	0
1984	1985	1
1985	1984	1
1984	1985	2
1985	1984	2
1986	1988	0
1988	1986	0
1986	1988	1
1988	1986	1
1986	1988	2
1988	1986	2
1986	1990	0
1990	1986	0
1986	1990	1
1990	1986	1
1986	1990	2
1990	1986	2
1986	2001	0
2001	1986	0
1986	2001	1
2001	1986	1
1986	2001	2
2001	1986	2
1986	2005	0
2005	1986	0
1986	2005	1
2005	1986	1
1986	2005	2
2005	1986	2
1987	1998	0
1998	1987	0
1987	1998	1
1998	1987	1
1987	1998	2
1998	1987	2
1987	1989	0
1989	1987	0
1987	1989	1
1989	1987	1
1987	1989	2
1989	1987	2
1988	1991	0
1991	1988	0
1988	1991	1
1991	1988	1
1988	1991	2
1991	1988	2
1988	1992	0
1992	1988	0
1988	1992	1
1992	1988	1
1988	1992	2
1992	1988	2
1988	1999	0
1999	1988	0
1988	1999	1
1999	1988	1
1988	1999	2
1999	1988	2
1988	2001	0
2001	1988	0
1988	2001	1
2001	1988	1
1988	2001	2
2001	1988	2
1988	1996	0
1996	1988	0
1988	1996	1
1996	1988	1
1988	1996	2
1996	1988	2
1988	1998	0
1998	1988	0
1988	1998	1
1998	1988	1
1988	1998	2
1998	1988	2
1989	1993	0
1993	1989	0
1989	1993	1
1993	1989	1
1989	1993	2
1993	1989	2
1989	1998	0
1998	1989	0
1989	1998	1
1998	1989	1
1989	1998	2
1998	1989	2
1989	2002	0
2002	1989	0
1989	2002	1
2002	1989	1
1989	2002	2
2002	1989	2
1989	1997	0
1997	1989	0
1989	1997	1
1997	1989	1
1989	1997	2
1997	1989	2
1989	1990	0
1990	1989	0
1989	1990	1
1990	1989	1
1989	1990	2
1990	1989	2
1989	2000	0
2000	1989	0
1989	2000	1
2000	1989	1
1989	2000	2
2000	1989	2
1990	1993	0
1993	1990	0
1990	1993	1
1993	1990	1
1990	1993	2
1993	1990	2
1990	2001	0
2001	1990	0
1990	2001	1
2001	1990	1
1990	2001	2
2001	1990	2
1991	2001	0
2001	1991	0
1991	2001	1
2001	1991	1
1991	2001	2
2001	1991	2
1991	2005	0
2005	1991	0
1991	2005	1
2005	1991	1
1991	2005	2
2005	1991	2
1992	2000	0
2000	1992	0
1992	2000	1
2000	1992	1
1992	2000	2
2000	1992	2
1992	2001	0
2001	1992	0
1992	2001	1
2001	1992	1
1992	2001	2
2001	1992	2
1992	2005	0
2005	1992	0
1992	2005	1
2005	1992	1
1992	2005	2
2005	1992	2
1993	2005	0
2005	1993	0
1993	2005	1
2005	1993	1
1993	2005	2
2005	1993	2
1994	2006	0
2006	1994	0
1994	2006	1
2006	1994	1
1994	2006	2
2006	1994	2
1994	2009	0
2009	1994	0
1994	2009	1
2009	1994	1
1994	2009	2
2009	1994	2
1995	2004	0
2004	1995	0
1995	2004	1
2004	1995	1
1995	2004	2
2004	1995	2
1995	2010	0
2010	1995	0
1995	2010	1
2010	1995	1
1995	2010	2
2010	1995	2
1996	2001	0
2001	1996	0
1996	2001	1
2001	1996	1
1996	2001	2
2001	1996	2
1996	2005	0
2005	1996	0
1996	2005	1
2005	1996	1
1996	2005	2
2005	1996	2
1996	2003	0
2003	1996	0
1996	2003	1
2003	1996	1
1996	2003	2
2003	1996	2
1996	2004	0
2004	1996	0
1996	2004	1
2004	1996	1
1996	2004	2
2004	1996	2
1996	2010	0
2010	1996	0
1996	2010	1
2010	1996	1
1996	2010	2
2010	1996	2
1997	2006	0
2006	1997	0
1997	2006	1
2006	1997	1
1997	2006	2
2006	1997	2
1997	2009	0
2009	1997	0
1997	2009	1
2009	1997	1
1997	2009	2
2009	1997	2
1998	1999	0
1999	1998	0
1998	1999	1
1999	1998	1
1998	1999	2
1999	1998	2
1998	2000	0
2000	1998	0
1998	2000	1
2000	1998	1
1998	2000	2
2000	1998	2
1998	2005	0
2005	1998	0
1998	2005	1
2005	1998	1
1998	2005	2
2005	1998	2
1999	2000	0
2000	1999	0
1999	2000	1
2000	1999	1
1999	2000	2
2000	1999	2
1999	2001	0
2001	1999	0
1999	2001	1
2001	1999	1
1999	2001	2
2001	1999	2
1999	2005	0
2005	1999	0
1999	2005	1
2005	1999	1
1999	2005	2
2005	1999	2
2000	2001	0
2001	2000	0
2000	2001	1
2001	2000	1
2000	2001	2
2001	2000	2
2002	2006	0
2006	2002	0
2002	2006	1
2006	2002	1
2002	2006	2
2006	2002	2
2002	2009	0
2009	2002	0
2002	2009	1
2009	2002	1
2002	2009	2
2009	2002	2
2003	2010	0
2010	2003	0
2003	2010	1
2010	2003	1
2003	2010	2
2010	2003	2
2003	2006	0
2006	2003	0
2003	2006	1
2006	2003	1
2003	2006	2
2006	2003	2
2003	2009	0
2009	2003	0
2003	2009	1
2009	2003	1
2003	2009	2
2009	2003	2
2004	2007	0
2007	2004	0
2004	2007	1
2007	2004	1
2004	2007	2
2007	2004	2
2004	2008	0
2008	2004	0
2004	2008	1
2008	2004	1
2004	2008	2
2008	2004	2
2007	2010	0
2010	2007	0
2007	2010	1
2010	2007	1
2007	2010	2
2010	2007	2
2008	2010	0
2010	2008	0
2008	2010	1
2010	2008	1
2008	2010	2
2010	2008	2
2011	2021	0
2021	2011	0
2011	2021	1
2021	2011	1
2011	2021	2
2021	2011	2
2011	2029	0
2029	2011	0
2011	2029	1
2029	2011	1
2011	2029	2
2029	2011	2
2012	2013	0
2013	2012	0
2012	2013	1
2013	2012	1
2012	2013	2
2013	2012	2
2012	2029	0
2029	2012	0
2012	2029	1
2029	2012	1
2012	2029	2
2029	2012	2
2013	2031	0
2031	2013	0
2013	2031	1
2031	2013	1
2013	2031	2
2031	2013	2
2015	2036	0
2036	2015	0
2015	2036	1
2036	2015	1
2015	2036	2
2036	2015	2
2016	2022	0
2022	2016	0
2016	2022	1
2022	2016	1
2016	2022	2
2022	2016	2
2017	2023	0
2023	2017	0
2017	2023	1
2023	2017	1
2017	2023	2
2023	2017	2
2017	2034	0
2034	2017	0
2017	2034	1
2034	2017	1
2017	2034	2
2034	2017	2
2017	2037	0
2037	2017	0
2017	2037	1
2037	2017	1
2017	2037	2
2037	2017	2
2018	2022	0
2022	2018	0
2018	2022	1
2022	2018	1
2018	2022	2
2022	2018	2
2019	2024	0
2024	2019	0
2019	2024	1
2024	2019	1
2019	2024	2
2024	2019	2
2019	2034	0
2034	2019	0
2019	2034	1
2034	2019	1
2019	2034	2
2034	2019	2
2019	2037	0
2037	2019	0
2019	2037	1
2037	2019	1
2019	2037	2
2037	2019	2
2020	2039	0
2039	2020	0
2020	2039	1
2039	2020	1
2020	2039	2
2039	2020	2
2020	2029	0
2029	2020	0
2020	2029	1
2029	2020	1
2020	2029	2
2029	2020	2
2021	2027	0
2027	2021	0
2021	2027	1
2027	2021	1
2021	2027	2
2027	2021	2
2021	2029	0
2029	2021	0
2021	2029	1
2029	2021	1
2021	2029	2
2029	2021	2
2022	2025	0
2025	2022	0
2022	2025	1
2025	2022	1
2022	2025	2
2025	2022	2
2022	2023	0
2023	2022	0
2022	2023	1
2023	2022	1
2022	2023	2
2023	2022	2
2022	2029	0
2029	2022	0
2022	2029	1
2029	2022	1
2022	2029	2
2029	2022	2
2022	2030	0
2030	2022	0
2022	2030	1
2030	2022	1
2022	2030	2
2030	2022	2
2022	2033	0
2033	2022	0
2022	2033	1
2033	2022	1
2022	2033	2
2033	2022	2
2022	2038	0
2038	2022	0
2022	2038	1
2038	2022	1
2022	2038	2
2038	2022	2
2023	2025	0
2025	2023	0
2023	2025	1
2025	2023	1
2023	2025	2
2025	2023	2
2024	2034	0
2034	2024	0
2024	2034	1
2034	2024	1
2024	2034	2
2034	2024	2
2024	2037	0
2037	2024	0
2024	2037	1
2037	2024	1
2024	2037	2
2037	2024	2
2026	2029	0
2029	2026	0
2026	2029	1
2029	2026	1
2026	2029	2
2029	2026	2
2027	2031	0
2031	2027	0
2027	2031	1
2031	2027	1
2027	2031	2
2031	2027	2
2028	2031	0
2031	2028	0
2028	2031	1
2031	2028	1
2028	2031	2
2031	2028	2
2028	2039	0
2039	2028	0
2028	2039	1
2039	2028	1
2028	2039	2
2039	2028	2
2029	2038	0
2038	2029	0
2029	2038	1
2038	2029	1
2029	2038	2
2038	2029	2
2029	2037	0
2037	2029	0
2029	2037	1
2037	2029	1
2029	2037	2
2037	2029	2
2029	2032	0
2032	2029	0
2029	2032	1
2032	2029	1
2029	2032	2
2032	2029	2
2030	2038	0
2038	2030	0
2030	2038	1
2038	2030	1
2030	2038	2
2038	2030	2
2030	2031	0
2031	2030	0
2030	2031	1
2031	2030	1
2030	2031	2
2031	2030	2
2031	2039	0
2039	2031	0
2031	2039	1
2039	2031	1
2031	2039	2
2039	2031	2
2031	2033	0
2033	2031	0
2031	2033	1
2033	2031	1
2031	2033	2
2033	2031	2
2031	2034	0
2034	2031	0
2031	2034	1
2034	2031	1
2031	2034	2
2034	2031	2
2033	2037	0
2037	2033	0
2033	2037	1
2037	2033	1
2033	2037	2
2037	2033	2
2035	2036	0
2036	2035	0
2035	2036	1
2036	2035	1
2035	2036	2
2036	2035	2
2041	2052	0
2052	2041	0
2041	2052	1
2052	2041	1
2041	2052	2
2052	2041	2
2041	2054	0
2054	2041	0
2041	2054	1
2054	2041	1
2041	2054	2
2054	2041	2
2042	2056	0
2056	2042	0
2042	2056	1
2056	2042	1
2042	2056	2
2056	2042	2
2042	2057	0
2057	2042	0
2042	2057	1
2057	2042	1
2042	2057	2
2057	2042	2
2042	2058	0
2058	2042	0
2042	2058	1
2058	2042	1
2042	2058	2
2058	2042	2
2042	2055	0
2055	2042	0
2042	2055	1
2055	2042	1
2042	2055	2
2055	2042	2
2043	2048	0
2048	2043	0
2043	2048	1
2048	2043	1
2043	2048	2
2048	2043	2
2043	2049	0
2049	2043	0
2043	2049	1
2049	2043	1
2043	2049	2
2049	2043	2
2043	2051	0
2051	2043	0
2043	2051	1
2051	2043	1
2043	2051	2
2051	2043	2
2043	2047	0
2047	2043	0
2043	2047	1
2047	2043	1
2043	2047	2
2047	2043	2
2044	2048	0
2048	2044	0
2044	2048	1
2048	2044	1
2044	2048	2
2048	2044	2
2044	2049	0
2049	2044	0
2044	2049	1
2049	2044	1
2044	2049	2
2049	2044	2
2044	2051	0
2051	2044	0
2044	2051	1
2051	2044	1
2044	2051	2
2051	2044	2
2044	2058	0
2058	2044	0
2044	2058	1
2058	2044	1
2044	2058	2
2058	2044	2
2047	2048	0
2048	2047	0
2047	2048	1
2048	2047	1
2047	2048	2
2048	2047	2
2047	2049	0
2049	2047	0
2047	2049	1
2049	2047	1
2047	2049	2
2049	2047	2
2047	2051	0
2051	2047	0
2047	2051	1
2051	2047	1
2047	2051	2
2051	2047	2
2048	2057	0
2057	2048	0
2048	2057	1
2057	2048	1
2048	2057	2
2057	2048	2
2048	2051	0
2051	2048	0
2048	2051	1
2051	2048	1
2048	2051	2
2051	2048	2
2049	2061	0
2061	2049	0
2049	2061	1
2061	2049	1
2049	2061	2
2061	2049	2
2051	2061	0
2061	2051	0
2051	2061	1
2061	2051	1
2051	2061	2
2061	2051	2
2053	2060	0
2060	2053	0
2053	2060	1
2060	2053	1
2053	2060	2
2060	2053	2
2056	2061	0
2061	2056	0
2056	2061	1
2061	2056	1
2056	2061	2
2061	2056	2
2062	2082	0
2082	2062	0
2062	2082	1
2082	2062	1
2062	2082	2
2082	2062	2
2063	2070	0
2070	2063	0
2063	2070	1
2070	2063	1
2063	2070	2
2070	2063	2
2064	2082	0
2082	2064	0
2064	2082	1
2082	2064	1
2064	2082	2
2082	2064	2
2065	2070	0
2070	2065	0
2065	2070	1
2070	2065	1
2065	2070	2
2070	2065	2
2066	2068	0
2068	2066	0
2066	2068	1
2068	2066	1
2066	2068	2
2068	2066	2
2066	2069	0
2069	2066	0
2066	2069	1
2069	2066	1
2066	2069	2
2069	2066	2
2066	2082	0
2082	2066	0
2066	2082	1
2082	2066	1
2066	2082	2
2082	2066	2
2067	2068	0
2068	2067	0
2067	2068	1
2068	2067	1
2067	2068	2
2068	2067	2
2067	2070	0
2070	2067	0
2067	2070	1
2070	2067	1
2067	2070	2
2070	2067	2
2067	2092	0
2092	2067	0
2067	2092	1
2092	2067	1
2067	2092	2
2092	2067	2
2068	2070	0
2070	2068	0
2068	2070	1
2070	2068	1
2068	2070	2
2070	2068	2
2068	2072	0
2072	2068	0
2068	2072	1
2072	2068	1
2068	2072	2
2072	2068	2
2068	2094	0
2094	2068	0
2068	2094	1
2094	2068	1
2068	2094	2
2094	2068	2
2068	2089	0
2089	2068	0
2068	2089	1
2089	2068	1
2068	2089	2
2089	2068	2
2069	2081	0
2081	2069	0
2069	2081	1
2081	2069	1
2069	2081	2
2081	2069	2
2069	2071	0
2071	2069	0
2069	2071	1
2071	2069	1
2069	2071	2
2071	2069	2
2069	2072	0
2072	2069	0
2069	2072	1
2072	2069	1
2069	2072	2
2072	2069	2
2069	2086	0
2086	2069	0
2069	2086	1
2086	2069	1
2069	2086	2
2086	2069	2
2069	2070	0
2070	2069	0
2069	2070	1
2070	2069	1
2069	2070	2
2070	2069	2
2071	2093	0
2093	2071	0
2071	2093	1
2093	2071	1
2071	2093	2
2093	2071	2
2071	2086	0
2086	2071	0
2071	2086	1
2086	2071	1
2071	2086	2
2086	2071	2
2071	2092	0
2092	2071	0
2071	2092	1
2092	2071	1
2071	2092	2
2092	2071	2
2071	2082	0
2082	2071	0
2071	2082	1
2082	2071	1
2071	2082	2
2082	2071	2
2072	2082	0
2082	2072	0
2072	2082	1
2082	2072	1
2072	2082	2
2082	2072	2
2074	2091	0
2091	2074	0
2074	2091	1
2091	2074	1
2074	2091	2
2091	2074	2
2076	2088	0
2088	2076	0
2076	2088	1
2088	2076	1
2076	2088	2
2088	2076	2
2076	2095	0
2095	2076	0
2076	2095	1
2095	2076	1
2076	2095	2
2095	2076	2
2077	2080	0
2080	2077	0
2077	2080	1
2080	2077	1
2077	2080	2
2080	2077	2
2078	2096	0
2096	2078	0
2078	2096	1
2096	2078	1
2078	2096	2
2096	2078	2
2079	2096	0
2096	2079	0
2079	2096	1
2096	2079	1
2079	2096	2
2096	2079	2
2081	2086	0
2086	2081	0
2081	2086	1
2086	2081	1
2081	2086	2
2086	2081	2
2081	2092	0
2092	2081	0
2081	2092	1
2092	2081	1
2081	2092	2
2092	2081	2
2081	2082	0
2082	2081	0
2081	2082	1
2082	2081	1
2081	2082	2
2082	2081	2
2082	2093	0
2093	2082	0
2082	2093	1
2093	2082	1
2082	2093	2
2093	2082	2
2086	2090	0
2090	2086	0
2086	2090	1
2090	2086	1
2086	2090	2
2090	2086	2
2086	2093	0
2093	2086	0
2086	2093	1
2093	2086	1
2086	2093	2
2093	2086	2
2089	2099	0
2099	2089	0
2089	2099	1
2099	2089	1
2089	2099	2
2099	2089	2
2089	2092	0
2092	2089	0
2089	2092	1
2092	2089	1
2089	2092	2
2092	2089	2
2092	2093	0
2093	2092	0
2092	2093	1
2093	2092	1
2092	2093	2
2093	2092	2
2092	2094	0
2094	2092	0
2092	2094	1
2094	2092	1
2092	2094	2
2094	2092	2
2094	2099	0
2099	2094	0
2094	2099	1
2099	2094	1
2094	2099	2
2099	2094	2
2102	2128	0
2128	2102	0
2102	2128	1
2128	2102	1
2102	2128	2
2128	2102	2
2102	2124	0
2124	2102	0
2102	2124	1
2124	2102	1
2102	2124	2
2124	2102	2
2103	2124	0
2124	2103	0
2103	2124	1
2124	2103	1
2103	2124	2
2124	2103	2
2103	2129	0
2129	2103	0
2103	2129	1
2129	2103	1
2103	2129	2
2129	2103	2
2104	2123	0
2123	2104	0
2104	2123	1
2123	2104	1
2104	2123	2
2123	2104	2
2104	2133	0
2133	2104	0
2104	2133	1
2133	2104	1
2104	2133	2
2133	2104	2
2105	2115	0
2115	2105	0
2105	2115	1
2115	2105	1
2105	2115	2
2115	2105	2
2105	2108	0
2108	2105	0
2105	2108	1
2108	2105	1
2105	2108	2
2108	2105	2
2105	2134	0
2134	2105	0
2105	2134	1
2134	2105	1
2105	2134	2
2134	2105	2
2105	2121	0
2121	2105	0
2105	2121	1
2121	2105	1
2105	2121	2
2121	2105	2
2106	2127	0
2127	2106	0
2106	2127	1
2127	2106	1
2106	2127	2
2127	2106	2
2108	2133	0
2133	2108	0
2108	2133	1
2133	2108	1
2108	2133	2
2133	2108	2
2109	2134	0
2134	2109	0
2109	2134	1
2134	2109	1
2109	2134	2
2134	2109	2
2109	2121	0
2121	2109	0
2109	2121	1
2121	2109	1
2109	2121	2
2121	2109	2
2110	2133	0
2133	2110	0
2110	2133	1
2133	2110	1
2110	2133	2
2133	2110	2
2110	2121	0
2121	2110	0
2110	2121	1
2121	2110	1
2110	2121	2
2121	2110	2
2111	2126	0
2126	2111	0
2111	2126	1
2126	2111	1
2111	2126	2
2126	2111	2
2111	2118	0
2118	2111	0
2111	2118	1
2118	2111	1
2111	2118	2
2118	2111	2
2111	2132	0
2132	2111	0
2111	2132	1
2132	2111	1
2111	2132	2
2132	2111	2
2112	2118	0
2118	2112	0
2112	2118	1
2118	2112	1
2112	2118	2
2118	2112	2
2112	2132	0
2132	2112	0
2112	2132	1
2132	2112	1
2112	2132	2
2132	2112	2
2113	2129	0
2129	2113	0
2113	2129	1
2129	2113	1
2113	2129	2
2129	2113	2
2114	2134	0
2134	2114	0
2114	2134	1
2134	2114	1
2114	2134	2
2134	2114	2
2114	2121	0
2121	2114	0
2114	2121	1
2121	2114	1
2114	2121	2
2121	2114	2
2115	2133	0
2133	2115	0
2115	2133	1
2133	2115	1
2115	2133	2
2133	2115	2
2115	2121	0
2121	2115	0
2115	2121	1
2121	2115	1
2115	2121	2
2121	2115	2
2118	2126	0
2126	2118	0
2118	2126	1
2126	2118	1
2118	2126	2
2126	2118	2
2119	2120	0
2120	2119	0
2119	2120	1
2120	2119	1
2119	2120	2
2120	2119	2
2120	2125	0
2125	2120	0
2120	2125	1
2125	2120	1
2120	2125	2
2125	2120	2
2120	2122	0
2122	2120	0
2120	2122	1
2122	2120	1
2120	2122	2
2122	2120	2
2121	2123	0
2123	2121	0
2121	2123	1
2123	2121	1
2121	2123	2
2123	2121	2
2123	2134	0
2134	2123	0
2123	2134	1
2134	2123	1
2123	2134	2
2134	2123	2
2126	2132	0
2132	2126	0
2126	2132	1
2132	2126	1
2126	2132	2
2132	2126	2
2128	2130	0
2130	2128	0
2128	2130	1
2130	2128	1
2128	2130	2
2130	2128	2
2129	2131	0
2131	2129	0
2129	2131	1
2131	2129	1
2129	2131	2
2131	2129	2
2129	2135	0
2135	2129	0
2129	2135	1
2135	2129	1
2129	2135	2
2135	2129	2
2130	2135	0
2135	2130	0
2130	2135	1
2135	2130	1
2130	2135	2
2135	2130	2
2136	2189	0
2189	2136	0
2136	2189	1
2189	2136	1
2136	2189	2
2189	2136	2
2136	2146	0
2146	2136	0
2136	2146	1
2146	2136	1
2136	2146	2
2146	2136	2
2137	2162	0
2162	2137	0
2137	2162	1
2162	2137	1
2137	2162	2
2162	2137	2
2137	2147	0
2147	2137	0
2137	2147	1
2147	2137	1
2137	2147	2
2147	2137	2
2137	2191	0
2191	2137	0
2137	2191	1
2191	2137	1
2137	2191	2
2191	2137	2
2137	2161	0
2161	2137	0
2137	2161	1
2161	2137	1
2137	2161	2
2161	2137	2
2137	2167	0
2167	2137	0
2137	2167	1
2167	2137	1
2137	2167	2
2167	2137	2
2138	2189	0
2189	2138	0
2138	2189	1
2189	2138	1
2138	2189	2
2189	2138	2
2138	2146	0
2146	2138	0
2138	2146	1
2146	2138	1
2138	2146	2
2146	2138	2
2139	2189	0
2189	2139	0
2139	2189	1
2189	2139	1
2139	2189	2
2189	2139	2
2139	2174	0
2174	2139	0
2139	2174	1
2174	2139	1
2139	2174	2
2174	2139	2
2139	2146	0
2146	2139	0
2139	2146	1
2146	2139	1
2139	2146	2
2146	2139	2
2140	2178	0
2178	2140	0
2140	2178	1
2178	2140	1
2140	2178	2
2178	2140	2
2140	2164	0
2164	2140	0
2140	2164	1
2164	2140	1
2140	2164	2
2164	2140	2
2140	2152	0
2152	2140	0
2140	2152	1
2152	2140	1
2140	2152	2
2152	2140	2
2140	2154	0
2154	2140	0
2140	2154	1
2154	2140	1
2140	2154	2
2154	2140	2
2140	2155	0
2155	2140	0
2140	2155	1
2155	2140	1
2140	2155	2
2155	2140	2
2140	2156	0
2156	2140	0
2140	2156	1
2156	2140	1
2140	2156	2
2156	2140	2
2140	2158	0
2158	2140	0
2140	2158	1
2158	2140	1
2140	2158	2
2158	2140	2
2140	2175	0
2175	2140	0
2140	2175	1
2175	2140	1
2140	2175	2
2175	2140	2
2141	2178	0
2178	2141	0
2141	2178	1
2178	2141	1
2141	2178	2
2178	2141	2
2141	2160	0
2160	2141	0
2141	2160	1
2160	2141	1
2141	2160	2
2160	2141	2
2141	2152	0
2152	2141	0
2141	2152	1
2152	2141	1
2141	2152	2
2152	2141	2
2141	2154	0
2154	2141	0
2141	2154	1
2154	2141	1
2141	2154	2
2154	2141	2
2141	2156	0
2156	2141	0
2141	2156	1
2156	2141	1
2141	2156	2
2156	2141	2
2141	2175	0
2175	2141	0
2141	2175	1
2175	2141	1
2141	2175	2
2175	2141	2
2142	2175	0
2175	2142	0
2142	2175	1
2175	2142	1
2142	2175	2
2175	2142	2
2142	2155	0
2155	2142	0
2142	2155	1
2155	2142	1
2142	2155	2
2155	2142	2
2142	2157	0
2157	2142	0
2142	2157	1
2157	2142	1
2142	2157	2
2157	2142	2
2142	2158	0
2158	2142	0
2142	2158	1
2158	2142	1
2142	2158	2
2158	2142	2
2142	2194	0
2194	2142	0
2142	2194	1
2194	2142	1
2142	2194	2
2194	2142	2
2142	2180	0
2180	2142	0
2142	2180	1
2180	2142	1
2142	2180	2
2180	2142	2
2142	2166	0
2166	2142	0
2142	2166	1
2166	2142	1
2142	2166	2
2166	2142	2
2142	2168	0
2168	2142	0
2142	2168	1
2168	2142	1
2142	2168	2
2168	2142	2
2142	2169	0
2169	2142	0
2142	2169	1
2169	2142	1
2142	2169	2
2169	2142	2
2143	2151	0
2151	2143	0
2143	2151	1
2151	2143	1
2143	2151	2
2151	2143	2
2143	2155	0
2155	2143	0
2143	2155	1
2155	2143	1
2143	2155	2
2155	2143	2
2143	2157	0
2157	2143	0
2143	2157	1
2157	2143	1
2143	2157	2
2157	2143	2
2143	2158	0
2158	2143	0
2143	2158	1
2158	2143	1
2143	2158	2
2158	2143	2
2143	2192	0
2192	2143	0
2143	2192	1
2192	2143	1
2143	2192	2
2192	2143	2
2143	2175	0
2175	2143	0
2143	2175	1
2175	2143	1
2143	2175	2
2175	2143	2
2143	2194	0
2194	2143	0
2143	2194	1
2194	2143	1
2143	2194	2
2194	2143	2
2143	2180	0
2180	2143	0
2143	2180	1
2180	2143	1
2143	2180	2
2180	2143	2
2143	2166	0
2166	2143	0
2143	2166	1
2166	2143	1
2143	2166	2
2166	2143	2
2143	2168	0
2168	2143	0
2143	2168	1
2168	2143	1
2143	2168	2
2168	2143	2
2143	2169	0
2169	2143	0
2143	2169	1
2169	2143	1
2143	2169	2
2169	2143	2
2144	2162	0
2162	2144	0
2144	2162	1
2162	2144	1
2144	2162	2
2162	2144	2
2144	2147	0
2147	2144	0
2144	2147	1
2147	2144	1
2144	2147	2
2147	2144	2
2144	2183	0
2183	2144	0
2144	2183	1
2183	2144	1
2144	2183	2
2183	2144	2
2144	2193	0
2193	2144	0
2144	2193	1
2193	2144	1
2144	2193	2
2193	2144	2
2144	2198	0
2198	2144	0
2144	2198	1
2198	2144	1
2144	2198	2
2198	2144	2
2145	2146	0
2146	2145	0
2145	2146	1
2146	2145	1
2145	2146	2
2146	2145	2
2145	2198	0
2198	2145	0
2145	2198	1
2198	2145	1
2145	2198	2
2198	2145	2
2145	2183	0
2183	2145	0
2145	2183	1
2183	2145	1
2145	2183	2
2183	2145	2
2145	2193	0
2193	2145	0
2145	2193	1
2193	2145	1
2145	2193	2
2193	2145	2
2146	2198	0
2198	2146	0
2146	2198	1
2198	2146	1
2146	2198	2
2198	2146	2
2146	2161	0
2161	2146	0
2146	2161	1
2161	2146	1
2146	2161	2
2161	2146	2
2147	2195	0
2195	2147	0
2147	2195	1
2195	2147	1
2147	2195	2
2195	2147	2
2147	2174	0
2174	2147	0
2147	2174	1
2174	2147	1
2147	2174	2
2174	2147	2
2147	2198	0
2198	2147	0
2147	2198	1
2198	2147	1
2147	2198	2
2198	2147	2
2148	2179	0
2179	2148	0
2148	2179	1
2179	2148	1
2148	2179	2
2179	2148	2
2148	2196	0
2196	2148	0
2148	2196	1
2196	2148	1
2148	2196	2
2196	2148	2
2148	2188	0
2188	2148	0
2148	2188	1
2188	2148	1
2148	2188	2
2188	2148	2
2148	2197	0
2197	2148	0
2148	2197	1
2197	2148	1
2148	2197	2
2197	2148	2
2148	2185	0
2185	2148	0
2148	2185	1
2185	2148	1
2148	2185	2
2185	2148	2
2148	2172	0
2172	2148	0
2148	2172	1
2172	2148	1
2148	2172	2
2172	2148	2
2149	2196	0
2196	2149	0
2149	2196	1
2196	2149	1
2149	2196	2
2196	2149	2
2149	2173	0
2173	2149	0
2149	2173	1
2173	2149	1
2149	2173	2
2173	2149	2
2149	2199	0
2199	2149	0
2149	2199	1
2199	2149	1
2149	2199	2
2199	2149	2
2149	2189	0
2189	2149	0
2149	2189	1
2189	2149	1
2149	2189	2
2189	2149	2
2150	2181	0
2181	2150	0
2150	2181	1
2181	2150	1
2150	2181	2
2181	2150	2
2150	2199	0
2199	2150	0
2150	2199	1
2199	2150	1
2150	2199	2
2199	2150	2
2150	2188	0
2188	2150	0
2150	2188	1
2188	2150	1
2150	2188	2
2188	2150	2
2150	2185	0
2185	2150	0
2150	2185	1
2185	2150	1
2150	2185	2
2185	2150	2
2150	2186	0
2186	2150	0
2150	2186	1
2186	2150	1
2150	2186	2
2186	2150	2
2150	2197	0
2197	2150	0
2150	2197	1
2197	2150	1
2150	2197	2
2197	2150	2
2150	2172	0
2172	2150	0
2150	2172	1
2172	2150	1
2150	2172	2
2172	2150	2
2151	2184	0
2184	2151	0
2151	2184	1
2184	2151	1
2151	2184	2
2184	2151	2
2151	2154	0
2154	2151	0
2151	2154	1
2154	2151	1
2151	2154	2
2154	2151	2
2151	2155	0
2155	2151	0
2151	2155	1
2155	2151	1
2151	2155	2
2155	2151	2
2151	2156	0
2156	2151	0
2151	2156	1
2156	2151	1
2151	2156	2
2156	2151	2
2151	2157	0
2157	2151	0
2151	2157	1
2157	2151	1
2151	2157	2
2157	2151	2
2151	2158	0
2158	2151	0
2151	2158	1
2158	2151	1
2151	2158	2
2158	2151	2
2151	2192	0
2192	2151	0
2151	2192	1
2192	2151	1
2151	2192	2
2192	2151	2
2151	2175	0
2175	2151	0
2151	2175	1
2175	2151	1
2151	2175	2
2175	2151	2
2151	2180	0
2180	2151	0
2151	2180	1
2180	2151	1
2151	2180	2
2180	2151	2
2151	2166	0
2166	2151	0
2151	2166	1
2166	2151	1
2151	2166	2
2166	2151	2
2151	2168	0
2168	2151	0
2151	2168	1
2168	2151	1
2151	2168	2
2168	2151	2
2151	2169	0
2169	2151	0
2151	2169	1
2169	2151	1
2151	2169	2
2169	2151	2
2152	2170	0
2170	2152	0
2152	2170	1
2170	2152	1
2152	2170	2
2170	2152	2
2152	2194	0
2194	2152	0
2152	2194	1
2194	2152	1
2152	2194	2
2194	2152	2
2152	2159	0
2159	2152	0
2152	2159	1
2159	2152	1
2152	2159	2
2159	2152	2
2152	2163	0
2163	2152	0
2152	2163	1
2163	2152	1
2152	2163	2
2163	2152	2
2153	2155	0
2155	2153	0
2153	2155	1
2155	2153	1
2153	2155	2
2155	2153	2
2153	2157	0
2157	2153	0
2153	2157	1
2157	2153	1
2153	2157	2
2157	2153	2
2153	2158	0
2158	2153	0
2153	2158	1
2158	2153	1
2153	2158	2
2158	2153	2
2153	2194	0
2194	2153	0
2153	2194	1
2194	2153	1
2153	2194	2
2194	2153	2
2154	2175	0
2175	2154	0
2154	2175	1
2175	2154	1
2154	2175	2
2175	2154	2
2154	2159	0
2159	2154	0
2154	2159	1
2159	2154	1
2154	2159	2
2159	2154	2
2154	2163	0
2163	2154	0
2154	2163	1
2163	2154	1
2154	2163	2
2163	2154	2
2154	2170	0
2170	2154	0
2154	2170	1
2170	2154	1
2154	2170	2
2170	2154	2
2155	2184	0
2184	2155	0
2155	2184	1
2184	2155	1
2155	2184	2
2184	2155	2
2155	2156	0
2156	2155	0
2155	2156	1
2156	2155	1
2155	2156	2
2156	2155	2
2155	2192	0
2192	2155	0
2155	2192	1
2192	2155	1
2155	2192	2
2192	2155	2
2155	2175	0
2175	2155	0
2155	2175	1
2175	2155	1
2155	2175	2
2175	2155	2
2155	2171	0
2171	2155	0
2155	2171	1
2171	2155	1
2155	2171	2
2171	2155	2
2155	2187	0
2187	2155	0
2155	2187	1
2187	2155	1
2155	2187	2
2187	2155	2
2155	2160	0
2160	2155	0
2155	2160	1
2160	2155	1
2155	2160	2
2160	2155	2
2155	2164	0
2164	2155	0
2155	2164	1
2164	2155	1
2155	2164	2
2164	2155	2
2156	2158	0
2158	2156	0
2156	2158	1
2158	2156	1
2156	2158	2
2158	2156	2
2156	2192	0
2192	2156	0
2156	2192	1
2192	2156	1
2156	2192	2
2192	2156	2
2156	2171	0
2171	2156	0
2156	2171	1
2171	2156	1
2156	2171	2
2171	2156	2
2156	2159	0
2159	2156	0
2156	2159	1
2159	2156	1
2156	2159	2
2159	2156	2
2156	2163	0
2163	2156	0
2156	2163	1
2163	2156	1
2156	2163	2
2163	2156	2
2156	2170	0
2170	2156	0
2156	2170	1
2170	2156	1
2156	2170	2
2170	2156	2
2157	2184	0
2184	2157	0
2157	2184	1
2184	2157	1
2157	2184	2
2184	2157	2
2157	2192	0
2192	2157	0
2157	2192	1
2192	2157	1
2157	2192	2
2192	2157	2
2157	2171	0
2171	2157	0
2157	2171	1
2171	2157	1
2157	2171	2
2171	2157	2
2157	2163	0
2163	2157	0
2157	2163	1
2163	2157	1
2157	2163	2
2163	2157	2
2157	2187	0
2187	2157	0
2157	2187	1
2187	2157	1
2157	2187	2
2187	2157	2
2157	2160	0
2160	2157	0
2157	2160	1
2160	2157	1
2157	2160	2
2160	2157	2
2157	2164	0
2164	2157	0
2157	2164	1
2164	2157	1
2157	2164	2
2164	2157	2
2158	2184	0
2184	2158	0
2158	2184	1
2184	2158	1
2158	2184	2
2184	2158	2
2158	2192	0
2192	2158	0
2158	2192	1
2192	2158	1
2158	2192	2
2192	2158	2
2158	2171	0
2171	2158	0
2158	2171	1
2171	2158	1
2158	2171	2
2171	2158	2
2158	2187	0
2187	2158	0
2158	2187	1
2187	2158	1
2158	2187	2
2187	2158	2
2158	2160	0
2160	2158	0
2158	2160	1
2160	2158	1
2158	2160	2
2160	2158	2
2158	2164	0
2164	2158	0
2158	2164	1
2164	2158	1
2158	2164	2
2164	2158	2
2159	2178	0
2178	2159	0
2159	2178	1
2178	2159	1
2159	2178	2
2178	2159	2
2159	2163	0
2163	2159	0
2159	2163	1
2163	2159	1
2159	2163	2
2163	2159	2
2159	2175	0
2175	2159	0
2159	2175	1
2175	2159	1
2159	2175	2
2175	2159	2
2160	2178	0
2178	2160	0
2160	2178	1
2178	2160	1
2160	2178	2
2178	2160	2
2160	2187	0
2187	2160	0
2160	2187	1
2187	2160	1
2160	2187	2
2187	2160	2
2160	2194	0
2194	2160	0
2160	2194	1
2194	2160	1
2160	2194	2
2194	2160	2
2161	2189	0
2189	2161	0
2161	2189	1
2189	2161	1
2161	2189	2
2189	2161	2
2162	2195	0
2195	2162	0
2162	2195	1
2195	2162	1
2162	2195	2
2195	2162	2
2162	2174	0
2174	2162	0
2162	2174	1
2174	2162	1
2162	2174	2
2174	2162	2
2163	2178	0
2178	2163	0
2163	2178	1
2178	2163	1
2163	2178	2
2178	2163	2
2163	2175	0
2175	2163	0
2163	2175	1
2175	2163	1
2163	2175	2
2175	2163	2
2164	2194	0
2194	2164	0
2164	2194	1
2194	2164	1
2164	2194	2
2194	2164	2
2165	2182	0
2182	2165	0
2165	2182	1
2182	2165	1
2165	2182	2
2182	2165	2
2165	2183	0
2183	2165	0
2165	2183	1
2183	2165	1
2165	2183	2
2183	2165	2
2165	2193	0
2193	2165	0
2165	2193	1
2193	2165	1
2165	2193	2
2193	2165	2
2165	2170	0
2170	2165	0
2165	2170	1
2170	2165	1
2165	2170	2
2170	2165	2
2166	2180	0
2180	2166	0
2166	2180	1
2180	2166	1
2166	2180	2
2180	2166	2
2166	2168	0
2168	2166	0
2166	2168	1
2168	2166	1
2166	2168	2
2168	2166	2
2166	2176	0
2176	2166	0
2166	2176	1
2176	2166	1
2166	2176	2
2176	2166	2
2166	2190	0
2190	2166	0
2166	2190	1
2190	2166	1
2166	2190	2
2190	2166	2
2166	2171	0
2171	2166	0
2166	2171	1
2171	2166	1
2166	2171	2
2171	2166	2
2167	2188	0
2188	2167	0
2167	2188	1
2188	2167	1
2167	2188	2
2188	2167	2
2167	2174	0
2174	2167	0
2167	2174	1
2174	2167	1
2167	2174	2
2174	2167	2
2168	2176	0
2176	2168	0
2168	2176	1
2176	2168	1
2168	2176	2
2176	2168	2
2168	2190	0
2190	2168	0
2168	2190	1
2190	2168	1
2168	2190	2
2190	2168	2
2168	2171	0
2171	2168	0
2168	2171	1
2171	2168	1
2168	2171	2
2171	2168	2
2169	2177	0
2177	2169	0
2169	2177	1
2177	2169	1
2169	2177	2
2177	2169	2
2169	2176	0
2176	2169	0
2169	2176	1
2176	2169	1
2169	2176	2
2176	2169	2
2169	2190	0
2190	2169	0
2169	2190	1
2190	2169	1
2169	2190	2
2190	2169	2
2169	2171	0
2171	2169	0
2169	2171	1
2171	2169	1
2169	2171	2
2171	2169	2
2170	2177	0
2177	2170	0
2170	2177	1
2177	2170	1
2170	2177	2
2177	2170	2
2170	2184	0
2184	2170	0
2170	2184	1
2184	2170	1
2170	2184	2
2184	2170	2
2170	2192	0
2192	2170	0
2170	2192	1
2192	2170	1
2170	2192	2
2192	2170	2
2170	2175	0
2175	2170	0
2170	2175	1
2175	2170	1
2170	2175	2
2175	2170	2
2171	2194	0
2194	2171	0
2171	2194	1
2194	2171	1
2171	2194	2
2194	2171	2
2171	2180	0
2180	2171	0
2171	2180	1
2180	2171	1
2171	2180	2
2180	2171	2
2172	2179	0
2179	2172	0
2172	2179	1
2179	2172	1
2172	2179	2
2179	2172	2
2172	2181	0
2181	2172	0
2172	2181	1
2181	2172	1
2172	2181	2
2181	2172	2
2172	2199	0
2199	2172	0
2172	2199	1
2199	2172	1
2172	2199	2
2199	2172	2
2173	2186	0
2186	2173	0
2173	2186	1
2186	2173	1
2173	2186	2
2186	2173	2
2173	2200	0
2200	2173	0
2173	2200	1
2200	2173	1
2173	2200	2
2200	2173	2
2174	2191	0
2191	2174	0
2174	2191	1
2191	2174	1
2174	2191	2
2191	2174	2
2175	2192	0
2192	2175	0
2175	2192	1
2192	2175	1
2175	2192	2
2192	2175	2
2176	2180	0
2180	2176	0
2176	2180	1
2180	2176	1
2176	2180	2
2180	2176	2
2176	2195	0
2195	2176	0
2176	2195	1
2195	2176	1
2176	2195	2
2195	2176	2
2177	2182	0
2182	2177	0
2177	2182	1
2182	2177	1
2177	2182	2
2182	2177	2
2177	2183	0
2183	2177	0
2177	2183	1
2183	2177	1
2177	2183	2
2183	2177	2
2177	2193	0
2193	2177	0
2177	2193	1
2193	2177	1
2177	2193	2
2193	2177	2
2179	2188	0
2188	2179	0
2179	2188	1
2188	2179	1
2179	2188	2
2188	2179	2
2179	2199	0
2199	2179	0
2179	2199	1
2199	2179	1
2179	2199	2
2199	2179	2
2179	2185	0
2185	2179	0
2179	2185	1
2185	2179	1
2179	2185	2
2185	2179	2
2179	2186	0
2186	2179	0
2179	2186	1
2186	2179	1
2179	2186	2
2186	2179	2
2179	2197	0
2197	2179	0
2179	2197	1
2197	2179	1
2179	2197	2
2197	2179	2
2180	2190	0
2190	2180	0
2180	2190	1
2190	2180	1
2180	2190	2
2190	2180	2
2181	2188	0
2188	2181	0
2181	2188	1
2188	2181	1
2181	2188	2
2188	2181	2
2181	2185	0
2185	2181	0
2181	2185	1
2185	2181	1
2181	2185	2
2185	2181	2
2181	2186	0
2186	2181	0
2181	2186	1
2186	2181	1
2181	2186	2
2186	2181	2
2181	2197	0
2197	2181	0
2181	2197	1
2197	2181	1
2181	2197	2
2197	2181	2
2182	2193	0
2193	2182	0
2182	2193	1
2193	2182	1
2182	2193	2
2193	2182	2
2182	2195	0
2195	2182	0
2182	2195	1
2195	2182	1
2182	2195	2
2195	2182	2
2183	2198	0
2198	2183	0
2183	2198	1
2198	2183	1
2183	2198	2
2198	2183	2
2184	2194	0
2194	2184	0
2184	2194	1
2194	2184	1
2184	2194	2
2194	2184	2
2185	2200	0
2200	2185	0
2185	2200	1
2200	2185	1
2185	2200	2
2200	2185	2
2185	2199	0
2199	2185	0
2185	2199	1
2199	2185	1
2185	2199	2
2199	2185	2
2186	2199	0
2199	2186	0
2186	2199	1
2199	2186	1
2186	2199	2
2199	2186	2
2187	2194	0
2194	2187	0
2187	2194	1
2194	2187	1
2187	2194	2
2194	2187	2
2188	2191	0
2191	2188	0
2188	2191	1
2191	2188	1
2188	2191	2
2191	2188	2
2190	2193	0
2193	2190	0
2190	2193	1
2193	2190	1
2190	2193	2
2193	2190	2
2190	2195	0
2195	2190	0
2190	2195	1
2195	2190	1
2190	2195	2
2195	2190	2
2192	2194	0
2194	2192	0
2192	2194	1
2194	2192	1
2192	2194	2
2194	2192	2
2193	2198	0
2198	2193	0
2193	2198	1
2198	2193	1
2193	2198	2
2198	2193	2
2196	2200	0
2200	2196	0
2196	2200	1
2200	2196	1
2196	2200	2
2200	2196	2
2199	2200	0
2200	2199	0
2199	2200	1
2200	2199	1
2199	2200	2
2200	2199	2
2201	2203	0
2203	2201	0
2201	2203	1
2203	2201	1
2201	2203	2
2203	2201	2
2201	2220	0
2220	2201	0
2201	2220	1
2220	2201	1
2201	2220	2
2220	2201	2
2201	2235	0
2235	2201	0
2201	2235	1
2235	2201	1
2201	2235	2
2235	2201	2
2201	2204	0
2204	2201	0
2201	2204	1
2204	2201	1
2201	2204	2
2204	2201	2
2202	2243	0
2243	2202	0
2202	2243	1
2243	2202	1
2202	2243	2
2243	2202	2
2202	2232	0
2232	2202	0
2202	2232	1
2232	2202	1
2202	2232	2
2232	2202	2
2203	2248	0
2248	2203	0
2203	2248	1
2248	2203	1
2203	2248	2
2248	2203	2
2203	2243	0
2243	2203	0
2203	2243	1
2243	2203	1
2203	2243	2
2243	2203	2
2203	2232	0
2232	2203	0
2203	2232	1
2232	2203	1
2203	2232	2
2232	2203	2
2204	2243	0
2243	2204	0
2204	2243	1
2243	2204	1
2204	2243	2
2243	2204	2
2204	2248	0
2248	2204	0
2204	2248	1
2248	2204	1
2204	2248	2
2248	2204	2
2204	2266	0
2266	2204	0
2204	2266	1
2266	2204	1
2204	2266	2
2266	2204	2
2205	2253	0
2253	2205	0
2205	2253	1
2253	2205	1
2205	2253	2
2253	2205	2
2205	2209	0
2209	2205	0
2205	2209	1
2209	2205	1
2205	2209	2
2209	2205	2
2205	2252	0
2252	2205	0
2205	2252	1
2252	2205	1
2205	2252	2
2252	2205	2
2205	2263	0
2263	2205	0
2205	2263	1
2263	2205	1
2205	2263	2
2263	2205	2
2205	2239	0
2239	2205	0
2205	2239	1
2239	2205	1
2205	2239	2
2239	2205	2
2205	2240	0
2240	2205	0
2205	2240	1
2240	2205	1
2205	2240	2
2240	2205	2
2206	2210	0
2210	2206	0
2206	2210	1
2210	2206	1
2206	2210	2
2210	2206	2
2206	2216	0
2216	2206	0
2206	2216	1
2216	2206	1
2206	2216	2
2216	2206	2
2206	2217	0
2217	2206	0
2206	2217	1
2217	2206	1
2206	2217	2
2217	2206	2
2206	2211	0
2211	2206	0
2206	2211	1
2211	2206	1
2206	2211	2
2211	2206	2
2206	2236	0
2236	2206	0
2206	2236	1
2236	2206	1
2206	2236	2
2236	2206	2
2206	2209	0
2209	2206	0
2206	2209	1
2209	2206	1
2206	2209	2
2209	2206	2
2207	2264	0
2264	2207	0
2207	2264	1
2264	2207	1
2207	2264	2
2264	2207	2
2207	2231	0
2231	2207	0
2207	2231	1
2231	2207	1
2207	2231	2
2231	2207	2
2207	2219	0
2219	2207	0
2207	2219	1
2219	2207	1
2207	2219	2
2219	2207	2
2208	2246	0
2246	2208	0
2208	2246	1
2246	2208	1
2208	2246	2
2246	2208	2
2208	2222	0
2222	2208	0
2208	2222	1
2222	2208	1
2208	2222	2
2222	2208	2
2208	2223	0
2223	2208	0
2208	2223	1
2223	2208	1
2208	2223	2
2223	2208	2
2208	2230	0
2230	2208	0
2208	2230	1
2230	2208	1
2208	2230	2
2230	2208	2
2208	2231	0
2231	2208	0
2208	2231	1
2231	2208	1
2208	2231	2
2231	2208	2
2208	2265	0
2265	2208	0
2208	2265	1
2265	2208	1
2208	2265	2
2265	2208	2
2209	2240	0
2240	2209	0
2209	2240	1
2240	2209	1
2209	2240	2
2240	2209	2
2209	2226	0
2226	2209	0
2209	2226	1
2226	2209	1
2209	2226	2
2226	2209	2
2209	2217	0
2217	2209	0
2209	2217	1
2217	2209	1
2209	2217	2
2217	2209	2
2209	2212	0
2212	2209	0
2209	2212	1
2212	2209	1
2209	2212	2
2212	2209	2
2209	2227	0
2227	2209	0
2209	2227	1
2227	2209	1
2209	2227	2
2227	2209	2
2209	2236	0
2236	2209	0
2209	2236	1
2236	2209	1
2209	2236	2
2236	2209	2
2210	2217	0
2217	2210	0
2210	2217	1
2217	2210	1
2210	2217	2
2217	2210	2
2210	2263	0
2263	2210	0
2210	2263	1
2263	2210	1
2210	2263	2
2263	2210	2
2210	2239	0
2239	2210	0
2210	2239	1
2239	2210	1
2210	2239	2
2239	2210	2
2210	2250	0
2250	2210	0
2210	2250	1
2250	2210	1
2210	2250	2
2250	2210	2
2210	2251	0
2251	2210	0
2210	2251	1
2251	2210	1
2210	2251	2
2251	2210	2
2211	2250	0
2250	2211	0
2211	2250	1
2250	2211	1
2211	2250	2
2250	2211	2
2211	2242	0
2242	2211	0
2211	2242	1
2242	2211	1
2211	2242	2
2242	2211	2
2211	2259	0
2259	2211	0
2211	2259	1
2259	2211	1
2211	2259	2
2259	2211	2
2212	2253	0
2253	2212	0
2212	2253	1
2253	2212	1
2212	2253	2
2253	2212	2
2212	2252	0
2252	2212	0
2212	2252	1
2252	2212	1
2212	2252	2
2252	2212	2
2212	2263	0
2263	2212	0
2212	2263	1
2263	2212	1
2212	2263	2
2263	2212	2
2212	2239	0
2239	2212	0
2212	2239	1
2239	2212	1
2212	2239	2
2239	2212	2
2212	2240	0
2240	2212	0
2212	2240	1
2240	2212	1
2212	2240	2
2240	2212	2
2213	2258	0
2258	2213	0
2213	2258	1
2258	2213	1
2213	2258	2
2258	2213	2
2213	2215	0
2215	2213	0
2213	2215	1
2215	2213	1
2213	2215	2
2215	2213	2
2214	2224	0
2224	2214	0
2214	2224	1
2224	2214	1
2214	2224	2
2224	2214	2
2214	2225	0
2225	2214	0
2214	2225	1
2225	2214	1
2214	2225	2
2225	2214	2
2214	2262	0
2262	2214	0
2214	2262	1
2262	2214	1
2214	2262	2
2262	2214	2
2214	2237	0
2237	2214	0
2214	2237	1
2237	2214	1
2214	2237	2
2237	2214	2
2215	2256	0
2256	2215	0
2215	2256	1
2256	2215	1
2215	2256	2
2256	2215	2
2215	2267	0
2267	2215	0
2215	2267	1
2267	2215	1
2215	2267	2
2267	2215	2
2215	2238	0
2238	2215	0
2215	2238	1
2238	2215	1
2215	2238	2
2238	2215	2
2216	2263	0
2263	2216	0
2216	2263	1
2263	2216	1
2216	2263	2
2263	2216	2
2216	2250	0
2250	2216	0
2216	2250	1
2250	2216	1
2216	2250	2
2250	2216	2
2216	2226	0
2226	2216	0
2216	2226	1
2226	2216	1
2216	2226	2
2226	2216	2
2217	2239	0
2239	2217	0
2217	2239	1
2239	2217	1
2217	2239	2
2239	2217	2
2217	2250	0
2250	2217	0
2217	2250	1
2250	2217	1
2217	2250	2
2250	2217	2
2217	2251	0
2251	2217	0
2217	2251	1
2251	2217	1
2217	2251	2
2251	2217	2
2218	2222	0
2222	2218	0
2218	2222	1
2222	2218	1
2218	2222	2
2222	2218	2
2218	2223	0
2223	2218	0
2218	2223	1
2223	2218	1
2218	2223	2
2223	2218	2
2218	2230	0
2230	2218	0
2218	2230	1
2230	2218	1
2218	2230	2
2230	2218	2
2219	2245	0
2245	2219	0
2219	2245	1
2245	2219	1
2219	2245	2
2245	2219	2
2219	2260	0
2260	2219	0
2219	2260	1
2260	2219	1
2219	2260	2
2260	2219	2
2219	2261	0
2261	2219	0
2219	2261	1
2261	2219	1
2219	2261	2
2261	2219	2
2219	2241	0
2241	2219	0
2219	2241	1
2241	2219	1
2219	2241	2
2241	2219	2
2219	2246	0
2246	2219	0
2219	2246	1
2246	2219	1
2219	2246	2
2246	2219	2
2219	2231	0
2231	2219	0
2219	2231	1
2231	2219	1
2219	2231	2
2231	2219	2
2219	2249	0
2249	2219	0
2219	2249	1
2249	2219	1
2219	2249	2
2249	2219	2
2220	2248	0
2248	2220	0
2220	2248	1
2248	2220	1
2220	2248	2
2248	2220	2
2220	2266	0
2266	2220	0
2220	2266	1
2266	2220	1
2220	2266	2
2266	2220	2
2221	2222	0
2222	2221	0
2221	2222	1
2222	2221	1
2221	2222	2
2222	2221	2
2221	2223	0
2223	2221	0
2221	2223	1
2223	2221	1
2221	2223	2
2223	2221	2
2221	2230	0
2230	2221	0
2221	2230	1
2230	2221	1
2221	2230	2
2230	2221	2
2222	2249	0
2249	2222	0
2222	2249	1
2249	2222	1
2222	2249	2
2249	2222	2
2222	2257	0
2257	2222	0
2222	2257	1
2257	2222	1
2222	2257	2
2257	2222	2
2222	2244	0
2244	2222	0
2222	2244	1
2244	2222	1
2222	2244	2
2244	2222	2
2223	2257	0
2257	2223	0
2223	2257	1
2257	2223	1
2223	2257	2
2257	2223	2
2223	2231	0
2231	2223	0
2223	2231	1
2231	2223	1
2223	2231	2
2231	2223	2
2223	2244	0
2244	2223	0
2223	2244	1
2244	2223	1
2223	2244	2
2244	2223	2
2226	2240	0
2240	2226	0
2226	2240	1
2240	2226	1
2226	2240	2
2240	2226	2
2226	2252	0
2252	2226	0
2226	2252	1
2252	2226	1
2226	2252	2
2252	2226	2
2226	2263	0
2263	2226	0
2226	2263	1
2263	2226	1
2226	2263	2
2263	2226	2
2226	2229	0
2229	2226	0
2226	2229	1
2229	2226	1
2226	2229	2
2229	2226	2
2227	2253	0
2253	2227	0
2227	2253	1
2253	2227	1
2227	2253	2
2253	2227	2
2227	2236	0
2236	2227	0
2227	2236	1
2236	2227	1
2227	2236	2
2236	2227	2
2227	2252	0
2252	2227	0
2227	2252	1
2252	2227	1
2227	2252	2
2252	2227	2
2227	2263	0
2263	2227	0
2227	2263	1
2263	2227	1
2227	2263	2
2263	2227	2
2227	2239	0
2239	2227	0
2227	2239	1
2239	2227	1
2227	2239	2
2239	2227	2
2227	2240	0
2240	2227	0
2227	2240	1
2240	2227	1
2227	2240	2
2240	2227	2
2228	2251	0
2251	2228	0
2228	2251	1
2251	2228	1
2228	2251	2
2251	2228	2
2230	2257	0
2257	2230	0
2230	2257	1
2257	2230	1
2230	2257	2
2257	2230	2
2230	2244	0
2244	2230	0
2230	2244	1
2244	2230	1
2230	2244	2
2244	2230	2
2231	2246	0
2246	2231	0
2231	2246	1
2246	2231	1
2231	2246	2
2246	2231	2
2231	2264	0
2264	2231	0
2231	2264	1
2264	2231	1
2231	2264	2
2264	2231	2
2233	2255	0
2255	2233	0
2233	2255	1
2255	2233	1
2233	2255	2
2255	2233	2
2234	2268	0
2268	2234	0
2234	2268	1
2268	2234	1
2234	2268	2
2268	2234	2
2235	2248	0
2248	2235	0
2235	2248	1
2248	2235	1
2235	2248	2
2248	2235	2
2235	2266	0
2266	2235	0
2235	2266	1
2266	2235	1
2235	2266	2
2266	2235	2
2236	2252	0
2252	2236	0
2236	2252	1
2252	2236	1
2236	2252	2
2252	2236	2
2236	2263	0
2263	2236	0
2236	2263	1
2263	2236	1
2236	2263	2
2263	2236	2
2236	2239	0
2239	2236	0
2236	2239	1
2239	2236	1
2236	2239	2
2239	2236	2
2236	2253	0
2253	2236	0
2236	2253	1
2253	2236	1
2236	2253	2
2253	2236	2
2237	2242	0
2242	2237	0
2237	2242	1
2242	2237	1
2237	2242	2
2242	2237	2
2237	2259	0
2259	2237	0
2237	2259	1
2259	2237	1
2237	2259	2
2259	2237	2
2238	2253	0
2253	2238	0
2238	2253	1
2253	2238	1
2238	2253	2
2253	2238	2
2240	2250	0
2250	2240	0
2240	2250	1
2250	2240	1
2240	2250	2
2250	2240	2
2241	2264	0
2264	2241	0
2241	2264	1
2264	2241	1
2241	2264	2
2264	2241	2
2242	2259	0
2259	2242	0
2242	2259	1
2259	2242	1
2242	2259	2
2259	2242	2
2242	2267	0
2267	2242	0
2242	2267	1
2267	2242	1
2242	2267	2
2267	2242	2
2244	2261	0
2261	2244	0
2244	2261	1
2261	2244	1
2244	2261	2
2261	2244	2
2245	2261	0
2261	2245	0
2245	2261	1
2261	2245	1
2245	2261	2
2261	2245	2
2246	2257	0
2257	2246	0
2246	2257	1
2257	2246	1
2246	2257	2
2257	2246	2
2247	2255	0
2255	2247	0
2247	2255	1
2255	2247	1
2247	2255	2
2255	2247	2
2248	2266	0
2266	2248	0
2248	2266	1
2266	2248	1
2248	2266	2
2266	2248	2
2249	2264	0
2264	2249	0
2249	2264	1
2264	2249	1
2249	2264	2
2264	2249	2
2253	2256	0
2256	2253	0
2253	2256	1
2256	2253	1
2253	2256	2
2256	2253	2
2253	2267	0
2267	2253	0
2253	2267	1
2267	2253	1
2253	2267	2
2267	2253	2
2254	2268	0
2268	2254	0
2254	2268	1
2268	2254	1
2254	2268	2
2268	2254	2
2257	2265	0
2265	2257	0
2257	2265	1
2265	2257	1
2257	2265	2
2265	2257	2
2258	2262	0
2262	2258	0
2258	2262	1
2262	2258	1
2258	2262	2
2262	2258	2
2269	2278	0
2278	2269	0
2269	2278	1
2278	2269	1
2269	2278	2
2278	2269	2
2269	2282	0
2282	2269	0
2269	2282	1
2282	2269	1
2269	2282	2
2282	2269	2
2269	2283	0
2283	2269	0
2269	2283	1
2283	2269	1
2269	2283	2
2283	2269	2
2269	2286	0
2286	2269	0
2269	2286	1
2286	2269	1
2269	2286	2
2286	2269	2
2270	2278	0
2278	2270	0
2270	2278	1
2278	2270	1
2270	2278	2
2278	2270	2
2270	2282	0
2282	2270	0
2270	2282	1
2282	2270	1
2270	2282	2
2282	2270	2
2270	2283	0
2283	2270	0
2270	2283	1
2283	2270	1
2270	2283	2
2283	2270	2
2273	2275	0
2275	2273	0
2273	2275	1
2275	2273	1
2273	2275	2
2275	2273	2
2273	2277	0
2277	2273	0
2273	2277	1
2277	2273	1
2273	2277	2
2277	2273	2
2273	2280	0
2280	2273	0
2273	2280	1
2280	2273	1
2273	2280	2
2280	2273	2
2273	2281	0
2281	2273	0
2273	2281	1
2281	2273	1
2273	2281	2
2281	2273	2
2273	2286	0
2286	2273	0
2273	2286	1
2286	2273	1
2273	2286	2
2286	2273	2
2274	2278	0
2278	2274	0
2274	2278	1
2278	2274	1
2274	2278	2
2278	2274	2
2274	2280	0
2280	2274	0
2274	2280	1
2280	2274	1
2274	2280	2
2280	2274	2
2274	2282	0
2282	2274	0
2274	2282	1
2282	2274	1
2274	2282	2
2282	2274	2
2274	2283	0
2283	2274	0
2274	2283	1
2283	2274	1
2274	2283	2
2283	2274	2
2275	2277	0
2277	2275	0
2275	2277	1
2277	2275	1
2275	2277	2
2277	2275	2
2275	2288	0
2288	2275	0
2275	2288	1
2288	2275	1
2275	2288	2
2288	2275	2
2277	2283	0
2283	2277	0
2277	2283	1
2283	2277	1
2277	2283	2
2283	2277	2
2277	2288	0
2288	2277	0
2277	2288	1
2288	2277	1
2277	2288	2
2288	2277	2
2278	2284	0
2284	2278	0
2278	2284	1
2284	2278	1
2278	2284	2
2284	2278	2
2278	2285	0
2285	2278	0
2278	2285	1
2285	2278	1
2278	2285	2
2285	2278	2
2280	2283	0
2283	2280	0
2280	2283	1
2283	2280	1
2280	2283	2
2283	2280	2
2280	2288	0
2288	2280	0
2280	2288	1
2288	2280	1
2280	2288	2
2288	2280	2
2281	2288	0
2288	2281	0
2281	2288	1
2288	2281	1
2281	2288	2
2288	2281	2
2282	2284	0
2284	2282	0
2282	2284	1
2284	2282	1
2282	2284	2
2284	2282	2
2282	2285	0
2285	2282	0
2282	2285	1
2285	2282	1
2282	2285	2
2285	2282	2
2283	2284	0
2284	2283	0
2283	2284	1
2284	2283	1
2283	2284	2
2284	2283	2
2283	2285	0
2285	2283	0
2283	2285	1
2285	2283	1
2283	2285	2
2285	2283	2
2286	2288	0
2288	2286	0
2286	2288	1
2288	2286	1
2286	2288	2
2288	2286	2
2289	2306	0
2306	2289	0
2289	2306	1
2306	2289	1
2289	2306	2
2306	2289	2
2289	2318	0
2318	2289	0
2289	2318	1
2318	2289	1
2289	2318	2
2318	2289	2
2289	2324	0
2324	2289	0
2289	2324	1
2324	2289	1
2289	2324	2
2324	2289	2
2289	2295	0
2295	2289	0
2289	2295	1
2295	2289	1
2289	2295	2
2295	2289	2
2289	2301	0
2301	2289	0
2289	2301	1
2301	2289	1
2289	2301	2
2301	2289	2
2289	2302	0
2302	2289	0
2289	2302	1
2302	2289	1
2289	2302	2
2302	2289	2
2289	2334	0
2334	2289	0
2289	2334	1
2334	2289	1
2289	2334	2
2334	2289	2
2290	2306	0
2306	2290	0
2290	2306	1
2306	2290	1
2290	2306	2
2306	2290	2
2290	2318	0
2318	2290	0
2290	2318	1
2318	2290	1
2290	2318	2
2318	2290	2
2290	2324	0
2324	2290	0
2290	2324	1
2324	2290	1
2290	2324	2
2324	2290	2
2290	2295	0
2295	2290	0
2290	2295	1
2295	2290	1
2290	2295	2
2295	2290	2
2290	2301	0
2301	2290	0
2290	2301	1
2301	2290	1
2290	2301	2
2301	2290	2
2290	2333	0
2333	2290	0
2290	2333	1
2333	2290	1
2290	2333	2
2333	2290	2
2290	2334	0
2334	2290	0
2290	2334	1
2334	2290	1
2290	2334	2
2334	2290	2
2291	2313	0
2313	2291	0
2291	2313	1
2313	2291	1
2291	2313	2
2313	2291	2
2291	2297	0
2297	2291	0
2291	2297	1
2297	2291	1
2291	2297	2
2297	2291	2
2291	2298	0
2298	2291	0
2291	2298	1
2298	2291	1
2291	2298	2
2298	2291	2
2291	2309	0
2309	2291	0
2291	2309	1
2309	2291	1
2291	2309	2
2309	2291	2
2291	2299	0
2299	2291	0
2291	2299	1
2299	2291	1
2291	2299	2
2299	2291	2
2292	2314	0
2314	2292	0
2292	2314	1
2314	2292	1
2292	2314	2
2314	2292	2
2292	2315	0
2315	2292	0
2292	2315	1
2315	2292	1
2292	2315	2
2315	2292	2
2292	2319	0
2319	2292	0
2292	2319	1
2319	2292	1
2292	2319	2
2319	2292	2
2292	2300	0
2300	2292	0
2292	2300	1
2300	2292	1
2292	2300	2
2300	2292	2
2293	2314	0
2314	2293	0
2293	2314	1
2314	2293	1
2293	2314	2
2314	2293	2
2293	2315	0
2315	2293	0
2293	2315	1
2315	2293	1
2293	2315	2
2315	2293	2
2293	2336	0
2336	2293	0
2293	2336	1
2336	2293	1
2293	2336	2
2336	2293	2
2293	2331	0
2331	2293	0
2293	2331	1
2331	2293	1
2293	2331	2
2331	2293	2
2294	2316	0
2316	2294	0
2294	2316	1
2316	2294	1
2294	2316	2
2316	2294	2
2296	2333	0
2333	2296	0
2296	2333	1
2333	2296	1
2296	2333	2
2333	2296	2
2296	2335	0
2335	2296	0
2296	2335	1
2335	2296	1
2296	2335	2
2335	2296	2
2297	2325	0
2325	2297	0
2297	2325	1
2325	2297	1
2297	2325	2
2325	2297	2
2297	2316	0
2316	2297	0
2297	2316	1
2316	2297	1
2297	2316	2
2316	2297	2
2298	2325	0
2325	2298	0
2298	2325	1
2325	2298	1
2298	2325	2
2325	2298	2
2298	2326	0
2326	2298	0
2298	2326	1
2326	2298	1
2298	2326	2
2326	2298	2
2298	2328	0
2328	2298	0
2298	2328	1
2328	2298	1
2298	2328	2
2328	2298	2
2298	2314	0
2314	2298	0
2298	2314	1
2314	2298	1
2298	2314	2
2314	2298	2
2298	2315	0
2315	2298	0
2298	2315	1
2315	2298	1
2298	2315	2
2315	2298	2
2299	2307	0
2307	2299	0
2299	2307	1
2307	2299	1
2299	2307	2
2307	2299	2
2299	2323	0
2323	2299	0
2299	2323	1
2323	2299	1
2299	2323	2
2323	2299	2
2299	2319	0
2319	2299	0
2299	2319	1
2319	2299	1
2299	2319	2
2319	2299	2
2299	2325	0
2325	2299	0
2299	2325	1
2325	2299	1
2299	2325	2
2325	2299	2
2300	2320	0
2320	2300	0
2300	2320	1
2320	2300	1
2300	2320	2
2320	2300	2
2300	2309	0
2309	2300	0
2300	2309	1
2309	2300	1
2300	2309	2
2309	2300	2
2300	2308	0
2308	2300	0
2300	2308	1
2308	2300	1
2300	2308	2
2308	2300	2
2300	2304	0
2304	2300	0
2300	2304	1
2304	2300	1
2300	2304	2
2304	2300	2
2300	2326	0
2326	2300	0
2300	2326	1
2326	2300	1
2300	2326	2
2326	2300	2
2300	2328	0
2328	2300	0
2300	2328	1
2328	2300	1
2300	2328	2
2328	2300	2
2301	2305	0
2305	2301	0
2301	2305	1
2305	2301	1
2301	2305	2
2305	2301	2
2302	2312	0
2312	2302	0
2302	2312	1
2312	2302	1
2302	2312	2
2312	2302	2
2302	2317	0
2317	2302	0
2302	2317	1
2317	2302	1
2302	2317	2
2317	2302	2
2302	2322	0
2322	2302	0
2302	2322	1
2322	2302	1
2302	2322	2
2322	2302	2
2302	2327	0
2327	2302	0
2302	2327	1
2327	2302	1
2302	2327	2
2327	2302	2
2302	2321	0
2321	2302	0
2302	2321	1
2321	2302	1
2302	2321	2
2321	2302	2
2302	2335	0
2335	2302	0
2302	2335	1
2335	2302	1
2302	2335	2
2335	2302	2
2303	2310	0
2310	2303	0
2303	2310	1
2310	2303	1
2303	2310	2
2310	2303	2
2303	2312	0
2312	2303	0
2303	2312	1
2312	2303	1
2303	2312	2
2312	2303	2
2303	2307	0
2307	2303	0
2303	2307	1
2307	2303	1
2303	2307	2
2307	2303	2
2303	2323	0
2323	2303	0
2303	2323	1
2323	2303	1
2303	2323	2
2323	2303	2
2303	2333	0
2333	2303	0
2303	2333	1
2333	2303	1
2303	2333	2
2333	2303	2
2303	2335	0
2335	2303	0
2303	2335	1
2335	2303	1
2303	2335	2
2335	2303	2
2304	2314	0
2314	2304	0
2304	2314	1
2314	2304	1
2304	2314	2
2314	2304	2
2304	2315	0
2315	2304	0
2304	2315	1
2315	2304	1
2304	2315	2
2315	2304	2
2304	2319	0
2319	2304	0
2304	2319	1
2319	2304	1
2304	2319	2
2319	2304	2
2305	2333	0
2333	2305	0
2305	2333	1
2333	2305	1
2305	2333	2
2333	2305	2
2305	2335	0
2335	2305	0
2305	2335	1
2335	2305	1
2305	2335	2
2335	2305	2
2306	2324	0
2324	2306	0
2306	2324	1
2324	2306	1
2306	2324	2
2324	2306	2
2307	2309	0
2309	2307	0
2307	2309	1
2309	2307	1
2307	2309	2
2309	2307	2
2307	2310	0
2310	2307	0
2307	2310	1
2310	2307	1
2307	2310	2
2310	2307	2
2307	2311	0
2311	2307	0
2307	2311	1
2311	2307	1
2307	2311	2
2311	2307	2
2307	2312	0
2312	2307	0
2307	2312	1
2312	2307	1
2307	2312	2
2312	2307	2
2307	2329	0
2329	2307	0
2307	2329	1
2329	2307	1
2307	2329	2
2329	2307	2
2308	2323	0
2323	2308	0
2308	2323	1
2323	2308	1
2308	2323	2
2323	2308	2
2308	2317	0
2317	2308	0
2308	2317	1
2317	2308	1
2308	2317	2
2317	2308	2
2308	2321	0
2321	2308	0
2308	2321	1
2321	2308	1
2308	2321	2
2321	2308	2
2308	2322	0
2322	2308	0
2308	2322	1
2322	2308	1
2308	2322	2
2322	2308	2
2308	2327	0
2327	2308	0
2308	2327	1
2327	2308	1
2308	2327	2
2327	2308	2
2308	2319	0
2319	2308	0
2308	2319	1
2319	2308	1
2308	2319	2
2319	2308	2
2309	2323	0
2323	2309	0
2309	2323	1
2323	2309	1
2309	2323	2
2323	2309	2
2309	2325	0
2325	2309	0
2309	2325	1
2325	2309	1
2309	2325	2
2325	2309	2
2310	2321	0
2321	2310	0
2310	2321	1
2321	2310	1
2310	2321	2
2321	2310	2
2310	2323	0
2323	2310	0
2310	2323	1
2323	2310	1
2310	2323	2
2323	2310	2
2310	2333	0
2333	2310	0
2310	2333	1
2333	2310	1
2310	2333	2
2333	2310	2
2310	2335	0
2335	2310	0
2310	2335	1
2335	2310	1
2310	2335	2
2335	2310	2
2311	2327	0
2327	2311	0
2311	2327	1
2327	2311	1
2311	2327	2
2327	2311	2
2311	2323	0
2323	2311	0
2311	2323	1
2323	2311	1
2311	2323	2
2323	2311	2
2311	2333	0
2333	2311	0
2311	2333	1
2333	2311	1
2311	2333	2
2333	2311	2
2311	2335	0
2335	2311	0
2311	2335	1
2335	2311	1
2311	2335	2
2335	2311	2
2312	2322	0
2322	2312	0
2312	2322	1
2322	2312	1
2312	2322	2
2322	2312	2
2312	2329	0
2329	2312	0
2312	2329	1
2329	2312	1
2312	2329	2
2329	2312	2
2312	2323	0
2323	2312	0
2312	2323	1
2323	2312	1
2312	2323	2
2323	2312	2
2312	2335	0
2335	2312	0
2312	2335	1
2335	2312	1
2312	2335	2
2335	2312	2
2312	2333	0
2333	2312	0
2312	2333	1
2333	2312	1
2312	2333	2
2333	2312	2
2313	2325	0
2325	2313	0
2313	2325	1
2325	2313	1
2313	2325	2
2325	2313	2
2313	2316	0
2316	2313	0
2313	2316	1
2316	2313	1
2313	2316	2
2316	2313	2
2314	2326	0
2326	2314	0
2314	2326	1
2326	2314	1
2314	2326	2
2326	2314	2
2314	2328	0
2328	2314	0
2314	2328	1
2328	2314	1
2314	2328	2
2328	2314	2
2314	2330	0
2330	2314	0
2314	2330	1
2330	2314	1
2314	2330	2
2330	2314	2
2314	2332	0
2332	2314	0
2314	2332	1
2332	2314	1
2314	2332	2
2332	2314	2
2315	2326	0
2326	2315	0
2315	2326	1
2326	2315	1
2315	2326	2
2326	2315	2
2315	2328	0
2328	2315	0
2315	2328	1
2328	2315	1
2315	2328	2
2328	2315	2
2315	2330	0
2330	2315	0
2315	2330	1
2330	2315	1
2315	2330	2
2330	2315	2
2315	2332	0
2332	2315	0
2315	2332	1
2332	2315	1
2315	2332	2
2332	2315	2
2317	2320	0
2320	2317	0
2317	2320	1
2320	2317	1
2317	2320	2
2320	2317	2
2317	2329	0
2329	2317	0
2317	2329	1
2329	2317	1
2317	2329	2
2329	2317	2
2317	2334	0
2334	2317	0
2317	2334	1
2334	2317	1
2317	2334	2
2334	2317	2
2319	2320	0
2320	2319	0
2319	2320	1
2320	2319	1
2319	2320	2
2320	2319	2
2319	2326	0
2326	2319	0
2319	2326	1
2326	2319	1
2319	2326	2
2326	2319	2
2319	2328	0
2328	2319	0
2319	2328	1
2328	2319	1
2319	2328	2
2328	2319	2
2320	2321	0
2321	2320	0
2320	2321	1
2321	2320	1
2320	2321	2
2321	2320	2
2320	2322	0
2322	2320	0
2320	2322	1
2322	2320	1
2320	2322	2
2322	2320	2
2320	2327	0
2327	2320	0
2320	2327	1
2327	2320	1
2320	2327	2
2327	2320	2
2321	2322	0
2322	2321	0
2321	2322	1
2322	2321	1
2321	2322	2
2322	2321	2
2321	2334	0
2334	2321	0
2321	2334	1
2334	2321	1
2321	2334	2
2334	2321	2
2322	2334	0
2334	2322	0
2322	2334	1
2334	2322	1
2322	2334	2
2334	2322	2
2323	2329	0
2329	2323	0
2323	2329	1
2329	2323	1
2323	2329	2
2329	2323	2
2325	2328	0
2328	2325	0
2325	2328	1
2328	2325	1
2325	2328	2
2328	2325	2
2326	2328	0
2328	2326	0
2326	2328	1
2328	2326	1
2326	2328	2
2328	2326	2
2327	2334	0
2334	2327	0
2327	2334	1
2334	2327	1
2327	2334	2
2334	2327	2
2329	2333	0
2333	2329	0
2329	2333	1
2333	2329	1
2329	2333	2
2333	2329	2
2329	2335	0
2335	2329	0
2329	2335	1
2335	2329	1
2329	2335	2
2335	2329	2
2330	2336	0
2336	2330	0
2330	2336	1
2336	2330	1
2330	2336	2
2336	2330	2
2330	2331	0
2331	2330	0
2330	2331	1
2331	2330	1
2330	2331	2
2331	2330	2
2331	2336	0
2336	2331	0
2331	2336	1
2336	2331	1
2331	2336	2
2336	2331	2
2331	2332	0
2332	2331	0
2331	2332	1
2332	2331	1
2331	2332	2
2332	2331	2
2332	2336	0
2336	2332	0
2332	2336	1
2336	2332	1
2332	2336	2
2336	2332	2
2337	2347	0
2347	2337	0
2337	2347	1
2347	2337	1
2337	2347	2
2347	2337	2
2337	2351	0
2351	2337	0
2337	2351	1
2351	2337	1
2337	2351	2
2351	2337	2
2337	2352	0
2352	2337	0
2337	2352	1
2352	2337	1
2337	2352	2
2352	2337	2
2337	2434	0
2434	2337	0
2337	2434	1
2434	2337	1
2337	2434	2
2434	2337	2
2337	2439	0
2439	2337	0
2337	2439	1
2439	2337	1
2337	2439	2
2439	2337	2
2337	2444	0
2444	2337	0
2337	2444	1
2444	2337	1
2337	2444	2
2444	2337	2
2337	2385	0
2385	2337	0
2337	2385	1
2385	2337	1
2337	2385	2
2385	2337	2
2338	2346	0
2346	2338	0
2338	2346	1
2346	2338	1
2338	2346	2
2346	2338	2
2338	2390	0
2390	2338	0
2338	2390	1
2390	2338	1
2338	2390	2
2390	2338	2
2338	2436	0
2436	2338	0
2338	2436	1
2436	2338	1
2338	2436	2
2436	2338	2
2338	2438	0
2438	2338	0
2338	2438	1
2438	2338	1
2338	2438	2
2438	2338	2
2338	2440	0
2440	2338	0
2338	2440	1
2440	2338	1
2338	2440	2
2440	2338	2
2339	2441	0
2441	2339	0
2339	2441	1
2441	2339	1
2339	2441	2
2441	2339	2
2339	2354	0
2354	2339	0
2339	2354	1
2354	2339	1
2339	2354	2
2354	2339	2
2339	2356	0
2356	2339	0
2339	2356	1
2356	2339	1
2339	2356	2
2356	2339	2
2339	2397	0
2397	2339	0
2339	2397	1
2397	2339	1
2339	2397	2
2397	2339	2
2340	2407	0
2407	2340	0
2340	2407	1
2407	2340	1
2340	2407	2
2407	2340	2
2340	2396	0
2396	2340	0
2340	2396	1
2396	2340	1
2340	2396	2
2396	2340	2
2340	2433	0
2433	2340	0
2340	2433	1
2433	2340	1
2340	2433	2
2433	2340	2
2340	2397	0
2397	2340	0
2340	2397	1
2397	2340	1
2340	2397	2
2397	2340	2
2341	2393	0
2393	2341	0
2341	2393	1
2393	2341	1
2341	2393	2
2393	2341	2
2341	2443	0
2443	2341	0
2341	2443	1
2443	2341	1
2341	2443	2
2443	2341	2
2341	2431	0
2431	2341	0
2341	2431	1
2431	2341	1
2341	2431	2
2431	2341	2
2342	2417	0
2417	2342	0
2342	2417	1
2417	2342	1
2342	2417	2
2417	2342	2
2342	2443	0
2443	2342	0
2342	2443	1
2443	2342	1
2342	2443	2
2443	2342	2
2342	2431	0
2431	2342	0
2342	2431	1
2431	2342	1
2342	2431	2
2431	2342	2
2342	2392	0
2392	2342	0
2342	2392	1
2392	2342	1
2342	2392	2
2392	2342	2
2342	2362	0
2362	2342	0
2342	2362	1
2362	2342	1
2342	2362	2
2362	2342	2
2342	2398	0
2398	2342	0
2342	2398	1
2398	2342	1
2342	2398	2
2398	2342	2
2342	2399	0
2399	2342	0
2342	2399	1
2399	2342	1
2342	2399	2
2399	2342	2
2343	2377	0
2377	2343	0
2343	2377	1
2377	2343	1
2343	2377	2
2377	2343	2
2343	2378	0
2378	2343	0
2343	2378	1
2378	2343	1
2343	2378	2
2378	2343	2
2343	2456	0
2456	2343	0
2343	2456	1
2456	2343	1
2343	2456	2
2456	2343	2
2344	2404	0
2404	2344	0
2344	2404	1
2404	2344	1
2344	2404	2
2404	2344	2
2344	2405	0
2405	2344	0
2344	2405	1
2405	2344	1
2344	2405	2
2405	2344	2
2345	2393	0
2393	2345	0
2345	2393	1
2393	2345	1
2345	2393	2
2393	2345	2
2345	2432	0
2432	2345	0
2345	2432	1
2432	2345	1
2345	2432	2
2432	2345	2
2345	2450	0
2450	2345	0
2345	2450	1
2450	2345	1
2345	2450	2
2450	2345	2
2345	2359	0
2359	2345	0
2345	2359	1
2359	2345	1
2345	2359	2
2359	2345	2
2346	2390	0
2390	2346	0
2346	2390	1
2390	2346	1
2346	2390	2
2390	2346	2
2346	2352	0
2352	2346	0
2346	2352	1
2352	2346	1
2346	2352	2
2352	2346	2
2346	2436	0
2436	2346	0
2346	2436	1
2436	2346	1
2346	2436	2
2436	2346	2
2346	2438	0
2438	2346	0
2346	2438	1
2438	2346	1
2346	2438	2
2438	2346	2
2346	2440	0
2440	2346	0
2346	2440	1
2440	2346	1
2346	2440	2
2440	2346	2
2347	2351	0
2351	2347	0
2347	2351	1
2351	2347	1
2347	2351	2
2351	2347	2
2347	2352	0
2352	2347	0
2347	2352	1
2352	2347	1
2347	2352	2
2352	2347	2
2347	2437	0
2437	2347	0
2347	2437	1
2437	2347	1
2347	2437	2
2437	2347	2
2348	2369	0
2369	2348	0
2348	2369	1
2369	2348	1
2348	2369	2
2369	2348	2
2348	2410	0
2410	2348	0
2348	2410	1
2410	2348	1
2348	2410	2
2410	2348	2
2348	2383	0
2383	2348	0
2348	2383	1
2383	2348	1
2348	2383	2
2383	2348	2
2348	2382	0
2382	2348	0
2348	2382	1
2382	2348	1
2348	2382	2
2382	2348	2
2349	2369	0
2369	2349	0
2349	2369	1
2369	2349	1
2349	2369	2
2369	2349	2
2349	2430	0
2430	2349	0
2349	2430	1
2430	2349	1
2349	2430	2
2430	2349	2
2349	2379	0
2379	2349	0
2349	2379	1
2379	2349	1
2349	2379	2
2379	2349	2
2349	2388	0
2388	2349	0
2349	2388	1
2388	2349	1
2349	2388	2
2388	2349	2
2349	2389	0
2389	2349	0
2349	2389	1
2389	2349	1
2349	2389	2
2389	2349	2
2349	2382	0
2382	2349	0
2349	2382	1
2382	2349	1
2349	2382	2
2382	2349	2
2350	2369	0
2369	2350	0
2350	2369	1
2369	2350	1
2350	2369	2
2369	2350	2
2350	2410	0
2410	2350	0
2350	2410	1
2410	2350	1
2350	2410	2
2410	2350	2
2351	2436	0
2436	2351	0
2351	2436	1
2436	2351	1
2351	2436	2
2436	2351	2
2351	2438	0
2438	2351	0
2351	2438	1
2438	2351	1
2351	2438	2
2438	2351	2
2352	2437	0
2437	2352	0
2352	2437	1
2437	2352	1
2352	2437	2
2437	2352	2
2352	2440	0
2440	2352	0
2352	2440	1
2440	2352	1
2352	2440	2
2440	2352	2
2353	2396	0
2396	2353	0
2353	2396	1
2396	2353	1
2353	2396	2
2396	2353	2
2353	2441	0
2441	2353	0
2353	2441	1
2441	2353	1
2353	2441	2
2441	2353	2
2353	2433	0
2433	2353	0
2353	2433	1
2433	2353	1
2353	2433	2
2433	2353	2
2354	2441	0
2441	2354	0
2354	2441	1
2441	2354	1
2354	2441	2
2441	2354	2
2354	2425	0
2425	2354	0
2354	2425	1
2425	2354	1
2354	2425	2
2425	2354	2
2354	2407	0
2407	2354	0
2354	2407	1
2407	2354	1
2354	2407	2
2407	2354	2
2354	2397	0
2397	2354	0
2354	2397	1
2397	2354	1
2354	2397	2
2397	2354	2
2355	2396	0
2396	2355	0
2355	2396	1
2396	2355	1
2355	2396	2
2396	2355	2
2355	2425	0
2425	2355	0
2355	2425	1
2425	2355	1
2355	2425	2
2425	2355	2
2355	2433	0
2433	2355	0
2355	2433	1
2433	2355	1
2355	2433	2
2433	2355	2
2356	2425	0
2425	2356	0
2356	2425	1
2425	2356	1
2356	2425	2
2425	2356	2
2356	2364	0
2364	2356	0
2356	2364	1
2364	2356	1
2356	2364	2
2364	2356	2
2356	2407	0
2407	2356	0
2356	2407	1
2407	2356	1
2356	2407	2
2407	2356	2
2356	2397	0
2397	2356	0
2356	2397	1
2397	2356	1
2356	2397	2
2397	2356	2
2357	2400	0
2400	2357	0
2357	2400	1
2400	2357	1
2357	2400	2
2400	2357	2
2357	2372	0
2372	2357	0
2357	2372	1
2372	2357	1
2357	2372	2
2372	2357	2
2357	2367	0
2367	2357	0
2357	2367	1
2367	2357	1
2357	2367	2
2367	2357	2
2357	2406	0
2406	2357	0
2357	2406	1
2406	2357	1
2357	2406	2
2406	2357	2
2357	2420	0
2420	2357	0
2357	2420	1
2420	2357	1
2357	2420	2
2420	2357	2
2357	2427	0
2427	2357	0
2357	2427	1
2427	2357	1
2357	2427	2
2427	2357	2
2358	2367	0
2367	2358	0
2358	2367	1
2367	2358	1
2358	2367	2
2367	2358	2
2358	2375	0
2375	2358	0
2358	2375	1
2375	2358	1
2358	2375	2
2375	2358	2
2358	2376	0
2376	2358	0
2358	2376	1
2376	2358	1
2358	2376	2
2376	2358	2
2358	2419	0
2419	2358	0
2358	2419	1
2419	2358	1
2358	2419	2
2419	2358	2
2358	2394	0
2394	2358	0
2358	2394	1
2394	2358	1
2358	2394	2
2394	2358	2
2358	2401	0
2401	2358	0
2358	2401	1
2401	2358	1
2358	2401	2
2401	2358	2
2358	2373	0
2373	2358	0
2358	2373	1
2373	2358	1
2358	2373	2
2373	2358	2
2358	2413	0
2413	2358	0
2358	2413	1
2413	2358	1
2358	2413	2
2413	2358	2
2359	2443	0
2443	2359	0
2359	2443	1
2443	2359	1
2359	2443	2
2443	2359	2
2359	2411	0
2411	2359	0
2359	2411	1
2411	2359	1
2359	2411	2
2411	2359	2
2360	2443	0
2443	2360	0
2360	2443	1
2443	2360	1
2360	2443	2
2443	2360	2
2360	2421	0
2421	2360	0
2360	2421	1
2421	2360	1
2360	2421	2
2421	2360	2
2360	2431	0
2431	2360	0
2360	2431	1
2431	2360	1
2360	2431	2
2431	2360	2
2360	2452	0
2452	2360	0
2360	2452	1
2452	2360	1
2360	2452	2
2452	2360	2
2360	2412	0
2412	2360	0
2360	2412	1
2412	2360	1
2360	2412	2
2412	2360	2
2361	2393	0
2393	2361	0
2361	2393	1
2393	2361	1
2361	2393	2
2393	2361	2
2362	2398	0
2398	2362	0
2362	2398	1
2398	2362	1
2362	2398	2
2398	2362	2
2362	2416	0
2416	2362	0
2362	2416	1
2416	2362	1
2362	2416	2
2416	2362	2
2362	2417	0
2417	2362	0
2362	2417	1
2417	2362	1
2362	2417	2
2417	2362	2
2362	2418	0
2418	2362	0
2362	2418	1
2418	2362	1
2362	2418	2
2418	2362	2
2363	2406	0
2406	2363	0
2363	2406	1
2406	2363	1
2363	2406	2
2406	2363	2
2363	2375	0
2375	2363	0
2363	2375	1
2375	2363	1
2363	2375	2
2375	2363	2
2363	2376	0
2376	2363	0
2363	2376	1
2376	2363	1
2363	2376	2
2376	2363	2
2363	2419	0
2419	2363	0
2363	2419	1
2419	2363	1
2363	2419	2
2419	2363	2
2363	2394	0
2394	2363	0
2363	2394	1
2394	2363	1
2363	2394	2
2394	2363	2
2363	2401	0
2401	2363	0
2363	2401	1
2401	2363	1
2363	2401	2
2401	2363	2
2363	2373	0
2373	2363	0
2363	2373	1
2373	2363	1
2363	2373	2
2373	2363	2
2363	2413	0
2413	2363	0
2363	2413	1
2413	2363	1
2363	2413	2
2413	2363	2
2364	2396	0
2396	2364	0
2364	2396	1
2396	2364	1
2364	2396	2
2396	2364	2
2364	2425	0
2425	2364	0
2364	2425	1
2425	2364	1
2364	2425	2
2425	2364	2
2364	2441	0
2441	2364	0
2364	2441	1
2441	2364	1
2364	2441	2
2441	2364	2
2364	2433	0
2433	2364	0
2364	2433	1
2433	2364	1
2364	2433	2
2433	2364	2
2365	2371	0
2371	2365	0
2365	2371	1
2371	2365	1
2365	2371	2
2371	2365	2
2365	2435	0
2435	2365	0
2365	2435	1
2435	2365	1
2365	2435	2
2435	2365	2
2365	2446	0
2446	2365	0
2365	2446	1
2446	2365	1
2365	2446	2
2446	2365	2
2365	2447	0
2447	2365	0
2365	2447	1
2447	2365	1
2365	2447	2
2447	2365	2
2366	2448	0
2448	2366	0
2366	2448	1
2448	2366	1
2366	2448	2
2448	2366	2
2366	2454	0
2454	2366	0
2366	2454	1
2454	2366	1
2366	2454	2
2454	2366	2
2367	2400	0
2400	2367	0
2367	2400	1
2400	2367	1
2367	2400	2
2400	2367	2
2367	2372	0
2372	2367	0
2367	2372	1
2372	2367	1
2367	2372	2
2372	2367	2
2367	2420	0
2420	2367	0
2367	2420	1
2420	2367	1
2367	2420	2
2420	2367	2
2368	2430	0
2430	2368	0
2368	2430	1
2430	2368	1
2368	2430	2
2430	2368	2
2368	2379	0
2379	2368	0
2368	2379	1
2379	2368	1
2368	2379	2
2379	2368	2
2368	2382	0
2382	2368	0
2368	2382	1
2382	2368	1
2368	2382	2
2382	2368	2
2368	2386	0
2386	2368	0
2368	2386	1
2386	2368	1
2368	2386	2
2386	2368	2
2368	2388	0
2388	2368	0
2368	2388	1
2388	2368	1
2368	2388	2
2388	2368	2
2368	2389	0
2389	2368	0
2368	2389	1
2389	2368	1
2368	2389	2
2389	2368	2
2369	2380	0
2380	2369	0
2369	2380	1
2380	2369	1
2369	2380	2
2380	2369	2
2369	2387	0
2387	2369	0
2369	2387	1
2387	2369	1
2369	2387	2
2387	2369	2
2369	2386	0
2386	2369	0
2369	2386	1
2386	2369	1
2369	2386	2
2386	2369	2
2369	2445	0
2445	2369	0
2369	2445	1
2445	2369	1
2369	2445	2
2445	2369	2
2369	2414	0
2414	2369	0
2369	2414	1
2414	2369	1
2369	2414	2
2414	2369	2
2370	2448	0
2448	2370	0
2370	2448	1
2448	2370	1
2370	2448	2
2448	2370	2
2370	2454	0
2454	2370	0
2370	2454	1
2454	2370	1
2370	2454	2
2454	2370	2
2372	2451	0
2451	2372	0
2372	2451	1
2451	2372	1
2372	2451	2
2451	2372	2
2372	2429	0
2429	2372	0
2372	2429	1
2429	2372	1
2372	2429	2
2429	2372	2
2373	2401	0
2401	2373	0
2373	2401	1
2401	2373	1
2373	2401	2
2401	2373	2
2373	2451	0
2451	2373	0
2373	2451	1
2451	2373	1
2373	2451	2
2451	2373	2
2373	2423	0
2423	2373	0
2373	2423	1
2423	2373	1
2373	2423	2
2423	2373	2
2373	2428	0
2428	2373	0
2373	2428	1
2428	2373	1
2373	2428	2
2428	2373	2
2373	2406	0
2406	2373	0
2373	2406	1
2406	2373	1
2373	2406	2
2406	2373	2
2373	2427	0
2427	2373	0
2373	2427	1
2427	2373	1
2373	2427	2
2427	2373	2
2374	2390	0
2390	2374	0
2374	2390	1
2390	2374	1
2374	2390	2
2390	2374	2
2374	2436	0
2436	2374	0
2374	2436	1
2436	2374	1
2374	2436	2
2436	2374	2
2374	2438	0
2438	2374	0
2374	2438	1
2438	2374	1
2374	2438	2
2438	2374	2
2374	2440	0
2440	2374	0
2374	2440	1
2440	2374	1
2374	2440	2
2440	2374	2
2375	2419	0
2419	2375	0
2375	2419	1
2419	2375	1
2375	2419	2
2419	2375	2
2375	2394	0
2394	2375	0
2375	2394	1
2394	2375	1
2375	2394	2
2394	2375	2
2375	2395	0
2395	2375	0
2375	2395	1
2395	2375	1
2375	2395	2
2395	2375	2
2375	2403	0
2403	2375	0
2375	2403	1
2403	2375	1
2375	2403	2
2403	2375	2
2375	2406	0
2406	2375	0
2375	2406	1
2406	2375	1
2375	2406	2
2406	2375	2
2375	2427	0
2427	2375	0
2375	2427	1
2427	2375	1
2375	2427	2
2427	2375	2
2375	2428	0
2428	2375	0
2375	2428	1
2428	2375	1
2375	2428	2
2428	2375	2
2376	2403	0
2403	2376	0
2376	2403	1
2403	2376	1
2376	2403	2
2403	2376	2
2376	2406	0
2406	2376	0
2376	2406	1
2406	2376	1
2376	2406	2
2406	2376	2
2376	2427	0
2427	2376	0
2376	2427	1
2427	2376	1
2376	2427	2
2427	2376	2
2376	2428	0
2428	2376	0
2376	2428	1
2428	2376	1
2376	2428	2
2428	2376	2
2377	2402	0
2402	2377	0
2377	2402	1
2402	2377	1
2377	2402	2
2402	2377	2
2377	2381	0
2381	2377	0
2377	2381	1
2381	2377	1
2377	2381	2
2381	2377	2
2377	2405	0
2405	2377	0
2377	2405	1
2405	2377	1
2377	2405	2
2405	2377	2
2377	2408	0
2408	2377	0
2377	2408	1
2408	2377	1
2377	2408	2
2408	2377	2
2377	2409	0
2409	2377	0
2377	2409	1
2409	2377	1
2377	2409	2
2409	2377	2
2378	2456	0
2456	2378	0
2378	2456	1
2456	2378	1
2378	2456	2
2456	2378	2
2378	2402	0
2402	2378	0
2378	2402	1
2402	2378	1
2378	2402	2
2402	2378	2
2378	2381	0
2381	2378	0
2378	2381	1
2381	2378	1
2378	2381	2
2381	2378	2
2378	2405	0
2405	2378	0
2378	2405	1
2405	2378	1
2378	2405	2
2405	2378	2
2378	2408	0
2408	2378	0
2378	2408	1
2408	2378	1
2378	2408	2
2408	2378	2
2378	2409	0
2409	2378	0
2378	2409	1
2409	2378	1
2378	2409	2
2409	2378	2
2379	2386	0
2386	2379	0
2379	2386	1
2386	2379	1
2379	2386	2
2386	2379	2
2379	2387	0
2387	2379	0
2379	2387	1
2387	2379	1
2379	2387	2
2387	2379	2
2379	2422	0
2422	2379	0
2379	2422	1
2422	2379	1
2379	2422	2
2422	2379	2
2379	2383	0
2383	2379	0
2379	2383	1
2383	2379	1
2379	2383	2
2383	2379	2
2380	2410	0
2410	2380	0
2380	2410	1
2410	2380	1
2380	2410	2
2410	2380	2
2380	2383	0
2383	2380	0
2380	2383	1
2383	2380	1
2380	2383	2
2383	2380	2
2381	2456	0
2456	2381	0
2381	2456	1
2456	2381	1
2381	2456	2
2456	2381	2
2381	2420	0
2420	2381	0
2381	2420	1
2420	2381	1
2381	2420	2
2420	2381	2
2382	2387	0
2387	2382	0
2382	2387	1
2387	2382	1
2382	2387	2
2387	2382	2
2382	2422	0
2422	2382	0
2382	2422	1
2422	2382	1
2382	2422	2
2422	2382	2
2382	2383	0
2383	2382	0
2382	2383	1
2383	2382	1
2382	2383	2
2383	2382	2
2383	2422	0
2422	2383	0
2383	2422	1
2422	2383	1
2383	2422	2
2422	2383	2
2383	2430	0
2430	2383	0
2383	2430	1
2430	2383	1
2383	2430	2
2430	2383	2
2383	2388	0
2388	2383	0
2383	2388	1
2388	2383	1
2383	2388	2
2388	2383	2
2383	2389	0
2389	2383	0
2383	2389	1
2389	2383	1
2383	2389	2
2389	2383	2
2384	2390	0
2390	2384	0
2384	2390	1
2390	2384	1
2384	2390	2
2390	2384	2
2384	2439	0
2439	2384	0
2384	2439	1
2439	2384	1
2384	2439	2
2439	2384	2
2384	2414	0
2414	2384	0
2384	2414	1
2414	2384	1
2384	2414	2
2414	2384	2
2385	2415	0
2415	2385	0
2385	2415	1
2415	2385	1
2385	2415	2
2415	2385	2
2385	2434	0
2434	2385	0
2385	2434	1
2434	2385	1
2385	2434	2
2434	2385	2
2385	2444	0
2444	2385	0
2385	2444	1
2444	2385	1
2385	2444	2
2444	2385	2
2386	2422	0
2422	2386	0
2386	2422	1
2422	2386	1
2386	2422	2
2422	2386	2
2386	2410	0
2410	2386	0
2386	2410	1
2410	2386	1
2386	2410	2
2410	2386	2
2387	2430	0
2430	2387	0
2387	2430	1
2430	2387	1
2387	2430	2
2430	2387	2
2387	2388	0
2388	2387	0
2387	2388	1
2388	2387	1
2387	2388	2
2388	2387	2
2387	2389	0
2389	2387	0
2387	2389	1
2389	2387	1
2387	2389	2
2389	2387	2
2388	2422	0
2422	2388	0
2388	2422	1
2422	2388	1
2388	2422	2
2422	2388	2
2389	2422	0
2422	2389	0
2389	2422	1
2422	2389	1
2389	2422	2
2422	2389	2
2390	2426	0
2426	2390	0
2390	2426	1
2426	2390	1
2390	2426	2
2426	2390	2
2391	2393	0
2393	2391	0
2391	2393	1
2393	2391	1
2391	2393	2
2393	2391	2
2392	2416	0
2416	2392	0
2392	2416	1
2416	2392	1
2392	2416	2
2416	2392	2
2392	2417	0
2417	2392	0
2392	2417	1
2417	2392	1
2392	2417	2
2417	2392	2
2392	2418	0
2418	2392	0
2392	2418	1
2418	2392	1
2392	2418	2
2418	2392	2
2393	2424	0
2424	2393	0
2393	2424	1
2424	2393	1
2393	2424	2
2424	2393	2
2394	2403	0
2403	2394	0
2394	2403	1
2403	2394	1
2394	2403	2
2403	2394	2
2394	2419	0
2419	2394	0
2394	2419	1
2419	2394	1
2394	2419	2
2419	2394	2
2394	2406	0
2406	2394	0
2394	2406	1
2406	2394	1
2394	2406	2
2406	2394	2
2394	2427	0
2427	2394	0
2394	2427	1
2427	2394	1
2394	2427	2
2427	2394	2
2394	2428	0
2428	2394	0
2394	2428	1
2428	2394	1
2394	2428	2
2428	2394	2
2395	2419	0
2419	2395	0
2395	2419	1
2419	2395	1
2395	2419	2
2419	2395	2
2395	2420	0
2420	2395	0
2395	2420	1
2420	2395	1
2395	2420	2
2420	2395	2
2395	2403	0
2403	2395	0
2395	2403	1
2403	2395	1
2395	2403	2
2403	2395	2
2396	2425	0
2425	2396	0
2396	2425	1
2425	2396	1
2396	2425	2
2425	2396	2
2397	2425	0
2425	2397	0
2397	2425	1
2425	2397	1
2397	2425	2
2425	2397	2
2397	2441	0
2441	2397	0
2397	2441	1
2441	2397	1
2397	2441	2
2441	2397	2
2398	2416	0
2416	2398	0
2398	2416	1
2416	2398	1
2398	2416	2
2416	2398	2
2398	2417	0
2417	2398	0
2398	2417	1
2417	2398	1
2398	2417	2
2417	2398	2
2398	2418	0
2418	2398	0
2398	2418	1
2418	2398	1
2398	2418	2
2418	2398	2
2399	2416	0
2416	2399	0
2399	2416	1
2416	2399	1
2399	2416	2
2416	2399	2
2399	2417	0
2417	2399	0
2399	2417	1
2417	2399	1
2399	2417	2
2417	2399	2
2399	2418	0
2418	2399	0
2399	2418	1
2418	2399	1
2399	2418	2
2418	2399	2
2400	2413	0
2413	2400	0
2400	2413	1
2413	2400	1
2400	2413	2
2413	2400	2
2400	2429	0
2429	2400	0
2400	2429	1
2429	2400	1
2400	2429	2
2429	2400	2
2401	2451	0
2451	2401	0
2401	2451	1
2451	2401	1
2401	2451	2
2451	2401	2
2401	2423	0
2423	2401	0
2401	2423	1
2423	2401	1
2401	2423	2
2423	2401	2
2401	2428	0
2428	2401	0
2401	2428	1
2428	2401	1
2401	2428	2
2428	2401	2
2401	2406	0
2406	2401	0
2401	2406	1
2406	2401	1
2401	2406	2
2406	2401	2
2401	2427	0
2427	2401	0
2401	2427	1
2427	2401	1
2401	2427	2
2427	2401	2
2402	2456	0
2456	2402	0
2402	2456	1
2456	2402	1
2402	2456	2
2456	2402	2
2402	2420	0
2420	2402	0
2402	2420	1
2420	2402	1
2402	2420	2
2420	2402	2
2403	2419	0
2419	2403	0
2403	2419	1
2419	2403	1
2403	2419	2
2419	2403	2
2403	2404	0
2404	2403	0
2403	2404	1
2404	2403	1
2403	2404	2
2404	2403	2
2405	2456	0
2456	2405	0
2405	2456	1
2456	2405	1
2405	2456	2
2456	2405	2
2406	2427	0
2427	2406	0
2406	2427	1
2427	2406	1
2406	2427	2
2427	2406	2
2406	2419	0
2419	2406	0
2406	2419	1
2419	2406	1
2406	2419	2
2419	2406	2
2406	2413	0
2413	2406	0
2406	2413	1
2413	2406	1
2406	2413	2
2413	2406	2
2407	2441	0
2441	2407	0
2407	2441	1
2441	2407	1
2407	2441	2
2441	2407	2
2408	2456	0
2456	2408	0
2408	2456	1
2456	2408	1
2408	2456	2
2456	2408	2
2409	2456	0
2456	2409	0
2409	2456	1
2456	2409	1
2409	2456	2
2456	2409	2
2410	2445	0
2445	2410	0
2410	2445	1
2445	2410	1
2410	2445	2
2445	2410	2
2410	2414	0
2414	2410	0
2410	2414	1
2414	2410	1
2410	2414	2
2414	2410	2
2411	2432	0
2432	2411	0
2411	2432	1
2432	2411	1
2411	2432	2
2432	2411	2
2411	2450	0
2450	2411	0
2411	2450	1
2450	2411	1
2411	2450	2
2450	2411	2
2411	2453	0
2453	2411	0
2411	2453	1
2453	2411	1
2411	2453	2
2453	2411	2
2412	2421	0
2421	2412	0
2412	2421	1
2421	2412	1
2412	2421	2
2421	2412	2
2412	2455	0
2455	2412	0
2412	2455	1
2455	2412	1
2412	2455	2
2455	2412	2
2413	2423	0
2423	2413	0
2413	2423	1
2423	2413	1
2413	2423	2
2423	2413	2
2413	2428	0
2428	2413	0
2413	2428	1
2428	2413	1
2413	2428	2
2428	2413	2
2413	2427	0
2427	2413	0
2413	2427	1
2427	2413	1
2413	2427	2
2427	2413	2
2414	2445	0
2445	2414	0
2414	2445	1
2445	2414	1
2414	2445	2
2445	2414	2
2415	2430	0
2430	2415	0
2415	2430	1
2430	2415	1
2415	2430	2
2430	2415	2
2416	2443	0
2443	2416	0
2416	2443	1
2443	2416	1
2416	2443	2
2443	2416	2
2416	2431	0
2431	2416	0
2416	2431	1
2431	2416	1
2416	2431	2
2431	2416	2
2417	2443	0
2443	2417	0
2417	2443	1
2443	2417	1
2417	2443	2
2443	2417	2
2417	2431	0
2431	2417	0
2417	2431	1
2431	2417	1
2417	2431	2
2431	2417	2
2418	2443	0
2443	2418	0
2418	2443	1
2443	2418	1
2418	2443	2
2443	2418	2
2418	2431	0
2431	2418	0
2418	2431	1
2431	2418	1
2418	2431	2
2431	2418	2
2419	2427	0
2427	2419	0
2419	2427	1
2427	2419	1
2419	2427	2
2427	2419	2
2419	2428	0
2428	2419	0
2419	2428	1
2428	2419	1
2419	2428	2
2428	2419	2
2421	2443	0
2443	2421	0
2421	2443	1
2443	2421	1
2421	2443	2
2443	2421	2
2421	2431	0
2431	2421	0
2421	2431	1
2431	2421	1
2421	2431	2
2431	2421	2
2421	2452	0
2452	2421	0
2421	2452	1
2452	2421	1
2421	2452	2
2452	2421	2
2422	2430	0
2430	2422	0
2422	2430	1
2430	2422	1
2422	2430	2
2430	2422	2
2425	2441	0
2441	2425	0
2425	2441	1
2441	2425	1
2425	2441	2
2441	2425	2
2426	2436	0
2436	2426	0
2426	2436	1
2436	2426	1
2426	2436	2
2436	2426	2
2426	2438	0
2438	2426	0
2426	2438	1
2438	2426	1
2426	2438	2
2438	2426	2
2426	2440	0
2440	2426	0
2426	2440	1
2440	2426	1
2426	2440	2
2440	2426	2
2432	2450	0
2450	2432	0
2432	2450	1
2450	2432	1
2432	2450	2
2450	2432	2
2435	2442	0
2442	2435	0
2435	2442	1
2442	2435	1
2435	2442	2
2442	2435	2
2436	2440	0
2440	2436	0
2436	2440	1
2440	2436	1
2436	2440	2
2440	2436	2
2437	2438	0
2438	2437	0
2437	2438	1
2438	2437	1
2437	2438	2
2438	2437	2
2442	2448	0
2448	2442	0
2442	2448	1
2448	2442	1
2442	2448	2
2448	2442	2
2442	2454	0
2454	2442	0
2442	2454	1
2454	2442	1
2442	2454	2
2454	2442	2
2443	2450	0
2450	2443	0
2443	2450	1
2450	2443	1
2443	2450	2
2450	2443	2
2446	2454	0
2454	2446	0
2446	2454	1
2454	2446	1
2446	2454	2
2454	2446	2
2447	2449	0
2449	2447	0
2447	2449	1
2449	2447	1
2447	2449	2
2449	2447	2
2448	2454	0
2454	2448	0
2448	2454	1
2454	2448	1
2448	2454	2
2454	2448	2
2448	2449	0
2449	2448	0
2448	2449	1
2449	2448	1
2448	2449	2
2449	2448	2
2452	2453	0
2453	2452	0
2452	2453	1
2453	2452	1
2452	2453	2
2453	2452	2
2457	2463	0
2463	2457	0
2457	2463	1
2463	2457	1
2457	2463	2
2463	2457	2
2457	2495	0
2495	2457	0
2457	2495	1
2495	2457	1
2457	2495	2
2495	2457	2
2457	2473	0
2473	2457	0
2457	2473	1
2473	2457	1
2457	2473	2
2473	2457	2
2457	2476	0
2476	2457	0
2457	2476	1
2476	2457	1
2457	2476	2
2476	2457	2
2458	2469	0
2469	2458	0
2458	2469	1
2469	2458	1
2458	2469	2
2469	2458	2
2458	2474	0
2474	2458	0
2458	2474	1
2474	2458	1
2458	2474	2
2474	2458	2
2458	2493	0
2493	2458	0
2458	2493	1
2493	2458	1
2458	2493	2
2493	2458	2
2458	2495	0
2495	2458	0
2458	2495	1
2495	2458	1
2458	2495	2
2495	2458	2
2459	2485	0
2485	2459	0
2459	2485	1
2485	2459	1
2459	2485	2
2485	2459	2
2459	2496	0
2496	2459	0
2459	2496	1
2496	2459	1
2459	2496	2
2496	2459	2
2460	2492	0
2492	2460	0
2460	2492	1
2492	2460	1
2460	2492	2
2492	2460	2
2460	2485	0
2485	2460	0
2460	2485	1
2485	2460	1
2460	2485	2
2485	2460	2
2461	2471	0
2471	2461	0
2461	2471	1
2471	2461	1
2461	2471	2
2471	2461	2
2461	2488	0
2488	2461	0
2461	2488	1
2488	2461	1
2461	2488	2
2488	2461	2
2461	2487	0
2487	2461	0
2461	2487	1
2487	2461	1
2461	2487	2
2487	2461	2
2461	2472	0
2472	2461	0
2461	2472	1
2472	2461	1
2461	2472	2
2472	2461	2
2461	2491	0
2491	2461	0
2461	2491	1
2491	2461	1
2461	2491	2
2491	2461	2
2462	2491	0
2491	2462	0
2462	2491	1
2491	2462	1
2462	2491	2
2491	2462	2
2462	2494	0
2494	2462	0
2462	2494	1
2494	2462	1
2462	2494	2
2494	2462	2
2462	2480	0
2480	2462	0
2462	2480	1
2480	2462	1
2462	2480	2
2480	2462	2
2462	2471	0
2471	2462	0
2462	2471	1
2471	2462	1
2462	2471	2
2471	2462	2
2462	2488	0
2488	2462	0
2462	2488	1
2488	2462	1
2462	2488	2
2488	2462	2
2462	2487	0
2487	2462	0
2462	2487	1
2487	2462	1
2462	2487	2
2487	2462	2
2463	2469	0
2469	2463	0
2463	2469	1
2469	2463	1
2463	2469	2
2469	2463	2
2463	2474	0
2474	2463	0
2463	2474	1
2474	2463	1
2463	2474	2
2474	2463	2
2463	2495	0
2495	2463	0
2463	2495	1
2495	2463	1
2463	2495	2
2495	2463	2
2464	2479	0
2479	2464	0
2464	2479	1
2479	2464	1
2464	2479	2
2479	2464	2
2464	2483	0
2483	2464	0
2464	2483	1
2483	2464	1
2464	2483	2
2483	2464	2
2465	2484	0
2484	2465	0
2465	2484	1
2484	2465	1
2465	2484	2
2484	2465	2
2465	2486	0
2486	2465	0
2465	2486	1
2486	2465	1
2465	2486	2
2486	2465	2
2465	2497	0
2497	2465	0
2465	2497	1
2497	2465	1
2465	2497	2
2497	2465	2
2465	2472	0
2472	2465	0
2465	2472	1
2472	2465	1
2465	2472	2
2472	2465	2
2465	2487	0
2487	2465	0
2465	2487	1
2487	2465	1
2465	2487	2
2487	2465	2
2465	2488	0
2488	2465	0
2465	2488	1
2488	2465	1
2465	2488	2
2488	2465	2
2466	2496	0
2496	2466	0
2466	2496	1
2496	2466	1
2466	2496	2
2496	2466	2
2466	2482	0
2482	2466	0
2466	2482	1
2482	2466	1
2466	2482	2
2482	2466	2
2466	2491	0
2491	2466	0
2466	2491	1
2491	2466	1
2466	2491	2
2491	2466	2
2467	2485	0
2485	2467	0
2467	2485	1
2485	2467	1
2467	2485	2
2485	2467	2
2467	2496	0
2496	2467	0
2467	2496	1
2496	2467	1
2467	2496	2
2496	2467	2
2468	2473	0
2473	2468	0
2468	2473	1
2473	2468	1
2468	2473	2
2473	2468	2
2468	2476	0
2476	2468	0
2468	2476	1
2476	2468	1
2468	2476	2
2476	2468	2
2469	2473	0
2473	2469	0
2469	2473	1
2473	2469	1
2469	2473	2
2473	2469	2
2469	2476	0
2476	2469	0
2469	2476	1
2476	2469	1
2469	2476	2
2476	2469	2
2470	2490	0
2490	2470	0
2470	2490	1
2490	2470	1
2470	2490	2
2490	2470	2
2470	2472	0
2472	2470	0
2470	2472	1
2472	2470	1
2470	2472	2
2472	2470	2
2470	2487	0
2487	2470	0
2470	2487	1
2487	2470	1
2470	2487	2
2487	2470	2
2470	2497	0
2497	2470	0
2470	2497	1
2497	2470	1
2470	2497	2
2497	2470	2
2470	2479	0
2479	2470	0
2470	2479	1
2479	2470	1
2470	2479	2
2479	2470	2
2471	2494	0
2494	2471	0
2471	2494	1
2494	2471	1
2471	2494	2
2494	2471	2
2471	2488	0
2488	2471	0
2471	2488	1
2488	2471	1
2471	2488	2
2488	2471	2
2471	2497	0
2497	2471	0
2471	2497	1
2497	2471	1
2471	2497	2
2497	2471	2
2471	2479	0
2479	2471	0
2471	2479	1
2479	2471	1
2471	2479	2
2479	2471	2
2472	2477	0
2477	2472	0
2472	2477	1
2477	2472	1
2472	2477	2
2477	2472	2
2472	2494	0
2494	2472	0
2472	2494	1
2494	2472	1
2472	2494	2
2494	2472	2
2473	2498	0
2498	2473	0
2473	2498	1
2498	2473	1
2473	2498	2
2498	2473	2
2473	2478	0
2478	2473	0
2473	2478	1
2478	2473	1
2473	2478	2
2478	2473	2
2473	2493	0
2493	2473	0
2473	2493	1
2493	2473	1
2473	2493	2
2493	2473	2
2474	2499	0
2499	2474	0
2474	2499	1
2499	2474	1
2474	2499	2
2499	2474	2
2474	2475	0
2475	2474	0
2474	2475	1
2475	2474	1
2474	2475	2
2475	2474	2
2475	2495	0
2495	2475	0
2475	2495	1
2495	2475	1
2475	2495	2
2495	2475	2
2476	2498	0
2498	2476	0
2476	2498	1
2498	2476	1
2476	2498	2
2498	2476	2
2476	2478	0
2478	2476	0
2476	2478	1
2478	2476	1
2476	2478	2
2478	2476	2
2476	2493	0
2493	2476	0
2476	2493	1
2493	2476	1
2476	2493	2
2493	2476	2
2477	2494	0
2494	2477	0
2477	2494	1
2494	2477	1
2477	2494	2
2494	2477	2
2477	2480	0
2480	2477	0
2477	2480	1
2480	2477	1
2477	2480	2
2480	2477	2
2477	2497	0
2497	2477	0
2477	2497	1
2497	2477	1
2477	2497	2
2497	2477	2
2477	2479	0
2479	2477	0
2477	2479	1
2479	2477	1
2477	2479	2
2479	2477	2
2477	2490	0
2490	2477	0
2477	2490	1
2490	2477	1
2477	2490	2
2490	2477	2
2479	2481	0
2481	2479	0
2479	2481	1
2481	2479	1
2479	2481	2
2481	2479	2
2479	2480	0
2480	2479	0
2479	2480	1
2480	2479	1
2479	2480	2
2480	2479	2
2480	2497	0
2497	2480	0
2480	2497	1
2497	2480	1
2480	2497	2
2497	2480	2
2480	2490	0
2490	2480	0
2480	2490	1
2490	2480	1
2480	2490	2
2490	2480	2
2481	2484	0
2484	2481	0
2481	2484	1
2484	2481	1
2481	2484	2
2484	2481	2
2481	2483	0
2483	2481	0
2481	2483	1
2483	2481	1
2481	2483	2
2483	2481	2
2482	2496	0
2496	2482	0
2482	2496	1
2496	2482	1
2482	2496	2
2496	2482	2
2482	2491	0
2491	2482	0
2482	2491	1
2491	2482	1
2482	2491	2
2491	2482	2
2485	2496	0
2496	2485	0
2485	2496	1
2496	2485	1
2485	2496	2
2496	2485	2
2485	2490	0
2490	2485	0
2485	2490	1
2490	2485	1
2485	2490	2
2490	2485	2
2487	2494	0
2494	2487	0
2487	2494	1
2494	2487	1
2487	2494	2
2494	2487	2
2488	2494	0
2494	2488	0
2488	2494	1
2494	2488	1
2488	2494	2
2494	2488	2
2489	2491	0
2491	2489	0
2489	2491	1
2491	2489	1
2489	2491	2
2491	2489	2
2491	2494	0
2494	2491	0
2491	2494	1
2494	2491	1
2491	2494	2
2494	2491	2
2491	2492	0
2492	2491	0
2491	2492	1
2492	2491	1
2491	2492	2
2492	2491	2
2495	2499	0
2499	2495	0
2495	2499	1
2499	2495	1
2495	2499	2
2499	2495	2
2500	2539	0
2539	2500	0
2500	2539	1
2539	2500	1
2500	2539	2
2539	2500	2
2500	2540	0
2540	2500	0
2500	2540	1
2540	2500	1
2500	2540	2
2540	2500	2
2500	2542	0
2542	2500	0
2500	2542	1
2542	2500	1
2500	2542	2
2542	2500	2
2501	2535	0
2535	2501	0
2501	2535	1
2535	2501	1
2501	2535	2
2535	2501	2
2502	2541	0
2541	2502	0
2502	2541	1
2541	2502	1
2502	2541	2
2541	2502	2
2502	2528	0
2528	2502	0
2502	2528	1
2528	2502	1
2502	2528	2
2528	2502	2
2502	2507	0
2507	2502	0
2502	2507	1
2507	2502	1
2502	2507	2
2507	2502	2
2502	2527	0
2527	2502	0
2502	2527	1
2527	2502	1
2502	2527	2
2527	2502	2
2503	2533	0
2533	2503	0
2503	2533	1
2533	2503	1
2503	2533	2
2533	2503	2
2503	2520	0
2520	2503	0
2503	2520	1
2520	2503	1
2503	2520	2
2520	2503	2
2503	2513	0
2513	2503	0
2503	2513	1
2513	2503	1
2503	2513	2
2513	2503	2
2503	2528	0
2528	2503	0
2503	2528	1
2528	2503	1
2503	2528	2
2528	2503	2
2503	2507	0
2507	2503	0
2503	2507	1
2507	2503	1
2503	2507	2
2507	2503	2
2503	2527	0
2527	2503	0
2503	2527	1
2527	2503	1
2503	2527	2
2527	2503	2
2504	2532	0
2532	2504	0
2504	2532	1
2532	2504	1
2504	2532	2
2532	2504	2
2504	2509	0
2509	2504	0
2504	2509	1
2509	2504	1
2504	2509	2
2509	2504	2
2504	2511	0
2511	2504	0
2504	2511	1
2511	2504	1
2504	2511	2
2511	2504	2
2504	2517	0
2517	2504	0
2504	2517	1
2517	2504	1
2504	2517	2
2517	2504	2
2504	2518	0
2518	2504	0
2504	2518	1
2518	2504	1
2504	2518	2
2518	2504	2
2504	2508	0
2508	2504	0
2504	2508	1
2508	2504	1
2504	2508	2
2508	2504	2
2504	2536	0
2536	2504	0
2504	2536	1
2536	2504	1
2504	2536	2
2536	2504	2
2505	2532	0
2532	2505	0
2505	2532	1
2532	2505	1
2505	2532	2
2532	2505	2
2505	2511	0
2511	2505	0
2505	2511	1
2511	2505	1
2505	2511	2
2511	2505	2
2505	2518	0
2518	2505	0
2505	2518	1
2518	2505	1
2505	2518	2
2518	2505	2
2505	2536	0
2536	2505	0
2505	2536	1
2536	2505	1
2505	2536	2
2536	2505	2
2506	2541	0
2541	2506	0
2506	2541	1
2541	2506	1
2506	2541	2
2541	2506	2
2506	2527	0
2527	2506	0
2506	2527	1
2527	2506	1
2506	2527	2
2527	2506	2
2506	2531	0
2531	2506	0
2506	2531	1
2531	2506	1
2506	2531	2
2531	2506	2
2506	2533	0
2533	2506	0
2506	2533	1
2533	2506	1
2506	2533	2
2533	2506	2
2506	2513	0
2513	2506	0
2506	2513	1
2513	2506	1
2506	2513	2
2513	2506	2
2506	2514	0
2514	2506	0
2506	2514	1
2514	2506	1
2506	2514	2
2514	2506	2
2506	2515	0
2515	2506	0
2506	2515	1
2515	2506	1
2506	2515	2
2515	2506	2
2506	2519	0
2519	2506	0
2506	2519	1
2519	2506	1
2506	2519	2
2519	2506	2
2506	2520	0
2520	2506	0
2506	2520	1
2520	2506	1
2506	2520	2
2520	2506	2
2506	2526	0
2526	2506	0
2506	2526	1
2526	2506	1
2506	2526	2
2526	2506	2
2507	2527	0
2527	2507	0
2507	2527	1
2527	2507	1
2507	2527	2
2527	2507	2
2507	2510	0
2510	2507	0
2507	2510	1
2510	2507	1
2507	2510	2
2510	2507	2
2507	2521	0
2521	2507	0
2507	2521	1
2521	2507	1
2507	2521	2
2521	2507	2
2507	2522	0
2522	2507	0
2507	2522	1
2522	2507	1
2507	2522	2
2522	2507	2
2507	2519	0
2519	2507	0
2507	2519	1
2519	2507	1
2507	2519	2
2519	2507	2
2508	2529	0
2529	2508	0
2508	2529	1
2529	2508	1
2508	2529	2
2529	2508	2
2508	2512	0
2512	2508	0
2508	2512	1
2512	2508	1
2508	2512	2
2512	2508	2
2508	2516	0
2516	2508	0
2508	2516	1
2516	2508	1
2508	2516	2
2516	2508	2
2508	2517	0
2517	2508	0
2508	2517	1
2517	2508	1
2508	2517	2
2517	2508	2
2508	2523	0
2523	2508	0
2508	2523	1
2523	2508	1
2508	2523	2
2523	2508	2
2508	2524	0
2524	2508	0
2508	2524	1
2524	2508	1
2508	2524	2
2524	2508	2
2508	2518	0
2518	2508	0
2508	2518	1
2518	2508	1
2508	2518	2
2518	2508	2
2509	2530	0
2530	2509	0
2509	2530	1
2530	2509	1
2509	2530	2
2530	2509	2
2509	2517	0
2517	2509	0
2509	2517	1
2517	2509	1
2509	2517	2
2517	2509	2
2509	2523	0
2523	2509	0
2509	2523	1
2523	2509	1
2509	2523	2
2523	2509	2
2509	2524	0
2524	2509	0
2509	2524	1
2524	2509	1
2509	2524	2
2524	2509	2
2510	2528	0
2528	2510	0
2510	2528	1
2528	2510	1
2510	2528	2
2528	2510	2
2510	2527	0
2527	2510	0
2510	2527	1
2527	2510	1
2510	2527	2
2527	2510	2
2511	2530	0
2530	2511	0
2511	2530	1
2530	2511	1
2511	2530	2
2530	2511	2
2511	2517	0
2517	2511	0
2511	2517	1
2517	2511	1
2511	2517	2
2517	2511	2
2512	2529	0
2529	2512	0
2512	2529	1
2529	2512	1
2512	2529	2
2529	2512	2
2512	2523	0
2523	2512	0
2512	2523	1
2523	2512	1
2512	2523	2
2523	2512	2
2512	2524	0
2524	2512	0
2512	2524	1
2524	2512	1
2512	2524	2
2524	2512	2
2512	2525	0
2525	2512	0
2512	2525	1
2525	2512	1
2512	2525	2
2525	2512	2
2513	2531	0
2531	2513	0
2513	2531	1
2531	2513	1
2513	2531	2
2531	2513	2
2513	2538	0
2538	2513	0
2513	2538	1
2538	2513	1
2513	2538	2
2538	2513	2
2513	2541	0
2541	2513	0
2513	2541	1
2541	2513	1
2513	2541	2
2541	2513	2
2514	2538	0
2538	2514	0
2514	2538	1
2538	2514	1
2514	2538	2
2538	2514	2
2514	2541	0
2541	2514	0
2514	2541	1
2541	2514	1
2514	2541	2
2541	2514	2
2515	2538	0
2538	2515	0
2515	2538	1
2538	2515	1
2515	2538	2
2538	2515	2
2515	2541	0
2541	2515	0
2515	2541	1
2541	2515	1
2515	2541	2
2541	2515	2
2516	2523	0
2523	2516	0
2516	2523	1
2523	2516	1
2516	2523	2
2523	2516	2
2516	2524	0
2524	2516	0
2516	2524	1
2524	2516	1
2516	2524	2
2524	2516	2
2516	2536	0
2536	2516	0
2516	2536	1
2536	2516	1
2516	2536	2
2536	2516	2
2517	2523	0
2523	2517	0
2517	2523	1
2523	2517	1
2517	2523	2
2523	2517	2
2517	2524	0
2524	2517	0
2517	2524	1
2524	2517	1
2517	2524	2
2524	2517	2
2518	2530	0
2530	2518	0
2518	2530	1
2530	2518	1
2518	2530	2
2530	2518	2
2519	2531	0
2531	2519	0
2519	2531	1
2531	2519	1
2519	2531	2
2531	2519	2
2519	2533	0
2533	2519	0
2519	2533	1
2533	2519	1
2519	2533	2
2533	2519	2
2519	2528	0
2528	2519	0
2519	2528	1
2528	2519	1
2519	2528	2
2528	2519	2
2519	2527	0
2527	2519	0
2519	2527	1
2527	2519	1
2519	2527	2
2527	2519	2
2520	2538	0
2538	2520	0
2520	2538	1
2538	2520	1
2520	2538	2
2538	2520	2
2520	2541	0
2541	2520	0
2520	2541	1
2541	2520	1
2520	2541	2
2541	2520	2
2521	2533	0
2533	2521	0
2521	2533	1
2533	2521	1
2521	2533	2
2533	2521	2
2521	2538	0
2538	2521	0
2521	2538	1
2538	2521	1
2521	2538	2
2538	2521	2
2521	2528	0
2528	2521	0
2521	2528	1
2528	2521	1
2521	2528	2
2528	2521	2
2521	2527	0
2527	2521	0
2521	2527	1
2527	2521	1
2521	2527	2
2527	2521	2
2522	2526	0
2526	2522	0
2522	2526	1
2526	2522	1
2522	2526	2
2526	2522	2
2522	2528	0
2528	2522	0
2522	2528	1
2528	2522	1
2522	2528	2
2528	2522	2
2522	2527	0
2527	2522	0
2522	2527	1
2527	2522	1
2522	2527	2
2527	2522	2
2523	2529	0
2529	2523	0
2523	2529	1
2529	2523	1
2523	2529	2
2529	2523	2
2523	2525	0
2525	2523	0
2523	2525	1
2525	2523	1
2523	2525	2
2525	2523	2
2524	2529	0
2529	2524	0
2524	2529	1
2529	2524	1
2524	2529	2
2529	2524	2
2524	2525	0
2525	2524	0
2524	2525	1
2525	2524	1
2524	2525	2
2525	2524	2
2525	2529	0
2529	2525	0
2525	2529	1
2529	2525	1
2525	2529	2
2529	2525	2
2526	2538	0
2538	2526	0
2526	2538	1
2538	2526	1
2526	2538	2
2538	2526	2
2526	2541	0
2541	2526	0
2526	2541	1
2541	2526	1
2526	2541	2
2541	2526	2
2529	2536	0
2536	2529	0
2529	2536	1
2536	2529	1
2529	2536	2
2536	2529	2
2530	2532	0
2532	2530	0
2530	2532	1
2532	2530	1
2530	2532	2
2532	2530	2
2530	2536	0
2536	2530	0
2530	2536	1
2536	2530	1
2530	2536	2
2536	2530	2
2531	2538	0
2538	2531	0
2531	2538	1
2538	2531	1
2531	2538	2
2538	2531	2
2531	2541	0
2541	2531	0
2531	2541	1
2541	2531	1
2531	2541	2
2541	2531	2
2533	2538	0
2538	2533	0
2533	2538	1
2538	2533	1
2533	2538	2
2538	2533	2
2533	2541	0
2541	2533	0
2533	2541	1
2541	2533	1
2533	2541	2
2541	2533	2
2534	2539	0
2539	2534	0
2534	2539	1
2539	2534	1
2534	2539	2
2539	2534	2
2534	2540	0
2540	2534	0
2534	2540	1
2540	2534	1
2534	2540	2
2540	2534	2
2534	2542	0
2542	2534	0
2534	2542	1
2542	2534	1
2534	2542	2
2542	2534	2
2535	2537	0
2537	2535	0
2535	2537	1
2537	2535	1
2535	2537	2
2537	2535	2
2538	2541	0
2541	2538	0
2538	2541	1
2541	2538	1
2538	2541	2
2541	2538	2
2543	2563	0
2563	2543	0
2543	2563	1
2563	2543	1
2543	2563	2
2563	2543	2
2543	2545	0
2545	2543	0
2543	2545	1
2545	2543	1
2543	2545	2
2545	2543	2
2543	2582	0
2582	2543	0
2543	2582	1
2582	2543	1
2543	2582	2
2582	2543	2
2544	2564	0
2564	2544	0
2544	2564	1
2564	2544	1
2544	2564	2
2564	2544	2
2545	2563	0
2563	2545	0
2545	2563	1
2563	2545	1
2545	2563	2
2563	2545	2
2545	2582	0
2582	2545	0
2545	2582	1
2582	2545	1
2545	2582	2
2582	2545	2
2545	2566	0
2566	2545	0
2545	2566	1
2566	2545	1
2545	2566	2
2566	2545	2
2545	2575	0
2575	2545	0
2545	2575	1
2575	2545	1
2545	2575	2
2575	2545	2
2545	2577	0
2577	2545	0
2545	2577	1
2577	2545	1
2545	2577	2
2577	2545	2
2545	2581	0
2581	2545	0
2545	2581	1
2581	2545	1
2545	2581	2
2581	2545	2
2546	2564	0
2564	2546	0
2546	2564	1
2564	2546	1
2546	2564	2
2564	2546	2
2548	2560	0
2560	2548	0
2548	2560	1
2560	2548	1
2548	2560	2
2560	2548	2
2548	2565	0
2565	2548	0
2548	2565	1
2565	2548	1
2548	2565	2
2565	2548	2
2548	2569	0
2569	2548	0
2548	2569	1
2569	2548	1
2548	2569	2
2569	2548	2
2548	2551	0
2551	2548	0
2548	2551	1
2551	2548	1
2548	2551	2
2551	2548	2
2552	2570	0
2570	2552	0
2552	2570	1
2570	2552	1
2552	2570	2
2570	2552	2
2552	2571	0
2571	2552	0
2552	2571	1
2571	2552	1
2552	2571	2
2571	2552	2
2552	2558	0
2558	2552	0
2552	2558	1
2558	2552	1
2552	2558	2
2558	2552	2
2553	2566	0
2566	2553	0
2553	2566	1
2566	2553	1
2553	2566	2
2566	2553	2
2553	2572	0
2572	2553	0
2553	2572	1
2572	2553	1
2553	2572	2
2572	2553	2
2553	2575	0
2575	2553	0
2553	2575	1
2575	2553	1
2553	2575	2
2575	2553	2
2553	2577	0
2577	2553	0
2553	2577	1
2577	2553	1
2553	2577	2
2577	2553	2
2553	2581	0
2581	2553	0
2553	2581	1
2581	2553	1
2553	2581	2
2581	2553	2
2553	2559	0
2559	2553	0
2553	2559	1
2559	2553	1
2553	2559	2
2559	2553	2
2554	2557	0
2557	2554	0
2554	2557	1
2557	2554	1
2554	2557	2
2557	2554	2
2555	2587	0
2587	2555	0
2555	2587	1
2587	2555	1
2555	2587	2
2587	2555	2
2555	2556	0
2556	2555	0
2555	2556	1
2556	2555	1
2555	2556	2
2556	2555	2
2558	2564	0
2564	2558	0
2558	2564	1
2564	2558	1
2558	2564	2
2564	2558	2
2558	2581	0
2581	2558	0
2558	2581	1
2581	2558	1
2558	2581	2
2581	2558	2
2558	2580	0
2580	2558	0
2558	2580	1
2580	2558	1
2558	2580	2
2580	2558	2
2559	2564	0
2564	2559	0
2559	2564	1
2564	2559	1
2559	2564	2
2564	2559	2
2559	2572	0
2572	2559	0
2559	2572	1
2572	2559	1
2559	2572	2
2572	2559	2
2559	2585	0
2585	2559	0
2559	2585	1
2585	2559	1
2559	2585	2
2585	2559	2
2560	2565	0
2565	2560	0
2560	2565	1
2565	2560	1
2560	2565	2
2565	2560	2
2562	2582	0
2582	2562	0
2562	2582	1
2582	2562	1
2562	2582	2
2582	2562	2
2562	2564	0
2564	2562	0
2562	2564	1
2564	2562	1
2562	2564	2
2564	2562	2
2563	2582	0
2582	2563	0
2563	2582	1
2582	2563	1
2563	2582	2
2582	2563	2
2564	2570	0
2570	2564	0
2564	2570	1
2570	2564	1
2564	2570	2
2570	2564	2
2564	2571	0
2571	2564	0
2564	2571	1
2571	2564	1
2564	2571	2
2571	2564	2
2566	2572	0
2572	2566	0
2566	2572	1
2572	2566	1
2566	2572	2
2572	2566	2
2566	2585	0
2585	2566	0
2566	2585	1
2585	2566	1
2566	2585	2
2585	2566	2
2568	2589	0
2589	2568	0
2568	2589	1
2589	2568	1
2568	2589	2
2589	2568	2
2570	2585	0
2585	2570	0
2570	2585	1
2585	2570	1
2570	2585	2
2585	2570	2
2570	2580	0
2580	2570	0
2570	2580	1
2580	2570	1
2570	2580	2
2580	2570	2
2571	2580	0
2580	2571	0
2571	2580	1
2580	2571	1
2571	2580	2
2580	2571	2
2572	2575	0
2575	2572	0
2572	2575	1
2575	2572	1
2572	2575	2
2575	2572	2
2572	2577	0
2577	2572	0
2572	2577	1
2577	2572	1
2572	2577	2
2577	2572	2
2572	2581	0
2581	2572	0
2572	2581	1
2581	2572	1
2572	2581	2
2581	2572	2
2573	2576	0
2576	2573	0
2573	2576	1
2576	2573	1
2573	2576	2
2576	2573	2
2574	2588	0
2588	2574	0
2574	2588	1
2588	2574	1
2574	2588	2
2588	2574	2
2575	2585	0
2585	2575	0
2575	2585	1
2585	2575	1
2575	2585	2
2585	2575	2
2577	2585	0
2585	2577	0
2577	2585	1
2585	2577	1
2577	2585	2
2585	2577	2
2578	2592	0
2592	2578	0
2578	2592	1
2592	2578	1
2578	2592	2
2592	2578	2
2579	2586	0
2586	2579	0
2579	2586	1
2586	2579	1
2579	2586	2
2586	2579	2
2580	2585	0
2585	2580	0
2580	2585	1
2585	2580	1
2580	2585	2
2585	2580	2
2581	2585	0
2585	2581	0
2581	2585	1
2585	2581	1
2581	2585	2
2585	2581	2
2591	2593	0
2593	2591	0
2591	2593	1
2593	2591	1
2591	2593	2
2593	2591	2
2591	2595	0
2595	2591	0
2591	2595	1
2595	2591	1
2591	2595	2
2595	2591	2
2593	2595	0
2595	2593	0
2593	2595	1
2595	2593	1
2593	2595	2
2595	2593	2
2596	2628	0
2628	2596	0
2596	2628	1
2628	2596	1
2596	2628	2
2628	2596	2
2596	2629	0
2629	2596	0
2596	2629	1
2629	2596	1
2596	2629	2
2629	2596	2
2597	2626	0
2626	2597	0
2597	2626	1
2626	2597	1
2597	2626	2
2626	2597	2
2597	2604	0
2604	2597	0
2597	2604	1
2604	2597	1
2597	2604	2
2604	2597	2
2597	2628	0
2628	2597	0
2597	2628	1
2628	2597	1
2597	2628	2
2628	2597	2
2598	2610	0
2610	2598	0
2598	2610	1
2610	2598	1
2598	2610	2
2610	2598	2
2598	2627	0
2627	2598	0
2598	2627	1
2627	2598	1
2598	2627	2
2627	2598	2
2598	2608	0
2608	2598	0
2598	2608	1
2608	2598	1
2598	2608	2
2608	2598	2
2598	2605	0
2605	2598	0
2598	2605	1
2605	2598	1
2598	2605	2
2605	2598	2
2599	2610	0
2610	2599	0
2599	2610	1
2610	2599	1
2599	2610	2
2610	2599	2
2599	2627	0
2627	2599	0
2599	2627	1
2627	2599	1
2599	2627	2
2627	2599	2
2599	2608	0
2608	2599	0
2599	2608	1
2608	2599	1
2599	2608	2
2608	2599	2
2599	2617	0
2617	2599	0
2599	2617	1
2617	2599	1
2599	2617	2
2617	2599	2
2599	2621	0
2621	2599	0
2599	2621	1
2621	2599	1
2599	2621	2
2621	2599	2
2600	2602	0
2602	2600	0
2600	2602	1
2602	2600	1
2600	2602	2
2602	2600	2
2600	2626	0
2626	2600	0
2600	2626	1
2626	2600	1
2600	2626	2
2626	2600	2
2600	2604	0
2604	2600	0
2600	2604	1
2604	2600	1
2600	2604	2
2604	2600	2
2600	2620	0
2620	2600	0
2600	2620	1
2620	2600	1
2600	2620	2
2620	2600	2
2600	2610	0
2610	2600	0
2600	2610	1
2610	2600	1
2600	2610	2
2610	2600	2
2601	2610	0
2610	2601	0
2601	2610	1
2610	2601	1
2601	2610	2
2610	2601	2
2601	2611	0
2611	2601	0
2601	2611	1
2611	2601	1
2601	2611	2
2611	2601	2
2601	2626	0
2626	2601	0
2601	2626	1
2626	2601	1
2601	2626	2
2626	2601	2
2601	2604	0
2604	2601	0
2601	2604	1
2604	2601	1
2601	2604	2
2604	2601	2
2601	2620	0
2620	2601	0
2601	2620	1
2620	2601	1
2601	2620	2
2620	2601	2
2602	2603	0
2603	2602	0
2602	2603	1
2603	2602	1
2602	2603	2
2603	2602	2
2602	2622	0
2622	2602	0
2602	2622	1
2622	2602	1
2602	2622	2
2622	2602	2
2602	2609	0
2609	2602	0
2602	2609	1
2609	2602	1
2602	2609	2
2609	2602	2
2602	2627	0
2627	2602	0
2602	2627	1
2627	2602	1
2602	2627	2
2627	2602	2
2603	2629	0
2629	2603	0
2603	2629	1
2629	2603	1
2603	2629	2
2629	2603	2
2603	2622	0
2622	2603	0
2603	2622	1
2622	2603	1
2603	2622	2
2622	2603	2
2603	2606	0
2606	2603	0
2603	2606	1
2606	2603	1
2603	2606	2
2606	2603	2
2604	2614	0
2614	2604	0
2604	2614	1
2614	2604	1
2604	2614	2
2614	2604	2
2604	2612	0
2612	2604	0
2604	2612	1
2612	2604	1
2604	2612	2
2612	2604	2
2605	2624	0
2624	2605	0
2605	2624	1
2624	2605	1
2605	2624	2
2624	2605	2
2605	2607	0
2607	2605	0
2605	2607	1
2607	2605	1
2605	2607	2
2607	2605	2
2605	2613	0
2613	2605	0
2605	2613	1
2613	2605	1
2605	2613	2
2613	2605	2
2605	2609	0
2609	2605	0
2605	2609	1
2609	2605	1
2605	2609	2
2609	2605	2
2606	2622	0
2622	2606	0
2606	2622	1
2622	2606	1
2606	2622	2
2622	2606	2
2606	2611	0
2611	2606	0
2606	2611	1
2611	2606	1
2606	2611	2
2611	2606	2
2606	2609	0
2609	2606	0
2606	2609	1
2609	2606	1
2606	2609	2
2609	2606	2
2607	2613	0
2613	2607	0
2607	2613	1
2613	2607	1
2607	2613	2
2613	2607	2
2607	2621	0
2621	2607	0
2607	2621	1
2621	2607	1
2607	2621	2
2621	2607	2
2608	2623	0
2623	2608	0
2608	2623	1
2623	2608	1
2608	2623	2
2623	2608	2
2608	2617	0
2617	2608	0
2608	2617	1
2617	2608	1
2608	2617	2
2617	2608	2
2609	2611	0
2611	2609	0
2609	2611	1
2611	2609	1
2609	2611	2
2611	2609	2
2609	2621	0
2621	2609	0
2609	2621	1
2621	2609	1
2609	2621	2
2621	2609	2
2610	2627	0
2627	2610	0
2610	2627	1
2627	2610	1
2610	2627	2
2627	2610	2
2610	2612	0
2612	2610	0
2610	2612	1
2612	2610	1
2610	2612	2
2612	2610	2
2611	2612	0
2612	2611	0
2611	2612	1
2612	2611	1
2611	2612	2
2612	2611	2
2612	2626	0
2626	2612	0
2612	2626	1
2626	2612	1
2612	2626	2
2626	2612	2
2612	2620	0
2620	2612	0
2612	2620	1
2620	2612	1
2612	2620	2
2620	2612	2
2613	2624	0
2624	2613	0
2613	2624	1
2624	2613	1
2613	2624	2
2624	2613	2
2613	2621	0
2621	2613	0
2613	2621	1
2621	2613	1
2613	2621	2
2621	2613	2
2614	2626	0
2626	2614	0
2614	2626	1
2626	2614	1
2614	2626	2
2626	2614	2
2614	2628	0
2628	2614	0
2614	2628	1
2628	2614	1
2614	2628	2
2628	2614	2
2615	2630	0
2630	2615	0
2615	2630	1
2630	2615	1
2615	2630	2
2630	2615	2
2617	2623	0
2623	2617	0
2617	2623	1
2623	2617	1
2617	2623	2
2623	2617	2
2617	2621	0
2621	2617	0
2617	2621	1
2621	2617	1
2617	2621	2
2621	2617	2
2618	2628	0
2628	2618	0
2618	2628	1
2628	2618	1
2618	2628	2
2628	2618	2
2618	2629	0
2629	2618	0
2618	2629	1
2629	2618	1
2618	2629	2
2629	2618	2
2619	2629	0
2629	2619	0
2619	2629	1
2629	2619	1
2619	2629	2
2629	2619	2
2620	2629	0
2629	2620	0
2620	2629	1
2629	2620	1
2620	2629	2
2629	2620	2
2621	2624	0
2624	2621	0
2621	2624	1
2624	2621	1
2621	2624	2
2624	2621	2
2622	2629	0
2629	2622	0
2622	2629	1
2629	2622	1
2622	2629	2
2629	2622	2
2631	2636	0
2636	2631	0
2631	2636	1
2636	2631	1
2631	2636	2
2636	2631	2
2632	2639	0
2639	2632	0
2632	2639	1
2639	2632	1
2632	2639	2
2639	2632	2
2633	2642	0
2642	2633	0
2633	2642	1
2642	2633	1
2633	2642	2
2642	2633	2
2634	2635	0
2635	2634	0
2634	2635	1
2635	2634	1
2634	2635	2
2635	2634	2
2643	2705	0
2705	2643	0
2643	2705	1
2705	2643	1
2643	2705	2
2705	2643	2
2644	2736	0
2736	2644	0
2644	2736	1
2736	2644	1
2644	2736	2
2736	2644	2
2644	2651	0
2651	2644	0
2644	2651	1
2651	2644	1
2644	2651	2
2651	2644	2
2645	2712	0
2712	2645	0
2645	2712	1
2712	2645	1
2645	2712	2
2712	2645	2
2645	2682	0
2682	2645	0
2645	2682	1
2682	2645	1
2645	2682	2
2682	2645	2
2645	2733	0
2733	2645	0
2645	2733	1
2733	2645	1
2645	2733	2
2733	2645	2
2645	2665	0
2665	2645	0
2645	2665	1
2665	2645	1
2645	2665	2
2665	2645	2
2645	2731	0
2731	2645	0
2645	2731	1
2731	2645	1
2645	2731	2
2731	2645	2
2646	2704	0
2704	2646	0
2646	2704	1
2704	2646	1
2646	2704	2
2704	2646	2
2646	2666	0
2666	2646	0
2646	2666	1
2666	2646	1
2646	2666	2
2666	2646	2
2646	2730	0
2730	2646	0
2646	2730	1
2730	2646	1
2646	2730	2
2730	2646	2
2647	2701	0
2701	2647	0
2647	2701	1
2701	2647	1
2647	2701	2
2701	2647	2
2647	2713	0
2713	2647	0
2647	2713	1
2713	2647	1
2647	2713	2
2713	2647	2
2649	2723	0
2723	2649	0
2649	2723	1
2723	2649	1
2649	2723	2
2723	2649	2
2649	2699	0
2699	2649	0
2649	2699	1
2699	2649	1
2649	2699	2
2699	2649	2
2650	2722	0
2722	2650	0
2650	2722	1
2722	2650	1
2650	2722	2
2722	2650	2
2650	2687	0
2687	2650	0
2650	2687	1
2687	2650	1
2650	2687	2
2687	2650	2
2650	2672	0
2672	2650	0
2650	2672	1
2672	2650	1
2650	2672	2
2672	2650	2
2650	2714	0
2714	2650	0
2650	2714	1
2714	2650	1
2650	2714	2
2714	2650	2
2650	2715	0
2715	2650	0
2650	2715	1
2715	2650	1
2650	2715	2
2715	2650	2
2651	2716	0
2716	2651	0
2651	2716	1
2716	2651	1
2651	2716	2
2716	2651	2
2651	2735	0
2735	2651	0
2651	2735	1
2735	2651	1
2651	2735	2
2735	2651	2
2652	2705	0
2705	2652	0
2652	2705	1
2705	2652	1
2652	2705	2
2705	2652	2
2652	2717	0
2717	2652	0
2652	2717	1
2717	2652	1
2652	2717	2
2717	2652	2
2652	2735	0
2735	2652	0
2652	2735	1
2735	2652	1
2652	2735	2
2735	2652	2
2653	2720	0
2720	2653	0
2653	2720	1
2720	2653	1
2653	2720	2
2720	2653	2
2654	2720	0
2720	2654	0
2654	2720	1
2720	2654	1
2654	2720	2
2720	2654	2
2654	2669	0
2669	2654	0
2654	2669	1
2669	2654	1
2654	2669	2
2669	2654	2
2655	2705	0
2705	2655	0
2655	2705	1
2705	2655	1
2655	2705	2
2705	2655	2
2656	2705	0
2705	2656	0
2656	2705	1
2705	2656	1
2656	2705	2
2705	2656	2
2657	2672	0
2672	2657	0
2657	2672	1
2672	2657	1
2657	2672	2
2672	2657	2
2657	2723	0
2723	2657	0
2657	2723	1
2723	2657	1
2657	2723	2
2723	2657	2
2657	2699	0
2699	2657	0
2657	2699	1
2699	2657	1
2657	2699	2
2699	2657	2
2658	2734	0
2734	2658	0
2658	2734	1
2734	2658	1
2658	2734	2
2734	2658	2
2658	2723	0
2723	2658	0
2658	2723	1
2723	2658	1
2658	2723	2
2723	2658	2
2658	2699	0
2699	2658	0
2658	2699	1
2699	2658	1
2658	2699	2
2699	2658	2
2659	2724	0
2724	2659	0
2659	2724	1
2724	2659	1
2659	2724	2
2724	2659	2
2660	2708	0
2708	2660	0
2660	2708	1
2708	2660	1
2660	2708	2
2708	2660	2
2660	2678	0
2678	2660	0
2660	2678	1
2678	2660	1
2660	2678	2
2678	2660	2
2660	2725	0
2725	2660	0
2660	2725	1
2725	2660	1
2660	2725	2
2725	2660	2
2660	2667	0
2667	2660	0
2660	2667	1
2667	2660	1
2660	2667	2
2667	2660	2
2661	2737	0
2737	2661	0
2661	2737	1
2737	2661	1
2661	2737	2
2737	2661	2
2661	2719	0
2719	2661	0
2661	2719	1
2719	2661	1
2661	2719	2
2719	2661	2
2662	2671	0
2671	2662	0
2662	2671	1
2671	2662	1
2662	2671	2
2671	2662	2
2662	2681	0
2681	2662	0
2662	2681	1
2681	2662	1
2662	2681	2
2681	2662	2
2662	2709	0
2709	2662	0
2662	2709	1
2709	2662	1
2662	2709	2
2709	2662	2
2663	2701	0
2701	2663	0
2663	2701	1
2701	2663	1
2663	2701	2
2701	2663	2
2663	2713	0
2713	2663	0
2663	2713	1
2713	2663	1
2663	2713	2
2713	2663	2
2664	2709	0
2709	2664	0
2664	2709	1
2709	2664	1
2664	2709	2
2709	2664	2
2665	2731	0
2731	2665	0
2665	2731	1
2731	2665	1
2665	2731	2
2731	2665	2
2665	2717	0
2717	2665	0
2665	2717	1
2717	2665	1
2665	2717	2
2717	2665	2
2665	2735	0
2735	2665	0
2665	2735	1
2735	2665	1
2665	2735	2
2735	2665	2
2666	2698	0
2698	2666	0
2666	2698	1
2698	2666	1
2666	2698	2
2698	2666	2
2666	2717	0
2717	2666	0
2666	2717	1
2717	2666	1
2666	2717	2
2717	2666	2
2666	2704	0
2704	2666	0
2666	2704	1
2704	2666	1
2666	2704	2
2704	2666	2
2667	2678	0
2678	2667	0
2667	2678	1
2678	2667	1
2667	2678	2
2678	2667	2
2667	2683	0
2683	2667	0
2667	2683	1
2683	2667	1
2667	2683	2
2683	2667	2
2667	2684	0
2684	2667	0
2667	2684	1
2684	2667	1
2667	2684	2
2684	2667	2
2668	2724	0
2724	2668	0
2668	2724	1
2724	2668	1
2668	2724	2
2724	2668	2
2669	2721	0
2721	2669	0
2669	2721	1
2721	2669	1
2669	2721	2
2721	2669	2
2669	2707	0
2707	2669	0
2669	2707	1
2707	2669	1
2669	2707	2
2707	2669	2
2669	2696	0
2696	2669	0
2669	2696	1
2696	2669	1
2669	2696	2
2696	2669	2
2669	2729	0
2729	2669	0
2669	2729	1
2729	2669	1
2669	2729	2
2729	2669	2
2670	2725	0
2725	2670	0
2670	2725	1
2725	2670	1
2670	2725	2
2725	2670	2
2670	2724	0
2724	2670	0
2670	2724	1
2724	2670	1
2670	2724	2
2724	2670	2
2671	2709	0
2709	2671	0
2671	2709	1
2709	2671	1
2671	2709	2
2709	2671	2
2672	2722	0
2722	2672	0
2672	2722	1
2722	2672	1
2672	2722	2
2722	2672	2
2672	2734	0
2734	2672	0
2672	2734	1
2734	2672	1
2672	2734	2
2734	2672	2
2676	2724	0
2724	2676	0
2676	2724	1
2724	2676	1
2676	2724	2
2724	2676	2
2676	2728	0
2728	2676	0
2676	2728	1
2728	2676	1
2676	2728	2
2728	2676	2
2677	2724	0
2724	2677	0
2677	2724	1
2724	2677	1
2677	2724	2
2724	2677	2
2678	2725	0
2725	2678	0
2678	2725	1
2725	2678	1
2678	2725	2
2725	2678	2
2679	2700	0
2700	2679	0
2679	2700	1
2700	2679	1
2679	2700	2
2700	2679	2
2679	2701	0
2701	2679	0
2679	2701	1
2701	2679	1
2679	2701	2
2701	2679	2
2679	2713	0
2713	2679	0
2679	2713	1
2713	2679	1
2679	2713	2
2713	2679	2
2680	2705	0
2705	2680	0
2680	2705	1
2705	2680	1
2680	2705	2
2705	2680	2
2681	2710	0
2710	2681	0
2681	2710	1
2710	2681	1
2681	2710	2
2710	2681	2
2681	2709	0
2709	2681	0
2681	2709	1
2709	2681	1
2681	2709	2
2709	2681	2
2682	2712	0
2712	2682	0
2682	2712	1
2712	2682	1
2682	2712	2
2712	2682	2
2683	2725	0
2725	2683	0
2683	2725	1
2725	2683	1
2683	2725	2
2725	2683	2
2684	2725	0
2725	2684	0
2684	2725	1
2725	2684	1
2684	2725	2
2725	2684	2
2685	2694	0
2694	2685	0
2685	2694	1
2694	2685	1
2685	2694	2
2694	2685	2
2685	2739	0
2739	2685	0
2685	2739	1
2739	2685	1
2685	2739	2
2739	2685	2
2687	2722	0
2722	2687	0
2687	2722	1
2722	2687	1
2687	2722	2
2722	2687	2
2687	2723	0
2723	2687	0
2687	2723	1
2723	2687	1
2687	2723	2
2723	2687	2
2687	2699	0
2699	2687	0
2687	2699	1
2699	2687	1
2687	2699	2
2699	2687	2
2690	2692	0
2692	2690	0
2690	2692	1
2692	2690	1
2690	2692	2
2692	2690	2
2690	2693	0
2693	2690	0
2690	2693	1
2693	2690	1
2690	2693	2
2693	2690	2
2691	2701	0
2701	2691	0
2691	2701	1
2701	2691	1
2691	2701	2
2701	2691	2
2691	2713	0
2713	2691	0
2691	2713	1
2713	2691	1
2691	2713	2
2713	2691	2
2692	2732	0
2732	2692	0
2692	2732	1
2732	2692	1
2692	2732	2
2732	2692	2
2692	2711	0
2711	2692	0
2692	2711	1
2711	2692	1
2692	2711	2
2711	2692	2
2693	2732	0
2732	2693	0
2693	2732	1
2732	2693	1
2693	2732	2
2732	2693	2
2693	2711	0
2711	2693	0
2693	2711	1
2711	2693	1
2693	2711	2
2711	2693	2
2694	2702	0
2702	2694	0
2694	2702	1
2702	2694	1
2694	2702	2
2702	2694	2
2694	2703	0
2703	2694	0
2694	2703	1
2703	2694	1
2694	2703	2
2703	2694	2
2694	2739	0
2739	2694	0
2694	2739	1
2739	2694	1
2694	2739	2
2739	2694	2
2696	2720	0
2720	2696	0
2696	2720	1
2720	2696	1
2696	2720	2
2720	2696	2
2696	2729	0
2729	2696	0
2696	2729	1
2729	2696	1
2696	2729	2
2729	2696	2
2697	2732	0
2732	2697	0
2697	2732	1
2732	2697	1
2697	2732	2
2732	2697	2
2697	2711	0
2711	2697	0
2697	2711	1
2711	2697	1
2697	2711	2
2711	2697	2
2698	2730	0
2730	2698	0
2698	2730	1
2730	2698	1
2698	2730	2
2730	2698	2
2698	2731	0
2731	2698	0
2698	2731	1
2731	2698	1
2698	2731	2
2731	2698	2
2698	2716	0
2716	2698	0
2698	2716	1
2716	2698	1
2698	2716	2
2716	2698	2
2698	2726	0
2726	2698	0
2698	2726	1
2726	2698	1
2698	2726	2
2726	2698	2
2699	2723	0
2723	2699	0
2699	2723	1
2723	2699	1
2699	2723	2
2723	2699	2
2699	2706	0
2706	2699	0
2699	2706	1
2706	2699	1
2699	2706	2
2706	2699	2
2702	2739	0
2739	2702	0
2702	2739	1
2739	2702	1
2702	2739	2
2739	2702	2
2703	2739	0
2739	2703	0
2703	2739	1
2739	2703	1
2703	2739	2
2739	2703	2
2704	2730	0
2730	2704	0
2704	2730	1
2730	2704	1
2704	2730	2
2730	2704	2
2705	2726	0
2726	2705	0
2705	2726	1
2726	2705	1
2705	2726	2
2726	2705	2
2706	2723	0
2723	2706	0
2706	2723	1
2723	2706	1
2706	2723	2
2723	2706	2
2706	2720	0
2720	2706	0
2706	2720	1
2720	2706	1
2706	2720	2
2720	2706	2
2707	2721	0
2721	2707	0
2707	2721	1
2721	2707	1
2707	2721	2
2721	2707	2
2707	2714	0
2714	2707	0
2707	2714	1
2714	2707	1
2707	2714	2
2714	2707	2
2707	2715	0
2715	2707	0
2707	2715	1
2715	2707	1
2707	2715	2
2715	2707	2
2708	2724	0
2724	2708	0
2708	2724	1
2724	2708	1
2708	2724	2
2724	2708	2
2709	2738	0
2738	2709	0
2709	2738	1
2738	2709	1
2709	2738	2
2738	2709	2
2709	2718	0
2718	2709	0
2709	2718	1
2718	2709	1
2709	2718	2
2718	2709	2
2710	2737	0
2737	2710	0
2710	2737	1
2737	2710	1
2710	2737	2
2737	2710	2
2710	2719	0
2719	2710	0
2710	2719	1
2719	2710	1
2710	2719	2
2719	2710	2
2714	2722	0
2722	2714	0
2714	2722	1
2722	2714	1
2714	2722	2
2722	2714	2
2714	2734	0
2734	2714	0
2714	2734	1
2734	2714	1
2714	2734	2
2734	2714	2
2715	2723	0
2723	2715	0
2715	2723	1
2723	2715	1
2715	2723	2
2723	2715	2
2715	2722	0
2722	2715	0
2715	2722	1
2722	2715	1
2715	2722	2
2722	2715	2
2715	2734	0
2734	2715	0
2715	2734	1
2734	2715	1
2715	2734	2
2734	2715	2
2716	2736	0
2736	2716	0
2716	2736	1
2736	2716	1
2716	2736	2
2736	2716	2
2716	2731	0
2731	2716	0
2716	2731	1
2731	2716	1
2716	2731	2
2731	2716	2
2717	2735	0
2735	2717	0
2717	2735	1
2735	2717	1
2717	2735	2
2735	2717	2
2717	2730	0
2730	2717	0
2717	2730	1
2730	2717	1
2717	2730	2
2730	2717	2
2717	2726	0
2726	2717	0
2717	2726	1
2726	2717	1
2717	2726	2
2726	2717	2
2719	2738	0
2738	2719	0
2719	2738	1
2738	2719	1
2719	2738	2
2738	2719	2
2721	2729	0
2729	2721	0
2721	2729	1
2729	2721	1
2721	2729	2
2729	2721	2
2724	2728	0
2728	2724	0
2724	2728	1
2728	2724	1
2724	2728	2
2728	2724	2
2726	2736	0
2736	2726	0
2726	2736	1
2736	2726	1
2726	2736	2
2736	2726	2
2727	2732	0
2732	2727	0
2727	2732	1
2732	2727	1
2727	2732	2
2732	2727	2
2740	2747	0
2747	2740	0
2740	2747	1
2747	2740	1
2740	2747	2
2747	2740	2
2740	2742	0
2742	2740	0
2740	2742	1
2742	2740	1
2740	2742	2
2742	2740	2
2741	2748	0
2748	2741	0
2741	2748	1
2748	2741	1
2741	2748	2
2748	2741	2
2742	2747	0
2747	2742	0
2742	2747	1
2747	2742	1
2742	2747	2
2747	2742	2
2743	2748	0
2748	2743	0
2743	2748	1
2748	2743	1
2743	2748	2
2748	2743	2
2744	2748	0
2748	2744	0
2744	2748	1
2748	2744	1
2744	2748	2
2748	2744	2
2751	2752	0
2752	2751	0
2751	2752	1
2752	2751	1
2751	2752	2
2752	2751	2
2755	2763	0
2763	2755	0
2755	2763	1
2763	2755	1
2755	2763	2
2763	2755	2
2755	2764	0
2764	2755	0
2755	2764	1
2764	2755	1
2755	2764	2
2764	2755	2
2755	2782	0
2782	2755	0
2755	2782	1
2782	2755	1
2755	2782	2
2782	2755	2
2755	2808	0
2808	2755	0
2755	2808	1
2808	2755	1
2755	2808	2
2808	2755	2
2756	2770	0
2770	2756	0
2756	2770	1
2770	2756	1
2756	2770	2
2770	2756	2
2757	2781	0
2781	2757	0
2757	2781	1
2781	2757	1
2757	2781	2
2781	2757	2
2757	2766	0
2766	2757	0
2757	2766	1
2766	2757	1
2757	2766	2
2766	2757	2
2757	2811	0
2811	2757	0
2757	2811	1
2811	2757	1
2757	2811	2
2811	2757	2
2758	2773	0
2773	2758	0
2758	2773	1
2773	2758	1
2758	2773	2
2773	2758	2
2758	2783	0
2783	2758	0
2758	2783	1
2783	2758	1
2758	2783	2
2783	2758	2
2758	2772	0
2772	2758	0
2758	2772	1
2772	2758	1
2758	2772	2
2772	2758	2
2758	2771	0
2771	2758	0
2758	2771	1
2771	2758	1
2758	2771	2
2771	2758	2
2758	2805	0
2805	2758	0
2758	2805	1
2805	2758	1
2758	2805	2
2805	2758	2
2758	2780	0
2780	2758	0
2758	2780	1
2780	2758	1
2758	2780	2
2780	2758	2
2759	2797	0
2797	2759	0
2759	2797	1
2797	2759	1
2759	2797	2
2797	2759	2
2759	2788	0
2788	2759	0
2759	2788	1
2788	2759	1
2759	2788	2
2788	2759	2
2759	2762	0
2762	2759	0
2759	2762	1
2762	2759	1
2759	2762	2
2762	2759	2
2759	2778	0
2778	2759	0
2759	2778	1
2778	2759	1
2759	2778	2
2778	2759	2
2760	2796	0
2796	2760	0
2760	2796	1
2796	2760	1
2760	2796	2
2796	2760	2
2760	2784	0
2784	2760	0
2760	2784	1
2784	2760	1
2760	2784	2
2784	2760	2
2761	2784	0
2784	2761	0
2761	2784	1
2784	2761	1
2761	2784	2
2784	2761	2
2761	2778	0
2778	2761	0
2761	2778	1
2778	2761	1
2761	2778	2
2778	2761	2
2762	2788	0
2788	2762	0
2762	2788	1
2788	2762	1
2762	2788	2
2788	2762	2
2762	2765	0
2765	2762	0
2762	2765	1
2765	2762	1
2762	2765	2
2765	2762	2
2763	2792	0
2792	2763	0
2763	2792	1
2792	2763	1
2763	2792	2
2792	2763	2
2763	2799	0
2799	2763	0
2763	2799	1
2799	2763	1
2763	2799	2
2799	2763	2
2763	2777	0
2777	2763	0
2763	2777	1
2777	2763	1
2763	2777	2
2777	2763	2
2764	2777	0
2777	2764	0
2764	2777	1
2777	2764	1
2764	2777	2
2777	2764	2
2764	2792	0
2792	2764	0
2764	2792	1
2792	2764	1
2764	2792	2
2792	2764	2
2765	2797	0
2797	2765	0
2765	2797	1
2797	2765	1
2765	2797	2
2797	2765	2
2765	2788	0
2788	2765	0
2765	2788	1
2788	2765	1
2765	2788	2
2788	2765	2
2765	2778	0
2778	2765	0
2765	2778	1
2778	2765	1
2765	2778	2
2778	2765	2
2766	2772	0
2772	2766	0
2766	2772	1
2772	2766	1
2766	2772	2
2772	2766	2
2766	2802	0
2802	2766	0
2766	2802	1
2802	2766	1
2766	2802	2
2802	2766	2
2766	2774	0
2774	2766	0
2766	2774	1
2774	2766	1
2766	2774	2
2774	2766	2
2766	2783	0
2783	2766	0
2766	2783	1
2783	2766	1
2766	2783	2
2783	2766	2
2767	2784	0
2784	2767	0
2767	2784	1
2784	2767	1
2767	2784	2
2784	2767	2
2768	2793	0
2793	2768	0
2768	2793	1
2793	2768	1
2768	2793	2
2793	2768	2
2768	2798	0
2798	2768	0
2768	2798	1
2798	2768	1
2768	2798	2
2798	2768	2
2769	2775	0
2775	2769	0
2769	2775	1
2775	2769	1
2769	2775	2
2775	2769	2
2770	2800	0
2800	2770	0
2770	2800	1
2800	2770	1
2770	2800	2
2800	2770	2
2770	2791	0
2791	2770	0
2770	2791	1
2791	2770	1
2770	2791	2
2791	2770	2
2770	2799	0
2799	2770	0
2770	2799	1
2799	2770	1
2770	2799	2
2799	2770	2
2771	2805	0
2805	2771	0
2771	2805	1
2805	2771	1
2771	2805	2
2805	2771	2
2771	2794	0
2794	2771	0
2771	2794	1
2794	2771	1
2771	2794	2
2794	2771	2
2772	2811	0
2811	2772	0
2772	2811	1
2811	2772	1
2772	2811	2
2811	2772	2
2772	2781	0
2781	2772	0
2772	2781	1
2781	2772	1
2772	2781	2
2781	2772	2
2773	2794	0
2794	2773	0
2773	2794	1
2794	2773	1
2773	2794	2
2794	2773	2
2773	2777	0
2777	2773	0
2773	2777	1
2777	2773	1
2773	2777	2
2777	2773	2
2774	2791	0
2791	2774	0
2774	2791	1
2791	2774	1
2774	2791	2
2791	2774	2
2774	2783	0
2783	2774	0
2774	2783	1
2783	2774	1
2774	2783	2
2783	2774	2
2774	2781	0
2781	2774	0
2774	2781	1
2781	2774	1
2774	2781	2
2781	2774	2
2775	2779	0
2779	2775	0
2775	2779	1
2779	2775	1
2775	2779	2
2779	2775	2
2776	2787	0
2787	2776	0
2776	2787	1
2787	2776	1
2776	2787	2
2787	2776	2
2776	2793	0
2793	2776	0
2776	2793	1
2793	2776	1
2776	2793	2
2793	2776	2
2776	2798	0
2798	2776	0
2776	2798	1
2798	2776	1
2776	2798	2
2798	2776	2
2777	2780	0
2780	2777	0
2777	2780	1
2780	2777	1
2777	2780	2
2780	2777	2
2777	2799	0
2799	2777	0
2777	2799	1
2799	2777	1
2777	2799	2
2799	2777	2
2777	2782	0
2782	2777	0
2777	2782	1
2782	2777	1
2777	2782	2
2782	2777	2
2780	2794	0
2794	2780	0
2780	2794	1
2794	2780	1
2780	2794	2
2794	2780	2
2780	2781	0
2781	2780	0
2780	2781	1
2781	2780	1
2780	2781	2
2781	2780	2
2781	2802	0
2802	2781	0
2781	2802	1
2802	2781	1
2781	2802	2
2802	2781	2
2782	2792	0
2792	2782	0
2782	2792	1
2792	2782	1
2782	2792	2
2792	2782	2
2783	2794	0
2794	2783	0
2783	2794	1
2794	2783	1
2783	2794	2
2794	2783	2
2783	2802	0
2802	2783	0
2783	2802	1
2802	2783	1
2783	2802	2
2802	2783	2
2785	2801	0
2801	2785	0
2785	2801	1
2801	2785	1
2785	2801	2
2801	2785	2
2786	2810	0
2810	2786	0
2786	2810	1
2810	2786	1
2786	2810	2
2810	2786	2
2786	2806	0
2806	2786	0
2786	2806	1
2806	2786	1
2786	2806	2
2806	2786	2
2787	2793	0
2793	2787	0
2787	2793	1
2793	2787	1
2787	2793	2
2793	2787	2
2787	2798	0
2798	2787	0
2787	2798	1
2798	2787	1
2787	2798	2
2798	2787	2
2789	2812	0
2812	2789	0
2789	2812	1
2812	2789	1
2789	2812	2
2812	2789	2
2790	2809	0
2809	2790	0
2790	2809	1
2809	2790	1
2790	2809	2
2809	2790	2
2790	2795	0
2795	2790	0
2790	2795	1
2795	2790	1
2790	2795	2
2795	2790	2
2791	2802	0
2802	2791	0
2791	2802	1
2802	2791	1
2791	2802	2
2802	2791	2
2792	2808	0
2808	2792	0
2792	2808	1
2808	2792	1
2792	2808	2
2808	2792	2
2794	2805	0
2805	2794	0
2794	2805	1
2805	2794	1
2794	2805	2
2805	2794	2
2795	2812	0
2812	2795	0
2795	2812	1
2812	2795	1
2795	2812	2
2812	2795	2
2800	2808	0
2808	2800	0
2800	2808	1
2808	2800	1
2800	2808	2
2808	2800	2
2804	2807	0
2807	2804	0
2804	2807	1
2807	2804	1
2804	2807	2
2807	2804	2
2815	2820	0
2820	2815	0
2815	2820	1
2820	2815	1
2815	2820	2
2820	2815	2
2815	2857	0
2857	2815	0
2815	2857	1
2857	2815	1
2815	2857	2
2857	2815	2
2816	2820	0
2820	2816	0
2816	2820	1
2820	2816	1
2816	2820	2
2820	2816	2
2816	2857	0
2857	2816	0
2816	2857	1
2857	2816	1
2816	2857	2
2857	2816	2
2817	2856	0
2856	2817	0
2817	2856	1
2856	2817	1
2817	2856	2
2856	2817	2
2817	2827	0
2827	2817	0
2817	2827	1
2827	2817	1
2817	2827	2
2827	2817	2
2818	2849	0
2849	2818	0
2818	2849	1
2849	2818	1
2818	2849	2
2849	2818	2
2818	2821	0
2821	2818	0
2818	2821	1
2821	2818	1
2818	2821	2
2821	2818	2
2818	2828	0
2828	2818	0
2818	2828	1
2828	2818	1
2818	2828	2
2828	2818	2
2818	2835	0
2835	2818	0
2818	2835	1
2835	2818	1
2818	2835	2
2835	2818	2
2818	2836	0
2836	2818	0
2818	2836	1
2836	2818	1
2818	2836	2
2836	2818	2
2818	2837	0
2837	2818	0
2818	2837	1
2837	2818	1
2818	2837	2
2837	2818	2
2819	2857	0
2857	2819	0
2819	2857	1
2857	2819	1
2819	2857	2
2857	2819	2
2820	2857	0
2857	2820	0
2820	2857	1
2857	2820	1
2820	2857	2
2857	2820	2
2821	2827	0
2827	2821	0
2821	2827	1
2827	2821	1
2821	2827	2
2827	2821	2
2821	2856	0
2856	2821	0
2821	2856	1
2856	2821	1
2821	2856	2
2856	2821	2
2825	2848	0
2848	2825	0
2825	2848	1
2848	2825	1
2825	2848	2
2848	2825	2
2825	2844	0
2844	2825	0
2825	2844	1
2844	2825	1
2825	2844	2
2844	2825	2
2826	2860	0
2860	2826	0
2826	2860	1
2860	2826	1
2826	2860	2
2860	2826	2
2826	2844	0
2844	2826	0
2826	2844	1
2844	2826	1
2826	2844	2
2844	2826	2
2826	2848	0
2848	2826	0
2826	2848	1
2848	2826	1
2826	2848	2
2848	2826	2
2827	2830	0
2830	2827	0
2827	2830	1
2830	2827	1
2827	2830	2
2830	2827	2
2827	2838	0
2838	2827	0
2827	2838	1
2838	2827	1
2827	2838	2
2838	2827	2
2827	2840	0
2840	2827	0
2827	2840	1
2840	2827	1
2827	2840	2
2840	2827	2
2828	2829	0
2829	2828	0
2828	2829	1
2829	2828	1
2828	2829	2
2829	2828	2
2828	2847	0
2847	2828	0
2828	2847	1
2847	2828	1
2828	2847	2
2847	2828	2
2828	2831	0
2831	2828	0
2828	2831	1
2831	2828	1
2828	2831	2
2831	2828	2
2828	2832	0
2832	2828	0
2828	2832	1
2832	2828	1
2828	2832	2
2832	2828	2
2828	2842	0
2842	2828	0
2828	2842	1
2842	2828	1
2828	2842	2
2842	2828	2
2829	2849	0
2849	2829	0
2829	2849	1
2849	2829	1
2829	2849	2
2849	2829	2
2829	2835	0
2835	2829	0
2829	2835	1
2835	2829	1
2829	2835	2
2835	2829	2
2829	2836	0
2836	2829	0
2829	2836	1
2836	2829	1
2829	2836	2
2836	2829	2
2829	2837	0
2837	2829	0
2829	2837	1
2837	2829	1
2829	2837	2
2837	2829	2
2830	2837	0
2837	2830	0
2830	2837	1
2837	2830	1
2830	2837	2
2837	2830	2
2830	2833	0
2833	2830	0
2830	2833	1
2833	2830	1
2830	2833	2
2833	2830	2
2830	2834	0
2834	2830	0
2830	2834	1
2834	2830	1
2830	2834	2
2834	2830	2
2831	2835	0
2835	2831	0
2831	2835	1
2835	2831	1
2831	2835	2
2835	2831	2
2831	2836	0
2836	2831	0
2831	2836	1
2836	2831	1
2831	2836	2
2836	2831	2
2831	2840	0
2840	2831	0
2831	2840	1
2840	2831	1
2831	2840	2
2840	2831	2
2831	2842	0
2842	2831	0
2831	2842	1
2842	2831	1
2831	2842	2
2842	2831	2
2831	2861	0
2861	2831	0
2831	2861	1
2861	2831	1
2831	2861	2
2861	2831	2
2831	2837	0
2837	2831	0
2831	2837	1
2837	2831	1
2831	2837	2
2837	2831	2
2832	2835	0
2835	2832	0
2832	2835	1
2835	2832	1
2832	2835	2
2835	2832	2
2832	2836	0
2836	2832	0
2832	2836	1
2836	2832	1
2832	2836	2
2836	2832	2
2832	2838	0
2838	2832	0
2832	2838	1
2838	2832	1
2832	2838	2
2838	2832	2
2832	2861	0
2861	2832	0
2832	2861	1
2861	2832	1
2832	2861	2
2861	2832	2
2832	2837	0
2837	2832	0
2832	2837	1
2837	2832	1
2832	2837	2
2837	2832	2
2833	2840	0
2840	2833	0
2833	2840	1
2840	2833	1
2833	2840	2
2840	2833	2
2833	2842	0
2842	2833	0
2833	2842	1
2842	2833	1
2833	2842	2
2842	2833	2
2833	2838	0
2838	2833	0
2833	2838	1
2838	2833	1
2833	2838	2
2838	2833	2
2834	2840	0
2840	2834	0
2834	2840	1
2840	2834	1
2834	2840	2
2840	2834	2
2834	2842	0
2842	2834	0
2834	2842	1
2842	2834	1
2834	2842	2
2842	2834	2
2834	2838	0
2838	2834	0
2834	2838	1
2838	2834	1
2834	2838	2
2838	2834	2
2835	2847	0
2847	2835	0
2835	2847	1
2847	2835	1
2835	2847	2
2847	2835	2
2835	2842	0
2842	2835	0
2835	2842	1
2842	2835	1
2835	2842	2
2842	2835	2
2836	2847	0
2847	2836	0
2836	2847	1
2847	2836	1
2836	2847	2
2847	2836	2
2836	2842	0
2842	2836	0
2836	2842	1
2842	2836	1
2836	2842	2
2842	2836	2
2837	2847	0
2847	2837	0
2837	2847	1
2847	2837	1
2837	2847	2
2847	2837	2
2837	2842	0
2842	2837	0
2837	2842	1
2842	2837	1
2837	2842	2
2842	2837	2
2841	2853	0
2853	2841	0
2841	2853	1
2853	2841	1
2841	2853	2
2853	2841	2
2843	2848	0
2848	2843	0
2843	2848	1
2848	2843	1
2843	2848	2
2848	2843	2
2843	2853	0
2853	2843	0
2843	2853	1
2853	2843	1
2843	2853	2
2853	2843	2
2844	2860	0
2860	2844	0
2844	2860	1
2860	2844	1
2844	2860	2
2860	2844	2
2844	2863	0
2863	2844	0
2844	2863	1
2863	2844	1
2844	2863	2
2863	2844	2
2845	2862	0
2862	2845	0
2845	2862	1
2862	2845	1
2845	2862	2
2862	2845	2
2847	2849	0
2849	2847	0
2847	2849	1
2849	2847	1
2847	2849	2
2849	2847	2
2848	2863	0
2863	2848	0
2848	2863	1
2863	2848	1
2848	2863	2
2863	2848	2
2849	2863	0
2863	2849	0
2849	2863	1
2863	2849	1
2849	2863	2
2863	2849	2
2852	2855	0
2855	2852	0
2852	2855	1
2855	2852	1
2852	2855	2
2855	2852	2
2853	2860	0
2860	2853	0
2853	2860	1
2860	2853	1
2853	2860	2
2860	2853	2
2853	2856	0
2856	2853	0
2853	2856	1
2856	2853	1
2853	2856	2
2856	2853	2
2865	2870	0
2870	2865	0
2865	2870	1
2870	2865	1
2865	2870	2
2870	2865	2
2871	2900	0
2900	2871	0
2871	2900	1
2900	2871	1
2871	2900	2
2900	2871	2
2871	2875	0
2875	2871	0
2871	2875	1
2875	2871	1
2871	2875	2
2875	2871	2
2871	2873	0
2873	2871	0
2871	2873	1
2873	2871	1
2871	2873	2
2873	2871	2
2871	2905	0
2905	2871	0
2871	2905	1
2905	2871	1
2871	2905	2
2905	2871	2
2871	2874	0
2874	2871	0
2871	2874	1
2874	2871	1
2871	2874	2
2874	2871	2
2872	2876	0
2876	2872	0
2872	2876	1
2876	2872	1
2872	2876	2
2876	2872	2
2872	2901	0
2901	2872	0
2872	2901	1
2901	2872	1
2872	2901	2
2901	2872	2
2872	2874	0
2874	2872	0
2872	2874	1
2874	2872	1
2872	2874	2
2874	2872	2
2872	2878	0
2878	2872	0
2872	2878	1
2878	2872	1
2872	2878	2
2878	2872	2
2873	2902	0
2902	2873	0
2873	2902	1
2902	2873	1
2873	2902	2
2902	2873	2
2873	2875	0
2875	2873	0
2873	2875	1
2875	2873	1
2873	2875	2
2875	2873	2
2873	2879	0
2879	2873	0
2873	2879	1
2879	2873	1
2873	2879	2
2879	2873	2
2875	2900	0
2900	2875	0
2875	2900	1
2900	2875	1
2875	2900	2
2900	2875	2
2875	2895	0
2895	2875	0
2875	2895	1
2895	2875	1
2875	2895	2
2895	2875	2
2875	2905	0
2905	2875	0
2875	2905	1
2905	2875	1
2875	2905	2
2905	2875	2
2876	2886	0
2886	2876	0
2876	2886	1
2886	2876	1
2876	2886	2
2886	2876	2
2876	2898	0
2898	2876	0
2876	2898	1
2898	2876	1
2876	2898	2
2898	2876	2
2877	2887	0
2887	2877	0
2877	2887	1
2887	2877	1
2877	2887	2
2887	2877	2
2877	2899	0
2899	2877	0
2877	2899	1
2899	2877	1
2877	2899	2
2899	2877	2
2877	2900	0
2900	2877	0
2877	2900	1
2900	2877	1
2877	2900	2
2900	2877	2
2878	2895	0
2895	2878	0
2878	2895	1
2895	2878	1
2878	2895	2
2895	2878	2
2879	2902	0
2902	2879	0
2879	2902	1
2902	2879	1
2879	2902	2
2902	2879	2
2879	2900	0
2900	2879	0
2879	2900	1
2900	2879	1
2879	2900	2
2900	2879	2
2879	2895	0
2895	2879	0
2879	2895	1
2895	2879	1
2879	2895	2
2895	2879	2
2879	2905	0
2905	2879	0
2879	2905	1
2905	2879	1
2879	2905	2
2905	2879	2
2880	2883	0
2883	2880	0
2880	2883	1
2883	2880	1
2880	2883	2
2883	2880	2
2880	2896	0
2896	2880	0
2880	2896	1
2896	2880	1
2880	2896	2
2896	2880	2
2881	2882	0
2882	2881	0
2881	2882	1
2882	2881	1
2881	2882	2
2882	2881	2
2881	2891	0
2891	2881	0
2881	2891	1
2891	2881	1
2881	2891	2
2891	2881	2
2881	2897	0
2897	2881	0
2881	2897	1
2897	2881	1
2881	2897	2
2897	2881	2
2882	2897	0
2897	2882	0
2882	2897	1
2897	2882	1
2882	2897	2
2897	2882	2
2883	2892	0
2892	2883	0
2883	2892	1
2892	2883	1
2883	2892	2
2892	2883	2
2883	2891	0
2891	2883	0
2883	2891	1
2891	2883	1
2883	2891	2
2891	2883	2
2884	2893	0
2893	2884	0
2884	2893	1
2893	2884	1
2884	2893	2
2893	2884	2
2885	2893	0
2893	2885	0
2885	2893	1
2893	2885	1
2885	2893	2
2893	2885	2
2886	2898	0
2898	2886	0
2886	2898	1
2898	2886	1
2886	2898	2
2898	2886	2
2886	2901	0
2901	2886	0
2886	2901	1
2901	2886	1
2886	2901	2
2901	2886	2
2886	2903	0
2903	2886	0
2886	2903	1
2903	2886	1
2886	2903	2
2903	2886	2
2888	2893	0
2893	2888	0
2888	2893	1
2893	2888	1
2888	2893	2
2893	2888	2
2889	2890	0
2890	2889	0
2889	2890	1
2890	2889	1
2889	2890	2
2890	2889	2
2889	2894	0
2894	2889	0
2889	2894	1
2894	2889	1
2889	2894	2
2894	2889	2
2891	2897	0
2897	2891	0
2891	2897	1
2897	2891	1
2891	2897	2
2897	2891	2
2892	2896	0
2896	2892	0
2892	2896	1
2896	2892	1
2892	2896	2
2896	2892	2
2893	2904	0
2904	2893	0
2893	2904	1
2904	2893	1
2893	2904	2
2904	2893	2
2895	2902	0
2902	2895	0
2895	2902	1
2902	2895	1
2895	2902	2
2902	2895	2
2897	2906	0
2906	2897	0
2897	2906	1
2906	2897	1
2897	2906	2
2906	2897	2
2898	2901	0
2901	2898	0
2898	2901	1
2901	2898	1
2898	2901	2
2901	2898	2
2899	2903	0
2903	2899	0
2899	2903	1
2903	2899	1
2899	2903	2
2903	2899	2
2900	2902	0
2902	2900	0
2900	2902	1
2902	2900	1
2900	2902	2
2902	2900	2
2900	2903	0
2903	2900	0
2900	2903	1
2903	2900	1
2900	2903	2
2903	2900	2
2902	2905	0
2905	2902	0
2902	2905	1
2905	2902	1
2902	2905	2
2905	2902	2
2907	2917	0
2917	2907	0
2907	2917	1
2917	2907	1
2907	2917	2
2917	2907	2
2908	2917	0
2917	2908	0
2908	2917	1
2917	2908	1
2908	2917	2
2917	2908	2
2909	2922	0
2922	2909	0
2909	2922	1
2922	2909	1
2909	2922	2
2922	2909	2
2909	2913	0
2913	2909	0
2909	2913	1
2913	2909	1
2909	2913	2
2913	2909	2
2912	2920	0
2920	2912	0
2912	2920	1
2920	2912	1
2912	2920	2
2920	2912	2
2913	2918	0
2918	2913	0
2913	2918	1
2918	2913	1
2913	2918	2
2918	2913	2
2914	2916	0
2916	2914	0
2914	2916	1
2916	2914	1
2914	2916	2
2916	2914	2
2915	2916	0
2916	2915	0
2915	2916	1
2916	2915	1
2915	2916	2
2916	2915	2
2917	2921	0
2921	2917	0
2917	2921	1
2921	2917	1
2917	2921	2
2921	2917	2
2919	2920	0
2920	2919	0
2919	2920	1
2920	2919	1
2919	2920	2
2920	2919	2
2925	3006	0
3006	2925	0
2925	3006	1
3006	2925	1
2925	3006	2
3006	2925	2
2925	3004	0
3004	2925	0
2925	3004	1
3004	2925	1
2925	3004	2
3004	2925	2
2926	2997	0
2997	2926	0
2926	2997	1
2997	2926	1
2926	2997	2
2997	2926	2
2926	2939	0
2939	2926	0
2926	2939	1
2939	2926	1
2926	2939	2
2939	2926	2
2927	2983	0
2983	2927	0
2927	2983	1
2983	2927	1
2927	2983	2
2983	2927	2
2927	2933	0
2933	2927	0
2927	2933	1
2933	2927	1
2927	2933	2
2933	2927	2
2927	2973	0
2973	2927	0
2927	2973	1
2973	2927	1
2927	2973	2
2973	2927	2
2927	3005	0
3005	2927	0
2927	3005	1
3005	2927	1
2927	3005	2
3005	2927	2
2928	2962	0
2962	2928	0
2928	2962	1
2962	2928	1
2928	2962	2
2962	2928	2
2928	2990	0
2990	2928	0
2928	2990	1
2990	2928	1
2928	2990	2
2990	2928	2
2928	2993	0
2993	2928	0
2928	2993	1
2993	2928	1
2928	2993	2
2993	2928	2
2928	2968	0
2968	2928	0
2928	2968	1
2968	2928	1
2928	2968	2
2968	2928	2
2928	2969	0
2969	2928	0
2928	2969	1
2969	2928	1
2928	2969	2
2969	2928	2
2929	2950	0
2950	2929	0
2929	2950	1
2950	2929	1
2929	2950	2
2950	2929	2
2929	2948	0
2948	2929	0
2929	2948	1
2948	2929	1
2929	2948	2
2948	2929	2
2929	2987	0
2987	2929	0
2929	2987	1
2987	2929	1
2929	2987	2
2987	2929	2
2929	2998	0
2998	2929	0
2929	2998	1
2998	2929	1
2929	2998	2
2998	2929	2
2929	3001	0
3001	2929	0
2929	3001	1
3001	2929	1
2929	3001	2
3001	2929	2
2930	2950	0
2950	2930	0
2930	2950	1
2950	2930	1
2930	2950	2
2950	2930	2
2930	2992	0
2992	2930	0
2930	2992	1
2992	2930	1
2930	2992	2
2992	2930	2
2930	3001	0
3001	2930	0
2930	3001	1
3001	2930	1
2930	3001	2
3001	2930	2
2931	2950	0
2950	2931	0
2931	2950	1
2950	2931	1
2931	2950	2
2950	2931	2
2931	2992	0
2992	2931	0
2931	2992	1
2992	2931	1
2931	2992	2
2992	2931	2
2931	3002	0
3002	2931	0
2931	3002	1
3002	2931	1
2931	3002	2
3002	2931	2
2932	2962	0
2962	2932	0
2932	2962	1
2962	2932	1
2932	2962	2
2962	2932	2
2932	2990	0
2990	2932	0
2932	2990	1
2990	2932	1
2932	2990	2
2990	2932	2
2932	2993	0
2993	2932	0
2932	2993	1
2993	2932	1
2932	2993	2
2993	2932	2
2932	2968	0
2968	2932	0
2932	2968	1
2968	2932	1
2932	2968	2
2968	2932	2
2932	2969	0
2969	2932	0
2932	2969	1
2969	2932	1
2932	2969	2
2969	2932	2
2932	3003	0
3003	2932	0
2932	3003	1
3003	2932	1
2932	3003	2
3003	2932	2
2933	2953	0
2953	2933	0
2933	2953	1
2953	2933	1
2933	2953	2
2953	2933	2
2933	2988	0
2988	2933	0
2933	2988	1
2988	2933	1
2933	2988	2
2988	2933	2
2933	2983	0
2983	2933	0
2933	2983	1
2983	2933	1
2933	2983	2
2983	2933	2
2933	2999	0
2999	2933	0
2933	2999	1
2999	2933	1
2933	2999	2
2999	2933	2
2933	3003	0
3003	2933	0
2933	3003	1
3003	2933	1
2933	3003	2
3003	2933	2
2934	2956	0
2956	2934	0
2934	2956	1
2956	2934	1
2934	2956	2
2956	2934	2
2934	2974	0
2974	2934	0
2934	2974	1
2974	2934	1
2934	2974	2
2974	2934	2
2935	2977	0
2977	2935	0
2935	2977	1
2977	2935	1
2935	2977	2
2977	2935	2
2935	2981	0
2981	2935	0
2935	2981	1
2981	2935	1
2935	2981	2
2981	2935	2
2935	2952	0
2952	2935	0
2935	2952	1
2952	2935	1
2935	2952	2
2952	2935	2
2935	2936	0
2936	2935	0
2935	2936	1
2936	2935	1
2935	2936	2
2936	2935	2
2935	2937	0
2937	2935	0
2935	2937	1
2937	2935	1
2935	2937	2
2937	2935	2
2935	2970	0
2970	2935	0
2935	2970	1
2970	2935	1
2935	2970	2
2970	2935	2
2935	2976	0
2976	2935	0
2935	2976	1
2976	2935	1
2935	2976	2
2976	2935	2
2935	2942	0
2942	2935	0
2935	2942	1
2942	2935	1
2935	2942	2
2942	2935	2
2936	2977	0
2977	2936	0
2936	2977	1
2977	2936	1
2936	2977	2
2977	2936	2
2936	2955	0
2955	2936	0
2936	2955	1
2955	2936	1
2936	2955	2
2955	2936	2
2936	2947	0
2947	2936	0
2936	2947	1
2947	2936	1
2936	2947	2
2947	2936	2
2936	2994	0
2994	2936	0
2936	2994	1
2994	2936	1
2936	2994	2
2994	2936	2
2937	2977	0
2977	2937	0
2937	2977	1
2977	2937	1
2937	2977	2
2977	2937	2
2937	2955	0
2955	2937	0
2937	2955	1
2955	2937	1
2937	2955	2
2955	2937	2
2937	2947	0
2947	2937	0
2937	2947	1
2947	2937	1
2937	2947	2
2947	2937	2
2937	2994	0
2994	2937	0
2937	2994	1
2994	2937	1
2937	2994	2
2994	2937	2
2938	2950	0
2950	2938	0
2938	2950	1
2950	2938	1
2938	2950	2
2950	2938	2
2938	2992	0
2992	2938	0
2938	2992	1
2992	2938	1
2938	2992	2
2992	2938	2
2938	3002	0
3002	2938	0
2938	3002	1
3002	2938	1
2938	3002	2
3002	2938	2
2939	2980	0
2980	2939	0
2939	2980	1
2980	2939	1
2939	2980	2
2980	2939	2
2940	2957	0
2957	2940	0
2940	2957	1
2957	2940	1
2940	2957	2
2957	2940	2
2941	2957	0
2957	2941	0
2941	2957	1
2957	2941	1
2941	2957	2
2957	2941	2
2942	2956	0
2956	2942	0
2942	2956	1
2956	2942	1
2942	2956	2
2956	2942	2
2942	2947	0
2947	2942	0
2942	2947	1
2947	2942	1
2942	2947	2
2947	2942	2
2942	2994	0
2994	2942	0
2942	2994	1
2994	2942	1
2942	2994	2
2994	2942	2
2942	2977	0
2977	2942	0
2942	2977	1
2977	2942	1
2942	2977	2
2977	2942	2
2942	2955	0
2955	2942	0
2942	2955	1
2955	2942	1
2942	2955	2
2955	2942	2
2943	2945	0
2945	2943	0
2943	2945	1
2945	2943	1
2943	2945	2
2945	2943	2
2943	2995	0
2995	2943	0
2943	2995	1
2995	2943	1
2943	2995	2
2995	2943	2
2943	2964	0
2964	2943	0
2943	2964	1
2964	2943	1
2943	2964	2
2964	2943	2
2943	2982	0
2982	2943	0
2943	2982	1
2982	2943	1
2943	2982	2
2982	2943	2
2943	2963	0
2963	2943	0
2943	2963	1
2963	2943	1
2943	2963	2
2963	2943	2
2944	2975	0
2975	2944	0
2944	2975	1
2975	2944	1
2944	2975	2
2975	2944	2
2944	2964	0
2964	2944	0
2944	2964	1
2964	2944	1
2944	2964	2
2964	2944	2
2944	2996	0
2996	2944	0
2944	2996	1
2996	2944	1
2944	2996	2
2996	2944	2
2945	2995	0
2995	2945	0
2945	2995	1
2995	2945	1
2945	2995	2
2995	2945	2
2945	2964	0
2964	2945	0
2945	2964	1
2964	2945	1
2945	2964	2
2964	2945	2
2945	2982	0
2982	2945	0
2945	2982	1
2982	2945	1
2945	2982	2
2982	2945	2
2945	2963	0
2963	2945	0
2945	2963	1
2963	2945	1
2945	2963	2
2963	2945	2
2946	2961	0
2961	2946	0
2946	2961	1
2961	2946	1
2946	2961	2
2961	2946	2
2946	2995	0
2995	2946	0
2946	2995	1
2995	2946	1
2946	2995	2
2995	2946	2
2946	2982	0
2982	2946	0
2946	2982	1
2982	2946	1
2946	2982	2
2982	2946	2
2946	2963	0
2963	2946	0
2946	2963	1
2963	2946	1
2946	2963	2
2963	2946	2
2947	2950	0
2950	2947	0
2947	2950	1
2950	2947	1
2947	2950	2
2950	2947	2
2947	2992	0
2992	2947	0
2947	2992	1
2992	2947	1
2947	2992	2
2992	2947	2
2947	2970	0
2970	2947	0
2947	2970	1
2970	2947	1
2947	2970	2
2970	2947	2
2948	2991	0
2991	2948	0
2948	2991	1
2991	2948	1
2948	2991	2
2991	2948	2
2948	2949	0
2949	2948	0
2948	2949	1
2949	2948	1
2948	2949	2
2949	2948	2
2949	2987	0
2987	2949	0
2949	2987	1
2987	2949	1
2949	2987	2
2987	2949	2
2949	2998	0
2998	2949	0
2949	2998	1
2998	2949	1
2949	2998	2
2998	2949	2
2949	3001	0
3001	2949	0
2949	3001	1
3001	2949	1
2949	3001	2
3001	2949	2
2950	2994	0
2994	2950	0
2950	2994	1
2994	2950	1
2950	2994	2
2994	2950	2
2950	2967	0
2967	2950	0
2950	2967	1
2967	2950	1
2950	2967	2
2967	2950	2
2950	2966	0
2966	2950	0
2950	2966	1
2966	2950	1
2950	2966	2
2966	2950	2
2951	2956	0
2956	2951	0
2951	2956	1
2956	2951	1
2951	2956	2
2956	2951	2
2951	2974	0
2974	2951	0
2951	2974	1
2974	2951	1
2951	2974	2
2974	2951	2
2951	2976	0
2976	2951	0
2951	2976	1
2976	2951	1
2951	2976	2
2976	2951	2
2952	2977	0
2977	2952	0
2952	2977	1
2977	2952	1
2952	2977	2
2977	2952	2
2952	2955	0
2955	2952	0
2952	2955	1
2955	2952	1
2952	2955	2
2955	2952	2
2952	2991	0
2991	2952	0
2952	2991	1
2991	2952	1
2952	2991	2
2991	2952	2
2953	3000	0
3000	2953	0
2953	3000	1
3000	2953	1
2953	3000	2
3000	2953	2
2953	2989	0
2989	2953	0
2953	2989	1
2989	2953	1
2953	2989	2
2989	2953	2
2953	2983	0
2983	2953	0
2953	2983	1
2983	2953	1
2953	2983	2
2983	2953	2
2954	2989	0
2989	2954	0
2954	2989	1
2989	2954	1
2954	2989	2
2989	2954	2
2954	2990	0
2990	2954	0
2954	2990	1
2990	2954	1
2954	2990	2
2990	2954	2
2954	2962	0
2962	2954	0
2954	2962	1
2962	2954	1
2954	2962	2
2962	2954	2
2955	2981	0
2981	2955	0
2955	2981	1
2981	2955	1
2955	2981	2
2981	2955	2
2955	2970	0
2970	2955	0
2955	2970	1
2970	2955	1
2955	2970	2
2970	2955	2
2955	2976	0
2976	2955	0
2955	2976	1
2976	2955	1
2955	2976	2
2976	2955	2
2956	2965	0
2965	2956	0
2956	2965	1
2965	2956	1
2956	2965	2
2965	2956	2
2956	2991	0
2991	2956	0
2956	2991	1
2991	2956	1
2956	2991	2
2991	2956	2
2957	3004	0
3004	2957	0
2957	3004	1
3004	2957	1
2957	3004	2
3004	2957	2
2957	2960	0
2960	2957	0
2957	2960	1
2960	2957	1
2957	2960	2
2960	2957	2
2958	2984	0
2984	2958	0
2958	2984	1
2984	2958	1
2958	2984	2
2984	2958	2
2958	2985	0
2985	2958	0
2958	2985	1
2985	2958	1
2958	2985	2
2985	2958	2
2958	2986	0
2986	2958	0
2958	2986	1
2986	2958	1
2958	2986	2
2986	2958	2
2958	2960	0
2960	2958	0
2958	2960	1
2960	2958	1
2958	2960	2
2960	2958	2
2958	2997	0
2997	2958	0
2958	2997	1
2997	2958	1
2958	2997	2
2997	2958	2
2959	2997	0
2997	2959	0
2959	2997	1
2997	2959	1
2959	2997	2
2997	2959	2
2959	2984	0
2984	2959	0
2959	2984	1
2984	2959	1
2959	2984	2
2984	2959	2
2959	2985	0
2985	2959	0
2959	2985	1
2985	2959	1
2959	2985	2
2985	2959	2
2959	2986	0
2986	2959	0
2959	2986	1
2986	2959	1
2959	2986	2
2986	2959	2
2961	2995	0
2995	2961	0
2961	2995	1
2995	2961	1
2961	2995	2
2995	2961	2
2961	2982	0
2982	2961	0
2961	2982	1
2982	2961	1
2961	2982	2
2982	2961	2
2961	2963	0
2963	2961	0
2961	2963	1
2963	2961	1
2961	2963	2
2963	2961	2
2962	2990	0
2990	2962	0
2962	2990	1
2990	2962	1
2962	2990	2
2990	2962	2
2962	2989	0
2989	2962	0
2962	2989	1
2989	2962	1
2962	2989	2
2989	2962	2
2962	2973	0
2973	2962	0
2962	2973	1
2973	2962	1
2962	2973	2
2973	2962	2
2963	2972	0
2972	2963	0
2963	2972	1
2972	2963	1
2963	2972	2
2972	2963	2
2964	2971	0
2971	2964	0
2964	2971	1
2971	2964	1
2964	2971	2
2971	2964	2
2964	2972	0
2972	2964	0
2964	2972	1
2972	2964	1
2964	2972	2
2972	2964	2
2965	2974	0
2974	2965	0
2965	2974	1
2974	2965	1
2965	2974	2
2974	2965	2
2966	2992	0
2992	2966	0
2966	2992	1
2992	2966	1
2966	2992	2
2992	2966	2
2966	3002	0
3002	2966	0
2966	3002	1
3002	2966	1
2966	3002	2
3002	2966	2
2967	2991	0
2991	2967	0
2967	2991	1
2991	2967	1
2967	2991	2
2991	2967	2
2967	2992	0
2992	2967	0
2967	2992	1
2992	2967	1
2967	2992	2
2992	2967	2
2970	2977	0
2977	2970	0
2970	2977	1
2977	2970	1
2970	2977	2
2977	2970	2
2970	2994	0
2994	2970	0
2970	2994	1
2994	2970	1
2970	2994	2
2994	2970	2
2971	2975	0
2975	2971	0
2971	2975	1
2975	2971	1
2971	2975	2
2975	2971	2
2972	2975	0
2975	2972	0
2972	2975	1
2975	2972	1
2972	2975	2
2975	2972	2
2973	2983	0
2983	2973	0
2973	2983	1
2983	2973	1
2973	2983	2
2983	2973	2
2973	2999	0
2999	2973	0
2973	2999	1
2999	2973	1
2973	2999	2
2999	2973	2
2973	3003	0
3003	2973	0
2973	3003	1
3003	2973	1
2973	3003	2
3003	2973	2
2973	2990	0
2990	2973	0
2973	2990	1
2990	2973	1
2973	2990	2
2990	2973	2
2974	2991	0
2991	2974	0
2974	2991	1
2991	2974	1
2974	2991	2
2991	2974	2
2976	2977	0
2977	2976	0
2976	2977	1
2977	2976	1
2976	2977	2
2977	2976	2
2977	2981	0
2981	2977	0
2977	2981	1
2981	2977	1
2977	2981	2
2981	2977	2
2980	3004	0
3004	2980	0
2980	3004	1
3004	2980	1
2980	3004	2
3004	2980	2
2983	2999	0
2999	2983	0
2983	2999	1
2999	2983	1
2983	2999	2
2999	2983	2
2983	3003	0
3003	2983	0
2983	3003	1
3003	2983	1
2983	3003	2
3003	2983	2
2983	2988	0
2988	2983	0
2983	2988	1
2988	2983	1
2983	2988	2
2988	2983	2
2987	2991	0
2991	2987	0
2987	2991	1
2991	2987	1
2987	2991	2
2991	2987	2
2988	3000	0
3000	2988	0
2988	3000	1
3000	2988	1
2988	3000	2
3000	2988	2
2989	2990	0
2990	2989	0
2989	2990	1
2990	2989	1
2989	2990	2
2990	2989	2
2992	2994	0
2994	2992	0
2992	2994	1
2994	2992	1
2992	2994	2
2994	2992	2
2993	3005	0
3005	2993	0
2993	3005	1
3005	2993	1
2993	3005	2
3005	2993	2
2998	3001	0
3001	2998	0
2998	3001	1
3001	2998	1
2998	3001	2
3001	2998	2
2999	3005	0
3005	2999	0
2999	3005	1
3005	2999	1
2999	3005	2
3005	2999	2
3003	3005	0
3005	3003	0
3003	3005	1
3005	3003	1
3003	3005	2
3005	3003	2
3007	3018	0
3018	3007	0
3007	3018	1
3018	3007	1
3007	3018	2
3018	3007	2
3008	3011	0
3011	3008	0
3008	3011	1
3011	3008	1
3008	3011	2
3011	3008	2
3008	3014	0
3014	3008	0
3008	3014	1
3014	3008	1
3008	3014	2
3014	3008	2
3009	3013	0
3013	3009	0
3009	3013	1
3013	3009	1
3009	3013	2
3013	3009	2
3009	3018	0
3018	3009	0
3009	3018	1
3018	3009	1
3009	3018	2
3018	3009	2
3010	3018	0
3018	3010	0
3010	3018	1
3018	3010	1
3010	3018	2
3018	3010	2
3011	3012	0
3012	3011	0
3011	3012	1
3012	3011	1
3011	3012	2
3012	3011	2
3011	3018	0
3018	3011	0
3011	3018	1
3018	3011	1
3011	3018	2
3018	3011	2
3012	3018	0
3018	3012	0
3012	3018	1
3018	3012	1
3012	3018	2
3018	3012	2
3013	3014	0
3014	3013	0
3013	3014	1
3014	3013	1
3013	3014	2
3014	3013	2
3014	3019	0
3019	3014	0
3014	3019	1
3019	3014	1
3014	3019	2
3019	3014	2
3015	3019	0
3019	3015	0
3015	3019	1
3019	3015	1
3015	3019	2
3019	3015	2
3015	3018	0
3018	3015	0
3015	3018	1
3018	3015	1
3015	3018	2
3018	3015	2
3016	3018	0
3018	3016	0
3016	3018	1
3018	3016	1
3016	3018	2
3018	3016	2
3017	3019	0
3019	3017	0
3017	3019	1
3019	3017	1
3017	3019	2
3019	3017	2
3017	3018	0
3018	3017	0
3017	3018	1
3018	3017	1
3017	3018	2
3018	3017	2
3020	3023	0
3023	3020	0
3020	3023	1
3023	3020	1
3020	3023	2
3023	3020	2
3021	3023	0
3023	3021	0
3021	3023	1
3023	3021	1
3021	3023	2
3023	3021	2
3022	3024	0
3024	3022	0
3022	3024	1
3024	3022	1
3022	3024	2
3024	3022	2
3022	3025	0
3025	3022	0
3022	3025	1
3025	3022	1
3022	3025	2
3025	3022	2
3027	3033	0
3033	3027	0
3027	3033	1
3033	3027	1
3027	3033	2
3033	3027	2
3028	3032	0
3032	3028	0
3028	3032	1
3032	3028	1
3028	3032	2
3032	3028	2
3036	3038	0
3038	3036	0
3036	3038	1
3038	3036	1
3036	3038	2
3038	3036	2
3036	3042	0
3042	3036	0
3036	3042	1
3042	3036	1
3036	3042	2
3042	3036	2
3037	3042	0
3042	3037	0
3037	3042	1
3042	3037	1
3037	3042	2
3042	3037	2
3038	3041	0
3041	3038	0
3038	3041	1
3041	3038	1
3038	3041	2
3041	3038	2
3039	3040	0
3040	3039	0
3039	3040	1
3040	3039	1
3039	3040	2
3040	3039	2
3039	3041	0
3041	3039	0
3039	3041	1
3041	3039	1
3039	3041	2
3041	3039	2
3040	3041	0
3041	3040	0
3040	3041	1
3041	3040	1
3040	3041	2
3041	3040	2
3049	3054	0
3054	3049	0
3049	3054	1
3054	3049	1
3049	3054	2
3054	3049	2
3051	3054	0
3054	3051	0
3051	3054	1
3054	3051	1
3051	3054	2
3054	3051	2
3055	3070	0
3070	3055	0
3055	3070	1
3070	3055	1
3055	3070	2
3070	3055	2
3055	3081	0
3081	3055	0
3055	3081	1
3081	3055	1
3055	3081	2
3081	3055	2
3056	3081	0
3081	3056	0
3056	3081	1
3081	3056	1
3056	3081	2
3081	3056	2
3056	3065	0
3065	3056	0
3056	3065	1
3065	3056	1
3056	3065	2
3065	3056	2
3056	3066	0
3066	3056	0
3056	3066	1
3066	3056	1
3056	3066	2
3066	3056	2
3056	3071	0
3071	3056	0
3056	3071	1
3071	3056	1
3056	3071	2
3071	3056	2
3057	3077	0
3077	3057	0
3057	3077	1
3077	3057	1
3057	3077	2
3077	3057	2
3058	3067	0
3067	3058	0
3058	3067	1
3067	3058	1
3058	3067	2
3067	3058	2
3058	3073	0
3073	3058	0
3058	3073	1
3073	3058	1
3058	3073	2
3073	3058	2
3059	3065	0
3065	3059	0
3059	3065	1
3065	3059	1
3059	3065	2
3065	3059	2
3059	3066	0
3066	3059	0
3059	3066	1
3066	3059	1
3059	3066	2
3066	3059	2
3059	3071	0
3071	3059	0
3059	3071	1
3071	3059	1
3059	3071	2
3071	3059	2
3060	3065	0
3065	3060	0
3060	3065	1
3065	3060	1
3060	3065	2
3065	3060	2
3060	3066	0
3066	3060	0
3060	3066	1
3066	3060	1
3060	3066	2
3066	3060	2
3060	3071	0
3071	3060	0
3060	3071	1
3071	3060	1
3060	3071	2
3071	3060	2
3061	3068	0
3068	3061	0
3061	3068	1
3068	3061	1
3061	3068	2
3068	3061	2
3062	3081	0
3081	3062	0
3062	3081	1
3081	3062	1
3062	3081	2
3081	3062	2
3062	3076	0
3076	3062	0
3062	3076	1
3076	3062	1
3062	3076	2
3076	3062	2
3063	3075	0
3075	3063	0
3063	3075	1
3075	3063	1
3063	3075	2
3075	3063	2
3063	3073	0
3073	3063	0
3063	3073	1
3073	3063	1
3063	3073	2
3073	3063	2
3064	3074	0
3074	3064	0
3064	3074	1
3074	3064	1
3064	3074	2
3074	3064	2
3064	3080	0
3080	3064	0
3064	3080	1
3080	3064	1
3064	3080	2
3080	3064	2
3064	3078	0
3078	3064	0
3064	3078	1
3078	3064	1
3064	3078	2
3078	3064	2
3065	3068	0
3068	3065	0
3065	3068	1
3068	3065	1
3065	3068	2
3068	3065	2
3066	3071	0
3071	3066	0
3066	3071	1
3071	3066	1
3066	3071	2
3071	3066	2
3066	3068	0
3068	3066	0
3066	3068	1
3068	3066	1
3066	3068	2
3068	3066	2
3067	3069	0
3069	3067	0
3067	3069	1
3069	3067	1
3067	3069	2
3069	3067	2
3068	3071	0
3071	3068	0
3068	3071	1
3071	3068	1
3068	3071	2
3071	3068	2
3069	3077	0
3077	3069	0
3069	3077	1
3077	3069	1
3069	3077	2
3077	3069	2
3072	3075	0
3075	3072	0
3072	3075	1
3075	3072	1
3072	3075	2
3075	3072	2
3072	3073	0
3073	3072	0
3072	3073	1
3073	3072	1
3072	3073	2
3073	3072	2
3074	3077	0
3077	3074	0
3074	3077	1
3077	3074	1
3074	3077	2
3077	3074	2
3075	3079	0
3079	3075	0
3075	3079	1
3079	3075	1
3075	3079	2
3079	3075	2
3076	3081	0
3081	3076	0
3076	3081	1
3081	3076	1
3076	3081	2
3081	3076	2
3078	3080	0
3080	3078	0
3078	3080	1
3080	3078	1
3078	3080	2
3080	3078	2
3082	3084	0
3084	3082	0
3082	3084	1
3084	3082	1
3082	3084	2
3084	3082	2
3082	3086	0
3086	3082	0
3082	3086	1
3086	3082	1
3082	3086	2
3086	3082	2
3082	3087	0
3087	3082	0
3082	3087	1
3087	3082	1
3082	3087	2
3087	3082	2
3083	3090	0
3090	3083	0
3083	3090	1
3090	3083	1
3083	3090	2
3090	3083	2
3083	3089	0
3089	3083	0
3083	3089	1
3089	3083	1
3083	3089	2
3089	3083	2
3083	3085	0
3085	3083	0
3083	3085	1
3085	3083	1
3083	3085	2
3085	3083	2
3084	3086	0
3086	3084	0
3084	3086	1
3086	3084	1
3084	3086	2
3086	3084	2
3084	3088	0
3088	3084	0
3084	3088	1
3088	3084	1
3084	3088	2
3088	3084	2
3085	3086	0
3086	3085	0
3085	3086	1
3086	3085	1
3085	3086	2
3086	3085	2
3086	3088	0
3088	3086	0
3086	3088	1
3088	3086	1
3086	3088	2
3088	3086	2
3087	3088	0
3088	3087	0
3087	3088	1
3088	3087	1
3087	3088	2
3088	3087	2
3087	3089	0
3089	3087	0
3087	3089	1
3089	3087	1
3087	3089	2
3089	3087	2
3091	3100	0
3100	3091	0
3091	3100	1
3100	3091	1
3091	3100	2
3100	3091	2
3091	3101	0
3101	3091	0
3091	3101	1
3101	3091	1
3091	3101	2
3101	3091	2
3091	3121	0
3121	3091	0
3091	3121	1
3121	3091	1
3091	3121	2
3121	3091	2
3092	3120	0
3120	3092	0
3092	3120	1
3120	3092	1
3092	3120	2
3120	3092	2
3092	3109	0
3109	3092	0
3092	3109	1
3109	3092	1
3092	3109	2
3109	3092	2
3092	3122	0
3122	3092	0
3092	3122	1
3122	3092	1
3092	3122	2
3122	3092	2
3093	3109	0
3109	3093	0
3093	3109	1
3109	3093	1
3093	3109	2
3109	3093	2
3093	3116	0
3116	3093	0
3093	3116	1
3116	3093	1
3093	3116	2
3116	3093	2
3093	3122	0
3122	3093	0
3093	3122	1
3122	3093	1
3093	3122	2
3122	3093	2
3093	3118	0
3118	3093	0
3093	3118	1
3118	3093	1
3093	3118	2
3118	3093	2
3093	3103	0
3103	3093	0
3093	3103	1
3103	3093	1
3093	3103	2
3103	3093	2
3093	3108	0
3108	3093	0
3093	3108	1
3108	3093	1
3093	3108	2
3108	3093	2
3093	3111	0
3111	3093	0
3093	3111	1
3111	3093	1
3093	3111	2
3111	3093	2
3094	3105	0
3105	3094	0
3094	3105	1
3105	3094	1
3094	3105	2
3105	3094	2
3094	3109	0
3109	3094	0
3094	3109	1
3109	3094	1
3094	3109	2
3109	3094	2
3094	3116	0
3116	3094	0
3094	3116	1
3116	3094	1
3094	3116	2
3116	3094	2
3094	3122	0
3122	3094	0
3094	3122	1
3122	3094	1
3094	3122	2
3122	3094	2
3094	3102	0
3102	3094	0
3094	3102	1
3102	3094	1
3094	3102	2
3102	3094	2
3094	3108	0
3108	3094	0
3094	3108	1
3108	3094	1
3094	3108	2
3108	3094	2
3094	3111	0
3111	3094	0
3094	3111	1
3111	3094	1
3094	3111	2
3111	3094	2
3095	3106	0
3106	3095	0
3095	3106	1
3106	3095	1
3095	3106	2
3106	3095	2
3095	3109	0
3109	3095	0
3095	3109	1
3109	3095	1
3095	3109	2
3109	3095	2
3095	3122	0
3122	3095	0
3095	3122	1
3122	3095	1
3095	3122	2
3122	3095	2
3095	3107	0
3107	3095	0
3095	3107	1
3107	3095	1
3095	3107	2
3107	3095	2
3095	3118	0
3118	3095	0
3095	3118	1
3118	3095	1
3095	3118	2
3118	3095	2
3095	3111	0
3111	3095	0
3095	3111	1
3111	3095	1
3095	3111	2
3111	3095	2
3095	3108	0
3108	3095	0
3095	3108	1
3108	3095	1
3095	3108	2
3108	3095	2
3096	3109	0
3109	3096	0
3096	3109	1
3109	3096	1
3096	3109	2
3109	3096	2
3096	3122	0
3122	3096	0
3096	3122	1
3122	3096	1
3096	3122	2
3122	3096	2
3096	3108	0
3108	3096	0
3096	3108	1
3108	3096	1
3096	3108	2
3108	3096	2
3096	3111	0
3111	3096	0
3096	3111	1
3111	3096	1
3096	3111	2
3111	3096	2
3097	3117	0
3117	3097	0
3097	3117	1
3117	3097	1
3097	3117	2
3117	3097	2
3097	3121	0
3121	3097	0
3097	3121	1
3121	3097	1
3097	3121	2
3121	3097	2
3098	3117	0
3117	3098	0
3098	3117	1
3117	3098	1
3098	3117	2
3117	3098	2
3098	3109	0
3109	3098	0
3098	3109	1
3109	3098	1
3098	3109	2
3109	3098	2
3098	3122	0
3122	3098	0
3098	3122	1
3122	3098	1
3098	3122	2
3122	3098	2
3098	3110	0
3110	3098	0
3098	3110	1
3110	3098	1
3098	3110	2
3110	3098	2
3099	3104	0
3104	3099	0
3099	3104	1
3104	3099	1
3099	3104	2
3104	3099	2
3099	3105	0
3105	3099	0
3099	3105	1
3105	3099	1
3099	3105	2
3105	3099	2
3099	3118	0
3118	3099	0
3099	3118	1
3118	3099	1
3099	3118	2
3118	3099	2
3099	3102	0
3102	3099	0
3099	3102	1
3102	3099	1
3099	3102	2
3102	3099	2
3099	3108	0
3108	3099	0
3099	3108	1
3108	3099	1
3099	3108	2
3108	3099	2
3099	3114	0
3114	3099	0
3099	3114	1
3114	3099	1
3099	3114	2
3114	3099	2
3099	3115	0
3115	3099	0
3099	3115	1
3115	3099	1
3099	3115	2
3115	3099	2
3099	3119	0
3119	3099	0
3099	3119	1
3119	3099	1
3099	3119	2
3119	3099	2
3100	3117	0
3117	3100	0
3100	3117	1
3117	3100	1
3100	3117	2
3117	3100	2
3100	3121	0
3121	3100	0
3100	3121	1
3121	3100	1
3100	3121	2
3121	3100	2
3101	3109	0
3109	3101	0
3101	3109	1
3109	3101	1
3101	3109	2
3109	3101	2
3101	3122	0
3122	3101	0
3101	3122	1
3122	3101	1
3101	3122	2
3122	3101	2
3102	3105	0
3105	3102	0
3102	3105	1
3105	3102	1
3102	3105	2
3105	3102	2
3102	3109	0
3109	3102	0
3102	3109	1
3109	3102	1
3102	3109	2
3109	3102	2
3102	3116	0
3116	3102	0
3102	3116	1
3116	3102	1
3102	3116	2
3116	3102	2
3102	3122	0
3122	3102	0
3102	3122	1
3122	3102	1
3102	3122	2
3122	3102	2
3102	3118	0
3118	3102	0
3102	3118	1
3118	3102	1
3102	3118	2
3118	3102	2
3102	3108	0
3108	3102	0
3102	3108	1
3108	3102	1
3102	3108	2
3108	3102	2
3102	3111	0
3111	3102	0
3102	3111	1
3111	3102	1
3102	3111	2
3111	3102	2
3103	3104	0
3104	3103	0
3103	3104	1
3104	3103	1
3103	3104	2
3104	3103	2
3103	3118	0
3118	3103	0
3103	3118	1
3118	3103	1
3103	3118	2
3118	3103	2
3103	3114	0
3114	3103	0
3103	3114	1
3114	3103	1
3103	3114	2
3114	3103	2
3103	3115	0
3115	3103	0
3103	3115	1
3115	3103	1
3103	3115	2
3115	3103	2
3103	3119	0
3119	3103	0
3103	3119	1
3119	3103	1
3103	3119	2
3119	3103	2
3104	3107	0
3107	3104	0
3104	3107	1
3107	3104	1
3104	3107	2
3107	3104	2
3104	3118	0
3118	3104	0
3104	3118	1
3118	3104	1
3104	3118	2
3118	3104	2
3104	3121	0
3121	3104	0
3104	3121	1
3121	3104	1
3104	3121	2
3121	3104	2
3105	3109	0
3109	3105	0
3105	3109	1
3109	3105	1
3105	3109	2
3109	3105	2
3105	3116	0
3116	3105	0
3105	3116	1
3116	3105	1
3105	3116	2
3116	3105	2
3105	3122	0
3122	3105	0
3105	3122	1
3122	3105	1
3105	3122	2
3122	3105	2
3105	3108	0
3108	3105	0
3105	3108	1
3108	3105	1
3105	3108	2
3108	3105	2
3105	3111	0
3111	3105	0
3105	3111	1
3111	3105	1
3105	3111	2
3111	3105	2
3106	3109	0
3109	3106	0
3106	3109	1
3109	3106	1
3106	3109	2
3109	3106	2
3106	3122	0
3122	3106	0
3106	3122	1
3122	3106	1
3106	3122	2
3122	3106	2
3106	3107	0
3107	3106	0
3106	3107	1
3107	3106	1
3106	3107	2
3107	3106	2
3106	3111	0
3111	3106	0
3106	3111	1
3111	3106	1
3106	3111	2
3111	3106	2
3106	3108	0
3108	3106	0
3106	3108	1
3108	3106	1
3106	3108	2
3108	3106	2
3107	3118	0
3118	3107	0
3107	3118	1
3118	3107	1
3107	3118	2
3118	3107	2
3107	3114	0
3114	3107	0
3107	3114	1
3114	3107	1
3107	3114	2
3114	3107	2
3107	3115	0
3115	3107	0
3107	3115	1
3115	3107	1
3107	3115	2
3115	3107	2
3107	3119	0
3119	3107	0
3107	3119	1
3119	3107	1
3107	3119	2
3119	3107	2
3108	3116	0
3116	3108	0
3108	3116	1
3116	3108	1
3108	3116	2
3116	3108	2
3108	3119	0
3119	3108	0
3108	3119	1
3119	3108	1
3108	3119	2
3119	3108	2
3108	3112	0
3112	3108	0
3108	3112	1
3112	3108	1
3108	3112	2
3112	3108	2
3108	3113	0
3113	3108	0
3108	3113	1
3113	3108	1
3108	3113	2
3113	3108	2
3109	3116	0
3116	3109	0
3109	3116	1
3116	3109	1
3109	3116	2
3116	3109	2
3110	3120	0
3120	3110	0
3110	3120	1
3120	3110	1
3110	3120	2
3120	3110	2
3110	3121	0
3121	3110	0
3110	3121	1
3121	3110	1
3110	3121	2
3121	3110	2
3111	3116	0
3116	3111	0
3111	3116	1
3116	3111	1
3111	3116	2
3116	3111	2
3111	3112	0
3112	3111	0
3111	3112	1
3112	3111	1
3111	3112	2
3112	3111	2
3111	3113	0
3113	3111	0
3111	3113	1
3113	3111	1
3111	3113	2
3113	3111	2
3112	3119	0
3119	3112	0
3112	3119	1
3119	3112	1
3112	3119	2
3119	3112	2
3112	3123	0
3123	3112	0
3112	3123	1
3123	3112	1
3112	3123	2
3123	3112	2
3114	3123	0
3123	3114	0
3114	3123	1
3123	3114	1
3114	3123	2
3123	3114	2
3115	3123	0
3123	3115	0
3115	3123	1
3123	3115	1
3115	3123	2
3123	3115	2
3116	3122	0
3122	3116	0
3116	3122	1
3122	3116	1
3116	3122	2
3122	3116	2
3117	3121	0
3121	3117	0
3117	3121	1
3121	3117	1
3117	3121	2
3121	3117	2
3118	3121	0
3121	3118	0
3118	3121	1
3121	3118	1
3118	3121	2
3121	3118	2
3119	3123	0
3123	3119	0
3119	3123	1
3123	3119	1
3119	3123	2
3123	3119	2
3120	3121	0
3121	3120	0
3120	3121	1
3121	3120	1
3120	3121	2
3121	3120	2
3124	3131	0
3131	3124	0
3124	3131	1
3131	3124	1
3124	3131	2
3131	3124	2
3124	3128	0
3128	3124	0
3124	3128	1
3128	3124	1
3124	3128	2
3128	3124	2
3124	3132	0
3132	3124	0
3124	3132	1
3132	3124	1
3124	3132	2
3132	3124	2
3125	3126	0
3126	3125	0
3125	3126	1
3126	3125	1
3125	3126	2
3126	3125	2
3125	3127	0
3127	3125	0
3125	3127	1
3127	3125	1
3125	3127	2
3127	3125	2
3125	3129	0
3129	3125	0
3125	3129	1
3129	3125	1
3125	3129	2
3129	3125	2
3126	3132	0
3132	3126	0
3126	3132	1
3132	3126	1
3126	3132	2
3132	3126	2
3126	3130	0
3130	3126	0
3126	3130	1
3130	3126	1
3126	3130	2
3130	3126	2
3126	3133	0
3133	3126	0
3126	3133	1
3133	3126	1
3126	3133	2
3133	3126	2
3127	3130	0
3130	3127	0
3127	3130	1
3130	3127	1
3127	3130	2
3130	3127	2
3127	3133	0
3133	3127	0
3127	3133	1
3133	3127	1
3127	3133	2
3133	3127	2
3127	3134	0
3134	3127	0
3127	3134	1
3134	3127	1
3127	3134	2
3134	3127	2
3127	3135	0
3135	3127	0
3127	3135	1
3135	3127	1
3127	3135	2
3135	3127	2
3128	3134	0
3134	3128	0
3128	3134	1
3134	3128	1
3128	3134	2
3134	3128	2
3128	3135	0
3135	3128	0
3128	3135	1
3135	3128	1
3128	3135	2
3135	3128	2
3129	3132	0
3132	3129	0
3129	3132	1
3132	3129	1
3129	3132	2
3132	3129	2
3129	3130	0
3130	3129	0
3129	3130	1
3130	3129	1
3129	3130	2
3130	3129	2
3129	3133	0
3133	3129	0
3129	3133	1
3133	3129	1
3129	3133	2
3133	3129	2
3131	3133	0
3133	3131	0
3131	3133	1
3133	3131	1
3131	3133	2
3133	3131	2
3134	3135	0
3135	3134	0
3134	3135	1
3135	3134	1
3134	3135	2
3135	3134	2
3136	3159	0
3159	3136	0
3136	3159	1
3159	3136	1
3136	3159	2
3159	3136	2
3136	3160	0
3160	3136	0
3136	3160	1
3160	3136	1
3136	3160	2
3160	3136	2
3136	3161	0
3161	3136	0
3136	3161	1
3161	3136	1
3136	3161	2
3161	3136	2
3137	3140	0
3140	3137	0
3137	3140	1
3140	3137	1
3137	3140	2
3140	3137	2
3137	3141	0
3141	3137	0
3137	3141	1
3141	3137	1
3137	3141	2
3141	3137	2
3137	3152	0
3152	3137	0
3137	3152	1
3152	3137	1
3137	3152	2
3152	3137	2
3138	3162	0
3162	3138	0
3138	3162	1
3162	3138	1
3138	3162	2
3162	3138	2
3138	3167	0
3167	3138	0
3138	3167	1
3167	3138	1
3138	3167	2
3167	3138	2
3140	3151	0
3151	3140	0
3140	3151	1
3151	3140	1
3140	3151	2
3151	3140	2
3141	3151	0
3151	3141	0
3141	3151	1
3151	3141	1
3141	3151	2
3151	3141	2
3142	3149	0
3149	3142	0
3142	3149	1
3149	3142	1
3142	3149	2
3149	3142	2
3142	3153	0
3153	3142	0
3142	3153	1
3153	3142	1
3142	3153	2
3153	3142	2
3142	3154	0
3154	3142	0
3142	3154	1
3154	3142	1
3142	3154	2
3154	3142	2
3142	3147	0
3147	3142	0
3142	3147	1
3147	3142	1
3142	3147	2
3147	3142	2
3143	3144	0
3144	3143	0
3143	3144	1
3144	3143	1
3143	3144	2
3144	3143	2
3143	3145	0
3145	3143	0
3143	3145	1
3145	3143	1
3143	3145	2
3145	3143	2
3143	3150	0
3150	3143	0
3143	3150	1
3150	3143	1
3143	3150	2
3150	3143	2
3143	3155	0
3155	3143	0
3143	3155	1
3155	3143	1
3143	3155	2
3155	3143	2
3143	3158	0
3158	3143	0
3143	3158	1
3158	3143	1
3143	3158	2
3158	3143	2
3144	3146	0
3146	3144	0
3144	3146	1
3146	3144	1
3144	3146	2
3146	3144	2
3144	3148	0
3148	3144	0
3144	3148	1
3148	3144	1
3144	3148	2
3148	3144	2
3144	3155	0
3155	3144	0
3144	3155	1
3155	3144	1
3144	3155	2
3155	3144	2
3145	3148	0
3148	3145	0
3145	3148	1
3148	3145	1
3145	3148	2
3148	3145	2
3145	3155	0
3155	3145	0
3145	3155	1
3155	3145	1
3145	3155	2
3155	3145	2
3145	3146	0
3146	3145	0
3145	3146	1
3146	3145	1
3145	3146	2
3146	3145	2
3146	3150	0
3150	3146	0
3146	3150	1
3150	3146	1
3146	3150	2
3150	3146	2
3148	3150	0
3150	3148	0
3148	3150	1
3150	3148	1
3148	3150	2
3150	3148	2
3148	3155	0
3155	3148	0
3148	3155	1
3155	3148	1
3148	3155	2
3155	3148	2
3148	3158	0
3158	3148	0
3148	3158	1
3158	3148	1
3148	3158	2
3158	3148	2
3149	3165	0
3165	3149	0
3149	3165	1
3165	3149	1
3149	3165	2
3165	3149	2
3150	3155	0
3155	3150	0
3150	3155	1
3155	3150	1
3150	3155	2
3155	3150	2
3151	3152	0
3152	3151	0
3151	3152	1
3152	3151	1
3151	3152	2
3152	3151	2
3152	3161	0
3161	3152	0
3152	3161	1
3161	3152	1
3152	3161	2
3161	3152	2
3153	3155	0
3155	3153	0
3153	3155	1
3155	3153	1
3153	3155	2
3155	3153	2
3153	3158	0
3158	3153	0
3153	3158	1
3158	3153	1
3153	3158	2
3158	3153	2
3154	3158	0
3158	3154	0
3154	3158	1
3158	3154	1
3154	3158	2
3158	3154	2
3155	3158	0
3158	3155	0
3155	3158	1
3158	3155	1
3155	3158	2
3158	3155	2
3156	3163	0
3163	3156	0
3156	3163	1
3163	3156	1
3156	3163	2
3163	3156	2
3157	3163	0
3163	3157	0
3157	3163	1
3163	3157	1
3157	3163	2
3163	3157	2
3158	3163	0
3163	3158	0
3158	3163	1
3163	3158	1
3158	3163	2
3163	3158	2
3159	3160	0
3160	3159	0
3159	3160	1
3160	3159	1
3159	3160	2
3160	3159	2
3159	3161	0
3161	3159	0
3159	3161	1
3161	3159	1
3159	3161	2
3161	3159	2
3160	3161	0
3161	3160	0
3160	3161	1
3161	3160	1
3160	3161	2
3161	3160	2
3162	3166	0
3166	3162	0
3162	3166	1
3166	3162	1
3162	3166	2
3166	3162	2
3164	3165	0
3165	3164	0
3164	3165	1
3165	3164	1
3164	3165	2
3165	3164	2
3166	3167	0
3167	3166	0
3166	3167	1
3167	3166	1
3166	3167	2
3167	3166	2
3169	3170	0
3170	3169	0
3169	3170	1
3170	3169	1
3169	3170	2
3170	3169	2
3171	3176	0
3176	3171	0
3171	3176	1
3176	3171	1
3171	3176	2
3176	3171	2
3172	3181	0
3181	3172	0
3172	3181	1
3181	3172	1
3172	3181	2
3181	3172	2
3173	3178	0
3178	3173	0
3173	3178	1
3178	3173	1
3173	3178	2
3178	3173	2
3173	3180	0
3180	3173	0
3173	3180	1
3180	3173	1
3173	3180	2
3180	3173	2
3174	3180	0
3180	3174	0
3174	3180	1
3180	3174	1
3174	3180	2
3180	3174	2
3175	3181	0
3181	3175	0
3175	3181	1
3181	3175	1
3175	3181	2
3181	3175	2
3176	3182	0
3182	3176	0
3176	3182	1
3182	3176	1
3176	3182	2
3182	3176	2
3177	3181	0
3181	3177	0
3177	3181	1
3181	3177	1
3177	3181	2
3181	3177	2
3186	3195	0
3195	3186	0
3186	3195	1
3195	3186	1
3186	3195	2
3195	3186	2
3187	3205	0
3205	3187	0
3187	3205	1
3205	3187	1
3187	3205	2
3205	3187	2
3187	3197	0
3197	3187	0
3187	3197	1
3197	3187	1
3187	3197	2
3197	3187	2
3188	3203	0
3203	3188	0
3188	3203	1
3203	3188	1
3188	3203	2
3203	3188	2
3189	3206	0
3206	3189	0
3189	3206	1
3206	3189	1
3189	3206	2
3206	3189	2
3189	3196	0
3196	3189	0
3189	3196	1
3196	3189	1
3189	3196	2
3196	3189	2
3190	3192	0
3192	3190	0
3190	3192	1
3192	3190	1
3190	3192	2
3192	3190	2
3190	3193	0
3193	3190	0
3190	3193	1
3193	3190	1
3190	3193	2
3193	3190	2
3190	3194	0
3194	3190	0
3190	3194	1
3194	3190	1
3190	3194	2
3194	3190	2
3192	3196	0
3196	3192	0
3192	3196	1
3196	3192	1
3192	3196	2
3196	3192	2
3192	3202	0
3202	3192	0
3192	3202	1
3202	3192	1
3192	3202	2
3202	3192	2
3193	3194	0
3194	3193	0
3193	3194	1
3194	3193	1
3193	3194	2
3194	3193	2
3193	3202	0
3202	3193	0
3193	3202	1
3202	3193	1
3193	3202	2
3202	3193	2
3194	3202	0
3202	3194	0
3194	3202	1
3202	3194	1
3194	3202	2
3202	3194	2
3197	3204	0
3204	3197	0
3197	3204	1
3204	3197	1
3197	3204	2
3204	3197	2
3203	3204	0
3204	3203	0
3203	3204	1
3204	3203	1
3203	3204	2
3204	3203	2
3208	3210	0
3210	3208	0
3208	3210	1
3210	3208	1
3208	3210	2
3210	3208	2
3208	3215	0
3215	3208	0
3208	3215	1
3215	3208	1
3208	3215	2
3215	3208	2
3208	3216	0
3216	3208	0
3208	3216	1
3216	3208	1
3208	3216	2
3216	3208	2
3208	3213	0
3213	3208	0
3208	3213	1
3213	3208	1
3208	3213	2
3213	3208	2
3209	3212	0
3212	3209	0
3209	3212	1
3212	3209	1
3209	3212	2
3212	3209	2
3209	3214	0
3214	3209	0
3209	3214	1
3214	3209	1
3209	3214	2
3214	3209	2
3210	3211	0
3211	3210	0
3210	3211	1
3211	3210	1
3210	3211	2
3211	3210	2
3210	3215	0
3215	3210	0
3210	3215	1
3215	3210	1
3210	3215	2
3215	3210	2
3211	3214	0
3214	3211	0
3211	3214	1
3214	3211	1
3211	3214	2
3214	3211	2
3211	3215	0
3215	3211	0
3211	3215	1
3215	3211	1
3211	3215	2
3215	3211	2
3212	3216	0
3216	3212	0
3212	3216	1
3216	3212	1
3212	3216	2
3216	3212	2
3212	3213	0
3213	3212	0
3212	3213	1
3213	3212	1
3212	3213	2
3213	3212	2
3217	3258	0
3258	3217	0
3217	3258	1
3258	3217	1
3217	3258	2
3258	3217	2
3217	3253	0
3253	3217	0
3217	3253	1
3253	3217	1
3217	3253	2
3253	3217	2
3217	3282	0
3282	3217	0
3217	3282	1
3282	3217	1
3217	3282	2
3282	3217	2
3218	3268	0
3268	3218	0
3218	3268	1
3268	3218	1
3218	3268	2
3268	3218	2
3218	3249	0
3249	3218	0
3218	3249	1
3249	3218	1
3218	3249	2
3249	3218	2
3219	3281	0
3281	3219	0
3219	3281	1
3281	3219	1
3219	3281	2
3281	3219	2
3220	3286	0
3286	3220	0
3220	3286	1
3286	3220	1
3220	3286	2
3286	3220	2
3221	3231	0
3231	3221	0
3221	3231	1
3231	3221	1
3221	3231	2
3231	3221	2
3222	3285	0
3285	3222	0
3222	3285	1
3285	3222	1
3222	3285	2
3285	3222	2
3222	3228	0
3228	3222	0
3222	3228	1
3228	3222	1
3222	3228	2
3228	3222	2
3223	3250	0
3250	3223	0
3223	3250	1
3250	3223	1
3223	3250	2
3250	3223	2
3223	3273	0
3273	3223	0
3223	3273	1
3273	3223	1
3223	3273	2
3273	3223	2
3223	3270	0
3270	3223	0
3223	3270	1
3270	3223	1
3223	3270	2
3270	3223	2
3224	3274	0
3274	3224	0
3224	3274	1
3274	3224	1
3224	3274	2
3274	3224	2
3224	3271	0
3271	3224	0
3224	3271	1
3271	3224	1
3224	3271	2
3271	3224	2
3224	3269	0
3269	3224	0
3224	3269	1
3269	3224	1
3224	3269	2
3269	3224	2
3225	3275	0
3275	3225	0
3225	3275	1
3275	3225	1
3225	3275	2
3275	3225	2
3225	3281	0
3281	3225	0
3225	3281	1
3281	3225	1
3225	3281	2
3281	3225	2
3226	3234	0
3234	3226	0
3226	3234	1
3234	3226	1
3226	3234	2
3234	3226	2
3226	3235	0
3235	3226	0
3226	3235	1
3235	3226	1
3226	3235	2
3235	3226	2
3227	3252	0
3252	3227	0
3227	3252	1
3252	3227	1
3227	3252	2
3252	3227	2
3227	3251	0
3251	3227	0
3227	3251	1
3251	3227	1
3227	3251	2
3251	3227	2
3228	3285	0
3285	3228	0
3228	3285	1
3285	3228	1
3228	3285	2
3285	3228	2
3228	3254	0
3254	3228	0
3228	3254	1
3254	3228	1
3228	3254	2
3254	3228	2
3228	3276	0
3276	3228	0
3228	3276	1
3276	3228	1
3228	3276	2
3276	3228	2
3228	3236	0
3236	3228	0
3228	3236	1
3236	3228	1
3228	3236	2
3236	3228	2
3228	3230	0
3230	3228	0
3228	3230	1
3230	3228	1
3228	3230	2
3230	3228	2
3229	3231	0
3231	3229	0
3229	3231	1
3231	3229	1
3229	3231	2
3231	3229	2
3230	3236	0
3236	3230	0
3230	3236	1
3236	3230	1
3230	3236	2
3236	3230	2
3237	3241	0
3241	3237	0
3237	3241	1
3241	3237	1
3237	3241	2
3241	3237	2
3237	3245	0
3245	3237	0
3237	3245	1
3245	3237	1
3237	3245	2
3245	3237	2
3237	3246	0
3246	3237	0
3237	3246	1
3246	3237	1
3237	3246	2
3246	3237	2
3237	3248	0
3248	3237	0
3237	3248	1
3248	3237	1
3237	3248	2
3248	3237	2
3237	3243	0
3243	3237	0
3237	3243	1
3243	3237	1
3237	3243	2
3243	3237	2
3237	3244	0
3244	3237	0
3237	3244	1
3244	3237	1
3237	3244	2
3244	3237	2
3238	3247	0
3247	3238	0
3238	3247	1
3247	3238	1
3238	3247	2
3247	3238	2
3238	3261	0
3261	3238	0
3238	3261	1
3261	3238	1
3238	3261	2
3261	3238	2
3238	3248	0
3248	3238	0
3238	3248	1
3248	3238	1
3238	3248	2
3248	3238	2
3238	3259	0
3259	3238	0
3238	3259	1
3259	3238	1
3238	3259	2
3259	3238	2
3238	3262	0
3262	3238	0
3238	3262	1
3262	3238	1
3238	3262	2
3262	3238	2
3239	3247	0
3247	3239	0
3239	3247	1
3247	3239	1
3239	3247	2
3247	3239	2
3239	3261	0
3261	3239	0
3239	3261	1
3261	3239	1
3239	3261	2
3261	3239	2
3239	3259	0
3259	3239	0
3239	3259	1
3259	3239	1
3239	3259	2
3259	3239	2
3239	3262	0
3262	3239	0
3239	3262	1
3262	3239	1
3239	3262	2
3262	3239	2
3240	3247	0
3247	3240	0
3240	3247	1
3247	3240	1
3240	3247	2
3247	3240	2
3240	3261	0
3261	3240	0
3240	3261	1
3261	3240	1
3240	3261	2
3261	3240	2
3240	3259	0
3259	3240	0
3240	3259	1
3259	3240	1
3240	3259	2
3259	3240	2
3240	3262	0
3262	3240	0
3240	3262	1
3262	3240	1
3240	3262	2
3262	3240	2
3241	3248	0
3248	3241	0
3241	3248	1
3248	3241	1
3241	3248	2
3248	3241	2
3241	3265	0
3265	3241	0
3241	3265	1
3265	3241	1
3241	3265	2
3265	3241	2
3241	3277	0
3277	3241	0
3241	3277	1
3277	3241	1
3241	3277	2
3277	3241	2
3241	3260	0
3260	3241	0
3241	3260	1
3260	3241	1
3241	3260	2
3260	3241	2
3242	3247	0
3247	3242	0
3242	3247	1
3247	3242	1
3242	3247	2
3247	3242	2
3242	3261	0
3261	3242	0
3242	3261	1
3261	3242	1
3242	3261	2
3261	3242	2
3242	3246	0
3246	3242	0
3242	3246	1
3246	3242	1
3242	3246	2
3246	3242	2
3242	3259	0
3259	3242	0
3242	3259	1
3259	3242	1
3242	3259	2
3259	3242	2
3242	3262	0
3262	3242	0
3242	3262	1
3262	3242	1
3242	3262	2
3262	3242	2
3243	3255	0
3255	3243	0
3243	3255	1
3255	3243	1
3243	3255	2
3255	3243	2
3243	3248	0
3248	3243	0
3243	3248	1
3248	3243	1
3243	3248	2
3248	3243	2
3244	3248	0
3248	3244	0
3244	3248	1
3248	3244	1
3244	3248	2
3248	3244	2
3244	3272	0
3272	3244	0
3244	3272	1
3272	3244	1
3244	3272	2
3272	3244	2
3245	3248	0
3248	3245	0
3245	3248	1
3248	3245	1
3245	3248	2
3248	3245	2
3245	3265	0
3265	3245	0
3245	3265	1
3265	3245	1
3245	3265	2
3265	3245	2
3245	3277	0
3277	3245	0
3245	3277	1
3277	3245	1
3245	3277	2
3277	3245	2
3245	3260	0
3260	3245	0
3245	3260	1
3260	3245	1
3245	3260	2
3260	3245	2
3246	3248	0
3248	3246	0
3246	3248	1
3248	3246	1
3246	3248	2
3248	3246	2
3246	3265	0
3265	3246	0
3246	3265	1
3265	3246	1
3246	3265	2
3265	3246	2
3246	3277	0
3277	3246	0
3246	3277	1
3277	3246	1
3246	3277	2
3277	3246	2
3246	3260	0
3260	3246	0
3246	3260	1
3260	3246	1
3246	3260	2
3260	3246	2
3247	3261	0
3261	3247	0
3247	3261	1
3261	3247	1
3247	3261	2
3261	3247	2
3247	3272	0
3272	3247	0
3247	3272	1
3272	3247	1
3247	3272	2
3272	3247	2
3247	3255	0
3255	3247	0
3247	3255	1
3255	3247	1
3247	3255	2
3255	3247	2
3249	3256	0
3256	3249	0
3249	3256	1
3256	3249	1
3249	3256	2
3256	3249	2
3249	3257	0
3257	3249	0
3249	3257	1
3257	3249	1
3249	3257	2
3257	3249	2
3249	3278	0
3278	3249	0
3249	3278	1
3278	3249	1
3249	3278	2
3278	3249	2
3250	3264	0
3264	3250	0
3250	3264	1
3264	3250	1
3250	3264	2
3264	3250	2
3250	3283	0
3283	3250	0
3250	3283	1
3283	3250	1
3250	3283	2
3283	3250	2
3250	3263	0
3263	3250	0
3250	3263	1
3263	3250	1
3250	3263	2
3263	3250	2
3253	3268	0
3268	3253	0
3253	3268	1
3268	3253	1
3253	3268	2
3268	3253	2
3253	3260	0
3260	3253	0
3253	3260	1
3260	3253	1
3253	3260	2
3260	3253	2
3253	3277	0
3277	3253	0
3253	3277	1
3277	3253	1
3253	3277	2
3277	3253	2
3254	3285	0
3285	3254	0
3254	3285	1
3285	3254	1
3254	3285	2
3285	3254	2
3255	3261	0
3261	3255	0
3255	3261	1
3261	3255	1
3255	3261	2
3261	3255	2
3256	3268	0
3268	3256	0
3256	3268	1
3268	3256	1
3256	3268	2
3268	3256	2
3257	3268	0
3268	3257	0
3257	3268	1
3268	3257	1
3257	3268	2
3268	3257	2
3258	3278	0
3278	3258	0
3258	3278	1
3278	3258	1
3258	3278	2
3278	3258	2
3259	3278	0
3278	3259	0
3259	3278	1
3278	3259	1
3259	3278	2
3278	3259	2
3261	3272	0
3272	3261	0
3261	3272	1
3272	3261	1
3261	3272	2
3272	3261	2
3262	3278	0
3278	3262	0
3262	3278	1
3278	3262	1
3262	3278	2
3278	3262	2
3263	3274	0
3274	3263	0
3263	3274	1
3274	3263	1
3263	3274	2
3274	3263	2
3263	3283	0
3283	3263	0
3263	3283	1
3283	3263	1
3263	3283	2
3283	3263	2
3264	3283	0
3283	3264	0
3264	3283	1
3283	3264	1
3264	3283	2
3283	3264	2
3265	3278	0
3278	3265	0
3265	3278	1
3278	3265	1
3265	3278	2
3278	3265	2
3267	3280	0
3280	3267	0
3267	3280	1
3280	3267	1
3267	3280	2
3280	3267	2
3267	3284	0
3284	3267	0
3267	3284	1
3284	3267	1
3267	3284	2
3284	3267	2
3270	3273	0
3273	3270	0
3270	3273	1
3273	3270	1
3270	3273	2
3273	3270	2
3271	3274	0
3274	3271	0
3271	3274	1
3274	3271	1
3271	3274	2
3274	3271	2
3275	3286	0
3286	3275	0
3275	3286	1
3286	3275	1
3275	3286	2
3286	3275	2
3279	3284	0
3284	3279	0
3279	3284	1
3284	3279	1
3279	3284	2
3284	3279	2
3287	3346	0
3346	3287	0
3287	3346	1
3346	3287	1
3287	3346	2
3346	3287	2
3287	3338	0
3338	3287	0
3287	3338	1
3338	3287	1
3287	3338	2
3338	3287	2
3287	3347	0
3347	3287	0
3287	3347	1
3347	3287	1
3287	3347	2
3347	3287	2
3287	3337	0
3337	3287	0
3287	3337	1
3337	3287	1
3287	3337	2
3337	3287	2
3288	3337	0
3337	3288	0
3288	3337	1
3337	3288	1
3288	3337	2
3337	3288	2
3288	3340	0
3340	3288	0
3288	3340	1
3340	3288	1
3288	3340	2
3340	3288	2
3289	3350	0
3350	3289	0
3289	3350	1
3350	3289	1
3289	3350	2
3350	3289	2
3290	3386	0
3386	3290	0
3290	3386	1
3386	3290	1
3290	3386	2
3386	3290	2
3290	3374	0
3374	3290	0
3290	3374	1
3374	3290	1
3290	3374	2
3374	3290	2
3292	3358	0
3358	3292	0
3292	3358	1
3358	3292	1
3292	3358	2
3358	3292	2
3293	3324	0
3324	3293	0
3293	3324	1
3324	3293	1
3293	3324	2
3324	3293	2
3293	3331	0
3331	3293	0
3293	3331	1
3331	3293	1
3293	3331	2
3331	3293	2
3293	3360	0
3360	3293	0
3293	3360	1
3360	3293	1
3293	3360	2
3360	3293	2
3293	3362	0
3362	3293	0
3293	3362	1
3362	3293	1
3293	3362	2
3362	3293	2
3293	3311	0
3311	3293	0
3293	3311	1
3311	3293	1
3293	3311	2
3311	3293	2
3293	3325	0
3325	3293	0
3293	3325	1
3325	3293	1
3293	3325	2
3325	3293	2
3294	3331	0
3331	3294	0
3294	3331	1
3331	3294	1
3294	3331	2
3331	3294	2
3294	3360	0
3360	3294	0
3294	3360	1
3360	3294	1
3294	3360	2
3360	3294	2
3294	3362	0
3362	3294	0
3294	3362	1
3362	3294	1
3294	3362	2
3362	3294	2
3294	3311	0
3311	3294	0
3294	3311	1
3311	3294	1
3294	3311	2
3311	3294	2
3294	3325	0
3325	3294	0
3294	3325	1
3325	3294	1
3294	3325	2
3325	3294	2
3295	3345	0
3345	3295	0
3295	3345	1
3345	3295	1
3295	3345	2
3345	3295	2
3296	3352	0
3352	3296	0
3296	3352	1
3352	3296	1
3296	3352	2
3352	3296	2
3296	3365	0
3365	3296	0
3296	3365	1
3365	3296	1
3296	3365	2
3365	3296	2
3296	3389	0
3389	3296	0
3296	3389	1
3389	3296	1
3296	3389	2
3389	3296	2
3297	3312	0
3312	3297	0
3297	3312	1
3312	3297	1
3297	3312	2
3312	3297	2
3297	3343	0
3343	3297	0
3297	3343	1
3343	3297	1
3297	3343	2
3343	3297	2
3298	3328	0
3328	3298	0
3298	3328	1
3328	3298	1
3298	3328	2
3328	3298	2
3298	3313	0
3313	3298	0
3298	3313	1
3313	3298	1
3298	3313	2
3313	3298	2
3299	3362	0
3362	3299	0
3299	3362	1
3362	3299	1
3299	3362	2
3362	3299	2
3299	3311	0
3311	3299	0
3299	3311	1
3311	3299	1
3299	3311	2
3311	3299	2
3299	3325	0
3325	3299	0
3299	3325	1
3325	3299	1
3299	3325	2
3325	3299	2
3299	3327	0
3327	3299	0
3299	3327	1
3327	3299	1
3299	3327	2
3327	3299	2
3299	3331	0
3331	3299	0
3299	3331	1
3331	3299	1
3299	3331	2
3331	3299	2
3299	3360	0
3360	3299	0
3299	3360	1
3360	3299	1
3299	3360	2
3360	3299	2
3300	3360	0
3360	3300	0
3300	3360	1
3360	3300	1
3300	3360	2
3360	3300	2
3300	3364	0
3364	3300	0
3300	3364	1
3364	3300	1
3300	3364	2
3364	3300	2
3300	3334	0
3334	3300	0
3300	3334	1
3334	3300	1
3300	3334	2
3334	3300	2
3300	3335	0
3335	3300	0
3300	3335	1
3335	3300	1
3300	3335	2
3335	3300	2
3300	3363	0
3363	3300	0
3300	3363	1
3363	3300	1
3300	3363	2
3363	3300	2
3300	3307	0
3307	3300	0
3300	3307	1
3307	3300	1
3300	3307	2
3307	3300	2
3300	3324	0
3324	3300	0
3300	3324	1
3324	3300	1
3300	3324	2
3324	3300	2
3300	3327	0
3327	3300	0
3300	3327	1
3327	3300	1
3300	3327	2
3327	3300	2
3301	3370	0
3370	3301	0
3301	3370	1
3370	3301	1
3301	3370	2
3370	3301	2
3302	3321	0
3321	3302	0
3302	3321	1
3321	3302	1
3302	3321	2
3321	3302	2
3302	3378	0
3378	3302	0
3302	3378	1
3378	3302	1
3302	3378	2
3378	3302	2
3303	3360	0
3360	3303	0
3303	3360	1
3360	3303	1
3303	3360	2
3360	3303	2
3303	3331	0
3331	3303	0
3303	3331	1
3331	3303	1
3303	3331	2
3331	3303	2
3303	3334	0
3334	3303	0
3303	3334	1
3334	3303	1
3303	3334	2
3334	3303	2
3303	3380	0
3380	3303	0
3303	3380	1
3380	3303	1
3303	3380	2
3380	3303	2
3303	3383	0
3383	3303	0
3303	3383	1
3383	3303	1
3303	3383	2
3383	3303	2
3304	3310	0
3310	3304	0
3304	3310	1
3310	3304	1
3304	3310	2
3310	3304	2
3304	3364	0
3364	3304	0
3304	3364	1
3364	3304	1
3304	3364	2
3364	3304	2
3304	3334	0
3334	3304	0
3304	3334	1
3334	3304	1
3304	3334	2
3334	3304	2
3304	3335	0
3335	3304	0
3304	3335	1
3335	3304	1
3304	3335	2
3335	3304	2
3305	3366	0
3366	3305	0
3305	3366	1
3366	3305	1
3305	3366	2
3366	3305	2
3305	3370	0
3370	3305	0
3305	3370	1
3370	3305	1
3305	3370	2
3370	3305	2
3305	3394	0
3394	3305	0
3305	3394	1
3394	3305	1
3305	3394	2
3394	3305	2
3306	3394	0
3394	3306	0
3306	3394	1
3394	3306	1
3306	3394	2
3394	3306	2
3306	3385	0
3385	3306	0
3306	3385	1
3385	3306	1
3306	3385	2
3385	3306	2
3306	3321	0
3321	3306	0
3306	3321	1
3321	3306	1
3306	3321	2
3321	3306	2
3306	3378	0
3378	3306	0
3306	3378	1
3378	3306	1
3306	3378	2
3378	3306	2
3307	3333	0
3333	3307	0
3307	3333	1
3333	3307	1
3307	3333	2
3333	3307	2
3307	3308	0
3308	3307	0
3307	3308	1
3308	3307	1
3307	3308	2
3308	3307	2
3307	3309	0
3309	3307	0
3307	3309	1
3309	3307	1
3307	3309	2
3309	3307	2
3307	3351	0
3351	3307	0
3307	3351	1
3351	3307	1
3307	3351	2
3351	3307	2
3307	3362	0
3362	3307	0
3307	3362	1
3362	3307	1
3307	3362	2
3362	3307	2
3307	3365	0
3365	3307	0
3307	3365	1
3365	3307	1
3307	3365	2
3365	3307	2
3308	3364	0
3364	3308	0
3308	3364	1
3364	3308	1
3308	3364	2
3364	3308	2
3308	3334	0
3334	3308	0
3308	3334	1
3334	3308	1
3308	3334	2
3334	3308	2
3308	3335	0
3335	3308	0
3308	3335	1
3335	3308	1
3308	3335	2
3335	3308	2
3308	3363	0
3363	3308	0
3308	3363	1
3363	3308	1
3308	3363	2
3363	3308	2
3308	3324	0
3324	3308	0
3308	3324	1
3324	3308	1
3308	3324	2
3324	3308	2
3308	3327	0
3327	3308	0
3308	3327	1
3327	3308	1
3308	3327	2
3327	3308	2
3309	3331	0
3331	3309	0
3309	3331	1
3331	3309	1
3309	3331	2
3331	3309	2
3309	3360	0
3360	3309	0
3309	3360	1
3360	3309	1
3309	3360	2
3360	3309	2
3309	3362	0
3362	3309	0
3309	3362	1
3362	3309	1
3309	3362	2
3362	3309	2
3309	3311	0
3311	3309	0
3309	3311	1
3311	3309	1
3309	3311	2
3311	3309	2
3309	3325	0
3325	3309	0
3309	3325	1
3325	3309	1
3309	3325	2
3325	3309	2
3310	3364	0
3364	3310	0
3310	3364	1
3364	3310	1
3310	3364	2
3364	3310	2
3310	3334	0
3334	3310	0
3310	3334	1
3334	3310	1
3310	3334	2
3334	3310	2
3310	3335	0
3335	3310	0
3310	3335	1
3335	3310	1
3310	3335	2
3335	3310	2
3311	3336	0
3336	3311	0
3311	3336	1
3336	3311	1
3311	3336	2
3336	3311	2
3311	3345	0
3345	3311	0
3311	3345	1
3345	3311	1
3311	3345	2
3345	3311	2
3312	3344	0
3344	3312	0
3312	3344	1
3344	3312	1
3312	3344	2
3344	3312	2
3312	3323	0
3323	3312	0
3312	3323	1
3323	3312	1
3312	3323	2
3323	3312	2
3312	3326	0
3326	3312	0
3312	3326	1
3326	3312	1
3312	3326	2
3326	3312	2
3312	3329	0
3329	3312	0
3312	3329	1
3329	3312	1
3312	3329	2
3329	3312	2
3313	3320	0
3320	3313	0
3313	3320	1
3320	3313	1
3313	3320	2
3320	3313	2
3313	3328	0
3328	3313	0
3313	3328	1
3328	3313	1
3313	3328	2
3328	3313	2
3318	3396	0
3396	3318	0
3318	3396	1
3396	3318	1
3318	3396	2
3396	3318	2
3319	3396	0
3396	3319	0
3319	3396	1
3396	3319	1
3319	3396	2
3396	3319	2
3320	3328	0
3328	3320	0
3320	3328	1
3328	3320	1
3320	3328	2
3328	3320	2
3320	3332	0
3332	3320	0
3320	3332	1
3332	3320	1
3320	3332	2
3332	3320	2
3321	3339	0
3339	3321	0
3321	3339	1
3339	3321	1
3321	3339	2
3339	3321	2
3322	3370	0
3370	3322	0
3322	3370	1
3370	3322	1
3322	3370	2
3370	3322	2
3322	3378	0
3378	3322	0
3322	3378	1
3378	3322	1
3322	3378	2
3378	3322	2
3322	3355	0
3355	3322	0
3322	3355	1
3355	3322	1
3322	3355	2
3355	3322	2
3323	3343	0
3343	3323	0
3323	3343	1
3343	3323	1
3323	3343	2
3343	3323	2
3323	3344	0
3344	3323	0
3323	3344	1
3344	3323	1
3323	3344	2
3344	3323	2
3323	3357	0
3357	3323	0
3323	3357	1
3357	3323	1
3323	3357	2
3357	3323	2
3324	3363	0
3363	3324	0
3324	3363	1
3363	3324	1
3324	3363	2
3363	3324	2
3324	3333	0
3333	3324	0
3324	3333	1
3333	3324	1
3324	3333	2
3333	3324	2
3324	3351	0
3351	3324	0
3324	3351	1
3351	3324	1
3324	3351	2
3351	3324	2
3324	3362	0
3362	3324	0
3324	3362	1
3362	3324	1
3324	3362	2
3362	3324	2
3324	3365	0
3365	3324	0
3324	3365	1
3365	3324	1
3324	3365	2
3365	3324	2
3325	3336	0
3336	3325	0
3325	3336	1
3336	3325	1
3325	3336	2
3336	3325	2
3325	3345	0
3345	3325	0
3325	3345	1
3345	3325	1
3325	3345	2
3345	3325	2
3326	3343	0
3343	3326	0
3326	3343	1
3343	3326	1
3326	3343	2
3343	3326	2
3326	3332	0
3332	3326	0
3326	3332	1
3332	3326	1
3326	3332	2
3332	3326	2
3327	3333	0
3333	3327	0
3327	3333	1
3333	3327	1
3327	3333	2
3333	3327	2
3327	3351	0
3351	3327	0
3327	3351	1
3351	3327	1
3327	3351	2
3351	3327	2
3327	3365	0
3365	3327	0
3327	3365	1
3365	3327	1
3327	3365	2
3365	3327	2
3329	3343	0
3343	3329	0
3329	3343	1
3343	3329	1
3329	3343	2
3343	3329	2
3330	3396	0
3396	3330	0
3330	3396	1
3396	3330	1
3330	3396	2
3396	3330	2
3331	3336	0
3336	3331	0
3331	3336	1
3336	3331	1
3331	3336	2
3336	3331	2
3331	3382	0
3382	3331	0
3331	3382	1
3382	3331	1
3331	3382	2
3382	3331	2
3333	3364	0
3364	3333	0
3333	3364	1
3364	3333	1
3333	3364	2
3364	3333	2
3333	3334	0
3334	3333	0
3333	3334	1
3334	3333	1
3333	3334	2
3334	3333	2
3333	3335	0
3335	3333	0
3333	3335	1
3335	3333	1
3333	3335	2
3335	3333	2
3333	3363	0
3363	3333	0
3333	3363	1
3363	3333	1
3333	3363	2
3363	3333	2
3334	3351	0
3351	3334	0
3334	3351	1
3351	3334	1
3334	3351	2
3351	3334	2
3334	3380	0
3380	3334	0
3334	3380	1
3380	3334	1
3334	3380	2
3380	3334	2
3335	3364	0
3364	3335	0
3335	3364	1
3364	3335	1
3335	3364	2
3364	3335	2
3335	3351	0
3351	3335	0
3335	3351	1
3351	3335	1
3335	3351	2
3351	3335	2
3335	3380	0
3380	3335	0
3335	3380	1
3380	3335	1
3335	3380	2
3380	3335	2
3336	3360	0
3360	3336	0
3336	3360	1
3360	3336	1
3336	3360	2
3360	3336	2
3336	3362	0
3362	3336	0
3336	3362	1
3362	3336	1
3336	3362	2
3362	3336	2
3337	3346	0
3346	3337	0
3337	3346	1
3346	3337	1
3337	3346	2
3346	3337	2
3337	3353	0
3353	3337	0
3337	3353	1
3353	3337	1
3337	3353	2
3353	3337	2
3338	3347	0
3347	3338	0
3338	3347	1
3347	3338	1
3338	3347	2
3347	3338	2
3338	3354	0
3354	3338	0
3338	3354	1
3354	3338	1
3338	3354	2
3354	3338	2
3338	3388	0
3388	3338	0
3338	3388	1
3388	3338	1
3338	3388	2
3388	3338	2
3339	3394	0
3394	3339	0
3339	3394	1
3394	3339	1
3339	3394	2
3394	3339	2
3339	3385	0
3385	3339	0
3339	3385	1
3385	3339	1
3339	3385	2
3385	3339	2
3339	3378	0
3378	3339	0
3339	3378	1
3378	3339	1
3339	3378	2
3378	3339	2
3340	3354	0
3354	3340	0
3340	3354	1
3354	3340	1
3340	3354	2
3354	3340	2
3340	3388	0
3388	3340	0
3340	3388	1
3388	3340	1
3340	3388	2
3388	3340	2
3340	3346	0
3346	3340	0
3340	3346	1
3346	3340	1
3340	3346	2
3346	3340	2
3341	3356	0
3356	3341	0
3341	3356	1
3356	3341	1
3341	3356	2
3356	3341	2
3342	3395	0
3395	3342	0
3342	3395	1
3395	3342	1
3342	3395	2
3395	3342	2
3342	3390	0
3390	3342	0
3342	3390	1
3390	3342	1
3342	3390	2
3390	3342	2
3343	3344	0
3344	3343	0
3343	3344	1
3344	3343	1
3343	3344	2
3344	3343	2
3344	3357	0
3357	3344	0
3344	3357	1
3357	3344	1
3344	3357	2
3357	3344	2
3348	3384	0
3384	3348	0
3348	3384	1
3384	3348	1
3348	3384	2
3384	3348	2
3350	3393	0
3393	3350	0
3350	3393	1
3393	3350	1
3350	3393	2
3393	3350	2
3351	3364	0
3364	3351	0
3351	3364	1
3364	3351	1
3351	3364	2
3364	3351	2
3351	3363	0
3363	3351	0
3351	3363	1
3363	3351	1
3351	3363	2
3363	3351	2
3352	3365	0
3365	3352	0
3352	3365	1
3365	3352	1
3352	3365	2
3365	3352	2
3352	3389	0
3389	3352	0
3352	3389	1
3389	3352	1
3352	3389	2
3389	3352	2
3355	3370	0
3370	3355	0
3355	3370	1
3370	3355	1
3355	3370	2
3370	3355	2
3356	3376	0
3376	3356	0
3356	3376	1
3376	3356	1
3356	3376	2
3376	3356	2
3356	3387	0
3387	3356	0
3356	3387	1
3387	3356	1
3356	3387	2
3387	3356	2
3356	3391	0
3391	3356	0
3356	3391	1
3391	3356	1
3356	3391	2
3391	3356	2
3356	3392	0
3392	3356	0
3356	3392	1
3392	3356	1
3356	3392	2
3392	3356	2
3360	3382	0
3382	3360	0
3360	3382	1
3382	3360	1
3360	3382	2
3382	3360	2
3362	3365	0
3365	3362	0
3362	3365	1
3365	3362	1
3362	3365	2
3365	3362	2
3363	3365	0
3365	3363	0
3363	3365	1
3365	3363	1
3363	3365	2
3365	3363	2
3364	3380	0
3380	3364	0
3364	3380	1
3380	3364	1
3364	3380	2
3380	3364	2
3366	3370	0
3370	3366	0
3366	3370	1
3370	3366	1
3366	3370	2
3370	3366	2
3367	3370	0
3370	3367	0
3367	3370	1
3370	3367	1
3367	3370	2
3370	3367	2
3374	3375	0
3375	3374	0
3374	3375	1
3375	3374	1
3374	3375	2
3375	3374	2
3375	3391	0
3391	3375	0
3375	3391	1
3391	3375	1
3375	3391	2
3391	3375	2
3375	3390	0
3390	3375	0
3375	3390	1
3390	3375	1
3375	3390	2
3390	3375	2
3375	3386	0
3386	3375	0
3375	3386	1
3386	3375	1
3375	3386	2
3386	3375	2
3376	3387	0
3387	3376	0
3376	3387	1
3387	3376	1
3376	3387	2
3387	3376	2
3376	3393	0
3393	3376	0
3376	3393	1
3393	3376	1
3376	3393	2
3393	3376	2
3382	3383	0
3383	3382	0
3382	3383	1
3383	3382	1
3382	3383	2
3383	3382	2
3385	3394	0
3394	3385	0
3385	3394	1
3394	3385	1
3385	3394	2
3394	3385	2
3387	3393	0
3393	3387	0
3387	3393	1
3393	3387	1
3387	3393	2
3393	3387	2
3390	3395	0
3395	3390	0
3390	3395	1
3395	3390	1
3390	3395	2
3395	3390	2
3397	3407	0
3407	3397	0
3397	3407	1
3407	3397	1
3397	3407	2
3407	3397	2
3397	3401	0
3401	3397	0
3397	3401	1
3401	3397	1
3397	3401	2
3401	3397	2
3397	3399	0
3399	3397	0
3397	3399	1
3399	3397	1
3397	3399	2
3399	3397	2
3398	3404	0
3404	3398	0
3398	3404	1
3404	3398	1
3398	3404	2
3404	3398	2
3398	3408	0
3408	3398	0
3398	3408	1
3408	3398	1
3398	3408	2
3408	3398	2
3399	3402	0
3402	3399	0
3399	3402	1
3402	3399	1
3399	3402	2
3402	3399	2
3399	3406	0
3406	3399	0
3399	3406	1
3406	3399	1
3399	3406	2
3406	3399	2
3399	3407	0
3407	3399	0
3399	3407	1
3407	3399	1
3399	3407	2
3407	3399	2
3400	3404	0
3404	3400	0
3400	3404	1
3404	3400	1
3400	3404	2
3404	3400	2
3401	3406	0
3406	3401	0
3401	3406	1
3406	3401	1
3401	3406	2
3406	3401	2
3401	3407	0
3407	3401	0
3401	3407	1
3407	3401	1
3401	3407	2
3407	3401	2
3402	3404	0
3404	3402	0
3402	3404	1
3404	3402	1
3402	3404	2
3404	3402	2
3403	3404	0
3404	3403	0
3403	3404	1
3404	3403	1
3403	3404	2
3404	3403	2
3404	3405	0
3405	3404	0
3404	3405	1
3405	3404	1
3404	3405	2
3405	3404	2
3409	3416	0
3416	3409	0
3409	3416	1
3416	3409	1
3409	3416	2
3416	3409	2
3409	3420	0
3420	3409	0
3409	3420	1
3420	3409	1
3409	3420	2
3420	3409	2
3410	3414	0
3414	3410	0
3410	3414	1
3414	3410	1
3410	3414	2
3414	3410	2
3410	3415	0
3415	3410	0
3410	3415	1
3415	3410	1
3410	3415	2
3415	3410	2
3410	3421	0
3421	3410	0
3410	3421	1
3421	3410	1
3410	3421	2
3421	3410	2
3411	3417	0
3417	3411	0
3411	3417	1
3417	3411	1
3411	3417	2
3417	3411	2
3411	3419	0
3419	3411	0
3411	3419	1
3419	3411	1
3411	3419	2
3419	3411	2
3412	3418	0
3418	3412	0
3412	3418	1
3418	3412	1
3412	3418	2
3418	3412	2
3413	3414	0
3414	3413	0
3413	3414	1
3414	3413	1
3413	3414	2
3414	3413	2
3413	3415	0
3415	3413	0
3413	3415	1
3415	3413	1
3413	3415	2
3415	3413	2
3413	3421	0
3421	3413	0
3413	3421	1
3421	3413	1
3413	3421	2
3421	3413	2
3417	3418	0
3418	3417	0
3417	3418	1
3418	3417	1
3417	3418	2
3418	3417	2
3419	3422	0
3422	3419	0
3419	3422	1
3422	3419	1
3419	3422	2
3422	3419	2
3423	3429	0
3429	3423	0
3423	3429	1
3429	3423	1
3423	3429	2
3429	3423	2
3423	3430	0
3430	3423	0
3423	3430	1
3430	3423	1
3423	3430	2
3430	3423	2
3423	3428	0
3428	3423	0
3423	3428	1
3428	3423	1
3423	3428	2
3428	3423	2
3423	3427	0
3427	3423	0
3423	3427	1
3427	3423	1
3423	3427	2
3427	3423	2
3424	3425	0
3425	3424	0
3424	3425	1
3425	3424	1
3424	3425	2
3425	3424	2
3424	3426	0
3426	3424	0
3424	3426	1
3426	3424	1
3424	3426	2
3426	3424	2
3425	3427	0
3427	3425	0
3425	3427	1
3427	3425	1
3425	3427	2
3427	3425	2
3431	3433	0
3433	3431	0
3431	3433	1
3433	3431	1
3431	3433	2
3433	3431	2
3431	3439	0
3439	3431	0
3431	3439	1
3439	3431	1
3431	3439	2
3439	3431	2
3432	3434	0
3434	3432	0
3432	3434	1
3434	3432	1
3432	3434	2
3434	3432	2
3432	3438	0
3438	3432	0
3432	3438	1
3438	3432	1
3432	3438	2
3438	3432	2
3432	3436	0
3436	3432	0
3432	3436	1
3436	3432	1
3432	3436	2
3436	3432	2
3433	3437	0
3437	3433	0
3433	3437	1
3437	3433	1
3433	3437	2
3437	3433	2
3433	3440	0
3440	3433	0
3433	3440	1
3440	3433	1
3433	3440	2
3440	3433	2
3433	3435	0
3435	3433	0
3433	3435	1
3435	3433	1
3433	3435	2
3435	3433	2
3434	3438	0
3438	3434	0
3434	3438	1
3438	3434	1
3434	3438	2
3438	3434	2
3435	3439	0
3439	3435	0
3435	3439	1
3439	3435	1
3435	3439	2
3439	3435	2
3437	3439	0
3439	3437	0
3437	3439	1
3439	3437	1
3437	3439	2
3439	3437	2
3439	3440	0
3440	3439	0
3439	3440	1
3440	3439	1
3439	3440	2
3440	3439	2
3441	3448	0
3448	3441	0
3441	3448	1
3448	3441	1
3441	3448	2
3448	3441	2
3441	3444	0
3444	3441	0
3441	3444	1
3444	3441	1
3441	3444	2
3444	3441	2
3441	3445	0
3445	3441	0
3441	3445	1
3445	3441	1
3441	3445	2
3445	3441	2
3441	3446	0
3446	3441	0
3441	3446	1
3446	3441	1
3441	3446	2
3446	3441	2
3442	3448	0
3448	3442	0
3442	3448	1
3448	3442	1
3442	3448	2
3448	3442	2
3442	3444	0
3444	3442	0
3442	3444	1
3444	3442	1
3442	3444	2
3444	3442	2
3442	3445	0
3445	3442	0
3442	3445	1
3445	3442	1
3442	3445	2
3445	3442	2
3442	3446	0
3446	3442	0
3442	3446	1
3446	3442	1
3442	3446	2
3446	3442	2
3443	3447	0
3447	3443	0
3443	3447	1
3447	3443	1
3443	3447	2
3447	3443	2
3444	3445	0
3445	3444	0
3444	3445	1
3445	3444	1
3444	3445	2
3445	3444	2
3444	3446	0
3446	3444	0
3444	3446	1
3446	3444	1
3444	3446	2
3446	3444	2
3447	3448	0
3448	3447	0
3447	3448	1
3448	3447	1
3447	3448	2
3448	3447	2
3449	3465	0
3465	3449	0
3449	3465	1
3465	3449	1
3449	3465	2
3465	3449	2
3449	3468	0
3468	3449	0
3449	3468	1
3468	3449	1
3449	3468	2
3468	3449	2
3449	3469	0
3469	3449	0
3449	3469	1
3469	3449	1
3449	3469	2
3469	3449	2
3450	3461	0
3461	3450	0
3450	3461	1
3461	3450	1
3450	3461	2
3461	3450	2
3450	3470	0
3470	3450	0
3450	3470	1
3470	3450	1
3450	3470	2
3470	3450	2
3450	3466	0
3466	3450	0
3450	3466	1
3466	3450	1
3450	3466	2
3466	3450	2
3451	3462	0
3462	3451	0
3451	3462	1
3462	3451	1
3451	3462	2
3462	3451	2
3451	3464	0
3464	3451	0
3451	3464	1
3464	3451	1
3451	3464	2
3464	3451	2
3451	3453	0
3453	3451	0
3451	3453	1
3453	3451	1
3451	3453	2
3453	3451	2
3451	3463	0
3463	3451	0
3451	3463	1
3463	3451	1
3451	3463	2
3463	3451	2
3452	3459	0
3459	3452	0
3452	3459	1
3459	3452	1
3452	3459	2
3459	3452	2
3452	3454	0
3454	3452	0
3452	3454	1
3454	3452	1
3452	3454	2
3454	3452	2
3452	3457	0
3457	3452	0
3452	3457	1
3457	3452	1
3452	3457	2
3457	3452	2
3452	3468	0
3468	3452	0
3452	3468	1
3468	3452	1
3452	3468	2
3468	3452	2
3453	3460	0
3460	3453	0
3453	3460	1
3460	3453	1
3453	3460	2
3460	3453	2
3453	3467	0
3467	3453	0
3453	3467	1
3467	3453	1
3453	3467	2
3467	3453	2
3453	3455	0
3455	3453	0
3453	3455	1
3455	3453	1
3453	3455	2
3455	3453	2
3453	3456	0
3456	3453	0
3453	3456	1
3456	3453	1
3453	3456	2
3456	3453	2
3454	3462	0
3462	3454	0
3454	3462	1
3462	3454	1
3454	3462	2
3462	3454	2
3454	3467	0
3467	3454	0
3454	3467	1
3467	3454	1
3454	3467	2
3467	3454	2
3455	3464	0
3464	3455	0
3455	3464	1
3464	3455	1
3455	3464	2
3464	3455	2
3455	3467	0
3467	3455	0
3455	3467	1
3467	3455	1
3455	3467	2
3467	3455	2
3455	3463	0
3463	3455	0
3455	3463	1
3463	3455	1
3455	3463	2
3463	3455	2
3456	3460	0
3460	3456	0
3456	3460	1
3460	3456	1
3456	3460	2
3460	3456	2
3456	3464	0
3464	3456	0
3456	3464	1
3464	3456	1
3456	3464	2
3464	3456	2
3456	3467	0
3467	3456	0
3456	3467	1
3467	3456	1
3456	3467	2
3467	3456	2
3456	3463	0
3463	3456	0
3456	3463	1
3463	3456	1
3456	3463	2
3463	3456	2
3456	3457	0
3457	3456	0
3456	3457	1
3457	3456	1
3456	3457	2
3457	3456	2
3457	3459	0
3459	3457	0
3457	3459	1
3459	3457	1
3457	3459	2
3459	3457	2
3457	3462	0
3462	3457	0
3457	3462	1
3462	3457	1
3457	3462	2
3462	3457	2
3458	3461	0
3461	3458	0
3458	3461	1
3461	3458	1
3458	3461	2
3461	3458	2
3458	3470	0
3470	3458	0
3458	3470	1
3470	3458	1
3458	3470	2
3470	3458	2
3458	3466	0
3466	3458	0
3458	3466	1
3466	3458	1
3458	3466	2
3466	3458	2
3459	3462	0
3462	3459	0
3459	3462	1
3462	3459	1
3459	3462	2
3462	3459	2
3460	3464	0
3464	3460	0
3460	3464	1
3464	3460	1
3460	3464	2
3464	3460	2
3460	3463	0
3463	3460	0
3460	3463	1
3463	3460	1
3460	3463	2
3463	3460	2
3461	3470	0
3470	3461	0
3461	3470	1
3470	3461	1
3461	3470	2
3470	3461	2
3462	3468	0
3468	3462	0
3462	3468	1
3468	3462	1
3462	3468	2
3468	3462	2
3463	3469	0
3469	3463	0
3463	3469	1
3469	3463	1
3463	3469	2
3469	3463	2
3463	3470	0
3470	3463	0
3463	3470	1
3470	3463	1
3463	3470	2
3470	3463	2
3463	3467	0
3467	3463	0
3463	3467	1
3467	3463	1
3463	3467	2
3467	3463	2
3464	3467	0
3467	3464	0
3464	3467	1
3467	3464	1
3464	3467	2
3467	3464	2
3465	3471	0
3471	3465	0
3465	3471	1
3471	3465	1
3465	3471	2
3471	3465	2
3472	3474	0
3474	3472	0
3472	3474	1
3474	3472	1
3472	3474	2
3474	3472	2
3472	3487	0
3487	3472	0
3472	3487	1
3487	3472	1
3472	3487	2
3487	3472	2
3473	3474	0
3474	3473	0
3473	3474	1
3474	3473	1
3473	3474	2
3474	3473	2
3473	3487	0
3487	3473	0
3473	3487	1
3487	3473	1
3473	3487	2
3487	3473	2
3474	3490	0
3490	3474	0
3474	3490	1
3490	3474	1
3474	3490	2
3490	3474	2
3474	3485	0
3485	3474	0
3474	3485	1
3485	3474	1
3474	3485	2
3485	3474	2
3475	3486	0
3486	3475	0
3475	3486	1
3486	3475	1
3475	3486	2
3486	3475	2
3475	3488	0
3488	3475	0
3475	3488	1
3488	3475	1
3475	3488	2
3488	3475	2
3475	3491	0
3491	3475	0
3475	3491	1
3491	3475	1
3475	3491	2
3491	3475	2
3475	3480	0
3480	3475	0
3475	3480	1
3480	3475	1
3475	3480	2
3480	3475	2
3475	3481	0
3481	3475	0
3475	3481	1
3481	3475	1
3475	3481	2
3481	3475	2
3476	3485	0
3485	3476	0
3476	3485	1
3485	3476	1
3476	3485	2
3485	3476	2
3476	3489	0
3489	3476	0
3476	3489	1
3489	3476	1
3476	3489	2
3489	3476	2
3476	3478	0
3478	3476	0
3476	3478	1
3478	3476	1
3476	3478	2
3478	3476	2
3477	3479	0
3479	3477	0
3477	3479	1
3479	3477	1
3477	3479	2
3479	3477	2
3477	3482	0
3482	3477	0
3477	3482	1
3482	3477	1
3477	3482	2
3482	3477	2
3477	3484	0
3484	3477	0
3477	3484	1
3484	3477	1
3477	3484	2
3484	3477	2
3477	3488	0
3488	3477	0
3477	3488	1
3488	3477	1
3477	3488	2
3488	3477	2
3477	3490	0
3490	3477	0
3477	3490	1
3490	3477	1
3477	3490	2
3490	3477	2
3477	3491	0
3491	3477	0
3477	3491	1
3491	3477	1
3477	3491	2
3491	3477	2
3478	3483	0
3483	3478	0
3478	3483	1
3483	3478	1
3478	3483	2
3483	3478	2
3480	3490	0
3490	3480	0
3480	3490	1
3490	3480	1
3480	3490	2
3490	3480	2
3480	3485	0
3485	3480	0
3480	3485	1
3485	3480	1
3480	3485	2
3485	3480	2
3481	3485	0
3485	3481	0
3481	3485	1
3485	3481	1
3481	3485	2
3485	3481	2
3481	3490	0
3490	3481	0
3481	3490	1
3490	3481	1
3481	3490	2
3490	3481	2
3482	3489	0
3489	3482	0
3482	3489	1
3489	3482	1
3482	3489	2
3489	3482	2
3483	3485	0
3485	3483	0
3483	3485	1
3485	3483	1
3483	3485	2
3485	3483	2
3483	3489	0
3489	3483	0
3483	3489	1
3489	3483	1
3483	3489	2
3489	3483	2
3490	3491	0
3491	3490	0
3490	3491	1
3491	3490	1
3490	3491	2
3491	3490	2
3492	3521	0
3521	3492	0
3492	3521	1
3521	3492	1
3492	3521	2
3521	3492	2
3492	3496	0
3496	3492	0
3492	3496	1
3496	3492	1
3492	3496	2
3496	3492	2
3492	3517	0
3517	3492	0
3492	3517	1
3517	3492	1
3492	3517	2
3517	3492	2
3492	3513	0
3513	3492	0
3492	3513	1
3513	3492	1
3492	3513	2
3513	3492	2
3493	3513	0
3513	3493	0
3493	3513	1
3513	3493	1
3493	3513	2
3513	3493	2
3493	3497	0
3497	3493	0
3493	3497	1
3497	3493	1
3493	3497	2
3497	3493	2
3493	3508	0
3508	3493	0
3493	3508	1
3508	3493	1
3493	3508	2
3508	3493	2
3493	3510	0
3510	3493	0
3493	3510	1
3510	3493	1
3493	3510	2
3510	3493	2
3493	3518	0
3518	3493	0
3493	3518	1
3518	3493	1
3493	3518	2
3518	3493	2
3493	3512	0
3512	3493	0
3493	3512	1
3512	3493	1
3493	3512	2
3512	3493	2
3494	3525	0
3525	3494	0
3494	3525	1
3525	3494	1
3494	3525	2
3525	3494	2
3494	3504	0
3504	3494	0
3494	3504	1
3504	3494	1
3494	3504	2
3504	3494	2
3494	3505	0
3505	3494	0
3494	3505	1
3505	3494	1
3494	3505	2
3505	3494	2
3494	3506	0
3506	3494	0
3494	3506	1
3506	3494	1
3494	3506	2
3506	3494	2
3494	3507	0
3507	3494	0
3494	3507	1
3507	3494	1
3494	3507	2
3507	3494	2
3495	3504	0
3504	3495	0
3495	3504	1
3504	3495	1
3495	3504	2
3504	3495	2
3495	3505	0
3505	3495	0
3495	3505	1
3505	3495	1
3495	3505	2
3505	3495	2
3495	3506	0
3506	3495	0
3495	3506	1
3506	3495	1
3495	3506	2
3506	3495	2
3495	3507	0
3507	3495	0
3495	3507	1
3507	3495	1
3495	3507	2
3507	3495	2
3495	3516	0
3516	3495	0
3495	3516	1
3516	3495	1
3495	3516	2
3516	3495	2
3496	3520	0
3520	3496	0
3496	3520	1
3520	3496	1
3496	3520	2
3520	3496	2
3496	3521	0
3521	3496	0
3496	3521	1
3521	3496	1
3496	3521	2
3521	3496	2
3496	3503	0
3503	3496	0
3496	3503	1
3503	3496	1
3496	3503	2
3503	3496	2
3496	3514	0
3514	3496	0
3496	3514	1
3514	3496	1
3496	3514	2
3514	3496	2
3496	3515	0
3515	3496	0
3496	3515	1
3515	3496	1
3496	3515	2
3515	3496	2
3496	3517	0
3517	3496	0
3496	3517	1
3517	3496	1
3496	3517	2
3517	3496	2
3496	3501	0
3501	3496	0
3496	3501	1
3501	3496	1
3496	3501	2
3501	3496	2
3496	3509	0
3509	3496	0
3496	3509	1
3509	3496	1
3496	3509	2
3509	3496	2
3496	3512	0
3512	3496	0
3496	3512	1
3512	3496	1
3496	3512	2
3512	3496	2
3497	3502	0
3502	3497	0
3497	3502	1
3502	3497	1
3497	3502	2
3502	3497	2
3497	3504	0
3504	3497	0
3497	3504	1
3504	3497	1
3497	3504	2
3504	3497	2
3497	3506	0
3506	3497	0
3497	3506	1
3506	3497	1
3497	3506	2
3506	3497	2
3497	3507	0
3507	3497	0
3497	3507	1
3507	3497	1
3497	3507	2
3507	3497	2
3497	3505	0
3505	3497	0
3497	3505	1
3505	3497	1
3497	3505	2
3505	3497	2
3498	3513	0
3513	3498	0
3498	3513	1
3513	3498	1
3498	3513	2
3513	3498	2
3498	3500	0
3500	3498	0
3498	3500	1
3500	3498	1
3498	3500	2
3500	3498	2
3498	3522	0
3522	3498	0
3498	3522	1
3522	3498	1
3498	3522	2
3522	3498	2
3499	3521	0
3521	3499	0
3499	3521	1
3521	3499	1
3499	3521	2
3521	3499	2
3499	3503	0
3503	3499	0
3499	3503	1
3503	3499	1
3499	3503	2
3503	3499	2
3499	3514	0
3514	3499	0
3499	3514	1
3514	3499	1
3499	3514	2
3514	3499	2
3499	3515	0
3515	3499	0
3499	3515	1
3515	3499	1
3499	3515	2
3515	3499	2
3499	3523	0
3523	3499	0
3499	3523	1
3523	3499	1
3499	3523	2
3523	3499	2
3500	3521	0
3521	3500	0
3500	3521	1
3521	3500	1
3500	3521	2
3521	3500	2
3500	3503	0
3503	3500	0
3500	3503	1
3503	3500	1
3500	3503	2
3503	3500	2
3500	3514	0
3514	3500	0
3500	3514	1
3514	3500	1
3500	3514	2
3514	3500	2
3500	3515	0
3515	3500	0
3500	3515	1
3515	3500	1
3500	3515	2
3515	3500	2
3501	3517	0
3517	3501	0
3501	3517	1
3517	3501	1
3501	3517	2
3517	3501	2
3501	3525	0
3525	3501	0
3501	3525	1
3525	3501	1
3501	3525	2
3525	3501	2
3501	3505	0
3505	3501	0
3501	3505	1
3505	3501	1
3501	3505	2
3505	3501	2
3501	3516	0
3516	3501	0
3501	3516	1
3516	3501	1
3501	3516	2
3516	3501	2
3502	3508	0
3508	3502	0
3502	3508	1
3508	3502	1
3502	3508	2
3508	3502	2
3502	3510	0
3510	3502	0
3502	3510	1
3510	3502	1
3502	3510	2
3510	3502	2
3502	3512	0
3512	3502	0
3502	3512	1
3512	3502	1
3502	3512	2
3512	3502	2
3502	3518	0
3518	3502	0
3502	3518	1
3518	3502	1
3502	3518	2
3518	3502	2
3502	3525	0
3525	3502	0
3502	3525	1
3525	3502	1
3502	3525	2
3525	3502	2
3502	3505	0
3505	3502	0
3502	3505	1
3505	3502	1
3502	3505	2
3505	3502	2
3502	3516	0
3516	3502	0
3502	3516	1
3516	3502	1
3502	3516	2
3516	3502	2
3503	3514	0
3514	3503	0
3503	3514	1
3514	3503	1
3503	3514	2
3514	3503	2
3503	3517	0
3517	3503	0
3503	3517	1
3517	3503	1
3503	3517	2
3517	3503	2
3503	3511	0
3511	3503	0
3503	3511	1
3511	3503	1
3503	3511	2
3511	3503	2
3504	3508	0
3508	3504	0
3504	3508	1
3508	3504	1
3504	3508	2
3508	3504	2
3504	3510	0
3510	3504	0
3504	3510	1
3510	3504	1
3504	3510	2
3510	3504	2
3504	3512	0
3512	3504	0
3504	3512	1
3512	3504	1
3504	3512	2
3512	3504	2
3504	3518	0
3518	3504	0
3504	3518	1
3518	3504	1
3504	3518	2
3518	3504	2
3505	3510	0
3510	3505	0
3505	3510	1
3510	3505	1
3505	3510	2
3510	3505	2
3505	3512	0
3512	3505	0
3505	3512	1
3512	3505	1
3505	3512	2
3512	3505	2
3505	3518	0
3518	3505	0
3505	3518	1
3518	3505	1
3505	3518	2
3518	3505	2
3506	3508	0
3508	3506	0
3506	3508	1
3508	3506	1
3506	3508	2
3508	3506	2
3506	3510	0
3510	3506	0
3506	3510	1
3510	3506	1
3506	3510	2
3510	3506	2
3506	3512	0
3512	3506	0
3506	3512	1
3512	3506	1
3506	3512	2
3512	3506	2
3506	3518	0
3518	3506	0
3506	3518	1
3518	3506	1
3506	3518	2
3518	3506	2
3507	3508	0
3508	3507	0
3507	3508	1
3508	3507	1
3507	3508	2
3508	3507	2
3507	3510	0
3510	3507	0
3507	3510	1
3510	3507	1
3507	3510	2
3510	3507	2
3507	3512	0
3512	3507	0
3507	3512	1
3512	3507	1
3507	3512	2
3512	3507	2
3507	3518	0
3518	3507	0
3507	3518	1
3518	3507	1
3507	3518	2
3518	3507	2
3508	3509	0
3509	3508	0
3508	3509	1
3509	3508	1
3508	3509	2
3509	3508	2
3509	3517	0
3517	3509	0
3509	3517	1
3517	3509	1
3509	3517	2
3517	3509	2
3509	3525	0
3525	3509	0
3509	3525	1
3525	3509	1
3509	3525	2
3525	3509	2
3509	3516	0
3516	3509	0
3509	3516	1
3516	3509	1
3509	3516	2
3516	3509	2
3510	3518	0
3518	3510	0
3510	3518	1
3518	3510	1
3510	3518	2
3518	3510	2
3511	3521	0
3521	3511	0
3511	3521	1
3521	3511	1
3511	3521	2
3521	3511	2
3511	3514	0
3514	3511	0
3511	3514	1
3514	3511	1
3511	3514	2
3514	3511	2
3511	3515	0
3515	3511	0
3511	3515	1
3515	3511	1
3511	3515	2
3515	3511	2
3511	3523	0
3523	3511	0
3511	3523	1
3523	3511	1
3511	3523	2
3523	3511	2
3513	3520	0
3520	3513	0
3513	3520	1
3520	3513	1
3513	3520	2
3520	3513	2
3514	3515	0
3515	3514	0
3514	3515	1
3515	3514	1
3514	3515	2
3515	3514	2
3514	3520	0
3520	3514	0
3514	3520	1
3520	3514	1
3514	3520	2
3520	3514	2
3514	3517	0
3517	3514	0
3514	3517	1
3517	3514	1
3514	3517	2
3517	3514	2
3515	3517	0
3517	3515	0
3515	3517	1
3517	3515	1
3515	3517	2
3517	3515	2
3516	3519	0
3519	3516	0
3516	3519	1
3519	3516	1
3516	3519	2
3519	3516	2
3517	3520	0
3520	3517	0
3517	3520	1
3520	3517	1
3517	3520	2
3520	3517	2
3517	3521	0
3521	3517	0
3517	3521	1
3521	3517	1
3517	3521	2
3521	3517	2
3519	3525	0
3525	3519	0
3519	3525	1
3525	3519	1
3519	3525	2
3525	3519	2
3523	3524	0
3524	3523	0
3523	3524	1
3524	3523	1
3523	3524	2
3524	3523	2
3523	3526	0
3526	3523	0
3523	3526	1
3526	3523	1
3523	3526	2
3526	3523	2
3524	3526	0
3526	3524	0
3524	3526	1
3526	3524	1
3524	3526	2
3526	3524	2
3527	3530	0
3530	3527	0
3527	3530	1
3530	3527	1
3527	3530	2
3530	3527	2
3527	3533	0
3533	3527	0
3527	3533	1
3533	3527	1
3527	3533	2
3533	3527	2
3527	3534	0
3534	3527	0
3527	3534	1
3534	3527	1
3527	3534	2
3534	3527	2
3528	3531	0
3531	3528	0
3528	3531	1
3531	3528	1
3528	3531	2
3531	3528	2
3528	3535	0
3535	3528	0
3528	3535	1
3535	3528	1
3528	3535	2
3535	3528	2
3528	3538	0
3538	3528	0
3528	3538	1
3538	3528	1
3528	3538	2
3538	3528	2
3529	3531	0
3531	3529	0
3529	3531	1
3531	3529	1
3529	3531	2
3531	3529	2
3529	3535	0
3535	3529	0
3529	3535	1
3535	3529	1
3529	3535	2
3535	3529	2
3529	3538	0
3538	3529	0
3529	3538	1
3538	3529	1
3529	3538	2
3538	3529	2
3530	3539	0
3539	3530	0
3530	3539	1
3539	3530	1
3530	3539	2
3539	3530	2
3531	3532	0
3532	3531	0
3531	3532	1
3532	3531	1
3531	3532	2
3532	3531	2
3532	3535	0
3535	3532	0
3532	3535	1
3535	3532	1
3532	3535	2
3535	3532	2
3532	3538	0
3538	3532	0
3532	3538	1
3538	3532	1
3532	3538	2
3538	3532	2
3535	3536	0
3536	3535	0
3535	3536	1
3536	3535	1
3535	3536	2
3536	3535	2
3535	3537	0
3537	3535	0
3535	3537	1
3537	3535	1
3535	3537	2
3537	3535	2
3536	3538	0
3538	3536	0
3536	3538	1
3538	3536	1
3536	3538	2
3538	3536	2
3537	3538	0
3538	3537	0
3537	3538	1
3538	3537	1
3537	3538	2
3538	3537	2
3540	3550	0
3550	3540	0
3540	3550	1
3550	3540	1
3540	3550	2
3550	3540	2
3540	3543	0
3543	3540	0
3540	3543	1
3543	3540	1
3540	3543	2
3543	3540	2
3540	3544	0
3544	3540	0
3540	3544	1
3544	3540	1
3540	3544	2
3544	3540	2
3541	3550	0
3550	3541	0
3541	3550	1
3550	3541	1
3541	3550	2
3550	3541	2
3541	3551	0
3551	3541	0
3541	3551	1
3551	3541	1
3541	3551	2
3551	3541	2
3542	3543	0
3543	3542	0
3542	3543	1
3543	3542	1
3542	3543	2
3543	3542	2
3542	3544	0
3544	3542	0
3542	3544	1
3544	3542	1
3542	3544	2
3544	3542	2
3542	3548	0
3548	3542	0
3542	3548	1
3548	3542	1
3542	3548	2
3548	3542	2
3542	3549	0
3549	3542	0
3542	3549	1
3549	3542	1
3542	3549	2
3549	3542	2
3543	3544	0
3544	3543	0
3543	3544	1
3544	3543	1
3543	3544	2
3544	3543	2
3543	3545	0
3545	3543	0
3543	3545	1
3545	3543	1
3543	3545	2
3545	3543	2
3544	3545	0
3545	3544	0
3544	3545	1
3545	3544	1
3544	3545	2
3545	3544	2
3545	3548	0
3548	3545	0
3545	3548	1
3548	3545	1
3545	3548	2
3548	3545	2
3545	3549	0
3549	3545	0
3545	3549	1
3549	3545	1
3545	3549	2
3549	3545	2
3546	3549	0
3549	3546	0
3546	3549	1
3549	3546	1
3546	3549	2
3549	3546	2
3546	3550	0
3550	3546	0
3546	3550	1
3550	3546	1
3546	3550	2
3550	3546	2
3547	3548	0
3548	3547	0
3547	3548	1
3548	3547	1
3547	3548	2
3548	3547	2
3547	3550	0
3550	3547	0
3547	3550	1
3550	3547	1
3547	3550	2
3550	3547	2
3552	3554	0
3554	3552	0
3552	3554	1
3554	3552	1
3552	3554	2
3554	3552	2
3552	3555	0
3555	3552	0
3552	3555	1
3555	3552	1
3552	3555	2
3555	3552	2
3553	3556	0
3556	3553	0
3553	3556	1
3556	3553	1
3553	3556	2
3556	3553	2
3554	3557	0
3557	3554	0
3554	3557	1
3557	3554	1
3554	3557	2
3557	3554	2
3555	3557	0
3557	3555	0
3555	3557	1
3557	3555	1
3555	3557	2
3557	3555	2
3556	3558	0
3558	3556	0
3556	3558	1
3558	3556	1
3556	3558	2
3558	3556	2
3559	3568	0
3568	3559	0
3559	3568	1
3568	3559	1
3559	3568	2
3568	3559	2
3560	3569	0
3569	3560	0
3560	3569	1
3569	3560	1
3560	3569	2
3569	3560	2
3560	3571	0
3571	3560	0
3560	3571	1
3571	3560	1
3560	3571	2
3571	3560	2
3561	3567	0
3567	3561	0
3561	3567	1
3567	3561	1
3561	3567	2
3567	3561	2
3561	3568	0
3568	3561	0
3561	3568	1
3568	3561	1
3561	3568	2
3568	3561	2
3562	3563	0
3563	3562	0
3562	3563	1
3563	3562	1
3562	3563	2
3563	3562	2
3562	3569	0
3569	3562	0
3562	3569	1
3569	3562	1
3562	3569	2
3569	3562	2
3563	3568	0
3568	3563	0
3563	3568	1
3568	3563	1
3563	3568	2
3568	3563	2
3564	3570	0
3570	3564	0
3564	3570	1
3570	3564	1
3564	3570	2
3570	3564	2
3564	3568	0
3568	3564	0
3564	3568	1
3568	3564	1
3564	3568	2
3568	3564	2
3565	3568	0
3568	3565	0
3565	3568	1
3568	3565	1
3565	3568	2
3568	3565	2
3566	3569	0
3569	3566	0
3566	3569	1
3569	3566	1
3566	3569	2
3569	3566	2
3566	3567	0
3567	3566	0
3566	3567	1
3567	3566	1
3566	3567	2
3567	3566	2
3567	3569	0
3569	3567	0
3567	3569	1
3569	3567	1
3567	3569	2
3569	3567	2
3569	3571	0
3571	3569	0
3569	3571	1
3571	3569	1
3569	3571	2
3571	3569	2
3569	3570	0
3570	3569	0
3569	3570	1
3570	3569	1
3569	3570	2
3570	3569	2
3572	3575	0
3575	3572	0
3572	3575	1
3575	3572	1
3572	3575	2
3575	3572	2
3573	3582	0
3582	3573	0
3573	3582	1
3582	3573	1
3573	3582	2
3582	3573	2
3573	3583	0
3583	3573	0
3573	3583	1
3583	3573	1
3573	3583	2
3583	3573	2
3574	3584	0
3584	3574	0
3574	3584	1
3584	3574	1
3574	3584	2
3584	3574	2
3574	3582	0
3582	3574	0
3574	3582	1
3582	3574	1
3574	3582	2
3582	3574	2
3574	3583	0
3583	3574	0
3574	3583	1
3583	3574	1
3574	3583	2
3583	3574	2
3575	3580	0
3580	3575	0
3575	3580	1
3580	3575	1
3575	3580	2
3580	3575	2
3575	3584	0
3584	3575	0
3575	3584	1
3584	3575	1
3575	3584	2
3584	3575	2
3575	3576	0
3576	3575	0
3575	3576	1
3576	3575	1
3575	3576	2
3576	3575	2
3575	3577	0
3577	3575	0
3575	3577	1
3577	3575	1
3575	3577	2
3577	3575	2
3578	3585	0
3585	3578	0
3578	3585	1
3585	3578	1
3578	3585	2
3585	3578	2
3578	3587	0
3587	3578	0
3578	3587	1
3587	3578	1
3578	3587	2
3587	3578	2
3578	3581	0
3581	3578	0
3578	3581	1
3581	3578	1
3578	3581	2
3581	3578	2
3578	3580	0
3580	3578	0
3578	3580	1
3580	3578	1
3578	3580	2
3580	3578	2
3579	3586	0
3586	3579	0
3579	3586	1
3586	3579	1
3579	3586	2
3586	3579	2
3579	3580	0
3580	3579	0
3579	3580	1
3580	3579	1
3579	3580	2
3580	3579	2
3580	3583	0
3583	3580	0
3580	3583	1
3583	3580	1
3580	3583	2
3583	3580	2
3581	3585	0
3585	3581	0
3581	3585	1
3585	3581	1
3581	3585	2
3585	3581	2
3581	3587	0
3587	3581	0
3581	3587	1
3587	3581	1
3581	3587	2
3587	3581	2
3581	3582	0
3582	3581	0
3581	3582	1
3582	3581	1
3581	3582	2
3582	3581	2
3582	3588	0
3588	3582	0
3582	3588	1
3588	3582	1
3582	3588	2
3588	3582	2
3585	3588	0
3588	3585	0
3585	3588	1
3588	3585	1
3585	3588	2
3588	3585	2
3586	3588	0
3588	3586	0
3586	3588	1
3588	3586	1
3586	3588	2
3588	3586	2
3587	3588	0
3588	3587	0
3587	3588	1
3588	3587	1
3587	3588	2
3588	3587	2
3589	3602	0
3602	3589	0
3589	3602	1
3602	3589	1
3589	3602	2
3602	3589	2
3589	3599	0
3599	3589	0
3589	3599	1
3599	3589	1
3589	3599	2
3599	3589	2
3589	3600	0
3600	3589	0
3589	3600	1
3600	3589	1
3589	3600	2
3600	3589	2
3589	3603	0
3603	3589	0
3589	3603	1
3603	3589	1
3589	3603	2
3603	3589	2
3590	3592	0
3592	3590	0
3590	3592	1
3592	3590	1
3590	3592	2
3592	3590	2
3591	3599	0
3599	3591	0
3591	3599	1
3599	3591	1
3591	3599	2
3599	3591	2
3591	3600	0
3600	3591	0
3591	3600	1
3600	3591	1
3591	3600	2
3600	3591	2
3591	3603	0
3603	3591	0
3591	3603	1
3603	3591	1
3591	3603	2
3603	3591	2
3592	3601	0
3601	3592	0
3592	3601	1
3601	3592	1
3592	3601	2
3601	3592	2
3592	3604	0
3604	3592	0
3592	3604	1
3604	3592	1
3592	3604	2
3604	3592	2
3592	3602	0
3602	3592	0
3592	3602	1
3602	3592	1
3592	3602	2
3602	3592	2
3592	3596	0
3596	3592	0
3592	3596	1
3596	3592	1
3592	3596	2
3596	3592	2
3593	3599	0
3599	3593	0
3593	3599	1
3599	3593	1
3593	3599	2
3599	3593	2
3593	3600	0
3600	3593	0
3593	3600	1
3600	3593	1
3593	3600	2
3600	3593	2
3593	3603	0
3603	3593	0
3593	3603	1
3603	3593	1
3593	3603	2
3603	3593	2
3594	3604	0
3604	3594	0
3594	3604	1
3604	3594	1
3594	3604	2
3604	3594	2
3594	3599	0
3599	3594	0
3594	3599	1
3599	3594	1
3594	3599	2
3599	3594	2
3594	3600	0
3600	3594	0
3594	3600	1
3600	3594	1
3594	3600	2
3600	3594	2
3594	3603	0
3603	3594	0
3594	3603	1
3603	3594	1
3594	3603	2
3603	3594	2
3595	3599	0
3599	3595	0
3595	3599	1
3599	3595	1
3595	3599	2
3599	3595	2
3595	3600	0
3600	3595	0
3595	3600	1
3600	3595	1
3595	3600	2
3600	3595	2
3595	3603	0
3603	3595	0
3595	3603	1
3603	3595	1
3595	3603	2
3603	3595	2
3595	3609	0
3609	3595	0
3595	3609	1
3609	3595	1
3595	3609	2
3609	3595	2
3595	3611	0
3611	3595	0
3595	3611	1
3611	3595	1
3595	3611	2
3611	3595	2
3596	3597	0
3597	3596	0
3596	3597	1
3597	3596	1
3596	3597	2
3597	3596	2
3596	3605	0
3605	3596	0
3596	3605	1
3605	3596	1
3596	3605	2
3605	3596	2
3596	3610	0
3610	3596	0
3596	3610	1
3610	3596	1
3596	3610	2
3610	3596	2
3596	3611	0
3611	3596	0
3596	3611	1
3611	3596	1
3596	3611	2
3611	3596	2
3597	3612	0
3612	3597	0
3597	3612	1
3612	3597	1
3597	3612	2
3612	3597	2
3598	3599	0
3599	3598	0
3598	3599	1
3599	3598	1
3598	3599	2
3599	3598	2
3598	3600	0
3600	3598	0
3598	3600	1
3600	3598	1
3598	3600	2
3600	3598	2
3598	3603	0
3603	3598	0
3598	3603	1
3603	3598	1
3598	3603	2
3603	3598	2
3598	3609	0
3609	3598	0
3598	3609	1
3609	3598	1
3598	3609	2
3609	3598	2
3605	3610	0
3610	3605	0
3605	3610	1
3610	3605	1
3605	3610	2
3610	3605	2
3605	3611	0
3611	3605	0
3605	3611	1
3611	3605	1
3605	3611	2
3611	3605	2
3605	3612	0
3612	3605	0
3605	3612	1
3612	3605	1
3605	3612	2
3612	3605	2
3606	3613	0
3613	3606	0
3606	3613	1
3613	3606	1
3606	3613	2
3613	3606	2
3607	3612	0
3612	3607	0
3607	3612	1
3612	3607	1
3607	3612	2
3612	3607	2
3608	3613	0
3613	3608	0
3608	3613	1
3613	3608	1
3608	3613	2
3613	3608	2
3609	3613	0
3613	3609	0
3609	3613	1
3613	3609	1
3609	3613	2
3613	3609	2
3610	3611	0
3611	3610	0
3610	3611	1
3611	3610	1
3610	3611	2
3611	3610	2
3610	3612	0
3612	3610	0
3610	3612	1
3612	3610	1
3610	3612	2
3612	3610	2
3611	3612	0
3612	3611	0
3611	3612	1
3612	3611	1
3611	3612	2
3612	3611	2
3614	3617	0
3617	3614	0
3614	3617	1
3617	3614	1
3614	3617	2
3617	3614	2
3614	3622	0
3622	3614	0
3614	3622	1
3622	3614	1
3614	3622	2
3622	3614	2
3614	3624	0
3624	3614	0
3614	3624	1
3624	3614	1
3614	3624	2
3624	3614	2
3615	3617	0
3617	3615	0
3615	3617	1
3617	3615	1
3615	3617	2
3617	3615	2
3615	3623	0
3623	3615	0
3615	3623	1
3623	3615	1
3615	3623	2
3623	3615	2
3615	3627	0
3627	3615	0
3615	3627	1
3627	3615	1
3615	3627	2
3627	3615	2
3616	3624	0
3624	3616	0
3616	3624	1
3624	3616	1
3616	3624	2
3624	3616	2
3616	3623	0
3623	3616	0
3616	3623	1
3623	3616	1
3616	3623	2
3623	3616	2
3617	3623	0
3623	3617	0
3617	3623	1
3623	3617	1
3617	3623	2
3623	3617	2
3617	3627	0
3627	3617	0
3617	3627	1
3627	3617	1
3617	3627	2
3627	3617	2
3618	3624	0
3624	3618	0
3618	3624	1
3624	3618	1
3618	3624	2
3624	3618	2
3618	3623	0
3623	3618	0
3618	3623	1
3623	3618	1
3618	3623	2
3623	3618	2
3619	3625	0
3625	3619	0
3619	3625	1
3625	3619	1
3619	3625	2
3625	3619	2
3619	3624	0
3624	3619	0
3619	3624	1
3624	3619	1
3619	3624	2
3624	3619	2
3619	3622	0
3622	3619	0
3619	3622	1
3622	3619	1
3619	3622	2
3622	3619	2
3623	3626	0
3626	3623	0
3623	3626	1
3626	3623	1
3623	3626	2
3626	3623	2
3623	3625	0
3625	3623	0
3623	3625	1
3625	3623	1
3623	3625	2
3625	3623	2
3624	3625	0
3625	3624	0
3624	3625	1
3625	3624	1
3624	3625	2
3625	3624	2
3628	3632	0
3632	3628	0
3628	3632	1
3632	3628	1
3628	3632	2
3632	3628	2
3629	3630	0
3630	3629	0
3629	3630	1
3630	3629	1
3629	3630	2
3630	3629	2
3631	3632	0
3632	3631	0
3631	3632	1
3632	3631	1
3631	3632	2
3632	3631	2
3633	3635	0
3635	3633	0
3633	3635	1
3635	3633	1
3633	3635	2
3635	3633	2
3633	3639	0
3639	3633	0
3633	3639	1
3639	3633	1
3633	3639	2
3639	3633	2
3634	3636	0
3636	3634	0
3634	3636	1
3636	3634	1
3634	3636	2
3636	3634	2
3634	3640	0
3640	3634	0
3634	3640	1
3640	3634	1
3634	3640	2
3640	3634	2
3636	3637	0
3637	3636	0
3636	3637	1
3637	3636	1
3636	3637	2
3637	3636	2
3636	3638	0
3638	3636	0
3636	3638	1
3638	3636	1
3636	3638	2
3638	3636	2
3636	3640	0
3640	3636	0
3636	3640	1
3640	3636	1
3636	3640	2
3640	3636	2
3637	3640	0
3640	3637	0
3637	3640	1
3640	3637	1
3637	3640	2
3640	3637	2
3638	3640	0
3640	3638	0
3638	3640	1
3640	3638	1
3638	3640	2
3640	3638	2
3643	3648	0
3648	3643	0
3643	3648	1
3648	3643	1
3643	3648	2
3648	3643	2
3646	3649	0
3649	3646	0
3646	3649	1
3649	3646	1
3646	3649	2
3649	3646	2
3646	3651	0
3651	3646	0
3646	3651	1
3651	3646	1
3646	3651	2
3651	3646	2
3647	3648	0
3648	3647	0
3647	3648	1
3648	3647	1
3647	3648	2
3648	3647	2
3650	3651	0
3651	3650	0
3650	3651	1
3651	3650	1
3650	3651	2
3651	3650	2
3653	3654	0
3654	3653	0
3653	3654	1
3654	3653	1
3653	3654	2
3654	3653	2
3655	3665	0
3665	3655	0
3655	3665	1
3665	3655	1
3655	3665	2
3665	3655	2
3656	3667	0
3667	3656	0
3656	3667	1
3667	3656	1
3656	3667	2
3667	3656	2
3656	3671	0
3671	3656	0
3656	3671	1
3671	3656	1
3656	3671	2
3671	3656	2
3657	3663	0
3663	3657	0
3657	3663	1
3663	3657	1
3657	3663	2
3663	3657	2
3658	3670	0
3670	3658	0
3658	3670	1
3670	3658	1
3658	3670	2
3670	3658	2
3658	3663	0
3663	3658	0
3658	3663	1
3663	3658	1
3658	3663	2
3663	3658	2
3659	3672	0
3672	3659	0
3659	3672	1
3672	3659	1
3659	3672	2
3672	3659	2
3659	3669	0
3669	3659	0
3659	3669	1
3669	3659	1
3659	3669	2
3669	3659	2
3660	3672	0
3672	3660	0
3660	3672	1
3672	3660	1
3660	3672	2
3672	3660	2
3661	3664	0
3664	3661	0
3661	3664	1
3664	3661	1
3661	3664	2
3664	3661	2
3661	3665	0
3665	3661	0
3661	3665	1
3665	3661	1
3661	3665	2
3665	3661	2
3661	3671	0
3671	3661	0
3661	3671	1
3671	3661	1
3661	3671	2
3671	3661	2
3662	3670	0
3670	3662	0
3662	3670	1
3670	3662	1
3662	3670	2
3670	3662	2
3664	3667	0
3667	3664	0
3664	3667	1
3667	3664	1
3664	3667	2
3667	3664	2
3664	3671	0
3671	3664	0
3664	3671	1
3671	3664	1
3664	3671	2
3671	3664	2
3665	3668	0
3668	3665	0
3665	3668	1
3668	3665	1
3665	3668	2
3668	3665	2
3666	3673	0
3673	3666	0
3666	3673	1
3673	3666	1
3666	3673	2
3673	3666	2
3666	3669	0
3669	3666	0
3666	3669	1
3669	3666	1
3666	3669	2
3669	3666	2
3672	3674	0
3674	3672	0
3672	3674	1
3674	3672	1
3672	3674	2
3674	3672	2
3675	3678	0
3678	3675	0
3675	3678	1
3678	3675	1
3675	3678	2
3678	3675	2
3675	3679	0
3679	3675	0
3675	3679	1
3679	3675	1
3675	3679	2
3679	3675	2
3676	3679	0
3679	3676	0
3676	3679	1
3679	3676	1
3676	3679	2
3679	3676	2
3677	3678	0
3678	3677	0
3677	3678	1
3678	3677	1
3677	3678	2
3678	3677	2
3680	3683	0
3683	3680	0
3680	3683	1
3683	3680	1
3680	3683	2
3683	3680	2
3681	3683	0
3683	3681	0
3681	3683	1
3683	3681	1
3681	3683	2
3683	3681	2
3684	3690	0
3690	3684	0
3684	3690	1
3690	3684	1
3684	3690	2
3690	3684	2
3684	3686	0
3686	3684	0
3684	3686	1
3686	3684	1
3684	3686	2
3686	3684	2
3684	3695	0
3695	3684	0
3684	3695	1
3695	3684	1
3684	3695	2
3695	3684	2
3685	3691	0
3691	3685	0
3685	3691	1
3691	3685	1
3685	3691	2
3691	3685	2
3685	3687	0
3687	3685	0
3685	3687	1
3687	3685	1
3685	3687	2
3687	3685	2
3686	3690	0
3690	3686	0
3686	3690	1
3690	3686	1
3686	3690	2
3690	3686	2
3686	3689	0
3689	3686	0
3686	3689	1
3689	3686	1
3686	3689	2
3689	3686	2
3686	3688	0
3688	3686	0
3686	3688	1
3688	3686	1
3686	3688	2
3688	3686	2
3687	3694	0
3694	3687	0
3687	3694	1
3694	3687	1
3687	3694	2
3694	3687	2
3687	3692	0
3692	3687	0
3687	3692	1
3692	3687	1
3687	3692	2
3692	3687	2
3687	3693	0
3693	3687	0
3687	3693	1
3693	3687	1
3687	3693	2
3693	3687	2
3687	3688	0
3688	3687	0
3687	3688	1
3688	3687	1
3687	3688	2
3688	3687	2
3687	3689	0
3689	3687	0
3687	3689	1
3689	3687	1
3687	3689	2
3689	3687	2
3688	3692	0
3692	3688	0
3688	3692	1
3692	3688	1
3688	3692	2
3692	3688	2
3688	3691	0
3691	3688	0
3688	3691	1
3691	3688	1
3688	3691	2
3691	3688	2
3689	3691	0
3691	3689	0
3689	3691	1
3691	3689	1
3689	3691	2
3691	3689	2
3690	3695	0
3695	3690	0
3690	3695	1
3695	3690	1
3690	3695	2
3695	3690	2
3691	3692	0
3692	3691	0
3691	3692	1
3692	3691	1
3691	3692	2
3692	3691	2
3691	3693	0
3693	3691	0
3691	3693	1
3693	3691	1
3691	3693	2
3693	3691	2
3691	3694	0
3694	3691	0
3691	3694	1
3694	3691	1
3691	3694	2
3694	3691	2
3691	3695	0
3695	3691	0
3691	3695	1
3695	3691	1
3691	3695	2
3695	3691	2
3692	3693	0
3693	3692	0
3692	3693	1
3693	3692	1
3692	3693	2
3693	3692	2
3692	3695	0
3695	3692	0
3692	3695	1
3695	3692	1
3692	3695	2
3695	3692	2
3693	3695	0
3695	3693	0
3693	3695	1
3695	3693	1
3693	3695	2
3695	3693	2
3696	3698	0
3698	3696	0
3696	3698	1
3698	3696	1
3696	3698	2
3698	3696	2
3696	3700	0
3700	3696	0
3696	3700	1
3700	3696	1
3696	3700	2
3700	3696	2
3697	3699	0
3699	3697	0
3697	3699	1
3699	3697	1
3697	3699	2
3699	3697	2
3698	3700	0
3700	3698	0
3698	3700	1
3700	3698	1
3698	3700	2
3700	3698	2
3701	3705	0
3705	3701	0
3701	3705	1
3705	3701	1
3701	3705	2
3705	3701	2
3702	3704	0
3704	3702	0
3702	3704	1
3704	3702	1
3702	3704	2
3704	3702	2
3703	3704	0
3704	3703	0
3703	3704	1
3704	3703	1
3703	3704	2
3704	3703	2
3706	3709	0
3709	3706	0
3706	3709	1
3709	3706	1
3706	3709	2
3709	3706	2
3707	3715	0
3715	3707	0
3707	3715	1
3715	3707	1
3707	3715	2
3715	3707	2
3707	3709	0
3709	3707	0
3707	3709	1
3709	3707	1
3707	3709	2
3709	3707	2
3708	3715	0
3715	3708	0
3708	3715	1
3715	3708	1
3708	3715	2
3715	3708	2
3708	3714	0
3714	3708	0
3708	3714	1
3714	3708	1
3708	3714	2
3714	3708	2
3711	3712	0
3712	3711	0
3711	3712	1
3712	3711	1
3711	3712	2
3712	3711	2
3712	3713	0
3713	3712	0
3712	3713	1
3713	3712	1
3712	3713	2
3713	3712	2
3716	3722	0
3722	3716	0
3716	3722	1
3722	3716	1
3716	3722	2
3722	3716	2
3717	3728	0
3728	3717	0
3717	3728	1
3728	3717	1
3717	3728	2
3728	3717	2
3717	3727	0
3727	3717	0
3717	3727	1
3727	3717	1
3717	3727	2
3727	3717	2
3718	3723	0
3723	3718	0
3718	3723	1
3723	3718	1
3718	3723	2
3723	3718	2
3718	3726	0
3726	3718	0
3718	3726	1
3726	3718	1
3718	3726	2
3726	3718	2
3718	3725	0
3725	3718	0
3718	3725	1
3725	3718	1
3718	3725	2
3725	3718	2
3719	3725	0
3725	3719	0
3719	3725	1
3725	3719	1
3719	3725	2
3725	3719	2
3720	3724	0
3724	3720	0
3720	3724	1
3724	3720	1
3720	3724	2
3724	3720	2
3721	3727	0
3727	3721	0
3721	3727	1
3727	3721	1
3721	3727	2
3727	3721	2
3723	3726	0
3726	3723	0
3723	3726	1
3726	3723	1
3723	3726	2
3726	3723	2
3723	3724	0
3724	3723	0
3723	3724	1
3724	3723	1
3723	3724	2
3724	3723	2
3724	3726	0
3726	3724	0
3724	3726	1
3726	3724	1
3724	3726	2
3726	3724	2
3727	3728	0
3728	3727	0
3727	3728	1
3728	3727	1
3727	3728	2
3728	3727	2
3729	3732	0
3732	3729	0
3729	3732	1
3732	3729	1
3729	3732	2
3732	3729	2
3729	3734	0
3734	3729	0
3729	3734	1
3734	3729	1
3729	3734	2
3734	3729	2
3730	3735	0
3735	3730	0
3730	3735	1
3735	3730	1
3730	3735	2
3735	3730	2
3730	3736	0
3736	3730	0
3730	3736	1
3736	3730	1
3730	3736	2
3736	3730	2
3730	3733	0
3733	3730	0
3730	3733	1
3733	3730	1
3730	3733	2
3733	3730	2
3731	3735	0
3735	3731	0
3731	3735	1
3735	3731	1
3731	3735	2
3735	3731	2
3731	3734	0
3734	3731	0
3731	3734	1
3734	3731	1
3731	3734	2
3734	3731	2
3731	3736	0
3736	3731	0
3731	3736	1
3736	3731	1
3731	3736	2
3736	3731	2
3731	3733	0
3733	3731	0
3731	3733	1
3733	3731	1
3731	3733	2
3733	3731	2
3732	3734	0
3734	3732	0
3732	3734	1
3734	3732	1
3732	3734	2
3734	3732	2
3732	3737	0
3737	3732	0
3732	3737	1
3737	3732	1
3732	3737	2
3737	3732	2
3736	3737	0
3737	3736	0
3736	3737	1
3737	3736	1
3736	3737	2
3737	3736	2
3738	3741	0
3741	3738	0
3738	3741	1
3741	3738	1
3738	3741	2
3741	3738	2
3739	3740	0
3740	3739	0
3739	3740	1
3740	3739	1
3739	3740	2
3740	3739	2
3740	3742	0
3742	3740	0
3740	3742	1
3742	3740	1
3740	3742	2
3742	3740	2
3741	3745	0
3745	3741	0
3741	3745	1
3745	3741	1
3741	3745	2
3745	3741	2
3741	3746	0
3746	3741	0
3741	3746	1
3746	3741	1
3741	3746	2
3746	3741	2
3742	3744	0
3744	3742	0
3742	3744	1
3744	3742	1
3742	3744	2
3744	3742	2
3742	3743	0
3743	3742	0
3742	3743	1
3743	3742	1
3742	3743	2
3743	3742	2
3743	3745	0
3745	3743	0
3743	3745	1
3745	3743	1
3743	3745	2
3745	3743	2
3748	3753	0
3753	3748	0
3748	3753	1
3753	3748	1
3748	3753	2
3753	3748	2
3749	3752	0
3752	3749	0
3749	3752	1
3752	3749	1
3749	3752	2
3752	3749	2
3751	3752	0
3752	3751	0
3751	3752	1
3752	3751	1
3751	3752	2
3752	3751	2
3755	3756	0
3756	3755	0
3755	3756	1
3756	3755	1
3755	3756	2
3756	3755	2
3755	3758	0
3758	3755	0
3755	3758	1
3758	3755	1
3755	3758	2
3758	3755	2
3756	3758	0
3758	3756	0
3756	3758	1
3758	3756	1
3756	3758	2
3758	3756	2
3764	3772	0
3772	3764	0
3764	3772	1
3772	3764	1
3764	3772	2
3772	3764	2
3764	3776	0
3776	3764	0
3764	3776	1
3776	3764	1
3764	3776	2
3776	3764	2
3764	3768	0
3768	3764	0
3764	3768	1
3768	3764	1
3764	3768	2
3768	3764	2
3764	3773	0
3773	3764	0
3764	3773	1
3773	3764	1
3764	3773	2
3773	3764	2
3765	3777	0
3777	3765	0
3765	3777	1
3777	3765	1
3765	3777	2
3777	3765	2
3765	3766	0
3766	3765	0
3765	3766	1
3766	3765	1
3765	3766	2
3766	3765	2
3765	3772	0
3772	3765	0
3765	3772	1
3772	3765	1
3765	3772	2
3772	3765	2
3767	3776	0
3776	3767	0
3767	3776	1
3776	3767	1
3767	3776	2
3776	3767	2
3767	3768	0
3768	3767	0
3767	3768	1
3768	3767	1
3767	3768	2
3768	3767	2
3767	3773	0
3773	3767	0
3767	3773	1
3773	3767	1
3767	3773	2
3773	3767	2
3768	3771	0
3771	3768	0
3768	3771	1
3771	3768	1
3768	3771	2
3771	3768	2
3769	3775	0
3775	3769	0
3769	3775	1
3775	3769	1
3769	3775	2
3775	3769	2
3770	3775	0
3775	3770	0
3770	3775	1
3775	3770	1
3770	3775	2
3775	3770	2
3771	3776	0
3776	3771	0
3771	3776	1
3776	3771	1
3771	3776	2
3776	3771	2
3771	3773	0
3773	3771	0
3771	3773	1
3773	3771	1
3771	3773	2
3773	3771	2
3778	3782	0
3782	3778	0
3778	3782	1
3782	3778	1
3778	3782	2
3782	3778	2
3779	3784	0
3784	3779	0
3779	3784	1
3784	3779	1
3779	3784	2
3784	3779	2
3779	3783	0
3783	3779	0
3779	3783	1
3783	3779	1
3779	3783	2
3783	3779	2
3780	3784	0
3784	3780	0
3780	3784	1
3784	3780	1
3780	3784	2
3784	3780	2
3780	3783	0
3783	3780	0
3780	3783	1
3783	3780	1
3780	3783	2
3783	3780	2
3781	3784	0
3784	3781	0
3781	3784	1
3784	3781	1
3781	3784	2
3784	3781	2
3781	3783	0
3783	3781	0
3781	3783	1
3783	3781	1
3781	3783	2
3783	3781	2
3783	3784	0
3784	3783	0
3783	3784	1
3784	3783	1
3783	3784	2
3784	3783	2
3787	3798	0
3798	3787	0
3787	3798	1
3798	3787	1
3787	3798	2
3798	3787	2
3788	3801	0
3801	3788	0
3788	3801	1
3801	3788	1
3788	3801	2
3801	3788	2
3789	3792	0
3792	3789	0
3789	3792	1
3792	3789	1
3789	3792	2
3792	3789	2
3789	3802	0
3802	3789	0
3789	3802	1
3802	3789	1
3789	3802	2
3802	3789	2
3790	3794	0
3794	3790	0
3790	3794	1
3794	3790	1
3790	3794	2
3794	3790	2
3791	3794	0
3794	3791	0
3791	3794	1
3794	3791	1
3791	3794	2
3794	3791	2
3792	3793	0
3793	3792	0
3792	3793	1
3793	3792	1
3792	3793	2
3793	3792	2
3795	3797	0
3797	3795	0
3795	3797	1
3797	3795	1
3795	3797	2
3797	3795	2
3803	3809	0
3809	3803	0
3803	3809	1
3809	3803	1
3803	3809	2
3809	3803	2
3803	3810	0
3810	3803	0
3803	3810	1
3810	3803	1
3803	3810	2
3810	3803	2
3803	3811	0
3811	3803	0
3803	3811	1
3811	3803	1
3803	3811	2
3811	3803	2
3804	3810	0
3810	3804	0
3804	3810	1
3810	3804	1
3804	3810	2
3810	3804	2
3804	3811	0
3811	3804	0
3804	3811	1
3811	3804	1
3804	3811	2
3811	3804	2
3805	3808	0
3808	3805	0
3805	3808	1
3808	3805	1
3805	3808	2
3808	3805	2
3805	3809	0
3809	3805	0
3805	3809	1
3809	3805	1
3805	3809	2
3809	3805	2
3805	3807	0
3807	3805	0
3805	3807	1
3807	3805	1
3805	3807	2
3807	3805	2
3806	3808	0
3808	3806	0
3806	3808	1
3808	3806	1
3806	3808	2
3808	3806	2
3806	3809	0
3809	3806	0
3806	3809	1
3809	3806	1
3806	3809	2
3809	3806	2
3807	3810	0
3810	3807	0
3807	3810	1
3810	3807	1
3807	3810	2
3810	3807	2
3810	3811	0
3811	3810	0
3810	3811	1
3811	3810	1
3810	3811	2
3811	3810	2
3812	3817	0
3817	3812	0
3812	3817	1
3817	3812	1
3812	3817	2
3817	3812	2
3812	3815	0
3815	3812	0
3812	3815	1
3815	3812	1
3812	3815	2
3815	3812	2
3813	3818	0
3818	3813	0
3813	3818	1
3818	3813	1
3813	3818	2
3818	3813	2
3813	3814	0
3814	3813	0
3813	3814	1
3814	3813	1
3813	3814	2
3814	3813	2
3814	3816	0
3816	3814	0
3814	3816	1
3816	3814	1
3814	3816	2
3816	3814	2
3814	3818	0
3818	3814	0
3814	3818	1
3818	3814	1
3814	3818	2
3818	3814	2
3816	3818	0
3818	3816	0
3816	3818	1
3818	3816	1
3816	3818	2
3818	3816	2
3816	3817	0
3817	3816	0
3816	3817	1
3817	3816	1
3816	3817	2
3817	3816	2
3819	3822	0
3822	3819	0
3819	3822	1
3822	3819	1
3819	3822	2
3822	3819	2
3820	3823	0
3823	3820	0
3820	3823	1
3823	3820	1
3820	3823	2
3823	3820	2
3821	3823	0
3823	3821	0
3821	3823	1
3823	3821	1
3821	3823	2
3823	3821	2
3831	3836	0
3836	3831	0
3831	3836	1
3836	3831	1
3831	3836	2
3836	3831	2
3831	3837	0
3837	3831	0
3831	3837	1
3837	3831	1
3831	3837	2
3837	3831	2
3833	3840	0
3840	3833	0
3833	3840	1
3840	3833	1
3833	3840	2
3840	3833	2
3833	3838	0
3838	3833	0
3833	3838	1
3838	3833	1
3833	3838	2
3838	3833	2
3834	3839	0
3839	3834	0
3834	3839	1
3839	3834	1
3834	3839	2
3839	3834	2
3836	3837	0
3837	3836	0
3836	3837	1
3837	3836	1
3836	3837	2
3837	3836	2
3838	3840	0
3840	3838	0
3838	3840	1
3840	3838	1
3838	3840	2
3840	3838	2
3841	3843	0
3843	3841	0
3841	3843	1
3843	3841	1
3841	3843	2
3843	3841	2
3841	3844	0
3844	3841	0
3841	3844	1
3844	3841	1
3841	3844	2
3844	3841	2
3842	3843	0
3843	3842	0
3842	3843	1
3843	3842	1
3842	3843	2
3843	3842	2
3842	3844	0
3844	3842	0
3842	3844	1
3844	3842	1
3842	3844	2
3844	3842	2
3846	3848	0
3848	3846	0
3846	3848	1
3848	3846	1
3846	3848	2
3848	3846	2
3851	3853	0
3853	3851	0
3851	3853	1
3853	3851	1
3851	3853	2
3853	3851	2
3851	3855	0
3855	3851	0
3851	3855	1
3855	3851	1
3851	3855	2
3855	3851	2
3851	3858	0
3858	3851	0
3851	3858	1
3858	3851	1
3851	3858	2
3858	3851	2
3852	3854	0
3854	3852	0
3852	3854	1
3854	3852	1
3852	3854	2
3854	3852	2
3853	3858	0
3858	3853	0
3853	3858	1
3858	3853	1
3853	3858	2
3858	3853	2
3853	3862	0
3862	3853	0
3853	3862	1
3862	3853	1
3853	3862	2
3862	3853	2
3853	3856	0
3856	3853	0
3853	3856	1
3856	3853	1
3853	3856	2
3856	3853	2
3854	3857	0
3857	3854	0
3854	3857	1
3857	3854	1
3854	3857	2
3857	3854	2
3854	3859	0
3859	3854	0
3854	3859	1
3859	3854	1
3854	3859	2
3859	3854	2
3855	3857	0
3857	3855	0
3855	3857	1
3857	3855	1
3855	3857	2
3857	3855	2
3855	3859	0
3859	3855	0
3855	3859	1
3859	3855	1
3855	3859	2
3859	3855	2
3855	3856	0
3856	3855	0
3855	3856	1
3856	3855	1
3855	3856	2
3856	3855	2
3856	3858	0
3858	3856	0
3856	3858	1
3858	3856	1
3856	3858	2
3858	3856	2
3858	3862	0
3862	3858	0
3858	3862	1
3862	3858	1
3858	3862	2
3862	3858	2
3860	3864	0
3864	3860	0
3860	3864	1
3864	3860	1
3860	3864	2
3864	3860	2
3860	3863	0
3863	3860	0
3860	3863	1
3863	3860	1
3860	3863	2
3863	3860	2
3863	3864	0
3864	3863	0
3863	3864	1
3864	3863	1
3863	3864	2
3864	3863	2
3869	3871	0
3871	3869	0
3869	3871	1
3871	3869	1
3869	3871	2
3871	3869	2
3870	3872	0
3872	3870	0
3870	3872	1
3872	3870	1
3870	3872	2
3872	3870	2
3870	3873	0
3873	3870	0
3870	3873	1
3873	3870	1
3870	3873	2
3873	3870	2
3872	3873	0
3873	3872	0
3872	3873	1
3873	3872	1
3872	3873	2
3873	3872	2
3874	3876	0
3876	3874	0
3874	3876	1
3876	3874	1
3874	3876	2
3876	3874	2
3874	3880	0
3880	3874	0
3874	3880	1
3880	3874	1
3874	3880	2
3880	3874	2
3874	3888	0
3888	3874	0
3874	3888	1
3888	3874	1
3874	3888	2
3888	3874	2
3875	3883	0
3883	3875	0
3875	3883	1
3883	3875	1
3875	3883	2
3883	3875	2
3875	3884	0
3884	3875	0
3875	3884	1
3884	3875	1
3875	3884	2
3884	3875	2
3875	3885	0
3885	3875	0
3875	3885	1
3885	3875	1
3875	3885	2
3885	3875	2
3875	3888	0
3888	3875	0
3875	3888	1
3888	3875	1
3875	3888	2
3888	3875	2
3876	3889	0
3889	3876	0
3876	3889	1
3889	3876	1
3876	3889	2
3889	3876	2
3876	3879	0
3879	3876	0
3876	3879	1
3879	3876	1
3876	3879	2
3879	3876	2
3877	3882	0
3882	3877	0
3877	3882	1
3882	3877	1
3877	3882	2
3882	3877	2
3877	3890	0
3890	3877	0
3877	3890	1
3890	3877	1
3877	3890	2
3890	3877	2
3878	3881	0
3881	3878	0
3878	3881	1
3881	3878	1
3878	3881	2
3881	3878	2
3879	3884	0
3884	3879	0
3879	3884	1
3884	3879	1
3879	3884	2
3884	3879	2
3880	3883	0
3883	3880	0
3880	3883	1
3883	3880	1
3880	3883	2
3883	3880	2
3880	3885	0
3885	3880	0
3880	3885	1
3885	3880	1
3880	3885	2
3885	3880	2
3880	3888	0
3888	3880	0
3880	3888	1
3888	3880	1
3880	3888	2
3888	3880	2
3881	3887	0
3887	3881	0
3881	3887	1
3887	3881	1
3881	3887	2
3887	3881	2
3882	3886	0
3886	3882	0
3882	3886	1
3886	3882	1
3882	3886	2
3886	3882	2
3882	3887	0
3887	3882	0
3882	3887	1
3887	3882	1
3882	3887	2
3887	3882	2
3883	3889	0
3889	3883	0
3883	3889	1
3889	3883	1
3883	3889	2
3889	3883	2
3884	3889	0
3889	3884	0
3884	3889	1
3889	3884	1
3884	3889	2
3889	3884	2
3885	3889	0
3889	3885	0
3885	3889	1
3889	3885	1
3885	3889	2
3889	3885	2
3886	3890	0
3890	3886	0
3886	3890	1
3890	3886	1
3886	3890	2
3890	3886	2
3887	3890	0
3890	3887	0
3887	3890	1
3890	3887	1
3887	3890	2
3890	3887	2
3888	3889	0
3889	3888	0
3888	3889	1
3889	3888	1
3888	3889	2
3889	3888	2
3892	3893	0
3893	3892	0
3892	3893	1
3893	3892	1
3892	3893	2
3893	3892	2
3892	3895	0
3895	3892	0
3892	3895	1
3895	3892	1
3892	3895	2
3895	3892	2
3893	3896	0
3896	3893	0
3893	3896	1
3896	3893	1
3893	3896	2
3896	3893	2
3895	3896	0
3896	3895	0
3895	3896	1
3896	3895	1
3895	3896	2
3896	3895	2
3899	3903	0
3903	3899	0
3899	3903	1
3903	3899	1
3899	3903	2
3903	3899	2
3899	3904	0
3904	3899	0
3899	3904	1
3904	3899	1
3899	3904	2
3904	3899	2
3900	3901	0
3901	3900	0
3900	3901	1
3901	3900	1
3900	3901	2
3901	3900	2
3900	3902	0
3902	3900	0
3900	3902	1
3902	3900	1
3900	3902	2
3902	3900	2
3901	3905	0
3905	3901	0
3901	3905	1
3905	3901	1
3901	3905	2
3905	3901	2
3901	3906	0
3906	3901	0
3901	3906	1
3906	3901	1
3901	3906	2
3906	3901	2
3902	3903	0
3903	3902	0
3902	3903	1
3903	3902	1
3902	3903	2
3903	3902	2
3904	3906	0
3906	3904	0
3904	3906	1
3906	3904	1
3904	3906	2
3906	3904	2
3904	3905	0
3905	3904	0
3904	3905	1
3905	3904	1
3904	3905	2
3905	3904	2
3907	3922	0
3922	3907	0
3907	3922	1
3922	3907	1
3907	3922	2
3922	3907	2
3908	3922	0
3922	3908	0
3908	3922	1
3922	3908	1
3908	3922	2
3922	3908	2
3910	3918	0
3918	3910	0
3910	3918	1
3918	3910	1
3910	3918	2
3918	3910	2
3911	3921	0
3921	3911	0
3911	3921	1
3921	3911	1
3911	3921	2
3921	3911	2
3911	3914	0
3914	3911	0
3911	3914	1
3914	3911	1
3911	3914	2
3914	3911	2
3911	3916	0
3916	3911	0
3911	3916	1
3916	3911	1
3911	3916	2
3916	3911	2
3914	3917	0
3917	3914	0
3914	3917	1
3917	3914	1
3914	3917	2
3917	3914	2
3914	3921	0
3921	3914	0
3914	3921	1
3921	3914	1
3914	3921	2
3921	3914	2
3915	3916	0
3916	3915	0
3915	3916	1
3916	3915	1
3915	3916	2
3916	3915	2
3915	3918	0
3918	3915	0
3915	3918	1
3918	3915	1
3915	3918	2
3918	3915	2
3916	3921	0
3921	3916	0
3916	3921	1
3921	3916	1
3916	3921	2
3921	3916	2
3917	3918	0
3918	3917	0
3917	3918	1
3918	3917	1
3917	3918	2
3918	3917	2
3928	3930	0
3930	3928	0
3928	3930	1
3930	3928	1
3928	3930	2
3930	3928	2
3928	3934	0
3934	3928	0
3928	3934	1
3934	3928	1
3928	3934	2
3934	3928	2
3929	3935	0
3935	3929	0
3929	3935	1
3935	3929	1
3929	3935	2
3935	3929	2
3929	3936	0
3936	3929	0
3929	3936	1
3936	3929	1
3929	3936	2
3936	3929	2
3929	3933	0
3933	3929	0
3929	3933	1
3933	3929	1
3929	3933	2
3933	3929	2
3930	3932	0
3932	3930	0
3930	3932	1
3932	3930	1
3930	3932	2
3932	3930	2
3930	3931	0
3931	3930	0
3930	3931	1
3931	3930	1
3930	3931	2
3931	3930	2
3931	3936	0
3936	3931	0
3931	3936	1
3936	3931	1
3931	3936	2
3936	3931	2
3938	3945	0
3945	3938	0
3938	3945	1
3945	3938	1
3938	3945	2
3945	3938	2
3938	3948	0
3948	3938	0
3938	3948	1
3948	3938	1
3938	3948	2
3948	3938	2
3938	3940	0
3940	3938	0
3938	3940	1
3940	3938	1
3938	3940	2
3940	3938	2
3938	3950	0
3950	3938	0
3938	3950	1
3950	3938	1
3938	3950	2
3950	3938	2
3938	3947	0
3947	3938	0
3938	3947	1
3947	3938	1
3938	3947	2
3947	3938	2
3939	3952	0
3952	3939	0
3939	3952	1
3952	3939	1
3939	3952	2
3952	3939	2
3939	3954	0
3954	3939	0
3939	3954	1
3954	3939	1
3939	3954	2
3954	3939	2
3939	3941	0
3941	3939	0
3939	3941	1
3941	3939	1
3939	3941	2
3941	3939	2
3939	3951	0
3951	3939	0
3939	3951	1
3951	3939	1
3939	3951	2
3951	3939	2
3940	3950	0
3950	3940	0
3940	3950	1
3950	3940	1
3940	3950	2
3950	3940	2
3940	3949	0
3949	3940	0
3940	3949	1
3949	3940	1
3940	3949	2
3949	3940	2
3941	3944	0
3944	3941	0
3941	3944	1
3944	3941	1
3941	3944	2
3944	3941	2
3941	3946	0
3946	3941	0
3941	3946	1
3946	3941	1
3941	3946	2
3946	3941	2
3941	3947	0
3947	3941	0
3941	3947	1
3947	3941	1
3941	3947	2
3947	3941	2
3941	3949	0
3949	3941	0
3941	3949	1
3949	3941	1
3941	3949	2
3949	3941	2
3943	3957	0
3957	3943	0
3943	3957	1
3957	3943	1
3943	3957	2
3957	3943	2
3944	3952	0
3952	3944	0
3944	3952	1
3952	3944	1
3944	3952	2
3952	3944	2
3944	3954	0
3954	3944	0
3944	3954	1
3954	3944	1
3944	3954	2
3954	3944	2
3944	3951	0
3951	3944	0
3944	3951	1
3951	3944	1
3944	3951	2
3951	3944	2
3945	3953	0
3953	3945	0
3945	3953	1
3953	3945	1
3945	3953	2
3953	3945	2
3946	3949	0
3949	3946	0
3946	3949	1
3949	3946	1
3946	3949	2
3949	3946	2
3946	3951	0
3951	3946	0
3946	3951	1
3951	3946	1
3946	3951	2
3951	3946	2
3948	3953	0
3953	3948	0
3948	3953	1
3953	3948	1
3948	3953	2
3953	3948	2
3949	3951	0
3951	3949	0
3949	3951	1
3951	3949	1
3949	3951	2
3951	3949	2
3950	3951	0
3951	3950	0
3950	3951	1
3951	3950	1
3950	3951	2
3951	3950	2
3960	3965	0
3965	3960	0
3960	3965	1
3965	3960	1
3960	3965	2
3965	3960	2
3961	3962	0
3962	3961	0
3961	3962	1
3962	3961	1
3961	3962	2
3962	3961	2
3961	3963	0
3963	3961	0
3961	3963	1
3963	3961	1
3961	3963	2
3963	3961	2
3963	3964	0
3964	3963	0
3963	3964	1
3964	3963	1
3963	3964	2
3964	3963	2
3963	3965	0
3965	3963	0
3963	3965	1
3965	3963	1
3963	3965	2
3965	3963	2
3964	3965	0
3965	3964	0
3964	3965	1
3965	3964	1
3964	3965	2
3965	3964	2
3972	3980	0
3980	3972	0
3972	3980	1
3980	3972	1
3972	3980	2
3980	3972	2
3972	3981	0
3981	3972	0
3972	3981	1
3981	3972	1
3972	3981	2
3981	3972	2
3973	3983	0
3983	3973	0
3973	3983	1
3983	3973	1
3973	3983	2
3983	3973	2
3974	3977	0
3977	3974	0
3974	3977	1
3977	3974	1
3974	3977	2
3977	3974	2
3974	3980	0
3980	3974	0
3974	3980	1
3980	3974	1
3974	3980	2
3980	3974	2
3974	3981	0
3981	3974	0
3974	3981	1
3981	3974	1
3974	3981	2
3981	3974	2
3974	3982	0
3982	3974	0
3974	3982	1
3982	3974	1
3974	3982	2
3982	3974	2
3975	3980	0
3980	3975	0
3975	3980	1
3980	3975	1
3975	3980	2
3980	3975	2
3975	3981	0
3981	3975	0
3975	3981	1
3981	3975	1
3975	3981	2
3981	3975	2
3976	3978	0
3978	3976	0
3976	3978	1
3978	3976	1
3976	3978	2
3978	3976	2
3976	3982	0
3982	3976	0
3976	3982	1
3982	3976	1
3976	3982	2
3982	3976	2
3976	3983	0
3983	3976	0
3976	3983	1
3983	3976	1
3976	3983	2
3983	3976	2
3977	3980	0
3980	3977	0
3977	3980	1
3980	3977	1
3977	3980	2
3980	3977	2
3977	3981	0
3981	3977	0
3977	3981	1
3981	3977	1
3977	3981	2
3981	3977	2
3979	3983	0
3983	3979	0
3979	3983	1
3983	3979	1
3979	3983	2
3983	3979	2
3986	3988	0
3988	3986	0
3986	3988	1
3988	3986	1
3986	3988	2
3988	3986	2
3986	3990	0
3990	3986	0
3986	3990	1
3990	3986	1
3986	3990	2
3990	3986	2
3987	3989	0
3989	3987	0
3987	3989	1
3989	3987	1
3987	3989	2
3989	3987	2
3988	3990	0
3990	3988	0
3988	3990	1
3990	3988	1
3988	3990	2
3990	3988	2
3992	3993	0
3993	3992	0
3992	3993	1
3993	3992	1
3992	3993	2
3993	3992	2
3994	4000	0
4000	3994	0
3994	4000	1
4000	3994	1
3994	4000	2
4000	3994	2
3995	3999	0
3999	3995	0
3995	3999	1
3999	3995	1
3995	3999	2
3999	3995	2
3998	4000	0
4000	3998	0
3998	4000	1
4000	3998	1
3998	4000	2
4000	3998	2
4006	4008	0
4008	4006	0
4006	4008	1
4008	4006	1
4006	4008	2
4008	4006	2
4007	4009	0
4009	4007	0
4007	4009	1
4009	4007	1
4007	4009	2
4009	4007	2
4008	4010	0
4010	4008	0
4008	4010	1
4010	4008	1
4008	4010	2
4010	4008	2
4009	4012	0
4012	4009	0
4009	4012	1
4012	4009	1
4009	4012	2
4012	4009	2
4009	4011	0
4011	4009	0
4009	4011	1
4011	4009	1
4009	4011	2
4011	4009	2
4015	4021	0
4021	4015	0
4015	4021	1
4021	4015	1
4015	4021	2
4021	4015	2
4017	4020	0
4020	4017	0
4017	4020	1
4020	4017	1
4017	4020	2
4020	4017	2
4017	4022	0
4022	4017	0
4017	4022	1
4022	4017	1
4017	4022	2
4022	4017	2
4018	4019	0
4019	4018	0
4018	4019	1
4019	4018	1
4018	4019	2
4019	4018	2
4018	4023	0
4023	4018	0
4018	4023	1
4023	4018	1
4018	4023	2
4023	4018	2
4019	4022	0
4022	4019	0
4019	4022	1
4022	4019	1
4019	4022	2
4022	4019	2
4020	4023	0
4023	4020	0
4020	4023	1
4023	4020	1
4020	4023	2
4023	4020	2
4022	4024	0
4024	4022	0
4022	4024	1
4024	4022	1
4022	4024	2
4024	4022	2
4025	4032	0
4032	4025	0
4025	4032	1
4032	4025	1
4025	4032	2
4032	4025	2
4025	4033	0
4033	4025	0
4025	4033	1
4033	4025	1
4025	4033	2
4033	4025	2
4026	4028	0
4028	4026	0
4026	4028	1
4028	4026	1
4026	4028	2
4028	4026	2
4027	4032	0
4032	4027	0
4027	4032	1
4032	4027	1
4027	4032	2
4032	4027	2
4027	4033	0
4033	4027	0
4027	4033	1
4033	4027	1
4027	4033	2
4033	4027	2
4028	4031	0
4031	4028	0
4028	4031	1
4031	4028	1
4028	4031	2
4031	4028	2
4029	4032	0
4032	4029	0
4029	4032	1
4032	4029	1
4029	4032	2
4032	4029	2
4029	4030	0
4030	4029	0
4029	4030	1
4030	4029	1
4029	4030	2
4030	4029	2
4030	4032	0
4032	4030	0
4030	4032	1
4032	4030	1
4030	4032	2
4032	4030	2
4032	4033	0
4033	4032	0
4032	4033	1
4033	4032	1
4032	4033	2
4033	4032	2
4038	4040	0
4040	4038	0
4038	4040	1
4040	4038	1
4038	4040	2
4040	4038	2
4039	4041	0
4041	4039	0
4039	4041	1
4041	4039	1
4039	4041	2
4041	4039	2
4039	4042	0
4042	4039	0
4039	4042	1
4042	4039	1
4039	4042	2
4042	4039	2
4041	4042	0
4042	4041	0
4041	4042	1
4042	4041	1
4041	4042	2
4042	4041	2
4043	4048	0
4048	4043	0
4043	4048	1
4048	4043	1
4043	4048	2
4048	4043	2
4044	4048	0
4048	4044	0
4044	4048	1
4048	4044	1
4044	4048	2
4048	4044	2
4046	4051	0
4051	4046	0
4046	4051	1
4051	4046	1
4046	4051	2
4051	4046	2
4048	4049	0
4049	4048	0
4048	4049	1
4049	4048	1
4048	4049	2
4049	4048	2
4048	4050	0
4050	4048	0
4048	4050	1
4050	4048	1
4048	4050	2
4050	4048	2
4052	4060	0
4060	4052	0
4052	4060	1
4060	4052	1
4052	4060	2
4060	4052	2
4053	4057	0
4057	4053	0
4053	4057	1
4057	4053	1
4053	4057	2
4057	4053	2
4054	4056	0
4056	4054	0
4054	4056	1
4056	4054	1
4054	4056	2
4056	4054	2
4054	4061	0
4061	4054	0
4054	4061	1
4061	4054	1
4054	4061	2
4061	4054	2
4055	4057	0
4057	4055	0
4055	4057	1
4057	4055	1
4055	4057	2
4057	4055	2
4056	4060	0
4060	4056	0
4056	4060	1
4060	4056	1
4056	4060	2
4060	4056	2
4056	4061	0
4061	4056	0
4056	4061	1
4061	4056	1
4056	4061	2
4061	4056	2
4062	4068	0
4068	4062	0
4062	4068	1
4068	4062	1
4062	4068	2
4068	4062	2
4062	4069	0
4069	4062	0
4062	4069	1
4069	4062	1
4062	4069	2
4069	4062	2
4063	4064	0
4064	4063	0
4063	4064	1
4064	4063	1
4063	4064	2
4064	4063	2
4063	4070	0
4070	4063	0
4063	4070	1
4070	4063	1
4063	4070	2
4070	4063	2
4063	4072	0
4072	4063	0
4063	4072	1
4072	4063	1
4063	4072	2
4072	4063	2
4064	4066	0
4066	4064	0
4064	4066	1
4066	4064	1
4064	4066	2
4066	4064	2
4064	4069	0
4069	4064	0
4064	4069	1
4069	4064	1
4064	4069	2
4069	4064	2
4065	4068	0
4068	4065	0
4065	4068	1
4068	4065	1
4065	4068	2
4068	4065	2
4065	4070	0
4070	4065	0
4065	4070	1
4070	4065	1
4065	4070	2
4070	4065	2
4065	4067	0
4067	4065	0
4065	4067	1
4067	4065	1
4065	4067	2
4067	4065	2
4066	4070	0
4070	4066	0
4066	4070	1
4070	4066	1
4066	4070	2
4070	4066	2
4067	4071	0
4071	4067	0
4067	4071	1
4071	4067	1
4067	4071	2
4071	4067	2
4068	4071	0
4071	4068	0
4068	4071	1
4071	4068	1
4068	4071	2
4071	4068	2
4069	4071	0
4071	4069	0
4069	4071	1
4071	4069	1
4069	4071	2
4071	4069	2
4073	4076	0
4076	4073	0
4073	4076	1
4076	4073	1
4073	4076	2
4076	4073	2
4074	4075	0
4075	4074	0
4074	4075	1
4075	4074	1
4074	4075	2
4075	4074	2
4076	4077	0
4077	4076	0
4076	4077	1
4077	4076	1
4076	4077	2
4077	4076	2
4080	4085	0
4085	4080	0
4080	4085	1
4085	4080	1
4080	4085	2
4085	4080	2
4081	4082	0
4082	4081	0
4081	4082	1
4082	4081	1
4081	4082	2
4082	4081	2
4082	4083	0
4083	4082	0
4082	4083	1
4083	4082	1
4082	4083	2
4083	4082	2
4082	4084	0
4084	4082	0
4082	4084	1
4084	4082	1
4082	4084	2
4084	4082	2
4086	4095	0
4095	4086	0
4086	4095	1
4095	4086	1
4086	4095	2
4095	4086	2
4086	4089	0
4089	4086	0
4086	4089	1
4089	4086	1
4086	4089	2
4089	4086	2
4086	4091	0
4091	4086	0
4086	4091	1
4091	4086	1
4086	4091	2
4091	4086	2
4087	4089	0
4089	4087	0
4087	4089	1
4089	4087	1
4087	4089	2
4089	4087	2
4087	4091	0
4091	4087	0
4087	4091	1
4091	4087	1
4087	4091	2
4091	4087	2
4088	4092	0
4092	4088	0
4088	4092	1
4092	4088	1
4088	4092	2
4092	4088	2
4089	4093	0
4093	4089	0
4089	4093	1
4093	4089	1
4089	4093	2
4093	4089	2
4089	4095	0
4095	4089	0
4089	4095	1
4095	4089	1
4089	4095	2
4095	4089	2
4089	4096	0
4096	4089	0
4089	4096	1
4096	4089	1
4089	4096	2
4096	4089	2
4090	4095	0
4095	4090	0
4090	4095	1
4095	4090	1
4090	4095	2
4095	4090	2
4090	4092	0
4092	4090	0
4090	4092	1
4092	4090	1
4090	4092	2
4092	4090	2
4091	4093	0
4093	4091	0
4091	4093	1
4093	4091	1
4091	4093	2
4093	4091	2
4091	4095	0
4095	4091	0
4091	4095	1
4095	4091	1
4091	4095	2
4095	4091	2
4091	4096	0
4096	4091	0
4091	4096	1
4096	4091	1
4091	4096	2
4096	4091	2
4092	4094	0
4094	4092	0
4092	4094	1
4094	4092	1
4092	4094	2
4094	4092	2
4093	4095	0
4095	4093	0
4093	4095	1
4095	4093	1
4093	4095	2
4095	4093	2
4097	4100	0
4100	4097	0
4097	4100	1
4100	4097	1
4097	4100	2
4100	4097	2
4097	4102	0
4102	4097	0
4097	4102	1
4102	4097	1
4097	4102	2
4102	4097	2
4098	4103	0
4103	4098	0
4098	4103	1
4103	4098	1
4098	4103	2
4103	4098	2
4098	4101	0
4101	4098	0
4098	4101	1
4101	4098	1
4098	4101	2
4101	4098	2
4099	4100	0
4100	4099	0
4099	4100	1
4100	4099	1
4099	4100	2
4100	4099	2
4101	4102	0
4102	4101	0
4101	4102	1
4102	4101	1
4101	4102	2
4102	4101	2
4102	4103	0
4103	4102	0
4102	4103	1
4103	4102	1
4102	4103	2
4103	4102	2
4106	4113	0
4113	4106	0
4106	4113	1
4113	4106	1
4106	4113	2
4113	4106	2
4106	4114	0
4114	4106	0
4106	4114	1
4114	4106	1
4106	4114	2
4114	4106	2
4106	4116	0
4116	4106	0
4106	4116	1
4116	4106	1
4106	4116	2
4116	4106	2
4106	4128	0
4128	4106	0
4106	4128	1
4128	4106	1
4106	4128	2
4128	4106	2
4107	4131	0
4131	4107	0
4107	4131	1
4131	4107	1
4107	4131	2
4131	4107	2
4107	4113	0
4113	4107	0
4107	4113	1
4113	4107	1
4107	4113	2
4113	4107	2
4107	4114	0
4114	4107	0
4107	4114	1
4114	4107	1
4107	4114	2
4114	4107	2
4107	4116	0
4116	4107	0
4107	4116	1
4116	4107	1
4107	4116	2
4116	4107	2
4108	4121	0
4121	4108	0
4108	4121	1
4121	4108	1
4108	4121	2
4121	4108	2
4108	4123	0
4123	4108	0
4108	4123	1
4123	4108	1
4108	4123	2
4123	4108	2
4108	4130	0
4130	4108	0
4108	4130	1
4130	4108	1
4108	4130	2
4130	4108	2
4109	4119	0
4119	4109	0
4109	4119	1
4119	4109	1
4109	4119	2
4119	4109	2
4109	4127	0
4127	4109	0
4109	4127	1
4127	4109	1
4109	4127	2
4127	4109	2
4109	4129	0
4129	4109	0
4109	4129	1
4129	4109	1
4109	4129	2
4129	4109	2
4109	4124	0
4124	4109	0
4109	4124	1
4124	4109	1
4109	4124	2
4124	4109	2
4110	4125	0
4125	4110	0
4110	4125	1
4125	4110	1
4110	4125	2
4125	4110	2
4110	4130	0
4130	4110	0
4110	4130	1
4130	4110	1
4110	4130	2
4130	4110	2
4111	4127	0
4127	4111	0
4111	4127	1
4127	4111	1
4111	4127	2
4127	4111	2
4111	4119	0
4119	4111	0
4111	4119	1
4119	4111	1
4111	4119	2
4119	4111	2
4111	4125	0
4125	4111	0
4111	4125	1
4125	4111	1
4111	4125	2
4125	4111	2
4111	4122	0
4122	4111	0
4111	4122	1
4122	4111	1
4111	4122	2
4122	4111	2
4112	4114	0
4114	4112	0
4112	4114	1
4114	4112	1
4112	4114	2
4114	4112	2
4112	4115	0
4115	4112	0
4112	4115	1
4115	4112	1
4112	4115	2
4115	4112	2
4112	4121	0
4121	4112	0
4112	4121	1
4121	4112	1
4112	4121	2
4121	4112	2
4112	4123	0
4123	4112	0
4112	4123	1
4123	4112	1
4112	4123	2
4123	4112	2
4112	4124	0
4124	4112	0
4112	4124	1
4124	4112	1
4112	4124	2
4124	4112	2
4113	4129	0
4129	4113	0
4113	4129	1
4129	4113	1
4113	4129	2
4129	4113	2
4115	4128	0
4128	4115	0
4115	4128	1
4128	4115	1
4115	4128	2
4128	4115	2
4116	4129	0
4129	4116	0
4116	4129	1
4129	4116	1
4116	4129	2
4129	4116	2
4117	4122	0
4122	4117	0
4117	4122	1
4122	4117	1
4117	4122	2
4122	4117	2
4117	4130	0
4130	4117	0
4117	4130	1
4130	4117	1
4117	4130	2
4130	4117	2
4118	4119	0
4119	4118	0
4118	4119	1
4119	4118	1
4118	4119	2
4119	4118	2
4118	4127	0
4127	4118	0
4118	4127	1
4127	4118	1
4118	4127	2
4127	4118	2
4118	4121	0
4121	4118	0
4118	4121	1
4121	4118	1
4118	4121	2
4121	4118	2
4118	4123	0
4123	4118	0
4118	4123	1
4123	4118	1
4118	4123	2
4123	4118	2
4120	4121	0
4121	4120	0
4120	4121	1
4121	4120	1
4120	4121	2
4121	4120	2
4120	4123	0
4123	4120	0
4120	4123	1
4123	4120	1
4120	4123	2
4123	4120	2
4120	4130	0
4130	4120	0
4120	4130	1
4130	4120	1
4120	4130	2
4130	4120	2
4121	4123	0
4123	4121	0
4121	4123	1
4123	4121	1
4121	4123	2
4123	4121	2
4121	4124	0
4124	4121	0
4121	4124	1
4124	4121	1
4121	4124	2
4124	4121	2
4125	4126	0
4126	4125	0
4125	4126	1
4126	4125	1
4125	4126	2
4126	4125	2
4126	4130	0
4130	4126	0
4126	4130	1
4130	4126	1
4126	4130	2
4130	4126	2
4132	4141	0
4141	4132	0
4132	4141	1
4141	4132	1
4132	4141	2
4141	4132	2
4132	4140	0
4140	4132	0
4132	4140	1
4140	4132	1
4132	4140	2
4140	4132	2
4133	4143	0
4143	4133	0
4133	4143	1
4143	4133	1
4133	4143	2
4143	4133	2
4134	4139	0
4139	4134	0
4134	4139	1
4139	4134	1
4134	4139	2
4139	4134	2
4135	4149	0
4149	4135	0
4135	4149	1
4149	4135	1
4135	4149	2
4149	4135	2
4136	4145	0
4145	4136	0
4136	4145	1
4145	4136	1
4136	4145	2
4145	4136	2
4136	4144	0
4144	4136	0
4136	4144	1
4144	4136	1
4136	4144	2
4144	4136	2
4137	4150	0
4150	4137	0
4137	4150	1
4150	4137	1
4137	4150	2
4150	4137	2
4138	4149	0
4149	4138	0
4138	4149	1
4149	4138	1
4138	4149	2
4149	4138	2
4142	4149	0
4149	4142	0
4142	4149	1
4149	4142	1
4142	4149	2
4149	4142	2
4145	4150	0
4150	4145	0
4145	4150	1
4150	4145	1
4145	4150	2
4150	4145	2
4146	4149	0
4149	4146	0
4146	4149	1
4149	4146	1
4146	4149	2
4149	4146	2
4147	4149	0
4149	4147	0
4147	4149	1
4149	4147	1
4147	4149	2
4149	4147	2
4148	4149	0
4149	4148	0
4148	4149	1
4149	4148	1
4148	4149	2
4149	4148	2
4151	4166	0
4166	4151	0
4151	4166	1
4166	4151	1
4151	4166	2
4166	4151	2
4152	4153	0
4153	4152	0
4152	4153	1
4153	4152	1
4152	4153	2
4153	4152	2
4152	4167	0
4167	4152	0
4152	4167	1
4167	4152	1
4152	4167	2
4167	4152	2
4153	4167	0
4167	4153	0
4153	4167	1
4167	4153	1
4153	4167	2
4167	4153	2
4154	4167	0
4167	4154	0
4154	4167	1
4167	4154	1
4154	4167	2
4167	4154	2
4157	4159	0
4159	4157	0
4157	4159	1
4159	4157	1
4157	4159	2
4159	4157	2
4158	4162	0
4162	4158	0
4158	4162	1
4162	4158	1
4158	4162	2
4162	4158	2
4158	4159	0
4159	4158	0
4158	4159	1
4159	4158	1
4158	4159	2
4159	4158	2
4158	4171	0
4171	4158	0
4158	4171	1
4171	4158	1
4158	4171	2
4171	4158	2
4159	4165	0
4165	4159	0
4159	4165	1
4165	4159	1
4159	4165	2
4165	4159	2
4159	4171	0
4171	4159	0
4159	4171	1
4171	4159	1
4159	4171	2
4171	4159	2
4160	4171	0
4171	4160	0
4160	4171	1
4171	4160	1
4160	4171	2
4171	4160	2
4160	4161	0
4161	4160	0
4160	4161	1
4161	4160	1
4160	4161	2
4161	4160	2
4161	4162	0
4162	4161	0
4161	4162	1
4162	4161	1
4161	4162	2
4162	4161	2
4166	4168	0
4168	4166	0
4166	4168	1
4168	4166	1
4166	4168	2
4168	4166	2
4172	4176	0
4176	4172	0
4172	4176	1
4176	4172	1
4172	4176	2
4176	4172	2
4172	4177	0
4177	4172	0
4172	4177	1
4177	4172	1
4172	4177	2
4177	4172	2
4172	4178	0
4178	4172	0
4172	4178	1
4178	4172	1
4172	4178	2
4178	4172	2
4173	4174	0
4174	4173	0
4173	4174	1
4174	4173	1
4173	4174	2
4174	4173	2
4173	4175	0
4175	4173	0
4173	4175	1
4175	4173	1
4173	4175	2
4175	4173	2
4174	4176	0
4176	4174	0
4174	4176	1
4176	4174	1
4174	4176	2
4176	4174	2
4174	4177	0
4177	4174	0
4174	4177	1
4177	4174	1
4174	4177	2
4177	4174	2
4174	4178	0
4178	4174	0
4174	4178	1
4178	4174	1
4174	4178	2
4178	4174	2
4176	4178	0
4178	4176	0
4176	4178	1
4178	4176	1
4176	4178	2
4178	4176	2
4177	4178	0
4178	4177	0
4177	4178	1
4178	4177	1
4177	4178	2
4178	4177	2
4180	4182	0
4182	4180	0
4180	4182	1
4182	4180	1
4180	4182	2
4182	4180	2
4181	4182	0
4182	4181	0
4181	4182	1
4182	4181	1
4181	4182	2
4182	4181	2
4183	4199	0
4199	4183	0
4183	4199	1
4199	4183	1
4183	4199	2
4199	4183	2
4183	4198	0
4198	4183	0
4183	4198	1
4198	4183	1
4183	4198	2
4198	4183	2
4183	4192	0
4192	4183	0
4183	4192	1
4192	4183	1
4183	4192	2
4192	4183	2
4183	4186	0
4186	4183	0
4183	4186	1
4186	4183	1
4183	4186	2
4186	4183	2
4183	4190	0
4190	4183	0
4183	4190	1
4190	4183	1
4183	4190	2
4190	4183	2
4184	4199	0
4199	4184	0
4184	4199	1
4199	4184	1
4184	4199	2
4199	4184	2
4184	4185	0
4185	4184	0
4184	4185	1
4185	4184	1
4184	4185	2
4185	4184	2
4184	4186	0
4186	4184	0
4184	4186	1
4186	4184	1
4184	4186	2
4186	4184	2
4184	4187	0
4187	4184	0
4184	4187	1
4187	4184	1
4184	4187	2
4187	4184	2
4184	4191	0
4191	4184	0
4184	4191	1
4191	4184	1
4184	4191	2
4191	4184	2
4184	4200	0
4200	4184	0
4184	4200	1
4200	4184	1
4184	4200	2
4200	4184	2
4185	4194	0
4194	4185	0
4185	4194	1
4194	4185	1
4185	4194	2
4194	4185	2
4185	4189	0
4189	4185	0
4185	4189	1
4189	4185	1
4185	4189	2
4189	4185	2
4185	4191	0
4191	4185	0
4185	4191	1
4191	4185	1
4185	4191	2
4191	4185	2
4185	4195	0
4195	4185	0
4185	4195	1
4195	4185	1
4185	4195	2
4195	4185	2
4185	4197	0
4197	4185	0
4185	4197	1
4197	4185	1
4185	4197	2
4197	4185	2
4186	4194	0
4194	4186	0
4186	4194	1
4194	4186	1
4186	4194	2
4194	4186	2
4186	4189	0
4189	4186	0
4186	4189	1
4189	4186	1
4186	4189	2
4189	4186	2
4186	4195	0
4195	4186	0
4186	4195	1
4195	4186	1
4186	4195	2
4195	4186	2
4186	4197	0
4197	4186	0
4186	4197	1
4197	4186	1
4186	4197	2
4197	4186	2
4187	4195	0
4195	4187	0
4187	4195	1
4195	4187	1
4187	4195	2
4195	4187	2
4187	4192	0
4192	4187	0
4187	4192	1
4192	4187	1
4187	4192	2
4192	4187	2
4187	4190	0
4190	4187	0
4187	4190	1
4190	4187	1
4187	4190	2
4190	4187	2
4188	4199	0
4199	4188	0
4188	4199	1
4199	4188	1
4188	4199	2
4199	4188	2
4188	4198	0
4198	4188	0
4188	4198	1
4198	4188	1
4188	4198	2
4198	4188	2
4188	4192	0
4192	4188	0
4188	4192	1
4192	4188	1
4188	4192	2
4192	4188	2
4188	4190	0
4190	4188	0
4188	4190	1
4190	4188	1
4188	4190	2
4190	4188	2
4189	4191	0
4191	4189	0
4189	4191	1
4191	4189	1
4189	4191	2
4191	4189	2
4189	4196	0
4196	4189	0
4189	4196	1
4196	4189	1
4189	4196	2
4196	4189	2
4190	4193	0
4193	4190	0
4190	4193	1
4193	4190	1
4190	4193	2
4193	4190	2
4190	4196	0
4196	4190	0
4190	4196	1
4196	4190	1
4190	4196	2
4196	4190	2
4191	4194	0
4194	4191	0
4191	4194	1
4194	4191	1
4191	4194	2
4194	4191	2
4191	4195	0
4195	4191	0
4191	4195	1
4195	4191	1
4191	4195	2
4195	4191	2
4191	4197	0
4197	4191	0
4191	4197	1
4197	4191	1
4191	4197	2
4197	4191	2
4192	4193	0
4193	4192	0
4192	4193	1
4193	4192	1
4192	4193	2
4193	4192	2
4192	4196	0
4196	4192	0
4192	4196	1
4196	4192	1
4192	4196	2
4196	4192	2
4192	4197	0
4197	4192	0
4192	4197	1
4197	4192	1
4192	4197	2
4197	4192	2
4193	4197	0
4197	4193	0
4193	4197	1
4197	4193	1
4193	4197	2
4197	4193	2
4195	4198	0
4198	4195	0
4195	4198	1
4198	4195	1
4195	4198	2
4198	4195	2
4195	4200	0
4200	4195	0
4195	4200	1
4200	4195	1
4195	4200	2
4200	4195	2
4198	4201	0
4201	4198	0
4198	4201	1
4201	4198	1
4198	4201	2
4201	4198	2
4198	4199	0
4199	4198	0
4198	4199	1
4199	4198	1
4198	4199	2
4199	4198	2
4199	4201	0
4201	4199	0
4199	4201	1
4201	4199	1
4199	4201	2
4201	4199	2
4202	4205	0
4205	4202	0
4202	4205	1
4205	4202	1
4202	4205	2
4205	4202	2
4203	4205	0
4205	4203	0
4203	4205	1
4205	4203	1
4203	4205	2
4205	4203	2
4207	4208	0
4208	4207	0
4207	4208	1
4208	4207	1
4207	4208	2
4208	4207	2
4211	4214	0
4214	4211	0
4211	4214	1
4214	4211	1
4211	4214	2
4214	4211	2
4212	4215	0
4215	4212	0
4212	4215	1
4215	4212	1
4212	4215	2
4215	4212	2
4212	4221	0
4221	4212	0
4212	4221	1
4221	4212	1
4212	4221	2
4221	4212	2
4212	4214	0
4214	4212	0
4212	4214	1
4214	4212	1
4212	4214	2
4214	4212	2
4214	4215	0
4215	4214	0
4214	4215	1
4215	4214	1
4214	4215	2
4215	4214	2
4214	4216	0
4216	4214	0
4214	4216	1
4216	4214	1
4214	4216	2
4216	4214	2
4215	4221	0
4221	4215	0
4215	4221	1
4221	4215	1
4215	4221	2
4221	4215	2
4216	4221	0
4221	4216	0
4216	4221	1
4221	4216	1
4216	4221	2
4221	4216	2
4219	4223	0
4223	4219	0
4219	4223	1
4223	4219	1
4219	4223	2
4223	4219	2
4222	4223	0
4223	4222	0
4222	4223	1
4223	4222	1
4222	4223	2
4223	4222	2
4224	4228	0
4228	4224	0
4224	4228	1
4228	4224	1
4224	4228	2
4228	4224	2
4225	4229	0
4229	4225	0
4225	4229	1
4229	4225	1
4225	4229	2
4229	4225	2
4226	4231	0
4231	4226	0
4226	4231	1
4231	4226	1
4226	4231	2
4231	4226	2
4228	4230	0
4230	4228	0
4228	4230	1
4230	4228	1
4228	4230	2
4230	4228	2
4236	4246	0
4246	4236	0
4236	4246	1
4246	4236	1
4236	4246	2
4246	4236	2
4236	4262	0
4262	4236	0
4236	4262	1
4262	4236	1
4236	4262	2
4262	4236	2
4236	4238	0
4238	4236	0
4236	4238	1
4238	4236	1
4236	4238	2
4238	4236	2
4237	4272	0
4272	4237	0
4237	4272	1
4272	4237	1
4237	4272	2
4272	4237	2
4237	4242	0
4242	4237	0
4237	4242	1
4242	4237	1
4237	4242	2
4242	4237	2
4237	4239	0
4239	4237	0
4237	4239	1
4239	4237	1
4237	4239	2
4239	4237	2
4237	4263	0
4263	4237	0
4237	4263	1
4263	4237	1
4237	4263	2
4263	4237	2
4238	4256	0
4256	4238	0
4238	4256	1
4256	4238	1
4238	4256	2
4256	4238	2
4238	4259	0
4259	4238	0
4238	4259	1
4259	4238	1
4238	4259	2
4259	4238	2
4238	4273	0
4273	4238	0
4238	4273	1
4273	4238	1
4238	4273	2
4273	4238	2
4238	4269	0
4269	4238	0
4238	4269	1
4269	4238	1
4238	4269	2
4269	4238	2
4238	4246	0
4246	4238	0
4238	4246	1
4246	4238	1
4238	4246	2
4246	4238	2
4239	4242	0
4242	4239	0
4239	4242	1
4242	4239	1
4239	4242	2
4242	4239	2
4240	4266	0
4266	4240	0
4240	4266	1
4266	4240	1
4240	4266	2
4266	4240	2
4240	4282	0
4282	4240	0
4240	4282	1
4282	4240	1
4240	4282	2
4282	4240	2
4241	4243	0
4243	4241	0
4241	4243	1
4243	4241	1
4241	4243	2
4243	4241	2
4241	4266	0
4266	4241	0
4241	4266	1
4266	4241	1
4241	4266	2
4266	4241	2
4241	4282	0
4282	4241	0
4241	4282	1
4282	4241	1
4241	4282	2
4282	4241	2
4242	4272	0
4272	4242	0
4242	4272	1
4272	4242	1
4242	4272	2
4272	4242	2
4243	4247	0
4247	4243	0
4243	4247	1
4247	4243	1
4243	4247	2
4247	4243	2
4244	4270	0
4270	4244	0
4244	4270	1
4270	4244	1
4244	4270	2
4270	4244	2
4244	4248	0
4248	4244	0
4244	4248	1
4248	4244	1
4244	4248	2
4248	4244	2
4244	4281	0
4281	4244	0
4244	4281	1
4281	4244	1
4244	4281	2
4281	4244	2
4244	4271	0
4271	4244	0
4244	4271	1
4271	4244	1
4244	4271	2
4271	4244	2
4245	4268	0
4268	4245	0
4245	4268	1
4268	4245	1
4245	4268	2
4268	4245	2
4245	4280	0
4280	4245	0
4245	4280	1
4280	4245	1
4245	4280	2
4280	4245	2
4245	4285	0
4285	4245	0
4245	4285	1
4285	4245	1
4245	4285	2
4285	4245	2
4246	4269	0
4269	4246	0
4246	4269	1
4269	4246	1
4246	4269	2
4269	4246	2
4246	4262	0
4262	4246	0
4246	4262	1
4262	4246	1
4246	4262	2
4262	4246	2
4247	4267	0
4267	4247	0
4247	4267	1
4267	4247	1
4247	4267	2
4267	4247	2
4248	4278	0
4278	4248	0
4248	4278	1
4278	4248	1
4248	4278	2
4278	4248	2
4248	4268	0
4268	4248	0
4248	4268	1
4268	4248	1
4248	4268	2
4268	4248	2
4249	4257	0
4257	4249	0
4249	4257	1
4257	4249	1
4249	4257	2
4257	4249	2
4249	4252	0
4252	4249	0
4249	4252	1
4252	4249	1
4249	4252	2
4252	4249	2
4250	4264	0
4264	4250	0
4250	4264	1
4264	4250	1
4250	4264	2
4264	4250	2
4251	4270	0
4270	4251	0
4251	4270	1
4270	4251	1
4251	4270	2
4270	4251	2
4251	4280	0
4280	4251	0
4251	4280	1
4280	4251	1
4251	4280	2
4280	4251	2
4251	4281	0
4281	4251	0
4251	4281	1
4281	4251	1
4251	4281	2
4281	4251	2
4251	4285	0
4285	4251	0
4251	4285	1
4285	4251	1
4251	4285	2
4285	4251	2
4252	4264	0
4264	4252	0
4252	4264	1
4264	4252	1
4252	4264	2
4264	4252	2
4253	4270	0
4270	4253	0
4253	4270	1
4270	4253	1
4253	4270	2
4270	4253	2
4253	4280	0
4280	4253	0
4253	4280	1
4280	4253	1
4253	4280	2
4280	4253	2
4253	4285	0
4285	4253	0
4253	4285	1
4285	4253	1
4253	4285	2
4285	4253	2
4254	4270	0
4270	4254	0
4254	4270	1
4270	4254	1
4254	4270	2
4270	4254	2
4254	4276	0
4276	4254	0
4254	4276	1
4276	4254	1
4254	4276	2
4276	4254	2
4254	4280	0
4280	4254	0
4254	4280	1
4280	4254	1
4254	4280	2
4280	4254	2
4255	4271	0
4271	4255	0
4255	4271	1
4271	4255	1
4255	4271	2
4271	4255	2
4256	4259	0
4259	4256	0
4256	4259	1
4259	4256	1
4256	4259	2
4259	4256	2
4257	4265	0
4265	4257	0
4257	4265	1
4265	4257	1
4257	4265	2
4265	4257	2
4257	4275	0
4275	4257	0
4257	4275	1
4275	4257	1
4257	4275	2
4275	4257	2
4258	4270	0
4270	4258	0
4258	4270	1
4270	4258	1
4258	4270	2
4270	4258	2
4258	4280	0
4280	4258	0
4258	4280	1
4280	4258	1
4258	4280	2
4280	4258	2
4260	4286	0
4286	4260	0
4260	4286	1
4286	4260	1
4260	4286	2
4286	4260	2
4261	4274	0
4274	4261	0
4261	4274	1
4274	4261	1
4261	4274	2
4274	4261	2
4263	4269	0
4269	4263	0
4263	4269	1
4269	4263	1
4263	4269	2
4269	4263	2
4268	4271	0
4271	4268	0
4268	4271	1
4271	4268	1
4268	4271	2
4271	4268	2
4268	4281	0
4281	4268	0
4268	4281	1
4281	4268	1
4268	4281	2
4281	4268	2
4270	4280	0
4280	4270	0
4270	4280	1
4280	4270	1
4270	4280	2
4280	4270	2
4270	4276	0
4276	4270	0
4270	4276	1
4276	4270	1
4270	4276	2
4276	4270	2
4271	4277	0
4277	4271	0
4271	4277	1
4277	4271	1
4271	4277	2
4277	4271	2
4276	4280	0
4280	4276	0
4276	4280	1
4280	4276	1
4276	4280	2
4280	4276	2
4278	4281	0
4281	4278	0
4278	4281	1
4281	4278	1
4278	4281	2
4281	4278	2
4279	4285	0
4285	4279	0
4279	4285	1
4285	4279	1
4279	4285	2
4285	4279	2
4288	4289	0
4289	4288	0
4288	4289	1
4289	4288	1
4288	4289	2
4289	4288	2
4288	4294	0
4294	4288	0
4288	4294	1
4294	4288	1
4288	4294	2
4294	4288	2
4288	4299	0
4299	4288	0
4288	4299	1
4299	4288	1
4288	4299	2
4299	4288	2
4288	4304	0
4304	4288	0
4288	4304	1
4304	4288	1
4288	4304	2
4304	4288	2
4289	4294	0
4294	4289	0
4289	4294	1
4294	4289	1
4289	4294	2
4294	4289	2
4289	4298	0
4298	4289	0
4289	4298	1
4298	4289	1
4289	4298	2
4298	4289	2
4289	4303	0
4303	4289	0
4289	4303	1
4303	4289	1
4289	4303	2
4303	4289	2
4289	4304	0
4304	4289	0
4289	4304	1
4304	4289	1
4289	4304	2
4304	4289	2
4291	4305	0
4305	4291	0
4291	4305	1
4305	4291	1
4291	4305	2
4305	4291	2
4293	4294	0
4294	4293	0
4293	4294	1
4294	4293	1
4293	4294	2
4294	4293	2
4294	4299	0
4299	4294	0
4294	4299	1
4299	4294	1
4294	4299	2
4299	4294	2
4294	4304	0
4304	4294	0
4294	4304	1
4304	4294	1
4294	4304	2
4304	4294	2
4295	4305	0
4305	4295	0
4295	4305	1
4305	4295	1
4295	4305	2
4305	4295	2
4296	4301	0
4301	4296	0
4296	4301	1
4301	4296	1
4296	4301	2
4301	4296	2
4296	4302	0
4302	4296	0
4296	4302	1
4302	4296	1
4296	4302	2
4302	4296	2
4298	4299	0
4299	4298	0
4298	4299	1
4299	4298	1
4298	4299	2
4299	4298	2
4298	4304	0
4304	4298	0
4298	4304	1
4304	4298	1
4298	4304	2
4304	4298	2
4299	4303	0
4303	4299	0
4299	4303	1
4303	4299	1
4299	4303	2
4303	4299	2
4300	4301	0
4301	4300	0
4300	4301	1
4301	4300	1
4300	4301	2
4301	4300	2
4300	4302	0
4302	4300	0
4300	4302	1
4302	4300	1
4300	4302	2
4302	4300	2
4301	4302	0
4302	4301	0
4301	4302	1
4302	4301	1
4301	4302	2
4302	4301	2
4303	4304	0
4304	4303	0
4303	4304	1
4304	4303	1
4303	4304	2
4304	4303	2
4307	4326	0
4326	4307	0
4307	4326	1
4326	4307	1
4307	4326	2
4326	4307	2
4307	4327	0
4327	4307	0
4307	4327	1
4327	4307	1
4307	4327	2
4327	4307	2
4308	4329	0
4329	4308	0
4308	4329	1
4329	4308	1
4308	4329	2
4329	4308	2
4309	4343	0
4343	4309	0
4309	4343	1
4343	4309	1
4309	4343	2
4343	4309	2
4309	4356	0
4356	4309	0
4309	4356	1
4356	4309	1
4309	4356	2
4356	4309	2
4310	4344	0
4344	4310	0
4310	4344	1
4344	4310	1
4310	4344	2
4344	4310	2
4312	4357	0
4357	4312	0
4312	4357	1
4357	4312	1
4312	4357	2
4357	4312	2
4312	4334	0
4334	4312	0
4312	4334	1
4334	4312	1
4312	4334	2
4334	4312	2
4312	4316	0
4316	4312	0
4312	4316	1
4316	4312	1
4312	4316	2
4316	4312	2
4313	4317	0
4317	4313	0
4313	4317	1
4317	4313	1
4313	4317	2
4317	4313	2
4316	4357	0
4357	4316	0
4316	4357	1
4357	4316	1
4316	4357	2
4357	4316	2
4316	4319	0
4319	4316	0
4316	4319	1
4319	4316	1
4316	4319	2
4319	4316	2
4317	4339	0
4339	4317	0
4317	4339	1
4339	4317	1
4317	4339	2
4339	4317	2
4317	4330	0
4330	4317	0
4317	4330	1
4330	4317	1
4317	4330	2
4330	4317	2
4317	4331	0
4331	4317	0
4317	4331	1
4331	4317	1
4317	4331	2
4331	4317	2
4317	4347	0
4347	4317	0
4317	4347	1
4347	4317	1
4317	4347	2
4347	4317	2
4319	4330	0
4330	4319	0
4319	4330	1
4330	4319	1
4319	4330	2
4330	4319	2
4319	4357	0
4357	4319	0
4319	4357	1
4357	4319	1
4319	4357	2
4357	4319	2
4319	4334	0
4334	4319	0
4319	4334	1
4334	4319	1
4319	4334	2
4334	4319	2
4324	4340	0
4340	4324	0
4324	4340	1
4340	4324	1
4324	4340	2
4340	4324	2
4324	4337	0
4337	4324	0
4324	4337	1
4337	4324	1
4324	4337	2
4337	4324	2
4325	4340	0
4340	4325	0
4325	4340	1
4340	4325	1
4325	4340	2
4340	4325	2
4325	4337	0
4337	4325	0
4325	4337	1
4337	4325	1
4325	4337	2
4337	4325	2
4326	4335	0
4335	4326	0
4326	4335	1
4335	4326	1
4326	4335	2
4335	4326	2
4327	4335	0
4335	4327	0
4327	4335	1
4335	4327	1
4327	4335	2
4335	4327	2
4328	4356	0
4356	4328	0
4328	4356	1
4356	4328	1
4328	4356	2
4356	4328	2
4329	4343	0
4343	4329	0
4329	4343	1
4343	4329	1
4329	4343	2
4343	4329	2
4331	4347	0
4347	4331	0
4331	4347	1
4347	4331	1
4331	4347	2
4347	4331	2
4332	4358	0
4358	4332	0
4332	4358	1
4358	4332	1
4332	4358	2
4358	4332	2
4338	4353	0
4353	4338	0
4338	4353	1
4353	4338	1
4338	4353	2
4353	4338	2
4338	4340	0
4340	4338	0
4338	4340	1
4340	4338	1
4338	4340	2
4340	4338	2
4338	4342	0
4342	4338	0
4338	4342	1
4342	4338	1
4338	4342	2
4342	4338	2
4341	4353	0
4353	4341	0
4341	4353	1
4353	4341	1
4341	4353	2
4353	4341	2
4342	4353	0
4353	4342	0
4342	4353	1
4353	4342	1
4342	4353	2
4353	4342	2
4345	4354	0
4354	4345	0
4345	4354	1
4354	4345	1
4345	4354	2
4354	4345	2
4345	4355	0
4355	4345	0
4345	4355	1
4355	4345	1
4345	4355	2
4355	4345	2
4345	4348	0
4348	4345	0
4345	4348	1
4348	4345	1
4345	4348	2
4348	4345	2
4346	4349	0
4349	4346	0
4346	4349	1
4349	4346	1
4346	4349	2
4349	4346	2
4348	4354	0
4354	4348	0
4348	4354	1
4354	4348	1
4348	4354	2
4354	4348	2
4349	4350	0
4350	4349	0
4349	4350	1
4350	4349	1
4349	4350	2
4350	4349	2
4354	4355	0
4355	4354	0
4354	4355	1
4355	4354	1
4354	4355	2
4355	4354	2
4359	4361	0
4361	4359	0
4359	4361	1
4361	4359	1
4359	4361	2
4361	4359	2
4359	4369	0
4369	4359	0
4359	4369	1
4369	4359	1
4359	4369	2
4369	4359	2
4360	4370	0
4370	4360	0
4360	4370	1
4370	4360	1
4360	4370	2
4370	4360	2
4362	4379	0
4379	4362	0
4362	4379	1
4379	4362	1
4362	4379	2
4379	4362	2
4365	4366	0
4366	4365	0
4365	4366	1
4366	4365	1
4365	4366	2
4366	4365	2
4365	4375	0
4375	4365	0
4365	4375	1
4375	4365	1
4365	4375	2
4375	4365	2
4367	4375	0
4375	4367	0
4367	4375	1
4375	4367	1
4367	4375	2
4375	4367	2
4371	4380	0
4380	4371	0
4371	4380	1
4380	4371	1
4371	4380	2
4380	4371	2
4372	4385	0
4385	4372	0
4372	4385	1
4385	4372	1
4372	4385	2
4385	4372	2
4372	4381	0
4381	4372	0
4372	4381	1
4381	4372	1
4372	4381	2
4381	4372	2
4373	4388	0
4388	4373	0
4373	4388	1
4388	4373	1
4373	4388	2
4388	4373	2
4373	4382	0
4382	4373	0
4373	4382	1
4382	4373	1
4373	4382	2
4382	4373	2
4374	4377	0
4377	4374	0
4374	4377	1
4377	4374	1
4374	4377	2
4377	4374	2
4377	4390	0
4390	4377	0
4377	4390	1
4390	4377	1
4377	4390	2
4390	4377	2
4377	4383	0
4383	4377	0
4377	4383	1
4383	4377	1
4377	4383	2
4383	4377	2
4377	4382	0
4382	4377	0
4377	4382	1
4382	4377	1
4377	4382	2
4382	4377	2
4378	4384	0
4384	4378	0
4378	4384	1
4384	4378	1
4378	4384	2
4384	4378	2
4378	4388	0
4388	4378	0
4378	4388	1
4388	4378	1
4378	4388	2
4388	4378	2
4380	4385	0
4385	4380	0
4380	4385	1
4385	4380	1
4380	4385	2
4385	4380	2
4384	4388	0
4388	4384	0
4384	4388	1
4388	4384	1
4384	4388	2
4388	4384	2
4387	4389	0
4389	4387	0
4387	4389	1
4389	4387	1
4387	4389	2
4389	4387	2
4393	4397	0
4397	4393	0
4393	4397	1
4397	4393	1
4393	4397	2
4397	4393	2
4394	4412	0
4412	4394	0
4394	4412	1
4412	4394	1
4394	4412	2
4412	4394	2
4396	4419	0
4419	4396	0
4396	4419	1
4419	4396	1
4396	4419	2
4419	4396	2
4398	4412	0
4412	4398	0
4398	4412	1
4412	4398	1
4398	4412	2
4412	4398	2
4399	4408	0
4408	4399	0
4399	4408	1
4408	4399	1
4399	4408	2
4408	4399	2
4400	4418	0
4418	4400	0
4400	4418	1
4418	4400	1
4400	4418	2
4418	4400	2
4401	4412	0
4412	4401	0
4401	4412	1
4412	4401	1
4401	4412	2
4412	4401	2
4404	4409	0
4409	4404	0
4404	4409	1
4409	4404	1
4404	4409	2
4409	4404	2
4405	4411	0
4411	4405	0
4405	4411	1
4411	4405	1
4405	4411	2
4411	4405	2
4409	4413	0
4413	4409	0
4409	4413	1
4413	4409	1
4409	4413	2
4413	4409	2
4418	4422	0
4422	4418	0
4418	4422	1
4422	4418	1
4418	4422	2
4422	4418	2
4419	4421	0
4421	4419	0
4419	4421	1
4421	4419	1
4419	4421	2
4421	4419	2
4425	4458	0
4458	4425	0
4425	4458	1
4458	4425	1
4425	4458	2
4458	4425	2
4425	4457	0
4457	4425	0
4425	4457	1
4457	4425	1
4425	4457	2
4457	4425	2
4426	4439	0
4439	4426	0
4426	4439	1
4439	4426	1
4426	4439	2
4439	4426	2
4426	4458	0
4458	4426	0
4426	4458	1
4458	4426	1
4426	4458	2
4458	4426	2
4426	4457	0
4457	4426	0
4426	4457	1
4457	4426	1
4426	4457	2
4457	4426	2
4427	4469	0
4469	4427	0
4427	4469	1
4469	4427	1
4427	4469	2
4469	4427	2
4428	4468	0
4468	4428	0
4428	4468	1
4468	4428	1
4428	4468	2
4468	4428	2
4428	4469	0
4469	4428	0
4428	4469	1
4469	4428	1
4428	4469	2
4469	4428	2
4429	4462	0
4462	4429	0
4429	4462	1
4462	4429	1
4429	4462	2
4462	4429	2
4429	4459	0
4459	4429	0
4429	4459	1
4459	4429	1
4429	4459	2
4459	4429	2
4430	4475	0
4475	4430	0
4430	4475	1
4475	4430	1
4430	4475	2
4475	4430	2
4430	4482	0
4482	4430	0
4430	4482	1
4482	4430	1
4430	4482	2
4482	4430	2
4432	4444	0
4444	4432	0
4432	4444	1
4444	4432	1
4432	4444	2
4444	4432	2
4434	4483	0
4483	4434	0
4434	4483	1
4483	4434	1
4434	4483	2
4483	4434	2
4435	4483	0
4483	4435	0
4435	4483	1
4483	4435	1
4435	4483	2
4483	4435	2
4436	4482	0
4482	4436	0
4436	4482	1
4482	4436	1
4436	4482	2
4482	4436	2
4436	4459	0
4459	4436	0
4436	4459	1
4459	4436	1
4436	4459	2
4459	4436	2
4436	4462	0
4462	4436	0
4436	4462	1
4462	4436	1
4436	4462	2
4462	4436	2
4439	4457	0
4457	4439	0
4439	4457	1
4457	4439	1
4439	4457	2
4457	4439	2
4440	4469	0
4469	4440	0
4440	4469	1
4469	4440	1
4440	4469	2
4469	4440	2
4441	4450	0
4450	4441	0
4441	4450	1
4450	4441	1
4441	4450	2
4450	4441	2
4441	4448	0
4448	4441	0
4441	4448	1
4448	4441	1
4441	4448	2
4448	4441	2
4441	4476	0
4476	4441	0
4441	4476	1
4476	4441	1
4441	4476	2
4476	4441	2
4442	4466	0
4466	4442	0
4442	4466	1
4466	4442	1
4442	4466	2
4466	4442	2
4442	4478	0
4478	4442	0
4442	4478	1
4478	4442	1
4442	4478	2
4478	4442	2
4442	4450	0
4450	4442	0
4442	4450	1
4450	4442	1
4442	4450	2
4450	4442	2
4444	4458	0
4458	4444	0
4444	4458	1
4458	4444	1
4444	4458	2
4458	4444	2
4444	4457	0
4457	4444	0
4444	4457	1
4457	4444	1
4444	4457	2
4457	4444	2
4445	4480	0
4480	4445	0
4445	4480	1
4480	4445	1
4445	4480	2
4480	4445	2
4445	4474	0
4474	4445	0
4445	4474	1
4474	4445	1
4445	4474	2
4474	4445	2
4446	4467	0
4467	4446	0
4446	4467	1
4467	4446	1
4446	4467	2
4467	4446	2
4447	4466	0
4466	4447	0
4447	4466	1
4466	4447	1
4447	4466	2
4466	4447	2
4447	4478	0
4478	4447	0
4447	4478	1
4478	4447	1
4447	4478	2
4478	4447	2
4447	4472	0
4472	4447	0
4447	4472	1
4472	4447	1
4447	4472	2
4472	4447	2
4448	4473	0
4473	4448	0
4448	4473	1
4473	4448	1
4448	4473	2
4473	4448	2
4449	4466	0
4466	4449	0
4449	4466	1
4466	4449	1
4449	4466	2
4466	4449	2
4449	4478	0
4478	4449	0
4449	4478	1
4478	4449	1
4449	4478	2
4478	4449	2
4449	4479	0
4479	4449	0
4449	4479	1
4479	4449	1
4449	4479	2
4479	4449	2
4453	4454	0
4454	4453	0
4453	4454	1
4454	4453	1
4453	4454	2
4454	4453	2
4453	4469	0
4469	4453	0
4453	4469	1
4469	4453	1
4453	4469	2
4469	4453	2
4456	4483	0
4483	4456	0
4456	4483	1
4483	4456	1
4456	4483	2
4483	4456	2
4457	4470	0
4470	4457	0
4457	4470	1
4470	4457	1
4457	4470	2
4470	4457	2
4458	4470	0
4470	4458	0
4458	4470	1
4470	4458	1
4458	4470	2
4470	4458	2
4459	4482	0
4482	4459	0
4459	4482	1
4482	4459	1
4459	4482	2
4482	4459	2
4462	4475	0
4475	4462	0
4462	4475	1
4475	4462	1
4462	4475	2
4475	4462	2
4463	4481	0
4481	4463	0
4463	4481	1
4481	4463	1
4463	4481	2
4481	4463	2
4471	4480	0
4480	4471	0
4471	4480	1
4480	4471	1
4471	4480	2
4480	4471	2
4471	4474	0
4474	4471	0
4471	4474	1
4474	4471	1
4471	4474	2
4474	4471	2
4473	4484	0
4484	4473	0
4473	4484	1
4484	4473	1
4473	4484	2
4484	4473	2
4473	4476	0
4476	4473	0
4473	4476	1
4476	4473	1
4473	4476	2
4476	4473	2
4476	4478	0
4478	4476	0
4476	4478	1
4478	4476	1
4476	4478	2
4478	4476	2
4485	4536	0
4536	4485	0
4485	4536	1
4536	4485	1
4485	4536	2
4536	4485	2
4485	4515	0
4515	4485	0
4485	4515	1
4515	4485	1
4485	4515	2
4515	4485	2
4485	4501	0
4501	4485	0
4485	4501	1
4501	4485	1
4485	4501	2
4501	4485	2
4486	4510	0
4510	4486	0
4486	4510	1
4510	4486	1
4486	4510	2
4510	4486	2
4486	4511	0
4511	4486	0
4486	4511	1
4511	4486	1
4486	4511	2
4511	4486	2
4486	4512	0
4512	4486	0
4486	4512	1
4512	4486	1
4486	4512	2
4512	4486	2
4486	4545	0
4545	4486	0
4486	4545	1
4545	4486	1
4486	4545	2
4545	4486	2
4486	4500	0
4500	4486	0
4486	4500	1
4500	4486	1
4486	4500	2
4500	4486	2
4486	4535	0
4535	4486	0
4486	4535	1
4535	4486	1
4486	4535	2
4535	4486	2
4487	4493	0
4493	4487	0
4487	4493	1
4493	4487	1
4487	4493	2
4493	4487	2
4488	4514	0
4514	4488	0
4488	4514	1
4514	4488	1
4488	4514	2
4514	4488	2
4488	4494	0
4494	4488	0
4488	4494	1
4494	4488	1
4488	4494	2
4494	4488	2
4489	4527	0
4527	4489	0
4489	4527	1
4527	4489	1
4489	4527	2
4527	4489	2
4489	4513	0
4513	4489	0
4489	4513	1
4513	4489	1
4489	4513	2
4513	4489	2
4489	4497	0
4497	4489	0
4489	4497	1
4497	4489	1
4489	4497	2
4497	4489	2
4490	4544	0
4544	4490	0
4490	4544	1
4544	4490	1
4490	4544	2
4544	4490	2
4490	4517	0
4517	4490	0
4490	4517	1
4517	4490	1
4490	4517	2
4517	4490	2
4490	4521	0
4521	4490	0
4490	4521	1
4521	4490	1
4490	4521	2
4521	4490	2
4490	4534	0
4534	4490	0
4490	4534	1
4534	4490	1
4490	4534	2
4534	4490	2
4490	4529	0
4529	4490	0
4490	4529	1
4529	4490	1
4490	4529	2
4529	4490	2
4491	4529	0
4529	4491	0
4491	4529	1
4529	4491	1
4491	4529	2
4529	4491	2
4492	4530	0
4530	4492	0
4492	4530	1
4530	4492	1
4492	4530	2
4530	4492	2
4492	4539	0
4539	4492	0
4492	4539	1
4539	4492	1
4492	4539	2
4539	4492	2
4492	4542	0
4542	4492	0
4492	4542	1
4542	4492	1
4492	4542	2
4542	4492	2
4493	4536	0
4536	4493	0
4493	4536	1
4536	4493	1
4493	4536	2
4536	4493	2
4493	4515	0
4515	4493	0
4493	4515	1
4515	4493	1
4493	4515	2
4515	4493	2
4494	4536	0
4536	4494	0
4494	4536	1
4536	4494	1
4494	4536	2
4536	4494	2
4494	4510	0
4510	4494	0
4494	4510	1
4510	4494	1
4494	4510	2
4510	4494	2
4494	4511	0
4511	4494	0
4494	4511	1
4511	4494	1
4494	4511	2
4511	4494	2
4494	4495	0
4495	4494	0
4494	4495	1
4495	4494	1
4494	4495	2
4495	4494	2
4495	4514	0
4514	4495	0
4495	4514	1
4514	4495	1
4495	4514	2
4514	4495	2
4496	4521	0
4521	4496	0
4496	4521	1
4521	4496	1
4496	4521	2
4521	4496	2
4496	4534	0
4534	4496	0
4496	4534	1
4534	4496	1
4496	4534	2
4534	4496	2
4497	4513	0
4513	4497	0
4497	4513	1
4513	4497	1
4497	4513	2
4513	4497	2
4497	4507	0
4507	4497	0
4497	4507	1
4507	4497	1
4497	4507	2
4507	4497	2
4497	4509	0
4509	4497	0
4497	4509	1
4509	4497	1
4497	4509	2
4509	4497	2
4497	4517	0
4517	4497	0
4497	4517	1
4517	4497	1
4497	4517	2
4517	4497	2
4497	4521	0
4521	4497	0
4497	4521	1
4521	4497	1
4497	4521	2
4521	4497	2
4498	4520	0
4520	4498	0
4498	4520	1
4520	4498	1
4498	4520	2
4520	4498	2
4499	4516	0
4516	4499	0
4499	4516	1
4516	4499	1
4499	4516	2
4516	4499	2
4499	4518	0
4518	4499	0
4499	4518	1
4518	4499	1
4499	4518	2
4518	4499	2
4500	4535	0
4535	4500	0
4500	4535	1
4535	4500	1
4500	4535	2
4535	4500	2
4500	4545	0
4545	4500	0
4500	4545	1
4545	4500	1
4500	4545	2
4545	4500	2
4502	4520	0
4520	4502	0
4502	4520	1
4520	4502	1
4502	4520	2
4520	4502	2
4502	4523	0
4523	4502	0
4502	4523	1
4523	4502	1
4502	4523	2
4523	4502	2
4503	4520	0
4520	4503	0
4503	4520	1
4520	4503	1
4503	4520	2
4520	4503	2
4503	4523	0
4523	4503	0
4503	4523	1
4523	4503	1
4503	4523	2
4523	4503	2
4504	4516	0
4516	4504	0
4504	4516	1
4516	4504	1
4504	4516	2
4516	4504	2
4504	4518	0
4518	4504	0
4504	4518	1
4518	4504	1
4504	4518	2
4518	4504	2
4505	4522	0
4522	4505	0
4505	4522	1
4522	4505	1
4505	4522	2
4522	4505	2
4505	4523	0
4523	4505	0
4505	4523	1
4523	4505	1
4505	4523	2
4523	4505	2
4505	4516	0
4516	4505	0
4505	4516	1
4516	4505	1
4505	4516	2
4516	4505	2
4505	4518	0
4518	4505	0
4505	4518	1
4518	4505	1
4505	4518	2
4518	4505	2
4506	4516	0
4516	4506	0
4506	4516	1
4516	4506	1
4506	4516	2
4516	4506	2
4506	4518	0
4518	4506	0
4506	4518	1
4518	4506	1
4506	4518	2
4518	4506	2
4507	4513	0
4513	4507	0
4507	4513	1
4513	4507	1
4507	4513	2
4513	4507	2
4508	4521	0
4521	4508	0
4508	4521	1
4521	4508	1
4508	4521	2
4521	4508	2
4508	4534	0
4534	4508	0
4508	4534	1
4534	4508	1
4508	4534	2
4534	4508	2
4508	4509	0
4509	4508	0
4508	4509	1
4509	4508	1
4508	4509	2
4509	4508	2
4509	4513	0
4513	4509	0
4509	4513	1
4513	4509	1
4509	4513	2
4513	4509	2
4509	4533	0
4533	4509	0
4509	4533	1
4533	4509	1
4509	4533	2
4533	4509	2
4510	4514	0
4514	4510	0
4510	4514	1
4514	4510	1
4510	4514	2
4514	4510	2
4511	4514	0
4514	4511	0
4511	4514	1
4514	4511	1
4511	4514	2
4514	4511	2
4512	4545	0
4545	4512	0
4512	4545	1
4545	4512	1
4512	4545	2
4545	4512	2
4513	4517	0
4517	4513	0
4513	4517	1
4517	4513	1
4513	4517	2
4517	4513	2
4516	4522	0
4522	4516	0
4516	4522	1
4522	4516	1
4516	4522	2
4522	4516	2
4516	4528	0
4528	4516	0
4516	4528	1
4528	4516	1
4516	4528	2
4528	4516	2
4517	4519	0
4519	4517	0
4517	4519	1
4519	4517	1
4517	4519	2
4519	4517	2
4517	4527	0
4527	4517	0
4517	4527	1
4527	4517	1
4517	4527	2
4527	4517	2
4517	4521	0
4521	4517	0
4517	4521	1
4521	4517	1
4517	4521	2
4521	4517	2
4518	4522	0
4522	4518	0
4518	4522	1
4522	4518	1
4518	4522	2
4522	4518	2
4518	4528	0
4528	4518	0
4518	4528	1
4528	4518	1
4518	4528	2
4528	4518	2
4519	4521	0
4521	4519	0
4519	4521	1
4521	4519	1
4519	4521	2
4521	4519	2
4519	4534	0
4534	4519	0
4519	4534	1
4534	4519	1
4519	4534	2
4534	4519	2
4519	4529	0
4529	4519	0
4519	4529	1
4529	4519	1
4519	4529	2
4529	4519	2
4521	4533	0
4533	4521	0
4521	4533	1
4533	4521	1
4521	4533	2
4533	4521	2
4521	4544	0
4544	4521	0
4521	4544	1
4544	4521	1
4521	4544	2
4544	4521	2
4524	4538	0
4538	4524	0
4524	4538	1
4538	4524	1
4524	4538	2
4538	4524	2
4525	4538	0
4538	4525	0
4525	4538	1
4538	4525	1
4525	4538	2
4538	4525	2
4526	4530	0
4530	4526	0
4526	4530	1
4530	4526	1
4526	4530	2
4530	4526	2
4526	4539	0
4539	4526	0
4526	4539	1
4539	4526	1
4526	4539	2
4539	4526	2
4526	4542	0
4542	4526	0
4526	4542	1
4542	4526	1
4526	4542	2
4542	4526	2
4527	4530	0
4530	4527	0
4527	4530	1
4530	4527	1
4527	4530	2
4530	4527	2
4527	4539	0
4539	4527	0
4527	4539	1
4539	4527	1
4527	4539	2
4539	4527	2
4527	4542	0
4542	4527	0
4527	4542	1
4542	4527	1
4527	4542	2
4542	4527	2
4529	4544	0
4544	4529	0
4529	4544	1
4544	4529	1
4529	4544	2
4544	4529	2
4530	4543	0
4543	4530	0
4530	4543	1
4543	4530	1
4530	4543	2
4543	4530	2
4531	4537	0
4537	4531	0
4531	4537	1
4537	4531	1
4531	4537	2
4537	4531	2
4532	4538	0
4538	4532	0
4532	4538	1
4538	4532	1
4532	4538	2
4538	4532	2
4533	4534	0
4534	4533	0
4533	4534	1
4534	4533	1
4533	4534	2
4534	4533	2
4534	4544	0
4544	4534	0
4534	4544	1
4544	4534	1
4534	4544	2
4544	4534	2
4539	4543	0
4543	4539	0
4539	4543	1
4543	4539	1
4539	4543	2
4543	4539	2
4541	4547	0
4547	4541	0
4541	4547	1
4547	4541	1
4541	4547	2
4547	4541	2
4542	4543	0
4543	4542	0
4542	4543	1
4543	4542	1
4542	4543	2
4543	4542	2
4548	4564	0
4564	4548	0
4548	4564	1
4564	4548	1
4548	4564	2
4564	4548	2
4548	4550	0
4550	4548	0
4548	4550	1
4550	4548	1
4548	4550	2
4550	4548	2
4548	4551	0
4551	4548	0
4548	4551	1
4551	4548	1
4548	4551	2
4551	4548	2
4549	4550	0
4550	4549	0
4549	4550	1
4550	4549	1
4549	4550	2
4550	4549	2
4549	4564	0
4564	4549	0
4549	4564	1
4564	4549	1
4549	4564	2
4564	4549	2
4551	4581	0
4581	4551	0
4551	4581	1
4581	4551	1
4551	4581	2
4581	4551	2
4551	4565	0
4565	4551	0
4551	4565	1
4565	4551	1
4551	4565	2
4565	4551	2
4552	4562	0
4562	4552	0
4552	4562	1
4562	4552	1
4552	4562	2
4562	4552	2
4552	4597	0
4597	4552	0
4552	4597	1
4597	4552	1
4552	4597	2
4597	4552	2
4553	4576	0
4576	4553	0
4553	4576	1
4576	4553	1
4553	4576	2
4576	4553	2
4553	4577	0
4577	4553	0
4553	4577	1
4577	4553	1
4553	4577	2
4577	4553	2
4553	4563	0
4563	4553	0
4553	4563	1
4563	4553	1
4553	4563	2
4563	4553	2
4558	4601	0
4601	4558	0
4558	4601	1
4601	4558	1
4558	4601	2
4601	4558	2
4560	4590	0
4590	4560	0
4560	4590	1
4590	4560	1
4560	4590	2
4590	4560	2
4561	4590	0
4590	4561	0
4561	4590	1
4590	4561	1
4561	4590	2
4590	4561	2
4563	4579	0
4579	4563	0
4563	4579	1
4579	4563	1
4563	4579	2
4579	4563	2
4565	4581	0
4581	4565	0
4565	4581	1
4581	4565	1
4565	4581	2
4581	4565	2
4566	4592	0
4592	4566	0
4566	4592	1
4592	4566	1
4566	4592	2
4592	4566	2
4567	4592	0
4592	4567	0
4567	4592	1
4592	4567	1
4567	4592	2
4592	4567	2
4568	4571	0
4571	4568	0
4568	4571	1
4571	4568	1
4568	4571	2
4571	4568	2
4569	4586	0
4586	4569	0
4569	4586	1
4586	4569	1
4569	4586	2
4586	4569	2
4569	4585	0
4585	4569	0
4569	4585	1
4585	4569	1
4569	4585	2
4585	4569	2
4570	4582	0
4582	4570	0
4570	4582	1
4582	4570	1
4570	4582	2
4582	4570	2
4571	4587	0
4587	4571	0
4571	4587	1
4587	4571	1
4571	4587	2
4587	4571	2
4572	4580	0
4580	4572	0
4572	4580	1
4580	4572	1
4572	4580	2
4580	4572	2
4572	4598	0
4598	4572	0
4572	4598	1
4598	4572	1
4572	4598	2
4598	4572	2
4573	4583	0
4583	4573	0
4573	4583	1
4583	4573	1
4573	4583	2
4583	4573	2
4576	4579	0
4579	4576	0
4576	4579	1
4579	4576	1
4576	4579	2
4579	4576	2
4576	4597	0
4597	4576	0
4576	4597	1
4597	4576	1
4576	4597	2
4597	4576	2
4577	4579	0
4579	4577	0
4577	4579	1
4579	4577	1
4577	4579	2
4579	4577	2
4580	4583	0
4583	4580	0
4580	4583	1
4583	4580	1
4580	4583	2
4583	4580	2
4582	4599	0
4599	4582	0
4582	4599	1
4599	4582	1
4582	4599	2
4599	4582	2
4582	4591	0
4591	4582	0
4582	4591	1
4591	4582	1
4582	4591	2
4591	4582	2
4584	4598	0
4598	4584	0
4584	4598	1
4598	4584	1
4584	4598	2
4598	4584	2
4586	4587	0
4587	4586	0
4586	4587	1
4587	4586	1
4586	4587	2
4587	4586	2
4590	4594	0
4594	4590	0
4590	4594	1
4594	4590	1
4590	4594	2
4594	4590	2
4591	4594	0
4594	4591	0
4591	4594	1
4594	4591	1
4591	4594	2
4594	4591	2
4595	4599	0
4599	4595	0
4595	4599	1
4599	4595	1
4595	4599	2
4599	4595	2
4602	4605	0
4605	4602	0
4602	4605	1
4605	4602	1
4602	4605	2
4605	4602	2
4603	4604	0
4604	4603	0
4603	4604	1
4604	4603	1
4603	4604	2
4604	4603	2
4604	4607	0
4607	4604	0
4604	4607	1
4607	4604	1
4604	4607	2
4607	4604	2
4605	4606	0
4606	4605	0
4605	4606	1
4606	4605	1
4605	4606	2
4606	4605	2
4605	4608	0
4608	4605	0
4605	4608	1
4608	4605	1
4605	4608	2
4608	4605	2
4609	4611	0
4611	4609	0
4609	4611	1
4611	4609	1
4609	4611	2
4611	4609	2
4613	4615	0
4615	4613	0
4613	4615	1
4615	4613	1
4613	4615	2
4615	4613	2
4613	4614	0
4614	4613	0
4613	4614	1
4614	4613	1
4613	4614	2
4614	4613	2
4614	4616	0
4616	4614	0
4614	4616	1
4616	4614	1
4614	4616	2
4616	4614	2
4614	4615	0
4615	4614	0
4614	4615	1
4615	4614	1
4614	4615	2
4615	4614	2
4618	4619	0
4619	4618	0
4618	4619	1
4619	4618	1
4618	4619	2
4619	4618	2
4620	4625	0
4625	4620	0
4620	4625	1
4625	4620	1
4620	4625	2
4625	4620	2
4621	4625	0
4625	4621	0
4621	4625	1
4625	4621	1
4621	4625	2
4625	4621	2
4626	4638	0
4638	4626	0
4626	4638	1
4638	4626	1
4626	4638	2
4638	4626	2
4626	4630	0
4630	4626	0
4626	4630	1
4630	4626	1
4626	4630	2
4630	4626	2
4626	4631	0
4631	4626	0
4626	4631	1
4631	4626	1
4626	4631	2
4631	4626	2
4626	4632	0
4632	4626	0
4626	4632	1
4632	4626	1
4626	4632	2
4632	4626	2
4627	4628	0
4628	4627	0
4627	4628	1
4628	4627	1
4627	4628	2
4628	4627	2
4627	4629	0
4629	4627	0
4627	4629	1
4629	4627	1
4627	4629	2
4629	4627	2
4627	4632	0
4632	4627	0
4627	4632	1
4632	4627	1
4627	4632	2
4632	4627	2
4627	4631	0
4631	4627	0
4627	4631	1
4631	4627	1
4627	4631	2
4631	4627	2
4627	4630	0
4630	4627	0
4627	4630	1
4630	4627	1
4627	4630	2
4630	4627	2
4628	4636	0
4636	4628	0
4628	4636	1
4636	4628	1
4628	4636	2
4636	4628	2
4628	4634	0
4634	4628	0
4628	4634	1
4634	4628	1
4628	4634	2
4634	4628	2
4628	4637	0
4637	4628	0
4628	4637	1
4637	4628	1
4628	4637	2
4637	4628	2
4628	4641	0
4641	4628	0
4628	4641	1
4641	4628	1
4628	4641	2
4641	4628	2
4628	4632	0
4632	4628	0
4628	4632	1
4632	4628	1
4628	4632	2
4632	4628	2
4629	4636	0
4636	4629	0
4629	4636	1
4636	4629	1
4629	4636	2
4636	4629	2
4629	4634	0
4634	4629	0
4629	4634	1
4634	4629	1
4629	4634	2
4634	4629	2
4629	4637	0
4637	4629	0
4629	4637	1
4637	4629	1
4629	4637	2
4637	4629	2
4629	4641	0
4641	4629	0
4629	4641	1
4641	4629	1
4629	4641	2
4641	4629	2
4629	4632	0
4632	4629	0
4629	4632	1
4632	4629	1
4629	4632	2
4632	4629	2
4630	4633	0
4633	4630	0
4630	4633	1
4633	4630	1
4630	4633	2
4633	4630	2
4630	4638	0
4638	4630	0
4630	4638	1
4638	4630	1
4630	4638	2
4638	4630	2
4630	4641	0
4641	4630	0
4630	4641	1
4641	4630	1
4630	4641	2
4641	4630	2
4630	4635	0
4635	4630	0
4630	4635	1
4635	4630	1
4630	4635	2
4635	4630	2
4630	4640	0
4640	4630	0
4630	4640	1
4640	4630	1
4630	4640	2
4640	4630	2
4631	4640	0
4640	4631	0
4631	4640	1
4640	4631	1
4631	4640	2
4640	4631	2
4631	4633	0
4633	4631	0
4631	4633	1
4633	4631	1
4631	4633	2
4633	4631	2
4631	4635	0
4635	4631	0
4631	4635	1
4635	4631	1
4631	4635	2
4635	4631	2
4632	4638	0
4638	4632	0
4632	4638	1
4638	4632	1
4632	4638	2
4638	4632	2
4632	4639	0
4639	4632	0
4632	4639	1
4639	4632	1
4632	4639	2
4639	4632	2
4634	4640	0
4640	4634	0
4634	4640	1
4640	4634	1
4634	4640	2
4640	4634	2
4634	4637	0
4637	4634	0
4634	4637	1
4637	4634	1
4634	4637	2
4637	4634	2
4634	4639	0
4639	4634	0
4634	4639	1
4639	4634	1
4634	4639	2
4639	4634	2
4634	4638	0
4638	4634	0
4634	4638	1
4638	4634	1
4634	4638	2
4638	4634	2
4635	4641	0
4641	4635	0
4635	4641	1
4641	4635	1
4635	4641	2
4641	4635	2
4635	4640	0
4640	4635	0
4635	4640	1
4640	4635	1
4635	4640	2
4640	4635	2
4636	4638	0
4638	4636	0
4636	4638	1
4638	4636	1
4636	4638	2
4638	4636	2
4636	4639	0
4639	4636	0
4636	4639	1
4639	4636	1
4636	4639	2
4639	4636	2
4637	4639	0
4639	4637	0
4637	4639	1
4639	4637	1
4637	4639	2
4639	4637	2
4637	4638	0
4638	4637	0
4637	4638	1
4638	4637	1
4637	4638	2
4638	4637	2
4638	4641	0
4641	4638	0
4638	4641	1
4641	4638	1
4638	4641	2
4641	4638	2
4639	4641	0
4641	4639	0
4639	4641	1
4641	4639	1
4639	4641	2
4641	4639	2
4644	4646	0
4646	4644	0
4644	4646	1
4646	4644	1
4644	4646	2
4646	4644	2
4644	4647	0
4647	4644	0
4644	4647	1
4647	4644	1
4644	4647	2
4647	4644	2
4645	4648	0
4648	4645	0
4645	4648	1
4648	4645	1
4645	4648	2
4648	4645	2
4646	4647	0
4647	4646	0
4646	4647	1
4647	4646	1
4646	4647	2
4647	4646	2
4647	4649	0
4649	4647	0
4647	4649	1
4649	4647	1
4647	4649	2
4649	4647	2
4648	4649	0
4649	4648	0
4648	4649	1
4649	4648	1
4648	4649	2
4649	4648	2
4650	4653	0
4653	4650	0
4650	4653	1
4653	4650	1
4650	4653	2
4653	4650	2
4651	4652	0
4652	4651	0
4651	4652	1
4652	4651	1
4651	4652	2
4652	4651	2
4654	4660	0
4660	4654	0
4654	4660	1
4660	4654	1
4654	4660	2
4660	4654	2
4656	4659	0
4659	4656	0
4656	4659	1
4659	4656	1
4656	4659	2
4659	4656	2
4661	4665	0
4665	4661	0
4661	4665	1
4665	4661	1
4661	4665	2
4665	4661	2
4661	4669	0
4669	4661	0
4661	4669	1
4669	4661	1
4661	4669	2
4669	4661	2
4661	4671	0
4671	4661	0
4661	4671	1
4671	4661	1
4661	4671	2
4671	4661	2
4662	4670	0
4670	4662	0
4662	4670	1
4670	4662	1
4662	4670	2
4670	4662	2
4662	4663	0
4663	4662	0
4662	4663	1
4663	4662	1
4662	4663	2
4663	4662	2
4663	4664	0
4664	4663	0
4663	4664	1
4664	4663	1
4663	4664	2
4664	4663	2
4664	4670	0
4670	4664	0
4664	4670	1
4670	4664	1
4664	4670	2
4670	4664	2
4667	4672	0
4672	4667	0
4667	4672	1
4672	4667	1
4667	4672	2
4672	4667	2
4668	4672	0
4672	4668	0
4668	4672	1
4672	4668	1
4668	4672	2
4672	4668	2
4669	4670	0
4670	4669	0
4669	4670	1
4670	4669	1
4669	4670	2
4670	4669	2
4673	4683	0
4683	4673	0
4673	4683	1
4683	4673	1
4673	4683	2
4683	4673	2
4673	4677	0
4677	4673	0
4673	4677	1
4677	4673	1
4673	4677	2
4677	4673	2
4674	4684	0
4684	4674	0
4674	4684	1
4684	4674	1
4674	4684	2
4684	4674	2
4674	4677	0
4677	4674	0
4674	4677	1
4677	4674	1
4674	4677	2
4677	4674	2
4675	4705	0
4705	4675	0
4675	4705	1
4705	4675	1
4675	4705	2
4705	4675	2
4675	4699	0
4699	4675	0
4675	4699	1
4699	4675	1
4675	4699	2
4699	4675	2
4676	4694	0
4694	4676	0
4676	4694	1
4694	4676	1
4676	4694	2
4694	4676	2
4676	4695	0
4695	4676	0
4676	4695	1
4695	4676	1
4676	4695	2
4695	4676	2
4677	4702	0
4702	4677	0
4677	4702	1
4702	4677	1
4677	4702	2
4702	4677	2
4678	4685	0
4685	4678	0
4678	4685	1
4685	4678	1
4678	4685	2
4685	4678	2
4678	4703	0
4703	4678	0
4678	4703	1
4703	4678	1
4678	4703	2
4703	4678	2
4681	4700	0
4700	4681	0
4681	4700	1
4700	4681	1
4681	4700	2
4700	4681	2
4684	4685	0
4685	4684	0
4684	4685	1
4685	4684	1
4684	4685	2
4685	4684	2
4685	4701	0
4701	4685	0
4685	4701	1
4701	4685	1
4685	4701	2
4701	4685	2
4687	4688	0
4688	4687	0
4687	4688	1
4688	4687	1
4687	4688	2
4688	4687	2
4689	4697	0
4697	4689	0
4689	4697	1
4697	4689	1
4689	4697	2
4697	4689	2
4690	4697	0
4697	4690	0
4690	4697	1
4697	4690	1
4690	4697	2
4697	4690	2
4691	4698	0
4698	4691	0
4691	4698	1
4698	4691	1
4691	4698	2
4698	4691	2
4692	4704	0
4704	4692	0
4692	4704	1
4704	4692	1
4692	4704	2
4704	4692	2
4692	4697	0
4697	4692	0
4692	4697	1
4697	4692	1
4692	4697	2
4697	4692	2
4693	4698	0
4698	4693	0
4693	4698	1
4698	4693	1
4693	4698	2
4698	4693	2
4696	4698	0
4698	4696	0
4696	4698	1
4698	4696	1
4696	4698	2
4698	4696	2
4697	4704	0
4704	4697	0
4697	4704	1
4704	4697	1
4697	4704	2
4704	4697	2
4699	4705	0
4705	4699	0
4699	4705	1
4705	4699	1
4699	4705	2
4705	4699	2
4701	4703	0
4703	4701	0
4701	4703	1
4703	4701	1
4701	4703	2
4703	4701	2
4706	4716	0
4716	4706	0
4706	4716	1
4716	4706	1
4706	4716	2
4716	4706	2
4706	4708	0
4708	4706	0
4706	4708	1
4708	4706	1
4706	4708	2
4708	4706	2
4706	4711	0
4711	4706	0
4706	4711	1
4711	4706	1
4706	4711	2
4711	4706	2
4706	4718	0
4718	4706	0
4706	4718	1
4718	4706	1
4706	4718	2
4718	4706	2
4706	4709	0
4709	4706	0
4706	4709	1
4709	4706	1
4706	4709	2
4709	4706	2
4707	4712	0
4712	4707	0
4707	4712	1
4712	4707	1
4707	4712	2
4712	4707	2
4707	4710	0
4710	4707	0
4707	4710	1
4710	4707	1
4707	4710	2
4710	4707	2
4707	4717	0
4717	4707	0
4707	4717	1
4717	4707	1
4707	4717	2
4717	4707	2
4707	4719	0
4719	4707	0
4707	4719	1
4719	4707	1
4707	4719	2
4719	4707	2
4708	4710	0
4710	4708	0
4708	4710	1
4710	4708	1
4708	4710	2
4710	4708	2
4708	4711	0
4711	4708	0
4708	4711	1
4711	4708	1
4708	4711	2
4711	4708	2
4708	4718	0
4718	4708	0
4708	4718	1
4718	4708	1
4708	4718	2
4718	4708	2
4708	4720	0
4720	4708	0
4708	4720	1
4720	4708	1
4708	4720	2
4720	4708	2
4708	4716	0
4716	4708	0
4708	4716	1
4716	4708	1
4708	4716	2
4716	4708	2
4709	4712	0
4712	4709	0
4709	4712	1
4712	4709	1
4709	4712	2
4712	4709	2
4710	4720	0
4720	4710	0
4710	4720	1
4720	4710	1
4710	4720	2
4720	4710	2
4711	4718	0
4718	4711	0
4711	4718	1
4718	4711	1
4711	4718	2
4718	4711	2
4712	4720	0
4720	4712	0
4712	4720	1
4720	4712	1
4712	4720	2
4720	4712	2
4713	4716	0
4716	4713	0
4713	4716	1
4716	4713	1
4713	4716	2
4716	4713	2
4714	4717	0
4717	4714	0
4714	4717	1
4717	4714	1
4714	4717	2
4717	4714	2
4714	4719	0
4719	4714	0
4714	4719	1
4719	4714	1
4714	4719	2
4719	4714	2
4715	4717	0
4717	4715	0
4715	4717	1
4717	4715	1
4715	4717	2
4717	4715	2
4715	4719	0
4719	4715	0
4715	4719	1
4719	4715	1
4715	4719	2
4719	4715	2
4717	4720	0
4720	4717	0
4717	4720	1
4720	4717	1
4717	4720	2
4720	4717	2
4719	4720	0
4720	4719	0
4719	4720	1
4720	4719	1
4719	4720	2
4720	4719	2
4721	4723	0
4723	4721	0
4721	4723	1
4723	4721	1
4721	4723	2
4723	4721	2
4721	4724	0
4724	4721	0
4721	4724	1
4724	4721	1
4721	4724	2
4724	4721	2
4732	4736	0
4736	4732	0
4732	4736	1
4736	4732	1
4732	4736	2
4736	4732	2
4733	4736	0
4736	4733	0
4733	4736	1
4736	4733	1
4733	4736	2
4736	4733	2
4735	4738	0
4738	4735	0
4735	4738	1
4738	4735	1
4735	4738	2
4738	4735	2
4739	4744	0
4744	4739	0
4739	4744	1
4744	4739	1
4739	4744	2
4744	4739	2
4739	4741	0
4741	4739	0
4739	4741	1
4741	4739	1
4739	4741	2
4741	4739	2
4740	4743	0
4743	4740	0
4740	4743	1
4743	4740	1
4740	4743	2
4743	4740	2
4740	4741	0
4741	4740	0
4740	4741	1
4741	4740	1
4740	4741	2
4741	4740	2
4742	4743	0
4743	4742	0
4742	4743	1
4743	4742	1
4742	4743	2
4743	4742	2
4742	4744	0
4744	4742	0
4742	4744	1
4744	4742	1
4742	4744	2
4744	4742	2
4745	4751	0
4751	4745	0
4745	4751	1
4751	4745	1
4745	4751	2
4751	4745	2
4746	4752	0
4752	4746	0
4746	4752	1
4752	4746	1
4746	4752	2
4752	4746	2
4746	4747	0
4747	4746	0
4746	4747	1
4747	4746	1
4746	4747	2
4747	4746	2
4746	4750	0
4750	4746	0
4746	4750	1
4750	4746	1
4746	4750	2
4750	4746	2
4748	4751	0
4751	4748	0
4748	4751	1
4751	4748	1
4748	4751	2
4751	4748	2
4749	4751	0
4751	4749	0
4749	4751	1
4751	4749	1
4749	4751	2
4751	4749	2
4753	4755	0
4755	4753	0
4753	4755	1
4755	4753	1
4753	4755	2
4755	4753	2
4753	4757	0
4757	4753	0
4753	4757	1
4757	4753	1
4753	4757	2
4757	4753	2
4753	4758	0
4758	4753	0
4753	4758	1
4758	4753	1
4753	4758	2
4758	4753	2
4753	4764	0
4764	4753	0
4753	4764	1
4764	4753	1
4753	4764	2
4764	4753	2
4754	4768	0
4768	4754	0
4754	4768	1
4768	4754	1
4754	4768	2
4768	4754	2
4754	4760	0
4760	4754	0
4754	4760	1
4760	4754	1
4754	4760	2
4760	4754	2
4755	4757	0
4757	4755	0
4755	4757	1
4757	4755	1
4755	4757	2
4757	4755	2
4755	4764	0
4764	4755	0
4755	4764	1
4764	4755	1
4755	4764	2
4764	4755	2
4756	4757	0
4757	4756	0
4756	4757	1
4757	4756	1
4756	4757	2
4757	4756	2
4756	4764	0
4764	4756	0
4756	4764	1
4764	4756	1
4756	4764	2
4764	4756	2
4756	4768	0
4768	4756	0
4756	4768	1
4768	4756	1
4756	4768	2
4768	4756	2
4757	4760	0
4760	4757	0
4757	4760	1
4760	4757	1
4757	4760	2
4760	4757	2
4757	4768	0
4768	4757	0
4757	4768	1
4768	4757	1
4757	4768	2
4768	4757	2
4758	4764	0
4764	4758	0
4758	4764	1
4764	4758	1
4758	4764	2
4764	4758	2
4759	4764	0
4764	4759	0
4759	4764	1
4764	4759	1
4759	4764	2
4764	4759	2
4759	4761	0
4761	4759	0
4759	4761	1
4761	4759	1
4759	4761	2
4761	4759	2
4760	4765	0
4765	4760	0
4760	4765	1
4765	4760	1
4760	4765	2
4765	4760	2
4760	4762	0
4762	4760	0
4760	4762	1
4762	4760	1
4760	4762	2
4762	4760	2
4761	4769	0
4769	4761	0
4761	4769	1
4769	4761	1
4761	4769	2
4769	4761	2
4761	4766	0
4766	4761	0
4761	4766	1
4766	4761	1
4761	4766	2
4766	4761	2
4762	4767	0
4767	4762	0
4762	4767	1
4767	4762	1
4762	4767	2
4767	4762	2
4762	4763	0
4763	4762	0
4762	4763	1
4763	4762	1
4762	4763	2
4763	4762	2
4763	4764	0
4764	4763	0
4763	4764	1
4764	4763	1
4763	4764	2
4764	4763	2
4765	4768	0
4768	4765	0
4765	4768	1
4768	4765	1
4765	4768	2
4768	4765	2
4770	4788	0
4788	4770	0
4770	4788	1
4788	4770	1
4770	4788	2
4788	4770	2
4771	4772	0
4772	4771	0
4771	4772	1
4772	4771	1
4771	4772	2
4772	4771	2
4771	4788	0
4788	4771	0
4771	4788	1
4788	4771	1
4771	4788	2
4788	4771	2
4772	4774	0
4774	4772	0
4772	4774	1
4774	4772	1
4772	4774	2
4774	4772	2
4772	4775	0
4775	4772	0
4772	4775	1
4775	4772	1
4772	4775	2
4775	4772	2
4773	4774	0
4774	4773	0
4773	4774	1
4774	4773	1
4773	4774	2
4774	4773	2
4773	4775	0
4775	4773	0
4773	4775	1
4775	4773	1
4773	4775	2
4775	4773	2
4780	4786	0
4786	4780	0
4780	4786	1
4786	4780	1
4780	4786	2
4786	4780	2
4780	4787	0
4787	4780	0
4780	4787	1
4787	4780	1
4780	4787	2
4787	4780	2
4781	4784	0
4784	4781	0
4781	4784	1
4784	4781	1
4781	4784	2
4784	4781	2
4785	4786	0
4786	4785	0
4785	4786	1
4786	4785	1
4785	4786	2
4786	4785	2
4785	4787	0
4787	4785	0
4785	4787	1
4787	4785	1
4785	4787	2
4787	4785	2
4789	4791	0
4791	4789	0
4789	4791	1
4791	4789	1
4789	4791	2
4791	4789	2
4790	4794	0
4794	4790	0
4790	4794	1
4794	4790	1
4790	4794	2
4794	4790	2
4790	4792	0
4792	4790	0
4790	4792	1
4792	4790	1
4790	4792	2
4792	4790	2
4790	4793	0
4793	4790	0
4790	4793	1
4793	4790	1
4790	4793	2
4793	4790	2
4792	4794	0
4794	4792	0
4792	4794	1
4794	4792	1
4792	4794	2
4794	4792	2
4793	4794	0
4794	4793	0
4793	4794	1
4794	4793	1
4793	4794	2
4794	4793	2
4798	4800	0
4800	4798	0
4798	4800	1
4800	4798	1
4798	4800	2
4800	4798	2
4805	4808	0
4808	4805	0
4805	4808	1
4808	4805	1
4805	4808	2
4808	4805	2
4805	4809	0
4809	4805	0
4805	4809	1
4809	4805	1
4805	4809	2
4809	4805	2
4805	4807	0
4807	4805	0
4805	4807	1
4807	4805	1
4805	4807	2
4807	4805	2
4811	4846	0
4846	4811	0
4811	4846	1
4846	4811	1
4811	4846	2
4846	4811	2
4811	4845	0
4845	4811	0
4811	4845	1
4845	4811	1
4811	4845	2
4845	4811	2
4814	4847	0
4847	4814	0
4814	4847	1
4847	4814	1
4814	4847	2
4847	4814	2
4815	4847	0
4847	4815	0
4815	4847	1
4847	4815	1
4815	4847	2
4847	4815	2
4815	4843	0
4843	4815	0
4815	4843	1
4843	4815	1
4815	4843	2
4843	4815	2
4816	4837	0
4837	4816	0
4816	4837	1
4837	4816	1
4816	4837	2
4837	4816	2
4816	4844	0
4844	4816	0
4816	4844	1
4844	4816	1
4816	4844	2
4844	4816	2
4816	4848	0
4848	4816	0
4816	4848	1
4848	4816	1
4816	4848	2
4848	4816	2
4817	4825	0
4825	4817	0
4817	4825	1
4825	4817	1
4817	4825	2
4825	4817	2
4817	4844	0
4844	4817	0
4817	4844	1
4844	4817	1
4817	4844	2
4844	4817	2
4817	4818	0
4818	4817	0
4817	4818	1
4818	4817	1
4817	4818	2
4818	4817	2
4818	4841	0
4841	4818	0
4818	4841	1
4841	4818	1
4818	4841	2
4841	4818	2
4818	4821	0
4821	4818	0
4818	4821	1
4821	4818	1
4818	4821	2
4821	4818	2
4819	4822	0
4822	4819	0
4819	4822	1
4822	4819	1
4819	4822	2
4822	4819	2
4819	4830	0
4830	4819	0
4819	4830	1
4830	4819	1
4819	4830	2
4830	4819	2
4819	4837	0
4837	4819	0
4819	4837	1
4837	4819	1
4819	4837	2
4837	4819	2
4823	4842	0
4842	4823	0
4823	4842	1
4842	4823	1
4823	4842	2
4842	4823	2
4826	4848	0
4848	4826	0
4826	4848	1
4848	4826	1
4826	4848	2
4848	4826	2
4826	4837	0
4837	4826	0
4826	4837	1
4837	4826	1
4826	4837	2
4837	4826	2
4827	4832	0
4832	4827	0
4827	4832	1
4832	4827	1
4827	4832	2
4832	4827	2
4827	4831	0
4831	4827	0
4827	4831	1
4831	4827	1
4827	4831	2
4831	4827	2
4829	4832	0
4832	4829	0
4829	4832	1
4832	4829	1
4829	4832	2
4832	4829	2
4829	4831	0
4831	4829	0
4829	4831	1
4831	4829	1
4829	4831	2
4831	4829	2
4831	4835	0
4835	4831	0
4831	4835	1
4835	4831	1
4831	4835	2
4835	4831	2
4831	4836	0
4836	4831	0
4831	4836	1
4836	4831	1
4831	4836	2
4836	4831	2
4832	4835	0
4835	4832	0
4832	4835	1
4835	4832	1
4832	4835	2
4835	4832	2
4832	4836	0
4836	4832	0
4832	4836	1
4836	4832	1
4832	4836	2
4836	4832	2
4833	4847	0
4847	4833	0
4833	4847	1
4847	4833	1
4833	4847	2
4847	4833	2
4833	4843	0
4843	4833	0
4833	4843	1
4843	4833	1
4833	4843	2
4843	4833	2
4834	4843	0
4843	4834	0
4834	4843	1
4843	4834	1
4834	4843	2
4843	4834	2
4838	4845	0
4845	4838	0
4838	4845	1
4845	4838	1
4838	4845	2
4845	4838	2
4849	4864	0
4864	4849	0
4849	4864	1
4864	4849	1
4849	4864	2
4864	4849	2
4849	4877	0
4877	4849	0
4849	4877	1
4877	4849	1
4849	4877	2
4877	4849	2
4849	4859	0
4859	4849	0
4849	4859	1
4859	4849	1
4849	4859	2
4859	4849	2
4850	4865	0
4865	4850	0
4850	4865	1
4865	4850	1
4850	4865	2
4865	4850	2
4850	4868	0
4868	4850	0
4850	4868	1
4868	4850	1
4850	4868	2
4868	4850	2
4850	4884	0
4884	4850	0
4850	4884	1
4884	4850	1
4850	4884	2
4884	4850	2
4850	4860	0
4860	4850	0
4850	4860	1
4860	4850	1
4850	4860	2
4860	4850	2
4851	4865	0
4865	4851	0
4851	4865	1
4865	4851	1
4851	4865	2
4865	4851	2
4851	4884	0
4884	4851	0
4851	4884	1
4884	4851	1
4851	4884	2
4884	4851	2
4851	4860	0
4860	4851	0
4851	4860	1
4860	4851	1
4851	4860	2
4860	4851	2
4851	4875	0
4875	4851	0
4851	4875	1
4875	4851	1
4851	4875	2
4875	4851	2
4851	4887	0
4887	4851	0
4851	4887	1
4887	4851	1
4851	4887	2
4887	4851	2
4852	4874	0
4874	4852	0
4852	4874	1
4874	4852	1
4852	4874	2
4874	4852	2
4852	4882	0
4882	4852	0
4852	4882	1
4882	4852	1
4852	4882	2
4882	4852	2
4852	4886	0
4886	4852	0
4852	4886	1
4886	4852	1
4852	4886	2
4886	4852	2
4852	4878	0
4878	4852	0
4852	4878	1
4878	4852	1
4852	4878	2
4878	4852	2
4854	4890	0
4890	4854	0
4854	4890	1
4890	4854	1
4854	4890	2
4890	4854	2
4855	4890	0
4890	4855	0
4855	4890	1
4890	4855	1
4855	4890	2
4890	4855	2
4858	4865	0
4865	4858	0
4858	4865	1
4865	4858	1
4858	4865	2
4865	4858	2
4858	4868	0
4868	4858	0
4858	4868	1
4868	4858	1
4858	4868	2
4868	4858	2
4858	4884	0
4884	4858	0
4858	4884	1
4884	4858	1
4858	4884	2
4884	4858	2
4858	4860	0
4860	4858	0
4858	4860	1
4860	4858	1
4858	4860	2
4860	4858	2
4859	4882	0
4882	4859	0
4859	4882	1
4882	4859	1
4859	4882	2
4882	4859	2
4859	4886	0
4886	4859	0
4859	4886	1
4886	4859	1
4859	4886	2
4886	4859	2
4859	4877	0
4877	4859	0
4859	4877	1
4877	4859	1
4859	4877	2
4877	4859	2
4860	4864	0
4864	4860	0
4860	4864	1
4864	4860	1
4860	4864	2
4864	4860	2
4860	4874	0
4874	4860	0
4860	4874	1
4874	4860	1
4860	4874	2
4874	4860	2
4861	4866	0
4866	4861	0
4861	4866	1
4866	4861	1
4861	4866	2
4866	4861	2
4861	4872	0
4872	4861	0
4861	4872	1
4872	4861	1
4861	4872	2
4872	4861	2
4862	4873	0
4873	4862	0
4862	4873	1
4873	4862	1
4862	4873	2
4873	4862	2
4862	4876	0
4876	4862	0
4862	4876	1
4876	4862	1
4862	4876	2
4876	4862	2
4862	4893	0
4893	4862	0
4862	4893	1
4893	4862	1
4862	4893	2
4893	4862	2
4863	4872	0
4872	4863	0
4863	4872	1
4872	4863	1
4863	4872	2
4872	4863	2
4864	4882	0
4882	4864	0
4864	4882	1
4882	4864	1
4864	4882	2
4882	4864	2
4864	4884	0
4884	4864	0
4864	4884	1
4884	4864	1
4864	4884	2
4884	4864	2
4864	4886	0
4886	4864	0
4864	4886	1
4886	4864	1
4864	4886	2
4886	4864	2
4864	4877	0
4877	4864	0
4864	4877	1
4877	4864	1
4864	4877	2
4877	4864	2
4865	4874	0
4874	4865	0
4865	4874	1
4874	4865	1
4865	4874	2
4874	4865	2
4866	4872	0
4872	4866	0
4866	4872	1
4872	4866	1
4866	4872	2
4872	4866	2
4867	4877	0
4877	4867	0
4867	4877	1
4877	4867	1
4867	4877	2
4877	4867	2
4867	4891	0
4891	4867	0
4867	4891	1
4891	4867	1
4867	4891	2
4891	4867	2
4868	4892	0
4892	4868	0
4868	4892	1
4892	4868	1
4868	4892	2
4892	4868	2
4868	4870	0
4870	4868	0
4868	4870	1
4870	4868	1
4868	4870	2
4870	4868	2
4868	4869	0
4869	4868	0
4868	4869	1
4869	4868	1
4868	4869	2
4869	4868	2
4869	4873	0
4873	4869	0
4869	4873	1
4873	4869	1
4869	4873	2
4873	4869	2
4869	4893	0
4893	4869	0
4869	4893	1
4893	4869	1
4869	4893	2
4893	4869	2
4869	4876	0
4876	4869	0
4869	4876	1
4876	4869	1
4869	4876	2
4876	4869	2
4869	4883	0
4883	4869	0
4869	4883	1
4883	4869	1
4869	4883	2
4883	4869	2
4869	4892	0
4892	4869	0
4869	4892	1
4892	4869	1
4869	4892	2
4892	4869	2
4870	4891	0
4891	4870	0
4870	4891	1
4891	4870	1
4870	4891	2
4891	4870	2
4871	4872	0
4872	4871	0
4871	4872	1
4872	4871	1
4871	4872	2
4872	4871	2
4872	4891	0
4891	4872	0
4872	4891	1
4891	4872	1
4872	4891	2
4891	4872	2
4874	4887	0
4887	4874	0
4874	4887	1
4887	4874	1
4874	4887	2
4887	4874	2
4874	4882	0
4882	4874	0
4874	4882	1
4882	4874	1
4874	4882	2
4882	4874	2
4875	4886	0
4886	4875	0
4875	4886	1
4886	4875	1
4875	4886	2
4886	4875	2
4875	4878	0
4878	4875	0
4875	4878	1
4878	4875	1
4875	4878	2
4878	4875	2
4877	4883	0
4883	4877	0
4877	4883	1
4883	4877	1
4877	4883	2
4883	4877	2
4878	4888	0
4888	4878	0
4878	4888	1
4888	4878	1
4878	4888	2
4888	4878	2
4879	4887	0
4887	4879	0
4879	4887	1
4887	4879	1
4879	4887	2
4887	4879	2
4880	4887	0
4887	4880	0
4880	4887	1
4887	4880	1
4880	4887	2
4887	4880	2
4880	4888	0
4888	4880	0
4880	4888	1
4888	4880	1
4880	4888	2
4888	4880	2
4884	4886	0
4886	4884	0
4884	4886	1
4886	4884	1
4884	4886	2
4886	4884	2
4885	4890	0
4890	4885	0
4885	4890	1
4890	4885	1
4885	4890	2
4890	4885	2
4887	4889	0
4889	4887	0
4887	4889	1
4889	4887	1
4887	4889	2
4889	4887	2
4888	4889	0
4889	4888	0
4888	4889	1
4889	4888	1
4888	4889	2
4889	4888	2
4894	4907	0
4907	4894	0
4894	4907	1
4907	4894	1
4894	4907	2
4907	4894	2
4894	4908	0
4908	4894	0
4894	4908	1
4908	4894	1
4894	4908	2
4908	4894	2
4895	4922	0
4922	4895	0
4895	4922	1
4922	4895	1
4895	4922	2
4922	4895	2
4896	4914	0
4914	4896	0
4896	4914	1
4914	4896	1
4896	4914	2
4914	4896	2
4896	4908	0
4908	4896	0
4896	4908	1
4908	4896	1
4896	4908	2
4908	4896	2
4897	4945	0
4945	4897	0
4897	4945	1
4945	4897	1
4897	4945	2
4945	4897	2
4897	4922	0
4922	4897	0
4897	4922	1
4922	4897	1
4897	4922	2
4922	4897	2
4897	4915	0
4915	4897	0
4897	4915	1
4915	4897	1
4897	4915	2
4915	4897	2
4899	4912	0
4912	4899	0
4899	4912	1
4912	4899	1
4899	4912	2
4912	4899	2
4900	4923	0
4923	4900	0
4900	4923	1
4923	4900	1
4900	4923	2
4923	4900	2
4900	4925	0
4925	4900	0
4900	4925	1
4925	4900	1
4900	4925	2
4925	4900	2
4900	4919	0
4919	4900	0
4900	4919	1
4919	4900	1
4900	4919	2
4919	4900	2
4901	4902	0
4902	4901	0
4901	4902	1
4902	4901	1
4901	4902	2
4902	4901	2
4901	4919	0
4919	4901	0
4901	4919	1
4919	4901	1
4901	4919	2
4919	4901	2
4901	4923	0
4923	4901	0
4901	4923	1
4923	4901	1
4901	4923	2
4923	4901	2
4901	4925	0
4925	4901	0
4901	4925	1
4925	4901	1
4901	4925	2
4925	4901	2
4902	4903	0
4903	4902	0
4902	4903	1
4903	4902	1
4902	4903	2
4903	4902	2
4902	4904	0
4904	4902	0
4902	4904	1
4904	4902	1
4902	4904	2
4904	4902	2
4902	4924	0
4924	4902	0
4902	4924	1
4924	4902	1
4902	4924	2
4924	4902	2
4903	4916	0
4916	4903	0
4903	4916	1
4916	4903	1
4903	4916	2
4916	4903	2
4903	4933	0
4933	4903	0
4903	4933	1
4933	4903	1
4903	4933	2
4933	4903	2
4904	4916	0
4916	4904	0
4904	4916	1
4916	4904	1
4904	4916	2
4916	4904	2
4904	4919	0
4919	4904	0
4904	4919	1
4919	4904	1
4904	4919	2
4919	4904	2
4905	4937	0
4937	4905	0
4905	4937	1
4937	4905	1
4905	4937	2
4937	4905	2
4905	4926	0
4926	4905	0
4905	4926	1
4926	4905	1
4905	4926	2
4926	4905	2
4906	4930	0
4930	4906	0
4906	4930	1
4930	4906	1
4906	4930	2
4930	4906	2
4906	4909	0
4909	4906	0
4906	4909	1
4909	4906	1
4906	4909	2
4909	4906	2
4906	4937	0
4937	4906	0
4906	4937	1
4937	4906	1
4906	4937	2
4937	4906	2
4907	4922	0
4922	4907	0
4907	4922	1
4922	4907	1
4907	4922	2
4922	4907	2
4907	4927	0
4927	4907	0
4907	4927	1
4927	4907	1
4907	4927	2
4927	4907	2
4908	4927	0
4927	4908	0
4908	4927	1
4927	4908	1
4908	4927	2
4927	4908	2
4909	4937	0
4937	4909	0
4909	4937	1
4937	4909	1
4909	4937	2
4937	4909	2
4911	4946	0
4946	4911	0
4911	4946	1
4946	4911	1
4911	4946	2
4946	4911	2
4911	4934	0
4934	4911	0
4911	4934	1
4934	4911	1
4911	4934	2
4934	4911	2
4913	4917	0
4917	4913	0
4913	4917	1
4917	4913	1
4913	4917	2
4917	4913	2
4913	4923	0
4923	4913	0
4913	4923	1
4923	4913	1
4913	4923	2
4923	4913	2
4913	4925	0
4925	4913	0
4913	4925	1
4925	4913	1
4913	4925	2
4925	4913	2
4913	4919	0
4919	4913	0
4913	4919	1
4919	4913	1
4913	4919	2
4919	4913	2
4914	4935	0
4935	4914	0
4914	4935	1
4935	4914	1
4914	4935	2
4935	4914	2
4915	4920	0
4920	4915	0
4915	4920	1
4920	4915	1
4915	4920	2
4920	4915	2
4915	4931	0
4931	4915	0
4915	4931	1
4931	4915	1
4915	4931	2
4931	4915	2
4916	4924	0
4924	4916	0
4916	4924	1
4924	4916	1
4916	4924	2
4924	4916	2
4917	4923	0
4923	4917	0
4917	4923	1
4923	4917	1
4917	4923	2
4923	4917	2
4917	4925	0
4925	4917	0
4917	4925	1
4925	4917	1
4917	4925	2
4925	4917	2
4917	4919	0
4919	4917	0
4917	4919	1
4919	4917	1
4917	4919	2
4919	4917	2
4919	4928	0
4928	4919	0
4919	4928	1
4928	4919	1
4919	4928	2
4928	4919	2
4919	4929	0
4929	4919	0
4919	4929	1
4929	4919	1
4919	4929	2
4929	4919	2
4920	4931	0
4931	4920	0
4920	4931	1
4931	4920	1
4920	4931	2
4931	4920	2
4921	4935	0
4935	4921	0
4921	4935	1
4935	4921	1
4921	4935	2
4935	4921	2
4921	4931	0
4931	4921	0
4921	4931	1
4931	4921	1
4921	4931	2
4931	4921	2
4922	4945	0
4945	4922	0
4922	4945	1
4945	4922	1
4922	4945	2
4945	4922	2
4926	4937	0
4937	4926	0
4926	4937	1
4937	4926	1
4926	4937	2
4937	4926	2
4930	4937	0
4937	4930	0
4930	4937	1
4937	4930	1
4930	4937	2
4937	4930	2
4932	4936	0
4936	4932	0
4932	4936	1
4936	4932	1
4932	4936	2
4936	4932	2
4932	4935	0
4935	4932	0
4932	4935	1
4935	4932	1
4932	4935	2
4935	4932	2
4934	4946	0
4946	4934	0
4934	4946	1
4946	4934	1
4934	4946	2
4946	4934	2
4935	4936	0
4936	4935	0
4935	4936	1
4936	4935	1
4935	4936	2
4936	4935	2
4947	4961	0
4961	4947	0
4947	4961	1
4961	4947	1
4947	4961	2
4961	4947	2
4947	4949	0
4949	4947	0
4947	4949	1
4949	4947	1
4947	4949	2
4949	4947	2
4947	4951	0
4951	4947	0
4947	4951	1
4951	4947	1
4947	4951	2
4951	4947	2
4947	4966	0
4966	4947	0
4947	4966	1
4966	4947	1
4947	4966	2
4966	4947	2
4948	4961	0
4961	4948	0
4948	4961	1
4961	4948	1
4948	4961	2
4961	4948	2
4948	4949	0
4949	4948	0
4948	4949	1
4949	4948	1
4948	4949	2
4949	4948	2
4948	4951	0
4951	4948	0
4948	4951	1
4951	4948	1
4948	4951	2
4951	4948	2
4948	4966	0
4966	4948	0
4948	4966	1
4966	4948	1
4948	4966	2
4966	4948	2
4949	4963	0
4963	4949	0
4949	4963	1
4963	4949	1
4949	4963	2
4963	4949	2
4949	4962	0
4962	4949	0
4949	4962	1
4962	4949	1
4949	4962	2
4962	4949	2
4949	4955	0
4955	4949	0
4949	4955	1
4955	4949	1
4949	4955	2
4955	4949	2
4950	4954	0
4954	4950	0
4950	4954	1
4954	4950	1
4950	4954	2
4954	4950	2
4951	4963	0
4963	4951	0
4951	4963	1
4963	4951	1
4951	4963	2
4963	4951	2
4951	4962	0
4962	4951	0
4951	4962	1
4962	4951	1
4951	4962	2
4962	4951	2
4951	4955	0
4955	4951	0
4951	4955	1
4955	4951	1
4951	4955	2
4955	4951	2
4954	4964	0
4964	4954	0
4954	4964	1
4964	4954	1
4954	4964	2
4964	4954	2
4954	4958	0
4958	4954	0
4954	4958	1
4958	4954	1
4954	4958	2
4958	4954	2
4955	4961	0
4961	4955	0
4955	4961	1
4961	4955	1
4955	4961	2
4961	4955	2
4955	4966	0
4966	4955	0
4955	4966	1
4966	4955	1
4955	4966	2
4966	4955	2
4956	4965	0
4965	4956	0
4956	4965	1
4965	4956	1
4956	4965	2
4965	4956	2
4957	4959	0
4959	4957	0
4957	4959	1
4959	4957	1
4957	4959	2
4959	4957	2
4957	4967	0
4967	4957	0
4957	4967	1
4967	4957	1
4957	4967	2
4967	4957	2
4957	4966	0
4966	4957	0
4957	4966	1
4966	4957	1
4957	4966	2
4966	4957	2
4958	4965	0
4965	4958	0
4958	4965	1
4965	4958	1
4958	4965	2
4965	4958	2
4960	4967	0
4967	4960	0
4960	4967	1
4967	4960	1
4960	4967	2
4967	4960	2
4960	4965	0
4965	4960	0
4960	4965	1
4965	4960	1
4960	4965	2
4965	4960	2
4961	4963	0
4963	4961	0
4961	4963	1
4963	4961	1
4961	4963	2
4963	4961	2
4961	4962	0
4962	4961	0
4961	4962	1
4962	4961	1
4961	4962	2
4962	4961	2
4962	4966	0
4966	4962	0
4962	4966	1
4966	4962	1
4962	4966	2
4966	4962	2
4968	4970	0
4970	4968	0
4968	4970	1
4970	4968	1
4968	4970	2
4970	4968	2
4968	4974	0
4974	4968	0
4968	4974	1
4974	4968	1
4968	4974	2
4974	4968	2
4969	4973	0
4973	4969	0
4969	4973	1
4973	4969	1
4969	4973	2
4973	4969	2
4969	4974	0
4974	4969	0
4969	4974	1
4974	4969	1
4969	4974	2
4974	4969	2
4969	4975	0
4975	4969	0
4969	4975	1
4975	4969	1
4969	4975	2
4975	4969	2
4972	4979	0
4979	4972	0
4972	4979	1
4979	4972	1
4972	4979	2
4979	4972	2
4973	4975	0
4975	4973	0
4973	4975	1
4975	4973	1
4973	4975	2
4975	4973	2
4974	4975	0
4975	4974	0
4974	4975	1
4975	4974	1
4974	4975	2
4975	4974	2
4978	4979	0
4979	4978	0
4978	4979	1
4979	4978	1
4978	4979	2
4979	4978	2
4980	4989	0
4989	4980	0
4980	4989	1
4989	4980	1
4980	4989	2
4989	4980	2
4981	4987	0
4987	4981	0
4981	4987	1
4987	4981	1
4981	4987	2
4987	4981	2
4982	4988	0
4988	4982	0
4982	4988	1
4988	4982	1
4982	4988	2
4988	4982	2
4983	4984	0
4984	4983	0
4983	4984	1
4984	4983	1
4983	4984	2
4984	4983	2
4985	4990	0
4990	4985	0
4985	4990	1
4990	4985	1
4985	4990	2
4990	4985	2
4986	4990	0
4990	4986	0
4986	4990	1
4990	4986	1
4986	4990	2
4990	4986	2
4987	4992	0
4992	4987	0
4987	4992	1
4992	4987	1
4987	4992	2
4992	4987	2
4994	4995	0
4995	4994	0
4994	4995	1
4995	4994	1
4994	4995	2
4995	4994	2
4996	5003	0
5003	4996	0
4996	5003	1
5003	4996	1
4996	5003	2
5003	4996	2
4997	5001	0
5001	4997	0
4997	5001	1
5001	4997	1
4997	5001	2
5001	4997	2
5002	5003	0
5003	5002	0
5002	5003	1
5003	5002	1
5002	5003	2
5003	5002	2
5004	5007	0
5007	5004	0
5004	5007	1
5007	5004	1
5004	5007	2
5007	5004	2
5004	5008	0
5008	5004	0
5004	5008	1
5008	5004	1
5004	5008	2
5008	5004	2
5004	5015	0
5015	5004	0
5004	5015	1
5015	5004	1
5004	5015	2
5015	5004	2
5004	5006	0
5006	5004	0
5004	5006	1
5006	5004	1
5004	5006	2
5006	5004	2
5004	5014	0
5014	5004	0
5004	5014	1
5014	5004	1
5004	5014	2
5014	5004	2
5005	5007	0
5007	5005	0
5005	5007	1
5007	5005	1
5005	5007	2
5007	5005	2
5005	5008	0
5008	5005	0
5005	5008	1
5008	5005	1
5005	5008	2
5008	5005	2
5005	5015	0
5015	5005	0
5005	5015	1
5015	5005	1
5005	5015	2
5015	5005	2
5005	5006	0
5006	5005	0
5005	5006	1
5006	5005	1
5005	5006	2
5006	5005	2
5005	5014	0
5014	5005	0
5005	5014	1
5014	5005	1
5005	5014	2
5014	5005	2
5006	5040	0
5040	5006	0
5006	5040	1
5040	5006	1
5006	5040	2
5040	5006	2
5006	5014	0
5014	5006	0
5006	5014	1
5014	5006	1
5006	5014	2
5014	5006	2
5009	5028	0
5028	5009	0
5009	5028	1
5028	5009	1
5009	5028	2
5028	5009	2
5009	5043	0
5043	5009	0
5009	5043	1
5043	5009	1
5009	5043	2
5043	5009	2
5009	5041	0
5041	5009	0
5009	5041	1
5041	5009	1
5009	5041	2
5041	5009	2
5009	5042	0
5042	5009	0
5009	5042	1
5042	5009	1
5009	5042	2
5042	5009	2
5010	5028	0
5028	5010	0
5010	5028	1
5028	5010	1
5010	5028	2
5028	5010	2
5010	5045	0
5045	5010	0
5010	5045	1
5045	5010	1
5010	5045	2
5045	5010	2
5010	5043	0
5043	5010	0
5010	5043	1
5043	5010	1
5010	5043	2
5043	5010	2
5011	5013	0
5013	5011	0
5011	5013	1
5013	5011	1
5011	5013	2
5013	5011	2
5011	5014	0
5014	5011	0
5011	5014	1
5014	5011	1
5011	5014	2
5014	5011	2
5012	5040	0
5040	5012	0
5012	5040	1
5040	5012	1
5012	5040	2
5040	5012	2
5012	5023	0
5023	5012	0
5012	5023	1
5023	5012	1
5012	5023	2
5023	5012	2
5012	5013	0
5013	5012	0
5012	5013	1
5013	5012	1
5012	5013	2
5013	5012	2
5013	5040	0
5040	5013	0
5013	5040	1
5040	5013	1
5013	5040	2
5040	5013	2
5013	5015	0
5015	5013	0
5013	5015	1
5015	5013	1
5013	5015	2
5015	5013	2
5013	5023	0
5023	5013	0
5013	5023	1
5023	5013	1
5013	5023	2
5023	5013	2
5014	5040	0
5040	5014	0
5014	5040	1
5040	5014	1
5014	5040	2
5040	5014	2
5014	5015	0
5015	5014	0
5014	5015	1
5015	5014	1
5014	5015	2
5015	5014	2
5015	5023	0
5023	5015	0
5015	5023	1
5023	5015	1
5015	5023	2
5023	5015	2
5016	5026	0
5026	5016	0
5016	5026	1
5026	5016	1
5016	5026	2
5026	5016	2
5016	5034	0
5034	5016	0
5016	5034	1
5034	5016	1
5016	5034	2
5034	5016	2
5017	5033	0
5033	5017	0
5017	5033	1
5033	5017	1
5017	5033	2
5033	5017	2
5018	5027	0
5027	5018	0
5018	5027	1
5027	5018	1
5018	5027	2
5027	5018	2
5018	5030	0
5030	5018	0
5018	5030	1
5030	5018	1
5018	5030	2
5030	5018	2
5018	5022	0
5022	5018	0
5018	5022	1
5022	5018	1
5018	5022	2
5022	5018	2
5018	5047	0
5047	5018	0
5018	5047	1
5047	5018	1
5018	5047	2
5047	5018	2
5019	5044	0
5044	5019	0
5019	5044	1
5044	5019	1
5019	5044	2
5044	5019	2
5020	5036	0
5036	5020	0
5020	5036	1
5036	5020	1
5020	5036	2
5036	5020	2
5020	5038	0
5038	5020	0
5020	5038	1
5038	5020	1
5020	5038	2
5038	5020	2
5021	5035	0
5035	5021	0
5021	5035	1
5035	5021	1
5021	5035	2
5035	5021	2
5025	5046	0
5046	5025	0
5025	5046	1
5046	5025	1
5025	5046	2
5046	5025	2
5028	5043	0
5043	5028	0
5028	5043	1
5043	5028	1
5028	5043	2
5043	5028	2
5029	5037	0
5037	5029	0
5029	5037	1
5037	5029	1
5029	5037	2
5037	5029	2
5029	5032	0
5032	5029	0
5029	5032	1
5032	5029	1
5029	5032	2
5032	5029	2
5031	5032	0
5032	5031	0
5031	5032	1
5032	5031	1
5031	5032	2
5032	5031	2
5031	5037	0
5037	5031	0
5031	5037	1
5037	5031	1
5031	5037	2
5037	5031	2
5031	5043	0
5043	5031	0
5031	5043	1
5043	5031	1
5031	5043	2
5043	5031	2
5032	5045	0
5045	5032	0
5032	5045	1
5045	5032	1
5032	5045	2
5045	5032	2
5032	5043	0
5043	5032	0
5032	5043	1
5043	5032	1
5032	5043	2
5043	5032	2
5033	5039	0
5039	5033	0
5033	5039	1
5039	5033	1
5033	5039	2
5039	5033	2
5036	5038	0
5038	5036	0
5036	5038	1
5038	5036	1
5036	5038	2
5038	5036	2
5037	5045	0
5045	5037	0
5037	5045	1
5045	5037	1
5037	5045	2
5045	5037	2
5041	5047	0
5047	5041	0
5041	5047	1
5047	5041	1
5041	5047	2
5047	5041	2
5042	5044	0
5044	5042	0
5042	5044	1
5044	5042	1
5042	5044	2
5044	5042	2
5045	5047	0
5047	5045	0
5045	5047	1
5047	5045	1
5045	5047	2
5047	5045	2
5052	5056	0
5056	5052	0
5052	5056	1
5056	5052	1
5052	5056	2
5056	5052	2
5052	5054	0
5054	5052	0
5052	5054	1
5054	5052	1
5052	5054	2
5054	5052	2
5053	5055	0
5055	5053	0
5053	5055	1
5055	5053	1
5053	5055	2
5055	5053	2
5055	5057	0
5057	5055	0
5055	5057	1
5057	5055	1
5055	5057	2
5057	5055	2
5058	5064	0
5064	5058	0
5058	5064	1
5064	5058	1
5058	5064	2
5064	5058	2
5058	5072	0
5072	5058	0
5058	5072	1
5072	5058	1
5058	5072	2
5072	5058	2
5058	5082	0
5082	5058	0
5058	5082	1
5082	5058	1
5058	5082	2
5082	5058	2
5058	5069	0
5069	5058	0
5058	5069	1
5069	5058	1
5058	5069	2
5069	5058	2
5059	5061	0
5061	5059	0
5059	5061	1
5061	5059	1
5059	5061	2
5061	5059	2
5059	5070	0
5070	5059	0
5059	5070	1
5070	5059	1
5059	5070	2
5070	5059	2
5059	5082	0
5082	5059	0
5059	5082	1
5082	5059	1
5059	5082	2
5082	5059	2
5060	5061	0
5061	5060	0
5060	5061	1
5061	5060	1
5060	5061	2
5061	5060	2
5060	5082	0
5082	5060	0
5060	5082	1
5082	5060	1
5060	5082	2
5082	5060	2
5061	5063	0
5063	5061	0
5061	5063	1
5063	5061	1
5061	5063	2
5063	5061	2
5061	5070	0
5070	5061	0
5061	5070	1
5070	5061	1
5061	5070	2
5070	5061	2
5061	5080	0
5080	5061	0
5061	5080	1
5080	5061	1
5061	5080	2
5080	5061	2
5062	5064	0
5064	5062	0
5062	5064	1
5064	5062	1
5062	5064	2
5064	5062	2
5062	5072	0
5072	5062	0
5062	5072	1
5072	5062	1
5062	5072	2
5072	5062	2
5062	5069	0
5069	5062	0
5062	5069	1
5069	5062	1
5062	5069	2
5069	5062	2
5063	5070	0
5070	5063	0
5063	5070	1
5070	5063	1
5063	5070	2
5070	5063	2
5063	5082	0
5082	5063	0
5063	5082	1
5082	5063	1
5063	5082	2
5082	5063	2
5065	5081	0
5081	5065	0
5065	5081	1
5081	5065	1
5065	5081	2
5081	5065	2
5065	5083	0
5083	5065	0
5065	5083	1
5083	5065	1
5065	5083	2
5083	5065	2
5066	5075	0
5075	5066	0
5066	5075	1
5075	5066	1
5066	5075	2
5075	5066	2
5066	5071	0
5071	5066	0
5066	5071	1
5071	5066	1
5066	5071	2
5071	5066	2
5067	5077	0
5077	5067	0
5067	5077	1
5077	5067	1
5067	5077	2
5077	5067	2
5068	5078	0
5078	5068	0
5068	5078	1
5078	5068	1
5068	5078	2
5078	5068	2
5069	5073	0
5073	5069	0
5069	5073	1
5073	5069	1
5069	5073	2
5073	5069	2
5069	5074	0
5074	5069	0
5069	5074	1
5074	5069	1
5069	5074	2
5074	5069	2
5069	5076	0
5076	5069	0
5069	5076	1
5076	5069	1
5069	5076	2
5076	5069	2
5069	5082	0
5082	5069	0
5069	5082	1
5082	5069	1
5069	5082	2
5082	5069	2
5070	5082	0
5082	5070	0
5070	5082	1
5082	5070	1
5070	5082	2
5082	5070	2
5071	5083	0
5083	5071	0
5071	5083	1
5083	5071	1
5071	5083	2
5083	5071	2
5077	5084	0
5084	5077	0
5077	5084	1
5084	5077	1
5077	5084	2
5084	5077	2
5077	5079	0
5079	5077	0
5077	5079	1
5079	5077	1
5077	5079	2
5079	5077	2
5085	5089	0
5089	5085	0
5085	5089	1
5089	5085	1
5085	5089	2
5089	5085	2
5085	5095	0
5095	5085	0
5085	5095	1
5095	5085	1
5085	5095	2
5095	5085	2
5086	5090	0
5090	5086	0
5086	5090	1
5090	5086	1
5086	5090	2
5090	5086	2
5086	5095	0
5095	5086	0
5086	5095	1
5095	5086	1
5086	5095	2
5095	5086	2
5088	5096	0
5096	5088	0
5088	5096	1
5096	5088	1
5088	5096	2
5096	5088	2
5089	5091	0
5091	5089	0
5089	5091	1
5091	5089	1
5089	5091	2
5091	5089	2
5089	5095	0
5095	5089	0
5089	5095	1
5095	5089	1
5089	5095	2
5095	5089	2
5097	5100	0
5100	5097	0
5097	5100	1
5100	5097	1
5097	5100	2
5100	5097	2
5100	5101	0
5101	5100	0
5100	5101	1
5101	5100	1
5100	5101	2
5101	5100	2
5102	5105	0
5105	5102	0
5102	5105	1
5105	5102	1
5102	5105	2
5105	5102	2
5104	5105	0
5105	5104	0
5104	5105	1
5105	5104	1
5104	5105	2
5105	5104	2
5108	5128	0
5128	5108	0
5108	5128	1
5128	5108	1
5108	5128	2
5128	5108	2
5109	5134	0
5134	5109	0
5109	5134	1
5134	5109	1
5109	5134	2
5134	5109	2
5109	5135	0
5135	5109	0
5109	5135	1
5135	5109	1
5109	5135	2
5135	5109	2
5109	5141	0
5141	5109	0
5109	5141	1
5141	5109	1
5109	5141	2
5141	5109	2
5110	5112	0
5112	5110	0
5110	5112	1
5112	5110	1
5110	5112	2
5112	5110	2
5111	5113	0
5113	5111	0
5111	5113	1
5113	5111	1
5111	5113	2
5113	5111	2
5112	5124	0
5124	5112	0
5112	5124	1
5124	5112	1
5112	5124	2
5124	5112	2
5113	5125	0
5125	5113	0
5113	5125	1
5125	5113	1
5113	5125	2
5125	5113	2
5114	5137	0
5137	5114	0
5114	5137	1
5137	5114	1
5114	5137	2
5137	5114	2
5115	5120	0
5120	5115	0
5115	5120	1
5120	5115	1
5115	5120	2
5120	5115	2
5115	5145	0
5145	5115	0
5115	5145	1
5145	5115	1
5115	5145	2
5145	5115	2
5115	5117	0
5117	5115	0
5115	5117	1
5117	5115	1
5115	5117	2
5117	5115	2
5115	5130	0
5130	5115	0
5115	5130	1
5130	5115	1
5115	5130	2
5130	5115	2
5115	5143	0
5143	5115	0
5115	5143	1
5143	5115	1
5115	5143	2
5143	5115	2
5116	5130	0
5130	5116	0
5116	5130	1
5130	5116	1
5116	5130	2
5130	5116	2
5116	5137	0
5137	5116	0
5116	5137	1
5137	5116	1
5116	5137	2
5137	5116	2
5117	5120	0
5120	5117	0
5117	5120	1
5120	5117	1
5117	5120	2
5120	5117	2
5117	5145	0
5145	5117	0
5117	5145	1
5145	5117	1
5117	5145	2
5145	5117	2
5117	5130	0
5130	5117	0
5117	5130	1
5130	5117	1
5117	5130	2
5130	5117	2
5117	5143	0
5143	5117	0
5117	5143	1
5143	5117	1
5117	5143	2
5143	5117	2
5118	5142	0
5142	5118	0
5118	5142	1
5142	5118	1
5118	5142	2
5142	5118	2
5118	5132	0
5132	5118	0
5118	5132	1
5132	5118	1
5118	5132	2
5132	5118	2
5119	5146	0
5146	5119	0
5119	5146	1
5146	5119	1
5119	5146	2
5146	5119	2
5119	5124	0
5124	5119	0
5119	5124	1
5124	5119	1
5119	5124	2
5124	5119	2
5120	5126	0
5126	5120	0
5120	5126	1
5126	5120	1
5120	5126	2
5126	5120	2
5120	5127	0
5127	5120	0
5120	5127	1
5127	5120	1
5120	5127	2
5127	5120	2
5121	5137	0
5137	5121	0
5121	5137	1
5137	5121	1
5121	5137	2
5137	5121	2
5121	5133	0
5133	5121	0
5121	5133	1
5133	5121	1
5121	5133	2
5133	5121	2
5122	5128	0
5128	5122	0
5122	5128	1
5128	5122	1
5122	5128	2
5128	5122	2
5122	5141	0
5141	5122	0
5122	5141	1
5141	5122	1
5122	5141	2
5141	5122	2
5123	5134	0
5134	5123	0
5123	5134	1
5134	5123	1
5123	5134	2
5134	5123	2
5123	5135	0
5135	5123	0
5123	5135	1
5135	5123	1
5123	5135	2
5135	5123	2
5124	5129	0
5129	5124	0
5124	5129	1
5129	5124	1
5124	5129	2
5129	5124	2
5124	5146	0
5146	5124	0
5124	5146	1
5146	5124	1
5124	5146	2
5146	5124	2
5125	5142	0
5142	5125	0
5125	5142	1
5142	5125	1
5125	5142	2
5142	5125	2
5126	5145	0
5145	5126	0
5126	5145	1
5145	5126	1
5126	5145	2
5145	5126	2
5126	5131	0
5131	5126	0
5126	5131	1
5131	5126	1
5126	5131	2
5131	5126	2
5126	5138	0
5138	5126	0
5126	5138	1
5138	5126	1
5126	5138	2
5138	5126	2
5126	5144	0
5144	5126	0
5126	5144	1
5144	5126	1
5126	5144	2
5144	5126	2
5127	5145	0
5145	5127	0
5127	5145	1
5145	5127	1
5127	5145	2
5145	5127	2
5127	5131	0
5131	5127	0
5127	5131	1
5131	5127	1
5127	5131	2
5131	5127	2
5127	5138	0
5138	5127	0
5127	5138	1
5138	5127	1
5127	5138	2
5138	5127	2
5127	5144	0
5144	5127	0
5127	5144	1
5144	5127	1
5127	5144	2
5144	5127	2
5128	5139	0
5139	5128	0
5128	5139	1
5139	5128	1
5128	5139	2
5139	5128	2
5129	5132	0
5132	5129	0
5129	5132	1
5132	5129	1
5129	5132	2
5132	5129	2
5131	5146	0
5146	5131	0
5131	5146	1
5146	5131	1
5131	5146	2
5146	5131	2
5132	5138	0
5138	5132	0
5132	5138	1
5138	5132	1
5132	5138	2
5138	5132	2
5132	5133	0
5133	5132	0
5132	5133	1
5133	5132	1
5132	5133	2
5133	5132	2
5132	5142	0
5142	5132	0
5132	5142	1
5142	5132	1
5132	5142	2
5142	5132	2
5134	5140	0
5140	5134	0
5134	5140	1
5140	5134	1
5134	5140	2
5140	5134	2
5135	5140	0
5140	5135	0
5135	5140	1
5140	5135	1
5135	5140	2
5140	5135	2
5135	5141	0
5141	5135	0
5135	5141	1
5141	5135	1
5135	5141	2
5141	5135	2
5140	5141	0
5141	5140	0
5140	5141	1
5141	5140	1
5140	5141	2
5141	5140	2
5144	5146	0
5146	5144	0
5144	5146	1
5146	5144	1
5144	5146	2
5146	5144	2
5147	5150	0
5150	5147	0
5147	5150	1
5150	5147	1
5147	5150	2
5150	5147	2
5148	5149	0
5149	5148	0
5148	5149	1
5149	5148	1
5148	5149	2
5149	5148	2
5150	5151	0
5151	5150	0
5150	5151	1
5151	5150	1
5150	5151	2
5151	5150	2
5152	5154	0
5154	5152	0
5152	5154	1
5154	5152	1
5152	5154	2
5154	5152	2
5152	5155	0
5155	5152	0
5152	5155	1
5155	5152	1
5152	5155	2
5155	5152	2
5156	5159	0
5159	5156	0
5156	5159	1
5159	5156	1
5156	5159	2
5159	5156	2
5156	5184	0
5184	5156	0
5156	5184	1
5184	5156	1
5156	5184	2
5184	5156	2
5156	5185	0
5185	5156	0
5156	5185	1
5185	5156	1
5156	5185	2
5185	5156	2
5156	5178	0
5178	5156	0
5156	5178	1
5178	5156	1
5156	5178	2
5178	5156	2
5157	5166	0
5166	5157	0
5157	5166	1
5166	5157	1
5157	5166	2
5166	5157	2
5157	5162	0
5162	5157	0
5157	5162	1
5162	5157	1
5157	5162	2
5162	5157	2
5158	5183	0
5183	5158	0
5158	5183	1
5183	5158	1
5158	5183	2
5183	5158	2
5158	5161	0
5161	5158	0
5158	5161	1
5161	5158	1
5158	5161	2
5161	5158	2
5158	5162	0
5162	5158	0
5158	5162	1
5162	5158	1
5158	5162	2
5162	5158	2
5159	5180	0
5180	5159	0
5159	5180	1
5180	5159	1
5159	5180	2
5180	5159	2
5159	5183	0
5183	5159	0
5159	5183	1
5183	5159	1
5159	5183	2
5183	5159	2
5160	5180	0
5180	5160	0
5160	5180	1
5180	5160	1
5160	5180	2
5180	5160	2
5160	5183	0
5183	5160	0
5160	5183	1
5183	5160	1
5160	5183	2
5183	5160	2
5160	5187	0
5187	5160	0
5160	5187	1
5187	5160	1
5160	5187	2
5187	5160	2
5161	5165	0
5165	5161	0
5161	5165	1
5165	5161	1
5161	5165	2
5165	5161	2
5161	5179	0
5179	5161	0
5161	5179	1
5179	5161	1
5161	5179	2
5179	5161	2
5162	5179	0
5179	5162	0
5162	5179	1
5179	5162	1
5162	5179	2
5179	5162	2
5163	5181	0
5181	5163	0
5163	5181	1
5181	5163	1
5163	5181	2
5181	5163	2
5164	5182	0
5182	5164	0
5164	5182	1
5182	5164	1
5164	5182	2
5182	5164	2
5166	5178	0
5178	5166	0
5166	5178	1
5178	5166	1
5166	5178	2
5178	5166	2
5166	5168	0
5168	5166	0
5166	5168	1
5168	5166	1
5166	5168	2
5168	5166	2
5167	5188	0
5188	5167	0
5167	5188	1
5188	5167	1
5167	5188	2
5188	5167	2
5167	5184	0
5184	5167	0
5167	5184	1
5184	5167	1
5167	5184	2
5184	5167	2
5167	5185	0
5185	5167	0
5167	5185	1
5185	5167	1
5167	5185	2
5185	5167	2
5169	5174	0
5174	5169	0
5169	5174	1
5174	5169	1
5169	5174	2
5174	5169	2
5170	5176	0
5176	5170	0
5170	5176	1
5176	5170	1
5170	5176	2
5176	5170	2
5170	5175	0
5175	5170	0
5170	5175	1
5175	5170	1
5170	5175	2
5175	5170	2
5171	5174	0
5174	5171	0
5171	5174	1
5174	5171	1
5171	5174	2
5174	5171	2
5172	5174	0
5174	5172	0
5172	5174	1
5174	5172	1
5172	5174	2
5174	5172	2
5173	5180	0
5180	5173	0
5173	5180	1
5180	5173	1
5173	5180	2
5180	5173	2
5173	5183	0
5183	5173	0
5173	5183	1
5183	5173	1
5173	5183	2
5183	5173	2
5173	5187	0
5187	5173	0
5173	5187	1
5187	5173	1
5173	5187	2
5187	5173	2
5174	5176	0
5176	5174	0
5174	5176	1
5176	5174	1
5174	5176	2
5176	5174	2
5175	5177	0
5177	5175	0
5175	5177	1
5177	5175	1
5175	5177	2
5177	5175	2
5175	5186	0
5186	5175	0
5175	5186	1
5186	5175	1
5175	5186	2
5186	5175	2
5189	5198	0
5198	5189	0
5189	5198	1
5198	5189	1
5189	5198	2
5198	5189	2
5189	5199	0
5199	5189	0
5189	5199	1
5199	5189	1
5189	5199	2
5199	5189	2
5189	5195	0
5195	5189	0
5189	5195	1
5195	5189	1
5189	5195	2
5195	5189	2
5189	5210	0
5210	5189	0
5189	5210	1
5210	5189	1
5189	5210	2
5210	5189	2
5190	5198	0
5198	5190	0
5190	5198	1
5198	5190	1
5190	5198	2
5198	5190	2
5190	5195	0
5195	5190	0
5190	5195	1
5195	5190	1
5190	5195	2
5195	5190	2
5191	5205	0
5205	5191	0
5191	5205	1
5205	5191	1
5191	5205	2
5205	5191	2
5192	5209	0
5209	5192	0
5192	5209	1
5209	5192	1
5192	5209	2
5209	5192	2
5193	5207	0
5207	5193	0
5193	5207	1
5207	5193	1
5193	5207	2
5207	5193	2
5193	5196	0
5196	5193	0
5193	5196	1
5196	5193	1
5193	5196	2
5196	5193	2
5194	5200	0
5200	5194	0
5194	5200	1
5200	5194	1
5194	5200	2
5200	5194	2
5194	5203	0
5203	5194	0
5194	5203	1
5203	5194	1
5194	5203	2
5203	5194	2
5194	5204	0
5204	5194	0
5194	5204	1
5204	5194	1
5194	5204	2
5204	5194	2
5194	5208	0
5208	5194	0
5194	5208	1
5208	5194	1
5194	5208	2
5208	5194	2
5195	5200	0
5200	5195	0
5195	5200	1
5200	5195	1
5195	5200	2
5200	5195	2
5195	5203	0
5203	5195	0
5195	5203	1
5203	5195	1
5195	5203	2
5203	5195	2
5195	5202	0
5202	5195	0
5195	5202	1
5202	5195	1
5195	5202	2
5202	5195	2
5196	5201	0
5201	5196	0
5196	5201	1
5201	5196	1
5196	5201	2
5201	5196	2
5196	5204	0
5204	5196	0
5196	5204	1
5204	5196	1
5196	5204	2
5204	5196	2
5196	5197	0
5197	5196	0
5196	5197	1
5197	5196	1
5196	5197	2
5197	5196	2
5196	5199	0
5199	5196	0
5196	5199	1
5199	5196	1
5196	5199	2
5199	5196	2
5196	5202	0
5202	5196	0
5196	5202	1
5202	5196	1
5196	5202	2
5202	5196	2
5197	5199	0
5199	5197	0
5197	5199	1
5199	5197	1
5197	5199	2
5199	5197	2
5197	5202	0
5202	5197	0
5197	5202	1
5202	5197	1
5197	5202	2
5202	5197	2
5197	5210	0
5210	5197	0
5197	5210	1
5210	5197	1
5197	5210	2
5210	5197	2
5198	5200	0
5200	5198	0
5198	5200	1
5200	5198	1
5198	5200	2
5200	5198	2
5198	5203	0
5203	5198	0
5198	5203	1
5203	5198	1
5198	5203	2
5203	5198	2
5199	5210	0
5210	5199	0
5199	5210	1
5210	5199	1
5199	5210	2
5210	5199	2
5200	5203	0
5203	5200	0
5200	5203	1
5203	5200	1
5200	5203	2
5203	5200	2
5201	5207	0
5207	5201	0
5201	5207	1
5207	5201	1
5201	5207	2
5207	5201	2
5202	5210	0
5210	5202	0
5202	5210	1
5210	5202	1
5202	5210	2
5210	5202	2
5205	5206	0
5206	5205	0
5205	5206	1
5206	5205	1
5205	5206	2
5206	5205	2
5211	5238	0
5238	5211	0
5211	5238	1
5238	5211	1
5211	5238	2
5238	5211	2
5212	5238	0
5238	5212	0
5212	5238	1
5238	5212	1
5212	5238	2
5238	5212	2
5213	5225	0
5225	5213	0
5213	5225	1
5225	5213	1
5213	5225	2
5225	5213	2
5214	5227	0
5227	5214	0
5214	5227	1
5227	5214	1
5214	5227	2
5227	5214	2
5215	5243	0
5243	5215	0
5215	5243	1
5243	5215	1
5215	5243	2
5243	5215	2
5215	5241	0
5241	5215	0
5215	5241	1
5241	5215	1
5215	5241	2
5241	5215	2
5215	5235	0
5235	5215	0
5215	5235	1
5235	5215	1
5215	5235	2
5235	5215	2
5216	5233	0
5233	5216	0
5216	5233	1
5233	5216	1
5216	5233	2
5233	5216	2
5219	5228	0
5228	5219	0
5219	5228	1
5228	5219	1
5219	5228	2
5228	5219	2
5219	5236	0
5236	5219	0
5219	5236	1
5236	5219	1
5219	5236	2
5236	5219	2
5220	5231	0
5231	5220	0
5220	5231	1
5231	5220	1
5220	5231	2
5231	5220	2
5220	5232	0
5232	5220	0
5220	5232	1
5232	5220	1
5220	5232	2
5232	5220	2
5220	5229	0
5229	5220	0
5220	5229	1
5229	5220	1
5220	5229	2
5229	5220	2
5221	5225	0
5225	5221	0
5221	5225	1
5225	5221	1
5221	5225	2
5225	5221	2
5222	5241	0
5241	5222	0
5222	5241	1
5241	5222	1
5222	5241	2
5241	5222	2
5222	5235	0
5235	5222	0
5222	5235	1
5235	5222	1
5222	5235	2
5235	5222	2
5222	5244	0
5244	5222	0
5222	5244	1
5244	5222	1
5222	5244	2
5244	5222	2
5223	5240	0
5240	5223	0
5223	5240	1
5240	5223	1
5223	5240	2
5240	5223	2
5223	5227	0
5227	5223	0
5223	5227	1
5227	5223	1
5223	5227	2
5227	5223	2
5224	5225	0
5225	5224	0
5224	5225	1
5225	5224	1
5224	5225	2
5225	5224	2
5225	5240	0
5240	5225	0
5225	5240	1
5240	5225	1
5225	5240	2
5240	5225	2
5225	5226	0
5226	5225	0
5225	5226	1
5226	5225	1
5225	5226	2
5226	5225	2
5225	5234	0
5234	5225	0
5225	5234	1
5234	5225	1
5225	5234	2
5234	5225	2
5228	5230	0
5230	5228	0
5228	5230	1
5230	5228	1
5228	5230	2
5230	5228	2
5228	5242	0
5242	5228	0
5228	5242	1
5242	5228	1
5228	5242	2
5242	5228	2
5228	5239	0
5239	5228	0
5228	5239	1
5239	5228	1
5228	5239	2
5239	5228	2
5229	5230	0
5230	5229	0
5229	5230	1
5230	5229	1
5229	5230	2
5230	5229	2
5230	5242	0
5242	5230	0
5230	5242	1
5242	5230	1
5230	5242	2
5242	5230	2
5230	5231	0
5231	5230	0
5230	5231	1
5231	5230	1
5230	5231	2
5231	5230	2
5230	5232	0
5232	5230	0
5230	5232	1
5232	5230	1
5230	5232	2
5232	5230	2
5231	5242	0
5242	5231	0
5231	5242	1
5242	5231	1
5231	5242	2
5242	5231	2
5233	5238	0
5238	5233	0
5233	5238	1
5238	5233	1
5233	5238	2
5238	5233	2
5233	5237	0
5237	5233	0
5233	5237	1
5237	5233	1
5233	5237	2
5237	5233	2
5235	5244	0
5244	5235	0
5235	5244	1
5244	5235	1
5235	5244	2
5244	5235	2
5236	5242	0
5242	5236	0
5236	5242	1
5242	5236	1
5236	5242	2
5242	5236	2
5236	5239	0
5239	5236	0
5236	5239	1
5239	5236	1
5236	5239	2
5239	5236	2
5241	5244	0
5244	5241	0
5241	5244	1
5244	5241	1
5241	5244	2
5244	5241	2
5246	5255	0
5255	5246	0
5246	5255	1
5255	5246	1
5246	5255	2
5255	5246	2
5251	5270	0
5270	5251	0
5251	5270	1
5270	5251	1
5251	5270	2
5270	5251	2
5253	5261	0
5261	5253	0
5253	5261	1
5261	5253	1
5253	5261	2
5261	5253	2
5254	5266	0
5266	5254	0
5254	5266	1
5266	5254	1
5254	5266	2
5266	5254	2
5254	5262	0
5262	5254	0
5254	5262	1
5262	5254	1
5254	5262	2
5262	5254	2
5255	5256	0
5256	5255	0
5255	5256	1
5256	5255	1
5255	5256	2
5256	5255	2
5255	5264	0
5264	5255	0
5255	5264	1
5264	5255	1
5255	5264	2
5264	5255	2
5260	5263	0
5263	5260	0
5260	5263	1
5263	5260	1
5260	5263	2
5263	5260	2
5265	5271	0
5271	5265	0
5265	5271	1
5271	5265	1
5265	5271	2
5271	5265	2
5267	5272	0
5272	5267	0
5267	5272	1
5272	5267	1
5267	5272	2
5272	5267	2
5268	5269	0
5269	5268	0
5268	5269	1
5269	5268	1
5268	5269	2
5269	5268	2
5273	5275	0
5275	5273	0
5273	5275	1
5275	5273	1
5273	5275	2
5275	5273	2
5273	5291	0
5291	5273	0
5273	5291	1
5291	5273	1
5273	5291	2
5291	5273	2
5274	5284	0
5284	5274	0
5274	5284	1
5284	5274	1
5274	5284	2
5284	5274	2
5274	5294	0
5294	5274	0
5274	5294	1
5294	5274	1
5274	5294	2
5294	5274	2
5274	5297	0
5297	5274	0
5274	5297	1
5297	5274	1
5274	5297	2
5297	5274	2
5275	5280	0
5280	5275	0
5275	5280	1
5280	5275	1
5275	5280	2
5280	5275	2
5276	5288	0
5288	5276	0
5276	5288	1
5288	5276	1
5276	5288	2
5288	5276	2
5276	5287	0
5287	5276	0
5276	5287	1
5287	5276	1
5276	5287	2
5287	5276	2
5276	5292	0
5292	5276	0
5276	5292	1
5292	5276	1
5276	5292	2
5292	5276	2
5277	5278	0
5278	5277	0
5277	5278	1
5278	5277	1
5277	5278	2
5278	5277	2
5277	5289	0
5289	5277	0
5277	5289	1
5289	5277	1
5277	5289	2
5289	5277	2
5277	5288	0
5288	5277	0
5277	5288	1
5288	5277	1
5277	5288	2
5288	5277	2
5278	5290	0
5290	5278	0
5278	5290	1
5290	5278	1
5278	5290	2
5290	5278	2
5279	5292	0
5292	5279	0
5279	5292	1
5292	5279	1
5279	5292	2
5292	5279	2
5280	5291	0
5291	5280	0
5280	5291	1
5291	5280	1
5280	5291	2
5291	5280	2
5281	5283	0
5283	5281	0
5281	5283	1
5283	5281	1
5281	5283	2
5283	5281	2
5282	5295	0
5295	5282	0
5282	5295	1
5295	5282	1
5282	5295	2
5295	5282	2
5284	5294	0
5294	5284	0
5284	5294	1
5294	5284	1
5284	5294	2
5294	5284	2
5284	5285	0
5285	5284	0
5284	5285	1
5285	5284	1
5284	5285	2
5285	5284	2
5284	5286	0
5286	5284	0
5284	5286	1
5286	5284	1
5284	5286	2
5286	5284	2
5286	5296	0
5296	5286	0
5286	5296	1
5296	5286	1
5286	5296	2
5296	5286	2
5287	5293	0
5293	5287	0
5287	5293	1
5293	5287	1
5287	5293	2
5293	5287	2
5288	5290	0
5290	5288	0
5288	5290	1
5290	5288	1
5288	5290	2
5290	5288	2
5289	5293	0
5293	5289	0
5289	5293	1
5293	5289	1
5289	5293	2
5293	5289	2
5289	5290	0
5290	5289	0
5289	5290	1
5290	5289	1
5289	5290	2
5290	5289	2
5291	5296	0
5296	5291	0
5291	5296	1
5296	5291	1
5291	5296	2
5296	5291	2
5292	5293	0
5293	5292	0
5292	5293	1
5293	5292	1
5292	5293	2
5293	5292	2
5295	5298	0
5298	5295	0
5295	5298	1
5298	5295	1
5295	5298	2
5298	5295	2
5299	5312	0
5312	5299	0
5299	5312	1
5312	5299	1
5299	5312	2
5312	5299	2
5300	5307	0
5307	5300	0
5300	5307	1
5307	5300	1
5300	5307	2
5307	5300	2
5300	5312	0
5312	5300	0
5300	5312	1
5312	5300	1
5300	5312	2
5312	5300	2
5301	5311	0
5311	5301	0
5301	5311	1
5311	5301	1
5301	5311	2
5311	5301	2
5303	5306	0
5306	5303	0
5303	5306	1
5306	5303	1
5303	5306	2
5306	5303	2
5303	5310	0
5310	5303	0
5303	5310	1
5310	5303	1
5303	5310	2
5310	5303	2
5304	5305	0
5305	5304	0
5304	5305	1
5305	5304	1
5304	5305	2
5305	5304	2
5305	5313	0
5313	5305	0
5305	5313	1
5313	5305	1
5305	5313	2
5313	5305	2
5308	5312	0
5312	5308	0
5308	5312	1
5312	5308	1
5308	5312	2
5312	5308	2
5310	5313	0
5313	5310	0
5310	5313	1
5313	5310	1
5310	5313	2
5313	5310	2
5317	5344	0
5344	5317	0
5317	5344	1
5344	5317	1
5317	5344	2
5344	5317	2
5317	5341	0
5341	5317	0
5317	5341	1
5341	5317	1
5317	5341	2
5341	5317	2
5317	5347	0
5347	5317	0
5317	5347	1
5347	5317	1
5317	5347	2
5347	5317	2
5317	5320	0
5320	5317	0
5317	5320	1
5320	5317	1
5317	5320	2
5320	5317	2
5317	5319	0
5319	5317	0
5317	5319	1
5319	5317	1
5317	5319	2
5319	5317	2
5318	5328	0
5328	5318	0
5318	5328	1
5328	5318	1
5318	5328	2
5328	5318	2
5318	5336	0
5336	5318	0
5318	5336	1
5336	5318	1
5318	5336	2
5336	5318	2
5318	5342	0
5342	5318	0
5318	5342	1
5342	5318	1
5318	5342	2
5342	5318	2
5319	5351	0
5351	5319	0
5319	5351	1
5351	5319	1
5319	5351	2
5351	5319	2
5319	5323	0
5323	5319	0
5319	5323	1
5323	5319	1
5319	5323	2
5323	5319	2
5319	5329	0
5329	5319	0
5319	5329	1
5329	5319	1
5319	5329	2
5329	5319	2
5319	5366	0
5366	5319	0
5319	5366	1
5366	5319	1
5319	5366	2
5366	5319	2
5319	5335	0
5335	5319	0
5319	5335	1
5335	5319	1
5319	5335	2
5335	5319	2
5319	5352	0
5352	5319	0
5319	5352	1
5352	5319	1
5319	5352	2
5352	5319	2
5319	5365	0
5365	5319	0
5319	5365	1
5365	5319	1
5319	5365	2
5365	5319	2
5320	5343	0
5343	5320	0
5320	5343	1
5343	5320	1
5320	5343	2
5343	5320	2
5320	5351	0
5351	5320	0
5320	5351	1
5351	5320	1
5320	5351	2
5351	5320	2
5320	5323	0
5323	5320	0
5320	5323	1
5323	5320	1
5320	5323	2
5323	5320	2
5320	5329	0
5329	5320	0
5320	5329	1
5329	5320	1
5320	5329	2
5329	5320	2
5320	5366	0
5366	5320	0
5320	5366	1
5366	5320	1
5320	5366	2
5366	5320	2
5320	5335	0
5335	5320	0
5320	5335	1
5335	5320	1
5320	5335	2
5335	5320	2
5320	5352	0
5352	5320	0
5320	5352	1
5352	5320	1
5320	5352	2
5352	5320	2
5320	5365	0
5365	5320	0
5320	5365	1
5365	5320	1
5320	5365	2
5365	5320	2
5321	5362	0
5362	5321	0
5321	5362	1
5362	5321	1
5321	5362	2
5362	5321	2
5321	5367	0
5367	5321	0
5321	5367	1
5367	5321	1
5321	5367	2
5367	5321	2
5321	5359	0
5359	5321	0
5321	5359	1
5359	5321	1
5321	5359	2
5359	5321	2
5321	5327	0
5327	5321	0
5321	5327	1
5327	5321	1
5321	5327	2
5327	5321	2
5322	5363	0
5363	5322	0
5322	5363	1
5363	5322	1
5322	5363	2
5363	5322	2
5322	5361	0
5361	5322	0
5322	5361	1
5361	5322	1
5322	5361	2
5361	5322	2
5322	5357	0
5357	5322	0
5322	5357	1
5357	5322	1
5322	5357	2
5357	5322	2
5323	5352	0
5352	5323	0
5323	5352	1
5352	5323	1
5323	5352	2
5352	5323	2
5323	5365	0
5365	5323	0
5323	5365	1
5365	5323	1
5323	5365	2
5365	5323	2
5323	5344	0
5344	5323	0
5323	5344	1
5344	5323	1
5323	5344	2
5344	5323	2
5323	5341	0
5341	5323	0
5323	5341	1
5341	5323	1
5323	5341	2
5341	5323	2
5323	5347	0
5347	5323	0
5323	5347	1
5347	5323	1
5323	5347	2
5347	5323	2
5324	5328	0
5328	5324	0
5324	5328	1
5328	5324	1
5324	5328	2
5328	5324	2
5324	5336	0
5336	5324	0
5324	5336	1
5336	5324	1
5324	5336	2
5336	5324	2
5324	5342	0
5342	5324	0
5324	5342	1
5342	5324	1
5324	5342	2
5342	5324	2
5325	5328	0
5328	5325	0
5325	5328	1
5328	5325	1
5325	5328	2
5328	5325	2
5325	5336	0
5336	5325	0
5325	5336	1
5336	5325	1
5325	5336	2
5336	5325	2
5325	5342	0
5342	5325	0
5325	5342	1
5342	5325	1
5325	5342	2
5342	5325	2
5326	5332	0
5332	5326	0
5326	5332	1
5332	5326	1
5326	5332	2
5332	5326	2
5326	5363	0
5363	5326	0
5326	5363	1
5363	5326	1
5326	5363	2
5363	5326	2
5327	5354	0
5354	5327	0
5327	5354	1
5354	5327	1
5327	5354	2
5354	5327	2
5328	5330	0
5330	5328	0
5328	5330	1
5330	5328	1
5328	5330	2
5330	5328	2
5328	5343	0
5343	5328	0
5328	5343	1
5343	5328	1
5328	5343	2
5343	5328	2
5328	5352	0
5352	5328	0
5328	5352	1
5352	5328	1
5328	5352	2
5352	5328	2
5328	5365	0
5365	5328	0
5328	5365	1
5365	5328	1
5328	5365	2
5365	5328	2
5329	5347	0
5347	5329	0
5329	5347	1
5347	5329	1
5329	5347	2
5347	5329	2
5330	5336	0
5336	5330	0
5330	5336	1
5336	5330	1
5330	5336	2
5336	5330	2
5330	5333	0
5333	5330	0
5330	5333	1
5333	5330	1
5330	5333	2
5333	5330	2
5330	5334	0
5334	5330	0
5330	5334	1
5334	5330	1
5330	5334	2
5334	5330	2
5331	5364	0
5364	5331	0
5331	5364	1
5364	5331	1
5331	5364	2
5364	5331	2
5331	5342	0
5342	5331	0
5331	5342	1
5342	5331	1
5331	5342	2
5342	5331	2
5331	5354	0
5354	5331	0
5331	5354	1
5354	5331	1
5331	5354	2
5354	5331	2
5332	5355	0
5355	5332	0
5332	5355	1
5355	5332	1
5332	5355	2
5355	5332	2
5332	5356	0
5356	5332	0
5332	5356	1
5356	5332	1
5332	5356	2
5356	5332	2
5332	5337	0
5337	5332	0
5332	5337	1
5337	5332	1
5332	5337	2
5337	5332	2
5332	5340	0
5340	5332	0
5332	5340	1
5340	5332	1
5332	5340	2
5340	5332	2
5333	5366	0
5366	5333	0
5333	5366	1
5366	5333	1
5333	5366	2
5366	5333	2
5333	5343	0
5343	5333	0
5333	5343	1
5343	5333	1
5333	5343	2
5343	5333	2
5334	5366	0
5366	5334	0
5334	5366	1
5366	5334	1
5334	5366	2
5366	5334	2
5334	5343	0
5343	5334	0
5334	5343	1
5343	5334	1
5334	5343	2
5343	5334	2
5335	5347	0
5347	5335	0
5335	5347	1
5347	5335	1
5335	5347	2
5347	5335	2
5336	5343	0
5343	5336	0
5336	5343	1
5343	5336	1
5336	5343	2
5343	5336	2
5337	5353	0
5353	5337	0
5337	5353	1
5353	5337	1
5337	5353	2
5353	5337	2
5337	5341	0
5341	5337	0
5337	5341	1
5341	5337	1
5337	5341	2
5341	5337	2
5338	5368	0
5368	5338	0
5338	5368	1
5368	5338	1
5338	5368	2
5368	5338	2
5338	5348	0
5348	5338	0
5338	5348	1
5348	5338	1
5338	5348	2
5348	5338	2
5339	5349	0
5349	5339	0
5339	5349	1
5349	5339	1
5339	5349	2
5349	5339	2
5340	5342	0
5342	5340	0
5340	5342	1
5342	5340	1
5340	5342	2
5342	5340	2
5340	5353	0
5353	5340	0
5340	5353	1
5353	5340	1
5340	5353	2
5353	5340	2
5341	5351	0
5351	5341	0
5341	5351	1
5351	5341	1
5341	5351	2
5351	5341	2
5341	5352	0
5352	5341	0
5341	5352	1
5352	5341	1
5341	5352	2
5352	5341	2
5341	5365	0
5365	5341	0
5341	5365	1
5365	5341	1
5341	5365	2
5365	5341	2
5341	5356	0
5356	5341	0
5341	5356	1
5356	5341	1
5341	5356	2
5356	5341	2
5342	5364	0
5364	5342	0
5342	5364	1
5364	5342	1
5342	5364	2
5364	5342	2
5342	5344	0
5344	5342	0
5342	5344	1
5344	5342	1
5342	5344	2
5344	5342	2
5344	5351	0
5351	5344	0
5344	5351	1
5351	5344	1
5344	5351	2
5351	5344	2
5344	5352	0
5352	5344	0
5344	5352	1
5352	5344	1
5344	5352	2
5352	5344	2
5344	5365	0
5365	5344	0
5344	5365	1
5365	5344	1
5344	5365	2
5365	5344	2
5345	5369	0
5369	5345	0
5345	5369	1
5369	5345	1
5345	5369	2
5369	5345	2
5347	5351	0
5351	5347	0
5347	5351	1
5351	5347	1
5347	5351	2
5351	5347	2
5347	5366	0
5366	5347	0
5347	5366	1
5366	5347	1
5347	5366	2
5366	5347	2
5347	5352	0
5352	5347	0
5347	5352	1
5352	5347	1
5347	5352	2
5352	5347	2
5347	5365	0
5365	5347	0
5347	5365	1
5365	5347	1
5347	5365	2
5365	5347	2
5348	5350	0
5350	5348	0
5348	5350	1
5350	5348	1
5348	5350	2
5350	5348	2
5348	5360	0
5360	5348	0
5348	5360	1
5360	5348	1
5348	5360	2
5360	5348	2
5349	5368	0
5368	5349	0
5349	5368	1
5368	5349	1
5349	5368	2
5368	5349	2
5350	5368	0
5368	5350	0
5350	5368	1
5368	5350	1
5350	5368	2
5368	5350	2
5352	5365	0
5365	5352	0
5352	5365	1
5365	5352	1
5352	5365	2
5365	5352	2
5353	5356	0
5356	5353	0
5353	5356	1
5356	5353	1
5353	5356	2
5356	5353	2
5353	5354	0
5354	5353	0
5353	5354	1
5354	5353	1
5353	5354	2
5354	5353	2
5354	5359	0
5359	5354	0
5354	5359	1
5359	5354	1
5354	5359	2
5359	5354	2
5355	5359	0
5359	5355	0
5355	5359	1
5359	5355	1
5355	5359	2
5359	5355	2
5355	5363	0
5363	5355	0
5355	5363	1
5363	5355	1
5355	5363	2
5363	5355	2
5358	5362	0
5362	5358	0
5358	5362	1
5362	5358	1
5358	5362	2
5362	5358	2
5358	5367	0
5367	5358	0
5358	5367	1
5367	5358	1
5358	5367	2
5367	5358	2
5370	5372	0
5372	5370	0
5370	5372	1
5372	5370	1
5370	5372	2
5372	5370	2
5373	5376	0
5376	5373	0
5373	5376	1
5376	5373	1
5373	5376	2
5376	5373	2
5374	5376	0
5376	5374	0
5374	5376	1
5376	5374	1
5374	5376	2
5376	5374	2
5375	5388	0
5388	5375	0
5375	5388	1
5388	5375	1
5375	5388	2
5388	5375	2
5377	5388	0
5388	5377	0
5377	5388	1
5388	5377	1
5377	5388	2
5388	5377	2
5378	5386	0
5386	5378	0
5378	5386	1
5386	5378	1
5378	5386	2
5386	5378	2
5378	5391	0
5391	5378	0
5378	5391	1
5391	5378	1
5378	5391	2
5391	5378	2
5378	5387	0
5387	5378	0
5378	5387	1
5387	5378	1
5378	5387	2
5387	5378	2
5378	5383	0
5383	5378	0
5378	5383	1
5383	5378	1
5378	5383	2
5383	5378	2
5379	5382	0
5382	5379	0
5379	5382	1
5382	5379	1
5379	5382	2
5382	5379	2
5382	5385	0
5385	5382	0
5382	5385	1
5385	5382	1
5382	5385	2
5385	5382	2
5383	5384	0
5384	5383	0
5383	5384	1
5384	5383	1
5383	5384	2
5384	5383	2
5383	5387	0
5387	5383	0
5383	5387	1
5387	5383	1
5383	5387	2
5387	5383	2
5390	5393	0
5393	5390	0
5390	5393	1
5393	5390	1
5390	5393	2
5393	5390	2
5394	5401	0
5401	5394	0
5394	5401	1
5401	5394	1
5394	5401	2
5401	5394	2
5395	5401	0
5401	5395	0
5395	5401	1
5401	5395	1
5395	5401	2
5401	5395	2
5396	5399	0
5399	5396	0
5396	5399	1
5399	5396	1
5396	5399	2
5399	5396	2
5396	5398	0
5398	5396	0
5396	5398	1
5398	5396	1
5396	5398	2
5398	5396	2
5397	5401	0
5401	5397	0
5397	5401	1
5401	5397	1
5397	5401	2
5401	5397	2
5398	5399	0
5399	5398	0
5398	5399	1
5399	5398	1
5398	5399	2
5399	5398	2
5400	5401	0
5401	5400	0
5400	5401	1
5401	5400	1
5400	5401	2
5401	5400	2
5402	5405	0
5405	5402	0
5402	5405	1
5405	5402	1
5402	5405	2
5405	5402	2
5402	5406	0
5406	5402	0
5402	5406	1
5406	5402	1
5402	5406	2
5406	5402	2
5402	5407	0
5407	5402	0
5402	5407	1
5407	5402	1
5402	5407	2
5407	5402	2
5402	5409	0
5409	5402	0
5402	5409	1
5409	5402	1
5402	5409	2
5409	5402	2
5403	5404	0
5404	5403	0
5403	5404	1
5404	5403	1
5403	5404	2
5404	5403	2
5403	5416	0
5416	5403	0
5403	5416	1
5416	5403	1
5403	5416	2
5416	5403	2
5403	5420	0
5420	5403	0
5403	5420	1
5420	5403	1
5403	5420	2
5420	5403	2
5404	5408	0
5408	5404	0
5404	5408	1
5408	5404	1
5404	5408	2
5408	5404	2
5404	5411	0
5411	5404	0
5404	5411	1
5411	5404	1
5404	5411	2
5411	5404	2
5404	5413	0
5413	5404	0
5404	5413	1
5413	5404	1
5404	5413	2
5413	5404	2
5405	5413	0
5413	5405	0
5405	5413	1
5413	5405	1
5405	5413	2
5413	5405	2
5405	5406	0
5406	5405	0
5405	5406	1
5406	5405	1
5405	5406	2
5406	5405	2
5405	5407	0
5407	5405	0
5405	5407	1
5407	5405	1
5405	5407	2
5407	5405	2
5405	5409	0
5409	5405	0
5405	5409	1
5409	5405	1
5405	5409	2
5409	5405	2
5406	5418	0
5418	5406	0
5406	5418	1
5418	5406	1
5406	5418	2
5418	5406	2
5406	5413	0
5413	5406	0
5406	5413	1
5413	5406	1
5406	5413	2
5413	5406	2
5406	5420	0
5420	5406	0
5406	5420	1
5420	5406	1
5406	5420	2
5420	5406	2
5407	5418	0
5418	5407	0
5407	5418	1
5418	5407	1
5407	5418	2
5418	5407	2
5409	5410	0
5410	5409	0
5409	5410	1
5410	5409	1
5409	5410	2
5410	5409	2
5409	5412	0
5412	5409	0
5409	5412	1
5412	5409	1
5409	5412	2
5412	5409	2
5413	5416	0
5416	5413	0
5413	5416	1
5416	5413	1
5413	5416	2
5416	5413	2
5413	5420	0
5420	5413	0
5413	5420	1
5420	5413	1
5413	5420	2
5420	5413	2
5415	5417	0
5417	5415	0
5415	5417	1
5417	5415	1
5415	5417	2
5417	5415	2
5416	5419	0
5419	5416	0
5416	5419	1
5419	5416	1
5416	5419	2
5419	5416	2
5416	5420	0
5420	5416	0
5416	5420	1
5420	5416	1
5416	5420	2
5420	5416	2
5416	5421	0
5421	5416	0
5416	5421	1
5421	5416	1
5416	5421	2
5421	5416	2
5419	5420	0
5420	5419	0
5419	5420	1
5420	5419	1
5419	5420	2
5420	5419	2
5420	5421	0
5421	5420	0
5420	5421	1
5421	5420	1
5420	5421	2
5421	5420	2
5422	5451	0
5451	5422	0
5422	5451	1
5451	5422	1
5422	5451	2
5451	5422	2
5422	5440	0
5440	5422	0
5422	5440	1
5440	5422	1
5422	5440	2
5440	5422	2
5423	5461	0
5461	5423	0
5423	5461	1
5461	5423	1
5423	5461	2
5461	5423	2
5423	5452	0
5452	5423	0
5423	5452	1
5452	5423	1
5423	5452	2
5452	5423	2
5423	5462	0
5462	5423	0
5423	5462	1
5462	5423	1
5423	5462	2
5462	5423	2
5424	5428	0
5428	5424	0
5424	5428	1
5428	5424	1
5424	5428	2
5428	5424	2
5424	5459	0
5459	5424	0
5424	5459	1
5459	5424	1
5424	5459	2
5459	5424	2
5424	5442	0
5442	5424	0
5424	5442	1
5442	5424	1
5424	5442	2
5442	5424	2
5425	5442	0
5442	5425	0
5425	5442	1
5442	5425	1
5425	5442	2
5442	5425	2
5425	5459	0
5459	5425	0
5425	5459	1
5459	5425	1
5425	5459	2
5459	5425	2
5426	5445	0
5445	5426	0
5426	5445	1
5445	5426	1
5426	5445	2
5445	5426	2
5426	5431	0
5431	5426	0
5426	5431	1
5431	5426	1
5426	5431	2
5431	5426	2
5426	5434	0
5434	5426	0
5426	5434	1
5434	5426	1
5426	5434	2
5434	5426	2
5427	5432	0
5432	5427	0
5427	5432	1
5432	5427	1
5427	5432	2
5432	5427	2
5428	5458	0
5458	5428	0
5428	5458	1
5458	5428	1
5428	5458	2
5458	5428	2
5428	5442	0
5442	5428	0
5428	5442	1
5442	5428	1
5428	5442	2
5442	5428	2
5429	5458	0
5458	5429	0
5429	5458	1
5458	5429	1
5429	5458	2
5458	5429	2
5429	5438	0
5438	5429	0
5429	5438	1
5438	5429	1
5429	5438	2
5438	5429	2
5430	5459	0
5459	5430	0
5430	5459	1
5459	5430	1
5430	5459	2
5459	5430	2
5430	5439	0
5439	5430	0
5430	5439	1
5439	5430	1
5430	5439	2
5439	5430	2
5431	5453	0
5453	5431	0
5431	5453	1
5453	5431	1
5431	5453	2
5453	5431	2
5432	5445	0
5445	5432	0
5432	5445	1
5445	5432	1
5432	5445	2
5445	5432	2
5432	5434	0
5434	5432	0
5432	5434	1
5434	5432	1
5432	5434	2
5434	5432	2
5432	5435	0
5435	5432	0
5432	5435	1
5435	5432	1
5432	5435	2
5435	5432	2
5433	5458	0
5458	5433	0
5433	5458	1
5458	5433	1
5433	5458	2
5458	5433	2
5433	5460	0
5460	5433	0
5433	5460	1
5460	5433	1
5433	5460	2
5460	5433	2
5436	5443	0
5443	5436	0
5436	5443	1
5443	5436	1
5436	5443	2
5443	5436	2
5437	5444	0
5444	5437	0
5437	5444	1
5444	5437	1
5437	5444	2
5444	5437	2
5437	5446	0
5446	5437	0
5437	5446	1
5446	5437	1
5437	5446	2
5446	5437	2
5437	5447	0
5447	5437	0
5437	5447	1
5447	5437	1
5437	5447	2
5447	5437	2
5438	5456	0
5456	5438	0
5438	5456	1
5456	5438	1
5438	5456	2
5456	5438	2
5438	5450	0
5450	5438	0
5438	5450	1
5450	5438	1
5438	5450	2
5450	5438	2
5438	5457	0
5457	5438	0
5438	5457	1
5457	5438	1
5438	5457	2
5457	5438	2
5440	5448	0
5448	5440	0
5440	5448	1
5448	5440	1
5440	5448	2
5448	5440	2
5441	5443	0
5443	5441	0
5441	5443	1
5443	5441	1
5441	5443	2
5443	5441	2
5442	5455	0
5455	5442	0
5442	5455	1
5455	5442	1
5442	5455	2
5455	5442	2
5443	5454	0
5454	5443	0
5443	5454	1
5454	5443	1
5443	5454	2
5454	5443	2
5444	5455	0
5455	5444	0
5444	5455	1
5455	5444	1
5444	5455	2
5455	5444	2
5446	5454	0
5454	5446	0
5446	5454	1
5454	5446	1
5446	5454	2
5454	5446	2
5447	5455	0
5455	5447	0
5447	5455	1
5455	5447	1
5447	5455	2
5455	5447	2
5449	5461	0
5461	5449	0
5449	5461	1
5461	5449	1
5449	5461	2
5461	5449	2
5450	5458	0
5458	5450	0
5450	5458	1
5458	5450	1
5450	5458	2
5458	5450	2
5451	5462	0
5462	5451	0
5451	5462	1
5462	5451	1
5451	5462	2
5462	5451	2
5454	5460	0
5460	5454	0
5454	5460	1
5460	5454	1
5454	5460	2
5460	5454	2
5456	5458	0
5458	5456	0
5456	5458	1
5458	5456	1
5456	5458	2
5458	5456	2
5463	5517	0
5517	5463	0
5463	5517	1
5517	5463	1
5463	5517	2
5517	5463	2
5464	5486	0
5486	5464	0
5464	5486	1
5486	5464	1
5464	5486	2
5486	5464	2
5464	5515	0
5515	5464	0
5464	5515	1
5515	5464	1
5464	5515	2
5515	5464	2
5464	5477	0
5477	5464	0
5464	5477	1
5477	5464	1
5464	5477	2
5477	5464	2
5465	5480	0
5480	5465	0
5465	5480	1
5480	5465	1
5465	5480	2
5480	5465	2
5465	5490	0
5490	5465	0
5465	5490	1
5490	5465	1
5465	5490	2
5490	5465	2
5465	5505	0
5505	5465	0
5465	5505	1
5505	5465	1
5465	5505	2
5505	5465	2
5465	5467	0
5467	5465	0
5465	5467	1
5467	5465	1
5465	5467	2
5467	5465	2
5466	5468	0
5468	5466	0
5466	5468	1
5468	5466	1
5466	5468	2
5468	5466	2
5466	5481	0
5481	5466	0
5466	5481	1
5481	5466	1
5466	5481	2
5481	5466	2
5466	5487	0
5487	5466	0
5466	5487	1
5487	5466	1
5466	5487	2
5487	5466	2
5466	5504	0
5504	5466	0
5466	5504	1
5504	5466	1
5466	5504	2
5504	5466	2
5466	5505	0
5505	5466	0
5466	5505	1
5505	5466	1
5466	5505	2
5505	5466	2
5467	5507	0
5507	5467	0
5467	5507	1
5507	5467	1
5467	5507	2
5507	5467	2
5467	5508	0
5508	5467	0
5467	5508	1
5508	5467	1
5467	5508	2
5508	5467	2
5467	5512	0
5512	5467	0
5467	5512	1
5512	5467	1
5467	5512	2
5512	5467	2
5467	5472	0
5472	5467	0
5467	5472	1
5472	5467	1
5467	5472	2
5472	5467	2
5467	5479	0
5479	5467	0
5467	5479	1
5479	5467	1
5467	5479	2
5479	5467	2
5467	5471	0
5471	5467	0
5467	5471	1
5471	5467	1
5467	5471	2
5471	5467	2
5468	5499	0
5499	5468	0
5468	5499	1
5499	5468	1
5468	5499	2
5499	5468	2
5468	5513	0
5513	5468	0
5468	5513	1
5513	5468	1
5468	5513	2
5513	5468	2
5468	5495	0
5495	5468	0
5468	5495	1
5495	5468	1
5468	5495	2
5495	5468	2
5469	5476	0
5476	5469	0
5469	5476	1
5476	5469	1
5469	5476	2
5476	5469	2
5469	5484	0
5484	5469	0
5469	5484	1
5484	5469	1
5469	5484	2
5484	5469	2
5469	5516	0
5516	5469	0
5469	5516	1
5516	5469	1
5469	5516	2
5516	5469	2
5469	5493	0
5493	5469	0
5469	5493	1
5493	5469	1
5469	5493	2
5493	5469	2
5470	5502	0
5502	5470	0
5470	5502	1
5502	5470	1
5470	5502	2
5502	5470	2
5470	5494	0
5494	5470	0
5470	5494	1
5494	5470	1
5470	5494	2
5494	5470	2
5470	5497	0
5497	5470	0
5470	5497	1
5497	5470	1
5470	5497	2
5497	5470	2
5471	5480	0
5480	5471	0
5471	5480	1
5480	5471	1
5471	5480	2
5480	5471	2
5471	5490	0
5490	5471	0
5471	5490	1
5490	5471	1
5471	5490	2
5490	5471	2
5471	5505	0
5505	5471	0
5471	5505	1
5505	5471	1
5471	5505	2
5505	5471	2
5472	5480	0
5480	5472	0
5472	5480	1
5480	5472	1
5472	5480	2
5480	5472	2
5472	5490	0
5490	5472	0
5472	5490	1
5490	5472	1
5472	5490	2
5490	5472	2
5472	5505	0
5505	5472	0
5472	5505	1
5505	5472	1
5472	5505	2
5505	5472	2
5473	5498	0
5498	5473	0
5473	5498	1
5498	5473	1
5473	5498	2
5498	5473	2
5474	5514	0
5514	5474	0
5474	5514	1
5514	5474	1
5474	5514	2
5514	5474	2
5475	5502	0
5502	5475	0
5475	5502	1
5502	5475	1
5475	5502	2
5502	5475	2
5475	5496	0
5496	5475	0
5475	5496	1
5496	5475	1
5475	5496	2
5496	5475	2
5475	5494	0
5494	5475	0
5475	5494	1
5494	5475	1
5475	5494	2
5494	5475	2
5475	5497	0
5497	5475	0
5475	5497	1
5497	5475	1
5475	5497	2
5497	5475	2
5476	5485	0
5485	5476	0
5476	5485	1
5485	5476	1
5476	5485	2
5485	5476	2
5476	5502	0
5502	5476	0
5476	5502	1
5502	5476	1
5476	5502	2
5502	5476	2
5476	5496	0
5496	5476	0
5476	5496	1
5496	5476	1
5476	5496	2
5496	5476	2
5477	5506	0
5506	5477	0
5477	5506	1
5506	5477	1
5477	5506	2
5506	5477	2
5477	5500	0
5500	5477	0
5477	5500	1
5500	5477	1
5477	5500	2
5500	5477	2
5477	5501	0
5501	5477	0
5477	5501	1
5501	5477	1
5477	5501	2
5501	5477	2
5478	5517	0
5517	5478	0
5478	5517	1
5517	5478	1
5478	5517	2
5517	5478	2
5479	5480	0
5480	5479	0
5479	5480	1
5480	5479	1
5479	5480	2
5480	5479	2
5479	5490	0
5490	5479	0
5479	5490	1
5490	5479	1
5479	5490	2
5490	5479	2
5479	5505	0
5505	5479	0
5479	5505	1
5505	5479	1
5479	5505	2
5505	5479	2
5480	5504	0
5504	5480	0
5480	5504	1
5504	5480	1
5480	5504	2
5504	5480	2
5480	5482	0
5482	5480	0
5480	5482	1
5482	5480	1
5480	5482	2
5482	5480	2
5480	5483	0
5483	5480	0
5480	5483	1
5483	5480	1
5480	5483	2
5483	5480	2
5480	5488	0
5488	5480	0
5480	5488	1
5488	5480	1
5480	5488	2
5488	5480	2
5480	5499	0
5499	5480	0
5480	5499	1
5499	5480	1
5480	5499	2
5499	5480	2
5480	5505	0
5505	5480	0
5480	5505	1
5505	5480	1
5480	5505	2
5505	5480	2
5481	5505	0
5505	5481	0
5481	5505	1
5505	5481	1
5481	5505	2
5505	5481	2
5481	5499	0
5499	5481	0
5481	5499	1
5499	5481	1
5481	5499	2
5499	5481	2
5482	5505	0
5505	5482	0
5482	5505	1
5505	5482	1
5482	5505	2
5505	5482	2
5482	5490	0
5490	5482	0
5482	5490	1
5490	5482	1
5482	5490	2
5490	5482	2
5483	5505	0
5505	5483	0
5483	5505	1
5505	5483	1
5483	5505	2
5505	5483	2
5483	5490	0
5490	5483	0
5483	5490	1
5490	5483	1
5483	5490	2
5490	5483	2
5484	5503	0
5503	5484	0
5484	5503	1
5503	5484	1
5484	5503	2
5503	5484	2
5484	5485	0
5485	5484	0
5484	5485	1
5485	5484	1
5484	5485	2
5485	5484	2
5484	5496	0
5496	5484	0
5484	5496	1
5496	5484	1
5484	5496	2
5496	5484	2
5485	5494	0
5494	5485	0
5485	5494	1
5494	5485	1
5485	5494	2
5494	5485	2
5485	5497	0
5497	5485	0
5485	5497	1
5497	5485	1
5485	5497	2
5497	5485	2
5487	5499	0
5499	5487	0
5487	5499	1
5499	5487	1
5487	5499	2
5499	5487	2
5488	5505	0
5505	5488	0
5488	5505	1
5505	5488	1
5488	5505	2
5505	5488	2
5488	5490	0
5490	5488	0
5488	5490	1
5490	5488	1
5488	5490	2
5490	5488	2
5489	5517	0
5517	5489	0
5489	5517	1
5517	5489	1
5489	5517	2
5517	5489	2
5490	5505	0
5505	5490	0
5490	5505	1
5505	5490	1
5490	5505	2
5505	5490	2
5491	5503	0
5503	5491	0
5491	5503	1
5503	5491	1
5491	5503	2
5503	5491	2
5492	5509	0
5509	5492	0
5492	5509	1
5509	5492	1
5492	5509	2
5509	5492	2
5493	5496	0
5496	5493	0
5493	5496	1
5496	5493	1
5493	5496	2
5496	5493	2
5494	5497	0
5497	5494	0
5494	5497	1
5497	5494	1
5494	5497	2
5497	5494	2
5496	5516	0
5516	5496	0
5496	5516	1
5516	5496	1
5496	5516	2
5516	5496	2
5499	5504	0
5504	5499	0
5499	5504	1
5504	5499	1
5499	5504	2
5504	5499	2
5500	5515	0
5515	5500	0
5500	5515	1
5515	5500	1
5500	5515	2
5515	5500	2
5501	5515	0
5515	5501	0
5501	5515	1
5515	5501	1
5501	5515	2
5515	5501	2
5502	5509	0
5509	5502	0
5502	5509	1
5509	5502	1
5502	5509	2
5509	5502	2
5506	5515	0
5515	5506	0
5506	5515	1
5515	5506	1
5506	5515	2
5515	5506	2
5518	5520	0
5520	5518	0
5518	5520	1
5520	5518	1
5518	5520	2
5520	5518	2
5518	5523	0
5523	5518	0
5518	5523	1
5523	5518	1
5518	5523	2
5523	5518	2
5519	5521	0
5521	5519	0
5519	5521	1
5521	5519	1
5519	5521	2
5521	5519	2
5521	5522	0
5522	5521	0
5521	5522	1
5522	5521	1
5521	5522	2
5522	5521	2
5524	5528	0
5528	5524	0
5524	5528	1
5528	5524	1
5524	5528	2
5528	5524	2
5526	5529	0
5529	5526	0
5526	5529	1
5529	5526	1
5526	5529	2
5529	5526	2
5530	5536	0
5536	5530	0
5530	5536	1
5536	5530	1
5530	5536	2
5536	5530	2
5535	5538	0
5538	5535	0
5535	5538	1
5538	5535	1
5535	5538	2
5538	5535	2
5538	5539	0
5539	5538	0
5538	5539	1
5539	5538	1
5538	5539	2
5539	5538	2
5540	5545	0
5545	5540	0
5540	5545	1
5545	5540	1
5540	5545	2
5545	5540	2
5540	5548	0
5548	5540	0
5540	5548	1
5548	5540	1
5540	5548	2
5548	5540	2
5541	5542	0
5542	5541	0
5541	5542	1
5542	5541	1
5541	5542	2
5542	5541	2
5541	5543	0
5543	5541	0
5541	5543	1
5543	5541	1
5541	5543	2
5543	5541	2
5541	5544	0
5544	5541	0
5541	5544	1
5544	5541	1
5541	5544	2
5544	5541	2
5542	5547	0
5547	5542	0
5542	5547	1
5547	5542	1
5542	5547	2
5547	5542	2
5543	5547	0
5547	5543	0
5543	5547	1
5547	5543	1
5543	5547	2
5547	5543	2
5545	5546	0
5546	5545	0
5545	5546	1
5546	5545	1
5545	5546	2
5546	5545	2
5546	5548	0
5548	5546	0
5546	5548	1
5548	5546	1
5546	5548	2
5548	5546	2
5550	5556	0
5556	5550	0
5550	5556	1
5556	5550	1
5550	5556	2
5556	5550	2
5554	5557	0
5557	5554	0
5554	5557	1
5557	5554	1
5554	5557	2
5557	5554	2
5558	5561	0
5561	5558	0
5558	5561	1
5561	5558	1
5558	5561	2
5561	5558	2
5559	5561	0
5561	5559	0
5559	5561	1
5561	5559	1
5559	5561	2
5561	5559	2
5564	5566	0
5566	5564	0
5564	5566	1
5566	5564	1
5564	5566	2
5566	5564	2
5565	5567	0
5567	5565	0
5565	5567	1
5567	5565	1
5565	5567	2
5567	5565	2
5567	5568	0
5568	5567	0
5567	5568	1
5568	5567	1
5567	5568	2
5568	5567	2
5569	5572	0
5572	5569	0
5569	5572	1
5572	5569	1
5569	5572	2
5572	5569	2
5570	5571	0
5571	5570	0
5570	5571	1
5571	5570	1
5570	5571	2
5571	5570	2
5571	5573	0
5573	5571	0
5571	5573	1
5573	5571	1
5571	5573	2
5573	5571	2
5575	5576	0
5576	5575	0
5575	5576	1
5576	5575	1
5575	5576	2
5576	5575	2
5575	5577	0
5577	5575	0
5575	5577	1
5577	5575	1
5575	5577	2
5577	5575	2
5576	5577	0
5577	5576	0
5576	5577	1
5577	5576	1
5576	5577	2
5577	5576	2
