0	1	0
0	1	1
0	1	2
0	1	3
0	1	4
0	2	0
0	2	1
0	2	2
0	2	3
0	2	4
1	2	0
1	2	1
1	2	2
1	2	3
1	2	4
1	3	0
1	3	1
1	3	2
1	3	3
1	3	4
2	3	0
2	3	1
2	3	2
2	3	3
2	3	4
3	4	0
3	4	1
3	4	2
3	4	3
3	4	4
4	5	0
4	5	1
4	5	2
4	5	3
4	5	4
6	7	0
6	7	1
6	7	2
6	7	3
6	7	4
6	8	0
6	8	1
6	8	2
6	8	3
6	8	4
7	8	0
7	8	1
7	8	2
7	8	3
7	8	4
9	10	0
9	10	1
9	10	2
9	10	3
9	10	4
9	11	0
9	11	1
9	11	2
9	11	3
9	11	4
9	12	0
9	12	1
9	12	2
9	12	3
9	12	4
10	11	0
10	11	1
10	11	2
10	11	3
10	11	4
10	12	0
10	12	1
10	12	2
10	12	3
10	12	4
11	12	0
11	12	1
11	12	2
11	12	3
11	12	4
10	13	0
10	13	1
10	13	2
10	13	3
10	13	4
10	14	0
10	14	1
10	14	2
10	14	3
10	14	4
10	15	0
10	15	1
10	15	2
10	15	3
10	15	4
11	13	0
11	13	1
11	13	2
11	13	3
11	13	4
11	14	0
11	14	1
11	14	2
11	14	3
11	14	4
11	15	0
11	15	1
11	15	2
11	15	3
11	15	4
12	13	0
12	13	1
12	13	2
12	13	3
12	13	4
12	14	0
12	14	1
12	14	2
12	14	3
12	14	4
12	15	0
12	15	1
12	15	2
12	15	3
12	15	4
13	14	0
13	14	1
13	14	2
13	14	3
13	14	4
13	15	0
13	15	1
13	15	2
13	15	3
13	15	4
14	15	0
14	15	1
14	15	2
14	15	3
14	15	4
16	17	0
16	17	1
16	17	2
16	17	3
16	17	4
16	18	0
16	18	1
16	18	2
16	18	3
16	18	4
17	18	0
17	18	1
17	18	2
17	18	3
17	18	4
18	19	0
18	19	1
18	19	2
18	19	3
18	19	4
19	20	0
19	20	1
19	20	2
19	20	3
19	20	4
20	21	0
20	21	1
20	21	2
20	21	3
20	21	4
21	22	0
21	22	1
21	22	2
21	22	3
21	22	4
21	23	0
21	23	1
21	23	2
21	23	3
21	23	4
21	24	0
21	24	1
21	24	2
21	24	3
21	24	4
22	23	0
22	23	1
22	23	2
22	23	3
22	23	4
22	24	0
22	24	1
22	24	2
22	24	3
22	24	4
23	24	0
23	24	1
23	24	2
23	24	3
23	24	4
22	25	0
22	25	1
22	25	2
22	25	3
22	25	4
22	26	0
22	26	1
22	26	2
22	26	3
22	26	4
23	25	0
23	25	1
23	25	2
23	25	3
23	25	4
23	26	0
23	26	1
23	26	2
23	26	3
23	26	4
24	25	0
24	25	1
24	25	2
24	25	3
24	25	4
24	26	0
24	26	1
24	26	2
24	26	3
24	26	4
25	26	0
25	26	1
25	26	2
25	26	3
25	26	4
25	27	0
25	27	1
25	27	2
25	27	3
25	27	4
26	27	0
26	27	1
26	27	2
26	27	3
26	27	4
28	29	0
28	29	1
28	29	2
28	29	3
28	29	4
28	30	0
28	30	1
28	30	2
28	30	3
28	30	4
28	31	0
28	31	1
28	31	2
28	31	3
28	31	4
29	30	0
29	30	1
29	30	2
29	30	3
29	30	4
29	31	0
29	31	1
29	31	2
29	31	3
29	31	4
30	31	0
30	31	1
30	31	2
30	31	3
30	31	4
32	33	0
32	33	1
32	33	2
32	33	3
32	33	4
34	35	0
34	35	1
34	35	2
34	35	3
34	35	4
34	36	0
34	36	1
34	36	2
34	36	3
34	36	4
35	36	0
35	36	1
35	36	2
35	36	3
35	36	4
34	37	0
34	37	1
34	37	2
34	37	3
34	37	4
34	38	0
34	38	1
34	38	2
34	38	3
34	38	4
34	39	0
34	39	1
34	39	2
34	39	3
34	39	4
34	40	0
34	40	1
34	40	2
34	40	3
34	40	4
35	37	0
35	37	1
35	37	2
35	37	3
35	37	4
35	38	0
35	38	1
35	38	2
35	38	3
35	38	4
35	39	0
35	39	1
35	39	2
35	39	3
35	39	4
35	40	0
35	40	1
35	40	2
35	40	3
35	40	4
36	37	0
36	37	1
36	37	2
36	37	3
36	37	4
36	38	0
36	38	1
36	38	2
36	38	3
36	38	4
36	39	0
36	39	1
36	39	2
36	39	3
36	39	4
36	40	0
36	40	1
36	40	2
36	40	3
36	40	4
37	38	0
37	38	1
37	38	2
37	38	3
37	38	4
37	39	0
37	39	1
37	39	2
37	39	3
37	39	4
37	40	0
37	40	1
37	40	2
37	40	3
37	40	4
38	39	0
38	39	1
38	39	2
38	39	3
38	39	4
38	40	0
38	40	1
38	40	2
38	40	3
38	40	4
39	40	0
39	40	1
39	40	2
39	40	3
39	40	4
37	41	0
37	41	1
37	41	2
37	41	3
37	41	4
38	41	0
38	41	1
38	41	2
38	41	3
38	41	4
39	41	0
39	41	1
39	41	2
39	41	3
39	41	4
40	41	0
40	41	1
40	41	2
40	41	3
40	41	4
41	42	0
41	42	1
41	42	2
41	42	3
41	42	4
41	43	0
41	43	1
41	43	2
41	43	3
41	43	4
41	44	0
41	44	1
41	44	2
41	44	3
41	44	4
41	45	0
41	45	1
41	45	2
41	45	3
41	45	4
42	43	0
42	43	1
42	43	2
42	43	3
42	43	4
42	44	0
42	44	1
42	44	2
42	44	3
42	44	4
42	45	0
42	45	1
42	45	2
42	45	3
42	45	4
43	44	0
43	44	1
43	44	2
43	44	3
43	44	4
43	45	0
43	45	1
43	45	2
43	45	3
43	45	4
44	45	0
44	45	1
44	45	2
44	45	3
44	45	4
46	47	0
46	47	1
46	47	2
46	47	3
46	47	4
46	48	0
46	48	1
46	48	2
46	48	3
46	48	4
47	48	0
47	48	1
47	48	2
47	48	3
47	48	4
49	50	0
49	50	1
49	50	2
49	50	3
49	50	4
50	51	0
50	51	1
50	51	2
50	51	3
50	51	4
51	52	0
51	52	1
51	52	2
51	52	3
51	52	4
52	53	0
52	53	1
52	53	2
52	53	3
52	53	4
52	54	0
52	54	1
52	54	2
52	54	3
52	54	4
53	54	0
53	54	1
53	54	2
53	54	3
53	54	4
53	55	0
53	55	1
53	55	2
53	55	3
53	55	4
54	55	0
54	55	1
54	55	2
54	55	3
54	55	4
55	56	0
55	56	1
55	56	2
55	56	3
55	56	4
55	57	0
55	57	1
55	57	2
55	57	3
55	57	4
56	57	0
56	57	1
56	57	2
56	57	3
56	57	4
56	58	0
56	58	1
56	58	2
56	58	3
56	58	4
56	59	0
56	59	1
56	59	2
56	59	3
56	59	4
57	58	0
57	58	1
57	58	2
57	58	3
57	58	4
57	59	0
57	59	1
57	59	2
57	59	3
57	59	4
58	59	0
58	59	1
58	59	2
58	59	3
58	59	4
58	60	0
58	60	1
58	60	2
58	60	3
58	60	4
59	60	0
59	60	1
59	60	2
59	60	3
59	60	4
60	61	0
60	61	1
60	61	2
60	61	3
60	61	4
62	63	0
62	63	1
62	63	2
62	63	3
62	63	4
62	64	0
62	64	1
62	64	2
62	64	3
62	64	4
62	65	0
62	65	1
62	65	2
62	65	3
62	65	4
63	64	0
63	64	1
63	64	2
63	64	3
63	64	4
63	65	0
63	65	1
63	65	2
63	65	3
63	65	4
64	65	0
64	65	1
64	65	2
64	65	3
64	65	4
62	66	0
62	66	1
62	66	2
62	66	3
62	66	4
62	67	0
62	67	1
62	67	2
62	67	3
62	67	4
62	68	0
62	68	1
62	68	2
62	68	3
62	68	4
63	66	0
63	66	1
63	66	2
63	66	3
63	66	4
63	67	0
63	67	1
63	67	2
63	67	3
63	67	4
63	68	0
63	68	1
63	68	2
63	68	3
63	68	4
64	66	0
64	66	1
64	66	2
64	66	3
64	66	4
64	67	0
64	67	1
64	67	2
64	67	3
64	67	4
64	68	0
64	68	1
64	68	2
64	68	3
64	68	4
65	66	0
65	66	1
65	66	2
65	66	3
65	66	4
65	67	0
65	67	1
65	67	2
65	67	3
65	67	4
65	68	0
65	68	1
65	68	2
65	68	3
65	68	4
66	67	0
66	67	1
66	67	2
66	67	3
66	67	4
66	68	0
66	68	1
66	68	2
66	68	3
66	68	4
67	68	0
67	68	1
67	68	2
67	68	3
67	68	4
69	70	0
69	70	1
69	70	2
69	70	3
69	70	4
69	71	0
69	71	1
69	71	2
69	71	3
69	71	4
69	72	0
69	72	1
69	72	2
69	72	3
69	72	4
70	71	0
70	71	1
70	71	2
70	71	3
70	71	4
70	72	0
70	72	1
70	72	2
70	72	3
70	72	4
71	72	0
71	72	1
71	72	2
71	72	3
71	72	4
69	73	0
69	73	1
69	73	2
69	73	3
69	73	4
70	73	0
70	73	1
70	73	2
70	73	3
70	73	4
71	73	0
71	73	1
71	73	2
71	73	3
71	73	4
72	73	0
72	73	1
72	73	2
72	73	3
72	73	4
73	74	0
73	74	1
73	74	2
73	74	3
73	74	4
73	75	0
73	75	1
73	75	2
73	75	3
73	75	4
74	75	0
74	75	1
74	75	2
74	75	3
74	75	4
74	76	0
74	76	1
74	76	2
74	76	3
74	76	4
74	77	0
74	77	1
74	77	2
74	77	3
74	77	4
75	76	0
75	76	1
75	76	2
75	76	3
75	76	4
75	77	0
75	77	1
75	77	2
75	77	3
75	77	4
76	77	0
76	77	1
76	77	2
76	77	3
76	77	4
78	79	0
78	79	1
78	79	2
78	79	3
78	79	4
79	80	0
79	80	1
79	80	2
79	80	3
79	80	4
79	81	0
79	81	1
79	81	2
79	81	3
79	81	4
79	82	0
79	82	1
79	82	2
79	82	3
79	82	4
80	81	0
80	81	1
80	81	2
80	81	3
80	81	4
80	82	0
80	82	1
80	82	2
80	82	3
80	82	4
81	82	0
81	82	1
81	82	2
81	82	3
81	82	4
80	83	0
80	83	1
80	83	2
80	83	3
80	83	4
80	84	0
80	84	1
80	84	2
80	84	3
80	84	4
81	83	0
81	83	1
81	83	2
81	83	3
81	83	4
81	84	0
81	84	1
81	84	2
81	84	3
81	84	4
82	83	0
82	83	1
82	83	2
82	83	3
82	83	4
82	84	0
82	84	1
82	84	2
82	84	3
82	84	4
83	84	0
83	84	1
83	84	2
83	84	3
83	84	4
83	85	0
83	85	1
83	85	2
83	85	3
83	85	4
83	86	0
83	86	1
83	86	2
83	86	3
83	86	4
84	85	0
84	85	1
84	85	2
84	85	3
84	85	4
84	86	0
84	86	1
84	86	2
84	86	3
84	86	4
85	86	0
85	86	1
85	86	2
85	86	3
85	86	4
85	87	0
85	87	1
85	87	2
85	87	3
85	87	4
85	88	0
85	88	1
85	88	2
85	88	3
85	88	4
85	89	0
85	89	1
85	89	2
85	89	3
85	89	4
85	90	0
85	90	1
85	90	2
85	90	3
85	90	4
86	87	0
86	87	1
86	87	2
86	87	3
86	87	4
86	88	0
86	88	1
86	88	2
86	88	3
86	88	4
86	89	0
86	89	1
86	89	2
86	89	3
86	89	4
86	90	0
86	90	1
86	90	2
86	90	3
86	90	4
87	88	0
87	88	1
87	88	2
87	88	3
87	88	4
87	89	0
87	89	1
87	89	2
87	89	3
87	89	4
87	90	0
87	90	1
87	90	2
87	90	3
87	90	4
88	89	0
88	89	1
88	89	2
88	89	3
88	89	4
88	90	0
88	90	1
88	90	2
88	90	3
88	90	4
89	90	0
89	90	1
89	90	2
89	90	3
89	90	4
87	91	0
87	91	1
87	91	2
87	91	3
87	91	4
87	92	0
87	92	1
87	92	2
87	92	3
87	92	4
87	93	0
87	93	1
87	93	2
87	93	3
87	93	4
87	94	0
87	94	1
87	94	2
87	94	3
87	94	4
88	91	0
88	91	1
88	91	2
88	91	3
88	91	4
88	92	0
88	92	1
88	92	2
88	92	3
88	92	4
88	93	0
88	93	1
88	93	2
88	93	3
88	93	4
88	94	0
88	94	1
88	94	2
88	94	3
88	94	4
89	91	0
89	91	1
89	91	2
89	91	3
89	91	4
89	92	0
89	92	1
89	92	2
89	92	3
89	92	4
89	93	0
89	93	1
89	93	2
89	93	3
89	93	4
89	94	0
89	94	1
89	94	2
89	94	3
89	94	4
90	91	0
90	91	1
90	91	2
90	91	3
90	91	4
90	92	0
90	92	1
90	92	2
90	92	3
90	92	4
90	93	0
90	93	1
90	93	2
90	93	3
90	93	4
90	94	0
90	94	1
90	94	2
90	94	3
90	94	4
91	92	0
91	92	1
91	92	2
91	92	3
91	92	4
91	93	0
91	93	1
91	93	2
91	93	3
91	93	4
91	94	0
91	94	1
91	94	2
91	94	3
91	94	4
92	93	0
92	93	1
92	93	2
92	93	3
92	93	4
92	94	0
92	94	1
92	94	2
92	94	3
92	94	4
93	94	0
93	94	1
93	94	2
93	94	3
93	94	4
91	95	0
91	95	1
91	95	2
91	95	3
91	95	4
91	96	0
91	96	1
91	96	2
91	96	3
91	96	4
92	95	0
92	95	1
92	95	2
92	95	3
92	95	4
92	96	0
92	96	1
92	96	2
92	96	3
92	96	4
93	95	0
93	95	1
93	95	2
93	95	3
93	95	4
93	96	0
93	96	1
93	96	2
93	96	3
93	96	4
94	95	0
94	95	1
94	95	2
94	95	3
94	95	4
94	96	0
94	96	1
94	96	2
94	96	3
94	96	4
95	96	0
95	96	1
95	96	2
95	96	3
95	96	4
95	97	0
95	97	1
95	97	2
95	97	3
95	97	4
95	98	0
95	98	1
95	98	2
95	98	3
95	98	4
95	99	0
95	99	1
95	99	2
95	99	3
95	99	4
96	97	0
96	97	1
96	97	2
96	97	3
96	97	4
96	98	0
96	98	1
96	98	2
96	98	3
96	98	4
96	99	0
96	99	1
96	99	2
96	99	3
96	99	4
97	98	0
97	98	1
97	98	2
97	98	3
97	98	4
97	99	0
97	99	1
97	99	2
97	99	3
97	99	4
98	99	0
98	99	1
98	99	2
98	99	3
98	99	4
100	101	0
100	101	1
100	101	2
100	101	3
100	101	4
100	102	0
100	102	1
100	102	2
100	102	3
100	102	4
100	103	0
100	103	1
100	103	2
100	103	3
100	103	4
101	102	0
101	102	1
101	102	2
101	102	3
101	102	4
101	103	0
101	103	1
101	103	2
101	103	3
101	103	4
102	103	0
102	103	1
102	103	2
102	103	3
102	103	4
100	104	0
100	104	1
100	104	2
100	104	3
100	104	4
101	104	0
101	104	1
101	104	2
101	104	3
101	104	4
102	104	0
102	104	1
102	104	2
102	104	3
102	104	4
103	104	0
103	104	1
103	104	2
103	104	3
103	104	4
104	105	0
104	105	1
104	105	2
104	105	3
104	105	4
104	106	0
104	106	1
104	106	2
104	106	3
104	106	4
104	107	0
104	107	1
104	107	2
104	107	3
104	107	4
105	106	0
105	106	1
105	106	2
105	106	3
105	106	4
105	107	0
105	107	1
105	107	2
105	107	3
105	107	4
106	107	0
106	107	1
106	107	2
106	107	3
106	107	4
105	108	0
105	108	1
105	108	2
105	108	3
105	108	4
105	109	0
105	109	1
105	109	2
105	109	3
105	109	4
106	108	0
106	108	1
106	108	2
106	108	3
106	108	4
106	109	0
106	109	1
106	109	2
106	109	3
106	109	4
107	108	0
107	108	1
107	108	2
107	108	3
107	108	4
107	109	0
107	109	1
107	109	2
107	109	3
107	109	4
108	109	0
108	109	1
108	109	2
108	109	3
108	109	4
110	111	0
110	111	1
110	111	2
110	111	3
110	111	4
110	112	0
110	112	1
110	112	2
110	112	3
110	112	4
110	113	0
110	113	1
110	113	2
110	113	3
110	113	4
110	114	0
110	114	1
110	114	2
110	114	3
110	114	4
111	112	0
111	112	1
111	112	2
111	112	3
111	112	4
111	113	0
111	113	1
111	113	2
111	113	3
111	113	4
111	114	0
111	114	1
111	114	2
111	114	3
111	114	4
112	113	0
112	113	1
112	113	2
112	113	3
112	113	4
112	114	0
112	114	1
112	114	2
112	114	3
112	114	4
113	114	0
113	114	1
113	114	2
113	114	3
113	114	4
112	115	0
112	115	1
112	115	2
112	115	3
112	115	4
112	116	0
112	116	1
112	116	2
112	116	3
112	116	4
113	115	0
113	115	1
113	115	2
113	115	3
113	115	4
113	116	0
113	116	1
113	116	2
113	116	3
113	116	4
114	115	0
114	115	1
114	115	2
114	115	3
114	115	4
114	116	0
114	116	1
114	116	2
114	116	3
114	116	4
115	116	0
115	116	1
115	116	2
115	116	3
115	116	4
117	118	0
117	118	1
117	118	2
117	118	3
117	118	4
117	119	0
117	119	1
117	119	2
117	119	3
117	119	4
118	119	0
118	119	1
118	119	2
118	119	3
118	119	4
119	120	0
119	120	1
119	120	2
119	120	3
119	120	4
119	121	0
119	121	1
119	121	2
119	121	3
119	121	4
120	121	0
120	121	1
120	121	2
120	121	3
120	121	4
120	122	0
120	122	1
120	122	2
120	122	3
120	122	4
121	122	0
121	122	1
121	122	2
121	122	3
121	122	4
123	124	0
123	124	1
123	124	2
123	124	3
123	124	4
123	125	0
123	125	1
123	125	2
123	125	3
123	125	4
123	126	0
123	126	1
123	126	2
123	126	3
123	126	4
123	127	0
123	127	1
123	127	2
123	127	3
123	127	4
124	125	0
124	125	1
124	125	2
124	125	3
124	125	4
124	126	0
124	126	1
124	126	2
124	126	3
124	126	4
124	127	0
124	127	1
124	127	2
124	127	3
124	127	4
125	126	0
125	126	1
125	126	2
125	126	3
125	126	4
125	127	0
125	127	1
125	127	2
125	127	3
125	127	4
126	127	0
126	127	1
126	127	2
126	127	3
126	127	4
125	128	0
125	128	1
125	128	2
125	128	3
125	128	4
126	128	0
126	128	1
126	128	2
126	128	3
126	128	4
127	128	0
127	128	1
127	128	2
127	128	3
127	128	4
128	129	0
128	129	1
128	129	2
128	129	3
128	129	4
129	130	0
129	130	1
129	130	2
129	130	3
129	130	4
129	131	0
129	131	1
129	131	2
129	131	3
129	131	4
130	131	0
130	131	1
130	131	2
130	131	3
130	131	4
130	132	0
130	132	1
130	132	2
130	132	3
130	132	4
130	133	0
130	133	1
130	133	2
130	133	3
130	133	4
131	132	0
131	132	1
131	132	2
131	132	3
131	132	4
131	133	0
131	133	1
131	133	2
131	133	3
131	133	4
132	133	0
132	133	1
132	133	2
132	133	3
132	133	4
134	135	0
134	135	1
134	135	2
134	135	3
134	135	4
134	136	0
134	136	1
134	136	2
134	136	3
134	136	4
134	137	0
134	137	1
134	137	2
134	137	3
134	137	4
134	138	0
134	138	1
134	138	2
134	138	3
134	138	4
134	139	0
134	139	1
134	139	2
134	139	3
134	139	4
134	140	0
134	140	1
134	140	2
134	140	3
134	140	4
135	136	0
135	136	1
135	136	2
135	136	3
135	136	4
135	137	0
135	137	1
135	137	2
135	137	3
135	137	4
135	138	0
135	138	1
135	138	2
135	138	3
135	138	4
135	139	0
135	139	1
135	139	2
135	139	3
135	139	4
135	140	0
135	140	1
135	140	2
135	140	3
135	140	4
136	137	0
136	137	1
136	137	2
136	137	3
136	137	4
136	138	0
136	138	1
136	138	2
136	138	3
136	138	4
136	139	0
136	139	1
136	139	2
136	139	3
136	139	4
136	140	0
136	140	1
136	140	2
136	140	3
136	140	4
137	138	0
137	138	1
137	138	2
137	138	3
137	138	4
137	139	0
137	139	1
137	139	2
137	139	3
137	139	4
137	140	0
137	140	1
137	140	2
137	140	3
137	140	4
138	139	0
138	139	1
138	139	2
138	139	3
138	139	4
138	140	0
138	140	1
138	140	2
138	140	3
138	140	4
139	140	0
139	140	1
139	140	2
139	140	3
139	140	4
134	141	0
134	141	1
134	141	2
134	141	3
134	141	4
134	142	0
134	142	1
134	142	2
134	142	3
134	142	4
134	143	0
134	143	1
134	143	2
134	143	3
134	143	4
134	144	0
134	144	1
134	144	2
134	144	3
134	144	4
135	141	0
135	141	1
135	141	2
135	141	3
135	141	4
135	142	0
135	142	1
135	142	2
135	142	3
135	142	4
135	143	0
135	143	1
135	143	2
135	143	3
135	143	4
135	144	0
135	144	1
135	144	2
135	144	3
135	144	4
136	141	0
136	141	1
136	141	2
136	141	3
136	141	4
136	142	0
136	142	1
136	142	2
136	142	3
136	142	4
136	143	0
136	143	1
136	143	2
136	143	3
136	143	4
136	144	0
136	144	1
136	144	2
136	144	3
136	144	4
137	141	0
137	141	1
137	141	2
137	141	3
137	141	4
137	142	0
137	142	1
137	142	2
137	142	3
137	142	4
137	143	0
137	143	1
137	143	2
137	143	3
137	143	4
137	144	0
137	144	1
137	144	2
137	144	3
137	144	4
138	141	0
138	141	1
138	141	2
138	141	3
138	141	4
138	142	0
138	142	1
138	142	2
138	142	3
138	142	4
138	143	0
138	143	1
138	143	2
138	143	3
138	143	4
138	144	0
138	144	1
138	144	2
138	144	3
138	144	4
139	141	0
139	141	1
139	141	2
139	141	3
139	141	4
139	142	0
139	142	1
139	142	2
139	142	3
139	142	4
139	143	0
139	143	1
139	143	2
139	143	3
139	143	4
139	144	0
139	144	1
139	144	2
139	144	3
139	144	4
140	141	0
140	141	1
140	141	2
140	141	3
140	141	4
140	142	0
140	142	1
140	142	2
140	142	3
140	142	4
140	143	0
140	143	1
140	143	2
140	143	3
140	143	4
140	144	0
140	144	1
140	144	2
140	144	3
140	144	4
141	142	0
141	142	1
141	142	2
141	142	3
141	142	4
141	143	0
141	143	1
141	143	2
141	143	3
141	143	4
141	144	0
141	144	1
141	144	2
141	144	3
141	144	4
142	143	0
142	143	1
142	143	2
142	143	3
142	143	4
142	144	0
142	144	1
142	144	2
142	144	3
142	144	4
143	144	0
143	144	1
143	144	2
143	144	3
143	144	4
141	145	0
141	145	1
141	145	2
141	145	3
141	145	4
141	146	0
141	146	1
141	146	2
141	146	3
141	146	4
141	147	0
141	147	1
141	147	2
141	147	3
141	147	4
142	145	0
142	145	1
142	145	2
142	145	3
142	145	4
142	146	0
142	146	1
142	146	2
142	146	3
142	146	4
142	147	0
142	147	1
142	147	2
142	147	3
142	147	4
143	145	0
143	145	1
143	145	2
143	145	3
143	145	4
143	146	0
143	146	1
143	146	2
143	146	3
143	146	4
143	147	0
143	147	1
143	147	2
143	147	3
143	147	4
144	145	0
144	145	1
144	145	2
144	145	3
144	145	4
144	146	0
144	146	1
144	146	2
144	146	3
144	146	4
144	147	0
144	147	1
144	147	2
144	147	3
144	147	4
145	146	0
145	146	1
145	146	2
145	146	3
145	146	4
145	147	0
145	147	1
145	147	2
145	147	3
145	147	4
146	147	0
146	147	1
146	147	2
146	147	3
146	147	4
145	148	0
145	148	1
145	148	2
145	148	3
145	148	4
145	149	0
145	149	1
145	149	2
145	149	3
145	149	4
145	150	0
145	150	1
145	150	2
145	150	3
145	150	4
146	148	0
146	148	1
146	148	2
146	148	3
146	148	4
146	149	0
146	149	1
146	149	2
146	149	3
146	149	4
146	150	0
146	150	1
146	150	2
146	150	3
146	150	4
147	148	0
147	148	1
147	148	2
147	148	3
147	148	4
147	149	0
147	149	1
147	149	2
147	149	3
147	149	4
147	150	0
147	150	1
147	150	2
147	150	3
147	150	4
148	149	0
148	149	1
148	149	2
148	149	3
148	149	4
148	150	0
148	150	1
148	150	2
148	150	3
148	150	4
149	150	0
149	150	1
149	150	2
149	150	3
149	150	4
148	151	0
148	151	1
148	151	2
148	151	3
148	151	4
148	152	0
148	152	1
148	152	2
148	152	3
148	152	4
148	153	0
148	153	1
148	153	2
148	153	3
148	153	4
149	151	0
149	151	1
149	151	2
149	151	3
149	151	4
149	152	0
149	152	1
149	152	2
149	152	3
149	152	4
149	153	0
149	153	1
149	153	2
149	153	3
149	153	4
150	151	0
150	151	1
150	151	2
150	151	3
150	151	4
150	152	0
150	152	1
150	152	2
150	152	3
150	152	4
150	153	0
150	153	1
150	153	2
150	153	3
150	153	4
151	152	0
151	152	1
151	152	2
151	152	3
151	152	4
151	153	0
151	153	1
151	153	2
151	153	3
151	153	4
152	153	0
152	153	1
152	153	2
152	153	3
152	153	4
151	154	0
151	154	1
151	154	2
151	154	3
151	154	4
151	155	0
151	155	1
151	155	2
151	155	3
151	155	4
151	156	0
151	156	1
151	156	2
151	156	3
151	156	4
152	154	0
152	154	1
152	154	2
152	154	3
152	154	4
152	155	0
152	155	1
152	155	2
152	155	3
152	155	4
152	156	0
152	156	1
152	156	2
152	156	3
152	156	4
153	154	0
153	154	1
153	154	2
153	154	3
153	154	4
153	155	0
153	155	1
153	155	2
153	155	3
153	155	4
153	156	0
153	156	1
153	156	2
153	156	3
153	156	4
154	155	0
154	155	1
154	155	2
154	155	3
154	155	4
154	156	0
154	156	1
154	156	2
154	156	3
154	156	4
155	156	0
155	156	1
155	156	2
155	156	3
155	156	4
154	157	0
154	157	1
154	157	2
154	157	3
154	157	4
154	158	0
154	158	1
154	158	2
154	158	3
154	158	4
154	159	0
154	159	1
154	159	2
154	159	3
154	159	4
154	160	0
154	160	1
154	160	2
154	160	3
154	160	4
155	157	0
155	157	1
155	157	2
155	157	3
155	157	4
155	158	0
155	158	1
155	158	2
155	158	3
155	158	4
155	159	0
155	159	1
155	159	2
155	159	3
155	159	4
155	160	0
155	160	1
155	160	2
155	160	3
155	160	4
156	157	0
156	157	1
156	157	2
156	157	3
156	157	4
156	158	0
156	158	1
156	158	2
156	158	3
156	158	4
156	159	0
156	159	1
156	159	2
156	159	3
156	159	4
156	160	0
156	160	1
156	160	2
156	160	3
156	160	4
157	158	0
157	158	1
157	158	2
157	158	3
157	158	4
157	159	0
157	159	1
157	159	2
157	159	3
157	159	4
157	160	0
157	160	1
157	160	2
157	160	3
157	160	4
158	159	0
158	159	1
158	159	2
158	159	3
158	159	4
158	160	0
158	160	1
158	160	2
158	160	3
158	160	4
159	160	0
159	160	1
159	160	2
159	160	3
159	160	4
157	161	0
157	161	1
157	161	2
157	161	3
157	161	4
157	162	0
157	162	1
157	162	2
157	162	3
157	162	4
158	161	0
158	161	1
158	161	2
158	161	3
158	161	4
158	162	0
158	162	1
158	162	2
158	162	3
158	162	4
159	161	0
159	161	1
159	161	2
159	161	3
159	161	4
159	162	0
159	162	1
159	162	2
159	162	3
159	162	4
160	161	0
160	161	1
160	161	2
160	161	3
160	161	4
160	162	0
160	162	1
160	162	2
160	162	3
160	162	4
161	162	0
161	162	1
161	162	2
161	162	3
161	162	4
161	163	0
161	163	1
161	163	2
161	163	3
161	163	4
161	164	0
161	164	1
161	164	2
161	164	3
161	164	4
161	165	0
161	165	1
161	165	2
161	165	3
161	165	4
161	166	0
161	166	1
161	166	2
161	166	3
161	166	4
161	167	0
161	167	1
161	167	2
161	167	3
161	167	4
162	163	0
162	163	1
162	163	2
162	163	3
162	163	4
162	164	0
162	164	1
162	164	2
162	164	3
162	164	4
162	165	0
162	165	1
162	165	2
162	165	3
162	165	4
162	166	0
162	166	1
162	166	2
162	166	3
162	166	4
162	167	0
162	167	1
162	167	2
162	167	3
162	167	4
163	164	0
163	164	1
163	164	2
163	164	3
163	164	4
163	165	0
163	165	1
163	165	2
163	165	3
163	165	4
163	166	0
163	166	1
163	166	2
163	166	3
163	166	4
163	167	0
163	167	1
163	167	2
163	167	3
163	167	4
164	165	0
164	165	1
164	165	2
164	165	3
164	165	4
164	166	0
164	166	1
164	166	2
164	166	3
164	166	4
164	167	0
164	167	1
164	167	2
164	167	3
164	167	4
165	166	0
165	166	1
165	166	2
165	166	3
165	166	4
165	167	0
165	167	1
165	167	2
165	167	3
165	167	4
166	167	0
166	167	1
166	167	2
166	167	3
166	167	4
163	168	0
163	168	1
163	168	2
163	168	3
163	168	4
163	169	0
163	169	1
163	169	2
163	169	3
163	169	4
163	170	0
163	170	1
163	170	2
163	170	3
163	170	4
163	171	0
163	171	1
163	171	2
163	171	3
163	171	4
163	172	0
163	172	1
163	172	2
163	172	3
163	172	4
164	168	0
164	168	1
164	168	2
164	168	3
164	168	4
164	169	0
164	169	1
164	169	2
164	169	3
164	169	4
164	170	0
164	170	1
164	170	2
164	170	3
164	170	4
164	171	0
164	171	1
164	171	2
164	171	3
164	171	4
164	172	0
164	172	1
164	172	2
164	172	3
164	172	4
165	168	0
165	168	1
165	168	2
165	168	3
165	168	4
165	169	0
165	169	1
165	169	2
165	169	3
165	169	4
165	170	0
165	170	1
165	170	2
165	170	3
165	170	4
165	171	0
165	171	1
165	171	2
165	171	3
165	171	4
165	172	0
165	172	1
165	172	2
165	172	3
165	172	4
166	168	0
166	168	1
166	168	2
166	168	3
166	168	4
166	169	0
166	169	1
166	169	2
166	169	3
166	169	4
166	170	0
166	170	1
166	170	2
166	170	3
166	170	4
166	171	0
166	171	1
166	171	2
166	171	3
166	171	4
166	172	0
166	172	1
166	172	2
166	172	3
166	172	4
167	168	0
167	168	1
167	168	2
167	168	3
167	168	4
167	169	0
167	169	1
167	169	2
167	169	3
167	169	4
167	170	0
167	170	1
167	170	2
167	170	3
167	170	4
167	171	0
167	171	1
167	171	2
167	171	3
167	171	4
167	172	0
167	172	1
167	172	2
167	172	3
167	172	4
168	169	0
168	169	1
168	169	2
168	169	3
168	169	4
168	170	0
168	170	1
168	170	2
168	170	3
168	170	4
168	171	0
168	171	1
168	171	2
168	171	3
168	171	4
168	172	0
168	172	1
168	172	2
168	172	3
168	172	4
169	170	0
169	170	1
169	170	2
169	170	3
169	170	4
169	171	0
169	171	1
169	171	2
169	171	3
169	171	4
169	172	0
169	172	1
169	172	2
169	172	3
169	172	4
170	171	0
170	171	1
170	171	2
170	171	3
170	171	4
170	172	0
170	172	1
170	172	2
170	172	3
170	172	4
171	172	0
171	172	1
171	172	2
171	172	3
171	172	4
168	173	0
168	173	1
168	173	2
168	173	3
168	173	4
168	174	0
168	174	1
168	174	2
168	174	3
168	174	4
168	175	0
168	175	1
168	175	2
168	175	3
168	175	4
168	176	0
168	176	1
168	176	2
168	176	3
168	176	4
169	173	0
169	173	1
169	173	2
169	173	3
169	173	4
169	174	0
169	174	1
169	174	2
169	174	3
169	174	4
169	175	0
169	175	1
169	175	2
169	175	3
169	175	4
169	176	0
169	176	1
169	176	2
169	176	3
169	176	4
170	173	0
170	173	1
170	173	2
170	173	3
170	173	4
170	174	0
170	174	1
170	174	2
170	174	3
170	174	4
170	175	0
170	175	1
170	175	2
170	175	3
170	175	4
170	176	0
170	176	1
170	176	2
170	176	3
170	176	4
171	173	0
171	173	1
171	173	2
171	173	3
171	173	4
171	174	0
171	174	1
171	174	2
171	174	3
171	174	4
171	175	0
171	175	1
171	175	2
171	175	3
171	175	4
171	176	0
171	176	1
171	176	2
171	176	3
171	176	4
172	173	0
172	173	1
172	173	2
172	173	3
172	173	4
172	174	0
172	174	1
172	174	2
172	174	3
172	174	4
172	175	0
172	175	1
172	175	2
172	175	3
172	175	4
172	176	0
172	176	1
172	176	2
172	176	3
172	176	4
173	174	0
173	174	1
173	174	2
173	174	3
173	174	4
173	175	0
173	175	1
173	175	2
173	175	3
173	175	4
173	176	0
173	176	1
173	176	2
173	176	3
173	176	4
174	175	0
174	175	1
174	175	2
174	175	3
174	175	4
174	176	0
174	176	1
174	176	2
174	176	3
174	176	4
175	176	0
175	176	1
175	176	2
175	176	3
175	176	4
173	177	0
173	177	1
173	177	2
173	177	3
173	177	4
173	178	0
173	178	1
173	178	2
173	178	3
173	178	4
173	179	0
173	179	1
173	179	2
173	179	3
173	179	4
173	180	0
173	180	1
173	180	2
173	180	3
173	180	4
173	181	0
173	181	1
173	181	2
173	181	3
173	181	4
173	182	0
173	182	1
173	182	2
173	182	3
173	182	4
174	177	0
174	177	1
174	177	2
174	177	3
174	177	4
174	178	0
174	178	1
174	178	2
174	178	3
174	178	4
174	179	0
174	179	1
174	179	2
174	179	3
174	179	4
174	180	0
174	180	1
174	180	2
174	180	3
174	180	4
174	181	0
174	181	1
174	181	2
174	181	3
174	181	4
174	182	0
174	182	1
174	182	2
174	182	3
174	182	4
175	177	0
175	177	1
175	177	2
175	177	3
175	177	4
175	178	0
175	178	1
175	178	2
175	178	3
175	178	4
175	179	0
175	179	1
175	179	2
175	179	3
175	179	4
175	180	0
175	180	1
175	180	2
175	180	3
175	180	4
175	181	0
175	181	1
175	181	2
175	181	3
175	181	4
175	182	0
175	182	1
175	182	2
175	182	3
175	182	4
176	177	0
176	177	1
176	177	2
176	177	3
176	177	4
176	178	0
176	178	1
176	178	2
176	178	3
176	178	4
176	179	0
176	179	1
176	179	2
176	179	3
176	179	4
176	180	0
176	180	1
176	180	2
176	180	3
176	180	4
176	181	0
176	181	1
176	181	2
176	181	3
176	181	4
176	182	0
176	182	1
176	182	2
176	182	3
176	182	4
177	178	0
177	178	1
177	178	2
177	178	3
177	178	4
177	179	0
177	179	1
177	179	2
177	179	3
177	179	4
177	180	0
177	180	1
177	180	2
177	180	3
177	180	4
177	181	0
177	181	1
177	181	2
177	181	3
177	181	4
177	182	0
177	182	1
177	182	2
177	182	3
177	182	4
178	179	0
178	179	1
178	179	2
178	179	3
178	179	4
178	180	0
178	180	1
178	180	2
178	180	3
178	180	4
178	181	0
178	181	1
178	181	2
178	181	3
178	181	4
178	182	0
178	182	1
178	182	2
178	182	3
178	182	4
179	180	0
179	180	1
179	180	2
179	180	3
179	180	4
179	181	0
179	181	1
179	181	2
179	181	3
179	181	4
179	182	0
179	182	1
179	182	2
179	182	3
179	182	4
180	181	0
180	181	1
180	181	2
180	181	3
180	181	4
180	182	0
180	182	1
180	182	2
180	182	3
180	182	4
181	182	0
181	182	1
181	182	2
181	182	3
181	182	4
177	183	0
177	183	1
177	183	2
177	183	3
177	183	4
177	184	0
177	184	1
177	184	2
177	184	3
177	184	4
177	185	0
177	185	1
177	185	2
177	185	3
177	185	4
177	186	0
177	186	1
177	186	2
177	186	3
177	186	4
177	187	0
177	187	1
177	187	2
177	187	3
177	187	4
177	188	0
177	188	1
177	188	2
177	188	3
177	188	4
177	189	0
177	189	1
177	189	2
177	189	3
177	189	4
178	183	0
178	183	1
178	183	2
178	183	3
178	183	4
178	184	0
178	184	1
178	184	2
178	184	3
178	184	4
178	185	0
178	185	1
178	185	2
178	185	3
178	185	4
178	186	0
178	186	1
178	186	2
178	186	3
178	186	4
178	187	0
178	187	1
178	187	2
178	187	3
178	187	4
178	188	0
178	188	1
178	188	2
178	188	3
178	188	4
178	189	0
178	189	1
178	189	2
178	189	3
178	189	4
179	183	0
179	183	1
179	183	2
179	183	3
179	183	4
179	184	0
179	184	1
179	184	2
179	184	3
179	184	4
179	185	0
179	185	1
179	185	2
179	185	3
179	185	4
179	186	0
179	186	1
179	186	2
179	186	3
179	186	4
179	187	0
179	187	1
179	187	2
179	187	3
179	187	4
179	188	0
179	188	1
179	188	2
179	188	3
179	188	4
179	189	0
179	189	1
179	189	2
179	189	3
179	189	4
180	183	0
180	183	1
180	183	2
180	183	3
180	183	4
180	184	0
180	184	1
180	184	2
180	184	3
180	184	4
180	185	0
180	185	1
180	185	2
180	185	3
180	185	4
180	186	0
180	186	1
180	186	2
180	186	3
180	186	4
180	187	0
180	187	1
180	187	2
180	187	3
180	187	4
180	188	0
180	188	1
180	188	2
180	188	3
180	188	4
180	189	0
180	189	1
180	189	2
180	189	3
180	189	4
181	183	0
181	183	1
181	183	2
181	183	3
181	183	4
181	184	0
181	184	1
181	184	2
181	184	3
181	184	4
181	185	0
181	185	1
181	185	2
181	185	3
181	185	4
181	186	0
181	186	1
181	186	2
181	186	3
181	186	4
181	187	0
181	187	1
181	187	2
181	187	3
181	187	4
181	188	0
181	188	1
181	188	2
181	188	3
181	188	4
181	189	0
181	189	1
181	189	2
181	189	3
181	189	4
182	183	0
182	183	1
182	183	2
182	183	3
182	183	4
182	184	0
182	184	1
182	184	2
182	184	3
182	184	4
182	185	0
182	185	1
182	185	2
182	185	3
182	185	4
182	186	0
182	186	1
182	186	2
182	186	3
182	186	4
182	187	0
182	187	1
182	187	2
182	187	3
182	187	4
182	188	0
182	188	1
182	188	2
182	188	3
182	188	4
182	189	0
182	189	1
182	189	2
182	189	3
182	189	4
183	184	0
183	184	1
183	184	2
183	184	3
183	184	4
183	185	0
183	185	1
183	185	2
183	185	3
183	185	4
183	186	0
183	186	1
183	186	2
183	186	3
183	186	4
183	187	0
183	187	1
183	187	2
183	187	3
183	187	4
183	188	0
183	188	1
183	188	2
183	188	3
183	188	4
183	189	0
183	189	1
183	189	2
183	189	3
183	189	4
184	185	0
184	185	1
184	185	2
184	185	3
184	185	4
184	186	0
184	186	1
184	186	2
184	186	3
184	186	4
184	187	0
184	187	1
184	187	2
184	187	3
184	187	4
184	188	0
184	188	1
184	188	2
184	188	3
184	188	4
184	189	0
184	189	1
184	189	2
184	189	3
184	189	4
185	186	0
185	186	1
185	186	2
185	186	3
185	186	4
185	187	0
185	187	1
185	187	2
185	187	3
185	187	4
185	188	0
185	188	1
185	188	2
185	188	3
185	188	4
185	189	0
185	189	1
185	189	2
185	189	3
185	189	4
186	187	0
186	187	1
186	187	2
186	187	3
186	187	4
186	188	0
186	188	1
186	188	2
186	188	3
186	188	4
186	189	0
186	189	1
186	189	2
186	189	3
186	189	4
187	188	0
187	188	1
187	188	2
187	188	3
187	188	4
187	189	0
187	189	1
187	189	2
187	189	3
187	189	4
188	189	0
188	189	1
188	189	2
188	189	3
188	189	4
183	190	0
183	190	1
183	190	2
183	190	3
183	190	4
183	191	0
183	191	1
183	191	2
183	191	3
183	191	4
183	192	0
183	192	1
183	192	2
183	192	3
183	192	4
183	193	0
183	193	1
183	193	2
183	193	3
183	193	4
184	190	0
184	190	1
184	190	2
184	190	3
184	190	4
184	191	0
184	191	1
184	191	2
184	191	3
184	191	4
184	192	0
184	192	1
184	192	2
184	192	3
184	192	4
184	193	0
184	193	1
184	193	2
184	193	3
184	193	4
185	190	0
185	190	1
185	190	2
185	190	3
185	190	4
185	191	0
185	191	1
185	191	2
185	191	3
185	191	4
185	192	0
185	192	1
185	192	2
185	192	3
185	192	4
185	193	0
185	193	1
185	193	2
185	193	3
185	193	4
186	190	0
186	190	1
186	190	2
186	190	3
186	190	4
186	191	0
186	191	1
186	191	2
186	191	3
186	191	4
186	192	0
186	192	1
186	192	2
186	192	3
186	192	4
186	193	0
186	193	1
186	193	2
186	193	3
186	193	4
187	190	0
187	190	1
187	190	2
187	190	3
187	190	4
187	191	0
187	191	1
187	191	2
187	191	3
187	191	4
187	192	0
187	192	1
187	192	2
187	192	3
187	192	4
187	193	0
187	193	1
187	193	2
187	193	3
187	193	4
188	190	0
188	190	1
188	190	2
188	190	3
188	190	4
188	191	0
188	191	1
188	191	2
188	191	3
188	191	4
188	192	0
188	192	1
188	192	2
188	192	3
188	192	4
188	193	0
188	193	1
188	193	2
188	193	3
188	193	4
189	190	0
189	190	1
189	190	2
189	190	3
189	190	4
189	191	0
189	191	1
189	191	2
189	191	3
189	191	4
189	192	0
189	192	1
189	192	2
189	192	3
189	192	4
189	193	0
189	193	1
189	193	2
189	193	3
189	193	4
190	191	0
190	191	1
190	191	2
190	191	3
190	191	4
190	192	0
190	192	1
190	192	2
190	192	3
190	192	4
190	193	0
190	193	1
190	193	2
190	193	3
190	193	4
191	192	0
191	192	1
191	192	2
191	192	3
191	192	4
191	193	0
191	193	1
191	193	2
191	193	3
191	193	4
192	193	0
192	193	1
192	193	2
192	193	3
192	193	4
190	194	0
190	194	1
190	194	2
190	194	3
190	194	4
190	195	0
190	195	1
190	195	2
190	195	3
190	195	4
190	196	0
190	196	1
190	196	2
190	196	3
190	196	4
190	197	0
190	197	1
190	197	2
190	197	3
190	197	4
190	198	0
190	198	1
190	198	2
190	198	3
190	198	4
190	199	0
190	199	1
190	199	2
190	199	3
190	199	4
190	200	0
190	200	1
190	200	2
190	200	3
190	200	4
191	194	0
191	194	1
191	194	2
191	194	3
191	194	4
191	195	0
191	195	1
191	195	2
191	195	3
191	195	4
191	196	0
191	196	1
191	196	2
191	196	3
191	196	4
191	197	0
191	197	1
191	197	2
191	197	3
191	197	4
191	198	0
191	198	1
191	198	2
191	198	3
191	198	4
191	199	0
191	199	1
191	199	2
191	199	3
191	199	4
191	200	0
191	200	1
191	200	2
191	200	3
191	200	4
192	194	0
192	194	1
192	194	2
192	194	3
192	194	4
192	195	0
192	195	1
192	195	2
192	195	3
192	195	4
192	196	0
192	196	1
192	196	2
192	196	3
192	196	4
192	197	0
192	197	1
192	197	2
192	197	3
192	197	4
192	198	0
192	198	1
192	198	2
192	198	3
192	198	4
192	199	0
192	199	1
192	199	2
192	199	3
192	199	4
192	200	0
192	200	1
192	200	2
192	200	3
192	200	4
193	194	0
193	194	1
193	194	2
193	194	3
193	194	4
193	195	0
193	195	1
193	195	2
193	195	3
193	195	4
193	196	0
193	196	1
193	196	2
193	196	3
193	196	4
193	197	0
193	197	1
193	197	2
193	197	3
193	197	4
193	198	0
193	198	1
193	198	2
193	198	3
193	198	4
193	199	0
193	199	1
193	199	2
193	199	3
193	199	4
193	200	0
193	200	1
193	200	2
193	200	3
193	200	4
194	195	0
194	195	1
194	195	2
194	195	3
194	195	4
194	196	0
194	196	1
194	196	2
194	196	3
194	196	4
194	197	0
194	197	1
194	197	2
194	197	3
194	197	4
194	198	0
194	198	1
194	198	2
194	198	3
194	198	4
194	199	0
194	199	1
194	199	2
194	199	3
194	199	4
194	200	0
194	200	1
194	200	2
194	200	3
194	200	4
195	196	0
195	196	1
195	196	2
195	196	3
195	196	4
195	197	0
195	197	1
195	197	2
195	197	3
195	197	4
195	198	0
195	198	1
195	198	2
195	198	3
195	198	4
195	199	0
195	199	1
195	199	2
195	199	3
195	199	4
195	200	0
195	200	1
195	200	2
195	200	3
195	200	4
196	197	0
196	197	1
196	197	2
196	197	3
196	197	4
196	198	0
196	198	1
196	198	2
196	198	3
196	198	4
196	199	0
196	199	1
196	199	2
196	199	3
196	199	4
196	200	0
196	200	1
196	200	2
196	200	3
196	200	4
197	198	0
197	198	1
197	198	2
197	198	3
197	198	4
197	199	0
197	199	1
197	199	2
197	199	3
197	199	4
197	200	0
197	200	1
197	200	2
197	200	3
197	200	4
198	199	0
198	199	1
198	199	2
198	199	3
198	199	4
198	200	0
198	200	1
198	200	2
198	200	3
198	200	4
199	200	0
199	200	1
199	200	2
199	200	3
199	200	4
194	201	0
194	201	1
194	201	2
194	201	3
194	201	4
194	202	0
194	202	1
194	202	2
194	202	3
194	202	4
195	201	0
195	201	1
195	201	2
195	201	3
195	201	4
195	202	0
195	202	1
195	202	2
195	202	3
195	202	4
196	201	0
196	201	1
196	201	2
196	201	3
196	201	4
196	202	0
196	202	1
196	202	2
196	202	3
196	202	4
197	201	0
197	201	1
197	201	2
197	201	3
197	201	4
197	202	0
197	202	1
197	202	2
197	202	3
197	202	4
198	201	0
198	201	1
198	201	2
198	201	3
198	201	4
198	202	0
198	202	1
198	202	2
198	202	3
198	202	4
199	201	0
199	201	1
199	201	2
199	201	3
199	201	4
199	202	0
199	202	1
199	202	2
199	202	3
199	202	4
200	201	0
200	201	1
200	201	2
200	201	3
200	201	4
200	202	0
200	202	1
200	202	2
200	202	3
200	202	4
201	202	0
201	202	1
201	202	2
201	202	3
201	202	4
201	203	0
201	203	1
201	203	2
201	203	3
201	203	4
201	204	0
201	204	1
201	204	2
201	204	3
201	204	4
201	205	0
201	205	1
201	205	2
201	205	3
201	205	4
202	203	0
202	203	1
202	203	2
202	203	3
202	203	4
202	204	0
202	204	1
202	204	2
202	204	3
202	204	4
202	205	0
202	205	1
202	205	2
202	205	3
202	205	4
203	204	0
203	204	1
203	204	2
203	204	3
203	204	4
203	205	0
203	205	1
203	205	2
203	205	3
203	205	4
204	205	0
204	205	1
204	205	2
204	205	3
204	205	4
203	206	0
203	206	1
203	206	2
203	206	3
203	206	4
203	207	0
203	207	1
203	207	2
203	207	3
203	207	4
203	208	0
203	208	1
203	208	2
203	208	3
203	208	4
203	209	0
203	209	1
203	209	2
203	209	3
203	209	4
204	206	0
204	206	1
204	206	2
204	206	3
204	206	4
204	207	0
204	207	1
204	207	2
204	207	3
204	207	4
204	208	0
204	208	1
204	208	2
204	208	3
204	208	4
204	209	0
204	209	1
204	209	2
204	209	3
204	209	4
205	206	0
205	206	1
205	206	2
205	206	3
205	206	4
205	207	0
205	207	1
205	207	2
205	207	3
205	207	4
205	208	0
205	208	1
205	208	2
205	208	3
205	208	4
205	209	0
205	209	1
205	209	2
205	209	3
205	209	4
206	207	0
206	207	1
206	207	2
206	207	3
206	207	4
206	208	0
206	208	1
206	208	2
206	208	3
206	208	4
206	209	0
206	209	1
206	209	2
206	209	3
206	209	4
207	208	0
207	208	1
207	208	2
207	208	3
207	208	4
207	209	0
207	209	1
207	209	2
207	209	3
207	209	4
208	209	0
208	209	1
208	209	2
208	209	3
208	209	4
206	210	0
206	210	1
206	210	2
206	210	3
206	210	4
206	211	0
206	211	1
206	211	2
206	211	3
206	211	4
206	212	0
206	212	1
206	212	2
206	212	3
206	212	4
207	210	0
207	210	1
207	210	2
207	210	3
207	210	4
207	211	0
207	211	1
207	211	2
207	211	3
207	211	4
207	212	0
207	212	1
207	212	2
207	212	3
207	212	4
208	210	0
208	210	1
208	210	2
208	210	3
208	210	4
208	211	0
208	211	1
208	211	2
208	211	3
208	211	4
208	212	0
208	212	1
208	212	2
208	212	3
208	212	4
209	210	0
209	210	1
209	210	2
209	210	3
209	210	4
209	211	0
209	211	1
209	211	2
209	211	3
209	211	4
209	212	0
209	212	1
209	212	2
209	212	3
209	212	4
210	211	0
210	211	1
210	211	2
210	211	3
210	211	4
210	212	0
210	212	1
210	212	2
210	212	3
210	212	4
211	212	0
211	212	1
211	212	2
211	212	3
211	212	4
210	213	0
210	213	1
210	213	2
210	213	3
210	213	4
210	214	0
210	214	1
210	214	2
210	214	3
210	214	4
210	215	0
210	215	1
210	215	2
210	215	3
210	215	4
211	213	0
211	213	1
211	213	2
211	213	3
211	213	4
211	214	0
211	214	1
211	214	2
211	214	3
211	214	4
211	215	0
211	215	1
211	215	2
211	215	3
211	215	4
212	213	0
212	213	1
212	213	2
212	213	3
212	213	4
212	214	0
212	214	1
212	214	2
212	214	3
212	214	4
212	215	0
212	215	1
212	215	2
212	215	3
212	215	4
213	214	0
213	214	1
213	214	2
213	214	3
213	214	4
213	215	0
213	215	1
213	215	2
213	215	3
213	215	4
214	215	0
214	215	1
214	215	2
214	215	3
214	215	4
213	216	0
213	216	1
213	216	2
213	216	3
213	216	4
213	217	0
213	217	1
213	217	2
213	217	3
213	217	4
213	218	0
213	218	1
213	218	2
213	218	3
213	218	4
213	219	0
213	219	1
213	219	2
213	219	3
213	219	4
213	220	0
213	220	1
213	220	2
213	220	3
213	220	4
214	216	0
214	216	1
214	216	2
214	216	3
214	216	4
214	217	0
214	217	1
214	217	2
214	217	3
214	217	4
214	218	0
214	218	1
214	218	2
214	218	3
214	218	4
214	219	0
214	219	1
214	219	2
214	219	3
214	219	4
214	220	0
214	220	1
214	220	2
214	220	3
214	220	4
215	216	0
215	216	1
215	216	2
215	216	3
215	216	4
215	217	0
215	217	1
215	217	2
215	217	3
215	217	4
215	218	0
215	218	1
215	218	2
215	218	3
215	218	4
215	219	0
215	219	1
215	219	2
215	219	3
215	219	4
215	220	0
215	220	1
215	220	2
215	220	3
215	220	4
216	217	0
216	217	1
216	217	2
216	217	3
216	217	4
216	218	0
216	218	1
216	218	2
216	218	3
216	218	4
216	219	0
216	219	1
216	219	2
216	219	3
216	219	4
216	220	0
216	220	1
216	220	2
216	220	3
216	220	4
217	218	0
217	218	1
217	218	2
217	218	3
217	218	4
217	219	0
217	219	1
217	219	2
217	219	3
217	219	4
217	220	0
217	220	1
217	220	2
217	220	3
217	220	4
218	219	0
218	219	1
218	219	2
218	219	3
218	219	4
218	220	0
218	220	1
218	220	2
218	220	3
218	220	4
219	220	0
219	220	1
219	220	2
219	220	3
219	220	4
216	221	0
216	221	1
216	221	2
216	221	3
216	221	4
216	222	0
216	222	1
216	222	2
216	222	3
216	222	4
216	223	0
216	223	1
216	223	2
216	223	3
216	223	4
217	221	0
217	221	1
217	221	2
217	221	3
217	221	4
217	222	0
217	222	1
217	222	2
217	222	3
217	222	4
217	223	0
217	223	1
217	223	2
217	223	3
217	223	4
218	221	0
218	221	1
218	221	2
218	221	3
218	221	4
218	222	0
218	222	1
218	222	2
218	222	3
218	222	4
218	223	0
218	223	1
218	223	2
218	223	3
218	223	4
219	221	0
219	221	1
219	221	2
219	221	3
219	221	4
219	222	0
219	222	1
219	222	2
219	222	3
219	222	4
219	223	0
219	223	1
219	223	2
219	223	3
219	223	4
220	221	0
220	221	1
220	221	2
220	221	3
220	221	4
220	222	0
220	222	1
220	222	2
220	222	3
220	222	4
220	223	0
220	223	1
220	223	2
220	223	3
220	223	4
221	222	0
221	222	1
221	222	2
221	222	3
221	222	4
221	223	0
221	223	1
221	223	2
221	223	3
221	223	4
222	223	0
222	223	1
222	223	2
222	223	3
222	223	4
221	224	0
221	224	1
221	224	2
221	224	3
221	224	4
221	225	0
221	225	1
221	225	2
221	225	3
221	225	4
221	226	0
221	226	1
221	226	2
221	226	3
221	226	4
222	224	0
222	224	1
222	224	2
222	224	3
222	224	4
222	225	0
222	225	1
222	225	2
222	225	3
222	225	4
222	226	0
222	226	1
222	226	2
222	226	3
222	226	4
223	224	0
223	224	1
223	224	2
223	224	3
223	224	4
223	225	0
223	225	1
223	225	2
223	225	3
223	225	4
223	226	0
223	226	1
223	226	2
223	226	3
223	226	4
224	225	0
224	225	1
224	225	2
224	225	3
224	225	4
224	226	0
224	226	1
224	226	2
224	226	3
224	226	4
225	226	0
225	226	1
225	226	2
225	226	3
225	226	4
224	227	0
224	227	1
224	227	2
224	227	3
224	227	4
225	227	0
225	227	1
225	227	2
225	227	3
225	227	4
226	227	0
226	227	1
226	227	2
226	227	3
226	227	4
227	228	0
227	228	1
227	228	2
227	228	3
227	228	4
227	229	0
227	229	1
227	229	2
227	229	3
227	229	4
227	230	0
227	230	1
227	230	2
227	230	3
227	230	4
228	229	0
228	229	1
228	229	2
228	229	3
228	229	4
228	230	0
228	230	1
228	230	2
228	230	3
228	230	4
229	230	0
229	230	1
229	230	2
229	230	3
229	230	4
228	231	0
228	231	1
228	231	2
228	231	3
228	231	4
228	232	0
228	232	1
228	232	2
228	232	3
228	232	4
228	233	0
228	233	1
228	233	2
228	233	3
228	233	4
229	231	0
229	231	1
229	231	2
229	231	3
229	231	4
229	232	0
229	232	1
229	232	2
229	232	3
229	232	4
229	233	0
229	233	1
229	233	2
229	233	3
229	233	4
230	231	0
230	231	1
230	231	2
230	231	3
230	231	4
230	232	0
230	232	1
230	232	2
230	232	3
230	232	4
230	233	0
230	233	1
230	233	2
230	233	3
230	233	4
231	232	0
231	232	1
231	232	2
231	232	3
231	232	4
231	233	0
231	233	1
231	233	2
231	233	3
231	233	4
232	233	0
232	233	1
232	233	2
232	233	3
232	233	4
231	234	0
231	234	1
231	234	2
231	234	3
231	234	4
231	235	0
231	235	1
231	235	2
231	235	3
231	235	4
232	234	0
232	234	1
232	234	2
232	234	3
232	234	4
232	235	0
232	235	1
232	235	2
232	235	3
232	235	4
233	234	0
233	234	1
233	234	2
233	234	3
233	234	4
233	235	0
233	235	1
233	235	2
233	235	3
233	235	4
234	235	0
234	235	1
234	235	2
234	235	3
234	235	4
234	236	0
234	236	1
234	236	2
234	236	3
234	236	4
234	237	0
234	237	1
234	237	2
234	237	3
234	237	4
235	236	0
235	236	1
235	236	2
235	236	3
235	236	4
235	237	0
235	237	1
235	237	2
235	237	3
235	237	4
236	237	0
236	237	1
236	237	2
236	237	3
236	237	4
236	238	0
236	238	1
236	238	2
236	238	3
236	238	4
236	239	0
236	239	1
236	239	2
236	239	3
236	239	4
236	240	0
236	240	1
236	240	2
236	240	3
236	240	4
236	241	0
236	241	1
236	241	2
236	241	3
236	241	4
236	242	0
236	242	1
236	242	2
236	242	3
236	242	4
237	238	0
237	238	1
237	238	2
237	238	3
237	238	4
237	239	0
237	239	1
237	239	2
237	239	3
237	239	4
237	240	0
237	240	1
237	240	2
237	240	3
237	240	4
237	241	0
237	241	1
237	241	2
237	241	3
237	241	4
237	242	0
237	242	1
237	242	2
237	242	3
237	242	4
238	239	0
238	239	1
238	239	2
238	239	3
238	239	4
238	240	0
238	240	1
238	240	2
238	240	3
238	240	4
238	241	0
238	241	1
238	241	2
238	241	3
238	241	4
238	242	0
238	242	1
238	242	2
238	242	3
238	242	4
239	240	0
239	240	1
239	240	2
239	240	3
239	240	4
239	241	0
239	241	1
239	241	2
239	241	3
239	241	4
239	242	0
239	242	1
239	242	2
239	242	3
239	242	4
240	241	0
240	241	1
240	241	2
240	241	3
240	241	4
240	242	0
240	242	1
240	242	2
240	242	3
240	242	4
241	242	0
241	242	1
241	242	2
241	242	3
241	242	4
238	243	0
238	243	1
238	243	2
238	243	3
238	243	4
239	243	0
239	243	1
239	243	2
239	243	3
239	243	4
240	243	0
240	243	1
240	243	2
240	243	3
240	243	4
241	243	0
241	243	1
241	243	2
241	243	3
241	243	4
242	243	0
242	243	1
242	243	2
242	243	3
242	243	4
243	244	0
243	244	1
243	244	2
243	244	3
243	244	4
243	245	0
243	245	1
243	245	2
243	245	3
243	245	4
244	245	0
244	245	1
244	245	2
244	245	3
244	245	4
244	246	0
244	246	1
244	246	2
244	246	3
244	246	4
244	247	0
244	247	1
244	247	2
244	247	3
244	247	4
244	248	0
244	248	1
244	248	2
244	248	3
244	248	4
245	246	0
245	246	1
245	246	2
245	246	3
245	246	4
245	247	0
245	247	1
245	247	2
245	247	3
245	247	4
245	248	0
245	248	1
245	248	2
245	248	3
245	248	4
246	247	0
246	247	1
246	247	2
246	247	3
246	247	4
246	248	0
246	248	1
246	248	2
246	248	3
246	248	4
247	248	0
247	248	1
247	248	2
247	248	3
247	248	4
246	249	0
246	249	1
246	249	2
246	249	3
246	249	4
246	250	0
246	250	1
246	250	2
246	250	3
246	250	4
246	251	0
246	251	1
246	251	2
246	251	3
246	251	4
246	252	0
246	252	1
246	252	2
246	252	3
246	252	4
247	249	0
247	249	1
247	249	2
247	249	3
247	249	4
247	250	0
247	250	1
247	250	2
247	250	3
247	250	4
247	251	0
247	251	1
247	251	2
247	251	3
247	251	4
247	252	0
247	252	1
247	252	2
247	252	3
247	252	4
248	249	0
248	249	1
248	249	2
248	249	3
248	249	4
248	250	0
248	250	1
248	250	2
248	250	3
248	250	4
248	251	0
248	251	1
248	251	2
248	251	3
248	251	4
248	252	0
248	252	1
248	252	2
248	252	3
248	252	4
249	250	0
249	250	1
249	250	2
249	250	3
249	250	4
249	251	0
249	251	1
249	251	2
249	251	3
249	251	4
249	252	0
249	252	1
249	252	2
249	252	3
249	252	4
250	251	0
250	251	1
250	251	2
250	251	3
250	251	4
250	252	0
250	252	1
250	252	2
250	252	3
250	252	4
251	252	0
251	252	1
251	252	2
251	252	3
251	252	4
249	253	0
249	253	1
249	253	2
249	253	3
249	253	4
249	254	0
249	254	1
249	254	2
249	254	3
249	254	4
249	255	0
249	255	1
249	255	2
249	255	3
249	255	4
249	256	0
249	256	1
249	256	2
249	256	3
249	256	4
250	253	0
250	253	1
250	253	2
250	253	3
250	253	4
250	254	0
250	254	1
250	254	2
250	254	3
250	254	4
250	255	0
250	255	1
250	255	2
250	255	3
250	255	4
250	256	0
250	256	1
250	256	2
250	256	3
250	256	4
251	253	0
251	253	1
251	253	2
251	253	3
251	253	4
251	254	0
251	254	1
251	254	2
251	254	3
251	254	4
251	255	0
251	255	1
251	255	2
251	255	3
251	255	4
251	256	0
251	256	1
251	256	2
251	256	3
251	256	4
252	253	0
252	253	1
252	253	2
252	253	3
252	253	4
252	254	0
252	254	1
252	254	2
252	254	3
252	254	4
252	255	0
252	255	1
252	255	2
252	255	3
252	255	4
252	256	0
252	256	1
252	256	2
252	256	3
252	256	4
253	254	0
253	254	1
253	254	2
253	254	3
253	254	4
253	255	0
253	255	1
253	255	2
253	255	3
253	255	4
253	256	0
253	256	1
253	256	2
253	256	3
253	256	4
254	255	0
254	255	1
254	255	2
254	255	3
254	255	4
254	256	0
254	256	1
254	256	2
254	256	3
254	256	4
255	256	0
255	256	1
255	256	2
255	256	3
255	256	4
253	257	0
253	257	1
253	257	2
253	257	3
253	257	4
254	257	0
254	257	1
254	257	2
254	257	3
254	257	4
255	257	0
255	257	1
255	257	2
255	257	3
255	257	4
256	257	0
256	257	1
256	257	2
256	257	3
256	257	4
257	258	0
257	258	1
257	258	2
257	258	3
257	258	4
257	259	0
257	259	1
257	259	2
257	259	3
257	259	4
258	259	0
258	259	1
258	259	2
258	259	3
258	259	4
258	260	0
258	260	1
258	260	2
258	260	3
258	260	4
259	260	0
259	260	1
259	260	2
259	260	3
259	260	4
260	261	0
260	261	1
260	261	2
260	261	3
260	261	4
260	262	0
260	262	1
260	262	2
260	262	3
260	262	4
260	263	0
260	263	1
260	263	2
260	263	3
260	263	4
260	264	0
260	264	1
260	264	2
260	264	3
260	264	4
261	262	0
261	262	1
261	262	2
261	262	3
261	262	4
261	263	0
261	263	1
261	263	2
261	263	3
261	263	4
261	264	0
261	264	1
261	264	2
261	264	3
261	264	4
262	263	0
262	263	1
262	263	2
262	263	3
262	263	4
262	264	0
262	264	1
262	264	2
262	264	3
262	264	4
263	264	0
263	264	1
263	264	2
263	264	3
263	264	4
261	265	0
261	265	1
261	265	2
261	265	3
261	265	4
261	266	0
261	266	1
261	266	2
261	266	3
261	266	4
261	267	0
261	267	1
261	267	2
261	267	3
261	267	4
262	265	0
262	265	1
262	265	2
262	265	3
262	265	4
262	266	0
262	266	1
262	266	2
262	266	3
262	266	4
262	267	0
262	267	1
262	267	2
262	267	3
262	267	4
263	265	0
263	265	1
263	265	2
263	265	3
263	265	4
263	266	0
263	266	1
263	266	2
263	266	3
263	266	4
263	267	0
263	267	1
263	267	2
263	267	3
263	267	4
264	265	0
264	265	1
264	265	2
264	265	3
264	265	4
264	266	0
264	266	1
264	266	2
264	266	3
264	266	4
264	267	0
264	267	1
264	267	2
264	267	3
264	267	4
265	266	0
265	266	1
265	266	2
265	266	3
265	266	4
265	267	0
265	267	1
265	267	2
265	267	3
265	267	4
266	267	0
266	267	1
266	267	2
266	267	3
266	267	4
265	268	0
265	268	1
265	268	2
265	268	3
265	268	4
265	269	0
265	269	1
265	269	2
265	269	3
265	269	4
266	268	0
266	268	1
266	268	2
266	268	3
266	268	4
266	269	0
266	269	1
266	269	2
266	269	3
266	269	4
267	268	0
267	268	1
267	268	2
267	268	3
267	268	4
267	269	0
267	269	1
267	269	2
267	269	3
267	269	4
268	269	0
268	269	1
268	269	2
268	269	3
268	269	4
268	270	0
268	270	1
268	270	2
268	270	3
268	270	4
269	270	0
269	270	1
269	270	2
269	270	3
269	270	4
270	271	0
270	271	1
270	271	2
270	271	3
270	271	4
270	272	0
270	272	1
270	272	2
270	272	3
270	272	4
270	273	0
270	273	1
270	273	2
270	273	3
270	273	4
271	272	0
271	272	1
271	272	2
271	272	3
271	272	4
271	273	0
271	273	1
271	273	2
271	273	3
271	273	4
272	273	0
272	273	1
272	273	2
272	273	3
272	273	4
271	274	0
271	274	1
271	274	2
271	274	3
271	274	4
271	275	0
271	275	1
271	275	2
271	275	3
271	275	4
271	276	0
271	276	1
271	276	2
271	276	3
271	276	4
271	277	0
271	277	1
271	277	2
271	277	3
271	277	4
271	278	0
271	278	1
271	278	2
271	278	3
271	278	4
271	279	0
271	279	1
271	279	2
271	279	3
271	279	4
272	274	0
272	274	1
272	274	2
272	274	3
272	274	4
272	275	0
272	275	1
272	275	2
272	275	3
272	275	4
272	276	0
272	276	1
272	276	2
272	276	3
272	276	4
272	277	0
272	277	1
272	277	2
272	277	3
272	277	4
272	278	0
272	278	1
272	278	2
272	278	3
272	278	4
272	279	0
272	279	1
272	279	2
272	279	3
272	279	4
273	274	0
273	274	1
273	274	2
273	274	3
273	274	4
273	275	0
273	275	1
273	275	2
273	275	3
273	275	4
273	276	0
273	276	1
273	276	2
273	276	3
273	276	4
273	277	0
273	277	1
273	277	2
273	277	3
273	277	4
273	278	0
273	278	1
273	278	2
273	278	3
273	278	4
273	279	0
273	279	1
273	279	2
273	279	3
273	279	4
274	275	0
274	275	1
274	275	2
274	275	3
274	275	4
274	276	0
274	276	1
274	276	2
274	276	3
274	276	4
274	277	0
274	277	1
274	277	2
274	277	3
274	277	4
274	278	0
274	278	1
274	278	2
274	278	3
274	278	4
274	279	0
274	279	1
274	279	2
274	279	3
274	279	4
275	276	0
275	276	1
275	276	2
275	276	3
275	276	4
275	277	0
275	277	1
275	277	2
275	277	3
275	277	4
275	278	0
275	278	1
275	278	2
275	278	3
275	278	4
275	279	0
275	279	1
275	279	2
275	279	3
275	279	4
276	277	0
276	277	1
276	277	2
276	277	3
276	277	4
276	278	0
276	278	1
276	278	2
276	278	3
276	278	4
276	279	0
276	279	1
276	279	2
276	279	3
276	279	4
277	278	0
277	278	1
277	278	2
277	278	3
277	278	4
277	279	0
277	279	1
277	279	2
277	279	3
277	279	4
278	279	0
278	279	1
278	279	2
278	279	3
278	279	4
274	280	0
274	280	1
274	280	2
274	280	3
274	280	4
274	281	0
274	281	1
274	281	2
274	281	3
274	281	4
274	282	0
274	282	1
274	282	2
274	282	3
274	282	4
274	283	0
274	283	1
274	283	2
274	283	3
274	283	4
274	284	0
274	284	1
274	284	2
274	284	3
274	284	4
274	285	0
274	285	1
274	285	2
274	285	3
274	285	4
275	280	0
275	280	1
275	280	2
275	280	3
275	280	4
275	281	0
275	281	1
275	281	2
275	281	3
275	281	4
275	282	0
275	282	1
275	282	2
275	282	3
275	282	4
275	283	0
275	283	1
275	283	2
275	283	3
275	283	4
275	284	0
275	284	1
275	284	2
275	284	3
275	284	4
275	285	0
275	285	1
275	285	2
275	285	3
275	285	4
276	280	0
276	280	1
276	280	2
276	280	3
276	280	4
276	281	0
276	281	1
276	281	2
276	281	3
276	281	4
276	282	0
276	282	1
276	282	2
276	282	3
276	282	4
276	283	0
276	283	1
276	283	2
276	283	3
276	283	4
276	284	0
276	284	1
276	284	2
276	284	3
276	284	4
276	285	0
276	285	1
276	285	2
276	285	3
276	285	4
277	280	0
277	280	1
277	280	2
277	280	3
277	280	4
277	281	0
277	281	1
277	281	2
277	281	3
277	281	4
277	282	0
277	282	1
277	282	2
277	282	3
277	282	4
277	283	0
277	283	1
277	283	2
277	283	3
277	283	4
277	284	0
277	284	1
277	284	2
277	284	3
277	284	4
277	285	0
277	285	1
277	285	2
277	285	3
277	285	4
278	280	0
278	280	1
278	280	2
278	280	3
278	280	4
278	281	0
278	281	1
278	281	2
278	281	3
278	281	4
278	282	0
278	282	1
278	282	2
278	282	3
278	282	4
278	283	0
278	283	1
278	283	2
278	283	3
278	283	4
278	284	0
278	284	1
278	284	2
278	284	3
278	284	4
278	285	0
278	285	1
278	285	2
278	285	3
278	285	4
279	280	0
279	280	1
279	280	2
279	280	3
279	280	4
279	281	0
279	281	1
279	281	2
279	281	3
279	281	4
279	282	0
279	282	1
279	282	2
279	282	3
279	282	4
279	283	0
279	283	1
279	283	2
279	283	3
279	283	4
279	284	0
279	284	1
279	284	2
279	284	3
279	284	4
279	285	0
279	285	1
279	285	2
279	285	3
279	285	4
280	281	0
280	281	1
280	281	2
280	281	3
280	281	4
280	282	0
280	282	1
280	282	2
280	282	3
280	282	4
280	283	0
280	283	1
280	283	2
280	283	3
280	283	4
280	284	0
280	284	1
280	284	2
280	284	3
280	284	4
280	285	0
280	285	1
280	285	2
280	285	3
280	285	4
281	282	0
281	282	1
281	282	2
281	282	3
281	282	4
281	283	0
281	283	1
281	283	2
281	283	3
281	283	4
281	284	0
281	284	1
281	284	2
281	284	3
281	284	4
281	285	0
281	285	1
281	285	2
281	285	3
281	285	4
282	283	0
282	283	1
282	283	2
282	283	3
282	283	4
282	284	0
282	284	1
282	284	2
282	284	3
282	284	4
282	285	0
282	285	1
282	285	2
282	285	3
282	285	4
283	284	0
283	284	1
283	284	2
283	284	3
283	284	4
283	285	0
283	285	1
283	285	2
283	285	3
283	285	4
284	285	0
284	285	1
284	285	2
284	285	3
284	285	4
280	286	0
280	286	1
280	286	2
280	286	3
280	286	4
280	287	0
280	287	1
280	287	2
280	287	3
280	287	4
281	286	0
281	286	1
281	286	2
281	286	3
281	286	4
281	287	0
281	287	1
281	287	2
281	287	3
281	287	4
282	286	0
282	286	1
282	286	2
282	286	3
282	286	4
282	287	0
282	287	1
282	287	2
282	287	3
282	287	4
283	286	0
283	286	1
283	286	2
283	286	3
283	286	4
283	287	0
283	287	1
283	287	2
283	287	3
283	287	4
284	286	0
284	286	1
284	286	2
284	286	3
284	286	4
284	287	0
284	287	1
284	287	2
284	287	3
284	287	4
285	286	0
285	286	1
285	286	2
285	286	3
285	286	4
285	287	0
285	287	1
285	287	2
285	287	3
285	287	4
286	287	0
286	287	1
286	287	2
286	287	3
286	287	4
286	288	0
286	288	1
286	288	2
286	288	3
286	288	4
286	289	0
286	289	1
286	289	2
286	289	3
286	289	4
286	290	0
286	290	1
286	290	2
286	290	3
286	290	4
286	291	0
286	291	1
286	291	2
286	291	3
286	291	4
286	292	0
286	292	1
286	292	2
286	292	3
286	292	4
287	288	0
287	288	1
287	288	2
287	288	3
287	288	4
287	289	0
287	289	1
287	289	2
287	289	3
287	289	4
287	290	0
287	290	1
287	290	2
287	290	3
287	290	4
287	291	0
287	291	1
287	291	2
287	291	3
287	291	4
287	292	0
287	292	1
287	292	2
287	292	3
287	292	4
288	289	0
288	289	1
288	289	2
288	289	3
288	289	4
288	290	0
288	290	1
288	290	2
288	290	3
288	290	4
288	291	0
288	291	1
288	291	2
288	291	3
288	291	4
288	292	0
288	292	1
288	292	2
288	292	3
288	292	4
289	290	0
289	290	1
289	290	2
289	290	3
289	290	4
289	291	0
289	291	1
289	291	2
289	291	3
289	291	4
289	292	0
289	292	1
289	292	2
289	292	3
289	292	4
290	291	0
290	291	1
290	291	2
290	291	3
290	291	4
290	292	0
290	292	1
290	292	2
290	292	3
290	292	4
291	292	0
291	292	1
291	292	2
291	292	3
291	292	4
288	293	0
288	293	1
288	293	2
288	293	3
288	293	4
288	294	0
288	294	1
288	294	2
288	294	3
288	294	4
289	293	0
289	293	1
289	293	2
289	293	3
289	293	4
289	294	0
289	294	1
289	294	2
289	294	3
289	294	4
290	293	0
290	293	1
290	293	2
290	293	3
290	293	4
290	294	0
290	294	1
290	294	2
290	294	3
290	294	4
291	293	0
291	293	1
291	293	2
291	293	3
291	293	4
291	294	0
291	294	1
291	294	2
291	294	3
291	294	4
292	293	0
292	293	1
292	293	2
292	293	3
292	293	4
292	294	0
292	294	1
292	294	2
292	294	3
292	294	4
293	294	0
293	294	1
293	294	2
293	294	3
293	294	4
293	295	0
293	295	1
293	295	2
293	295	3
293	295	4
293	296	0
293	296	1
293	296	2
293	296	3
293	296	4
293	297	0
293	297	1
293	297	2
293	297	3
293	297	4
294	295	0
294	295	1
294	295	2
294	295	3
294	295	4
294	296	0
294	296	1
294	296	2
294	296	3
294	296	4
294	297	0
294	297	1
294	297	2
294	297	3
294	297	4
295	296	0
295	296	1
295	296	2
295	296	3
295	296	4
295	297	0
295	297	1
295	297	2
295	297	3
295	297	4
296	297	0
296	297	1
296	297	2
296	297	3
296	297	4
295	298	0
295	298	1
295	298	2
295	298	3
295	298	4
295	299	0
295	299	1
295	299	2
295	299	3
295	299	4
296	298	0
296	298	1
296	298	2
296	298	3
296	298	4
296	299	0
296	299	1
296	299	2
296	299	3
296	299	4
297	298	0
297	298	1
297	298	2
297	298	3
297	298	4
297	299	0
297	299	1
297	299	2
297	299	3
297	299	4
298	299	0
298	299	1
298	299	2
298	299	3
298	299	4
298	300	0
298	300	1
298	300	2
298	300	3
298	300	4
298	301	0
298	301	1
298	301	2
298	301	3
298	301	4
298	302	0
298	302	1
298	302	2
298	302	3
298	302	4
298	303	0
298	303	1
298	303	2
298	303	3
298	303	4
299	300	0
299	300	1
299	300	2
299	300	3
299	300	4
299	301	0
299	301	1
299	301	2
299	301	3
299	301	4
299	302	0
299	302	1
299	302	2
299	302	3
299	302	4
299	303	0
299	303	1
299	303	2
299	303	3
299	303	4
300	301	0
300	301	1
300	301	2
300	301	3
300	301	4
300	302	0
300	302	1
300	302	2
300	302	3
300	302	4
300	303	0
300	303	1
300	303	2
300	303	3
300	303	4
301	302	0
301	302	1
301	302	2
301	302	3
301	302	4
301	303	0
301	303	1
301	303	2
301	303	3
301	303	4
302	303	0
302	303	1
302	303	2
302	303	3
302	303	4
300	304	0
300	304	1
300	304	2
300	304	3
300	304	4
301	304	0
301	304	1
301	304	2
301	304	3
301	304	4
302	304	0
302	304	1
302	304	2
302	304	3
302	304	4
303	304	0
303	304	1
303	304	2
303	304	3
303	304	4
304	305	0
304	305	1
304	305	2
304	305	3
304	305	4
304	306	0
304	306	1
304	306	2
304	306	3
304	306	4
304	307	0
304	307	1
304	307	2
304	307	3
304	307	4
305	306	0
305	306	1
305	306	2
305	306	3
305	306	4
305	307	0
305	307	1
305	307	2
305	307	3
305	307	4
306	307	0
306	307	1
306	307	2
306	307	3
306	307	4
305	308	0
305	308	1
305	308	2
305	308	3
305	308	4
305	309	0
305	309	1
305	309	2
305	309	3
305	309	4
305	310	0
305	310	1
305	310	2
305	310	3
305	310	4
306	308	0
306	308	1
306	308	2
306	308	3
306	308	4
306	309	0
306	309	1
306	309	2
306	309	3
306	309	4
306	310	0
306	310	1
306	310	2
306	310	3
306	310	4
307	308	0
307	308	1
307	308	2
307	308	3
307	308	4
307	309	0
307	309	1
307	309	2
307	309	3
307	309	4
307	310	0
307	310	1
307	310	2
307	310	3
307	310	4
308	309	0
308	309	1
308	309	2
308	309	3
308	309	4
308	310	0
308	310	1
308	310	2
308	310	3
308	310	4
309	310	0
309	310	1
309	310	2
309	310	3
309	310	4
308	311	0
308	311	1
308	311	2
308	311	3
308	311	4
308	312	0
308	312	1
308	312	2
308	312	3
308	312	4
309	311	0
309	311	1
309	311	2
309	311	3
309	311	4
309	312	0
309	312	1
309	312	2
309	312	3
309	312	4
310	311	0
310	311	1
310	311	2
310	311	3
310	311	4
310	312	0
310	312	1
310	312	2
310	312	3
310	312	4
311	312	0
311	312	1
311	312	2
311	312	3
311	312	4
311	313	0
311	313	1
311	313	2
311	313	3
311	313	4
312	313	0
312	313	1
312	313	2
312	313	3
312	313	4
313	314	0
313	314	1
313	314	2
313	314	3
313	314	4
313	315	0
313	315	1
313	315	2
313	315	3
313	315	4
314	315	0
314	315	1
314	315	2
314	315	3
314	315	4
314	316	0
314	316	1
314	316	2
314	316	3
314	316	4
314	317	0
314	317	1
314	317	2
314	317	3
314	317	4
314	318	0
314	318	1
314	318	2
314	318	3
314	318	4
315	316	0
315	316	1
315	316	2
315	316	3
315	316	4
315	317	0
315	317	1
315	317	2
315	317	3
315	317	4
315	318	0
315	318	1
315	318	2
315	318	3
315	318	4
316	317	0
316	317	1
316	317	2
316	317	3
316	317	4
316	318	0
316	318	1
316	318	2
316	318	3
316	318	4
317	318	0
317	318	1
317	318	2
317	318	3
317	318	4
316	319	0
316	319	1
316	319	2
316	319	3
316	319	4
316	320	0
316	320	1
316	320	2
316	320	3
316	320	4
316	321	0
316	321	1
316	321	2
316	321	3
316	321	4
316	322	0
316	322	1
316	322	2
316	322	3
316	322	4
317	319	0
317	319	1
317	319	2
317	319	3
317	319	4
317	320	0
317	320	1
317	320	2
317	320	3
317	320	4
317	321	0
317	321	1
317	321	2
317	321	3
317	321	4
317	322	0
317	322	1
317	322	2
317	322	3
317	322	4
318	319	0
318	319	1
318	319	2
318	319	3
318	319	4
318	320	0
318	320	1
318	320	2
318	320	3
318	320	4
318	321	0
318	321	1
318	321	2
318	321	3
318	321	4
318	322	0
318	322	1
318	322	2
318	322	3
318	322	4
319	320	0
319	320	1
319	320	2
319	320	3
319	320	4
319	321	0
319	321	1
319	321	2
319	321	3
319	321	4
319	322	0
319	322	1
319	322	2
319	322	3
319	322	4
320	321	0
320	321	1
320	321	2
320	321	3
320	321	4
320	322	0
320	322	1
320	322	2
320	322	3
320	322	4
321	322	0
321	322	1
321	322	2
321	322	3
321	322	4
319	323	0
319	323	1
319	323	2
319	323	3
319	323	4
320	323	0
320	323	1
320	323	2
320	323	3
320	323	4
321	323	0
321	323	1
321	323	2
321	323	3
321	323	4
322	323	0
322	323	1
322	323	2
322	323	3
322	323	4
324	325	0
324	325	1
324	325	2
324	325	3
324	325	4
324	326	0
324	326	1
324	326	2
324	326	3
324	326	4
324	327	0
324	327	1
324	327	2
324	327	3
324	327	4
324	328	0
324	328	1
324	328	2
324	328	3
324	328	4
324	329	0
324	329	1
324	329	2
324	329	3
324	329	4
325	326	0
325	326	1
325	326	2
325	326	3
325	326	4
325	327	0
325	327	1
325	327	2
325	327	3
325	327	4
325	328	0
325	328	1
325	328	2
325	328	3
325	328	4
325	329	0
325	329	1
325	329	2
325	329	3
325	329	4
326	327	0
326	327	1
326	327	2
326	327	3
326	327	4
326	328	0
326	328	1
326	328	2
326	328	3
326	328	4
326	329	0
326	329	1
326	329	2
326	329	3
326	329	4
327	328	0
327	328	1
327	328	2
327	328	3
327	328	4
327	329	0
327	329	1
327	329	2
327	329	3
327	329	4
328	329	0
328	329	1
328	329	2
328	329	3
328	329	4
324	330	0
324	330	1
324	330	2
324	330	3
324	330	4
324	331	0
324	331	1
324	331	2
324	331	3
324	331	4
324	332	0
324	332	1
324	332	2
324	332	3
324	332	4
324	333	0
324	333	1
324	333	2
324	333	3
324	333	4
324	334	0
324	334	1
324	334	2
324	334	3
324	334	4
324	335	0
324	335	1
324	335	2
324	335	3
324	335	4
324	336	0
324	336	1
324	336	2
324	336	3
324	336	4
324	337	0
324	337	1
324	337	2
324	337	3
324	337	4
324	338	0
324	338	1
324	338	2
324	338	3
324	338	4
324	339	0
324	339	1
324	339	2
324	339	3
324	339	4
325	330	0
325	330	1
325	330	2
325	330	3
325	330	4
325	331	0
325	331	1
325	331	2
325	331	3
325	331	4
325	332	0
325	332	1
325	332	2
325	332	3
325	332	4
325	333	0
325	333	1
325	333	2
325	333	3
325	333	4
325	334	0
325	334	1
325	334	2
325	334	3
325	334	4
325	335	0
325	335	1
325	335	2
325	335	3
325	335	4
325	336	0
325	336	1
325	336	2
325	336	3
325	336	4
325	337	0
325	337	1
325	337	2
325	337	3
325	337	4
325	338	0
325	338	1
325	338	2
325	338	3
325	338	4
325	339	0
325	339	1
325	339	2
325	339	3
325	339	4
326	330	0
326	330	1
326	330	2
326	330	3
326	330	4
326	331	0
326	331	1
326	331	2
326	331	3
326	331	4
326	332	0
326	332	1
326	332	2
326	332	3
326	332	4
326	333	0
326	333	1
326	333	2
326	333	3
326	333	4
326	334	0
326	334	1
326	334	2
326	334	3
326	334	4
326	335	0
326	335	1
326	335	2
326	335	3
326	335	4
326	336	0
326	336	1
326	336	2
326	336	3
326	336	4
326	337	0
326	337	1
326	337	2
326	337	3
326	337	4
326	338	0
326	338	1
326	338	2
326	338	3
326	338	4
326	339	0
326	339	1
326	339	2
326	339	3
326	339	4
327	330	0
327	330	1
327	330	2
327	330	3
327	330	4
327	331	0
327	331	1
327	331	2
327	331	3
327	331	4
327	332	0
327	332	1
327	332	2
327	332	3
327	332	4
327	333	0
327	333	1
327	333	2
327	333	3
327	333	4
327	334	0
327	334	1
327	334	2
327	334	3
327	334	4
327	335	0
327	335	1
327	335	2
327	335	3
327	335	4
327	336	0
327	336	1
327	336	2
327	336	3
327	336	4
327	337	0
327	337	1
327	337	2
327	337	3
327	337	4
327	338	0
327	338	1
327	338	2
327	338	3
327	338	4
327	339	0
327	339	1
327	339	2
327	339	3
327	339	4
328	330	0
328	330	1
328	330	2
328	330	3
328	330	4
328	331	0
328	331	1
328	331	2
328	331	3
328	331	4
328	332	0
328	332	1
328	332	2
328	332	3
328	332	4
328	333	0
328	333	1
328	333	2
328	333	3
328	333	4
328	334	0
328	334	1
328	334	2
328	334	3
328	334	4
328	335	0
328	335	1
328	335	2
328	335	3
328	335	4
328	336	0
328	336	1
328	336	2
328	336	3
328	336	4
328	337	0
328	337	1
328	337	2
328	337	3
328	337	4
328	338	0
328	338	1
328	338	2
328	338	3
328	338	4
328	339	0
328	339	1
328	339	2
328	339	3
328	339	4
329	330	0
329	330	1
329	330	2
329	330	3
329	330	4
329	331	0
329	331	1
329	331	2
329	331	3
329	331	4
329	332	0
329	332	1
329	332	2
329	332	3
329	332	4
329	333	0
329	333	1
329	333	2
329	333	3
329	333	4
329	334	0
329	334	1
329	334	2
329	334	3
329	334	4
329	335	0
329	335	1
329	335	2
329	335	3
329	335	4
329	336	0
329	336	1
329	336	2
329	336	3
329	336	4
329	337	0
329	337	1
329	337	2
329	337	3
329	337	4
329	338	0
329	338	1
329	338	2
329	338	3
329	338	4
329	339	0
329	339	1
329	339	2
329	339	3
329	339	4
330	331	0
330	331	1
330	331	2
330	331	3
330	331	4
330	332	0
330	332	1
330	332	2
330	332	3
330	332	4
330	333	0
330	333	1
330	333	2
330	333	3
330	333	4
330	334	0
330	334	1
330	334	2
330	334	3
330	334	4
330	335	0
330	335	1
330	335	2
330	335	3
330	335	4
330	336	0
330	336	1
330	336	2
330	336	3
330	336	4
330	337	0
330	337	1
330	337	2
330	337	3
330	337	4
330	338	0
330	338	1
330	338	2
330	338	3
330	338	4
330	339	0
330	339	1
330	339	2
330	339	3
330	339	4
331	332	0
331	332	1
331	332	2
331	332	3
331	332	4
331	333	0
331	333	1
331	333	2
331	333	3
331	333	4
331	334	0
331	334	1
331	334	2
331	334	3
331	334	4
331	335	0
331	335	1
331	335	2
331	335	3
331	335	4
331	336	0
331	336	1
331	336	2
331	336	3
331	336	4
331	337	0
331	337	1
331	337	2
331	337	3
331	337	4
331	338	0
331	338	1
331	338	2
331	338	3
331	338	4
331	339	0
331	339	1
331	339	2
331	339	3
331	339	4
332	333	0
332	333	1
332	333	2
332	333	3
332	333	4
332	334	0
332	334	1
332	334	2
332	334	3
332	334	4
332	335	0
332	335	1
332	335	2
332	335	3
332	335	4
332	336	0
332	336	1
332	336	2
332	336	3
332	336	4
332	337	0
332	337	1
332	337	2
332	337	3
332	337	4
332	338	0
332	338	1
332	338	2
332	338	3
332	338	4
332	339	0
332	339	1
332	339	2
332	339	3
332	339	4
333	334	0
333	334	1
333	334	2
333	334	3
333	334	4
333	335	0
333	335	1
333	335	2
333	335	3
333	335	4
333	336	0
333	336	1
333	336	2
333	336	3
333	336	4
333	337	0
333	337	1
333	337	2
333	337	3
333	337	4
333	338	0
333	338	1
333	338	2
333	338	3
333	338	4
333	339	0
333	339	1
333	339	2
333	339	3
333	339	4
334	335	0
334	335	1
334	335	2
334	335	3
334	335	4
334	336	0
334	336	1
334	336	2
334	336	3
334	336	4
334	337	0
334	337	1
334	337	2
334	337	3
334	337	4
334	338	0
334	338	1
334	338	2
334	338	3
334	338	4
334	339	0
334	339	1
334	339	2
334	339	3
334	339	4
335	336	0
335	336	1
335	336	2
335	336	3
335	336	4
335	337	0
335	337	1
335	337	2
335	337	3
335	337	4
335	338	0
335	338	1
335	338	2
335	338	3
335	338	4
335	339	0
335	339	1
335	339	2
335	339	3
335	339	4
336	337	0
336	337	1
336	337	2
336	337	3
336	337	4
336	338	0
336	338	1
336	338	2
336	338	3
336	338	4
336	339	0
336	339	1
336	339	2
336	339	3
336	339	4
337	338	0
337	338	1
337	338	2
337	338	3
337	338	4
337	339	0
337	339	1
337	339	2
337	339	3
337	339	4
338	339	0
338	339	1
338	339	2
338	339	3
338	339	4
330	340	0
330	340	1
330	340	2
330	340	3
330	340	4
330	341	0
330	341	1
330	341	2
330	341	3
330	341	4
330	342	0
330	342	1
330	342	2
330	342	3
330	342	4
330	343	0
330	343	1
330	343	2
330	343	3
330	343	4
331	340	0
331	340	1
331	340	2
331	340	3
331	340	4
331	341	0
331	341	1
331	341	2
331	341	3
331	341	4
331	342	0
331	342	1
331	342	2
331	342	3
331	342	4
331	343	0
331	343	1
331	343	2
331	343	3
331	343	4
332	340	0
332	340	1
332	340	2
332	340	3
332	340	4
332	341	0
332	341	1
332	341	2
332	341	3
332	341	4
332	342	0
332	342	1
332	342	2
332	342	3
332	342	4
332	343	0
332	343	1
332	343	2
332	343	3
332	343	4
333	340	0
333	340	1
333	340	2
333	340	3
333	340	4
333	341	0
333	341	1
333	341	2
333	341	3
333	341	4
333	342	0
333	342	1
333	342	2
333	342	3
333	342	4
333	343	0
333	343	1
333	343	2
333	343	3
333	343	4
334	340	0
334	340	1
334	340	2
334	340	3
334	340	4
334	341	0
334	341	1
334	341	2
334	341	3
334	341	4
334	342	0
334	342	1
334	342	2
334	342	3
334	342	4
334	343	0
334	343	1
334	343	2
334	343	3
334	343	4
335	340	0
335	340	1
335	340	2
335	340	3
335	340	4
335	341	0
335	341	1
335	341	2
335	341	3
335	341	4
335	342	0
335	342	1
335	342	2
335	342	3
335	342	4
335	343	0
335	343	1
335	343	2
335	343	3
335	343	4
336	340	0
336	340	1
336	340	2
336	340	3
336	340	4
336	341	0
336	341	1
336	341	2
336	341	3
336	341	4
336	342	0
336	342	1
336	342	2
336	342	3
336	342	4
336	343	0
336	343	1
336	343	2
336	343	3
336	343	4
337	340	0
337	340	1
337	340	2
337	340	3
337	340	4
337	341	0
337	341	1
337	341	2
337	341	3
337	341	4
337	342	0
337	342	1
337	342	2
337	342	3
337	342	4
337	343	0
337	343	1
337	343	2
337	343	3
337	343	4
338	340	0
338	340	1
338	340	2
338	340	3
338	340	4
338	341	0
338	341	1
338	341	2
338	341	3
338	341	4
338	342	0
338	342	1
338	342	2
338	342	3
338	342	4
338	343	0
338	343	1
338	343	2
338	343	3
338	343	4
339	340	0
339	340	1
339	340	2
339	340	3
339	340	4
339	341	0
339	341	1
339	341	2
339	341	3
339	341	4
339	342	0
339	342	1
339	342	2
339	342	3
339	342	4
339	343	0
339	343	1
339	343	2
339	343	3
339	343	4
340	341	0
340	341	1
340	341	2
340	341	3
340	341	4
340	342	0
340	342	1
340	342	2
340	342	3
340	342	4
340	343	0
340	343	1
340	343	2
340	343	3
340	343	4
341	342	0
341	342	1
341	342	2
341	342	3
341	342	4
341	343	0
341	343	1
341	343	2
341	343	3
341	343	4
342	343	0
342	343	1
342	343	2
342	343	3
342	343	4
340	344	0
340	344	1
340	344	2
340	344	3
340	344	4
340	345	0
340	345	1
340	345	2
340	345	3
340	345	4
340	346	0
340	346	1
340	346	2
340	346	3
340	346	4
340	347	0
340	347	1
340	347	2
340	347	3
340	347	4
340	348	0
340	348	1
340	348	2
340	348	3
340	348	4
341	344	0
341	344	1
341	344	2
341	344	3
341	344	4
341	345	0
341	345	1
341	345	2
341	345	3
341	345	4
341	346	0
341	346	1
341	346	2
341	346	3
341	346	4
341	347	0
341	347	1
341	347	2
341	347	3
341	347	4
341	348	0
341	348	1
341	348	2
341	348	3
341	348	4
342	344	0
342	344	1
342	344	2
342	344	3
342	344	4
342	345	0
342	345	1
342	345	2
342	345	3
342	345	4
342	346	0
342	346	1
342	346	2
342	346	3
342	346	4
342	347	0
342	347	1
342	347	2
342	347	3
342	347	4
342	348	0
342	348	1
342	348	2
342	348	3
342	348	4
343	344	0
343	344	1
343	344	2
343	344	3
343	344	4
343	345	0
343	345	1
343	345	2
343	345	3
343	345	4
343	346	0
343	346	1
343	346	2
343	346	3
343	346	4
343	347	0
343	347	1
343	347	2
343	347	3
343	347	4
343	348	0
343	348	1
343	348	2
343	348	3
343	348	4
344	345	0
344	345	1
344	345	2
344	345	3
344	345	4
344	346	0
344	346	1
344	346	2
344	346	3
344	346	4
344	347	0
344	347	1
344	347	2
344	347	3
344	347	4
344	348	0
344	348	1
344	348	2
344	348	3
344	348	4
345	346	0
345	346	1
345	346	2
345	346	3
345	346	4
345	347	0
345	347	1
345	347	2
345	347	3
345	347	4
345	348	0
345	348	1
345	348	2
345	348	3
345	348	4
346	347	0
346	347	1
346	347	2
346	347	3
346	347	4
346	348	0
346	348	1
346	348	2
346	348	3
346	348	4
347	348	0
347	348	1
347	348	2
347	348	3
347	348	4
344	349	0
344	349	1
344	349	2
344	349	3
344	349	4
345	349	0
345	349	1
345	349	2
345	349	3
345	349	4
346	349	0
346	349	1
346	349	2
346	349	3
346	349	4
347	349	0
347	349	1
347	349	2
347	349	3
347	349	4
348	349	0
348	349	1
348	349	2
348	349	3
348	349	4
349	350	0
349	350	1
349	350	2
349	350	3
349	350	4
349	351	0
349	351	1
349	351	2
349	351	3
349	351	4
349	352	0
349	352	1
349	352	2
349	352	3
349	352	4
349	353	0
349	353	1
349	353	2
349	353	3
349	353	4
350	351	0
350	351	1
350	351	2
350	351	3
350	351	4
350	352	0
350	352	1
350	352	2
350	352	3
350	352	4
350	353	0
350	353	1
350	353	2
350	353	3
350	353	4
351	352	0
351	352	1
351	352	2
351	352	3
351	352	4
351	353	0
351	353	1
351	353	2
351	353	3
351	353	4
352	353	0
352	353	1
352	353	2
352	353	3
352	353	4
350	354	0
350	354	1
350	354	2
350	354	3
350	354	4
350	355	0
350	355	1
350	355	2
350	355	3
350	355	4
350	356	0
350	356	1
350	356	2
350	356	3
350	356	4
350	357	0
350	357	1
350	357	2
350	357	3
350	357	4
351	354	0
351	354	1
351	354	2
351	354	3
351	354	4
351	355	0
351	355	1
351	355	2
351	355	3
351	355	4
351	356	0
351	356	1
351	356	2
351	356	3
351	356	4
351	357	0
351	357	1
351	357	2
351	357	3
351	357	4
352	354	0
352	354	1
352	354	2
352	354	3
352	354	4
352	355	0
352	355	1
352	355	2
352	355	3
352	355	4
352	356	0
352	356	1
352	356	2
352	356	3
352	356	4
352	357	0
352	357	1
352	357	2
352	357	3
352	357	4
353	354	0
353	354	1
353	354	2
353	354	3
353	354	4
353	355	0
353	355	1
353	355	2
353	355	3
353	355	4
353	356	0
353	356	1
353	356	2
353	356	3
353	356	4
353	357	0
353	357	1
353	357	2
353	357	3
353	357	4
354	355	0
354	355	1
354	355	2
354	355	3
354	355	4
354	356	0
354	356	1
354	356	2
354	356	3
354	356	4
354	357	0
354	357	1
354	357	2
354	357	3
354	357	4
355	356	0
355	356	1
355	356	2
355	356	3
355	356	4
355	357	0
355	357	1
355	357	2
355	357	3
355	357	4
356	357	0
356	357	1
356	357	2
356	357	3
356	357	4
354	358	0
354	358	1
354	358	2
354	358	3
354	358	4
354	359	0
354	359	1
354	359	2
354	359	3
354	359	4
355	358	0
355	358	1
355	358	2
355	358	3
355	358	4
355	359	0
355	359	1
355	359	2
355	359	3
355	359	4
356	358	0
356	358	1
356	358	2
356	358	3
356	358	4
356	359	0
356	359	1
356	359	2
356	359	3
356	359	4
357	358	0
357	358	1
357	358	2
357	358	3
357	358	4
357	359	0
357	359	1
357	359	2
357	359	3
357	359	4
358	359	0
358	359	1
358	359	2
358	359	3
358	359	4
358	360	0
358	360	1
358	360	2
358	360	3
358	360	4
358	361	0
358	361	1
358	361	2
358	361	3
358	361	4
358	362	0
358	362	1
358	362	2
358	362	3
358	362	4
359	360	0
359	360	1
359	360	2
359	360	3
359	360	4
359	361	0
359	361	1
359	361	2
359	361	3
359	361	4
359	362	0
359	362	1
359	362	2
359	362	3
359	362	4
360	361	0
360	361	1
360	361	2
360	361	3
360	361	4
360	362	0
360	362	1
360	362	2
360	362	3
360	362	4
361	362	0
361	362	1
361	362	2
361	362	3
361	362	4
360	363	0
360	363	1
360	363	2
360	363	3
360	363	4
360	364	0
360	364	1
360	364	2
360	364	3
360	364	4
361	363	0
361	363	1
361	363	2
361	363	3
361	363	4
361	364	0
361	364	1
361	364	2
361	364	3
361	364	4
362	363	0
362	363	1
362	363	2
362	363	3
362	363	4
362	364	0
362	364	1
362	364	2
362	364	3
362	364	4
363	364	0
363	364	1
363	364	2
363	364	3
363	364	4
363	365	0
363	365	1
363	365	2
363	365	3
363	365	4
363	366	0
363	366	1
363	366	2
363	366	3
363	366	4
363	367	0
363	367	1
363	367	2
363	367	3
363	367	4
363	368	0
363	368	1
363	368	2
363	368	3
363	368	4
363	369	0
363	369	1
363	369	2
363	369	3
363	369	4
364	365	0
364	365	1
364	365	2
364	365	3
364	365	4
364	366	0
364	366	1
364	366	2
364	366	3
364	366	4
364	367	0
364	367	1
364	367	2
364	367	3
364	367	4
364	368	0
364	368	1
364	368	2
364	368	3
364	368	4
364	369	0
364	369	1
364	369	2
364	369	3
364	369	4
365	366	0
365	366	1
365	366	2
365	366	3
365	366	4
365	367	0
365	367	1
365	367	2
365	367	3
365	367	4
365	368	0
365	368	1
365	368	2
365	368	3
365	368	4
365	369	0
365	369	1
365	369	2
365	369	3
365	369	4
366	367	0
366	367	1
366	367	2
366	367	3
366	367	4
366	368	0
366	368	1
366	368	2
366	368	3
366	368	4
366	369	0
366	369	1
366	369	2
366	369	3
366	369	4
367	368	0
367	368	1
367	368	2
367	368	3
367	368	4
367	369	0
367	369	1
367	369	2
367	369	3
367	369	4
368	369	0
368	369	1
368	369	2
368	369	3
368	369	4
365	370	0
365	370	1
365	370	2
365	370	3
365	370	4
365	371	0
365	371	1
365	371	2
365	371	3
365	371	4
365	372	0
365	372	1
365	372	2
365	372	3
365	372	4
366	370	0
366	370	1
366	370	2
366	370	3
366	370	4
366	371	0
366	371	1
366	371	2
366	371	3
366	371	4
366	372	0
366	372	1
366	372	2
366	372	3
366	372	4
367	370	0
367	370	1
367	370	2
367	370	3
367	370	4
367	371	0
367	371	1
367	371	2
367	371	3
367	371	4
367	372	0
367	372	1
367	372	2
367	372	3
367	372	4
368	370	0
368	370	1
368	370	2
368	370	3
368	370	4
368	371	0
368	371	1
368	371	2
368	371	3
368	371	4
368	372	0
368	372	1
368	372	2
368	372	3
368	372	4
369	370	0
369	370	1
369	370	2
369	370	3
369	370	4
369	371	0
369	371	1
369	371	2
369	371	3
369	371	4
369	372	0
369	372	1
369	372	2
369	372	3
369	372	4
370	371	0
370	371	1
370	371	2
370	371	3
370	371	4
370	372	0
370	372	1
370	372	2
370	372	3
370	372	4
371	372	0
371	372	1
371	372	2
371	372	3
371	372	4
373	374	0
373	374	1
373	374	2
373	374	3
373	374	4
373	375	0
373	375	1
373	375	2
373	375	3
373	375	4
373	376	0
373	376	1
373	376	2
373	376	3
373	376	4
373	377	0
373	377	1
373	377	2
373	377	3
373	377	4
374	375	0
374	375	1
374	375	2
374	375	3
374	375	4
374	376	0
374	376	1
374	376	2
374	376	3
374	376	4
374	377	0
374	377	1
374	377	2
374	377	3
374	377	4
375	376	0
375	376	1
375	376	2
375	376	3
375	376	4
375	377	0
375	377	1
375	377	2
375	377	3
375	377	4
376	377	0
376	377	1
376	377	2
376	377	3
376	377	4
375	378	0
375	378	1
375	378	2
375	378	3
375	378	4
375	379	0
375	379	1
375	379	2
375	379	3
375	379	4
375	380	0
375	380	1
375	380	2
375	380	3
375	380	4
376	378	0
376	378	1
376	378	2
376	378	3
376	378	4
376	379	0
376	379	1
376	379	2
376	379	3
376	379	4
376	380	0
376	380	1
376	380	2
376	380	3
376	380	4
377	378	0
377	378	1
377	378	2
377	378	3
377	378	4
377	379	0
377	379	1
377	379	2
377	379	3
377	379	4
377	380	0
377	380	1
377	380	2
377	380	3
377	380	4
378	379	0
378	379	1
378	379	2
378	379	3
378	379	4
378	380	0
378	380	1
378	380	2
378	380	3
378	380	4
379	380	0
379	380	1
379	380	2
379	380	3
379	380	4
378	381	0
378	381	1
378	381	2
378	381	3
378	381	4
378	382	0
378	382	1
378	382	2
378	382	3
378	382	4
378	383	0
378	383	1
378	383	2
378	383	3
378	383	4
378	384	0
378	384	1
378	384	2
378	384	3
378	384	4
378	385	0
378	385	1
378	385	2
378	385	3
378	385	4
379	381	0
379	381	1
379	381	2
379	381	3
379	381	4
379	382	0
379	382	1
379	382	2
379	382	3
379	382	4
379	383	0
379	383	1
379	383	2
379	383	3
379	383	4
379	384	0
379	384	1
379	384	2
379	384	3
379	384	4
379	385	0
379	385	1
379	385	2
379	385	3
379	385	4
380	381	0
380	381	1
380	381	2
380	381	3
380	381	4
380	382	0
380	382	1
380	382	2
380	382	3
380	382	4
380	383	0
380	383	1
380	383	2
380	383	3
380	383	4
380	384	0
380	384	1
380	384	2
380	384	3
380	384	4
380	385	0
380	385	1
380	385	2
380	385	3
380	385	4
381	382	0
381	382	1
381	382	2
381	382	3
381	382	4
381	383	0
381	383	1
381	383	2
381	383	3
381	383	4
381	384	0
381	384	1
381	384	2
381	384	3
381	384	4
381	385	0
381	385	1
381	385	2
381	385	3
381	385	4
382	383	0
382	383	1
382	383	2
382	383	3
382	383	4
382	384	0
382	384	1
382	384	2
382	384	3
382	384	4
382	385	0
382	385	1
382	385	2
382	385	3
382	385	4
383	384	0
383	384	1
383	384	2
383	384	3
383	384	4
383	385	0
383	385	1
383	385	2
383	385	3
383	385	4
384	385	0
384	385	1
384	385	2
384	385	3
384	385	4
381	386	0
381	386	1
381	386	2
381	386	3
381	386	4
381	387	0
381	387	1
381	387	2
381	387	3
381	387	4
381	388	0
381	388	1
381	388	2
381	388	3
381	388	4
381	389	0
381	389	1
381	389	2
381	389	3
381	389	4
381	390	0
381	390	1
381	390	2
381	390	3
381	390	4
381	391	0
381	391	1
381	391	2
381	391	3
381	391	4
381	392	0
381	392	1
381	392	2
381	392	3
381	392	4
382	386	0
382	386	1
382	386	2
382	386	3
382	386	4
382	387	0
382	387	1
382	387	2
382	387	3
382	387	4
382	388	0
382	388	1
382	388	2
382	388	3
382	388	4
382	389	0
382	389	1
382	389	2
382	389	3
382	389	4
382	390	0
382	390	1
382	390	2
382	390	3
382	390	4
382	391	0
382	391	1
382	391	2
382	391	3
382	391	4
382	392	0
382	392	1
382	392	2
382	392	3
382	392	4
383	386	0
383	386	1
383	386	2
383	386	3
383	386	4
383	387	0
383	387	1
383	387	2
383	387	3
383	387	4
383	388	0
383	388	1
383	388	2
383	388	3
383	388	4
383	389	0
383	389	1
383	389	2
383	389	3
383	389	4
383	390	0
383	390	1
383	390	2
383	390	3
383	390	4
383	391	0
383	391	1
383	391	2
383	391	3
383	391	4
383	392	0
383	392	1
383	392	2
383	392	3
383	392	4
384	386	0
384	386	1
384	386	2
384	386	3
384	386	4
384	387	0
384	387	1
384	387	2
384	387	3
384	387	4
384	388	0
384	388	1
384	388	2
384	388	3
384	388	4
384	389	0
384	389	1
384	389	2
384	389	3
384	389	4
384	390	0
384	390	1
384	390	2
384	390	3
384	390	4
384	391	0
384	391	1
384	391	2
384	391	3
384	391	4
384	392	0
384	392	1
384	392	2
384	392	3
384	392	4
385	386	0
385	386	1
385	386	2
385	386	3
385	386	4
385	387	0
385	387	1
385	387	2
385	387	3
385	387	4
385	388	0
385	388	1
385	388	2
385	388	3
385	388	4
385	389	0
385	389	1
385	389	2
385	389	3
385	389	4
385	390	0
385	390	1
385	390	2
385	390	3
385	390	4
385	391	0
385	391	1
385	391	2
385	391	3
385	391	4
385	392	0
385	392	1
385	392	2
385	392	3
385	392	4
386	387	0
386	387	1
386	387	2
386	387	3
386	387	4
386	388	0
386	388	1
386	388	2
386	388	3
386	388	4
386	389	0
386	389	1
386	389	2
386	389	3
386	389	4
386	390	0
386	390	1
386	390	2
386	390	3
386	390	4
386	391	0
386	391	1
386	391	2
386	391	3
386	391	4
386	392	0
386	392	1
386	392	2
386	392	3
386	392	4
387	388	0
387	388	1
387	388	2
387	388	3
387	388	4
387	389	0
387	389	1
387	389	2
387	389	3
387	389	4
387	390	0
387	390	1
387	390	2
387	390	3
387	390	4
387	391	0
387	391	1
387	391	2
387	391	3
387	391	4
387	392	0
387	392	1
387	392	2
387	392	3
387	392	4
388	389	0
388	389	1
388	389	2
388	389	3
388	389	4
388	390	0
388	390	1
388	390	2
388	390	3
388	390	4
388	391	0
388	391	1
388	391	2
388	391	3
388	391	4
388	392	0
388	392	1
388	392	2
388	392	3
388	392	4
389	390	0
389	390	1
389	390	2
389	390	3
389	390	4
389	391	0
389	391	1
389	391	2
389	391	3
389	391	4
389	392	0
389	392	1
389	392	2
389	392	3
389	392	4
390	391	0
390	391	1
390	391	2
390	391	3
390	391	4
390	392	0
390	392	1
390	392	2
390	392	3
390	392	4
391	392	0
391	392	1
391	392	2
391	392	3
391	392	4
386	393	0
386	393	1
386	393	2
386	393	3
386	393	4
386	394	0
386	394	1
386	394	2
386	394	3
386	394	4
387	393	0
387	393	1
387	393	2
387	393	3
387	393	4
387	394	0
387	394	1
387	394	2
387	394	3
387	394	4
388	393	0
388	393	1
388	393	2
388	393	3
388	393	4
388	394	0
388	394	1
388	394	2
388	394	3
388	394	4
389	393	0
389	393	1
389	393	2
389	393	3
389	393	4
389	394	0
389	394	1
389	394	2
389	394	3
389	394	4
390	393	0
390	393	1
390	393	2
390	393	3
390	393	4
390	394	0
390	394	1
390	394	2
390	394	3
390	394	4
391	393	0
391	393	1
391	393	2
391	393	3
391	393	4
391	394	0
391	394	1
391	394	2
391	394	3
391	394	4
392	393	0
392	393	1
392	393	2
392	393	3
392	393	4
392	394	0
392	394	1
392	394	2
392	394	3
392	394	4
393	394	0
393	394	1
393	394	2
393	394	3
393	394	4
393	395	0
393	395	1
393	395	2
393	395	3
393	395	4
393	396	0
393	396	1
393	396	2
393	396	3
393	396	4
393	397	0
393	397	1
393	397	2
393	397	3
393	397	4
393	398	0
393	398	1
393	398	2
393	398	3
393	398	4
393	399	0
393	399	1
393	399	2
393	399	3
393	399	4
394	395	0
394	395	1
394	395	2
394	395	3
394	395	4
394	396	0
394	396	1
394	396	2
394	396	3
394	396	4
394	397	0
394	397	1
394	397	2
394	397	3
394	397	4
394	398	0
394	398	1
394	398	2
394	398	3
394	398	4
394	399	0
394	399	1
394	399	2
394	399	3
394	399	4
395	396	0
395	396	1
395	396	2
395	396	3
395	396	4
395	397	0
395	397	1
395	397	2
395	397	3
395	397	4
395	398	0
395	398	1
395	398	2
395	398	3
395	398	4
395	399	0
395	399	1
395	399	2
395	399	3
395	399	4
396	397	0
396	397	1
396	397	2
396	397	3
396	397	4
396	398	0
396	398	1
396	398	2
396	398	3
396	398	4
396	399	0
396	399	1
396	399	2
396	399	3
396	399	4
397	398	0
397	398	1
397	398	2
397	398	3
397	398	4
397	399	0
397	399	1
397	399	2
397	399	3
397	399	4
398	399	0
398	399	1
398	399	2
398	399	3
398	399	4
395	400	0
395	400	1
395	400	2
395	400	3
395	400	4
395	401	0
395	401	1
395	401	2
395	401	3
395	401	4
396	400	0
396	400	1
396	400	2
396	400	3
396	400	4
396	401	0
396	401	1
396	401	2
396	401	3
396	401	4
397	400	0
397	400	1
397	400	2
397	400	3
397	400	4
397	401	0
397	401	1
397	401	2
397	401	3
397	401	4
398	400	0
398	400	1
398	400	2
398	400	3
398	400	4
398	401	0
398	401	1
398	401	2
398	401	3
398	401	4
399	400	0
399	400	1
399	400	2
399	400	3
399	400	4
399	401	0
399	401	1
399	401	2
399	401	3
399	401	4
400	401	0
400	401	1
400	401	2
400	401	3
400	401	4
400	402	0
400	402	1
400	402	2
400	402	3
400	402	4
400	403	0
400	403	1
400	403	2
400	403	3
400	403	4
400	404	0
400	404	1
400	404	2
400	404	3
400	404	4
400	405	0
400	405	1
400	405	2
400	405	3
400	405	4
401	402	0
401	402	1
401	402	2
401	402	3
401	402	4
401	403	0
401	403	1
401	403	2
401	403	3
401	403	4
401	404	0
401	404	1
401	404	2
401	404	3
401	404	4
401	405	0
401	405	1
401	405	2
401	405	3
401	405	4
402	403	0
402	403	1
402	403	2
402	403	3
402	403	4
402	404	0
402	404	1
402	404	2
402	404	3
402	404	4
402	405	0
402	405	1
402	405	2
402	405	3
402	405	4
403	404	0
403	404	1
403	404	2
403	404	3
403	404	4
403	405	0
403	405	1
403	405	2
403	405	3
403	405	4
404	405	0
404	405	1
404	405	2
404	405	3
404	405	4
402	406	0
402	406	1
402	406	2
402	406	3
402	406	4
402	407	0
402	407	1
402	407	2
402	407	3
402	407	4
402	408	0
402	408	1
402	408	2
402	408	3
402	408	4
403	406	0
403	406	1
403	406	2
403	406	3
403	406	4
403	407	0
403	407	1
403	407	2
403	407	3
403	407	4
403	408	0
403	408	1
403	408	2
403	408	3
403	408	4
404	406	0
404	406	1
404	406	2
404	406	3
404	406	4
404	407	0
404	407	1
404	407	2
404	407	3
404	407	4
404	408	0
404	408	1
404	408	2
404	408	3
404	408	4
405	406	0
405	406	1
405	406	2
405	406	3
405	406	4
405	407	0
405	407	1
405	407	2
405	407	3
405	407	4
405	408	0
405	408	1
405	408	2
405	408	3
405	408	4
406	407	0
406	407	1
406	407	2
406	407	3
406	407	4
406	408	0
406	408	1
406	408	2
406	408	3
406	408	4
407	408	0
407	408	1
407	408	2
407	408	3
407	408	4
406	409	0
406	409	1
406	409	2
406	409	3
406	409	4
406	410	0
406	410	1
406	410	2
406	410	3
406	410	4
407	409	0
407	409	1
407	409	2
407	409	3
407	409	4
407	410	0
407	410	1
407	410	2
407	410	3
407	410	4
408	409	0
408	409	1
408	409	2
408	409	3
408	409	4
408	410	0
408	410	1
408	410	2
408	410	3
408	410	4
409	410	0
409	410	1
409	410	2
409	410	3
409	410	4
409	411	0
409	411	1
409	411	2
409	411	3
409	411	4
410	411	0
410	411	1
410	411	2
410	411	3
410	411	4
411	412	0
411	412	1
411	412	2
411	412	3
411	412	4
412	413	0
412	413	1
412	413	2
412	413	3
412	413	4
413	414	0
413	414	1
413	414	2
413	414	3
413	414	4
414	415	0
414	415	1
414	415	2
414	415	3
414	415	4
414	416	0
414	416	1
414	416	2
414	416	3
414	416	4
414	417	0
414	417	1
414	417	2
414	417	3
414	417	4
414	418	0
414	418	1
414	418	2
414	418	3
414	418	4
414	419	0
414	419	1
414	419	2
414	419	3
414	419	4
415	416	0
415	416	1
415	416	2
415	416	3
415	416	4
415	417	0
415	417	1
415	417	2
415	417	3
415	417	4
415	418	0
415	418	1
415	418	2
415	418	3
415	418	4
415	419	0
415	419	1
415	419	2
415	419	3
415	419	4
416	417	0
416	417	1
416	417	2
416	417	3
416	417	4
416	418	0
416	418	1
416	418	2
416	418	3
416	418	4
416	419	0
416	419	1
416	419	2
416	419	3
416	419	4
417	418	0
417	418	1
417	418	2
417	418	3
417	418	4
417	419	0
417	419	1
417	419	2
417	419	3
417	419	4
418	419	0
418	419	1
418	419	2
418	419	3
418	419	4
415	420	0
415	420	1
415	420	2
415	420	3
415	420	4
415	421	0
415	421	1
415	421	2
415	421	3
415	421	4
416	420	0
416	420	1
416	420	2
416	420	3
416	420	4
416	421	0
416	421	1
416	421	2
416	421	3
416	421	4
417	420	0
417	420	1
417	420	2
417	420	3
417	420	4
417	421	0
417	421	1
417	421	2
417	421	3
417	421	4
418	420	0
418	420	1
418	420	2
418	420	3
418	420	4
418	421	0
418	421	1
418	421	2
418	421	3
418	421	4
419	420	0
419	420	1
419	420	2
419	420	3
419	420	4
419	421	0
419	421	1
419	421	2
419	421	3
419	421	4
420	421	0
420	421	1
420	421	2
420	421	3
420	421	4
420	422	0
420	422	1
420	422	2
420	422	3
420	422	4
420	423	0
420	423	1
420	423	2
420	423	3
420	423	4
420	424	0
420	424	1
420	424	2
420	424	3
420	424	4
420	425	0
420	425	1
420	425	2
420	425	3
420	425	4
421	422	0
421	422	1
421	422	2
421	422	3
421	422	4
421	423	0
421	423	1
421	423	2
421	423	3
421	423	4
421	424	0
421	424	1
421	424	2
421	424	3
421	424	4
421	425	0
421	425	1
421	425	2
421	425	3
421	425	4
422	423	0
422	423	1
422	423	2
422	423	3
422	423	4
422	424	0
422	424	1
422	424	2
422	424	3
422	424	4
422	425	0
422	425	1
422	425	2
422	425	3
422	425	4
423	424	0
423	424	1
423	424	2
423	424	3
423	424	4
423	425	0
423	425	1
423	425	2
423	425	3
423	425	4
424	425	0
424	425	1
424	425	2
424	425	3
424	425	4
422	426	0
422	426	1
422	426	2
422	426	3
422	426	4
422	427	0
422	427	1
422	427	2
422	427	3
422	427	4
422	428	0
422	428	1
422	428	2
422	428	3
422	428	4
423	426	0
423	426	1
423	426	2
423	426	3
423	426	4
423	427	0
423	427	1
423	427	2
423	427	3
423	427	4
423	428	0
423	428	1
423	428	2
423	428	3
423	428	4
424	426	0
424	426	1
424	426	2
424	426	3
424	426	4
424	427	0
424	427	1
424	427	2
424	427	3
424	427	4
424	428	0
424	428	1
424	428	2
424	428	3
424	428	4
425	426	0
425	426	1
425	426	2
425	426	3
425	426	4
425	427	0
425	427	1
425	427	2
425	427	3
425	427	4
425	428	0
425	428	1
425	428	2
425	428	3
425	428	4
426	427	0
426	427	1
426	427	2
426	427	3
426	427	4
426	428	0
426	428	1
426	428	2
426	428	3
426	428	4
427	428	0
427	428	1
427	428	2
427	428	3
427	428	4
426	429	0
426	429	1
426	429	2
426	429	3
426	429	4
426	430	0
426	430	1
426	430	2
426	430	3
426	430	4
427	429	0
427	429	1
427	429	2
427	429	3
427	429	4
427	430	0
427	430	1
427	430	2
427	430	3
427	430	4
428	429	0
428	429	1
428	429	2
428	429	3
428	429	4
428	430	0
428	430	1
428	430	2
428	430	3
428	430	4
429	430	0
429	430	1
429	430	2
429	430	3
429	430	4
429	431	0
429	431	1
429	431	2
429	431	3
429	431	4
429	432	0
429	432	1
429	432	2
429	432	3
429	432	4
429	433	0
429	433	1
429	433	2
429	433	3
429	433	4
430	431	0
430	431	1
430	431	2
430	431	3
430	431	4
430	432	0
430	432	1
430	432	2
430	432	3
430	432	4
430	433	0
430	433	1
430	433	2
430	433	3
430	433	4
431	432	0
431	432	1
431	432	2
431	432	3
431	432	4
431	433	0
431	433	1
431	433	2
431	433	3
431	433	4
432	433	0
432	433	1
432	433	2
432	433	3
432	433	4
434	435	0
434	435	1
434	435	2
434	435	3
434	435	4
434	436	0
434	436	1
434	436	2
434	436	3
434	436	4
434	437	0
434	437	1
434	437	2
434	437	3
434	437	4
435	436	0
435	436	1
435	436	2
435	436	3
435	436	4
435	437	0
435	437	1
435	437	2
435	437	3
435	437	4
436	437	0
436	437	1
436	437	2
436	437	3
436	437	4
434	438	0
434	438	1
434	438	2
434	438	3
434	438	4
434	439	0
434	439	1
434	439	2
434	439	3
434	439	4
434	440	0
434	440	1
434	440	2
434	440	3
434	440	4
434	441	0
434	441	1
434	441	2
434	441	3
434	441	4
434	442	0
434	442	1
434	442	2
434	442	3
434	442	4
435	438	0
435	438	1
435	438	2
435	438	3
435	438	4
435	439	0
435	439	1
435	439	2
435	439	3
435	439	4
435	440	0
435	440	1
435	440	2
435	440	3
435	440	4
435	441	0
435	441	1
435	441	2
435	441	3
435	441	4
435	442	0
435	442	1
435	442	2
435	442	3
435	442	4
436	438	0
436	438	1
436	438	2
436	438	3
436	438	4
436	439	0
436	439	1
436	439	2
436	439	3
436	439	4
436	440	0
436	440	1
436	440	2
436	440	3
436	440	4
436	441	0
436	441	1
436	441	2
436	441	3
436	441	4
436	442	0
436	442	1
436	442	2
436	442	3
436	442	4
437	438	0
437	438	1
437	438	2
437	438	3
437	438	4
437	439	0
437	439	1
437	439	2
437	439	3
437	439	4
437	440	0
437	440	1
437	440	2
437	440	3
437	440	4
437	441	0
437	441	1
437	441	2
437	441	3
437	441	4
437	442	0
437	442	1
437	442	2
437	442	3
437	442	4
438	439	0
438	439	1
438	439	2
438	439	3
438	439	4
438	440	0
438	440	1
438	440	2
438	440	3
438	440	4
438	441	0
438	441	1
438	441	2
438	441	3
438	441	4
438	442	0
438	442	1
438	442	2
438	442	3
438	442	4
439	440	0
439	440	1
439	440	2
439	440	3
439	440	4
439	441	0
439	441	1
439	441	2
439	441	3
439	441	4
439	442	0
439	442	1
439	442	2
439	442	3
439	442	4
440	441	0
440	441	1
440	441	2
440	441	3
440	441	4
440	442	0
440	442	1
440	442	2
440	442	3
440	442	4
441	442	0
441	442	1
441	442	2
441	442	3
441	442	4
438	443	0
438	443	1
438	443	2
438	443	3
438	443	4
438	444	0
438	444	1
438	444	2
438	444	3
438	444	4
439	443	0
439	443	1
439	443	2
439	443	3
439	443	4
439	444	0
439	444	1
439	444	2
439	444	3
439	444	4
440	443	0
440	443	1
440	443	2
440	443	3
440	443	4
440	444	0
440	444	1
440	444	2
440	444	3
440	444	4
441	443	0
441	443	1
441	443	2
441	443	3
441	443	4
441	444	0
441	444	1
441	444	2
441	444	3
441	444	4
442	443	0
442	443	1
442	443	2
442	443	3
442	443	4
442	444	0
442	444	1
442	444	2
442	444	3
442	444	4
443	444	0
443	444	1
443	444	2
443	444	3
443	444	4
443	445	0
443	445	1
443	445	2
443	445	3
443	445	4
444	445	0
444	445	1
444	445	2
444	445	3
444	445	4
445	446	0
445	446	1
445	446	2
445	446	3
445	446	4
446	447	0
446	447	1
446	447	2
446	447	3
446	447	4
446	448	0
446	448	1
446	448	2
446	448	3
446	448	4
446	449	0
446	449	1
446	449	2
446	449	3
446	449	4
447	448	0
447	448	1
447	448	2
447	448	3
447	448	4
447	449	0
447	449	1
447	449	2
447	449	3
447	449	4
448	449	0
448	449	1
448	449	2
448	449	3
448	449	4
447	450	0
447	450	1
447	450	2
447	450	3
447	450	4
447	451	0
447	451	1
447	451	2
447	451	3
447	451	4
447	452	0
447	452	1
447	452	2
447	452	3
447	452	4
448	450	0
448	450	1
448	450	2
448	450	3
448	450	4
448	451	0
448	451	1
448	451	2
448	451	3
448	451	4
448	452	0
448	452	1
448	452	2
448	452	3
448	452	4
449	450	0
449	450	1
449	450	2
449	450	3
449	450	4
449	451	0
449	451	1
449	451	2
449	451	3
449	451	4
449	452	0
449	452	1
449	452	2
449	452	3
449	452	4
450	451	0
450	451	1
450	451	2
450	451	3
450	451	4
450	452	0
450	452	1
450	452	2
450	452	3
450	452	4
451	452	0
451	452	1
451	452	2
451	452	3
451	452	4
450	453	0
450	453	1
450	453	2
450	453	3
450	453	4
450	454	0
450	454	1
450	454	2
450	454	3
450	454	4
450	455	0
450	455	1
450	455	2
450	455	3
450	455	4
451	453	0
451	453	1
451	453	2
451	453	3
451	453	4
451	454	0
451	454	1
451	454	2
451	454	3
451	454	4
451	455	0
451	455	1
451	455	2
451	455	3
451	455	4
452	453	0
452	453	1
452	453	2
452	453	3
452	453	4
452	454	0
452	454	1
452	454	2
452	454	3
452	454	4
452	455	0
452	455	1
452	455	2
452	455	3
452	455	4
453	454	0
453	454	1
453	454	2
453	454	3
453	454	4
453	455	0
453	455	1
453	455	2
453	455	3
453	455	4
454	455	0
454	455	1
454	455	2
454	455	3
454	455	4
453	456	0
453	456	1
453	456	2
453	456	3
453	456	4
453	457	0
453	457	1
453	457	2
453	457	3
453	457	4
454	456	0
454	456	1
454	456	2
454	456	3
454	456	4
454	457	0
454	457	1
454	457	2
454	457	3
454	457	4
455	456	0
455	456	1
455	456	2
455	456	3
455	456	4
455	457	0
455	457	1
455	457	2
455	457	3
455	457	4
456	457	0
456	457	1
456	457	2
456	457	3
456	457	4
456	458	0
456	458	1
456	458	2
456	458	3
456	458	4
456	459	0
456	459	1
456	459	2
456	459	3
456	459	4
457	458	0
457	458	1
457	458	2
457	458	3
457	458	4
457	459	0
457	459	1
457	459	2
457	459	3
457	459	4
458	459	0
458	459	1
458	459	2
458	459	3
458	459	4
458	460	0
458	460	1
458	460	2
458	460	3
458	460	4
458	461	0
458	461	1
458	461	2
458	461	3
458	461	4
458	462	0
458	462	1
458	462	2
458	462	3
458	462	4
458	463	0
458	463	1
458	463	2
458	463	3
458	463	4
458	464	0
458	464	1
458	464	2
458	464	3
458	464	4
459	460	0
459	460	1
459	460	2
459	460	3
459	460	4
459	461	0
459	461	1
459	461	2
459	461	3
459	461	4
459	462	0
459	462	1
459	462	2
459	462	3
459	462	4
459	463	0
459	463	1
459	463	2
459	463	3
459	463	4
459	464	0
459	464	1
459	464	2
459	464	3
459	464	4
460	461	0
460	461	1
460	461	2
460	461	3
460	461	4
460	462	0
460	462	1
460	462	2
460	462	3
460	462	4
460	463	0
460	463	1
460	463	2
460	463	3
460	463	4
460	464	0
460	464	1
460	464	2
460	464	3
460	464	4
461	462	0
461	462	1
461	462	2
461	462	3
461	462	4
461	463	0
461	463	1
461	463	2
461	463	3
461	463	4
461	464	0
461	464	1
461	464	2
461	464	3
461	464	4
462	463	0
462	463	1
462	463	2
462	463	3
462	463	4
462	464	0
462	464	1
462	464	2
462	464	3
462	464	4
463	464	0
463	464	1
463	464	2
463	464	3
463	464	4
460	465	0
460	465	1
460	465	2
460	465	3
460	465	4
461	465	0
461	465	1
461	465	2
461	465	3
461	465	4
462	465	0
462	465	1
462	465	2
462	465	3
462	465	4
463	465	0
463	465	1
463	465	2
463	465	3
463	465	4
464	465	0
464	465	1
464	465	2
464	465	3
464	465	4
465	466	0
465	466	1
465	466	2
465	466	3
465	466	4
466	467	0
466	467	1
466	467	2
466	467	3
466	467	4
467	468	0
467	468	1
467	468	2
467	468	3
467	468	4
467	469	0
467	469	1
467	469	2
467	469	3
467	469	4
468	469	0
468	469	1
468	469	2
468	469	3
468	469	4
468	470	0
468	470	1
468	470	2
468	470	3
468	470	4
468	471	0
468	471	1
468	471	2
468	471	3
468	471	4
469	470	0
469	470	1
469	470	2
469	470	3
469	470	4
469	471	0
469	471	1
469	471	2
469	471	3
469	471	4
470	471	0
470	471	1
470	471	2
470	471	3
470	471	4
470	472	0
470	472	1
470	472	2
470	472	3
470	472	4
470	473	0
470	473	1
470	473	2
470	473	3
470	473	4
471	472	0
471	472	1
471	472	2
471	472	3
471	472	4
471	473	0
471	473	1
471	473	2
471	473	3
471	473	4
472	473	0
472	473	1
472	473	2
472	473	3
472	473	4
472	474	0
472	474	1
472	474	2
472	474	3
472	474	4
472	475	0
472	475	1
472	475	2
472	475	3
472	475	4
472	476	0
472	476	1
472	476	2
472	476	3
472	476	4
473	474	0
473	474	1
473	474	2
473	474	3
473	474	4
473	475	0
473	475	1
473	475	2
473	475	3
473	475	4
473	476	0
473	476	1
473	476	2
473	476	3
473	476	4
474	475	0
474	475	1
474	475	2
474	475	3
474	475	4
474	476	0
474	476	1
474	476	2
474	476	3
474	476	4
475	476	0
475	476	1
475	476	2
475	476	3
475	476	4
474	477	0
474	477	1
474	477	2
474	477	3
474	477	4
474	478	0
474	478	1
474	478	2
474	478	3
474	478	4
475	477	0
475	477	1
475	477	2
475	477	3
475	477	4
475	478	0
475	478	1
475	478	2
475	478	3
475	478	4
476	477	0
476	477	1
476	477	2
476	477	3
476	477	4
476	478	0
476	478	1
476	478	2
476	478	3
476	478	4
477	478	0
477	478	1
477	478	2
477	478	3
477	478	4
477	479	0
477	479	1
477	479	2
477	479	3
477	479	4
477	480	0
477	480	1
477	480	2
477	480	3
477	480	4
478	479	0
478	479	1
478	479	2
478	479	3
478	479	4
478	480	0
478	480	1
478	480	2
478	480	3
478	480	4
479	480	0
479	480	1
479	480	2
479	480	3
479	480	4
479	481	0
479	481	1
479	481	2
479	481	3
479	481	4
479	482	0
479	482	1
479	482	2
479	482	3
479	482	4
479	483	0
479	483	1
479	483	2
479	483	3
479	483	4
479	484	0
479	484	1
479	484	2
479	484	3
479	484	4
480	481	0
480	481	1
480	481	2
480	481	3
480	481	4
480	482	0
480	482	1
480	482	2
480	482	3
480	482	4
480	483	0
480	483	1
480	483	2
480	483	3
480	483	4
480	484	0
480	484	1
480	484	2
480	484	3
480	484	4
481	482	0
481	482	1
481	482	2
481	482	3
481	482	4
481	483	0
481	483	1
481	483	2
481	483	3
481	483	4
481	484	0
481	484	1
481	484	2
481	484	3
481	484	4
482	483	0
482	483	1
482	483	2
482	483	3
482	483	4
482	484	0
482	484	1
482	484	2
482	484	3
482	484	4
483	484	0
483	484	1
483	484	2
483	484	3
483	484	4
481	485	0
481	485	1
481	485	2
481	485	3
481	485	4
481	486	0
481	486	1
481	486	2
481	486	3
481	486	4
482	485	0
482	485	1
482	485	2
482	485	3
482	485	4
482	486	0
482	486	1
482	486	2
482	486	3
482	486	4
483	485	0
483	485	1
483	485	2
483	485	3
483	485	4
483	486	0
483	486	1
483	486	2
483	486	3
483	486	4
484	485	0
484	485	1
484	485	2
484	485	3
484	485	4
484	486	0
484	486	1
484	486	2
484	486	3
484	486	4
485	486	0
485	486	1
485	486	2
485	486	3
485	486	4
485	487	0
485	487	1
485	487	2
485	487	3
485	487	4
485	488	0
485	488	1
485	488	2
485	488	3
485	488	4
485	489	0
485	489	1
485	489	2
485	489	3
485	489	4
486	487	0
486	487	1
486	487	2
486	487	3
486	487	4
486	488	0
486	488	1
486	488	2
486	488	3
486	488	4
486	489	0
486	489	1
486	489	2
486	489	3
486	489	4
487	488	0
487	488	1
487	488	2
487	488	3
487	488	4
487	489	0
487	489	1
487	489	2
487	489	3
487	489	4
488	489	0
488	489	1
488	489	2
488	489	3
488	489	4
487	490	0
487	490	1
487	490	2
487	490	3
487	490	4
487	491	0
487	491	1
487	491	2
487	491	3
487	491	4
487	492	0
487	492	1
487	492	2
487	492	3
487	492	4
487	493	0
487	493	1
487	493	2
487	493	3
487	493	4
487	494	0
487	494	1
487	494	2
487	494	3
487	494	4
488	490	0
488	490	1
488	490	2
488	490	3
488	490	4
488	491	0
488	491	1
488	491	2
488	491	3
488	491	4
488	492	0
488	492	1
488	492	2
488	492	3
488	492	4
488	493	0
488	493	1
488	493	2
488	493	3
488	493	4
488	494	0
488	494	1
488	494	2
488	494	3
488	494	4
489	490	0
489	490	1
489	490	2
489	490	3
489	490	4
489	491	0
489	491	1
489	491	2
489	491	3
489	491	4
489	492	0
489	492	1
489	492	2
489	492	3
489	492	4
489	493	0
489	493	1
489	493	2
489	493	3
489	493	4
489	494	0
489	494	1
489	494	2
489	494	3
489	494	4
490	491	0
490	491	1
490	491	2
490	491	3
490	491	4
490	492	0
490	492	1
490	492	2
490	492	3
490	492	4
490	493	0
490	493	1
490	493	2
490	493	3
490	493	4
490	494	0
490	494	1
490	494	2
490	494	3
490	494	4
491	492	0
491	492	1
491	492	2
491	492	3
491	492	4
491	493	0
491	493	1
491	493	2
491	493	3
491	493	4
491	494	0
491	494	1
491	494	2
491	494	3
491	494	4
492	493	0
492	493	1
492	493	2
492	493	3
492	493	4
492	494	0
492	494	1
492	494	2
492	494	3
492	494	4
493	494	0
493	494	1
493	494	2
493	494	3
493	494	4
490	495	0
490	495	1
490	495	2
490	495	3
490	495	4
490	496	0
490	496	1
490	496	2
490	496	3
490	496	4
490	497	0
490	497	1
490	497	2
490	497	3
490	497	4
491	495	0
491	495	1
491	495	2
491	495	3
491	495	4
491	496	0
491	496	1
491	496	2
491	496	3
491	496	4
491	497	0
491	497	1
491	497	2
491	497	3
491	497	4
492	495	0
492	495	1
492	495	2
492	495	3
492	495	4
492	496	0
492	496	1
492	496	2
492	496	3
492	496	4
492	497	0
492	497	1
492	497	2
492	497	3
492	497	4
493	495	0
493	495	1
493	495	2
493	495	3
493	495	4
493	496	0
493	496	1
493	496	2
493	496	3
493	496	4
493	497	0
493	497	1
493	497	2
493	497	3
493	497	4
494	495	0
494	495	1
494	495	2
494	495	3
494	495	4
494	496	0
494	496	1
494	496	2
494	496	3
494	496	4
494	497	0
494	497	1
494	497	2
494	497	3
494	497	4
495	496	0
495	496	1
495	496	2
495	496	3
495	496	4
495	497	0
495	497	1
495	497	2
495	497	3
495	497	4
496	497	0
496	497	1
496	497	2
496	497	3
496	497	4
495	498	0
495	498	1
495	498	2
495	498	3
495	498	4
495	499	0
495	499	1
495	499	2
495	499	3
495	499	4
495	500	0
495	500	1
495	500	2
495	500	3
495	500	4
495	501	0
495	501	1
495	501	2
495	501	3
495	501	4
496	498	0
496	498	1
496	498	2
496	498	3
496	498	4
496	499	0
496	499	1
496	499	2
496	499	3
496	499	4
496	500	0
496	500	1
496	500	2
496	500	3
496	500	4
496	501	0
496	501	1
496	501	2
496	501	3
496	501	4
497	498	0
497	498	1
497	498	2
497	498	3
497	498	4
497	499	0
497	499	1
497	499	2
497	499	3
497	499	4
497	500	0
497	500	1
497	500	2
497	500	3
497	500	4
497	501	0
497	501	1
497	501	2
497	501	3
497	501	4
498	499	0
498	499	1
498	499	2
498	499	3
498	499	4
498	500	0
498	500	1
498	500	2
498	500	3
498	500	4
498	501	0
498	501	1
498	501	2
498	501	3
498	501	4
499	500	0
499	500	1
499	500	2
499	500	3
499	500	4
499	501	0
499	501	1
499	501	2
499	501	3
499	501	4
500	501	0
500	501	1
500	501	2
500	501	3
500	501	4
502	503	0
502	503	1
502	503	2
502	503	3
502	503	4
502	504	0
502	504	1
502	504	2
502	504	3
502	504	4
503	504	0
503	504	1
503	504	2
503	504	3
503	504	4
502	505	0
502	505	1
502	505	2
502	505	3
502	505	4
502	506	0
502	506	1
502	506	2
502	506	3
502	506	4
502	507	0
502	507	1
502	507	2
502	507	3
502	507	4
502	508	0
502	508	1
502	508	2
502	508	3
502	508	4
503	505	0
503	505	1
503	505	2
503	505	3
503	505	4
503	506	0
503	506	1
503	506	2
503	506	3
503	506	4
503	507	0
503	507	1
503	507	2
503	507	3
503	507	4
503	508	0
503	508	1
503	508	2
503	508	3
503	508	4
504	505	0
504	505	1
504	505	2
504	505	3
504	505	4
504	506	0
504	506	1
504	506	2
504	506	3
504	506	4
504	507	0
504	507	1
504	507	2
504	507	3
504	507	4
504	508	0
504	508	1
504	508	2
504	508	3
504	508	4
505	506	0
505	506	1
505	506	2
505	506	3
505	506	4
505	507	0
505	507	1
505	507	2
505	507	3
505	507	4
505	508	0
505	508	1
505	508	2
505	508	3
505	508	4
506	507	0
506	507	1
506	507	2
506	507	3
506	507	4
506	508	0
506	508	1
506	508	2
506	508	3
506	508	4
507	508	0
507	508	1
507	508	2
507	508	3
507	508	4
505	509	0
505	509	1
505	509	2
505	509	3
505	509	4
505	510	0
505	510	1
505	510	2
505	510	3
505	510	4
505	511	0
505	511	1
505	511	2
505	511	3
505	511	4
505	512	0
505	512	1
505	512	2
505	512	3
505	512	4
506	509	0
506	509	1
506	509	2
506	509	3
506	509	4
506	510	0
506	510	1
506	510	2
506	510	3
506	510	4
506	511	0
506	511	1
506	511	2
506	511	3
506	511	4
506	512	0
506	512	1
506	512	2
506	512	3
506	512	4
507	509	0
507	509	1
507	509	2
507	509	3
507	509	4
507	510	0
507	510	1
507	510	2
507	510	3
507	510	4
507	511	0
507	511	1
507	511	2
507	511	3
507	511	4
507	512	0
507	512	1
507	512	2
507	512	3
507	512	4
508	509	0
508	509	1
508	509	2
508	509	3
508	509	4
508	510	0
508	510	1
508	510	2
508	510	3
508	510	4
508	511	0
508	511	1
508	511	2
508	511	3
508	511	4
508	512	0
508	512	1
508	512	2
508	512	3
508	512	4
509	510	0
509	510	1
509	510	2
509	510	3
509	510	4
509	511	0
509	511	1
509	511	2
509	511	3
509	511	4
509	512	0
509	512	1
509	512	2
509	512	3
509	512	4
510	511	0
510	511	1
510	511	2
510	511	3
510	511	4
510	512	0
510	512	1
510	512	2
510	512	3
510	512	4
511	512	0
511	512	1
511	512	2
511	512	3
511	512	4
509	513	0
509	513	1
509	513	2
509	513	3
509	513	4
509	514	0
509	514	1
509	514	2
509	514	3
509	514	4
509	515	0
509	515	1
509	515	2
509	515	3
509	515	4
510	513	0
510	513	1
510	513	2
510	513	3
510	513	4
510	514	0
510	514	1
510	514	2
510	514	3
510	514	4
510	515	0
510	515	1
510	515	2
510	515	3
510	515	4
511	513	0
511	513	1
511	513	2
511	513	3
511	513	4
511	514	0
511	514	1
511	514	2
511	514	3
511	514	4
511	515	0
511	515	1
511	515	2
511	515	3
511	515	4
512	513	0
512	513	1
512	513	2
512	513	3
512	513	4
512	514	0
512	514	1
512	514	2
512	514	3
512	514	4
512	515	0
512	515	1
512	515	2
512	515	3
512	515	4
513	514	0
513	514	1
513	514	2
513	514	3
513	514	4
513	515	0
513	515	1
513	515	2
513	515	3
513	515	4
514	515	0
514	515	1
514	515	2
514	515	3
514	515	4
513	516	0
513	516	1
513	516	2
513	516	3
513	516	4
513	517	0
513	517	1
513	517	2
513	517	3
513	517	4
514	516	0
514	516	1
514	516	2
514	516	3
514	516	4
514	517	0
514	517	1
514	517	2
514	517	3
514	517	4
515	516	0
515	516	1
515	516	2
515	516	3
515	516	4
515	517	0
515	517	1
515	517	2
515	517	3
515	517	4
516	517	0
516	517	1
516	517	2
516	517	3
516	517	4
516	518	0
516	518	1
516	518	2
516	518	3
516	518	4
516	519	0
516	519	1
516	519	2
516	519	3
516	519	4
516	520	0
516	520	1
516	520	2
516	520	3
516	520	4
517	518	0
517	518	1
517	518	2
517	518	3
517	518	4
517	519	0
517	519	1
517	519	2
517	519	3
517	519	4
517	520	0
517	520	1
517	520	2
517	520	3
517	520	4
518	519	0
518	519	1
518	519	2
518	519	3
518	519	4
518	520	0
518	520	1
518	520	2
518	520	3
518	520	4
519	520	0
519	520	1
519	520	2
519	520	3
519	520	4
518	521	0
518	521	1
518	521	2
518	521	3
518	521	4
518	522	0
518	522	1
518	522	2
518	522	3
518	522	4
519	521	0
519	521	1
519	521	2
519	521	3
519	521	4
519	522	0
519	522	1
519	522	2
519	522	3
519	522	4
520	521	0
520	521	1
520	521	2
520	521	3
520	521	4
520	522	0
520	522	1
520	522	2
520	522	3
520	522	4
521	522	0
521	522	1
521	522	2
521	522	3
521	522	4
521	523	0
521	523	1
521	523	2
521	523	3
521	523	4
521	524	0
521	524	1
521	524	2
521	524	3
521	524	4
522	523	0
522	523	1
522	523	2
522	523	3
522	523	4
522	524	0
522	524	1
522	524	2
522	524	3
522	524	4
523	524	0
523	524	1
523	524	2
523	524	3
523	524	4
523	525	0
523	525	1
523	525	2
523	525	3
523	525	4
523	526	0
523	526	1
523	526	2
523	526	3
523	526	4
524	525	0
524	525	1
524	525	2
524	525	3
524	525	4
524	526	0
524	526	1
524	526	2
524	526	3
524	526	4
525	526	0
525	526	1
525	526	2
525	526	3
525	526	4
525	527	0
525	527	1
525	527	2
525	527	3
525	527	4
525	528	0
525	528	1
525	528	2
525	528	3
525	528	4
525	529	0
525	529	1
525	529	2
525	529	3
525	529	4
526	527	0
526	527	1
526	527	2
526	527	3
526	527	4
526	528	0
526	528	1
526	528	2
526	528	3
526	528	4
526	529	0
526	529	1
526	529	2
526	529	3
526	529	4
527	528	0
527	528	1
527	528	2
527	528	3
527	528	4
527	529	0
527	529	1
527	529	2
527	529	3
527	529	4
528	529	0
528	529	1
528	529	2
528	529	3
528	529	4
527	530	0
527	530	1
527	530	2
527	530	3
527	530	4
527	531	0
527	531	1
527	531	2
527	531	3
527	531	4
527	532	0
527	532	1
527	532	2
527	532	3
527	532	4
527	533	0
527	533	1
527	533	2
527	533	3
527	533	4
528	530	0
528	530	1
528	530	2
528	530	3
528	530	4
528	531	0
528	531	1
528	531	2
528	531	3
528	531	4
528	532	0
528	532	1
528	532	2
528	532	3
528	532	4
528	533	0
528	533	1
528	533	2
528	533	3
528	533	4
529	530	0
529	530	1
529	530	2
529	530	3
529	530	4
529	531	0
529	531	1
529	531	2
529	531	3
529	531	4
529	532	0
529	532	1
529	532	2
529	532	3
529	532	4
529	533	0
529	533	1
529	533	2
529	533	3
529	533	4
530	531	0
530	531	1
530	531	2
530	531	3
530	531	4
530	532	0
530	532	1
530	532	2
530	532	3
530	532	4
530	533	0
530	533	1
530	533	2
530	533	3
530	533	4
531	532	0
531	532	1
531	532	2
531	532	3
531	532	4
531	533	0
531	533	1
531	533	2
531	533	3
531	533	4
532	533	0
532	533	1
532	533	2
532	533	3
532	533	4
530	534	0
530	534	1
530	534	2
530	534	3
530	534	4
530	535	0
530	535	1
530	535	2
530	535	3
530	535	4
530	536	0
530	536	1
530	536	2
530	536	3
530	536	4
531	534	0
531	534	1
531	534	2
531	534	3
531	534	4
531	535	0
531	535	1
531	535	2
531	535	3
531	535	4
531	536	0
531	536	1
531	536	2
531	536	3
531	536	4
532	534	0
532	534	1
532	534	2
532	534	3
532	534	4
532	535	0
532	535	1
532	535	2
532	535	3
532	535	4
532	536	0
532	536	1
532	536	2
532	536	3
532	536	4
533	534	0
533	534	1
533	534	2
533	534	3
533	534	4
533	535	0
533	535	1
533	535	2
533	535	3
533	535	4
533	536	0
533	536	1
533	536	2
533	536	3
533	536	4
534	535	0
534	535	1
534	535	2
534	535	3
534	535	4
534	536	0
534	536	1
534	536	2
534	536	3
534	536	4
535	536	0
535	536	1
535	536	2
535	536	3
535	536	4
534	537	0
534	537	1
534	537	2
534	537	3
534	537	4
534	538	0
534	538	1
534	538	2
534	538	3
534	538	4
534	539	0
534	539	1
534	539	2
534	539	3
534	539	4
534	540	0
534	540	1
534	540	2
534	540	3
534	540	4
534	541	0
534	541	1
534	541	2
534	541	3
534	541	4
535	537	0
535	537	1
535	537	2
535	537	3
535	537	4
535	538	0
535	538	1
535	538	2
535	538	3
535	538	4
535	539	0
535	539	1
535	539	2
535	539	3
535	539	4
535	540	0
535	540	1
535	540	2
535	540	3
535	540	4
535	541	0
535	541	1
535	541	2
535	541	3
535	541	4
536	537	0
536	537	1
536	537	2
536	537	3
536	537	4
536	538	0
536	538	1
536	538	2
536	538	3
536	538	4
536	539	0
536	539	1
536	539	2
536	539	3
536	539	4
536	540	0
536	540	1
536	540	2
536	540	3
536	540	4
536	541	0
536	541	1
536	541	2
536	541	3
536	541	4
537	538	0
537	538	1
537	538	2
537	538	3
537	538	4
537	539	0
537	539	1
537	539	2
537	539	3
537	539	4
537	540	0
537	540	1
537	540	2
537	540	3
537	540	4
537	541	0
537	541	1
537	541	2
537	541	3
537	541	4
538	539	0
538	539	1
538	539	2
538	539	3
538	539	4
538	540	0
538	540	1
538	540	2
538	540	3
538	540	4
538	541	0
538	541	1
538	541	2
538	541	3
538	541	4
539	540	0
539	540	1
539	540	2
539	540	3
539	540	4
539	541	0
539	541	1
539	541	2
539	541	3
539	541	4
540	541	0
540	541	1
540	541	2
540	541	3
540	541	4
537	542	0
537	542	1
537	542	2
537	542	3
537	542	4
537	543	0
537	543	1
537	543	2
537	543	3
537	543	4
538	542	0
538	542	1
538	542	2
538	542	3
538	542	4
538	543	0
538	543	1
538	543	2
538	543	3
538	543	4
539	542	0
539	542	1
539	542	2
539	542	3
539	542	4
539	543	0
539	543	1
539	543	2
539	543	3
539	543	4
540	542	0
540	542	1
540	542	2
540	542	3
540	542	4
540	543	0
540	543	1
540	543	2
540	543	3
540	543	4
541	542	0
541	542	1
541	542	2
541	542	3
541	542	4
541	543	0
541	543	1
541	543	2
541	543	3
541	543	4
542	543	0
542	543	1
542	543	2
542	543	3
542	543	4
542	544	0
542	544	1
542	544	2
542	544	3
542	544	4
543	544	0
543	544	1
543	544	2
543	544	3
543	544	4
544	545	0
544	545	1
544	545	2
544	545	3
544	545	4
544	546	0
544	546	1
544	546	2
544	546	3
544	546	4
544	547	0
544	547	1
544	547	2
544	547	3
544	547	4
544	548	0
544	548	1
544	548	2
544	548	3
544	548	4
545	546	0
545	546	1
545	546	2
545	546	3
545	546	4
545	547	0
545	547	1
545	547	2
545	547	3
545	547	4
545	548	0
545	548	1
545	548	2
545	548	3
545	548	4
546	547	0
546	547	1
546	547	2
546	547	3
546	547	4
546	548	0
546	548	1
546	548	2
546	548	3
546	548	4
547	548	0
547	548	1
547	548	2
547	548	3
547	548	4
545	549	0
545	549	1
545	549	2
545	549	3
545	549	4
545	550	0
545	550	1
545	550	2
545	550	3
545	550	4
546	549	0
546	549	1
546	549	2
546	549	3
546	549	4
546	550	0
546	550	1
546	550	2
546	550	3
546	550	4
547	549	0
547	549	1
547	549	2
547	549	3
547	549	4
547	550	0
547	550	1
547	550	2
547	550	3
547	550	4
548	549	0
548	549	1
548	549	2
548	549	3
548	549	4
548	550	0
548	550	1
548	550	2
548	550	3
548	550	4
549	550	0
549	550	1
549	550	2
549	550	3
549	550	4
549	551	0
549	551	1
549	551	2
549	551	3
549	551	4
549	552	0
549	552	1
549	552	2
549	552	3
549	552	4
549	553	0
549	553	1
549	553	2
549	553	3
549	553	4
550	551	0
550	551	1
550	551	2
550	551	3
550	551	4
550	552	0
550	552	1
550	552	2
550	552	3
550	552	4
550	553	0
550	553	1
550	553	2
550	553	3
550	553	4
551	552	0
551	552	1
551	552	2
551	552	3
551	552	4
551	553	0
551	553	1
551	553	2
551	553	3
551	553	4
552	553	0
552	553	1
552	553	2
552	553	3
552	553	4
551	554	0
551	554	1
551	554	2
551	554	3
551	554	4
551	555	0
551	555	1
551	555	2
551	555	3
551	555	4
551	556	0
551	556	1
551	556	2
551	556	3
551	556	4
551	557	0
551	557	1
551	557	2
551	557	3
551	557	4
552	554	0
552	554	1
552	554	2
552	554	3
552	554	4
552	555	0
552	555	1
552	555	2
552	555	3
552	555	4
552	556	0
552	556	1
552	556	2
552	556	3
552	556	4
552	557	0
552	557	1
552	557	2
552	557	3
552	557	4
553	554	0
553	554	1
553	554	2
553	554	3
553	554	4
553	555	0
553	555	1
553	555	2
553	555	3
553	555	4
553	556	0
553	556	1
553	556	2
553	556	3
553	556	4
553	557	0
553	557	1
553	557	2
553	557	3
553	557	4
554	555	0
554	555	1
554	555	2
554	555	3
554	555	4
554	556	0
554	556	1
554	556	2
554	556	3
554	556	4
554	557	0
554	557	1
554	557	2
554	557	3
554	557	4
555	556	0
555	556	1
555	556	2
555	556	3
555	556	4
555	557	0
555	557	1
555	557	2
555	557	3
555	557	4
556	557	0
556	557	1
556	557	2
556	557	3
556	557	4
554	558	0
554	558	1
554	558	2
554	558	3
554	558	4
554	559	0
554	559	1
554	559	2
554	559	3
554	559	4
554	560	0
554	560	1
554	560	2
554	560	3
554	560	4
554	561	0
554	561	1
554	561	2
554	561	3
554	561	4
555	558	0
555	558	1
555	558	2
555	558	3
555	558	4
555	559	0
555	559	1
555	559	2
555	559	3
555	559	4
555	560	0
555	560	1
555	560	2
555	560	3
555	560	4
555	561	0
555	561	1
555	561	2
555	561	3
555	561	4
556	558	0
556	558	1
556	558	2
556	558	3
556	558	4
556	559	0
556	559	1
556	559	2
556	559	3
556	559	4
556	560	0
556	560	1
556	560	2
556	560	3
556	560	4
556	561	0
556	561	1
556	561	2
556	561	3
556	561	4
557	558	0
557	558	1
557	558	2
557	558	3
557	558	4
557	559	0
557	559	1
557	559	2
557	559	3
557	559	4
557	560	0
557	560	1
557	560	2
557	560	3
557	560	4
557	561	0
557	561	1
557	561	2
557	561	3
557	561	4
558	559	0
558	559	1
558	559	2
558	559	3
558	559	4
558	560	0
558	560	1
558	560	2
558	560	3
558	560	4
558	561	0
558	561	1
558	561	2
558	561	3
558	561	4
559	560	0
559	560	1
559	560	2
559	560	3
559	560	4
559	561	0
559	561	1
559	561	2
559	561	3
559	561	4
560	561	0
560	561	1
560	561	2
560	561	3
560	561	4
558	562	0
558	562	1
558	562	2
558	562	3
558	562	4
558	563	0
558	563	1
558	563	2
558	563	3
558	563	4
558	564	0
558	564	1
558	564	2
558	564	3
558	564	4
559	562	0
559	562	1
559	562	2
559	562	3
559	562	4
559	563	0
559	563	1
559	563	2
559	563	3
559	563	4
559	564	0
559	564	1
559	564	2
559	564	3
559	564	4
560	562	0
560	562	1
560	562	2
560	562	3
560	562	4
560	563	0
560	563	1
560	563	2
560	563	3
560	563	4
560	564	0
560	564	1
560	564	2
560	564	3
560	564	4
561	562	0
561	562	1
561	562	2
561	562	3
561	562	4
561	563	0
561	563	1
561	563	2
561	563	3
561	563	4
561	564	0
561	564	1
561	564	2
561	564	3
561	564	4
562	563	0
562	563	1
562	563	2
562	563	3
562	563	4
562	564	0
562	564	1
562	564	2
562	564	3
562	564	4
563	564	0
563	564	1
563	564	2
563	564	3
563	564	4
562	565	0
562	565	1
562	565	2
562	565	3
562	565	4
562	566	0
562	566	1
562	566	2
562	566	3
562	566	4
562	567	0
562	567	1
562	567	2
562	567	3
562	567	4
562	568	0
562	568	1
562	568	2
562	568	3
562	568	4
563	565	0
563	565	1
563	565	2
563	565	3
563	565	4
563	566	0
563	566	1
563	566	2
563	566	3
563	566	4
563	567	0
563	567	1
563	567	2
563	567	3
563	567	4
563	568	0
563	568	1
563	568	2
563	568	3
563	568	4
564	565	0
564	565	1
564	565	2
564	565	3
564	565	4
564	566	0
564	566	1
564	566	2
564	566	3
564	566	4
564	567	0
564	567	1
564	567	2
564	567	3
564	567	4
564	568	0
564	568	1
564	568	2
564	568	3
564	568	4
565	566	0
565	566	1
565	566	2
565	566	3
565	566	4
565	567	0
565	567	1
565	567	2
565	567	3
565	567	4
565	568	0
565	568	1
565	568	2
565	568	3
565	568	4
566	567	0
566	567	1
566	567	2
566	567	3
566	567	4
566	568	0
566	568	1
566	568	2
566	568	3
566	568	4
567	568	0
567	568	1
567	568	2
567	568	3
567	568	4
569	570	0
569	570	1
569	570	2
569	570	3
569	570	4
569	571	0
569	571	1
569	571	2
569	571	3
569	571	4
570	571	0
570	571	1
570	571	2
570	571	3
570	571	4
569	572	0
569	572	1
569	572	2
569	572	3
569	572	4
569	573	0
569	573	1
569	573	2
569	573	3
569	573	4
569	574	0
569	574	1
569	574	2
569	574	3
569	574	4
570	572	0
570	572	1
570	572	2
570	572	3
570	572	4
570	573	0
570	573	1
570	573	2
570	573	3
570	573	4
570	574	0
570	574	1
570	574	2
570	574	3
570	574	4
571	572	0
571	572	1
571	572	2
571	572	3
571	572	4
571	573	0
571	573	1
571	573	2
571	573	3
571	573	4
571	574	0
571	574	1
571	574	2
571	574	3
571	574	4
572	573	0
572	573	1
572	573	2
572	573	3
572	573	4
572	574	0
572	574	1
572	574	2
572	574	3
572	574	4
573	574	0
573	574	1
573	574	2
573	574	3
573	574	4
572	575	0
572	575	1
572	575	2
572	575	3
572	575	4
573	575	0
573	575	1
573	575	2
573	575	3
573	575	4
574	575	0
574	575	1
574	575	2
574	575	3
574	575	4
575	576	0
575	576	1
575	576	2
575	576	3
575	576	4
575	577	0
575	577	1
575	577	2
575	577	3
575	577	4
575	578	0
575	578	1
575	578	2
575	578	3
575	578	4
576	577	0
576	577	1
576	577	2
576	577	3
576	577	4
576	578	0
576	578	1
576	578	2
576	578	3
576	578	4
577	578	0
577	578	1
577	578	2
577	578	3
577	578	4
576	579	0
576	579	1
576	579	2
576	579	3
576	579	4
576	580	0
576	580	1
576	580	2
576	580	3
576	580	4
576	581	0
576	581	1
576	581	2
576	581	3
576	581	4
577	579	0
577	579	1
577	579	2
577	579	3
577	579	4
577	580	0
577	580	1
577	580	2
577	580	3
577	580	4
577	581	0
577	581	1
577	581	2
577	581	3
577	581	4
578	579	0
578	579	1
578	579	2
578	579	3
578	579	4
578	580	0
578	580	1
578	580	2
578	580	3
578	580	4
578	581	0
578	581	1
578	581	2
578	581	3
578	581	4
579	580	0
579	580	1
579	580	2
579	580	3
579	580	4
579	581	0
579	581	1
579	581	2
579	581	3
579	581	4
580	581	0
580	581	1
580	581	2
580	581	3
580	581	4
579	582	0
579	582	1
579	582	2
579	582	3
579	582	4
580	582	0
580	582	1
580	582	2
580	582	3
580	582	4
581	582	0
581	582	1
581	582	2
581	582	3
581	582	4
582	583	0
582	583	1
582	583	2
582	583	3
582	583	4
582	584	0
582	584	1
582	584	2
582	584	3
582	584	4
582	585	0
582	585	1
582	585	2
582	585	3
582	585	4
583	584	0
583	584	1
583	584	2
583	584	3
583	584	4
583	585	0
583	585	1
583	585	2
583	585	3
583	585	4
584	585	0
584	585	1
584	585	2
584	585	3
584	585	4
583	586	0
583	586	1
583	586	2
583	586	3
583	586	4
583	587	0
583	587	1
583	587	2
583	587	3
583	587	4
583	588	0
583	588	1
583	588	2
583	588	3
583	588	4
584	586	0
584	586	1
584	586	2
584	586	3
584	586	4
584	587	0
584	587	1
584	587	2
584	587	3
584	587	4
584	588	0
584	588	1
584	588	2
584	588	3
584	588	4
585	586	0
585	586	1
585	586	2
585	586	3
585	586	4
585	587	0
585	587	1
585	587	2
585	587	3
585	587	4
585	588	0
585	588	1
585	588	2
585	588	3
585	588	4
586	587	0
586	587	1
586	587	2
586	587	3
586	587	4
586	588	0
586	588	1
586	588	2
586	588	3
586	588	4
587	588	0
587	588	1
587	588	2
587	588	3
587	588	4
586	589	0
586	589	1
586	589	2
586	589	3
586	589	4
587	589	0
587	589	1
587	589	2
587	589	3
587	589	4
588	589	0
588	589	1
588	589	2
588	589	3
588	589	4
590	591	0
590	591	1
590	591	2
590	591	3
590	591	4
590	592	0
590	592	1
590	592	2
590	592	3
590	592	4
590	593	0
590	593	1
590	593	2
590	593	3
590	593	4
590	594	0
590	594	1
590	594	2
590	594	3
590	594	4
591	592	0
591	592	1
591	592	2
591	592	3
591	592	4
591	593	0
591	593	1
591	593	2
591	593	3
591	593	4
591	594	0
591	594	1
591	594	2
591	594	3
591	594	4
592	593	0
592	593	1
592	593	2
592	593	3
592	593	4
592	594	0
592	594	1
592	594	2
592	594	3
592	594	4
593	594	0
593	594	1
593	594	2
593	594	3
593	594	4
590	595	0
590	595	1
590	595	2
590	595	3
590	595	4
590	596	0
590	596	1
590	596	2
590	596	3
590	596	4
590	597	0
590	597	1
590	597	2
590	597	3
590	597	4
591	595	0
591	595	1
591	595	2
591	595	3
591	595	4
591	596	0
591	596	1
591	596	2
591	596	3
591	596	4
591	597	0
591	597	1
591	597	2
591	597	3
591	597	4
592	595	0
592	595	1
592	595	2
592	595	3
592	595	4
592	596	0
592	596	1
592	596	2
592	596	3
592	596	4
592	597	0
592	597	1
592	597	2
592	597	3
592	597	4
593	595	0
593	595	1
593	595	2
593	595	3
593	595	4
593	596	0
593	596	1
593	596	2
593	596	3
593	596	4
593	597	0
593	597	1
593	597	2
593	597	3
593	597	4
594	595	0
594	595	1
594	595	2
594	595	3
594	595	4
594	596	0
594	596	1
594	596	2
594	596	3
594	596	4
594	597	0
594	597	1
594	597	2
594	597	3
594	597	4
595	596	0
595	596	1
595	596	2
595	596	3
595	596	4
595	597	0
595	597	1
595	597	2
595	597	3
595	597	4
596	597	0
596	597	1
596	597	2
596	597	3
596	597	4
595	598	0
595	598	1
595	598	2
595	598	3
595	598	4
595	599	0
595	599	1
595	599	2
595	599	3
595	599	4
596	598	0
596	598	1
596	598	2
596	598	3
596	598	4
596	599	0
596	599	1
596	599	2
596	599	3
596	599	4
597	598	0
597	598	1
597	598	2
597	598	3
597	598	4
597	599	0
597	599	1
597	599	2
597	599	3
597	599	4
598	599	0
598	599	1
598	599	2
598	599	3
598	599	4
598	600	0
598	600	1
598	600	2
598	600	3
598	600	4
598	601	0
598	601	1
598	601	2
598	601	3
598	601	4
598	602	0
598	602	1
598	602	2
598	602	3
598	602	4
599	600	0
599	600	1
599	600	2
599	600	3
599	600	4
599	601	0
599	601	1
599	601	2
599	601	3
599	601	4
599	602	0
599	602	1
599	602	2
599	602	3
599	602	4
600	601	0
600	601	1
600	601	2
600	601	3
600	601	4
600	602	0
600	602	1
600	602	2
600	602	3
600	602	4
601	602	0
601	602	1
601	602	2
601	602	3
601	602	4
600	603	0
600	603	1
600	603	2
600	603	3
600	603	4
600	604	0
600	604	1
600	604	2
600	604	3
600	604	4
600	605	0
600	605	1
600	605	2
600	605	3
600	605	4
601	603	0
601	603	1
601	603	2
601	603	3
601	603	4
601	604	0
601	604	1
601	604	2
601	604	3
601	604	4
601	605	0
601	605	1
601	605	2
601	605	3
601	605	4
602	603	0
602	603	1
602	603	2
602	603	3
602	603	4
602	604	0
602	604	1
602	604	2
602	604	3
602	604	4
602	605	0
602	605	1
602	605	2
602	605	3
602	605	4
603	604	0
603	604	1
603	604	2
603	604	3
603	604	4
603	605	0
603	605	1
603	605	2
603	605	3
603	605	4
604	605	0
604	605	1
604	605	2
604	605	3
604	605	4
603	606	0
603	606	1
603	606	2
603	606	3
603	606	4
603	607	0
603	607	1
603	607	2
603	607	3
603	607	4
603	608	0
603	608	1
603	608	2
603	608	3
603	608	4
604	606	0
604	606	1
604	606	2
604	606	3
604	606	4
604	607	0
604	607	1
604	607	2
604	607	3
604	607	4
604	608	0
604	608	1
604	608	2
604	608	3
604	608	4
605	606	0
605	606	1
605	606	2
605	606	3
605	606	4
605	607	0
605	607	1
605	607	2
605	607	3
605	607	4
605	608	0
605	608	1
605	608	2
605	608	3
605	608	4
606	607	0
606	607	1
606	607	2
606	607	3
606	607	4
606	608	0
606	608	1
606	608	2
606	608	3
606	608	4
607	608	0
607	608	1
607	608	2
607	608	3
607	608	4
606	609	0
606	609	1
606	609	2
606	609	3
606	609	4
606	610	0
606	610	1
606	610	2
606	610	3
606	610	4
607	609	0
607	609	1
607	609	2
607	609	3
607	609	4
607	610	0
607	610	1
607	610	2
607	610	3
607	610	4
608	609	0
608	609	1
608	609	2
608	609	3
608	609	4
608	610	0
608	610	1
608	610	2
608	610	3
608	610	4
609	610	0
609	610	1
609	610	2
609	610	3
609	610	4
609	611	0
609	611	1
609	611	2
609	611	3
609	611	4
609	612	0
609	612	1
609	612	2
609	612	3
609	612	4
609	613	0
609	613	1
609	613	2
609	613	3
609	613	4
610	611	0
610	611	1
610	611	2
610	611	3
610	611	4
610	612	0
610	612	1
610	612	2
610	612	3
610	612	4
610	613	0
610	613	1
610	613	2
610	613	3
610	613	4
611	612	0
611	612	1
611	612	2
611	612	3
611	612	4
611	613	0
611	613	1
611	613	2
611	613	3
611	613	4
612	613	0
612	613	1
612	613	2
612	613	3
612	613	4
611	614	0
611	614	1
611	614	2
611	614	3
611	614	4
611	615	0
611	615	1
611	615	2
611	615	3
611	615	4
611	616	0
611	616	1
611	616	2
611	616	3
611	616	4
612	614	0
612	614	1
612	614	2
612	614	3
612	614	4
612	615	0
612	615	1
612	615	2
612	615	3
612	615	4
612	616	0
612	616	1
612	616	2
612	616	3
612	616	4
613	614	0
613	614	1
613	614	2
613	614	3
613	614	4
613	615	0
613	615	1
613	615	2
613	615	3
613	615	4
613	616	0
613	616	1
613	616	2
613	616	3
613	616	4
614	615	0
614	615	1
614	615	2
614	615	3
614	615	4
614	616	0
614	616	1
614	616	2
614	616	3
614	616	4
615	616	0
615	616	1
615	616	2
615	616	3
615	616	4
614	617	0
614	617	1
614	617	2
614	617	3
614	617	4
614	618	0
614	618	1
614	618	2
614	618	3
614	618	4
615	617	0
615	617	1
615	617	2
615	617	3
615	617	4
615	618	0
615	618	1
615	618	2
615	618	3
615	618	4
616	617	0
616	617	1
616	617	2
616	617	3
616	617	4
616	618	0
616	618	1
616	618	2
616	618	3
616	618	4
617	618	0
617	618	1
617	618	2
617	618	3
617	618	4
619	620	0
619	620	1
619	620	2
619	620	3
619	620	4
619	621	0
619	621	1
619	621	2
619	621	3
619	621	4
619	622	0
619	622	1
619	622	2
619	622	3
619	622	4
619	623	0
619	623	1
619	623	2
619	623	3
619	623	4
619	624	0
619	624	1
619	624	2
619	624	3
619	624	4
620	621	0
620	621	1
620	621	2
620	621	3
620	621	4
620	622	0
620	622	1
620	622	2
620	622	3
620	622	4
620	623	0
620	623	1
620	623	2
620	623	3
620	623	4
620	624	0
620	624	1
620	624	2
620	624	3
620	624	4
621	622	0
621	622	1
621	622	2
621	622	3
621	622	4
621	623	0
621	623	1
621	623	2
621	623	3
621	623	4
621	624	0
621	624	1
621	624	2
621	624	3
621	624	4
622	623	0
622	623	1
622	623	2
622	623	3
622	623	4
622	624	0
622	624	1
622	624	2
622	624	3
622	624	4
623	624	0
623	624	1
623	624	2
623	624	3
623	624	4
619	625	0
619	625	1
619	625	2
619	625	3
619	625	4
619	626	0
619	626	1
619	626	2
619	626	3
619	626	4
619	627	0
619	627	1
619	627	2
619	627	3
619	627	4
619	628	0
619	628	1
619	628	2
619	628	3
619	628	4
620	625	0
620	625	1
620	625	2
620	625	3
620	625	4
620	626	0
620	626	1
620	626	2
620	626	3
620	626	4
620	627	0
620	627	1
620	627	2
620	627	3
620	627	4
620	628	0
620	628	1
620	628	2
620	628	3
620	628	4
621	625	0
621	625	1
621	625	2
621	625	3
621	625	4
621	626	0
621	626	1
621	626	2
621	626	3
621	626	4
621	627	0
621	627	1
621	627	2
621	627	3
621	627	4
621	628	0
621	628	1
621	628	2
621	628	3
621	628	4
622	625	0
622	625	1
622	625	2
622	625	3
622	625	4
622	626	0
622	626	1
622	626	2
622	626	3
622	626	4
622	627	0
622	627	1
622	627	2
622	627	3
622	627	4
622	628	0
622	628	1
622	628	2
622	628	3
622	628	4
623	625	0
623	625	1
623	625	2
623	625	3
623	625	4
623	626	0
623	626	1
623	626	2
623	626	3
623	626	4
623	627	0
623	627	1
623	627	2
623	627	3
623	627	4
623	628	0
623	628	1
623	628	2
623	628	3
623	628	4
624	625	0
624	625	1
624	625	2
624	625	3
624	625	4
624	626	0
624	626	1
624	626	2
624	626	3
624	626	4
624	627	0
624	627	1
624	627	2
624	627	3
624	627	4
624	628	0
624	628	1
624	628	2
624	628	3
624	628	4
625	626	0
625	626	1
625	626	2
625	626	3
625	626	4
625	627	0
625	627	1
625	627	2
625	627	3
625	627	4
625	628	0
625	628	1
625	628	2
625	628	3
625	628	4
626	627	0
626	627	1
626	627	2
626	627	3
626	627	4
626	628	0
626	628	1
626	628	2
626	628	3
626	628	4
627	628	0
627	628	1
627	628	2
627	628	3
627	628	4
625	629	0
625	629	1
625	629	2
625	629	3
625	629	4
625	630	0
625	630	1
625	630	2
625	630	3
625	630	4
626	629	0
626	629	1
626	629	2
626	629	3
626	629	4
626	630	0
626	630	1
626	630	2
626	630	3
626	630	4
627	629	0
627	629	1
627	629	2
627	629	3
627	629	4
627	630	0
627	630	1
627	630	2
627	630	3
627	630	4
628	629	0
628	629	1
628	629	2
628	629	3
628	629	4
628	630	0
628	630	1
628	630	2
628	630	3
628	630	4
629	630	0
629	630	1
629	630	2
629	630	3
629	630	4
629	631	0
629	631	1
629	631	2
629	631	3
629	631	4
630	631	0
630	631	1
630	631	2
630	631	3
630	631	4
631	632	0
631	632	1
631	632	2
631	632	3
631	632	4
631	633	0
631	633	1
631	633	2
631	633	3
631	633	4
632	633	0
632	633	1
632	633	2
632	633	3
632	633	4
632	634	0
632	634	1
632	634	2
632	634	3
632	634	4
632	635	0
632	635	1
632	635	2
632	635	3
632	635	4
632	636	0
632	636	1
632	636	2
632	636	3
632	636	4
632	637	0
632	637	1
632	637	2
632	637	3
632	637	4
633	634	0
633	634	1
633	634	2
633	634	3
633	634	4
633	635	0
633	635	1
633	635	2
633	635	3
633	635	4
633	636	0
633	636	1
633	636	2
633	636	3
633	636	4
633	637	0
633	637	1
633	637	2
633	637	3
633	637	4
634	635	0
634	635	1
634	635	2
634	635	3
634	635	4
634	636	0
634	636	1
634	636	2
634	636	3
634	636	4
634	637	0
634	637	1
634	637	2
634	637	3
634	637	4
635	636	0
635	636	1
635	636	2
635	636	3
635	636	4
635	637	0
635	637	1
635	637	2
635	637	3
635	637	4
636	637	0
636	637	1
636	637	2
636	637	3
636	637	4
634	638	0
634	638	1
634	638	2
634	638	3
634	638	4
634	639	0
634	639	1
634	639	2
634	639	3
634	639	4
634	640	0
634	640	1
634	640	2
634	640	3
634	640	4
634	641	0
634	641	1
634	641	2
634	641	3
634	641	4
634	642	0
634	642	1
634	642	2
634	642	3
634	642	4
635	638	0
635	638	1
635	638	2
635	638	3
635	638	4
635	639	0
635	639	1
635	639	2
635	639	3
635	639	4
635	640	0
635	640	1
635	640	2
635	640	3
635	640	4
635	641	0
635	641	1
635	641	2
635	641	3
635	641	4
635	642	0
635	642	1
635	642	2
635	642	3
635	642	4
636	638	0
636	638	1
636	638	2
636	638	3
636	638	4
636	639	0
636	639	1
636	639	2
636	639	3
636	639	4
636	640	0
636	640	1
636	640	2
636	640	3
636	640	4
636	641	0
636	641	1
636	641	2
636	641	3
636	641	4
636	642	0
636	642	1
636	642	2
636	642	3
636	642	4
637	638	0
637	638	1
637	638	2
637	638	3
637	638	4
637	639	0
637	639	1
637	639	2
637	639	3
637	639	4
637	640	0
637	640	1
637	640	2
637	640	3
637	640	4
637	641	0
637	641	1
637	641	2
637	641	3
637	641	4
637	642	0
637	642	1
637	642	2
637	642	3
637	642	4
638	639	0
638	639	1
638	639	2
638	639	3
638	639	4
638	640	0
638	640	1
638	640	2
638	640	3
638	640	4
638	641	0
638	641	1
638	641	2
638	641	3
638	641	4
638	642	0
638	642	1
638	642	2
638	642	3
638	642	4
639	640	0
639	640	1
639	640	2
639	640	3
639	640	4
639	641	0
639	641	1
639	641	2
639	641	3
639	641	4
639	642	0
639	642	1
639	642	2
639	642	3
639	642	4
640	641	0
640	641	1
640	641	2
640	641	3
640	641	4
640	642	0
640	642	1
640	642	2
640	642	3
640	642	4
641	642	0
641	642	1
641	642	2
641	642	3
641	642	4
638	643	0
638	643	1
638	643	2
638	643	3
638	643	4
639	643	0
639	643	1
639	643	2
639	643	3
639	643	4
640	643	0
640	643	1
640	643	2
640	643	3
640	643	4
641	643	0
641	643	1
641	643	2
641	643	3
641	643	4
642	643	0
642	643	1
642	643	2
642	643	3
642	643	4
643	644	0
643	644	1
643	644	2
643	644	3
643	644	4
643	645	0
643	645	1
643	645	2
643	645	3
643	645	4
644	645	0
644	645	1
644	645	2
644	645	3
644	645	4
644	646	0
644	646	1
644	646	2
644	646	3
644	646	4
644	647	0
644	647	1
644	647	2
644	647	3
644	647	4
644	648	0
644	648	1
644	648	2
644	648	3
644	648	4
644	649	0
644	649	1
644	649	2
644	649	3
644	649	4
645	646	0
645	646	1
645	646	2
645	646	3
645	646	4
645	647	0
645	647	1
645	647	2
645	647	3
645	647	4
645	648	0
645	648	1
645	648	2
645	648	3
645	648	4
645	649	0
645	649	1
645	649	2
645	649	3
645	649	4
646	647	0
646	647	1
646	647	2
646	647	3
646	647	4
646	648	0
646	648	1
646	648	2
646	648	3
646	648	4
646	649	0
646	649	1
646	649	2
646	649	3
646	649	4
647	648	0
647	648	1
647	648	2
647	648	3
647	648	4
647	649	0
647	649	1
647	649	2
647	649	3
647	649	4
648	649	0
648	649	1
648	649	2
648	649	3
648	649	4
646	650	0
646	650	1
646	650	2
646	650	3
646	650	4
646	651	0
646	651	1
646	651	2
646	651	3
646	651	4
646	652	0
646	652	1
646	652	2
646	652	3
646	652	4
646	653	0
646	653	1
646	653	2
646	653	3
646	653	4
646	654	0
646	654	1
646	654	2
646	654	3
646	654	4
647	650	0
647	650	1
647	650	2
647	650	3
647	650	4
647	651	0
647	651	1
647	651	2
647	651	3
647	651	4
647	652	0
647	652	1
647	652	2
647	652	3
647	652	4
647	653	0
647	653	1
647	653	2
647	653	3
647	653	4
647	654	0
647	654	1
647	654	2
647	654	3
647	654	4
648	650	0
648	650	1
648	650	2
648	650	3
648	650	4
648	651	0
648	651	1
648	651	2
648	651	3
648	651	4
648	652	0
648	652	1
648	652	2
648	652	3
648	652	4
648	653	0
648	653	1
648	653	2
648	653	3
648	653	4
648	654	0
648	654	1
648	654	2
648	654	3
648	654	4
649	650	0
649	650	1
649	650	2
649	650	3
649	650	4
649	651	0
649	651	1
649	651	2
649	651	3
649	651	4
649	652	0
649	652	1
649	652	2
649	652	3
649	652	4
649	653	0
649	653	1
649	653	2
649	653	3
649	653	4
649	654	0
649	654	1
649	654	2
649	654	3
649	654	4
650	651	0
650	651	1
650	651	2
650	651	3
650	651	4
650	652	0
650	652	1
650	652	2
650	652	3
650	652	4
650	653	0
650	653	1
650	653	2
650	653	3
650	653	4
650	654	0
650	654	1
650	654	2
650	654	3
650	654	4
651	652	0
651	652	1
651	652	2
651	652	3
651	652	4
651	653	0
651	653	1
651	653	2
651	653	3
651	653	4
651	654	0
651	654	1
651	654	2
651	654	3
651	654	4
652	653	0
652	653	1
652	653	2
652	653	3
652	653	4
652	654	0
652	654	1
652	654	2
652	654	3
652	654	4
653	654	0
653	654	1
653	654	2
653	654	3
653	654	4
650	655	0
650	655	1
650	655	2
650	655	3
650	655	4
650	656	0
650	656	1
650	656	2
650	656	3
650	656	4
650	657	0
650	657	1
650	657	2
650	657	3
650	657	4
650	658	0
650	658	1
650	658	2
650	658	3
650	658	4
650	659	0
650	659	1
650	659	2
650	659	3
650	659	4
650	660	0
650	660	1
650	660	2
650	660	3
650	660	4
651	655	0
651	655	1
651	655	2
651	655	3
651	655	4
651	656	0
651	656	1
651	656	2
651	656	3
651	656	4
651	657	0
651	657	1
651	657	2
651	657	3
651	657	4
651	658	0
651	658	1
651	658	2
651	658	3
651	658	4
651	659	0
651	659	1
651	659	2
651	659	3
651	659	4
651	660	0
651	660	1
651	660	2
651	660	3
651	660	4
652	655	0
652	655	1
652	655	2
652	655	3
652	655	4
652	656	0
652	656	1
652	656	2
652	656	3
652	656	4
652	657	0
652	657	1
652	657	2
652	657	3
652	657	4
652	658	0
652	658	1
652	658	2
652	658	3
652	658	4
652	659	0
652	659	1
652	659	2
652	659	3
652	659	4
652	660	0
652	660	1
652	660	2
652	660	3
652	660	4
653	655	0
653	655	1
653	655	2
653	655	3
653	655	4
653	656	0
653	656	1
653	656	2
653	656	3
653	656	4
653	657	0
653	657	1
653	657	2
653	657	3
653	657	4
653	658	0
653	658	1
653	658	2
653	658	3
653	658	4
653	659	0
653	659	1
653	659	2
653	659	3
653	659	4
653	660	0
653	660	1
653	660	2
653	660	3
653	660	4
654	655	0
654	655	1
654	655	2
654	655	3
654	655	4
654	656	0
654	656	1
654	656	2
654	656	3
654	656	4
654	657	0
654	657	1
654	657	2
654	657	3
654	657	4
654	658	0
654	658	1
654	658	2
654	658	3
654	658	4
654	659	0
654	659	1
654	659	2
654	659	3
654	659	4
654	660	0
654	660	1
654	660	2
654	660	3
654	660	4
655	656	0
655	656	1
655	656	2
655	656	3
655	656	4
655	657	0
655	657	1
655	657	2
655	657	3
655	657	4
655	658	0
655	658	1
655	658	2
655	658	3
655	658	4
655	659	0
655	659	1
655	659	2
655	659	3
655	659	4
655	660	0
655	660	1
655	660	2
655	660	3
655	660	4
656	657	0
656	657	1
656	657	2
656	657	3
656	657	4
656	658	0
656	658	1
656	658	2
656	658	3
656	658	4
656	659	0
656	659	1
656	659	2
656	659	3
656	659	4
656	660	0
656	660	1
656	660	2
656	660	3
656	660	4
657	658	0
657	658	1
657	658	2
657	658	3
657	658	4
657	659	0
657	659	1
657	659	2
657	659	3
657	659	4
657	660	0
657	660	1
657	660	2
657	660	3
657	660	4
658	659	0
658	659	1
658	659	2
658	659	3
658	659	4
658	660	0
658	660	1
658	660	2
658	660	3
658	660	4
659	660	0
659	660	1
659	660	2
659	660	3
659	660	4
655	661	0
655	661	1
655	661	2
655	661	3
655	661	4
655	662	0
655	662	1
655	662	2
655	662	3
655	662	4
655	663	0
655	663	1
655	663	2
655	663	3
655	663	4
655	664	0
655	664	1
655	664	2
655	664	3
655	664	4
655	665	0
655	665	1
655	665	2
655	665	3
655	665	4
655	666	0
655	666	1
655	666	2
655	666	3
655	666	4
656	661	0
656	661	1
656	661	2
656	661	3
656	661	4
656	662	0
656	662	1
656	662	2
656	662	3
656	662	4
656	663	0
656	663	1
656	663	2
656	663	3
656	663	4
656	664	0
656	664	1
656	664	2
656	664	3
656	664	4
656	665	0
656	665	1
656	665	2
656	665	3
656	665	4
656	666	0
656	666	1
656	666	2
656	666	3
656	666	4
657	661	0
657	661	1
657	661	2
657	661	3
657	661	4
657	662	0
657	662	1
657	662	2
657	662	3
657	662	4
657	663	0
657	663	1
657	663	2
657	663	3
657	663	4
657	664	0
657	664	1
657	664	2
657	664	3
657	664	4
657	665	0
657	665	1
657	665	2
657	665	3
657	665	4
657	666	0
657	666	1
657	666	2
657	666	3
657	666	4
658	661	0
658	661	1
658	661	2
658	661	3
658	661	4
658	662	0
658	662	1
658	662	2
658	662	3
658	662	4
658	663	0
658	663	1
658	663	2
658	663	3
658	663	4
658	664	0
658	664	1
658	664	2
658	664	3
658	664	4
658	665	0
658	665	1
658	665	2
658	665	3
658	665	4
658	666	0
658	666	1
658	666	2
658	666	3
658	666	4
659	661	0
659	661	1
659	661	2
659	661	3
659	661	4
659	662	0
659	662	1
659	662	2
659	662	3
659	662	4
659	663	0
659	663	1
659	663	2
659	663	3
659	663	4
659	664	0
659	664	1
659	664	2
659	664	3
659	664	4
659	665	0
659	665	1
659	665	2
659	665	3
659	665	4
659	666	0
659	666	1
659	666	2
659	666	3
659	666	4
660	661	0
660	661	1
660	661	2
660	661	3
660	661	4
660	662	0
660	662	1
660	662	2
660	662	3
660	662	4
660	663	0
660	663	1
660	663	2
660	663	3
660	663	4
660	664	0
660	664	1
660	664	2
660	664	3
660	664	4
660	665	0
660	665	1
660	665	2
660	665	3
660	665	4
660	666	0
660	666	1
660	666	2
660	666	3
660	666	4
661	662	0
661	662	1
661	662	2
661	662	3
661	662	4
661	663	0
661	663	1
661	663	2
661	663	3
661	663	4
661	664	0
661	664	1
661	664	2
661	664	3
661	664	4
661	665	0
661	665	1
661	665	2
661	665	3
661	665	4
661	666	0
661	666	1
661	666	2
661	666	3
661	666	4
662	663	0
662	663	1
662	663	2
662	663	3
662	663	4
662	664	0
662	664	1
662	664	2
662	664	3
662	664	4
662	665	0
662	665	1
662	665	2
662	665	3
662	665	4
662	666	0
662	666	1
662	666	2
662	666	3
662	666	4
663	664	0
663	664	1
663	664	2
663	664	3
663	664	4
663	665	0
663	665	1
663	665	2
663	665	3
663	665	4
663	666	0
663	666	1
663	666	2
663	666	3
663	666	4
664	665	0
664	665	1
664	665	2
664	665	3
664	665	4
664	666	0
664	666	1
664	666	2
664	666	3
664	666	4
665	666	0
665	666	1
665	666	2
665	666	3
665	666	4
661	667	0
661	667	1
661	667	2
661	667	3
661	667	4
661	668	0
661	668	1
661	668	2
661	668	3
661	668	4
661	669	0
661	669	1
661	669	2
661	669	3
661	669	4
661	670	0
661	670	1
661	670	2
661	670	3
661	670	4
662	667	0
662	667	1
662	667	2
662	667	3
662	667	4
662	668	0
662	668	1
662	668	2
662	668	3
662	668	4
662	669	0
662	669	1
662	669	2
662	669	3
662	669	4
662	670	0
662	670	1
662	670	2
662	670	3
662	670	4
663	667	0
663	667	1
663	667	2
663	667	3
663	667	4
663	668	0
663	668	1
663	668	2
663	668	3
663	668	4
663	669	0
663	669	1
663	669	2
663	669	3
663	669	4
663	670	0
663	670	1
663	670	2
663	670	3
663	670	4
664	667	0
664	667	1
664	667	2
664	667	3
664	667	4
664	668	0
664	668	1
664	668	2
664	668	3
664	668	4
664	669	0
664	669	1
664	669	2
664	669	3
664	669	4
664	670	0
664	670	1
664	670	2
664	670	3
664	670	4
665	667	0
665	667	1
665	667	2
665	667	3
665	667	4
665	668	0
665	668	1
665	668	2
665	668	3
665	668	4
665	669	0
665	669	1
665	669	2
665	669	3
665	669	4
665	670	0
665	670	1
665	670	2
665	670	3
665	670	4
666	667	0
666	667	1
666	667	2
666	667	3
666	667	4
666	668	0
666	668	1
666	668	2
666	668	3
666	668	4
666	669	0
666	669	1
666	669	2
666	669	3
666	669	4
666	670	0
666	670	1
666	670	2
666	670	3
666	670	4
667	668	0
667	668	1
667	668	2
667	668	3
667	668	4
667	669	0
667	669	1
667	669	2
667	669	3
667	669	4
667	670	0
667	670	1
667	670	2
667	670	3
667	670	4
668	669	0
668	669	1
668	669	2
668	669	3
668	669	4
668	670	0
668	670	1
668	670	2
668	670	3
668	670	4
669	670	0
669	670	1
669	670	2
669	670	3
669	670	4
667	671	0
667	671	1
667	671	2
667	671	3
667	671	4
667	672	0
667	672	1
667	672	2
667	672	3
667	672	4
667	673	0
667	673	1
667	673	2
667	673	3
667	673	4
667	674	0
667	674	1
667	674	2
667	674	3
667	674	4
668	671	0
668	671	1
668	671	2
668	671	3
668	671	4
668	672	0
668	672	1
668	672	2
668	672	3
668	672	4
668	673	0
668	673	1
668	673	2
668	673	3
668	673	4
668	674	0
668	674	1
668	674	2
668	674	3
668	674	4
669	671	0
669	671	1
669	671	2
669	671	3
669	671	4
669	672	0
669	672	1
669	672	2
669	672	3
669	672	4
669	673	0
669	673	1
669	673	2
669	673	3
669	673	4
669	674	0
669	674	1
669	674	2
669	674	3
669	674	4
670	671	0
670	671	1
670	671	2
670	671	3
670	671	4
670	672	0
670	672	1
670	672	2
670	672	3
670	672	4
670	673	0
670	673	1
670	673	2
670	673	3
670	673	4
670	674	0
670	674	1
670	674	2
670	674	3
670	674	4
671	672	0
671	672	1
671	672	2
671	672	3
671	672	4
671	673	0
671	673	1
671	673	2
671	673	3
671	673	4
671	674	0
671	674	1
671	674	2
671	674	3
671	674	4
672	673	0
672	673	1
672	673	2
672	673	3
672	673	4
672	674	0
672	674	1
672	674	2
672	674	3
672	674	4
673	674	0
673	674	1
673	674	2
673	674	3
673	674	4
671	675	0
671	675	1
671	675	2
671	675	3
671	675	4
671	676	0
671	676	1
671	676	2
671	676	3
671	676	4
671	677	0
671	677	1
671	677	2
671	677	3
671	677	4
671	678	0
671	678	1
671	678	2
671	678	3
671	678	4
671	679	0
671	679	1
671	679	2
671	679	3
671	679	4
671	680	0
671	680	1
671	680	2
671	680	3
671	680	4
672	675	0
672	675	1
672	675	2
672	675	3
672	675	4
672	676	0
672	676	1
672	676	2
672	676	3
672	676	4
672	677	0
672	677	1
672	677	2
672	677	3
672	677	4
672	678	0
672	678	1
672	678	2
672	678	3
672	678	4
672	679	0
672	679	1
672	679	2
672	679	3
672	679	4
672	680	0
672	680	1
672	680	2
672	680	3
672	680	4
673	675	0
673	675	1
673	675	2
673	675	3
673	675	4
673	676	0
673	676	1
673	676	2
673	676	3
673	676	4
673	677	0
673	677	1
673	677	2
673	677	3
673	677	4
673	678	0
673	678	1
673	678	2
673	678	3
673	678	4
673	679	0
673	679	1
673	679	2
673	679	3
673	679	4
673	680	0
673	680	1
673	680	2
673	680	3
673	680	4
674	675	0
674	675	1
674	675	2
674	675	3
674	675	4
674	676	0
674	676	1
674	676	2
674	676	3
674	676	4
674	677	0
674	677	1
674	677	2
674	677	3
674	677	4
674	678	0
674	678	1
674	678	2
674	678	3
674	678	4
674	679	0
674	679	1
674	679	2
674	679	3
674	679	4
674	680	0
674	680	1
674	680	2
674	680	3
674	680	4
675	676	0
675	676	1
675	676	2
675	676	3
675	676	4
675	677	0
675	677	1
675	677	2
675	677	3
675	677	4
675	678	0
675	678	1
675	678	2
675	678	3
675	678	4
675	679	0
675	679	1
675	679	2
675	679	3
675	679	4
675	680	0
675	680	1
675	680	2
675	680	3
675	680	4
676	677	0
676	677	1
676	677	2
676	677	3
676	677	4
676	678	0
676	678	1
676	678	2
676	678	3
676	678	4
676	679	0
676	679	1
676	679	2
676	679	3
676	679	4
676	680	0
676	680	1
676	680	2
676	680	3
676	680	4
677	678	0
677	678	1
677	678	2
677	678	3
677	678	4
677	679	0
677	679	1
677	679	2
677	679	3
677	679	4
677	680	0
677	680	1
677	680	2
677	680	3
677	680	4
678	679	0
678	679	1
678	679	2
678	679	3
678	679	4
678	680	0
678	680	1
678	680	2
678	680	3
678	680	4
679	680	0
679	680	1
679	680	2
679	680	3
679	680	4
675	681	0
675	681	1
675	681	2
675	681	3
675	681	4
676	681	0
676	681	1
676	681	2
676	681	3
676	681	4
677	681	0
677	681	1
677	681	2
677	681	3
677	681	4
678	681	0
678	681	1
678	681	2
678	681	3
678	681	4
679	681	0
679	681	1
679	681	2
679	681	3
679	681	4
680	681	0
680	681	1
680	681	2
680	681	3
680	681	4
681	682	0
681	682	1
681	682	2
681	682	3
681	682	4
681	683	0
681	683	1
681	683	2
681	683	3
681	683	4
681	684	0
681	684	1
681	684	2
681	684	3
681	684	4
682	683	0
682	683	1
682	683	2
682	683	3
682	683	4
682	684	0
682	684	1
682	684	2
682	684	3
682	684	4
683	684	0
683	684	1
683	684	2
683	684	3
683	684	4
682	685	0
682	685	1
682	685	2
682	685	3
682	685	4
683	685	0
683	685	1
683	685	2
683	685	3
683	685	4
684	685	0
684	685	1
684	685	2
684	685	3
684	685	4
685	686	0
685	686	1
685	686	2
685	686	3
685	686	4
685	687	0
685	687	1
685	687	2
685	687	3
685	687	4
686	687	0
686	687	1
686	687	2
686	687	3
686	687	4
686	688	0
686	688	1
686	688	2
686	688	3
686	688	4
686	689	0
686	689	1
686	689	2
686	689	3
686	689	4
687	688	0
687	688	1
687	688	2
687	688	3
687	688	4
687	689	0
687	689	1
687	689	2
687	689	3
687	689	4
688	689	0
688	689	1
688	689	2
688	689	3
688	689	4
688	690	0
688	690	1
688	690	2
688	690	3
688	690	4
688	691	0
688	691	1
688	691	2
688	691	3
688	691	4
689	690	0
689	690	1
689	690	2
689	690	3
689	690	4
689	691	0
689	691	1
689	691	2
689	691	3
689	691	4
690	691	0
690	691	1
690	691	2
690	691	3
690	691	4
690	692	0
690	692	1
690	692	2
690	692	3
690	692	4
690	693	0
690	693	1
690	693	2
690	693	3
690	693	4
691	692	0
691	692	1
691	692	2
691	692	3
691	692	4
691	693	0
691	693	1
691	693	2
691	693	3
691	693	4
692	693	0
692	693	1
692	693	2
692	693	3
692	693	4
692	694	0
692	694	1
692	694	2
692	694	3
692	694	4
692	695	0
692	695	1
692	695	2
692	695	3
692	695	4
692	696	0
692	696	1
692	696	2
692	696	3
692	696	4
693	694	0
693	694	1
693	694	2
693	694	3
693	694	4
693	695	0
693	695	1
693	695	2
693	695	3
693	695	4
693	696	0
693	696	1
693	696	2
693	696	3
693	696	4
694	695	0
694	695	1
694	695	2
694	695	3
694	695	4
694	696	0
694	696	1
694	696	2
694	696	3
694	696	4
695	696	0
695	696	1
695	696	2
695	696	3
695	696	4
694	697	0
694	697	1
694	697	2
694	697	3
694	697	4
695	697	0
695	697	1
695	697	2
695	697	3
695	697	4
696	697	0
696	697	1
696	697	2
696	697	3
696	697	4
697	698	0
697	698	1
697	698	2
697	698	3
697	698	4
697	699	0
697	699	1
697	699	2
697	699	3
697	699	4
698	699	0
698	699	1
698	699	2
698	699	3
698	699	4
700	701	0
700	701	1
700	701	2
700	701	3
700	701	4
700	702	0
700	702	1
700	702	2
700	702	3
700	702	4
700	703	0
700	703	1
700	703	2
700	703	3
700	703	4
700	704	0
700	704	1
700	704	2
700	704	3
700	704	4
700	705	0
700	705	1
700	705	2
700	705	3
700	705	4
701	702	0
701	702	1
701	702	2
701	702	3
701	702	4
701	703	0
701	703	1
701	703	2
701	703	3
701	703	4
701	704	0
701	704	1
701	704	2
701	704	3
701	704	4
701	705	0
701	705	1
701	705	2
701	705	3
701	705	4
702	703	0
702	703	1
702	703	2
702	703	3
702	703	4
702	704	0
702	704	1
702	704	2
702	704	3
702	704	4
702	705	0
702	705	1
702	705	2
702	705	3
702	705	4
703	704	0
703	704	1
703	704	2
703	704	3
703	704	4
703	705	0
703	705	1
703	705	2
703	705	3
703	705	4
704	705	0
704	705	1
704	705	2
704	705	3
704	705	4
700	706	0
700	706	1
700	706	2
700	706	3
700	706	4
701	706	0
701	706	1
701	706	2
701	706	3
701	706	4
702	706	0
702	706	1
702	706	2
702	706	3
702	706	4
703	706	0
703	706	1
703	706	2
703	706	3
703	706	4
704	706	0
704	706	1
704	706	2
704	706	3
704	706	4
705	706	0
705	706	1
705	706	2
705	706	3
705	706	4
706	707	0
706	707	1
706	707	2
706	707	3
706	707	4
707	708	0
707	708	1
707	708	2
707	708	3
707	708	4
707	709	0
707	709	1
707	709	2
707	709	3
707	709	4
707	710	0
707	710	1
707	710	2
707	710	3
707	710	4
708	709	0
708	709	1
708	709	2
708	709	3
708	709	4
708	710	0
708	710	1
708	710	2
708	710	3
708	710	4
709	710	0
709	710	1
709	710	2
709	710	3
709	710	4
711	712	0
711	712	1
711	712	2
711	712	3
711	712	4
711	713	0
711	713	1
711	713	2
711	713	3
711	713	4
711	714	0
711	714	1
711	714	2
711	714	3
711	714	4
711	715	0
711	715	1
711	715	2
711	715	3
711	715	4
711	716	0
711	716	1
711	716	2
711	716	3
711	716	4
712	713	0
712	713	1
712	713	2
712	713	3
712	713	4
712	714	0
712	714	1
712	714	2
712	714	3
712	714	4
712	715	0
712	715	1
712	715	2
712	715	3
712	715	4
712	716	0
712	716	1
712	716	2
712	716	3
712	716	4
713	714	0
713	714	1
713	714	2
713	714	3
713	714	4
713	715	0
713	715	1
713	715	2
713	715	3
713	715	4
713	716	0
713	716	1
713	716	2
713	716	3
713	716	4
714	715	0
714	715	1
714	715	2
714	715	3
714	715	4
714	716	0
714	716	1
714	716	2
714	716	3
714	716	4
715	716	0
715	716	1
715	716	2
715	716	3
715	716	4
711	717	0
711	717	1
711	717	2
711	717	3
711	717	4
711	718	0
711	718	1
711	718	2
711	718	3
711	718	4
711	719	0
711	719	1
711	719	2
711	719	3
711	719	4
711	720	0
711	720	1
711	720	2
711	720	3
711	720	4
711	721	0
711	721	1
711	721	2
711	721	3
711	721	4
711	722	0
711	722	1
711	722	2
711	722	3
711	722	4
711	723	0
711	723	1
711	723	2
711	723	3
711	723	4
712	717	0
712	717	1
712	717	2
712	717	3
712	717	4
712	718	0
712	718	1
712	718	2
712	718	3
712	718	4
712	719	0
712	719	1
712	719	2
712	719	3
712	719	4
712	720	0
712	720	1
712	720	2
712	720	3
712	720	4
712	721	0
712	721	1
712	721	2
712	721	3
712	721	4
712	722	0
712	722	1
712	722	2
712	722	3
712	722	4
712	723	0
712	723	1
712	723	2
712	723	3
712	723	4
713	717	0
713	717	1
713	717	2
713	717	3
713	717	4
713	718	0
713	718	1
713	718	2
713	718	3
713	718	4
713	719	0
713	719	1
713	719	2
713	719	3
713	719	4
713	720	0
713	720	1
713	720	2
713	720	3
713	720	4
713	721	0
713	721	1
713	721	2
713	721	3
713	721	4
713	722	0
713	722	1
713	722	2
713	722	3
713	722	4
713	723	0
713	723	1
713	723	2
713	723	3
713	723	4
714	717	0
714	717	1
714	717	2
714	717	3
714	717	4
714	718	0
714	718	1
714	718	2
714	718	3
714	718	4
714	719	0
714	719	1
714	719	2
714	719	3
714	719	4
714	720	0
714	720	1
714	720	2
714	720	3
714	720	4
714	721	0
714	721	1
714	721	2
714	721	3
714	721	4
714	722	0
714	722	1
714	722	2
714	722	3
714	722	4
714	723	0
714	723	1
714	723	2
714	723	3
714	723	4
715	717	0
715	717	1
715	717	2
715	717	3
715	717	4
715	718	0
715	718	1
715	718	2
715	718	3
715	718	4
715	719	0
715	719	1
715	719	2
715	719	3
715	719	4
715	720	0
715	720	1
715	720	2
715	720	3
715	720	4
715	721	0
715	721	1
715	721	2
715	721	3
715	721	4
715	722	0
715	722	1
715	722	2
715	722	3
715	722	4
715	723	0
715	723	1
715	723	2
715	723	3
715	723	4
716	717	0
716	717	1
716	717	2
716	717	3
716	717	4
716	718	0
716	718	1
716	718	2
716	718	3
716	718	4
716	719	0
716	719	1
716	719	2
716	719	3
716	719	4
716	720	0
716	720	1
716	720	2
716	720	3
716	720	4
716	721	0
716	721	1
716	721	2
716	721	3
716	721	4
716	722	0
716	722	1
716	722	2
716	722	3
716	722	4
716	723	0
716	723	1
716	723	2
716	723	3
716	723	4
717	718	0
717	718	1
717	718	2
717	718	3
717	718	4
717	719	0
717	719	1
717	719	2
717	719	3
717	719	4
717	720	0
717	720	1
717	720	2
717	720	3
717	720	4
717	721	0
717	721	1
717	721	2
717	721	3
717	721	4
717	722	0
717	722	1
717	722	2
717	722	3
717	722	4
717	723	0
717	723	1
717	723	2
717	723	3
717	723	4
718	719	0
718	719	1
718	719	2
718	719	3
718	719	4
718	720	0
718	720	1
718	720	2
718	720	3
718	720	4
718	721	0
718	721	1
718	721	2
718	721	3
718	721	4
718	722	0
718	722	1
718	722	2
718	722	3
718	722	4
718	723	0
718	723	1
718	723	2
718	723	3
718	723	4
719	720	0
719	720	1
719	720	2
719	720	3
719	720	4
719	721	0
719	721	1
719	721	2
719	721	3
719	721	4
719	722	0
719	722	1
719	722	2
719	722	3
719	722	4
719	723	0
719	723	1
719	723	2
719	723	3
719	723	4
720	721	0
720	721	1
720	721	2
720	721	3
720	721	4
720	722	0
720	722	1
720	722	2
720	722	3
720	722	4
720	723	0
720	723	1
720	723	2
720	723	3
720	723	4
721	722	0
721	722	1
721	722	2
721	722	3
721	722	4
721	723	0
721	723	1
721	723	2
721	723	3
721	723	4
722	723	0
722	723	1
722	723	2
722	723	3
722	723	4
717	724	0
717	724	1
717	724	2
717	724	3
717	724	4
717	725	0
717	725	1
717	725	2
717	725	3
717	725	4
717	726	0
717	726	1
717	726	2
717	726	3
717	726	4
717	727	0
717	727	1
717	727	2
717	727	3
717	727	4
717	728	0
717	728	1
717	728	2
717	728	3
717	728	4
718	724	0
718	724	1
718	724	2
718	724	3
718	724	4
718	725	0
718	725	1
718	725	2
718	725	3
718	725	4
718	726	0
718	726	1
718	726	2
718	726	3
718	726	4
718	727	0
718	727	1
718	727	2
718	727	3
718	727	4
718	728	0
718	728	1
718	728	2
718	728	3
718	728	4
719	724	0
719	724	1
719	724	2
719	724	3
719	724	4
719	725	0
719	725	1
719	725	2
719	725	3
719	725	4
719	726	0
719	726	1
719	726	2
719	726	3
719	726	4
719	727	0
719	727	1
719	727	2
719	727	3
719	727	4
719	728	0
719	728	1
719	728	2
719	728	3
719	728	4
720	724	0
720	724	1
720	724	2
720	724	3
720	724	4
720	725	0
720	725	1
720	725	2
720	725	3
720	725	4
720	726	0
720	726	1
720	726	2
720	726	3
720	726	4
720	727	0
720	727	1
720	727	2
720	727	3
720	727	4
720	728	0
720	728	1
720	728	2
720	728	3
720	728	4
721	724	0
721	724	1
721	724	2
721	724	3
721	724	4
721	725	0
721	725	1
721	725	2
721	725	3
721	725	4
721	726	0
721	726	1
721	726	2
721	726	3
721	726	4
721	727	0
721	727	1
721	727	2
721	727	3
721	727	4
721	728	0
721	728	1
721	728	2
721	728	3
721	728	4
722	724	0
722	724	1
722	724	2
722	724	3
722	724	4
722	725	0
722	725	1
722	725	2
722	725	3
722	725	4
722	726	0
722	726	1
722	726	2
722	726	3
722	726	4
722	727	0
722	727	1
722	727	2
722	727	3
722	727	4
722	728	0
722	728	1
722	728	2
722	728	3
722	728	4
723	724	0
723	724	1
723	724	2
723	724	3
723	724	4
723	725	0
723	725	1
723	725	2
723	725	3
723	725	4
723	726	0
723	726	1
723	726	2
723	726	3
723	726	4
723	727	0
723	727	1
723	727	2
723	727	3
723	727	4
723	728	0
723	728	1
723	728	2
723	728	3
723	728	4
724	725	0
724	725	1
724	725	2
724	725	3
724	725	4
724	726	0
724	726	1
724	726	2
724	726	3
724	726	4
724	727	0
724	727	1
724	727	2
724	727	3
724	727	4
724	728	0
724	728	1
724	728	2
724	728	3
724	728	4
725	726	0
725	726	1
725	726	2
725	726	3
725	726	4
725	727	0
725	727	1
725	727	2
725	727	3
725	727	4
725	728	0
725	728	1
725	728	2
725	728	3
725	728	4
726	727	0
726	727	1
726	727	2
726	727	3
726	727	4
726	728	0
726	728	1
726	728	2
726	728	3
726	728	4
727	728	0
727	728	1
727	728	2
727	728	3
727	728	4
729	730	0
729	730	1
729	730	2
729	730	3
729	730	4
729	731	0
729	731	1
729	731	2
729	731	3
729	731	4
729	732	0
729	732	1
729	732	2
729	732	3
729	732	4
730	731	0
730	731	1
730	731	2
730	731	3
730	731	4
730	732	0
730	732	1
730	732	2
730	732	3
730	732	4
731	732	0
731	732	1
731	732	2
731	732	3
731	732	4
729	733	0
729	733	1
729	733	2
729	733	3
729	733	4
729	734	0
729	734	1
729	734	2
729	734	3
729	734	4
729	735	0
729	735	1
729	735	2
729	735	3
729	735	4
730	733	0
730	733	1
730	733	2
730	733	3
730	733	4
730	734	0
730	734	1
730	734	2
730	734	3
730	734	4
730	735	0
730	735	1
730	735	2
730	735	3
730	735	4
731	733	0
731	733	1
731	733	2
731	733	3
731	733	4
731	734	0
731	734	1
731	734	2
731	734	3
731	734	4
731	735	0
731	735	1
731	735	2
731	735	3
731	735	4
732	733	0
732	733	1
732	733	2
732	733	3
732	733	4
732	734	0
732	734	1
732	734	2
732	734	3
732	734	4
732	735	0
732	735	1
732	735	2
732	735	3
732	735	4
733	734	0
733	734	1
733	734	2
733	734	3
733	734	4
733	735	0
733	735	1
733	735	2
733	735	3
733	735	4
734	735	0
734	735	1
734	735	2
734	735	3
734	735	4
733	736	0
733	736	1
733	736	2
733	736	3
733	736	4
733	737	0
733	737	1
733	737	2
733	737	3
733	737	4
734	736	0
734	736	1
734	736	2
734	736	3
734	736	4
734	737	0
734	737	1
734	737	2
734	737	3
734	737	4
735	736	0
735	736	1
735	736	2
735	736	3
735	736	4
735	737	0
735	737	1
735	737	2
735	737	3
735	737	4
736	737	0
736	737	1
736	737	2
736	737	3
736	737	4
736	738	0
736	738	1
736	738	2
736	738	3
736	738	4
736	739	0
736	739	1
736	739	2
736	739	3
736	739	4
737	738	0
737	738	1
737	738	2
737	738	3
737	738	4
737	739	0
737	739	1
737	739	2
737	739	3
737	739	4
738	739	0
738	739	1
738	739	2
738	739	3
738	739	4
738	740	0
738	740	1
738	740	2
738	740	3
738	740	4
738	741	0
738	741	1
738	741	2
738	741	3
738	741	4
739	740	0
739	740	1
739	740	2
739	740	3
739	740	4
739	741	0
739	741	1
739	741	2
739	741	3
739	741	4
740	741	0
740	741	1
740	741	2
740	741	3
740	741	4
740	742	0
740	742	1
740	742	2
740	742	3
740	742	4
740	743	0
740	743	1
740	743	2
740	743	3
740	743	4
740	744	0
740	744	1
740	744	2
740	744	3
740	744	4
741	742	0
741	742	1
741	742	2
741	742	3
741	742	4
741	743	0
741	743	1
741	743	2
741	743	3
741	743	4
741	744	0
741	744	1
741	744	2
741	744	3
741	744	4
742	743	0
742	743	1
742	743	2
742	743	3
742	743	4
742	744	0
742	744	1
742	744	2
742	744	3
742	744	4
743	744	0
743	744	1
743	744	2
743	744	3
743	744	4
745	746	0
745	746	1
745	746	2
745	746	3
745	746	4
745	747	0
745	747	1
745	747	2
745	747	3
745	747	4
745	748	0
745	748	1
745	748	2
745	748	3
745	748	4
746	747	0
746	747	1
746	747	2
746	747	3
746	747	4
746	748	0
746	748	1
746	748	2
746	748	3
746	748	4
747	748	0
747	748	1
747	748	2
747	748	3
747	748	4
749	750	0
749	750	1
749	750	2
749	750	3
749	750	4
751	752	0
751	752	1
751	752	2
751	752	3
751	752	4
752	753	0
752	753	1
752	753	2
752	753	3
752	753	4
752	754	0
752	754	1
752	754	2
752	754	3
752	754	4
753	754	0
753	754	1
753	754	2
753	754	3
753	754	4
755	756	0
755	756	1
755	756	2
755	756	3
755	756	4
755	757	0
755	757	1
755	757	2
755	757	3
755	757	4
755	758	0
755	758	1
755	758	2
755	758	3
755	758	4
755	759	0
755	759	1
755	759	2
755	759	3
755	759	4
756	757	0
756	757	1
756	757	2
756	757	3
756	757	4
756	758	0
756	758	1
756	758	2
756	758	3
756	758	4
756	759	0
756	759	1
756	759	2
756	759	3
756	759	4
757	758	0
757	758	1
757	758	2
757	758	3
757	758	4
757	759	0
757	759	1
757	759	2
757	759	3
757	759	4
758	759	0
758	759	1
758	759	2
758	759	3
758	759	4
757	760	0
757	760	1
757	760	2
757	760	3
757	760	4
758	760	0
758	760	1
758	760	2
758	760	3
758	760	4
759	760	0
759	760	1
759	760	2
759	760	3
759	760	4
760	761	0
760	761	1
760	761	2
760	761	3
760	761	4
760	762	0
760	762	1
760	762	2
760	762	3
760	762	4
760	763	0
760	763	1
760	763	2
760	763	3
760	763	4
760	764	0
760	764	1
760	764	2
760	764	3
760	764	4
760	765	0
760	765	1
760	765	2
760	765	3
760	765	4
761	762	0
761	762	1
761	762	2
761	762	3
761	762	4
761	763	0
761	763	1
761	763	2
761	763	3
761	763	4
761	764	0
761	764	1
761	764	2
761	764	3
761	764	4
761	765	0
761	765	1
761	765	2
761	765	3
761	765	4
762	763	0
762	763	1
762	763	2
762	763	3
762	763	4
762	764	0
762	764	1
762	764	2
762	764	3
762	764	4
762	765	0
762	765	1
762	765	2
762	765	3
762	765	4
763	764	0
763	764	1
763	764	2
763	764	3
763	764	4
763	765	0
763	765	1
763	765	2
763	765	3
763	765	4
764	765	0
764	765	1
764	765	2
764	765	3
764	765	4
761	766	0
761	766	1
761	766	2
761	766	3
761	766	4
761	767	0
761	767	1
761	767	2
761	767	3
761	767	4
762	766	0
762	766	1
762	766	2
762	766	3
762	766	4
762	767	0
762	767	1
762	767	2
762	767	3
762	767	4
763	766	0
763	766	1
763	766	2
763	766	3
763	766	4
763	767	0
763	767	1
763	767	2
763	767	3
763	767	4
764	766	0
764	766	1
764	766	2
764	766	3
764	766	4
764	767	0
764	767	1
764	767	2
764	767	3
764	767	4
765	766	0
765	766	1
765	766	2
765	766	3
765	766	4
765	767	0
765	767	1
765	767	2
765	767	3
765	767	4
766	767	0
766	767	1
766	767	2
766	767	3
766	767	4
766	768	0
766	768	1
766	768	2
766	768	3
766	768	4
766	769	0
766	769	1
766	769	2
766	769	3
766	769	4
766	770	0
766	770	1
766	770	2
766	770	3
766	770	4
767	768	0
767	768	1
767	768	2
767	768	3
767	768	4
767	769	0
767	769	1
767	769	2
767	769	3
767	769	4
767	770	0
767	770	1
767	770	2
767	770	3
767	770	4
768	769	0
768	769	1
768	769	2
768	769	3
768	769	4
768	770	0
768	770	1
768	770	2
768	770	3
768	770	4
769	770	0
769	770	1
769	770	2
769	770	3
769	770	4
768	771	0
768	771	1
768	771	2
768	771	3
768	771	4
768	772	0
768	772	1
768	772	2
768	772	3
768	772	4
769	771	0
769	771	1
769	771	2
769	771	3
769	771	4
769	772	0
769	772	1
769	772	2
769	772	3
769	772	4
770	771	0
770	771	1
770	771	2
770	771	3
770	771	4
770	772	0
770	772	1
770	772	2
770	772	3
770	772	4
771	772	0
771	772	1
771	772	2
771	772	3
771	772	4
771	773	0
771	773	1
771	773	2
771	773	3
771	773	4
771	774	0
771	774	1
771	774	2
771	774	3
771	774	4
772	773	0
772	773	1
772	773	2
772	773	3
772	773	4
772	774	0
772	774	1
772	774	2
772	774	3
772	774	4
773	774	0
773	774	1
773	774	2
773	774	3
773	774	4
775	776	0
775	776	1
775	776	2
775	776	3
775	776	4
775	777	0
775	777	1
775	777	2
775	777	3
775	777	4
775	778	0
775	778	1
775	778	2
775	778	3
775	778	4
776	777	0
776	777	1
776	777	2
776	777	3
776	777	4
776	778	0
776	778	1
776	778	2
776	778	3
776	778	4
777	778	0
777	778	1
777	778	2
777	778	3
777	778	4
775	779	0
775	779	1
775	779	2
775	779	3
775	779	4
775	780	0
775	780	1
775	780	2
775	780	3
775	780	4
776	779	0
776	779	1
776	779	2
776	779	3
776	779	4
776	780	0
776	780	1
776	780	2
776	780	3
776	780	4
777	779	0
777	779	1
777	779	2
777	779	3
777	779	4
777	780	0
777	780	1
777	780	2
777	780	3
777	780	4
778	779	0
778	779	1
778	779	2
778	779	3
778	779	4
778	780	0
778	780	1
778	780	2
778	780	3
778	780	4
779	780	0
779	780	1
779	780	2
779	780	3
779	780	4
779	781	0
779	781	1
779	781	2
779	781	3
779	781	4
779	782	0
779	782	1
779	782	2
779	782	3
779	782	4
780	781	0
780	781	1
780	781	2
780	781	3
780	781	4
780	782	0
780	782	1
780	782	2
780	782	3
780	782	4
781	782	0
781	782	1
781	782	2
781	782	3
781	782	4
781	783	0
781	783	1
781	783	2
781	783	3
781	783	4
781	784	0
781	784	1
781	784	2
781	784	3
781	784	4
781	785	0
781	785	1
781	785	2
781	785	3
781	785	4
781	786	0
781	786	1
781	786	2
781	786	3
781	786	4
782	783	0
782	783	1
782	783	2
782	783	3
782	783	4
782	784	0
782	784	1
782	784	2
782	784	3
782	784	4
782	785	0
782	785	1
782	785	2
782	785	3
782	785	4
782	786	0
782	786	1
782	786	2
782	786	3
782	786	4
783	784	0
783	784	1
783	784	2
783	784	3
783	784	4
783	785	0
783	785	1
783	785	2
783	785	3
783	785	4
783	786	0
783	786	1
783	786	2
783	786	3
783	786	4
784	785	0
784	785	1
784	785	2
784	785	3
784	785	4
784	786	0
784	786	1
784	786	2
784	786	3
784	786	4
785	786	0
785	786	1
785	786	2
785	786	3
785	786	4
783	787	0
783	787	1
783	787	2
783	787	3
783	787	4
783	788	0
783	788	1
783	788	2
783	788	3
783	788	4
783	789	0
783	789	1
783	789	2
783	789	3
783	789	4
784	787	0
784	787	1
784	787	2
784	787	3
784	787	4
784	788	0
784	788	1
784	788	2
784	788	3
784	788	4
784	789	0
784	789	1
784	789	2
784	789	3
784	789	4
785	787	0
785	787	1
785	787	2
785	787	3
785	787	4
785	788	0
785	788	1
785	788	2
785	788	3
785	788	4
785	789	0
785	789	1
785	789	2
785	789	3
785	789	4
786	787	0
786	787	1
786	787	2
786	787	3
786	787	4
786	788	0
786	788	1
786	788	2
786	788	3
786	788	4
786	789	0
786	789	1
786	789	2
786	789	3
786	789	4
787	788	0
787	788	1
787	788	2
787	788	3
787	788	4
787	789	0
787	789	1
787	789	2
787	789	3
787	789	4
788	789	0
788	789	1
788	789	2
788	789	3
788	789	4
787	790	0
787	790	1
787	790	2
787	790	3
787	790	4
787	791	0
787	791	1
787	791	2
787	791	3
787	791	4
787	792	0
787	792	1
787	792	2
787	792	3
787	792	4
788	790	0
788	790	1
788	790	2
788	790	3
788	790	4
788	791	0
788	791	1
788	791	2
788	791	3
788	791	4
788	792	0
788	792	1
788	792	2
788	792	3
788	792	4
789	790	0
789	790	1
789	790	2
789	790	3
789	790	4
789	791	0
789	791	1
789	791	2
789	791	3
789	791	4
789	792	0
789	792	1
789	792	2
789	792	3
789	792	4
790	791	0
790	791	1
790	791	2
790	791	3
790	791	4
790	792	0
790	792	1
790	792	2
790	792	3
790	792	4
791	792	0
791	792	1
791	792	2
791	792	3
791	792	4
790	793	0
790	793	1
790	793	2
790	793	3
790	793	4
791	793	0
791	793	1
791	793	2
791	793	3
791	793	4
792	793	0
792	793	1
792	793	2
792	793	3
792	793	4
794	795	0
794	795	1
794	795	2
794	795	3
794	795	4
794	796	0
794	796	1
794	796	2
794	796	3
794	796	4
794	797	0
794	797	1
794	797	2
794	797	3
794	797	4
794	798	0
794	798	1
794	798	2
794	798	3
794	798	4
794	799	0
794	799	1
794	799	2
794	799	3
794	799	4
795	796	0
795	796	1
795	796	2
795	796	3
795	796	4
795	797	0
795	797	1
795	797	2
795	797	3
795	797	4
795	798	0
795	798	1
795	798	2
795	798	3
795	798	4
795	799	0
795	799	1
795	799	2
795	799	3
795	799	4
796	797	0
796	797	1
796	797	2
796	797	3
796	797	4
796	798	0
796	798	1
796	798	2
796	798	3
796	798	4
796	799	0
796	799	1
796	799	2
796	799	3
796	799	4
797	798	0
797	798	1
797	798	2
797	798	3
797	798	4
797	799	0
797	799	1
797	799	2
797	799	3
797	799	4
798	799	0
798	799	1
798	799	2
798	799	3
798	799	4
794	800	0
794	800	1
794	800	2
794	800	3
794	800	4
794	801	0
794	801	1
794	801	2
794	801	3
794	801	4
794	802	0
794	802	1
794	802	2
794	802	3
794	802	4
795	800	0
795	800	1
795	800	2
795	800	3
795	800	4
795	801	0
795	801	1
795	801	2
795	801	3
795	801	4
795	802	0
795	802	1
795	802	2
795	802	3
795	802	4
796	800	0
796	800	1
796	800	2
796	800	3
796	800	4
796	801	0
796	801	1
796	801	2
796	801	3
796	801	4
796	802	0
796	802	1
796	802	2
796	802	3
796	802	4
797	800	0
797	800	1
797	800	2
797	800	3
797	800	4
797	801	0
797	801	1
797	801	2
797	801	3
797	801	4
797	802	0
797	802	1
797	802	2
797	802	3
797	802	4
798	800	0
798	800	1
798	800	2
798	800	3
798	800	4
798	801	0
798	801	1
798	801	2
798	801	3
798	801	4
798	802	0
798	802	1
798	802	2
798	802	3
798	802	4
799	800	0
799	800	1
799	800	2
799	800	3
799	800	4
799	801	0
799	801	1
799	801	2
799	801	3
799	801	4
799	802	0
799	802	1
799	802	2
799	802	3
799	802	4
800	801	0
800	801	1
800	801	2
800	801	3
800	801	4
800	802	0
800	802	1
800	802	2
800	802	3
800	802	4
801	802	0
801	802	1
801	802	2
801	802	3
801	802	4
803	804	0
803	804	1
803	804	2
803	804	3
803	804	4
803	805	0
803	805	1
803	805	2
803	805	3
803	805	4
803	806	0
803	806	1
803	806	2
803	806	3
803	806	4
803	807	0
803	807	1
803	807	2
803	807	3
803	807	4
804	805	0
804	805	1
804	805	2
804	805	3
804	805	4
804	806	0
804	806	1
804	806	2
804	806	3
804	806	4
804	807	0
804	807	1
804	807	2
804	807	3
804	807	4
805	806	0
805	806	1
805	806	2
805	806	3
805	806	4
805	807	0
805	807	1
805	807	2
805	807	3
805	807	4
806	807	0
806	807	1
806	807	2
806	807	3
806	807	4
805	808	0
805	808	1
805	808	2
805	808	3
805	808	4
806	808	0
806	808	1
806	808	2
806	808	3
806	808	4
807	808	0
807	808	1
807	808	2
807	808	3
807	808	4
808	809	0
808	809	1
808	809	2
808	809	3
808	809	4
808	810	0
808	810	1
808	810	2
808	810	3
808	810	4
808	811	0
808	811	1
808	811	2
808	811	3
808	811	4
808	812	0
808	812	1
808	812	2
808	812	3
808	812	4
808	813	0
808	813	1
808	813	2
808	813	3
808	813	4
809	810	0
809	810	1
809	810	2
809	810	3
809	810	4
809	811	0
809	811	1
809	811	2
809	811	3
809	811	4
809	812	0
809	812	1
809	812	2
809	812	3
809	812	4
809	813	0
809	813	1
809	813	2
809	813	3
809	813	4
810	811	0
810	811	1
810	811	2
810	811	3
810	811	4
810	812	0
810	812	1
810	812	2
810	812	3
810	812	4
810	813	0
810	813	1
810	813	2
810	813	3
810	813	4
811	812	0
811	812	1
811	812	2
811	812	3
811	812	4
811	813	0
811	813	1
811	813	2
811	813	3
811	813	4
812	813	0
812	813	1
812	813	2
812	813	3
812	813	4
809	814	0
809	814	1
809	814	2
809	814	3
809	814	4
809	815	0
809	815	1
809	815	2
809	815	3
809	815	4
809	816	0
809	816	1
809	816	2
809	816	3
809	816	4
810	814	0
810	814	1
810	814	2
810	814	3
810	814	4
810	815	0
810	815	1
810	815	2
810	815	3
810	815	4
810	816	0
810	816	1
810	816	2
810	816	3
810	816	4
811	814	0
811	814	1
811	814	2
811	814	3
811	814	4
811	815	0
811	815	1
811	815	2
811	815	3
811	815	4
811	816	0
811	816	1
811	816	2
811	816	3
811	816	4
812	814	0
812	814	1
812	814	2
812	814	3
812	814	4
812	815	0
812	815	1
812	815	2
812	815	3
812	815	4
812	816	0
812	816	1
812	816	2
812	816	3
812	816	4
813	814	0
813	814	1
813	814	2
813	814	3
813	814	4
813	815	0
813	815	1
813	815	2
813	815	3
813	815	4
813	816	0
813	816	1
813	816	2
813	816	3
813	816	4
814	815	0
814	815	1
814	815	2
814	815	3
814	815	4
814	816	0
814	816	1
814	816	2
814	816	3
814	816	4
815	816	0
815	816	1
815	816	2
815	816	3
815	816	4
814	817	0
814	817	1
814	817	2
814	817	3
814	817	4
814	818	0
814	818	1
814	818	2
814	818	3
814	818	4
814	819	0
814	819	1
814	819	2
814	819	3
814	819	4
814	820	0
814	820	1
814	820	2
814	820	3
814	820	4
814	821	0
814	821	1
814	821	2
814	821	3
814	821	4
814	822	0
814	822	1
814	822	2
814	822	3
814	822	4
814	823	0
814	823	1
814	823	2
814	823	3
814	823	4
814	824	0
814	824	1
814	824	2
814	824	3
814	824	4
814	825	0
814	825	1
814	825	2
814	825	3
814	825	4
815	817	0
815	817	1
815	817	2
815	817	3
815	817	4
815	818	0
815	818	1
815	818	2
815	818	3
815	818	4
815	819	0
815	819	1
815	819	2
815	819	3
815	819	4
815	820	0
815	820	1
815	820	2
815	820	3
815	820	4
815	821	0
815	821	1
815	821	2
815	821	3
815	821	4
815	822	0
815	822	1
815	822	2
815	822	3
815	822	4
815	823	0
815	823	1
815	823	2
815	823	3
815	823	4
815	824	0
815	824	1
815	824	2
815	824	3
815	824	4
815	825	0
815	825	1
815	825	2
815	825	3
815	825	4
816	817	0
816	817	1
816	817	2
816	817	3
816	817	4
816	818	0
816	818	1
816	818	2
816	818	3
816	818	4
816	819	0
816	819	1
816	819	2
816	819	3
816	819	4
816	820	0
816	820	1
816	820	2
816	820	3
816	820	4
816	821	0
816	821	1
816	821	2
816	821	3
816	821	4
816	822	0
816	822	1
816	822	2
816	822	3
816	822	4
816	823	0
816	823	1
816	823	2
816	823	3
816	823	4
816	824	0
816	824	1
816	824	2
816	824	3
816	824	4
816	825	0
816	825	1
816	825	2
816	825	3
816	825	4
817	818	0
817	818	1
817	818	2
817	818	3
817	818	4
817	819	0
817	819	1
817	819	2
817	819	3
817	819	4
817	820	0
817	820	1
817	820	2
817	820	3
817	820	4
817	821	0
817	821	1
817	821	2
817	821	3
817	821	4
817	822	0
817	822	1
817	822	2
817	822	3
817	822	4
817	823	0
817	823	1
817	823	2
817	823	3
817	823	4
817	824	0
817	824	1
817	824	2
817	824	3
817	824	4
817	825	0
817	825	1
817	825	2
817	825	3
817	825	4
818	819	0
818	819	1
818	819	2
818	819	3
818	819	4
818	820	0
818	820	1
818	820	2
818	820	3
818	820	4
818	821	0
818	821	1
818	821	2
818	821	3
818	821	4
818	822	0
818	822	1
818	822	2
818	822	3
818	822	4
818	823	0
818	823	1
818	823	2
818	823	3
818	823	4
818	824	0
818	824	1
818	824	2
818	824	3
818	824	4
818	825	0
818	825	1
818	825	2
818	825	3
818	825	4
819	820	0
819	820	1
819	820	2
819	820	3
819	820	4
819	821	0
819	821	1
819	821	2
819	821	3
819	821	4
819	822	0
819	822	1
819	822	2
819	822	3
819	822	4
819	823	0
819	823	1
819	823	2
819	823	3
819	823	4
819	824	0
819	824	1
819	824	2
819	824	3
819	824	4
819	825	0
819	825	1
819	825	2
819	825	3
819	825	4
820	821	0
820	821	1
820	821	2
820	821	3
820	821	4
820	822	0
820	822	1
820	822	2
820	822	3
820	822	4
820	823	0
820	823	1
820	823	2
820	823	3
820	823	4
820	824	0
820	824	1
820	824	2
820	824	3
820	824	4
820	825	0
820	825	1
820	825	2
820	825	3
820	825	4
821	822	0
821	822	1
821	822	2
821	822	3
821	822	4
821	823	0
821	823	1
821	823	2
821	823	3
821	823	4
821	824	0
821	824	1
821	824	2
821	824	3
821	824	4
821	825	0
821	825	1
821	825	2
821	825	3
821	825	4
822	823	0
822	823	1
822	823	2
822	823	3
822	823	4
822	824	0
822	824	1
822	824	2
822	824	3
822	824	4
822	825	0
822	825	1
822	825	2
822	825	3
822	825	4
823	824	0
823	824	1
823	824	2
823	824	3
823	824	4
823	825	0
823	825	1
823	825	2
823	825	3
823	825	4
824	825	0
824	825	1
824	825	2
824	825	3
824	825	4
817	826	0
817	826	1
817	826	2
817	826	3
817	826	4
817	827	0
817	827	1
817	827	2
817	827	3
817	827	4
817	828	0
817	828	1
817	828	2
817	828	3
817	828	4
818	826	0
818	826	1
818	826	2
818	826	3
818	826	4
818	827	0
818	827	1
818	827	2
818	827	3
818	827	4
818	828	0
818	828	1
818	828	2
818	828	3
818	828	4
819	826	0
819	826	1
819	826	2
819	826	3
819	826	4
819	827	0
819	827	1
819	827	2
819	827	3
819	827	4
819	828	0
819	828	1
819	828	2
819	828	3
819	828	4
820	826	0
820	826	1
820	826	2
820	826	3
820	826	4
820	827	0
820	827	1
820	827	2
820	827	3
820	827	4
820	828	0
820	828	1
820	828	2
820	828	3
820	828	4
821	826	0
821	826	1
821	826	2
821	826	3
821	826	4
821	827	0
821	827	1
821	827	2
821	827	3
821	827	4
821	828	0
821	828	1
821	828	2
821	828	3
821	828	4
822	826	0
822	826	1
822	826	2
822	826	3
822	826	4
822	827	0
822	827	1
822	827	2
822	827	3
822	827	4
822	828	0
822	828	1
822	828	2
822	828	3
822	828	4
823	826	0
823	826	1
823	826	2
823	826	3
823	826	4
823	827	0
823	827	1
823	827	2
823	827	3
823	827	4
823	828	0
823	828	1
823	828	2
823	828	3
823	828	4
824	826	0
824	826	1
824	826	2
824	826	3
824	826	4
824	827	0
824	827	1
824	827	2
824	827	3
824	827	4
824	828	0
824	828	1
824	828	2
824	828	3
824	828	4
825	826	0
825	826	1
825	826	2
825	826	3
825	826	4
825	827	0
825	827	1
825	827	2
825	827	3
825	827	4
825	828	0
825	828	1
825	828	2
825	828	3
825	828	4
826	827	0
826	827	1
826	827	2
826	827	3
826	827	4
826	828	0
826	828	1
826	828	2
826	828	3
826	828	4
827	828	0
827	828	1
827	828	2
827	828	3
827	828	4
826	829	0
826	829	1
826	829	2
826	829	3
826	829	4
826	830	0
826	830	1
826	830	2
826	830	3
826	830	4
827	829	0
827	829	1
827	829	2
827	829	3
827	829	4
827	830	0
827	830	1
827	830	2
827	830	3
827	830	4
828	829	0
828	829	1
828	829	2
828	829	3
828	829	4
828	830	0
828	830	1
828	830	2
828	830	3
828	830	4
829	830	0
829	830	1
829	830	2
829	830	3
829	830	4
829	831	0
829	831	1
829	831	2
829	831	3
829	831	4
829	832	0
829	832	1
829	832	2
829	832	3
829	832	4
830	831	0
830	831	1
830	831	2
830	831	3
830	831	4
830	832	0
830	832	1
830	832	2
830	832	3
830	832	4
831	832	0
831	832	1
831	832	2
831	832	3
831	832	4
833	834	0
833	834	1
833	834	2
833	834	3
833	834	4
833	835	0
833	835	1
833	835	2
833	835	3
833	835	4
833	836	0
833	836	1
833	836	2
833	836	3
833	836	4
833	837	0
833	837	1
833	837	2
833	837	3
833	837	4
833	838	0
833	838	1
833	838	2
833	838	3
833	838	4
834	835	0
834	835	1
834	835	2
834	835	3
834	835	4
834	836	0
834	836	1
834	836	2
834	836	3
834	836	4
834	837	0
834	837	1
834	837	2
834	837	3
834	837	4
834	838	0
834	838	1
834	838	2
834	838	3
834	838	4
835	836	0
835	836	1
835	836	2
835	836	3
835	836	4
835	837	0
835	837	1
835	837	2
835	837	3
835	837	4
835	838	0
835	838	1
835	838	2
835	838	3
835	838	4
836	837	0
836	837	1
836	837	2
836	837	3
836	837	4
836	838	0
836	838	1
836	838	2
836	838	3
836	838	4
837	838	0
837	838	1
837	838	2
837	838	3
837	838	4
833	839	0
833	839	1
833	839	2
833	839	3
833	839	4
833	840	0
833	840	1
833	840	2
833	840	3
833	840	4
833	841	0
833	841	1
833	841	2
833	841	3
833	841	4
833	842	0
833	842	1
833	842	2
833	842	3
833	842	4
833	843	0
833	843	1
833	843	2
833	843	3
833	843	4
834	839	0
834	839	1
834	839	2
834	839	3
834	839	4
834	840	0
834	840	1
834	840	2
834	840	3
834	840	4
834	841	0
834	841	1
834	841	2
834	841	3
834	841	4
834	842	0
834	842	1
834	842	2
834	842	3
834	842	4
834	843	0
834	843	1
834	843	2
834	843	3
834	843	4
835	839	0
835	839	1
835	839	2
835	839	3
835	839	4
835	840	0
835	840	1
835	840	2
835	840	3
835	840	4
835	841	0
835	841	1
835	841	2
835	841	3
835	841	4
835	842	0
835	842	1
835	842	2
835	842	3
835	842	4
835	843	0
835	843	1
835	843	2
835	843	3
835	843	4
836	839	0
836	839	1
836	839	2
836	839	3
836	839	4
836	840	0
836	840	1
836	840	2
836	840	3
836	840	4
836	841	0
836	841	1
836	841	2
836	841	3
836	841	4
836	842	0
836	842	1
836	842	2
836	842	3
836	842	4
836	843	0
836	843	1
836	843	2
836	843	3
836	843	4
837	839	0
837	839	1
837	839	2
837	839	3
837	839	4
837	840	0
837	840	1
837	840	2
837	840	3
837	840	4
837	841	0
837	841	1
837	841	2
837	841	3
837	841	4
837	842	0
837	842	1
837	842	2
837	842	3
837	842	4
837	843	0
837	843	1
837	843	2
837	843	3
837	843	4
838	839	0
838	839	1
838	839	2
838	839	3
838	839	4
838	840	0
838	840	1
838	840	2
838	840	3
838	840	4
838	841	0
838	841	1
838	841	2
838	841	3
838	841	4
838	842	0
838	842	1
838	842	2
838	842	3
838	842	4
838	843	0
838	843	1
838	843	2
838	843	3
838	843	4
839	840	0
839	840	1
839	840	2
839	840	3
839	840	4
839	841	0
839	841	1
839	841	2
839	841	3
839	841	4
839	842	0
839	842	1
839	842	2
839	842	3
839	842	4
839	843	0
839	843	1
839	843	2
839	843	3
839	843	4
840	841	0
840	841	1
840	841	2
840	841	3
840	841	4
840	842	0
840	842	1
840	842	2
840	842	3
840	842	4
840	843	0
840	843	1
840	843	2
840	843	3
840	843	4
841	842	0
841	842	1
841	842	2
841	842	3
841	842	4
841	843	0
841	843	1
841	843	2
841	843	3
841	843	4
842	843	0
842	843	1
842	843	2
842	843	3
842	843	4
839	844	0
839	844	1
839	844	2
839	844	3
839	844	4
839	845	0
839	845	1
839	845	2
839	845	3
839	845	4
839	846	0
839	846	1
839	846	2
839	846	3
839	846	4
839	847	0
839	847	1
839	847	2
839	847	3
839	847	4
840	844	0
840	844	1
840	844	2
840	844	3
840	844	4
840	845	0
840	845	1
840	845	2
840	845	3
840	845	4
840	846	0
840	846	1
840	846	2
840	846	3
840	846	4
840	847	0
840	847	1
840	847	2
840	847	3
840	847	4
841	844	0
841	844	1
841	844	2
841	844	3
841	844	4
841	845	0
841	845	1
841	845	2
841	845	3
841	845	4
841	846	0
841	846	1
841	846	2
841	846	3
841	846	4
841	847	0
841	847	1
841	847	2
841	847	3
841	847	4
842	844	0
842	844	1
842	844	2
842	844	3
842	844	4
842	845	0
842	845	1
842	845	2
842	845	3
842	845	4
842	846	0
842	846	1
842	846	2
842	846	3
842	846	4
842	847	0
842	847	1
842	847	2
842	847	3
842	847	4
843	844	0
843	844	1
843	844	2
843	844	3
843	844	4
843	845	0
843	845	1
843	845	2
843	845	3
843	845	4
843	846	0
843	846	1
843	846	2
843	846	3
843	846	4
843	847	0
843	847	1
843	847	2
843	847	3
843	847	4
844	845	0
844	845	1
844	845	2
844	845	3
844	845	4
844	846	0
844	846	1
844	846	2
844	846	3
844	846	4
844	847	0
844	847	1
844	847	2
844	847	3
844	847	4
845	846	0
845	846	1
845	846	2
845	846	3
845	846	4
845	847	0
845	847	1
845	847	2
845	847	3
845	847	4
846	847	0
846	847	1
846	847	2
846	847	3
846	847	4
844	848	0
844	848	1
844	848	2
844	848	3
844	848	4
845	848	0
845	848	1
845	848	2
845	848	3
845	848	4
846	848	0
846	848	1
846	848	2
846	848	3
846	848	4
847	848	0
847	848	1
847	848	2
847	848	3
847	848	4
849	850	0
849	850	1
849	850	2
849	850	3
849	850	4
849	851	0
849	851	1
849	851	2
849	851	3
849	851	4
849	852	0
849	852	1
849	852	2
849	852	3
849	852	4
850	851	0
850	851	1
850	851	2
850	851	3
850	851	4
850	852	0
850	852	1
850	852	2
850	852	3
850	852	4
851	852	0
851	852	1
851	852	2
851	852	3
851	852	4
849	853	0
849	853	1
849	853	2
849	853	3
849	853	4
850	853	0
850	853	1
850	853	2
850	853	3
850	853	4
851	853	0
851	853	1
851	853	2
851	853	3
851	853	4
852	853	0
852	853	1
852	853	2
852	853	3
852	853	4
853	854	0
853	854	1
853	854	2
853	854	3
853	854	4
853	855	0
853	855	1
853	855	2
853	855	3
853	855	4
853	856	0
853	856	1
853	856	2
853	856	3
853	856	4
853	857	0
853	857	1
853	857	2
853	857	3
853	857	4
853	858	0
853	858	1
853	858	2
853	858	3
853	858	4
853	859	0
853	859	1
853	859	2
853	859	3
853	859	4
854	855	0
854	855	1
854	855	2
854	855	3
854	855	4
854	856	0
854	856	1
854	856	2
854	856	3
854	856	4
854	857	0
854	857	1
854	857	2
854	857	3
854	857	4
854	858	0
854	858	1
854	858	2
854	858	3
854	858	4
854	859	0
854	859	1
854	859	2
854	859	3
854	859	4
855	856	0
855	856	1
855	856	2
855	856	3
855	856	4
855	857	0
855	857	1
855	857	2
855	857	3
855	857	4
855	858	0
855	858	1
855	858	2
855	858	3
855	858	4
855	859	0
855	859	1
855	859	2
855	859	3
855	859	4
856	857	0
856	857	1
856	857	2
856	857	3
856	857	4
856	858	0
856	858	1
856	858	2
856	858	3
856	858	4
856	859	0
856	859	1
856	859	2
856	859	3
856	859	4
857	858	0
857	858	1
857	858	2
857	858	3
857	858	4
857	859	0
857	859	1
857	859	2
857	859	3
857	859	4
858	859	0
858	859	1
858	859	2
858	859	3
858	859	4
854	860	0
854	860	1
854	860	2
854	860	3
854	860	4
854	861	0
854	861	1
854	861	2
854	861	3
854	861	4
855	860	0
855	860	1
855	860	2
855	860	3
855	860	4
855	861	0
855	861	1
855	861	2
855	861	3
855	861	4
856	860	0
856	860	1
856	860	2
856	860	3
856	860	4
856	861	0
856	861	1
856	861	2
856	861	3
856	861	4
857	860	0
857	860	1
857	860	2
857	860	3
857	860	4
857	861	0
857	861	1
857	861	2
857	861	3
857	861	4
858	860	0
858	860	1
858	860	2
858	860	3
858	860	4
858	861	0
858	861	1
858	861	2
858	861	3
858	861	4
859	860	0
859	860	1
859	860	2
859	860	3
859	860	4
859	861	0
859	861	1
859	861	2
859	861	3
859	861	4
860	861	0
860	861	1
860	861	2
860	861	3
860	861	4
862	863	0
862	863	1
862	863	2
862	863	3
862	863	4
862	864	0
862	864	1
862	864	2
862	864	3
862	864	4
862	865	0
862	865	1
862	865	2
862	865	3
862	865	4
862	866	0
862	866	1
862	866	2
862	866	3
862	866	4
862	867	0
862	867	1
862	867	2
862	867	3
862	867	4
863	864	0
863	864	1
863	864	2
863	864	3
863	864	4
863	865	0
863	865	1
863	865	2
863	865	3
863	865	4
863	866	0
863	866	1
863	866	2
863	866	3
863	866	4
863	867	0
863	867	1
863	867	2
863	867	3
863	867	4
864	865	0
864	865	1
864	865	2
864	865	3
864	865	4
864	866	0
864	866	1
864	866	2
864	866	3
864	866	4
864	867	0
864	867	1
864	867	2
864	867	3
864	867	4
865	866	0
865	866	1
865	866	2
865	866	3
865	866	4
865	867	0
865	867	1
865	867	2
865	867	3
865	867	4
866	867	0
866	867	1
866	867	2
866	867	3
866	867	4
868	869	0
868	869	1
868	869	2
868	869	3
868	869	4
868	870	0
868	870	1
868	870	2
868	870	3
868	870	4
868	871	0
868	871	1
868	871	2
868	871	3
868	871	4
869	870	0
869	870	1
869	870	2
869	870	3
869	870	4
869	871	0
869	871	1
869	871	2
869	871	3
869	871	4
870	871	0
870	871	1
870	871	2
870	871	3
870	871	4
870	872	0
870	872	1
870	872	2
870	872	3
870	872	4
870	873	0
870	873	1
870	873	2
870	873	3
870	873	4
870	874	0
870	874	1
870	874	2
870	874	3
870	874	4
870	875	0
870	875	1
870	875	2
870	875	3
870	875	4
871	872	0
871	872	1
871	872	2
871	872	3
871	872	4
871	873	0
871	873	1
871	873	2
871	873	3
871	873	4
871	874	0
871	874	1
871	874	2
871	874	3
871	874	4
871	875	0
871	875	1
871	875	2
871	875	3
871	875	4
872	873	0
872	873	1
872	873	2
872	873	3
872	873	4
872	874	0
872	874	1
872	874	2
872	874	3
872	874	4
872	875	0
872	875	1
872	875	2
872	875	3
872	875	4
873	874	0
873	874	1
873	874	2
873	874	3
873	874	4
873	875	0
873	875	1
873	875	2
873	875	3
873	875	4
874	875	0
874	875	1
874	875	2
874	875	3
874	875	4
872	876	0
872	876	1
872	876	2
872	876	3
872	876	4
872	877	0
872	877	1
872	877	2
872	877	3
872	877	4
872	878	0
872	878	1
872	878	2
872	878	3
872	878	4
872	879	0
872	879	1
872	879	2
872	879	3
872	879	4
872	880	0
872	880	1
872	880	2
872	880	3
872	880	4
872	881	0
872	881	1
872	881	2
872	881	3
872	881	4
873	876	0
873	876	1
873	876	2
873	876	3
873	876	4
873	877	0
873	877	1
873	877	2
873	877	3
873	877	4
873	878	0
873	878	1
873	878	2
873	878	3
873	878	4
873	879	0
873	879	1
873	879	2
873	879	3
873	879	4
873	880	0
873	880	1
873	880	2
873	880	3
873	880	4
873	881	0
873	881	1
873	881	2
873	881	3
873	881	4
874	876	0
874	876	1
874	876	2
874	876	3
874	876	4
874	877	0
874	877	1
874	877	2
874	877	3
874	877	4
874	878	0
874	878	1
874	878	2
874	878	3
874	878	4
874	879	0
874	879	1
874	879	2
874	879	3
874	879	4
874	880	0
874	880	1
874	880	2
874	880	3
874	880	4
874	881	0
874	881	1
874	881	2
874	881	3
874	881	4
875	876	0
875	876	1
875	876	2
875	876	3
875	876	4
875	877	0
875	877	1
875	877	2
875	877	3
875	877	4
875	878	0
875	878	1
875	878	2
875	878	3
875	878	4
875	879	0
875	879	1
875	879	2
875	879	3
875	879	4
875	880	0
875	880	1
875	880	2
875	880	3
875	880	4
875	881	0
875	881	1
875	881	2
875	881	3
875	881	4
876	877	0
876	877	1
876	877	2
876	877	3
876	877	4
876	878	0
876	878	1
876	878	2
876	878	3
876	878	4
876	879	0
876	879	1
876	879	2
876	879	3
876	879	4
876	880	0
876	880	1
876	880	2
876	880	3
876	880	4
876	881	0
876	881	1
876	881	2
876	881	3
876	881	4
877	878	0
877	878	1
877	878	2
877	878	3
877	878	4
877	879	0
877	879	1
877	879	2
877	879	3
877	879	4
877	880	0
877	880	1
877	880	2
877	880	3
877	880	4
877	881	0
877	881	1
877	881	2
877	881	3
877	881	4
878	879	0
878	879	1
878	879	2
878	879	3
878	879	4
878	880	0
878	880	1
878	880	2
878	880	3
878	880	4
878	881	0
878	881	1
878	881	2
878	881	3
878	881	4
879	880	0
879	880	1
879	880	2
879	880	3
879	880	4
879	881	0
879	881	1
879	881	2
879	881	3
879	881	4
880	881	0
880	881	1
880	881	2
880	881	3
880	881	4
876	882	0
876	882	1
876	882	2
876	882	3
876	882	4
877	882	0
877	882	1
877	882	2
877	882	3
877	882	4
878	882	0
878	882	1
878	882	2
878	882	3
878	882	4
879	882	0
879	882	1
879	882	2
879	882	3
879	882	4
880	882	0
880	882	1
880	882	2
880	882	3
880	882	4
881	882	0
881	882	1
881	882	2
881	882	3
881	882	4
882	883	0
882	883	1
882	883	2
882	883	3
882	883	4
882	884	0
882	884	1
882	884	2
882	884	3
882	884	4
883	884	0
883	884	1
883	884	2
883	884	3
883	884	4
883	885	0
883	885	1
883	885	2
883	885	3
883	885	4
883	886	0
883	886	1
883	886	2
883	886	3
883	886	4
883	887	0
883	887	1
883	887	2
883	887	3
883	887	4
884	885	0
884	885	1
884	885	2
884	885	3
884	885	4
884	886	0
884	886	1
884	886	2
884	886	3
884	886	4
884	887	0
884	887	1
884	887	2
884	887	3
884	887	4
885	886	0
885	886	1
885	886	2
885	886	3
885	886	4
885	887	0
885	887	1
885	887	2
885	887	3
885	887	4
886	887	0
886	887	1
886	887	2
886	887	3
886	887	4
885	888	0
885	888	1
885	888	2
885	888	3
885	888	4
885	889	0
885	889	1
885	889	2
885	889	3
885	889	4
886	888	0
886	888	1
886	888	2
886	888	3
886	888	4
886	889	0
886	889	1
886	889	2
886	889	3
886	889	4
887	888	0
887	888	1
887	888	2
887	888	3
887	888	4
887	889	0
887	889	1
887	889	2
887	889	3
887	889	4
888	889	0
888	889	1
888	889	2
888	889	3
888	889	4
888	890	0
888	890	1
888	890	2
888	890	3
888	890	4
889	890	0
889	890	1
889	890	2
889	890	3
889	890	4
890	891	0
890	891	1
890	891	2
890	891	3
890	891	4
891	892	0
891	892	1
891	892	2
891	892	3
891	892	4
891	893	0
891	893	1
891	893	2
891	893	3
891	893	4
892	893	0
892	893	1
892	893	2
892	893	3
892	893	4
894	895	0
894	895	1
894	895	2
894	895	3
894	895	4
894	896	0
894	896	1
894	896	2
894	896	3
894	896	4
895	896	0
895	896	1
895	896	2
895	896	3
895	896	4
894	897	0
894	897	1
894	897	2
894	897	3
894	897	4
894	898	0
894	898	1
894	898	2
894	898	3
894	898	4
894	899	0
894	899	1
894	899	2
894	899	3
894	899	4
895	897	0
895	897	1
895	897	2
895	897	3
895	897	4
895	898	0
895	898	1
895	898	2
895	898	3
895	898	4
895	899	0
895	899	1
895	899	2
895	899	3
895	899	4
896	897	0
896	897	1
896	897	2
896	897	3
896	897	4
896	898	0
896	898	1
896	898	2
896	898	3
896	898	4
896	899	0
896	899	1
896	899	2
896	899	3
896	899	4
897	898	0
897	898	1
897	898	2
897	898	3
897	898	4
897	899	0
897	899	1
897	899	2
897	899	3
897	899	4
898	899	0
898	899	1
898	899	2
898	899	3
898	899	4
897	900	0
897	900	1
897	900	2
897	900	3
897	900	4
897	901	0
897	901	1
897	901	2
897	901	3
897	901	4
897	902	0
897	902	1
897	902	2
897	902	3
897	902	4
898	900	0
898	900	1
898	900	2
898	900	3
898	900	4
898	901	0
898	901	1
898	901	2
898	901	3
898	901	4
898	902	0
898	902	1
898	902	2
898	902	3
898	902	4
899	900	0
899	900	1
899	900	2
899	900	3
899	900	4
899	901	0
899	901	1
899	901	2
899	901	3
899	901	4
899	902	0
899	902	1
899	902	2
899	902	3
899	902	4
900	901	0
900	901	1
900	901	2
900	901	3
900	901	4
900	902	0
900	902	1
900	902	2
900	902	3
900	902	4
901	902	0
901	902	1
901	902	2
901	902	3
901	902	4
900	903	0
900	903	1
900	903	2
900	903	3
900	903	4
900	904	0
900	904	1
900	904	2
900	904	3
900	904	4
900	905	0
900	905	1
900	905	2
900	905	3
900	905	4
900	906	0
900	906	1
900	906	2
900	906	3
900	906	4
900	907	0
900	907	1
900	907	2
900	907	3
900	907	4
900	908	0
900	908	1
900	908	2
900	908	3
900	908	4
900	909	0
900	909	1
900	909	2
900	909	3
900	909	4
900	910	0
900	910	1
900	910	2
900	910	3
900	910	4
901	903	0
901	903	1
901	903	2
901	903	3
901	903	4
901	904	0
901	904	1
901	904	2
901	904	3
901	904	4
901	905	0
901	905	1
901	905	2
901	905	3
901	905	4
901	906	0
901	906	1
901	906	2
901	906	3
901	906	4
901	907	0
901	907	1
901	907	2
901	907	3
901	907	4
901	908	0
901	908	1
901	908	2
901	908	3
901	908	4
901	909	0
901	909	1
901	909	2
901	909	3
901	909	4
901	910	0
901	910	1
901	910	2
901	910	3
901	910	4
902	903	0
902	903	1
902	903	2
902	903	3
902	903	4
902	904	0
902	904	1
902	904	2
902	904	3
902	904	4
902	905	0
902	905	1
902	905	2
902	905	3
902	905	4
902	906	0
902	906	1
902	906	2
902	906	3
902	906	4
902	907	0
902	907	1
902	907	2
902	907	3
902	907	4
902	908	0
902	908	1
902	908	2
902	908	3
902	908	4
902	909	0
902	909	1
902	909	2
902	909	3
902	909	4
902	910	0
902	910	1
902	910	2
902	910	3
902	910	4
903	904	0
903	904	1
903	904	2
903	904	3
903	904	4
903	905	0
903	905	1
903	905	2
903	905	3
903	905	4
903	906	0
903	906	1
903	906	2
903	906	3
903	906	4
903	907	0
903	907	1
903	907	2
903	907	3
903	907	4
903	908	0
903	908	1
903	908	2
903	908	3
903	908	4
903	909	0
903	909	1
903	909	2
903	909	3
903	909	4
903	910	0
903	910	1
903	910	2
903	910	3
903	910	4
904	905	0
904	905	1
904	905	2
904	905	3
904	905	4
904	906	0
904	906	1
904	906	2
904	906	3
904	906	4
904	907	0
904	907	1
904	907	2
904	907	3
904	907	4
904	908	0
904	908	1
904	908	2
904	908	3
904	908	4
904	909	0
904	909	1
904	909	2
904	909	3
904	909	4
904	910	0
904	910	1
904	910	2
904	910	3
904	910	4
905	906	0
905	906	1
905	906	2
905	906	3
905	906	4
905	907	0
905	907	1
905	907	2
905	907	3
905	907	4
905	908	0
905	908	1
905	908	2
905	908	3
905	908	4
905	909	0
905	909	1
905	909	2
905	909	3
905	909	4
905	910	0
905	910	1
905	910	2
905	910	3
905	910	4
906	907	0
906	907	1
906	907	2
906	907	3
906	907	4
906	908	0
906	908	1
906	908	2
906	908	3
906	908	4
906	909	0
906	909	1
906	909	2
906	909	3
906	909	4
906	910	0
906	910	1
906	910	2
906	910	3
906	910	4
907	908	0
907	908	1
907	908	2
907	908	3
907	908	4
907	909	0
907	909	1
907	909	2
907	909	3
907	909	4
907	910	0
907	910	1
907	910	2
907	910	3
907	910	4
908	909	0
908	909	1
908	909	2
908	909	3
908	909	4
908	910	0
908	910	1
908	910	2
908	910	3
908	910	4
909	910	0
909	910	1
909	910	2
909	910	3
909	910	4
903	911	0
903	911	1
903	911	2
903	911	3
903	911	4
903	912	0
903	912	1
903	912	2
903	912	3
903	912	4
903	913	0
903	913	1
903	913	2
903	913	3
903	913	4
903	914	0
903	914	1
903	914	2
903	914	3
903	914	4
904	911	0
904	911	1
904	911	2
904	911	3
904	911	4
904	912	0
904	912	1
904	912	2
904	912	3
904	912	4
904	913	0
904	913	1
904	913	2
904	913	3
904	913	4
904	914	0
904	914	1
904	914	2
904	914	3
904	914	4
905	911	0
905	911	1
905	911	2
905	911	3
905	911	4
905	912	0
905	912	1
905	912	2
905	912	3
905	912	4
905	913	0
905	913	1
905	913	2
905	913	3
905	913	4
905	914	0
905	914	1
905	914	2
905	914	3
905	914	4
906	911	0
906	911	1
906	911	2
906	911	3
906	911	4
906	912	0
906	912	1
906	912	2
906	912	3
906	912	4
906	913	0
906	913	1
906	913	2
906	913	3
906	913	4
906	914	0
906	914	1
906	914	2
906	914	3
906	914	4
907	911	0
907	911	1
907	911	2
907	911	3
907	911	4
907	912	0
907	912	1
907	912	2
907	912	3
907	912	4
907	913	0
907	913	1
907	913	2
907	913	3
907	913	4
907	914	0
907	914	1
907	914	2
907	914	3
907	914	4
908	911	0
908	911	1
908	911	2
908	911	3
908	911	4
908	912	0
908	912	1
908	912	2
908	912	3
908	912	4
908	913	0
908	913	1
908	913	2
908	913	3
908	913	4
908	914	0
908	914	1
908	914	2
908	914	3
908	914	4
909	911	0
909	911	1
909	911	2
909	911	3
909	911	4
909	912	0
909	912	1
909	912	2
909	912	3
909	912	4
909	913	0
909	913	1
909	913	2
909	913	3
909	913	4
909	914	0
909	914	1
909	914	2
909	914	3
909	914	4
910	911	0
910	911	1
910	911	2
910	911	3
910	911	4
910	912	0
910	912	1
910	912	2
910	912	3
910	912	4
910	913	0
910	913	1
910	913	2
910	913	3
910	913	4
910	914	0
910	914	1
910	914	2
910	914	3
910	914	4
911	912	0
911	912	1
911	912	2
911	912	3
911	912	4
911	913	0
911	913	1
911	913	2
911	913	3
911	913	4
911	914	0
911	914	1
911	914	2
911	914	3
911	914	4
912	913	0
912	913	1
912	913	2
912	913	3
912	913	4
912	914	0
912	914	1
912	914	2
912	914	3
912	914	4
913	914	0
913	914	1
913	914	2
913	914	3
913	914	4
915	916	0
915	916	1
915	916	2
915	916	3
915	916	4
915	917	0
915	917	1
915	917	2
915	917	3
915	917	4
916	917	0
916	917	1
916	917	2
916	917	3
916	917	4
915	918	0
915	918	1
915	918	2
915	918	3
915	918	4
916	918	0
916	918	1
916	918	2
916	918	3
916	918	4
917	918	0
917	918	1
917	918	2
917	918	3
917	918	4
918	919	0
918	919	1
918	919	2
918	919	3
918	919	4
918	920	0
918	920	1
918	920	2
918	920	3
918	920	4
918	921	0
918	921	1
918	921	2
918	921	3
918	921	4
918	922	0
918	922	1
918	922	2
918	922	3
918	922	4
919	920	0
919	920	1
919	920	2
919	920	3
919	920	4
919	921	0
919	921	1
919	921	2
919	921	3
919	921	4
919	922	0
919	922	1
919	922	2
919	922	3
919	922	4
920	921	0
920	921	1
920	921	2
920	921	3
920	921	4
920	922	0
920	922	1
920	922	2
920	922	3
920	922	4
921	922	0
921	922	1
921	922	2
921	922	3
921	922	4
923	924	0
923	924	1
923	924	2
923	924	3
923	924	4
924	925	0
924	925	1
924	925	2
924	925	3
924	925	4
925	926	0
925	926	1
925	926	2
925	926	3
925	926	4
926	927	0
926	927	1
926	927	2
926	927	3
926	927	4
926	928	0
926	928	1
926	928	2
926	928	3
926	928	4
927	928	0
927	928	1
927	928	2
927	928	3
927	928	4
927	929	0
927	929	1
927	929	2
927	929	3
927	929	4
927	930	0
927	930	1
927	930	2
927	930	3
927	930	4
928	929	0
928	929	1
928	929	2
928	929	3
928	929	4
928	930	0
928	930	1
928	930	2
928	930	3
928	930	4
929	930	0
929	930	1
929	930	2
929	930	3
929	930	4
931	932	0
931	932	1
931	932	2
931	932	3
931	932	4
931	933	0
931	933	1
931	933	2
931	933	3
931	933	4
932	933	0
932	933	1
932	933	2
932	933	3
932	933	4
932	934	0
932	934	1
932	934	2
932	934	3
932	934	4
932	935	0
932	935	1
932	935	2
932	935	3
932	935	4
933	934	0
933	934	1
933	934	2
933	934	3
933	934	4
933	935	0
933	935	1
933	935	2
933	935	3
933	935	4
934	935	0
934	935	1
934	935	2
934	935	3
934	935	4
934	936	0
934	936	1
934	936	2
934	936	3
934	936	4
935	936	0
935	936	1
935	936	2
935	936	3
935	936	4
937	938	0
937	938	1
937	938	2
937	938	3
937	938	4
937	939	0
937	939	1
937	939	2
937	939	3
937	939	4
937	940	0
937	940	1
937	940	2
937	940	3
937	940	4
937	941	0
937	941	1
937	941	2
937	941	3
937	941	4
938	939	0
938	939	1
938	939	2
938	939	3
938	939	4
938	940	0
938	940	1
938	940	2
938	940	3
938	940	4
938	941	0
938	941	1
938	941	2
938	941	3
938	941	4
939	940	0
939	940	1
939	940	2
939	940	3
939	940	4
939	941	0
939	941	1
939	941	2
939	941	3
939	941	4
940	941	0
940	941	1
940	941	2
940	941	3
940	941	4
942	943	0
942	943	1
942	943	2
942	943	3
942	943	4
942	944	0
942	944	1
942	944	2
942	944	3
942	944	4
942	945	0
942	945	1
942	945	2
942	945	3
942	945	4
942	946	0
942	946	1
942	946	2
942	946	3
942	946	4
942	947	0
942	947	1
942	947	2
942	947	3
942	947	4
942	948	0
942	948	1
942	948	2
942	948	3
942	948	4
943	944	0
943	944	1
943	944	2
943	944	3
943	944	4
943	945	0
943	945	1
943	945	2
943	945	3
943	945	4
943	946	0
943	946	1
943	946	2
943	946	3
943	946	4
943	947	0
943	947	1
943	947	2
943	947	3
943	947	4
943	948	0
943	948	1
943	948	2
943	948	3
943	948	4
944	945	0
944	945	1
944	945	2
944	945	3
944	945	4
944	946	0
944	946	1
944	946	2
944	946	3
944	946	4
944	947	0
944	947	1
944	947	2
944	947	3
944	947	4
944	948	0
944	948	1
944	948	2
944	948	3
944	948	4
945	946	0
945	946	1
945	946	2
945	946	3
945	946	4
945	947	0
945	947	1
945	947	2
945	947	3
945	947	4
945	948	0
945	948	1
945	948	2
945	948	3
945	948	4
946	947	0
946	947	1
946	947	2
946	947	3
946	947	4
946	948	0
946	948	1
946	948	2
946	948	3
946	948	4
947	948	0
947	948	1
947	948	2
947	948	3
947	948	4
944	949	0
944	949	1
944	949	2
944	949	3
944	949	4
945	949	0
945	949	1
945	949	2
945	949	3
945	949	4
946	949	0
946	949	1
946	949	2
946	949	3
946	949	4
947	949	0
947	949	1
947	949	2
947	949	3
947	949	4
948	949	0
948	949	1
948	949	2
948	949	3
948	949	4
949	950	0
949	950	1
949	950	2
949	950	3
949	950	4
949	951	0
949	951	1
949	951	2
949	951	3
949	951	4
950	951	0
950	951	1
950	951	2
950	951	3
950	951	4
950	952	0
950	952	1
950	952	2
950	952	3
950	952	4
950	953	0
950	953	1
950	953	2
950	953	3
950	953	4
950	954	0
950	954	1
950	954	2
950	954	3
950	954	4
950	955	0
950	955	1
950	955	2
950	955	3
950	955	4
950	956	0
950	956	1
950	956	2
950	956	3
950	956	4
951	952	0
951	952	1
951	952	2
951	952	3
951	952	4
951	953	0
951	953	1
951	953	2
951	953	3
951	953	4
951	954	0
951	954	1
951	954	2
951	954	3
951	954	4
951	955	0
951	955	1
951	955	2
951	955	3
951	955	4
951	956	0
951	956	1
951	956	2
951	956	3
951	956	4
952	953	0
952	953	1
952	953	2
952	953	3
952	953	4
952	954	0
952	954	1
952	954	2
952	954	3
952	954	4
952	955	0
952	955	1
952	955	2
952	955	3
952	955	4
952	956	0
952	956	1
952	956	2
952	956	3
952	956	4
953	954	0
953	954	1
953	954	2
953	954	3
953	954	4
953	955	0
953	955	1
953	955	2
953	955	3
953	955	4
953	956	0
953	956	1
953	956	2
953	956	3
953	956	4
954	955	0
954	955	1
954	955	2
954	955	3
954	955	4
954	956	0
954	956	1
954	956	2
954	956	3
954	956	4
955	956	0
955	956	1
955	956	2
955	956	3
955	956	4
957	958	0
957	958	1
957	958	2
957	958	3
957	958	4
959	960	0
959	960	1
959	960	2
959	960	3
959	960	4
959	961	0
959	961	1
959	961	2
959	961	3
959	961	4
959	962	0
959	962	1
959	962	2
959	962	3
959	962	4
960	961	0
960	961	1
960	961	2
960	961	3
960	961	4
960	962	0
960	962	1
960	962	2
960	962	3
960	962	4
961	962	0
961	962	1
961	962	2
961	962	3
961	962	4
959	963	0
959	963	1
959	963	2
959	963	3
959	963	4
960	963	0
960	963	1
960	963	2
960	963	3
960	963	4
961	963	0
961	963	1
961	963	2
961	963	3
961	963	4
962	963	0
962	963	1
962	963	2
962	963	3
962	963	4
963	964	0
963	964	1
963	964	2
963	964	3
963	964	4
963	965	0
963	965	1
963	965	2
963	965	3
963	965	4
964	965	0
964	965	1
964	965	2
964	965	3
964	965	4
964	966	0
964	966	1
964	966	2
964	966	3
964	966	4
964	967	0
964	967	1
964	967	2
964	967	3
964	967	4
964	968	0
964	968	1
964	968	2
964	968	3
964	968	4
965	966	0
965	966	1
965	966	2
965	966	3
965	966	4
965	967	0
965	967	1
965	967	2
965	967	3
965	967	4
965	968	0
965	968	1
965	968	2
965	968	3
965	968	4
966	967	0
966	967	1
966	967	2
966	967	3
966	967	4
966	968	0
966	968	1
966	968	2
966	968	3
966	968	4
967	968	0
967	968	1
967	968	2
967	968	3
967	968	4
966	969	0
966	969	1
966	969	2
966	969	3
966	969	4
966	970	0
966	970	1
966	970	2
966	970	3
966	970	4
967	969	0
967	969	1
967	969	2
967	969	3
967	969	4
967	970	0
967	970	1
967	970	2
967	970	3
967	970	4
968	969	0
968	969	1
968	969	2
968	969	3
968	969	4
968	970	0
968	970	1
968	970	2
968	970	3
968	970	4
969	970	0
969	970	1
969	970	2
969	970	3
969	970	4
971	972	0
971	972	1
971	972	2
971	972	3
971	972	4
971	973	0
971	973	1
971	973	2
971	973	3
971	973	4
971	974	0
971	974	1
971	974	2
971	974	3
971	974	4
972	973	0
972	973	1
972	973	2
972	973	3
972	973	4
972	974	0
972	974	1
972	974	2
972	974	3
972	974	4
973	974	0
973	974	1
973	974	2
973	974	3
973	974	4
971	975	0
971	975	1
971	975	2
971	975	3
971	975	4
972	975	0
972	975	1
972	975	2
972	975	3
972	975	4
973	975	0
973	975	1
973	975	2
973	975	3
973	975	4
974	975	0
974	975	1
974	975	2
974	975	3
974	975	4
975	976	0
975	976	1
975	976	2
975	976	3
975	976	4
975	977	0
975	977	1
975	977	2
975	977	3
975	977	4
975	978	0
975	978	1
975	978	2
975	978	3
975	978	4
976	977	0
976	977	1
976	977	2
976	977	3
976	977	4
976	978	0
976	978	1
976	978	2
976	978	3
976	978	4
977	978	0
977	978	1
977	978	2
977	978	3
977	978	4
976	979	0
976	979	1
976	979	2
976	979	3
976	979	4
976	980	0
976	980	1
976	980	2
976	980	3
976	980	4
976	981	0
976	981	1
976	981	2
976	981	3
976	981	4
977	979	0
977	979	1
977	979	2
977	979	3
977	979	4
977	980	0
977	980	1
977	980	2
977	980	3
977	980	4
977	981	0
977	981	1
977	981	2
977	981	3
977	981	4
978	979	0
978	979	1
978	979	2
978	979	3
978	979	4
978	980	0
978	980	1
978	980	2
978	980	3
978	980	4
978	981	0
978	981	1
978	981	2
978	981	3
978	981	4
979	980	0
979	980	1
979	980	2
979	980	3
979	980	4
979	981	0
979	981	1
979	981	2
979	981	3
979	981	4
980	981	0
980	981	1
980	981	2
980	981	3
980	981	4
979	982	0
979	982	1
979	982	2
979	982	3
979	982	4
979	983	0
979	983	1
979	983	2
979	983	3
979	983	4
980	982	0
980	982	1
980	982	2
980	982	3
980	982	4
980	983	0
980	983	1
980	983	2
980	983	3
980	983	4
981	982	0
981	982	1
981	982	2
981	982	3
981	982	4
981	983	0
981	983	1
981	983	2
981	983	3
981	983	4
982	983	0
982	983	1
982	983	2
982	983	3
982	983	4
982	984	0
982	984	1
982	984	2
982	984	3
982	984	4
982	985	0
982	985	1
982	985	2
982	985	3
982	985	4
982	986	0
982	986	1
982	986	2
982	986	3
982	986	4
982	987	0
982	987	1
982	987	2
982	987	3
982	987	4
982	988	0
982	988	1
982	988	2
982	988	3
982	988	4
983	984	0
983	984	1
983	984	2
983	984	3
983	984	4
983	985	0
983	985	1
983	985	2
983	985	3
983	985	4
983	986	0
983	986	1
983	986	2
983	986	3
983	986	4
983	987	0
983	987	1
983	987	2
983	987	3
983	987	4
983	988	0
983	988	1
983	988	2
983	988	3
983	988	4
984	985	0
984	985	1
984	985	2
984	985	3
984	985	4
984	986	0
984	986	1
984	986	2
984	986	3
984	986	4
984	987	0
984	987	1
984	987	2
984	987	3
984	987	4
984	988	0
984	988	1
984	988	2
984	988	3
984	988	4
985	986	0
985	986	1
985	986	2
985	986	3
985	986	4
985	987	0
985	987	1
985	987	2
985	987	3
985	987	4
985	988	0
985	988	1
985	988	2
985	988	3
985	988	4
986	987	0
986	987	1
986	987	2
986	987	3
986	987	4
986	988	0
986	988	1
986	988	2
986	988	3
986	988	4
987	988	0
987	988	1
987	988	2
987	988	3
987	988	4
984	989	0
984	989	1
984	989	2
984	989	3
984	989	4
984	990	0
984	990	1
984	990	2
984	990	3
984	990	4
984	991	0
984	991	1
984	991	2
984	991	3
984	991	4
985	989	0
985	989	1
985	989	2
985	989	3
985	989	4
985	990	0
985	990	1
985	990	2
985	990	3
985	990	4
985	991	0
985	991	1
985	991	2
985	991	3
985	991	4
986	989	0
986	989	1
986	989	2
986	989	3
986	989	4
986	990	0
986	990	1
986	990	2
986	990	3
986	990	4
986	991	0
986	991	1
986	991	2
986	991	3
986	991	4
987	989	0
987	989	1
987	989	2
987	989	3
987	989	4
987	990	0
987	990	1
987	990	2
987	990	3
987	990	4
987	991	0
987	991	1
987	991	2
987	991	3
987	991	4
988	989	0
988	989	1
988	989	2
988	989	3
988	989	4
988	990	0
988	990	1
988	990	2
988	990	3
988	990	4
988	991	0
988	991	1
988	991	2
988	991	3
988	991	4
989	990	0
989	990	1
989	990	2
989	990	3
989	990	4
989	991	0
989	991	1
989	991	2
989	991	3
989	991	4
990	991	0
990	991	1
990	991	2
990	991	3
990	991	4
989	992	0
989	992	1
989	992	2
989	992	3
989	992	4
990	992	0
990	992	1
990	992	2
990	992	3
990	992	4
991	992	0
991	992	1
991	992	2
991	992	3
991	992	4
992	993	0
992	993	1
992	993	2
992	993	3
992	993	4
992	994	0
992	994	1
992	994	2
992	994	3
992	994	4
992	995	0
992	995	1
992	995	2
992	995	3
992	995	4
993	994	0
993	994	1
993	994	2
993	994	3
993	994	4
993	995	0
993	995	1
993	995	2
993	995	3
993	995	4
994	995	0
994	995	1
994	995	2
994	995	3
994	995	4
993	996	0
993	996	1
993	996	2
993	996	3
993	996	4
994	996	0
994	996	1
994	996	2
994	996	3
994	996	4
995	996	0
995	996	1
995	996	2
995	996	3
995	996	4
997	998	0
997	998	1
997	998	2
997	998	3
997	998	4
997	999	0
997	999	1
997	999	2
997	999	3
997	999	4
998	999	0
998	999	1
998	999	2
998	999	3
998	999	4
997	1000	0
997	1000	1
997	1000	2
997	1000	3
997	1000	4
997	1001	0
997	1001	1
997	1001	2
997	1001	3
997	1001	4
997	1002	0
997	1002	1
997	1002	2
997	1002	3
997	1002	4
998	1000	0
998	1000	1
998	1000	2
998	1000	3
998	1000	4
998	1001	0
998	1001	1
998	1001	2
998	1001	3
998	1001	4
998	1002	0
998	1002	1
998	1002	2
998	1002	3
998	1002	4
999	1000	0
999	1000	1
999	1000	2
999	1000	3
999	1000	4
999	1001	0
999	1001	1
999	1001	2
999	1001	3
999	1001	4
999	1002	0
999	1002	1
999	1002	2
999	1002	3
999	1002	4
1000	1001	0
1000	1001	1
1000	1001	2
1000	1001	3
1000	1001	4
1000	1002	0
1000	1002	1
1000	1002	2
1000	1002	3
1000	1002	4
1001	1002	0
1001	1002	1
1001	1002	2
1001	1002	3
1001	1002	4
1003	1004	0
1003	1004	1
1003	1004	2
1003	1004	3
1003	1004	4
1003	1005	0
1003	1005	1
1003	1005	2
1003	1005	3
1003	1005	4
1003	1006	0
1003	1006	1
1003	1006	2
1003	1006	3
1003	1006	4
1003	1007	0
1003	1007	1
1003	1007	2
1003	1007	3
1003	1007	4
1004	1005	0
1004	1005	1
1004	1005	2
1004	1005	3
1004	1005	4
1004	1006	0
1004	1006	1
1004	1006	2
1004	1006	3
1004	1006	4
1004	1007	0
1004	1007	1
1004	1007	2
1004	1007	3
1004	1007	4
1005	1006	0
1005	1006	1
1005	1006	2
1005	1006	3
1005	1006	4
1005	1007	0
1005	1007	1
1005	1007	2
1005	1007	3
1005	1007	4
1006	1007	0
1006	1007	1
1006	1007	2
1006	1007	3
1006	1007	4
1003	1008	0
1003	1008	1
1003	1008	2
1003	1008	3
1003	1008	4
1003	1009	0
1003	1009	1
1003	1009	2
1003	1009	3
1003	1009	4
1004	1008	0
1004	1008	1
1004	1008	2
1004	1008	3
1004	1008	4
1004	1009	0
1004	1009	1
1004	1009	2
1004	1009	3
1004	1009	4
1005	1008	0
1005	1008	1
1005	1008	2
1005	1008	3
1005	1008	4
1005	1009	0
1005	1009	1
1005	1009	2
1005	1009	3
1005	1009	4
1006	1008	0
1006	1008	1
1006	1008	2
1006	1008	3
1006	1008	4
1006	1009	0
1006	1009	1
1006	1009	2
1006	1009	3
1006	1009	4
1007	1008	0
1007	1008	1
1007	1008	2
1007	1008	3
1007	1008	4
1007	1009	0
1007	1009	1
1007	1009	2
1007	1009	3
1007	1009	4
1008	1009	0
1008	1009	1
1008	1009	2
1008	1009	3
1008	1009	4
1008	1010	0
1008	1010	1
1008	1010	2
1008	1010	3
1008	1010	4
1009	1010	0
1009	1010	1
1009	1010	2
1009	1010	3
1009	1010	4
1011	1012	0
1011	1012	1
1011	1012	2
1011	1012	3
1011	1012	4
1011	1013	0
1011	1013	1
1011	1013	2
1011	1013	3
1011	1013	4
1011	1014	0
1011	1014	1
1011	1014	2
1011	1014	3
1011	1014	4
1011	1015	0
1011	1015	1
1011	1015	2
1011	1015	3
1011	1015	4
1012	1013	0
1012	1013	1
1012	1013	2
1012	1013	3
1012	1013	4
1012	1014	0
1012	1014	1
1012	1014	2
1012	1014	3
1012	1014	4
1012	1015	0
1012	1015	1
1012	1015	2
1012	1015	3
1012	1015	4
1013	1014	0
1013	1014	1
1013	1014	2
1013	1014	3
1013	1014	4
1013	1015	0
1013	1015	1
1013	1015	2
1013	1015	3
1013	1015	4
1014	1015	0
1014	1015	1
1014	1015	2
1014	1015	3
1014	1015	4
1013	1016	0
1013	1016	1
1013	1016	2
1013	1016	3
1013	1016	4
1014	1016	0
1014	1016	1
1014	1016	2
1014	1016	3
1014	1016	4
1015	1016	0
1015	1016	1
1015	1016	2
1015	1016	3
1015	1016	4
1017	1018	0
1017	1018	1
1017	1018	2
1017	1018	3
1017	1018	4
1017	1019	0
1017	1019	1
1017	1019	2
1017	1019	3
1017	1019	4
1018	1019	0
1018	1019	1
1018	1019	2
1018	1019	3
1018	1019	4
1017	1020	0
1017	1020	1
1017	1020	2
1017	1020	3
1017	1020	4
1017	1021	0
1017	1021	1
1017	1021	2
1017	1021	3
1017	1021	4
1017	1022	0
1017	1022	1
1017	1022	2
1017	1022	3
1017	1022	4
1017	1023	0
1017	1023	1
1017	1023	2
1017	1023	3
1017	1023	4
1017	1024	0
1017	1024	1
1017	1024	2
1017	1024	3
1017	1024	4
1018	1020	0
1018	1020	1
1018	1020	2
1018	1020	3
1018	1020	4
1018	1021	0
1018	1021	1
1018	1021	2
1018	1021	3
1018	1021	4
1018	1022	0
1018	1022	1
1018	1022	2
1018	1022	3
1018	1022	4
1018	1023	0
1018	1023	1
1018	1023	2
1018	1023	3
1018	1023	4
1018	1024	0
1018	1024	1
1018	1024	2
1018	1024	3
1018	1024	4
1019	1020	0
1019	1020	1
1019	1020	2
1019	1020	3
1019	1020	4
1019	1021	0
1019	1021	1
1019	1021	2
1019	1021	3
1019	1021	4
1019	1022	0
1019	1022	1
1019	1022	2
1019	1022	3
1019	1022	4
1019	1023	0
1019	1023	1
1019	1023	2
1019	1023	3
1019	1023	4
1019	1024	0
1019	1024	1
1019	1024	2
1019	1024	3
1019	1024	4
1020	1021	0
1020	1021	1
1020	1021	2
1020	1021	3
1020	1021	4
1020	1022	0
1020	1022	1
1020	1022	2
1020	1022	3
1020	1022	4
1020	1023	0
1020	1023	1
1020	1023	2
1020	1023	3
1020	1023	4
1020	1024	0
1020	1024	1
1020	1024	2
1020	1024	3
1020	1024	4
1021	1022	0
1021	1022	1
1021	1022	2
1021	1022	3
1021	1022	4
1021	1023	0
1021	1023	1
1021	1023	2
1021	1023	3
1021	1023	4
1021	1024	0
1021	1024	1
1021	1024	2
1021	1024	3
1021	1024	4
1022	1023	0
1022	1023	1
1022	1023	2
1022	1023	3
1022	1023	4
1022	1024	0
1022	1024	1
1022	1024	2
1022	1024	3
1022	1024	4
1023	1024	0
1023	1024	1
1023	1024	2
1023	1024	3
1023	1024	4
1020	1025	0
1020	1025	1
1020	1025	2
1020	1025	3
1020	1025	4
1020	1026	0
1020	1026	1
1020	1026	2
1020	1026	3
1020	1026	4
1021	1025	0
1021	1025	1
1021	1025	2
1021	1025	3
1021	1025	4
1021	1026	0
1021	1026	1
1021	1026	2
1021	1026	3
1021	1026	4
1022	1025	0
1022	1025	1
1022	1025	2
1022	1025	3
1022	1025	4
1022	1026	0
1022	1026	1
1022	1026	2
1022	1026	3
1022	1026	4
1023	1025	0
1023	1025	1
1023	1025	2
1023	1025	3
1023	1025	4
1023	1026	0
1023	1026	1
1023	1026	2
1023	1026	3
1023	1026	4
1024	1025	0
1024	1025	1
1024	1025	2
1024	1025	3
1024	1025	4
1024	1026	0
1024	1026	1
1024	1026	2
1024	1026	3
1024	1026	4
1025	1026	0
1025	1026	1
1025	1026	2
1025	1026	3
1025	1026	4
1025	1027	0
1025	1027	1
1025	1027	2
1025	1027	3
1025	1027	4
1025	1028	0
1025	1028	1
1025	1028	2
1025	1028	3
1025	1028	4
1026	1027	0
1026	1027	1
1026	1027	2
1026	1027	3
1026	1027	4
1026	1028	0
1026	1028	1
1026	1028	2
1026	1028	3
1026	1028	4
1027	1028	0
1027	1028	1
1027	1028	2
1027	1028	3
1027	1028	4
1027	1029	0
1027	1029	1
1027	1029	2
1027	1029	3
1027	1029	4
1027	1030	0
1027	1030	1
1027	1030	2
1027	1030	3
1027	1030	4
1028	1029	0
1028	1029	1
1028	1029	2
1028	1029	3
1028	1029	4
1028	1030	0
1028	1030	1
1028	1030	2
1028	1030	3
1028	1030	4
1029	1030	0
1029	1030	1
1029	1030	2
1029	1030	3
1029	1030	4
1029	1031	0
1029	1031	1
1029	1031	2
1029	1031	3
1029	1031	4
1030	1031	0
1030	1031	1
1030	1031	2
1030	1031	3
1030	1031	4
1032	1033	0
1032	1033	1
1032	1033	2
1032	1033	3
1032	1033	4
1032	1034	0
1032	1034	1
1032	1034	2
1032	1034	3
1032	1034	4
1032	1035	0
1032	1035	1
1032	1035	2
1032	1035	3
1032	1035	4
1032	1036	0
1032	1036	1
1032	1036	2
1032	1036	3
1032	1036	4
1033	1034	0
1033	1034	1
1033	1034	2
1033	1034	3
1033	1034	4
1033	1035	0
1033	1035	1
1033	1035	2
1033	1035	3
1033	1035	4
1033	1036	0
1033	1036	1
1033	1036	2
1033	1036	3
1033	1036	4
1034	1035	0
1034	1035	1
1034	1035	2
1034	1035	3
1034	1035	4
1034	1036	0
1034	1036	1
1034	1036	2
1034	1036	3
1034	1036	4
1035	1036	0
1035	1036	1
1035	1036	2
1035	1036	3
1035	1036	4
1035	1037	0
1035	1037	1
1035	1037	2
1035	1037	3
1035	1037	4
1035	1038	0
1035	1038	1
1035	1038	2
1035	1038	3
1035	1038	4
1036	1037	0
1036	1037	1
1036	1037	2
1036	1037	3
1036	1037	4
1036	1038	0
1036	1038	1
1036	1038	2
1036	1038	3
1036	1038	4
1037	1038	0
1037	1038	1
1037	1038	2
1037	1038	3
1037	1038	4
1037	1039	0
1037	1039	1
1037	1039	2
1037	1039	3
1037	1039	4
1038	1039	0
1038	1039	1
1038	1039	2
1038	1039	3
1038	1039	4
1039	1040	0
1039	1040	1
1039	1040	2
1039	1040	3
1039	1040	4
1039	1041	0
1039	1041	1
1039	1041	2
1039	1041	3
1039	1041	4
1040	1041	0
1040	1041	1
1040	1041	2
1040	1041	3
1040	1041	4
0	3	0
3	0	0
0	3	1
3	0	1
0	3	2
3	0	2
0	3	3
3	0	3
0	3	4
3	0	4
1	4	0
4	1	0
1	4	1
4	1	1
1	4	2
4	1	2
1	4	3
4	1	3
1	4	4
4	1	4
2	4	0
4	2	0
2	4	1
4	2	1
2	4	2
4	2	2
2	4	3
4	2	3
2	4	4
4	2	4
3	5	0
5	3	0
3	5	1
5	3	1
3	5	2
5	3	2
3	5	3
5	3	3
3	5	4
5	3	4
9	13	0
13	9	0
9	13	1
13	9	1
9	13	2
13	9	2
9	13	3
13	9	3
9	13	4
13	9	4
9	14	0
14	9	0
9	14	1
14	9	1
9	14	2
14	9	2
9	14	3
14	9	3
9	14	4
14	9	4
9	15	0
15	9	0
9	15	1
15	9	1
9	15	2
15	9	2
9	15	3
15	9	3
9	15	4
15	9	4
16	19	0
19	16	0
16	19	1
19	16	1
16	19	2
19	16	2
16	19	3
19	16	3
16	19	4
19	16	4
17	19	0
19	17	0
17	19	1
19	17	1
17	19	2
19	17	2
17	19	3
19	17	3
17	19	4
19	17	4
18	20	0
20	18	0
18	20	1
20	18	1
18	20	2
20	18	2
18	20	3
20	18	3
18	20	4
20	18	4
19	21	0
21	19	0
19	21	1
21	19	1
19	21	2
21	19	2
19	21	3
21	19	3
19	21	4
21	19	4
20	24	0
24	20	0
20	24	1
24	20	1
20	24	2
24	20	2
20	24	3
24	20	3
20	24	4
24	20	4
20	22	0
22	20	0
20	22	1
22	20	1
20	22	2
22	20	2
20	22	3
22	20	3
20	22	4
22	20	4
20	23	0
23	20	0
20	23	1
23	20	1
20	23	2
23	20	2
20	23	3
23	20	3
20	23	4
23	20	4
21	25	0
25	21	0
21	25	1
25	21	1
21	25	2
25	21	2
21	25	3
25	21	3
21	25	4
25	21	4
21	26	0
26	21	0
21	26	1
26	21	1
21	26	2
26	21	2
21	26	3
26	21	3
21	26	4
26	21	4
22	27	0
27	22	0
22	27	1
27	22	1
22	27	2
27	22	2
22	27	3
27	22	3
22	27	4
27	22	4
23	27	0
27	23	0
23	27	1
27	23	1
23	27	2
27	23	2
23	27	3
27	23	3
23	27	4
27	23	4
24	27	0
27	24	0
24	27	1
27	24	1
24	27	2
27	24	2
24	27	3
27	24	3
24	27	4
27	24	4
34	41	0
41	34	0
34	41	1
41	34	1
34	41	2
41	34	2
34	41	3
41	34	3
34	41	4
41	34	4
35	41	0
41	35	0
35	41	1
41	35	1
35	41	2
41	35	2
35	41	3
41	35	3
35	41	4
41	35	4
36	41	0
41	36	0
36	41	1
41	36	1
36	41	2
41	36	2
36	41	3
41	36	3
36	41	4
41	36	4
37	42	0
42	37	0
37	42	1
42	37	1
37	42	2
42	37	2
37	42	3
42	37	3
37	42	4
42	37	4
37	43	0
43	37	0
37	43	1
43	37	1
37	43	2
43	37	2
37	43	3
43	37	3
37	43	4
43	37	4
37	44	0
44	37	0
37	44	1
44	37	1
37	44	2
44	37	2
37	44	3
44	37	3
37	44	4
44	37	4
37	45	0
45	37	0
37	45	1
45	37	1
37	45	2
45	37	2
37	45	3
45	37	3
37	45	4
45	37	4
38	42	0
42	38	0
38	42	1
42	38	1
38	42	2
42	38	2
38	42	3
42	38	3
38	42	4
42	38	4
38	43	0
43	38	0
38	43	1
43	38	1
38	43	2
43	38	2
38	43	3
43	38	3
38	43	4
43	38	4
38	44	0
44	38	0
38	44	1
44	38	1
38	44	2
44	38	2
38	44	3
44	38	3
38	44	4
44	38	4
38	45	0
45	38	0
38	45	1
45	38	1
38	45	2
45	38	2
38	45	3
45	38	3
38	45	4
45	38	4
39	42	0
42	39	0
39	42	1
42	39	1
39	42	2
42	39	2
39	42	3
42	39	3
39	42	4
42	39	4
39	43	0
43	39	0
39	43	1
43	39	1
39	43	2
43	39	2
39	43	3
43	39	3
39	43	4
43	39	4
39	44	0
44	39	0
39	44	1
44	39	1
39	44	2
44	39	2
39	44	3
44	39	3
39	44	4
44	39	4
39	45	0
45	39	0
39	45	1
45	39	1
39	45	2
45	39	2
39	45	3
45	39	3
39	45	4
45	39	4
40	42	0
42	40	0
40	42	1
42	40	1
40	42	2
42	40	2
40	42	3
42	40	3
40	42	4
42	40	4
40	43	0
43	40	0
40	43	1
43	40	1
40	43	2
43	40	2
40	43	3
43	40	3
40	43	4
43	40	4
40	44	0
44	40	0
40	44	1
44	40	1
40	44	2
44	40	2
40	44	3
44	40	3
40	44	4
44	40	4
40	45	0
45	40	0
40	45	1
45	40	1
40	45	2
45	40	2
40	45	3
45	40	3
40	45	4
45	40	4
49	51	0
51	49	0
49	51	1
51	49	1
49	51	2
51	49	2
49	51	3
51	49	3
49	51	4
51	49	4
50	52	0
52	50	0
50	52	1
52	50	1
50	52	2
52	50	2
50	52	3
52	50	3
50	52	4
52	50	4
51	53	0
53	51	0
51	53	1
53	51	1
51	53	2
53	51	2
51	53	3
53	51	3
51	53	4
53	51	4
51	54	0
54	51	0
51	54	1
54	51	1
51	54	2
54	51	2
51	54	3
54	51	3
51	54	4
54	51	4
52	55	0
55	52	0
52	55	1
55	52	1
52	55	2
55	52	2
52	55	3
55	52	3
52	55	4
55	52	4
53	56	0
56	53	0
53	56	1
56	53	1
53	56	2
56	53	2
53	56	3
56	53	3
53	56	4
56	53	4
53	57	0
57	53	0
53	57	1
57	53	1
53	57	2
57	53	2
53	57	3
57	53	3
53	57	4
57	53	4
54	56	0
56	54	0
54	56	1
56	54	1
54	56	2
56	54	2
54	56	3
56	54	3
54	56	4
56	54	4
54	57	0
57	54	0
54	57	1
57	54	1
54	57	2
57	54	2
54	57	3
57	54	3
54	57	4
57	54	4
55	58	0
58	55	0
55	58	1
58	55	1
55	58	2
58	55	2
55	58	3
58	55	3
55	58	4
58	55	4
55	59	0
59	55	0
55	59	1
59	55	1
55	59	2
59	55	2
55	59	3
59	55	3
55	59	4
59	55	4
56	60	0
60	56	0
56	60	1
60	56	1
56	60	2
60	56	2
56	60	3
60	56	3
56	60	4
60	56	4
57	60	0
60	57	0
57	60	1
60	57	1
57	60	2
60	57	2
57	60	3
60	57	3
57	60	4
60	57	4
58	61	0
61	58	0
58	61	1
61	58	1
58	61	2
61	58	2
58	61	3
61	58	3
58	61	4
61	58	4
59	61	0
61	59	0
59	61	1
61	59	1
59	61	2
61	59	2
59	61	3
61	59	3
59	61	4
61	59	4
69	74	0
74	69	0
69	74	1
74	69	1
69	74	2
74	69	2
69	74	3
74	69	3
69	74	4
74	69	4
69	75	0
75	69	0
69	75	1
75	69	1
69	75	2
75	69	2
69	75	3
75	69	3
69	75	4
75	69	4
70	74	0
74	70	0
70	74	1
74	70	1
70	74	2
74	70	2
70	74	3
74	70	3
70	74	4
74	70	4
70	75	0
75	70	0
70	75	1
75	70	1
70	75	2
75	70	2
70	75	3
75	70	3
70	75	4
75	70	4
71	74	0
74	71	0
71	74	1
74	71	1
71	74	2
74	71	2
71	74	3
74	71	3
71	74	4
74	71	4
71	75	0
75	71	0
71	75	1
75	71	1
71	75	2
75	71	2
71	75	3
75	71	3
71	75	4
75	71	4
72	74	0
74	72	0
72	74	1
74	72	1
72	74	2
74	72	2
72	74	3
74	72	3
72	74	4
74	72	4
72	75	0
75	72	0
72	75	1
75	72	1
72	75	2
75	72	2
72	75	3
75	72	3
72	75	4
75	72	4
73	76	0
76	73	0
73	76	1
76	73	1
73	76	2
76	73	2
73	76	3
76	73	3
73	76	4
76	73	4
73	77	0
77	73	0
73	77	1
77	73	1
73	77	2
77	73	2
73	77	3
77	73	3
73	77	4
77	73	4
78	80	0
80	78	0
78	80	1
80	78	1
78	80	2
80	78	2
78	80	3
80	78	3
78	80	4
80	78	4
78	81	0
81	78	0
78	81	1
81	78	1
78	81	2
81	78	2
78	81	3
81	78	3
78	81	4
81	78	4
78	82	0
82	78	0
78	82	1
82	78	1
78	82	2
82	78	2
78	82	3
82	78	3
78	82	4
82	78	4
79	83	0
83	79	0
79	83	1
83	79	1
79	83	2
83	79	2
79	83	3
83	79	3
79	83	4
83	79	4
79	84	0
84	79	0
79	84	1
84	79	1
79	84	2
84	79	2
79	84	3
84	79	3
79	84	4
84	79	4
80	85	0
85	80	0
80	85	1
85	80	1
80	85	2
85	80	2
80	85	3
85	80	3
80	85	4
85	80	4
80	86	0
86	80	0
80	86	1
86	80	1
80	86	2
86	80	2
80	86	3
86	80	3
80	86	4
86	80	4
81	85	0
85	81	0
81	85	1
85	81	1
81	85	2
85	81	2
81	85	3
85	81	3
81	85	4
85	81	4
81	86	0
86	81	0
81	86	1
86	81	1
81	86	2
86	81	2
81	86	3
86	81	3
81	86	4
86	81	4
82	85	0
85	82	0
82	85	1
85	82	1
82	85	2
85	82	2
82	85	3
85	82	3
82	85	4
85	82	4
82	86	0
86	82	0
82	86	1
86	82	1
82	86	2
86	82	2
82	86	3
86	82	3
82	86	4
86	82	4
83	87	0
87	83	0
83	87	1
87	83	1
83	87	2
87	83	2
83	87	3
87	83	3
83	87	4
87	83	4
83	88	0
88	83	0
83	88	1
88	83	1
83	88	2
88	83	2
83	88	3
88	83	3
83	88	4
88	83	4
83	89	0
89	83	0
83	89	1
89	83	1
83	89	2
89	83	2
83	89	3
89	83	3
83	89	4
89	83	4
83	90	0
90	83	0
83	90	1
90	83	1
83	90	2
90	83	2
83	90	3
90	83	3
83	90	4
90	83	4
84	87	0
87	84	0
84	87	1
87	84	1
84	87	2
87	84	2
84	87	3
87	84	3
84	87	4
87	84	4
84	88	0
88	84	0
84	88	1
88	84	1
84	88	2
88	84	2
84	88	3
88	84	3
84	88	4
88	84	4
84	89	0
89	84	0
84	89	1
89	84	1
84	89	2
89	84	2
84	89	3
89	84	3
84	89	4
89	84	4
84	90	0
90	84	0
84	90	1
90	84	1
84	90	2
90	84	2
84	90	3
90	84	3
84	90	4
90	84	4
85	91	0
91	85	0
85	91	1
91	85	1
85	91	2
91	85	2
85	91	3
91	85	3
85	91	4
91	85	4
85	92	0
92	85	0
85	92	1
92	85	1
85	92	2
92	85	2
85	92	3
92	85	3
85	92	4
92	85	4
85	93	0
93	85	0
85	93	1
93	85	1
85	93	2
93	85	2
85	93	3
93	85	3
85	93	4
93	85	4
85	94	0
94	85	0
85	94	1
94	85	1
85	94	2
94	85	2
85	94	3
94	85	3
85	94	4
94	85	4
86	91	0
91	86	0
86	91	1
91	86	1
86	91	2
91	86	2
86	91	3
91	86	3
86	91	4
91	86	4
86	92	0
92	86	0
86	92	1
92	86	1
86	92	2
92	86	2
86	92	3
92	86	3
86	92	4
92	86	4
86	93	0
93	86	0
86	93	1
93	86	1
86	93	2
93	86	2
86	93	3
93	86	3
86	93	4
93	86	4
86	94	0
94	86	0
86	94	1
94	86	1
86	94	2
94	86	2
86	94	3
94	86	3
86	94	4
94	86	4
87	96	0
96	87	0
87	96	1
96	87	1
87	96	2
96	87	2
87	96	3
96	87	3
87	96	4
96	87	4
87	95	0
95	87	0
87	95	1
95	87	1
87	95	2
95	87	2
87	95	3
95	87	3
87	95	4
95	87	4
88	96	0
96	88	0
88	96	1
96	88	1
88	96	2
96	88	2
88	96	3
96	88	3
88	96	4
96	88	4
88	95	0
95	88	0
88	95	1
95	88	1
88	95	2
95	88	2
88	95	3
95	88	3
88	95	4
95	88	4
89	96	0
96	89	0
89	96	1
96	89	1
89	96	2
96	89	2
89	96	3
96	89	3
89	96	4
96	89	4
89	95	0
95	89	0
89	95	1
95	89	1
89	95	2
95	89	2
89	95	3
95	89	3
89	95	4
95	89	4
90	96	0
96	90	0
90	96	1
96	90	1
90	96	2
96	90	2
90	96	3
96	90	3
90	96	4
96	90	4
90	95	0
95	90	0
90	95	1
95	90	1
90	95	2
95	90	2
90	95	3
95	90	3
90	95	4
95	90	4
91	97	0
97	91	0
91	97	1
97	91	1
91	97	2
97	91	2
91	97	3
97	91	3
91	97	4
97	91	4
91	98	0
98	91	0
91	98	1
98	91	1
91	98	2
98	91	2
91	98	3
98	91	3
91	98	4
98	91	4
91	99	0
99	91	0
91	99	1
99	91	1
91	99	2
99	91	2
91	99	3
99	91	3
91	99	4
99	91	4
92	97	0
97	92	0
92	97	1
97	92	1
92	97	2
97	92	2
92	97	3
97	92	3
92	97	4
97	92	4
92	98	0
98	92	0
92	98	1
98	92	1
92	98	2
98	92	2
92	98	3
98	92	3
92	98	4
98	92	4
92	99	0
99	92	0
92	99	1
99	92	1
92	99	2
99	92	2
92	99	3
99	92	3
92	99	4
99	92	4
93	97	0
97	93	0
93	97	1
97	93	1
93	97	2
97	93	2
93	97	3
97	93	3
93	97	4
97	93	4
93	98	0
98	93	0
93	98	1
98	93	1
93	98	2
98	93	2
93	98	3
98	93	3
93	98	4
98	93	4
93	99	0
99	93	0
93	99	1
99	93	1
93	99	2
99	93	2
93	99	3
99	93	3
93	99	4
99	93	4
94	97	0
97	94	0
94	97	1
97	94	1
94	97	2
97	94	2
94	97	3
97	94	3
94	97	4
97	94	4
94	98	0
98	94	0
94	98	1
98	94	1
94	98	2
98	94	2
94	98	3
98	94	3
94	98	4
98	94	4
94	99	0
99	94	0
94	99	1
99	94	1
94	99	2
99	94	2
94	99	3
99	94	3
94	99	4
99	94	4
100	105	0
105	100	0
100	105	1
105	100	1
100	105	2
105	100	2
100	105	3
105	100	3
100	105	4
105	100	4
100	106	0
106	100	0
100	106	1
106	100	1
100	106	2
106	100	2
100	106	3
106	100	3
100	106	4
106	100	4
100	107	0
107	100	0
100	107	1
107	100	1
100	107	2
107	100	2
100	107	3
107	100	3
100	107	4
107	100	4
101	105	0
105	101	0
101	105	1
105	101	1
101	105	2
105	101	2
101	105	3
105	101	3
101	105	4
105	101	4
101	106	0
106	101	0
101	106	1
106	101	1
101	106	2
106	101	2
101	106	3
106	101	3
101	106	4
106	101	4
101	107	0
107	101	0
101	107	1
107	101	1
101	107	2
107	101	2
101	107	3
107	101	3
101	107	4
107	101	4
102	105	0
105	102	0
102	105	1
105	102	1
102	105	2
105	102	2
102	105	3
105	102	3
102	105	4
105	102	4
102	106	0
106	102	0
102	106	1
106	102	1
102	106	2
106	102	2
102	106	3
106	102	3
102	106	4
106	102	4
102	107	0
107	102	0
102	107	1
107	102	1
102	107	2
107	102	2
102	107	3
107	102	3
102	107	4
107	102	4
103	105	0
105	103	0
103	105	1
105	103	1
103	105	2
105	103	2
103	105	3
105	103	3
103	105	4
105	103	4
103	106	0
106	103	0
103	106	1
106	103	1
103	106	2
106	103	2
103	106	3
106	103	3
103	106	4
106	103	4
103	107	0
107	103	0
103	107	1
107	103	1
103	107	2
107	103	2
103	107	3
107	103	3
103	107	4
107	103	4
104	108	0
108	104	0
104	108	1
108	104	1
104	108	2
108	104	2
104	108	3
108	104	3
104	108	4
108	104	4
104	109	0
109	104	0
104	109	1
109	104	1
104	109	2
109	104	2
104	109	3
109	104	3
104	109	4
109	104	4
110	115	0
115	110	0
110	115	1
115	110	1
110	115	2
115	110	2
110	115	3
115	110	3
110	115	4
115	110	4
110	116	0
116	110	0
110	116	1
116	110	1
110	116	2
116	110	2
110	116	3
116	110	3
110	116	4
116	110	4
111	115	0
115	111	0
111	115	1
115	111	1
111	115	2
115	111	2
111	115	3
115	111	3
111	115	4
115	111	4
111	116	0
116	111	0
111	116	1
116	111	1
111	116	2
116	111	2
111	116	3
116	111	3
111	116	4
116	111	4
117	120	0
120	117	0
117	120	1
120	117	1
117	120	2
120	117	2
117	120	3
120	117	3
117	120	4
120	117	4
117	121	0
121	117	0
117	121	1
121	117	1
117	121	2
121	117	2
117	121	3
121	117	3
117	121	4
121	117	4
118	120	0
120	118	0
118	120	1
120	118	1
118	120	2
120	118	2
118	120	3
120	118	3
118	120	4
120	118	4
118	121	0
121	118	0
118	121	1
121	118	1
118	121	2
121	118	2
118	121	3
121	118	3
118	121	4
121	118	4
119	122	0
122	119	0
119	122	1
122	119	1
119	122	2
122	119	2
119	122	3
122	119	3
119	122	4
122	119	4
123	128	0
128	123	0
123	128	1
128	123	1
123	128	2
128	123	2
123	128	3
128	123	3
123	128	4
128	123	4
124	128	0
128	124	0
124	128	1
128	124	1
124	128	2
128	124	2
124	128	3
128	124	3
124	128	4
128	124	4
125	129	0
129	125	0
125	129	1
129	125	1
125	129	2
129	125	2
125	129	3
129	125	3
125	129	4
129	125	4
126	129	0
129	126	0
126	129	1
129	126	1
126	129	2
129	126	2
126	129	3
129	126	3
126	129	4
129	126	4
127	129	0
129	127	0
127	129	1
129	127	1
127	129	2
129	127	2
127	129	3
129	127	3
127	129	4
129	127	4
128	130	0
130	128	0
128	130	1
130	128	1
128	130	2
130	128	2
128	130	3
130	128	3
128	130	4
130	128	4
128	131	0
131	128	0
128	131	1
131	128	1
128	131	2
131	128	2
128	131	3
131	128	3
128	131	4
131	128	4
129	132	0
132	129	0
129	132	1
132	129	1
129	132	2
132	129	2
129	132	3
132	129	3
129	132	4
132	129	4
129	133	0
133	129	0
129	133	1
133	129	1
129	133	2
133	129	2
129	133	3
133	129	3
129	133	4
133	129	4
134	145	0
145	134	0
134	145	1
145	134	1
134	145	2
145	134	2
134	145	3
145	134	3
134	145	4
145	134	4
134	146	0
146	134	0
134	146	1
146	134	1
134	146	2
146	134	2
134	146	3
146	134	3
134	146	4
146	134	4
134	147	0
147	134	0
134	147	1
147	134	1
134	147	2
147	134	2
134	147	3
147	134	3
134	147	4
147	134	4
135	145	0
145	135	0
135	145	1
145	135	1
135	145	2
145	135	2
135	145	3
145	135	3
135	145	4
145	135	4
135	146	0
146	135	0
135	146	1
146	135	1
135	146	2
146	135	2
135	146	3
146	135	3
135	146	4
146	135	4
135	147	0
147	135	0
135	147	1
147	135	1
135	147	2
147	135	2
135	147	3
147	135	3
135	147	4
147	135	4
136	145	0
145	136	0
136	145	1
145	136	1
136	145	2
145	136	2
136	145	3
145	136	3
136	145	4
145	136	4
136	146	0
146	136	0
136	146	1
146	136	1
136	146	2
146	136	2
136	146	3
146	136	3
136	146	4
146	136	4
136	147	0
147	136	0
136	147	1
147	136	1
136	147	2
147	136	2
136	147	3
147	136	3
136	147	4
147	136	4
137	145	0
145	137	0
137	145	1
145	137	1
137	145	2
145	137	2
137	145	3
145	137	3
137	145	4
145	137	4
137	146	0
146	137	0
137	146	1
146	137	1
137	146	2
146	137	2
137	146	3
146	137	3
137	146	4
146	137	4
137	147	0
147	137	0
137	147	1
147	137	1
137	147	2
147	137	2
137	147	3
147	137	3
137	147	4
147	137	4
138	145	0
145	138	0
138	145	1
145	138	1
138	145	2
145	138	2
138	145	3
145	138	3
138	145	4
145	138	4
138	146	0
146	138	0
138	146	1
146	138	1
138	146	2
146	138	2
138	146	3
146	138	3
138	146	4
146	138	4
138	147	0
147	138	0
138	147	1
147	138	1
138	147	2
147	138	2
138	147	3
147	138	3
138	147	4
147	138	4
139	145	0
145	139	0
139	145	1
145	139	1
139	145	2
145	139	2
139	145	3
145	139	3
139	145	4
145	139	4
139	146	0
146	139	0
139	146	1
146	139	1
139	146	2
146	139	2
139	146	3
146	139	3
139	146	4
146	139	4
139	147	0
147	139	0
139	147	1
147	139	1
139	147	2
147	139	2
139	147	3
147	139	3
139	147	4
147	139	4
140	145	0
145	140	0
140	145	1
145	140	1
140	145	2
145	140	2
140	145	3
145	140	3
140	145	4
145	140	4
140	146	0
146	140	0
140	146	1
146	140	1
140	146	2
146	140	2
140	146	3
146	140	3
140	146	4
146	140	4
140	147	0
147	140	0
140	147	1
147	140	1
140	147	2
147	140	2
140	147	3
147	140	3
140	147	4
147	140	4
141	148	0
148	141	0
141	148	1
148	141	1
141	148	2
148	141	2
141	148	3
148	141	3
141	148	4
148	141	4
141	149	0
149	141	0
141	149	1
149	141	1
141	149	2
149	141	2
141	149	3
149	141	3
141	149	4
149	141	4
141	150	0
150	141	0
141	150	1
150	141	1
141	150	2
150	141	2
141	150	3
150	141	3
141	150	4
150	141	4
142	148	0
148	142	0
142	148	1
148	142	1
142	148	2
148	142	2
142	148	3
148	142	3
142	148	4
148	142	4
142	149	0
149	142	0
142	149	1
149	142	1
142	149	2
149	142	2
142	149	3
149	142	3
142	149	4
149	142	4
142	150	0
150	142	0
142	150	1
150	142	1
142	150	2
150	142	2
142	150	3
150	142	3
142	150	4
150	142	4
143	148	0
148	143	0
143	148	1
148	143	1
143	148	2
148	143	2
143	148	3
148	143	3
143	148	4
148	143	4
143	149	0
149	143	0
143	149	1
149	143	1
143	149	2
149	143	2
143	149	3
149	143	3
143	149	4
149	143	4
143	150	0
150	143	0
143	150	1
150	143	1
143	150	2
150	143	2
143	150	3
150	143	3
143	150	4
150	143	4
144	148	0
148	144	0
144	148	1
148	144	1
144	148	2
148	144	2
144	148	3
148	144	3
144	148	4
148	144	4
144	149	0
149	144	0
144	149	1
149	144	1
144	149	2
149	144	2
144	149	3
149	144	3
144	149	4
149	144	4
144	150	0
150	144	0
144	150	1
150	144	1
144	150	2
150	144	2
144	150	3
150	144	3
144	150	4
150	144	4
145	151	0
151	145	0
145	151	1
151	145	1
145	151	2
151	145	2
145	151	3
151	145	3
145	151	4
151	145	4
145	152	0
152	145	0
145	152	1
152	145	1
145	152	2
152	145	2
145	152	3
152	145	3
145	152	4
152	145	4
145	153	0
153	145	0
145	153	1
153	145	1
145	153	2
153	145	2
145	153	3
153	145	3
145	153	4
153	145	4
146	151	0
151	146	0
146	151	1
151	146	1
146	151	2
151	146	2
146	151	3
151	146	3
146	151	4
151	146	4
146	152	0
152	146	0
146	152	1
152	146	1
146	152	2
152	146	2
146	152	3
152	146	3
146	152	4
152	146	4
146	153	0
153	146	0
146	153	1
153	146	1
146	153	2
153	146	2
146	153	3
153	146	3
146	153	4
153	146	4
147	151	0
151	147	0
147	151	1
151	147	1
147	151	2
151	147	2
147	151	3
151	147	3
147	151	4
151	147	4
147	152	0
152	147	0
147	152	1
152	147	1
147	152	2
152	147	2
147	152	3
152	147	3
147	152	4
152	147	4
147	153	0
153	147	0
147	153	1
153	147	1
147	153	2
153	147	2
147	153	3
153	147	3
147	153	4
153	147	4
148	154	0
154	148	0
148	154	1
154	148	1
148	154	2
154	148	2
148	154	3
154	148	3
148	154	4
154	148	4
148	155	0
155	148	0
148	155	1
155	148	1
148	155	2
155	148	2
148	155	3
155	148	3
148	155	4
155	148	4
148	156	0
156	148	0
148	156	1
156	148	1
148	156	2
156	148	2
148	156	3
156	148	3
148	156	4
156	148	4
149	154	0
154	149	0
149	154	1
154	149	1
149	154	2
154	149	2
149	154	3
154	149	3
149	154	4
154	149	4
149	155	0
155	149	0
149	155	1
155	149	1
149	155	2
155	149	2
149	155	3
155	149	3
149	155	4
155	149	4
149	156	0
156	149	0
149	156	1
156	149	1
149	156	2
156	149	2
149	156	3
156	149	3
149	156	4
156	149	4
150	154	0
154	150	0
150	154	1
154	150	1
150	154	2
154	150	2
150	154	3
154	150	3
150	154	4
154	150	4
150	155	0
155	150	0
150	155	1
155	150	1
150	155	2
155	150	2
150	155	3
155	150	3
150	155	4
155	150	4
150	156	0
156	150	0
150	156	1
156	150	1
150	156	2
156	150	2
150	156	3
156	150	3
150	156	4
156	150	4
151	160	0
160	151	0
151	160	1
160	151	1
151	160	2
160	151	2
151	160	3
160	151	3
151	160	4
160	151	4
151	157	0
157	151	0
151	157	1
157	151	1
151	157	2
157	151	2
151	157	3
157	151	3
151	157	4
157	151	4
151	158	0
158	151	0
151	158	1
158	151	1
151	158	2
158	151	2
151	158	3
158	151	3
151	158	4
158	151	4
151	159	0
159	151	0
151	159	1
159	151	1
151	159	2
159	151	2
151	159	3
159	151	3
151	159	4
159	151	4
152	160	0
160	152	0
152	160	1
160	152	1
152	160	2
160	152	2
152	160	3
160	152	3
152	160	4
160	152	4
152	157	0
157	152	0
152	157	1
157	152	1
152	157	2
157	152	2
152	157	3
157	152	3
152	157	4
157	152	4
152	158	0
158	152	0
152	158	1
158	152	1
152	158	2
158	152	2
152	158	3
158	152	3
152	158	4
158	152	4
152	159	0
159	152	0
152	159	1
159	152	1
152	159	2
159	152	2
152	159	3
159	152	3
152	159	4
159	152	4
153	160	0
160	153	0
153	160	1
160	153	1
153	160	2
160	153	2
153	160	3
160	153	3
153	160	4
160	153	4
153	157	0
157	153	0
153	157	1
157	153	1
153	157	2
157	153	2
153	157	3
157	153	3
153	157	4
157	153	4
153	158	0
158	153	0
153	158	1
158	153	1
153	158	2
158	153	2
153	158	3
158	153	3
153	158	4
158	153	4
153	159	0
159	153	0
153	159	1
159	153	1
153	159	2
159	153	2
153	159	3
159	153	3
153	159	4
159	153	4
154	161	0
161	154	0
154	161	1
161	154	1
154	161	2
161	154	2
154	161	3
161	154	3
154	161	4
161	154	4
154	162	0
162	154	0
154	162	1
162	154	1
154	162	2
162	154	2
154	162	3
162	154	3
154	162	4
162	154	4
155	161	0
161	155	0
155	161	1
161	155	1
155	161	2
161	155	2
155	161	3
161	155	3
155	161	4
161	155	4
155	162	0
162	155	0
155	162	1
162	155	1
155	162	2
162	155	2
155	162	3
162	155	3
155	162	4
162	155	4
156	161	0
161	156	0
156	161	1
161	156	1
156	161	2
161	156	2
156	161	3
161	156	3
156	161	4
161	156	4
156	162	0
162	156	0
156	162	1
162	156	1
156	162	2
162	156	2
156	162	3
162	156	3
156	162	4
162	156	4
157	163	0
163	157	0
157	163	1
163	157	1
157	163	2
163	157	2
157	163	3
163	157	3
157	163	4
163	157	4
157	164	0
164	157	0
157	164	1
164	157	1
157	164	2
164	157	2
157	164	3
164	157	3
157	164	4
164	157	4
157	165	0
165	157	0
157	165	1
165	157	1
157	165	2
165	157	2
157	165	3
165	157	3
157	165	4
165	157	4
157	166	0
166	157	0
157	166	1
166	157	1
157	166	2
166	157	2
157	166	3
166	157	3
157	166	4
166	157	4
157	167	0
167	157	0
157	167	1
167	157	1
157	167	2
167	157	2
157	167	3
167	157	3
157	167	4
167	157	4
158	163	0
163	158	0
158	163	1
163	158	1
158	163	2
163	158	2
158	163	3
163	158	3
158	163	4
163	158	4
158	164	0
164	158	0
158	164	1
164	158	1
158	164	2
164	158	2
158	164	3
164	158	3
158	164	4
164	158	4
158	165	0
165	158	0
158	165	1
165	158	1
158	165	2
165	158	2
158	165	3
165	158	3
158	165	4
165	158	4
158	166	0
166	158	0
158	166	1
166	158	1
158	166	2
166	158	2
158	166	3
166	158	3
158	166	4
166	158	4
158	167	0
167	158	0
158	167	1
167	158	1
158	167	2
167	158	2
158	167	3
167	158	3
158	167	4
167	158	4
159	163	0
163	159	0
159	163	1
163	159	1
159	163	2
163	159	2
159	163	3
163	159	3
159	163	4
163	159	4
159	164	0
164	159	0
159	164	1
164	159	1
159	164	2
164	159	2
159	164	3
164	159	3
159	164	4
164	159	4
159	165	0
165	159	0
159	165	1
165	159	1
159	165	2
165	159	2
159	165	3
165	159	3
159	165	4
165	159	4
159	166	0
166	159	0
159	166	1
166	159	1
159	166	2
166	159	2
159	166	3
166	159	3
159	166	4
166	159	4
159	167	0
167	159	0
159	167	1
167	159	1
159	167	2
167	159	2
159	167	3
167	159	3
159	167	4
167	159	4
160	163	0
163	160	0
160	163	1
163	160	1
160	163	2
163	160	2
160	163	3
163	160	3
160	163	4
163	160	4
160	164	0
164	160	0
160	164	1
164	160	1
160	164	2
164	160	2
160	164	3
164	160	3
160	164	4
164	160	4
160	165	0
165	160	0
160	165	1
165	160	1
160	165	2
165	160	2
160	165	3
165	160	3
160	165	4
165	160	4
160	166	0
166	160	0
160	166	1
166	160	1
160	166	2
166	160	2
160	166	3
166	160	3
160	166	4
166	160	4
160	167	0
167	160	0
160	167	1
167	160	1
160	167	2
167	160	2
160	167	3
167	160	3
160	167	4
167	160	4
161	168	0
168	161	0
161	168	1
168	161	1
161	168	2
168	161	2
161	168	3
168	161	3
161	168	4
168	161	4
161	169	0
169	161	0
161	169	1
169	161	1
161	169	2
169	161	2
161	169	3
169	161	3
161	169	4
169	161	4
161	170	0
170	161	0
161	170	1
170	161	1
161	170	2
170	161	2
161	170	3
170	161	3
161	170	4
170	161	4
161	171	0
171	161	0
161	171	1
171	161	1
161	171	2
171	161	2
161	171	3
171	161	3
161	171	4
171	161	4
161	172	0
172	161	0
161	172	1
172	161	1
161	172	2
172	161	2
161	172	3
172	161	3
161	172	4
172	161	4
162	168	0
168	162	0
162	168	1
168	162	1
162	168	2
168	162	2
162	168	3
168	162	3
162	168	4
168	162	4
162	169	0
169	162	0
162	169	1
169	162	1
162	169	2
169	162	2
162	169	3
169	162	3
162	169	4
169	162	4
162	170	0
170	162	0
162	170	1
170	162	1
162	170	2
170	162	2
162	170	3
170	162	3
162	170	4
170	162	4
162	171	0
171	162	0
162	171	1
171	162	1
162	171	2
171	162	2
162	171	3
171	162	3
162	171	4
171	162	4
162	172	0
172	162	0
162	172	1
172	162	1
162	172	2
172	162	2
162	172	3
172	162	3
162	172	4
172	162	4
163	173	0
173	163	0
163	173	1
173	163	1
163	173	2
173	163	2
163	173	3
173	163	3
163	173	4
173	163	4
163	174	0
174	163	0
163	174	1
174	163	1
163	174	2
174	163	2
163	174	3
174	163	3
163	174	4
174	163	4
163	175	0
175	163	0
163	175	1
175	163	1
163	175	2
175	163	2
163	175	3
175	163	3
163	175	4
175	163	4
163	176	0
176	163	0
163	176	1
176	163	1
163	176	2
176	163	2
163	176	3
176	163	3
163	176	4
176	163	4
164	173	0
173	164	0
164	173	1
173	164	1
164	173	2
173	164	2
164	173	3
173	164	3
164	173	4
173	164	4
164	174	0
174	164	0
164	174	1
174	164	1
164	174	2
174	164	2
164	174	3
174	164	3
164	174	4
174	164	4
164	175	0
175	164	0
164	175	1
175	164	1
164	175	2
175	164	2
164	175	3
175	164	3
164	175	4
175	164	4
164	176	0
176	164	0
164	176	1
176	164	1
164	176	2
176	164	2
164	176	3
176	164	3
164	176	4
176	164	4
165	173	0
173	165	0
165	173	1
173	165	1
165	173	2
173	165	2
165	173	3
173	165	3
165	173	4
173	165	4
165	174	0
174	165	0
165	174	1
174	165	1
165	174	2
174	165	2
165	174	3
174	165	3
165	174	4
174	165	4
165	175	0
175	165	0
165	175	1
175	165	1
165	175	2
175	165	2
165	175	3
175	165	3
165	175	4
175	165	4
165	176	0
176	165	0
165	176	1
176	165	1
165	176	2
176	165	2
165	176	3
176	165	3
165	176	4
176	165	4
166	173	0
173	166	0
166	173	1
173	166	1
166	173	2
173	166	2
166	173	3
173	166	3
166	173	4
173	166	4
166	174	0
174	166	0
166	174	1
174	166	1
166	174	2
174	166	2
166	174	3
174	166	3
166	174	4
174	166	4
166	175	0
175	166	0
166	175	1
175	166	1
166	175	2
175	166	2
166	175	3
175	166	3
166	175	4
175	166	4
166	176	0
176	166	0
166	176	1
176	166	1
166	176	2
176	166	2
166	176	3
176	166	3
166	176	4
176	166	4
167	173	0
173	167	0
167	173	1
173	167	1
167	173	2
173	167	2
167	173	3
173	167	3
167	173	4
173	167	4
167	174	0
174	167	0
167	174	1
174	167	1
167	174	2
174	167	2
167	174	3
174	167	3
167	174	4
174	167	4
167	175	0
175	167	0
167	175	1
175	167	1
167	175	2
175	167	2
167	175	3
175	167	3
167	175	4
175	167	4
167	176	0
176	167	0
167	176	1
176	167	1
167	176	2
176	167	2
167	176	3
176	167	3
167	176	4
176	167	4
168	177	0
177	168	0
168	177	1
177	168	1
168	177	2
177	168	2
168	177	3
177	168	3
168	177	4
177	168	4
168	178	0
178	168	0
168	178	1
178	168	1
168	178	2
178	168	2
168	178	3
178	168	3
168	178	4
178	168	4
168	179	0
179	168	0
168	179	1
179	168	1
168	179	2
179	168	2
168	179	3
179	168	3
168	179	4
179	168	4
168	180	0
180	168	0
168	180	1
180	168	1
168	180	2
180	168	2
168	180	3
180	168	3
168	180	4
180	168	4
168	181	0
181	168	0
168	181	1
181	168	1
168	181	2
181	168	2
168	181	3
181	168	3
168	181	4
181	168	4
168	182	0
182	168	0
168	182	1
182	168	1
168	182	2
182	168	2
168	182	3
182	168	3
168	182	4
182	168	4
169	177	0
177	169	0
169	177	1
177	169	1
169	177	2
177	169	2
169	177	3
177	169	3
169	177	4
177	169	4
169	178	0
178	169	0
169	178	1
178	169	1
169	178	2
178	169	2
169	178	3
178	169	3
169	178	4
178	169	4
169	179	0
179	169	0
169	179	1
179	169	1
169	179	2
179	169	2
169	179	3
179	169	3
169	179	4
179	169	4
169	180	0
180	169	0
169	180	1
180	169	1
169	180	2
180	169	2
169	180	3
180	169	3
169	180	4
180	169	4
169	181	0
181	169	0
169	181	1
181	169	1
169	181	2
181	169	2
169	181	3
181	169	3
169	181	4
181	169	4
169	182	0
182	169	0
169	182	1
182	169	1
169	182	2
182	169	2
169	182	3
182	169	3
169	182	4
182	169	4
170	177	0
177	170	0
170	177	1
177	170	1
170	177	2
177	170	2
170	177	3
177	170	3
170	177	4
177	170	4
170	178	0
178	170	0
170	178	1
178	170	1
170	178	2
178	170	2
170	178	3
178	170	3
170	178	4
178	170	4
170	179	0
179	170	0
170	179	1
179	170	1
170	179	2
179	170	2
170	179	3
179	170	3
170	179	4
179	170	4
170	180	0
180	170	0
170	180	1
180	170	1
170	180	2
180	170	2
170	180	3
180	170	3
170	180	4
180	170	4
170	181	0
181	170	0
170	181	1
181	170	1
170	181	2
181	170	2
170	181	3
181	170	3
170	181	4
181	170	4
170	182	0
182	170	0
170	182	1
182	170	1
170	182	2
182	170	2
170	182	3
182	170	3
170	182	4
182	170	4
171	177	0
177	171	0
171	177	1
177	171	1
171	177	2
177	171	2
171	177	3
177	171	3
171	177	4
177	171	4
171	178	0
178	171	0
171	178	1
178	171	1
171	178	2
178	171	2
171	178	3
178	171	3
171	178	4
178	171	4
171	179	0
179	171	0
171	179	1
179	171	1
171	179	2
179	171	2
171	179	3
179	171	3
171	179	4
179	171	4
171	180	0
180	171	0
171	180	1
180	171	1
171	180	2
180	171	2
171	180	3
180	171	3
171	180	4
180	171	4
171	181	0
181	171	0
171	181	1
181	171	1
171	181	2
181	171	2
171	181	3
181	171	3
171	181	4
181	171	4
171	182	0
182	171	0
171	182	1
182	171	1
171	182	2
182	171	2
171	182	3
182	171	3
171	182	4
182	171	4
172	177	0
177	172	0
172	177	1
177	172	1
172	177	2
177	172	2
172	177	3
177	172	3
172	177	4
177	172	4
172	178	0
178	172	0
172	178	1
178	172	1
172	178	2
178	172	2
172	178	3
178	172	3
172	178	4
178	172	4
172	179	0
179	172	0
172	179	1
179	172	1
172	179	2
179	172	2
172	179	3
179	172	3
172	179	4
179	172	4
172	180	0
180	172	0
172	180	1
180	172	1
172	180	2
180	172	2
172	180	3
180	172	3
172	180	4
180	172	4
172	181	0
181	172	0
172	181	1
181	172	1
172	181	2
181	172	2
172	181	3
181	172	3
172	181	4
181	172	4
172	182	0
182	172	0
172	182	1
182	172	1
172	182	2
182	172	2
172	182	3
182	172	3
172	182	4
182	172	4
173	183	0
183	173	0
173	183	1
183	173	1
173	183	2
183	173	2
173	183	3
183	173	3
173	183	4
183	173	4
173	184	0
184	173	0
173	184	1
184	173	1
173	184	2
184	173	2
173	184	3
184	173	3
173	184	4
184	173	4
173	185	0
185	173	0
173	185	1
185	173	1
173	185	2
185	173	2
173	185	3
185	173	3
173	185	4
185	173	4
173	186	0
186	173	0
173	186	1
186	173	1
173	186	2
186	173	2
173	186	3
186	173	3
173	186	4
186	173	4
173	187	0
187	173	0
173	187	1
187	173	1
173	187	2
187	173	2
173	187	3
187	173	3
173	187	4
187	173	4
173	188	0
188	173	0
173	188	1
188	173	1
173	188	2
188	173	2
173	188	3
188	173	3
173	188	4
188	173	4
173	189	0
189	173	0
173	189	1
189	173	1
173	189	2
189	173	2
173	189	3
189	173	3
173	189	4
189	173	4
174	183	0
183	174	0
174	183	1
183	174	1
174	183	2
183	174	2
174	183	3
183	174	3
174	183	4
183	174	4
174	184	0
184	174	0
174	184	1
184	174	1
174	184	2
184	174	2
174	184	3
184	174	3
174	184	4
184	174	4
174	185	0
185	174	0
174	185	1
185	174	1
174	185	2
185	174	2
174	185	3
185	174	3
174	185	4
185	174	4
174	186	0
186	174	0
174	186	1
186	174	1
174	186	2
186	174	2
174	186	3
186	174	3
174	186	4
186	174	4
174	187	0
187	174	0
174	187	1
187	174	1
174	187	2
187	174	2
174	187	3
187	174	3
174	187	4
187	174	4
174	188	0
188	174	0
174	188	1
188	174	1
174	188	2
188	174	2
174	188	3
188	174	3
174	188	4
188	174	4
174	189	0
189	174	0
174	189	1
189	174	1
174	189	2
189	174	2
174	189	3
189	174	3
174	189	4
189	174	4
175	183	0
183	175	0
175	183	1
183	175	1
175	183	2
183	175	2
175	183	3
183	175	3
175	183	4
183	175	4
175	184	0
184	175	0
175	184	1
184	175	1
175	184	2
184	175	2
175	184	3
184	175	3
175	184	4
184	175	4
175	185	0
185	175	0
175	185	1
185	175	1
175	185	2
185	175	2
175	185	3
185	175	3
175	185	4
185	175	4
175	186	0
186	175	0
175	186	1
186	175	1
175	186	2
186	175	2
175	186	3
186	175	3
175	186	4
186	175	4
175	187	0
187	175	0
175	187	1
187	175	1
175	187	2
187	175	2
175	187	3
187	175	3
175	187	4
187	175	4
175	188	0
188	175	0
175	188	1
188	175	1
175	188	2
188	175	2
175	188	3
188	175	3
175	188	4
188	175	4
175	189	0
189	175	0
175	189	1
189	175	1
175	189	2
189	175	2
175	189	3
189	175	3
175	189	4
189	175	4
176	183	0
183	176	0
176	183	1
183	176	1
176	183	2
183	176	2
176	183	3
183	176	3
176	183	4
183	176	4
176	184	0
184	176	0
176	184	1
184	176	1
176	184	2
184	176	2
176	184	3
184	176	3
176	184	4
184	176	4
176	185	0
185	176	0
176	185	1
185	176	1
176	185	2
185	176	2
176	185	3
185	176	3
176	185	4
185	176	4
176	186	0
186	176	0
176	186	1
186	176	1
176	186	2
186	176	2
176	186	3
186	176	3
176	186	4
186	176	4
176	187	0
187	176	0
176	187	1
187	176	1
176	187	2
187	176	2
176	187	3
187	176	3
176	187	4
187	176	4
176	188	0
188	176	0
176	188	1
188	176	1
176	188	2
188	176	2
176	188	3
188	176	3
176	188	4
188	176	4
176	189	0
189	176	0
176	189	1
189	176	1
176	189	2
189	176	2
176	189	3
189	176	3
176	189	4
189	176	4
177	192	0
192	177	0
177	192	1
192	177	1
177	192	2
192	177	2
177	192	3
192	177	3
177	192	4
192	177	4
177	193	0
193	177	0
177	193	1
193	177	1
177	193	2
193	177	2
177	193	3
193	177	3
177	193	4
193	177	4
177	190	0
190	177	0
177	190	1
190	177	1
177	190	2
190	177	2
177	190	3
190	177	3
177	190	4
190	177	4
177	191	0
191	177	0
177	191	1
191	177	1
177	191	2
191	177	2
177	191	3
191	177	3
177	191	4
191	177	4
178	192	0
192	178	0
178	192	1
192	178	1
178	192	2
192	178	2
178	192	3
192	178	3
178	192	4
192	178	4
178	193	0
193	178	0
178	193	1
193	178	1
178	193	2
193	178	2
178	193	3
193	178	3
178	193	4
193	178	4
178	190	0
190	178	0
178	190	1
190	178	1
178	190	2
190	178	2
178	190	3
190	178	3
178	190	4
190	178	4
178	191	0
191	178	0
178	191	1
191	178	1
178	191	2
191	178	2
178	191	3
191	178	3
178	191	4
191	178	4
179	192	0
192	179	0
179	192	1
192	179	1
179	192	2
192	179	2
179	192	3
192	179	3
179	192	4
192	179	4
179	193	0
193	179	0
179	193	1
193	179	1
179	193	2
193	179	2
179	193	3
193	179	3
179	193	4
193	179	4
179	190	0
190	179	0
179	190	1
190	179	1
179	190	2
190	179	2
179	190	3
190	179	3
179	190	4
190	179	4
179	191	0
191	179	0
179	191	1
191	179	1
179	191	2
191	179	2
179	191	3
191	179	3
179	191	4
191	179	4
180	192	0
192	180	0
180	192	1
192	180	1
180	192	2
192	180	2
180	192	3
192	180	3
180	192	4
192	180	4
180	193	0
193	180	0
180	193	1
193	180	1
180	193	2
193	180	2
180	193	3
193	180	3
180	193	4
193	180	4
180	190	0
190	180	0
180	190	1
190	180	1
180	190	2
190	180	2
180	190	3
190	180	3
180	190	4
190	180	4
180	191	0
191	180	0
180	191	1
191	180	1
180	191	2
191	180	2
180	191	3
191	180	3
180	191	4
191	180	4
181	192	0
192	181	0
181	192	1
192	181	1
181	192	2
192	181	2
181	192	3
192	181	3
181	192	4
192	181	4
181	193	0
193	181	0
181	193	1
193	181	1
181	193	2
193	181	2
181	193	3
193	181	3
181	193	4
193	181	4
181	190	0
190	181	0
181	190	1
190	181	1
181	190	2
190	181	2
181	190	3
190	181	3
181	190	4
190	181	4
181	191	0
191	181	0
181	191	1
191	181	1
181	191	2
191	181	2
181	191	3
191	181	3
181	191	4
191	181	4
182	192	0
192	182	0
182	192	1
192	182	1
182	192	2
192	182	2
182	192	3
192	182	3
182	192	4
192	182	4
182	193	0
193	182	0
182	193	1
193	182	1
182	193	2
193	182	2
182	193	3
193	182	3
182	193	4
193	182	4
182	190	0
190	182	0
182	190	1
190	182	1
182	190	2
190	182	2
182	190	3
190	182	3
182	190	4
190	182	4
182	191	0
191	182	0
182	191	1
191	182	1
182	191	2
191	182	2
182	191	3
191	182	3
182	191	4
191	182	4
183	194	0
194	183	0
183	194	1
194	183	1
183	194	2
194	183	2
183	194	3
194	183	3
183	194	4
194	183	4
183	195	0
195	183	0
183	195	1
195	183	1
183	195	2
195	183	2
183	195	3
195	183	3
183	195	4
195	183	4
183	196	0
196	183	0
183	196	1
196	183	1
183	196	2
196	183	2
183	196	3
196	183	3
183	196	4
196	183	4
183	197	0
197	183	0
183	197	1
197	183	1
183	197	2
197	183	2
183	197	3
197	183	3
183	197	4
197	183	4
183	198	0
198	183	0
183	198	1
198	183	1
183	198	2
198	183	2
183	198	3
198	183	3
183	198	4
198	183	4
183	199	0
199	183	0
183	199	1
199	183	1
183	199	2
199	183	2
183	199	3
199	183	3
183	199	4
199	183	4
183	200	0
200	183	0
183	200	1
200	183	1
183	200	2
200	183	2
183	200	3
200	183	3
183	200	4
200	183	4
184	194	0
194	184	0
184	194	1
194	184	1
184	194	2
194	184	2
184	194	3
194	184	3
184	194	4
194	184	4
184	195	0
195	184	0
184	195	1
195	184	1
184	195	2
195	184	2
184	195	3
195	184	3
184	195	4
195	184	4
184	196	0
196	184	0
184	196	1
196	184	1
184	196	2
196	184	2
184	196	3
196	184	3
184	196	4
196	184	4
184	197	0
197	184	0
184	197	1
197	184	1
184	197	2
197	184	2
184	197	3
197	184	3
184	197	4
197	184	4
184	198	0
198	184	0
184	198	1
198	184	1
184	198	2
198	184	2
184	198	3
198	184	3
184	198	4
198	184	4
184	199	0
199	184	0
184	199	1
199	184	1
184	199	2
199	184	2
184	199	3
199	184	3
184	199	4
199	184	4
184	200	0
200	184	0
184	200	1
200	184	1
184	200	2
200	184	2
184	200	3
200	184	3
184	200	4
200	184	4
185	194	0
194	185	0
185	194	1
194	185	1
185	194	2
194	185	2
185	194	3
194	185	3
185	194	4
194	185	4
185	195	0
195	185	0
185	195	1
195	185	1
185	195	2
195	185	2
185	195	3
195	185	3
185	195	4
195	185	4
185	196	0
196	185	0
185	196	1
196	185	1
185	196	2
196	185	2
185	196	3
196	185	3
185	196	4
196	185	4
185	197	0
197	185	0
185	197	1
197	185	1
185	197	2
197	185	2
185	197	3
197	185	3
185	197	4
197	185	4
185	198	0
198	185	0
185	198	1
198	185	1
185	198	2
198	185	2
185	198	3
198	185	3
185	198	4
198	185	4
185	199	0
199	185	0
185	199	1
199	185	1
185	199	2
199	185	2
185	199	3
199	185	3
185	199	4
199	185	4
185	200	0
200	185	0
185	200	1
200	185	1
185	200	2
200	185	2
185	200	3
200	185	3
185	200	4
200	185	4
186	194	0
194	186	0
186	194	1
194	186	1
186	194	2
194	186	2
186	194	3
194	186	3
186	194	4
194	186	4
186	195	0
195	186	0
186	195	1
195	186	1
186	195	2
195	186	2
186	195	3
195	186	3
186	195	4
195	186	4
186	196	0
196	186	0
186	196	1
196	186	1
186	196	2
196	186	2
186	196	3
196	186	3
186	196	4
196	186	4
186	197	0
197	186	0
186	197	1
197	186	1
186	197	2
197	186	2
186	197	3
197	186	3
186	197	4
197	186	4
186	198	0
198	186	0
186	198	1
198	186	1
186	198	2
198	186	2
186	198	3
198	186	3
186	198	4
198	186	4
186	199	0
199	186	0
186	199	1
199	186	1
186	199	2
199	186	2
186	199	3
199	186	3
186	199	4
199	186	4
186	200	0
200	186	0
186	200	1
200	186	1
186	200	2
200	186	2
186	200	3
200	186	3
186	200	4
200	186	4
187	194	0
194	187	0
187	194	1
194	187	1
187	194	2
194	187	2
187	194	3
194	187	3
187	194	4
194	187	4
187	195	0
195	187	0
187	195	1
195	187	1
187	195	2
195	187	2
187	195	3
195	187	3
187	195	4
195	187	4
187	196	0
196	187	0
187	196	1
196	187	1
187	196	2
196	187	2
187	196	3
196	187	3
187	196	4
196	187	4
187	197	0
197	187	0
187	197	1
197	187	1
187	197	2
197	187	2
187	197	3
197	187	3
187	197	4
197	187	4
187	198	0
198	187	0
187	198	1
198	187	1
187	198	2
198	187	2
187	198	3
198	187	3
187	198	4
198	187	4
187	199	0
199	187	0
187	199	1
199	187	1
187	199	2
199	187	2
187	199	3
199	187	3
187	199	4
199	187	4
187	200	0
200	187	0
187	200	1
200	187	1
187	200	2
200	187	2
187	200	3
200	187	3
187	200	4
200	187	4
188	194	0
194	188	0
188	194	1
194	188	1
188	194	2
194	188	2
188	194	3
194	188	3
188	194	4
194	188	4
188	195	0
195	188	0
188	195	1
195	188	1
188	195	2
195	188	2
188	195	3
195	188	3
188	195	4
195	188	4
188	196	0
196	188	0
188	196	1
196	188	1
188	196	2
196	188	2
188	196	3
196	188	3
188	196	4
196	188	4
188	197	0
197	188	0
188	197	1
197	188	1
188	197	2
197	188	2
188	197	3
197	188	3
188	197	4
197	188	4
188	198	0
198	188	0
188	198	1
198	188	1
188	198	2
198	188	2
188	198	3
198	188	3
188	198	4
198	188	4
188	199	0
199	188	0
188	199	1
199	188	1
188	199	2
199	188	2
188	199	3
199	188	3
188	199	4
199	188	4
188	200	0
200	188	0
188	200	1
200	188	1
188	200	2
200	188	2
188	200	3
200	188	3
188	200	4
200	188	4
189	194	0
194	189	0
189	194	1
194	189	1
189	194	2
194	189	2
189	194	3
194	189	3
189	194	4
194	189	4
189	195	0
195	189	0
189	195	1
195	189	1
189	195	2
195	189	2
189	195	3
195	189	3
189	195	4
195	189	4
189	196	0
196	189	0
189	196	1
196	189	1
189	196	2
196	189	2
189	196	3
196	189	3
189	196	4
196	189	4
189	197	0
197	189	0
189	197	1
197	189	1
189	197	2
197	189	2
189	197	3
197	189	3
189	197	4
197	189	4
189	198	0
198	189	0
189	198	1
198	189	1
189	198	2
198	189	2
189	198	3
198	189	3
189	198	4
198	189	4
189	199	0
199	189	0
189	199	1
199	189	1
189	199	2
199	189	2
189	199	3
199	189	3
189	199	4
199	189	4
189	200	0
200	189	0
189	200	1
200	189	1
189	200	2
200	189	2
189	200	3
200	189	3
189	200	4
200	189	4
190	201	0
201	190	0
190	201	1
201	190	1
190	201	2
201	190	2
190	201	3
201	190	3
190	201	4
201	190	4
190	202	0
202	190	0
190	202	1
202	190	1
190	202	2
202	190	2
190	202	3
202	190	3
190	202	4
202	190	4
191	201	0
201	191	0
191	201	1
201	191	1
191	201	2
201	191	2
191	201	3
201	191	3
191	201	4
201	191	4
191	202	0
202	191	0
191	202	1
202	191	1
191	202	2
202	191	2
191	202	3
202	191	3
191	202	4
202	191	4
192	201	0
201	192	0
192	201	1
201	192	1
192	201	2
201	192	2
192	201	3
201	192	3
192	201	4
201	192	4
192	202	0
202	192	0
192	202	1
202	192	1
192	202	2
202	192	2
192	202	3
202	192	3
192	202	4
202	192	4
193	201	0
201	193	0
193	201	1
201	193	1
193	201	2
201	193	2
193	201	3
201	193	3
193	201	4
201	193	4
193	202	0
202	193	0
193	202	1
202	193	1
193	202	2
202	193	2
193	202	3
202	193	3
193	202	4
202	193	4
194	203	0
203	194	0
194	203	1
203	194	1
194	203	2
203	194	2
194	203	3
203	194	3
194	203	4
203	194	4
194	204	0
204	194	0
194	204	1
204	194	1
194	204	2
204	194	2
194	204	3
204	194	3
194	204	4
204	194	4
194	205	0
205	194	0
194	205	1
205	194	1
194	205	2
205	194	2
194	205	3
205	194	3
194	205	4
205	194	4
195	203	0
203	195	0
195	203	1
203	195	1
195	203	2
203	195	2
195	203	3
203	195	3
195	203	4
203	195	4
195	204	0
204	195	0
195	204	1
204	195	1
195	204	2
204	195	2
195	204	3
204	195	3
195	204	4
204	195	4
195	205	0
205	195	0
195	205	1
205	195	1
195	205	2
205	195	2
195	205	3
205	195	3
195	205	4
205	195	4
196	203	0
203	196	0
196	203	1
203	196	1
196	203	2
203	196	2
196	203	3
203	196	3
196	203	4
203	196	4
196	204	0
204	196	0
196	204	1
204	196	1
196	204	2
204	196	2
196	204	3
204	196	3
196	204	4
204	196	4
196	205	0
205	196	0
196	205	1
205	196	1
196	205	2
205	196	2
196	205	3
205	196	3
196	205	4
205	196	4
197	203	0
203	197	0
197	203	1
203	197	1
197	203	2
203	197	2
197	203	3
203	197	3
197	203	4
203	197	4
197	204	0
204	197	0
197	204	1
204	197	1
197	204	2
204	197	2
197	204	3
204	197	3
197	204	4
204	197	4
197	205	0
205	197	0
197	205	1
205	197	1
197	205	2
205	197	2
197	205	3
205	197	3
197	205	4
205	197	4
198	203	0
203	198	0
198	203	1
203	198	1
198	203	2
203	198	2
198	203	3
203	198	3
198	203	4
203	198	4
198	204	0
204	198	0
198	204	1
204	198	1
198	204	2
204	198	2
198	204	3
204	198	3
198	204	4
204	198	4
198	205	0
205	198	0
198	205	1
205	198	1
198	205	2
205	198	2
198	205	3
205	198	3
198	205	4
205	198	4
199	203	0
203	199	0
199	203	1
203	199	1
199	203	2
203	199	2
199	203	3
203	199	3
199	203	4
203	199	4
199	204	0
204	199	0
199	204	1
204	199	1
199	204	2
204	199	2
199	204	3
204	199	3
199	204	4
204	199	4
199	205	0
205	199	0
199	205	1
205	199	1
199	205	2
205	199	2
199	205	3
205	199	3
199	205	4
205	199	4
200	203	0
203	200	0
200	203	1
203	200	1
200	203	2
203	200	2
200	203	3
203	200	3
200	203	4
203	200	4
200	204	0
204	200	0
200	204	1
204	200	1
200	204	2
204	200	2
200	204	3
204	200	3
200	204	4
204	200	4
200	205	0
205	200	0
200	205	1
205	200	1
200	205	2
205	200	2
200	205	3
205	200	3
200	205	4
205	200	4
201	206	0
206	201	0
201	206	1
206	201	1
201	206	2
206	201	2
201	206	3
206	201	3
201	206	4
206	201	4
201	207	0
207	201	0
201	207	1
207	201	1
201	207	2
207	201	2
201	207	3
207	201	3
201	207	4
207	201	4
201	208	0
208	201	0
201	208	1
208	201	1
201	208	2
208	201	2
201	208	3
208	201	3
201	208	4
208	201	4
201	209	0
209	201	0
201	209	1
209	201	1
201	209	2
209	201	2
201	209	3
209	201	3
201	209	4
209	201	4
202	206	0
206	202	0
202	206	1
206	202	1
202	206	2
206	202	2
202	206	3
206	202	3
202	206	4
206	202	4
202	207	0
207	202	0
202	207	1
207	202	1
202	207	2
207	202	2
202	207	3
207	202	3
202	207	4
207	202	4
202	208	0
208	202	0
202	208	1
208	202	1
202	208	2
208	202	2
202	208	3
208	202	3
202	208	4
208	202	4
202	209	0
209	202	0
202	209	1
209	202	1
202	209	2
209	202	2
202	209	3
209	202	3
202	209	4
209	202	4
203	210	0
210	203	0
203	210	1
210	203	1
203	210	2
210	203	2
203	210	3
210	203	3
203	210	4
210	203	4
203	211	0
211	203	0
203	211	1
211	203	1
203	211	2
211	203	2
203	211	3
211	203	3
203	211	4
211	203	4
203	212	0
212	203	0
203	212	1
212	203	1
203	212	2
212	203	2
203	212	3
212	203	3
203	212	4
212	203	4
204	210	0
210	204	0
204	210	1
210	204	1
204	210	2
210	204	2
204	210	3
210	204	3
204	210	4
210	204	4
204	211	0
211	204	0
204	211	1
211	204	1
204	211	2
211	204	2
204	211	3
211	204	3
204	211	4
211	204	4
204	212	0
212	204	0
204	212	1
212	204	1
204	212	2
212	204	2
204	212	3
212	204	3
204	212	4
212	204	4
205	210	0
210	205	0
205	210	1
210	205	1
205	210	2
210	205	2
205	210	3
210	205	3
205	210	4
210	205	4
205	211	0
211	205	0
205	211	1
211	205	1
205	211	2
211	205	2
205	211	3
211	205	3
205	211	4
211	205	4
205	212	0
212	205	0
205	212	1
212	205	1
205	212	2
212	205	2
205	212	3
212	205	3
205	212	4
212	205	4
206	213	0
213	206	0
206	213	1
213	206	1
206	213	2
213	206	2
206	213	3
213	206	3
206	213	4
213	206	4
206	214	0
214	206	0
206	214	1
214	206	1
206	214	2
214	206	2
206	214	3
214	206	3
206	214	4
214	206	4
206	215	0
215	206	0
206	215	1
215	206	1
206	215	2
215	206	2
206	215	3
215	206	3
206	215	4
215	206	4
207	213	0
213	207	0
207	213	1
213	207	1
207	213	2
213	207	2
207	213	3
213	207	3
207	213	4
213	207	4
207	214	0
214	207	0
207	214	1
214	207	1
207	214	2
214	207	2
207	214	3
214	207	3
207	214	4
214	207	4
207	215	0
215	207	0
207	215	1
215	207	1
207	215	2
215	207	2
207	215	3
215	207	3
207	215	4
215	207	4
208	213	0
213	208	0
208	213	1
213	208	1
208	213	2
213	208	2
208	213	3
213	208	3
208	213	4
213	208	4
208	214	0
214	208	0
208	214	1
214	208	1
208	214	2
214	208	2
208	214	3
214	208	3
208	214	4
214	208	4
208	215	0
215	208	0
208	215	1
215	208	1
208	215	2
215	208	2
208	215	3
215	208	3
208	215	4
215	208	4
209	213	0
213	209	0
209	213	1
213	209	1
209	213	2
213	209	2
209	213	3
213	209	3
209	213	4
213	209	4
209	214	0
214	209	0
209	214	1
214	209	1
209	214	2
214	209	2
209	214	3
214	209	3
209	214	4
214	209	4
209	215	0
215	209	0
209	215	1
215	209	1
209	215	2
215	209	2
209	215	3
215	209	3
209	215	4
215	209	4
210	216	0
216	210	0
210	216	1
216	210	1
210	216	2
216	210	2
210	216	3
216	210	3
210	216	4
216	210	4
210	217	0
217	210	0
210	217	1
217	210	1
210	217	2
217	210	2
210	217	3
217	210	3
210	217	4
217	210	4
210	218	0
218	210	0
210	218	1
218	210	1
210	218	2
218	210	2
210	218	3
218	210	3
210	218	4
218	210	4
210	219	0
219	210	0
210	219	1
219	210	1
210	219	2
219	210	2
210	219	3
219	210	3
210	219	4
219	210	4
210	220	0
220	210	0
210	220	1
220	210	1
210	220	2
220	210	2
210	220	3
220	210	3
210	220	4
220	210	4
211	216	0
216	211	0
211	216	1
216	211	1
211	216	2
216	211	2
211	216	3
216	211	3
211	216	4
216	211	4
211	217	0
217	211	0
211	217	1
217	211	1
211	217	2
217	211	2
211	217	3
217	211	3
211	217	4
217	211	4
211	218	0
218	211	0
211	218	1
218	211	1
211	218	2
218	211	2
211	218	3
218	211	3
211	218	4
218	211	4
211	219	0
219	211	0
211	219	1
219	211	1
211	219	2
219	211	2
211	219	3
219	211	3
211	219	4
219	211	4
211	220	0
220	211	0
211	220	1
220	211	1
211	220	2
220	211	2
211	220	3
220	211	3
211	220	4
220	211	4
212	216	0
216	212	0
212	216	1
216	212	1
212	216	2
216	212	2
212	216	3
216	212	3
212	216	4
216	212	4
212	217	0
217	212	0
212	217	1
217	212	1
212	217	2
217	212	2
212	217	3
217	212	3
212	217	4
217	212	4
212	218	0
218	212	0
212	218	1
218	212	1
212	218	2
218	212	2
212	218	3
218	212	3
212	218	4
218	212	4
212	219	0
219	212	0
212	219	1
219	212	1
212	219	2
219	212	2
212	219	3
219	212	3
212	219	4
219	212	4
212	220	0
220	212	0
212	220	1
220	212	1
212	220	2
220	212	2
212	220	3
220	212	3
212	220	4
220	212	4
213	221	0
221	213	0
213	221	1
221	213	1
213	221	2
221	213	2
213	221	3
221	213	3
213	221	4
221	213	4
213	222	0
222	213	0
213	222	1
222	213	1
213	222	2
222	213	2
213	222	3
222	213	3
213	222	4
222	213	4
213	223	0
223	213	0
213	223	1
223	213	1
213	223	2
223	213	2
213	223	3
223	213	3
213	223	4
223	213	4
214	221	0
221	214	0
214	221	1
221	214	1
214	221	2
221	214	2
214	221	3
221	214	3
214	221	4
221	214	4
214	222	0
222	214	0
214	222	1
222	214	1
214	222	2
222	214	2
214	222	3
222	214	3
214	222	4
222	214	4
214	223	0
223	214	0
214	223	1
223	214	1
214	223	2
223	214	2
214	223	3
223	214	3
214	223	4
223	214	4
215	221	0
221	215	0
215	221	1
221	215	1
215	221	2
221	215	2
215	221	3
221	215	3
215	221	4
221	215	4
215	222	0
222	215	0
215	222	1
222	215	1
215	222	2
222	215	2
215	222	3
222	215	3
215	222	4
222	215	4
215	223	0
223	215	0
215	223	1
223	215	1
215	223	2
223	215	2
215	223	3
223	215	3
215	223	4
223	215	4
216	224	0
224	216	0
216	224	1
224	216	1
216	224	2
224	216	2
216	224	3
224	216	3
216	224	4
224	216	4
216	225	0
225	216	0
216	225	1
225	216	1
216	225	2
225	216	2
216	225	3
225	216	3
216	225	4
225	216	4
216	226	0
226	216	0
216	226	1
226	216	1
216	226	2
226	216	2
216	226	3
226	216	3
216	226	4
226	216	4
217	224	0
224	217	0
217	224	1
224	217	1
217	224	2
224	217	2
217	224	3
224	217	3
217	224	4
224	217	4
217	225	0
225	217	0
217	225	1
225	217	1
217	225	2
225	217	2
217	225	3
225	217	3
217	225	4
225	217	4
217	226	0
226	217	0
217	226	1
226	217	1
217	226	2
226	217	2
217	226	3
226	217	3
217	226	4
226	217	4
218	224	0
224	218	0
218	224	1
224	218	1
218	224	2
224	218	2
218	224	3
224	218	3
218	224	4
224	218	4
218	225	0
225	218	0
218	225	1
225	218	1
218	225	2
225	218	2
218	225	3
225	218	3
218	225	4
225	218	4
218	226	0
226	218	0
218	226	1
226	218	1
218	226	2
226	218	2
218	226	3
226	218	3
218	226	4
226	218	4
219	224	0
224	219	0
219	224	1
224	219	1
219	224	2
224	219	2
219	224	3
224	219	3
219	224	4
224	219	4
219	225	0
225	219	0
219	225	1
225	219	1
219	225	2
225	219	2
219	225	3
225	219	3
219	225	4
225	219	4
219	226	0
226	219	0
219	226	1
226	219	1
219	226	2
226	219	2
219	226	3
226	219	3
219	226	4
226	219	4
220	224	0
224	220	0
220	224	1
224	220	1
220	224	2
224	220	2
220	224	3
224	220	3
220	224	4
224	220	4
220	225	0
225	220	0
220	225	1
225	220	1
220	225	2
225	220	2
220	225	3
225	220	3
220	225	4
225	220	4
220	226	0
226	220	0
220	226	1
226	220	1
220	226	2
226	220	2
220	226	3
226	220	3
220	226	4
226	220	4
221	227	0
227	221	0
221	227	1
227	221	1
221	227	2
227	221	2
221	227	3
227	221	3
221	227	4
227	221	4
222	227	0
227	222	0
222	227	1
227	222	1
222	227	2
227	222	2
222	227	3
227	222	3
222	227	4
227	222	4
223	227	0
227	223	0
223	227	1
227	223	1
223	227	2
227	223	2
223	227	3
227	223	3
223	227	4
227	223	4
224	228	0
228	224	0
224	228	1
228	224	1
224	228	2
228	224	2
224	228	3
228	224	3
224	228	4
228	224	4
224	229	0
229	224	0
224	229	1
229	224	1
224	229	2
229	224	2
224	229	3
229	224	3
224	229	4
229	224	4
224	230	0
230	224	0
224	230	1
230	224	1
224	230	2
230	224	2
224	230	3
230	224	3
224	230	4
230	224	4
225	228	0
228	225	0
225	228	1
228	225	1
225	228	2
228	225	2
225	228	3
228	225	3
225	228	4
228	225	4
225	229	0
229	225	0
225	229	1
229	225	1
225	229	2
229	225	2
225	229	3
229	225	3
225	229	4
229	225	4
225	230	0
230	225	0
225	230	1
230	225	1
225	230	2
230	225	2
225	230	3
230	225	3
225	230	4
230	225	4
226	228	0
228	226	0
226	228	1
228	226	1
226	228	2
228	226	2
226	228	3
228	226	3
226	228	4
228	226	4
226	229	0
229	226	0
226	229	1
229	226	1
226	229	2
229	226	2
226	229	3
229	226	3
226	229	4
229	226	4
226	230	0
230	226	0
226	230	1
230	226	1
226	230	2
230	226	2
226	230	3
230	226	3
226	230	4
230	226	4
227	231	0
231	227	0
227	231	1
231	227	1
227	231	2
231	227	2
227	231	3
231	227	3
227	231	4
231	227	4
227	232	0
232	227	0
227	232	1
232	227	1
227	232	2
232	227	2
227	232	3
232	227	3
227	232	4
232	227	4
227	233	0
233	227	0
227	233	1
233	227	1
227	233	2
233	227	2
227	233	3
233	227	3
227	233	4
233	227	4
228	234	0
234	228	0
228	234	1
234	228	1
228	234	2
234	228	2
228	234	3
234	228	3
228	234	4
234	228	4
228	235	0
235	228	0
228	235	1
235	228	1
228	235	2
235	228	2
228	235	3
235	228	3
228	235	4
235	228	4
229	234	0
234	229	0
229	234	1
234	229	1
229	234	2
234	229	2
229	234	3
234	229	3
229	234	4
234	229	4
229	235	0
235	229	0
229	235	1
235	229	1
229	235	2
235	229	2
229	235	3
235	229	3
229	235	4
235	229	4
230	234	0
234	230	0
230	234	1
234	230	1
230	234	2
234	230	2
230	234	3
234	230	3
230	234	4
234	230	4
230	235	0
235	230	0
230	235	1
235	230	1
230	235	2
235	230	2
230	235	3
235	230	3
230	235	4
235	230	4
231	236	0
236	231	0
231	236	1
236	231	1
231	236	2
236	231	2
231	236	3
236	231	3
231	236	4
236	231	4
231	237	0
237	231	0
231	237	1
237	231	1
231	237	2
237	231	2
231	237	3
237	231	3
231	237	4
237	231	4
232	236	0
236	232	0
232	236	1
236	232	1
232	236	2
236	232	2
232	236	3
236	232	3
232	236	4
236	232	4
232	237	0
237	232	0
232	237	1
237	232	1
232	237	2
237	232	2
232	237	3
237	232	3
232	237	4
237	232	4
233	236	0
236	233	0
233	236	1
236	233	1
233	236	2
236	233	2
233	236	3
236	233	3
233	236	4
236	233	4
233	237	0
237	233	0
233	237	1
237	233	1
233	237	2
237	233	2
233	237	3
237	233	3
233	237	4
237	233	4
234	238	0
238	234	0
234	238	1
238	234	1
234	238	2
238	234	2
234	238	3
238	234	3
234	238	4
238	234	4
234	239	0
239	234	0
234	239	1
239	234	1
234	239	2
239	234	2
234	239	3
239	234	3
234	239	4
239	234	4
234	240	0
240	234	0
234	240	1
240	234	1
234	240	2
240	234	2
234	240	3
240	234	3
234	240	4
240	234	4
234	241	0
241	234	0
234	241	1
241	234	1
234	241	2
241	234	2
234	241	3
241	234	3
234	241	4
241	234	4
234	242	0
242	234	0
234	242	1
242	234	1
234	242	2
242	234	2
234	242	3
242	234	3
234	242	4
242	234	4
235	238	0
238	235	0
235	238	1
238	235	1
235	238	2
238	235	2
235	238	3
238	235	3
235	238	4
238	235	4
235	239	0
239	235	0
235	239	1
239	235	1
235	239	2
239	235	2
235	239	3
239	235	3
235	239	4
239	235	4
235	240	0
240	235	0
235	240	1
240	235	1
235	240	2
240	235	2
235	240	3
240	235	3
235	240	4
240	235	4
235	241	0
241	235	0
235	241	1
241	235	1
235	241	2
241	235	2
235	241	3
241	235	3
235	241	4
241	235	4
235	242	0
242	235	0
235	242	1
242	235	1
235	242	2
242	235	2
235	242	3
242	235	3
235	242	4
242	235	4
236	243	0
243	236	0
236	243	1
243	236	1
236	243	2
243	236	2
236	243	3
243	236	3
236	243	4
243	236	4
237	243	0
243	237	0
237	243	1
243	237	1
237	243	2
243	237	2
237	243	3
243	237	3
237	243	4
243	237	4
238	244	0
244	238	0
238	244	1
244	238	1
238	244	2
244	238	2
238	244	3
244	238	3
238	244	4
244	238	4
238	245	0
245	238	0
238	245	1
245	238	1
238	245	2
245	238	2
238	245	3
245	238	3
238	245	4
245	238	4
239	244	0
244	239	0
239	244	1
244	239	1
239	244	2
244	239	2
239	244	3
244	239	3
239	244	4
244	239	4
239	245	0
245	239	0
239	245	1
245	239	1
239	245	2
245	239	2
239	245	3
245	239	3
239	245	4
245	239	4
240	244	0
244	240	0
240	244	1
244	240	1
240	244	2
244	240	2
240	244	3
244	240	3
240	244	4
244	240	4
240	245	0
245	240	0
240	245	1
245	240	1
240	245	2
245	240	2
240	245	3
245	240	3
240	245	4
245	240	4
241	244	0
244	241	0
241	244	1
244	241	1
241	244	2
244	241	2
241	244	3
244	241	3
241	244	4
244	241	4
241	245	0
245	241	0
241	245	1
245	241	1
241	245	2
245	241	2
241	245	3
245	241	3
241	245	4
245	241	4
242	244	0
244	242	0
242	244	1
244	242	1
242	244	2
244	242	2
242	244	3
244	242	3
242	244	4
244	242	4
242	245	0
245	242	0
242	245	1
245	242	1
242	245	2
245	242	2
242	245	3
245	242	3
242	245	4
245	242	4
243	246	0
246	243	0
243	246	1
246	243	1
243	246	2
246	243	2
243	246	3
246	243	3
243	246	4
246	243	4
243	247	0
247	243	0
243	247	1
247	243	1
243	247	2
247	243	2
243	247	3
247	243	3
243	247	4
247	243	4
243	248	0
248	243	0
243	248	1
248	243	1
243	248	2
248	243	2
243	248	3
248	243	3
243	248	4
248	243	4
244	249	0
249	244	0
244	249	1
249	244	1
244	249	2
249	244	2
244	249	3
249	244	3
244	249	4
249	244	4
244	250	0
250	244	0
244	250	1
250	244	1
244	250	2
250	244	2
244	250	3
250	244	3
244	250	4
250	244	4
244	251	0
251	244	0
244	251	1
251	244	1
244	251	2
251	244	2
244	251	3
251	244	3
244	251	4
251	244	4
244	252	0
252	244	0
244	252	1
252	244	1
244	252	2
252	244	2
244	252	3
252	244	3
244	252	4
252	244	4
245	249	0
249	245	0
245	249	1
249	245	1
245	249	2
249	245	2
245	249	3
249	245	3
245	249	4
249	245	4
245	250	0
250	245	0
245	250	1
250	245	1
245	250	2
250	245	2
245	250	3
250	245	3
245	250	4
250	245	4
245	251	0
251	245	0
245	251	1
251	245	1
245	251	2
251	245	2
245	251	3
251	245	3
245	251	4
251	245	4
245	252	0
252	245	0
245	252	1
252	245	1
245	252	2
252	245	2
245	252	3
252	245	3
245	252	4
252	245	4
246	256	0
256	246	0
246	256	1
256	246	1
246	256	2
256	246	2
246	256	3
256	246	3
246	256	4
256	246	4
246	253	0
253	246	0
246	253	1
253	246	1
246	253	2
253	246	2
246	253	3
253	246	3
246	253	4
253	246	4
246	254	0
254	246	0
246	254	1
254	246	1
246	254	2
254	246	2
246	254	3
254	246	3
246	254	4
254	246	4
246	255	0
255	246	0
246	255	1
255	246	1
246	255	2
255	246	2
246	255	3
255	246	3
246	255	4
255	246	4
247	256	0
256	247	0
247	256	1
256	247	1
247	256	2
256	247	2
247	256	3
256	247	3
247	256	4
256	247	4
247	253	0
253	247	0
247	253	1
253	247	1
247	253	2
253	247	2
247	253	3
253	247	3
247	253	4
253	247	4
247	254	0
254	247	0
247	254	1
254	247	1
247	254	2
254	247	2
247	254	3
254	247	3
247	254	4
254	247	4
247	255	0
255	247	0
247	255	1
255	247	1
247	255	2
255	247	2
247	255	3
255	247	3
247	255	4
255	247	4
248	256	0
256	248	0
248	256	1
256	248	1
248	256	2
256	248	2
248	256	3
256	248	3
248	256	4
256	248	4
248	253	0
253	248	0
248	253	1
253	248	1
248	253	2
253	248	2
248	253	3
253	248	3
248	253	4
253	248	4
248	254	0
254	248	0
248	254	1
254	248	1
248	254	2
254	248	2
248	254	3
254	248	3
248	254	4
254	248	4
248	255	0
255	248	0
248	255	1
255	248	1
248	255	2
255	248	2
248	255	3
255	248	3
248	255	4
255	248	4
249	257	0
257	249	0
249	257	1
257	249	1
249	257	2
257	249	2
249	257	3
257	249	3
249	257	4
257	249	4
250	257	0
257	250	0
250	257	1
257	250	1
250	257	2
257	250	2
250	257	3
257	250	3
250	257	4
257	250	4
251	257	0
257	251	0
251	257	1
257	251	1
251	257	2
257	251	2
251	257	3
257	251	3
251	257	4
257	251	4
252	257	0
257	252	0
252	257	1
257	252	1
252	257	2
257	252	2
252	257	3
257	252	3
252	257	4
257	252	4
253	258	0
258	253	0
253	258	1
258	253	1
253	258	2
258	253	2
253	258	3
258	253	3
253	258	4
258	253	4
253	259	0
259	253	0
253	259	1
259	253	1
253	259	2
259	253	2
253	259	3
259	253	3
253	259	4
259	253	4
254	258	0
258	254	0
254	258	1
258	254	1
254	258	2
258	254	2
254	258	3
258	254	3
254	258	4
258	254	4
254	259	0
259	254	0
254	259	1
259	254	1
254	259	2
259	254	2
254	259	3
259	254	3
254	259	4
259	254	4
255	258	0
258	255	0
255	258	1
258	255	1
255	258	2
258	255	2
255	258	3
258	255	3
255	258	4
258	255	4
255	259	0
259	255	0
255	259	1
259	255	1
255	259	2
259	255	2
255	259	3
259	255	3
255	259	4
259	255	4
256	258	0
258	256	0
256	258	1
258	256	1
256	258	2
258	256	2
256	258	3
258	256	3
256	258	4
258	256	4
256	259	0
259	256	0
256	259	1
259	256	1
256	259	2
259	256	2
256	259	3
259	256	3
256	259	4
259	256	4
257	260	0
260	257	0
257	260	1
260	257	1
257	260	2
260	257	2
257	260	3
260	257	3
257	260	4
260	257	4
258	261	0
261	258	0
258	261	1
261	258	1
258	261	2
261	258	2
258	261	3
261	258	3
258	261	4
261	258	4
258	262	0
262	258	0
258	262	1
262	258	1
258	262	2
262	258	2
258	262	3
262	258	3
258	262	4
262	258	4
258	263	0
263	258	0
258	263	1
263	258	1
258	263	2
263	258	2
258	263	3
263	258	3
258	263	4
263	258	4
258	264	0
264	258	0
258	264	1
264	258	1
258	264	2
264	258	2
258	264	3
264	258	3
258	264	4
264	258	4
259	261	0
261	259	0
259	261	1
261	259	1
259	261	2
261	259	2
259	261	3
261	259	3
259	261	4
261	259	4
259	262	0
262	259	0
259	262	1
262	259	1
259	262	2
262	259	2
259	262	3
262	259	3
259	262	4
262	259	4
259	263	0
263	259	0
259	263	1
263	259	1
259	263	2
263	259	2
259	263	3
263	259	3
259	263	4
263	259	4
259	264	0
264	259	0
259	264	1
264	259	1
259	264	2
264	259	2
259	264	3
264	259	3
259	264	4
264	259	4
260	265	0
265	260	0
260	265	1
265	260	1
260	265	2
265	260	2
260	265	3
265	260	3
260	265	4
265	260	4
260	266	0
266	260	0
260	266	1
266	260	1
260	266	2
266	260	2
260	266	3
266	260	3
260	266	4
266	260	4
260	267	0
267	260	0
260	267	1
267	260	1
260	267	2
267	260	2
260	267	3
267	260	3
260	267	4
267	260	4
261	268	0
268	261	0
261	268	1
268	261	1
261	268	2
268	261	2
261	268	3
268	261	3
261	268	4
268	261	4
261	269	0
269	261	0
261	269	1
269	261	1
261	269	2
269	261	2
261	269	3
269	261	3
261	269	4
269	261	4
262	268	0
268	262	0
262	268	1
268	262	1
262	268	2
268	262	2
262	268	3
268	262	3
262	268	4
268	262	4
262	269	0
269	262	0
262	269	1
269	262	1
262	269	2
269	262	2
262	269	3
269	262	3
262	269	4
269	262	4
263	268	0
268	263	0
263	268	1
268	263	1
263	268	2
268	263	2
263	268	3
268	263	3
263	268	4
268	263	4
263	269	0
269	263	0
263	269	1
269	263	1
263	269	2
269	263	2
263	269	3
269	263	3
263	269	4
269	263	4
264	268	0
268	264	0
264	268	1
268	264	1
264	268	2
268	264	2
264	268	3
268	264	3
264	268	4
268	264	4
264	269	0
269	264	0
264	269	1
269	264	1
264	269	2
269	264	2
264	269	3
269	264	3
264	269	4
269	264	4
265	270	0
270	265	0
265	270	1
270	265	1
265	270	2
270	265	2
265	270	3
270	265	3
265	270	4
270	265	4
266	270	0
270	266	0
266	270	1
270	266	1
266	270	2
270	266	2
266	270	3
270	266	3
266	270	4
270	266	4
267	270	0
270	267	0
267	270	1
270	267	1
267	270	2
270	267	2
267	270	3
270	267	3
267	270	4
270	267	4
268	271	0
271	268	0
268	271	1
271	268	1
268	271	2
271	268	2
268	271	3
271	268	3
268	271	4
271	268	4
268	272	0
272	268	0
268	272	1
272	268	1
268	272	2
272	268	2
268	272	3
272	268	3
268	272	4
272	268	4
268	273	0
273	268	0
268	273	1
273	268	1
268	273	2
273	268	2
268	273	3
273	268	3
268	273	4
273	268	4
269	271	0
271	269	0
269	271	1
271	269	1
269	271	2
271	269	2
269	271	3
271	269	3
269	271	4
271	269	4
269	272	0
272	269	0
269	272	1
272	269	1
269	272	2
272	269	2
269	272	3
272	269	3
269	272	4
272	269	4
269	273	0
273	269	0
269	273	1
273	269	1
269	273	2
273	269	2
269	273	3
273	269	3
269	273	4
273	269	4
270	274	0
274	270	0
270	274	1
274	270	1
270	274	2
274	270	2
270	274	3
274	270	3
270	274	4
274	270	4
270	275	0
275	270	0
270	275	1
275	270	1
270	275	2
275	270	2
270	275	3
275	270	3
270	275	4
275	270	4
270	276	0
276	270	0
270	276	1
276	270	1
270	276	2
276	270	2
270	276	3
276	270	3
270	276	4
276	270	4
270	277	0
277	270	0
270	277	1
277	270	1
270	277	2
277	270	2
270	277	3
277	270	3
270	277	4
277	270	4
270	278	0
278	270	0
270	278	1
278	270	1
270	278	2
278	270	2
270	278	3
278	270	3
270	278	4
278	270	4
270	279	0
279	270	0
270	279	1
279	270	1
270	279	2
279	270	2
270	279	3
279	270	3
270	279	4
279	270	4
271	280	0
280	271	0
271	280	1
280	271	1
271	280	2
280	271	2
271	280	3
280	271	3
271	280	4
280	271	4
271	281	0
281	271	0
271	281	1
281	271	1
271	281	2
281	271	2
271	281	3
281	271	3
271	281	4
281	271	4
271	282	0
282	271	0
271	282	1
282	271	1
271	282	2
282	271	2
271	282	3
282	271	3
271	282	4
282	271	4
271	283	0
283	271	0
271	283	1
283	271	1
271	283	2
283	271	2
271	283	3
283	271	3
271	283	4
283	271	4
271	284	0
284	271	0
271	284	1
284	271	1
271	284	2
284	271	2
271	284	3
284	271	3
271	284	4
284	271	4
271	285	0
285	271	0
271	285	1
285	271	1
271	285	2
285	271	2
271	285	3
285	271	3
271	285	4
285	271	4
272	280	0
280	272	0
272	280	1
280	272	1
272	280	2
280	272	2
272	280	3
280	272	3
272	280	4
280	272	4
272	281	0
281	272	0
272	281	1
281	272	1
272	281	2
281	272	2
272	281	3
281	272	3
272	281	4
281	272	4
272	282	0
282	272	0
272	282	1
282	272	1
272	282	2
282	272	2
272	282	3
282	272	3
272	282	4
282	272	4
272	283	0
283	272	0
272	283	1
283	272	1
272	283	2
283	272	2
272	283	3
283	272	3
272	283	4
283	272	4
272	284	0
284	272	0
272	284	1
284	272	1
272	284	2
284	272	2
272	284	3
284	272	3
272	284	4
284	272	4
272	285	0
285	272	0
272	285	1
285	272	1
272	285	2
285	272	2
272	285	3
285	272	3
272	285	4
285	272	4
273	280	0
280	273	0
273	280	1
280	273	1
273	280	2
280	273	2
273	280	3
280	273	3
273	280	4
280	273	4
273	281	0
281	273	0
273	281	1
281	273	1
273	281	2
281	273	2
273	281	3
281	273	3
273	281	4
281	273	4
273	282	0
282	273	0
273	282	1
282	273	1
273	282	2
282	273	2
273	282	3
282	273	3
273	282	4
282	273	4
273	283	0
283	273	0
273	283	1
283	273	1
273	283	2
283	273	2
273	283	3
283	273	3
273	283	4
283	273	4
273	284	0
284	273	0
273	284	1
284	273	1
273	284	2
284	273	2
273	284	3
284	273	3
273	284	4
284	273	4
273	285	0
285	273	0
273	285	1
285	273	1
273	285	2
285	273	2
273	285	3
285	273	3
273	285	4
285	273	4
274	286	0
286	274	0
274	286	1
286	274	1
274	286	2
286	274	2
274	286	3
286	274	3
274	286	4
286	274	4
274	287	0
287	274	0
274	287	1
287	274	1
274	287	2
287	274	2
274	287	3
287	274	3
274	287	4
287	274	4
275	286	0
286	275	0
275	286	1
286	275	1
275	286	2
286	275	2
275	286	3
286	275	3
275	286	4
286	275	4
275	287	0
287	275	0
275	287	1
287	275	1
275	287	2
287	275	2
275	287	3
287	275	3
275	287	4
287	275	4
276	286	0
286	276	0
276	286	1
286	276	1
276	286	2
286	276	2
276	286	3
286	276	3
276	286	4
286	276	4
276	287	0
287	276	0
276	287	1
287	276	1
276	287	2
287	276	2
276	287	3
287	276	3
276	287	4
287	276	4
277	286	0
286	277	0
277	286	1
286	277	1
277	286	2
286	277	2
277	286	3
286	277	3
277	286	4
286	277	4
277	287	0
287	277	0
277	287	1
287	277	1
277	287	2
287	277	2
277	287	3
287	277	3
277	287	4
287	277	4
278	286	0
286	278	0
278	286	1
286	278	1
278	286	2
286	278	2
278	286	3
286	278	3
278	286	4
286	278	4
278	287	0
287	278	0
278	287	1
287	278	1
278	287	2
287	278	2
278	287	3
287	278	3
278	287	4
287	278	4
279	286	0
286	279	0
279	286	1
286	279	1
279	286	2
286	279	2
279	286	3
286	279	3
279	286	4
286	279	4
279	287	0
287	279	0
279	287	1
287	279	1
279	287	2
287	279	2
279	287	3
287	279	3
279	287	4
287	279	4
280	288	0
288	280	0
280	288	1
288	280	1
280	288	2
288	280	2
280	288	3
288	280	3
280	288	4
288	280	4
280	289	0
289	280	0
280	289	1
289	280	1
280	289	2
289	280	2
280	289	3
289	280	3
280	289	4
289	280	4
280	290	0
290	280	0
280	290	1
290	280	1
280	290	2
290	280	2
280	290	3
290	280	3
280	290	4
290	280	4
280	291	0
291	280	0
280	291	1
291	280	1
280	291	2
291	280	2
280	291	3
291	280	3
280	291	4
291	280	4
280	292	0
292	280	0
280	292	1
292	280	1
280	292	2
292	280	2
280	292	3
292	280	3
280	292	4
292	280	4
281	288	0
288	281	0
281	288	1
288	281	1
281	288	2
288	281	2
281	288	3
288	281	3
281	288	4
288	281	4
281	289	0
289	281	0
281	289	1
289	281	1
281	289	2
289	281	2
281	289	3
289	281	3
281	289	4
289	281	4
281	290	0
290	281	0
281	290	1
290	281	1
281	290	2
290	281	2
281	290	3
290	281	3
281	290	4
290	281	4
281	291	0
291	281	0
281	291	1
291	281	1
281	291	2
291	281	2
281	291	3
291	281	3
281	291	4
291	281	4
281	292	0
292	281	0
281	292	1
292	281	1
281	292	2
292	281	2
281	292	3
292	281	3
281	292	4
292	281	4
282	288	0
288	282	0
282	288	1
288	282	1
282	288	2
288	282	2
282	288	3
288	282	3
282	288	4
288	282	4
282	289	0
289	282	0
282	289	1
289	282	1
282	289	2
289	282	2
282	289	3
289	282	3
282	289	4
289	282	4
282	290	0
290	282	0
282	290	1
290	282	1
282	290	2
290	282	2
282	290	3
290	282	3
282	290	4
290	282	4
282	291	0
291	282	0
282	291	1
291	282	1
282	291	2
291	282	2
282	291	3
291	282	3
282	291	4
291	282	4
282	292	0
292	282	0
282	292	1
292	282	1
282	292	2
292	282	2
282	292	3
292	282	3
282	292	4
292	282	4
283	288	0
288	283	0
283	288	1
288	283	1
283	288	2
288	283	2
283	288	3
288	283	3
283	288	4
288	283	4
283	289	0
289	283	0
283	289	1
289	283	1
283	289	2
289	283	2
283	289	3
289	283	3
283	289	4
289	283	4
283	290	0
290	283	0
283	290	1
290	283	1
283	290	2
290	283	2
283	290	3
290	283	3
283	290	4
290	283	4
283	291	0
291	283	0
283	291	1
291	283	1
283	291	2
291	283	2
283	291	3
291	283	3
283	291	4
291	283	4
283	292	0
292	283	0
283	292	1
292	283	1
283	292	2
292	283	2
283	292	3
292	283	3
283	292	4
292	283	4
284	288	0
288	284	0
284	288	1
288	284	1
284	288	2
288	284	2
284	288	3
288	284	3
284	288	4
288	284	4
284	289	0
289	284	0
284	289	1
289	284	1
284	289	2
289	284	2
284	289	3
289	284	3
284	289	4
289	284	4
284	290	0
290	284	0
284	290	1
290	284	1
284	290	2
290	284	2
284	290	3
290	284	3
284	290	4
290	284	4
284	291	0
291	284	0
284	291	1
291	284	1
284	291	2
291	284	2
284	291	3
291	284	3
284	291	4
291	284	4
284	292	0
292	284	0
284	292	1
292	284	1
284	292	2
292	284	2
284	292	3
292	284	3
284	292	4
292	284	4
285	288	0
288	285	0
285	288	1
288	285	1
285	288	2
288	285	2
285	288	3
288	285	3
285	288	4
288	285	4
285	289	0
289	285	0
285	289	1
289	285	1
285	289	2
289	285	2
285	289	3
289	285	3
285	289	4
289	285	4
285	290	0
290	285	0
285	290	1
290	285	1
285	290	2
290	285	2
285	290	3
290	285	3
285	290	4
290	285	4
285	291	0
291	285	0
285	291	1
291	285	1
285	291	2
291	285	2
285	291	3
291	285	3
285	291	4
291	285	4
285	292	0
292	285	0
285	292	1
292	285	1
285	292	2
292	285	2
285	292	3
292	285	3
285	292	4
292	285	4
286	293	0
293	286	0
286	293	1
293	286	1
286	293	2
293	286	2
286	293	3
293	286	3
286	293	4
293	286	4
286	294	0
294	286	0
286	294	1
294	286	1
286	294	2
294	286	2
286	294	3
294	286	3
286	294	4
294	286	4
287	293	0
293	287	0
287	293	1
293	287	1
287	293	2
293	287	2
287	293	3
293	287	3
287	293	4
293	287	4
287	294	0
294	287	0
287	294	1
294	287	1
287	294	2
294	287	2
287	294	3
294	287	3
287	294	4
294	287	4
288	295	0
295	288	0
288	295	1
295	288	1
288	295	2
295	288	2
288	295	3
295	288	3
288	295	4
295	288	4
288	296	0
296	288	0
288	296	1
296	288	1
288	296	2
296	288	2
288	296	3
296	288	3
288	296	4
296	288	4
288	297	0
297	288	0
288	297	1
297	288	1
288	297	2
297	288	2
288	297	3
297	288	3
288	297	4
297	288	4
289	295	0
295	289	0
289	295	1
295	289	1
289	295	2
295	289	2
289	295	3
295	289	3
289	295	4
295	289	4
289	296	0
296	289	0
289	296	1
296	289	1
289	296	2
296	289	2
289	296	3
296	289	3
289	296	4
296	289	4
289	297	0
297	289	0
289	297	1
297	289	1
289	297	2
297	289	2
289	297	3
297	289	3
289	297	4
297	289	4
290	295	0
295	290	0
290	295	1
295	290	1
290	295	2
295	290	2
290	295	3
295	290	3
290	295	4
295	290	4
290	296	0
296	290	0
290	296	1
296	290	1
290	296	2
296	290	2
290	296	3
296	290	3
290	296	4
296	290	4
290	297	0
297	290	0
290	297	1
297	290	1
290	297	2
297	290	2
290	297	3
297	290	3
290	297	4
297	290	4
291	295	0
295	291	0
291	295	1
295	291	1
291	295	2
295	291	2
291	295	3
295	291	3
291	295	4
295	291	4
291	296	0
296	291	0
291	296	1
296	291	1
291	296	2
296	291	2
291	296	3
296	291	3
291	296	4
296	291	4
291	297	0
297	291	0
291	297	1
297	291	1
291	297	2
297	291	2
291	297	3
297	291	3
291	297	4
297	291	4
292	295	0
295	292	0
292	295	1
295	292	1
292	295	2
295	292	2
292	295	3
295	292	3
292	295	4
295	292	4
292	296	0
296	292	0
292	296	1
296	292	1
292	296	2
296	292	2
292	296	3
296	292	3
292	296	4
296	292	4
292	297	0
297	292	0
292	297	1
297	292	1
292	297	2
297	292	2
292	297	3
297	292	3
292	297	4
297	292	4
293	298	0
298	293	0
293	298	1
298	293	1
293	298	2
298	293	2
293	298	3
298	293	3
293	298	4
298	293	4
293	299	0
299	293	0
293	299	1
299	293	1
293	299	2
299	293	2
293	299	3
299	293	3
293	299	4
299	293	4
294	298	0
298	294	0
294	298	1
298	294	1
294	298	2
298	294	2
294	298	3
298	294	3
294	298	4
298	294	4
294	299	0
299	294	0
294	299	1
299	294	1
294	299	2
299	294	2
294	299	3
299	294	3
294	299	4
299	294	4
295	300	0
300	295	0
295	300	1
300	295	1
295	300	2
300	295	2
295	300	3
300	295	3
295	300	4
300	295	4
295	301	0
301	295	0
295	301	1
301	295	1
295	301	2
301	295	2
295	301	3
301	295	3
295	301	4
301	295	4
295	302	0
302	295	0
295	302	1
302	295	1
295	302	2
302	295	2
295	302	3
302	295	3
295	302	4
302	295	4
295	303	0
303	295	0
295	303	1
303	295	1
295	303	2
303	295	2
295	303	3
303	295	3
295	303	4
303	295	4
296	300	0
300	296	0
296	300	1
300	296	1
296	300	2
300	296	2
296	300	3
300	296	3
296	300	4
300	296	4
296	301	0
301	296	0
296	301	1
301	296	1
296	301	2
301	296	2
296	301	3
301	296	3
296	301	4
301	296	4
296	302	0
302	296	0
296	302	1
302	296	1
296	302	2
302	296	2
296	302	3
302	296	3
296	302	4
302	296	4
296	303	0
303	296	0
296	303	1
303	296	1
296	303	2
303	296	2
296	303	3
303	296	3
296	303	4
303	296	4
297	300	0
300	297	0
297	300	1
300	297	1
297	300	2
300	297	2
297	300	3
300	297	3
297	300	4
300	297	4
297	301	0
301	297	0
297	301	1
301	297	1
297	301	2
301	297	2
297	301	3
301	297	3
297	301	4
301	297	4
297	302	0
302	297	0
297	302	1
302	297	1
297	302	2
302	297	2
297	302	3
302	297	3
297	302	4
302	297	4
297	303	0
303	297	0
297	303	1
303	297	1
297	303	2
303	297	2
297	303	3
303	297	3
297	303	4
303	297	4
298	304	0
304	298	0
298	304	1
304	298	1
298	304	2
304	298	2
298	304	3
304	298	3
298	304	4
304	298	4
299	304	0
304	299	0
299	304	1
304	299	1
299	304	2
304	299	2
299	304	3
304	299	3
299	304	4
304	299	4
300	305	0
305	300	0
300	305	1
305	300	1
300	305	2
305	300	2
300	305	3
305	300	3
300	305	4
305	300	4
300	306	0
306	300	0
300	306	1
306	300	1
300	306	2
306	300	2
300	306	3
306	300	3
300	306	4
306	300	4
300	307	0
307	300	0
300	307	1
307	300	1
300	307	2
307	300	2
300	307	3
307	300	3
300	307	4
307	300	4
301	305	0
305	301	0
301	305	1
305	301	1
301	305	2
305	301	2
301	305	3
305	301	3
301	305	4
305	301	4
301	306	0
306	301	0
301	306	1
306	301	1
301	306	2
306	301	2
301	306	3
306	301	3
301	306	4
306	301	4
301	307	0
307	301	0
301	307	1
307	301	1
301	307	2
307	301	2
301	307	3
307	301	3
301	307	4
307	301	4
302	305	0
305	302	0
302	305	1
305	302	1
302	305	2
305	302	2
302	305	3
305	302	3
302	305	4
305	302	4
302	306	0
306	302	0
302	306	1
306	302	1
302	306	2
306	302	2
302	306	3
306	302	3
302	306	4
306	302	4
302	307	0
307	302	0
302	307	1
307	302	1
302	307	2
307	302	2
302	307	3
307	302	3
302	307	4
307	302	4
303	305	0
305	303	0
303	305	1
305	303	1
303	305	2
305	303	2
303	305	3
305	303	3
303	305	4
305	303	4
303	306	0
306	303	0
303	306	1
306	303	1
303	306	2
306	303	2
303	306	3
306	303	3
303	306	4
306	303	4
303	307	0
307	303	0
303	307	1
307	303	1
303	307	2
307	303	2
303	307	3
307	303	3
303	307	4
307	303	4
304	308	0
308	304	0
304	308	1
308	304	1
304	308	2
308	304	2
304	308	3
308	304	3
304	308	4
308	304	4
304	309	0
309	304	0
304	309	1
309	304	1
304	309	2
309	304	2
304	309	3
309	304	3
304	309	4
309	304	4
304	310	0
310	304	0
304	310	1
310	304	1
304	310	2
310	304	2
304	310	3
310	304	3
304	310	4
310	304	4
305	311	0
311	305	0
305	311	1
311	305	1
305	311	2
311	305	2
305	311	3
311	305	3
305	311	4
311	305	4
305	312	0
312	305	0
305	312	1
312	305	1
305	312	2
312	305	2
305	312	3
312	305	3
305	312	4
312	305	4
306	311	0
311	306	0
306	311	1
311	306	1
306	311	2
311	306	2
306	311	3
311	306	3
306	311	4
311	306	4
306	312	0
312	306	0
306	312	1
312	306	1
306	312	2
312	306	2
306	312	3
312	306	3
306	312	4
312	306	4
307	311	0
311	307	0
307	311	1
311	307	1
307	311	2
311	307	2
307	311	3
311	307	3
307	311	4
311	307	4
307	312	0
312	307	0
307	312	1
312	307	1
307	312	2
312	307	2
307	312	3
312	307	3
307	312	4
312	307	4
308	313	0
313	308	0
308	313	1
313	308	1
308	313	2
313	308	2
308	313	3
313	308	3
308	313	4
313	308	4
309	313	0
313	309	0
309	313	1
313	309	1
309	313	2
313	309	2
309	313	3
313	309	3
309	313	4
313	309	4
310	313	0
313	310	0
310	313	1
313	310	1
310	313	2
313	310	2
310	313	3
313	310	3
310	313	4
313	310	4
311	314	0
314	311	0
311	314	1
314	311	1
311	314	2
314	311	2
311	314	3
314	311	3
311	314	4
314	311	4
311	315	0
315	311	0
311	315	1
315	311	1
311	315	2
315	311	2
311	315	3
315	311	3
311	315	4
315	311	4
312	314	0
314	312	0
312	314	1
314	312	1
312	314	2
314	312	2
312	314	3
314	312	3
312	314	4
314	312	4
312	315	0
315	312	0
312	315	1
315	312	1
312	315	2
315	312	2
312	315	3
315	312	3
312	315	4
315	312	4
313	316	0
316	313	0
313	316	1
316	313	1
313	316	2
316	313	2
313	316	3
316	313	3
313	316	4
316	313	4
313	317	0
317	313	0
313	317	1
317	313	1
313	317	2
317	313	2
313	317	3
317	313	3
313	317	4
317	313	4
313	318	0
318	313	0
313	318	1
318	313	1
313	318	2
318	313	2
313	318	3
318	313	3
313	318	4
318	313	4
314	320	0
320	314	0
314	320	1
320	314	1
314	320	2
320	314	2
314	320	3
320	314	3
314	320	4
320	314	4
314	321	0
321	314	0
314	321	1
321	314	1
314	321	2
321	314	2
314	321	3
321	314	3
314	321	4
321	314	4
314	322	0
322	314	0
314	322	1
322	314	1
314	322	2
322	314	2
314	322	3
322	314	3
314	322	4
322	314	4
314	319	0
319	314	0
314	319	1
319	314	1
314	319	2
319	314	2
314	319	3
319	314	3
314	319	4
319	314	4
315	320	0
320	315	0
315	320	1
320	315	1
315	320	2
320	315	2
315	320	3
320	315	3
315	320	4
320	315	4
315	321	0
321	315	0
315	321	1
321	315	1
315	321	2
321	315	2
315	321	3
321	315	3
315	321	4
321	315	4
315	322	0
322	315	0
315	322	1
322	315	1
315	322	2
322	315	2
315	322	3
322	315	3
315	322	4
322	315	4
315	319	0
319	315	0
315	319	1
319	315	1
315	319	2
319	315	2
315	319	3
319	315	3
315	319	4
319	315	4
316	323	0
323	316	0
316	323	1
323	316	1
316	323	2
323	316	2
316	323	3
323	316	3
316	323	4
323	316	4
317	323	0
323	317	0
317	323	1
323	317	1
317	323	2
323	317	2
317	323	3
323	317	3
317	323	4
323	317	4
318	323	0
323	318	0
318	323	1
323	318	1
318	323	2
323	318	2
318	323	3
323	318	3
318	323	4
323	318	4
324	340	0
340	324	0
324	340	1
340	324	1
324	340	2
340	324	2
324	340	3
340	324	3
324	340	4
340	324	4
324	341	0
341	324	0
324	341	1
341	324	1
324	341	2
341	324	2
324	341	3
341	324	3
324	341	4
341	324	4
324	342	0
342	324	0
324	342	1
342	324	1
324	342	2
342	324	2
324	342	3
342	324	3
324	342	4
342	324	4
324	343	0
343	324	0
324	343	1
343	324	1
324	343	2
343	324	2
324	343	3
343	324	3
324	343	4
343	324	4
325	340	0
340	325	0
325	340	1
340	325	1
325	340	2
340	325	2
325	340	3
340	325	3
325	340	4
340	325	4
325	341	0
341	325	0
325	341	1
341	325	1
325	341	2
341	325	2
325	341	3
341	325	3
325	341	4
341	325	4
325	342	0
342	325	0
325	342	1
342	325	1
325	342	2
342	325	2
325	342	3
342	325	3
325	342	4
342	325	4
325	343	0
343	325	0
325	343	1
343	325	1
325	343	2
343	325	2
325	343	3
343	325	3
325	343	4
343	325	4
326	340	0
340	326	0
326	340	1
340	326	1
326	340	2
340	326	2
326	340	3
340	326	3
326	340	4
340	326	4
326	341	0
341	326	0
326	341	1
341	326	1
326	341	2
341	326	2
326	341	3
341	326	3
326	341	4
341	326	4
326	342	0
342	326	0
326	342	1
342	326	1
326	342	2
342	326	2
326	342	3
342	326	3
326	342	4
342	326	4
326	343	0
343	326	0
326	343	1
343	326	1
326	343	2
343	326	2
326	343	3
343	326	3
326	343	4
343	326	4
327	340	0
340	327	0
327	340	1
340	327	1
327	340	2
340	327	2
327	340	3
340	327	3
327	340	4
340	327	4
327	341	0
341	327	0
327	341	1
341	327	1
327	341	2
341	327	2
327	341	3
341	327	3
327	341	4
341	327	4
327	342	0
342	327	0
327	342	1
342	327	1
327	342	2
342	327	2
327	342	3
342	327	3
327	342	4
342	327	4
327	343	0
343	327	0
327	343	1
343	327	1
327	343	2
343	327	2
327	343	3
343	327	3
327	343	4
343	327	4
328	340	0
340	328	0
328	340	1
340	328	1
328	340	2
340	328	2
328	340	3
340	328	3
328	340	4
340	328	4
328	341	0
341	328	0
328	341	1
341	328	1
328	341	2
341	328	2
328	341	3
341	328	3
328	341	4
341	328	4
328	342	0
342	328	0
328	342	1
342	328	1
328	342	2
342	328	2
328	342	3
342	328	3
328	342	4
342	328	4
328	343	0
343	328	0
328	343	1
343	328	1
328	343	2
343	328	2
328	343	3
343	328	3
328	343	4
343	328	4
329	340	0
340	329	0
329	340	1
340	329	1
329	340	2
340	329	2
329	340	3
340	329	3
329	340	4
340	329	4
329	341	0
341	329	0
329	341	1
341	329	1
329	341	2
341	329	2
329	341	3
341	329	3
329	341	4
341	329	4
329	342	0
342	329	0
329	342	1
342	329	1
329	342	2
342	329	2
329	342	3
342	329	3
329	342	4
342	329	4
329	343	0
343	329	0
329	343	1
343	329	1
329	343	2
343	329	2
329	343	3
343	329	3
329	343	4
343	329	4
330	344	0
344	330	0
330	344	1
344	330	1
330	344	2
344	330	2
330	344	3
344	330	3
330	344	4
344	330	4
330	345	0
345	330	0
330	345	1
345	330	1
330	345	2
345	330	2
330	345	3
345	330	3
330	345	4
345	330	4
330	346	0
346	330	0
330	346	1
346	330	1
330	346	2
346	330	2
330	346	3
346	330	3
330	346	4
346	330	4
330	347	0
347	330	0
330	347	1
347	330	1
330	347	2
347	330	2
330	347	3
347	330	3
330	347	4
347	330	4
330	348	0
348	330	0
330	348	1
348	330	1
330	348	2
348	330	2
330	348	3
348	330	3
330	348	4
348	330	4
331	344	0
344	331	0
331	344	1
344	331	1
331	344	2
344	331	2
331	344	3
344	331	3
331	344	4
344	331	4
331	345	0
345	331	0
331	345	1
345	331	1
331	345	2
345	331	2
331	345	3
345	331	3
331	345	4
345	331	4
331	346	0
346	331	0
331	346	1
346	331	1
331	346	2
346	331	2
331	346	3
346	331	3
331	346	4
346	331	4
331	347	0
347	331	0
331	347	1
347	331	1
331	347	2
347	331	2
331	347	3
347	331	3
331	347	4
347	331	4
331	348	0
348	331	0
331	348	1
348	331	1
331	348	2
348	331	2
331	348	3
348	331	3
331	348	4
348	331	4
332	344	0
344	332	0
332	344	1
344	332	1
332	344	2
344	332	2
332	344	3
344	332	3
332	344	4
344	332	4
332	345	0
345	332	0
332	345	1
345	332	1
332	345	2
345	332	2
332	345	3
345	332	3
332	345	4
345	332	4
332	346	0
346	332	0
332	346	1
346	332	1
332	346	2
346	332	2
332	346	3
346	332	3
332	346	4
346	332	4
332	347	0
347	332	0
332	347	1
347	332	1
332	347	2
347	332	2
332	347	3
347	332	3
332	347	4
347	332	4
332	348	0
348	332	0
332	348	1
348	332	1
332	348	2
348	332	2
332	348	3
348	332	3
332	348	4
348	332	4
333	344	0
344	333	0
333	344	1
344	333	1
333	344	2
344	333	2
333	344	3
344	333	3
333	344	4
344	333	4
333	345	0
345	333	0
333	345	1
345	333	1
333	345	2
345	333	2
333	345	3
345	333	3
333	345	4
345	333	4
333	346	0
346	333	0
333	346	1
346	333	1
333	346	2
346	333	2
333	346	3
346	333	3
333	346	4
346	333	4
333	347	0
347	333	0
333	347	1
347	333	1
333	347	2
347	333	2
333	347	3
347	333	3
333	347	4
347	333	4
333	348	0
348	333	0
333	348	1
348	333	1
333	348	2
348	333	2
333	348	3
348	333	3
333	348	4
348	333	4
334	344	0
344	334	0
334	344	1
344	334	1
334	344	2
344	334	2
334	344	3
344	334	3
334	344	4
344	334	4
334	345	0
345	334	0
334	345	1
345	334	1
334	345	2
345	334	2
334	345	3
345	334	3
334	345	4
345	334	4
334	346	0
346	334	0
334	346	1
346	334	1
334	346	2
346	334	2
334	346	3
346	334	3
334	346	4
346	334	4
334	347	0
347	334	0
334	347	1
347	334	1
334	347	2
347	334	2
334	347	3
347	334	3
334	347	4
347	334	4
334	348	0
348	334	0
334	348	1
348	334	1
334	348	2
348	334	2
334	348	3
348	334	3
334	348	4
348	334	4
335	344	0
344	335	0
335	344	1
344	335	1
335	344	2
344	335	2
335	344	3
344	335	3
335	344	4
344	335	4
335	345	0
345	335	0
335	345	1
345	335	1
335	345	2
345	335	2
335	345	3
345	335	3
335	345	4
345	335	4
335	346	0
346	335	0
335	346	1
346	335	1
335	346	2
346	335	2
335	346	3
346	335	3
335	346	4
346	335	4
335	347	0
347	335	0
335	347	1
347	335	1
335	347	2
347	335	2
335	347	3
347	335	3
335	347	4
347	335	4
335	348	0
348	335	0
335	348	1
348	335	1
335	348	2
348	335	2
335	348	3
348	335	3
335	348	4
348	335	4
336	344	0
344	336	0
336	344	1
344	336	1
336	344	2
344	336	2
336	344	3
344	336	3
336	344	4
344	336	4
336	345	0
345	336	0
336	345	1
345	336	1
336	345	2
345	336	2
336	345	3
345	336	3
336	345	4
345	336	4
336	346	0
346	336	0
336	346	1
346	336	1
336	346	2
346	336	2
336	346	3
346	336	3
336	346	4
346	336	4
336	347	0
347	336	0
336	347	1
347	336	1
336	347	2
347	336	2
336	347	3
347	336	3
336	347	4
347	336	4
336	348	0
348	336	0
336	348	1
348	336	1
336	348	2
348	336	2
336	348	3
348	336	3
336	348	4
348	336	4
337	344	0
344	337	0
337	344	1
344	337	1
337	344	2
344	337	2
337	344	3
344	337	3
337	344	4
344	337	4
337	345	0
345	337	0
337	345	1
345	337	1
337	345	2
345	337	2
337	345	3
345	337	3
337	345	4
345	337	4
337	346	0
346	337	0
337	346	1
346	337	1
337	346	2
346	337	2
337	346	3
346	337	3
337	346	4
346	337	4
337	347	0
347	337	0
337	347	1
347	337	1
337	347	2
347	337	2
337	347	3
347	337	3
337	347	4
347	337	4
337	348	0
348	337	0
337	348	1
348	337	1
337	348	2
348	337	2
337	348	3
348	337	3
337	348	4
348	337	4
338	344	0
344	338	0
338	344	1
344	338	1
338	344	2
344	338	2
338	344	3
344	338	3
338	344	4
344	338	4
338	345	0
345	338	0
338	345	1
345	338	1
338	345	2
345	338	2
338	345	3
345	338	3
338	345	4
345	338	4
338	346	0
346	338	0
338	346	1
346	338	1
338	346	2
346	338	2
338	346	3
346	338	3
338	346	4
346	338	4
338	347	0
347	338	0
338	347	1
347	338	1
338	347	2
347	338	2
338	347	3
347	338	3
338	347	4
347	338	4
338	348	0
348	338	0
338	348	1
348	338	1
338	348	2
348	338	2
338	348	3
348	338	3
338	348	4
348	338	4
339	344	0
344	339	0
339	344	1
344	339	1
339	344	2
344	339	2
339	344	3
344	339	3
339	344	4
344	339	4
339	345	0
345	339	0
339	345	1
345	339	1
339	345	2
345	339	2
339	345	3
345	339	3
339	345	4
345	339	4
339	346	0
346	339	0
339	346	1
346	339	1
339	346	2
346	339	2
339	346	3
346	339	3
339	346	4
346	339	4
339	347	0
347	339	0
339	347	1
347	339	1
339	347	2
347	339	2
339	347	3
347	339	3
339	347	4
347	339	4
339	348	0
348	339	0
339	348	1
348	339	1
339	348	2
348	339	2
339	348	3
348	339	3
339	348	4
348	339	4
340	349	0
349	340	0
340	349	1
349	340	1
340	349	2
349	340	2
340	349	3
349	340	3
340	349	4
349	340	4
341	349	0
349	341	0
341	349	1
349	341	1
341	349	2
349	341	2
341	349	3
349	341	3
341	349	4
349	341	4
342	349	0
349	342	0
342	349	1
349	342	1
342	349	2
349	342	2
342	349	3
349	342	3
342	349	4
349	342	4
343	349	0
349	343	0
343	349	1
349	343	1
343	349	2
349	343	2
343	349	3
349	343	3
343	349	4
349	343	4
344	352	0
352	344	0
344	352	1
352	344	1
344	352	2
352	344	2
344	352	3
352	344	3
344	352	4
352	344	4
344	353	0
353	344	0
344	353	1
353	344	1
344	353	2
353	344	2
344	353	3
353	344	3
344	353	4
353	344	4
344	350	0
350	344	0
344	350	1
350	344	1
344	350	2
350	344	2
344	350	3
350	344	3
344	350	4
350	344	4
344	351	0
351	344	0
344	351	1
351	344	1
344	351	2
351	344	2
344	351	3
351	344	3
344	351	4
351	344	4
345	352	0
352	345	0
345	352	1
352	345	1
345	352	2
352	345	2
345	352	3
352	345	3
345	352	4
352	345	4
345	353	0
353	345	0
345	353	1
353	345	1
345	353	2
353	345	2
345	353	3
353	345	3
345	353	4
353	345	4
345	350	0
350	345	0
345	350	1
350	345	1
345	350	2
350	345	2
345	350	3
350	345	3
345	350	4
350	345	4
345	351	0
351	345	0
345	351	1
351	345	1
345	351	2
351	345	2
345	351	3
351	345	3
345	351	4
351	345	4
346	352	0
352	346	0
346	352	1
352	346	1
346	352	2
352	346	2
346	352	3
352	346	3
346	352	4
352	346	4
346	353	0
353	346	0
346	353	1
353	346	1
346	353	2
353	346	2
346	353	3
353	346	3
346	353	4
353	346	4
346	350	0
350	346	0
346	350	1
350	346	1
346	350	2
350	346	2
346	350	3
350	346	3
346	350	4
350	346	4
346	351	0
351	346	0
346	351	1
351	346	1
346	351	2
351	346	2
346	351	3
351	346	3
346	351	4
351	346	4
347	352	0
352	347	0
347	352	1
352	347	1
347	352	2
352	347	2
347	352	3
352	347	3
347	352	4
352	347	4
347	353	0
353	347	0
347	353	1
353	347	1
347	353	2
353	347	2
347	353	3
353	347	3
347	353	4
353	347	4
347	350	0
350	347	0
347	350	1
350	347	1
347	350	2
350	347	2
347	350	3
350	347	3
347	350	4
350	347	4
347	351	0
351	347	0
347	351	1
351	347	1
347	351	2
351	347	2
347	351	3
351	347	3
347	351	4
351	347	4
348	352	0
352	348	0
348	352	1
352	348	1
348	352	2
352	348	2
348	352	3
352	348	3
348	352	4
352	348	4
348	353	0
353	348	0
348	353	1
353	348	1
348	353	2
353	348	2
348	353	3
353	348	3
348	353	4
353	348	4
348	350	0
350	348	0
348	350	1
350	348	1
348	350	2
350	348	2
348	350	3
350	348	3
348	350	4
350	348	4
348	351	0
351	348	0
348	351	1
351	348	1
348	351	2
351	348	2
348	351	3
351	348	3
348	351	4
351	348	4
349	354	0
354	349	0
349	354	1
354	349	1
349	354	2
354	349	2
349	354	3
354	349	3
349	354	4
354	349	4
349	355	0
355	349	0
349	355	1
355	349	1
349	355	2
355	349	2
349	355	3
355	349	3
349	355	4
355	349	4
349	356	0
356	349	0
349	356	1
356	349	1
349	356	2
356	349	2
349	356	3
356	349	3
349	356	4
356	349	4
349	357	0
357	349	0
349	357	1
357	349	1
349	357	2
357	349	2
349	357	3
357	349	3
349	357	4
357	349	4
350	358	0
358	350	0
350	358	1
358	350	1
350	358	2
358	350	2
350	358	3
358	350	3
350	358	4
358	350	4
350	359	0
359	350	0
350	359	1
359	350	1
350	359	2
359	350	2
350	359	3
359	350	3
350	359	4
359	350	4
351	358	0
358	351	0
351	358	1
358	351	1
351	358	2
358	351	2
351	358	3
358	351	3
351	358	4
358	351	4
351	359	0
359	351	0
351	359	1
359	351	1
351	359	2
359	351	2
351	359	3
359	351	3
351	359	4
359	351	4
352	358	0
358	352	0
352	358	1
358	352	1
352	358	2
358	352	2
352	358	3
358	352	3
352	358	4
358	352	4
352	359	0
359	352	0
352	359	1
359	352	1
352	359	2
359	352	2
352	359	3
359	352	3
352	359	4
359	352	4
353	358	0
358	353	0
353	358	1
358	353	1
353	358	2
358	353	2
353	358	3
358	353	3
353	358	4
358	353	4
353	359	0
359	353	0
353	359	1
359	353	1
353	359	2
359	353	2
353	359	3
359	353	3
353	359	4
359	353	4
354	360	0
360	354	0
354	360	1
360	354	1
354	360	2
360	354	2
354	360	3
360	354	3
354	360	4
360	354	4
354	361	0
361	354	0
354	361	1
361	354	1
354	361	2
361	354	2
354	361	3
361	354	3
354	361	4
361	354	4
354	362	0
362	354	0
354	362	1
362	354	1
354	362	2
362	354	2
354	362	3
362	354	3
354	362	4
362	354	4
355	360	0
360	355	0
355	360	1
360	355	1
355	360	2
360	355	2
355	360	3
360	355	3
355	360	4
360	355	4
355	361	0
361	355	0
355	361	1
361	355	1
355	361	2
361	355	2
355	361	3
361	355	3
355	361	4
361	355	4
355	362	0
362	355	0
355	362	1
362	355	1
355	362	2
362	355	2
355	362	3
362	355	3
355	362	4
362	355	4
356	360	0
360	356	0
356	360	1
360	356	1
356	360	2
360	356	2
356	360	3
360	356	3
356	360	4
360	356	4
356	361	0
361	356	0
356	361	1
361	356	1
356	361	2
361	356	2
356	361	3
361	356	3
356	361	4
361	356	4
356	362	0
362	356	0
356	362	1
362	356	1
356	362	2
362	356	2
356	362	3
362	356	3
356	362	4
362	356	4
357	360	0
360	357	0
357	360	1
360	357	1
357	360	2
360	357	2
357	360	3
360	357	3
357	360	4
360	357	4
357	361	0
361	357	0
357	361	1
361	357	1
357	361	2
361	357	2
357	361	3
361	357	3
357	361	4
361	357	4
357	362	0
362	357	0
357	362	1
362	357	1
357	362	2
362	357	2
357	362	3
362	357	3
357	362	4
362	357	4
358	363	0
363	358	0
358	363	1
363	358	1
358	363	2
363	358	2
358	363	3
363	358	3
358	363	4
363	358	4
358	364	0
364	358	0
358	364	1
364	358	1
358	364	2
364	358	2
358	364	3
364	358	3
358	364	4
364	358	4
359	363	0
363	359	0
359	363	1
363	359	1
359	363	2
363	359	2
359	363	3
363	359	3
359	363	4
363	359	4
359	364	0
364	359	0
359	364	1
364	359	1
359	364	2
364	359	2
359	364	3
364	359	3
359	364	4
364	359	4
360	365	0
365	360	0
360	365	1
365	360	1
360	365	2
365	360	2
360	365	3
365	360	3
360	365	4
365	360	4
360	366	0
366	360	0
360	366	1
366	360	1
360	366	2
366	360	2
360	366	3
366	360	3
360	366	4
366	360	4
360	367	0
367	360	0
360	367	1
367	360	1
360	367	2
367	360	2
360	367	3
367	360	3
360	367	4
367	360	4
360	368	0
368	360	0
360	368	1
368	360	1
360	368	2
368	360	2
360	368	3
368	360	3
360	368	4
368	360	4
360	369	0
369	360	0
360	369	1
369	360	1
360	369	2
369	360	2
360	369	3
369	360	3
360	369	4
369	360	4
361	365	0
365	361	0
361	365	1
365	361	1
361	365	2
365	361	2
361	365	3
365	361	3
361	365	4
365	361	4
361	366	0
366	361	0
361	366	1
366	361	1
361	366	2
366	361	2
361	366	3
366	361	3
361	366	4
366	361	4
361	367	0
367	361	0
361	367	1
367	361	1
361	367	2
367	361	2
361	367	3
367	361	3
361	367	4
367	361	4
361	368	0
368	361	0
361	368	1
368	361	1
361	368	2
368	361	2
361	368	3
368	361	3
361	368	4
368	361	4
361	369	0
369	361	0
361	369	1
369	361	1
361	369	2
369	361	2
361	369	3
369	361	3
361	369	4
369	361	4
362	365	0
365	362	0
362	365	1
365	362	1
362	365	2
365	362	2
362	365	3
365	362	3
362	365	4
365	362	4
362	366	0
366	362	0
362	366	1
366	362	1
362	366	2
366	362	2
362	366	3
366	362	3
362	366	4
366	362	4
362	367	0
367	362	0
362	367	1
367	362	1
362	367	2
367	362	2
362	367	3
367	362	3
362	367	4
367	362	4
362	368	0
368	362	0
362	368	1
368	362	1
362	368	2
368	362	2
362	368	3
368	362	3
362	368	4
368	362	4
362	369	0
369	362	0
362	369	1
369	362	1
362	369	2
369	362	2
362	369	3
369	362	3
362	369	4
369	362	4
363	370	0
370	363	0
363	370	1
370	363	1
363	370	2
370	363	2
363	370	3
370	363	3
363	370	4
370	363	4
363	371	0
371	363	0
363	371	1
371	363	1
363	371	2
371	363	2
363	371	3
371	363	3
363	371	4
371	363	4
363	372	0
372	363	0
363	372	1
372	363	1
363	372	2
372	363	2
363	372	3
372	363	3
363	372	4
372	363	4
364	370	0
370	364	0
364	370	1
370	364	1
364	370	2
370	364	2
364	370	3
370	364	3
364	370	4
370	364	4
364	371	0
371	364	0
364	371	1
371	364	1
364	371	2
371	364	2
364	371	3
371	364	3
364	371	4
371	364	4
364	372	0
372	364	0
364	372	1
372	364	1
364	372	2
372	364	2
364	372	3
372	364	3
364	372	4
372	364	4
373	378	0
378	373	0
373	378	1
378	373	1
373	378	2
378	373	2
373	378	3
378	373	3
373	378	4
378	373	4
373	379	0
379	373	0
373	379	1
379	373	1
373	379	2
379	373	2
373	379	3
379	373	3
373	379	4
379	373	4
373	380	0
380	373	0
373	380	1
380	373	1
373	380	2
380	373	2
373	380	3
380	373	3
373	380	4
380	373	4
374	378	0
378	374	0
374	378	1
378	374	1
374	378	2
378	374	2
374	378	3
378	374	3
374	378	4
378	374	4
374	379	0
379	374	0
374	379	1
379	374	1
374	379	2
379	374	2
374	379	3
379	374	3
374	379	4
379	374	4
374	380	0
380	374	0
374	380	1
380	374	1
374	380	2
380	374	2
374	380	3
380	374	3
374	380	4
380	374	4
375	384	0
384	375	0
375	384	1
384	375	1
375	384	2
384	375	2
375	384	3
384	375	3
375	384	4
384	375	4
375	385	0
385	375	0
375	385	1
385	375	1
375	385	2
385	375	2
375	385	3
385	375	3
375	385	4
385	375	4
375	381	0
381	375	0
375	381	1
381	375	1
375	381	2
381	375	2
375	381	3
381	375	3
375	381	4
381	375	4
375	382	0
382	375	0
375	382	1
382	375	1
375	382	2
382	375	2
375	382	3
382	375	3
375	382	4
382	375	4
375	383	0
383	375	0
375	383	1
383	375	1
375	383	2
383	375	2
375	383	3
383	375	3
375	383	4
383	375	4
376	384	0
384	376	0
376	384	1
384	376	1
376	384	2
384	376	2
376	384	3
384	376	3
376	384	4
384	376	4
376	385	0
385	376	0
376	385	1
385	376	1
376	385	2
385	376	2
376	385	3
385	376	3
376	385	4
385	376	4
376	381	0
381	376	0
376	381	1
381	376	1
376	381	2
381	376	2
376	381	3
381	376	3
376	381	4
381	376	4
376	382	0
382	376	0
376	382	1
382	376	1
376	382	2
382	376	2
376	382	3
382	376	3
376	382	4
382	376	4
376	383	0
383	376	0
376	383	1
383	376	1
376	383	2
383	376	2
376	383	3
383	376	3
376	383	4
383	376	4
377	384	0
384	377	0
377	384	1
384	377	1
377	384	2
384	377	2
377	384	3
384	377	3
377	384	4
384	377	4
377	385	0
385	377	0
377	385	1
385	377	1
377	385	2
385	377	2
377	385	3
385	377	3
377	385	4
385	377	4
377	381	0
381	377	0
377	381	1
381	377	1
377	381	2
381	377	2
377	381	3
381	377	3
377	381	4
381	377	4
377	382	0
382	377	0
377	382	1
382	377	1
377	382	2
382	377	2
377	382	3
382	377	3
377	382	4
382	377	4
377	383	0
383	377	0
377	383	1
383	377	1
377	383	2
383	377	2
377	383	3
383	377	3
377	383	4
383	377	4
378	386	0
386	378	0
378	386	1
386	378	1
378	386	2
386	378	2
378	386	3
386	378	3
378	386	4
386	378	4
378	387	0
387	378	0
378	387	1
387	378	1
378	387	2
387	378	2
378	387	3
387	378	3
378	387	4
387	378	4
378	388	0
388	378	0
378	388	1
388	378	1
378	388	2
388	378	2
378	388	3
388	378	3
378	388	4
388	378	4
378	389	0
389	378	0
378	389	1
389	378	1
378	389	2
389	378	2
378	389	3
389	378	3
378	389	4
389	378	4
378	390	0
390	378	0
378	390	1
390	378	1
378	390	2
390	378	2
378	390	3
390	378	3
378	390	4
390	378	4
378	391	0
391	378	0
378	391	1
391	378	1
378	391	2
391	378	2
378	391	3
391	378	3
378	391	4
391	378	4
378	392	0
392	378	0
378	392	1
392	378	1
378	392	2
392	378	2
378	392	3
392	378	3
378	392	4
392	378	4
379	386	0
386	379	0
379	386	1
386	379	1
379	386	2
386	379	2
379	386	3
386	379	3
379	386	4
386	379	4
379	387	0
387	379	0
379	387	1
387	379	1
379	387	2
387	379	2
379	387	3
387	379	3
379	387	4
387	379	4
379	388	0
388	379	0
379	388	1
388	379	1
379	388	2
388	379	2
379	388	3
388	379	3
379	388	4
388	379	4
379	389	0
389	379	0
379	389	1
389	379	1
379	389	2
389	379	2
379	389	3
389	379	3
379	389	4
389	379	4
379	390	0
390	379	0
379	390	1
390	379	1
379	390	2
390	379	2
379	390	3
390	379	3
379	390	4
390	379	4
379	391	0
391	379	0
379	391	1
391	379	1
379	391	2
391	379	2
379	391	3
391	379	3
379	391	4
391	379	4
379	392	0
392	379	0
379	392	1
392	379	1
379	392	2
392	379	2
379	392	3
392	379	3
379	392	4
392	379	4
380	386	0
386	380	0
380	386	1
386	380	1
380	386	2
386	380	2
380	386	3
386	380	3
380	386	4
386	380	4
380	387	0
387	380	0
380	387	1
387	380	1
380	387	2
387	380	2
380	387	3
387	380	3
380	387	4
387	380	4
380	388	0
388	380	0
380	388	1
388	380	1
380	388	2
388	380	2
380	388	3
388	380	3
380	388	4
388	380	4
380	389	0
389	380	0
380	389	1
389	380	1
380	389	2
389	380	2
380	389	3
389	380	3
380	389	4
389	380	4
380	390	0
390	380	0
380	390	1
390	380	1
380	390	2
390	380	2
380	390	3
390	380	3
380	390	4
390	380	4
380	391	0
391	380	0
380	391	1
391	380	1
380	391	2
391	380	2
380	391	3
391	380	3
380	391	4
391	380	4
380	392	0
392	380	0
380	392	1
392	380	1
380	392	2
392	380	2
380	392	3
392	380	3
380	392	4
392	380	4
381	393	0
393	381	0
381	393	1
393	381	1
381	393	2
393	381	2
381	393	3
393	381	3
381	393	4
393	381	4
381	394	0
394	381	0
381	394	1
394	381	1
381	394	2
394	381	2
381	394	3
394	381	3
381	394	4
394	381	4
382	393	0
393	382	0
382	393	1
393	382	1
382	393	2
393	382	2
382	393	3
393	382	3
382	393	4
393	382	4
382	394	0
394	382	0
382	394	1
394	382	1
382	394	2
394	382	2
382	394	3
394	382	3
382	394	4
394	382	4
383	393	0
393	383	0
383	393	1
393	383	1
383	393	2
393	383	2
383	393	3
393	383	3
383	393	4
393	383	4
383	394	0
394	383	0
383	394	1
394	383	1
383	394	2
394	383	2
383	394	3
394	383	3
383	394	4
394	383	4
384	393	0
393	384	0
384	393	1
393	384	1
384	393	2
393	384	2
384	393	3
393	384	3
384	393	4
393	384	4
384	394	0
394	384	0
384	394	1
394	384	1
384	394	2
394	384	2
384	394	3
394	384	3
384	394	4
394	384	4
385	393	0
393	385	0
385	393	1
393	385	1
385	393	2
393	385	2
385	393	3
393	385	3
385	393	4
393	385	4
385	394	0
394	385	0
385	394	1
394	385	1
385	394	2
394	385	2
385	394	3
394	385	3
385	394	4
394	385	4
386	395	0
395	386	0
386	395	1
395	386	1
386	395	2
395	386	2
386	395	3
395	386	3
386	395	4
395	386	4
386	396	0
396	386	0
386	396	1
396	386	1
386	396	2
396	386	2
386	396	3
396	386	3
386	396	4
396	386	4
386	397	0
397	386	0
386	397	1
397	386	1
386	397	2
397	386	2
386	397	3
397	386	3
386	397	4
397	386	4
386	398	0
398	386	0
386	398	1
398	386	1
386	398	2
398	386	2
386	398	3
398	386	3
386	398	4
398	386	4
386	399	0
399	386	0
386	399	1
399	386	1
386	399	2
399	386	2
386	399	3
399	386	3
386	399	4
399	386	4
387	395	0
395	387	0
387	395	1
395	387	1
387	395	2
395	387	2
387	395	3
395	387	3
387	395	4
395	387	4
387	396	0
396	387	0
387	396	1
396	387	1
387	396	2
396	387	2
387	396	3
396	387	3
387	396	4
396	387	4
387	397	0
397	387	0
387	397	1
397	387	1
387	397	2
397	387	2
387	397	3
397	387	3
387	397	4
397	387	4
387	398	0
398	387	0
387	398	1
398	387	1
387	398	2
398	387	2
387	398	3
398	387	3
387	398	4
398	387	4
387	399	0
399	387	0
387	399	1
399	387	1
387	399	2
399	387	2
387	399	3
399	387	3
387	399	4
399	387	4
388	395	0
395	388	0
388	395	1
395	388	1
388	395	2
395	388	2
388	395	3
395	388	3
388	395	4
395	388	4
388	396	0
396	388	0
388	396	1
396	388	1
388	396	2
396	388	2
388	396	3
396	388	3
388	396	4
396	388	4
388	397	0
397	388	0
388	397	1
397	388	1
388	397	2
397	388	2
388	397	3
397	388	3
388	397	4
397	388	4
388	398	0
398	388	0
388	398	1
398	388	1
388	398	2
398	388	2
388	398	3
398	388	3
388	398	4
398	388	4
388	399	0
399	388	0
388	399	1
399	388	1
388	399	2
399	388	2
388	399	3
399	388	3
388	399	4
399	388	4
389	395	0
395	389	0
389	395	1
395	389	1
389	395	2
395	389	2
389	395	3
395	389	3
389	395	4
395	389	4
389	396	0
396	389	0
389	396	1
396	389	1
389	396	2
396	389	2
389	396	3
396	389	3
389	396	4
396	389	4
389	397	0
397	389	0
389	397	1
397	389	1
389	397	2
397	389	2
389	397	3
397	389	3
389	397	4
397	389	4
389	398	0
398	389	0
389	398	1
398	389	1
389	398	2
398	389	2
389	398	3
398	389	3
389	398	4
398	389	4
389	399	0
399	389	0
389	399	1
399	389	1
389	399	2
399	389	2
389	399	3
399	389	3
389	399	4
399	389	4
390	395	0
395	390	0
390	395	1
395	390	1
390	395	2
395	390	2
390	395	3
395	390	3
390	395	4
395	390	4
390	396	0
396	390	0
390	396	1
396	390	1
390	396	2
396	390	2
390	396	3
396	390	3
390	396	4
396	390	4
390	397	0
397	390	0
390	397	1
397	390	1
390	397	2
397	390	2
390	397	3
397	390	3
390	397	4
397	390	4
390	398	0
398	390	0
390	398	1
398	390	1
390	398	2
398	390	2
390	398	3
398	390	3
390	398	4
398	390	4
390	399	0
399	390	0
390	399	1
399	390	1
390	399	2
399	390	2
390	399	3
399	390	3
390	399	4
399	390	4
391	395	0
395	391	0
391	395	1
395	391	1
391	395	2
395	391	2
391	395	3
395	391	3
391	395	4
395	391	4
391	396	0
396	391	0
391	396	1
396	391	1
391	396	2
396	391	2
391	396	3
396	391	3
391	396	4
396	391	4
391	397	0
397	391	0
391	397	1
397	391	1
391	397	2
397	391	2
391	397	3
397	391	3
391	397	4
397	391	4
391	398	0
398	391	0
391	398	1
398	391	1
391	398	2
398	391	2
391	398	3
398	391	3
391	398	4
398	391	4
391	399	0
399	391	0
391	399	1
399	391	1
391	399	2
399	391	2
391	399	3
399	391	3
391	399	4
399	391	4
392	395	0
395	392	0
392	395	1
395	392	1
392	395	2
395	392	2
392	395	3
395	392	3
392	395	4
395	392	4
392	396	0
396	392	0
392	396	1
396	392	1
392	396	2
396	392	2
392	396	3
396	392	3
392	396	4
396	392	4
392	397	0
397	392	0
392	397	1
397	392	1
392	397	2
397	392	2
392	397	3
397	392	3
392	397	4
397	392	4
392	398	0
398	392	0
392	398	1
398	392	1
392	398	2
398	392	2
392	398	3
398	392	3
392	398	4
398	392	4
392	399	0
399	392	0
392	399	1
399	392	1
392	399	2
399	392	2
392	399	3
399	392	3
392	399	4
399	392	4
393	400	0
400	393	0
393	400	1
400	393	1
393	400	2
400	393	2
393	400	3
400	393	3
393	400	4
400	393	4
393	401	0
401	393	0
393	401	1
401	393	1
393	401	2
401	393	2
393	401	3
401	393	3
393	401	4
401	393	4
394	400	0
400	394	0
394	400	1
400	394	1
394	400	2
400	394	2
394	400	3
400	394	3
394	400	4
400	394	4
394	401	0
401	394	0
394	401	1
401	394	1
394	401	2
401	394	2
394	401	3
401	394	3
394	401	4
401	394	4
395	402	0
402	395	0
395	402	1
402	395	1
395	402	2
402	395	2
395	402	3
402	395	3
395	402	4
402	395	4
395	403	0
403	395	0
395	403	1
403	395	1
395	403	2
403	395	2
395	403	3
403	395	3
395	403	4
403	395	4
395	404	0
404	395	0
395	404	1
404	395	1
395	404	2
404	395	2
395	404	3
404	395	3
395	404	4
404	395	4
395	405	0
405	395	0
395	405	1
405	395	1
395	405	2
405	395	2
395	405	3
405	395	3
395	405	4
405	395	4
396	402	0
402	396	0
396	402	1
402	396	1
396	402	2
402	396	2
396	402	3
402	396	3
396	402	4
402	396	4
396	403	0
403	396	0
396	403	1
403	396	1
396	403	2
403	396	2
396	403	3
403	396	3
396	403	4
403	396	4
396	404	0
404	396	0
396	404	1
404	396	1
396	404	2
404	396	2
396	404	3
404	396	3
396	404	4
404	396	4
396	405	0
405	396	0
396	405	1
405	396	1
396	405	2
405	396	2
396	405	3
405	396	3
396	405	4
405	396	4
397	402	0
402	397	0
397	402	1
402	397	1
397	402	2
402	397	2
397	402	3
402	397	3
397	402	4
402	397	4
397	403	0
403	397	0
397	403	1
403	397	1
397	403	2
403	397	2
397	403	3
403	397	3
397	403	4
403	397	4
397	404	0
404	397	0
397	404	1
404	397	1
397	404	2
404	397	2
397	404	3
404	397	3
397	404	4
404	397	4
397	405	0
405	397	0
397	405	1
405	397	1
397	405	2
405	397	2
397	405	3
405	397	3
397	405	4
405	397	4
398	402	0
402	398	0
398	402	1
402	398	1
398	402	2
402	398	2
398	402	3
402	398	3
398	402	4
402	398	4
398	403	0
403	398	0
398	403	1
403	398	1
398	403	2
403	398	2
398	403	3
403	398	3
398	403	4
403	398	4
398	404	0
404	398	0
398	404	1
404	398	1
398	404	2
404	398	2
398	404	3
404	398	3
398	404	4
404	398	4
398	405	0
405	398	0
398	405	1
405	398	1
398	405	2
405	398	2
398	405	3
405	398	3
398	405	4
405	398	4
399	402	0
402	399	0
399	402	1
402	399	1
399	402	2
402	399	2
399	402	3
402	399	3
399	402	4
402	399	4
399	403	0
403	399	0
399	403	1
403	399	1
399	403	2
403	399	2
399	403	3
403	399	3
399	403	4
403	399	4
399	404	0
404	399	0
399	404	1
404	399	1
399	404	2
404	399	2
399	404	3
404	399	3
399	404	4
404	399	4
399	405	0
405	399	0
399	405	1
405	399	1
399	405	2
405	399	2
399	405	3
405	399	3
399	405	4
405	399	4
400	406	0
406	400	0
400	406	1
406	400	1
400	406	2
406	400	2
400	406	3
406	400	3
400	406	4
406	400	4
400	407	0
407	400	0
400	407	1
407	400	1
400	407	2
407	400	2
400	407	3
407	400	3
400	407	4
407	400	4
400	408	0
408	400	0
400	408	1
408	400	1
400	408	2
408	400	2
400	408	3
408	400	3
400	408	4
408	400	4
401	406	0
406	401	0
401	406	1
406	401	1
401	406	2
406	401	2
401	406	3
406	401	3
401	406	4
406	401	4
401	407	0
407	401	0
401	407	1
407	401	1
401	407	2
407	401	2
401	407	3
407	401	3
401	407	4
407	401	4
401	408	0
408	401	0
401	408	1
408	401	1
401	408	2
408	401	2
401	408	3
408	401	3
401	408	4
408	401	4
402	409	0
409	402	0
402	409	1
409	402	1
402	409	2
409	402	2
402	409	3
409	402	3
402	409	4
409	402	4
402	410	0
410	402	0
402	410	1
410	402	1
402	410	2
410	402	2
402	410	3
410	402	3
402	410	4
410	402	4
403	409	0
409	403	0
403	409	1
409	403	1
403	409	2
409	403	2
403	409	3
409	403	3
403	409	4
409	403	4
403	410	0
410	403	0
403	410	1
410	403	1
403	410	2
410	403	2
403	410	3
410	403	3
403	410	4
410	403	4
404	409	0
409	404	0
404	409	1
409	404	1
404	409	2
409	404	2
404	409	3
409	404	3
404	409	4
409	404	4
404	410	0
410	404	0
404	410	1
410	404	1
404	410	2
410	404	2
404	410	3
410	404	3
404	410	4
410	404	4
405	409	0
409	405	0
405	409	1
409	405	1
405	409	2
409	405	2
405	409	3
409	405	3
405	409	4
409	405	4
405	410	0
410	405	0
405	410	1
410	405	1
405	410	2
410	405	2
405	410	3
410	405	3
405	410	4
410	405	4
406	411	0
411	406	0
406	411	1
411	406	1
406	411	2
411	406	2
406	411	3
411	406	3
406	411	4
411	406	4
407	411	0
411	407	0
407	411	1
411	407	1
407	411	2
411	407	2
407	411	3
411	407	3
407	411	4
411	407	4
408	411	0
411	408	0
408	411	1
411	408	1
408	411	2
411	408	2
408	411	3
411	408	3
408	411	4
411	408	4
409	412	0
412	409	0
409	412	1
412	409	1
409	412	2
412	409	2
409	412	3
412	409	3
409	412	4
412	409	4
410	412	0
412	410	0
410	412	1
412	410	1
410	412	2
412	410	2
410	412	3
412	410	3
410	412	4
412	410	4
411	413	0
413	411	0
411	413	1
413	411	1
411	413	2
413	411	2
411	413	3
413	411	3
411	413	4
413	411	4
412	414	0
414	412	0
412	414	1
414	412	1
412	414	2
414	412	2
412	414	3
414	412	3
412	414	4
414	412	4
413	416	0
416	413	0
413	416	1
416	413	1
413	416	2
416	413	2
413	416	3
416	413	3
413	416	4
416	413	4
413	417	0
417	413	0
413	417	1
417	413	1
413	417	2
417	413	2
413	417	3
417	413	3
413	417	4
417	413	4
413	418	0
418	413	0
413	418	1
418	413	1
413	418	2
418	413	2
413	418	3
418	413	3
413	418	4
418	413	4
413	419	0
419	413	0
413	419	1
419	413	1
413	419	2
419	413	2
413	419	3
419	413	3
413	419	4
419	413	4
413	415	0
415	413	0
413	415	1
415	413	1
413	415	2
415	413	2
413	415	3
415	413	3
413	415	4
415	413	4
414	420	0
420	414	0
414	420	1
420	414	1
414	420	2
420	414	2
414	420	3
420	414	3
414	420	4
420	414	4
414	421	0
421	414	0
414	421	1
421	414	1
414	421	2
421	414	2
414	421	3
421	414	3
414	421	4
421	414	4
415	422	0
422	415	0
415	422	1
422	415	1
415	422	2
422	415	2
415	422	3
422	415	3
415	422	4
422	415	4
415	423	0
423	415	0
415	423	1
423	415	1
415	423	2
423	415	2
415	423	3
423	415	3
415	423	4
423	415	4
415	424	0
424	415	0
415	424	1
424	415	1
415	424	2
424	415	2
415	424	3
424	415	3
415	424	4
424	415	4
415	425	0
425	415	0
415	425	1
425	415	1
415	425	2
425	415	2
415	425	3
425	415	3
415	425	4
425	415	4
416	422	0
422	416	0
416	422	1
422	416	1
416	422	2
422	416	2
416	422	3
422	416	3
416	422	4
422	416	4
416	423	0
423	416	0
416	423	1
423	416	1
416	423	2
423	416	2
416	423	3
423	416	3
416	423	4
423	416	4
416	424	0
424	416	0
416	424	1
424	416	1
416	424	2
424	416	2
416	424	3
424	416	3
416	424	4
424	416	4
416	425	0
425	416	0
416	425	1
425	416	1
416	425	2
425	416	2
416	425	3
425	416	3
416	425	4
425	416	4
417	422	0
422	417	0
417	422	1
422	417	1
417	422	2
422	417	2
417	422	3
422	417	3
417	422	4
422	417	4
417	423	0
423	417	0
417	423	1
423	417	1
417	423	2
423	417	2
417	423	3
423	417	3
417	423	4
423	417	4
417	424	0
424	417	0
417	424	1
424	417	1
417	424	2
424	417	2
417	424	3
424	417	3
417	424	4
424	417	4
417	425	0
425	417	0
417	425	1
425	417	1
417	425	2
425	417	2
417	425	3
425	417	3
417	425	4
425	417	4
418	422	0
422	418	0
418	422	1
422	418	1
418	422	2
422	418	2
418	422	3
422	418	3
418	422	4
422	418	4
418	423	0
423	418	0
418	423	1
423	418	1
418	423	2
423	418	2
418	423	3
423	418	3
418	423	4
423	418	4
418	424	0
424	418	0
418	424	1
424	418	1
418	424	2
424	418	2
418	424	3
424	418	3
418	424	4
424	418	4
418	425	0
425	418	0
418	425	1
425	418	1
418	425	2
425	418	2
418	425	3
425	418	3
418	425	4
425	418	4
419	422	0
422	419	0
419	422	1
422	419	1
419	422	2
422	419	2
419	422	3
422	419	3
419	422	4
422	419	4
419	423	0
423	419	0
419	423	1
423	419	1
419	423	2
423	419	2
419	423	3
423	419	3
419	423	4
423	419	4
419	424	0
424	419	0
419	424	1
424	419	1
419	424	2
424	419	2
419	424	3
424	419	3
419	424	4
424	419	4
419	425	0
425	419	0
419	425	1
425	419	1
419	425	2
425	419	2
419	425	3
425	419	3
419	425	4
425	419	4
420	426	0
426	420	0
420	426	1
426	420	1
420	426	2
426	420	2
420	426	3
426	420	3
420	426	4
426	420	4
420	427	0
427	420	0
420	427	1
427	420	1
420	427	2
427	420	2
420	427	3
427	420	3
420	427	4
427	420	4
420	428	0
428	420	0
420	428	1
428	420	1
420	428	2
428	420	2
420	428	3
428	420	3
420	428	4
428	420	4
421	426	0
426	421	0
421	426	1
426	421	1
421	426	2
426	421	2
421	426	3
426	421	3
421	426	4
426	421	4
421	427	0
427	421	0
421	427	1
427	421	1
421	427	2
427	421	2
421	427	3
427	421	3
421	427	4
427	421	4
421	428	0
428	421	0
421	428	1
428	421	1
421	428	2
428	421	2
421	428	3
428	421	3
421	428	4
428	421	4
422	429	0
429	422	0
422	429	1
429	422	1
422	429	2
429	422	2
422	429	3
429	422	3
422	429	4
429	422	4
422	430	0
430	422	0
422	430	1
430	422	1
422	430	2
430	422	2
422	430	3
430	422	3
422	430	4
430	422	4
423	429	0
429	423	0
423	429	1
429	423	1
423	429	2
429	423	2
423	429	3
429	423	3
423	429	4
429	423	4
423	430	0
430	423	0
423	430	1
430	423	1
423	430	2
430	423	2
423	430	3
430	423	3
423	430	4
430	423	4
424	429	0
429	424	0
424	429	1
429	424	1
424	429	2
429	424	2
424	429	3
429	424	3
424	429	4
429	424	4
424	430	0
430	424	0
424	430	1
430	424	1
424	430	2
430	424	2
424	430	3
430	424	3
424	430	4
430	424	4
425	429	0
429	425	0
425	429	1
429	425	1
425	429	2
429	425	2
425	429	3
429	425	3
425	429	4
429	425	4
425	430	0
430	425	0
425	430	1
430	425	1
425	430	2
430	425	2
425	430	3
430	425	3
425	430	4
430	425	4
426	431	0
431	426	0
426	431	1
431	426	1
426	431	2
431	426	2
426	431	3
431	426	3
426	431	4
431	426	4
426	432	0
432	426	0
426	432	1
432	426	1
426	432	2
432	426	2
426	432	3
432	426	3
426	432	4
432	426	4
426	433	0
433	426	0
426	433	1
433	426	1
426	433	2
433	426	2
426	433	3
433	426	3
426	433	4
433	426	4
427	431	0
431	427	0
427	431	1
431	427	1
427	431	2
431	427	2
427	431	3
431	427	3
427	431	4
431	427	4
427	432	0
432	427	0
427	432	1
432	427	1
427	432	2
432	427	2
427	432	3
432	427	3
427	432	4
432	427	4
427	433	0
433	427	0
427	433	1
433	427	1
427	433	2
433	427	2
427	433	3
433	427	3
427	433	4
433	427	4
428	431	0
431	428	0
428	431	1
431	428	1
428	431	2
431	428	2
428	431	3
431	428	3
428	431	4
431	428	4
428	432	0
432	428	0
428	432	1
432	428	1
428	432	2
432	428	2
428	432	3
432	428	3
428	432	4
432	428	4
428	433	0
433	428	0
428	433	1
433	428	1
428	433	2
433	428	2
428	433	3
433	428	3
428	433	4
433	428	4
434	443	0
443	434	0
434	443	1
443	434	1
434	443	2
443	434	2
434	443	3
443	434	3
434	443	4
443	434	4
434	444	0
444	434	0
434	444	1
444	434	1
434	444	2
444	434	2
434	444	3
444	434	3
434	444	4
444	434	4
435	443	0
443	435	0
435	443	1
443	435	1
435	443	2
443	435	2
435	443	3
443	435	3
435	443	4
443	435	4
435	444	0
444	435	0
435	444	1
444	435	1
435	444	2
444	435	2
435	444	3
444	435	3
435	444	4
444	435	4
436	443	0
443	436	0
436	443	1
443	436	1
436	443	2
443	436	2
436	443	3
443	436	3
436	443	4
443	436	4
436	444	0
444	436	0
436	444	1
444	436	1
436	444	2
444	436	2
436	444	3
444	436	3
436	444	4
444	436	4
437	443	0
443	437	0
437	443	1
443	437	1
437	443	2
443	437	2
437	443	3
443	437	3
437	443	4
443	437	4
437	444	0
444	437	0
437	444	1
444	437	1
437	444	2
444	437	2
437	444	3
444	437	3
437	444	4
444	437	4
438	445	0
445	438	0
438	445	1
445	438	1
438	445	2
445	438	2
438	445	3
445	438	3
438	445	4
445	438	4
439	445	0
445	439	0
439	445	1
445	439	1
439	445	2
445	439	2
439	445	3
445	439	3
439	445	4
445	439	4
440	445	0
445	440	0
440	445	1
445	440	1
440	445	2
445	440	2
440	445	3
445	440	3
440	445	4
445	440	4
441	445	0
445	441	0
441	445	1
445	441	1
441	445	2
445	441	2
441	445	3
445	441	3
441	445	4
445	441	4
442	445	0
445	442	0
442	445	1
445	442	1
442	445	2
445	442	2
442	445	3
445	442	3
442	445	4
445	442	4
443	446	0
446	443	0
443	446	1
446	443	1
443	446	2
446	443	2
443	446	3
446	443	3
443	446	4
446	443	4
444	446	0
446	444	0
444	446	1
446	444	1
444	446	2
446	444	2
444	446	3
446	444	3
444	446	4
446	444	4
445	448	0
448	445	0
445	448	1
448	445	1
445	448	2
448	445	2
445	448	3
448	445	3
445	448	4
448	445	4
445	449	0
449	445	0
445	449	1
449	445	1
445	449	2
449	445	2
445	449	3
449	445	3
445	449	4
449	445	4
445	447	0
447	445	0
445	447	1
447	445	1
445	447	2
447	445	2
445	447	3
447	445	3
445	447	4
447	445	4
446	450	0
450	446	0
446	450	1
450	446	1
446	450	2
450	446	2
446	450	3
450	446	3
446	450	4
450	446	4
446	451	0
451	446	0
446	451	1
451	446	1
446	451	2
451	446	2
446	451	3
451	446	3
446	451	4
451	446	4
446	452	0
452	446	0
446	452	1
452	446	1
446	452	2
452	446	2
446	452	3
452	446	3
446	452	4
452	446	4
447	453	0
453	447	0
447	453	1
453	447	1
447	453	2
453	447	2
447	453	3
453	447	3
447	453	4
453	447	4
447	454	0
454	447	0
447	454	1
454	447	1
447	454	2
454	447	2
447	454	3
454	447	3
447	454	4
454	447	4
447	455	0
455	447	0
447	455	1
455	447	1
447	455	2
455	447	2
447	455	3
455	447	3
447	455	4
455	447	4
448	453	0
453	448	0
448	453	1
453	448	1
448	453	2
453	448	2
448	453	3
453	448	3
448	453	4
453	448	4
448	454	0
454	448	0
448	454	1
454	448	1
448	454	2
454	448	2
448	454	3
454	448	3
448	454	4
454	448	4
448	455	0
455	448	0
448	455	1
455	448	1
448	455	2
455	448	2
448	455	3
455	448	3
448	455	4
455	448	4
449	453	0
453	449	0
449	453	1
453	449	1
449	453	2
453	449	2
449	453	3
453	449	3
449	453	4
453	449	4
449	454	0
454	449	0
449	454	1
454	449	1
449	454	2
454	449	2
449	454	3
454	449	3
449	454	4
454	449	4
449	455	0
455	449	0
449	455	1
455	449	1
449	455	2
455	449	2
449	455	3
455	449	3
449	455	4
455	449	4
450	456	0
456	450	0
450	456	1
456	450	1
450	456	2
456	450	2
450	456	3
456	450	3
450	456	4
456	450	4
450	457	0
457	450	0
450	457	1
457	450	1
450	457	2
457	450	2
450	457	3
457	450	3
450	457	4
457	450	4
451	456	0
456	451	0
451	456	1
456	451	1
451	456	2
456	451	2
451	456	3
456	451	3
451	456	4
456	451	4
451	457	0
457	451	0
451	457	1
457	451	1
451	457	2
457	451	2
451	457	3
457	451	3
451	457	4
457	451	4
452	456	0
456	452	0
452	456	1
456	452	1
452	456	2
456	452	2
452	456	3
456	452	3
452	456	4
456	452	4
452	457	0
457	452	0
452	457	1
457	452	1
452	457	2
457	452	2
452	457	3
457	452	3
452	457	4
457	452	4
453	458	0
458	453	0
453	458	1
458	453	1
453	458	2
458	453	2
453	458	3
458	453	3
453	458	4
458	453	4
453	459	0
459	453	0
453	459	1
459	453	1
453	459	2
459	453	2
453	459	3
459	453	3
453	459	4
459	453	4
454	458	0
458	454	0
454	458	1
458	454	1
454	458	2
458	454	2
454	458	3
458	454	3
454	458	4
458	454	4
454	459	0
459	454	0
454	459	1
459	454	1
454	459	2
459	454	2
454	459	3
459	454	3
454	459	4
459	454	4
455	458	0
458	455	0
455	458	1
458	455	1
455	458	2
458	455	2
455	458	3
458	455	3
455	458	4
458	455	4
455	459	0
459	455	0
455	459	1
459	455	1
455	459	2
459	455	2
455	459	3
459	455	3
455	459	4
459	455	4
456	460	0
460	456	0
456	460	1
460	456	1
456	460	2
460	456	2
456	460	3
460	456	3
456	460	4
460	456	4
456	461	0
461	456	0
456	461	1
461	456	1
456	461	2
461	456	2
456	461	3
461	456	3
456	461	4
461	456	4
456	462	0
462	456	0
456	462	1
462	456	1
456	462	2
462	456	2
456	462	3
462	456	3
456	462	4
462	456	4
456	463	0
463	456	0
456	463	1
463	456	1
456	463	2
463	456	2
456	463	3
463	456	3
456	463	4
463	456	4
456	464	0
464	456	0
456	464	1
464	456	1
456	464	2
464	456	2
456	464	3
464	456	3
456	464	4
464	456	4
457	460	0
460	457	0
457	460	1
460	457	1
457	460	2
460	457	2
457	460	3
460	457	3
457	460	4
460	457	4
457	461	0
461	457	0
457	461	1
461	457	1
457	461	2
461	457	2
457	461	3
461	457	3
457	461	4
461	457	4
457	462	0
462	457	0
457	462	1
462	457	1
457	462	2
462	457	2
457	462	3
462	457	3
457	462	4
462	457	4
457	463	0
463	457	0
457	463	1
463	457	1
457	463	2
463	457	2
457	463	3
463	457	3
457	463	4
463	457	4
457	464	0
464	457	0
457	464	1
464	457	1
457	464	2
464	457	2
457	464	3
464	457	3
457	464	4
464	457	4
458	465	0
465	458	0
458	465	1
465	458	1
458	465	2
465	458	2
458	465	3
465	458	3
458	465	4
465	458	4
459	465	0
465	459	0
459	465	1
465	459	1
459	465	2
465	459	2
459	465	3
465	459	3
459	465	4
465	459	4
460	466	0
466	460	0
460	466	1
466	460	1
460	466	2
466	460	2
460	466	3
466	460	3
460	466	4
466	460	4
461	466	0
466	461	0
461	466	1
466	461	1
461	466	2
466	461	2
461	466	3
466	461	3
461	466	4
466	461	4
462	466	0
466	462	0
462	466	1
466	462	1
462	466	2
466	462	2
462	466	3
466	462	3
462	466	4
466	462	4
463	466	0
466	463	0
463	466	1
466	463	1
463	466	2
466	463	2
463	466	3
466	463	3
463	466	4
466	463	4
464	466	0
466	464	0
464	466	1
466	464	1
464	466	2
466	464	2
464	466	3
466	464	3
464	466	4
466	464	4
465	467	0
467	465	0
465	467	1
467	465	1
465	467	2
467	465	2
465	467	3
467	465	3
465	467	4
467	465	4
466	468	0
468	466	0
466	468	1
468	466	1
466	468	2
468	466	2
466	468	3
468	466	3
466	468	4
468	466	4
466	469	0
469	466	0
466	469	1
469	466	1
466	469	2
469	466	2
466	469	3
469	466	3
466	469	4
469	466	4
467	470	0
470	467	0
467	470	1
470	467	1
467	470	2
470	467	2
467	470	3
470	467	3
467	470	4
470	467	4
467	471	0
471	467	0
467	471	1
471	467	1
467	471	2
471	467	2
467	471	3
471	467	3
467	471	4
471	467	4
468	472	0
472	468	0
468	472	1
472	468	1
468	472	2
472	468	2
468	472	3
472	468	3
468	472	4
472	468	4
468	473	0
473	468	0
468	473	1
473	468	1
468	473	2
473	468	2
468	473	3
473	468	3
468	473	4
473	468	4
469	472	0
472	469	0
469	472	1
472	469	1
469	472	2
472	469	2
469	472	3
472	469	3
469	472	4
472	469	4
469	473	0
473	469	0
469	473	1
473	469	1
469	473	2
473	469	2
469	473	3
473	469	3
469	473	4
473	469	4
470	474	0
474	470	0
470	474	1
474	470	1
470	474	2
474	470	2
470	474	3
474	470	3
470	474	4
474	470	4
470	475	0
475	470	0
470	475	1
475	470	1
470	475	2
475	470	2
470	475	3
475	470	3
470	475	4
475	470	4
470	476	0
476	470	0
470	476	1
476	470	1
470	476	2
476	470	2
470	476	3
476	470	3
470	476	4
476	470	4
471	474	0
474	471	0
471	474	1
474	471	1
471	474	2
474	471	2
471	474	3
474	471	3
471	474	4
474	471	4
471	475	0
475	471	0
471	475	1
475	471	1
471	475	2
475	471	2
471	475	3
475	471	3
471	475	4
475	471	4
471	476	0
476	471	0
471	476	1
476	471	1
471	476	2
476	471	2
471	476	3
476	471	3
471	476	4
476	471	4
472	477	0
477	472	0
472	477	1
477	472	1
472	477	2
477	472	2
472	477	3
477	472	3
472	477	4
477	472	4
472	478	0
478	472	0
472	478	1
478	472	1
472	478	2
478	472	2
472	478	3
478	472	3
472	478	4
478	472	4
473	477	0
477	473	0
473	477	1
477	473	1
473	477	2
477	473	2
473	477	3
477	473	3
473	477	4
477	473	4
473	478	0
478	473	0
473	478	1
478	473	1
473	478	2
478	473	2
473	478	3
478	473	3
473	478	4
478	473	4
474	480	0
480	474	0
474	480	1
480	474	1
474	480	2
480	474	2
474	480	3
480	474	3
474	480	4
480	474	4
474	479	0
479	474	0
474	479	1
479	474	1
474	479	2
479	474	2
474	479	3
479	474	3
474	479	4
479	474	4
475	480	0
480	475	0
475	480	1
480	475	1
475	480	2
480	475	2
475	480	3
480	475	3
475	480	4
480	475	4
475	479	0
479	475	0
475	479	1
479	475	1
475	479	2
479	475	2
475	479	3
479	475	3
475	479	4
479	475	4
476	480	0
480	476	0
476	480	1
480	476	1
476	480	2
480	476	2
476	480	3
480	476	3
476	480	4
480	476	4
476	479	0
479	476	0
476	479	1
479	476	1
476	479	2
479	476	2
476	479	3
479	476	3
476	479	4
479	476	4
477	481	0
481	477	0
477	481	1
481	477	1
477	481	2
481	477	2
477	481	3
481	477	3
477	481	4
481	477	4
477	482	0
482	477	0
477	482	1
482	477	1
477	482	2
482	477	2
477	482	3
482	477	3
477	482	4
482	477	4
477	483	0
483	477	0
477	483	1
483	477	1
477	483	2
483	477	2
477	483	3
483	477	3
477	483	4
483	477	4
477	484	0
484	477	0
477	484	1
484	477	1
477	484	2
484	477	2
477	484	3
484	477	3
477	484	4
484	477	4
478	481	0
481	478	0
478	481	1
481	478	1
478	481	2
481	478	2
478	481	3
481	478	3
478	481	4
481	478	4
478	482	0
482	478	0
478	482	1
482	478	1
478	482	2
482	478	2
478	482	3
482	478	3
478	482	4
482	478	4
478	483	0
483	478	0
478	483	1
483	478	1
478	483	2
483	478	2
478	483	3
483	478	3
478	483	4
483	478	4
478	484	0
484	478	0
478	484	1
484	478	1
478	484	2
484	478	2
478	484	3
484	478	3
478	484	4
484	478	4
479	485	0
485	479	0
479	485	1
485	479	1
479	485	2
485	479	2
479	485	3
485	479	3
479	485	4
485	479	4
479	486	0
486	479	0
479	486	1
486	479	1
479	486	2
486	479	2
479	486	3
486	479	3
479	486	4
486	479	4
480	485	0
485	480	0
480	485	1
485	480	1
480	485	2
485	480	2
480	485	3
485	480	3
480	485	4
485	480	4
480	486	0
486	480	0
480	486	1
486	480	1
480	486	2
486	480	2
480	486	3
486	480	3
480	486	4
486	480	4
481	487	0
487	481	0
481	487	1
487	481	1
481	487	2
487	481	2
481	487	3
487	481	3
481	487	4
487	481	4
481	488	0
488	481	0
481	488	1
488	481	1
481	488	2
488	481	2
481	488	3
488	481	3
481	488	4
488	481	4
481	489	0
489	481	0
481	489	1
489	481	1
481	489	2
489	481	2
481	489	3
489	481	3
481	489	4
489	481	4
482	487	0
487	482	0
482	487	1
487	482	1
482	487	2
487	482	2
482	487	3
487	482	3
482	487	4
487	482	4
482	488	0
488	482	0
482	488	1
488	482	1
482	488	2
488	482	2
482	488	3
488	482	3
482	488	4
488	482	4
482	489	0
489	482	0
482	489	1
489	482	1
482	489	2
489	482	2
482	489	3
489	482	3
482	489	4
489	482	4
483	487	0
487	483	0
483	487	1
487	483	1
483	487	2
487	483	2
483	487	3
487	483	3
483	487	4
487	483	4
483	488	0
488	483	0
483	488	1
488	483	1
483	488	2
488	483	2
483	488	3
488	483	3
483	488	4
488	483	4
483	489	0
489	483	0
483	489	1
489	483	1
483	489	2
489	483	2
483	489	3
489	483	3
483	489	4
489	483	4
484	487	0
487	484	0
484	487	1
487	484	1
484	487	2
487	484	2
484	487	3
487	484	3
484	487	4
487	484	4
484	488	0
488	484	0
484	488	1
488	484	1
484	488	2
488	484	2
484	488	3
488	484	3
484	488	4
488	484	4
484	489	0
489	484	0
484	489	1
489	484	1
484	489	2
489	484	2
484	489	3
489	484	3
484	489	4
489	484	4
485	490	0
490	485	0
485	490	1
490	485	1
485	490	2
490	485	2
485	490	3
490	485	3
485	490	4
490	485	4
485	491	0
491	485	0
485	491	1
491	485	1
485	491	2
491	485	2
485	491	3
491	485	3
485	491	4
491	485	4
485	492	0
492	485	0
485	492	1
492	485	1
485	492	2
492	485	2
485	492	3
492	485	3
485	492	4
492	485	4
485	493	0
493	485	0
485	493	1
493	485	1
485	493	2
493	485	2
485	493	3
493	485	3
485	493	4
493	485	4
485	494	0
494	485	0
485	494	1
494	485	1
485	494	2
494	485	2
485	494	3
494	485	3
485	494	4
494	485	4
486	490	0
490	486	0
486	490	1
490	486	1
486	490	2
490	486	2
486	490	3
490	486	3
486	490	4
490	486	4
486	491	0
491	486	0
486	491	1
491	486	1
486	491	2
491	486	2
486	491	3
491	486	3
486	491	4
491	486	4
486	492	0
492	486	0
486	492	1
492	486	1
486	492	2
492	486	2
486	492	3
492	486	3
486	492	4
492	486	4
486	493	0
493	486	0
486	493	1
493	486	1
486	493	2
493	486	2
486	493	3
493	486	3
486	493	4
493	486	4
486	494	0
494	486	0
486	494	1
494	486	1
486	494	2
494	486	2
486	494	3
494	486	3
486	494	4
494	486	4
487	495	0
495	487	0
487	495	1
495	487	1
487	495	2
495	487	2
487	495	3
495	487	3
487	495	4
495	487	4
487	496	0
496	487	0
487	496	1
496	487	1
487	496	2
496	487	2
487	496	3
496	487	3
487	496	4
496	487	4
487	497	0
497	487	0
487	497	1
497	487	1
487	497	2
497	487	2
487	497	3
497	487	3
487	497	4
497	487	4
488	495	0
495	488	0
488	495	1
495	488	1
488	495	2
495	488	2
488	495	3
495	488	3
488	495	4
495	488	4
488	496	0
496	488	0
488	496	1
496	488	1
488	496	2
496	488	2
488	496	3
496	488	3
488	496	4
496	488	4
488	497	0
497	488	0
488	497	1
497	488	1
488	497	2
497	488	2
488	497	3
497	488	3
488	497	4
497	488	4
489	495	0
495	489	0
489	495	1
495	489	1
489	495	2
495	489	2
489	495	3
495	489	3
489	495	4
495	489	4
489	496	0
496	489	0
489	496	1
496	489	1
489	496	2
496	489	2
489	496	3
496	489	3
489	496	4
496	489	4
489	497	0
497	489	0
489	497	1
497	489	1
489	497	2
497	489	2
489	497	3
497	489	3
489	497	4
497	489	4
490	498	0
498	490	0
490	498	1
498	490	1
490	498	2
498	490	2
490	498	3
498	490	3
490	498	4
498	490	4
490	499	0
499	490	0
490	499	1
499	490	1
490	499	2
499	490	2
490	499	3
499	490	3
490	499	4
499	490	4
490	500	0
500	490	0
490	500	1
500	490	1
490	500	2
500	490	2
490	500	3
500	490	3
490	500	4
500	490	4
490	501	0
501	490	0
490	501	1
501	490	1
490	501	2
501	490	2
490	501	3
501	490	3
490	501	4
501	490	4
491	498	0
498	491	0
491	498	1
498	491	1
491	498	2
498	491	2
491	498	3
498	491	3
491	498	4
498	491	4
491	499	0
499	491	0
491	499	1
499	491	1
491	499	2
499	491	2
491	499	3
499	491	3
491	499	4
499	491	4
491	500	0
500	491	0
491	500	1
500	491	1
491	500	2
500	491	2
491	500	3
500	491	3
491	500	4
500	491	4
491	501	0
501	491	0
491	501	1
501	491	1
491	501	2
501	491	2
491	501	3
501	491	3
491	501	4
501	491	4
492	498	0
498	492	0
492	498	1
498	492	1
492	498	2
498	492	2
492	498	3
498	492	3
492	498	4
498	492	4
492	499	0
499	492	0
492	499	1
499	492	1
492	499	2
499	492	2
492	499	3
499	492	3
492	499	4
499	492	4
492	500	0
500	492	0
492	500	1
500	492	1
492	500	2
500	492	2
492	500	3
500	492	3
492	500	4
500	492	4
492	501	0
501	492	0
492	501	1
501	492	1
492	501	2
501	492	2
492	501	3
501	492	3
492	501	4
501	492	4
493	498	0
498	493	0
493	498	1
498	493	1
493	498	2
498	493	2
493	498	3
498	493	3
493	498	4
498	493	4
493	499	0
499	493	0
493	499	1
499	493	1
493	499	2
499	493	2
493	499	3
499	493	3
493	499	4
499	493	4
493	500	0
500	493	0
493	500	1
500	493	1
493	500	2
500	493	2
493	500	3
500	493	3
493	500	4
500	493	4
493	501	0
501	493	0
493	501	1
501	493	1
493	501	2
501	493	2
493	501	3
501	493	3
493	501	4
501	493	4
494	498	0
498	494	0
494	498	1
498	494	1
494	498	2
498	494	2
494	498	3
498	494	3
494	498	4
498	494	4
494	499	0
499	494	0
494	499	1
499	494	1
494	499	2
499	494	2
494	499	3
499	494	3
494	499	4
499	494	4
494	500	0
500	494	0
494	500	1
500	494	1
494	500	2
500	494	2
494	500	3
500	494	3
494	500	4
500	494	4
494	501	0
501	494	0
494	501	1
501	494	1
494	501	2
501	494	2
494	501	3
501	494	3
494	501	4
501	494	4
502	512	0
512	502	0
502	512	1
512	502	1
502	512	2
512	502	2
502	512	3
512	502	3
502	512	4
512	502	4
502	509	0
509	502	0
502	509	1
509	502	1
502	509	2
509	502	2
502	509	3
509	502	3
502	509	4
509	502	4
502	510	0
510	502	0
502	510	1
510	502	1
502	510	2
510	502	2
502	510	3
510	502	3
502	510	4
510	502	4
502	511	0
511	502	0
502	511	1
511	502	1
502	511	2
511	502	2
502	511	3
511	502	3
502	511	4
511	502	4
503	512	0
512	503	0
503	512	1
512	503	1
503	512	2
512	503	2
503	512	3
512	503	3
503	512	4
512	503	4
503	509	0
509	503	0
503	509	1
509	503	1
503	509	2
509	503	2
503	509	3
509	503	3
503	509	4
509	503	4
503	510	0
510	503	0
503	510	1
510	503	1
503	510	2
510	503	2
503	510	3
510	503	3
503	510	4
510	503	4
503	511	0
511	503	0
503	511	1
511	503	1
503	511	2
511	503	2
503	511	3
511	503	3
503	511	4
511	503	4
504	512	0
512	504	0
504	512	1
512	504	1
504	512	2
512	504	2
504	512	3
512	504	3
504	512	4
512	504	4
504	509	0
509	504	0
504	509	1
509	504	1
504	509	2
509	504	2
504	509	3
509	504	3
504	509	4
509	504	4
504	510	0
510	504	0
504	510	1
510	504	1
504	510	2
510	504	2
504	510	3
510	504	3
504	510	4
510	504	4
504	511	0
511	504	0
504	511	1
511	504	1
504	511	2
511	504	2
504	511	3
511	504	3
504	511	4
511	504	4
505	513	0
513	505	0
505	513	1
513	505	1
505	513	2
513	505	2
505	513	3
513	505	3
505	513	4
513	505	4
505	514	0
514	505	0
505	514	1
514	505	1
505	514	2
514	505	2
505	514	3
514	505	3
505	514	4
514	505	4
505	515	0
515	505	0
505	515	1
515	505	1
505	515	2
515	505	2
505	515	3
515	505	3
505	515	4
515	505	4
506	513	0
513	506	0
506	513	1
513	506	1
506	513	2
513	506	2
506	513	3
513	506	3
506	513	4
513	506	4
506	514	0
514	506	0
506	514	1
514	506	1
506	514	2
514	506	2
506	514	3
514	506	3
506	514	4
514	506	4
506	515	0
515	506	0
506	515	1
515	506	1
506	515	2
515	506	2
506	515	3
515	506	3
506	515	4
515	506	4
507	513	0
513	507	0
507	513	1
513	507	1
507	513	2
513	507	2
507	513	3
513	507	3
507	513	4
513	507	4
507	514	0
514	507	0
507	514	1
514	507	1
507	514	2
514	507	2
507	514	3
514	507	3
507	514	4
514	507	4
507	515	0
515	507	0
507	515	1
515	507	1
507	515	2
515	507	2
507	515	3
515	507	3
507	515	4
515	507	4
508	513	0
513	508	0
508	513	1
513	508	1
508	513	2
513	508	2
508	513	3
513	508	3
508	513	4
513	508	4
508	514	0
514	508	0
508	514	1
514	508	1
508	514	2
514	508	2
508	514	3
514	508	3
508	514	4
514	508	4
508	515	0
515	508	0
508	515	1
515	508	1
508	515	2
515	508	2
508	515	3
515	508	3
508	515	4
515	508	4
509	516	0
516	509	0
509	516	1
516	509	1
509	516	2
516	509	2
509	516	3
516	509	3
509	516	4
516	509	4
509	517	0
517	509	0
509	517	1
517	509	1
509	517	2
517	509	2
509	517	3
517	509	3
509	517	4
517	509	4
510	516	0
516	510	0
510	516	1
516	510	1
510	516	2
516	510	2
510	516	3
516	510	3
510	516	4
516	510	4
510	517	0
517	510	0
510	517	1
517	510	1
510	517	2
517	510	2
510	517	3
517	510	3
510	517	4
517	510	4
511	516	0
516	511	0
511	516	1
516	511	1
511	516	2
516	511	2
511	516	3
516	511	3
511	516	4
516	511	4
511	517	0
517	511	0
511	517	1
517	511	1
511	517	2
517	511	2
511	517	3
517	511	3
511	517	4
517	511	4
512	516	0
516	512	0
512	516	1
516	512	1
512	516	2
516	512	2
512	516	3
516	512	3
512	516	4
516	512	4
512	517	0
517	512	0
512	517	1
517	512	1
512	517	2
517	512	2
512	517	3
517	512	3
512	517	4
517	512	4
513	518	0
518	513	0
513	518	1
518	513	1
513	518	2
518	513	2
513	518	3
518	513	3
513	518	4
518	513	4
513	519	0
519	513	0
513	519	1
519	513	1
513	519	2
519	513	2
513	519	3
519	513	3
513	519	4
519	513	4
513	520	0
520	513	0
513	520	1
520	513	1
513	520	2
520	513	2
513	520	3
520	513	3
513	520	4
520	513	4
514	518	0
518	514	0
514	518	1
518	514	1
514	518	2
518	514	2
514	518	3
518	514	3
514	518	4
518	514	4
514	519	0
519	514	0
514	519	1
519	514	1
514	519	2
519	514	2
514	519	3
519	514	3
514	519	4
519	514	4
514	520	0
520	514	0
514	520	1
520	514	1
514	520	2
520	514	2
514	520	3
520	514	3
514	520	4
520	514	4
515	518	0
518	515	0
515	518	1
518	515	1
515	518	2
518	515	2
515	518	3
518	515	3
515	518	4
518	515	4
515	519	0
519	515	0
515	519	1
519	515	1
515	519	2
519	515	2
515	519	3
519	515	3
515	519	4
519	515	4
515	520	0
520	515	0
515	520	1
520	515	1
515	520	2
520	515	2
515	520	3
520	515	3
515	520	4
520	515	4
516	521	0
521	516	0
516	521	1
521	516	1
516	521	2
521	516	2
516	521	3
521	516	3
516	521	4
521	516	4
516	522	0
522	516	0
516	522	1
522	516	1
516	522	2
522	516	2
516	522	3
522	516	3
516	522	4
522	516	4
517	521	0
521	517	0
517	521	1
521	517	1
517	521	2
521	517	2
517	521	3
521	517	3
517	521	4
521	517	4
517	522	0
522	517	0
517	522	1
522	517	1
517	522	2
522	517	2
517	522	3
522	517	3
517	522	4
522	517	4
518	523	0
523	518	0
518	523	1
523	518	1
518	523	2
523	518	2
518	523	3
523	518	3
518	523	4
523	518	4
518	524	0
524	518	0
518	524	1
524	518	1
518	524	2
524	518	2
518	524	3
524	518	3
518	524	4
524	518	4
519	523	0
523	519	0
519	523	1
523	519	1
519	523	2
523	519	2
519	523	3
523	519	3
519	523	4
523	519	4
519	524	0
524	519	0
519	524	1
524	519	1
519	524	2
524	519	2
519	524	3
524	519	3
519	524	4
524	519	4
520	523	0
523	520	0
520	523	1
523	520	1
520	523	2
523	520	2
520	523	3
523	520	3
520	523	4
523	520	4
520	524	0
524	520	0
520	524	1
524	520	1
520	524	2
524	520	2
520	524	3
524	520	3
520	524	4
524	520	4
521	525	0
525	521	0
521	525	1
525	521	1
521	525	2
525	521	2
521	525	3
525	521	3
521	525	4
525	521	4
521	526	0
526	521	0
521	526	1
526	521	1
521	526	2
526	521	2
521	526	3
526	521	3
521	526	4
526	521	4
522	525	0
525	522	0
522	525	1
525	522	1
522	525	2
525	522	2
522	525	3
525	522	3
522	525	4
525	522	4
522	526	0
526	522	0
522	526	1
526	522	1
522	526	2
526	522	2
522	526	3
526	522	3
522	526	4
526	522	4
523	527	0
527	523	0
523	527	1
527	523	1
523	527	2
527	523	2
523	527	3
527	523	3
523	527	4
527	523	4
523	528	0
528	523	0
523	528	1
528	523	1
523	528	2
528	523	2
523	528	3
528	523	3
523	528	4
528	523	4
523	529	0
529	523	0
523	529	1
529	523	1
523	529	2
529	523	2
523	529	3
529	523	3
523	529	4
529	523	4
524	527	0
527	524	0
524	527	1
527	524	1
524	527	2
527	524	2
524	527	3
527	524	3
524	527	4
527	524	4
524	528	0
528	524	0
524	528	1
528	524	1
524	528	2
528	524	2
524	528	3
528	524	3
524	528	4
528	524	4
524	529	0
529	524	0
524	529	1
529	524	1
524	529	2
529	524	2
524	529	3
529	524	3
524	529	4
529	524	4
525	530	0
530	525	0
525	530	1
530	525	1
525	530	2
530	525	2
525	530	3
530	525	3
525	530	4
530	525	4
525	531	0
531	525	0
525	531	1
531	525	1
525	531	2
531	525	2
525	531	3
531	525	3
525	531	4
531	525	4
525	532	0
532	525	0
525	532	1
532	525	1
525	532	2
532	525	2
525	532	3
532	525	3
525	532	4
532	525	4
525	533	0
533	525	0
525	533	1
533	525	1
525	533	2
533	525	2
525	533	3
533	525	3
525	533	4
533	525	4
526	530	0
530	526	0
526	530	1
530	526	1
526	530	2
530	526	2
526	530	3
530	526	3
526	530	4
530	526	4
526	531	0
531	526	0
526	531	1
531	526	1
526	531	2
531	526	2
526	531	3
531	526	3
526	531	4
531	526	4
526	532	0
532	526	0
526	532	1
532	526	1
526	532	2
532	526	2
526	532	3
532	526	3
526	532	4
532	526	4
526	533	0
533	526	0
526	533	1
533	526	1
526	533	2
533	526	2
526	533	3
533	526	3
526	533	4
533	526	4
527	534	0
534	527	0
527	534	1
534	527	1
527	534	2
534	527	2
527	534	3
534	527	3
527	534	4
534	527	4
527	535	0
535	527	0
527	535	1
535	527	1
527	535	2
535	527	2
527	535	3
535	527	3
527	535	4
535	527	4
527	536	0
536	527	0
527	536	1
536	527	1
527	536	2
536	527	2
527	536	3
536	527	3
527	536	4
536	527	4
528	534	0
534	528	0
528	534	1
534	528	1
528	534	2
534	528	2
528	534	3
534	528	3
528	534	4
534	528	4
528	535	0
535	528	0
528	535	1
535	528	1
528	535	2
535	528	2
528	535	3
535	528	3
528	535	4
535	528	4
528	536	0
536	528	0
528	536	1
536	528	1
528	536	2
536	528	2
528	536	3
536	528	3
528	536	4
536	528	4
529	534	0
534	529	0
529	534	1
534	529	1
529	534	2
534	529	2
529	534	3
534	529	3
529	534	4
534	529	4
529	535	0
535	529	0
529	535	1
535	529	1
529	535	2
535	529	2
529	535	3
535	529	3
529	535	4
535	529	4
529	536	0
536	529	0
529	536	1
536	529	1
529	536	2
536	529	2
529	536	3
536	529	3
529	536	4
536	529	4
530	537	0
537	530	0
530	537	1
537	530	1
530	537	2
537	530	2
530	537	3
537	530	3
530	537	4
537	530	4
530	538	0
538	530	0
530	538	1
538	530	1
530	538	2
538	530	2
530	538	3
538	530	3
530	538	4
538	530	4
530	539	0
539	530	0
530	539	1
539	530	1
530	539	2
539	530	2
530	539	3
539	530	3
530	539	4
539	530	4
530	540	0
540	530	0
530	540	1
540	530	1
530	540	2
540	530	2
530	540	3
540	530	3
530	540	4
540	530	4
530	541	0
541	530	0
530	541	1
541	530	1
530	541	2
541	530	2
530	541	3
541	530	3
530	541	4
541	530	4
531	537	0
537	531	0
531	537	1
537	531	1
531	537	2
537	531	2
531	537	3
537	531	3
531	537	4
537	531	4
531	538	0
538	531	0
531	538	1
538	531	1
531	538	2
538	531	2
531	538	3
538	531	3
531	538	4
538	531	4
531	539	0
539	531	0
531	539	1
539	531	1
531	539	2
539	531	2
531	539	3
539	531	3
531	539	4
539	531	4
531	540	0
540	531	0
531	540	1
540	531	1
531	540	2
540	531	2
531	540	3
540	531	3
531	540	4
540	531	4
531	541	0
541	531	0
531	541	1
541	531	1
531	541	2
541	531	2
531	541	3
541	531	3
531	541	4
541	531	4
532	537	0
537	532	0
532	537	1
537	532	1
532	537	2
537	532	2
532	537	3
537	532	3
532	537	4
537	532	4
532	538	0
538	532	0
532	538	1
538	532	1
532	538	2
538	532	2
532	538	3
538	532	3
532	538	4
538	532	4
532	539	0
539	532	0
532	539	1
539	532	1
532	539	2
539	532	2
532	539	3
539	532	3
532	539	4
539	532	4
532	540	0
540	532	0
532	540	1
540	532	1
532	540	2
540	532	2
532	540	3
540	532	3
532	540	4
540	532	4
532	541	0
541	532	0
532	541	1
541	532	1
532	541	2
541	532	2
532	541	3
541	532	3
532	541	4
541	532	4
533	537	0
537	533	0
533	537	1
537	533	1
533	537	2
537	533	2
533	537	3
537	533	3
533	537	4
537	533	4
533	538	0
538	533	0
533	538	1
538	533	1
533	538	2
538	533	2
533	538	3
538	533	3
533	538	4
538	533	4
533	539	0
539	533	0
533	539	1
539	533	1
533	539	2
539	533	2
533	539	3
539	533	3
533	539	4
539	533	4
533	540	0
540	533	0
533	540	1
540	533	1
533	540	2
540	533	2
533	540	3
540	533	3
533	540	4
540	533	4
533	541	0
541	533	0
533	541	1
541	533	1
533	541	2
541	533	2
533	541	3
541	533	3
533	541	4
541	533	4
534	542	0
542	534	0
534	542	1
542	534	1
534	542	2
542	534	2
534	542	3
542	534	3
534	542	4
542	534	4
534	543	0
543	534	0
534	543	1
543	534	1
534	543	2
543	534	2
534	543	3
543	534	3
534	543	4
543	534	4
535	542	0
542	535	0
535	542	1
542	535	1
535	542	2
542	535	2
535	542	3
542	535	3
535	542	4
542	535	4
535	543	0
543	535	0
535	543	1
543	535	1
535	543	2
543	535	2
535	543	3
543	535	3
535	543	4
543	535	4
536	542	0
542	536	0
536	542	1
542	536	1
536	542	2
542	536	2
536	542	3
542	536	3
536	542	4
542	536	4
536	543	0
543	536	0
536	543	1
543	536	1
536	543	2
543	536	2
536	543	3
543	536	3
536	543	4
543	536	4
537	544	0
544	537	0
537	544	1
544	537	1
537	544	2
544	537	2
537	544	3
544	537	3
537	544	4
544	537	4
538	544	0
544	538	0
538	544	1
544	538	1
538	544	2
544	538	2
538	544	3
544	538	3
538	544	4
544	538	4
539	544	0
544	539	0
539	544	1
544	539	1
539	544	2
544	539	2
539	544	3
544	539	3
539	544	4
544	539	4
540	544	0
544	540	0
540	544	1
544	540	1
540	544	2
544	540	2
540	544	3
544	540	3
540	544	4
544	540	4
541	544	0
544	541	0
541	544	1
544	541	1
541	544	2
544	541	2
541	544	3
544	541	3
541	544	4
544	541	4
542	545	0
545	542	0
542	545	1
545	542	1
542	545	2
545	542	2
542	545	3
545	542	3
542	545	4
545	542	4
542	546	0
546	542	0
542	546	1
546	542	1
542	546	2
546	542	2
542	546	3
546	542	3
542	546	4
546	542	4
542	547	0
547	542	0
542	547	1
547	542	1
542	547	2
547	542	2
542	547	3
547	542	3
542	547	4
547	542	4
542	548	0
548	542	0
542	548	1
548	542	1
542	548	2
548	542	2
542	548	3
548	542	3
542	548	4
548	542	4
543	545	0
545	543	0
543	545	1
545	543	1
543	545	2
545	543	2
543	545	3
545	543	3
543	545	4
545	543	4
543	546	0
546	543	0
543	546	1
546	543	1
543	546	2
546	543	2
543	546	3
546	543	3
543	546	4
546	543	4
543	547	0
547	543	0
543	547	1
547	543	1
543	547	2
547	543	2
543	547	3
547	543	3
543	547	4
547	543	4
543	548	0
548	543	0
543	548	1
548	543	1
543	548	2
548	543	2
543	548	3
548	543	3
543	548	4
548	543	4
544	549	0
549	544	0
544	549	1
549	544	1
544	549	2
549	544	2
544	549	3
549	544	3
544	549	4
549	544	4
544	550	0
550	544	0
544	550	1
550	544	1
544	550	2
550	544	2
544	550	3
550	544	3
544	550	4
550	544	4
545	551	0
551	545	0
545	551	1
551	545	1
545	551	2
551	545	2
545	551	3
551	545	3
545	551	4
551	545	4
545	552	0
552	545	0
545	552	1
552	545	1
545	552	2
552	545	2
545	552	3
552	545	3
545	552	4
552	545	4
545	553	0
553	545	0
545	553	1
553	545	1
545	553	2
553	545	2
545	553	3
553	545	3
545	553	4
553	545	4
546	551	0
551	546	0
546	551	1
551	546	1
546	551	2
551	546	2
546	551	3
551	546	3
546	551	4
551	546	4
546	552	0
552	546	0
546	552	1
552	546	1
546	552	2
552	546	2
546	552	3
552	546	3
546	552	4
552	546	4
546	553	0
553	546	0
546	553	1
553	546	1
546	553	2
553	546	2
546	553	3
553	546	3
546	553	4
553	546	4
547	551	0
551	547	0
547	551	1
551	547	1
547	551	2
551	547	2
547	551	3
551	547	3
547	551	4
551	547	4
547	552	0
552	547	0
547	552	1
552	547	1
547	552	2
552	547	2
547	552	3
552	547	3
547	552	4
552	547	4
547	553	0
553	547	0
547	553	1
553	547	1
547	553	2
553	547	2
547	553	3
553	547	3
547	553	4
553	547	4
548	551	0
551	548	0
548	551	1
551	548	1
548	551	2
551	548	2
548	551	3
551	548	3
548	551	4
551	548	4
548	552	0
552	548	0
548	552	1
552	548	1
548	552	2
552	548	2
548	552	3
552	548	3
548	552	4
552	548	4
548	553	0
553	548	0
548	553	1
553	548	1
548	553	2
553	548	2
548	553	3
553	548	3
548	553	4
553	548	4
549	554	0
554	549	0
549	554	1
554	549	1
549	554	2
554	549	2
549	554	3
554	549	3
549	554	4
554	549	4
549	555	0
555	549	0
549	555	1
555	549	1
549	555	2
555	549	2
549	555	3
555	549	3
549	555	4
555	549	4
549	556	0
556	549	0
549	556	1
556	549	1
549	556	2
556	549	2
549	556	3
556	549	3
549	556	4
556	549	4
549	557	0
557	549	0
549	557	1
557	549	1
549	557	2
557	549	2
549	557	3
557	549	3
549	557	4
557	549	4
550	554	0
554	550	0
550	554	1
554	550	1
550	554	2
554	550	2
550	554	3
554	550	3
550	554	4
554	550	4
550	555	0
555	550	0
550	555	1
555	550	1
550	555	2
555	550	2
550	555	3
555	550	3
550	555	4
555	550	4
550	556	0
556	550	0
550	556	1
556	550	1
550	556	2
556	550	2
550	556	3
556	550	3
550	556	4
556	550	4
550	557	0
557	550	0
550	557	1
557	550	1
550	557	2
557	550	2
550	557	3
557	550	3
550	557	4
557	550	4
551	558	0
558	551	0
551	558	1
558	551	1
551	558	2
558	551	2
551	558	3
558	551	3
551	558	4
558	551	4
551	559	0
559	551	0
551	559	1
559	551	1
551	559	2
559	551	2
551	559	3
559	551	3
551	559	4
559	551	4
551	560	0
560	551	0
551	560	1
560	551	1
551	560	2
560	551	2
551	560	3
560	551	3
551	560	4
560	551	4
551	561	0
561	551	0
551	561	1
561	551	1
551	561	2
561	551	2
551	561	3
561	551	3
551	561	4
561	551	4
552	558	0
558	552	0
552	558	1
558	552	1
552	558	2
558	552	2
552	558	3
558	552	3
552	558	4
558	552	4
552	559	0
559	552	0
552	559	1
559	552	1
552	559	2
559	552	2
552	559	3
559	552	3
552	559	4
559	552	4
552	560	0
560	552	0
552	560	1
560	552	1
552	560	2
560	552	2
552	560	3
560	552	3
552	560	4
560	552	4
552	561	0
561	552	0
552	561	1
561	552	1
552	561	2
561	552	2
552	561	3
561	552	3
552	561	4
561	552	4
553	558	0
558	553	0
553	558	1
558	553	1
553	558	2
558	553	2
553	558	3
558	553	3
553	558	4
558	553	4
553	559	0
559	553	0
553	559	1
559	553	1
553	559	2
559	553	2
553	559	3
559	553	3
553	559	4
559	553	4
553	560	0
560	553	0
553	560	1
560	553	1
553	560	2
560	553	2
553	560	3
560	553	3
553	560	4
560	553	4
553	561	0
561	553	0
553	561	1
561	553	1
553	561	2
561	553	2
553	561	3
561	553	3
553	561	4
561	553	4
554	562	0
562	554	0
554	562	1
562	554	1
554	562	2
562	554	2
554	562	3
562	554	3
554	562	4
562	554	4
554	563	0
563	554	0
554	563	1
563	554	1
554	563	2
563	554	2
554	563	3
563	554	3
554	563	4
563	554	4
554	564	0
564	554	0
554	564	1
564	554	1
554	564	2
564	554	2
554	564	3
564	554	3
554	564	4
564	554	4
555	562	0
562	555	0
555	562	1
562	555	1
555	562	2
562	555	2
555	562	3
562	555	3
555	562	4
562	555	4
555	563	0
563	555	0
555	563	1
563	555	1
555	563	2
563	555	2
555	563	3
563	555	3
555	563	4
563	555	4
555	564	0
564	555	0
555	564	1
564	555	1
555	564	2
564	555	2
555	564	3
564	555	3
555	564	4
564	555	4
556	562	0
562	556	0
556	562	1
562	556	1
556	562	2
562	556	2
556	562	3
562	556	3
556	562	4
562	556	4
556	563	0
563	556	0
556	563	1
563	556	1
556	563	2
563	556	2
556	563	3
563	556	3
556	563	4
563	556	4
556	564	0
564	556	0
556	564	1
564	556	1
556	564	2
564	556	2
556	564	3
564	556	3
556	564	4
564	556	4
557	562	0
562	557	0
557	562	1
562	557	1
557	562	2
562	557	2
557	562	3
562	557	3
557	562	4
562	557	4
557	563	0
563	557	0
557	563	1
563	557	1
557	563	2
563	557	2
557	563	3
563	557	3
557	563	4
563	557	4
557	564	0
564	557	0
557	564	1
564	557	1
557	564	2
564	557	2
557	564	3
564	557	3
557	564	4
564	557	4
558	565	0
565	558	0
558	565	1
565	558	1
558	565	2
565	558	2
558	565	3
565	558	3
558	565	4
565	558	4
558	566	0
566	558	0
558	566	1
566	558	1
558	566	2
566	558	2
558	566	3
566	558	3
558	566	4
566	558	4
558	567	0
567	558	0
558	567	1
567	558	1
558	567	2
567	558	2
558	567	3
567	558	3
558	567	4
567	558	4
558	568	0
568	558	0
558	568	1
568	558	1
558	568	2
568	558	2
558	568	3
568	558	3
558	568	4
568	558	4
559	565	0
565	559	0
559	565	1
565	559	1
559	565	2
565	559	2
559	565	3
565	559	3
559	565	4
565	559	4
559	566	0
566	559	0
559	566	1
566	559	1
559	566	2
566	559	2
559	566	3
566	559	3
559	566	4
566	559	4
559	567	0
567	559	0
559	567	1
567	559	1
559	567	2
567	559	2
559	567	3
567	559	3
559	567	4
567	559	4
559	568	0
568	559	0
559	568	1
568	559	1
559	568	2
568	559	2
559	568	3
568	559	3
559	568	4
568	559	4
560	565	0
565	560	0
560	565	1
565	560	1
560	565	2
565	560	2
560	565	3
565	560	3
560	565	4
565	560	4
560	566	0
566	560	0
560	566	1
566	560	1
560	566	2
566	560	2
560	566	3
566	560	3
560	566	4
566	560	4
560	567	0
567	560	0
560	567	1
567	560	1
560	567	2
567	560	2
560	567	3
567	560	3
560	567	4
567	560	4
560	568	0
568	560	0
560	568	1
568	560	1
560	568	2
568	560	2
560	568	3
568	560	3
560	568	4
568	560	4
561	565	0
565	561	0
561	565	1
565	561	1
561	565	2
565	561	2
561	565	3
565	561	3
561	565	4
565	561	4
561	566	0
566	561	0
561	566	1
566	561	1
561	566	2
566	561	2
561	566	3
566	561	3
561	566	4
566	561	4
561	567	0
567	561	0
561	567	1
567	561	1
561	567	2
567	561	2
561	567	3
567	561	3
561	567	4
567	561	4
561	568	0
568	561	0
561	568	1
568	561	1
561	568	2
568	561	2
561	568	3
568	561	3
561	568	4
568	561	4
569	575	0
575	569	0
569	575	1
575	569	1
569	575	2
575	569	2
569	575	3
575	569	3
569	575	4
575	569	4
570	575	0
575	570	0
570	575	1
575	570	1
570	575	2
575	570	2
570	575	3
575	570	3
570	575	4
575	570	4
571	575	0
575	571	0
571	575	1
575	571	1
571	575	2
575	571	2
571	575	3
575	571	3
571	575	4
575	571	4
572	576	0
576	572	0
572	576	1
576	572	1
572	576	2
576	572	2
572	576	3
576	572	3
572	576	4
576	572	4
572	577	0
577	572	0
572	577	1
577	572	1
572	577	2
577	572	2
572	577	3
577	572	3
572	577	4
577	572	4
572	578	0
578	572	0
572	578	1
578	572	1
572	578	2
578	572	2
572	578	3
578	572	3
572	578	4
578	572	4
573	576	0
576	573	0
573	576	1
576	573	1
573	576	2
576	573	2
573	576	3
576	573	3
573	576	4
576	573	4
573	577	0
577	573	0
573	577	1
577	573	1
573	577	2
577	573	2
573	577	3
577	573	3
573	577	4
577	573	4
573	578	0
578	573	0
573	578	1
578	573	1
573	578	2
578	573	2
573	578	3
578	573	3
573	578	4
578	573	4
574	576	0
576	574	0
574	576	1
576	574	1
574	576	2
576	574	2
574	576	3
576	574	3
574	576	4
576	574	4
574	577	0
577	574	0
574	577	1
577	574	1
574	577	2
577	574	2
574	577	3
577	574	3
574	577	4
577	574	4
574	578	0
578	574	0
574	578	1
578	574	1
574	578	2
578	574	2
574	578	3
578	574	3
574	578	4
578	574	4
575	579	0
579	575	0
575	579	1
579	575	1
575	579	2
579	575	2
575	579	3
579	575	3
575	579	4
579	575	4
575	580	0
580	575	0
575	580	1
580	575	1
575	580	2
580	575	2
575	580	3
580	575	3
575	580	4
580	575	4
575	581	0
581	575	0
575	581	1
581	575	1
575	581	2
581	575	2
575	581	3
581	575	3
575	581	4
581	575	4
576	582	0
582	576	0
576	582	1
582	576	1
576	582	2
582	576	2
576	582	3
582	576	3
576	582	4
582	576	4
577	582	0
582	577	0
577	582	1
582	577	1
577	582	2
582	577	2
577	582	3
582	577	3
577	582	4
582	577	4
578	582	0
582	578	0
578	582	1
582	578	1
578	582	2
582	578	2
578	582	3
582	578	3
578	582	4
582	578	4
579	583	0
583	579	0
579	583	1
583	579	1
579	583	2
583	579	2
579	583	3
583	579	3
579	583	4
583	579	4
579	584	0
584	579	0
579	584	1
584	579	1
579	584	2
584	579	2
579	584	3
584	579	3
579	584	4
584	579	4
579	585	0
585	579	0
579	585	1
585	579	1
579	585	2
585	579	2
579	585	3
585	579	3
579	585	4
585	579	4
580	583	0
583	580	0
580	583	1
583	580	1
580	583	2
583	580	2
580	583	3
583	580	3
580	583	4
583	580	4
580	584	0
584	580	0
580	584	1
584	580	1
580	584	2
584	580	2
580	584	3
584	580	3
580	584	4
584	580	4
580	585	0
585	580	0
580	585	1
585	580	1
580	585	2
585	580	2
580	585	3
585	580	3
580	585	4
585	580	4
581	583	0
583	581	0
581	583	1
583	581	1
581	583	2
583	581	2
581	583	3
583	581	3
581	583	4
583	581	4
581	584	0
584	581	0
581	584	1
584	581	1
581	584	2
584	581	2
581	584	3
584	581	3
581	584	4
584	581	4
581	585	0
585	581	0
581	585	1
585	581	1
581	585	2
585	581	2
581	585	3
585	581	3
581	585	4
585	581	4
582	586	0
586	582	0
582	586	1
586	582	1
582	586	2
586	582	2
582	586	3
586	582	3
582	586	4
586	582	4
582	587	0
587	582	0
582	587	1
587	582	1
582	587	2
587	582	2
582	587	3
587	582	3
582	587	4
587	582	4
582	588	0
588	582	0
582	588	1
588	582	1
582	588	2
588	582	2
582	588	3
588	582	3
582	588	4
588	582	4
583	589	0
589	583	0
583	589	1
589	583	1
583	589	2
589	583	2
583	589	3
589	583	3
583	589	4
589	583	4
584	589	0
589	584	0
584	589	1
589	584	1
584	589	2
589	584	2
584	589	3
589	584	3
584	589	4
589	584	4
585	589	0
589	585	0
585	589	1
589	585	1
585	589	2
589	585	2
585	589	3
589	585	3
585	589	4
589	585	4
590	598	0
598	590	0
590	598	1
598	590	1
590	598	2
598	590	2
590	598	3
598	590	3
590	598	4
598	590	4
590	599	0
599	590	0
590	599	1
599	590	1
590	599	2
599	590	2
590	599	3
599	590	3
590	599	4
599	590	4
591	598	0
598	591	0
591	598	1
598	591	1
591	598	2
598	591	2
591	598	3
598	591	3
591	598	4
598	591	4
591	599	0
599	591	0
591	599	1
599	591	1
591	599	2
599	591	2
591	599	3
599	591	3
591	599	4
599	591	4
592	598	0
598	592	0
592	598	1
598	592	1
592	598	2
598	592	2
592	598	3
598	592	3
592	598	4
598	592	4
592	599	0
599	592	0
592	599	1
599	592	1
592	599	2
599	592	2
592	599	3
599	592	3
592	599	4
599	592	4
593	598	0
598	593	0
593	598	1
598	593	1
593	598	2
598	593	2
593	598	3
598	593	3
593	598	4
598	593	4
593	599	0
599	593	0
593	599	1
599	593	1
593	599	2
599	593	2
593	599	3
599	593	3
593	599	4
599	593	4
594	598	0
598	594	0
594	598	1
598	594	1
594	598	2
598	594	2
594	598	3
598	594	3
594	598	4
598	594	4
594	599	0
599	594	0
594	599	1
599	594	1
594	599	2
599	594	2
594	599	3
599	594	3
594	599	4
599	594	4
595	600	0
600	595	0
595	600	1
600	595	1
595	600	2
600	595	2
595	600	3
600	595	3
595	600	4
600	595	4
595	601	0
601	595	0
595	601	1
601	595	1
595	601	2
601	595	2
595	601	3
601	595	3
595	601	4
601	595	4
595	602	0
602	595	0
595	602	1
602	595	1
595	602	2
602	595	2
595	602	3
602	595	3
595	602	4
602	595	4
596	600	0
600	596	0
596	600	1
600	596	1
596	600	2
600	596	2
596	600	3
600	596	3
596	600	4
600	596	4
596	601	0
601	596	0
596	601	1
601	596	1
596	601	2
601	596	2
596	601	3
601	596	3
596	601	4
601	596	4
596	602	0
602	596	0
596	602	1
602	596	1
596	602	2
602	596	2
596	602	3
602	596	3
596	602	4
602	596	4
597	600	0
600	597	0
597	600	1
600	597	1
597	600	2
600	597	2
597	600	3
600	597	3
597	600	4
600	597	4
597	601	0
601	597	0
597	601	1
601	597	1
597	601	2
601	597	2
597	601	3
601	597	3
597	601	4
601	597	4
597	602	0
602	597	0
597	602	1
602	597	1
597	602	2
602	597	2
597	602	3
602	597	3
597	602	4
602	597	4
598	603	0
603	598	0
598	603	1
603	598	1
598	603	2
603	598	2
598	603	3
603	598	3
598	603	4
603	598	4
598	604	0
604	598	0
598	604	1
604	598	1
598	604	2
604	598	2
598	604	3
604	598	3
598	604	4
604	598	4
598	605	0
605	598	0
598	605	1
605	598	1
598	605	2
605	598	2
598	605	3
605	598	3
598	605	4
605	598	4
599	603	0
603	599	0
599	603	1
603	599	1
599	603	2
603	599	2
599	603	3
603	599	3
599	603	4
603	599	4
599	604	0
604	599	0
599	604	1
604	599	1
599	604	2
604	599	2
599	604	3
604	599	3
599	604	4
604	599	4
599	605	0
605	599	0
599	605	1
605	599	1
599	605	2
605	599	2
599	605	3
605	599	3
599	605	4
605	599	4
600	608	0
608	600	0
600	608	1
608	600	1
600	608	2
608	600	2
600	608	3
608	600	3
600	608	4
608	600	4
600	606	0
606	600	0
600	606	1
606	600	1
600	606	2
606	600	2
600	606	3
606	600	3
600	606	4
606	600	4
600	607	0
607	600	0
600	607	1
607	600	1
600	607	2
607	600	2
600	607	3
607	600	3
600	607	4
607	600	4
601	608	0
608	601	0
601	608	1
608	601	1
601	608	2
608	601	2
601	608	3
608	601	3
601	608	4
608	601	4
601	606	0
606	601	0
601	606	1
606	601	1
601	606	2
606	601	2
601	606	3
606	601	3
601	606	4
606	601	4
601	607	0
607	601	0
601	607	1
607	601	1
601	607	2
607	601	2
601	607	3
607	601	3
601	607	4
607	601	4
602	608	0
608	602	0
602	608	1
608	602	1
602	608	2
608	602	2
602	608	3
608	602	3
602	608	4
608	602	4
602	606	0
606	602	0
602	606	1
606	602	1
602	606	2
606	602	2
602	606	3
606	602	3
602	606	4
606	602	4
602	607	0
607	602	0
602	607	1
607	602	1
602	607	2
607	602	2
602	607	3
607	602	3
602	607	4
607	602	4
603	609	0
609	603	0
603	609	1
609	603	1
603	609	2
609	603	2
603	609	3
609	603	3
603	609	4
609	603	4
603	610	0
610	603	0
603	610	1
610	603	1
603	610	2
610	603	2
603	610	3
610	603	3
603	610	4
610	603	4
604	609	0
609	604	0
604	609	1
609	604	1
604	609	2
609	604	2
604	609	3
609	604	3
604	609	4
609	604	4
604	610	0
610	604	0
604	610	1
610	604	1
604	610	2
610	604	2
604	610	3
610	604	3
604	610	4
610	604	4
605	609	0
609	605	0
605	609	1
609	605	1
605	609	2
609	605	2
605	609	3
609	605	3
605	609	4
609	605	4
605	610	0
610	605	0
605	610	1
610	605	1
605	610	2
610	605	2
605	610	3
610	605	3
605	610	4
610	605	4
606	611	0
611	606	0
606	611	1
611	606	1
606	611	2
611	606	2
606	611	3
611	606	3
606	611	4
611	606	4
606	612	0
612	606	0
606	612	1
612	606	1
606	612	2
612	606	2
606	612	3
612	606	3
606	612	4
612	606	4
606	613	0
613	606	0
606	613	1
613	606	1
606	613	2
613	606	2
606	613	3
613	606	3
606	613	4
613	606	4
607	611	0
611	607	0
607	611	1
611	607	1
607	611	2
611	607	2
607	611	3
611	607	3
607	611	4
611	607	4
607	612	0
612	607	0
607	612	1
612	607	1
607	612	2
612	607	2
607	612	3
612	607	3
607	612	4
612	607	4
607	613	0
613	607	0
607	613	1
613	607	1
607	613	2
613	607	2
607	613	3
613	607	3
607	613	4
613	607	4
608	611	0
611	608	0
608	611	1
611	608	1
608	611	2
611	608	2
608	611	3
611	608	3
608	611	4
611	608	4
608	612	0
612	608	0
608	612	1
612	608	1
608	612	2
612	608	2
608	612	3
612	608	3
608	612	4
612	608	4
608	613	0
613	608	0
608	613	1
613	608	1
608	613	2
613	608	2
608	613	3
613	608	3
608	613	4
613	608	4
609	614	0
614	609	0
609	614	1
614	609	1
609	614	2
614	609	2
609	614	3
614	609	3
609	614	4
614	609	4
609	615	0
615	609	0
609	615	1
615	609	1
609	615	2
615	609	2
609	615	3
615	609	3
609	615	4
615	609	4
609	616	0
616	609	0
609	616	1
616	609	1
609	616	2
616	609	2
609	616	3
616	609	3
609	616	4
616	609	4
610	614	0
614	610	0
610	614	1
614	610	1
610	614	2
614	610	2
610	614	3
614	610	3
610	614	4
614	610	4
610	615	0
615	610	0
610	615	1
615	610	1
610	615	2
615	610	2
610	615	3
615	610	3
610	615	4
615	610	4
610	616	0
616	610	0
610	616	1
616	610	1
610	616	2
616	610	2
610	616	3
616	610	3
610	616	4
616	610	4
611	617	0
617	611	0
611	617	1
617	611	1
611	617	2
617	611	2
611	617	3
617	611	3
611	617	4
617	611	4
611	618	0
618	611	0
611	618	1
618	611	1
611	618	2
618	611	2
611	618	3
618	611	3
611	618	4
618	611	4
612	617	0
617	612	0
612	617	1
617	612	1
612	617	2
617	612	2
612	617	3
617	612	3
612	617	4
617	612	4
612	618	0
618	612	0
612	618	1
618	612	1
612	618	2
618	612	2
612	618	3
618	612	3
612	618	4
618	612	4
613	617	0
617	613	0
613	617	1
617	613	1
613	617	2
617	613	2
613	617	3
617	613	3
613	617	4
617	613	4
613	618	0
618	613	0
613	618	1
618	613	1
613	618	2
618	613	2
613	618	3
618	613	3
613	618	4
618	613	4
619	629	0
629	619	0
619	629	1
629	619	1
619	629	2
629	619	2
619	629	3
629	619	3
619	629	4
629	619	4
619	630	0
630	619	0
619	630	1
630	619	1
619	630	2
630	619	2
619	630	3
630	619	3
619	630	4
630	619	4
620	629	0
629	620	0
620	629	1
629	620	1
620	629	2
629	620	2
620	629	3
629	620	3
620	629	4
629	620	4
620	630	0
630	620	0
620	630	1
630	620	1
620	630	2
630	620	2
620	630	3
630	620	3
620	630	4
630	620	4
621	629	0
629	621	0
621	629	1
629	621	1
621	629	2
629	621	2
621	629	3
629	621	3
621	629	4
629	621	4
621	630	0
630	621	0
621	630	1
630	621	1
621	630	2
630	621	2
621	630	3
630	621	3
621	630	4
630	621	4
622	629	0
629	622	0
622	629	1
629	622	1
622	629	2
629	622	2
622	629	3
629	622	3
622	629	4
629	622	4
622	630	0
630	622	0
622	630	1
630	622	1
622	630	2
630	622	2
622	630	3
630	622	3
622	630	4
630	622	4
623	629	0
629	623	0
623	629	1
629	623	1
623	629	2
629	623	2
623	629	3
629	623	3
623	629	4
629	623	4
623	630	0
630	623	0
623	630	1
630	623	1
623	630	2
630	623	2
623	630	3
630	623	3
623	630	4
630	623	4
624	629	0
629	624	0
624	629	1
629	624	1
624	629	2
629	624	2
624	629	3
629	624	3
624	629	4
629	624	4
624	630	0
630	624	0
624	630	1
630	624	1
624	630	2
630	624	2
624	630	3
630	624	3
624	630	4
630	624	4
625	631	0
631	625	0
625	631	1
631	625	1
625	631	2
631	625	2
625	631	3
631	625	3
625	631	4
631	625	4
626	631	0
631	626	0
626	631	1
631	626	1
626	631	2
631	626	2
626	631	3
631	626	3
626	631	4
631	626	4
627	631	0
631	627	0
627	631	1
631	627	1
627	631	2
631	627	2
627	631	3
631	627	3
627	631	4
631	627	4
628	631	0
631	628	0
628	631	1
631	628	1
628	631	2
631	628	2
628	631	3
631	628	3
628	631	4
631	628	4
629	632	0
632	629	0
629	632	1
632	629	1
629	632	2
632	629	2
629	632	3
632	629	3
629	632	4
632	629	4
629	633	0
633	629	0
629	633	1
633	629	1
629	633	2
633	629	2
629	633	3
633	629	3
629	633	4
633	629	4
630	632	0
632	630	0
630	632	1
632	630	1
630	632	2
632	630	2
630	632	3
632	630	3
630	632	4
632	630	4
630	633	0
633	630	0
630	633	1
633	630	1
630	633	2
633	630	2
630	633	3
633	630	3
630	633	4
633	630	4
631	634	0
634	631	0
631	634	1
634	631	1
631	634	2
634	631	2
631	634	3
634	631	3
631	634	4
634	631	4
631	635	0
635	631	0
631	635	1
635	631	1
631	635	2
635	631	2
631	635	3
635	631	3
631	635	4
635	631	4
631	636	0
636	631	0
631	636	1
636	631	1
631	636	2
636	631	2
631	636	3
636	631	3
631	636	4
636	631	4
631	637	0
637	631	0
631	637	1
637	631	1
631	637	2
637	631	2
631	637	3
637	631	3
631	637	4
637	631	4
632	640	0
640	632	0
632	640	1
640	632	1
632	640	2
640	632	2
632	640	3
640	632	3
632	640	4
640	632	4
632	641	0
641	632	0
632	641	1
641	632	1
632	641	2
641	632	2
632	641	3
641	632	3
632	641	4
641	632	4
632	642	0
642	632	0
632	642	1
642	632	1
632	642	2
642	632	2
632	642	3
642	632	3
632	642	4
642	632	4
632	638	0
638	632	0
632	638	1
638	632	1
632	638	2
638	632	2
632	638	3
638	632	3
632	638	4
638	632	4
632	639	0
639	632	0
632	639	1
639	632	1
632	639	2
639	632	2
632	639	3
639	632	3
632	639	4
639	632	4
633	640	0
640	633	0
633	640	1
640	633	1
633	640	2
640	633	2
633	640	3
640	633	3
633	640	4
640	633	4
633	641	0
641	633	0
633	641	1
641	633	1
633	641	2
641	633	2
633	641	3
641	633	3
633	641	4
641	633	4
633	642	0
642	633	0
633	642	1
642	633	1
633	642	2
642	633	2
633	642	3
642	633	3
633	642	4
642	633	4
633	638	0
638	633	0
633	638	1
638	633	1
633	638	2
638	633	2
633	638	3
638	633	3
633	638	4
638	633	4
633	639	0
639	633	0
633	639	1
639	633	1
633	639	2
639	633	2
633	639	3
639	633	3
633	639	4
639	633	4
634	643	0
643	634	0
634	643	1
643	634	1
634	643	2
643	634	2
634	643	3
643	634	3
634	643	4
643	634	4
635	643	0
643	635	0
635	643	1
643	635	1
635	643	2
643	635	2
635	643	3
643	635	3
635	643	4
643	635	4
636	643	0
643	636	0
636	643	1
643	636	1
636	643	2
643	636	2
636	643	3
643	636	3
636	643	4
643	636	4
637	643	0
643	637	0
637	643	1
643	637	1
637	643	2
643	637	2
637	643	3
643	637	3
637	643	4
643	637	4
638	644	0
644	638	0
638	644	1
644	638	1
638	644	2
644	638	2
638	644	3
644	638	3
638	644	4
644	638	4
638	645	0
645	638	0
638	645	1
645	638	1
638	645	2
645	638	2
638	645	3
645	638	3
638	645	4
645	638	4
639	644	0
644	639	0
639	644	1
644	639	1
639	644	2
644	639	2
639	644	3
644	639	3
639	644	4
644	639	4
639	645	0
645	639	0
639	645	1
645	639	1
639	645	2
645	639	2
639	645	3
645	639	3
639	645	4
645	639	4
640	644	0
644	640	0
640	644	1
644	640	1
640	644	2
644	640	2
640	644	3
644	640	3
640	644	4
644	640	4
640	645	0
645	640	0
640	645	1
645	640	1
640	645	2
645	640	2
640	645	3
645	640	3
640	645	4
645	640	4
641	644	0
644	641	0
641	644	1
644	641	1
641	644	2
644	641	2
641	644	3
644	641	3
641	644	4
644	641	4
641	645	0
645	641	0
641	645	1
645	641	1
641	645	2
645	641	2
641	645	3
645	641	3
641	645	4
645	641	4
642	644	0
644	642	0
642	644	1
644	642	1
642	644	2
644	642	2
642	644	3
644	642	3
642	644	4
644	642	4
642	645	0
645	642	0
642	645	1
645	642	1
642	645	2
645	642	2
642	645	3
645	642	3
642	645	4
645	642	4
643	646	0
646	643	0
643	646	1
646	643	1
643	646	2
646	643	2
643	646	3
646	643	3
643	646	4
646	643	4
643	647	0
647	643	0
643	647	1
647	643	1
643	647	2
647	643	2
643	647	3
647	643	3
643	647	4
647	643	4
643	648	0
648	643	0
643	648	1
648	643	1
643	648	2
648	643	2
643	648	3
648	643	3
643	648	4
648	643	4
643	649	0
649	643	0
643	649	1
649	643	1
643	649	2
649	643	2
643	649	3
649	643	3
643	649	4
649	643	4
644	650	0
650	644	0
644	650	1
650	644	1
644	650	2
650	644	2
644	650	3
650	644	3
644	650	4
650	644	4
644	651	0
651	644	0
644	651	1
651	644	1
644	651	2
651	644	2
644	651	3
651	644	3
644	651	4
651	644	4
644	652	0
652	644	0
644	652	1
652	644	1
644	652	2
652	644	2
644	652	3
652	644	3
644	652	4
652	644	4
644	653	0
653	644	0
644	653	1
653	644	1
644	653	2
653	644	2
644	653	3
653	644	3
644	653	4
653	644	4
644	654	0
654	644	0
644	654	1
654	644	1
644	654	2
654	644	2
644	654	3
654	644	3
644	654	4
654	644	4
645	650	0
650	645	0
645	650	1
650	645	1
645	650	2
650	645	2
645	650	3
650	645	3
645	650	4
650	645	4
645	651	0
651	645	0
645	651	1
651	645	1
645	651	2
651	645	2
645	651	3
651	645	3
645	651	4
651	645	4
645	652	0
652	645	0
645	652	1
652	645	1
645	652	2
652	645	2
645	652	3
652	645	3
645	652	4
652	645	4
645	653	0
653	645	0
645	653	1
653	645	1
645	653	2
653	645	2
645	653	3
653	645	3
645	653	4
653	645	4
645	654	0
654	645	0
645	654	1
654	645	1
645	654	2
654	645	2
645	654	3
654	645	3
645	654	4
654	645	4
646	655	0
655	646	0
646	655	1
655	646	1
646	655	2
655	646	2
646	655	3
655	646	3
646	655	4
655	646	4
646	656	0
656	646	0
646	656	1
656	646	1
646	656	2
656	646	2
646	656	3
656	646	3
646	656	4
656	646	4
646	657	0
657	646	0
646	657	1
657	646	1
646	657	2
657	646	2
646	657	3
657	646	3
646	657	4
657	646	4
646	658	0
658	646	0
646	658	1
658	646	1
646	658	2
658	646	2
646	658	3
658	646	3
646	658	4
658	646	4
646	659	0
659	646	0
646	659	1
659	646	1
646	659	2
659	646	2
646	659	3
659	646	3
646	659	4
659	646	4
646	660	0
660	646	0
646	660	1
660	646	1
646	660	2
660	646	2
646	660	3
660	646	3
646	660	4
660	646	4
647	655	0
655	647	0
647	655	1
655	647	1
647	655	2
655	647	2
647	655	3
655	647	3
647	655	4
655	647	4
647	656	0
656	647	0
647	656	1
656	647	1
647	656	2
656	647	2
647	656	3
656	647	3
647	656	4
656	647	4
647	657	0
657	647	0
647	657	1
657	647	1
647	657	2
657	647	2
647	657	3
657	647	3
647	657	4
657	647	4
647	658	0
658	647	0
647	658	1
658	647	1
647	658	2
658	647	2
647	658	3
658	647	3
647	658	4
658	647	4
647	659	0
659	647	0
647	659	1
659	647	1
647	659	2
659	647	2
647	659	3
659	647	3
647	659	4
659	647	4
647	660	0
660	647	0
647	660	1
660	647	1
647	660	2
660	647	2
647	660	3
660	647	3
647	660	4
660	647	4
648	655	0
655	648	0
648	655	1
655	648	1
648	655	2
655	648	2
648	655	3
655	648	3
648	655	4
655	648	4
648	656	0
656	648	0
648	656	1
656	648	1
648	656	2
656	648	2
648	656	3
656	648	3
648	656	4
656	648	4
648	657	0
657	648	0
648	657	1
657	648	1
648	657	2
657	648	2
648	657	3
657	648	3
648	657	4
657	648	4
648	658	0
658	648	0
648	658	1
658	648	1
648	658	2
658	648	2
648	658	3
658	648	3
648	658	4
658	648	4
648	659	0
659	648	0
648	659	1
659	648	1
648	659	2
659	648	2
648	659	3
659	648	3
648	659	4
659	648	4
648	660	0
660	648	0
648	660	1
660	648	1
648	660	2
660	648	2
648	660	3
660	648	3
648	660	4
660	648	4
649	655	0
655	649	0
649	655	1
655	649	1
649	655	2
655	649	2
649	655	3
655	649	3
649	655	4
655	649	4
649	656	0
656	649	0
649	656	1
656	649	1
649	656	2
656	649	2
649	656	3
656	649	3
649	656	4
656	649	4
649	657	0
657	649	0
649	657	1
657	649	1
649	657	2
657	649	2
649	657	3
657	649	3
649	657	4
657	649	4
649	658	0
658	649	0
649	658	1
658	649	1
649	658	2
658	649	2
649	658	3
658	649	3
649	658	4
658	649	4
649	659	0
659	649	0
649	659	1
659	649	1
649	659	2
659	649	2
649	659	3
659	649	3
649	659	4
659	649	4
649	660	0
660	649	0
649	660	1
660	649	1
649	660	2
660	649	2
649	660	3
660	649	3
649	660	4
660	649	4
650	661	0
661	650	0
650	661	1
661	650	1
650	661	2
661	650	2
650	661	3
661	650	3
650	661	4
661	650	4
650	662	0
662	650	0
650	662	1
662	650	1
650	662	2
662	650	2
650	662	3
662	650	3
650	662	4
662	650	4
650	663	0
663	650	0
650	663	1
663	650	1
650	663	2
663	650	2
650	663	3
663	650	3
650	663	4
663	650	4
650	664	0
664	650	0
650	664	1
664	650	1
650	664	2
664	650	2
650	664	3
664	650	3
650	664	4
664	650	4
650	665	0
665	650	0
650	665	1
665	650	1
650	665	2
665	650	2
650	665	3
665	650	3
650	665	4
665	650	4
650	666	0
666	650	0
650	666	1
666	650	1
650	666	2
666	650	2
650	666	3
666	650	3
650	666	4
666	650	4
651	661	0
661	651	0
651	661	1
661	651	1
651	661	2
661	651	2
651	661	3
661	651	3
651	661	4
661	651	4
651	662	0
662	651	0
651	662	1
662	651	1
651	662	2
662	651	2
651	662	3
662	651	3
651	662	4
662	651	4
651	663	0
663	651	0
651	663	1
663	651	1
651	663	2
663	651	2
651	663	3
663	651	3
651	663	4
663	651	4
651	664	0
664	651	0
651	664	1
664	651	1
651	664	2
664	651	2
651	664	3
664	651	3
651	664	4
664	651	4
651	665	0
665	651	0
651	665	1
665	651	1
651	665	2
665	651	2
651	665	3
665	651	3
651	665	4
665	651	4
651	666	0
666	651	0
651	666	1
666	651	1
651	666	2
666	651	2
651	666	3
666	651	3
651	666	4
666	651	4
652	661	0
661	652	0
652	661	1
661	652	1
652	661	2
661	652	2
652	661	3
661	652	3
652	661	4
661	652	4
652	662	0
662	652	0
652	662	1
662	652	1
652	662	2
662	652	2
652	662	3
662	652	3
652	662	4
662	652	4
652	663	0
663	652	0
652	663	1
663	652	1
652	663	2
663	652	2
652	663	3
663	652	3
652	663	4
663	652	4
652	664	0
664	652	0
652	664	1
664	652	1
652	664	2
664	652	2
652	664	3
664	652	3
652	664	4
664	652	4
652	665	0
665	652	0
652	665	1
665	652	1
652	665	2
665	652	2
652	665	3
665	652	3
652	665	4
665	652	4
652	666	0
666	652	0
652	666	1
666	652	1
652	666	2
666	652	2
652	666	3
666	652	3
652	666	4
666	652	4
653	661	0
661	653	0
653	661	1
661	653	1
653	661	2
661	653	2
653	661	3
661	653	3
653	661	4
661	653	4
653	662	0
662	653	0
653	662	1
662	653	1
653	662	2
662	653	2
653	662	3
662	653	3
653	662	4
662	653	4
653	663	0
663	653	0
653	663	1
663	653	1
653	663	2
663	653	2
653	663	3
663	653	3
653	663	4
663	653	4
653	664	0
664	653	0
653	664	1
664	653	1
653	664	2
664	653	2
653	664	3
664	653	3
653	664	4
664	653	4
653	665	0
665	653	0
653	665	1
665	653	1
653	665	2
665	653	2
653	665	3
665	653	3
653	665	4
665	653	4
653	666	0
666	653	0
653	666	1
666	653	1
653	666	2
666	653	2
653	666	3
666	653	3
653	666	4
666	653	4
654	661	0
661	654	0
654	661	1
661	654	1
654	661	2
661	654	2
654	661	3
661	654	3
654	661	4
661	654	4
654	662	0
662	654	0
654	662	1
662	654	1
654	662	2
662	654	2
654	662	3
662	654	3
654	662	4
662	654	4
654	663	0
663	654	0
654	663	1
663	654	1
654	663	2
663	654	2
654	663	3
663	654	3
654	663	4
663	654	4
654	664	0
664	654	0
654	664	1
664	654	1
654	664	2
664	654	2
654	664	3
664	654	3
654	664	4
664	654	4
654	665	0
665	654	0
654	665	1
665	654	1
654	665	2
665	654	2
654	665	3
665	654	3
654	665	4
665	654	4
654	666	0
666	654	0
654	666	1
666	654	1
654	666	2
666	654	2
654	666	3
666	654	3
654	666	4
666	654	4
655	667	0
667	655	0
655	667	1
667	655	1
655	667	2
667	655	2
655	667	3
667	655	3
655	667	4
667	655	4
655	668	0
668	655	0
655	668	1
668	655	1
655	668	2
668	655	2
655	668	3
668	655	3
655	668	4
668	655	4
655	669	0
669	655	0
655	669	1
669	655	1
655	669	2
669	655	2
655	669	3
669	655	3
655	669	4
669	655	4
655	670	0
670	655	0
655	670	1
670	655	1
655	670	2
670	655	2
655	670	3
670	655	3
655	670	4
670	655	4
656	667	0
667	656	0
656	667	1
667	656	1
656	667	2
667	656	2
656	667	3
667	656	3
656	667	4
667	656	4
656	668	0
668	656	0
656	668	1
668	656	1
656	668	2
668	656	2
656	668	3
668	656	3
656	668	4
668	656	4
656	669	0
669	656	0
656	669	1
669	656	1
656	669	2
669	656	2
656	669	3
669	656	3
656	669	4
669	656	4
656	670	0
670	656	0
656	670	1
670	656	1
656	670	2
670	656	2
656	670	3
670	656	3
656	670	4
670	656	4
657	667	0
667	657	0
657	667	1
667	657	1
657	667	2
667	657	2
657	667	3
667	657	3
657	667	4
667	657	4
657	668	0
668	657	0
657	668	1
668	657	1
657	668	2
668	657	2
657	668	3
668	657	3
657	668	4
668	657	4
657	669	0
669	657	0
657	669	1
669	657	1
657	669	2
669	657	2
657	669	3
669	657	3
657	669	4
669	657	4
657	670	0
670	657	0
657	670	1
670	657	1
657	670	2
670	657	2
657	670	3
670	657	3
657	670	4
670	657	4
658	667	0
667	658	0
658	667	1
667	658	1
658	667	2
667	658	2
658	667	3
667	658	3
658	667	4
667	658	4
658	668	0
668	658	0
658	668	1
668	658	1
658	668	2
668	658	2
658	668	3
668	658	3
658	668	4
668	658	4
658	669	0
669	658	0
658	669	1
669	658	1
658	669	2
669	658	2
658	669	3
669	658	3
658	669	4
669	658	4
658	670	0
670	658	0
658	670	1
670	658	1
658	670	2
670	658	2
658	670	3
670	658	3
658	670	4
670	658	4
659	667	0
667	659	0
659	667	1
667	659	1
659	667	2
667	659	2
659	667	3
667	659	3
659	667	4
667	659	4
659	668	0
668	659	0
659	668	1
668	659	1
659	668	2
668	659	2
659	668	3
668	659	3
659	668	4
668	659	4
659	669	0
669	659	0
659	669	1
669	659	1
659	669	2
669	659	2
659	669	3
669	659	3
659	669	4
669	659	4
659	670	0
670	659	0
659	670	1
670	659	1
659	670	2
670	659	2
659	670	3
670	659	3
659	670	4
670	659	4
660	667	0
667	660	0
660	667	1
667	660	1
660	667	2
667	660	2
660	667	3
667	660	3
660	667	4
667	660	4
660	668	0
668	660	0
660	668	1
668	660	1
660	668	2
668	660	2
660	668	3
668	660	3
660	668	4
668	660	4
660	669	0
669	660	0
660	669	1
669	660	1
660	669	2
669	660	2
660	669	3
669	660	3
660	669	4
669	660	4
660	670	0
670	660	0
660	670	1
670	660	1
660	670	2
670	660	2
660	670	3
670	660	3
660	670	4
670	660	4
661	672	0
672	661	0
661	672	1
672	661	1
661	672	2
672	661	2
661	672	3
672	661	3
661	672	4
672	661	4
661	673	0
673	661	0
661	673	1
673	661	1
661	673	2
673	661	2
661	673	3
673	661	3
661	673	4
673	661	4
661	674	0
674	661	0
661	674	1
674	661	1
661	674	2
674	661	2
661	674	3
674	661	3
661	674	4
674	661	4
661	671	0
671	661	0
661	671	1
671	661	1
661	671	2
671	661	2
661	671	3
671	661	3
661	671	4
671	661	4
662	672	0
672	662	0
662	672	1
672	662	1
662	672	2
672	662	2
662	672	3
672	662	3
662	672	4
672	662	4
662	673	0
673	662	0
662	673	1
673	662	1
662	673	2
673	662	2
662	673	3
673	662	3
662	673	4
673	662	4
662	674	0
674	662	0
662	674	1
674	662	1
662	674	2
674	662	2
662	674	3
674	662	3
662	674	4
674	662	4
662	671	0
671	662	0
662	671	1
671	662	1
662	671	2
671	662	2
662	671	3
671	662	3
662	671	4
671	662	4
663	672	0
672	663	0
663	672	1
672	663	1
663	672	2
672	663	2
663	672	3
672	663	3
663	672	4
672	663	4
663	673	0
673	663	0
663	673	1
673	663	1
663	673	2
673	663	2
663	673	3
673	663	3
663	673	4
673	663	4
663	674	0
674	663	0
663	674	1
674	663	1
663	674	2
674	663	2
663	674	3
674	663	3
663	674	4
674	663	4
663	671	0
671	663	0
663	671	1
671	663	1
663	671	2
671	663	2
663	671	3
671	663	3
663	671	4
671	663	4
664	672	0
672	664	0
664	672	1
672	664	1
664	672	2
672	664	2
664	672	3
672	664	3
664	672	4
672	664	4
664	673	0
673	664	0
664	673	1
673	664	1
664	673	2
673	664	2
664	673	3
673	664	3
664	673	4
673	664	4
664	674	0
674	664	0
664	674	1
674	664	1
664	674	2
674	664	2
664	674	3
674	664	3
664	674	4
674	664	4
664	671	0
671	664	0
664	671	1
671	664	1
664	671	2
671	664	2
664	671	3
671	664	3
664	671	4
671	664	4
665	672	0
672	665	0
665	672	1
672	665	1
665	672	2
672	665	2
665	672	3
672	665	3
665	672	4
672	665	4
665	673	0
673	665	0
665	673	1
673	665	1
665	673	2
673	665	2
665	673	3
673	665	3
665	673	4
673	665	4
665	674	0
674	665	0
665	674	1
674	665	1
665	674	2
674	665	2
665	674	3
674	665	3
665	674	4
674	665	4
665	671	0
671	665	0
665	671	1
671	665	1
665	671	2
671	665	2
665	671	3
671	665	3
665	671	4
671	665	4
666	672	0
672	666	0
666	672	1
672	666	1
666	672	2
672	666	2
666	672	3
672	666	3
666	672	4
672	666	4
666	673	0
673	666	0
666	673	1
673	666	1
666	673	2
673	666	2
666	673	3
673	666	3
666	673	4
673	666	4
666	674	0
674	666	0
666	674	1
674	666	1
666	674	2
674	666	2
666	674	3
674	666	3
666	674	4
674	666	4
666	671	0
671	666	0
666	671	1
671	666	1
666	671	2
671	666	2
666	671	3
671	666	3
666	671	4
671	666	4
667	675	0
675	667	0
667	675	1
675	667	1
667	675	2
675	667	2
667	675	3
675	667	3
667	675	4
675	667	4
667	676	0
676	667	0
667	676	1
676	667	1
667	676	2
676	667	2
667	676	3
676	667	3
667	676	4
676	667	4
667	677	0
677	667	0
667	677	1
677	667	1
667	677	2
677	667	2
667	677	3
677	667	3
667	677	4
677	667	4
667	678	0
678	667	0
667	678	1
678	667	1
667	678	2
678	667	2
667	678	3
678	667	3
667	678	4
678	667	4
667	679	0
679	667	0
667	679	1
679	667	1
667	679	2
679	667	2
667	679	3
679	667	3
667	679	4
679	667	4
667	680	0
680	667	0
667	680	1
680	667	1
667	680	2
680	667	2
667	680	3
680	667	3
667	680	4
680	667	4
668	675	0
675	668	0
668	675	1
675	668	1
668	675	2
675	668	2
668	675	3
675	668	3
668	675	4
675	668	4
668	676	0
676	668	0
668	676	1
676	668	1
668	676	2
676	668	2
668	676	3
676	668	3
668	676	4
676	668	4
668	677	0
677	668	0
668	677	1
677	668	1
668	677	2
677	668	2
668	677	3
677	668	3
668	677	4
677	668	4
668	678	0
678	668	0
668	678	1
678	668	1
668	678	2
678	668	2
668	678	3
678	668	3
668	678	4
678	668	4
668	679	0
679	668	0
668	679	1
679	668	1
668	679	2
679	668	2
668	679	3
679	668	3
668	679	4
679	668	4
668	680	0
680	668	0
668	680	1
680	668	1
668	680	2
680	668	2
668	680	3
680	668	3
668	680	4
680	668	4
669	675	0
675	669	0
669	675	1
675	669	1
669	675	2
675	669	2
669	675	3
675	669	3
669	675	4
675	669	4
669	676	0
676	669	0
669	676	1
676	669	1
669	676	2
676	669	2
669	676	3
676	669	3
669	676	4
676	669	4
669	677	0
677	669	0
669	677	1
677	669	1
669	677	2
677	669	2
669	677	3
677	669	3
669	677	4
677	669	4
669	678	0
678	669	0
669	678	1
678	669	1
669	678	2
678	669	2
669	678	3
678	669	3
669	678	4
678	669	4
669	679	0
679	669	0
669	679	1
679	669	1
669	679	2
679	669	2
669	679	3
679	669	3
669	679	4
679	669	4
669	680	0
680	669	0
669	680	1
680	669	1
669	680	2
680	669	2
669	680	3
680	669	3
669	680	4
680	669	4
670	675	0
675	670	0
670	675	1
675	670	1
670	675	2
675	670	2
670	675	3
675	670	3
670	675	4
675	670	4
670	676	0
676	670	0
670	676	1
676	670	1
670	676	2
676	670	2
670	676	3
676	670	3
670	676	4
676	670	4
670	677	0
677	670	0
670	677	1
677	670	1
670	677	2
677	670	2
670	677	3
677	670	3
670	677	4
677	670	4
670	678	0
678	670	0
670	678	1
678	670	1
670	678	2
678	670	2
670	678	3
678	670	3
670	678	4
678	670	4
670	679	0
679	670	0
670	679	1
679	670	1
670	679	2
679	670	2
670	679	3
679	670	3
670	679	4
679	670	4
670	680	0
680	670	0
670	680	1
680	670	1
670	680	2
680	670	2
670	680	3
680	670	3
670	680	4
680	670	4
671	681	0
681	671	0
671	681	1
681	671	1
671	681	2
681	671	2
671	681	3
681	671	3
671	681	4
681	671	4
672	681	0
681	672	0
672	681	1
681	672	1
672	681	2
681	672	2
672	681	3
681	672	3
672	681	4
681	672	4
673	681	0
681	673	0
673	681	1
681	673	1
673	681	2
681	673	2
673	681	3
681	673	3
673	681	4
681	673	4
674	681	0
681	674	0
674	681	1
681	674	1
674	681	2
681	674	2
674	681	3
681	674	3
674	681	4
681	674	4
675	682	0
682	675	0
675	682	1
682	675	1
675	682	2
682	675	2
675	682	3
682	675	3
675	682	4
682	675	4
675	683	0
683	675	0
675	683	1
683	675	1
675	683	2
683	675	2
675	683	3
683	675	3
675	683	4
683	675	4
675	684	0
684	675	0
675	684	1
684	675	1
675	684	2
684	675	2
675	684	3
684	675	3
675	684	4
684	675	4
676	682	0
682	676	0
676	682	1
682	676	1
676	682	2
682	676	2
676	682	3
682	676	3
676	682	4
682	676	4
676	683	0
683	676	0
676	683	1
683	676	1
676	683	2
683	676	2
676	683	3
683	676	3
676	683	4
683	676	4
676	684	0
684	676	0
676	684	1
684	676	1
676	684	2
684	676	2
676	684	3
684	676	3
676	684	4
684	676	4
677	682	0
682	677	0
677	682	1
682	677	1
677	682	2
682	677	2
677	682	3
682	677	3
677	682	4
682	677	4
677	683	0
683	677	0
677	683	1
683	677	1
677	683	2
683	677	2
677	683	3
683	677	3
677	683	4
683	677	4
677	684	0
684	677	0
677	684	1
684	677	1
677	684	2
684	677	2
677	684	3
684	677	3
677	684	4
684	677	4
678	682	0
682	678	0
678	682	1
682	678	1
678	682	2
682	678	2
678	682	3
682	678	3
678	682	4
682	678	4
678	683	0
683	678	0
678	683	1
683	678	1
678	683	2
683	678	2
678	683	3
683	678	3
678	683	4
683	678	4
678	684	0
684	678	0
678	684	1
684	678	1
678	684	2
684	678	2
678	684	3
684	678	3
678	684	4
684	678	4
679	682	0
682	679	0
679	682	1
682	679	1
679	682	2
682	679	2
679	682	3
682	679	3
679	682	4
682	679	4
679	683	0
683	679	0
679	683	1
683	679	1
679	683	2
683	679	2
679	683	3
683	679	3
679	683	4
683	679	4
679	684	0
684	679	0
679	684	1
684	679	1
679	684	2
684	679	2
679	684	3
684	679	3
679	684	4
684	679	4
680	682	0
682	680	0
680	682	1
682	680	1
680	682	2
682	680	2
680	682	3
682	680	3
680	682	4
682	680	4
680	683	0
683	680	0
680	683	1
683	680	1
680	683	2
683	680	2
680	683	3
683	680	3
680	683	4
683	680	4
680	684	0
684	680	0
680	684	1
684	680	1
680	684	2
684	680	2
680	684	3
684	680	3
680	684	4
684	680	4
681	685	0
685	681	0
681	685	1
685	681	1
681	685	2
685	681	2
681	685	3
685	681	3
681	685	4
685	681	4
682	686	0
686	682	0
682	686	1
686	682	1
682	686	2
686	682	2
682	686	3
686	682	3
682	686	4
686	682	4
682	687	0
687	682	0
682	687	1
687	682	1
682	687	2
687	682	2
682	687	3
687	682	3
682	687	4
687	682	4
683	686	0
686	683	0
683	686	1
686	683	1
683	686	2
686	683	2
683	686	3
686	683	3
683	686	4
686	683	4
683	687	0
687	683	0
683	687	1
687	683	1
683	687	2
687	683	2
683	687	3
687	683	3
683	687	4
687	683	4
684	686	0
686	684	0
684	686	1
686	684	1
684	686	2
686	684	2
684	686	3
686	684	3
684	686	4
686	684	4
684	687	0
687	684	0
684	687	1
687	684	1
684	687	2
687	684	2
684	687	3
687	684	3
684	687	4
687	684	4
685	688	0
688	685	0
685	688	1
688	685	1
685	688	2
688	685	2
685	688	3
688	685	3
685	688	4
688	685	4
685	689	0
689	685	0
685	689	1
689	685	1
685	689	2
689	685	2
685	689	3
689	685	3
685	689	4
689	685	4
686	690	0
690	686	0
686	690	1
690	686	1
686	690	2
690	686	2
686	690	3
690	686	3
686	690	4
690	686	4
686	691	0
691	686	0
686	691	1
691	686	1
686	691	2
691	686	2
686	691	3
691	686	3
686	691	4
691	686	4
687	690	0
690	687	0
687	690	1
690	687	1
687	690	2
690	687	2
687	690	3
690	687	3
687	690	4
690	687	4
687	691	0
691	687	0
687	691	1
691	687	1
687	691	2
691	687	2
687	691	3
691	687	3
687	691	4
691	687	4
688	692	0
692	688	0
688	692	1
692	688	1
688	692	2
692	688	2
688	692	3
692	688	3
688	692	4
692	688	4
688	693	0
693	688	0
688	693	1
693	688	1
688	693	2
693	688	2
688	693	3
693	688	3
688	693	4
693	688	4
689	692	0
692	689	0
689	692	1
692	689	1
689	692	2
692	689	2
689	692	3
692	689	3
689	692	4
692	689	4
689	693	0
693	689	0
689	693	1
693	689	1
689	693	2
693	689	2
689	693	3
693	689	3
689	693	4
693	689	4
690	694	0
694	690	0
690	694	1
694	690	1
690	694	2
694	690	2
690	694	3
694	690	3
690	694	4
694	690	4
690	695	0
695	690	0
690	695	1
695	690	1
690	695	2
695	690	2
690	695	3
695	690	3
690	695	4
695	690	4
690	696	0
696	690	0
690	696	1
696	690	1
690	696	2
696	690	2
690	696	3
696	690	3
690	696	4
696	690	4
691	694	0
694	691	0
691	694	1
694	691	1
691	694	2
694	691	2
691	694	3
694	691	3
691	694	4
694	691	4
691	695	0
695	691	0
691	695	1
695	691	1
691	695	2
695	691	2
691	695	3
695	691	3
691	695	4
695	691	4
691	696	0
696	691	0
691	696	1
696	691	1
691	696	2
696	691	2
691	696	3
696	691	3
691	696	4
696	691	4
692	697	0
697	692	0
692	697	1
697	692	1
692	697	2
697	692	2
692	697	3
697	692	3
692	697	4
697	692	4
693	697	0
697	693	0
693	697	1
697	693	1
693	697	2
697	693	2
693	697	3
697	693	3
693	697	4
697	693	4
694	698	0
698	694	0
694	698	1
698	694	1
694	698	2
698	694	2
694	698	3
698	694	3
694	698	4
698	694	4
694	699	0
699	694	0
694	699	1
699	694	1
694	699	2
699	694	2
694	699	3
699	694	3
694	699	4
699	694	4
695	698	0
698	695	0
695	698	1
698	695	1
695	698	2
698	695	2
695	698	3
698	695	3
695	698	4
698	695	4
695	699	0
699	695	0
695	699	1
699	695	1
695	699	2
699	695	2
695	699	3
699	695	3
695	699	4
699	695	4
696	698	0
698	696	0
696	698	1
698	696	1
696	698	2
698	696	2
696	698	3
698	696	3
696	698	4
698	696	4
696	699	0
699	696	0
696	699	1
699	696	1
696	699	2
699	696	2
696	699	3
699	696	3
696	699	4
699	696	4
700	707	0
707	700	0
700	707	1
707	700	1
700	707	2
707	700	2
700	707	3
707	700	3
700	707	4
707	700	4
701	707	0
707	701	0
701	707	1
707	701	1
701	707	2
707	701	2
701	707	3
707	701	3
701	707	4
707	701	4
702	707	0
707	702	0
702	707	1
707	702	1
702	707	2
707	702	2
702	707	3
707	702	3
702	707	4
707	702	4
703	707	0
707	703	0
703	707	1
707	703	1
703	707	2
707	703	2
703	707	3
707	703	3
703	707	4
707	703	4
704	707	0
707	704	0
704	707	1
707	704	1
704	707	2
707	704	2
704	707	3
707	704	3
704	707	4
707	704	4
705	707	0
707	705	0
705	707	1
707	705	1
705	707	2
707	705	2
705	707	3
707	705	3
705	707	4
707	705	4
706	708	0
708	706	0
706	708	1
708	706	1
706	708	2
708	706	2
706	708	3
708	706	3
706	708	4
708	706	4
706	709	0
709	706	0
706	709	1
709	706	1
706	709	2
709	706	2
706	709	3
709	706	3
706	709	4
709	706	4
706	710	0
710	706	0
706	710	1
710	706	1
706	710	2
710	706	2
706	710	3
710	706	3
706	710	4
710	706	4
711	724	0
724	711	0
711	724	1
724	711	1
711	724	2
724	711	2
711	724	3
724	711	3
711	724	4
724	711	4
711	725	0
725	711	0
711	725	1
725	711	1
711	725	2
725	711	2
711	725	3
725	711	3
711	725	4
725	711	4
711	726	0
726	711	0
711	726	1
726	711	1
711	726	2
726	711	2
711	726	3
726	711	3
711	726	4
726	711	4
711	727	0
727	711	0
711	727	1
727	711	1
711	727	2
727	711	2
711	727	3
727	711	3
711	727	4
727	711	4
711	728	0
728	711	0
711	728	1
728	711	1
711	728	2
728	711	2
711	728	3
728	711	3
711	728	4
728	711	4
712	724	0
724	712	0
712	724	1
724	712	1
712	724	2
724	712	2
712	724	3
724	712	3
712	724	4
724	712	4
712	725	0
725	712	0
712	725	1
725	712	1
712	725	2
725	712	2
712	725	3
725	712	3
712	725	4
725	712	4
712	726	0
726	712	0
712	726	1
726	712	1
712	726	2
726	712	2
712	726	3
726	712	3
712	726	4
726	712	4
712	727	0
727	712	0
712	727	1
727	712	1
712	727	2
727	712	2
712	727	3
727	712	3
712	727	4
727	712	4
712	728	0
728	712	0
712	728	1
728	712	1
712	728	2
728	712	2
712	728	3
728	712	3
712	728	4
728	712	4
713	724	0
724	713	0
713	724	1
724	713	1
713	724	2
724	713	2
713	724	3
724	713	3
713	724	4
724	713	4
713	725	0
725	713	0
713	725	1
725	713	1
713	725	2
725	713	2
713	725	3
725	713	3
713	725	4
725	713	4
713	726	0
726	713	0
713	726	1
726	713	1
713	726	2
726	713	2
713	726	3
726	713	3
713	726	4
726	713	4
713	727	0
727	713	0
713	727	1
727	713	1
713	727	2
727	713	2
713	727	3
727	713	3
713	727	4
727	713	4
713	728	0
728	713	0
713	728	1
728	713	1
713	728	2
728	713	2
713	728	3
728	713	3
713	728	4
728	713	4
714	724	0
724	714	0
714	724	1
724	714	1
714	724	2
724	714	2
714	724	3
724	714	3
714	724	4
724	714	4
714	725	0
725	714	0
714	725	1
725	714	1
714	725	2
725	714	2
714	725	3
725	714	3
714	725	4
725	714	4
714	726	0
726	714	0
714	726	1
726	714	1
714	726	2
726	714	2
714	726	3
726	714	3
714	726	4
726	714	4
714	727	0
727	714	0
714	727	1
727	714	1
714	727	2
727	714	2
714	727	3
727	714	3
714	727	4
727	714	4
714	728	0
728	714	0
714	728	1
728	714	1
714	728	2
728	714	2
714	728	3
728	714	3
714	728	4
728	714	4
715	724	0
724	715	0
715	724	1
724	715	1
715	724	2
724	715	2
715	724	3
724	715	3
715	724	4
724	715	4
715	725	0
725	715	0
715	725	1
725	715	1
715	725	2
725	715	2
715	725	3
725	715	3
715	725	4
725	715	4
715	726	0
726	715	0
715	726	1
726	715	1
715	726	2
726	715	2
715	726	3
726	715	3
715	726	4
726	715	4
715	727	0
727	715	0
715	727	1
727	715	1
715	727	2
727	715	2
715	727	3
727	715	3
715	727	4
727	715	4
715	728	0
728	715	0
715	728	1
728	715	1
715	728	2
728	715	2
715	728	3
728	715	3
715	728	4
728	715	4
716	724	0
724	716	0
716	724	1
724	716	1
716	724	2
724	716	2
716	724	3
724	716	3
716	724	4
724	716	4
716	725	0
725	716	0
716	725	1
725	716	1
716	725	2
725	716	2
716	725	3
725	716	3
716	725	4
725	716	4
716	726	0
726	716	0
716	726	1
726	716	1
716	726	2
726	716	2
716	726	3
726	716	3
716	726	4
726	716	4
716	727	0
727	716	0
716	727	1
727	716	1
716	727	2
727	716	2
716	727	3
727	716	3
716	727	4
727	716	4
716	728	0
728	716	0
716	728	1
728	716	1
716	728	2
728	716	2
716	728	3
728	716	3
716	728	4
728	716	4
729	736	0
736	729	0
729	736	1
736	729	1
729	736	2
736	729	2
729	736	3
736	729	3
729	736	4
736	729	4
729	737	0
737	729	0
729	737	1
737	729	1
729	737	2
737	729	2
729	737	3
737	729	3
729	737	4
737	729	4
730	736	0
736	730	0
730	736	1
736	730	1
730	736	2
736	730	2
730	736	3
736	730	3
730	736	4
736	730	4
730	737	0
737	730	0
730	737	1
737	730	1
730	737	2
737	730	2
730	737	3
737	730	3
730	737	4
737	730	4
731	736	0
736	731	0
731	736	1
736	731	1
731	736	2
736	731	2
731	736	3
736	731	3
731	736	4
736	731	4
731	737	0
737	731	0
731	737	1
737	731	1
731	737	2
737	731	2
731	737	3
737	731	3
731	737	4
737	731	4
732	736	0
736	732	0
732	736	1
736	732	1
732	736	2
736	732	2
732	736	3
736	732	3
732	736	4
736	732	4
732	737	0
737	732	0
732	737	1
737	732	1
732	737	2
737	732	2
732	737	3
737	732	3
732	737	4
737	732	4
733	738	0
738	733	0
733	738	1
738	733	1
733	738	2
738	733	2
733	738	3
738	733	3
733	738	4
738	733	4
733	739	0
739	733	0
733	739	1
739	733	1
733	739	2
739	733	2
733	739	3
739	733	3
733	739	4
739	733	4
734	738	0
738	734	0
734	738	1
738	734	1
734	738	2
738	734	2
734	738	3
738	734	3
734	738	4
738	734	4
734	739	0
739	734	0
734	739	1
739	734	1
734	739	2
739	734	2
734	739	3
739	734	3
734	739	4
739	734	4
735	738	0
738	735	0
735	738	1
738	735	1
735	738	2
738	735	2
735	738	3
738	735	3
735	738	4
738	735	4
735	739	0
739	735	0
735	739	1
739	735	1
735	739	2
739	735	2
735	739	3
739	735	3
735	739	4
739	735	4
736	740	0
740	736	0
736	740	1
740	736	1
736	740	2
740	736	2
736	740	3
740	736	3
736	740	4
740	736	4
736	741	0
741	736	0
736	741	1
741	736	1
736	741	2
741	736	2
736	741	3
741	736	3
736	741	4
741	736	4
737	740	0
740	737	0
737	740	1
740	737	1
737	740	2
740	737	2
737	740	3
740	737	3
737	740	4
740	737	4
737	741	0
741	737	0
737	741	1
741	737	1
737	741	2
741	737	2
737	741	3
741	737	3
737	741	4
741	737	4
738	742	0
742	738	0
738	742	1
742	738	1
738	742	2
742	738	2
738	742	3
742	738	3
738	742	4
742	738	4
738	743	0
743	738	0
738	743	1
743	738	1
738	743	2
743	738	2
738	743	3
743	738	3
738	743	4
743	738	4
738	744	0
744	738	0
738	744	1
744	738	1
738	744	2
744	738	2
738	744	3
744	738	3
738	744	4
744	738	4
739	742	0
742	739	0
739	742	1
742	739	1
739	742	2
742	739	2
739	742	3
742	739	3
739	742	4
742	739	4
739	743	0
743	739	0
739	743	1
743	739	1
739	743	2
743	739	2
739	743	3
743	739	3
739	743	4
743	739	4
739	744	0
744	739	0
739	744	1
744	739	1
739	744	2
744	739	2
739	744	3
744	739	3
739	744	4
744	739	4
751	753	0
753	751	0
751	753	1
753	751	1
751	753	2
753	751	2
751	753	3
753	751	3
751	753	4
753	751	4
751	754	0
754	751	0
751	754	1
754	751	1
751	754	2
754	751	2
751	754	3
754	751	3
751	754	4
754	751	4
755	760	0
760	755	0
755	760	1
760	755	1
755	760	2
760	755	2
755	760	3
760	755	3
755	760	4
760	755	4
756	760	0
760	756	0
756	760	1
760	756	1
756	760	2
760	756	2
756	760	3
760	756	3
756	760	4
760	756	4
757	761	0
761	757	0
757	761	1
761	757	1
757	761	2
761	757	2
757	761	3
761	757	3
757	761	4
761	757	4
757	762	0
762	757	0
757	762	1
762	757	1
757	762	2
762	757	2
757	762	3
762	757	3
757	762	4
762	757	4
757	763	0
763	757	0
757	763	1
763	757	1
757	763	2
763	757	2
757	763	3
763	757	3
757	763	4
763	757	4
757	764	0
764	757	0
757	764	1
764	757	1
757	764	2
764	757	2
757	764	3
764	757	3
757	764	4
764	757	4
757	765	0
765	757	0
757	765	1
765	757	1
757	765	2
765	757	2
757	765	3
765	757	3
757	765	4
765	757	4
758	761	0
761	758	0
758	761	1
761	758	1
758	761	2
761	758	2
758	761	3
761	758	3
758	761	4
761	758	4
758	762	0
762	758	0
758	762	1
762	758	1
758	762	2
762	758	2
758	762	3
762	758	3
758	762	4
762	758	4
758	763	0
763	758	0
758	763	1
763	758	1
758	763	2
763	758	2
758	763	3
763	758	3
758	763	4
763	758	4
758	764	0
764	758	0
758	764	1
764	758	1
758	764	2
764	758	2
758	764	3
764	758	3
758	764	4
764	758	4
758	765	0
765	758	0
758	765	1
765	758	1
758	765	2
765	758	2
758	765	3
765	758	3
758	765	4
765	758	4
759	761	0
761	759	0
759	761	1
761	759	1
759	761	2
761	759	2
759	761	3
761	759	3
759	761	4
761	759	4
759	762	0
762	759	0
759	762	1
762	759	1
759	762	2
762	759	2
759	762	3
762	759	3
759	762	4
762	759	4
759	763	0
763	759	0
759	763	1
763	759	1
759	763	2
763	759	2
759	763	3
763	759	3
759	763	4
763	759	4
759	764	0
764	759	0
759	764	1
764	759	1
759	764	2
764	759	2
759	764	3
764	759	3
759	764	4
764	759	4
759	765	0
765	759	0
759	765	1
765	759	1
759	765	2
765	759	2
759	765	3
765	759	3
759	765	4
765	759	4
760	766	0
766	760	0
760	766	1
766	760	1
760	766	2
766	760	2
760	766	3
766	760	3
760	766	4
766	760	4
760	767	0
767	760	0
760	767	1
767	760	1
760	767	2
767	760	2
760	767	3
767	760	3
760	767	4
767	760	4
761	768	0
768	761	0
761	768	1
768	761	1
761	768	2
768	761	2
761	768	3
768	761	3
761	768	4
768	761	4
761	769	0
769	761	0
761	769	1
769	761	1
761	769	2
769	761	2
761	769	3
769	761	3
761	769	4
769	761	4
761	770	0
770	761	0
761	770	1
770	761	1
761	770	2
770	761	2
761	770	3
770	761	3
761	770	4
770	761	4
762	768	0
768	762	0
762	768	1
768	762	1
762	768	2
768	762	2
762	768	3
768	762	3
762	768	4
768	762	4
762	769	0
769	762	0
762	769	1
769	762	1
762	769	2
769	762	2
762	769	3
769	762	3
762	769	4
769	762	4
762	770	0
770	762	0
762	770	1
770	762	1
762	770	2
770	762	2
762	770	3
770	762	3
762	770	4
770	762	4
763	768	0
768	763	0
763	768	1
768	763	1
763	768	2
768	763	2
763	768	3
768	763	3
763	768	4
768	763	4
763	769	0
769	763	0
763	769	1
769	763	1
763	769	2
769	763	2
763	769	3
769	763	3
763	769	4
769	763	4
763	770	0
770	763	0
763	770	1
770	763	1
763	770	2
770	763	2
763	770	3
770	763	3
763	770	4
770	763	4
764	768	0
768	764	0
764	768	1
768	764	1
764	768	2
768	764	2
764	768	3
768	764	3
764	768	4
768	764	4
764	769	0
769	764	0
764	769	1
769	764	1
764	769	2
769	764	2
764	769	3
769	764	3
764	769	4
769	764	4
764	770	0
770	764	0
764	770	1
770	764	1
764	770	2
770	764	2
764	770	3
770	764	3
764	770	4
770	764	4
765	768	0
768	765	0
765	768	1
768	765	1
765	768	2
768	765	2
765	768	3
768	765	3
765	768	4
768	765	4
765	769	0
769	765	0
765	769	1
769	765	1
765	769	2
769	765	2
765	769	3
769	765	3
765	769	4
769	765	4
765	770	0
770	765	0
765	770	1
770	765	1
765	770	2
770	765	2
765	770	3
770	765	3
765	770	4
770	765	4
766	771	0
771	766	0
766	771	1
771	766	1
766	771	2
771	766	2
766	771	3
771	766	3
766	771	4
771	766	4
766	772	0
772	766	0
766	772	1
772	766	1
766	772	2
772	766	2
766	772	3
772	766	3
766	772	4
772	766	4
767	771	0
771	767	0
767	771	1
771	767	1
767	771	2
771	767	2
767	771	3
771	767	3
767	771	4
771	767	4
767	772	0
772	767	0
767	772	1
772	767	1
767	772	2
772	767	2
767	772	3
772	767	3
767	772	4
772	767	4
768	773	0
773	768	0
768	773	1
773	768	1
768	773	2
773	768	2
768	773	3
773	768	3
768	773	4
773	768	4
768	774	0
774	768	0
768	774	1
774	768	1
768	774	2
774	768	2
768	774	3
774	768	3
768	774	4
774	768	4
769	773	0
773	769	0
769	773	1
773	769	1
769	773	2
773	769	2
769	773	3
773	769	3
769	773	4
773	769	4
769	774	0
774	769	0
769	774	1
774	769	1
769	774	2
774	769	2
769	774	3
774	769	3
769	774	4
774	769	4
770	773	0
773	770	0
770	773	1
773	770	1
770	773	2
773	770	2
770	773	3
773	770	3
770	773	4
773	770	4
770	774	0
774	770	0
770	774	1
774	770	1
770	774	2
774	770	2
770	774	3
774	770	3
770	774	4
774	770	4
775	781	0
781	775	0
775	781	1
781	775	1
775	781	2
781	775	2
775	781	3
781	775	3
775	781	4
781	775	4
775	782	0
782	775	0
775	782	1
782	775	1
775	782	2
782	775	2
775	782	3
782	775	3
775	782	4
782	775	4
776	781	0
781	776	0
776	781	1
781	776	1
776	781	2
781	776	2
776	781	3
781	776	3
776	781	4
781	776	4
776	782	0
782	776	0
776	782	1
782	776	1
776	782	2
782	776	2
776	782	3
782	776	3
776	782	4
782	776	4
777	781	0
781	777	0
777	781	1
781	777	1
777	781	2
781	777	2
777	781	3
781	777	3
777	781	4
781	777	4
777	782	0
782	777	0
777	782	1
782	777	1
777	782	2
782	777	2
777	782	3
782	777	3
777	782	4
782	777	4
778	781	0
781	778	0
778	781	1
781	778	1
778	781	2
781	778	2
778	781	3
781	778	3
778	781	4
781	778	4
778	782	0
782	778	0
778	782	1
782	778	1
778	782	2
782	778	2
778	782	3
782	778	3
778	782	4
782	778	4
779	783	0
783	779	0
779	783	1
783	779	1
779	783	2
783	779	2
779	783	3
783	779	3
779	783	4
783	779	4
779	784	0
784	779	0
779	784	1
784	779	1
779	784	2
784	779	2
779	784	3
784	779	3
779	784	4
784	779	4
779	785	0
785	779	0
779	785	1
785	779	1
779	785	2
785	779	2
779	785	3
785	779	3
779	785	4
785	779	4
779	786	0
786	779	0
779	786	1
786	779	1
779	786	2
786	779	2
779	786	3
786	779	3
779	786	4
786	779	4
780	783	0
783	780	0
780	783	1
783	780	1
780	783	2
783	780	2
780	783	3
783	780	3
780	783	4
783	780	4
780	784	0
784	780	0
780	784	1
784	780	1
780	784	2
784	780	2
780	784	3
784	780	3
780	784	4
784	780	4
780	785	0
785	780	0
780	785	1
785	780	1
780	785	2
785	780	2
780	785	3
785	780	3
780	785	4
785	780	4
780	786	0
786	780	0
780	786	1
786	780	1
780	786	2
786	780	2
780	786	3
786	780	3
780	786	4
786	780	4
781	787	0
787	781	0
781	787	1
787	781	1
781	787	2
787	781	2
781	787	3
787	781	3
781	787	4
787	781	4
781	788	0
788	781	0
781	788	1
788	781	1
781	788	2
788	781	2
781	788	3
788	781	3
781	788	4
788	781	4
781	789	0
789	781	0
781	789	1
789	781	1
781	789	2
789	781	2
781	789	3
789	781	3
781	789	4
789	781	4
782	787	0
787	782	0
782	787	1
787	782	1
782	787	2
787	782	2
782	787	3
787	782	3
782	787	4
787	782	4
782	788	0
788	782	0
782	788	1
788	782	1
782	788	2
788	782	2
782	788	3
788	782	3
782	788	4
788	782	4
782	789	0
789	782	0
782	789	1
789	782	1
782	789	2
789	782	2
782	789	3
789	782	3
782	789	4
789	782	4
783	790	0
790	783	0
783	790	1
790	783	1
783	790	2
790	783	2
783	790	3
790	783	3
783	790	4
790	783	4
783	791	0
791	783	0
783	791	1
791	783	1
783	791	2
791	783	2
783	791	3
791	783	3
783	791	4
791	783	4
783	792	0
792	783	0
783	792	1
792	783	1
783	792	2
792	783	2
783	792	3
792	783	3
783	792	4
792	783	4
784	790	0
790	784	0
784	790	1
790	784	1
784	790	2
790	784	2
784	790	3
790	784	3
784	790	4
790	784	4
784	791	0
791	784	0
784	791	1
791	784	1
784	791	2
791	784	2
784	791	3
791	784	3
784	791	4
791	784	4
784	792	0
792	784	0
784	792	1
792	784	1
784	792	2
792	784	2
784	792	3
792	784	3
784	792	4
792	784	4
785	790	0
790	785	0
785	790	1
790	785	1
785	790	2
790	785	2
785	790	3
790	785	3
785	790	4
790	785	4
785	791	0
791	785	0
785	791	1
791	785	1
785	791	2
791	785	2
785	791	3
791	785	3
785	791	4
791	785	4
785	792	0
792	785	0
785	792	1
792	785	1
785	792	2
792	785	2
785	792	3
792	785	3
785	792	4
792	785	4
786	790	0
790	786	0
786	790	1
790	786	1
786	790	2
790	786	2
786	790	3
790	786	3
786	790	4
790	786	4
786	791	0
791	786	0
786	791	1
791	786	1
786	791	2
791	786	2
786	791	3
791	786	3
786	791	4
791	786	4
786	792	0
792	786	0
786	792	1
792	786	1
786	792	2
792	786	2
786	792	3
792	786	3
786	792	4
792	786	4
787	793	0
793	787	0
787	793	1
793	787	1
787	793	2
793	787	2
787	793	3
793	787	3
787	793	4
793	787	4
788	793	0
793	788	0
788	793	1
793	788	1
788	793	2
793	788	2
788	793	3
793	788	3
788	793	4
793	788	4
789	793	0
793	789	0
789	793	1
793	789	1
789	793	2
793	789	2
789	793	3
793	789	3
789	793	4
793	789	4
803	808	0
808	803	0
803	808	1
808	803	1
803	808	2
808	803	2
803	808	3
808	803	3
803	808	4
808	803	4
804	808	0
808	804	0
804	808	1
808	804	1
804	808	2
808	804	2
804	808	3
808	804	3
804	808	4
808	804	4
805	809	0
809	805	0
805	809	1
809	805	1
805	809	2
809	805	2
805	809	3
809	805	3
805	809	4
809	805	4
805	810	0
810	805	0
805	810	1
810	805	1
805	810	2
810	805	2
805	810	3
810	805	3
805	810	4
810	805	4
805	811	0
811	805	0
805	811	1
811	805	1
805	811	2
811	805	2
805	811	3
811	805	3
805	811	4
811	805	4
805	812	0
812	805	0
805	812	1
812	805	1
805	812	2
812	805	2
805	812	3
812	805	3
805	812	4
812	805	4
805	813	0
813	805	0
805	813	1
813	805	1
805	813	2
813	805	2
805	813	3
813	805	3
805	813	4
813	805	4
806	809	0
809	806	0
806	809	1
809	806	1
806	809	2
809	806	2
806	809	3
809	806	3
806	809	4
809	806	4
806	810	0
810	806	0
806	810	1
810	806	1
806	810	2
810	806	2
806	810	3
810	806	3
806	810	4
810	806	4
806	811	0
811	806	0
806	811	1
811	806	1
806	811	2
811	806	2
806	811	3
811	806	3
806	811	4
811	806	4
806	812	0
812	806	0
806	812	1
812	806	1
806	812	2
812	806	2
806	812	3
812	806	3
806	812	4
812	806	4
806	813	0
813	806	0
806	813	1
813	806	1
806	813	2
813	806	2
806	813	3
813	806	3
806	813	4
813	806	4
807	809	0
809	807	0
807	809	1
809	807	1
807	809	2
809	807	2
807	809	3
809	807	3
807	809	4
809	807	4
807	810	0
810	807	0
807	810	1
810	807	1
807	810	2
810	807	2
807	810	3
810	807	3
807	810	4
810	807	4
807	811	0
811	807	0
807	811	1
811	807	1
807	811	2
811	807	2
807	811	3
811	807	3
807	811	4
811	807	4
807	812	0
812	807	0
807	812	1
812	807	1
807	812	2
812	807	2
807	812	3
812	807	3
807	812	4
812	807	4
807	813	0
813	807	0
807	813	1
813	807	1
807	813	2
813	807	2
807	813	3
813	807	3
807	813	4
813	807	4
808	814	0
814	808	0
808	814	1
814	808	1
808	814	2
814	808	2
808	814	3
814	808	3
808	814	4
814	808	4
808	815	0
815	808	0
808	815	1
815	808	1
808	815	2
815	808	2
808	815	3
815	808	3
808	815	4
815	808	4
808	816	0
816	808	0
808	816	1
816	808	1
808	816	2
816	808	2
808	816	3
816	808	3
808	816	4
816	808	4
809	817	0
817	809	0
809	817	1
817	809	1
809	817	2
817	809	2
809	817	3
817	809	3
809	817	4
817	809	4
809	818	0
818	809	0
809	818	1
818	809	1
809	818	2
818	809	2
809	818	3
818	809	3
809	818	4
818	809	4
809	819	0
819	809	0
809	819	1
819	809	1
809	819	2
819	809	2
809	819	3
819	809	3
809	819	4
819	809	4
809	820	0
820	809	0
809	820	1
820	809	1
809	820	2
820	809	2
809	820	3
820	809	3
809	820	4
820	809	4
809	821	0
821	809	0
809	821	1
821	809	1
809	821	2
821	809	2
809	821	3
821	809	3
809	821	4
821	809	4
809	822	0
822	809	0
809	822	1
822	809	1
809	822	2
822	809	2
809	822	3
822	809	3
809	822	4
822	809	4
809	823	0
823	809	0
809	823	1
823	809	1
809	823	2
823	809	2
809	823	3
823	809	3
809	823	4
823	809	4
809	824	0
824	809	0
809	824	1
824	809	1
809	824	2
824	809	2
809	824	3
824	809	3
809	824	4
824	809	4
809	825	0
825	809	0
809	825	1
825	809	1
809	825	2
825	809	2
809	825	3
825	809	3
809	825	4
825	809	4
810	817	0
817	810	0
810	817	1
817	810	1
810	817	2
817	810	2
810	817	3
817	810	3
810	817	4
817	810	4
810	818	0
818	810	0
810	818	1
818	810	1
810	818	2
818	810	2
810	818	3
818	810	3
810	818	4
818	810	4
810	819	0
819	810	0
810	819	1
819	810	1
810	819	2
819	810	2
810	819	3
819	810	3
810	819	4
819	810	4
810	820	0
820	810	0
810	820	1
820	810	1
810	820	2
820	810	2
810	820	3
820	810	3
810	820	4
820	810	4
810	821	0
821	810	0
810	821	1
821	810	1
810	821	2
821	810	2
810	821	3
821	810	3
810	821	4
821	810	4
810	822	0
822	810	0
810	822	1
822	810	1
810	822	2
822	810	2
810	822	3
822	810	3
810	822	4
822	810	4
810	823	0
823	810	0
810	823	1
823	810	1
810	823	2
823	810	2
810	823	3
823	810	3
810	823	4
823	810	4
810	824	0
824	810	0
810	824	1
824	810	1
810	824	2
824	810	2
810	824	3
824	810	3
810	824	4
824	810	4
810	825	0
825	810	0
810	825	1
825	810	1
810	825	2
825	810	2
810	825	3
825	810	3
810	825	4
825	810	4
811	817	0
817	811	0
811	817	1
817	811	1
811	817	2
817	811	2
811	817	3
817	811	3
811	817	4
817	811	4
811	818	0
818	811	0
811	818	1
818	811	1
811	818	2
818	811	2
811	818	3
818	811	3
811	818	4
818	811	4
811	819	0
819	811	0
811	819	1
819	811	1
811	819	2
819	811	2
811	819	3
819	811	3
811	819	4
819	811	4
811	820	0
820	811	0
811	820	1
820	811	1
811	820	2
820	811	2
811	820	3
820	811	3
811	820	4
820	811	4
811	821	0
821	811	0
811	821	1
821	811	1
811	821	2
821	811	2
811	821	3
821	811	3
811	821	4
821	811	4
811	822	0
822	811	0
811	822	1
822	811	1
811	822	2
822	811	2
811	822	3
822	811	3
811	822	4
822	811	4
811	823	0
823	811	0
811	823	1
823	811	1
811	823	2
823	811	2
811	823	3
823	811	3
811	823	4
823	811	4
811	824	0
824	811	0
811	824	1
824	811	1
811	824	2
824	811	2
811	824	3
824	811	3
811	824	4
824	811	4
811	825	0
825	811	0
811	825	1
825	811	1
811	825	2
825	811	2
811	825	3
825	811	3
811	825	4
825	811	4
812	817	0
817	812	0
812	817	1
817	812	1
812	817	2
817	812	2
812	817	3
817	812	3
812	817	4
817	812	4
812	818	0
818	812	0
812	818	1
818	812	1
812	818	2
818	812	2
812	818	3
818	812	3
812	818	4
818	812	4
812	819	0
819	812	0
812	819	1
819	812	1
812	819	2
819	812	2
812	819	3
819	812	3
812	819	4
819	812	4
812	820	0
820	812	0
812	820	1
820	812	1
812	820	2
820	812	2
812	820	3
820	812	3
812	820	4
820	812	4
812	821	0
821	812	0
812	821	1
821	812	1
812	821	2
821	812	2
812	821	3
821	812	3
812	821	4
821	812	4
812	822	0
822	812	0
812	822	1
822	812	1
812	822	2
822	812	2
812	822	3
822	812	3
812	822	4
822	812	4
812	823	0
823	812	0
812	823	1
823	812	1
812	823	2
823	812	2
812	823	3
823	812	3
812	823	4
823	812	4
812	824	0
824	812	0
812	824	1
824	812	1
812	824	2
824	812	2
812	824	3
824	812	3
812	824	4
824	812	4
812	825	0
825	812	0
812	825	1
825	812	1
812	825	2
825	812	2
812	825	3
825	812	3
812	825	4
825	812	4
813	817	0
817	813	0
813	817	1
817	813	1
813	817	2
817	813	2
813	817	3
817	813	3
813	817	4
817	813	4
813	818	0
818	813	0
813	818	1
818	813	1
813	818	2
818	813	2
813	818	3
818	813	3
813	818	4
818	813	4
813	819	0
819	813	0
813	819	1
819	813	1
813	819	2
819	813	2
813	819	3
819	813	3
813	819	4
819	813	4
813	820	0
820	813	0
813	820	1
820	813	1
813	820	2
820	813	2
813	820	3
820	813	3
813	820	4
820	813	4
813	821	0
821	813	0
813	821	1
821	813	1
813	821	2
821	813	2
813	821	3
821	813	3
813	821	4
821	813	4
813	822	0
822	813	0
813	822	1
822	813	1
813	822	2
822	813	2
813	822	3
822	813	3
813	822	4
822	813	4
813	823	0
823	813	0
813	823	1
823	813	1
813	823	2
823	813	2
813	823	3
823	813	3
813	823	4
823	813	4
813	824	0
824	813	0
813	824	1
824	813	1
813	824	2
824	813	2
813	824	3
824	813	3
813	824	4
824	813	4
813	825	0
825	813	0
813	825	1
825	813	1
813	825	2
825	813	2
813	825	3
825	813	3
813	825	4
825	813	4
814	826	0
826	814	0
814	826	1
826	814	1
814	826	2
826	814	2
814	826	3
826	814	3
814	826	4
826	814	4
814	827	0
827	814	0
814	827	1
827	814	1
814	827	2
827	814	2
814	827	3
827	814	3
814	827	4
827	814	4
814	828	0
828	814	0
814	828	1
828	814	1
814	828	2
828	814	2
814	828	3
828	814	3
814	828	4
828	814	4
815	826	0
826	815	0
815	826	1
826	815	1
815	826	2
826	815	2
815	826	3
826	815	3
815	826	4
826	815	4
815	827	0
827	815	0
815	827	1
827	815	1
815	827	2
827	815	2
815	827	3
827	815	3
815	827	4
827	815	4
815	828	0
828	815	0
815	828	1
828	815	1
815	828	2
828	815	2
815	828	3
828	815	3
815	828	4
828	815	4
816	826	0
826	816	0
816	826	1
826	816	1
816	826	2
826	816	2
816	826	3
826	816	3
816	826	4
826	816	4
816	827	0
827	816	0
816	827	1
827	816	1
816	827	2
827	816	2
816	827	3
827	816	3
816	827	4
827	816	4
816	828	0
828	816	0
816	828	1
828	816	1
816	828	2
828	816	2
816	828	3
828	816	3
816	828	4
828	816	4
817	829	0
829	817	0
817	829	1
829	817	1
817	829	2
829	817	2
817	829	3
829	817	3
817	829	4
829	817	4
817	830	0
830	817	0
817	830	1
830	817	1
817	830	2
830	817	2
817	830	3
830	817	3
817	830	4
830	817	4
818	829	0
829	818	0
818	829	1
829	818	1
818	829	2
829	818	2
818	829	3
829	818	3
818	829	4
829	818	4
818	830	0
830	818	0
818	830	1
830	818	1
818	830	2
830	818	2
818	830	3
830	818	3
818	830	4
830	818	4
819	829	0
829	819	0
819	829	1
829	819	1
819	829	2
829	819	2
819	829	3
829	819	3
819	829	4
829	819	4
819	830	0
830	819	0
819	830	1
830	819	1
819	830	2
830	819	2
819	830	3
830	819	3
819	830	4
830	819	4
820	829	0
829	820	0
820	829	1
829	820	1
820	829	2
829	820	2
820	829	3
829	820	3
820	829	4
829	820	4
820	830	0
830	820	0
820	830	1
830	820	1
820	830	2
830	820	2
820	830	3
830	820	3
820	830	4
830	820	4
821	829	0
829	821	0
821	829	1
829	821	1
821	829	2
829	821	2
821	829	3
829	821	3
821	829	4
829	821	4
821	830	0
830	821	0
821	830	1
830	821	1
821	830	2
830	821	2
821	830	3
830	821	3
821	830	4
830	821	4
822	829	0
829	822	0
822	829	1
829	822	1
822	829	2
829	822	2
822	829	3
829	822	3
822	829	4
829	822	4
822	830	0
830	822	0
822	830	1
830	822	1
822	830	2
830	822	2
822	830	3
830	822	3
822	830	4
830	822	4
823	829	0
829	823	0
823	829	1
829	823	1
823	829	2
829	823	2
823	829	3
829	823	3
823	829	4
829	823	4
823	830	0
830	823	0
823	830	1
830	823	1
823	830	2
830	823	2
823	830	3
830	823	3
823	830	4
830	823	4
824	829	0
829	824	0
824	829	1
829	824	1
824	829	2
829	824	2
824	829	3
829	824	3
824	829	4
829	824	4
824	830	0
830	824	0
824	830	1
830	824	1
824	830	2
830	824	2
824	830	3
830	824	3
824	830	4
830	824	4
825	829	0
829	825	0
825	829	1
829	825	1
825	829	2
829	825	2
825	829	3
829	825	3
825	829	4
829	825	4
825	830	0
830	825	0
825	830	1
830	825	1
825	830	2
830	825	2
825	830	3
830	825	3
825	830	4
830	825	4
826	832	0
832	826	0
826	832	1
832	826	1
826	832	2
832	826	2
826	832	3
832	826	3
826	832	4
832	826	4
826	831	0
831	826	0
826	831	1
831	826	1
826	831	2
831	826	2
826	831	3
831	826	3
826	831	4
831	826	4
827	832	0
832	827	0
827	832	1
832	827	1
827	832	2
832	827	2
827	832	3
832	827	3
827	832	4
832	827	4
827	831	0
831	827	0
827	831	1
831	827	1
827	831	2
831	827	2
827	831	3
831	827	3
827	831	4
831	827	4
828	832	0
832	828	0
828	832	1
832	828	1
828	832	2
832	828	2
828	832	3
832	828	3
828	832	4
832	828	4
828	831	0
831	828	0
828	831	1
831	828	1
828	831	2
831	828	2
828	831	3
831	828	3
828	831	4
831	828	4
833	844	0
844	833	0
833	844	1
844	833	1
833	844	2
844	833	2
833	844	3
844	833	3
833	844	4
844	833	4
833	845	0
845	833	0
833	845	1
845	833	1
833	845	2
845	833	2
833	845	3
845	833	3
833	845	4
845	833	4
833	846	0
846	833	0
833	846	1
846	833	1
833	846	2
846	833	2
833	846	3
846	833	3
833	846	4
846	833	4
833	847	0
847	833	0
833	847	1
847	833	1
833	847	2
847	833	2
833	847	3
847	833	3
833	847	4
847	833	4
834	844	0
844	834	0
834	844	1
844	834	1
834	844	2
844	834	2
834	844	3
844	834	3
834	844	4
844	834	4
834	845	0
845	834	0
834	845	1
845	834	1
834	845	2
845	834	2
834	845	3
845	834	3
834	845	4
845	834	4
834	846	0
846	834	0
834	846	1
846	834	1
834	846	2
846	834	2
834	846	3
846	834	3
834	846	4
846	834	4
834	847	0
847	834	0
834	847	1
847	834	1
834	847	2
847	834	2
834	847	3
847	834	3
834	847	4
847	834	4
835	844	0
844	835	0
835	844	1
844	835	1
835	844	2
844	835	2
835	844	3
844	835	3
835	844	4
844	835	4
835	845	0
845	835	0
835	845	1
845	835	1
835	845	2
845	835	2
835	845	3
845	835	3
835	845	4
845	835	4
835	846	0
846	835	0
835	846	1
846	835	1
835	846	2
846	835	2
835	846	3
846	835	3
835	846	4
846	835	4
835	847	0
847	835	0
835	847	1
847	835	1
835	847	2
847	835	2
835	847	3
847	835	3
835	847	4
847	835	4
836	844	0
844	836	0
836	844	1
844	836	1
836	844	2
844	836	2
836	844	3
844	836	3
836	844	4
844	836	4
836	845	0
845	836	0
836	845	1
845	836	1
836	845	2
845	836	2
836	845	3
845	836	3
836	845	4
845	836	4
836	846	0
846	836	0
836	846	1
846	836	1
836	846	2
846	836	2
836	846	3
846	836	3
836	846	4
846	836	4
836	847	0
847	836	0
836	847	1
847	836	1
836	847	2
847	836	2
836	847	3
847	836	3
836	847	4
847	836	4
837	844	0
844	837	0
837	844	1
844	837	1
837	844	2
844	837	2
837	844	3
844	837	3
837	844	4
844	837	4
837	845	0
845	837	0
837	845	1
845	837	1
837	845	2
845	837	2
837	845	3
845	837	3
837	845	4
845	837	4
837	846	0
846	837	0
837	846	1
846	837	1
837	846	2
846	837	2
837	846	3
846	837	3
837	846	4
846	837	4
837	847	0
847	837	0
837	847	1
847	837	1
837	847	2
847	837	2
837	847	3
847	837	3
837	847	4
847	837	4
838	844	0
844	838	0
838	844	1
844	838	1
838	844	2
844	838	2
838	844	3
844	838	3
838	844	4
844	838	4
838	845	0
845	838	0
838	845	1
845	838	1
838	845	2
845	838	2
838	845	3
845	838	3
838	845	4
845	838	4
838	846	0
846	838	0
838	846	1
846	838	1
838	846	2
846	838	2
838	846	3
846	838	3
838	846	4
846	838	4
838	847	0
847	838	0
838	847	1
847	838	1
838	847	2
847	838	2
838	847	3
847	838	3
838	847	4
847	838	4
839	848	0
848	839	0
839	848	1
848	839	1
839	848	2
848	839	2
839	848	3
848	839	3
839	848	4
848	839	4
840	848	0
848	840	0
840	848	1
848	840	1
840	848	2
848	840	2
840	848	3
848	840	3
840	848	4
848	840	4
841	848	0
848	841	0
841	848	1
848	841	1
841	848	2
848	841	2
841	848	3
848	841	3
841	848	4
848	841	4
842	848	0
848	842	0
842	848	1
848	842	1
842	848	2
848	842	2
842	848	3
848	842	3
842	848	4
848	842	4
843	848	0
848	843	0
843	848	1
848	843	1
843	848	2
848	843	2
843	848	3
848	843	3
843	848	4
848	843	4
849	854	0
854	849	0
849	854	1
854	849	1
849	854	2
854	849	2
849	854	3
854	849	3
849	854	4
854	849	4
849	855	0
855	849	0
849	855	1
855	849	1
849	855	2
855	849	2
849	855	3
855	849	3
849	855	4
855	849	4
849	856	0
856	849	0
849	856	1
856	849	1
849	856	2
856	849	2
849	856	3
856	849	3
849	856	4
856	849	4
849	857	0
857	849	0
849	857	1
857	849	1
849	857	2
857	849	2
849	857	3
857	849	3
849	857	4
857	849	4
849	858	0
858	849	0
849	858	1
858	849	1
849	858	2
858	849	2
849	858	3
858	849	3
849	858	4
858	849	4
849	859	0
859	849	0
849	859	1
859	849	1
849	859	2
859	849	2
849	859	3
859	849	3
849	859	4
859	849	4
850	854	0
854	850	0
850	854	1
854	850	1
850	854	2
854	850	2
850	854	3
854	850	3
850	854	4
854	850	4
850	855	0
855	850	0
850	855	1
855	850	1
850	855	2
855	850	2
850	855	3
855	850	3
850	855	4
855	850	4
850	856	0
856	850	0
850	856	1
856	850	1
850	856	2
856	850	2
850	856	3
856	850	3
850	856	4
856	850	4
850	857	0
857	850	0
850	857	1
857	850	1
850	857	2
857	850	2
850	857	3
857	850	3
850	857	4
857	850	4
850	858	0
858	850	0
850	858	1
858	850	1
850	858	2
858	850	2
850	858	3
858	850	3
850	858	4
858	850	4
850	859	0
859	850	0
850	859	1
859	850	1
850	859	2
859	850	2
850	859	3
859	850	3
850	859	4
859	850	4
851	854	0
854	851	0
851	854	1
854	851	1
851	854	2
854	851	2
851	854	3
854	851	3
851	854	4
854	851	4
851	855	0
855	851	0
851	855	1
855	851	1
851	855	2
855	851	2
851	855	3
855	851	3
851	855	4
855	851	4
851	856	0
856	851	0
851	856	1
856	851	1
851	856	2
856	851	2
851	856	3
856	851	3
851	856	4
856	851	4
851	857	0
857	851	0
851	857	1
857	851	1
851	857	2
857	851	2
851	857	3
857	851	3
851	857	4
857	851	4
851	858	0
858	851	0
851	858	1
858	851	1
851	858	2
858	851	2
851	858	3
858	851	3
851	858	4
858	851	4
851	859	0
859	851	0
851	859	1
859	851	1
851	859	2
859	851	2
851	859	3
859	851	3
851	859	4
859	851	4
852	854	0
854	852	0
852	854	1
854	852	1
852	854	2
854	852	2
852	854	3
854	852	3
852	854	4
854	852	4
852	855	0
855	852	0
852	855	1
855	852	1
852	855	2
855	852	2
852	855	3
855	852	3
852	855	4
855	852	4
852	856	0
856	852	0
852	856	1
856	852	1
852	856	2
856	852	2
852	856	3
856	852	3
852	856	4
856	852	4
852	857	0
857	852	0
852	857	1
857	852	1
852	857	2
857	852	2
852	857	3
857	852	3
852	857	4
857	852	4
852	858	0
858	852	0
852	858	1
858	852	1
852	858	2
858	852	2
852	858	3
858	852	3
852	858	4
858	852	4
852	859	0
859	852	0
852	859	1
859	852	1
852	859	2
859	852	2
852	859	3
859	852	3
852	859	4
859	852	4
853	860	0
860	853	0
853	860	1
860	853	1
853	860	2
860	853	2
853	860	3
860	853	3
853	860	4
860	853	4
853	861	0
861	853	0
853	861	1
861	853	1
853	861	2
861	853	2
853	861	3
861	853	3
853	861	4
861	853	4
868	872	0
872	868	0
868	872	1
872	868	1
868	872	2
872	868	2
868	872	3
872	868	3
868	872	4
872	868	4
868	873	0
873	868	0
868	873	1
873	868	1
868	873	2
873	868	2
868	873	3
873	868	3
868	873	4
873	868	4
868	874	0
874	868	0
868	874	1
874	868	1
868	874	2
874	868	2
868	874	3
874	868	3
868	874	4
874	868	4
868	875	0
875	868	0
868	875	1
875	868	1
868	875	2
875	868	2
868	875	3
875	868	3
868	875	4
875	868	4
869	872	0
872	869	0
869	872	1
872	869	1
869	872	2
872	869	2
869	872	3
872	869	3
869	872	4
872	869	4
869	873	0
873	869	0
869	873	1
873	869	1
869	873	2
873	869	2
869	873	3
873	869	3
869	873	4
873	869	4
869	874	0
874	869	0
869	874	1
874	869	1
869	874	2
874	869	2
869	874	3
874	869	3
869	874	4
874	869	4
869	875	0
875	869	0
869	875	1
875	869	1
869	875	2
875	869	2
869	875	3
875	869	3
869	875	4
875	869	4
870	876	0
876	870	0
870	876	1
876	870	1
870	876	2
876	870	2
870	876	3
876	870	3
870	876	4
876	870	4
870	877	0
877	870	0
870	877	1
877	870	1
870	877	2
877	870	2
870	877	3
877	870	3
870	877	4
877	870	4
870	878	0
878	870	0
870	878	1
878	870	1
870	878	2
878	870	2
870	878	3
878	870	3
870	878	4
878	870	4
870	879	0
879	870	0
870	879	1
879	870	1
870	879	2
879	870	2
870	879	3
879	870	3
870	879	4
879	870	4
870	880	0
880	870	0
870	880	1
880	870	1
870	880	2
880	870	2
870	880	3
880	870	3
870	880	4
880	870	4
870	881	0
881	870	0
870	881	1
881	870	1
870	881	2
881	870	2
870	881	3
881	870	3
870	881	4
881	870	4
871	876	0
876	871	0
871	876	1
876	871	1
871	876	2
876	871	2
871	876	3
876	871	3
871	876	4
876	871	4
871	877	0
877	871	0
871	877	1
877	871	1
871	877	2
877	871	2
871	877	3
877	871	3
871	877	4
877	871	4
871	878	0
878	871	0
871	878	1
878	871	1
871	878	2
878	871	2
871	878	3
878	871	3
871	878	4
878	871	4
871	879	0
879	871	0
871	879	1
879	871	1
871	879	2
879	871	2
871	879	3
879	871	3
871	879	4
879	871	4
871	880	0
880	871	0
871	880	1
880	871	1
871	880	2
880	871	2
871	880	3
880	871	3
871	880	4
880	871	4
871	881	0
881	871	0
871	881	1
881	871	1
871	881	2
881	871	2
871	881	3
881	871	3
871	881	4
881	871	4
872	882	0
882	872	0
872	882	1
882	872	1
872	882	2
882	872	2
872	882	3
882	872	3
872	882	4
882	872	4
873	882	0
882	873	0
873	882	1
882	873	1
873	882	2
882	873	2
873	882	3
882	873	3
873	882	4
882	873	4
874	882	0
882	874	0
874	882	1
882	874	1
874	882	2
882	874	2
874	882	3
882	874	3
874	882	4
882	874	4
875	882	0
882	875	0
875	882	1
882	875	1
875	882	2
882	875	2
875	882	3
882	875	3
875	882	4
882	875	4
876	883	0
883	876	0
876	883	1
883	876	1
876	883	2
883	876	2
876	883	3
883	876	3
876	883	4
883	876	4
876	884	0
884	876	0
876	884	1
884	876	1
876	884	2
884	876	2
876	884	3
884	876	3
876	884	4
884	876	4
877	883	0
883	877	0
877	883	1
883	877	1
877	883	2
883	877	2
877	883	3
883	877	3
877	883	4
883	877	4
877	884	0
884	877	0
877	884	1
884	877	1
877	884	2
884	877	2
877	884	3
884	877	3
877	884	4
884	877	4
878	883	0
883	878	0
878	883	1
883	878	1
878	883	2
883	878	2
878	883	3
883	878	3
878	883	4
883	878	4
878	884	0
884	878	0
878	884	1
884	878	1
878	884	2
884	878	2
878	884	3
884	878	3
878	884	4
884	878	4
879	883	0
883	879	0
879	883	1
883	879	1
879	883	2
883	879	2
879	883	3
883	879	3
879	883	4
883	879	4
879	884	0
884	879	0
879	884	1
884	879	1
879	884	2
884	879	2
879	884	3
884	879	3
879	884	4
884	879	4
880	883	0
883	880	0
880	883	1
883	880	1
880	883	2
883	880	2
880	883	3
883	880	3
880	883	4
883	880	4
880	884	0
884	880	0
880	884	1
884	880	1
880	884	2
884	880	2
880	884	3
884	880	3
880	884	4
884	880	4
881	883	0
883	881	0
881	883	1
883	881	1
881	883	2
883	881	2
881	883	3
883	881	3
881	883	4
883	881	4
881	884	0
884	881	0
881	884	1
884	881	1
881	884	2
884	881	2
881	884	3
884	881	3
881	884	4
884	881	4
882	885	0
885	882	0
882	885	1
885	882	1
882	885	2
885	882	2
882	885	3
885	882	3
882	885	4
885	882	4
882	886	0
886	882	0
882	886	1
886	882	1
882	886	2
886	882	2
882	886	3
886	882	3
882	886	4
886	882	4
882	887	0
887	882	0
882	887	1
887	882	1
882	887	2
887	882	2
882	887	3
887	882	3
882	887	4
887	882	4
883	888	0
888	883	0
883	888	1
888	883	1
883	888	2
888	883	2
883	888	3
888	883	3
883	888	4
888	883	4
883	889	0
889	883	0
883	889	1
889	883	1
883	889	2
889	883	2
883	889	3
889	883	3
883	889	4
889	883	4
884	888	0
888	884	0
884	888	1
888	884	1
884	888	2
888	884	2
884	888	3
888	884	3
884	888	4
888	884	4
884	889	0
889	884	0
884	889	1
889	884	1
884	889	2
889	884	2
884	889	3
889	884	3
884	889	4
889	884	4
885	890	0
890	885	0
885	890	1
890	885	1
885	890	2
890	885	2
885	890	3
890	885	3
885	890	4
890	885	4
886	890	0
890	886	0
886	890	1
890	886	1
886	890	2
890	886	2
886	890	3
890	886	3
886	890	4
890	886	4
887	890	0
890	887	0
887	890	1
890	887	1
887	890	2
890	887	2
887	890	3
890	887	3
887	890	4
890	887	4
888	891	0
891	888	0
888	891	1
891	888	1
888	891	2
891	888	2
888	891	3
891	888	3
888	891	4
891	888	4
889	891	0
891	889	0
889	891	1
891	889	1
889	891	2
891	889	2
889	891	3
891	889	3
889	891	4
891	889	4
890	892	0
892	890	0
890	892	1
892	890	1
890	892	2
892	890	2
890	892	3
892	890	3
890	892	4
892	890	4
890	893	0
893	890	0
890	893	1
893	890	1
890	893	2
893	890	2
890	893	3
893	890	3
890	893	4
893	890	4
894	900	0
900	894	0
894	900	1
900	894	1
894	900	2
900	894	2
894	900	3
900	894	3
894	900	4
900	894	4
894	901	0
901	894	0
894	901	1
901	894	1
894	901	2
901	894	2
894	901	3
901	894	3
894	901	4
901	894	4
894	902	0
902	894	0
894	902	1
902	894	1
894	902	2
902	894	2
894	902	3
902	894	3
894	902	4
902	894	4
895	900	0
900	895	0
895	900	1
900	895	1
895	900	2
900	895	2
895	900	3
900	895	3
895	900	4
900	895	4
895	901	0
901	895	0
895	901	1
901	895	1
895	901	2
901	895	2
895	901	3
901	895	3
895	901	4
901	895	4
895	902	0
902	895	0
895	902	1
902	895	1
895	902	2
902	895	2
895	902	3
902	895	3
895	902	4
902	895	4
896	900	0
900	896	0
896	900	1
900	896	1
896	900	2
900	896	2
896	900	3
900	896	3
896	900	4
900	896	4
896	901	0
901	896	0
896	901	1
901	896	1
896	901	2
901	896	2
896	901	3
901	896	3
896	901	4
901	896	4
896	902	0
902	896	0
896	902	1
902	896	1
896	902	2
902	896	2
896	902	3
902	896	3
896	902	4
902	896	4
897	903	0
903	897	0
897	903	1
903	897	1
897	903	2
903	897	2
897	903	3
903	897	3
897	903	4
903	897	4
897	904	0
904	897	0
897	904	1
904	897	1
897	904	2
904	897	2
897	904	3
904	897	3
897	904	4
904	897	4
897	905	0
905	897	0
897	905	1
905	897	1
897	905	2
905	897	2
897	905	3
905	897	3
897	905	4
905	897	4
897	906	0
906	897	0
897	906	1
906	897	1
897	906	2
906	897	2
897	906	3
906	897	3
897	906	4
906	897	4
897	907	0
907	897	0
897	907	1
907	897	1
897	907	2
907	897	2
897	907	3
907	897	3
897	907	4
907	897	4
897	908	0
908	897	0
897	908	1
908	897	1
897	908	2
908	897	2
897	908	3
908	897	3
897	908	4
908	897	4
897	909	0
909	897	0
897	909	1
909	897	1
897	909	2
909	897	2
897	909	3
909	897	3
897	909	4
909	897	4
897	910	0
910	897	0
897	910	1
910	897	1
897	910	2
910	897	2
897	910	3
910	897	3
897	910	4
910	897	4
898	903	0
903	898	0
898	903	1
903	898	1
898	903	2
903	898	2
898	903	3
903	898	3
898	903	4
903	898	4
898	904	0
904	898	0
898	904	1
904	898	1
898	904	2
904	898	2
898	904	3
904	898	3
898	904	4
904	898	4
898	905	0
905	898	0
898	905	1
905	898	1
898	905	2
905	898	2
898	905	3
905	898	3
898	905	4
905	898	4
898	906	0
906	898	0
898	906	1
906	898	1
898	906	2
906	898	2
898	906	3
906	898	3
898	906	4
906	898	4
898	907	0
907	898	0
898	907	1
907	898	1
898	907	2
907	898	2
898	907	3
907	898	3
898	907	4
907	898	4
898	908	0
908	898	0
898	908	1
908	898	1
898	908	2
908	898	2
898	908	3
908	898	3
898	908	4
908	898	4
898	909	0
909	898	0
898	909	1
909	898	1
898	909	2
909	898	2
898	909	3
909	898	3
898	909	4
909	898	4
898	910	0
910	898	0
898	910	1
910	898	1
898	910	2
910	898	2
898	910	3
910	898	3
898	910	4
910	898	4
899	903	0
903	899	0
899	903	1
903	899	1
899	903	2
903	899	2
899	903	3
903	899	3
899	903	4
903	899	4
899	904	0
904	899	0
899	904	1
904	899	1
899	904	2
904	899	2
899	904	3
904	899	3
899	904	4
904	899	4
899	905	0
905	899	0
899	905	1
905	899	1
899	905	2
905	899	2
899	905	3
905	899	3
899	905	4
905	899	4
899	906	0
906	899	0
899	906	1
906	899	1
899	906	2
906	899	2
899	906	3
906	899	3
899	906	4
906	899	4
899	907	0
907	899	0
899	907	1
907	899	1
899	907	2
907	899	2
899	907	3
907	899	3
899	907	4
907	899	4
899	908	0
908	899	0
899	908	1
908	899	1
899	908	2
908	899	2
899	908	3
908	899	3
899	908	4
908	899	4
899	909	0
909	899	0
899	909	1
909	899	1
899	909	2
909	899	2
899	909	3
909	899	3
899	909	4
909	899	4
899	910	0
910	899	0
899	910	1
910	899	1
899	910	2
910	899	2
899	910	3
910	899	3
899	910	4
910	899	4
900	911	0
911	900	0
900	911	1
911	900	1
900	911	2
911	900	2
900	911	3
911	900	3
900	911	4
911	900	4
900	912	0
912	900	0
900	912	1
912	900	1
900	912	2
912	900	2
900	912	3
912	900	3
900	912	4
912	900	4
900	913	0
913	900	0
900	913	1
913	900	1
900	913	2
913	900	2
900	913	3
913	900	3
900	913	4
913	900	4
900	914	0
914	900	0
900	914	1
914	900	1
900	914	2
914	900	2
900	914	3
914	900	3
900	914	4
914	900	4
901	911	0
911	901	0
901	911	1
911	901	1
901	911	2
911	901	2
901	911	3
911	901	3
901	911	4
911	901	4
901	912	0
912	901	0
901	912	1
912	901	1
901	912	2
912	901	2
901	912	3
912	901	3
901	912	4
912	901	4
901	913	0
913	901	0
901	913	1
913	901	1
901	913	2
913	901	2
901	913	3
913	901	3
901	913	4
913	901	4
901	914	0
914	901	0
901	914	1
914	901	1
901	914	2
914	901	2
901	914	3
914	901	3
901	914	4
914	901	4
902	911	0
911	902	0
902	911	1
911	902	1
902	911	2
911	902	2
902	911	3
911	902	3
902	911	4
911	902	4
902	912	0
912	902	0
902	912	1
912	902	1
902	912	2
912	902	2
902	912	3
912	902	3
902	912	4
912	902	4
902	913	0
913	902	0
902	913	1
913	902	1
902	913	2
913	902	2
902	913	3
913	902	3
902	913	4
913	902	4
902	914	0
914	902	0
902	914	1
914	902	1
902	914	2
914	902	2
902	914	3
914	902	3
902	914	4
914	902	4
915	919	0
919	915	0
915	919	1
919	915	1
915	919	2
919	915	2
915	919	3
919	915	3
915	919	4
919	915	4
915	920	0
920	915	0
915	920	1
920	915	1
915	920	2
920	915	2
915	920	3
920	915	3
915	920	4
920	915	4
915	921	0
921	915	0
915	921	1
921	915	1
915	921	2
921	915	2
915	921	3
921	915	3
915	921	4
921	915	4
915	922	0
922	915	0
915	922	1
922	915	1
915	922	2
922	915	2
915	922	3
922	915	3
915	922	4
922	915	4
916	919	0
919	916	0
916	919	1
919	916	1
916	919	2
919	916	2
916	919	3
919	916	3
916	919	4
919	916	4
916	920	0
920	916	0
916	920	1
920	916	1
916	920	2
920	916	2
916	920	3
920	916	3
916	920	4
920	916	4
916	921	0
921	916	0
916	921	1
921	916	1
916	921	2
921	916	2
916	921	3
921	916	3
916	921	4
921	916	4
916	922	0
922	916	0
916	922	1
922	916	1
916	922	2
922	916	2
916	922	3
922	916	3
916	922	4
922	916	4
917	919	0
919	917	0
917	919	1
919	917	1
917	919	2
919	917	2
917	919	3
919	917	3
917	919	4
919	917	4
917	920	0
920	917	0
917	920	1
920	917	1
917	920	2
920	917	2
917	920	3
920	917	3
917	920	4
920	917	4
917	921	0
921	917	0
917	921	1
921	917	1
917	921	2
921	917	2
917	921	3
921	917	3
917	921	4
921	917	4
917	922	0
922	917	0
917	922	1
922	917	1
917	922	2
922	917	2
917	922	3
922	917	3
917	922	4
922	917	4
923	925	0
925	923	0
923	925	1
925	923	1
923	925	2
925	923	2
923	925	3
925	923	3
923	925	4
925	923	4
924	926	0
926	924	0
924	926	1
926	924	1
924	926	2
926	924	2
924	926	3
926	924	3
924	926	4
926	924	4
925	928	0
928	925	0
925	928	1
928	925	1
925	928	2
928	925	2
925	928	3
928	925	3
925	928	4
928	925	4
925	927	0
927	925	0
925	927	1
927	925	1
925	927	2
927	925	2
925	927	3
927	925	3
925	927	4
927	925	4
926	929	0
929	926	0
926	929	1
929	926	1
926	929	2
929	926	2
926	929	3
929	926	3
926	929	4
929	926	4
926	930	0
930	926	0
926	930	1
930	926	1
926	930	2
930	926	2
926	930	3
930	926	3
926	930	4
930	926	4
931	934	0
934	931	0
931	934	1
934	931	1
931	934	2
934	931	2
931	934	3
934	931	3
931	934	4
934	931	4
931	935	0
935	931	0
931	935	1
935	931	1
931	935	2
935	931	2
931	935	3
935	931	3
931	935	4
935	931	4
932	936	0
936	932	0
932	936	1
936	932	1
932	936	2
936	932	2
932	936	3
936	932	3
932	936	4
936	932	4
933	936	0
936	933	0
933	936	1
936	933	1
933	936	2
936	933	2
933	936	3
936	933	3
933	936	4
936	933	4
942	949	0
949	942	0
942	949	1
949	942	1
942	949	2
949	942	2
942	949	3
949	942	3
942	949	4
949	942	4
943	949	0
949	943	0
943	949	1
949	943	1
943	949	2
949	943	2
943	949	3
949	943	3
943	949	4
949	943	4
944	950	0
950	944	0
944	950	1
950	944	1
944	950	2
950	944	2
944	950	3
950	944	3
944	950	4
950	944	4
944	951	0
951	944	0
944	951	1
951	944	1
944	951	2
951	944	2
944	951	3
951	944	3
944	951	4
951	944	4
945	950	0
950	945	0
945	950	1
950	945	1
945	950	2
950	945	2
945	950	3
950	945	3
945	950	4
950	945	4
945	951	0
951	945	0
945	951	1
951	945	1
945	951	2
951	945	2
945	951	3
951	945	3
945	951	4
951	945	4
946	950	0
950	946	0
946	950	1
950	946	1
946	950	2
950	946	2
946	950	3
950	946	3
946	950	4
950	946	4
946	951	0
951	946	0
946	951	1
951	946	1
946	951	2
951	946	2
946	951	3
951	946	3
946	951	4
951	946	4
947	950	0
950	947	0
947	950	1
950	947	1
947	950	2
950	947	2
947	950	3
950	947	3
947	950	4
950	947	4
947	951	0
951	947	0
947	951	1
951	947	1
947	951	2
951	947	2
947	951	3
951	947	3
947	951	4
951	947	4
948	950	0
950	948	0
948	950	1
950	948	1
948	950	2
950	948	2
948	950	3
950	948	3
948	950	4
950	948	4
948	951	0
951	948	0
948	951	1
951	948	1
948	951	2
951	948	2
948	951	3
951	948	3
948	951	4
951	948	4
949	952	0
952	949	0
949	952	1
952	949	1
949	952	2
952	949	2
949	952	3
952	949	3
949	952	4
952	949	4
949	953	0
953	949	0
949	953	1
953	949	1
949	953	2
953	949	2
949	953	3
953	949	3
949	953	4
953	949	4
949	954	0
954	949	0
949	954	1
954	949	1
949	954	2
954	949	2
949	954	3
954	949	3
949	954	4
954	949	4
949	955	0
955	949	0
949	955	1
955	949	1
949	955	2
955	949	2
949	955	3
955	949	3
949	955	4
955	949	4
949	956	0
956	949	0
949	956	1
956	949	1
949	956	2
956	949	2
949	956	3
956	949	3
949	956	4
956	949	4
959	964	0
964	959	0
959	964	1
964	959	1
959	964	2
964	959	2
959	964	3
964	959	3
959	964	4
964	959	4
959	965	0
965	959	0
959	965	1
965	959	1
959	965	2
965	959	2
959	965	3
965	959	3
959	965	4
965	959	4
960	964	0
964	960	0
960	964	1
964	960	1
960	964	2
964	960	2
960	964	3
964	960	3
960	964	4
964	960	4
960	965	0
965	960	0
960	965	1
965	960	1
960	965	2
965	960	2
960	965	3
965	960	3
960	965	4
965	960	4
961	964	0
964	961	0
961	964	1
964	961	1
961	964	2
964	961	2
961	964	3
964	961	3
961	964	4
964	961	4
961	965	0
965	961	0
961	965	1
965	961	1
961	965	2
965	961	2
961	965	3
965	961	3
961	965	4
965	961	4
962	964	0
964	962	0
962	964	1
964	962	1
962	964	2
964	962	2
962	964	3
964	962	3
962	964	4
964	962	4
962	965	0
965	962	0
962	965	1
965	962	1
962	965	2
965	962	2
962	965	3
965	962	3
962	965	4
965	962	4
963	966	0
966	963	0
963	966	1
966	963	1
963	966	2
966	963	2
963	966	3
966	963	3
963	966	4
966	963	4
963	967	0
967	963	0
963	967	1
967	963	1
963	967	2
967	963	2
963	967	3
967	963	3
963	967	4
967	963	4
963	968	0
968	963	0
963	968	1
968	963	1
963	968	2
968	963	2
963	968	3
968	963	3
963	968	4
968	963	4
964	969	0
969	964	0
964	969	1
969	964	1
964	969	2
969	964	2
964	969	3
969	964	3
964	969	4
969	964	4
964	970	0
970	964	0
964	970	1
970	964	1
964	970	2
970	964	2
964	970	3
970	964	3
964	970	4
970	964	4
965	969	0
969	965	0
965	969	1
969	965	1
965	969	2
969	965	2
965	969	3
969	965	3
965	969	4
969	965	4
965	970	0
970	965	0
965	970	1
970	965	1
965	970	2
970	965	2
965	970	3
970	965	3
965	970	4
970	965	4
971	976	0
976	971	0
971	976	1
976	971	1
971	976	2
976	971	2
971	976	3
976	971	3
971	976	4
976	971	4
971	977	0
977	971	0
971	977	1
977	971	1
971	977	2
977	971	2
971	977	3
977	971	3
971	977	4
977	971	4
971	978	0
978	971	0
971	978	1
978	971	1
971	978	2
978	971	2
971	978	3
978	971	3
971	978	4
978	971	4
972	976	0
976	972	0
972	976	1
976	972	1
972	976	2
976	972	2
972	976	3
976	972	3
972	976	4
976	972	4
972	977	0
977	972	0
972	977	1
977	972	1
972	977	2
977	972	2
972	977	3
977	972	3
972	977	4
977	972	4
972	978	0
978	972	0
972	978	1
978	972	1
972	978	2
978	972	2
972	978	3
978	972	3
972	978	4
978	972	4
973	976	0
976	973	0
973	976	1
976	973	1
973	976	2
976	973	2
973	976	3
976	973	3
973	976	4
976	973	4
973	977	0
977	973	0
973	977	1
977	973	1
973	977	2
977	973	2
973	977	3
977	973	3
973	977	4
977	973	4
973	978	0
978	973	0
973	978	1
978	973	1
973	978	2
978	973	2
973	978	3
978	973	3
973	978	4
978	973	4
974	976	0
976	974	0
974	976	1
976	974	1
974	976	2
976	974	2
974	976	3
976	974	3
974	976	4
976	974	4
974	977	0
977	974	0
974	977	1
977	974	1
974	977	2
977	974	2
974	977	3
977	974	3
974	977	4
977	974	4
974	978	0
978	974	0
974	978	1
978	974	1
974	978	2
978	974	2
974	978	3
978	974	3
974	978	4
978	974	4
975	979	0
979	975	0
975	979	1
979	975	1
975	979	2
979	975	2
975	979	3
979	975	3
975	979	4
979	975	4
975	980	0
980	975	0
975	980	1
980	975	1
975	980	2
980	975	2
975	980	3
980	975	3
975	980	4
980	975	4
975	981	0
981	975	0
975	981	1
981	975	1
975	981	2
981	975	2
975	981	3
981	975	3
975	981	4
981	975	4
976	982	0
982	976	0
976	982	1
982	976	1
976	982	2
982	976	2
976	982	3
982	976	3
976	982	4
982	976	4
976	983	0
983	976	0
976	983	1
983	976	1
976	983	2
983	976	2
976	983	3
983	976	3
976	983	4
983	976	4
977	982	0
982	977	0
977	982	1
982	977	1
977	982	2
982	977	2
977	982	3
982	977	3
977	982	4
982	977	4
977	983	0
983	977	0
977	983	1
983	977	1
977	983	2
983	977	2
977	983	3
983	977	3
977	983	4
983	977	4
978	982	0
982	978	0
978	982	1
982	978	1
978	982	2
982	978	2
978	982	3
982	978	3
978	982	4
982	978	4
978	983	0
983	978	0
978	983	1
983	978	1
978	983	2
983	978	2
978	983	3
983	978	3
978	983	4
983	978	4
979	984	0
984	979	0
979	984	1
984	979	1
979	984	2
984	979	2
979	984	3
984	979	3
979	984	4
984	979	4
979	985	0
985	979	0
979	985	1
985	979	1
979	985	2
985	979	2
979	985	3
985	979	3
979	985	4
985	979	4
979	986	0
986	979	0
979	986	1
986	979	1
979	986	2
986	979	2
979	986	3
986	979	3
979	986	4
986	979	4
979	987	0
987	979	0
979	987	1
987	979	1
979	987	2
987	979	2
979	987	3
987	979	3
979	987	4
987	979	4
979	988	0
988	979	0
979	988	1
988	979	1
979	988	2
988	979	2
979	988	3
988	979	3
979	988	4
988	979	4
980	984	0
984	980	0
980	984	1
984	980	1
980	984	2
984	980	2
980	984	3
984	980	3
980	984	4
984	980	4
980	985	0
985	980	0
980	985	1
985	980	1
980	985	2
985	980	2
980	985	3
985	980	3
980	985	4
985	980	4
980	986	0
986	980	0
980	986	1
986	980	1
980	986	2
986	980	2
980	986	3
986	980	3
980	986	4
986	980	4
980	987	0
987	980	0
980	987	1
987	980	1
980	987	2
987	980	2
980	987	3
987	980	3
980	987	4
987	980	4
980	988	0
988	980	0
980	988	1
988	980	1
980	988	2
988	980	2
980	988	3
988	980	3
980	988	4
988	980	4
981	984	0
984	981	0
981	984	1
984	981	1
981	984	2
984	981	2
981	984	3
984	981	3
981	984	4
984	981	4
981	985	0
985	981	0
981	985	1
985	981	1
981	985	2
985	981	2
981	985	3
985	981	3
981	985	4
985	981	4
981	986	0
986	981	0
981	986	1
986	981	1
981	986	2
986	981	2
981	986	3
986	981	3
981	986	4
986	981	4
981	987	0
987	981	0
981	987	1
987	981	1
981	987	2
987	981	2
981	987	3
987	981	3
981	987	4
987	981	4
981	988	0
988	981	0
981	988	1
988	981	1
981	988	2
988	981	2
981	988	3
988	981	3
981	988	4
988	981	4
982	989	0
989	982	0
982	989	1
989	982	1
982	989	2
989	982	2
982	989	3
989	982	3
982	989	4
989	982	4
982	990	0
990	982	0
982	990	1
990	982	1
982	990	2
990	982	2
982	990	3
990	982	3
982	990	4
990	982	4
982	991	0
991	982	0
982	991	1
991	982	1
982	991	2
991	982	2
982	991	3
991	982	3
982	991	4
991	982	4
983	989	0
989	983	0
983	989	1
989	983	1
983	989	2
989	983	2
983	989	3
989	983	3
983	989	4
989	983	4
983	990	0
990	983	0
983	990	1
990	983	1
983	990	2
990	983	2
983	990	3
990	983	3
983	990	4
990	983	4
983	991	0
991	983	0
983	991	1
991	983	1
983	991	2
991	983	2
983	991	3
991	983	3
983	991	4
991	983	4
984	992	0
992	984	0
984	992	1
992	984	1
984	992	2
992	984	2
984	992	3
992	984	3
984	992	4
992	984	4
985	992	0
992	985	0
985	992	1
992	985	1
985	992	2
992	985	2
985	992	3
992	985	3
985	992	4
992	985	4
986	992	0
992	986	0
986	992	1
992	986	1
986	992	2
992	986	2
986	992	3
992	986	3
986	992	4
992	986	4
987	992	0
992	987	0
987	992	1
992	987	1
987	992	2
992	987	2
987	992	3
992	987	3
987	992	4
992	987	4
988	992	0
992	988	0
988	992	1
992	988	1
988	992	2
992	988	2
988	992	3
992	988	3
988	992	4
992	988	4
989	993	0
993	989	0
989	993	1
993	989	1
989	993	2
993	989	2
989	993	3
993	989	3
989	993	4
993	989	4
989	994	0
994	989	0
989	994	1
994	989	1
989	994	2
994	989	2
989	994	3
994	989	3
989	994	4
994	989	4
989	995	0
995	989	0
989	995	1
995	989	1
989	995	2
995	989	2
989	995	3
995	989	3
989	995	4
995	989	4
990	993	0
993	990	0
990	993	1
993	990	1
990	993	2
993	990	2
990	993	3
993	990	3
990	993	4
993	990	4
990	994	0
994	990	0
990	994	1
994	990	1
990	994	2
994	990	2
990	994	3
994	990	3
990	994	4
994	990	4
990	995	0
995	990	0
990	995	1
995	990	1
990	995	2
995	990	2
990	995	3
995	990	3
990	995	4
995	990	4
991	993	0
993	991	0
991	993	1
993	991	1
991	993	2
993	991	2
991	993	3
993	991	3
991	993	4
993	991	4
991	994	0
994	991	0
991	994	1
994	991	1
991	994	2
994	991	2
991	994	3
994	991	3
991	994	4
994	991	4
991	995	0
995	991	0
991	995	1
995	991	1
991	995	2
995	991	2
991	995	3
995	991	3
991	995	4
995	991	4
992	996	0
996	992	0
992	996	1
996	992	1
992	996	2
996	992	2
992	996	3
996	992	3
992	996	4
996	992	4
1003	1010	0
1010	1003	0
1003	1010	1
1010	1003	1
1003	1010	2
1010	1003	2
1003	1010	3
1010	1003	3
1003	1010	4
1010	1003	4
1004	1010	0
1010	1004	0
1004	1010	1
1010	1004	1
1004	1010	2
1010	1004	2
1004	1010	3
1010	1004	3
1004	1010	4
1010	1004	4
1005	1010	0
1010	1005	0
1005	1010	1
1010	1005	1
1005	1010	2
1010	1005	2
1005	1010	3
1010	1005	3
1005	1010	4
1010	1005	4
1006	1010	0
1010	1006	0
1006	1010	1
1010	1006	1
1006	1010	2
1010	1006	2
1006	1010	3
1010	1006	3
1006	1010	4
1010	1006	4
1007	1010	0
1010	1007	0
1007	1010	1
1010	1007	1
1007	1010	2
1010	1007	2
1007	1010	3
1010	1007	3
1007	1010	4
1010	1007	4
1011	1016	0
1016	1011	0
1011	1016	1
1016	1011	1
1011	1016	2
1016	1011	2
1011	1016	3
1016	1011	3
1011	1016	4
1016	1011	4
1012	1016	0
1016	1012	0
1012	1016	1
1016	1012	1
1012	1016	2
1016	1012	2
1012	1016	3
1016	1012	3
1012	1016	4
1016	1012	4
1017	1025	0
1025	1017	0
1017	1025	1
1025	1017	1
1017	1025	2
1025	1017	2
1017	1025	3
1025	1017	3
1017	1025	4
1025	1017	4
1017	1026	0
1026	1017	0
1017	1026	1
1026	1017	1
1017	1026	2
1026	1017	2
1017	1026	3
1026	1017	3
1017	1026	4
1026	1017	4
1018	1025	0
1025	1018	0
1018	1025	1
1025	1018	1
1018	1025	2
1025	1018	2
1018	1025	3
1025	1018	3
1018	1025	4
1025	1018	4
1018	1026	0
1026	1018	0
1018	1026	1
1026	1018	1
1018	1026	2
1026	1018	2
1018	1026	3
1026	1018	3
1018	1026	4
1026	1018	4
1019	1025	0
1025	1019	0
1019	1025	1
1025	1019	1
1019	1025	2
1025	1019	2
1019	1025	3
1025	1019	3
1019	1025	4
1025	1019	4
1019	1026	0
1026	1019	0
1019	1026	1
1026	1019	1
1019	1026	2
1026	1019	2
1019	1026	3
1026	1019	3
1019	1026	4
1026	1019	4
1020	1027	0
1027	1020	0
1020	1027	1
1027	1020	1
1020	1027	2
1027	1020	2
1020	1027	3
1027	1020	3
1020	1027	4
1027	1020	4
1020	1028	0
1028	1020	0
1020	1028	1
1028	1020	1
1020	1028	2
1028	1020	2
1020	1028	3
1028	1020	3
1020	1028	4
1028	1020	4
1021	1027	0
1027	1021	0
1021	1027	1
1027	1021	1
1021	1027	2
1027	1021	2
1021	1027	3
1027	1021	3
1021	1027	4
1027	1021	4
1021	1028	0
1028	1021	0
1021	1028	1
1028	1021	1
1021	1028	2
1028	1021	2
1021	1028	3
1028	1021	3
1021	1028	4
1028	1021	4
1022	1027	0
1027	1022	0
1022	1027	1
1027	1022	1
1022	1027	2
1027	1022	2
1022	1027	3
1027	1022	3
1022	1027	4
1027	1022	4
1022	1028	0
1028	1022	0
1022	1028	1
1028	1022	1
1022	1028	2
1028	1022	2
1022	1028	3
1028	1022	3
1022	1028	4
1028	1022	4
1023	1027	0
1027	1023	0
1023	1027	1
1027	1023	1
1023	1027	2
1027	1023	2
1023	1027	3
1027	1023	3
1023	1027	4
1027	1023	4
1023	1028	0
1028	1023	0
1023	1028	1
1028	1023	1
1023	1028	2
1028	1023	2
1023	1028	3
1028	1023	3
1023	1028	4
1028	1023	4
1024	1027	0
1027	1024	0
1024	1027	1
1027	1024	1
1024	1027	2
1027	1024	2
1024	1027	3
1027	1024	3
1024	1027	4
1027	1024	4
1024	1028	0
1028	1024	0
1024	1028	1
1028	1024	1
1024	1028	2
1028	1024	2
1024	1028	3
1028	1024	3
1024	1028	4
1028	1024	4
1025	1029	0
1029	1025	0
1025	1029	1
1029	1025	1
1025	1029	2
1029	1025	2
1025	1029	3
1029	1025	3
1025	1029	4
1029	1025	4
1025	1030	0
1030	1025	0
1025	1030	1
1030	1025	1
1025	1030	2
1030	1025	2
1025	1030	3
1030	1025	3
1025	1030	4
1030	1025	4
1026	1029	0
1029	1026	0
1026	1029	1
1029	1026	1
1026	1029	2
1029	1026	2
1026	1029	3
1029	1026	3
1026	1029	4
1029	1026	4
1026	1030	0
1030	1026	0
1026	1030	1
1030	1026	1
1026	1030	2
1030	1026	2
1026	1030	3
1030	1026	3
1026	1030	4
1030	1026	4
1027	1031	0
1031	1027	0
1027	1031	1
1031	1027	1
1027	1031	2
1031	1027	2
1027	1031	3
1031	1027	3
1027	1031	4
1031	1027	4
1028	1031	0
1031	1028	0
1028	1031	1
1031	1028	1
1028	1031	2
1031	1028	2
1028	1031	3
1031	1028	3
1028	1031	4
1031	1028	4
1032	1037	0
1037	1032	0
1032	1037	1
1037	1032	1
1032	1037	2
1037	1032	2
1032	1037	3
1037	1032	3
1032	1037	4
1037	1032	4
1032	1038	0
1038	1032	0
1032	1038	1
1038	1032	1
1032	1038	2
1038	1032	2
1032	1038	3
1038	1032	3
1032	1038	4
1038	1032	4
1033	1037	0
1037	1033	0
1033	1037	1
1037	1033	1
1033	1037	2
1037	1033	2
1033	1037	3
1037	1033	3
1033	1037	4
1037	1033	4
1033	1038	0
1038	1033	0
1033	1038	1
1038	1033	1
1033	1038	2
1038	1033	2
1033	1038	3
1038	1033	3
1033	1038	4
1038	1033	4
1034	1037	0
1037	1034	0
1034	1037	1
1037	1034	1
1034	1037	2
1037	1034	2
1034	1037	3
1037	1034	3
1034	1037	4
1037	1034	4
1034	1038	0
1038	1034	0
1034	1038	1
1038	1034	1
1034	1038	2
1038	1034	2
1034	1038	3
1038	1034	3
1034	1038	4
1038	1034	4
1035	1039	0
1039	1035	0
1035	1039	1
1039	1035	1
1035	1039	2
1039	1035	2
1035	1039	3
1039	1035	3
1035	1039	4
1039	1035	4
1036	1039	0
1039	1036	0
1036	1039	1
1039	1036	1
1036	1039	2
1039	1036	2
1036	1039	3
1039	1036	3
1036	1039	4
1039	1036	4
1037	1040	0
1040	1037	0
1037	1040	1
1040	1037	1
1037	1040	2
1040	1037	2
1037	1040	3
1040	1037	3
1037	1040	4
1040	1037	4
1037	1041	0
1041	1037	0
1037	1041	1
1041	1037	1
1037	1041	2
1041	1037	2
1037	1041	3
1041	1037	3
1037	1041	4
1041	1037	4
1038	1040	0
1040	1038	0
1038	1040	1
1040	1038	1
1038	1040	2
1040	1038	2
1038	1040	3
1040	1038	3
1038	1040	4
1040	1038	4
1038	1041	0
1041	1038	0
1038	1041	1
1041	1038	1
1038	1041	2
1041	1038	2
1038	1041	3
1041	1038	3
1038	1041	4
1041	1038	4
