8244	8245	0	0.5235431
8244	8245	1	0.4384571
8244	8245	2	0.40469822
8244	8246	0	0.71521395
8244	8246	1	0.6702886
8244	8246	2	0.6208107
8245	8246	0	0.7826251
8245	8246	1	0.774085
8245	8246	2	0.8220355
8245	8247	0	0.5807538
8245	8247	1	0.853198
8245	8247	2	0.6773619
8245	8248	0	0.7364733
8245	8248	1	0.86204654
8245	8248	2	0.51681036
8246	8247	0	0.59159213
8246	8247	1	0.6610561
8246	8247	2	0.6939222
8246	8248	0	0.6025234
8246	8248	1	0.860666
8246	8248	2	0.6413358
8247	8248	0	0.85587955
8247	8248	1	0.72853124
8247	8248	2	0.8290412
8247	8249	0	0.6087399
8247	8249	1	0.6581892
8247	8249	2	0.60277927
8247	8250	0	0.6840591
8247	8250	1	0.94226474
8247	8250	2	0.7070183
8247	8251	0	0.7474455
8247	8251	1	0.8981724
8247	8251	2	0.6668349
8248	8249	0	0.54685223
8248	8249	1	0.39854375
8248	8249	2	0.6347309
8248	8250	0	0.67061275
8248	8250	1	0.769566
8248	8250	2	0.66559446
8248	8251	0	0.8649866
8248	8251	1	0.89348006
8248	8251	2	0.6317037
8249	8250	0	0.80833393
8249	8250	1	0.96000546
8249	8250	2	0.7285343
8249	8251	0	0.9034819
8249	8251	1	0.83793795
8249	8251	2	0.57785714
8252	8253	0	0.53974015
8252	8253	1	0.58488816
8252	8253	2	0.4557386
8253	8254	0	0.50187755
8253	8254	1	0.45762384
8253	8254	2	0.6603696
8253	8255	0	0.7820118
8253	8255	1	0.6147476
8253	8255	2	0.5790377
8253	8256	0	0.75137985
8253	8256	1	0.7311559
8253	8256	2	0.59403783
8254	8255	0	0.5864739
8254	8255	1	0.8889779
8254	8255	2	0.5852369
8254	8256	0	0.72681326
8254	8256	1	0.93466973
8254	8256	2	0.6856424
8255	8256	0	0.7818162
8255	8256	1	0.6833539
8255	8256	2	0.63108784
8254	8257	0	0.52044886
8254	8257	1	0.64975524
8254	8257	2	0.3821867
8255	8257	0	0.61815196
8255	8257	1	0.70926166
8255	8257	2	0.5928078
8256	8257	0	0.59118134
8256	8257	1	0.50726473
8256	8257	2	0.6261572
8258	8259	0	0.66881484
8258	8259	1	0.90055585
8258	8259	2	0.5676767
8258	8260	0	0.59758127
8258	8260	1	0.73589927
8258	8260	2	0.5258258
8259	8260	0	0.45742482
8259	8260	1	0.66501546
8259	8260	2	0.4787107
8260	8261	0	0.49089867
8260	8261	1	0.7979469
8260	8261	2	0.58422655
8260	8262	0	0.6733649
8260	8262	1	0.69510424
8260	8262	2	0.5657906
8261	8262	0	0.64557093
8261	8262	1	0.91493225
8261	8262	2	0.63689405
8263	8264	0	0.29698363
8263	8264	1	0.20790881
8263	8264	2	0.538812
8264	8265	0	0.30248582
8264	8265	1	0.7064836
8264	8265	2	0.4934112
8265	8266	0	0.06797019
8265	8266	1	0.48688295
8265	8266	2	0.29133707
8267	8268	0	0.09651859
8267	8268	1	0.500088
8267	8268	2	0.12233821
8269	8270	0	0.79922235
8269	8270	1	0.72540367
8269	8270	2	0.86911243
8269	8271	0	0.9146761
8269	8271	1	0.83733094
8269	8271	2	0.82471025
8269	8272	0	0.95448864
8269	8272	1	0.9982024
8269	8272	2	0.91596776
8270	8271	0	0.77265364
8270	8271	1	0.7159648
8270	8271	2	0.7057456
8270	8272	0	0.6924822
8270	8272	1	0.8729868
8270	8272	2	0.66896415
8271	8272	0	0.96880877
8271	8272	1	0.68884027
8271	8272	2	0.7207768
8269	8273	0	0.77727693
8269	8273	1	0.8076254
8269	8273	2	0.79974127
8269	8274	0	0.73200095
8269	8274	1	0.9283418
8269	8274	2	0.6972054
8270	8273	0	0.7050703
8270	8273	1	0.9083732
8270	8273	2	0.63084805
8270	8274	0	0.8419557
8270	8274	1	0.9224969
8270	8274	2	0.69532156
8271	8273	0	0.62408465
8271	8273	1	0.84611875
8271	8273	2	0.66725063
8271	8274	0	0.69219583
8271	8274	1	0.6404493
8271	8274	2	0.7505573
8272	8273	0	0.80662155
8272	8273	1	0.7527446
8272	8273	2	0.8020611
8272	8274	0	0.6814959
8272	8274	1	0.66991866
8272	8274	2	0.62071943
8273	8274	0	0.81520027
8273	8274	1	0.85614294
8273	8274	2	0.84227175
8273	8275	0	0.8199825
8273	8275	1	0.8060256
8273	8275	2	0.84921557
8273	8276	0	0.6696872
8273	8276	1	0.71691006
8273	8276	2	0.79015195
8273	8277	0	0.8883167
8273	8277	1	0.8075146
8273	8277	2	0.6722951
8273	8278	0	0.77831244
8273	8278	1	0.8616042
8273	8278	2	0.80884266
8274	8275	0	0.52335006
8274	8275	1	0.6134305
8274	8275	2	0.58014107
8274	8276	0	0.5435666
8274	8276	1	0.8319687
8274	8276	2	0.5653275
8274	8277	0	0.795777
8274	8277	1	0.875978
8274	8277	2	0.92004746
8274	8278	0	0.78330904
8274	8278	1	0.8210474
8274	8278	2	0.6547279
8275	8276	0	0.95985943
8275	8276	1	0.9074763
8275	8276	2	0.92036855
8275	8277	0	0.97308767
8275	8277	1	0.89106536
8275	8277	2	0.8405787
8275	8278	0	0.8673245
8275	8278	1	0.92628175
8275	8278	2	0.9088487
8276	8277	0	0.809664
8276	8277	1	0.9584504
8276	8277	2	0.91722643
8276	8278	0	0.9651159
8276	8278	1	0.9794184
8276	8278	2	0.7847315
8277	8278	0	0.7775836
8277	8278	1	0.87652194
8277	8278	2	0.63924927
8275	8279	0	0.8053812
8275	8279	1	0.68695056
8275	8279	2	0.8533072
8275	8280	0	0.9897408
8275	8280	1	0.91904616
8275	8280	2	0.781593
8275	8281	0	0.77593243
8275	8281	1	0.8592629
8275	8281	2	0.70546067
8275	8282	0	0.8690516
8275	8282	1	0.84636617
8275	8282	2	0.63851917
8276	8279	0	0.661264
8276	8279	1	0.6737959
8276	8279	2	0.56286144
8276	8280	0	0.70922023
8276	8280	1	0.8249228
8276	8280	2	0.6632492
8276	8281	0	0.77895206
8276	8281	1	0.78415626
8276	8281	2	0.58622587
8276	8282	0	0.97381705
8276	8282	1	0.7838599
8276	8282	2	0.80509377
8277	8280	0	0.8282552
8277	8280	1	0.7616781
8277	8280	2	0.69113034
8277	8281	0	0.7714634
8277	8281	1	0.94493407
8277	8281	2	0.89796436
8277	8282	0	0.91743183
8277	8282	1	0.9275897
8277	8282	2	0.8298361
8278	8279	0	0.70421
8278	8279	1	0.55573595
8278	8279	2	0.69690377
8278	8280	0	0.6292907
8278	8280	1	0.7766824
8278	8280	2	0.542686
8278	8281	0	0.72766113
8278	8281	1	0.79826266
8278	8281	2	0.7111221
8278	8282	0	0.7912828
8278	8282	1	0.9819143
8278	8282	2	0.7684949
8279	8280	0	0.6558812
8279	8280	1	0.8989508
8279	8280	2	0.783367
8279	8281	0	0.6891885
8279	8281	1	0.8315874
8279	8281	2	0.822351
8279	8282	0	0.9998608
8279	8282	1	0.80648965
8279	8282	2	0.683654
8280	8281	0	0.94137096
8280	8281	1	0.8644651
8280	8281	2	0.74227345
8280	8282	0	0.8674879
8280	8282	1	0.7937881
8280	8282	2	0.7954284
8281	8282	0	0.7126627
8281	8282	1	0.8828758
8281	8282	2	0.8389984
8279	8283	0	0.9270442
8279	8283	1	0.76152056
8279	8283	2	0.84291846
8279	8284	0	0.84427196
8279	8284	1	0.94087523
8279	8284	2	0.7127055
8279	8285	0	0.95691335
8279	8285	1	0.83520275
8279	8285	2	0.7411009
8280	8283	0	0.7103238
8280	8283	1	0.7498351
8280	8283	2	0.73661345
8280	8284	0	0.86177117
8280	8284	1	0.94177055
8280	8284	2	0.6367618
8280	8285	0	0.6609721
8280	8285	1	0.7781003
8280	8285	2	0.7192098
8281	8283	0	0.639914
8281	8283	1	0.72034407
8281	8283	2	0.650833
8281	8284	0	0.87798077
8281	8284	1	0.87349546
8281	8284	2	0.7587697
8281	8285	0	0.6046444
8281	8285	1	0.9446287
8281	8285	2	0.6814886
8282	8283	0	0.8628092
8282	8283	1	0.7362902
8282	8283	2	0.80036235
8282	8284	0	0.6193158
8282	8284	1	0.7522084
8282	8284	2	0.61166155
8282	8285	0	0.873478
8282	8285	1	0.9549856
8282	8285	2	0.8083009
8283	8284	0	0.82650846
8283	8284	1	0.76871395
8283	8284	2	0.6667303
8283	8285	0	0.98780805
8283	8285	1	1.0
8283	8285	2	0.8739358
8284	8285	0	0.71636295
8284	8285	1	0.7828967
8284	8285	2	0.79035354
8283	8286	0	0.7348007
8283	8286	1	0.8666184
8283	8286	2	0.8343082
8284	8286	0	0.6438014
8284	8286	1	0.7738696
8284	8286	2	0.6757157
8285	8286	0	0.67458946
8285	8286	1	0.7857522
8285	8286	2	0.66921306
8286	8287	0	0.48748234
8286	8287	1	0.6788288
8286	8287	2	0.48191148
8286	8288	0	0.5892645
8286	8288	1	0.6973589
8286	8288	2	0.71209544
8287	8288	0	0.7854844
8287	8288	1	0.8247365
8287	8288	2	0.67087644
8289	8290	0	0.8997481
8289	8290	1	0.74089694
8289	8290	2	0.6664161
8289	8291	0	0.8770355
8289	8291	1	0.74760103
8289	8291	2	0.5992675
8289	8292	0	0.8205288
8289	8292	1	0.67617124
8289	8292	2	0.6325521
8290	8291	0	0.80664736
8290	8291	1	0.8108648
8290	8291	2	0.75269586
8290	8292	0	0.84643584
8290	8292	1	0.7294989
8290	8292	2	0.78355205
8291	8292	0	0.85119134
8291	8292	1	0.7874539
8291	8292	2	0.7858495
8289	8293	0	0.8102432
8289	8293	1	0.9143382
8289	8293	2	0.64718264
8289	8294	0	0.9221387
8289	8294	1	0.81207347
8289	8294	2	0.6191073
8290	8293	0	0.83007765
8290	8293	1	0.931208
8290	8293	2	0.65036905
8290	8294	0	0.7200901
8290	8294	1	0.80345756
8290	8294	2	0.6204291
8291	8293	0	0.71831226
8291	8293	1	0.7557604
8291	8293	2	0.7634935
8291	8294	0	0.6464407
8291	8294	1	0.84872997
8291	8294	2	0.5926819
8292	8293	0	0.46211472
8292	8293	1	0.59730834
8292	8293	2	0.45650345
8292	8294	0	0.7625144
8292	8294	1	0.72450477
8292	8294	2	0.6644327
8293	8294	0	0.89857197
8293	8294	1	0.9212577
8293	8294	2	0.8299912
8293	8295	0	0.8461973
8293	8295	1	0.7775213
8293	8295	2	0.5931956
8294	8295	0	0.68019575
8294	8295	1	0.5721674
8294	8295	2	0.69746125
8295	8296	0	0.5712224
8295	8296	1	0.7226868
8295	8296	2	0.6694434
8295	8297	0	0.59034806
8295	8297	1	0.8564749
8295	8297	2	0.7128452
8295	8298	0	0.5956648
8295	8298	1	0.7113577
8295	8298	2	0.6031489
8296	8297	0	0.72688717
8296	8297	1	0.7123702
8296	8297	2	0.862788
8296	8298	0	0.8915419
8296	8298	1	0.8662003
8296	8298	2	0.6965502
8297	8298	0	0.8511292
8297	8298	1	0.93716913
8297	8298	2	0.90297985
8296	8299	0	0.69459915
8296	8299	1	0.82738477
8296	8299	2	0.736589
8296	8300	0	0.92323625
8296	8300	1	0.98380965
8296	8300	2	0.7065457
8297	8299	0	0.5833293
8297	8299	1	0.8491082
8297	8299	2	0.6649641
8297	8300	0	0.7459964
8297	8300	1	0.7108295
8297	8300	2	0.66903615
8298	8299	0	0.54395056
8298	8299	1	0.7397061
8298	8299	2	0.5798203
8298	8300	0	0.55394566
8298	8300	1	0.74991035
8298	8300	2	0.648231
8299	8300	0	0.76965886
8299	8300	1	0.83992857
8299	8300	2	0.66484106
8299	8301	0	0.70556855
8299	8301	1	0.6584333
8299	8301	2	0.7729143
8299	8302	0	0.8915589
8299	8302	1	0.86862737
8299	8302	2	0.74256444
8300	8301	0	0.68092704
8300	8301	1	0.5997042
8300	8301	2	0.8038283
8300	8302	0	0.5719303
8300	8302	1	0.7966804
8300	8302	2	0.5652722
8301	8302	0	0.7035382
8301	8302	1	0.94465125
8301	8302	2	0.7130099
8301	8303	0	0.7723425
8301	8303	1	0.7506565
8301	8303	2	0.7037754
8302	8303	0	0.44614077
8302	8303	1	0.5802858
8302	8303	2	0.54962116
8303	8304	0	0.34899983
8303	8304	1	0.58476037
8303	8304	2	0.48373947
8304	8305	0	0.2869004
8304	8305	1	0.45491183
8304	8305	2	0.35645366
8305	8306	0	0.6400108
8305	8306	1	0.342753
8305	8306	2	0.5538371
8306	8307	0	0.3831227
8306	8307	1	0.5270782
8306	8307	2	0.5759249
8307	8308	0	0.6125328
8307	8308	1	0.37690187
8307	8308	2	0.6451892
8307	8309	0	0.8127283
8307	8309	1	0.80838
8307	8309	2	0.55831945
8308	8309	0	0.7189587
8308	8309	1	0.76606476
8308	8309	2	0.62630945
8308	8310	0	0.5865098
8308	8310	1	0.85692763
8308	8310	2	0.5227133
8311	8312	0	0.0
8311	8312	1	0.338067
8311	8312	2	0.05204527
8313	8314	0	0.117185414
8313	8314	1	0.45674548
8313	8314	2	0.0
8315	8316	0	0.108945906
8315	8316	1	0.5474361
8315	8316	2	0.14139606
8317	8318	0	0.5652315
8317	8318	1	0.5667243
8317	8318	2	0.75619966
8317	8319	0	0.44739088
8317	8319	1	0.5557255
8317	8319	2	0.59156483
8317	8320	0	0.8799235
8317	8320	1	0.6120609
8317	8320	2	0.4655555
8318	8319	0	0.5049024
8318	8319	1	0.53936785
8318	8319	2	0.57482266
8318	8320	0	0.8601996
8318	8320	1	0.7139711
8318	8320	2	0.7353335
8319	8320	0	0.6459383
8319	8320	1	0.5708719
8319	8320	2	0.5345532
8317	8321	0	0.6646396
8317	8321	1	0.89774644
8317	8321	2	0.67890275
8317	8322	0	0.8630244
8317	8322	1	0.87522817
8317	8322	2	0.39292288
8318	8321	0	0.7925927
8318	8321	1	0.6891868
8318	8321	2	0.6339424
8318	8322	0	0.71687686
8318	8322	1	0.8487824
8318	8322	2	0.7044033
8319	8321	0	0.63113725
8319	8321	1	0.81861955
8319	8321	2	0.42724627
8319	8322	0	0.5896261
8319	8322	1	0.8182477
8319	8322	2	0.55349344
8320	8321	0	0.58779484
8320	8321	1	0.8183857
8320	8321	2	0.58713704
8320	8322	0	0.54129136
8320	8322	1	0.6546486
8320	8322	2	0.4865397
8321	8322	0	0.53526753
8321	8322	1	0.39666554
8321	8322	2	0.5851344
8323	8324	0	0.97788584
8323	8324	1	0.7943914
8323	8324	2	0.7595493
8323	8325	0	0.8585918
8323	8325	1	0.74332315
8323	8325	2	0.598502
8323	8326	0	0.76545346
8323	8326	1	0.8714128
8323	8326	2	0.87674725
8323	8327	0	0.8070525
8323	8327	1	0.7949337
8323	8327	2	0.8534357
8324	8325	0	0.8325402
8324	8325	1	0.72822297
8324	8325	2	0.852052
8324	8326	0	0.9255575
8324	8326	1	0.89175206
8324	8326	2	0.8284326
8324	8327	0	0.86951786
8324	8327	1	0.8962653
8324	8327	2	0.6303803
8325	8326	0	0.6346036
8325	8326	1	0.73768467
8325	8326	2	0.8004791
8325	8327	0	0.9855398
8325	8327	1	0.65455407
8325	8327	2	0.66648877
8326	8327	0	0.6810643
8326	8327	1	0.878654
8326	8327	2	0.8365699
8323	8328	0	0.7938162
8323	8328	1	0.94050694
8323	8328	2	0.6455971
8323	8329	0	0.8443496
8323	8329	1	0.8032749
8323	8329	2	0.5995656
8324	8328	0	0.83227944
8324	8328	1	0.9342119
8324	8328	2	0.51605934
8324	8329	0	0.87322086
8324	8329	1	0.7922171
8324	8329	2	0.6982306
8325	8328	0	0.7032715
8325	8328	1	0.74248326
8325	8328	2	0.7558094
8325	8329	0	0.72138005
8325	8329	1	0.7170514
8325	8329	2	0.7337054
8326	8328	0	0.6615918
8326	8328	1	0.6558751
8326	8328	2	0.6719361
8326	8329	0	0.88632154
8326	8329	1	0.8670892
8326	8329	2	0.8213079
8327	8328	0	0.59098554
8327	8328	1	0.6083187
8327	8328	2	0.57563597
8327	8329	0	0.5205537
8327	8329	1	0.8948864
8327	8329	2	0.6352265
8328	8329	0	0.659676
8328	8329	1	0.76694316
8328	8329	2	0.60640013
8328	8330	0	0.5531863
8328	8330	1	0.5970008
8328	8330	2	0.5747022
8328	8331	0	0.622606
8328	8331	1	0.792238
8328	8331	2	0.5449216
8329	8330	0	0.6210753
8329	8330	1	0.45623899
8329	8330	2	0.56749564
8329	8331	0	0.8532346
8329	8331	1	0.65076303
8329	8331	2	0.72917664
8330	8331	0	0.6952168
8330	8331	1	0.70502776
8330	8331	2	0.66252875
8332	8333	0	0.67838246
8332	8333	1	0.61482394
8332	8333	2	0.5548967
8332	8334	0	0.64045477
8332	8334	1	0.68652517
8332	8334	2	0.49917415
8333	8334	0	0.4343317
8333	8334	1	0.68784815
8333	8334	2	0.31681147
8334	8335	0	0.8173929
8334	8335	1	0.5913056
8334	8335	2	0.71407044
8335	8336	0	0.6261474
8335	8336	1	0.6468421
8335	8336	2	0.51144373
8335	8337	0	0.62079865
8335	8337	1	0.6181331
8335	8337	2	0.6774727
8335	8338	0	0.585588
8335	8338	1	0.87611556
8335	8338	2	0.59561557
8336	8337	0	0.5733577
8336	8337	1	0.7953186
8336	8337	2	0.6361935
8336	8338	0	0.7753754
8336	8338	1	0.75103456
8336	8338	2	0.74620664
8337	8338	0	0.8707419
8337	8338	1	0.61637884
8337	8338	2	0.6049143
8336	8339	0	0.56882554
8336	8339	1	0.6700829
8336	8339	2	0.32587183
8337	8339	0	0.46168336
8337	8339	1	0.8026888
8337	8339	2	0.49463943
8338	8339	0	0.54385
8338	8339	1	0.64911187
8338	8339	2	0.4998999
8340	8341	0	0.5483436
8340	8341	1	0.115967244
8340	8341	2	0.20098774
8340	8342	0	0.5851251
8340	8342	1	0.3862996
8340	8342	2	0.0
8341	8342	0	0.43628478
8341	8342	1	0.1823658
8341	8342	2	0.5061075
8343	8344	0	0.48843673
8343	8344	1	0.25143185
8343	8344	2	0.34435263
8344	8345	0	0.4858549
8344	8345	1	0.52720743
8344	8345	2	0.6103945
8344	8346	0	0.5439869
8344	8346	1	0.69864213
8344	8346	2	0.55760807
8344	8347	0	0.75883704
8344	8347	1	0.8405212
8344	8347	2	0.4739223
8345	8346	0	0.68215275
8345	8346	1	0.58981735
8345	8346	2	0.6465278
8345	8347	0	0.69359773
8345	8347	1	0.73007864
8345	8347	2	0.619422
8346	8347	0	0.8064555
8346	8347	1	0.6792339
8346	8347	2	0.6071787
8345	8348	0	0.8643572
8345	8348	1	0.7915698
8345	8348	2	0.5789575
8346	8348	0	0.55546385
8346	8348	1	0.86834747
8346	8348	2	0.52717906
8347	8348	0	0.43662623
8347	8348	1	0.44147578
8347	8348	2	0.6301043
8349	8350	0	0.36084986
8349	8350	1	0.65836567
8349	8350	2	0.45770314
8349	8351	0	0.27011812
8349	8351	1	0.6391697
8349	8351	2	0.12160184
8350	8351	0	0.36941922
8350	8351	1	0.69758993
8350	8351	2	0.4264956
8352	8353	0	0.23387358
8352	8353	1	0.41409746
8352	8353	2	0.15512061
8352	8354	0	0.77951044
8352	8354	1	0.592064
8352	8354	2	0.1570729
8353	8354	0	0.42482942
8353	8354	1	0.18322842
8353	8354	2	0.12347178
8355	8356	0	0.5050117
8355	8356	1	0.39136878
8355	8356	2	0.5106515
8355	8357	0	0.57221127
8355	8357	1	0.7243766
8355	8357	2	0.32381684
8355	8358	0	0.6387422
8355	8358	1	0.8080821
8355	8358	2	0.23891065
8356	8357	0	0.2216135
8356	8357	1	0.5286402
8356	8357	2	0.48355767
8356	8358	0	0.43547243
8356	8358	1	0.636471
8356	8358	2	0.27380925
8357	8358	0	0.33221784
8357	8358	1	0.64546394
8357	8358	2	0.43213865
8359	8360	0	0.49090856
8359	8360	1	0.34734848
8359	8360	2	0.34519297
8359	8361	0	0.6909351
8359	8361	1	0.5118023
8359	8361	2	0.5166595
8360	8361	0	0.45316362
8360	8361	1	0.5605642
8360	8361	2	0.6243986
8360	8362	0	0.6726153
8360	8362	1	0.3249769
8360	8362	2	0.25856492
8361	8362	0	0.678818
8361	8362	1	0.43850294
8361	8362	2	0.54013383
8363	8364	0	0.5632554
8363	8364	1	0.5355617
8363	8364	2	0.56788754
8363	8365	0	0.9077711
8363	8365	1	0.76645154
8363	8365	2	0.63814723
8363	8366	0	0.75679135
8363	8366	1	0.74015987
8363	8366	2	0.60350335
8363	8367	0	0.6855868
8363	8367	1	0.72003657
8363	8367	2	0.81657225
8364	8365	0	0.7818525
8364	8365	1	0.92505985
8364	8365	2	0.8041034
8364	8366	0	0.9372224
8364	8366	1	0.76678365
8364	8366	2	0.8890798
8364	8367	0	0.8083117
8364	8367	1	0.7859392
8364	8367	2	0.7032349
8365	8366	0	0.78348124
8365	8366	1	0.831599
8365	8366	2	0.65237576
8365	8367	0	0.9418617
8365	8367	1	0.8305914
8365	8367	2	0.7334792
8366	8367	0	0.7690518
8366	8367	1	0.8606319
8366	8367	2	0.811512
8364	8368	0	0.71520764
8364	8368	1	0.95890594
8364	8368	2	0.6915388
8364	8369	0	0.72584575
8364	8369	1	0.8878318
8364	8369	2	0.5705469
8365	8368	0	0.6511293
8365	8368	1	0.8303501
8365	8368	2	0.72283506
8365	8369	0	0.9087032
8365	8369	1	0.9466593
8365	8369	2	0.8287691
8366	8368	0	0.55506164
8366	8368	1	0.822028
8366	8368	2	0.7434789
8366	8369	0	0.72693264
8366	8369	1	0.7153715
8366	8369	2	0.62341744
8367	8368	0	0.53706515
8367	8368	1	0.66921324
8367	8368	2	0.58456504
8367	8369	0	0.7690271
8367	8369	1	0.6927174
8367	8369	2	0.63180256
8368	8369	0	0.8148447
8368	8369	1	0.89108634
8368	8369	2	0.8612625
8368	8370	0	0.6700237
8368	8370	1	0.85014033
8368	8370	2	0.5680787
8368	8371	0	0.69120306
8368	8371	1	0.93568295
8368	8371	2	0.824215
8369	8370	0	0.68781585
8369	8370	1	0.67614734
8369	8370	2	0.5869574
8369	8371	0	0.8162635
8369	8371	1	0.8458345
8369	8371	2	0.6024754
8370	8371	0	0.92500705
8370	8371	1	0.930431
8370	8371	2	0.78283685
8370	8372	0	0.7757053
8370	8372	1	0.68398523
8370	8372	2	0.6395288
8370	8373	0	0.8745543
8370	8373	1	0.70173925
8370	8373	2	0.5652502
8371	8372	0	0.766497
8371	8372	1	0.6277976
8371	8372	2	0.55931437
8371	8373	0	0.9209206
8371	8373	1	0.78693974
8371	8373	2	0.79843307
8372	8374	0	0.6968157
8372	8374	1	0.8505307
8372	8374	2	0.53451985
8373	8374	0	0.80166906
8373	8374	1	0.6741671
8373	8374	2	0.79938376
8374	8375	0	0.7282195
8374	8375	1	0.5067543
8374	8375	2	0.656062
8374	8376	0	0.65240437
8374	8376	1	0.7003547
8374	8376	2	0.7927319
8374	8377	0	0.6479272
8374	8377	1	0.69035685
8374	8377	2	0.61636573
8374	8378	0	0.6116416
8374	8378	1	0.97471964
8374	8378	2	0.628603
8375	8376	0	0.97002685
8375	8376	1	0.9772116
8375	8376	2	0.70042
8375	8377	0	0.7789735
8375	8377	1	1.0
8375	8377	2	0.68608254
8375	8378	0	0.94861466
8375	8378	1	0.86543566
8375	8378	2	0.7506641
8376	8377	0	0.8834463
8376	8377	1	0.8444719
8376	8377	2	0.6738548
8376	8378	0	0.89361435
8376	8378	1	1.0
8376	8378	2	0.9051753
8377	8378	0	0.96718854
8377	8378	1	0.7226215
8377	8378	2	0.77746487
8375	8379	0	0.68405014
8375	8379	1	0.85075766
8375	8379	2	0.61717105
8375	8380	0	0.8806586
8375	8380	1	0.764456
8375	8380	2	0.6365482
8375	8381	0	0.94875354
8375	8381	1	0.9064025
8375	8381	2	0.69879466
8376	8379	0	0.71228707
8376	8379	1	0.8247989
8376	8379	2	0.7314931
8376	8380	0	0.9401994
8376	8380	1	0.64842623
8376	8380	2	0.80548835
8376	8381	0	0.68323
8376	8381	1	0.9661649
8376	8381	2	0.73086256
8377	8379	0	0.6683149
8377	8379	1	0.7839549
8377	8379	2	0.61425626
8377	8380	0	0.6580476
8377	8380	1	0.68193173
8377	8380	2	0.58211374
8377	8381	0	0.70640445
8377	8381	1	0.9091282
8377	8381	2	0.7715527
8378	8379	0	0.780799
8378	8379	1	0.69785523
8378	8379	2	0.58507395
8378	8380	0	0.64125514
8378	8380	1	0.80261207
8378	8380	2	0.65289587
8378	8381	0	0.70117676
8378	8381	1	0.67069757
8378	8381	2	0.74617225
8379	8380	0	0.9226702
8379	8380	1	0.7842201
8379	8380	2	0.8220399
8379	8381	0	0.76794046
8379	8381	1	0.98602813
8379	8381	2	0.73832077
8380	8381	0	0.8460355
8380	8381	1	0.97675043
8380	8381	2	0.7262106
8379	8382	0	0.82292104
8379	8382	1	0.8000641
8379	8382	2	0.7042619
8379	8383	0	0.769532
8379	8383	1	0.88619304
8379	8383	2	0.59102607
8380	8382	0	0.9164221
8380	8382	1	0.84546727
8380	8382	2	0.6266842
8380	8383	0	0.6596896
8380	8383	1	0.7057544
8380	8383	2	0.75395095
8381	8382	0	0.68809736
8381	8382	1	0.724277
8381	8382	2	0.62859017
8381	8383	0	0.8347022
8381	8383	1	0.8089568
8381	8383	2	0.8216011
8382	8383	0	0.85145444
8382	8383	1	0.7251204
8382	8383	2	0.83597547
8382	8384	0	0.79626954
8382	8384	1	0.83921367
8382	8384	2	0.64939064
8382	8385	0	0.7612615
8382	8385	1	0.6940521
8382	8385	2	0.7432969
8383	8386	0	0.73763573
8383	8386	1	0.7393973
8383	8386	2	0.5735692
8383	8384	0	0.70974404
8383	8384	1	0.7141405
8383	8384	2	0.5560354
8383	8385	0	0.68367195
8383	8385	1	0.8705943
8383	8385	2	0.5193654
8386	8384	0	0.97028637
8386	8384	1	0.6652131
8386	8384	2	0.8671271
8386	8385	0	0.8973796
8386	8385	1	0.91738564
8386	8385	2	0.7885469
8384	8385	0	0.7991617
8384	8385	1	0.921283
8384	8385	2	0.8622859
8384	8387	0	0.49112326
8384	8387	1	0.625137
8384	8387	2	0.61663526
8385	8387	0	0.45395416
8385	8387	1	0.57383645
8385	8387	2	0.5162016
8388	8389	0	0.0
8388	8389	1	0.44130623
8388	8389	2	0.052690774
8390	8391	0	0.57242084
8390	8391	1	0.6086654
8390	8391	2	0.4636054
8392	8391	0	0.70253026
8392	8391	1	0.83563745
8392	8391	2	0.7398102
8391	8393	0	0.66350436
8391	8393	1	0.6323316
8391	8393	2	0.685368
8392	8394	0	0.85139847
8392	8394	1	0.74081343
8392	8394	2	0.60983765
8391	8394	0	0.5648691
8391	8394	1	0.7335907
8391	8394	2	0.5091468
8393	8394	0	0.6259672
8393	8394	1	0.82621753
8393	8394	2	0.7371625
8394	8395	0	0.55604386
8394	8395	1	0.6210355
8394	8395	2	0.73131764
8395	8396	0	0.5573617
8395	8396	1	0.2541847
8395	8396	2	0.32556233
8397	8398	0	0.5795453
8397	8398	1	0.629203
8397	8398	2	0.64135087
8397	8399	0	0.58811307
8397	8399	1	0.7215839
8397	8399	2	0.52124125
8398	8399	0	0.6927988
8398	8399	1	0.74470073
8398	8399	2	0.6653784
8398	8400	0	0.6186305
8398	8400	1	0.7757663
8398	8400	2	0.7095945
8398	8401	0	0.62557137
8398	8401	1	0.80179715
8398	8401	2	0.578634
8398	8402	0	0.8440325
8398	8402	1	0.7527838
8398	8402	2	0.6146894
8399	8400	0	0.6355342
8399	8400	1	0.7576474
8399	8400	2	0.49671185
8399	8401	0	0.7049756
8399	8401	1	0.8464636
8399	8401	2	0.7679042
8399	8402	0	0.6705919
8399	8402	1	0.76495993
8399	8402	2	0.5815902
8400	8401	0	0.8982929
8400	8401	1	0.65994585
8400	8401	2	0.8092685
8400	8402	0	0.8503213
8400	8402	1	0.92832154
8400	8402	2	0.6646555
8401	8402	0	0.8181662
8401	8402	1	0.8044339
8401	8402	2	0.81904554
8400	8403	0	0.5937845
8400	8403	1	0.6590616
8400	8403	2	0.6535612
8401	8403	0	0.62329775
8401	8403	1	0.7977686
8401	8403	2	0.6885754
8402	8403	0	0.7067091
8402	8403	1	0.7722823
8402	8403	2	0.7661811
8403	8404	0	0.4003422
8403	8404	1	0.40326852
8403	8404	2	0.59295285
8405	8406	0	0.41775304
8405	8406	1	0.5892798
8405	8406	2	0.41168636
8405	8407	0	0.5569195
8405	8407	1	0.7592007
8405	8407	2	0.58505434
8407	8408	0	0.67742777
8407	8408	1	0.5666005
8407	8408	2	0.65039134
8408	8409	0	0.58960533
8408	8409	1	0.7573907
8408	8409	2	0.65616465
8408	8410	0	0.562948
8408	8410	1	0.76601374
8408	8410	2	0.66204906
8409	8410	0	0.7253417
8409	8410	1	0.7278216
8409	8410	2	0.79337025
8409	8411	0	0.55453247
8409	8411	1	0.810625
8409	8411	2	0.6519627
8409	8412	0	0.93212223
8409	8412	1	0.70145774
8409	8412	2	0.66695875
8409	8413	0	0.7416191
8409	8413	1	0.81822073
8409	8413	2	0.49539164
8410	8411	0	0.45218757
8410	8411	1	0.51446277
8410	8411	2	0.51967645
8410	8412	0	0.8015798
8410	8412	1	0.9056121
8410	8412	2	0.56461143
8410	8413	0	0.8684586
8410	8413	1	0.8649058
8410	8413	2	0.7874173
8411	8412	0	0.8116291
8411	8412	1	0.7297598
8411	8412	2	0.68893355
8411	8413	0	0.79848266
8411	8413	1	0.8338656
8411	8413	2	0.7533651
8412	8413	0	0.730926
8412	8413	1	0.7507437
8412	8413	2	0.65460634
8411	8414	0	0.8139933
8411	8414	1	0.91869277
8411	8414	2	0.6517877
8413	8414	0	0.65895057
8413	8414	1	0.61810887
8413	8414	2	0.641411
8414	8415	0	0.61771655
8414	8415	1	0.7173104
8414	8415	2	0.6990119
8414	8416	0	0.79906183
8414	8416	1	0.5067936
8414	8416	2	0.6537493
8414	8417	0	0.5894442
8414	8417	1	0.89454114
8414	8417	2	0.47057196
8415	8416	0	0.87749416
8415	8416	1	0.8331401
8415	8416	2	0.6242679
8415	8417	0	0.91752154
8415	8417	1	0.80602014
8415	8417	2	0.7531165
8416	8417	0	0.80865806
8416	8417	1	0.88187474
8416	8417	2	0.5839933
8418	8419	0	0.42424357
8418	8419	1	0.6871624
8418	8419	2	0.644176
8418	8420	0	0.67168784
8418	8420	1	0.5770382
8418	8420	2	0.6739318
8418	8421	0	0.69893867
8418	8421	1	0.718311
8418	8421	2	0.5379455
8419	8420	0	0.66992635
8419	8420	1	0.47243178
8419	8420	2	0.48688233
8419	8421	0	0.7131852
8419	8421	1	0.8387951
8419	8421	2	0.47753957
8420	8421	0	0.5870278
8420	8421	1	0.76456434
8420	8421	2	0.6088101
8419	8422	0	0.6358284
8419	8422	1	0.8976901
8419	8422	2	0.4894832
8419	8423	0	0.8547119
8419	8423	1	0.7296274
8419	8423	2	0.6706413
8420	8422	0	0.49656957
8420	8422	1	0.62674767
8420	8422	2	0.5569521
8420	8423	0	0.6675081
8420	8423	1	0.79343575
8420	8423	2	0.57508266
8421	8422	0	0.6500928
8421	8422	1	0.7108176
8421	8422	2	0.58117354
8421	8423	0	0.7334337
8421	8423	1	0.5523747
8421	8423	2	0.5972973
8422	8423	0	0.8404628
8422	8423	1	0.5377681
8422	8423	2	0.71790165
8424	8425	0	0.47220722
8424	8425	1	0.42038444
8424	8425	2	0.2793317
8424	8426	0	0.63638455
8424	8426	1	0.50535035
8424	8426	2	0.51979184
8425	8426	0	0.68319196
8425	8426	1	0.7139911
8425	8426	2	0.620798
8425	8427	0	0.59049886
8425	8427	1	0.62809473
8425	8427	2	0.47717112
8426	8427	0	0.64788175
8426	8427	1	0.78673494
8426	8427	2	0.6115693
8427	8428	0	0.703056
8427	8428	1	0.41697183
8427	8428	2	0.48979428
8427	8429	0	0.48435622
8427	8429	1	0.79303455
8427	8429	2	0.70317143
8428	8429	0	0.9045145
8428	8429	1	0.85983264
8428	8429	2	0.76909
8428	8430	0	0.5300008
8428	8430	1	0.6473951
8428	8430	2	0.56801665
8429	8430	0	0.43295923
8429	8430	1	0.62987274
8429	8430	2	0.67026687
8430	8431	0	0.77950853
8430	8431	1	0.6770133
8430	8431	2	0.5512378
8430	8432	0	0.8719681
8430	8432	1	0.57877105
8430	8432	2	0.7610995
8431	8432	0	0.6582335
8431	8432	1	0.8926487
8431	8432	2	0.6006836
8431	8433	0	0.7191074
8431	8433	1	0.636895
8431	8433	2	0.60295844
8431	8434	0	0.67387265
8431	8434	1	0.7085524
8431	8434	2	0.7953498
8431	8435	0	0.7688707
8431	8435	1	0.967617
8431	8435	2	0.6536206
8432	8433	0	0.41953787
8432	8433	1	0.6436971
8432	8433	2	0.6245583
8432	8434	0	0.89462495
8432	8434	1	0.6822853
8432	8434	2	0.59814966
8432	8435	0	0.64755845
8432	8435	1	0.6846607
8432	8435	2	0.48666254
8433	8434	0	0.80476385
8433	8434	1	0.7163791
8433	8434	2	0.5481319
8433	8435	0	0.8788069
8433	8435	1	0.76669246
8433	8435	2	0.79003644
8434	8435	0	0.6891022
8434	8435	1	0.63203996
8434	8435	2	0.5319022
8433	8436	0	0.65872866
8433	8436	1	0.82184863
8433	8436	2	0.66223496
8434	8436	0	0.76827335
8434	8436	1	0.7632696
8434	8436	2	0.7226581
8435	8436	0	0.5963716
8435	8436	1	0.4850314
8435	8436	2	0.6548839
8437	8438	0	0.7787108
8437	8438	1	0.68761843
8437	8438	2	0.5726408
8437	8439	0	0.64938784
8437	8439	1	0.564792
8437	8439	2	0.7343091
8437	8440	0	0.69573987
8437	8440	1	0.55391294
8437	8440	2	0.27929363
8438	8439	0	0.43158028
8438	8439	1	0.5652433
8438	8439	2	0.5167417
8438	8440	0	0.488215
8438	8440	1	0.8102383
8438	8440	2	0.4058724
8439	8440	0	0.8471067
8439	8440	1	0.74858844
8439	8440	2	0.6636306
8439	8441	0	0.79494894
8439	8441	1	0.6668543
8439	8441	2	0.7011967
8440	8441	0	0.32787952
8440	8441	1	0.73786163
8440	8441	2	0.52290124
8441	8442	0	0.45737293
8441	8442	1	0.7575364
8441	8442	2	0.74722123
8442	8443	0	0.37829053
8442	8443	1	0.61354697
8442	8443	2	0.5045694
8442	8444	0	0.4557574
8442	8444	1	0.6841939
8442	8444	2	0.5319234
8443	8444	0	0.81879824
8443	8444	1	0.70107496
8443	8444	2	0.680789
8443	8445	0	0.7908529
8443	8445	1	0.7916242
8443	8445	2	0.5424113
8444	8445	0	0.66982454
8444	8445	1	0.4850046
8444	8445	2	0.642812
8445	8446	0	0.8719148
8445	8446	1	0.6109758
8445	8446	2	0.6411869
8445	8447	0	0.8369064
8445	8447	1	0.8226645
8445	8447	2	0.63362396
8445	8448	0	0.87048835
8445	8448	1	0.63632613
8445	8448	2	0.76823324
8446	8447	0	0.96144116
8446	8447	1	0.9404855
8446	8447	2	0.9217278
8446	8448	0	0.9775638
8446	8448	1	0.78203773
8446	8448	2	0.90841246
8447	8448	0	0.91022384
8447	8448	1	0.8657818
8447	8448	2	0.76257646
8446	8449	0	0.8483117
8446	8449	1	0.8139054
8446	8449	2	0.8022905
8446	8450	0	0.757614
8446	8450	1	0.880112
8446	8450	2	0.7344409
8446	8451	0	0.8256454
8446	8451	1	0.8042873
8446	8451	2	0.77861655
8446	8452	0	0.9618221
8446	8452	1	0.88221705
8446	8452	2	0.6840245
8447	8449	0	0.7996439
8447	8449	1	0.6918647
8447	8449	2	0.7575129
8447	8450	0	0.857303
8447	8450	1	0.88968325
8447	8450	2	0.725479
8447	8451	0	0.84323514
8447	8451	1	0.800137
8447	8451	2	0.7862187
8447	8452	0	0.75350523
8447	8452	1	0.8790045
8447	8452	2	0.65249145
8448	8449	0	0.73070264
8448	8449	1	0.72639674
8448	8449	2	0.77654076
8448	8450	0	0.64645064
8448	8450	1	0.86071354
8448	8450	2	0.80158806
8448	8451	0	0.7448562
8448	8451	1	0.74794334
8448	8451	2	0.68455
8448	8452	0	0.74435437
8448	8452	1	0.8874669
8448	8452	2	0.6497033
8449	8450	0	0.8198319
8449	8450	1	0.8183168
8449	8450	2	0.83160776
8449	8451	0	0.95534056
8449	8451	1	0.8549161
8449	8451	2	0.84542674
8449	8452	0	0.990718
8449	8452	1	0.6892827
8449	8452	2	0.88042915
8450	8451	0	0.87654006
8450	8451	1	0.7334523
8450	8451	2	0.79239136
8450	8452	0	0.8046231
8450	8452	1	0.96693313
8450	8452	2	0.857642
8451	8452	0	0.75969553
8451	8452	1	0.80475986
8451	8452	2	0.87112224
8449	8453	0	0.89574337
8449	8453	1	0.9219347
8449	8453	2	0.6121119
8449	8454	0	0.74448395
8449	8454	1	0.9138677
8449	8454	2	0.8246738
8449	8455	0	0.8493222
8449	8455	1	0.98060566
8449	8455	2	0.7177834
8450	8453	0	0.7101218
8450	8453	1	0.84179145
8450	8453	2	0.829231
8450	8454	0	0.84535426
8450	8454	1	0.7324592
8450	8454	2	0.6020615
8450	8455	0	0.9339548
8450	8455	1	0.83246
8450	8455	2	0.7637297
8451	8453	0	0.8255079
8451	8453	1	0.912752
8451	8453	2	0.8298348
8451	8454	0	0.81708753
8451	8454	1	0.7579866
8451	8454	2	0.8041451
8451	8455	0	0.7432421
8451	8455	1	0.7405472
8451	8455	2	0.70508224
8452	8453	0	0.5309209
8452	8453	1	0.7939831
8452	8453	2	0.6797477
8452	8454	0	0.817095
8452	8454	1	0.87496895
8452	8454	2	0.7544588
8452	8455	0	0.737053
8452	8455	1	0.771253
8452	8455	2	0.6267196
8453	8454	0	0.7710974
8453	8454	1	0.8368092
8453	8454	2	0.89295626
8453	8455	0	0.8188938
8453	8455	1	0.8751601
8453	8455	2	0.6935477
8454	8455	0	0.87329686
8454	8455	1	0.97468764
8454	8455	2	0.86004764
8453	8456	0	0.9555846
8453	8456	1	0.81793606
8453	8456	2	0.7808438
8453	8457	0	0.84734035
8453	8457	1	0.89151645
8453	8457	2	0.8479943
8454	8456	0	0.7027582
8454	8456	1	0.77851427
8454	8456	2	0.79705286
8454	8457	0	0.6877755
8454	8457	1	0.6912801
8454	8457	2	0.78745925
8455	8456	0	0.6845935
8455	8456	1	0.7861614
8455	8456	2	0.8225236
8455	8457	0	0.5417258
8455	8457	1	0.858777
8455	8457	2	0.7624058
8456	8457	0	0.8754497
8456	8457	1	0.9693757
8456	8457	2	0.6623624
8456	8458	0	0.75482273
8456	8458	1	0.7053627
8456	8458	2	0.6154571
8456	8459	0	0.7473083
8456	8459	1	0.720319
8456	8459	2	0.7101252
8456	8460	0	0.8786427
8456	8460	1	0.8882163
8456	8460	2	0.82644355
8457	8458	0	0.49150267
8457	8458	1	0.7826666
8457	8458	2	0.6463952
8457	8459	0	0.7279518
8457	8459	1	0.8649665
8457	8459	2	0.5616178
8457	8460	0	0.9124822
8457	8460	1	0.7251082
8457	8460	2	0.79584503
8458	8459	0	0.7815621
8458	8459	1	0.9321799
8458	8459	2	0.7955671
8458	8460	0	0.963446
8458	8460	1	0.87046885
8458	8460	2	0.70243675
8459	8460	0	0.9717894
8459	8460	1	0.7428404
8459	8460	2	0.6794479
8461	8462	0	0.9503722
8461	8462	1	0.96246654
8461	8462	2	0.69365025
8461	8463	0	0.64700186
8461	8463	1	0.7973446
8461	8463	2	0.693073
8461	8464	0	0.9264704
8461	8464	1	0.86779004
8461	8464	2	0.82663953
8461	8465	0	0.7158731
8461	8465	1	0.89771134
8461	8465	2	0.7211269
8461	8466	0	0.8356901
8461	8466	1	0.7897036
8461	8466	2	0.7730163
8462	8463	0	0.6999404
8462	8463	1	0.66557187
8462	8463	2	0.7739685
8462	8464	0	0.82458395
8462	8464	1	0.7088729
8462	8464	2	0.6864589
8462	8465	0	0.77295655
8462	8465	1	0.7096254
8462	8465	2	0.69047326
8462	8466	0	0.87006974
8462	8466	1	0.8806118
8462	8466	2	0.80890274
8463	8464	0	0.7355743
8463	8464	1	0.6764942
8463	8464	2	0.5910017
8463	8465	0	0.7753982
8463	8465	1	0.9511216
8463	8465	2	0.67987096
8463	8466	0	0.91807103
8463	8466	1	0.718443
8463	8466	2	0.60936975
8464	8465	0	0.6383758
8464	8465	1	0.902418
8464	8465	2	0.81865597
8464	8466	0	0.71340585
8464	8466	1	0.8641652
8464	8466	2	0.783571
8465	8466	0	0.6549977
8465	8466	1	0.5452222
8465	8466	2	0.7547953
8463	8467	0	0.94807225
8463	8467	1	0.83786625
8463	8467	2	0.65895736
8463	8468	0	0.80055374
8463	8468	1	0.88348246
8463	8468	2	0.7459514
8463	8469	0	0.8647026
8463	8469	1	0.9280559
8463	8469	2	0.7874766
8464	8467	0	0.8232441
8464	8467	1	0.80894697
8464	8467	2	0.7019669
8464	8468	0	0.7823051
8464	8468	1	0.92483735
8464	8468	2	0.6219019
8464	8469	0	0.7362072
8464	8469	1	0.8226818
8464	8469	2	0.7907759
8465	8467	0	0.7701408
8465	8467	1	0.5655042
8465	8467	2	0.6553352
8465	8468	0	0.709996
8465	8468	1	0.8705186
8465	8468	2	0.61067456
8465	8469	0	0.7559591
8465	8469	1	0.8960972
8465	8469	2	0.65566057
8466	8467	0	0.70685333
8466	8467	1	0.76794034
8466	8467	2	0.61823857
8466	8468	0	0.7504047
8466	8468	1	0.74017215
8466	8468	2	0.8117025
8466	8469	0	0.8671706
8466	8469	1	0.74152327
8466	8469	2	0.57361346
8467	8468	0	0.83220506
8467	8468	1	0.9760261
8467	8468	2	0.82281387
8467	8469	0	0.7939745
8467	8469	1	0.9444398
8467	8469	2	0.7306303
8468	8469	0	0.8814335
8468	8469	1	0.8134929
8468	8469	2	0.6456304
8467	8470	0	0.7262712
8467	8470	1	0.68093467
8467	8470	2	0.6931388
8468	8470	0	0.8170544
8468	8470	1	0.67124027
8468	8470	2	0.5946743
8469	8470	0	0.6413568
8469	8470	1	0.57633096
8469	8470	2	0.527784
8470	8471	0	0.41329274
8470	8471	1	0.6837696
8470	8471	2	0.66509426
8471	8472	0	0.418704
8471	8472	1	0.7103356
8471	8472	2	0.5374545
8472	8473	0	0.69029677
8472	8473	1	0.8806868
8472	8473	2	0.7567289
8472	8474	0	0.651526
8472	8474	1	0.55441546
8472	8474	2	0.49733666
8473	8474	0	0.9219274
8473	8474	1	0.81513965
8473	8474	2	0.8333103
8473	8475	0	0.8298869
8473	8475	1	0.6741182
8473	8475	2	0.5292236
8474	8475	0	0.61461425
8474	8475	1	0.6273519
8474	8475	2	0.59820247
8474	8476	0	0.62099993
8474	8476	1	0.75999534
8474	8476	2	0.5046246
8475	8476	0	0.6038998
8475	8476	1	0.81855416
8475	8476	2	0.67845166
8475	8477	0	0.64109576
8475	8477	1	0.668366
8475	8477	2	0.51942015
8476	8477	0	0.8111688
8476	8477	1	0.6770945
8476	8477	2	0.6435952
8478	8479	0	0.32439855
8478	8479	1	0.61769056
8478	8479	2	0.4994851
8478	8480	0	0.49893436
8478	8480	1	0.7806989
8478	8480	2	0.32604244
8478	8481	0	0.8486033
8478	8481	1	0.5596346
8478	8481	2	0.5316078
8479	8480	0	0.7010948
8479	8480	1	0.68682784
8479	8480	2	0.69037145
8479	8481	0	0.7464914
8479	8481	1	0.72828573
8479	8481	2	0.66190726
8480	8481	0	0.72202814
8480	8481	1	0.6868497
8480	8481	2	0.5830105
8479	8482	0	0.7302672
8479	8482	1	0.6564305
8479	8482	2	0.4791534
8480	8482	0	0.7098017
8480	8482	1	0.56543225
8480	8482	2	0.6128764
8481	8482	0	0.38418555
8481	8482	1	0.63859534
8481	8482	2	0.7019857
8482	8483	0	0.7060321
8482	8483	1	0.3922149
8482	8483	2	0.5734565
8483	8484	0	0.67479247
8483	8484	1	0.52222645
8483	8484	2	0.62916505
8484	8485	0	0.59769523
8484	8485	1	0.56709903
8484	8485	2	0.60161155
8484	8486	0	0.6356891
8484	8486	1	0.9063509
8484	8486	2	0.5971728
8485	8486	0	0.82525057
8485	8486	1	0.83069855
8485	8486	2	0.6399442
8485	8487	0	0.86726457
8485	8487	1	0.45804137
8485	8487	2	0.5025245
8485	8488	0	0.91181755
8485	8488	1	0.7539
8485	8488	2	0.4492948
8486	8487	0	0.6636869
8486	8487	1	0.63540965
8486	8487	2	0.48359102
8486	8488	0	0.7305343
8486	8488	1	0.7117836
8486	8488	2	0.6797739
8487	8488	0	0.8668007
8487	8488	1	0.6825672
8487	8488	2	0.8548742
8487	8489	0	0.6323657
8487	8489	1	0.77906984
8487	8489	2	0.5140817
8488	8489	0	0.49338773
8488	8489	1	0.7045946
8488	8489	2	0.53467536
8489	8490	0	0.60472435
8489	8490	1	0.56041735
8489	8490	2	0.55124456
8489	8491	0	0.6650753
8489	8491	1	0.5437107
8489	8491	2	0.66434014
8490	8491	0	0.6367713
8490	8491	1	0.9663291
8490	8491	2	0.78726363
8490	8492	0	0.406012
8490	8492	1	0.60206467
8490	8492	2	0.35189414
8491	8492	0	0.7139138
8491	8492	1	0.38566607
8491	8492	2	0.57721436
8493	8494	0	0.71841806
8493	8494	1	0.8150494
8493	8494	2	0.7534418
8493	8495	0	0.91223496
8493	8495	1	0.8824544
8493	8495	2	0.7208999
8494	8495	0	0.8371581
8494	8495	1	0.8288582
8494	8495	2	0.62260765
8493	8496	0	0.872575
8493	8496	1	0.77766067
8493	8496	2	0.6300414
8494	8496	0	0.6413454
8494	8496	1	0.8204639
8494	8496	2	0.77267665
8495	8496	0	0.62637186
8495	8496	1	0.6265345
8495	8496	2	0.77501386
8496	8497	0	0.7303037
8496	8497	1	0.65690184
8496	8497	2	0.5570079
8496	8498	0	0.7190469
8496	8498	1	0.90650624
8496	8498	2	0.6339407
8496	8499	0	0.66716045
8496	8499	1	0.67989296
8496	8499	2	0.58855605
8496	8500	0	0.9097005
8496	8500	1	0.8903525
8496	8500	2	0.868731
8497	8498	0	0.92468345
8497	8498	1	0.85022014
8497	8498	2	0.78626245
8497	8499	0	0.7760667
8497	8499	1	0.771825
8497	8499	2	0.83634716
8497	8500	0	0.8263155
8497	8500	1	0.99477214
8497	8500	2	0.853252
8498	8499	0	0.8702053
8498	8499	1	0.80281234
8498	8499	2	0.730288
8498	8500	0	0.9809988
8498	8500	1	0.98917216
8498	8500	2	0.7509804
8499	8500	0	0.75193244
8499	8500	1	0.95256346
8499	8500	2	0.69750345
8497	8501	0	0.70672005
8497	8501	1	0.89439946
8497	8501	2	0.6197221
8498	8501	0	0.6555192
8498	8501	1	0.77282643
8498	8501	2	0.7205116
8499	8501	0	0.7602605
8499	8501	1	0.62554705
8499	8501	2	0.6260126
8500	8501	0	0.6762859
8500	8501	1	0.57080287
8500	8501	2	0.79368305
8501	8502	0	0.7300847
8501	8502	1	0.8391799
8501	8502	2	0.7175948
8501	8503	0	0.5599903
8501	8503	1	0.8210311
8501	8503	2	0.5781923
8501	8504	0	0.845336
8501	8504	1	0.8894628
8501	8504	2	0.5348437
8502	8503	0	0.85031563
8502	8503	1	0.888375
8502	8503	2	0.67178947
8502	8504	0	0.9667028
8502	8504	1	0.9319473
8502	8504	2	0.7781698
8503	8504	0	0.7695782
8503	8504	1	0.94897085
8503	8504	2	0.5894954
8505	8506	0	0.42133594
8505	8506	1	0.69720554
8505	8506	2	0.50112814
8506	8507	0	0.5096216
8506	8507	1	0.5384578
8506	8507	2	0.5948829
8506	8508	0	0.6193736
8506	8508	1	0.85990083
8506	8508	2	0.6642751
8507	8508	0	0.74600327
8507	8508	1	0.90467113
8507	8508	2	0.68912786
8507	8509	0	0.4550612
8507	8509	1	0.592705
8507	8509	2	0.49775788
8508	8509	0	0.51893824
8508	8509	1	0.66176695
8508	8509	2	0.5466064
8509	8510	0	0.68682384
8509	8510	1	0.42783576
8509	8510	2	0.51138586
8510	8511	0	0.42442358
8510	8511	1	0.6857388
8510	8511	2	0.5365046
8510	8512	0	0.59392035
8510	8512	1	0.77975523
8510	8512	2	0.6178208
8510	8513	0	0.7540074
8510	8513	1	0.7309403
8510	8513	2	0.7021512
8511	8512	0	0.9622416
8511	8512	1	0.7488904
8511	8512	2	0.8818781
8511	8513	0	0.8620287
8511	8513	1	0.80522907
8511	8513	2	0.6663944
8512	8513	0	0.7849864
8512	8513	1	0.95054173
8512	8513	2	0.6393026
8511	8514	0	0.8438691
8511	8514	1	0.9546986
8511	8514	2	0.5821641
8511	8515	0	0.9406215
8511	8515	1	0.63676655
8511	8515	2	0.790242
8512	8514	0	0.7634
8512	8514	1	0.9578762
8512	8514	2	0.6760474
8512	8515	0	0.65157056
8512	8515	1	0.89157844
8512	8515	2	0.6082211
8513	8514	0	0.6593824
8513	8514	1	0.6696006
8513	8514	2	0.7203285
8513	8515	0	0.7309361
8513	8515	1	0.7108876
8513	8515	2	0.75736326
8514	8515	0	0.85853326
8514	8515	1	0.6422166
8514	8515	2	0.72223115
8514	8516	0	0.69359976
8514	8516	1	0.8601098
8514	8516	2	0.79080915
8514	8517	0	0.8881708
8514	8517	1	0.6954991
8514	8517	2	0.80052125
8515	8516	0	0.6109872
8515	8516	1	0.59017384
8515	8516	2	0.74146044
8515	8518	0	0.61969537
8515	8518	1	0.6583523
8515	8518	2	0.612733
8515	8517	0	0.8776949
8515	8517	1	0.796372
8515	8517	2	0.78785783
8516	8518	0	0.93186045
8516	8518	1	0.95153844
8516	8518	2	0.86032254
8516	8517	0	0.98684645
8516	8517	1	0.9575378
8516	8517	2	0.7997921
8518	8517	0	0.8164003
8518	8517	1	0.91089374
8518	8517	2	0.83378774
8516	8519	0	0.6512369
8516	8519	1	0.771289
8516	8519	2	0.6822096
8518	8519	0	0.81411636
8518	8519	1	0.89919704
8518	8519	2	0.6220383
8517	8519	0	0.6105975
8517	8519	1	0.72410065
8517	8519	2	0.5589727
8519	8520	0	0.41722664
8519	8520	1	0.67206854
8519	8520	2	0.4220348
8521	8522	0	0.6810642
8521	8522	1	0.76497847
8521	8522	2	0.7647852
8521	8523	0	0.6195064
8521	8523	1	0.65674293
8521	8523	2	0.62826586
8522	8523	0	0.789761
8522	8523	1	0.57413054
8522	8523	2	0.6627271
8522	8524	0	0.7352206
8522	8524	1	0.6784268
8522	8524	2	0.60218835
8522	8525	0	0.65024805
8522	8525	1	0.8371756
8522	8525	2	0.48607326
8522	8526	0	0.63420904
8522	8526	1	0.92511994
8522	8526	2	0.5125804
8523	8524	0	0.34685287
8523	8524	1	0.6963201
8523	8524	2	0.7426915
8523	8525	0	0.65910465
8523	8525	1	0.64923066
8523	8525	2	0.5525383
8523	8526	0	0.80097616
8523	8526	1	0.76864207
8523	8526	2	0.65388554
8524	8525	0	0.857692
8524	8525	1	0.78340554
8524	8525	2	0.7753904
8524	8526	0	0.94524205
8524	8526	1	0.8700366
8524	8526	2	0.74155134
8525	8526	0	0.8288465
8525	8526	1	0.8621606
8525	8526	2	0.88410354
8524	8527	0	0.6323184
8524	8527	1	0.77636546
8524	8527	2	0.66440994
8525	8527	0	0.75538254
8525	8527	1	0.6913273
8525	8527	2	0.5439245
8526	8527	0	0.47722316
8526	8527	1	0.6916829
8526	8527	2	0.6428455
8527	8528	0	0.6321941
8527	8528	1	0.7445938
8527	8528	2	0.7295
8527	8529	0	0.60693157
8527	8529	1	0.8521144
8527	8529	2	0.65904933
8527	8530	0	0.7989276
8527	8530	1	0.77405655
8527	8530	2	0.6033935
8528	8529	0	0.99887973
8528	8529	1	0.7209566
8528	8529	2	0.62181777
8528	8530	0	0.9196097
8528	8530	1	0.7668608
8528	8530	2	0.9019645
8529	8530	0	0.8940549
8529	8530	1	0.9876637
8529	8530	2	0.82905006
8528	8531	0	0.9637761
8528	8531	1	0.92260444
8528	8531	2	0.6484692
8528	8532	0	0.73315215
8528	8532	1	0.98814386
8528	8532	2	0.81021816
8529	8533	0	0.83701444
8529	8533	1	0.8326294
8529	8533	2	0.7954427
8529	8531	0	0.83817714
8529	8531	1	0.793204
8529	8531	2	0.76817286
8529	8532	0	0.7150819
8529	8532	1	0.7545624
8529	8532	2	0.63685703
8530	8533	0	0.5886539
8530	8533	1	0.80484074
8530	8533	2	0.64977634
8530	8531	0	0.73485404
8530	8531	1	0.51610094
8530	8531	2	0.65399295
8530	8532	0	0.6787415
8530	8532	1	0.93417823
8530	8532	2	0.65856516
8533	8531	0	0.7519924
8533	8531	1	0.8191498
8533	8531	2	0.855531
8533	8532	0	0.8934303
8533	8532	1	0.7860682
8533	8532	2	0.8209975
8531	8532	0	0.8206491
8531	8532	1	0.9282686
8531	8532	2	0.8418853
8533	8534	0	0.96941346
8533	8534	1	0.80690366
8533	8534	2	0.7962608
8533	8535	0	0.7693071
8533	8535	1	0.6661158
8533	8535	2	0.64810294
8533	8536	0	0.98000795
8533	8536	1	0.8206106
8533	8536	2	0.6461202
8531	8534	0	0.7682949
8531	8534	1	0.7701086
8531	8534	2	0.7517268
8531	8535	0	0.7215179
8531	8535	1	0.6905979
8531	8535	2	0.7832633
8531	8536	0	0.75379723
8531	8536	1	0.7539098
8531	8536	2	0.762451
8532	8534	0	0.84351736
8532	8534	1	0.6291518
8532	8534	2	0.60574615
8532	8535	0	0.8825954
8532	8535	1	0.62644875
8532	8535	2	0.78663015
8532	8536	0	0.8299712
8532	8536	1	0.8667981
8532	8536	2	0.646388
8534	8535	0	0.89321715
8534	8535	1	0.8864303
8534	8535	2	0.7965684
8534	8536	0	0.9395403
8534	8536	1	0.9252447
8534	8536	2	0.8804035
8535	8536	0	0.72116196
8535	8536	1	0.7791494
8535	8536	2	0.75854665
8534	8537	0	0.79497814
8534	8537	1	0.5879632
8534	8537	2	0.5845166
8535	8537	0	0.8262051
8535	8537	1	0.766061
8535	8537	2	0.62756693
8536	8537	0	0.7712171
8536	8537	1	0.6737475
8536	8537	2	0.65460694
8538	8539	0	0.61458653
8538	8539	1	0.34846142
8538	8539	2	0.47561848
8539	8540	0	0.3698212
8539	8540	1	0.66402406
8539	8540	2	0.45650816
8539	8541	0	0.86964625
8539	8541	1	0.76781803
8539	8541	2	0.7550164
8540	8541	0	0.89380485
8540	8541	1	0.90610045
8540	8541	2	0.6752609
8540	8542	0	0.59037465
8540	8542	1	0.6465335
8540	8542	2	0.5590991
8540	8543	0	0.8592515
8540	8543	1	0.7989537
8540	8543	2	0.7674379
8541	8542	0	0.48927826
8541	8542	1	0.727572
8541	8542	2	0.65270764
8542	8543	0	0.73683417
8542	8543	1	0.7176073
8542	8543	2	0.7935376
8542	8544	0	0.48933613
8542	8544	1	0.5843758
8542	8544	2	0.49351692
8542	8545	0	0.69129425
8542	8545	1	0.92739224
8542	8545	2	0.6324228
8543	8544	0	0.81383646
8543	8544	1	0.8861393
8543	8544	2	0.78978336
8543	8545	0	0.892979
8543	8545	1	0.7776396
8543	8545	2	0.8081417
8544	8545	0	0.6599056
8544	8545	1	0.8789075
8544	8545	2	0.6023697
8544	8546	0	0.7487888
8544	8546	1	0.5810196
8544	8546	2	0.5545516
8545	8546	0	0.43979216
8545	8546	1	0.71801484
8545	8546	2	0.5769114
8547	8548	0	0.7580744
8547	8548	1	0.8445854
8547	8548	2	0.67985475
8547	8549	0	0.45106226
8547	8549	1	0.5805463
8547	8549	2	0.5616617
8547	8550	0	0.59140986
8547	8550	1	0.89471114
8547	8550	2	0.42149907
8548	8549	0	0.45208898
8548	8549	1	0.72767425
8548	8549	2	0.46094567
8548	8550	0	0.6602135
8548	8550	1	0.7176893
8548	8550	2	0.5816927
8549	8550	0	0.6115891
8549	8550	1	0.32743058
8549	8550	2	0.49879655
8549	8551	0	0.72876656
8549	8551	1	0.5597642
8549	8551	2	0.5682621
8550	8551	0	0.55911463
8550	8551	1	0.37635586
8550	8551	2	0.4509105
8552	8553	0	0.45116386
8552	8553	1	0.6247907
8552	8553	2	0.51783556
8552	8554	0	0.4805422
8552	8554	1	0.7005632
8552	8554	2	0.39136162
8553	8554	0	0.87509173
8553	8554	1	0.9422529
8553	8554	2	0.7681889
8553	8555	0	0.63520294
8553	8555	1	0.693538
8553	8555	2	0.6870892
8554	8555	0	0.5522014
8554	8555	1	0.6867805
8554	8555	2	0.4715686
8555	8556	0	0.65836185
8555	8556	1	0.750929
8555	8556	2	0.64491534
8555	8557	0	0.7900509
8555	8557	1	0.6597379
8555	8557	2	0.68966395
8558	8556	0	0.48488715
8558	8556	1	0.65781564
8558	8556	2	0.6492508
8558	8557	0	0.7934633
8558	8557	1	0.594298
8558	8557	2	0.39398557
8556	8557	0	0.96724355
8556	8557	1	0.75504804
8556	8557	2	0.71086675
8558	8559	0	0.9331658
8558	8559	1	0.8891146
8558	8559	2	0.54047465
8556	8559	0	0.6608687
8556	8559	1	0.4756559
8556	8559	2	0.67798233
8557	8559	0	0.46747044
8557	8559	1	0.62257034
8557	8559	2	0.467812
8560	8561	0	0.853176
8560	8561	1	0.84213734
8560	8561	2	0.6719961
8560	8562	0	0.50562704
8560	8562	1	0.60047567
8560	8562	2	0.60495317
8561	8562	0	0.65862125
8561	8562	1	0.50949407
8561	8562	2	0.5936387
8562	8563	0	0.456028
8562	8563	1	0.5697237
8562	8563	2	0.5115053
8562	8564	0	0.8714683
8562	8564	1	0.63518655
8562	8564	2	0.5123222
8563	8564	0	0.85182697
8563	8564	1	0.69549525
8563	8564	2	0.7563402
8565	8566	0	0.68560994
8565	8566	1	0.6779887
8565	8566	2	0.68149644
8565	8567	0	0.63227373
8565	8567	1	0.7617098
8565	8567	2	0.550392
8566	8568	0	0.49135166
8566	8568	1	0.4441051
8566	8568	2	0.5100901
8566	8567	0	0.61458784
8566	8567	1	0.8718537
8566	8567	2	0.4972514
8568	8567	0	0.7260915
8568	8567	1	0.7025452
8568	8567	2	0.6816181
8568	8569	0	0.80012566
8568	8569	1	0.66861844
8568	8569	2	0.7267253
8567	8569	0	0.8032773
8567	8569	1	0.55513674
8567	8569	2	0.5923094
8570	8571	0	0.8186352
8570	8571	1	0.92144257
8570	8571	2	0.63774836
8570	8572	0	0.7675771
8570	8572	1	0.60626674
8570	8572	2	0.49760216
8570	8573	0	0.7439399
8570	8573	1	0.81807894
8570	8573	2	0.50187844
8571	8572	0	0.45301434
8571	8572	1	0.73786885
8571	8572	2	0.60214186
8571	8573	0	0.69218016
8571	8573	1	0.63358396
8571	8573	2	0.7129589
8572	8573	0	0.643236
8572	8573	1	0.5827966
8572	8573	2	0.7806905
8572	8574	0	0.6014787
8572	8574	1	0.70679176
8572	8574	2	0.5163932
8572	8575	0	0.77082324
8572	8575	1	0.6813144
8572	8575	2	0.6602307
8572	8576	0	0.829794
8572	8576	1	0.9176383
8572	8576	2	0.7303348
8573	8574	0	0.59835905
8573	8574	1	0.70232016
8573	8574	2	0.521702
8573	8575	0	0.6509029
8573	8575	1	0.8736185
8573	8575	2	0.7583636
8573	8576	0	0.68309665
8573	8576	1	0.751632
8573	8576	2	0.69699234
8574	8575	0	0.9155867
8574	8575	1	0.95585144
8574	8575	2	0.7610905
8574	8576	0	0.98025626
8574	8576	1	0.7295357
8574	8576	2	0.75101745
8575	8576	0	0.890916
8575	8576	1	0.7713413
8575	8576	2	0.7596492
8574	8577	0	0.7439216
8574	8577	1	0.9063633
8574	8577	2	0.7107124
8575	8577	0	0.6862955
8575	8577	1	0.6598541
8575	8577	2	0.53846306
8576	8577	0	0.6693382
8576	8577	1	0.76264906
8576	8577	2	0.49933872
8577	8578	0	0.7455899
8577	8578	1	0.29687506
8577	8578	2	0.61651
8579	8580	0	0.5888361
8579	8580	1	0.88981736
8579	8580	2	0.50027144
8579	8581	0	0.7168522
8579	8581	1	0.9007726
8579	8581	2	0.7112611
8579	8582	0	0.83787686
8579	8582	1	0.61655396
8579	8582	2	0.78544474
8579	8583	0	0.82819563
8579	8583	1	0.87975764
8579	8583	2	0.510412
8580	8581	0	0.34994388
8580	8581	1	0.721922
8580	8581	2	0.46203366
8580	8582	0	0.6395685
8580	8582	1	0.8001929
8580	8582	2	0.6886259
8580	8583	0	0.6471241
8580	8583	1	0.7964924
8580	8583	2	0.46320662
8581	8582	0	0.71917874
8581	8582	1	0.70370215
8581	8582	2	0.635034
8581	8583	0	0.64137715
8581	8583	1	0.8748814
8581	8583	2	0.7876736
8582	8583	0	0.5540695
8582	8583	1	0.85005236
8582	8583	2	0.7573721
8581	8584	0	0.6722757
8581	8584	1	0.7569573
8581	8584	2	0.747148
8582	8584	0	0.7004128
8582	8584	1	0.8739036
8582	8584	2	0.6057807
8583	8584	0	0.66992027
8583	8584	1	0.712242
8583	8584	2	0.5329693
8584	8585	0	0.59963095
8584	8585	1	0.6507259
8584	8585	2	0.5554528
8585	8586	0	0.41994056
8585	8586	1	0.63111377
8585	8586	2	0.5019525
8585	8587	0	0.5319515
8585	8587	1	0.81036365
8585	8587	2	0.29229078
8586	8587	0	0.5144759
8586	8587	1	0.6807668
8586	8587	2	0.6176119
8588	8589	0	0.3504252
8588	8589	1	0.2890559
8588	8589	2	0.28641796
8588	8590	0	0.4565175
8588	8590	1	0.8359751
8588	8590	2	0.1952312
8589	8590	0	0.091721386
8589	8590	1	0.34265214
8589	8590	2	0.10900871
8591	8592	0	0.88669425
8591	8592	1	0.6329987
8591	8592	2	0.69183314
8591	8593	0	0.51644117
8591	8593	1	0.65621793
8591	8593	2	0.59621066
8591	8594	0	0.75192595
8591	8594	1	0.87322855
8591	8594	2	0.640301
8592	8593	0	0.46218523
8592	8593	1	0.663197
8592	8593	2	0.5288041
8592	8594	0	0.7342379
8592	8594	1	0.86361974
8592	8594	2	0.4728441
8593	8594	0	0.67752266
8593	8594	1	0.6491961
8593	8594	2	0.7062187
8593	8595	0	0.70907813
8593	8595	1	0.59731084
8593	8595	2	0.7788001
8593	8596	0	0.82104367
8593	8596	1	0.686505
8593	8596	2	0.7028373
8593	8597	0	0.7092464
8593	8597	1	0.72335804
8593	8597	2	0.76586664
8594	8595	0	0.5864652
8594	8595	1	0.45956725
8594	8595	2	0.6915647
8594	8596	0	0.80642945
8594	8596	1	0.60016567
8594	8596	2	0.74525243
8594	8597	0	0.8767084
8594	8597	1	0.7527321
8594	8597	2	0.5962336
8595	8596	0	0.8580617
8595	8596	1	0.78139395
8595	8596	2	0.89134145
8595	8597	0	0.87944347
8595	8597	1	0.92271876
8595	8597	2	0.69954526
8596	8597	0	0.67864823
8596	8597	1	0.9748585
8596	8597	2	0.63783056
8595	8598	0	0.6268517
8595	8598	1	0.68148047
8595	8598	2	0.6595114
8596	8598	0	0.76942855
8596	8598	1	0.77775085
8596	8598	2	0.660475
8597	8598	0	0.5194392
8597	8598	1	0.6427445
8597	8598	2	0.76295114
8598	8599	0	0.725707
8598	8599	1	0.715121
8598	8599	2	0.75304055
8598	8600	0	0.5971869
8598	8600	1	0.8548105
8598	8600	2	0.65452087
8599	8600	0	0.92217946
8599	8600	1	0.9084056
8599	8600	2	0.8101199
8600	8601	0	0.72917885
8600	8601	1	0.5616246
8600	8601	2	0.5484499
8601	8602	0	0.55799764
8601	8602	1	0.59513474
8601	8602	2	0.68291056
8601	8603	0	0.63065267
8601	8603	1	0.815848
8601	8603	2	0.6140464
8601	8604	0	0.8384399
8601	8604	1	0.60697377
8601	8604	2	0.58901805
8602	8603	0	0.8508261
8602	8603	1	0.77019995
8602	8603	2	0.7839681
8602	8604	0	0.8616526
8602	8604	1	0.86118555
8602	8604	2	0.60776097
8603	8604	0	0.68293405
8603	8604	1	0.8176124
8603	8604	2	0.82850844
8602	8605	0	0.58824164
8602	8605	1	0.779866
8602	8605	2	0.5423275
8603	8605	0	0.63227993
8603	8605	1	0.6412996
8603	8605	2	0.7184062
8604	8605	0	0.6406434
8604	8605	1	0.76004297
8604	8605	2	0.6714108
8605	8606	0	0.5626344
8605	8606	1	0.6694708
8605	8606	2	0.51363945
8606	8607	0	0.5614737
8606	8607	1	0.5862206
8606	8607	2	0.6508386
8606	8608	0	0.7331369
8606	8608	1	0.6621818
8606	8608	2	0.5098473
8607	8608	0	0.8872583
8607	8608	1	0.79363763
8607	8608	2	0.8000036
8607	8609	0	0.70576674
8607	8609	1	0.72772735
8607	8609	2	0.7319668
8607	8610	0	0.866178
8607	8610	1	0.71188945
8607	8610	2	0.5855229
8607	8611	0	0.8077468
8607	8611	1	0.7023697
8607	8611	2	0.57285774
8608	8609	0	0.61356217
8608	8609	1	0.7234348
8608	8609	2	0.60754323
8608	8610	0	0.7517777
8608	8610	1	0.84805834
8608	8610	2	0.7090946
8608	8611	0	0.5996441
8608	8611	1	0.7888876
8608	8611	2	0.5985523
8609	8610	0	0.8157495
8609	8610	1	0.94915986
8609	8610	2	0.7369444
8609	8611	0	0.93109876
8609	8611	1	0.7476992
8609	8611	2	0.89973927
8610	8611	0	0.9426295
8610	8611	1	0.82102054
8610	8611	2	0.8114857
8609	8612	0	0.8798852
8609	8612	1	0.8037451
8609	8612	2	0.79491675
8609	8613	0	0.67620915
8609	8613	1	0.8911847
8609	8613	2	0.66914684
8609	8614	0	0.71511155
8609	8614	1	0.95683426
8609	8614	2	0.6332318
8610	8612	0	0.78545034
8610	8612	1	0.77055967
8610	8612	2	0.86545694
8610	8613	0	0.7927979
8610	8613	1	0.87731016
8610	8613	2	0.8573748
8610	8614	0	0.7691539
8610	8614	1	0.90340745
8610	8614	2	0.72674596
8611	8612	0	0.6418605
8611	8612	1	0.7249652
8611	8612	2	0.6150434
8611	8613	0	0.7057089
8611	8613	1	0.71674573
8611	8613	2	0.5896513
8611	8614	0	0.69161695
8611	8614	1	0.7761436
8611	8614	2	0.72560656
8612	8613	0	0.8978008
8612	8613	1	0.83729446
8612	8613	2	0.76502705
8612	8614	0	0.89543855
8612	8614	1	0.7505283
8612	8614	2	0.728861
8613	8614	0	0.9079525
8613	8614	1	0.86357826
8613	8614	2	0.8360208
8612	8615	0	0.70066065
8612	8615	1	0.6706571
8612	8615	2	0.56243694
8612	8616	0	0.799229
8612	8616	1	0.928865
8612	8616	2	0.61851615
8612	8617	0	0.93484545
8612	8617	1	0.80301195
8612	8617	2	0.6163655
8613	8615	0	0.7081522
8613	8615	1	0.71155155
8613	8615	2	0.61605734
8613	8616	0	0.6456965
8613	8616	1	0.8539914
8613	8616	2	0.64605314
8613	8617	0	0.7713106
8613	8617	1	0.74329233
8613	8617	2	0.6349239
8614	8615	0	0.7224909
8614	8615	1	0.7866053
8614	8615	2	0.7830863
8614	8616	0	0.76116645
8614	8616	1	0.8528102
8614	8616	2	0.794676
8614	8617	0	0.8402038
8614	8617	1	0.79065657
8614	8617	2	0.61154884
8615	8616	0	0.9201841
8615	8616	1	0.71791637
8615	8616	2	0.8518344
8615	8617	0	0.9023276
8615	8617	1	0.9412824
8615	8617	2	0.62166727
8616	8617	0	0.9737044
8616	8617	1	0.9355315
8616	8617	2	0.7106877
8618	8619	0	0.74737
8618	8619	1	0.5351253
8618	8619	2	0.627615
8618	8620	0	0.58598614
8618	8620	1	0.8112055
8618	8620	2	0.55016875
8619	8620	0	0.78406215
8619	8620	1	0.8366767
8619	8620	2	0.6988784
8619	8621	0	0.65288305
8619	8621	1	0.693982
8619	8621	2	0.7214973
8619	8622	0	0.63656604
8619	8622	1	0.6738844
8619	8622	2	0.7341297
8620	8621	0	0.70156366
8620	8621	1	0.8389037
8620	8621	2	0.74905723
8620	8622	0	0.7606216
8620	8622	1	0.5655818
8620	8622	2	0.63597035
8621	8622	0	0.9360539
8621	8622	1	0.641381
8621	8622	2	0.7868683
8621	8623	0	0.6712935
8621	8623	1	0.55995184
8621	8623	2	0.644739
8621	8624	0	0.63197684
8621	8624	1	0.74273366
8621	8624	2	0.82069993
8621	8625	0	0.82975435
8621	8625	1	0.90375173
8621	8625	2	0.65903527
8622	8623	0	0.65884364
8622	8623	1	0.72136503
8622	8623	2	0.57152975
8622	8624	0	0.6613597
8622	8624	1	0.8138135
8622	8624	2	0.7771472
8622	8625	0	0.6032159
8622	8625	1	0.728685
8622	8625	2	0.5155426
8623	8624	0	0.761056
8623	8624	1	0.8565124
8623	8624	2	0.58751595
8623	8625	0	0.7419294
8623	8625	1	0.96824896
8623	8625	2	0.58672625
8624	8625	0	0.81391835
8624	8625	1	0.87864316
8624	8625	2	0.800362
8623	8626	0	0.6408773
8623	8626	1	0.8144751
8623	8626	2	0.625161
8624	8626	0	0.54629683
8624	8626	1	0.7409145
8624	8626	2	0.6108914
8625	8626	0	0.4192945
8625	8626	1	0.71341366
8625	8626	2	0.50777674
8244	8248	0	0.67793095
8248	8244	0	0.45913556
8244	8248	1	0.8249914
8248	8244	1	0.5135405
8244	8248	2	0.47554427
8248	8244	2	0.5300007
8244	8247	0	0.72964436
8247	8244	0	0.5066475
8244	8247	1	0.7722033
8247	8244	1	0.51195496
8244	8247	2	0.608016
8247	8244	2	0.48084512
8245	8249	0	0.87567246
8249	8245	0	0.6192748
8245	8249	1	0.89082247
8249	8245	1	0.73783207
8245	8249	2	0.79488647
8249	8245	2	0.6063656
8245	8250	0	0.8018461
8250	8245	0	0.6837991
8245	8250	1	0.71288395
8250	8245	1	0.71948504
8245	8250	2	0.60523117
8250	8245	2	0.6703248
8245	8251	0	0.88833046
8251	8245	0	0.62798613
8245	8251	1	0.9567352
8251	8245	1	0.66263974
8245	8251	2	0.8020867
8251	8245	2	0.7709908
8246	8249	0	0.87768424
8249	8246	0	0.91493285
8246	8249	1	0.7389354
8249	8246	1	0.90175575
8246	8249	2	0.6772287
8249	8246	2	0.72726744
8246	8250	0	0.8888339
8250	8246	0	0.62972873
8246	8250	1	0.9256393
8250	8246	1	0.6986147
8246	8250	2	0.80038923
8250	8246	2	0.6497596
8246	8251	0	0.7068285
8251	8246	0	0.60781366
8246	8251	1	0.7623331
8251	8246	1	0.66339993
8246	8251	2	0.6638025
8251	8246	2	0.62175304
8250	8251	0	0.87961006
8251	8250	0	0.9273996
8250	8251	1	0.89789647
8251	8250	1	0.8258672
8250	8251	2	0.66286105
8251	8250	2	0.832919
8252	8256	0	0.69325274
8256	8252	0	0.43137586
8252	8256	1	0.76430905
8256	8252	1	0.4501648
8252	8256	2	0.69232666
8256	8252	2	0.51979464
8252	8254	0	0.6363564
8254	8252	0	0.8427728
8252	8254	1	0.6621518
8254	8252	1	0.6443986
8252	8254	2	0.65884805
8254	8252	2	0.48156762
8252	8255	0	0.85088617
8255	8252	0	0.5622095
8252	8255	1	0.82176316
8255	8252	1	0.77540165
8252	8255	2	0.6237522
8255	8252	2	0.72898215
8253	8257	0	0.8400015
8257	8253	0	0.49731818
8253	8257	1	0.81154007
8257	8253	1	0.44911322
8253	8257	2	0.47399816
8257	8253	2	0.5868265
8258	8261	0	0.79134077
8261	8258	0	0.76098984
8258	8261	1	0.82013196
8261	8258	1	0.68458414
8258	8261	2	0.72524655
8261	8258	2	0.7517694
8258	8262	0	0.7859726
8262	8258	0	0.5705862
8258	8262	1	0.777207
8262	8258	1	0.65136653
8258	8262	2	0.6094156
8262	8258	2	0.63168436
8259	8261	0	0.5895123
8261	8259	0	0.8356388
8259	8261	1	0.64154583
8261	8259	1	0.75946224
8259	8261	2	0.5873796
8261	8259	2	0.76374286
8259	8262	0	0.82689077
8262	8259	0	0.6608287
8259	8262	1	0.73044086
8262	8259	1	0.73898435
8259	8262	2	0.7064697
8262	8259	2	0.69564575
8263	8265	0	0.4576419
8265	8263	0	0.34152552
8263	8265	1	0.5810151
8265	8263	1	0.42456242
8263	8265	2	0.429046
8265	8263	2	0.25579366
8264	8266	0	0.6134161
8266	8264	0	0.3828929
8264	8266	1	0.50924224
8266	8264	1	0.26221088
8264	8266	2	0.3413486
8266	8264	2	0.34855622
8269	8275	0	0.86972696
8275	8269	0	0.89806867
8269	8275	1	0.9547202
8275	8269	1	0.92759377
8269	8275	2	0.8350831
8275	8269	2	0.61602443
8269	8276	0	0.776684
8276	8269	0	0.8319438
8269	8276	1	0.82882327
8276	8269	1	0.81475365
8269	8276	2	0.6752123
8276	8269	2	0.72950083
8269	8277	0	0.81521684
8277	8269	0	0.6888789
8269	8277	1	0.82304996
8277	8269	1	0.5883937
8269	8277	2	0.8147747
8277	8269	2	0.70667744
8269	8278	0	0.8525519
8278	8269	0	0.5179832
8269	8278	1	0.83790946
8278	8269	1	0.68065417
8269	8278	2	0.7350714
8278	8269	2	0.6091787
8270	8275	0	0.95983064
8275	8270	0	0.7962724
8270	8275	1	0.92608225
8275	8270	1	0.6907419
8270	8275	2	0.6538294
8275	8270	2	0.6041525
8270	8276	0	0.9361882
8276	8270	0	0.7486005
8270	8276	1	0.9602213
8276	8270	1	0.93634045
8270	8276	2	0.84813696
8276	8270	2	0.832225
8270	8277	0	0.9232676
8277	8270	0	0.8998513
8270	8277	1	0.8477567
8277	8270	1	0.8901873
8270	8277	2	0.7181303
8277	8270	2	0.8059707
8270	8278	0	0.96614325
8278	8270	0	0.7721774
8270	8278	1	0.90781474
8278	8270	1	0.5610432
8270	8278	2	0.76488936
8278	8270	2	0.8014041
8271	8275	0	0.86805165
8275	8271	0	0.96582
8271	8275	1	0.8932147
8275	8271	1	0.96057695
8271	8275	2	0.6666753
8275	8271	2	0.677041
8271	8276	0	0.75141317
8276	8271	0	0.8394797
8271	8276	1	0.9380366
8276	8271	1	0.8154667
8271	8276	2	0.799222
8276	8271	2	0.7779094
8271	8277	0	0.75505364
8277	8271	0	0.75488055
8271	8277	1	0.9345682
8277	8271	1	0.89034855
8271	8277	2	0.8118632
8277	8271	2	0.82084143
8271	8278	0	0.8987962
8278	8271	0	0.79491884
8271	8278	1	0.75624216
8278	8271	1	0.79664105
8271	8278	2	0.8054273
8278	8271	2	0.57516056
8272	8275	0	0.62579846
8275	8272	0	0.7868099
8272	8275	1	0.7383369
8275	8272	1	0.9534688
8272	8275	2	0.5765294
8275	8272	2	0.6554944
8272	8276	0	0.91672015
8276	8272	0	0.9310436
8272	8276	1	0.8362822
8276	8272	1	0.7964256
8272	8276	2	0.65916586
8276	8272	2	0.83465016
8272	8277	0	0.8285861
8277	8272	0	0.9306472
8272	8277	1	0.94001496
8277	8272	1	0.88616425
8272	8277	2	0.8255206
8277	8272	2	0.8405385
8272	8278	0	0.8646555
8278	8272	0	0.7611534
8272	8278	1	0.80090165
8278	8272	1	0.9408164
8272	8278	2	0.73284554
8278	8272	2	0.60953134
8273	8279	0	0.8688388
8279	8273	0	0.71829164
8273	8279	1	0.9566167
8279	8273	1	0.76355207
8273	8279	2	0.7230756
8279	8273	2	0.7366232
8273	8280	0	0.991194
8280	8273	0	0.7620327
8273	8280	1	0.80525213
8280	8273	1	0.68271774
8273	8280	2	0.8487183
8280	8273	2	0.7308107
8273	8281	0	0.962953
8281	8273	0	0.7755645
8273	8281	1	0.9631083
8281	8273	1	0.6474954
8273	8281	2	0.68204087
8281	8273	2	0.6874874
8273	8282	0	0.7829048
8282	8273	0	0.59564334
8273	8282	1	0.87559414
8282	8273	1	0.6930929
8273	8282	2	0.87969065
8282	8273	2	0.60439134
8274	8279	0	0.943354
8279	8274	0	0.930987
8274	8279	1	0.8922623
8279	8274	1	0.8507711
8274	8279	2	0.7217801
8279	8274	2	0.69722563
8274	8280	0	0.873386
8280	8274	0	0.84110916
8274	8280	1	0.90022194
8280	8274	1	0.6693652
8274	8280	2	0.79998904
8280	8274	2	0.8192583
8274	8281	0	0.98097944
8281	8274	0	0.6724881
8274	8281	1	0.8165048
8281	8274	1	0.7642279
8274	8281	2	0.8495685
8281	8274	2	0.5742985
8274	8282	0	0.94124883
8282	8274	0	0.6393611
8274	8282	1	0.8606713
8282	8274	1	0.79633033
8274	8282	2	0.72798765
8282	8274	2	0.70091194
8275	8283	0	0.8895825
8283	8275	0	0.6800549
8275	8283	1	0.9125284
8283	8275	1	0.7379814
8275	8283	2	0.7739684
8283	8275	2	0.59688336
8275	8284	0	0.8250226
8284	8275	0	0.678628
8275	8284	1	0.966829
8284	8275	1	0.7688163
8275	8284	2	0.72705597
8284	8275	2	0.70432085
8275	8285	0	0.881753
8285	8275	0	0.56891483
8275	8285	1	0.85212445
8285	8275	1	0.66043794
8275	8285	2	0.7325036
8285	8275	2	0.76786387
8276	8283	0	0.9365103
8283	8276	0	0.9087577
8276	8283	1	0.8306172
8283	8276	1	0.6708164
8276	8283	2	0.88003075
8283	8276	2	0.6771559
8276	8284	0	0.98897177
8284	8276	0	0.88126856
8276	8284	1	0.9315614
8284	8276	1	0.7857578
8276	8284	2	0.6540831
8284	8276	2	0.84077734
8276	8285	0	0.95706326
8285	8276	0	0.5712311
8276	8285	1	0.9245388
8285	8276	1	0.70734024
8276	8285	2	0.91033614
8285	8276	2	0.65583247
8277	8279	0	0.749076
8279	8277	0	0.94201463
8277	8279	1	0.6366932
8279	8277	1	0.81706727
8277	8279	2	0.8228468
8279	8277	2	0.699017
8277	8283	0	0.95569444
8283	8277	0	0.96353775
8277	8283	1	0.7365567
8283	8277	1	0.813453
8277	8283	2	0.89640516
8283	8277	2	0.60726106
8277	8284	0	0.93197364
8284	8277	0	0.6703313
8277	8284	1	0.822636
8284	8277	1	0.65876484
8277	8284	2	0.6857433
8284	8277	2	0.7989459
8277	8285	0	0.80053234
8285	8277	0	0.6684687
8277	8285	1	0.96769065
8285	8277	1	0.82211024
8277	8285	2	0.8082156
8285	8277	2	0.588938
8278	8283	0	0.8962813
8283	8278	0	0.8948665
8278	8283	1	0.9434224
8283	8278	1	0.9038938
8278	8283	2	0.7024976
8283	8278	2	0.72571784
8278	8284	0	0.9470486
8284	8278	0	0.95671445
8278	8284	1	0.914151
8284	8278	1	0.8920985
8278	8284	2	0.72960514
8284	8278	2	0.702876
8278	8285	0	0.96566015
8285	8278	0	0.9343809
8278	8285	1	0.8997132
8285	8278	1	0.7824376
8278	8285	2	0.87669307
8285	8278	2	0.8242348
8279	8286	0	0.8940201
8286	8279	0	0.51922625
8279	8286	1	0.8970289
8286	8279	1	0.52604795
8279	8286	2	0.82161206
8286	8279	2	0.48073572
8280	8286	0	0.8171522
8286	8280	0	0.73683286
8280	8286	1	0.8072231
8286	8280	1	0.57759947
8280	8286	2	0.6716126
8286	8280	2	0.6007719
8281	8286	0	0.95401967
8286	8281	0	0.74184346
8281	8286	1	0.82606906
8286	8281	1	0.7004751
8281	8286	2	0.8109882
8286	8281	2	0.78551596
8282	8286	0	0.7239762
8286	8282	0	0.7973185
8282	8286	1	0.8279659
8286	8282	1	0.9225621
8282	8286	2	0.61203307
8286	8282	2	0.77425545
8283	8288	0	0.8145718
8288	8283	0	0.6320711
8283	8288	1	0.7517814
8288	8283	1	0.6535267
8283	8288	2	0.6250589
8288	8283	2	0.65409994
8283	8287	0	0.72882694
8287	8283	0	0.61325705
8283	8287	1	0.8928979
8287	8283	1	0.72770005
8283	8287	2	0.83940023
8287	8283	2	0.78152215
8284	8288	0	0.8780158
8288	8284	0	0.75029725
8284	8288	1	0.8093231
8288	8284	1	0.6341183
8284	8288	2	0.804726
8288	8284	2	0.7907075
8284	8287	0	0.6974861
8287	8284	0	0.8237422
8284	8287	1	0.8361826
8287	8284	1	0.87599486
8284	8287	2	0.70012766
8287	8284	2	0.62954605
8285	8288	0	0.8316007
8288	8285	0	0.8399147
8285	8288	1	0.7284782
8288	8285	1	0.61295927
8285	8288	2	0.7564759
8288	8285	2	0.6942009
8285	8287	0	0.7897136
8287	8285	0	0.86095256
8285	8287	1	0.56556094
8287	8285	1	0.8929483
8285	8287	2	0.54905504
8287	8285	2	0.7755904
8289	8295	0	0.744211
8295	8289	0	0.5896446
8289	8295	1	0.9072098
8295	8289	1	0.5698573
8289	8295	2	0.7229818
8295	8289	2	0.50033706
8290	8295	0	0.912262
8295	8290	0	0.70513576
8290	8295	1	0.7426495
8295	8290	1	0.7613477
8290	8295	2	0.57859045
8295	8290	2	0.7439643
8291	8295	0	0.77174264
8295	8291	0	0.6533166
8291	8295	1	0.80576307
8295	8291	1	0.8176448
8291	8295	2	0.7708249
8295	8291	2	0.70847726
8292	8295	0	0.6881195
8295	8292	0	0.709967
8292	8295	1	0.87374085
8295	8292	1	0.7911246
8292	8295	2	0.7669848
8295	8292	2	0.6937219
8293	8296	0	0.6404441
8296	8293	0	0.8488805
8293	8296	1	0.60936534
8296	8293	1	0.84299225
8293	8296	2	0.5451228
8296	8293	2	0.7021112
8293	8297	0	0.83999723
8297	8293	0	0.63349515
8293	8297	1	0.8968876
8297	8293	1	0.79668015
8293	8297	2	0.6245929
8297	8293	2	0.52252907
8293	8298	0	0.781547
8298	8293	0	0.6804459
8293	8298	1	0.7274718
8298	8293	1	0.6618927
8293	8298	2	0.8183463
8298	8293	2	0.61165047
8294	8296	0	0.7450862
8296	8294	0	0.865225
8294	8296	1	0.7239508
8296	8294	1	0.7226624
8294	8296	2	0.61657274
8296	8294	2	0.57565475
8294	8297	0	0.8849552
8297	8294	0	0.8975305
8294	8297	1	0.7752235
8297	8294	1	0.7308833
8294	8297	2	0.6837395
8297	8294	2	0.73328364
8294	8298	0	0.84629554
8298	8294	0	0.6113014
8294	8298	1	0.7508316
8298	8294	1	0.6471468
8294	8298	2	0.8009207
8298	8294	2	0.57630754
8295	8299	0	0.79744333
8299	8295	0	0.5984833
8295	8299	1	0.7443961
8299	8295	1	0.6267669
8295	8299	2	0.47243056
8299	8295	2	0.635488
8295	8300	0	0.7689373
8300	8295	0	0.42497033
8295	8300	1	0.83244413
8300	8295	1	0.458621
8295	8300	2	0.6393994
8300	8295	2	0.54686093
8296	8301	0	0.78461075
8301	8296	0	0.8069645
8296	8301	1	0.9318354
8301	8296	1	0.6401932
8296	8301	2	0.5861736
8301	8296	2	0.72347665
8296	8302	0	0.913535
8302	8296	0	0.73720413
8296	8302	1	0.8223845
8302	8296	1	0.6484622
8296	8302	2	0.74096143
8302	8296	2	0.7261708
8297	8301	0	0.87489927
8301	8297	0	0.76172435
8297	8301	1	0.65611553
8301	8297	1	0.73024064
8297	8301	2	0.60725
8301	8297	2	0.57196003
8297	8302	0	0.80528116
8302	8297	0	0.8171749
8297	8302	1	0.91012657
8302	8297	1	0.8060427
8297	8302	2	0.57965
8302	8297	2	0.70043874
8298	8301	0	0.6840212
8301	8298	0	0.828813
8298	8301	1	0.6751994
8301	8298	1	0.7460075
8298	8301	2	0.77351785
8301	8298	2	0.57857627
8298	8302	0	0.90228343
8302	8298	0	0.6314949
8298	8302	1	0.8890586
8302	8298	1	0.7579676
8298	8302	2	0.63535184
8302	8298	2	0.7684905
8299	8303	0	0.62554955
8303	8299	0	0.4972103
8299	8303	1	0.8429693
8303	8299	1	0.66039026
8299	8303	2	0.5170835
8303	8299	2	0.51920563
8300	8303	0	0.8340074
8303	8300	0	0.50198436
8300	8303	1	0.6223621
8303	8300	1	0.52173454
8300	8303	2	0.72936517
8303	8300	2	0.46731192
8301	8304	0	0.6956155
8304	8301	0	0.658501
8301	8304	1	0.56836337
8304	8301	1	0.6383596
8301	8304	2	0.49011552
8304	8301	2	0.5947915
8302	8304	0	0.6106077
8304	8302	0	0.5724848
8302	8304	1	0.68815225
8304	8302	1	0.5527073
8302	8304	2	0.5730239
8304	8302	2	0.49861044
8303	8305	0	0.6161978
8305	8303	0	0.2970934
8303	8305	1	0.7022905
8305	8303	1	0.4646027
8303	8305	2	0.34168416
8305	8303	2	0.2926444
8304	8306	0	0.68556565
8306	8304	0	0.32713237
8304	8306	1	0.6793316
8306	8304	1	0.30237016
8304	8306	2	0.4953118
8306	8304	2	0.22006705
8305	8307	0	0.3851313
8307	8305	0	0.39174744
8305	8307	1	0.425218
8307	8305	1	0.41554978
8305	8307	2	0.22494832
8307	8305	2	0.32974732
8306	8308	0	0.79787475
8308	8306	0	0.6204972
8306	8308	1	0.784949
8308	8306	1	0.7114315
8306	8308	2	0.46915257
8308	8306	2	0.67185336
8306	8309	0	0.6604789
8309	8306	0	0.4372194
8306	8309	1	0.63377017
8309	8306	1	0.3424412
8306	8309	2	0.66930366
8309	8306	2	0.39993006
8307	8310	0	0.6134415
8310	8307	0	0.38932425
8307	8310	1	0.69640553
8310	8307	1	0.42758974
8307	8310	2	0.6171118
8310	8307	2	0.3965091
8309	8310	0	0.46786064
8310	8309	0	0.56733465
8309	8310	1	0.43135908
8310	8309	1	0.62735444
8309	8310	2	0.55854756
8310	8309	2	0.6754302
8323	8330	0	0.79499584
8330	8323	0	0.62419355
8323	8330	1	0.9247767
8330	8323	1	0.82485896
8323	8330	2	0.588073
8330	8323	2	0.57017463
8323	8331	0	0.9563213
8331	8323	0	0.6107479
8323	8331	1	0.97065884
8331	8323	1	0.6521038
8323	8331	2	0.7882645
8331	8323	2	0.57711685
8324	8330	0	0.93956304
8330	8324	0	0.6623707
8324	8330	1	0.9106275
8330	8324	1	0.8020937
8324	8330	2	0.76418287
8330	8324	2	0.83724624
8324	8331	0	0.8984005
8331	8324	0	0.7386607
8324	8331	1	0.94338244
8331	8324	1	0.68706745
8324	8331	2	0.68021137
8331	8324	2	0.64541024
8325	8330	0	0.7542399
8330	8325	0	0.8275077
8325	8330	1	0.91905063
8330	8325	1	0.7423089
8325	8330	2	0.74526906
8330	8325	2	0.83465964
8325	8331	0	0.9476484
8331	8325	0	0.6407578
8325	8331	1	0.9532607
8331	8325	1	0.88030726
8325	8331	2	0.8050004
8331	8325	2	0.59883964
8326	8330	0	0.72607684
8330	8326	0	0.78547794
8326	8330	1	0.8744106
8330	8326	1	0.8691379
8326	8330	2	0.6381847
8330	8326	2	0.8410219
8326	8331	0	0.849588
8331	8326	0	0.7621872
8326	8331	1	0.91053826
8331	8326	1	0.8267547
8326	8331	2	0.77657664
8331	8326	2	0.6120513
8327	8330	0	0.7303652
8330	8327	0	0.93130165
8327	8330	1	0.8936258
8330	8327	1	0.8712607
8327	8330	2	0.7623862
8330	8327	2	0.7579728
8327	8331	0	0.88968563
8331	8327	0	0.8476975
8327	8331	1	0.7126785
8331	8327	1	0.81478983
8327	8331	2	0.6241233
8331	8327	2	0.60908866
8332	8335	0	0.63781804
8335	8332	0	0.5548072
8332	8335	1	0.70770144
8335	8332	1	0.5835525
8332	8335	2	0.67754626
8335	8332	2	0.45907322
8333	8335	0	0.6874497
8335	8333	0	0.7525949
8333	8335	1	0.56103456
8335	8333	1	0.7013961
8333	8335	2	0.6143304
8335	8333	2	0.5448241
8334	8336	0	0.7057819
8336	8334	0	0.70268154
8334	8336	1	0.8327232
8336	8334	1	0.7998451
8334	8336	2	0.7610653
8336	8334	2	0.64027506
8334	8337	0	0.7083304
8337	8334	0	0.7315349
8334	8337	1	0.67835253
8337	8334	1	0.7337364
8334	8337	2	0.59214276
8337	8334	2	0.5928169
8334	8338	0	0.74595994
8338	8334	0	0.67694587
8334	8338	1	0.8205443
8338	8334	1	0.48995155
8334	8338	2	0.6658996
8338	8334	2	0.6696632
8335	8339	0	0.8083037
8339	8335	0	0.31499797
8335	8339	1	0.8213315
8339	8335	1	0.4333057
8335	8339	2	0.49984252
8339	8335	2	0.3901206
8343	8345	0	0.62498593
8345	8343	0	0.8228307
8343	8345	1	0.81572473
8345	8343	1	0.75021935
8343	8345	2	0.60117763
8345	8343	2	0.56830925
8343	8346	0	0.82428414
8346	8343	0	0.54687786
8343	8346	1	0.79335785
8346	8343	1	0.551982
8343	8346	2	0.50620073
8346	8343	2	0.49378338
8343	8347	0	0.8596427
8347	8343	0	0.63564086
8343	8347	1	0.8712027
8347	8343	1	0.6503909
8343	8347	2	0.69133425
8347	8343	2	0.6326117
8344	8348	0	0.8213403
8348	8344	0	0.36449406
8344	8348	1	0.80237454
8348	8344	1	0.37789392
8344	8348	2	0.42281917
8348	8344	2	0.36462817
8359	8362	0	0.71520084
8362	8359	0	0.32551843
8359	8362	1	0.77331156
8362	8359	1	0.38385105
8359	8362	2	0.5783638
8362	8359	2	0.30839726
8363	8368	0	0.8974212
8368	8363	0	0.7460815
8363	8368	1	0.7282584
8368	8363	1	0.6299589
8363	8368	2	0.5682798
8368	8363	2	0.5678836
8363	8369	0	0.86768633
8369	8363	0	0.30470604
8363	8369	1	0.88446325
8369	8363	1	0.44152036
8363	8369	2	0.8053479
8369	8363	2	0.3595038
8364	8370	0	0.903205
8370	8364	0	0.6639781
8364	8370	1	0.80513394
8370	8364	1	0.5821436
8364	8370	2	0.8024705
8370	8364	2	0.5437264
8364	8371	0	0.85345036
8371	8364	0	0.54689294
8364	8371	1	0.80885315
8371	8364	1	0.54407096
8364	8371	2	0.6693397
8371	8364	2	0.6619924
8365	8370	0	0.6932979
8370	8365	0	0.68742496
8365	8370	1	0.8861929
8370	8365	1	0.7850409
8365	8370	2	0.7253349
8370	8365	2	0.5325428
8365	8371	0	0.8133649
8371	8365	0	0.76204675
8365	8371	1	0.7928817
8371	8365	1	0.55758303
8365	8371	2	0.737107
8371	8365	2	0.70375615
8366	8370	0	0.9220689
8370	8366	0	0.6682251
8366	8370	1	0.8408999
8370	8366	1	0.84236443
8366	8370	2	0.7581126
8370	8366	2	0.70135766
8366	8371	0	0.85644114
8371	8366	0	0.79979944
8366	8371	1	0.8963255
8371	8366	1	0.81622314
8366	8371	2	0.84257776
8371	8366	2	0.6149286
8367	8370	0	0.89596456
8370	8367	0	0.88129306
8367	8370	1	0.7928114
8370	8367	1	0.8769482
8367	8370	2	0.6341649
8370	8367	2	0.85841674
8367	8371	0	0.91399133
8371	8367	0	0.7046727
8367	8371	1	0.9199554
8371	8367	1	0.8285376
8367	8371	2	0.6863845
8371	8367	2	0.71122783
8368	8372	0	0.8762838
8372	8368	0	0.75207824
8368	8372	1	0.7599733
8372	8368	1	0.7732142
8368	8372	2	0.75995755
8372	8368	2	0.74203664
8368	8373	0	0.7484799
8373	8368	0	0.8451298
8368	8373	1	0.712196
8373	8368	1	0.5872868
8368	8373	2	0.7403233
8373	8368	2	0.7089401
8369	8372	0	0.70480376
8372	8369	0	0.80848455
8369	8372	1	0.8264396
8372	8369	1	0.79999405
8369	8372	2	0.8613922
8372	8369	2	0.56247807
8369	8373	0	0.8670706
8373	8369	0	0.72695
8369	8373	1	0.8403013
8373	8369	1	0.63838947
8369	8373	2	0.696302
8373	8369	2	0.57625794
8370	8374	0	0.693938
8374	8370	0	0.3893055
8370	8374	1	0.7328508
8374	8370	1	0.5507784
8370	8374	2	0.46627235
8374	8370	2	0.47902882
8371	8374	0	0.76792103
8374	8371	0	0.7824708
8371	8374	1	0.6499676
8374	8371	1	0.49403
8371	8374	2	0.70712227
8374	8371	2	0.628055
8372	8373	0	0.72564447
8373	8372	0	0.82342845
8372	8373	1	0.767258
8373	8372	1	0.9359059
8372	8373	2	0.6431924
8373	8372	2	0.7701067
8372	8375	0	0.8619175
8375	8372	0	0.7098424
8372	8375	1	0.8974041
8375	8372	1	0.91411597
8372	8375	2	0.8483723
8375	8372	2	0.7665841
8372	8376	0	0.86399174
8376	8372	0	0.9267878
8372	8376	1	0.9090073
8376	8372	1	0.8559384
8372	8376	2	0.7679062
8376	8372	2	0.64158624
8372	8377	0	0.9167472
8377	8372	0	0.6450709
8372	8377	1	0.83588284
8377	8372	1	0.6870866
8372	8377	2	0.72288555
8377	8372	2	0.6534546
8372	8378	0	0.77958274
8378	8372	0	0.6886766
8372	8378	1	0.82992375
8378	8372	1	0.7966023
8372	8378	2	0.8245298
8378	8372	2	0.6113983
8373	8375	0	0.8494669
8375	8373	0	0.95987296
8373	8375	1	0.7664038
8375	8373	1	0.7702068
8373	8375	2	0.60579115
8375	8373	2	0.7944144
8373	8376	0	0.7841602
8376	8373	0	0.90062803
8373	8376	1	0.72127545
8376	8373	1	0.9020294
8373	8376	2	0.83247626
8376	8373	2	0.60603017
8373	8377	0	0.799465
8377	8373	0	0.6455579
8373	8377	1	0.8288287
8377	8373	1	0.88281065
8373	8377	2	0.6490547
8377	8373	2	0.72043097
8373	8378	0	0.79359806
8378	8373	0	0.8020152
8373	8378	1	0.92368406
8378	8373	1	0.7668879
8373	8378	2	0.6598073
8378	8373	2	0.72850233
8374	8379	0	0.8776281
8379	8374	0	0.8231809
8374	8379	1	0.7804971
8379	8374	1	0.6947996
8374	8379	2	0.6463072
8379	8374	2	0.75357294
8374	8380	0	0.94102
8380	8374	0	0.687741
8374	8380	1	0.9299889
8380	8374	1	0.6386144
8374	8380	2	0.7005708
8380	8374	2	0.55064005
8374	8381	0	0.96768034
8381	8374	0	0.52018034
8374	8381	1	0.7714232
8381	8374	1	0.43072686
8374	8381	2	0.7175775
8381	8374	2	0.5848862
8375	8382	0	0.790726
8382	8375	0	0.67771095
8375	8382	1	0.84989274
8382	8375	1	0.7218176
8375	8382	2	0.80642885
8382	8375	2	0.71775514
8375	8383	0	0.8709342
8383	8375	0	0.64839745
8375	8383	1	0.80203307
8383	8375	1	0.5067585
8375	8383	2	0.63322264
8383	8375	2	0.59090716
8376	8382	0	0.85326886
8382	8376	0	0.81739706
8376	8382	1	0.84265524
8382	8376	1	0.83104676
8376	8382	2	0.8201486
8382	8376	2	0.5969865
8376	8383	0	0.82499486
8383	8376	0	0.6214767
8376	8383	1	0.8619396
8383	8376	1	0.8172078
8376	8383	2	0.8430313
8383	8376	2	0.6250682
8377	8382	0	0.8211225
8382	8377	0	0.790269
8377	8382	1	0.9183112
8382	8377	1	0.79652023
8377	8382	2	0.87821984
8382	8377	2	0.6475558
8377	8383	0	0.7936983
8383	8377	0	0.73367715
8377	8383	1	0.9239476
8383	8377	1	0.8204893
8377	8383	2	0.72926116
8383	8377	2	0.79058707
8378	8382	0	0.8959332
8382	8378	0	0.71234715
8378	8382	1	0.91215616
8382	8378	1	0.84190065
8378	8382	2	0.8277816
8382	8378	2	0.8093774
8378	8383	0	0.8180764
8383	8378	0	0.7177464
8378	8383	1	0.9093772
8383	8378	1	0.78375864
8378	8383	2	0.6218051
8383	8378	2	0.62154263
8379	8384	0	0.93188703
8384	8379	0	0.5779588
8379	8384	1	0.7549648
8384	8379	1	0.7017375
8379	8384	2	0.6791701
8384	8379	2	0.56187695
8379	8385	0	0.7828165
8385	8379	0	0.5310735
8379	8385	1	0.93270546
8385	8379	1	0.689007
8379	8385	2	0.6438733
8385	8379	2	0.57138836
8379	8386	0	0.9274906
8386	8379	0	0.7440086
8379	8386	1	0.8772218
8386	8379	1	0.81351376
8379	8386	2	0.72139263
8386	8379	2	0.58116525
8380	8384	0	0.89891666
8384	8380	0	0.8821125
8380	8384	1	0.91923505
8384	8380	1	0.6408915
8380	8384	2	0.81239194
8384	8380	2	0.7731669
8380	8385	0	0.76085395
8385	8380	0	0.69091064
8380	8385	1	0.7855134
8385	8380	1	0.6422437
8380	8385	2	0.75648314
8385	8380	2	0.59027874
8380	8386	0	0.8158549
8386	8380	0	0.85883635
8380	8386	1	0.76189387
8386	8380	1	0.9210565
8380	8386	2	0.83996063
8386	8380	2	0.7242586
8381	8384	0	0.65089214
8384	8381	0	0.7961433
8381	8384	1	0.85209036
8384	8381	1	0.7896761
8381	8384	2	0.70829254
8384	8381	2	0.63927686
8381	8385	0	0.94478744
8385	8381	0	0.7054
8381	8385	1	0.7565148
8385	8381	1	0.7798141
8381	8385	2	0.83406174
8385	8381	2	0.64437836
8381	8386	0	0.7110882
8386	8381	0	0.864639
8381	8386	1	0.74010307
8386	8381	1	0.8686384
8381	8386	2	0.6217152
8386	8381	2	0.8332267
8382	8386	0	0.676708
8386	8382	0	0.6927832
8382	8386	1	0.75268066
8386	8382	1	0.7713461
8382	8386	2	0.6926211
8386	8382	2	0.6638791
8382	8387	0	0.8416758
8387	8382	0	0.5909578
8382	8387	1	0.9177955
8387	8382	1	0.6698568
8382	8387	2	0.8204198
8387	8382	2	0.5671764
8383	8387	0	0.81715006
8387	8383	0	0.7227786
8383	8387	1	0.70152825
8387	8383	1	0.6799666
8383	8387	2	0.61033314
8387	8383	2	0.51064724
8386	8387	0	0.9337706
8387	8386	0	0.7132255
8386	8387	1	0.9347104
8387	8386	1	0.69143337
8386	8387	2	0.5804999
8387	8386	2	0.7312912
8390	8392	0	0.73341376
8392	8390	0	0.7423361
8390	8392	1	0.59701693
8392	8390	1	0.6957768
8390	8392	2	0.7707157
8392	8390	2	0.5847888
8390	8393	0	0.7205447
8393	8390	0	0.807367
8390	8393	1	0.732811
8393	8390	1	0.7178209
8390	8393	2	0.5644447
8393	8390	2	0.7718151
8390	8394	0	0.86752814
8394	8390	0	0.4453371
8390	8394	1	0.89420545
8394	8390	1	0.59013397
8390	8394	2	0.71706766
8394	8390	2	0.5541524
8391	8395	0	0.7034235
8395	8391	0	0.5743515
8391	8395	1	0.7862558
8395	8391	1	0.76477987
8391	8395	2	0.6114596
8395	8391	2	0.6574292
8392	8393	0	0.73891175
8393	8392	0	0.6750823
8392	8393	1	0.8238856
8393	8392	1	0.89443696
8392	8393	2	0.8440954
8393	8392	2	0.70122766
8392	8395	0	0.7483682
8395	8392	0	0.7638391
8392	8395	1	0.7473931
8395	8392	1	0.67288554
8392	8395	2	0.6245626
8395	8392	2	0.53830886
8393	8395	0	0.85285926
8395	8393	0	0.8673031
8393	8395	1	0.6408865
8395	8393	1	0.74367845
8393	8395	2	0.7263386
8395	8393	2	0.57661176
8394	8396	0	0.7395661
8396	8394	0	0.49087706
8394	8396	1	0.6365969
8396	8394	1	0.46023127
8394	8396	2	0.5453558
8396	8394	2	0.53973097
8397	8400	0	0.7541791
8400	8397	0	0.67989314
8397	8400	1	0.5920721
8400	8397	1	0.7737055
8397	8400	2	0.51869
8400	8397	2	0.5333698
8397	8401	0	0.7647492
8401	8397	0	0.7083481
8397	8401	1	0.8671628
8401	8397	1	0.6471728
8397	8401	2	0.7085892
8401	8397	2	0.6561841
8397	8402	0	0.9146976
8402	8397	0	0.5788468
8397	8402	1	0.8714645
8402	8397	1	0.5795482
8397	8402	2	0.81432146
8402	8397	2	0.5796012
8398	8403	0	0.83682895
8403	8398	0	0.5171711
8398	8403	1	0.88819957
8403	8398	1	0.5399404
8398	8403	2	0.7534268
8403	8398	2	0.57893455
8399	8403	0	0.7637102
8403	8399	0	0.68843436
8399	8403	1	0.67167455
8403	8399	1	0.5375791
8399	8403	2	0.6292197
8403	8399	2	0.39434376
8400	8404	0	0.7570566
8404	8400	0	0.6790189
8400	8404	1	0.8980731
8404	8400	1	0.5692257
8400	8404	2	0.6794366
8404	8400	2	0.60758615
8401	8404	0	0.7008251
8404	8401	0	0.6753864
8401	8404	1	0.66320795
8404	8401	1	0.7373814
8401	8404	2	0.62237954
8404	8401	2	0.49459094
8402	8404	0	0.81653935
8404	8402	0	0.60792106
8402	8404	1	0.7775551
8404	8402	1	0.79979926
8402	8404	2	0.6442973
8404	8402	2	0.78220934
8405	8408	0	0.5637495
8408	8405	0	0.3518335
8405	8408	1	0.61829215
8408	8405	1	0.5762222
8405	8408	2	0.41343445
8408	8405	2	0.52423215
8406	8407	0	0.5442915
8407	8406	0	0.38486338
8406	8407	1	0.54065794
8407	8406	1	0.5864892
8406	8407	2	0.50726736
8407	8406	2	0.5691276
8407	8409	0	0.5386877
8409	8407	0	0.5982258
8407	8409	1	0.66094583
8409	8407	1	0.6150596
8407	8409	2	0.60956174
8409	8407	2	0.5229504
8407	8410	0	0.8241634
8410	8407	0	0.5594262
8407	8410	1	0.68276286
8410	8407	1	0.474101
8407	8410	2	0.5372378
8410	8407	2	0.38394588
8408	8411	0	0.7914534
8411	8408	0	0.8367132
8408	8411	1	0.71893543
8411	8408	1	0.86248165
8408	8411	2	0.7400843
8411	8408	2	0.6158655
8408	8412	0	0.72678334
8412	8408	0	0.62470275
8408	8412	1	0.8425415
8412	8408	1	0.5756399
8408	8412	2	0.61960095
8412	8408	2	0.6995602
8408	8413	0	0.87319136
8413	8408	0	0.4825241
8408	8413	1	0.735619
8413	8408	1	0.5883119
8408	8413	2	0.7949426
8413	8408	2	0.46823636
8409	8414	0	0.90980864
8414	8409	0	0.5947904
8409	8414	1	0.8432717
8414	8409	1	0.497074
8409	8414	2	0.78988194
8414	8409	2	0.73392963
8410	8414	0	0.87543833
8414	8410	0	0.6697392
8410	8414	1	0.89480335
8414	8410	1	0.75376606
8410	8414	2	0.56962895
8414	8410	2	0.6806438
8411	8416	0	0.6984734
8416	8411	0	0.7603102
8411	8416	1	0.7750978
8416	8411	1	0.6744312
8411	8416	2	0.58979326
8416	8411	2	0.6126883
8411	8417	0	0.8650815
8417	8411	0	0.6998492
8411	8417	1	0.8307135
8417	8411	1	0.75011146
8411	8417	2	0.82583255
8417	8411	2	0.5302921
8411	8415	0	0.62843406
8415	8411	0	0.7307334
8411	8415	1	0.655699
8415	8411	1	0.858793
8411	8415	2	0.5784062
8415	8411	2	0.59817374
8412	8414	0	0.5537279
8414	8412	0	0.71070015
8412	8414	1	0.5905842
8414	8412	1	0.7831271
8412	8414	2	0.7592918
8414	8412	2	0.5706779
8413	8416	0	0.82726014
8416	8413	0	0.77108186
8413	8416	1	0.74185705
8416	8413	1	0.7928103
8413	8416	2	0.80550784
8416	8413	2	0.80116403
8413	8417	0	0.7177238
8417	8413	0	0.847064
8413	8417	1	0.6707366
8417	8413	1	0.5628401
8413	8417	2	0.71787155
8417	8413	2	0.77625877
8413	8415	0	0.7650258
8415	8413	0	0.8046512
8413	8415	1	0.832355
8415	8413	1	0.81305254
8413	8415	2	0.7756908
8415	8413	2	0.62606025
8418	8422	0	0.8522291
8422	8418	0	0.60961425
8418	8422	1	0.80241287
8422	8418	1	0.70678604
8418	8422	2	0.6771708
8422	8418	2	0.43832684
8418	8423	0	0.8323454
8423	8418	0	0.39651427
8418	8423	1	0.8628521
8423	8418	1	0.39858013
8418	8423	2	0.73354393
8423	8418	2	0.42217767
8424	8427	0	0.769216
8427	8424	0	0.39962178
8424	8427	1	0.6311436
8427	8424	1	0.34141862
8424	8427	2	0.53218096
8427	8424	2	0.27270424
8425	8428	0	0.7055999
8428	8425	0	0.72238195
8425	8428	1	0.84261215
8428	8425	1	0.7227081
8425	8428	2	0.7582192
8428	8425	2	0.7192768
8425	8429	0	0.89411974
8429	8425	0	0.61967164
8425	8429	1	0.9075655
8429	8425	1	0.5793165
8425	8429	2	0.766726
8429	8425	2	0.5898693
8426	8428	0	0.73858935
8428	8426	0	0.8114261
8426	8428	1	0.70465386
8428	8426	1	0.87192863
8426	8428	2	0.66971976
8428	8426	2	0.7274682
8426	8429	0	0.5633053
8429	8426	0	0.6105223
8426	8429	1	0.5980864
8429	8426	1	0.74520165
8426	8429	2	0.51116383
8429	8426	2	0.6005691
8427	8430	0	0.7882036
8430	8427	0	0.35020688
8427	8430	1	0.6285127
8430	8427	1	0.35349634
8427	8430	2	0.45019788
8430	8427	2	0.41785017
8428	8432	0	0.8620139
8432	8428	0	0.64554745
8428	8432	1	0.7228762
8432	8428	1	0.44847053
8428	8432	2	0.7794613
8432	8428	2	0.6640958
8428	8431	0	0.60268444
8431	8428	0	0.77169657
8428	8431	1	0.7762236
8431	8428	1	0.728362
8428	8431	2	0.51184934
8431	8428	2	0.6821785
8429	8432	0	0.8481994
8432	8429	0	0.71962464
8429	8432	1	0.8121596
8432	8429	1	0.7423359
8429	8432	2	0.6213155
8432	8429	2	0.48874167
8429	8431	0	0.62370765
8431	8429	0	0.7746394
8429	8431	1	0.7406703
8431	8429	1	0.7906916
8429	8431	2	0.72201765
8431	8429	2	0.7237957
8430	8433	0	0.7645263
8433	8430	0	0.6274529
8430	8433	1	0.72045296
8433	8430	1	0.8038552
8430	8433	2	0.7381473
8433	8430	2	0.7596926
8430	8434	0	0.7296782
8434	8430	0	0.6138647
8430	8434	1	0.8761457
8434	8430	1	0.7986764
8430	8434	2	0.70379394
8434	8430	2	0.72353995
8430	8435	0	0.78906447
8435	8430	0	0.5762317
8430	8435	1	0.8960848
8435	8430	1	0.5502956
8430	8435	2	0.58843637
8435	8430	2	0.48877555
8431	8436	0	0.8111563
8436	8431	0	0.46907738
8431	8436	1	0.782284
8436	8431	1	0.67997074
8431	8436	2	0.68656015
8436	8431	2	0.50271267
8432	8436	0	0.72924054
8436	8432	0	0.7551238
8432	8436	1	0.79725575
8436	8432	1	0.5329369
8432	8436	2	0.6155236
8436	8432	2	0.5697847
8437	8441	0	0.8560205
8441	8437	0	0.5695285
8437	8441	1	0.8677234
8441	8437	1	0.48780224
8437	8441	2	0.65291935
8441	8437	2	0.6396098
8438	8441	0	0.83240867
8441	8438	0	0.731143
8438	8441	1	0.8217108
8441	8438	1	0.70673674
8438	8441	2	0.6079152
8441	8438	2	0.68558574
8439	8442	0	0.75588745
8442	8439	0	0.51901615
8439	8442	1	0.7359627
8442	8439	1	0.47247508
8439	8442	2	0.6384545
8442	8439	2	0.58619267
8440	8442	0	0.76087177
8442	8440	0	0.6743991
8440	8442	1	0.7089473
8442	8440	1	0.55246556
8440	8442	2	0.51360106
8442	8440	2	0.6320926
8441	8443	0	0.7051488
8443	8441	0	0.70298815
8441	8443	1	0.61309046
8443	8441	1	0.5276791
8441	8443	2	0.47267836
8443	8441	2	0.50523525
8441	8444	0	0.8181256
8444	8441	0	0.5698961
8441	8444	1	0.69802415
8444	8441	1	0.60251504
8441	8444	2	0.5227662
8444	8441	2	0.5726306
8442	8445	0	0.7764191
8445	8442	0	0.5147743
8442	8445	1	0.6608514
8445	8442	1	0.4349024
8442	8445	2	0.4959956
8445	8442	2	0.3287453
8443	8448	0	0.7762131
8448	8443	0	0.4698245
8443	8448	1	0.9103377
8448	8443	1	0.726928
8443	8448	2	0.8200572
8448	8443	2	0.66714334
8443	8446	0	0.73317695
8446	8443	0	0.8317937
8443	8446	1	0.76848143
8446	8443	1	0.7728049
8443	8446	2	0.63645476
8446	8443	2	0.57118714
8443	8447	0	0.73737687
8447	8443	0	0.5839958
8443	8447	1	0.80745006
8447	8443	1	0.6778123
8443	8447	2	0.8068046
8447	8443	2	0.73778975
8444	8448	0	0.75703394
8448	8444	0	0.7036373
8444	8448	1	0.7320793
8448	8444	1	0.7161566
8444	8448	2	0.7050852
8448	8444	2	0.68240047
8444	8446	0	0.72631675
8446	8444	0	0.78621393
8444	8446	1	0.748022
8446	8444	1	0.9070424
8444	8446	2	0.76185304
8446	8444	2	0.57129794
8444	8447	0	0.64284974
8447	8444	0	0.8996412
8444	8447	1	0.6590324
8447	8444	1	0.8876108
8444	8447	2	0.6884775
8447	8444	2	0.8103798
8445	8449	0	0.7155465
8449	8445	0	0.81504786
8445	8449	1	0.8515816
8449	8445	1	0.727298
8445	8449	2	0.7960574
8449	8445	2	0.53568804
8445	8450	0	0.8699786
8450	8445	0	0.73696977
8445	8450	1	0.8563535
8450	8445	1	0.8859875
8445	8450	2	0.59640986
8450	8445	2	0.76918787
8445	8451	0	0.89774704
8451	8445	0	0.7195614
8445	8451	1	0.78843385
8451	8445	1	0.62132215
8445	8451	2	0.6217206
8451	8445	2	0.65502423
8445	8452	0	0.8404961
8452	8445	0	0.6795548
8445	8452	1	0.94050217
8452	8445	1	0.5588821
8445	8452	2	0.65430015
8452	8445	2	0.5713361
8446	8453	0	0.80421156
8453	8446	0	0.8820918
8446	8453	1	0.8096658
8453	8446	1	0.77134275
8446	8453	2	0.6547547
8453	8446	2	0.8049327
8446	8454	0	0.87941056
8454	8446	0	0.8094651
8446	8454	1	0.9437346
8454	8446	1	0.5862707
8446	8454	2	0.7514513
8454	8446	2	0.70535713
8446	8455	0	0.8577774
8455	8446	0	0.6795954
8446	8455	1	0.8683861
8455	8446	1	0.61539614
8446	8455	2	0.78163964
8455	8446	2	0.5543009
8447	8453	0	0.9244112
8453	8447	0	0.86156714
8447	8453	1	0.77768344
8453	8447	1	0.69949085
8447	8453	2	0.8001433
8453	8447	2	0.70385706
8447	8454	0	0.9529706
8454	8447	0	0.80726326
8447	8454	1	0.94655937
8454	8447	1	0.69152707
8447	8454	2	0.7851243
8454	8447	2	0.64573455
8447	8455	0	0.9278723
8455	8447	0	0.56666374
8447	8455	1	0.8716401
8455	8447	1	0.57934827
8447	8455	2	0.6536225
8455	8447	2	0.58095473
8448	8453	0	0.9185526
8453	8448	0	0.82411724
8448	8453	1	0.71622366
8453	8448	1	0.74504244
8448	8453	2	0.64092237
8453	8448	2	0.83029556
8448	8454	0	0.8554912
8454	8448	0	0.774751
8448	8454	1	0.91237056
8454	8448	1	0.8443314
8448	8454	2	0.86796814
8454	8448	2	0.7683888
8448	8455	0	0.91552615
8455	8448	0	0.7110008
8448	8455	1	0.9348899
8455	8448	1	0.9231306
8448	8455	2	0.7372289
8455	8448	2	0.7777907
8449	8456	0	0.82587034
8456	8449	0	0.6131986
8449	8456	1	0.9036252
8456	8449	1	0.7121202
8449	8456	2	0.65030134
8456	8449	2	0.7011947
8449	8457	0	0.9163942
8457	8449	0	0.5665419
8449	8457	1	0.9696429
8457	8449	1	0.5325426
8449	8457	2	0.8607237
8457	8449	2	0.6442204
8450	8456	0	0.85229534
8456	8450	0	0.74801725
8450	8456	1	0.8123347
8456	8450	1	0.7278566
8450	8456	2	0.7153599
8456	8450	2	0.6722252
8450	8457	0	0.9902013
8457	8450	0	0.756828
8450	8457	1	0.7562724
8457	8450	1	0.6483567
8450	8457	2	0.62978137
8457	8450	2	0.73786527
8451	8456	0	0.88791555
8456	8451	0	0.69137365
8451	8456	1	0.87391126
8456	8451	1	0.8024032
8451	8456	2	0.7456899
8456	8451	2	0.5784529
8451	8457	0	0.9503465
8457	8451	0	0.9001796
8451	8457	1	0.9226247
8457	8451	1	0.9031001
8451	8457	2	0.7719618
8457	8451	2	0.84606
8452	8456	0	0.75804466
8456	8452	0	0.9460808
8452	8456	1	0.85229033
8456	8452	1	0.8082662
8452	8456	2	0.7396794
8456	8452	2	0.69919795
8452	8457	0	0.8224335
8457	8452	0	0.6621319
8452	8457	1	0.9090619
8457	8452	1	0.7534141
8452	8457	2	0.78444016
8457	8452	2	0.7465438
8453	8458	0	0.8897039
8458	8453	0	0.7179319
8453	8458	1	0.93001246
8458	8453	1	0.67387205
8453	8458	2	0.7173645
8458	8453	2	0.6244568
8453	8459	0	0.95920813
8459	8453	0	0.7638383
8453	8459	1	0.9271505
8459	8453	1	0.7245317
8453	8459	2	0.79417676
8459	8453	2	0.67632407
8453	8460	0	0.87748045
8460	8453	0	0.62736636
8453	8460	1	0.74250865
8460	8453	1	0.6432601
8453	8460	2	0.85728145
8460	8453	2	0.6228274
8454	8458	0	0.71025187
8458	8454	0	0.7257242
8454	8458	1	0.7008169
8458	8454	1	0.69111586
8454	8458	2	0.7787354
8458	8454	2	0.6269325
8454	8459	0	0.8736025
8459	8454	0	0.7706094
8454	8459	1	0.697686
8459	8454	1	0.8452747
8454	8459	2	0.76261747
8459	8454	2	0.62772506
8454	8460	0	0.7565344
8460	8454	0	0.79635805
8454	8460	1	0.9702173
8460	8454	1	0.6523572
8454	8460	2	0.8409409
8460	8454	2	0.71620417
8455	8458	0	0.8918131
8458	8455	0	0.8115355
8455	8458	1	0.8007237
8458	8455	1	0.9142601
8455	8458	2	0.5899769
8458	8455	2	0.8698501
8455	8459	0	0.8195221
8459	8455	0	0.81644994
8455	8459	1	0.71487266
8459	8455	1	0.7535426
8455	8459	2	0.78992236
8459	8455	2	0.6648993
8455	8460	0	0.7184419
8460	8455	0	0.70129937
8455	8460	1	0.72436494
8460	8455	1	0.6720667
8455	8460	2	0.6281026
8460	8455	2	0.6443706
8461	8467	0	0.8042037
8467	8461	0	0.6564788
8461	8467	1	0.8463513
8467	8461	1	0.76878035
8461	8467	2	0.8747798
8467	8461	2	0.63728356
8461	8468	0	0.9162834
8468	8461	0	0.7360801
8461	8468	1	0.8727426
8468	8461	1	0.6518041
8461	8468	2	0.6537241
8468	8461	2	0.6948095
8461	8469	0	0.8525148
8469	8461	0	0.60133535
8461	8469	1	0.8861705
8469	8461	1	0.45355642
8461	8469	2	0.8183683
8469	8461	2	0.63809097
8462	8467	0	0.72663563
8467	8462	0	0.78870827
8462	8467	1	0.90993613
8467	8462	1	0.73957634
8462	8467	2	0.7240552
8467	8462	2	0.6938908
8462	8468	0	0.9122128
8468	8462	0	0.78245443
8462	8468	1	0.73522824
8468	8462	1	0.8085503
8462	8468	2	0.791124
8468	8462	2	0.7269642
8462	8469	0	0.9075482
8469	8462	0	0.6473416
8462	8469	1	0.92770106
8469	8462	1	0.63433874
8462	8469	2	0.85055435
8469	8462	2	0.516077
8463	8470	0	0.9484143
8470	8463	0	0.7285756
8463	8470	1	0.91393274
8470	8463	1	0.65636355
8463	8470	2	0.80465406
8470	8463	2	0.68885165
8464	8470	0	0.81513464
8470	8464	0	0.6854168
8464	8470	1	0.90492266
8470	8464	1	0.8048673
8464	8470	2	0.67760634
8470	8464	2	0.56925094
8465	8470	0	0.8680435
8470	8465	0	0.6291967
8465	8470	1	0.93780017
8470	8465	1	0.5752081
8465	8470	2	0.85017383
8470	8465	2	0.47368935
8466	8470	0	0.8432606
8470	8466	0	0.8756677
8466	8470	1	0.7072918
8470	8466	1	0.8870806
8466	8470	2	0.73547465
8470	8466	2	0.79040897
8467	8471	0	0.90997106
8471	8467	0	0.6042329
8467	8471	1	0.7877994
8471	8467	1	0.65931284
8467	8471	2	0.57079744
8471	8467	2	0.6421527
8468	8471	0	0.8399049
8471	8468	0	0.7374629
8468	8471	1	0.7572439
8471	8468	1	0.5326099
8468	8471	2	0.6702965
8471	8468	2	0.7096869
8469	8471	0	0.54737157
8471	8469	0	0.6784008
8469	8471	1	0.75550663
8471	8469	1	0.7783305
8469	8471	2	0.6633972
8471	8469	2	0.717834
8470	8472	0	0.5852392
8472	8470	0	0.5021032
8470	8472	1	0.413793
8472	8470	1	0.49805585
8470	8472	2	0.34552515
8472	8470	2	0.44867557
8471	8473	0	0.5428058
8473	8471	0	0.5087057
8471	8473	1	0.6135077
8473	8471	1	0.68985045
8471	8473	2	0.54742265
8473	8471	2	0.5102633
8471	8474	0	0.7001576
8474	8471	0	0.53082347
8471	8474	1	0.72848046
8474	8471	1	0.5591552
8471	8474	2	0.6691327
8474	8471	2	0.46486503
8472	8475	0	0.76197636
8475	8472	0	0.6638627
8472	8475	1	0.64510083
8475	8472	1	0.718131
8472	8475	2	0.6070932
8475	8472	2	0.5533436
8472	8476	0	0.8422411
8476	8472	0	0.51755285
8472	8476	1	0.8016264
8476	8472	1	0.4131359
8472	8476	2	0.6285393
8476	8472	2	0.5727793
8473	8476	0	0.70767313
8476	8473	0	0.62629247
8473	8476	1	0.6103486
8476	8473	1	0.82078856
8473	8476	2	0.68920314
8476	8473	2	0.5922238
8473	8477	0	0.7162883
8477	8473	0	0.5805748
8473	8477	1	0.85206324
8477	8473	1	0.47682816
8473	8477	2	0.741717
8477	8473	2	0.56425804
8474	8477	0	0.6970461
8477	8474	0	0.5597194
8474	8477	1	0.801583
8477	8474	1	0.6556915
8474	8477	2	0.5925492
8477	8474	2	0.4100741
8478	8482	0	0.81027657
8482	8478	0	0.40117452
8478	8482	1	0.8245698
8482	8478	1	0.39463884
8478	8482	2	0.47109923
8482	8478	2	0.4018625
8479	8483	0	0.7434244
8483	8479	0	0.63298255
8479	8483	1	0.71567094
8483	8479	1	0.5571351
8479	8483	2	0.54986465
8483	8479	2	0.57703483
8480	8483	0	0.6608774
8483	8480	0	0.63123864
8480	8483	1	0.8220981
8483	8480	1	0.74114007
8480	8483	2	0.58900535
8483	8480	2	0.58107245
8481	8483	0	0.72160995
8483	8481	0	0.7536394
8481	8483	1	0.67107
8483	8481	1	0.6385255
8481	8483	2	0.71922225
8483	8481	2	0.50870794
8482	8484	0	0.45729965
8484	8482	0	0.4120705
8482	8484	1	0.55089307
8484	8482	1	0.40621346
8482	8484	2	0.29812536
8484	8482	2	0.2553442
8483	8485	0	0.67084605
8485	8483	0	0.70510477
8483	8485	1	0.71165496
8485	8483	1	0.6645556
8483	8485	2	0.55386937
8485	8483	2	0.46250808
8483	8486	0	0.57923865
8486	8483	0	0.50107867
8483	8486	1	0.5679088
8486	8483	1	0.55283034
8483	8486	2	0.6801277
8486	8483	2	0.41223672
8484	8488	0	0.64866805
8488	8484	0	0.6371794
8484	8488	1	0.8538259
8488	8484	1	0.5763928
8484	8488	2	0.5807222
8488	8484	2	0.5726564
8484	8487	0	0.7162497
8487	8484	0	0.5157365
8484	8487	1	0.6543735
8487	8484	1	0.7680601
8484	8487	2	0.58723533
8487	8484	2	0.4792366
8485	8489	0	0.76072246
8489	8485	0	0.4276128
8485	8489	1	0.850566
8489	8485	1	0.40770134
8485	8489	2	0.76598155
8489	8485	2	0.4246442
8486	8489	0	0.690093
8489	8486	0	0.5963126
8486	8489	1	0.732985
8489	8486	1	0.7165915
8486	8489	2	0.52897036
8489	8486	2	0.6345465
8487	8490	0	0.71596426
8490	8487	0	0.7765032
8487	8490	1	0.8301669
8490	8487	1	0.5466256
8487	8490	2	0.6611436
8490	8487	2	0.71061933
8487	8491	0	0.81641144
8491	8487	0	0.5877828
8487	8491	1	0.66906345
8491	8487	1	0.62970227
8487	8491	2	0.66694266
8491	8487	2	0.6196002
8488	8490	0	0.67618644
8490	8488	0	0.8083493
8488	8490	1	0.60091877
8490	8488	1	0.74853057
8488	8490	2	0.59105545
8490	8488	2	0.685698
8488	8491	0	0.79248476
8491	8488	0	0.6896722
8488	8491	1	0.8056978
8491	8488	1	0.73588854
8488	8491	2	0.63593596
8491	8488	2	0.48312286
8489	8492	0	0.6394321
8492	8489	0	0.29895064
8489	8492	1	0.73561144
8492	8489	1	0.44685164
8489	8492	2	0.4370268
8492	8489	2	0.321592
8493	8497	0	0.8117823
8497	8493	0	0.68772566
8493	8497	1	0.769772
8497	8493	1	0.88481265
8493	8497	2	0.5903013
8497	8493	2	0.7987172
8493	8498	0	0.9520656
8498	8493	0	0.7585069
8493	8498	1	0.8261271
8498	8493	1	0.89236903
8493	8498	2	0.72656685
8498	8493	2	0.8447166
8493	8499	0	0.76393974
8499	8493	0	0.8737482
8493	8499	1	0.9940859
8499	8493	1	0.6404267
8493	8499	2	0.7950131
8499	8493	2	0.77668947
8493	8500	0	0.9096732
8500	8493	0	0.623584
8493	8500	1	0.839923
8500	8493	1	0.59525174
8493	8500	2	0.7989866
8500	8493	2	0.5603664
8494	8497	0	0.7185745
8497	8494	0	0.8387841
8494	8497	1	0.72922975
8497	8494	1	0.8462206
8494	8497	2	0.8018139
8497	8494	2	0.6143679
8494	8498	0	0.80211115
8498	8494	0	0.9106639
8494	8498	1	0.7610275
8498	8494	1	0.7225863
8494	8498	2	0.763576
8498	8494	2	0.8610869
8494	8499	0	0.8123535
8499	8494	0	0.8601925
8494	8499	1	0.89236253
8499	8494	1	0.87231547
8494	8499	2	0.8001889
8499	8494	2	0.60192865
8494	8500	0	0.9351665
8500	8494	0	0.79469293
8494	8500	1	0.85523534
8500	8494	1	0.8417476
8494	8500	2	0.78482044
8500	8494	2	0.7975855
8495	8497	0	0.63705343
8497	8495	0	0.93914694
8495	8497	1	0.8394755
8497	8495	1	0.9882993
8495	8497	2	0.8209675
8497	8495	2	0.6308233
8495	8498	0	0.66997635
8498	8495	0	0.8639412
8495	8498	1	0.6888729
8498	8495	1	0.80713624
8495	8498	2	0.77274525
8498	8495	2	0.660026
8495	8499	0	0.92159945
8499	8495	0	0.8458522
8495	8499	1	0.7836951
8499	8495	1	0.91877437
8495	8499	2	0.617333
8499	8495	2	0.85005987
8495	8500	0	0.78357047
8500	8495	0	0.7608584
8495	8500	1	0.8763643
8500	8495	1	0.8372638
8495	8500	2	0.84249926
8500	8495	2	0.6941926
8496	8501	0	0.7981748
8501	8496	0	0.5108708
8496	8501	1	0.8502625
8501	8496	1	0.4363721
8496	8501	2	0.55056983
8501	8496	2	0.46920398
8497	8502	0	0.8913401
8502	8497	0	0.82471967
8497	8502	1	0.7936217
8502	8497	1	0.7791006
8497	8502	2	0.6605545
8502	8497	2	0.8290992
8497	8503	0	0.85860825
8503	8497	0	0.82517964
8497	8503	1	0.78729
8503	8497	1	0.6432006
8497	8503	2	0.7779975
8503	8497	2	0.5790122
8497	8504	0	0.8758779
8504	8497	0	0.64030665
8497	8504	1	0.94392616
8504	8497	1	0.6255668
8497	8504	2	0.7146475
8504	8497	2	0.6408776
8498	8502	0	0.6696736
8502	8498	0	0.7166178
8498	8502	1	0.6615175
8502	8498	1	0.7268512
8498	8502	2	0.66495115
8502	8498	2	0.80230266
8498	8503	0	0.79403234
8503	8498	0	0.60227007
8498	8503	1	0.9498891
8503	8498	1	0.6517069
8498	8503	2	0.7273873
8503	8498	2	0.7995722
8498	8504	0	0.9117687
8504	8498	0	0.7866192
8498	8504	1	0.90718764
8504	8498	1	0.6911387
8498	8504	2	0.8247662
8504	8498	2	0.72736144
8499	8502	0	0.8979823
8502	8499	0	0.869727
8499	8502	1	0.67655444
8502	8499	1	0.8198765
8499	8502	2	0.78948283
8502	8499	2	0.7152634
8499	8503	0	0.69570726
8503	8499	0	0.9277735
8499	8503	1	0.7668634
8503	8499	1	0.87832034
8499	8503	2	0.7788516
8503	8499	2	0.846875
8499	8504	0	0.80488616
8504	8499	0	0.8611962
8499	8504	1	0.8238245
8504	8499	1	0.73773825
8499	8504	2	0.61152107
8504	8499	2	0.82204807
8500	8502	0	0.548045
8502	8500	0	0.89691424
8500	8502	1	0.7072588
8502	8500	1	0.820519
8500	8502	2	0.7575094
8502	8500	2	0.611558
8500	8503	0	0.8826121
8503	8500	0	0.9221336
8500	8503	1	0.8334851
8503	8500	1	0.8984512
8500	8503	2	0.7899392
8503	8500	2	0.8394002
8500	8504	0	0.9252019
8504	8500	0	0.8987229
8500	8504	1	0.8213645
8504	8500	1	0.7342134
8500	8504	2	0.7735068
8504	8500	2	0.73331976
8505	8507	0	0.60853034
8507	8505	0	0.55311847
8505	8507	1	0.55938333
8507	8505	1	0.4745343
8505	8507	2	0.4097396
8507	8505	2	0.6150613
8505	8508	0	0.6908369
8508	8505	0	0.55089915
8505	8508	1	0.6027044
8508	8505	1	0.52600944
8505	8508	2	0.55576503
8508	8505	2	0.43237007
8506	8509	0	0.62784076
8509	8506	0	0.5581672
8506	8509	1	0.7451253
8509	8506	1	0.53871137
8506	8509	2	0.46036118
8509	8506	2	0.52726525
8507	8510	0	0.6971568
8510	8507	0	0.5264297
8507	8510	1	0.6610703
8510	8507	1	0.48655617
8507	8510	2	0.4808094
8510	8507	2	0.4151234
8508	8510	0	0.5817048
8510	8508	0	0.64339954
8508	8510	1	0.6820147
8510	8508	1	0.6116943
8508	8510	2	0.47733256
8510	8508	2	0.530311
8509	8512	0	0.851551
8512	8509	0	0.6375562
8509	8512	1	0.8084294
8512	8509	1	0.5444395
8509	8512	2	0.7046622
8512	8509	2	0.68456066
8509	8513	0	0.82295096
8513	8509	0	0.5955492
8509	8513	1	0.6996359
8513	8509	1	0.4856728
8509	8513	2	0.7550157
8513	8509	2	0.55675024
8509	8511	0	0.63035417
8511	8509	0	0.6781097
8509	8511	1	0.80731624
8511	8509	1	0.77829355
8509	8511	2	0.6282983
8511	8509	2	0.76690495
8510	8514	0	0.8803907
8514	8510	0	0.55270076
8510	8514	1	0.7652123
8514	8510	1	0.70790213
8510	8514	2	0.5444826
8514	8510	2	0.57867783
8510	8515	0	0.86151314
8515	8510	0	0.48773202
8510	8515	1	0.87589765
8515	8510	1	0.4373905
8510	8515	2	0.80049664
8515	8510	2	0.44837937
8511	8516	0	0.83066887
8516	8511	0	0.8430394
8511	8516	1	0.9168885
8516	8511	1	0.6435817
8511	8516	2	0.6826828
8516	8511	2	0.7566784
8511	8517	0	0.85311085
8517	8511	0	0.7339841
8511	8517	1	0.94284314
8517	8511	1	0.62245053
8511	8517	2	0.73667735
8517	8511	2	0.66068
8511	8518	0	0.80543536
8518	8511	0	0.7296941
8511	8518	1	0.8596468
8518	8511	1	0.65227
8511	8518	2	0.80128986
8518	8511	2	0.56707066
8512	8516	0	0.90152735
8516	8512	0	0.7333387
8512	8516	1	0.87313545
8516	8512	1	0.86630106
8512	8516	2	0.8371351
8516	8512	2	0.5769135
8512	8517	0	0.9086275
8517	8512	0	0.7044015
8512	8517	1	0.76837945
8517	8512	1	0.638384
8512	8517	2	0.81730664
8517	8512	2	0.7649085
8512	8518	0	0.9447104
8518	8512	0	0.8335061
8512	8518	1	0.69327706
8518	8512	1	0.9132433
8512	8518	2	0.8294233
8518	8512	2	0.7065412
8513	8516	0	0.6913367
8516	8513	0	0.79547775
8513	8516	1	0.8032832
8516	8513	1	0.80985874
8513	8516	2	0.77028525
8516	8513	2	0.5960361
8513	8517	0	0.84468025
8517	8513	0	0.82560647
8513	8517	1	0.77694106
8517	8513	1	0.8363759
8513	8517	2	0.6619147
8517	8513	2	0.7933107
8513	8518	0	0.6207755
8518	8513	0	0.7614813
8513	8518	1	0.90836126
8518	8513	1	0.776629
8513	8518	2	0.7789551
8518	8513	2	0.64926237
8514	8518	0	0.8520112
8518	8514	0	0.9174202
8514	8518	1	0.80927503
8518	8514	1	0.7672866
8514	8518	2	0.77655524
8518	8514	2	0.67526436
8514	8519	0	0.70428723
8519	8514	0	0.4435321
8514	8519	1	0.760344
8519	8514	1	0.477323
8514	8519	2	0.7408036
8519	8514	2	0.6858224
8515	8519	0	0.8034798
8519	8515	0	0.6979192
8515	8519	1	0.80299455
8519	8515	1	0.7860091
8515	8519	2	0.51684576
8519	8515	2	0.63058466
8516	8520	0	0.7495356
8520	8516	0	0.63086396
8516	8520	1	0.80815333
8520	8516	1	0.5967632
8516	8520	2	0.6987465
8520	8516	2	0.62162423
8517	8520	0	0.67587644
8520	8517	0	0.704741
8517	8520	1	0.7016529
8520	8517	1	0.66740745
8517	8520	2	0.7567477
8520	8517	2	0.49042115
8518	8520	0	0.74736154
8520	8518	0	0.68758965
8518	8520	1	0.74376655
8520	8518	1	0.76737565
8518	8520	2	0.7462374
8520	8518	2	0.7381258
8521	8524	0	0.80407304
8524	8521	0	0.8058055
8521	8524	1	0.64688057
8524	8521	1	0.7067885
8521	8524	2	0.5688566
8524	8521	2	0.67421997
8521	8525	0	0.7675137
8525	8521	0	0.59092677
8521	8525	1	0.84326655
8525	8521	1	0.76947397
8521	8525	2	0.6305232
8525	8521	2	0.4743225
8521	8526	0	0.74699223
8526	8521	0	0.66441435
8521	8526	1	0.71366864
8526	8521	1	0.4902993
8521	8526	2	0.7343691
8526	8521	2	0.62577647
8522	8527	0	0.8788781
8527	8522	0	0.5121797
8522	8527	1	0.8597578
8527	8522	1	0.48569337
8522	8527	2	0.81309235
8527	8522	2	0.54915327
8523	8527	0	0.8379597
8527	8523	0	0.5298369
8523	8527	1	0.764413
8527	8523	1	0.5455137
8523	8527	2	0.5655484
8527	8523	2	0.58154047
8524	8528	0	0.9089655
8528	8524	0	0.7124502
8524	8528	1	0.8543456
8528	8524	1	0.7438253
8524	8528	2	0.7400634
8528	8524	2	0.5905713
8524	8529	0	0.734748
8529	8524	0	0.73834515
8524	8529	1	0.9308955
8529	8524	1	0.64429104
8524	8529	2	0.8384948
8529	8524	2	0.5492179
8524	8530	0	0.8046803
8530	8524	0	0.64048785
8524	8530	1	0.950065
8530	8524	1	0.6625441
8524	8530	2	0.77202964
8530	8524	2	0.72555065
8525	8528	0	0.7572309
8528	8525	0	0.7563377
8525	8528	1	0.74270314
8528	8525	1	0.8381251
8525	8528	2	0.7925766
8528	8525	2	0.6899336
8525	8529	0	0.90562534
8529	8525	0	0.6232289
8525	8529	1	0.7501398
8529	8525	1	0.659399
8525	8529	2	0.59925777
8529	8525	2	0.73219776
8525	8530	0	0.6858775
8530	8525	0	0.82943654
8525	8530	1	0.9161465
8530	8525	1	0.85242337
8525	8530	2	0.61756355
8530	8525	2	0.80844676
8526	8528	0	0.74546665
8528	8526	0	0.7698784
8526	8528	1	0.7167396
8528	8526	1	0.9414059
8526	8528	2	0.7931589
8528	8526	2	0.8900104
8526	8529	0	0.7990753
8529	8526	0	0.74545133
8526	8529	1	0.8697459
8529	8526	1	0.67434984
8526	8529	2	0.7856793
8529	8526	2	0.67172444
8526	8530	0	0.87200415
8530	8526	0	0.7073124
8526	8530	1	0.77954584
8530	8526	1	0.8219606
8526	8530	2	0.8002233
8530	8526	2	0.67097753
8527	8531	0	0.91384846
8531	8527	0	0.55181986
8527	8531	1	0.8855214
8531	8527	1	0.55780405
8527	8531	2	0.6826735
8531	8527	2	0.70221585
8527	8532	0	0.8936136
8532	8527	0	0.50127417
8527	8532	1	0.7655514
8532	8527	1	0.5476073
8527	8532	2	0.7830068
8532	8527	2	0.64702874
8527	8533	0	0.71932673
8533	8527	0	0.8253301
8527	8533	1	0.85196435
8533	8527	1	0.6940138
8527	8533	2	0.6362148
8533	8527	2	0.6188732
8528	8533	0	0.7018041
8533	8528	0	0.8063844
8528	8533	1	0.6599677
8533	8528	1	0.9161082
8528	8533	2	0.7740564
8533	8528	2	0.78610516
8528	8534	0	0.89800084
8534	8528	0	0.63011897
8528	8534	1	0.96016693
8534	8528	1	0.695274
8528	8534	2	0.5976756
8534	8528	2	0.60383564
8528	8535	0	0.95869106
8535	8528	0	0.6458783
8528	8535	1	0.959431
8535	8528	1	0.70615965
8528	8535	2	0.67711544
8535	8528	2	0.76327854
8528	8536	0	0.88325226
8536	8528	0	0.63628435
8528	8536	1	0.9403816
8536	8528	1	0.5490525
8528	8536	2	0.8821961
8536	8528	2	0.5824961
8529	8534	0	0.73772895
8534	8529	0	0.69130695
8529	8534	1	0.73450154
8534	8529	1	0.68994874
8529	8534	2	0.5523943
8534	8529	2	0.64286983
8529	8535	0	0.8066432
8535	8529	0	0.7278636
8529	8535	1	0.8939795
8535	8529	1	0.90721977
8529	8535	2	0.8328743
8535	8529	2	0.6439051
8529	8536	0	0.93974817
8536	8529	0	0.72003144
8529	8536	1	0.8660931
8536	8529	1	0.8465388
8529	8536	2	0.76772696
8536	8529	2	0.7047366
8530	8534	0	0.8837294
8534	8530	0	0.7975278
8530	8534	1	0.7353194
8534	8530	1	0.78640014
8530	8534	2	0.646078
8534	8530	2	0.7341469
8530	8535	0	0.7646754
8535	8530	0	0.9262543
8530	8535	1	0.9507877
8535	8530	1	0.8846089
8530	8535	2	0.79138416
8535	8530	2	0.7050284
8530	8536	0	0.8509429
8536	8530	0	0.8894122
8530	8536	1	0.8387911
8536	8530	1	0.6930903
8530	8536	2	0.67162937
8536	8530	2	0.81952214
8531	8537	0	0.85625046
8537	8531	0	0.5600777
8531	8537	1	0.87062246
8537	8531	1	0.6725761
8531	8537	2	0.5763419
8537	8531	2	0.7356231
8532	8537	0	0.69247997
8537	8532	0	0.84303814
8532	8537	1	0.78831744
8537	8532	1	0.8604644
8532	8537	2	0.7625474
8537	8532	2	0.6938075
8533	8537	0	0.8822119
8537	8533	0	0.50096935
8533	8537	1	0.8783663
8537	8533	1	0.49355623
8533	8537	2	0.7083011
8537	8533	2	0.43694127
8538	8540	0	0.53030854
8540	8538	0	0.5668306
8538	8540	1	0.5111556
8540	8538	1	0.729109
8538	8540	2	0.6403369
8540	8538	2	0.65726495
8538	8541	0	0.7412345
8541	8538	0	0.52484804
8538	8541	1	0.8035796
8541	8538	1	0.5645185
8538	8541	2	0.70719266
8541	8538	2	0.5814533
8539	8542	0	0.84437245
8542	8539	0	0.7148994
8539	8542	1	0.70388055
8542	8539	1	0.7434798
8539	8542	2	0.6932332
8542	8539	2	0.49682474
8539	8543	0	0.7292289
8543	8539	0	0.6064985
8539	8543	1	0.90169847
8543	8539	1	0.5005932
8539	8543	2	0.7124568
8543	8539	2	0.66700727
8540	8544	0	0.7532527
8544	8540	0	0.7840225
8540	8544	1	0.8685971
8544	8540	1	0.65141875
8540	8544	2	0.5692003
8544	8540	2	0.66009057
8540	8545	0	0.8577384
8545	8540	0	0.4595826
8540	8545	1	0.7966459
8545	8540	1	0.61811066
8540	8545	2	0.8294152
8545	8540	2	0.66324484
8541	8543	0	0.72133636
8543	8541	0	0.6954717
8541	8543	1	0.61320716
8543	8541	1	0.8733611
8541	8543	2	0.6593284
8543	8541	2	0.7328308
8541	8544	0	0.8027594
8544	8541	0	0.6784563
8541	8544	1	0.717593
8544	8541	1	0.63477534
8541	8544	2	0.5681383
8544	8541	2	0.69795424
8541	8545	0	0.6953075
8545	8541	0	0.77449095
8541	8545	1	0.71097815
8545	8541	1	0.7847882
8541	8545	2	0.74661267
8545	8541	2	0.75668895
8542	8546	0	0.8021613
8546	8542	0	0.4358633
8542	8546	1	0.86252004
8546	8542	1	0.46643597
8542	8546	2	0.52516407
8546	8542	2	0.6383596
8543	8546	0	0.6373909
8546	8543	0	0.5590383
8543	8546	1	0.6280244
8546	8543	1	0.5596378
8543	8546	2	0.5610679
8546	8543	2	0.58974683
8547	8551	0	0.8417503
8551	8547	0	0.39479235
8547	8551	1	0.8613033
8551	8547	1	0.41041473
8547	8551	2	0.49937105
8551	8547	2	0.5652949
8548	8551	0	0.8223871
8551	8548	0	0.5017314
8548	8551	1	0.8221329
8551	8548	1	0.70485586
8548	8551	2	0.73633224
8551	8548	2	0.50390625
8552	8555	0	0.62304306
8555	8552	0	0.3058093
8552	8555	1	0.7775362
8555	8552	1	0.4572553
8552	8555	2	0.4909731
8555	8552	2	0.2869632
8553	8556	0	0.68890226
8556	8553	0	0.51332575
8553	8556	1	0.59801763
8556	8553	1	0.62010634
8553	8556	2	0.53866345
8556	8553	2	0.53253967
8553	8557	0	0.7143232
8557	8553	0	0.5385737
8553	8557	1	0.8691017
8557	8553	1	0.5842414
8553	8557	2	0.6214094
8557	8553	2	0.70092964
8554	8556	0	0.69906425
8556	8554	0	0.6472407
8554	8556	1	0.68954676
8556	8554	1	0.7096293
8554	8556	2	0.6940109
8556	8554	2	0.51696306
8554	8557	0	0.63414824
8557	8554	0	0.7352348
8554	8557	1	0.8699388
8557	8554	1	0.7747252
8554	8557	2	0.7868863
8557	8554	2	0.59204805
8555	8558	0	0.6606527
8558	8555	0	0.64183074
8555	8558	1	0.6571401
8558	8555	1	0.5516172
8555	8558	2	0.5240451
8558	8555	2	0.67799807
8555	8559	0	0.6892699
8559	8555	0	0.5481883
8555	8559	1	0.6547959
8559	8555	1	0.39903185
8555	8559	2	0.65056956
8559	8555	2	0.45195848
8560	8563	0	0.63133514
8563	8560	0	0.56251657
8560	8563	1	0.7769289
8563	8560	1	0.59737104
8560	8563	2	0.7559498
8563	8560	2	0.7015427
8560	8564	0	0.81101245
8564	8560	0	0.61184996
8560	8564	1	0.7140198
8564	8560	1	0.5376809
8560	8564	2	0.7277736
8564	8560	2	0.61064905
8561	8563	0	0.7656869
8563	8561	0	0.79734457
8561	8563	1	0.5351714
8563	8561	1	0.7340041
8561	8563	2	0.5103596
8563	8561	2	0.5265409
8561	8564	0	0.741475
8564	8561	0	0.7551716
8561	8564	1	0.8692098
8564	8561	1	0.76710063
8561	8564	2	0.7635588
8564	8561	2	0.6755044
8565	8568	0	0.81229687
8568	8565	0	0.53373486
8565	8568	1	0.7208037
8568	8565	1	0.6361825
8565	8568	2	0.6702657
8568	8565	2	0.4861795
8565	8569	0	0.7086531
8569	8565	0	0.528418
8565	8569	1	0.8483396
8569	8565	1	0.47938663
8565	8569	2	0.6894697
8569	8565	2	0.5266762
8566	8569	0	0.69527596
8569	8566	0	0.7454643
8566	8569	1	0.61523515
8569	8566	1	0.659004
8566	8569	2	0.5823779
8569	8566	2	0.38816267
8570	8576	0	0.88935524
8576	8570	0	0.69394726
8570	8576	1	0.8778212
8576	8570	1	0.5372408
8570	8576	2	0.7869807
8576	8570	2	0.6216146
8570	8574	0	0.9001025
8574	8570	0	0.61991864
8570	8574	1	0.68390954
8574	8570	1	0.7665027
8570	8574	2	0.5812006
8574	8570	2	0.7349729
8570	8575	0	0.75024635
8575	8570	0	0.7115146
8570	8575	1	0.8616902
8575	8570	1	0.7648026
8570	8575	2	0.79833156
8575	8570	2	0.64297634
8571	8576	0	0.7898914
8576	8571	0	0.70049965
8571	8576	1	0.7481274
8576	8571	1	0.71304375
8571	8576	2	0.6823305
8576	8571	2	0.68460876
8571	8574	0	0.781926
8574	8571	0	0.8167698
8571	8574	1	0.86646324
8574	8571	1	0.70209867
8571	8574	2	0.70685816
8574	8571	2	0.6034599
8571	8575	0	0.71765333
8575	8571	0	0.73406
8571	8575	1	0.8067029
8575	8571	1	0.6726563
8571	8575	2	0.7637715
8575	8571	2	0.7546621
8572	8577	0	0.84891474
8577	8572	0	0.6323612
8572	8577	1	0.90231514
8577	8572	1	0.67422456
8572	8577	2	0.7536035
8577	8572	2	0.5169625
8573	8577	0	0.7875596
8577	8573	0	0.66380554
8573	8577	1	0.7194715
8577	8573	1	0.56933695
8573	8577	2	0.60479146
8577	8573	2	0.43179354
8574	8578	0	0.6296998
8578	8574	0	0.5026771
8574	8578	1	0.6979865
8578	8574	1	0.61561245
8574	8578	2	0.5027538
8578	8574	2	0.64871323
8575	8578	0	0.695262
8578	8575	0	0.54384506
8575	8578	1	0.85230917
8578	8575	1	0.46954873
8575	8578	2	0.77238053
8578	8575	2	0.56809676
8576	8578	0	0.6156154
8578	8576	0	0.66922826
8576	8578	1	0.7896025
8578	8576	1	0.87546146
8576	8578	2	0.5172872
8578	8576	2	0.63029444
8579	8584	0	0.7677291
8584	8579	0	0.5469692
8579	8584	1	0.7317515
8584	8579	1	0.5489533
8579	8584	2	0.52535355
8584	8579	2	0.51766884
8580	8584	0	0.7024592
8584	8580	0	0.573134
8580	8584	1	0.8478238
8584	8580	1	0.5294544
8580	8584	2	0.56252116
8584	8580	2	0.577283
8581	8585	0	0.7364994
8585	8581	0	0.57162595
8581	8585	1	0.8738434
8585	8581	1	0.5848998
8581	8585	2	0.5912945
8585	8581	2	0.5271815
8582	8585	0	0.8405114
8585	8582	0	0.56889987
8582	8585	1	0.6996613
8585	8582	1	0.6461761
8582	8585	2	0.6179428
8585	8582	2	0.56330043
8583	8585	0	0.6405688
8585	8583	0	0.8366749
8583	8585	1	0.5780001
8585	8583	1	0.6332847
8583	8585	2	0.5696294
8585	8583	2	0.6747451
8584	8586	0	0.5108752
8586	8584	0	0.58249426
8584	8586	1	0.5862307
8586	8584	1	0.59298456
8584	8586	2	0.58979654
8586	8584	2	0.52246696
8584	8587	0	0.78613263
8587	8584	0	0.37983152
8584	8587	1	0.78574556
8587	8584	1	0.44157568
8584	8587	2	0.57946825
8587	8584	2	0.42874447
8591	8595	0	0.67199266
8595	8591	0	0.77529055
8591	8595	1	0.8351984
8595	8591	1	0.6497953
8591	8595	2	0.6573319
8595	8591	2	0.6503618
8591	8596	0	0.908588
8596	8591	0	0.7982481
8591	8596	1	0.89513606
8596	8591	1	0.7913715
8591	8596	2	0.609042
8596	8591	2	0.5543437
8591	8597	0	0.9321061
8597	8591	0	0.5221003
8591	8597	1	0.9249991
8597	8591	1	0.46022174
8591	8597	2	0.8756409
8597	8591	2	0.62529373
8592	8595	0	0.73991
8595	8592	0	0.6825868
8592	8595	1	0.6335759
8595	8592	1	0.85322213
8592	8595	2	0.5637873
8595	8592	2	0.80134594
8592	8596	0	0.6759532
8596	8592	0	0.85757834
8592	8596	1	0.8897023
8596	8592	1	0.88722616
8592	8596	2	0.6007461
8596	8592	2	0.7424122
8592	8597	0	0.9386438
8597	8592	0	0.63204026
8592	8597	1	0.8953395
8597	8592	1	0.64261734
8592	8597	2	0.8437853
8597	8592	2	0.5879902
8593	8598	0	0.8561491
8598	8593	0	0.48175547
8593	8598	1	0.83993834
8598	8593	1	0.57184285
8593	8598	2	0.6132882
8598	8593	2	0.43980283
8594	8598	0	0.7276014
8598	8594	0	0.688157
8594	8598	1	0.89290816
8598	8594	1	0.7820891
8594	8598	2	0.54899836
8598	8594	2	0.6423504
8595	8599	0	0.8261333
8599	8595	0	0.7764831
8595	8599	1	0.81330085
8599	8595	1	0.8212645
8595	8599	2	0.8180751
8599	8595	2	0.65824395
8595	8600	0	0.8982843
8600	8595	0	0.47241616
8595	8600	1	0.9260185
8600	8595	1	0.58153975
8595	8600	2	0.82435936
8600	8595	2	0.7495572
8596	8599	0	0.74782574
8599	8596	0	0.8273519
8596	8599	1	0.6670246
8599	8596	1	0.6941047
8596	8599	2	0.59887123
8599	8596	2	0.56202
8596	8600	0	0.82645804
8600	8596	0	0.60687953
8596	8600	1	0.80849886
8600	8596	1	0.8058949
8596	8600	2	0.58182853
8600	8596	2	0.78625727
8597	8599	0	0.7699553
8599	8597	0	0.7249896
8597	8599	1	0.6452364
8599	8597	1	0.6471267
8597	8599	2	0.7406206
8599	8597	2	0.7678263
8597	8600	0	0.7871978
8600	8597	0	0.8840972
8597	8600	1	0.8196176
8600	8597	1	0.7114027
8597	8600	2	0.6295082
8600	8597	2	0.6960962
8598	8601	0	0.7494466
8601	8598	0	0.54055107
8598	8601	1	0.7392535
8601	8598	1	0.544835
8598	8601	2	0.6122032
8601	8598	2	0.50550437
8599	8601	0	0.7326245
8601	8599	0	0.5657361
8599	8601	1	0.5168269
8601	8599	1	0.5244472
8599	8601	2	0.55535394
8601	8599	2	0.5871471
8600	8602	0	0.5665516
8602	8600	0	0.71983474
8600	8602	1	0.73319525
8602	8600	1	0.8060784
8600	8602	2	0.6766445
8602	8600	2	0.59663796
8600	8603	0	0.6654073
8603	8600	0	0.67312175
8600	8603	1	0.6859268
8603	8600	1	0.6633041
8600	8603	2	0.6892728
8603	8600	2	0.51192605
8600	8604	0	0.8825662
8604	8600	0	0.597751
8600	8604	1	0.6769282
8604	8600	1	0.4825398
8600	8604	2	0.58679116
8604	8600	2	0.46345413
8601	8605	0	0.8333264
8605	8601	0	0.3936365
8601	8605	1	0.82653534
8605	8601	1	0.4515243
8601	8605	2	0.4713391
8605	8601	2	0.49499792
8602	8606	0	0.7719334
8606	8602	0	0.5191262
8602	8606	1	0.918743
8606	8602	1	0.63659894
8602	8606	2	0.73526156
8606	8602	2	0.58212465
8603	8606	0	0.8157589
8606	8603	0	0.4992686
8603	8606	1	0.60266304
8606	8603	1	0.6572119
8603	8606	2	0.5080167
8606	8603	2	0.680053
8604	8606	0	0.7515896
8606	8604	0	0.84551674
8604	8606	1	0.6607499
8606	8604	1	0.64821565
8604	8606	2	0.6921349
8606	8604	2	0.5397108
8605	8608	0	0.75926495
8608	8605	0	0.36366567
8605	8608	1	0.73465055
8608	8605	1	0.42986295
8605	8608	2	0.54805195
8608	8605	2	0.60972726
8605	8607	0	0.5337526
8607	8605	0	0.7430727
8605	8607	1	0.7430126
8607	8605	1	0.7073703
8605	8607	2	0.592027
8607	8605	2	0.59582955
8606	8609	0	0.8641527
8609	8606	0	0.7026335
8606	8609	1	0.5956645
8609	8606	1	0.8025461
8606	8609	2	0.52305007
8609	8606	2	0.6732533
8606	8610	0	0.7389702
8610	8606	0	0.6343844
8606	8610	1	0.82644916
8610	8606	1	0.63563234
8606	8610	2	0.7196799
8610	8606	2	0.6250857
8606	8611	0	0.9029394
8611	8606	0	0.63901657
8606	8611	1	0.9349646
8611	8606	1	0.63306034
8606	8611	2	0.59963
8611	8606	2	0.7242131
8607	8612	0	0.75308424
8612	8607	0	0.6377285
8607	8612	1	0.80912507
8612	8607	1	0.8682674
8607	8612	2	0.6119977
8612	8607	2	0.805103
8607	8613	0	0.8407343
8613	8607	0	0.6138406
8607	8613	1	0.9511802
8613	8607	1	0.7095682
8607	8613	2	0.7442091
8613	8607	2	0.49379152
8607	8614	0	0.84249526
8614	8607	0	0.73710835
8607	8614	1	0.8534563
8614	8607	1	0.62136143
8607	8614	2	0.7938427
8614	8607	2	0.6677738
8608	8612	0	0.7382722
8612	8608	0	0.70319146
8608	8612	1	0.7366996
8612	8608	1	0.8841585
8608	8612	2	0.5820707
8612	8608	2	0.7110373
8608	8613	0	0.8911854
8613	8608	0	0.87307495
8608	8613	1	0.6970133
8613	8608	1	0.6890551
8608	8613	2	0.62122136
8613	8608	2	0.6875914
8608	8614	0	0.9564984
8614	8608	0	0.60777545
8608	8614	1	0.9274797
8614	8608	1	0.5871816
8608	8614	2	0.8766515
8614	8608	2	0.52410054
8609	8615	0	0.8403496
8615	8609	0	0.81708103
8609	8615	1	0.88107204
8615	8609	1	0.83022034
8609	8615	2	0.8834017
8615	8609	2	0.5606866
8609	8616	0	0.8261895
8616	8609	0	0.56950915
8609	8616	1	0.9465005
8616	8609	1	0.6384807
8609	8616	2	0.7691043
8616	8609	2	0.70790297
8609	8617	0	0.90567356
8617	8609	0	0.5689169
8609	8617	1	0.9368385
8617	8609	1	0.679366
8609	8617	2	0.6462676
8617	8609	2	0.72813207
8610	8615	0	0.8761616
8615	8610	0	0.7174884
8610	8615	1	0.81699103
8615	8610	1	0.82238185
8610	8615	2	0.72587484
8615	8610	2	0.75833136
8610	8616	0	0.9011645
8616	8610	0	0.76187485
8610	8616	1	0.8850889
8616	8610	1	0.7922838
8610	8616	2	0.72648996
8616	8610	2	0.75552326
8610	8617	0	0.7575282
8617	8610	0	0.8569865
8610	8617	1	0.78491217
8617	8610	1	0.6719419
8610	8617	2	0.84578776
8617	8610	2	0.6966584
8611	8615	0	0.7502611
8615	8611	0	0.7098731
8611	8615	1	0.90566844
8615	8611	1	0.8023942
8611	8615	2	0.66627365
8615	8611	2	0.81954587
8611	8616	0	0.83829564
8616	8611	0	0.75827444
8611	8616	1	0.86377454
8616	8611	1	0.7617626
8611	8616	2	0.68099046
8616	8611	2	0.70578104
8611	8617	0	0.86670876
8617	8611	0	0.79967487
8611	8617	1	0.75055605
8617	8611	1	0.6873106
8611	8617	2	0.88267887
8617	8611	2	0.61445856
8618	8621	0	0.61913985
8621	8618	0	0.5636292
8618	8621	1	0.5771837
8621	8618	1	0.720939
8618	8621	2	0.4672169
8621	8618	2	0.55320686
8618	8622	0	0.73514974
8622	8618	0	0.6153178
8618	8622	1	0.8663021
8622	8618	1	0.527143
8618	8622	2	0.6957043
8622	8618	2	0.57532597
8619	8623	0	0.6991996
8623	8619	0	0.7946095
8619	8623	1	0.9077857
8623	8619	1	0.7486566
8619	8623	2	0.7508227
8623	8619	2	0.65792394
8619	8624	0	0.837409
8624	8619	0	0.6128325
8619	8624	1	0.8097895
8624	8619	1	0.5506438
8619	8624	2	0.7759982
8624	8619	2	0.537587
8619	8625	0	0.9174492
8625	8619	0	0.57958823
8619	8625	1	0.8315714
8625	8619	1	0.63194627
8619	8625	2	0.7510551
8625	8619	2	0.66028446
8620	8623	0	0.75699824
8623	8620	0	0.8266869
8620	8623	1	0.73487324
8623	8620	1	0.80087066
8620	8623	2	0.699132
8623	8620	2	0.7662367
8620	8624	0	0.83589166
8624	8620	0	0.7790756
8620	8624	1	0.87981296
8624	8620	1	0.7909485
8620	8624	2	0.578687
8624	8620	2	0.519476
8620	8625	0	0.7331305
8625	8620	0	0.7849603
8620	8625	1	0.7284026
8625	8620	1	0.6955419
8620	8625	2	0.83997214
8625	8620	2	0.7717871
8621	8626	0	0.8554863
8626	8621	0	0.45231143
8621	8626	1	0.86080515
8626	8621	1	0.4368471
8621	8626	2	0.66829145
8626	8621	2	0.49666843
8622	8626	0	0.8873082
8626	8622	0	0.70888746
8622	8626	1	0.7080194
8626	8622	1	0.7048103
8622	8626	2	0.61987585
8626	8622	2	0.5333115
8285	8284	1	0.0
8336	8335	1	0.0
8245	8244	1	0.0
8383	8382	1	0.0
8439	8438	1	0.0
8524	8523	1	0.0
8472	8471	1	0.0
8575	8573	1	0.0
8621	8619	1	0.0
8384	8382	1	0.0
8576	8573	1	0.0
8440	8438	1	0.0
8622	8619	1	0.0
8525	8523	1	0.0
8246	8244	1	0.0
8473	8472	1	0.0
8286	8283	1	0.0
8385	8382	1	0.0
8575	8574	1	0.0
8621	8620	1	0.0
8440	8439	1	0.0
8526	8523	1	0.0
8474	8472	1	0.0
8286	8284	1	0.0
8246	8245	1	0.0
8576	8574	1	0.0
8622	8620	1	0.0
8386	8383	1	0.0
8286	8285	1	0.0
8474	8473	1	0.0
8576	8575	1	0.0
8622	8621	1	0.0
8247	8245	1	0.0
8337	8335	1	0.0
8525	8524	1	0.0
8441	8439	1	0.0
8287	8286	1	0.0
8384	8383	1	0.0
8623	8621	1	0.0
8577	8574	1	0.0
8526	8524	1	0.0
8338	8335	1	0.0
8624	8621	1	0.0
8288	8286	1	0.0
8385	8383	1	0.0
8577	8575	1	0.0
8441	8440	1	0.0
8526	8525	1	0.0
8475	8473	1	0.0
8337	8336	1	0.0
8248	8245	1	0.0
8625	8621	1	0.0
8288	8287	1	0.0
8577	8576	1	0.0
8384	8386	1	0.0
8442	8441	1	0.0
8475	8474	1	0.0
8527	8524	1	0.0
8338	8336	1	0.0
8247	8246	1	0.0
8578	8577	1	0.0
8290	8289	1	0.0
8623	8622	1	0.0
8385	8386	1	0.0
8527	8525	1	0.0
8476	8474	1	0.0
8443	8442	1	0.0
8338	8337	1	0.0
8248	8246	1	0.0
8624	8622	1	0.0
8580	8579	1	0.0
8291	8289	1	0.0
8476	8475	1	0.0
8385	8384	1	0.0
8527	8526	1	0.0
8444	8442	1	0.0
8339	8336	1	0.0
8248	8247	1	0.0
8625	8622	1	0.0
8292	8289	1	0.0
8581	8579	1	0.0
8477	8475	1	0.0
8387	8384	1	0.0
8528	8527	1	0.0
8249	8247	1	0.0
8624	8623	1	0.0
8444	8443	1	0.0
8339	8337	1	0.0
8291	8290	1	0.0
8582	8579	1	0.0
8477	8476	1	0.0
8387	8385	1	0.0
8625	8623	1	0.0
8529	8527	1	0.0
8250	8247	1	0.0
8445	8443	1	0.0
8292	8290	1	0.0
8339	8338	1	0.0
8583	8579	1	0.0
8479	8478	1	0.0
8625	8624	1	0.0
8389	8388	1	0.0
8530	8527	1	0.0
8251	8247	1	0.0
8292	8291	1	0.0
8341	8340	1	0.0
8581	8580	1	0.0
8445	8444	1	0.0
8480	8478	1	0.0
8249	8248	1	0.0
8626	8623	1	0.0
8391	8390	1	0.0
8293	8289	1	0.0
8582	8580	1	0.0
8342	8340	1	0.0
8446	8445	1	0.0
8626	8624	1	0.0
8250	8248	1	0.0
8481	8478	1	0.0
8583	8580	1	0.0
8391	8392	1	0.0
8529	8528	1	0.0
8342	8341	1	0.0
8447	8445	1	0.0
8626	8625	1	0.0
8582	8581	1	0.0
8251	8248	1	0.0
8530	8528	1	0.0
8480	8479	1	0.0
8294	8289	1	0.0
8393	8391	1	0.0
8344	8343	1	0.0
8448	8445	1	0.0
8583	8581	1	0.0
8394	8392	1	0.0
8250	8249	1	0.0
8447	8446	1	0.0
8293	8290	1	0.0
8530	8529	1	0.0
8481	8479	1	0.0
8583	8582	1	0.0
8394	8391	1	0.0
8345	8344	1	0.0
8448	8446	1	0.0
8251	8249	1	0.0
8294	8290	1	0.0
8531	8528	1	0.0
8394	8393	1	0.0
8584	8581	1	0.0
8481	8480	1	0.0
8448	8447	1	0.0
8253	8252	1	0.0
8346	8344	1	0.0
8584	8582	1	0.0
8482	8479	1	0.0
8395	8394	1	0.0
8532	8528	1	0.0
8293	8291	1	0.0
8449	8446	1	0.0
8254	8253	1	0.0
8584	8583	1	0.0
8482	8480	1	0.0
8347	8344	1	0.0
8533	8529	1	0.0
8294	8291	1	0.0
8450	8446	1	0.0
8396	8395	1	0.0
8255	8253	1	0.0
8585	8584	1	0.0
8482	8481	1	0.0
8531	8529	1	0.0
8346	8345	1	0.0
8451	8446	1	0.0
8293	8292	1	0.0
8586	8585	1	0.0
8256	8253	1	0.0
8483	8482	1	0.0
8532	8529	1	0.0
8452	8446	1	0.0
8347	8345	1	0.0
8398	8397	1	0.0
8587	8585	1	0.0
8294	8292	1	0.0
8484	8483	1	0.0
8533	8530	1	0.0
8255	8254	1	0.0
8449	8447	1	0.0
8399	8397	1	0.0
8587	8586	1	0.0
8485	8484	1	0.0
8294	8293	1	0.0
8450	8447	1	0.0
8531	8530	1	0.0
8256	8254	1	0.0
8347	8346	1	0.0
8399	8398	1	0.0
8589	8588	1	0.0
8451	8447	1	0.0
8486	8484	1	0.0
8295	8293	1	0.0
8532	8530	1	0.0
8400	8398	1	0.0
8590	8588	1	0.0
8256	8255	1	0.0
8348	8345	1	0.0
8452	8447	1	0.0
8531	8533	1	0.0
8486	8485	1	0.0
8295	8294	1	0.0
8401	8398	1	0.0
8590	8589	1	0.0
8449	8448	1	0.0
8257	8254	1	0.0
8348	8346	1	0.0
8487	8485	1	0.0
8532	8533	1	0.0
8402	8398	1	0.0
8296	8295	1	0.0
8592	8591	1	0.0
8450	8448	1	0.0
8257	8255	1	0.0
8348	8347	1	0.0
8532	8531	1	0.0
8400	8399	1	0.0
8488	8485	1	0.0
8297	8295	1	0.0
8593	8591	1	0.0
8257	8256	1	0.0
8451	8448	1	0.0
8350	8349	1	0.0
8534	8533	1	0.0
8487	8486	1	0.0
8401	8399	1	0.0
8298	8295	1	0.0
8594	8591	1	0.0
8452	8448	1	0.0
8535	8533	1	0.0
8259	8258	1	0.0
8351	8349	1	0.0
8488	8486	1	0.0
8402	8399	1	0.0
8593	8592	1	0.0
8450	8449	1	0.0
8297	8296	1	0.0
8401	8400	1	0.0
8488	8487	1	0.0
8351	8350	1	0.0
8536	8533	1	0.0
8260	8258	1	0.0
8594	8592	1	0.0
8451	8449	1	0.0
8402	8400	1	0.0
8489	8487	1	0.0
8298	8296	1	0.0
8534	8531	1	0.0
8353	8352	1	0.0
8260	8259	1	0.0
8594	8593	1	0.0
8452	8449	1	0.0
8402	8401	1	0.0
8489	8488	1	0.0
8535	8531	1	0.0
8595	8593	1	0.0
8298	8297	1	0.0
8261	8260	1	0.0
8403	8400	1	0.0
8490	8489	1	0.0
8451	8450	1	0.0
8354	8352	1	0.0
8536	8531	1	0.0
8596	8593	1	0.0
8262	8260	1	0.0
8403	8401	1	0.0
8299	8296	1	0.0
8452	8450	1	0.0
8491	8489	1	0.0
8597	8593	1	0.0
8534	8532	1	0.0
8354	8353	1	0.0
8262	8261	1	0.0
8403	8402	1	0.0
8300	8296	1	0.0
8452	8451	1	0.0
8535	8532	1	0.0
8491	8490	1	0.0
8264	8263	1	0.0
8595	8594	1	0.0
8356	8355	1	0.0
8299	8297	1	0.0
8404	8403	1	0.0
8536	8532	1	0.0
8453	8449	1	0.0
8265	8264	1	0.0
8492	8490	1	0.0
8596	8594	1	0.0
8357	8355	1	0.0
8300	8297	1	0.0
8406	8405	1	0.0
8535	8534	1	0.0
8454	8449	1	0.0
8266	8265	1	0.0
8492	8491	1	0.0
8597	8594	1	0.0
8358	8355	1	0.0
8299	8298	1	0.0
8407	8405	1	0.0
8455	8449	1	0.0
8536	8534	1	0.0
8268	8267	1	0.0
8494	8493	1	0.0
8596	8595	1	0.0
8357	8356	1	0.0
8408	8407	1	0.0
8300	8298	1	0.0
8536	8535	1	0.0
8453	8450	1	0.0
8495	8493	1	0.0
8270	8269	1	0.0
8597	8595	1	0.0
8358	8356	1	0.0
8300	8299	1	0.0
8409	8408	1	0.0
8537	8534	1	0.0
8454	8450	1	0.0
8495	8494	1	0.0
8271	8269	1	0.0
8597	8596	1	0.0
8301	8299	1	0.0
8358	8357	1	0.0
8410	8408	1	0.0
8537	8535	1	0.0
8496	8493	1	0.0
8598	8595	1	0.0
8455	8450	1	0.0
8272	8269	1	0.0
8302	8299	1	0.0
8360	8359	1	0.0
8453	8451	1	0.0
8598	8596	1	0.0
8496	8494	1	0.0
8301	8300	1	0.0
8537	8536	1	0.0
8410	8409	1	0.0
8271	8270	1	0.0
8454	8451	1	0.0
8598	8597	1	0.0
8361	8359	1	0.0
8496	8495	1	0.0
8411	8409	1	0.0
8455	8451	1	0.0
8539	8538	1	0.0
8272	8270	1	0.0
8302	8300	1	0.0
8599	8598	1	0.0
8497	8496	1	0.0
8361	8360	1	0.0
8412	8409	1	0.0
8453	8452	1	0.0
8272	8271	1	0.0
8302	8301	1	0.0
8600	8598	1	0.0
8540	8539	1	0.0
8498	8496	1	0.0
8454	8452	1	0.0
8362	8360	1	0.0
8413	8409	1	0.0
8273	8269	1	0.0
8303	8301	1	0.0
8600	8599	1	0.0
8541	8539	1	0.0
8499	8496	1	0.0
8362	8361	1	0.0
8455	8452	1	0.0
8411	8410	1	0.0
8303	8302	1	0.0
8274	8269	1	0.0
8601	8600	1	0.0
8500	8496	1	0.0
8541	8540	1	0.0
8364	8363	1	0.0
8454	8453	1	0.0
8412	8410	1	0.0
8304	8303	1	0.0
8273	8270	1	0.0
8602	8601	1	0.0
8498	8497	1	0.0
8365	8363	1	0.0
8542	8540	1	0.0
8455	8453	1	0.0
8305	8304	1	0.0
8413	8410	1	0.0
8274	8270	1	0.0
8603	8601	1	0.0
8499	8497	1	0.0
8366	8363	1	0.0
8543	8540	1	0.0
8455	8454	1	0.0
8306	8305	1	0.0
8412	8411	1	0.0
8604	8601	1	0.0
8273	8271	1	0.0
8500	8497	1	0.0
8367	8363	1	0.0
8542	8541	1	0.0
8456	8453	1	0.0
8307	8306	1	0.0
8603	8602	1	0.0
8413	8411	1	0.0
8274	8271	1	0.0
8499	8498	1	0.0
8365	8364	1	0.0
8543	8542	1	0.0
8457	8453	1	0.0
8308	8307	1	0.0
8604	8602	1	0.0
8413	8412	1	0.0
8273	8272	1	0.0
8500	8498	1	0.0
8366	8364	1	0.0
8544	8542	1	0.0
8456	8454	1	0.0
8309	8307	1	0.0
8604	8603	1	0.0
8414	8411	1	0.0
8274	8272	1	0.0
8500	8499	1	0.0
8367	8364	1	0.0
8545	8542	1	0.0
8457	8454	1	0.0
8309	8308	1	0.0
8605	8602	1	0.0
8544	8543	1	0.0
8414	8413	1	0.0
8274	8273	1	0.0
8605	8603	1	0.0
8366	8365	1	0.0
8310	8308	1	0.0
8456	8455	1	0.0
8545	8543	1	0.0
8415	8414	1	0.0
8501	8497	1	0.0
8275	8273	1	0.0
8367	8365	1	0.0
8605	8604	1	0.0
8312	8311	1	0.0
8457	8455	1	0.0
8545	8544	1	0.0
8416	8414	1	0.0
8276	8273	1	0.0
8501	8498	1	0.0
8367	8366	1	0.0
8606	8605	1	0.0
8314	8313	1	0.0
8457	8456	1	0.0
8277	8273	1	0.0
8417	8414	1	0.0
8501	8499	1	0.0
8546	8544	1	0.0
8607	8606	1	0.0
8368	8364	1	0.0
8316	8315	1	0.0
8416	8415	1	0.0
8278	8273	1	0.0
8546	8545	1	0.0
8501	8500	1	0.0
8458	8456	1	0.0
8608	8606	1	0.0
8369	8364	1	0.0
8318	8317	1	0.0
8275	8274	1	0.0
8417	8415	1	0.0
8548	8547	1	0.0
8459	8456	1	0.0
8502	8501	1	0.0
8608	8607	1	0.0
8319	8317	1	0.0
8276	8274	1	0.0
8368	8365	1	0.0
8417	8416	1	0.0
8460	8456	1	0.0
8549	8547	1	0.0
8320	8317	1	0.0
8503	8501	1	0.0
8609	8607	1	0.0
8369	8365	1	0.0
8277	8274	1	0.0
8419	8418	1	0.0
8458	8457	1	0.0
8550	8547	1	0.0
8368	8366	1	0.0
8319	8318	1	0.0
8278	8274	1	0.0
8504	8501	1	0.0
8610	8607	1	0.0
8420	8418	1	0.0
8459	8457	1	0.0
8549	8548	1	0.0
8369	8366	1	0.0
8276	8275	1	0.0
8320	8318	1	0.0
8503	8502	1	0.0
8611	8607	1	0.0
8421	8418	1	0.0
8550	8548	1	0.0
8368	8367	1	0.0
8460	8457	1	0.0
8277	8275	1	0.0
8320	8319	1	0.0
8504	8502	1	0.0
8609	8608	1	0.0
8420	8419	1	0.0
8369	8367	1	0.0
8550	8549	1	0.0
8459	8458	1	0.0
8278	8275	1	0.0
8421	8419	1	0.0
8321	8317	1	0.0
8610	8608	1	0.0
8460	8458	1	0.0
8504	8503	1	0.0
8369	8368	1	0.0
8277	8276	1	0.0
8551	8549	1	0.0
8421	8420	1	0.0
8322	8317	1	0.0
8611	8608	1	0.0
8460	8459	1	0.0
8370	8368	1	0.0
8278	8276	1	0.0
8506	8505	1	0.0
8422	8419	1	0.0
8551	8550	1	0.0
8321	8318	1	0.0
8610	8609	1	0.0
8462	8461	1	0.0
8371	8368	1	0.0
8278	8277	1	0.0
8507	8506	1	0.0
8423	8419	1	0.0
8553	8552	1	0.0
8611	8609	1	0.0
8322	8318	1	0.0
8279	8275	1	0.0
8370	8369	1	0.0
8463	8461	1	0.0
8508	8506	1	0.0
8422	8420	1	0.0
8280	8275	1	0.0
8321	8319	1	0.0
8554	8552	1	0.0
8611	8610	1	0.0
8464	8461	1	0.0
8508	8507	1	0.0
8423	8420	1	0.0
8371	8369	1	0.0
8281	8275	1	0.0
8554	8553	1	0.0
8612	8609	1	0.0
8465	8461	1	0.0
8322	8319	1	0.0
8509	8507	1	0.0
8371	8370	1	0.0
8282	8275	1	0.0
8422	8421	1	0.0
8613	8609	1	0.0
8555	8553	1	0.0
8466	8461	1	0.0
8321	8320	1	0.0
8509	8508	1	0.0
8372	8370	1	0.0
8279	8276	1	0.0
8423	8421	1	0.0
8614	8609	1	0.0
8555	8554	1	0.0
8463	8462	1	0.0
8322	8320	1	0.0
8510	8509	1	0.0
8280	8276	1	0.0
8373	8370	1	0.0
8423	8422	1	0.0
8612	8610	1	0.0
8556	8555	1	0.0
8322	8321	1	0.0
8281	8276	1	0.0
8464	8462	1	0.0
8511	8510	1	0.0
8425	8424	1	0.0
8372	8371	1	0.0
8613	8610	1	0.0
8557	8555	1	0.0
8282	8276	1	0.0
8324	8323	1	0.0
8465	8462	1	0.0
8556	8558	1	0.0
8426	8424	1	0.0
8373	8371	1	0.0
8280	8277	1	0.0
8614	8610	1	0.0
8325	8323	1	0.0
8512	8510	1	0.0
8466	8462	1	0.0
8557	8558	1	0.0
8426	8425	1	0.0
8281	8277	1	0.0
8374	8372	1	0.0
8612	8611	1	0.0
8513	8510	1	0.0
8464	8463	1	0.0
8326	8323	1	0.0
8282	8277	1	0.0
8374	8373	1	0.0
8427	8425	1	0.0
8512	8511	1	0.0
8327	8323	1	0.0
8465	8463	1	0.0
8613	8611	1	0.0
8279	8278	1	0.0
8375	8374	1	0.0
8427	8426	1	0.0
8557	8556	1	0.0
8513	8511	1	0.0
8325	8324	1	0.0
8466	8463	1	0.0
8280	8278	1	0.0
8614	8611	1	0.0
8376	8374	1	0.0
8428	8427	1	0.0
8559	8558	1	0.0
8326	8324	1	0.0
8281	8278	1	0.0
8465	8464	1	0.0
8513	8512	1	0.0
8377	8374	1	0.0
8613	8612	1	0.0
8429	8427	1	0.0
8327	8324	1	0.0
8282	8278	1	0.0
8559	8556	1	0.0
8466	8464	1	0.0
8378	8374	1	0.0
8514	8511	1	0.0
8429	8428	1	0.0
8614	8612	1	0.0
8280	8279	1	0.0
8326	8325	1	0.0
8466	8465	1	0.0
8376	8375	1	0.0
8559	8557	1	0.0
8515	8511	1	0.0
8430	8428	1	0.0
8614	8613	1	0.0
8281	8279	1	0.0
8327	8325	1	0.0
8467	8463	1	0.0
8514	8512	1	0.0
8430	8429	1	0.0
8561	8560	1	0.0
8377	8375	1	0.0
8282	8279	1	0.0
8615	8612	1	0.0
8327	8326	1	0.0
8468	8463	1	0.0
8515	8512	1	0.0
8431	8430	1	0.0
8378	8375	1	0.0
8281	8280	1	0.0
8616	8612	1	0.0
8328	8323	1	0.0
8562	8560	1	0.0
8469	8463	1	0.0
8514	8513	1	0.0
8377	8376	1	0.0
8432	8430	1	0.0
8282	8280	1	0.0
8617	8612	1	0.0
8329	8323	1	0.0
8515	8513	1	0.0
8562	8561	1	0.0
8378	8376	1	0.0
8467	8464	1	0.0
8432	8431	1	0.0
8282	8281	1	0.0
8615	8613	1	0.0
8328	8324	1	0.0
8515	8514	1	0.0
8563	8562	1	0.0
8378	8377	1	0.0
8468	8464	1	0.0
8283	8279	1	0.0
8433	8431	1	0.0
8616	8613	1	0.0
8329	8324	1	0.0
8564	8562	1	0.0
8516	8514	1	0.0
8379	8375	1	0.0
8469	8464	1	0.0
8284	8279	1	0.0
8434	8431	1	0.0
8617	8613	1	0.0
8328	8325	1	0.0
8564	8563	1	0.0
8517	8514	1	0.0
8380	8375	1	0.0
8285	8279	1	0.0
8435	8431	1	0.0
8467	8465	1	0.0
8615	8614	1	0.0
8566	8565	1	0.0
8329	8325	1	0.0
8516	8515	1	0.0
8381	8375	1	0.0
8283	8280	1	0.0
8468	8465	1	0.0
8433	8432	1	0.0
8616	8614	1	0.0
8328	8326	1	0.0
8284	8280	1	0.0
8567	8565	1	0.0
8379	8376	1	0.0
8518	8515	1	0.0
8469	8465	1	0.0
8617	8614	1	0.0
8434	8432	1	0.0
8329	8326	1	0.0
8285	8280	1	0.0
8568	8566	1	0.0
8380	8376	1	0.0
8517	8515	1	0.0
8467	8466	1	0.0
8616	8615	1	0.0
8435	8432	1	0.0
8283	8281	1	0.0
8381	8376	1	0.0
8567	8566	1	0.0
8328	8327	1	0.0
8518	8516	1	0.0
8284	8281	1	0.0
8468	8466	1	0.0
8379	8377	1	0.0
8617	8615	1	0.0
8434	8433	1	0.0
8567	8568	1	0.0
8329	8327	1	0.0
8517	8516	1	0.0
8469	8466	1	0.0
8285	8281	1	0.0
8617	8616	1	0.0
8380	8377	1	0.0
8569	8568	1	0.0
8435	8433	1	0.0
8329	8328	1	0.0
8517	8518	1	0.0
8468	8467	1	0.0
8283	8282	1	0.0
8381	8377	1	0.0
8619	8618	1	0.0
8569	8567	1	0.0
8435	8434	1	0.0
8330	8328	1	0.0
8284	8282	1	0.0
8519	8516	1	0.0
8469	8467	1	0.0
8379	8378	1	0.0
8620	8618	1	0.0
8571	8570	1	0.0
8285	8282	1	0.0
8436	8433	1	0.0
8331	8328	1	0.0
8519	8518	1	0.0
8380	8378	1	0.0
8469	8468	1	0.0
8620	8619	1	0.0
8284	8283	1	0.0
8436	8434	1	0.0
8572	8570	1	0.0
8330	8329	1	0.0
8519	8517	1	0.0
8381	8378	1	0.0
8285	8283	1	0.0
8470	8467	1	0.0
8573	8570	1	0.0
8436	8435	1	0.0
8520	8519	1	0.0
8331	8329	1	0.0
8380	8379	1	0.0
8470	8468	1	0.0
8438	8437	1	0.0
8572	8571	1	0.0
8522	8521	1	0.0
8331	8330	1	0.0
8470	8469	1	0.0
8381	8379	1	0.0
8439	8437	1	0.0
8523	8521	1	0.0
8573	8571	1	0.0
8333	8332	1	0.0
8523	8522	1	0.0
8471	8470	1	0.0
8440	8437	1	0.0
8334	8332	1	0.0
8381	8380	1	0.0
8573	8572	1	0.0
8524	8522	1	0.0
8382	8379	1	0.0
8525	8522	1	0.0
8574	8572	1	0.0
8334	8333	1	0.0
8383	8379	1	0.0
8526	8522	1	0.0
8335	8334	1	0.0
8575	8572	1	0.0
8382	8380	1	0.0
8576	8572	1	0.0
8383	8380	1	0.0
8574	8573	1	0.0
8382	8381	1	0.0
8383	8381	1	0.0
8245	8244	0	0.0
8246	8244	0	0.0
8246	8245	0	0.0
8247	8245	0	0.0
8248	8245	0	0.0
8247	8246	0	0.0
8248	8246	0	0.0
8285	8284	0	0.0
8248	8247	0	0.0
8249	8247	0	0.0
8286	8283	0	0.0
8250	8247	0	0.0
8286	8284	0	0.0
8251	8247	0	0.0
8286	8285	0	0.0
8249	8248	0	0.0
8250	8248	0	0.0
8287	8286	0	0.0
8251	8248	0	0.0
8288	8286	0	0.0
8250	8249	0	0.0
8288	8287	0	0.0
8251	8249	0	0.0
8290	8289	0	0.0
8253	8252	0	0.0
8291	8289	0	0.0
8254	8253	0	0.0
8292	8289	0	0.0
8336	8335	0	0.0
8255	8253	0	0.0
8291	8290	0	0.0
8256	8253	0	0.0
8292	8290	0	0.0
8337	8335	0	0.0
8255	8254	0	0.0
8292	8291	0	0.0
8338	8335	0	0.0
8256	8254	0	0.0
8293	8289	0	0.0
8256	8255	0	0.0
8337	8336	0	0.0
8294	8289	0	0.0
8257	8254	0	0.0
8338	8336	0	0.0
8293	8290	0	0.0
8257	8255	0	0.0
8338	8337	0	0.0
8294	8290	0	0.0
8257	8256	0	0.0
8339	8336	0	0.0
8293	8291	0	0.0
8259	8258	0	0.0
8339	8337	0	0.0
8294	8291	0	0.0
8260	8258	0	0.0
8339	8338	0	0.0
8293	8292	0	0.0
8383	8382	0	0.0
8260	8259	0	0.0
8341	8340	0	0.0
8294	8292	0	0.0
8384	8382	0	0.0
8342	8340	0	0.0
8261	8260	0	0.0
8294	8293	0	0.0
8385	8382	0	0.0
8342	8341	0	0.0
8295	8293	0	0.0
8262	8260	0	0.0
8386	8383	0	0.0
8344	8343	0	0.0
8295	8294	0	0.0
8262	8261	0	0.0
8345	8344	0	0.0
8384	8383	0	0.0
8296	8295	0	0.0
8264	8263	0	0.0
8385	8383	0	0.0
8265	8264	0	0.0
8346	8344	0	0.0
8297	8295	0	0.0
8384	8386	0	0.0
8266	8265	0	0.0
8347	8344	0	0.0
8298	8295	0	0.0
8385	8386	0	0.0
8297	8296	0	0.0
8298	8296	0	0.0
8439	8438	0	0.0
8298	8297	0	0.0
8268	8267	0	0.0
8346	8345	0	0.0
8385	8384	0	0.0
8299	8296	0	0.0
8387	8384	0	0.0
8347	8345	0	0.0
8270	8269	0	0.0
8300	8296	0	0.0
8440	8438	0	0.0
8387	8385	0	0.0
8347	8346	0	0.0
8271	8269	0	0.0
8299	8297	0	0.0
8300	8297	0	0.0
8348	8345	0	0.0
8389	8388	0	0.0
8272	8269	0	0.0
8440	8439	0	0.0
8299	8298	0	0.0
8391	8390	0	0.0
8271	8270	0	0.0
8348	8346	0	0.0
8441	8439	0	0.0
8300	8298	0	0.0
8391	8392	0	0.0
8272	8270	0	0.0
8348	8347	0	0.0
8272	8271	0	0.0
8441	8440	0	0.0
8350	8349	0	0.0
8300	8299	0	0.0
8472	8471	0	0.0
8393	8391	0	0.0
8273	8269	0	0.0
8351	8349	0	0.0
8442	8441	0	0.0
8301	8299	0	0.0
8351	8350	0	0.0
8274	8269	0	0.0
8473	8472	0	0.0
8394	8392	0	0.0
8443	8442	0	0.0
8273	8270	0	0.0
8353	8352	0	0.0
8474	8472	0	0.0
8394	8391	0	0.0
8302	8299	0	0.0
8444	8442	0	0.0
8274	8270	0	0.0
8394	8393	0	0.0
8301	8300	0	0.0
8354	8352	0	0.0
8474	8473	0	0.0
8273	8271	0	0.0
8395	8394	0	0.0
8444	8443	0	0.0
8302	8300	0	0.0
8475	8473	0	0.0
8354	8353	0	0.0
8274	8271	0	0.0
8396	8395	0	0.0
8445	8443	0	0.0
8302	8301	0	0.0
8524	8523	0	0.0
8273	8272	0	0.0
8398	8397	0	0.0
8356	8355	0	0.0
8475	8474	0	0.0
8445	8444	0	0.0
8274	8272	0	0.0
8303	8301	0	0.0
8399	8397	0	0.0
8525	8523	0	0.0
8357	8355	0	0.0
8476	8474	0	0.0
8446	8445	0	0.0
8274	8273	0	0.0
8303	8302	0	0.0
8526	8523	0	0.0
8399	8398	0	0.0
8476	8475	0	0.0
8358	8355	0	0.0
8447	8445	0	0.0
8304	8303	0	0.0
8525	8524	0	0.0
8357	8356	0	0.0
8275	8273	0	0.0
8400	8398	0	0.0
8477	8475	0	0.0
8448	8445	0	0.0
8526	8524	0	0.0
8305	8304	0	0.0
8477	8476	0	0.0
8401	8398	0	0.0
8276	8273	0	0.0
8358	8356	0	0.0
8479	8478	0	0.0
8277	8273	0	0.0
8402	8398	0	0.0
8306	8305	0	0.0
8447	8446	0	0.0
8526	8525	0	0.0
8358	8357	0	0.0
8278	8273	0	0.0
8575	8573	0	0.0
8307	8306	0	0.0
8400	8399	0	0.0
8360	8359	0	0.0
8448	8446	0	0.0
8527	8524	0	0.0
8275	8274	0	0.0
8308	8307	0	0.0
8401	8399	0	0.0
8361	8359	0	0.0
8480	8478	0	0.0
8276	8274	0	0.0
8621	8619	0	0.0
8448	8447	0	0.0
8527	8525	0	0.0
8402	8399	0	0.0
8309	8307	0	0.0
8361	8360	0	0.0
8277	8274	0	0.0
8576	8573	0	0.0
8481	8478	0	0.0
8622	8619	0	0.0
8362	8360	0	0.0
8309	8308	0	0.0
8449	8446	0	0.0
8401	8400	0	0.0
8527	8526	0	0.0
8575	8574	0	0.0
8278	8274	0	0.0
8621	8620	0	0.0
8362	8361	0	0.0
8402	8400	0	0.0
8276	8275	0	0.0
8310	8308	0	0.0
8528	8527	0	0.0
8450	8446	0	0.0
8622	8620	0	0.0
8576	8574	0	0.0
8364	8363	0	0.0
8480	8479	0	0.0
8402	8401	0	0.0
8277	8275	0	0.0
8312	8311	0	0.0
8278	8275	0	0.0
8622	8621	0	0.0
8365	8363	0	0.0
8403	8400	0	0.0
8481	8479	0	0.0
8529	8527	0	0.0
8314	8313	0	0.0
8576	8575	0	0.0
8451	8446	0	0.0
8277	8276	0	0.0
8366	8363	0	0.0
8403	8401	0	0.0
8623	8621	0	0.0
8530	8527	0	0.0
8481	8480	0	0.0
8316	8315	0	0.0
8278	8276	0	0.0
8367	8363	0	0.0
8452	8446	0	0.0
8577	8574	0	0.0
8624	8621	0	0.0
8403	8402	0	0.0
8529	8528	0	0.0
8278	8277	0	0.0
8318	8317	0	0.0
8365	8364	0	0.0
8449	8447	0	0.0
8625	8621	0	0.0
8577	8575	0	0.0
8404	8403	0	0.0
8482	8479	0	0.0
8319	8317	0	0.0
8530	8528	0	0.0
8366	8364	0	0.0
8279	8275	0	0.0
8406	8405	0	0.0
8450	8447	0	0.0
8623	8622	0	0.0
8577	8576	0	0.0
8482	8480	0	0.0
8320	8317	0	0.0
8407	8405	0	0.0
8624	8622	0	0.0
8530	8529	0	0.0
8280	8275	0	0.0
8367	8364	0	0.0
8319	8318	0	0.0
8451	8447	0	0.0
8578	8577	0	0.0
8482	8481	0	0.0
8408	8407	0	0.0
8366	8365	0	0.0
8580	8579	0	0.0
8531	8528	0	0.0
8625	8622	0	0.0
8281	8275	0	0.0
8483	8482	0	0.0
8452	8447	0	0.0
8320	8318	0	0.0
8409	8408	0	0.0
8367	8365	0	0.0
8581	8579	0	0.0
8282	8275	0	0.0
8484	8483	0	0.0
8624	8623	0	0.0
8532	8528	0	0.0
8367	8366	0	0.0
8410	8408	0	0.0
8320	8319	0	0.0
8449	8448	0	0.0
8279	8276	0	0.0
8582	8579	0	0.0
8485	8484	0	0.0
8625	8623	0	0.0
8533	8529	0	0.0
8368	8364	0	0.0
8321	8317	0	0.0
8450	8448	0	0.0
8410	8409	0	0.0
8486	8484	0	0.0
8280	8276	0	0.0
8583	8579	0	0.0
8625	8624	0	0.0
8531	8529	0	0.0
8322	8317	0	0.0
8411	8409	0	0.0
8369	8364	0	0.0
8451	8448	0	0.0
8486	8485	0	0.0
8281	8276	0	0.0
8581	8580	0	0.0
8626	8623	0	0.0
8321	8318	0	0.0
8532	8529	0	0.0
8412	8409	0	0.0
8368	8365	0	0.0
8452	8448	0	0.0
8282	8276	0	0.0
8487	8485	0	0.0
8322	8318	0	0.0
8626	8624	0	0.0
8582	8580	0	0.0
8533	8530	0	0.0
8369	8365	0	0.0
8413	8409	0	0.0
8450	8449	0	0.0
8280	8277	0	0.0
8583	8580	0	0.0
8321	8319	0	0.0
8626	8625	0	0.0
8368	8366	0	0.0
8411	8410	0	0.0
8531	8530	0	0.0
8488	8485	0	0.0
8281	8277	0	0.0
8322	8319	0	0.0
8582	8581	0	0.0
8451	8449	0	0.0
8412	8410	0	0.0
8282	8277	0	0.0
8369	8366	0	0.0
8583	8581	0	0.0
8452	8449	0	0.0
8532	8530	0	0.0
8321	8320	0	0.0
8413	8410	0	0.0
8487	8486	0	0.0
8368	8367	0	0.0
8279	8278	0	0.0
8583	8582	0	0.0
8488	8486	0	0.0
8322	8320	0	0.0
8531	8533	0	0.0
8412	8411	0	0.0
8451	8450	0	0.0
8280	8278	0	0.0
8584	8581	0	0.0
8369	8367	0	0.0
8532	8533	0	0.0
8281	8278	0	0.0
8322	8321	0	0.0
8369	8368	0	0.0
8584	8582	0	0.0
8488	8487	0	0.0
8413	8411	0	0.0
8452	8450	0	0.0
8282	8278	0	0.0
8584	8583	0	0.0
8489	8487	0	0.0
8324	8323	0	0.0
8532	8531	0	0.0
8370	8368	0	0.0
8413	8412	0	0.0
8452	8451	0	0.0
8280	8279	0	0.0
8325	8323	0	0.0
8489	8488	0	0.0
8585	8584	0	0.0
8414	8411	0	0.0
8281	8279	0	0.0
8371	8368	0	0.0
8534	8533	0	0.0
8453	8449	0	0.0
8326	8323	0	0.0
8414	8413	0	0.0
8586	8585	0	0.0
8327	8323	0	0.0
8370	8369	0	0.0
8282	8279	0	0.0
8490	8489	0	0.0
8454	8449	0	0.0
8281	8280	0	0.0
8587	8585	0	0.0
8325	8324	0	0.0
8371	8369	0	0.0
8415	8414	0	0.0
8535	8533	0	0.0
8491	8489	0	0.0
8455	8449	0	0.0
8326	8324	0	0.0
8587	8586	0	0.0
8282	8280	0	0.0
8371	8370	0	0.0
8416	8414	0	0.0
8536	8533	0	0.0
8453	8450	0	0.0
8327	8324	0	0.0
8282	8281	0	0.0
8491	8490	0	0.0
8417	8414	0	0.0
8372	8370	0	0.0
8589	8588	0	0.0
8534	8531	0	0.0
8283	8279	0	0.0
8326	8325	0	0.0
8454	8450	0	0.0
8373	8370	0	0.0
8416	8415	0	0.0
8492	8490	0	0.0
8590	8588	0	0.0
8284	8279	0	0.0
8327	8325	0	0.0
8455	8450	0	0.0
8372	8371	0	0.0
8535	8531	0	0.0
8417	8415	0	0.0
8327	8326	0	0.0
8492	8491	0	0.0
8590	8589	0	0.0
8285	8279	0	0.0
8453	8451	0	0.0
8328	8323	0	0.0
8417	8416	0	0.0
8373	8371	0	0.0
8536	8531	0	0.0
8592	8591	0	0.0
8283	8280	0	0.0
8494	8493	0	0.0
8454	8451	0	0.0
8329	8323	0	0.0
8374	8372	0	0.0
8419	8418	0	0.0
8534	8532	0	0.0
8284	8280	0	0.0
8593	8591	0	0.0
8495	8493	0	0.0
8328	8324	0	0.0
8455	8451	0	0.0
8420	8418	0	0.0
8374	8373	0	0.0
8285	8280	0	0.0
8535	8532	0	0.0
8594	8591	0	0.0
8495	8494	0	0.0
8329	8324	0	0.0
8453	8452	0	0.0
8421	8418	0	0.0
8375	8374	0	0.0
8283	8281	0	0.0
8496	8493	0	0.0
8328	8325	0	0.0
8593	8592	0	0.0
8376	8374	0	0.0
8536	8532	0	0.0
8420	8419	0	0.0
8284	8281	0	0.0
8454	8452	0	0.0
8496	8494	0	0.0
8329	8325	0	0.0
8377	8374	0	0.0
8594	8592	0	0.0
8535	8534	0	0.0
8285	8281	0	0.0
8421	8419	0	0.0
8455	8452	0	0.0
8328	8326	0	0.0
8496	8495	0	0.0
8594	8593	0	0.0
8378	8374	0	0.0
8536	8534	0	0.0
8421	8420	0	0.0
8283	8282	0	0.0
8454	8453	0	0.0
8329	8326	0	0.0
8497	8496	0	0.0
8376	8375	0	0.0
8595	8593	0	0.0
8455	8453	0	0.0
8328	8327	0	0.0
8422	8419	0	0.0
8284	8282	0	0.0
8536	8535	0	0.0
8498	8496	0	0.0
8377	8375	0	0.0
8596	8593	0	0.0
8423	8419	0	0.0
8329	8327	0	0.0
8455	8454	0	0.0
8285	8282	0	0.0
8537	8534	0	0.0
8378	8375	0	0.0
8597	8593	0	0.0
8499	8496	0	0.0
8329	8328	0	0.0
8456	8453	0	0.0
8422	8420	0	0.0
8284	8283	0	0.0
8537	8535	0	0.0
8377	8376	0	0.0
8595	8594	0	0.0
8330	8328	0	0.0
8500	8496	0	0.0
8285	8283	0	0.0
8457	8453	0	0.0
8423	8420	0	0.0
8537	8536	0	0.0
8378	8376	0	0.0
8596	8594	0	0.0
8331	8328	0	0.0
8498	8497	0	0.0
8456	8454	0	0.0
8422	8421	0	0.0
8539	8538	0	0.0
8378	8377	0	0.0
8330	8329	0	0.0
8597	8594	0	0.0
8499	8497	0	0.0
8423	8421	0	0.0
8457	8454	0	0.0
8540	8539	0	0.0
8331	8329	0	0.0
8596	8595	0	0.0
8379	8375	0	0.0
8500	8497	0	0.0
8423	8422	0	0.0
8456	8455	0	0.0
8541	8539	0	0.0
8331	8330	0	0.0
8597	8595	0	0.0
8380	8375	0	0.0
8499	8498	0	0.0
8425	8424	0	0.0
8457	8455	0	0.0
8541	8540	0	0.0
8333	8332	0	0.0
8381	8375	0	0.0
8426	8424	0	0.0
8597	8596	0	0.0
8500	8498	0	0.0
8457	8456	0	0.0
8379	8376	0	0.0
8542	8540	0	0.0
8334	8332	0	0.0
8426	8425	0	0.0
8598	8595	0	0.0
8500	8499	0	0.0
8458	8456	0	0.0
8380	8376	0	0.0
8334	8333	0	0.0
8543	8540	0	0.0
8427	8425	0	0.0
8598	8596	0	0.0
8501	8497	0	0.0
8459	8456	0	0.0
8381	8376	0	0.0
8335	8334	0	0.0
8542	8541	0	0.0
8427	8426	0	0.0
8598	8597	0	0.0
8501	8498	0	0.0
8460	8456	0	0.0
8379	8377	0	0.0
8428	8427	0	0.0
8599	8598	0	0.0
8501	8499	0	0.0
8380	8377	0	0.0
8543	8542	0	0.0
8458	8457	0	0.0
8429	8427	0	0.0
8600	8598	0	0.0
8501	8500	0	0.0
8381	8377	0	0.0
8429	8428	0	0.0
8459	8457	0	0.0
8544	8542	0	0.0
8379	8378	0	0.0
8502	8501	0	0.0
8430	8428	0	0.0
8600	8599	0	0.0
8460	8457	0	0.0
8545	8542	0	0.0
8380	8378	0	0.0
8430	8429	0	0.0
8503	8501	0	0.0
8601	8600	0	0.0
8459	8458	0	0.0
8544	8543	0	0.0
8431	8430	0	0.0
8381	8378	0	0.0
8460	8458	0	0.0
8602	8601	0	0.0
8432	8430	0	0.0
8545	8543	0	0.0
8380	8379	0	0.0
8504	8501	0	0.0
8460	8459	0	0.0
8432	8431	0	0.0
8603	8601	0	0.0
8381	8379	0	0.0
8545	8544	0	0.0
8503	8502	0	0.0
8433	8431	0	0.0
8604	8601	0	0.0
8462	8461	0	0.0
8381	8380	0	0.0
8546	8544	0	0.0
8504	8502	0	0.0
8434	8431	0	0.0
8603	8602	0	0.0
8463	8461	0	0.0
8382	8379	0	0.0
8546	8545	0	0.0
8504	8503	0	0.0
8435	8431	0	0.0
8604	8602	0	0.0
8548	8547	0	0.0
8464	8461	0	0.0
8383	8379	0	0.0
8604	8603	0	0.0
8433	8432	0	0.0
8506	8505	0	0.0
8549	8547	0	0.0
8382	8380	0	0.0
8465	8461	0	0.0
8434	8432	0	0.0
8605	8602	0	0.0
8550	8547	0	0.0
8507	8506	0	0.0
8383	8380	0	0.0
8466	8461	0	0.0
8435	8432	0	0.0
8605	8603	0	0.0
8549	8548	0	0.0
8382	8381	0	0.0
8434	8433	0	0.0
8605	8604	0	0.0
8463	8462	0	0.0
8508	8506	0	0.0
8550	8548	0	0.0
8435	8433	0	0.0
8383	8381	0	0.0
8606	8605	0	0.0
8464	8462	0	0.0
8508	8507	0	0.0
8550	8549	0	0.0
8435	8434	0	0.0
8465	8462	0	0.0
8607	8606	0	0.0
8509	8507	0	0.0
8436	8433	0	0.0
8551	8549	0	0.0
8509	8508	0	0.0
8608	8606	0	0.0
8466	8462	0	0.0
8436	8434	0	0.0
8551	8550	0	0.0
8510	8509	0	0.0
8436	8435	0	0.0
8608	8607	0	0.0
8464	8463	0	0.0
8553	8552	0	0.0
8511	8510	0	0.0
8438	8437	0	0.0
8609	8607	0	0.0
8465	8463	0	0.0
8554	8552	0	0.0
8512	8510	0	0.0
8439	8437	0	0.0
8610	8607	0	0.0
8466	8463	0	0.0
8554	8553	0	0.0
8440	8437	0	0.0
8513	8510	0	0.0
8611	8607	0	0.0
8465	8464	0	0.0
8555	8553	0	0.0
8609	8608	0	0.0
8512	8511	0	0.0
8466	8464	0	0.0
8555	8554	0	0.0
8610	8608	0	0.0
8466	8465	0	0.0
8513	8511	0	0.0
8556	8555	0	0.0
8611	8608	0	0.0
8513	8512	0	0.0
8467	8463	0	0.0
8557	8555	0	0.0
8610	8609	0	0.0
8514	8511	0	0.0
8468	8463	0	0.0
8556	8558	0	0.0
8515	8511	0	0.0
8611	8609	0	0.0
8469	8463	0	0.0
8557	8558	0	0.0
8514	8512	0	0.0
8611	8610	0	0.0
8467	8464	0	0.0
8557	8556	0	0.0
8515	8512	0	0.0
8612	8609	0	0.0
8468	8464	0	0.0
8514	8513	0	0.0
8559	8558	0	0.0
8613	8609	0	0.0
8469	8464	0	0.0
8515	8513	0	0.0
8614	8609	0	0.0
8467	8465	0	0.0
8559	8556	0	0.0
8515	8514	0	0.0
8612	8610	0	0.0
8468	8465	0	0.0
8559	8557	0	0.0
8516	8514	0	0.0
8613	8610	0	0.0
8469	8465	0	0.0
8561	8560	0	0.0
8517	8514	0	0.0
8614	8610	0	0.0
8467	8466	0	0.0
8562	8560	0	0.0
8516	8515	0	0.0
8468	8466	0	0.0
8612	8611	0	0.0
8562	8561	0	0.0
8518	8515	0	0.0
8469	8466	0	0.0
8613	8611	0	0.0
8563	8562	0	0.0
8517	8515	0	0.0
8468	8467	0	0.0
8614	8611	0	0.0
8564	8562	0	0.0
8518	8516	0	0.0
8469	8467	0	0.0
8517	8516	0	0.0
8613	8612	0	0.0
8564	8563	0	0.0
8469	8468	0	0.0
8517	8518	0	0.0
8614	8612	0	0.0
8566	8565	0	0.0
8470	8467	0	0.0
8519	8516	0	0.0
8614	8613	0	0.0
8567	8565	0	0.0
8470	8468	0	0.0
8615	8612	0	0.0
8519	8518	0	0.0
8568	8566	0	0.0
8616	8612	0	0.0
8470	8469	0	0.0
8519	8517	0	0.0
8567	8566	0	0.0
8617	8612	0	0.0
8471	8470	0	0.0
8520	8519	0	0.0
8615	8613	0	0.0
8567	8568	0	0.0
8522	8521	0	0.0
8616	8613	0	0.0
8569	8568	0	0.0
8617	8613	0	0.0
8523	8521	0	0.0
8569	8567	0	0.0
8615	8614	0	0.0
8616	8614	0	0.0
8571	8570	0	0.0
8617	8614	0	0.0
8523	8522	0	0.0
8572	8570	0	0.0
8616	8615	0	0.0
8524	8522	0	0.0
8573	8570	0	0.0
8617	8615	0	0.0
8525	8522	0	0.0
8617	8616	0	0.0
8572	8571	0	0.0
8526	8522	0	0.0
8619	8618	0	0.0
8573	8571	0	0.0
8620	8618	0	0.0
8573	8572	0	0.0
8620	8619	0	0.0
8574	8572	0	0.0
8575	8572	0	0.0
8576	8572	0	0.0
8574	8573	0	0.0
8245	8244	2	0.0
8246	8244	2	0.0
8246	8245	2	0.0
8247	8245	2	0.0
8248	8245	2	0.0
8247	8246	2	0.0
8248	8246	2	0.0
8248	8247	2	0.0
8249	8247	2	0.0
8250	8247	2	0.0
8251	8247	2	0.0
8249	8248	2	0.0
8250	8248	2	0.0
8251	8248	2	0.0
8285	8284	2	0.0
8250	8249	2	0.0
8286	8283	2	0.0
8251	8249	2	0.0
8286	8284	2	0.0
8253	8252	2	0.0
8286	8285	2	0.0
8254	8253	2	0.0
8287	8286	2	0.0
8255	8253	2	0.0
8288	8286	2	0.0
8256	8253	2	0.0
8288	8287	2	0.0
8255	8254	2	0.0
8256	8254	2	0.0
8290	8289	2	0.0
8256	8255	2	0.0
8291	8289	2	0.0
8257	8254	2	0.0
8292	8289	2	0.0
8336	8335	2	0.0
8257	8255	2	0.0
8291	8290	2	0.0
8337	8335	2	0.0
8292	8290	2	0.0
8257	8256	2	0.0
8338	8335	2	0.0
8292	8291	2	0.0
8259	8258	2	0.0
8337	8336	2	0.0
8293	8289	2	0.0
8260	8258	2	0.0
8338	8336	2	0.0
8294	8289	2	0.0
8260	8259	2	0.0
8338	8337	2	0.0
8293	8290	2	0.0
8339	8336	2	0.0
8261	8260	2	0.0
8294	8290	2	0.0
8339	8337	2	0.0
8262	8260	2	0.0
8293	8291	2	0.0
8383	8382	2	0.0
8339	8338	2	0.0
8294	8291	2	0.0
8341	8340	2	0.0
8262	8261	2	0.0
8384	8382	2	0.0
8293	8292	2	0.0
8264	8263	2	0.0
8385	8382	2	0.0
8342	8340	2	0.0
8294	8292	2	0.0
8265	8264	2	0.0
8342	8341	2	0.0
8386	8383	2	0.0
8266	8265	2	0.0
8294	8293	2	0.0
8344	8343	2	0.0
8384	8383	2	0.0
8439	8438	2	0.0
8268	8267	2	0.0
8345	8344	2	0.0
8295	8293	2	0.0
8385	8383	2	0.0
8384	8386	2	0.0
8346	8344	2	0.0
8270	8269	2	0.0
8440	8438	2	0.0
8295	8294	2	0.0
8385	8386	2	0.0
8271	8269	2	0.0
8347	8344	2	0.0
8296	8295	2	0.0
8440	8439	2	0.0
8385	8384	2	0.0
8346	8345	2	0.0
8272	8269	2	0.0
8387	8384	2	0.0
8441	8439	2	0.0
8297	8295	2	0.0
8347	8345	2	0.0
8271	8270	2	0.0
8387	8385	2	0.0
8441	8440	2	0.0
8298	8295	2	0.0
8347	8346	2	0.0
8272	8270	2	0.0
8389	8388	2	0.0
8442	8441	2	0.0
8297	8296	2	0.0
8348	8345	2	0.0
8272	8271	2	0.0
8391	8390	2	0.0
8472	8471	2	0.0
8443	8442	2	0.0
8298	8296	2	0.0
8273	8269	2	0.0
8348	8346	2	0.0
8391	8392	2	0.0
8473	8472	2	0.0
8444	8442	2	0.0
8298	8297	2	0.0
8393	8391	2	0.0
8274	8269	2	0.0
8348	8347	2	0.0
8474	8472	2	0.0
8299	8296	2	0.0
8444	8443	2	0.0
8350	8349	2	0.0
8394	8392	2	0.0
8273	8270	2	0.0
8474	8473	2	0.0
8445	8443	2	0.0
8300	8296	2	0.0
8351	8349	2	0.0
8475	8473	2	0.0
8274	8270	2	0.0
8394	8391	2	0.0
8445	8444	2	0.0
8299	8297	2	0.0
8351	8350	2	0.0
8475	8474	2	0.0
8273	8271	2	0.0
8524	8523	2	0.0
8394	8393	2	0.0
8446	8445	2	0.0
8300	8297	2	0.0
8353	8352	2	0.0
8476	8474	2	0.0
8274	8271	2	0.0
8354	8352	2	0.0
8447	8445	2	0.0
8476	8475	2	0.0
8395	8394	2	0.0
8299	8298	2	0.0
8273	8272	2	0.0
8525	8523	2	0.0
8354	8353	2	0.0
8448	8445	2	0.0
8477	8475	2	0.0
8396	8395	2	0.0
8300	8298	2	0.0
8274	8272	2	0.0
8356	8355	2	0.0
8526	8523	2	0.0
8447	8446	2	0.0
8477	8476	2	0.0
8398	8397	2	0.0
8300	8299	2	0.0
8274	8273	2	0.0
8357	8355	2	0.0
8525	8524	2	0.0
8479	8478	2	0.0
8448	8446	2	0.0
8399	8397	2	0.0
8358	8355	2	0.0
8275	8273	2	0.0
8526	8524	2	0.0
8301	8299	2	0.0
8302	8299	2	0.0
8480	8478	2	0.0
8448	8447	2	0.0
8399	8398	2	0.0
8276	8273	2	0.0
8357	8356	2	0.0
8301	8300	2	0.0
8526	8525	2	0.0
8481	8478	2	0.0
8449	8446	2	0.0
8400	8398	2	0.0
8358	8356	2	0.0
8527	8524	2	0.0
8302	8300	2	0.0
8277	8273	2	0.0
8450	8446	2	0.0
8480	8479	2	0.0
8401	8398	2	0.0
8358	8357	2	0.0
8527	8525	2	0.0
8302	8301	2	0.0
8278	8273	2	0.0
8451	8446	2	0.0
8575	8573	2	0.0
8481	8479	2	0.0
8360	8359	2	0.0
8402	8398	2	0.0
8275	8274	2	0.0
8452	8446	2	0.0
8303	8301	2	0.0
8527	8526	2	0.0
8481	8480	2	0.0
8361	8359	2	0.0
8400	8399	2	0.0
8528	8527	2	0.0
8482	8479	2	0.0
8276	8274	2	0.0
8303	8302	2	0.0
8449	8447	2	0.0
8361	8360	2	0.0
8529	8527	2	0.0
8401	8399	2	0.0
8576	8573	2	0.0
8621	8619	2	0.0
8482	8480	2	0.0
8304	8303	2	0.0
8277	8274	2	0.0
8362	8360	2	0.0
8530	8527	2	0.0
8402	8399	2	0.0
8450	8447	2	0.0
8482	8481	2	0.0
8305	8304	2	0.0
8575	8574	2	0.0
8278	8274	2	0.0
8622	8619	2	0.0
8529	8528	2	0.0
8451	8447	2	0.0
8401	8400	2	0.0
8483	8482	2	0.0
8362	8361	2	0.0
8306	8305	2	0.0
8621	8620	2	0.0
8576	8574	2	0.0
8276	8275	2	0.0
8307	8306	2	0.0
8530	8528	2	0.0
8364	8363	2	0.0
8452	8447	2	0.0
8402	8400	2	0.0
8484	8483	2	0.0
8622	8620	2	0.0
8277	8275	2	0.0
8308	8307	2	0.0
8365	8363	2	0.0
8449	8448	2	0.0
8530	8529	2	0.0
8576	8575	2	0.0
8485	8484	2	0.0
8402	8401	2	0.0
8622	8621	2	0.0
8278	8275	2	0.0
8309	8307	2	0.0
8531	8528	2	0.0
8366	8363	2	0.0
8450	8448	2	0.0
8577	8574	2	0.0
8486	8484	2	0.0
8403	8400	2	0.0
8623	8621	2	0.0
8309	8308	2	0.0
8277	8276	2	0.0
8532	8528	2	0.0
8367	8363	2	0.0
8403	8401	2	0.0
8310	8308	2	0.0
8577	8575	2	0.0
8278	8276	2	0.0
8486	8485	2	0.0
8624	8621	2	0.0
8365	8364	2	0.0
8451	8448	2	0.0
8278	8277	2	0.0
8577	8576	2	0.0
8533	8529	2	0.0
8487	8485	2	0.0
8625	8621	2	0.0
8312	8311	2	0.0
8366	8364	2	0.0
8279	8275	2	0.0
8531	8529	2	0.0
8578	8577	2	0.0
8623	8622	2	0.0
8488	8485	2	0.0
8314	8313	2	0.0
8403	8402	2	0.0
8452	8448	2	0.0
8367	8364	2	0.0
8280	8275	2	0.0
8580	8579	2	0.0
8624	8622	2	0.0
8487	8486	2	0.0
8404	8403	2	0.0
8532	8529	2	0.0
8450	8449	2	0.0
8281	8275	2	0.0
8366	8365	2	0.0
8316	8315	2	0.0
8625	8622	2	0.0
8581	8579	2	0.0
8533	8530	2	0.0
8488	8486	2	0.0
8406	8405	2	0.0
8282	8275	2	0.0
8367	8365	2	0.0
8318	8317	2	0.0
8451	8449	2	0.0
8624	8623	2	0.0
8582	8579	2	0.0
8367	8366	2	0.0
8279	8276	2	0.0
8452	8449	2	0.0
8625	8623	2	0.0
8531	8530	2	0.0
8488	8487	2	0.0
8407	8405	2	0.0
8319	8317	2	0.0
8368	8364	2	0.0
8583	8579	2	0.0
8280	8276	2	0.0
8451	8450	2	0.0
8625	8624	2	0.0
8532	8530	2	0.0
8369	8364	2	0.0
8408	8407	2	0.0
8489	8487	2	0.0
8281	8276	2	0.0
8320	8317	2	0.0
8581	8580	2	0.0
8626	8623	2	0.0
8452	8450	2	0.0
8531	8533	2	0.0
8368	8365	2	0.0
8489	8488	2	0.0
8282	8276	2	0.0
8319	8318	2	0.0
8409	8408	2	0.0
8452	8451	2	0.0
8626	8624	2	0.0
8582	8580	2	0.0
8369	8365	2	0.0
8532	8533	2	0.0
8280	8277	2	0.0
8490	8489	2	0.0
8626	8625	2	0.0
8320	8318	2	0.0
8410	8408	2	0.0
8368	8366	2	0.0
8583	8580	2	0.0
8532	8531	2	0.0
8281	8277	2	0.0
8453	8449	2	0.0
8320	8319	2	0.0
8491	8489	2	0.0
8410	8409	2	0.0
8369	8366	2	0.0
8534	8533	2	0.0
8282	8277	2	0.0
8454	8449	2	0.0
8582	8581	2	0.0
8491	8490	2	0.0
8321	8317	2	0.0
8368	8367	2	0.0
8411	8409	2	0.0
8535	8533	2	0.0
8279	8278	2	0.0
8455	8449	2	0.0
8369	8367	2	0.0
8492	8490	2	0.0
8322	8317	2	0.0
8583	8581	2	0.0
8412	8409	2	0.0
8280	8278	2	0.0
8453	8450	2	0.0
8536	8533	2	0.0
8369	8368	2	0.0
8321	8318	2	0.0
8492	8491	2	0.0
8413	8409	2	0.0
8583	8582	2	0.0
8534	8531	2	0.0
8281	8278	2	0.0
8370	8368	2	0.0
8454	8450	2	0.0
8322	8318	2	0.0
8584	8581	2	0.0
8494	8493	2	0.0
8411	8410	2	0.0
8535	8531	2	0.0
8282	8278	2	0.0
8371	8368	2	0.0
8455	8450	2	0.0
8321	8319	2	0.0
8584	8582	2	0.0
8412	8410	2	0.0
8495	8493	2	0.0
8536	8531	2	0.0
8370	8369	2	0.0
8280	8279	2	0.0
8453	8451	2	0.0
8322	8319	2	0.0
8584	8583	2	0.0
8413	8410	2	0.0
8371	8369	2	0.0
8534	8532	2	0.0
8281	8279	2	0.0
8495	8494	2	0.0
8454	8451	2	0.0
8321	8320	2	0.0
8412	8411	2	0.0
8371	8370	2	0.0
8585	8584	2	0.0
8496	8493	2	0.0
8282	8279	2	0.0
8455	8451	2	0.0
8322	8320	2	0.0
8535	8532	2	0.0
8372	8370	2	0.0
8413	8411	2	0.0
8586	8585	2	0.0
8496	8494	2	0.0
8281	8280	2	0.0
8453	8452	2	0.0
8373	8370	2	0.0
8322	8321	2	0.0
8536	8532	2	0.0
8413	8412	2	0.0
8496	8495	2	0.0
8282	8280	2	0.0
8454	8452	2	0.0
8587	8585	2	0.0
8372	8371	2	0.0
8324	8323	2	0.0
8414	8411	2	0.0
8535	8534	2	0.0
8282	8281	2	0.0
8373	8371	2	0.0
8455	8452	2	0.0
8497	8496	2	0.0
8587	8586	2	0.0
8325	8323	2	0.0
8283	8279	2	0.0
8414	8413	2	0.0
8536	8534	2	0.0
8374	8372	2	0.0
8454	8453	2	0.0
8498	8496	2	0.0
8326	8323	2	0.0
8589	8588	2	0.0
8284	8279	2	0.0
8374	8373	2	0.0
8536	8535	2	0.0
8415	8414	2	0.0
8455	8453	2	0.0
8499	8496	2	0.0
8327	8323	2	0.0
8285	8279	2	0.0
8375	8374	2	0.0
8590	8588	2	0.0
8537	8534	2	0.0
8455	8454	2	0.0
8416	8414	2	0.0
8500	8496	2	0.0
8376	8374	2	0.0
8283	8280	2	0.0
8325	8324	2	0.0
8590	8589	2	0.0
8537	8535	2	0.0
8498	8497	2	0.0
8456	8453	2	0.0
8284	8280	2	0.0
8377	8374	2	0.0
8417	8414	2	0.0
8326	8324	2	0.0
8592	8591	2	0.0
8416	8415	2	0.0
8537	8536	2	0.0
8457	8453	2	0.0
8499	8497	2	0.0
8327	8324	2	0.0
8285	8280	2	0.0
8378	8374	2	0.0
8593	8591	2	0.0
8417	8415	2	0.0
8539	8538	2	0.0
8456	8454	2	0.0
8500	8497	2	0.0
8283	8281	2	0.0
8376	8375	2	0.0
8326	8325	2	0.0
8417	8416	2	0.0
8594	8591	2	0.0
8540	8539	2	0.0
8457	8454	2	0.0
8499	8498	2	0.0
8284	8281	2	0.0
8377	8375	2	0.0
8327	8325	2	0.0
8419	8418	2	0.0
8593	8592	2	0.0
8500	8498	2	0.0
8378	8375	2	0.0
8327	8326	2	0.0
8541	8539	2	0.0
8285	8281	2	0.0
8420	8418	2	0.0
8456	8455	2	0.0
8594	8592	2	0.0
8500	8499	2	0.0
8377	8376	2	0.0
8328	8323	2	0.0
8541	8540	2	0.0
8421	8418	2	0.0
8457	8455	2	0.0
8501	8497	2	0.0
8594	8593	2	0.0
8283	8282	2	0.0
8378	8376	2	0.0
8329	8323	2	0.0
8542	8540	2	0.0
8420	8419	2	0.0
8457	8456	2	0.0
8501	8498	2	0.0
8284	8282	2	0.0
8378	8377	2	0.0
8595	8593	2	0.0
8328	8324	2	0.0
8543	8540	2	0.0
8379	8375	2	0.0
8458	8456	2	0.0
8421	8419	2	0.0
8501	8499	2	0.0
8285	8282	2	0.0
8596	8593	2	0.0
8329	8324	2	0.0
8380	8375	2	0.0
8542	8541	2	0.0
8459	8456	2	0.0
8421	8420	2	0.0
8284	8283	2	0.0
8501	8500	2	0.0
8597	8593	2	0.0
8381	8375	2	0.0
8328	8325	2	0.0
8460	8456	2	0.0
8422	8419	2	0.0
8543	8542	2	0.0
8502	8501	2	0.0
8285	8283	2	0.0
8379	8376	2	0.0
8595	8594	2	0.0
8329	8325	2	0.0
8458	8457	2	0.0
8423	8419	2	0.0
8503	8501	2	0.0
8544	8542	2	0.0
8380	8376	2	0.0
8596	8594	2	0.0
8328	8326	2	0.0
8459	8457	2	0.0
8422	8420	2	0.0
8504	8501	2	0.0
8381	8376	2	0.0
8545	8542	2	0.0
8329	8326	2	0.0
8597	8594	2	0.0
8460	8457	2	0.0
8423	8420	2	0.0
8503	8502	2	0.0
8379	8377	2	0.0
8544	8543	2	0.0
8328	8327	2	0.0
8459	8458	2	0.0
8422	8421	2	0.0
8504	8502	2	0.0
8380	8377	2	0.0
8596	8595	2	0.0
8545	8543	2	0.0
8460	8458	2	0.0
8329	8327	2	0.0
8504	8503	2	0.0
8423	8421	2	0.0
8381	8377	2	0.0
8545	8544	2	0.0
8597	8595	2	0.0
8460	8459	2	0.0
8329	8328	2	0.0
8506	8505	2	0.0
8379	8378	2	0.0
8423	8422	2	0.0
8546	8544	2	0.0
8597	8596	2	0.0
8462	8461	2	0.0
8330	8328	2	0.0
8507	8506	2	0.0
8425	8424	2	0.0
8380	8378	2	0.0
8546	8545	2	0.0
8463	8461	2	0.0
8508	8506	2	0.0
8598	8595	2	0.0
8331	8328	2	0.0
8381	8378	2	0.0
8548	8547	2	0.0
8464	8461	2	0.0
8330	8329	2	0.0
8508	8507	2	0.0
8426	8424	2	0.0
8598	8596	2	0.0
8380	8379	2	0.0
8465	8461	2	0.0
8549	8547	2	0.0
8509	8507	2	0.0
8331	8329	2	0.0
8381	8379	2	0.0
8598	8597	2	0.0
8426	8425	2	0.0
8466	8461	2	0.0
8550	8547	2	0.0
8509	8508	2	0.0
8381	8380	2	0.0
8331	8330	2	0.0
8427	8425	2	0.0
8599	8598	2	0.0
8463	8462	2	0.0
8549	8548	2	0.0
8382	8379	2	0.0
8510	8509	2	0.0
8427	8426	2	0.0
8333	8332	2	0.0
8464	8462	2	0.0
8600	8598	2	0.0
8550	8548	2	0.0
8383	8379	2	0.0
8511	8510	2	0.0
8428	8427	2	0.0
8334	8332	2	0.0
8465	8462	2	0.0
8382	8380	2	0.0
8600	8599	2	0.0
8550	8549	2	0.0
8512	8510	2	0.0
8429	8427	2	0.0
8334	8333	2	0.0
8466	8462	2	0.0
8383	8380	2	0.0
8601	8600	2	0.0
8551	8549	2	0.0
8513	8510	2	0.0
8429	8428	2	0.0
8382	8381	2	0.0
8335	8334	2	0.0
8464	8463	2	0.0
8551	8550	2	0.0
8512	8511	2	0.0
8430	8428	2	0.0
8602	8601	2	0.0
8383	8381	2	0.0
8465	8463	2	0.0
8430	8429	2	0.0
8553	8552	2	0.0
8513	8511	2	0.0
8466	8463	2	0.0
8603	8601	2	0.0
8431	8430	2	0.0
8513	8512	2	0.0
8554	8552	2	0.0
8465	8464	2	0.0
8604	8601	2	0.0
8432	8430	2	0.0
8514	8511	2	0.0
8466	8464	2	0.0
8554	8553	2	0.0
8603	8602	2	0.0
8432	8431	2	0.0
8515	8511	2	0.0
8466	8465	2	0.0
8555	8553	2	0.0
8604	8602	2	0.0
8433	8431	2	0.0
8514	8512	2	0.0
8467	8463	2	0.0
8555	8554	2	0.0
8604	8603	2	0.0
8434	8431	2	0.0
8515	8512	2	0.0
8468	8463	2	0.0
8556	8555	2	0.0
8605	8602	2	0.0
8435	8431	2	0.0
8469	8463	2	0.0
8514	8513	2	0.0
8557	8555	2	0.0
8515	8513	2	0.0
8467	8464	2	0.0
8433	8432	2	0.0
8556	8558	2	0.0
8605	8603	2	0.0
8515	8514	2	0.0
8434	8432	2	0.0
8468	8464	2	0.0
8557	8558	2	0.0
8516	8514	2	0.0
8605	8604	2	0.0
8469	8464	2	0.0
8517	8514	2	0.0
8435	8432	2	0.0
8557	8556	2	0.0
8606	8605	2	0.0
8467	8465	2	0.0
8516	8515	2	0.0
8434	8433	2	0.0
8559	8558	2	0.0
8607	8606	2	0.0
8468	8465	2	0.0
8518	8515	2	0.0
8435	8433	2	0.0
8559	8556	2	0.0
8469	8465	2	0.0
8608	8606	2	0.0
8517	8515	2	0.0
8435	8434	2	0.0
8559	8557	2	0.0
8467	8466	2	0.0
8436	8433	2	0.0
8518	8516	2	0.0
8608	8607	2	0.0
8561	8560	2	0.0
8468	8466	2	0.0
8517	8516	2	0.0
8436	8434	2	0.0
8609	8607	2	0.0
8469	8466	2	0.0
8517	8518	2	0.0
8562	8560	2	0.0
8436	8435	2	0.0
8610	8607	2	0.0
8468	8467	2	0.0
8519	8516	2	0.0
8438	8437	2	0.0
8562	8561	2	0.0
8469	8467	2	0.0
8611	8607	2	0.0
8519	8518	2	0.0
8439	8437	2	0.0
8563	8562	2	0.0
8469	8468	2	0.0
8609	8608	2	0.0
8519	8517	2	0.0
8440	8437	2	0.0
8564	8562	2	0.0
8470	8467	2	0.0
8520	8519	2	0.0
8610	8608	2	0.0
8564	8563	2	0.0
8470	8468	2	0.0
8522	8521	2	0.0
8611	8608	2	0.0
8470	8469	2	0.0
8566	8565	2	0.0
8523	8521	2	0.0
8471	8470	2	0.0
8610	8609	2	0.0
8567	8565	2	0.0
8523	8522	2	0.0
8568	8566	2	0.0
8611	8609	2	0.0
8524	8522	2	0.0
8567	8566	2	0.0
8525	8522	2	0.0
8611	8610	2	0.0
8526	8522	2	0.0
8567	8568	2	0.0
8612	8609	2	0.0
8569	8568	2	0.0
8613	8609	2	0.0
8569	8567	2	0.0
8614	8609	2	0.0
8571	8570	2	0.0
8572	8570	2	0.0
8612	8610	2	0.0
8573	8570	2	0.0
8613	8610	2	0.0
8572	8571	2	0.0
8614	8610	2	0.0
8573	8571	2	0.0
8612	8611	2	0.0
8573	8572	2	0.0
8613	8611	2	0.0
8574	8572	2	0.0
8575	8572	2	0.0
8614	8611	2	0.0
8576	8572	2	0.0
8613	8612	2	0.0
8574	8573	2	0.0
8614	8612	2	0.0
8614	8613	2	0.0
8615	8612	2	0.0
8616	8612	2	0.0
8617	8612	2	0.0
8615	8613	2	0.0
8616	8613	2	0.0
8617	8613	2	0.0
8615	8614	2	0.0
8616	8614	2	0.0
8617	8614	2	0.0
8616	8615	2	0.0
8617	8615	2	0.0
8617	8616	2	0.0
8619	8618	2	0.0
8620	8618	2	0.0
8620	8619	2	0.0
8244	8249	0	0.0
8263	8266	0	0.0
8244	8250	0	0.0
8244	8251	0	0.0
8272	8279	0	0.0
8272	8280	0	0.0
8272	8281	0	0.0
8272	8282	0	0.0
8269	8279	0	0.0
8269	8280	0	0.0
8275	8286	0	0.0
8269	8281	0	0.0
8269	8282	0	0.0
8274	8283	0	0.0
8274	8284	0	0.0
8274	8285	0	0.0
8278	8286	0	0.0
8270	8279	0	0.0
8270	8280	0	0.0
8270	8281	0	0.0
8270	8282	0	0.0
8281	8287	0	0.0
8273	8283	0	0.0
8273	8284	0	0.0
8281	8288	0	0.0
8273	8285	0	0.0
8271	8279	0	0.0
8271	8280	0	0.0
8271	8281	0	0.0
8271	8282	0	0.0
8276	8286	0	0.0
8289	8296	0	0.0
8289	8297	0	0.0
8289	8298	0	0.0
8296	8303	0	0.0
8279	8287	0	0.0
8363	8370	0	0.0
8279	8288	0	0.0
8368	8374	0	0.0
8252	8257	0	0.0
8363	8371	0	0.0
8290	8296	0	0.0
8374	8382	0	0.0
8297	8303	0	0.0
8290	8297	0	0.0
8290	8298	0	0.0
8374	8383	0	0.0
8282	8287	0	0.0
8376	8384	0	0.0
8282	8288	0	0.0
8376	8385	0	0.0
8376	8386	0	0.0
8291	8296	0	0.0
8277	8286	0	0.0
8291	8297	0	0.0
8377	8384	0	0.0
8291	8298	0	0.0
8377	8385	0	0.0
8369	8374	0	0.0
8377	8386	0	0.0
8298	8303	0	0.0
8397	8403	0	0.0
8410	8417	0	0.0
8292	8296	0	0.0
8292	8297	0	0.0
8280	8287	0	0.0
8410	8415	0	0.0
8292	8298	0	0.0
8280	8288	0	0.0
8381	8387	0	0.0
8332	8336	0	0.0
8410	8416	0	0.0
8441	8445	0	0.0
8446	8457	0	0.0
8427	8431	0	0.0
8332	8337	0	0.0
8332	8338	0	0.0
8427	8432	0	0.0
8398	8404	0	0.0
8333	8336	0	0.0
8451	8458	0	0.0
8451	8459	0	0.0
8333	8337	0	0.0
8446	8456	0	0.0
8370	8375	0	0.0
8451	8460	0	0.0
8333	8338	0	0.0
8442	8446	0	0.0
8299	8304	0	0.0
8370	8376	0	0.0
8442	8447	0	0.0
8370	8377	0	0.0
8378	8384	0	0.0
8442	8448	0	0.0
8412	8415	0	0.0
8370	8378	0	0.0
8378	8385	0	0.0
8412	8416	0	0.0
8378	8386	0	0.0
8334	8339	0	0.0
8412	8417	0	0.0
8452	8458	0	0.0
8293	8299	0	0.0
8452	8459	0	0.0
8428	8433	0	0.0
8364	8372	0	0.0
8293	8300	0	0.0
8452	8460	0	0.0
8485	8490	0	0.0
8496	8503	0	0.0
8364	8373	0	0.0
8485	8491	0	0.0
8428	8434	0	0.0
8496	8504	0	0.0
8505	8509	0	0.0
8468	8472	0	0.0
8428	8435	0	0.0
8399	8404	0	0.0
8513	8519	0	0.0
8300	8304	0	0.0
8506	8510	0	0.0
8371	8375	0	0.0
8294	8299	0	0.0
8496	8502	0	0.0
8371	8376	0	0.0
8443	8449	0	0.0
8429	8433	0	0.0
8486	8490	0	0.0
8523	8528	0	0.0
8447	8456	0	0.0
8294	8300	0	0.0
8463	8471	0	0.0
8486	8491	0	0.0
8365	8372	0	0.0
8371	8377	0	0.0
8429	8434	0	0.0
8443	8450	0	0.0
8447	8457	0	0.0
8523	8529	0	0.0
8371	8378	0	0.0
8365	8373	0	0.0
8375	8384	0	0.0
8443	8451	0	0.0
8429	8435	0	0.0
8469	8472	0	0.0
8523	8530	0	0.0
8375	8385	0	0.0
8443	8452	0	0.0
8514	8520	0	0.0
8375	8386	0	0.0
8507	8511	0	0.0
8570	8577	0	0.0
8343	8348	0	0.0
8295	8301	0	0.0
8507	8512	0	0.0
8295	8302	0	0.0
8507	8513	0	0.0
8449	8458	0	0.0
8528	8537	0	0.0
8444	8449	0	0.0
8581	8586	0	0.0
8571	8577	0	0.0
8366	8372	0	0.0
8449	8459	0	0.0
8444	8450	0	0.0
8470	8473	0	0.0
8430	8436	0	0.0
8581	8587	0	0.0
8366	8373	0	0.0
8444	8451	0	0.0
8508	8511	0	0.0
8449	8460	0	0.0
8470	8474	0	0.0
8487	8492	0	0.0
8444	8452	0	0.0
8508	8512	0	0.0
8301	8305	0	0.0
8618	8623	0	0.0
8464	8471	0	0.0
8508	8513	0	0.0
8249	8249	0	0.0
8515	8520	0	0.0
8582	8586	0	0.0
8618	8624	0	0.0
8379	8387	0	0.0
8582	8587	0	0.0
8488	8492	0	0.0
8595	8601	0	0.0
8262	8262	0	0.0
8618	8625	0	0.0
8471	8475	0	0.0
8271	8271	0	0.0
8372	8379	0	0.0
8245	8245	0	0.0
8552	8556	0	0.0
8529	8537	0	0.0
8302	8305	0	0.0
8471	8476	0	0.0
8263	8263	0	0.0
8509	8514	0	0.0
8572	8578	0	0.0
8367	8372	0	0.0
8372	8380	0	0.0
8445	8453	0	0.0
8552	8557	0	0.0
8607	8615	0	0.0
8279	8271	0	0.0
8509	8515	0	0.0
8367	8373	0	0.0
8284	8271	0	0.0
8372	8381	0	0.0
8445	8454	0	0.0
8583	8586	0	0.0
8287	8277	0	0.0
8607	8616	0	0.0
8596	8601	0	0.0
8279	8272	0	0.0
8284	8272	0	0.0
8445	8455	0	0.0
8583	8587	0	0.0
8284	8284	0	0.0
8292	8299	0	0.0
8287	8278	0	0.0
8300	8300	0	0.0
8472	8477	0	0.0
8607	8617	0	0.0
8303	8306	0	0.0
8265	8265	0	0.0
8272	8283	0	0.0
8270	8283	0	0.0
8250	8250	0	0.0
8448	8456	0	0.0
8274	8286	0	0.0
8279	8279	0	0.0
8296	8296	0	0.0
8292	8300	0	0.0
8271	8283	0	0.0
8619	8626	0	0.0
8510	8516	0	0.0
8275	8275	0	0.0
8448	8457	0	0.0
8264	8264	0	0.0
8272	8284	0	0.0
8270	8284	0	0.0
8373	8379	0	0.0
8271	8284	0	0.0
8510	8517	0	0.0
8365	8365	0	0.0
8287	8287	0	0.0
8597	8601	0	0.0
8465	8471	0	0.0
8304	8304	0	0.0
8553	8558	0	0.0
8304	8307	0	0.0
8373	8380	0	0.0
8510	8518	0	0.0
8271	8285	0	0.0
8270	8285	0	0.0
8424	8428	0	0.0
8373	8373	0	0.0
8272	8285	0	0.0
8553	8559	0	0.0
8296	8304	0	0.0
8373	8381	0	0.0
8373	8383	0	0.0
8424	8429	0	0.0
8266	8266	0	0.0
8337	8337	0	0.0
8295	8295	0	0.0
8301	8293	0	0.0
8275	8287	0	0.0
8378	8368	0	0.0
8369	8369	0	0.0
8331	8331	0	0.0
8302	8302	0	0.0
8305	8308	0	0.0
8269	8269	0	0.0
8380	8387	0	0.0
8293	8293	0	0.0
8405	8409	0	0.0
8301	8294	0	0.0
8372	8382	0	0.0
8365	8374	0	0.0
8378	8369	0	0.0
8277	8277	0	0.0
8573	8578	0	0.0
8275	8288	0	0.0
8554	8558	0	0.0
8288	8275	0	0.0
8334	8334	0	0.0
8305	8309	0	0.0
8530	8537	0	0.0
8524	8531	0	0.0
8493	8501	0	0.0
8395	8395	0	0.0
8372	8383	0	0.0
8386	8386	0	0.0
8407	8407	0	0.0
8405	8410	0	0.0
8285	8269	0	0.0
8288	8276	0	0.0
8251	8251	0	0.0
8554	8559	0	0.0
8376	8387	0	0.0
8384	8384	0	0.0
8369	8375	0	0.0
8302	8306	0	0.0
8524	8532	0	0.0
8428	8436	0	0.0
8276	8276	0	0.0
8376	8368	0	0.0
8620	8626	0	0.0
8325	8325	0	0.0
8285	8270	0	0.0
8407	8411	0	0.0
8288	8277	0	0.0
8438	8444	0	0.0
8369	8376	0	0.0
8382	8372	0	0.0
8494	8501	0	0.0
8393	8393	0	0.0
8432	8425	0	0.0
8376	8369	0	0.0
8306	8310	0	0.0
8414	8408	0	0.0
8246	8246	0	0.0
8452	8442	0	0.0
8524	8533	0	0.0
8288	8278	0	0.0
8277	8287	0	0.0
8591	8598	0	0.0
8301	8301	0	0.0
8304	8296	0	0.0
8369	8377	0	0.0
8285	8271	0	0.0
8407	8412	0	0.0
8393	8396	0	0.0
8379	8379	0	0.0
8432	8426	0	0.0
8425	8430	0	0.0
8370	8370	0	0.0
8382	8373	0	0.0
8461	8470	0	0.0
8274	8274	0	0.0
8278	8278	0	0.0
8495	8501	0	0.0
8598	8602	0	0.0
8277	8288	0	0.0
8444	8444	0	0.0
8395	8390	0	0.0
8369	8378	0	0.0
8293	8301	0	0.0
8407	8413	0	0.0
8285	8272	0	0.0
8304	8297	0	0.0
8382	8382	0	0.0
8458	8446	0	0.0
8270	8270	0	0.0
8598	8603	0	0.0
8414	8414	0	0.0
8283	8269	0	0.0
8372	8363	0	0.0
8466	8471	0	0.0
8293	8302	0	0.0
8278	8287	0	0.0
8407	8414	0	0.0
8330	8330	0	0.0
8426	8430	0	0.0
8385	8374	0	0.0
8441	8441	0	0.0
8376	8376	0	0.0
8338	8338	0	0.0
8378	8378	0	0.0
8304	8298	0	0.0
8283	8270	0	0.0
8598	8604	0	0.0
8458	8447	0	0.0
8386	8375	0	0.0
8288	8288	0	0.0
8432	8432	0	0.0
8558	8553	0	0.0
8592	8598	0	0.0
8278	8288	0	0.0
8374	8374	0	0.0
8410	8406	0	0.0
8394	8394	0	0.0
8335	8335	0	0.0
8439	8439	0	0.0
8386	8376	0	0.0
8413	8413	0	0.0
8283	8271	0	0.0
8428	8428	0	0.0
8458	8448	0	0.0
8457	8445	0	0.0
8269	8283	0	0.0
8525	8531	0	0.0
8372	8372	0	0.0
8474	8474	0	0.0
8495	8495	0	0.0
8558	8554	0	0.0
8302	8293	0	0.0
8459	8459	0	0.0
8396	8390	0	0.0
8486	8486	0	0.0
8450	8458	0	0.0
8599	8602	0	0.0
8493	8502	0	0.0
8386	8377	0	0.0
8283	8272	0	0.0
8339	8332	0	0.0
8272	8272	0	0.0
8470	8470	0	0.0
8416	8408	0	0.0
8472	8472	0	0.0
8302	8294	0	0.0
8525	8532	0	0.0
8269	8284	0	0.0
8510	8510	0	0.0
8439	8443	0	0.0
8512	8519	0	0.0
8484	8484	0	0.0
8520	8514	0	0.0
8444	8453	0	0.0
8599	8603	0	0.0
8493	8503	0	0.0
8386	8378	0	0.0
8450	8459	0	0.0
8339	8333	0	0.0
8396	8396	0	0.0
8287	8275	0	0.0
8526	8536	0	0.0
8525	8533	0	0.0
8512	8520	0	0.0
8484	8489	0	0.0
8454	8454	0	0.0
8269	8285	0	0.0
8599	8604	0	0.0
8608	8615	0	0.0
8439	8444	0	0.0
8444	8454	0	0.0
8493	8504	0	0.0
8303	8303	0	0.0
8528	8528	0	0.0
8408	8414	0	0.0
8385	8385	0	0.0
8450	8460	0	0.0
8287	8276	0	0.0
8475	8470	0	0.0
8374	8384	0	0.0
8484	8490	0	0.0
8464	8464	0	0.0
8530	8521	0	0.0
8518	8509	0	0.0
8495	8502	0	0.0
8390	8395	0	0.0
8397	8397	0	0.0
8410	8410	0	0.0
8520	8520	0	0.0
8439	8445	0	0.0
8500	8500	0	0.0
8444	8455	0	0.0
8452	8452	0	0.0
8608	8616	0	0.0
8458	8458	0	0.0
8374	8385	0	0.0
8504	8504	0	0.0
8484	8491	0	0.0
8495	8503	0	0.0
8416	8416	0	0.0
8455	8455	0	0.0
8408	8408	0	0.0
8521	8521	0	0.0
8447	8447	0	0.0
8448	8441	0	0.0
8536	8536	0	0.0
8503	8493	0	0.0
8437	8442	0	0.0
8524	8534	0	0.0
8564	8564	0	0.0
8521	8527	0	0.0
8431	8425	0	0.0
8536	8524	0	0.0
8446	8446	0	0.0
8374	8386	0	0.0
8511	8519	0	0.0
8608	8617	0	0.0
8478	8483	0	0.0
8577	8577	0	0.0
8495	8504	0	0.0
8488	8482	0	0.0
8303	8307	0	0.0
8510	8519	0	0.0
8462	8470	0	0.0
8460	8446	0	0.0
8453	8453	0	0.0
8531	8531	0	0.0
8593	8599	0	0.0
8503	8494	0	0.0
8524	8535	0	0.0
8591	8591	0	0.0
8498	8498	0	0.0
8283	8283	0	0.0
8600	8605	0	0.0
8526	8531	0	0.0
8431	8426	0	0.0
8475	8475	0	0.0
8536	8525	0	0.0
8397	8404	0	0.0
8379	8370	0	0.0
8377	8368	0	0.0
8442	8442	0	0.0
8464	8472	0	0.0
8544	8544	0	0.0
8371	8371	0	0.0
8514	8507	0	0.0
8339	8339	0	0.0
8305	8299	0	0.0
8593	8600	0	0.0
8457	8457	0	0.0
8524	8536	0	0.0
8285	8285	0	0.0
8460	8447	0	0.0
8518	8518	0	0.0
8387	8375	0	0.0
8521	8528	0	0.0
8536	8526	0	0.0
8497	8497	0	0.0
8377	8369	0	0.0
8408	8415	0	0.0
8538	8542	0	0.0
8379	8371	0	0.0
8503	8495	0	0.0
8561	8561	0	0.0
8386	8374	0	0.0
8297	8297	0	0.0
8530	8530	0	0.0
8514	8508	0	0.0
8526	8532	0	0.0
8417	8408	0	0.0
8343	8343	0	0.0
8459	8446	0	0.0
8387	8376	0	0.0
8305	8300	0	0.0
8438	8442	0	0.0
8460	8448	0	0.0
8521	8529	0	0.0
8431	8431	0	0.0
8537	8527	0	0.0
8447	8458	0	0.0
8502	8493	0	0.0
8541	8541	0	0.0
8538	8543	0	0.0
8408	8416	0	0.0
8601	8606	0	0.0
8392	8396	0	0.0
8527	8527	0	0.0
8280	8280	0	0.0
8591	8599	0	0.0
8476	8470	0	0.0
8526	8533	0	0.0
8387	8377	0	0.0
8440	8440	0	0.0
8448	8448	0	0.0
8459	8447	0	0.0
8488	8488	0	0.0
8600	8600	0	0.0
8450	8450	0	0.0
8521	8530	0	0.0
8541	8546	0	0.0
8502	8494	0	0.0
8493	8493	0	0.0
8447	8459	0	0.0
8366	8366	0	0.0
8408	8417	0	0.0
8297	8304	0	0.0
8409	8415	0	0.0
8373	8363	0	0.0
8527	8534	0	0.0
8446	8458	0	0.0
8326	8326	0	0.0
8400	8400	0	0.0
8591	8600	0	0.0
8440	8443	0	0.0
8387	8378	0	0.0
8563	8563	0	0.0
8513	8513	0	0.0
8459	8448	0	0.0
8522	8528	0	0.0
8429	8429	0	0.0
8545	8538	0	0.0
8502	8495	0	0.0
8573	8573	0	0.0
8503	8503	0	0.0
8604	8604	0	0.0
8305	8305	0	0.0
8447	8460	0	0.0
8527	8535	0	0.0
8383	8372	0	0.0
8411	8405	0	0.0
8409	8416	0	0.0
8391	8396	0	0.0
8440	8444	0	0.0
8446	8459	0	0.0
8377	8377	0	0.0
8539	8544	0	0.0
8596	8596	0	0.0
8522	8529	0	0.0
8345	8345	0	0.0
8417	8417	0	0.0
8514	8514	0	0.0
8601	8601	0	0.0
8527	8536	0	0.0
8455	8443	0	0.0
8476	8476	0	0.0
8380	8380	0	0.0
8383	8373	0	0.0
8276	8287	0	0.0
8479	8484	0	0.0
8409	8417	0	0.0
8579	8585	0	0.0
8524	8524	0	0.0
8513	8520	0	0.0
8537	8537	0	0.0
8366	8374	0	0.0
8522	8530	0	0.0
8446	8460	0	0.0
8527	8537	0	0.0
8440	8445	0	0.0
8502	8502	0	0.0
8539	8545	0	0.0
8525	8525	0	0.0
8455	8444	0	0.0
8276	8288	0	0.0
8387	8387	0	0.0
8467	8472	0	0.0
8487	8482	0	0.0
8460	8460	0	0.0
8531	8522	0	0.0
8453	8443	0	0.0
8473	8473	0	0.0
8429	8436	0	0.0
8516	8509	0	0.0
8284	8269	0	0.0
8384	8374	0	0.0
8614	8614	0	0.0
8545	8545	0	0.0
8532	8532	0	0.0
8304	8308	0	0.0
8286	8273	0	0.0
8601	8607	0	0.0
8456	8445	0	0.0
8480	8484	0	0.0
8252	8252	0	0.0
8411	8411	0	0.0
8599	8591	0	0.0
8531	8523	0	0.0
8415	8408	0	0.0
8476	8471	0	0.0
8461	8461	0	0.0
8284	8270	0	0.0
8453	8444	0	0.0
8529	8529	0	0.0
8542	8542	0	0.0
8601	8608	0	0.0
8504	8493	0	0.0
8304	8309	0	0.0
8286	8274	0	0.0
8609	8609	0	0.0
8580	8585	0	0.0
8611	8611	0	0.0
8465	8465	0	0.0
8256	8256	0	0.0
8599	8592	0	0.0
8383	8383	0	0.0
8546	8539	0	0.0
8602	8607	0	0.0
8605	8598	0	0.0
8286	8277	0	0.0
8461	8471	0	0.0
8504	8494	0	0.0
8306	8301	0	0.0
8574	8574	0	0.0
8617	8606	0	0.0
8487	8487	0	0.0
8516	8516	0	0.0
8615	8606	0	0.0
8415	8415	0	0.0
8481	8484	0	0.0
8602	8608	0	0.0
8534	8524	0	0.0
8605	8599	0	0.0
8525	8534	0	0.0
8485	8485	0	0.0
8578	8570	0	0.0
8515	8507	0	0.0
8504	8495	0	0.0
8306	8302	0	0.0
8499	8499	0	0.0
8610	8610	0	0.0
8525	8535	0	0.0
8565	8565	0	0.0
8599	8599	0	0.0
8534	8525	0	0.0
8465	8472	0	0.0
8418	8418	0	0.0
8346	8346	0	0.0
8412	8405	0	0.0
8594	8599	0	0.0
8578	8571	0	0.0
8370	8379	0	0.0
8515	8508	0	0.0
8603	8607	0	0.0
8525	8536	0	0.0
8401	8401	0	0.0
8534	8526	0	0.0
8546	8546	0	0.0
8441	8446	0	0.0
8606	8606	0	0.0
8380	8370	0	0.0
8594	8600	0	0.0
8254	8254	0	0.0
8456	8456	0	0.0
8370	8380	0	0.0
8477	8471	0	0.0
8528	8521	0	0.0
8603	8608	0	0.0
8286	8286	0	0.0
8446	8441	0	0.0
8533	8533	0	0.0
8273	8273	0	0.0
8380	8371	0	0.0
8606	8612	0	0.0
8306	8306	0	0.0
8540	8546	0	0.0
8441	8447	0	0.0
8578	8578	0	0.0
8615	8615	0	0.0
8370	8381	0	0.0
8543	8543	0	0.0
8568	8568	0	0.0
8327	8327	0	0.0
8374	8364	0	0.0
8485	8492	0	0.0
8606	8613	0	0.0
8441	8448	0	0.0
8617	8617	0	0.0
8604	8607	0	0.0
8422	8422	0	0.0
8605	8605	0	0.0
8482	8485	0	0.0
8537	8528	0	0.0
8467	8467	0	0.0
8546	8541	0	0.0
8575	8575	0	0.0
8477	8477	0	0.0
8374	8365	0	0.0
8517	8509	0	0.0
8489	8483	0	0.0
8616	8606	0	0.0
8298	8298	0	0.0
8618	8618	0	0.0
8604	8608	0	0.0
8606	8614	0	0.0
8534	8534	0	0.0
8443	8437	0	0.0
8515	8515	0	0.0
8374	8366	0	0.0
8602	8602	0	0.0
8412	8412	0	0.0
8482	8486	0	0.0
8596	8602	0	0.0
8273	8286	0	0.0
8281	8281	0	0.0
8505	8505	0	0.0
8374	8367	0	0.0
8255	8255	0	0.0
8511	8511	0	0.0
8606	8615	0	0.0
8443	8438	0	0.0
8532	8522	0	0.0
8596	8603	0	0.0
8253	8253	0	0.0
8294	8294	0	0.0
8532	8523	0	0.0
8547	8547	0	0.0
8387	8379	0	0.0
8305	8310	0	0.0
8489	8489	0	0.0
8606	8616	0	0.0
8347	8347	0	0.0
8483	8487	0	0.0
8597	8597	0	0.0
8596	8604	0	0.0
8517	8517	0	0.0
8505	8510	0	0.0
8289	8289	0	0.0
8387	8380	0	0.0
8618	8626	0	0.0
8377	8387	0	0.0
8511	8520	0	0.0
8569	8569	0	0.0
8605	8609	0	0.0
8244	8244	0	0.0
8443	8443	0	0.0
8483	8488	0	0.0
8344	8344	0	0.0
8307	8303	0	0.0
8606	8617	0	0.0
8538	8538	0	0.0
8535	8524	0	0.0
8600	8591	0	0.0
8387	8381	0	0.0
8423	8423	0	0.0
8602	8609	0	0.0
8605	8610	0	0.0
8616	8616	0	0.0
8551	8551	0	0.0
8535	8525	0	0.0
8611	8602	0	0.0
8466	8466	0	0.0
8424	8424	0	0.0
8592	8592	0	0.0
8605	8611	0	0.0
8507	8507	0	0.0
8257	8257	0	0.0
8600	8592	0	0.0
8602	8610	0	0.0
8367	8367	0	0.0
8448	8458	0	0.0
8478	8478	0	0.0
8373	8382	0	0.0
8535	8526	0	0.0
8430	8430	0	0.0
8576	8576	0	0.0
8566	8566	0	0.0
8298	8304	0	0.0
8494	8494	0	0.0
8621	8621	0	0.0
8258	8258	0	0.0
8402	8402	0	0.0
8307	8307	0	0.0
8538	8544	0	0.0
8611	8603	0	0.0
8548	8548	0	0.0
8294	8301	0	0.0
8454	8443	0	0.0
8289	8299	0	0.0
8448	8459	0	0.0
8602	8611	0	0.0
8526	8526	0	0.0
8538	8545	0	0.0
8398	8398	0	0.0
8478	8484	0	0.0
8294	8302	0	0.0
8375	8368	0	0.0
8611	8604	0	0.0
8454	8444	0	0.0
8466	8472	0	0.0
8289	8300	0	0.0
8413	8405	0	0.0
8522	8522	0	0.0
8592	8599	0	0.0
8529	8521	0	0.0
8486	8492	0	0.0
8390	8390	0	0.0
8261	8261	0	0.0
8433	8427	0	0.0
8494	8502	0	0.0
8332	8332	0	0.0
8424	8430	0	0.0
8367	8374	0	0.0
8606	8600	0	0.0
8448	8460	0	0.0
8375	8369	0	0.0
8348	8348	0	0.0
8540	8540	0	0.0
8494	8503	0	0.0
8592	8600	0	0.0
8381	8370	0	0.0
8552	8552	0	0.0
8494	8504	0	0.0
8359	8359	0	0.0
8392	8392	0	0.0
8381	8371	0	0.0
8468	8468	0	0.0
8535	8535	0	0.0
8371	8379	0	0.0
8375	8375	0	0.0
8308	8304	0	0.0
8579	8579	0	0.0
8433	8433	0	0.0
8371	8380	0	0.0
8371	8381	0	0.0
8508	8508	0	0.0
8570	8570	0	0.0
8522	8531	0	0.0
8447	8441	0	0.0
8595	8595	0	0.0
8552	8558	0	0.0
8482	8482	0	0.0
8362	8362	0	0.0
8506	8506	0	0.0
8444	8437	0	0.0
8579	8586	0	0.0
8381	8381	0	0.0
8522	8532	0	0.0
8427	8427	0	0.0
8552	8559	0	0.0
8533	8522	0	0.0
8332	8339	0	0.0
8479	8479	0	0.0
8363	8363	0	0.0
8579	8587	0	0.0
8444	8438	0	0.0
8425	8425	0	0.0
8290	8290	0	0.0
8622	8622	0	0.0
8533	8523	0	0.0
8522	8533	0	0.0
8607	8607	0	0.0
8259	8259	0	0.0
8248	8248	0	0.0
8308	8308	0	0.0
8451	8451	0	0.0
8496	8496	0	0.0
8506	8511	0	0.0
8603	8603	0	0.0
8619	8619	0	0.0
8570	8578	0	0.0
8409	8409	0	0.0
8434	8427	0	0.0
8506	8512	0	0.0
8555	8555	0	0.0
8403	8403	0	0.0
8333	8333	0	0.0
8479	8485	0	0.0
8553	8553	0	0.0
8506	8513	0	0.0
8425	8431	0	0.0
8445	8445	0	0.0
8490	8484	0	0.0
8584	8584	0	0.0
8479	8486	0	0.0
8363	8372	0	0.0
8425	8432	0	0.0
8603	8609	0	0.0
8399	8399	0	0.0
8309	8304	0	0.0
8290	8299	0	0.0
8539	8539	0	0.0
8282	8282	0	0.0
8363	8373	0	0.0
8467	8473	0	0.0
8434	8434	0	0.0
8623	8623	0	0.0
8603	8610	0	0.0
8523	8523	0	0.0
8580	8580	0	0.0
8333	8339	0	0.0
8290	8300	0	0.0
8518	8510	0	0.0
8612	8605	0	0.0
8490	8490	0	0.0
8556	8556	0	0.0
8467	8474	0	0.0
8414	8407	0	0.0
8483	8483	0	0.0
8603	8611	0	0.0
8509	8509	0	0.0
8390	8396	0	0.0
8580	8586	0	0.0
8501	8501	0	0.0
8299	8299	0	0.0
8471	8461	0	0.0
8539	8546	0	0.0
8580	8587	0	0.0
8435	8427	0	0.0
8309	8309	0	0.0
8480	8480	0	0.0
8442	8449	0	0.0
8471	8462	0	0.0
8523	8531	0	0.0
8368	8368	0	0.0
8533	8524	0	0.0
8375	8387	0	0.0
8442	8450	0	0.0
8523	8532	0	0.0
8445	8456	0	0.0
8247	8247	0	0.0
8299	8305	0	0.0
8491	8484	0	0.0
8480	8485	0	0.0
8533	8525	0	0.0
8442	8451	0	0.0
8523	8533	0	0.0
8612	8612	0	0.0
8336	8336	0	0.0
8445	8457	0	0.0
8303	8295	0	0.0
8469	8469	0	0.0
8557	8557	0	0.0
8310	8305	0	0.0
8480	8486	0	0.0
8368	8375	0	0.0
8533	8526	0	0.0
8391	8391	0	0.0
8442	8452	0	0.0
8624	8624	0	0.0
8291	8291	0	0.0
8519	8510	0	0.0
8368	8376	0	0.0
8449	8442	0	0.0
8471	8471	0	0.0
8507	8514	0	0.0
8581	8581	0	0.0
8435	8435	0	0.0
8554	8554	0	0.0
8368	8377	0	0.0
8445	8439	0	0.0
8462	8462	0	0.0
8368	8378	0	0.0
8597	8602	0	0.0
8507	8515	0	0.0
8491	8491	0	0.0
8445	8440	0	0.0
8597	8603	0	0.0
8310	8310	0	0.0
8436	8428	0	0.0
8510	8505	0	0.0
8404	8397	0	0.0
8436	8429	0	0.0
8512	8512	0	0.0
8481	8481	0	0.0
8291	8299	0	0.0
8597	8604	0	0.0
8519	8519	0	0.0
8426	8426	0	0.0
8462	8471	0	0.0
8604	8609	0	0.0
8291	8300	0	0.0
8300	8305	0	0.0
8449	8449	0	0.0
8468	8473	0	0.0
8481	8485	0	0.0
8604	8610	0	0.0
8526	8534	0	0.0
8585	8585	0	0.0
8426	8431	0	0.0
8468	8474	0	0.0
8481	8486	0	0.0
8613	8605	0	0.0
8404	8404	0	0.0
8604	8611	0	0.0
8526	8535	0	0.0
8625	8625	0	0.0
8310	8306	0	0.0
8426	8432	0	0.0
8582	8582	0	0.0
8436	8436	0	0.0
8620	8620	0	0.0
8544	8538	0	0.0
8593	8593	0	0.0
8323	8323	0	0.0
8558	8552	0	0.0
8598	8598	0	0.0
8292	8292	0	0.0
8301	8306	0	0.0
8558	8558	0	0.0
8482	8487	0	0.0
8508	8514	0	0.0
8364	8364	0	0.0
8295	8303	0	0.0
8613	8613	0	0.0
8482	8488	0	0.0
8593	8601	0	0.0
8508	8515	0	0.0
8416	8412	0	0.0
8443	8453	0	0.0
8520	8511	0	0.0
8559	8552	0	0.0
8299	8289	0	0.0
8484	8478	0	0.0
8520	8512	0	0.0
8443	8454	0	0.0
8299	8290	0	0.0
8520	8513	0	0.0
8378	8387	0	0.0
8583	8583	0	0.0
8598	8605	0	0.0
8299	8291	0	0.0
8443	8455	0	0.0
8469	8473	0	0.0
8437	8437	0	0.0
8450	8442	0	0.0
8559	8559	0	0.0
8605	8612	0	0.0
8601	8593	0	0.0
8469	8474	0	0.0
8560	8560	0	0.0
8299	8292	0	0.0
8605	8613	0	0.0
8601	8594	0	0.0
8437	8443	0	0.0
8364	8374	0	0.0
8614	8605	0	0.0
8605	8614	0	0.0
8492	8485	0	0.0
8437	8444	0	0.0
8571	8571	0	0.0
8483	8489	0	0.0
8608	8601	0	0.0
8417	8412	0	0.0
8427	8433	0	0.0
8594	8594	0	0.0
8485	8479	0	0.0
8427	8434	0	0.0
8492	8486	0	0.0
8586	8579	0	0.0
8485	8480	0	0.0
8427	8435	0	0.0
8509	8516	0	0.0
8485	8481	0	0.0
8586	8580	0	0.0
8430	8424	0	0.0
8571	8578	0	0.0
8509	8517	0	0.0
8405	8405	0	0.0
8608	8608	0	0.0
8594	8601	0	0.0
8586	8586	0	0.0
8543	8538	0	0.0
8438	8438	0	0.0
8492	8492	0	0.0
8509	8518	0	0.0
8279	8269	0	0.0
8512	8506	0	0.0
8438	8443	0	0.0
8587	8579	0	0.0
8470	8475	0	0.0
8279	8270	0	0.0
8587	8580	0	0.0
8599	8605	0	0.0
8405	8411	0	0.0
8470	8476	0	0.0
8626	8618	0	0.0
8601	8595	0	0.0
8405	8412	0	0.0
8486	8479	0	0.0
8415	8412	0	0.0
8300	8289	0	0.0
8472	8463	0	0.0
8601	8596	0	0.0
8405	8413	0	0.0
8587	8587	0	0.0
8486	8480	0	0.0
8300	8290	0	0.0
8472	8464	0	0.0
8626	8626	0	0.0
8486	8481	0	0.0
8472	8465	0	0.0
8601	8597	0	0.0
8408	8406	0	0.0
8300	8291	0	0.0
8472	8466	0	0.0
8300	8292	0	0.0
8324	8324	0	0.0
8451	8442	0	0.0
8607	8601	0	0.0
8406	8406	0	0.0
8406	8408	0	0.0
8600	8606	0	0.0
8513	8506	0	0.0
8406	8409	0	0.0
8602	8595	0	0.0
8471	8477	0	0.0
8406	8410	0	0.0
8602	8596	0	0.0
8595	8602	0	0.0
8473	8467	0	0.0
8602	8597	0	0.0
8595	8603	0	0.0
8463	8463	0	0.0
8473	8468	0	0.0
8595	8604	0	0.0
8473	8469	0	0.0
8463	8472	0	0.0
8572	8572	0	0.0
8409	8406	0	0.0
8603	8595	0	0.0
8609	8602	0	0.0
8603	8596	0	0.0
8511	8506	0	0.0
8474	8467	0	0.0
8609	8603	0	0.0
8603	8597	0	0.0
8474	8468	0	0.0
8609	8604	0	0.0
8474	8469	0	0.0
8604	8595	0	0.0
8604	8596	0	0.0
8604	8597	0	0.0
8610	8602	0	0.0
8610	8603	0	0.0
8610	8604	0	0.0
8244	8249	2	0.0
8244	8250	2	0.0
8244	8251	2	0.0
8263	8266	2	0.0
8272	8279	2	0.0
8272	8280	2	0.0
8272	8281	2	0.0
8272	8282	2	0.0
8275	8286	2	0.0
8269	8279	2	0.0
8269	8280	2	0.0
8274	8283	2	0.0
8269	8281	2	0.0
8274	8284	2	0.0
8269	8282	2	0.0
8274	8285	2	0.0
8278	8286	2	0.0
8273	8283	2	0.0
8281	8287	2	0.0
8273	8284	2	0.0
8273	8285	2	0.0
8281	8288	2	0.0
8252	8257	2	0.0
8270	8279	2	0.0
8270	8280	2	0.0
8276	8286	2	0.0
8270	8281	2	0.0
8289	8296	2	0.0
8270	8282	2	0.0
8289	8297	2	0.0
8289	8298	2	0.0
8279	8287	2	0.0
8279	8288	2	0.0
8296	8303	2	0.0
8271	8279	2	0.0
8290	8296	2	0.0
8271	8280	2	0.0
8282	8287	2	0.0
8290	8297	2	0.0
8271	8281	2	0.0
8282	8288	2	0.0
8271	8282	2	0.0
8277	8286	2	0.0
8290	8298	2	0.0
8297	8303	2	0.0
8363	8370	2	0.0
8363	8371	2	0.0
8368	8374	2	0.0
8298	8303	2	0.0
8291	8296	2	0.0
8374	8382	2	0.0
8291	8297	2	0.0
8376	8384	2	0.0
8374	8383	2	0.0
8291	8298	2	0.0
8376	8385	2	0.0
8280	8287	2	0.0
8376	8386	2	0.0
8280	8288	2	0.0
8299	8304	2	0.0
8377	8384	2	0.0
8377	8385	2	0.0
8369	8374	2	0.0
8397	8403	2	0.0
8292	8296	2	0.0
8377	8386	2	0.0
8292	8297	2	0.0
8381	8387	2	0.0
8410	8417	2	0.0
8292	8298	2	0.0
8300	8304	2	0.0
8364	8372	2	0.0
8398	8404	2	0.0
8364	8373	2	0.0
8332	8336	2	0.0
8410	8415	2	0.0
8332	8337	2	0.0
8410	8416	2	0.0
8427	8431	2	0.0
8332	8338	2	0.0
8441	8445	2	0.0
8370	8375	2	0.0
8427	8432	2	0.0
8333	8336	2	0.0
8370	8376	2	0.0
8446	8457	2	0.0
8365	8372	2	0.0
8370	8377	2	0.0
8333	8337	2	0.0
8301	8305	2	0.0
8365	8373	2	0.0
8370	8378	2	0.0
8378	8384	2	0.0
8442	8446	2	0.0
8428	8433	2	0.0
8333	8338	2	0.0
8399	8404	2	0.0
8378	8385	2	0.0
8412	8415	2	0.0
8428	8434	2	0.0
8442	8447	2	0.0
8446	8456	2	0.0
8428	8435	2	0.0
8378	8386	2	0.0
8412	8416	2	0.0
8302	8305	2	0.0
8442	8448	2	0.0
8412	8417	2	0.0
8451	8458	2	0.0
8429	8433	2	0.0
8366	8372	2	0.0
8334	8339	2	0.0
8429	8434	2	0.0
8303	8306	2	0.0
8366	8373	2	0.0
8293	8299	2	0.0
8451	8459	2	0.0
8429	8435	2	0.0
8451	8460	2	0.0
8293	8300	2	0.0
8304	8307	2	0.0
8430	8436	2	0.0
8371	8375	2	0.0
8305	8308	2	0.0
8375	8384	2	0.0
8371	8376	2	0.0
8305	8309	2	0.0
8367	8372	2	0.0
8449	8458	2	0.0
8371	8377	2	0.0
8367	8373	2	0.0
8449	8459	2	0.0
8375	8385	2	0.0
8443	8449	2	0.0
8371	8378	2	0.0
8449	8460	2	0.0
8306	8310	2	0.0
8485	8490	2	0.0
8375	8386	2	0.0
8443	8450	2	0.0
8447	8456	2	0.0
8485	8491	2	0.0
8496	8503	2	0.0
8452	8458	2	0.0
8294	8299	2	0.0
8468	8472	2	0.0
8447	8457	2	0.0
8443	8451	2	0.0
8496	8504	2	0.0
8463	8471	2	0.0
8452	8459	2	0.0
8443	8452	2	0.0
8294	8300	2	0.0
8452	8460	2	0.0
8505	8509	2	0.0
8343	8348	2	0.0
8513	8519	2	0.0
8486	8490	2	0.0
8405	8409	2	0.0
8486	8491	2	0.0
8496	8502	2	0.0
8506	8510	2	0.0
8444	8449	2	0.0
8523	8528	2	0.0
8469	8472	2	0.0
8405	8410	2	0.0
8444	8450	2	0.0
8523	8529	2	0.0
8444	8451	2	0.0
8372	8379	2	0.0
8379	8387	2	0.0
8295	8301	2	0.0
8523	8530	2	0.0
8372	8380	2	0.0
8444	8452	2	0.0
8407	8411	2	0.0
8372	8381	2	0.0
8295	8302	2	0.0
8514	8520	2	0.0
8470	8473	2	0.0
8407	8412	2	0.0
8507	8511	2	0.0
8470	8474	2	0.0
8407	8413	2	0.0
8464	8471	2	0.0
8507	8512	2	0.0
8528	8537	2	0.0
8373	8379	2	0.0
8487	8492	2	0.0
8390	8395	2	0.0
8507	8513	2	0.0
8373	8380	2	0.0
8570	8577	2	0.0
8471	8475	2	0.0
8445	8453	2	0.0
8373	8381	2	0.0
8471	8476	2	0.0
8408	8414	2	0.0
8445	8454	2	0.0
8508	8511	2	0.0
8488	8492	2	0.0
8445	8455	2	0.0
8571	8577	2	0.0
8508	8512	2	0.0
8437	8442	2	0.0
8581	8586	2	0.0
8424	8428	2	0.0
8472	8477	2	0.0
8448	8456	2	0.0
8508	8513	2	0.0
8424	8429	2	0.0
8515	8520	2	0.0
8581	8587	2	0.0
8448	8457	2	0.0
8450	8458	2	0.0
8438	8442	2	0.0
8450	8459	2	0.0
8392	8396	2	0.0
8450	8460	2	0.0
8465	8471	2	0.0
8595	8601	2	0.0
8582	8586	2	0.0
8529	8537	2	0.0
8509	8514	2	0.0
8391	8396	2	0.0
8582	8587	2	0.0
8509	8515	2	0.0
8425	8430	2	0.0
8439	8443	2	0.0
8461	8470	2	0.0
8393	8396	2	0.0
8439	8444	2	0.0
8380	8387	2	0.0
8618	8623	2	0.0
8426	8430	2	0.0
8596	8601	2	0.0
8618	8624	2	0.0
8249	8249	2	0.0
8618	8625	2	0.0
8409	8415	2	0.0
8583	8586	2	0.0
8510	8516	2	0.0
8245	8245	2	0.0
8409	8416	2	0.0
8583	8587	2	0.0
8572	8578	2	0.0
8440	8443	2	0.0
8510	8517	2	0.0
8607	8615	2	0.0
8409	8417	2	0.0
8597	8601	2	0.0
8510	8518	2	0.0
8440	8444	2	0.0
8607	8616	2	0.0
8607	8617	2	0.0
8524	8531	2	0.0
8619	8626	2	0.0
8493	8501	2	0.0
8530	8537	2	0.0
8262	8262	2	0.0
8524	8532	2	0.0
8250	8250	2	0.0
8466	8471	2	0.0
8494	8501	2	0.0
8462	8470	2	0.0
8263	8263	2	0.0
8524	8533	2	0.0
8478	8483	2	0.0
8271	8271	2	0.0
8552	8556	2	0.0
8495	8501	2	0.0
8538	8542	2	0.0
8552	8557	2	0.0
8538	8543	2	0.0
8598	8602	2	0.0
8620	8626	2	0.0
8270	8283	2	0.0
8598	8603	2	0.0
8270	8284	2	0.0
8265	8265	2	0.0
8598	8604	2	0.0
8264	8264	2	0.0
8270	8285	2	0.0
8525	8531	2	0.0
8573	8578	2	0.0
8591	8598	2	0.0
8539	8544	2	0.0
8539	8545	2	0.0
8271	8283	2	0.0
8272	8283	2	0.0
8525	8532	2	0.0
8251	8251	2	0.0
8266	8266	2	0.0
8272	8284	2	0.0
8275	8275	2	0.0
8271	8284	2	0.0
8599	8602	2	0.0
8479	8484	2	0.0
8525	8533	2	0.0
8272	8285	2	0.0
8269	8269	2	0.0
8271	8285	2	0.0
8599	8603	2	0.0
8246	8246	2	0.0
8599	8604	2	0.0
8480	8484	2	0.0
8592	8598	2	0.0
8521	8527	2	0.0
8274	8286	2	0.0
8270	8270	2	0.0
8553	8558	2	0.0
8284	8284	2	0.0
8481	8484	2	0.0
8553	8559	2	0.0
8279	8271	2	0.0
8276	8276	2	0.0
8608	8615	2	0.0
8277	8277	2	0.0
8526	8531	2	0.0
8467	8472	2	0.0
8511	8519	2	0.0
8540	8546	2	0.0
8600	8605	2	0.0
8279	8272	2	0.0
8526	8532	2	0.0
8279	8279	2	0.0
8608	8616	2	0.0
8275	8287	2	0.0
8284	8271	2	0.0
8526	8533	2	0.0
8275	8288	2	0.0
8554	8558	2	0.0
8482	8485	2	0.0
8608	8617	2	0.0
8522	8528	2	0.0
8285	8269	2	0.0
8284	8272	2	0.0
8601	8606	2	0.0
8482	8486	2	0.0
8554	8559	2	0.0
8285	8270	2	0.0
8522	8529	2	0.0
8274	8274	2	0.0
8272	8272	2	0.0
8285	8271	2	0.0
8522	8530	2	0.0
8541	8546	2	0.0
8285	8272	2	0.0
8287	8277	2	0.0
8593	8599	2	0.0
8512	8519	2	0.0
8483	8487	2	0.0
8269	8283	2	0.0
8483	8488	2	0.0
8287	8278	2	0.0
8593	8600	2	0.0
8269	8284	2	0.0
8527	8534	2	0.0
8292	8299	2	0.0
8484	8489	2	0.0
8287	8287	2	0.0
8277	8287	2	0.0
8269	8285	2	0.0
8527	8535	2	0.0
8292	8300	2	0.0
8277	8288	2	0.0
8527	8536	2	0.0
8283	8269	2	0.0
8558	8553	2	0.0
8300	8300	2	0.0
8285	8285	2	0.0
8295	8295	2	0.0
8278	8278	2	0.0
8283	8270	2	0.0
8296	8296	2	0.0
8288	8275	2	0.0
8602	8607	2	0.0
8293	8293	2	0.0
8283	8271	2	0.0
8558	8554	2	0.0
8288	8276	2	0.0
8280	8280	2	0.0
8283	8272	2	0.0
8602	8608	2	0.0
8278	8287	2	0.0
8288	8277	2	0.0
8296	8304	2	0.0
8278	8288	2	0.0
8276	8287	2	0.0
8288	8278	2	0.0
8301	8293	2	0.0
8276	8288	2	0.0
8293	8301	2	0.0
8603	8607	2	0.0
8301	8294	2	0.0
8579	8585	2	0.0
8293	8302	2	0.0
8603	8608	2	0.0
8304	8304	2	0.0
8244	8244	2	0.0
8273	8273	2	0.0
8288	8288	2	0.0
8604	8607	2	0.0
8283	8283	2	0.0
8301	8301	2	0.0
8604	8608	2	0.0
8302	8302	2	0.0
8594	8599	2	0.0
8580	8585	2	0.0
8252	8252	2	0.0
8287	8275	2	0.0
8594	8600	2	0.0
8302	8306	2	0.0
8302	8293	2	0.0
8287	8276	2	0.0
8605	8609	2	0.0
8304	8296	2	0.0
8302	8294	2	0.0
8605	8610	2	0.0
8304	8297	2	0.0
8337	8337	2	0.0
8273	8286	2	0.0
8248	8248	2	0.0
8605	8611	2	0.0
8365	8365	2	0.0
8304	8298	2	0.0
8334	8334	2	0.0
8281	8281	2	0.0
8297	8297	2	0.0
8256	8256	2	0.0
8284	8269	2	0.0
8331	8331	2	0.0
8303	8303	2	0.0
8606	8612	2	0.0
8284	8270	2	0.0
8286	8273	2	0.0
8606	8613	2	0.0
8373	8373	2	0.0
8338	8338	2	0.0
8286	8274	2	0.0
8303	8307	2	0.0
8365	8374	2	0.0
8606	8614	2	0.0
8335	8335	2	0.0
8286	8277	2	0.0
8305	8299	2	0.0
8339	8332	2	0.0
8305	8300	2	0.0
8325	8325	2	0.0
8339	8333	2	0.0
8370	8370	2	0.0
8254	8254	2	0.0
8247	8247	2	0.0
8369	8369	2	0.0
8297	8304	2	0.0
8372	8382	2	0.0
8305	8305	2	0.0
8373	8383	2	0.0
8298	8298	2	0.0
8372	8383	2	0.0
8378	8368	2	0.0
8369	8375	2	0.0
8339	8339	2	0.0
8376	8368	2	0.0
8294	8294	2	0.0
8343	8343	2	0.0
8378	8369	2	0.0
8369	8376	2	0.0
8376	8369	2	0.0
8286	8286	2	0.0
8304	8308	2	0.0
8304	8309	2	0.0
8369	8377	2	0.0
8294	8301	2	0.0
8330	8330	2	0.0
8255	8255	2	0.0
8369	8378	2	0.0
8306	8301	2	0.0
8294	8302	2	0.0
8345	8345	2	0.0
8376	8387	2	0.0
8253	8253	2	0.0
8282	8282	2	0.0
8306	8302	2	0.0
8376	8376	2	0.0
8372	8363	2	0.0
8382	8372	2	0.0
8372	8372	2	0.0
8382	8373	2	0.0
8384	8384	2	0.0
8306	8306	2	0.0
8371	8371	2	0.0
8378	8378	2	0.0
8379	8379	2	0.0
8386	8386	2	0.0
8346	8346	2	0.0
8257	8257	2	0.0
8374	8374	2	0.0
8395	8395	2	0.0
8258	8258	2	0.0
8366	8366	2	0.0
8385	8374	2	0.0
8382	8382	2	0.0
8305	8310	2	0.0
8407	8407	2	0.0
8307	8303	2	0.0
8393	8393	2	0.0
8374	8384	2	0.0
8386	8375	2	0.0
8261	8261	2	0.0
8289	8289	2	0.0
8307	8307	2	0.0
8374	8385	2	0.0
8386	8376	2	0.0
8347	8347	2	0.0
8377	8368	2	0.0
8395	8390	2	0.0
8366	8374	2	0.0
8374	8386	2	0.0
8344	8344	2	0.0
8386	8377	2	0.0
8385	8385	2	0.0
8377	8369	2	0.0
8428	8436	2	0.0
8407	8414	2	0.0
8379	8370	2	0.0
8386	8378	2	0.0
8308	8304	2	0.0
8414	8408	2	0.0
8410	8406	2	0.0
8432	8425	2	0.0
8379	8371	2	0.0
8289	8299	2	0.0
8394	8394	2	0.0
8432	8426	2	0.0
8298	8304	2	0.0
8373	8363	2	0.0
8289	8300	2	0.0
8348	8348	2	0.0
8396	8390	2	0.0
8383	8372	2	0.0
8308	8308	2	0.0
8438	8444	2	0.0
8414	8414	2	0.0
8410	8410	2	0.0
8359	8359	2	0.0
8383	8373	2	0.0
8386	8374	2	0.0
8408	8408	2	0.0
8377	8377	2	0.0
8396	8396	2	0.0
8397	8397	2	0.0
8387	8375	2	0.0
8259	8259	2	0.0
8326	8326	2	0.0
8432	8432	2	0.0
8362	8362	2	0.0
8309	8304	2	0.0
8387	8376	2	0.0
8413	8413	2	0.0
8408	8415	2	0.0
8363	8363	2	0.0
8428	8428	2	0.0
8452	8442	2	0.0
8387	8377	2	0.0
8397	8404	2	0.0
8408	8416	2	0.0
8416	8408	2	0.0
8441	8441	2	0.0
8290	8290	2	0.0
8387	8378	2	0.0
8383	8383	2	0.0
8444	8444	2	0.0
8380	8380	2	0.0
8408	8417	2	0.0
8363	8372	2	0.0
8309	8309	2	0.0
8439	8439	2	0.0
8411	8405	2	0.0
8363	8373	2	0.0
8295	8303	2	0.0
8400	8400	2	0.0
8384	8374	2	0.0
8310	8305	2	0.0
8299	8289	2	0.0
8387	8387	2	0.0
8299	8290	2	0.0
8290	8299	2	0.0
8299	8291	2	0.0
8290	8300	2	0.0
8431	8425	2	0.0
8416	8416	2	0.0
8310	8310	2	0.0
8299	8292	2	0.0
8368	8368	2	0.0
8439	8445	2	0.0
8370	8379	2	0.0
8431	8426	2	0.0
8457	8445	2	0.0
8411	8411	2	0.0
8367	8367	2	0.0
8377	8387	2	0.0
8454	8454	2	0.0
8370	8380	2	0.0
8458	8446	2	0.0
8444	8453	2	0.0
8310	8306	2	0.0
8444	8454	2	0.0
8279	8269	2	0.0
8370	8381	2	0.0
8452	8452	2	0.0
8417	8408	2	0.0
8299	8299	2	0.0
8380	8370	2	0.0
8458	8447	2	0.0
8447	8447	2	0.0
8374	8364	2	0.0
8279	8270	2	0.0
8431	8431	2	0.0
8446	8446	2	0.0
8412	8405	2	0.0
8444	8455	2	0.0
8323	8323	2	0.0
8380	8371	2	0.0
8442	8442	2	0.0
8367	8374	2	0.0
8291	8291	2	0.0
8401	8401	2	0.0
8374	8365	2	0.0
8458	8448	2	0.0
8448	8441	2	0.0
8459	8459	2	0.0
8474	8474	2	0.0
8470	8470	2	0.0
8374	8366	2	0.0
8429	8429	2	0.0
8447	8458	2	0.0
8472	8472	2	0.0
8374	8367	2	0.0
8300	8289	2	0.0
8440	8440	2	0.0
8447	8459	2	0.0
8412	8412	2	0.0
8417	8417	2	0.0
8457	8457	2	0.0
8464	8464	2	0.0
8486	8486	2	0.0
8300	8290	2	0.0
8447	8460	2	0.0
8446	8458	2	0.0
8291	8299	2	0.0
8300	8291	2	0.0
8484	8484	2	0.0
8475	8470	2	0.0
8446	8459	2	0.0
8455	8443	2	0.0
8291	8300	2	0.0
8300	8292	2	0.0
8450	8450	2	0.0
8299	8305	2	0.0
8455	8444	2	0.0
8446	8460	2	0.0
8464	8472	2	0.0
8387	8379	2	0.0
8495	8495	2	0.0
8448	8448	2	0.0
8493	8502	2	0.0
8484	8490	2	0.0
8429	8436	2	0.0
8364	8364	2	0.0
8303	8295	2	0.0
8458	8458	2	0.0
8453	8443	2	0.0
8387	8380	2	0.0
8455	8455	2	0.0
8440	8445	2	0.0
8415	8408	2	0.0
8484	8491	2	0.0
8475	8475	2	0.0
8493	8503	2	0.0
8387	8381	2	0.0
8453	8444	2	0.0
8460	8446	2	0.0
8453	8453	2	0.0
8488	8482	2	0.0
8402	8402	2	0.0
8413	8405	2	0.0
8493	8504	2	0.0
8460	8447	2	0.0
8398	8398	2	0.0
8415	8415	2	0.0
8364	8374	2	0.0
8495	8502	2	0.0
8459	8446	2	0.0
8456	8445	2	0.0
8510	8510	2	0.0
8373	8382	2	0.0
8460	8448	2	0.0
8327	8327	2	0.0
8418	8418	2	0.0
8495	8503	2	0.0
8459	8447	2	0.0
8476	8470	2	0.0
8465	8465	2	0.0
8292	8292	2	0.0
8381	8370	2	0.0
8390	8390	2	0.0
8488	8488	2	0.0
8375	8368	2	0.0
8324	8324	2	0.0
8371	8379	2	0.0
8300	8305	2	0.0
8500	8500	2	0.0
8495	8504	2	0.0
8381	8371	2	0.0
8459	8448	2	0.0
8375	8369	2	0.0
8409	8409	2	0.0
8504	8504	2	0.0
8498	8498	2	0.0
8371	8380	2	0.0
8512	8520	2	0.0
8476	8476	2	0.0
8520	8514	2	0.0
8456	8456	2	0.0
8441	8446	2	0.0
8510	8519	2	0.0
8465	8472	2	0.0
8403	8403	2	0.0
8371	8381	2	0.0
8503	8493	2	0.0
8392	8392	2	0.0
8514	8507	2	0.0
8518	8509	2	0.0
8422	8422	2	0.0
8473	8473	2	0.0
8493	8493	2	0.0
8497	8497	2	0.0
8381	8381	2	0.0
8441	8447	2	0.0
8514	8508	2	0.0
8375	8375	2	0.0
8503	8494	2	0.0
8399	8399	2	0.0
8476	8471	2	0.0
8441	8448	2	0.0
8414	8407	2	0.0
8526	8536	2	0.0
8368	8375	2	0.0
8503	8495	2	0.0
8487	8482	2	0.0
8520	8520	2	0.0
8460	8460	2	0.0
8368	8376	2	0.0
8443	8437	2	0.0
8530	8521	2	0.0
8448	8458	2	0.0
8446	8441	2	0.0
8528	8528	2	0.0
8502	8493	2	0.0
8521	8521	2	0.0
8368	8377	2	0.0
8448	8459	2	0.0
8461	8461	2	0.0
8301	8306	2	0.0
8514	8514	2	0.0
8443	8438	2	0.0
8502	8494	2	0.0
8368	8378	2	0.0
8487	8487	2	0.0
8448	8460	2	0.0
8524	8534	2	0.0
8518	8518	2	0.0
8503	8503	2	0.0
8502	8495	2	0.0
8454	8443	2	0.0
8423	8423	2	0.0
8485	8485	2	0.0
8521	8528	2	0.0
8536	8524	2	0.0
8443	8443	2	0.0
8378	8387	2	0.0
8536	8536	2	0.0
8390	8396	2	0.0
8477	8471	2	0.0
8454	8444	2	0.0
8466	8466	2	0.0
8424	8424	2	0.0
8524	8535	2	0.0
8530	8530	2	0.0
8461	8471	2	0.0
8564	8564	2	0.0
8430	8430	2	0.0
8536	8525	2	0.0
8521	8529	2	0.0
8531	8531	2	0.0
8527	8527	2	0.0
8524	8536	2	0.0
8502	8502	2	0.0
8521	8530	2	0.0
8544	8544	2	0.0
8466	8472	2	0.0
8404	8397	2	0.0
8536	8526	2	0.0
8561	8561	2	0.0
8485	8492	2	0.0
8375	8387	2	0.0
8515	8507	2	0.0
8537	8527	2	0.0
8513	8513	2	0.0
8577	8577	2	0.0
8477	8477	2	0.0
8424	8430	2	0.0
8433	8427	2	0.0
8489	8483	2	0.0
8515	8508	2	0.0
8563	8563	2	0.0
8541	8541	2	0.0
8391	8391	2	0.0
8591	8591	2	0.0
8527	8537	2	0.0
8404	8404	2	0.0
8499	8499	2	0.0
8524	8524	2	0.0
8531	8522	2	0.0
8504	8493	2	0.0
8433	8433	2	0.0
8427	8427	2	0.0
8531	8523	2	0.0
8467	8467	2	0.0
8513	8520	2	0.0
8451	8451	2	0.0
8537	8537	2	0.0
8573	8573	2	0.0
8425	8425	2	0.0
8504	8494	2	0.0
8489	8489	2	0.0
8600	8600	2	0.0
8516	8509	2	0.0
8545	8538	2	0.0
8591	8599	2	0.0
8515	8515	2	0.0
8444	8437	2	0.0
8467	8473	2	0.0
8332	8332	2	0.0
8504	8495	2	0.0
8532	8532	2	0.0
8614	8614	2	0.0
8565	8565	2	0.0
8511	8511	2	0.0
8467	8474	2	0.0
8416	8412	2	0.0
8434	8427	2	0.0
8425	8431	2	0.0
8604	8604	2	0.0
8444	8438	2	0.0
8609	8609	2	0.0
8591	8600	2	0.0
8471	8461	2	0.0
8596	8596	2	0.0
8478	8478	2	0.0
8425	8432	2	0.0
8601	8601	2	0.0
8471	8462	2	0.0
8615	8606	2	0.0
8516	8516	2	0.0
8486	8492	2	0.0
8568	8568	2	0.0
8511	8520	2	0.0
8610	8610	2	0.0
8478	8484	2	0.0
8525	8525	2	0.0
8545	8545	2	0.0
8599	8591	2	0.0
8471	8471	2	0.0
8601	8607	2	0.0
8447	8441	2	0.0
8606	8606	2	0.0
8611	8611	2	0.0
8434	8434	2	0.0
8529	8529	2	0.0
8542	8542	2	0.0
8601	8608	2	0.0
8599	8592	2	0.0
8332	8339	2	0.0
8574	8574	2	0.0
8505	8505	2	0.0
8533	8533	2	0.0
8468	8468	2	0.0
8617	8606	2	0.0
8417	8412	2	0.0
8532	8522	2	0.0
8546	8539	2	0.0
8605	8598	2	0.0
8569	8569	2	0.0
8532	8523	2	0.0
8482	8482	2	0.0
8578	8570	2	0.0
8605	8599	2	0.0
8537	8528	2	0.0
8615	8615	2	0.0
8534	8524	2	0.0
8435	8427	2	0.0
8468	8473	2	0.0
8405	8405	2	0.0
8566	8566	2	0.0
8479	8479	2	0.0
8599	8599	2	0.0
8578	8571	2	0.0
8468	8474	2	0.0
8534	8525	2	0.0
8505	8510	2	0.0
8606	8615	2	0.0
8525	8534	2	0.0
8546	8546	2	0.0
8534	8526	2	0.0
8479	8485	2	0.0
8405	8411	2	0.0
8490	8484	2	0.0
8442	8449	2	0.0
8606	8616	2	0.0
8445	8445	2	0.0
8333	8333	2	0.0
8525	8535	2	0.0
8507	8507	2	0.0
8405	8412	2	0.0
8570	8570	2	0.0
8517	8509	2	0.0
8479	8486	2	0.0
8616	8606	2	0.0
8605	8605	2	0.0
8442	8450	2	0.0
8538	8538	2	0.0
8405	8413	2	0.0
8415	8412	2	0.0
8606	8617	2	0.0
8578	8578	2	0.0
8490	8490	2	0.0
8525	8536	2	0.0
8543	8543	2	0.0
8442	8451	2	0.0
8570	8578	2	0.0
8408	8406	2	0.0
8602	8602	2	0.0
8435	8435	2	0.0
8426	8426	2	0.0
8611	8602	2	0.0
8617	8617	2	0.0
8494	8494	2	0.0
8483	8483	2	0.0
8528	8521	2	0.0
8442	8452	2	0.0
8596	8602	2	0.0
8517	8517	2	0.0
8469	8469	2	0.0
8538	8544	2	0.0
8618	8618	2	0.0
8611	8603	2	0.0
8546	8541	2	0.0
8426	8431	2	0.0
8480	8480	2	0.0
8575	8575	2	0.0
8436	8428	2	0.0
8538	8545	2	0.0
8596	8603	2	0.0
8445	8439	2	0.0
8534	8534	2	0.0
8426	8432	2	0.0
8611	8604	2	0.0
8406	8406	2	0.0
8491	8484	2	0.0
8469	8473	2	0.0
8436	8429	2	0.0
8333	8339	2	0.0
8406	8408	2	0.0
8596	8604	2	0.0
8445	8440	2	0.0
8540	8540	2	0.0
8576	8576	2	0.0
8602	8609	2	0.0
8469	8474	2	0.0
8494	8502	2	0.0
8533	8522	2	0.0
8480	8485	2	0.0
8616	8616	2	0.0
8445	8456	2	0.0
8406	8409	2	0.0
8602	8610	2	0.0
8600	8591	2	0.0
8494	8503	2	0.0
8533	8523	2	0.0
8480	8486	2	0.0
8406	8410	2	0.0
8445	8457	2	0.0
8508	8508	2	0.0
8491	8491	2	0.0
8602	8611	2	0.0
8600	8592	2	0.0
8618	8626	2	0.0
8606	8600	2	0.0
8436	8436	2	0.0
8449	8442	2	0.0
8494	8504	2	0.0
8526	8526	2	0.0
8506	8506	2	0.0
8597	8597	2	0.0
8607	8607	2	0.0
8547	8547	2	0.0
8522	8522	2	0.0
8535	8524	2	0.0
8449	8449	2	0.0
8512	8512	2	0.0
8535	8525	2	0.0
8470	8475	2	0.0
8621	8621	2	0.0
8535	8526	2	0.0
8470	8476	2	0.0
8592	8592	2	0.0
8409	8406	2	0.0
8539	8539	2	0.0
8481	8481	2	0.0
8336	8336	2	0.0
8603	8603	2	0.0
8472	8463	2	0.0
8506	8511	2	0.0
8533	8524	2	0.0
8551	8551	2	0.0
8472	8464	2	0.0
8533	8525	2	0.0
8506	8512	2	0.0
8612	8605	2	0.0
8592	8599	2	0.0
8472	8465	2	0.0
8522	8531	2	0.0
8533	8526	2	0.0
8481	8485	2	0.0
8539	8546	2	0.0
8472	8466	2	0.0
8506	8513	2	0.0
8481	8486	2	0.0
8592	8600	2	0.0
8522	8532	2	0.0
8548	8548	2	0.0
8443	8453	2	0.0
8427	8433	2	0.0
8437	8437	2	0.0
8462	8462	2	0.0
8603	8609	2	0.0
8522	8533	2	0.0
8529	8521	2	0.0
8443	8454	2	0.0
8571	8571	2	0.0
8427	8434	2	0.0
8603	8610	2	0.0
8427	8435	2	0.0
8443	8455	2	0.0
8437	8443	2	0.0
8612	8612	2	0.0
8571	8578	2	0.0
8535	8535	2	0.0
8492	8485	2	0.0
8595	8595	2	0.0
8430	8424	2	0.0
8603	8611	2	0.0
8437	8444	2	0.0
8509	8509	2	0.0
8496	8496	2	0.0
8492	8486	2	0.0
8462	8471	2	0.0
8552	8552	2	0.0
8471	8477	2	0.0
8579	8579	2	0.0
8473	8467	2	0.0
8482	8487	2	0.0
8622	8622	2	0.0
8492	8492	2	0.0
8473	8468	2	0.0
8482	8488	2	0.0
8473	8469	2	0.0
8484	8478	2	0.0
8619	8619	2	0.0
8579	8586	2	0.0
8438	8438	2	0.0
8523	8523	2	0.0
8552	8558	2	0.0
8450	8442	2	0.0
8518	8510	2	0.0
8579	8587	2	0.0
8613	8605	2	0.0
8438	8443	2	0.0
8552	8559	2	0.0
8544	8538	2	0.0
8507	8514	2	0.0
8597	8602	2	0.0
8507	8515	2	0.0
8597	8603	2	0.0
8523	8531	2	0.0
8623	8623	2	0.0
8555	8555	2	0.0
8597	8604	2	0.0
8501	8501	2	0.0
8523	8532	2	0.0
8510	8505	2	0.0
8584	8584	2	0.0
8604	8609	2	0.0
8474	8467	2	0.0
8483	8489	2	0.0
8523	8533	2	0.0
8604	8610	2	0.0
8474	8468	2	0.0
8613	8613	2	0.0
8553	8553	2	0.0
8485	8479	2	0.0
8485	8480	2	0.0
8474	8469	2	0.0
8604	8611	2	0.0
8519	8510	2	0.0
8580	8580	2	0.0
8485	8481	2	0.0
8580	8586	2	0.0
8580	8587	2	0.0
8556	8556	2	0.0
8598	8598	2	0.0
8614	8605	2	0.0
8519	8519	2	0.0
8572	8572	2	0.0
8543	8538	2	0.0
8624	8624	2	0.0
8486	8479	2	0.0
8508	8514	2	0.0
8605	8612	2	0.0
8486	8480	2	0.0
8508	8515	2	0.0
8598	8605	2	0.0
8605	8613	2	0.0
8486	8481	2	0.0
8451	8442	2	0.0
8605	8614	2	0.0
8601	8593	2	0.0
8557	8557	2	0.0
8581	8581	2	0.0
8608	8601	2	0.0
8601	8594	2	0.0
8608	8608	2	0.0
8554	8554	2	0.0
8593	8593	2	0.0
8625	8625	2	0.0
8520	8511	2	0.0
8585	8585	2	0.0
8509	8516	2	0.0
8520	8512	2	0.0
8526	8534	2	0.0
8509	8517	2	0.0
8620	8620	2	0.0
8520	8513	2	0.0
8593	8601	2	0.0
8582	8582	2	0.0
8526	8535	2	0.0
8509	8518	2	0.0
8512	8506	2	0.0
8599	8605	2	0.0
8463	8463	2	0.0
8601	8595	2	0.0
8607	8601	2	0.0
8601	8596	2	0.0
8601	8597	2	0.0
8463	8472	2	0.0
8594	8594	2	0.0
8558	8552	2	0.0
8558	8558	2	0.0
8594	8601	2	0.0
8583	8583	2	0.0
8600	8606	2	0.0
8559	8552	2	0.0
8513	8506	2	0.0
8602	8595	2	0.0
8602	8596	2	0.0
8609	8602	2	0.0
8602	8597	2	0.0
8609	8603	2	0.0
8559	8559	2	0.0
8609	8604	2	0.0
8560	8560	2	0.0
8586	8579	2	0.0
8586	8580	2	0.0
8603	8595	2	0.0
8603	8596	2	0.0
8511	8506	2	0.0
8586	8586	2	0.0
8603	8597	2	0.0
8587	8579	2	0.0
8595	8602	2	0.0
8587	8580	2	0.0
8595	8603	2	0.0
8626	8618	2	0.0
8610	8602	2	0.0
8610	8603	2	0.0
8595	8604	2	0.0
8610	8604	2	0.0
8587	8587	2	0.0
8604	8595	2	0.0
8626	8626	2	0.0
8604	8596	2	0.0
8604	8597	2	0.0
8244	8249	1	0.0
8244	8250	1	0.0
8244	8251	1	0.0
8263	8266	1	0.0
8272	8279	1	0.0
8272	8280	1	0.0
8272	8281	1	0.0
8272	8282	1	0.0
8275	8286	1	0.0
8274	8283	1	0.0
8274	8284	1	0.0
8274	8285	1	0.0
8278	8286	1	0.0
8273	8283	1	0.0
8273	8284	1	0.0
8273	8285	1	0.0
8281	8287	1	0.0
8252	8257	1	0.0
8281	8288	1	0.0
8269	8279	1	0.0
8269	8280	1	0.0
8289	8296	1	0.0
8269	8281	1	0.0
8289	8297	1	0.0
8276	8286	1	0.0
8289	8298	1	0.0
8269	8282	1	0.0
8279	8287	1	0.0
8279	8288	1	0.0
8290	8296	1	0.0
8290	8297	1	0.0
8290	8298	1	0.0
8282	8287	1	0.0
8296	8303	1	0.0
8282	8288	1	0.0
8291	8296	1	0.0
8291	8297	1	0.0
8270	8279	1	0.0
8291	8298	1	0.0
8363	8370	1	0.0
8270	8280	1	0.0
8277	8286	1	0.0
8363	8371	1	0.0
8297	8303	1	0.0
8368	8374	1	0.0
8270	8281	1	0.0
8292	8296	1	0.0
8270	8282	1	0.0
8292	8297	1	0.0
8292	8298	1	0.0
8374	8382	1	0.0
8280	8287	1	0.0
8374	8383	1	0.0
8280	8288	1	0.0
8298	8303	1	0.0
8376	8384	1	0.0
8376	8385	1	0.0
8376	8386	1	0.0
8377	8384	1	0.0
8369	8374	1	0.0
8377	8385	1	0.0
8293	8299	1	0.0
8271	8279	1	0.0
8377	8386	1	0.0
8293	8300	1	0.0
8397	8403	1	0.0
8271	8280	1	0.0
8364	8372	1	0.0
8381	8387	1	0.0
8364	8373	1	0.0
8271	8281	1	0.0
8398	8404	1	0.0
8271	8282	1	0.0
8410	8417	1	0.0
8299	8304	1	0.0
8294	8299	1	0.0
8332	8336	1	0.0
8294	8300	1	0.0
8332	8337	1	0.0
8410	8415	1	0.0
8365	8372	1	0.0
8332	8338	1	0.0
8410	8416	1	0.0
8399	8404	1	0.0
8427	8431	1	0.0
8365	8373	1	0.0
8333	8336	1	0.0
8295	8301	1	0.0
8427	8432	1	0.0
8378	8384	1	0.0
8441	8445	1	0.0
8333	8337	1	0.0
8295	8302	1	0.0
8370	8375	1	0.0
8378	8385	1	0.0
8412	8415	1	0.0
8333	8338	1	0.0
8370	8376	1	0.0
8375	8384	1	0.0
8428	8433	1	0.0
8378	8386	1	0.0
8412	8416	1	0.0
8442	8446	1	0.0
8375	8385	1	0.0
8412	8417	1	0.0
8370	8377	1	0.0
8375	8386	1	0.0
8442	8447	1	0.0
8428	8434	1	0.0
8428	8435	1	0.0
8370	8378	1	0.0
8442	8448	1	0.0
8446	8457	1	0.0
8366	8372	1	0.0
8334	8339	1	0.0
8366	8373	1	0.0
8429	8433	1	0.0
8300	8304	1	0.0
8429	8434	1	0.0
8429	8435	1	0.0
8451	8458	1	0.0
8446	8456	1	0.0
8451	8459	1	0.0
8451	8460	1	0.0
8443	8449	1	0.0
8443	8450	1	0.0
8430	8436	1	0.0
8443	8451	1	0.0
8367	8372	1	0.0
8405	8409	1	0.0
8449	8458	1	0.0
8405	8410	1	0.0
8367	8373	1	0.0
8443	8452	1	0.0
8449	8459	1	0.0
8343	8348	1	0.0
8449	8460	1	0.0
8407	8411	1	0.0
8452	8458	1	0.0
8379	8387	1	0.0
8407	8412	1	0.0
8452	8459	1	0.0
8444	8449	1	0.0
8371	8375	1	0.0
8407	8413	1	0.0
8452	8460	1	0.0
8444	8450	1	0.0
8371	8376	1	0.0
8444	8451	1	0.0
8301	8305	1	0.0
8444	8452	1	0.0
8371	8377	1	0.0
8408	8414	1	0.0
8390	8395	1	0.0
8468	8472	1	0.0
8371	8378	1	0.0
8447	8456	1	0.0
8463	8471	1	0.0
8496	8503	1	0.0
8485	8490	1	0.0
8447	8457	1	0.0
8392	8396	1	0.0
8445	8453	1	0.0
8485	8491	1	0.0
8505	8509	1	0.0
8445	8454	1	0.0
8496	8504	1	0.0
8445	8455	1	0.0
8409	8415	1	0.0
8506	8510	1	0.0
8409	8416	1	0.0
8496	8502	1	0.0
8409	8417	1	0.0
8469	8472	1	0.0
8523	8528	1	0.0
8523	8529	1	0.0
8424	8428	1	0.0
8523	8530	1	0.0
8424	8429	1	0.0
8513	8519	1	0.0
8391	8396	1	0.0
8507	8511	1	0.0
8302	8305	1	0.0
8470	8473	1	0.0
8393	8396	1	0.0
8450	8458	1	0.0
8507	8512	1	0.0
8380	8387	1	0.0
8470	8474	1	0.0
8450	8459	1	0.0
8507	8513	1	0.0
8450	8460	1	0.0
8486	8490	1	0.0
8486	8491	1	0.0
8471	8475	1	0.0
8570	8577	1	0.0
8425	8430	1	0.0
8471	8476	1	0.0
8303	8306	1	0.0
8508	8511	1	0.0
8464	8471	1	0.0
8571	8577	1	0.0
8514	8520	1	0.0
8508	8512	1	0.0
8426	8430	1	0.0
8528	8537	1	0.0
8372	8379	1	0.0
8508	8513	1	0.0
8437	8442	1	0.0
8581	8586	1	0.0
8372	8380	1	0.0
8472	8477	1	0.0
8461	8470	1	0.0
8581	8587	1	0.0
8372	8381	1	0.0
8304	8307	1	0.0
8438	8442	1	0.0
8487	8492	1	0.0
8572	8578	1	0.0
8509	8514	1	0.0
8582	8586	1	0.0
8509	8515	1	0.0
8595	8601	1	0.0
8529	8537	1	0.0
8448	8456	1	0.0
8582	8587	1	0.0
8373	8379	1	0.0
8524	8531	1	0.0
8448	8457	1	0.0
8305	8308	1	0.0
8488	8492	1	0.0
8524	8532	1	0.0
8373	8380	1	0.0
8552	8556	1	0.0
8439	8443	1	0.0
8515	8520	1	0.0
8510	8516	1	0.0
8596	8601	1	0.0
8524	8533	1	0.0
8607	8615	1	0.0
8439	8444	1	0.0
8552	8557	1	0.0
8373	8381	1	0.0
8305	8309	1	0.0
8510	8517	1	0.0
8607	8616	1	0.0
8583	8586	1	0.0
8462	8470	1	0.0
8510	8518	1	0.0
8607	8617	1	0.0
8465	8471	1	0.0
8583	8587	1	0.0
8525	8531	1	0.0
8618	8623	1	0.0
8440	8443	1	0.0
8597	8601	1	0.0
8525	8532	1	0.0
8618	8624	1	0.0
8553	8558	1	0.0
8440	8444	1	0.0
8525	8533	1	0.0
8306	8310	1	0.0
8553	8559	1	0.0
8618	8625	1	0.0
8573	8578	1	0.0
8530	8537	1	0.0
8249	8249	1	0.0
8554	8558	1	0.0
8554	8559	1	0.0
8526	8531	1	0.0
8619	8626	1	0.0
8478	8483	1	0.0
8245	8245	1	0.0
8526	8532	1	0.0
8526	8533	1	0.0
8591	8598	1	0.0
8598	8602	1	0.0
8493	8501	1	0.0
8598	8603	1	0.0
8262	8262	1	0.0
8466	8471	1	0.0
8598	8604	1	0.0
8608	8615	1	0.0
8558	8553	1	0.0
8263	8263	1	0.0
8558	8554	1	0.0
8608	8616	1	0.0
8620	8626	1	0.0
8592	8598	1	0.0
8599	8602	1	0.0
8527	8534	1	0.0
8250	8250	1	0.0
8608	8617	1	0.0
8494	8501	1	0.0
8527	8535	1	0.0
8599	8603	1	0.0
8527	8536	1	0.0
8538	8542	1	0.0
8479	8484	1	0.0
8599	8604	1	0.0
8271	8271	1	0.0
8495	8501	1	0.0
8265	8265	1	0.0
8538	8543	1	0.0
8264	8264	1	0.0
8480	8484	1	0.0
8539	8544	1	0.0
8600	8605	1	0.0
8270	8283	1	0.0
8511	8519	1	0.0
8593	8599	1	0.0
8481	8484	1	0.0
8539	8545	1	0.0
8266	8266	1	0.0
8593	8600	1	0.0
8270	8284	1	0.0
8272	8283	1	0.0
8251	8251	1	0.0
8601	8606	1	0.0
8272	8284	1	0.0
8269	8269	1	0.0
8270	8285	1	0.0
8579	8585	1	0.0
8246	8246	1	0.0
8272	8285	1	0.0
8482	8485	1	0.0
8274	8286	1	0.0
8271	8283	1	0.0
8512	8519	1	0.0
8279	8271	1	0.0
8521	8527	1	0.0
8482	8486	1	0.0
8284	8284	1	0.0
8279	8272	1	0.0
8271	8284	1	0.0
8275	8275	1	0.0
8467	8472	1	0.0
8580	8585	1	0.0
8277	8277	1	0.0
8540	8546	1	0.0
8284	8271	1	0.0
8483	8487	1	0.0
8279	8279	1	0.0
8271	8285	1	0.0
8483	8488	1	0.0
8284	8272	1	0.0
8269	8283	1	0.0
8275	8287	1	0.0
8522	8528	1	0.0
8287	8277	1	0.0
8522	8529	1	0.0
8602	8607	1	0.0
8269	8284	1	0.0
8275	8288	1	0.0
8274	8274	1	0.0
8484	8489	1	0.0
8594	8599	1	0.0
8522	8530	1	0.0
8602	8608	1	0.0
8594	8600	1	0.0
8270	8270	1	0.0
8269	8285	1	0.0
8292	8299	1	0.0
8287	8278	1	0.0
8272	8272	1	0.0
8285	8269	1	0.0
8292	8300	1	0.0
8285	8270	1	0.0
8276	8276	1	0.0
8285	8271	1	0.0
8244	8244	1	0.0
8603	8607	1	0.0
8300	8300	1	0.0
8541	8546	1	0.0
8295	8295	1	0.0
8285	8272	1	0.0
8293	8293	1	0.0
8603	8608	1	0.0
8277	8287	1	0.0
8287	8287	1	0.0
8296	8296	1	0.0
8277	8288	1	0.0
8604	8607	1	0.0
8278	8278	1	0.0
8283	8269	1	0.0
8293	8301	1	0.0
8304	8304	1	0.0
8604	8608	1	0.0
8293	8302	1	0.0
8283	8270	1	0.0
8296	8304	1	0.0
8278	8287	1	0.0
8283	8271	1	0.0
8301	8293	1	0.0
8302	8302	1	0.0
8278	8288	1	0.0
8280	8280	1	0.0
8288	8275	1	0.0
8283	8272	1	0.0
8301	8294	1	0.0
8605	8609	1	0.0
8248	8248	1	0.0
8288	8276	1	0.0
8331	8331	1	0.0
8605	8610	1	0.0
8285	8285	1	0.0
8252	8252	1	0.0
8605	8611	1	0.0
8288	8277	1	0.0
8302	8306	1	0.0
8337	8337	1	0.0
8365	8365	1	0.0
8288	8278	1	0.0
8334	8334	1	0.0
8325	8325	1	0.0
8304	8296	1	0.0
8301	8301	1	0.0
8606	8612	1	0.0
8273	8273	1	0.0
8606	8613	1	0.0
8297	8297	1	0.0
8283	8283	1	0.0
8304	8297	1	0.0
8276	8287	1	0.0
8373	8373	1	0.0
8606	8614	1	0.0
8256	8256	1	0.0
8276	8288	1	0.0
8247	8247	1	0.0
8365	8374	1	0.0
8304	8298	1	0.0
8330	8330	1	0.0
8369	8369	1	0.0
8288	8288	1	0.0
8302	8293	1	0.0
8338	8338	1	0.0
8273	8286	1	0.0
8369	8375	1	0.0
8373	8383	1	0.0
8370	8370	1	0.0
8335	8335	1	0.0
8254	8254	1	0.0
8302	8294	1	0.0
8372	8382	1	0.0
8281	8281	1	0.0
8369	8376	1	0.0
8339	8332	1	0.0
8372	8383	1	0.0
8369	8377	1	0.0
8378	8368	1	0.0
8303	8303	1	0.0
8339	8333	1	0.0
8376	8387	1	0.0
8376	8368	1	0.0
8287	8275	1	0.0
8384	8384	1	0.0
8369	8378	1	0.0
8378	8369	1	0.0
8382	8372	1	0.0
8298	8298	1	0.0
8376	8369	1	0.0
8382	8373	1	0.0
8286	8273	1	0.0
8287	8276	1	0.0
8372	8363	1	0.0
8284	8269	1	0.0
8386	8386	1	0.0
8294	8294	1	0.0
8379	8379	1	0.0
8286	8274	1	0.0
8303	8307	1	0.0
8284	8270	1	0.0
8376	8376	1	0.0
8339	8339	1	0.0
8286	8277	1	0.0
8305	8299	1	0.0
8255	8255	1	0.0
8343	8343	1	0.0
8385	8374	1	0.0
8294	8301	1	0.0
8372	8372	1	0.0
8378	8378	1	0.0
8382	8382	1	0.0
8253	8253	1	0.0
8305	8300	1	0.0
8294	8302	1	0.0
8395	8395	1	0.0
8374	8374	1	0.0
8407	8407	1	0.0
8326	8326	1	0.0
8371	8371	1	0.0
8345	8345	1	0.0
8386	8375	1	0.0
8393	8393	1	0.0
8385	8385	1	0.0
8305	8305	1	0.0
8297	8304	1	0.0
8286	8286	1	0.0
8386	8376	1	0.0
8374	8384	1	0.0
8428	8436	1	0.0
8395	8390	1	0.0
8257	8257	1	0.0
8374	8385	1	0.0
8386	8377	1	0.0
8432	8425	1	0.0
8366	8366	1	0.0
8377	8368	1	0.0
8258	8258	1	0.0
8374	8386	1	0.0
8407	8414	1	0.0
8414	8408	1	0.0
8386	8378	1	0.0
8383	8372	1	0.0
8432	8426	1	0.0
8377	8369	1	0.0
8379	8370	1	0.0
8410	8406	1	0.0
8304	8308	1	0.0
8386	8374	1	0.0
8383	8373	1	0.0
8438	8444	1	0.0
8379	8371	1	0.0
8414	8414	1	0.0
8346	8346	1	0.0
8394	8394	1	0.0
8261	8261	1	0.0
8304	8309	1	0.0
8282	8282	1	0.0
8366	8374	1	0.0
8396	8390	1	0.0
8432	8432	1	0.0
8306	8301	1	0.0
8377	8377	1	0.0
8410	8410	1	0.0
8413	8413	1	0.0
8428	8428	1	0.0
8452	8442	1	0.0
8444	8444	1	0.0
8373	8363	1	0.0
8441	8441	1	0.0
8387	8375	1	0.0
8408	8408	1	0.0
8396	8396	1	0.0
8380	8380	1	0.0
8306	8302	1	0.0
8383	8383	1	0.0
8416	8408	1	0.0
8387	8376	1	0.0
8439	8439	1	0.0
8397	8397	1	0.0
8387	8377	1	0.0
8384	8374	1	0.0
8408	8415	1	0.0
8387	8378	1	0.0
8408	8416	1	0.0
8347	8347	1	0.0
8306	8306	1	0.0
8397	8404	1	0.0
8259	8259	1	0.0
8408	8417	1	0.0
8439	8445	1	0.0
8344	8344	1	0.0
8416	8416	1	0.0
8431	8425	1	0.0
8411	8405	1	0.0
8431	8426	1	0.0
8444	8453	1	0.0
8458	8446	1	0.0
8387	8387	1	0.0
8400	8400	1	0.0
8377	8387	1	0.0
8444	8454	1	0.0
8431	8431	1	0.0
8452	8452	1	0.0
8442	8442	1	0.0
8458	8447	1	0.0
8411	8411	1	0.0
8454	8454	1	0.0
8457	8445	1	0.0
8305	8310	1	0.0
8348	8348	1	0.0
8444	8455	1	0.0
8417	8408	1	0.0
8458	8448	1	0.0
8327	8327	1	0.0
8359	8359	1	0.0
8446	8446	1	0.0
8448	8441	1	0.0
8307	8303	1	0.0
8429	8429	1	0.0
8380	8370	1	0.0
8447	8447	1	0.0
8440	8440	1	0.0
8459	8459	1	0.0
8370	8379	1	0.0
8412	8405	1	0.0
8380	8371	1	0.0
8470	8470	1	0.0
8370	8380	1	0.0
8474	8474	1	0.0
8362	8362	1	0.0
8307	8307	1	0.0
8458	8458	1	0.0
8370	8381	1	0.0
8472	8472	1	0.0
8298	8304	1	0.0
8446	8458	1	0.0
8363	8363	1	0.0
8464	8464	1	0.0
8447	8458	1	0.0
8417	8417	1	0.0
8429	8436	1	0.0
8374	8364	1	0.0
8453	8453	1	0.0
8455	8455	1	0.0
8448	8448	1	0.0
8446	8459	1	0.0
8457	8457	1	0.0
8440	8445	1	0.0
8401	8401	1	0.0
8486	8486	1	0.0
8412	8412	1	0.0
8447	8459	1	0.0
8374	8365	1	0.0
8460	8446	1	0.0
8459	8446	1	0.0
8446	8460	1	0.0
8447	8460	1	0.0
8484	8484	1	0.0
8475	8470	1	0.0
8464	8472	1	0.0
8289	8289	1	0.0
8363	8372	1	0.0
8374	8366	1	0.0
8459	8447	1	0.0
8455	8443	1	0.0
8460	8447	1	0.0
8295	8303	1	0.0
8308	8304	1	0.0
8453	8443	1	0.0
8367	8367	1	0.0
8450	8450	1	0.0
8459	8448	1	0.0
8373	8382	1	0.0
8363	8373	1	0.0
8374	8367	1	0.0
8460	8448	1	0.0
8455	8444	1	0.0
8299	8289	1	0.0
8453	8444	1	0.0
8493	8502	1	0.0
8495	8495	1	0.0
8484	8490	1	0.0
8299	8290	1	0.0
8387	8379	1	0.0
8415	8408	1	0.0
8475	8475	1	0.0
8308	8308	1	0.0
8375	8368	1	0.0
8484	8491	1	0.0
8367	8374	1	0.0
8493	8503	1	0.0
8387	8380	1	0.0
8299	8291	1	0.0
8413	8405	1	0.0
8375	8369	1	0.0
8387	8381	1	0.0
8488	8482	1	0.0
8441	8446	1	0.0
8299	8292	1	0.0
8493	8504	1	0.0
8495	8502	1	0.0
8289	8299	1	0.0
8375	8375	1	0.0
8415	8415	1	0.0
8456	8445	1	0.0
8476	8470	1	0.0
8441	8447	1	0.0
8368	8368	1	0.0
8332	8332	1	0.0
8495	8503	1	0.0
8289	8300	1	0.0
8309	8304	1	0.0
8460	8460	1	0.0
8402	8402	1	0.0
8381	8381	1	0.0
8465	8465	1	0.0
8418	8418	1	0.0
8441	8448	1	0.0
8495	8504	1	0.0
8461	8461	1	0.0
8446	8441	1	0.0
8443	8437	1	0.0
8381	8370	1	0.0
8398	8398	1	0.0
8465	8472	1	0.0
8504	8504	1	0.0
8510	8510	1	0.0
8476	8476	1	0.0
8299	8299	1	0.0
8498	8498	1	0.0
8488	8488	1	0.0
8443	8438	1	0.0
8409	8409	1	0.0
8381	8371	1	0.0
8390	8390	1	0.0
8332	8339	1	0.0
8497	8497	1	0.0
8309	8309	1	0.0
8500	8500	1	0.0
8461	8471	1	0.0
8456	8456	1	0.0
8493	8493	1	0.0
8473	8473	1	0.0
8392	8392	1	0.0
8443	8443	1	0.0
8503	8493	1	0.0
8371	8379	1	0.0
8422	8422	1	0.0
8476	8471	1	0.0
8512	8520	1	0.0
8430	8430	1	0.0
8502	8493	1	0.0
8290	8290	1	0.0
8310	8305	1	0.0
8371	8380	1	0.0
8403	8403	1	0.0
8503	8494	1	0.0
8520	8514	1	0.0
8279	8269	1	0.0
8518	8509	1	0.0
8510	8519	1	0.0
8414	8407	1	0.0
8502	8494	1	0.0
8333	8333	1	0.0
8371	8381	1	0.0
8503	8495	1	0.0
8433	8427	1	0.0
8279	8270	1	0.0
8300	8289	1	0.0
8399	8399	1	0.0
8514	8507	1	0.0
8502	8495	1	0.0
8448	8458	1	0.0
8299	8305	1	0.0
8310	8310	1	0.0
8520	8520	1	0.0
8467	8467	1	0.0
8300	8290	1	0.0
8487	8482	1	0.0
8514	8508	1	0.0
8526	8536	1	0.0
8448	8459	1	0.0
8454	8443	1	0.0
8303	8295	1	0.0
8521	8521	1	0.0
8466	8466	1	0.0
8300	8291	1	0.0
8502	8502	1	0.0
8448	8460	1	0.0
8530	8521	1	0.0
8518	8518	1	0.0
8364	8364	1	0.0
8433	8433	1	0.0
8503	8503	1	0.0
8454	8444	1	0.0
8290	8299	1	0.0
8300	8292	1	0.0
8477	8471	1	0.0
8333	8339	1	0.0
8528	8528	1	0.0
8290	8300	1	0.0
8466	8472	1	0.0
8524	8534	1	0.0
8444	8437	1	0.0
8521	8528	1	0.0
8310	8306	1	0.0
8487	8487	1	0.0
8390	8396	1	0.0
8423	8423	1	0.0
8524	8535	1	0.0
8514	8514	1	0.0
8368	8375	1	0.0
8521	8529	1	0.0
8444	8438	1	0.0
8378	8387	1	0.0
8434	8427	1	0.0
8364	8374	1	0.0
8485	8485	1	0.0
8424	8424	1	0.0
8513	8513	1	0.0
8524	8536	1	0.0
8368	8376	1	0.0
8521	8530	1	0.0
8536	8524	1	0.0
8530	8530	1	0.0
8404	8397	1	0.0
8447	8441	1	0.0
8323	8323	1	0.0
8499	8499	1	0.0
8368	8377	1	0.0
8477	8477	1	0.0
8375	8387	1	0.0
8527	8527	1	0.0
8536	8525	1	0.0
8368	8378	1	0.0
8504	8493	1	0.0
8513	8520	1	0.0
8300	8305	1	0.0
8404	8404	1	0.0
8536	8536	1	0.0
8536	8526	1	0.0
8485	8492	1	0.0
8504	8494	1	0.0
8564	8564	1	0.0
8516	8509	1	0.0
8434	8434	1	0.0
8391	8391	1	0.0
8524	8524	1	0.0
8424	8430	1	0.0
8531	8531	1	0.0
8544	8544	1	0.0
8504	8495	1	0.0
8336	8336	1	0.0
8489	8483	1	0.0
8451	8451	1	0.0
8291	8291	1	0.0
8467	8473	1	0.0
8577	8577	1	0.0
8445	8445	1	0.0
8468	8468	1	0.0
8467	8474	1	0.0
8515	8507	1	0.0
8561	8561	1	0.0
8435	8427	1	0.0
8527	8537	1	0.0
8541	8541	1	0.0
8516	8516	1	0.0
8537	8527	1	0.0
8471	8461	1	0.0
8515	8508	1	0.0
8416	8412	1	0.0
8427	8427	1	0.0
8531	8522	1	0.0
8573	8573	1	0.0
8489	8489	1	0.0
8591	8591	1	0.0
8471	8462	1	0.0
8425	8425	1	0.0
8563	8563	1	0.0
8442	8449	1	0.0
8531	8523	1	0.0
8545	8538	1	0.0
8445	8456	1	0.0
8301	8306	1	0.0
8478	8478	1	0.0
8525	8525	1	0.0
8442	8450	1	0.0
8505	8505	1	0.0
8471	8471	1	0.0
8291	8299	1	0.0
8445	8457	1	0.0
8425	8431	1	0.0
8435	8435	1	0.0
8442	8451	1	0.0
8591	8599	1	0.0
8600	8600	1	0.0
8478	8484	1	0.0
8449	8442	1	0.0
8291	8300	1	0.0
8537	8537	1	0.0
8442	8452	1	0.0
8505	8510	1	0.0
8425	8432	1	0.0
8591	8600	1	0.0
8529	8529	1	0.0
8515	8515	1	0.0
8545	8545	1	0.0
8436	8428	1	0.0
8417	8412	1	0.0
8445	8439	1	0.0
8486	8492	1	0.0
8517	8509	1	0.0
8574	8574	1	0.0
8596	8596	1	0.0
8511	8511	1	0.0
8436	8429	1	0.0
8542	8542	1	0.0
8445	8440	1	0.0
8604	8604	1	0.0
8507	8507	1	0.0
8468	8473	1	0.0
8614	8614	1	0.0
8405	8405	1	0.0
8578	8570	1	0.0
8532	8532	1	0.0
8534	8524	1	0.0
8546	8539	1	0.0
8565	8565	1	0.0
8482	8482	1	0.0
8449	8449	1	0.0
8601	8601	1	0.0
8494	8494	1	0.0
8610	8610	1	0.0
8468	8474	1	0.0
8609	8609	1	0.0
8525	8534	1	0.0
8578	8571	1	0.0
8534	8525	1	0.0
8606	8606	1	0.0
8469	8469	1	0.0
8479	8479	1	0.0
8599	8591	1	0.0
8534	8526	1	0.0
8525	8535	1	0.0
8511	8520	1	0.0
8615	8606	1	0.0
8324	8324	1	0.0
8517	8517	1	0.0
8568	8568	1	0.0
8405	8411	1	0.0
8436	8436	1	0.0
8601	8607	1	0.0
8578	8578	1	0.0
8599	8592	1	0.0
8525	8536	1	0.0
8462	8462	1	0.0
8405	8412	1	0.0
8479	8485	1	0.0
8494	8502	1	0.0
8546	8546	1	0.0
8601	8608	1	0.0
8405	8413	1	0.0
8415	8412	1	0.0
8528	8521	1	0.0
8479	8486	1	0.0
8606	8615	1	0.0
8292	8292	1	0.0
8532	8522	1	0.0
8408	8406	1	0.0
8575	8575	1	0.0
8494	8503	1	0.0
8605	8598	1	0.0
8606	8616	1	0.0
8462	8471	1	0.0
8490	8484	1	0.0
8532	8523	1	0.0
8599	8599	1	0.0
8494	8504	1	0.0
8534	8534	1	0.0
8508	8508	1	0.0
8543	8543	1	0.0
8606	8617	1	0.0
8483	8483	1	0.0
8450	8442	1	0.0
8605	8599	1	0.0
8615	8615	1	0.0
8506	8506	1	0.0
8611	8602	1	0.0
8490	8490	1	0.0
8406	8406	1	0.0
8569	8569	1	0.0
8611	8611	1	0.0
8546	8541	1	0.0
8480	8480	1	0.0
8443	8453	1	0.0
8611	8603	1	0.0
8526	8526	1	0.0
8533	8533	1	0.0
8406	8408	1	0.0
8617	8606	1	0.0
8443	8454	1	0.0
8611	8604	1	0.0
8522	8522	1	0.0
8469	8473	1	0.0
8406	8409	1	0.0
8566	8566	1	0.0
8506	8511	1	0.0
8426	8426	1	0.0
8535	8524	1	0.0
8443	8455	1	0.0
8480	8485	1	0.0
8469	8474	1	0.0
8437	8437	1	0.0
8406	8410	1	0.0
8616	8606	1	0.0
8506	8512	1	0.0
8535	8525	1	0.0
8480	8486	1	0.0
8491	8484	1	0.0
8537	8528	1	0.0
8605	8605	1	0.0
8535	8526	1	0.0
8437	8443	1	0.0
8496	8496	1	0.0
8506	8513	1	0.0
8596	8602	1	0.0
8547	8547	1	0.0
8426	8431	1	0.0
8576	8576	1	0.0
8437	8444	1	0.0
8602	8602	1	0.0
8570	8570	1	0.0
8522	8531	1	0.0
8426	8432	1	0.0
8596	8603	1	0.0
8491	8491	1	0.0
8522	8532	1	0.0
8607	8607	1	0.0
8481	8481	1	0.0
8596	8604	1	0.0
8522	8533	1	0.0
8617	8617	1	0.0
8570	8578	1	0.0
8509	8509	1	0.0
8616	8616	1	0.0
8618	8618	1	0.0
8551	8551	1	0.0
8597	8597	1	0.0
8451	8442	1	0.0
8600	8591	1	0.0
8409	8406	1	0.0
8470	8475	1	0.0
8481	8485	1	0.0
8533	8522	1	0.0
8602	8609	1	0.0
8481	8486	1	0.0
8470	8476	1	0.0
8438	8438	1	0.0
8600	8592	1	0.0
8538	8538	1	0.0
8612	8605	1	0.0
8533	8523	1	0.0
8472	8463	1	0.0
8602	8610	1	0.0
8535	8535	1	0.0
8579	8579	1	0.0
8548	8548	1	0.0
8518	8510	1	0.0
8472	8464	1	0.0
8438	8443	1	0.0
8592	8592	1	0.0
8602	8611	1	0.0
8472	8465	1	0.0
8472	8466	1	0.0
8579	8586	1	0.0
8618	8626	1	0.0
8606	8600	1	0.0
8507	8514	1	0.0
8523	8523	1	0.0
8612	8612	1	0.0
8501	8501	1	0.0
8538	8544	1	0.0
8529	8521	1	0.0
8579	8587	1	0.0
8507	8515	1	0.0
8592	8599	1	0.0
8482	8487	1	0.0
8510	8505	1	0.0
8482	8488	1	0.0
8552	8552	1	0.0
8538	8545	1	0.0
8592	8600	1	0.0
8484	8478	1	0.0
8621	8621	1	0.0
8523	8531	1	0.0
8519	8510	1	0.0
8523	8532	1	0.0
8540	8540	1	0.0
8613	8605	1	0.0
8471	8477	1	0.0
8533	8524	1	0.0
8584	8584	1	0.0
8523	8533	1	0.0
8473	8467	1	0.0
8533	8525	1	0.0
8552	8558	1	0.0
8473	8468	1	0.0
8533	8526	1	0.0
8603	8603	1	0.0
8595	8595	1	0.0
8580	8580	1	0.0
8483	8489	1	0.0
8492	8485	1	0.0
8473	8469	1	0.0
8552	8559	1	0.0
8485	8479	1	0.0
8519	8519	1	0.0
8512	8512	1	0.0
8492	8486	1	0.0
8580	8586	1	0.0
8485	8480	1	0.0
8613	8613	1	0.0
8485	8481	1	0.0
8580	8587	1	0.0
8427	8433	1	0.0
8603	8609	1	0.0
8492	8492	1	0.0
8508	8514	1	0.0
8555	8555	1	0.0
8463	8463	1	0.0
8427	8434	1	0.0
8603	8610	1	0.0
8508	8515	1	0.0
8474	8467	1	0.0
8553	8553	1	0.0
8603	8611	1	0.0
8622	8622	1	0.0
8427	8435	1	0.0
8474	8468	1	0.0
8614	8605	1	0.0
8463	8472	1	0.0
8619	8619	1	0.0
8474	8469	1	0.0
8430	8424	1	0.0
8486	8479	1	0.0
8581	8581	1	0.0
8539	8539	1	0.0
8556	8556	1	0.0
8486	8480	1	0.0
8571	8571	1	0.0
8486	8481	1	0.0
8623	8623	1	0.0
8520	8511	1	0.0
8571	8578	1	0.0
8597	8602	1	0.0
8520	8512	1	0.0
8509	8516	1	0.0
8597	8603	1	0.0
8520	8513	1	0.0
8509	8517	1	0.0
8608	8608	1	0.0
8539	8546	1	0.0
8597	8604	1	0.0
8509	8518	1	0.0
8512	8506	1	0.0
8585	8585	1	0.0
8557	8557	1	0.0
8624	8624	1	0.0
8582	8582	1	0.0
8604	8609	1	0.0
8554	8554	1	0.0
8604	8610	1	0.0
8604	8611	1	0.0
8598	8598	1	0.0
8625	8625	1	0.0
8583	8583	1	0.0
8513	8506	1	0.0
8620	8620	1	0.0
8598	8605	1	0.0
8601	8593	1	0.0
8605	8612	1	0.0
8601	8594	1	0.0
8605	8613	1	0.0
8586	8579	1	0.0
8558	8552	1	0.0
8605	8614	1	0.0
8586	8580	1	0.0
8608	8601	1	0.0
8558	8558	1	0.0
8572	8572	1	0.0
8586	8586	1	0.0
8544	8538	1	0.0
8511	8506	1	0.0
8593	8593	1	0.0
8587	8579	1	0.0
8559	8552	1	0.0
8526	8534	1	0.0
8587	8580	1	0.0
8526	8535	1	0.0
8587	8587	1	0.0
8559	8559	1	0.0
8599	8605	1	0.0
8560	8560	1	0.0
8593	8601	1	0.0
8601	8595	1	0.0
8601	8596	1	0.0
8601	8597	1	0.0
8607	8601	1	0.0
8626	8618	1	0.0
8626	8626	1	0.0
8600	8606	1	0.0
8543	8538	1	0.0
8602	8595	1	0.0
8594	8594	1	0.0
8602	8596	1	0.0
8602	8597	1	0.0
8609	8602	1	0.0
8609	8603	1	0.0
8609	8604	1	0.0
8594	8601	1	0.0
8603	8595	1	0.0
8603	8596	1	0.0
8603	8597	1	0.0
8610	8602	1	0.0
8610	8603	1	0.0
8610	8604	1	0.0
8604	8595	1	0.0
8604	8596	1	0.0
8604	8597	1	0.0
8595	8602	1	0.0
8595	8603	1	0.0
8595	8604	1	0.0
