8244	8245	0	0.36006466
8244	8245	1	0.34909075
8244	8245	2	0.29084456
8244	8246	0	0.3345655
8244	8246	1	0.29914576
8244	8246	2	0.36628875
8245	8246	0	0.27610058
8245	8246	1	0.3388539
8245	8246	2	0.3850456
8245	8247	0	0.30119434
8245	8247	1	0.40158486
8245	8247	2	0.29722083
8245	8248	0	0.28271383
8245	8248	1	0.4343559
8245	8248	2	0.28293023
8246	8247	0	0.30925718
8246	8247	1	0.41616404
8246	8247	2	0.27457878
8246	8248	0	0.28934902
8246	8248	1	0.44580162
8246	8248	2	0.26484933
8247	8248	0	0.3521664
8247	8248	1	0.4192622
8247	8248	2	0.22857144
8247	8249	0	0.40185496
8247	8249	1	0.39337835
8247	8249	2	0.20476672
8247	8250	0	0.37337407
8247	8250	1	0.388271
8247	8250	2	0.23835494
8247	8251	0	0.37337407
8247	8251	1	0.388271
8247	8251	2	0.23835494
8248	8249	0	0.35509738
8248	8249	1	0.39169788
8248	8249	2	0.25320476
8248	8250	0	0.35432434
8248	8250	1	0.37444687
8248	8250	2	0.2712288
8248	8251	0	0.35432434
8248	8251	1	0.37444687
8248	8251	2	0.2712288
8249	8250	0	0.3204069
8249	8250	1	0.39519787
8249	8250	2	0.28439528
8249	8251	0	0.3204069
8249	8251	1	0.39519787
8249	8251	2	0.28439528
8252	8253	0	0.39450592
8252	8253	1	0.3401462
8252	8253	2	0.26534793
8253	8254	0	0.40840986
8253	8254	1	0.38759923
8253	8254	2	0.20399086
8253	8255	0	0.33167943
8253	8255	1	0.44364095
8253	8255	2	0.22467956
8253	8256	0	0.38930067
8253	8256	1	0.38999903
8253	8256	2	0.22070028
8254	8255	0	0.30147693
8254	8255	1	0.3100196
8254	8255	2	0.3885035
8254	8256	0	0.35550973
8254	8256	1	0.32021385
8254	8256	2	0.32427642
8255	8256	0	0.32501236
8255	8256	1	0.42368153
8255	8256	2	0.25130606
8254	8257	0	0.35377762
8254	8257	1	0.3647144
8254	8257	2	0.281508
8255	8257	0	0.32583833
8255	8257	1	0.40317193
8255	8257	2	0.27098975
8256	8257	0	0.36907834
8256	8257	1	0.3699867
8256	8257	2	0.26093498
8258	8259	0	0.2857217
8258	8259	1	0.4043667
8258	8259	2	0.30991164
8258	8260	0	0.28552213
8258	8260	1	0.38216382
8258	8260	2	0.332314
8259	8260	0	0.30540916
8259	8260	1	0.39216247
8259	8260	2	0.3024284
8260	8261	0	0.25709295
8260	8261	1	0.4764304
8260	8261	2	0.2664767
8260	8262	0	0.29805645
8260	8262	1	0.4526626
8260	8262	2	0.24928093
8261	8262	0	0.32395545
8261	8262	1	0.38799727
8261	8262	2	0.28804728
8263	8264	0	0.38089627
8263	8264	1	0.29583704
8263	8264	2	0.32326666
8264	8265	0	0.33141434
8264	8265	1	0.39229822
8264	8265	2	0.27628744
8265	8266	0	0.32321241
8265	8266	1	0.39010337
8265	8266	2	0.2866842
8267	8268	0	0.32731754
8267	8268	1	0.31158313
8267	8268	2	0.36109936
8269	8270	0	0.3350143
8269	8270	1	0.4001834
8269	8270	2	0.26480225
8269	8271	0	0.33575058
8269	8271	1	0.41350383
8269	8271	2	0.2507456
8269	8272	0	0.2757569
8269	8272	1	0.47495824
8269	8272	2	0.2492849
8270	8271	0	0.28993857
8270	8271	1	0.42137992
8270	8271	2	0.28868154
8270	8272	0	0.29006815
8270	8272	1	0.47693145
8270	8272	2	0.23300043
8271	8272	0	0.26853925
8271	8272	1	0.46393412
8271	8272	2	0.26752663
8269	8273	0	0.32186988
8269	8273	1	0.37378785
8269	8273	2	0.30434224
8269	8274	0	0.35575235
8269	8274	1	0.36247787
8269	8274	2	0.28176975
8270	8273	0	0.2888018
8270	8273	1	0.38094282
8270	8273	2	0.33025533
8270	8274	0	0.3378828
8270	8274	1	0.36915976
8270	8274	2	0.29295743
8271	8273	0	0.32224903
8271	8273	1	0.35733634
8271	8273	2	0.3204146
8271	8274	0	0.36586243
8271	8274	1	0.3395407
8271	8274	2	0.29459682
8272	8273	0	0.3273492
8272	8273	1	0.3628936
8272	8273	2	0.3097572
8272	8274	0	0.358113
8272	8274	1	0.362961
8272	8274	2	0.27892604
8273	8274	0	0.39438775
8273	8274	1	0.31879136
8273	8274	2	0.28682086
8273	8275	0	0.3762194
8273	8275	1	0.3217851
8273	8275	2	0.30199552
8273	8276	0	0.35497198
8273	8276	1	0.33807176
8273	8276	2	0.3069563
8273	8277	0	0.37638813
8273	8277	1	0.3428936
8273	8277	2	0.2807183
8273	8278	0	0.41534987
8273	8278	1	0.32386315
8273	8278	2	0.260787
8274	8275	0	0.34137243
8274	8275	1	0.37623912
8274	8275	2	0.28238842
8274	8276	0	0.3437461
8274	8276	1	0.34320098
8274	8276	2	0.3130529
8274	8277	0	0.34678498
8274	8277	1	0.37525475
8274	8277	2	0.2779603
8274	8278	0	0.37752184
8274	8278	1	0.35228625
8274	8278	2	0.27019188
8275	8276	0	0.349324
8275	8276	1	0.38407582
8275	8276	2	0.26660016
8275	8277	0	0.33261323
8275	8277	1	0.40795147
8275	8277	2	0.2594353
8275	8278	0	0.34640303
8275	8278	1	0.39865714
8275	8278	2	0.25493982
8276	8277	0	0.29401833
8276	8277	1	0.4502633
8276	8277	2	0.2557184
8276	8278	0	0.36398646
8276	8278	1	0.3883544
8276	8278	2	0.24765915
8277	8278	0	0.31251845
8277	8278	1	0.4154819
8277	8278	2	0.2719996
8275	8279	0	0.33261323
8275	8279	1	0.40795147
8275	8279	2	0.2594353
8275	8280	0	0.3640552
8275	8280	1	0.36457548
8275	8280	2	0.27136934
8275	8281	0	0.38124102
8275	8281	1	0.3668871
8275	8281	2	0.2518719
8275	8282	0	0.37172002
8275	8282	1	0.36480403
8275	8282	2	0.26347592
8276	8279	0	0.29401833
8276	8279	1	0.4502633
8276	8279	2	0.2557184
8276	8280	0	0.2840238
8276	8280	1	0.41771394
8276	8280	2	0.2982623
8276	8281	0	0.28530604
8276	8281	1	0.42462784
8276	8281	2	0.29006612
8276	8282	0	0.2998477
8276	8282	1	0.424656
8276	8282	2	0.27549633
8277	8280	0	0.34131432
8277	8280	1	0.38628072
8277	8280	2	0.2724049
8277	8281	0	0.3164822
8277	8281	1	0.35163155
8277	8281	2	0.3318863
8277	8282	0	0.34478703
8277	8282	1	0.372575
8277	8282	2	0.28263795
8278	8279	0	0.29368982
8278	8279	1	0.36565593
8278	8279	2	0.34065428
8278	8280	0	0.31536052
8278	8280	1	0.33008468
8278	8280	2	0.3545548
8278	8281	0	0.29422486
8278	8281	1	0.29837584
8278	8281	2	0.40739924
8278	8282	0	0.3334025
8278	8282	1	0.28627688
8278	8282	2	0.38032058
8279	8280	0	0.34131432
8279	8280	1	0.38628072
8279	8280	2	0.2724049
8279	8281	0	0.3164822
8279	8281	1	0.35163155
8279	8281	2	0.3318863
8279	8282	0	0.34478703
8279	8282	1	0.372575
8279	8282	2	0.28263795
8280	8281	0	0.2913665
8280	8281	1	0.42080137
8280	8281	2	0.28783208
8280	8282	0	0.33403412
8280	8282	1	0.41520247
8280	8282	2	0.25076342
8281	8282	0	0.33479756
8281	8282	1	0.4234503
8281	8282	2	0.24175207
8279	8283	0	0.3765953
8279	8283	1	0.3876126
8279	8283	2	0.23579215
8279	8284	0	0.3683764
8279	8284	1	0.36972618
8279	8284	2	0.26189736
8279	8285	0	0.33921623
8279	8285	1	0.3653655
8279	8285	2	0.29541826
8280	8283	0	0.32291538
8280	8283	1	0.3903314
8280	8283	2	0.28675324
8280	8284	0	0.36739162
8280	8284	1	0.37946287
8280	8284	2	0.25314558
8280	8285	0	0.2725774
8280	8285	1	0.43123734
8280	8285	2	0.29618528
8281	8283	0	0.35351768
8281	8283	1	0.34108487
8281	8283	2	0.30539748
8281	8284	0	0.37520722
8281	8284	1	0.36093614
8281	8284	2	0.26385665
8281	8285	0	0.32355443
8281	8285	1	0.4060839
8281	8285	2	0.2703617
8282	8283	0	0.3281432
8282	8283	1	0.3898567
8282	8283	2	0.2820001
8282	8284	0	0.3471224
8282	8284	1	0.38057795
8282	8284	2	0.27229962
8282	8285	0	0.31059107
8282	8285	1	0.38121498
8282	8285	2	0.3081939
8283	8284	0	0.3151263
8283	8284	1	0.40621996
8283	8284	2	0.2786537
8283	8285	0	0.3544272
8283	8285	1	0.3954002
8283	8285	2	0.2501726
8284	8285	0	0.29995054
8284	8285	1	0.3901537
8284	8285	2	0.30989575
8283	8286	0	0.2946382
8283	8286	1	0.40843445
8283	8286	2	0.2969273
8284	8286	0	0.25648248
8284	8286	1	0.4231348
8284	8286	2	0.32038274
8285	8286	0	0.28936616
8285	8286	1	0.43091357
8285	8286	2	0.27972034
8286	8287	0	0.3331281
8286	8287	1	0.3957808
8286	8287	2	0.2710911
8286	8288	0	0.34545195
8286	8288	1	0.39830714
8286	8288	2	0.25624087
8287	8288	0	0.30348045
8287	8288	1	0.4160856
8287	8288	2	0.28043392
8289	8290	0	0.3485174
8289	8290	1	0.3988735
8289	8290	2	0.25260907
8289	8291	0	0.32914758
8289	8291	1	0.41543493
8289	8291	2	0.25541756
8289	8292	0	0.3064389
8289	8292	1	0.45441642
8289	8292	2	0.23914471
8290	8291	0	0.35540813
8290	8291	1	0.3737615
8290	8291	2	0.27083036
8290	8292	0	0.35602835
8290	8292	1	0.41048837
8290	8292	2	0.23348327
8291	8292	0	0.32947034
8291	8292	1	0.39995623
8291	8292	2	0.2705734
8289	8293	0	0.28998306
8289	8293	1	0.47718093
8289	8293	2	0.232836
8289	8294	0	0.3060851
8289	8294	1	0.38553143
8289	8294	2	0.30838344
8290	8293	0	0.40603018
8290	8293	1	0.34941158
8290	8293	2	0.24455829
8290	8294	0	0.37270904
8290	8294	1	0.3344078
8290	8294	2	0.29288313
8291	8293	0	0.3225016
8291	8293	1	0.37859172
8291	8293	2	0.29890674
8291	8294	0	0.29761612
8291	8294	1	0.34406522
8291	8294	2	0.3583187
8292	8293	0	0.34299612
8292	8293	1	0.37534827
8292	8293	2	0.2816556
8292	8294	0	0.29257163
8292	8294	1	0.35940805
8292	8294	2	0.34802032
8293	8294	0	0.35379535
8293	8294	1	0.32432705
8293	8294	2	0.32187757
8293	8295	0	0.4278685
8293	8295	1	0.35314852
8293	8295	2	0.21898304
8294	8295	0	0.31271
8294	8295	1	0.41776174
8294	8295	2	0.26952824
8295	8296	0	0.34487152
8295	8296	1	0.3963128
8295	8296	2	0.25881568
8295	8297	0	0.3617373
8295	8297	1	0.36039758
8295	8297	2	0.27786514
8295	8298	0	0.40974262
8295	8298	1	0.34479085
8295	8298	2	0.2454666
8296	8297	0	0.3398792
8296	8297	1	0.37319058
8296	8297	2	0.28693014
8296	8298	0	0.4130314
8296	8298	1	0.33115226
8296	8298	2	0.2558164
8297	8298	0	0.39438775
8297	8298	1	0.31879136
8297	8298	2	0.28682086
8296	8299	0	0.35039437
8296	8299	1	0.35143173
8296	8299	2	0.2981739
8296	8300	0	0.36263284
8296	8300	1	0.38828042
8296	8300	2	0.24908674
8297	8299	0	0.41090932
8297	8299	1	0.30927855
8297	8299	2	0.27981213
8297	8300	0	0.3762194
8297	8300	1	0.3217851
8297	8300	2	0.30199552
8298	8299	0	0.37493476
8298	8299	1	0.31184542
8298	8299	2	0.31321985
8298	8300	0	0.34137243
8298	8300	1	0.37623912
8298	8300	2	0.28238842
8299	8300	0	0.3399369
8299	8300	1	0.3555596
8299	8300	2	0.3045035
8299	8301	0	0.38010454
8299	8301	1	0.304187
8299	8301	2	0.31570846
8299	8302	0	0.39386022
8299	8302	1	0.28241077
8299	8302	2	0.32372907
8300	8301	0	0.39991814
8300	8301	1	0.34309924
8300	8301	2	0.25698262
8300	8302	0	0.3745595
8300	8302	1	0.345928
8300	8302	2	0.2795125
8301	8302	0	0.3492764
8301	8302	1	0.35147035
8301	8302	2	0.29925323
8301	8303	0	0.33912346
8301	8303	1	0.40397087
8301	8303	2	0.2569057
8302	8303	0	0.34183007
8302	8303	1	0.39908102
8302	8303	2	0.2590889
8303	8304	0	0.34150344
8303	8304	1	0.35760805
8303	8304	2	0.30088854
8304	8305	0	0.31439283
8304	8305	1	0.4326353
8304	8305	2	0.25297183
8305	8306	0	0.38156837
8305	8306	1	0.3559422
8305	8306	2	0.2624895
8306	8307	0	0.38225892
8306	8307	1	0.33337858
8306	8307	2	0.2843624
8307	8308	0	0.33595982
8307	8308	1	0.42231864
8307	8308	2	0.24172156
8307	8309	0	0.34568796
8307	8309	1	0.40613973
8307	8309	2	0.24817231
8308	8309	0	0.36730617
8308	8309	1	0.38120243
8308	8309	2	0.25149137
8308	8310	0	0.36730617
8308	8310	1	0.38120243
8308	8310	2	0.25149137
8311	8312	0	0.33861974
8311	8312	1	0.34126052
8311	8312	2	0.32011977
8313	8314	0	0.3267408
8313	8314	1	0.37044394
8313	8314	2	0.3028153
8315	8316	0	0.31523296
8315	8316	1	0.37906995
8315	8316	2	0.30569705
8317	8318	0	0.33229214
8317	8318	1	0.41936803
8317	8318	2	0.24833982
8317	8319	0	0.31493077
8317	8319	1	0.40463492
8317	8319	2	0.28043434
8317	8320	0	0.34312323
8317	8320	1	0.42302227
8317	8320	2	0.2338545
8318	8319	0	0.30200848
8318	8319	1	0.4534861
8318	8319	2	0.24450539
8318	8320	0	0.29973674
8318	8320	1	0.4826457
8318	8320	2	0.21761753
8319	8320	0	0.2884656
8319	8320	1	0.46395624
8319	8320	2	0.24757814
8317	8321	0	0.3459309
8317	8321	1	0.42314374
8317	8321	2	0.23092541
8317	8322	0	0.31998158
8317	8322	1	0.37577578
8317	8322	2	0.3042427
8318	8321	0	0.31234917
8318	8321	1	0.48506543
8318	8321	2	0.20258537
8318	8322	0	0.31693605
8318	8322	1	0.42824054
8318	8322	2	0.2548234
8319	8321	0	0.2814067
8319	8321	1	0.49267587
8319	8321	2	0.22591741
8319	8322	0	0.2962105
8319	8322	1	0.4105585
8319	8322	2	0.29323107
8320	8321	0	0.37332478
8320	8321	1	0.41849497
8320	8321	2	0.20818026
8320	8322	0	0.33068627
8320	8322	1	0.37678632
8320	8322	2	0.29252738
8321	8322	0	0.29304653
8321	8322	1	0.40193763
8321	8322	2	0.3050158
8323	8324	0	0.33063266
8323	8324	1	0.40495554
8323	8324	2	0.26441184
8323	8325	0	0.26817545
8323	8325	1	0.44525427
8323	8325	2	0.28657037
8323	8326	0	0.3065448
8323	8326	1	0.38897887
8323	8326	2	0.30447626
8323	8327	0	0.3658117
8323	8327	1	0.36262214
8323	8327	2	0.2715661
8324	8325	0	0.31112775
8324	8325	1	0.37780944
8324	8325	2	0.31106278
8324	8326	0	0.37175986
8324	8326	1	0.34261876
8324	8326	2	0.28562135
8324	8327	0	0.4134563
8324	8327	1	0.32588124
8324	8327	2	0.2606625
8325	8326	0	0.2904529
8325	8326	1	0.4282146
8325	8326	2	0.28133246
8325	8327	0	0.34670633
8325	8327	1	0.4041712
8325	8327	2	0.24912246
8326	8327	0	0.38169625
8326	8327	1	0.339652
8326	8327	2	0.27865177
8323	8328	0	0.3470583
8323	8328	1	0.35721412
8323	8328	2	0.29572755
8323	8329	0	0.29317153
8323	8329	1	0.33614656
8323	8329	2	0.37068185
8324	8328	0	0.4115341
8324	8328	1	0.3607043
8324	8328	2	0.2277616
8324	8329	0	0.36471826
8324	8329	1	0.33171704
8324	8329	2	0.30356473
8325	8328	0	0.31574675
8325	8328	1	0.43400404
8325	8328	2	0.25024918
8325	8329	0	0.30165374
8325	8329	1	0.38489282
8325	8329	2	0.31345347
8326	8328	0	0.38669476
8326	8328	1	0.36142948
8326	8328	2	0.2518758
8326	8329	0	0.3264557
8326	8329	1	0.35214183
8326	8329	2	0.32140243
8327	8328	0	0.29510912
8327	8328	1	0.4123865
8327	8328	2	0.2925043
8327	8329	0	0.2862853
8327	8329	1	0.3533346
8327	8329	2	0.36038014
8328	8329	0	0.30311736
8328	8329	1	0.3413347
8328	8329	2	0.35554793
8328	8330	0	0.3243919
8328	8330	1	0.3225998
8328	8330	2	0.35300833
8328	8331	0	0.32433832
8328	8331	1	0.36453193
8328	8331	2	0.31112972
8329	8330	0	0.33038464
8329	8330	1	0.36463514
8329	8330	2	0.30498022
8329	8331	0	0.32702187
8329	8331	1	0.38471124
8329	8331	2	0.28826693
8330	8331	0	0.36101967
8330	8331	1	0.37896368
8330	8331	2	0.26001668
8332	8333	0	0.39242738
8332	8333	1	0.33703908
8332	8333	2	0.2705335
8332	8334	0	0.36380434
8332	8334	1	0.3354382
8332	8334	2	0.30075747
8333	8334	0	0.30476442
8333	8334	1	0.39309987
8333	8334	2	0.30213568
8334	8335	0	0.29632726
8334	8335	1	0.43859282
8334	8335	2	0.2650799
8335	8336	0	0.35707688
8335	8336	1	0.32417643
8335	8336	2	0.31874666
8335	8337	0	0.3217891
8335	8337	1	0.31945866
8335	8337	2	0.35875228
8335	8338	0	0.28558177
8335	8338	1	0.35233346
8335	8338	2	0.36208472
8336	8337	0	0.3348118
8336	8337	1	0.35866198
8336	8337	2	0.30652624
8336	8338	0	0.32040024
8336	8338	1	0.3620698
8336	8338	2	0.31752995
8337	8338	0	0.36945906
8337	8338	1	0.31299996
8337	8338	2	0.3175409
8336	8339	0	0.2980862
8336	8339	1	0.42330956
8336	8339	2	0.27860424
8337	8339	0	0.32406825
8337	8339	1	0.3809373
8337	8339	2	0.2949945
8338	8339	0	0.30682933
8338	8339	1	0.3543382
8338	8339	2	0.33883244
8340	8341	0	0.33231995
8340	8341	1	0.37782398
8340	8341	2	0.28985614
8340	8342	0	0.29567498
8340	8342	1	0.4188984
8340	8342	2	0.28542662
8341	8342	0	0.32051414
8341	8342	1	0.38281325
8341	8342	2	0.29667258
8343	8344	0	0.31952548
8343	8344	1	0.41870135
8343	8344	2	0.26177314
8344	8345	0	0.3099335
8344	8345	1	0.42272112
8344	8345	2	0.2673454
8344	8346	0	0.34322354
8344	8346	1	0.3917059
8344	8346	2	0.26507056
8344	8347	0	0.34480548
8344	8347	1	0.36592805
8344	8347	2	0.28926644
8345	8346	0	0.32359326
8345	8346	1	0.38501072
8345	8346	2	0.291396
8345	8347	0	0.35468584
8345	8347	1	0.3476183
8345	8347	2	0.29769593
8346	8347	0	0.31572634
8346	8347	1	0.41406766
8346	8347	2	0.27020606
8345	8348	0	0.27997094
8345	8348	1	0.3747183
8345	8348	2	0.34531078
8346	8348	0	0.27336326
8346	8348	1	0.35434696
8346	8348	2	0.3722898
8347	8348	0	0.31913078
8347	8348	1	0.34502566
8347	8348	2	0.33584356
8349	8350	0	0.40255147
8349	8350	1	0.3650594
8349	8350	2	0.23238909
8349	8351	0	0.3987349
8349	8351	1	0.3608391
8349	8351	2	0.24042597
8350	8351	0	0.2504578
8350	8351	1	0.448592
8350	8351	2	0.3009502
8352	8353	0	0.3314351
8352	8353	1	0.38948736
8352	8353	2	0.27907756
8352	8354	0	0.35802495
8352	8354	1	0.36243516
8352	8354	2	0.2795399
8353	8354	0	0.35779232
8353	8354	1	0.38034305
8353	8354	2	0.26186466
8355	8356	0	0.31495664
8355	8356	1	0.351649
8355	8356	2	0.33339435
8355	8357	0	0.25352636
8355	8357	1	0.42853138
8355	8357	2	0.31794232
8355	8358	0	0.29172903
8355	8358	1	0.36418137
8355	8358	2	0.34408963
8356	8357	0	0.29633224
8356	8357	1	0.36843503
8356	8357	2	0.33523273
8356	8358	0	0.32621908
8356	8358	1	0.30920202
8356	8358	2	0.36457893
8357	8358	0	0.32831904
8357	8358	1	0.37333447
8357	8358	2	0.2983465
8359	8360	0	0.34483397
8359	8360	1	0.39945483
8359	8360	2	0.25571123
8359	8361	0	0.31661084
8359	8361	1	0.42062366
8359	8361	2	0.26276547
8360	8361	0	0.28936198
8360	8361	1	0.37236378
8360	8361	2	0.3382742
8360	8362	0	0.27836412
8360	8362	1	0.41218886
8360	8362	2	0.30944702
8361	8362	0	0.29373676
8361	8362	1	0.42363793
8361	8362	2	0.28262532
8363	8364	0	0.32855138
8363	8364	1	0.3723412
8363	8364	2	0.29910746
8363	8365	0	0.30641615
8363	8365	1	0.33977497
8363	8365	2	0.35380885
8363	8366	0	0.3071387
8363	8366	1	0.4019198
8363	8366	2	0.29094148
8363	8367	0	0.34567192
8363	8367	1	0.3563329
8363	8367	2	0.29799518
8364	8365	0	0.3604939
8364	8365	1	0.29793683
8364	8365	2	0.34156927
8364	8366	0	0.40421057
8364	8366	1	0.28224906
8364	8366	2	0.31354034
8364	8367	0	0.41425273
8364	8367	1	0.25154316
8364	8367	2	0.33420405
8365	8366	0	0.26262635
8365	8366	1	0.45279035
8365	8366	2	0.28458324
8365	8367	0	0.287087
8365	8367	1	0.41624966
8365	8367	2	0.29666328
8366	8367	0	0.34023282
8366	8367	1	0.3075482
8366	8367	2	0.35221905
8364	8368	0	0.4023264
8364	8368	1	0.32597193
8364	8368	2	0.27170163
8364	8369	0	0.343153
8364	8369	1	0.32432237
8364	8369	2	0.3325246
8365	8368	0	0.2743494
8365	8368	1	0.5017437
8365	8368	2	0.22390695
8365	8369	0	0.28161597
8365	8369	1	0.44345027
8365	8369	2	0.27493376
8366	8368	0	0.33492616
8366	8368	1	0.42449337
8366	8368	2	0.24058045
8366	8369	0	0.3115377
8366	8369	1	0.38628298
8366	8369	2	0.30217928
8367	8368	0	0.3602637
8367	8368	1	0.41551492
8367	8368	2	0.2242214
8367	8369	0	0.33410203
8367	8369	1	0.34798518
8367	8369	2	0.3179128
8368	8369	0	0.3305129
8368	8369	1	0.33419162
8368	8369	2	0.33529547
8368	8370	0	0.3141883
8368	8370	1	0.37055275
8368	8370	2	0.31525895
8368	8371	0	0.30427364
8368	8371	1	0.38906926
8368	8371	2	0.3066571
8369	8370	0	0.34911403
8369	8370	1	0.41356507
8369	8370	2	0.23732094
8369	8371	0	0.36083928
8369	8371	1	0.42810413
8369	8371	2	0.2110566
8370	8371	0	0.30100194
8370	8371	1	0.3959783
8370	8371	2	0.30301973
8370	8372	0	0.3649104
8370	8372	1	0.35404128
8370	8372	2	0.2810483
8370	8373	0	0.3649104
8370	8373	1	0.35404128
8370	8373	2	0.2810483
8371	8372	0	0.38805953
8371	8372	1	0.3415322
8371	8372	2	0.27040833
8371	8373	0	0.38805953
8371	8373	1	0.3415322
8371	8373	2	0.27040833
8372	8374	0	0.28166604
8372	8374	1	0.40103072
8372	8374	2	0.31730318
8373	8374	0	0.28166604
8373	8374	1	0.40103072
8373	8374	2	0.31730318
8374	8375	0	0.32260582
8374	8375	1	0.30469435
8374	8375	2	0.3726998
8374	8376	0	0.28388938
8374	8376	1	0.3275448
8374	8376	2	0.38856578
8374	8377	0	0.28790998
8374	8377	1	0.34487236
8374	8377	2	0.36721763
8374	8378	0	0.2953506
8374	8378	1	0.34706792
8374	8378	2	0.3575814
8375	8376	0	0.27550682
8375	8376	1	0.35336238
8375	8376	2	0.37113076
8375	8377	0	0.26937476
8375	8377	1	0.3691401
8375	8377	2	0.36148518
8375	8378	0	0.29870328
8375	8378	1	0.41879496
8375	8378	2	0.2825018
8376	8377	0	0.2624292
8376	8377	1	0.40451333
8376	8377	2	0.3330575
8376	8378	0	0.2967764
8376	8378	1	0.42050812
8376	8378	2	0.28271544
8377	8378	0	0.36083928
8377	8378	1	0.42810413
8377	8378	2	0.2110566
8375	8379	0	0.33676624
8375	8379	1	0.34762964
8375	8379	2	0.31560415
8375	8380	0	0.3632318
8375	8380	1	0.3724459
8375	8380	2	0.26432234
8375	8381	0	0.27957782
8375	8381	1	0.36031157
8375	8381	2	0.3601106
8376	8379	0	0.30708012
8376	8379	1	0.38490215
8376	8379	2	0.30801776
8376	8380	0	0.32855138
8376	8380	1	0.3723412
8376	8380	2	0.29910746
8376	8381	0	0.27152568
8376	8381	1	0.39288768
8376	8381	2	0.33558667
8377	8379	0	0.36106247
8377	8379	1	0.40579748
8377	8379	2	0.23314004
8377	8380	0	0.41172478
8377	8380	1	0.3865195
8377	8380	2	0.20175572
8377	8381	0	0.34213457
8377	8381	1	0.39116216
8377	8381	2	0.2667033
8378	8379	0	0.33373615
8378	8379	1	0.38878927
8378	8379	2	0.2774746
8378	8380	0	0.37623343
8378	8380	1	0.35152677
8378	8380	2	0.27223974
8378	8381	0	0.34592542
8378	8381	1	0.34729412
8378	8381	2	0.30678046
8379	8380	0	0.39336574
8379	8380	1	0.37967378
8379	8380	2	0.22696042
8379	8381	0	0.34883645
8379	8381	1	0.3497494
8379	8381	2	0.3014142
8380	8381	0	0.33190593
8380	8381	1	0.31616062
8380	8381	2	0.35193345
8379	8382	0	0.33595267
8379	8382	1	0.38743666
8379	8382	2	0.2766106
8379	8383	0	0.31449968
8379	8383	1	0.39084122
8379	8383	2	0.29465905
8380	8382	0	0.38726678
8380	8382	1	0.32118633
8380	8382	2	0.29154685
8380	8383	0	0.35469556
8380	8383	1	0.32747903
8380	8383	2	0.31782544
8381	8382	0	0.3473048
8381	8382	1	0.36375913
8381	8382	2	0.28893605
8381	8383	0	0.32459402
8381	8383	1	0.32817656
8381	8383	2	0.3472294
8382	8383	0	0.31638283
8382	8383	1	0.3835404
8382	8383	2	0.30007675
8382	8384	0	0.36847827
8382	8384	1	0.3654245
8382	8384	2	0.2660972
8382	8385	0	0.32998946
8382	8385	1	0.39759997
8382	8385	2	0.27241054
8383	8386	0	0.33140823
8383	8386	1	0.41791245
8383	8386	2	0.25067925
8383	8384	0	0.32030222
8383	8384	1	0.3684044
8383	8384	2	0.31129333
8383	8385	0	0.32041168
8383	8385	1	0.3845065
8383	8385	2	0.29508185
8386	8384	0	0.36847827
8386	8384	1	0.3654245
8386	8384	2	0.2660972
8386	8385	0	0.32998946
8386	8385	1	0.39759997
8386	8385	2	0.27241054
8384	8385	0	0.30499706
8384	8385	1	0.36109293
8384	8385	2	0.33391005
8384	8387	0	0.32575625
8384	8387	1	0.41929433
8384	8387	2	0.25494945
8385	8387	0	0.36083928
8385	8387	1	0.42810413
8385	8387	2	0.2110566
8388	8389	0	0.33697322
8388	8389	1	0.403221
8388	8389	2	0.25980574
8390	8391	0	0.36674356
8390	8391	1	0.34700426
8390	8391	2	0.28625217
8392	8391	0	0.36674356
8392	8391	1	0.34700426
8392	8391	2	0.28625217
8391	8393	0	0.35870114
8391	8393	1	0.3281284
8391	8393	2	0.3131705
8392	8394	0	0.3477402
8392	8394	1	0.37783659
8392	8394	2	0.2744232
8391	8394	0	0.32712618
8391	8394	1	0.36835903
8391	8394	2	0.30451474
8393	8394	0	0.3477402
8393	8394	1	0.37783659
8393	8394	2	0.2744232
8394	8395	0	0.32867
8394	8395	1	0.38490042
8394	8395	2	0.28642958
8395	8396	0	0.3343104
8395	8396	1	0.3316844
8395	8396	2	0.33400512
8397	8398	0	0.28056005
8397	8398	1	0.44247204
8397	8398	2	0.27696788
8397	8399	0	0.27889672
8397	8399	1	0.44917336
8397	8399	2	0.27192995
8398	8399	0	0.25797382
8398	8399	1	0.4965779
8398	8399	2	0.24544825
8398	8400	0	0.36381376
8398	8400	1	0.41129515
8398	8400	2	0.2248911
8398	8401	0	0.3078537
8398	8401	1	0.44416082
8398	8401	2	0.24798551
8398	8402	0	0.34910208
8398	8402	1	0.43573233
8398	8402	2	0.21516557
8399	8400	0	0.33079427
8399	8400	1	0.41388983
8399	8400	2	0.25531596
8399	8401	0	0.29367492
8399	8401	1	0.41466248
8399	8401	2	0.29166257
8399	8402	0	0.34268507
8399	8402	1	0.4061536
8399	8402	2	0.2511613
8400	8401	0	0.27751422
8400	8401	1	0.4895656
8400	8401	2	0.23292018
8400	8402	0	0.29985014
8400	8402	1	0.45434496
8400	8402	2	0.24580492
8401	8402	0	0.32316127
8401	8402	1	0.42122686
8401	8402	2	0.2556119
8400	8403	0	0.33726618
8400	8403	1	0.41780648
8400	8403	2	0.24492732
8401	8403	0	0.29010728
8401	8403	1	0.42857936
8401	8403	2	0.2813134
8402	8403	0	0.31746703
8402	8403	1	0.42030442
8402	8403	2	0.26222855
8403	8404	0	0.25947773
8403	8404	1	0.447484
8403	8404	2	0.2930383
8405	8406	0	0.27812093
8405	8406	1	0.43575573
8405	8406	2	0.2861234
8405	8407	0	0.27812093
8405	8407	1	0.43575573
8405	8407	2	0.2861234
8407	8408	0	0.31983155
8407	8408	1	0.38944116
8407	8408	2	0.29072723
8408	8409	0	0.2846076
8408	8409	1	0.37989002
8408	8409	2	0.3355024
8408	8410	0	0.2899029
8408	8410	1	0.3359945
8408	8410	2	0.3741026
8409	8410	0	0.3468776
8409	8410	1	0.3717493
8409	8410	2	0.28137308
8409	8411	0	0.33577752
8409	8411	1	0.38623676
8409	8411	2	0.27798575
8409	8412	0	0.30722988
8409	8412	1	0.39388773
8409	8412	2	0.2988824
8409	8413	0	0.34008142
8409	8413	1	0.35777357
8409	8413	2	0.30214497
8410	8411	0	0.30740726
8410	8411	1	0.41535908
8410	8411	2	0.27723366
8410	8412	0	0.31792843
8410	8412	1	0.3852788
8410	8412	2	0.29679278
8410	8413	0	0.3549735
8410	8413	1	0.3359799
8410	8413	2	0.3090466
8411	8412	0	0.31113064
8411	8412	1	0.40801638
8411	8412	2	0.28085297
8411	8413	0	0.3852854
8411	8413	1	0.30687693
8411	8413	2	0.3078376
8412	8413	0	0.35954466
8412	8413	1	0.286718
8412	8413	2	0.3537373
8411	8414	0	0.31113064
8411	8414	1	0.40801638
8411	8414	2	0.28085297
8413	8414	0	0.24043629
8413	8414	1	0.46376222
8413	8414	2	0.29580152
8414	8415	0	0.35397652
8414	8415	1	0.35066816
8414	8415	2	0.29535526
8414	8416	0	0.3658082
8414	8416	1	0.34985626
8414	8416	2	0.2843355
8414	8417	0	0.3682532
8414	8417	1	0.34998944
8414	8417	2	0.28175735
8415	8416	0	0.35749415
8415	8416	1	0.31946054
8415	8416	2	0.32304537
8415	8417	0	0.39656726
8415	8417	1	0.29939938
8415	8417	2	0.30403337
8416	8417	0	0.35714927
8416	8417	1	0.36331105
8416	8417	2	0.27953967
8418	8419	0	0.3454687
8418	8419	1	0.31186837
8418	8419	2	0.34266293
8418	8420	0	0.32076892
8418	8420	1	0.33356604
8418	8420	2	0.34566507
8418	8421	0	0.35101867
8418	8421	1	0.28322342
8418	8421	2	0.36575794
8419	8420	0	0.38343343
8419	8420	1	0.34642294
8419	8420	2	0.2701437
8419	8421	0	0.4124888
8419	8421	1	0.27361012
8419	8421	2	0.3139011
8420	8421	0	0.39966854
8420	8421	1	0.27554092
8420	8421	2	0.32479048
8419	8422	0	0.34038246
8419	8422	1	0.3884564
8419	8422	2	0.27116114
8419	8423	0	0.30170318
8419	8423	1	0.3730648
8419	8423	2	0.32523203
8420	8422	0	0.3557086
8420	8422	1	0.34552616
8420	8422	2	0.29876524
8420	8423	0	0.32080147
8420	8423	1	0.34431928
8420	8423	2	0.33487928
8421	8422	0	0.32959193
8421	8422	1	0.3669895
8421	8422	2	0.3034186
8421	8423	0	0.31044787
8421	8423	1	0.33721566
8421	8423	2	0.35233644
8422	8423	0	0.26908937
8422	8423	1	0.44931045
8422	8423	2	0.2816002
8424	8425	0	0.3283814
8424	8425	1	0.33150667
8424	8425	2	0.34011194
8424	8426	0	0.34474346
8424	8426	1	0.3617731
8424	8426	2	0.29348344
8425	8426	0	0.29611248
8425	8426	1	0.39825365
8425	8426	2	0.30563387
8425	8427	0	0.33596265
8425	8427	1	0.39412385
8425	8427	2	0.2699135
8426	8427	0	0.3423403
8426	8427	1	0.41145968
8426	8427	2	0.24620008
8427	8428	0	0.35220104
8427	8428	1	0.3639843
8427	8428	2	0.28381473
8427	8429	0	0.27537248
8427	8429	1	0.36289766
8427	8429	2	0.3617299
8428	8429	0	0.3172411
8428	8429	1	0.3708916
8428	8429	2	0.31186733
8428	8430	0	0.3682448
8428	8430	1	0.4144088
8428	8430	2	0.21734643
8429	8430	0	0.2978017
8429	8430	1	0.4556573
8429	8430	2	0.24654102
8430	8431	0	0.34671125
8430	8431	1	0.37327904
8430	8431	2	0.2800097
8430	8432	0	0.31858516
8430	8432	1	0.38011378
8430	8432	2	0.3013011
8431	8432	0	0.26804733
8431	8432	1	0.40490285
8431	8432	2	0.32704985
8431	8433	0	0.33354726
8431	8433	1	0.38644668
8431	8433	2	0.28000608
8431	8434	0	0.35465464
8431	8434	1	0.3848294
8431	8434	2	0.26051596
8431	8435	0	0.29007155
8431	8435	1	0.378911
8431	8435	2	0.33101746
8432	8433	0	0.36641946
8432	8433	1	0.37426257
8432	8433	2	0.259318
8432	8434	0	0.38823482
8432	8434	1	0.35874653
8432	8434	2	0.25301868
8432	8435	0	0.3070576
8432	8435	1	0.3563231
8432	8435	2	0.33661935
8433	8434	0	0.34823877
8433	8434	1	0.3719048
8433	8434	2	0.27985644
8433	8435	0	0.32951787
8433	8435	1	0.3255588
8433	8435	2	0.34492332
8434	8435	0	0.31665614
8434	8435	1	0.35306147
8434	8435	2	0.33028242
8433	8436	0	0.29229224
8433	8436	1	0.43437183
8433	8436	2	0.273336
8434	8436	0	0.33911234
8434	8436	1	0.41619462
8434	8436	2	0.24469306
8435	8436	0	0.26194823
8435	8436	1	0.4375422
8435	8436	2	0.30050957
8437	8438	0	0.3771453
8437	8438	1	0.33870158
8437	8438	2	0.28415313
8437	8439	0	0.26356322
8437	8439	1	0.4676668
8437	8439	2	0.26876998
8437	8440	0	0.36239234
8437	8440	1	0.38486126
8437	8440	2	0.2527464
8438	8439	0	0.22434808
8438	8439	1	0.49102744
8438	8439	2	0.28462446
8438	8440	0	0.3256004
8438	8440	1	0.36998737
8438	8440	2	0.30441222
8439	8440	0	0.3547995
8439	8440	1	0.40238652
8439	8440	2	0.24281402
8439	8441	0	0.3095174
8439	8441	1	0.3834679
8439	8441	2	0.3070147
8440	8441	0	0.3300605
8440	8441	1	0.36699867
8440	8441	2	0.30294085
8441	8442	0	0.34279352
8441	8442	1	0.3529572
8441	8442	2	0.30424926
8442	8443	0	0.34414276
8442	8443	1	0.3652111
8442	8443	2	0.29064617
8442	8444	0	0.29114118
8442	8444	1	0.3460163
8442	8444	2	0.36284253
8443	8444	0	0.36515164
8443	8444	1	0.3454454
8443	8444	2	0.289403
8443	8445	0	0.3675837
8443	8445	1	0.35023132
8443	8445	2	0.28218502
8444	8445	0	0.32671335
8444	8445	1	0.3897708
8444	8445	2	0.28351587
8445	8446	0	0.34080735
8445	8446	1	0.38738227
8445	8446	2	0.27181044
8445	8447	0	0.36021063
8445	8447	1	0.30552322
8445	8447	2	0.3342662
8445	8448	0	0.33885258
8445	8448	1	0.31497845
8445	8448	2	0.34616894
8446	8447	0	0.37949058
8446	8447	1	0.36171332
8446	8447	2	0.25879607
8446	8448	0	0.37676036
8446	8448	1	0.36965898
8446	8448	2	0.25358066
8447	8448	0	0.32939643
8447	8448	1	0.36871478
8447	8448	2	0.3018888
8446	8449	0	0.33187422
8446	8449	1	0.38052487
8446	8449	2	0.28760087
8446	8450	0	0.38706648
8446	8450	1	0.35762084
8446	8450	2	0.25531265
8446	8451	0	0.38597426
8446	8451	1	0.3730532
8446	8451	2	0.2409726
8446	8452	0	0.3689489
8446	8452	1	0.3935484
8446	8452	2	0.23750266
8447	8449	0	0.30465132
8447	8449	1	0.3967401
8447	8449	2	0.2986086
8447	8450	0	0.3326811
8447	8450	1	0.39428788
8447	8450	2	0.27303106
8447	8451	0	0.35421696
8447	8451	1	0.3353229
8447	8451	2	0.31046012
8447	8452	0	0.28975198
8447	8452	1	0.39179486
8447	8452	2	0.3184532
8448	8449	0	0.2904093
8448	8449	1	0.36600888
8448	8449	2	0.3435818
8448	8450	0	0.32638198
8448	8450	1	0.3703655
8448	8450	2	0.30325255
8448	8451	0	0.33405873
8448	8451	1	0.37414092
8448	8451	2	0.29180035
8448	8452	0	0.27451706
8448	8452	1	0.40560994
8448	8452	2	0.31987303
8449	8450	0	0.34297532
8449	8450	1	0.43305376
8449	8450	2	0.22397088
8449	8451	0	0.3997291
8449	8451	1	0.35668373
8449	8451	2	0.24358717
8449	8452	0	0.3707053
8449	8452	1	0.34992915
8449	8452	2	0.27936554
8450	8451	0	0.3683131
8450	8451	1	0.35305992
8450	8451	2	0.27862695
8450	8452	0	0.36102816
8450	8452	1	0.33061892
8450	8452	2	0.30835286
8451	8452	0	0.35818824
8451	8452	1	0.37629604
8451	8452	2	0.26551569
8449	8453	0	0.3434094
8449	8453	1	0.3961176
8449	8453	2	0.260473
8449	8454	0	0.40071076
8449	8454	1	0.32049283
8449	8454	2	0.27879643
8449	8455	0	0.38065132
8449	8455	1	0.31725985
8449	8455	2	0.30208886
8450	8453	0	0.34218785
8450	8453	1	0.36975384
8450	8453	2	0.28805837
8450	8454	0	0.37097314
8450	8454	1	0.32638255
8450	8454	2	0.30264434
8450	8455	0	0.37222934
8450	8455	1	0.31804284
8450	8455	2	0.3097278
8451	8453	0	0.3468017
8451	8453	1	0.41124368
8451	8453	2	0.24195464
8451	8454	0	0.37249675
8451	8454	1	0.356381
8451	8454	2	0.27112222
8451	8455	0	0.38699874
8451	8455	1	0.3449355
8451	8455	2	0.26806575
8452	8453	0	0.33627892
8452	8453	1	0.36926094
8452	8453	2	0.29446018
8452	8454	0	0.35420915
8452	8454	1	0.33692917
8452	8454	2	0.30886164
8452	8455	0	0.34607756
8452	8455	1	0.32928678
8452	8455	2	0.32463568
8453	8454	0	0.37126362
8453	8454	1	0.35912466
8453	8454	2	0.26961172
8453	8455	0	0.3719745
8453	8455	1	0.3465696
8453	8455	2	0.28145587
8454	8455	0	0.31443372
8454	8455	1	0.3630785
8454	8455	2	0.3224877
8453	8456	0	0.38673887
8453	8456	1	0.33862647
8453	8456	2	0.2746347
8453	8457	0	0.3485374
8453	8457	1	0.3615245
8453	8457	2	0.28993812
8454	8456	0	0.33713636
8454	8456	1	0.37726587
8454	8456	2	0.28559774
8454	8457	0	0.31547785
8454	8457	1	0.38835725
8454	8457	2	0.29616493
8455	8456	0	0.32897627
8455	8456	1	0.3505676
8455	8456	2	0.32045615
8455	8457	0	0.30705538
8455	8457	1	0.37998107
8455	8457	2	0.31296352
8456	8457	0	0.3106746
8456	8457	1	0.3978636
8456	8457	2	0.2914618
8456	8458	0	0.34082788
8456	8458	1	0.3818341
8456	8458	2	0.277338
8456	8459	0	0.3162456
8456	8459	1	0.3924634
8456	8459	2	0.291291
8456	8460	0	0.3642548
8456	8460	1	0.3206543
8456	8460	2	0.3150909
8457	8458	0	0.33019525
8457	8458	1	0.3876185
8457	8458	2	0.28218624
8457	8459	0	0.3162732
8457	8459	1	0.38688022
8457	8459	2	0.2968465
8457	8460	0	0.33950192
8457	8460	1	0.33924118
8457	8460	2	0.3212569
8458	8459	0	0.28113285
8458	8459	1	0.44355616
8458	8459	2	0.27531102
8458	8460	0	0.3329863
8458	8460	1	0.35286444
8458	8460	2	0.3141493
8459	8460	0	0.3153456
8459	8460	1	0.3786769
8459	8460	2	0.3059775
8461	8462	0	0.35199842
8461	8462	1	0.3773884
8461	8462	2	0.27061316
8461	8463	0	0.34779644
8461	8463	1	0.34924316
8461	8463	2	0.30296037
8461	8464	0	0.32354635
8461	8464	1	0.3639669
8461	8464	2	0.3124867
8461	8465	0	0.4073775
8461	8465	1	0.33443797
8461	8465	2	0.25818455
8461	8466	0	0.3814643
8461	8466	1	0.28352028
8461	8466	2	0.33501548
8462	8463	0	0.3555476
8462	8463	1	0.36000347
8462	8463	2	0.2844489
8462	8464	0	0.3331723
8462	8464	1	0.36717132
8462	8464	2	0.29965642
8462	8465	0	0.40940234
8462	8465	1	0.3473713
8462	8465	2	0.24322644
8462	8466	0	0.38327795
8462	8466	1	0.28737998
8462	8466	2	0.3293421
8463	8464	0	0.33688518
8463	8464	1	0.36408836
8463	8464	2	0.29902646
8463	8465	0	0.40449557
8463	8465	1	0.38599163
8463	8465	2	0.2095128
8463	8466	0	0.39174086
8463	8466	1	0.3376666
8463	8466	2	0.27059254
8464	8465	0	0.40025413
8464	8465	1	0.35306054
8464	8465	2	0.24668539
8464	8466	0	0.35485235
8464	8466	1	0.31167245
8464	8466	2	0.3334752
8465	8466	0	0.3661357
8465	8466	1	0.3320827
8465	8466	2	0.30178165
8463	8467	0	0.37388685
8463	8467	1	0.38293388
8463	8467	2	0.24317926
8463	8468	0	0.34475186
8463	8468	1	0.38454044
8463	8468	2	0.2707077
8463	8469	0	0.3086947
8463	8469	1	0.39455587
8463	8469	2	0.2967494
8464	8467	0	0.34303877
8464	8467	1	0.3831008
8464	8467	2	0.27386042
8464	8468	0	0.30485964
8464	8468	1	0.39395115
8464	8468	2	0.30118924
8464	8469	0	0.28522995
8464	8469	1	0.40026194
8464	8469	2	0.31450814
8465	8467	0	0.42977333
8465	8467	1	0.35089982
8465	8467	2	0.21932684
8465	8468	0	0.37305874
8465	8468	1	0.36913475
8465	8468	2	0.25780645
8465	8469	0	0.36250457
8465	8469	1	0.34459215
8465	8469	2	0.2929033
8466	8467	0	0.35285217
8466	8467	1	0.33214167
8466	8467	2	0.3150062
8466	8468	0	0.3166496
8466	8468	1	0.3563718
8466	8468	2	0.32697862
8466	8469	0	0.29393944
8466	8469	1	0.36998895
8466	8469	2	0.3360716
8467	8468	0	0.34313712
8467	8468	1	0.3789022
8467	8468	2	0.27796072
8467	8469	0	0.28636494
8467	8469	1	0.3801727
8467	8469	2	0.33346233
8468	8469	0	0.32756907
8468	8469	1	0.37290645
8468	8469	2	0.29952452
8467	8470	0	0.28366497
8467	8470	1	0.44812074
8467	8470	2	0.2682143
8468	8470	0	0.31174904
8468	8470	1	0.45013848
8468	8470	2	0.23811246
8469	8470	0	0.29247028
8469	8470	1	0.45274583
8469	8470	2	0.25478393
8470	8471	0	0.29482028
8470	8471	1	0.3845637
8470	8471	2	0.32061607
8471	8472	0	0.3329966
8471	8472	1	0.36865944
8471	8472	2	0.298344
8472	8473	0	0.3497013
8472	8473	1	0.39499304
8472	8473	2	0.25530562
8472	8474	0	0.30963686
8472	8474	1	0.41227746
8472	8474	2	0.27808562
8473	8474	0	0.33348566
8473	8474	1	0.37287667
8473	8474	2	0.29363766
8473	8475	0	0.36606097
8473	8475	1	0.3729565
8473	8475	2	0.26098254
8474	8475	0	0.35798055
8474	8475	1	0.39495996
8474	8475	2	0.24705946
8474	8476	0	0.36025673
8474	8476	1	0.4311759
8474	8476	2	0.2085673
8475	8476	0	0.34121415
8475	8476	1	0.39708728
8475	8476	2	0.26169854
8475	8477	0	0.3223053
8475	8477	1	0.41805074
8475	8477	2	0.259644
8476	8477	0	0.31169122
8476	8477	1	0.41534036
8476	8477	2	0.27296835
8478	8479	0	0.34487978
8478	8479	1	0.32458553
8478	8479	2	0.33053473
8478	8480	0	0.32734343
8478	8480	1	0.30107862
8478	8480	2	0.37157795
8478	8481	0	0.3302743
8478	8481	1	0.33252615
8478	8481	2	0.33719945
8479	8480	0	0.30774423
8479	8480	1	0.33785313
8479	8480	2	0.35440263
8479	8481	0	0.4039391
8479	8481	1	0.29289085
8479	8481	2	0.30317006
8480	8481	0	0.28488287
8480	8481	1	0.37652674
8480	8481	2	0.3385904
8479	8482	0	0.3062971
8479	8482	1	0.47010583
8479	8482	2	0.22359714
8480	8482	0	0.29046005
8480	8482	1	0.4304005
8480	8482	2	0.27913943
8481	8482	0	0.36992157
8481	8482	1	0.37121263
8481	8482	2	0.25886574
8482	8483	0	0.3405747
8482	8483	1	0.37471274
8482	8483	2	0.28471252
8483	8484	0	0.35595858
8483	8484	1	0.3114371
8483	8484	2	0.33260438
8484	8485	0	0.30632308
8484	8485	1	0.48743254
8484	8485	2	0.20624436
8484	8486	0	0.29673672
8484	8486	1	0.3962434
8484	8486	2	0.30701992
8485	8486	0	0.33193895
8485	8486	1	0.34882042
8485	8486	2	0.31924063
8485	8487	0	0.40395567
8485	8487	1	0.3094278
8485	8487	2	0.28661656
8485	8488	0	0.3588716
8485	8488	1	0.35705414
8485	8488	2	0.28407425
8486	8487	0	0.38810882
8486	8487	1	0.28483638
8486	8487	2	0.3270548
8486	8488	0	0.3610554
8486	8488	1	0.26885745
8486	8488	2	0.37008715
8487	8488	0	0.31503466
8487	8488	1	0.33145976
8487	8488	2	0.35350558
8487	8489	0	0.37950262
8487	8489	1	0.29484805
8487	8489	2	0.32564938
8488	8489	0	0.30669504
8488	8489	1	0.32895765
8488	8489	2	0.3643473
8489	8490	0	0.36422408
8489	8490	1	0.34944478
8489	8490	2	0.28633118
8489	8491	0	0.41690537
8489	8491	1	0.37484798
8489	8491	2	0.20824663
8490	8491	0	0.30632308
8490	8491	1	0.48743254
8490	8491	2	0.20624436
8490	8492	0	0.34044355
8490	8492	1	0.3815301
8490	8492	2	0.27802628
8491	8492	0	0.37641484
8491	8492	1	0.34015903
8491	8492	2	0.2834261
8493	8494	0	0.3264697
8493	8494	1	0.38703865
8493	8494	2	0.2864917
8493	8495	0	0.32234022
8493	8495	1	0.3690625
8493	8495	2	0.30859727
8494	8495	0	0.3027778
8494	8495	1	0.41342613
8494	8495	2	0.28379607
8493	8496	0	0.35026732
8493	8496	1	0.3776702
8493	8496	2	0.27206248
8494	8496	0	0.2945982
8494	8496	1	0.42860293
8494	8496	2	0.27679893
8495	8496	0	0.33533263
8495	8496	1	0.3870361
8495	8496	2	0.27763122
8496	8497	0	0.31929988
8496	8497	1	0.45588645
8496	8497	2	0.22481363
8496	8498	0	0.28641188
8496	8498	1	0.4680061
8496	8498	2	0.24558204
8496	8499	0	0.3156913
8496	8499	1	0.41926923
8496	8499	2	0.2650395
8496	8500	0	0.3233609
8496	8500	1	0.41515568
8496	8500	2	0.26148346
8497	8498	0	0.3449935
8497	8498	1	0.41367108
8497	8498	2	0.24133545
8497	8499	0	0.3598548
8497	8499	1	0.39684972
8497	8499	2	0.24329554
8497	8500	0	0.3588567
8497	8500	1	0.37102658
8497	8500	2	0.27011675
8498	8499	0	0.35147402
8498	8499	1	0.42166278
8498	8499	2	0.22686324
8498	8500	0	0.28741148
8498	8500	1	0.42611563
8498	8500	2	0.28647283
8499	8500	0	0.28562367
8499	8500	1	0.41435093
8499	8500	2	0.30002543
8497	8501	0	0.26712397
8497	8501	1	0.40935192
8497	8501	2	0.32352415
8498	8501	0	0.27649277
8498	8501	1	0.42203715
8498	8501	2	0.3014701
8499	8501	0	0.24875805
8499	8501	1	0.41720694
8499	8501	2	0.334035
8500	8501	0	0.22141345
8500	8501	1	0.41728497
8500	8501	2	0.36130154
8501	8502	0	0.26892406
8501	8502	1	0.3967569
8501	8502	2	0.33431908
8501	8503	0	0.22862186
8501	8503	1	0.39762902
8501	8503	2	0.37374917
8501	8504	0	0.2962639
8501	8504	1	0.3699388
8501	8504	2	0.33379725
8502	8503	0	0.2049345
8502	8503	1	0.4055193
8502	8503	2	0.3895462
8502	8504	0	0.22684616
8502	8504	1	0.4311297
8502	8504	2	0.34202415
8503	8504	0	0.26598674
8503	8504	1	0.39876735
8503	8504	2	0.33524588
8505	8506	0	0.26690802
8505	8506	1	0.4441394
8505	8506	2	0.28895265
8506	8507	0	0.34538895
8506	8507	1	0.35455003
8506	8507	2	0.30006102
8506	8508	0	0.32391962
8506	8508	1	0.39977035
8506	8508	2	0.27631003
8507	8508	0	0.3767564
8507	8508	1	0.34535104
8507	8508	2	0.27789256
8507	8509	0	0.34770966
8507	8509	1	0.37278014
8507	8509	2	0.2795102
8508	8509	0	0.32632953
8508	8509	1	0.3872209
8508	8509	2	0.28644952
8509	8510	0	0.31618622
8509	8510	1	0.39602056
8509	8510	2	0.28779322
8510	8511	0	0.3078395
8510	8511	1	0.42274266
8510	8511	2	0.26941776
8510	8512	0	0.2679895
8510	8512	1	0.46513203
8510	8512	2	0.26687846
8510	8513	0	0.28011742
8510	8513	1	0.46593997
8510	8513	2	0.2539426
8511	8512	0	0.34800133
8511	8512	1	0.37516588
8511	8512	2	0.2768328
8511	8513	0	0.35958427
8511	8513	1	0.4057448
8511	8513	2	0.23467089
8512	8513	0	0.27582854
8512	8513	1	0.4317206
8512	8513	2	0.2924509
8511	8514	0	0.4230761
8511	8514	1	0.34934056
8511	8514	2	0.22758336
8511	8515	0	0.4007211
8511	8515	1	0.28139824
8511	8515	2	0.3178807
8512	8514	0	0.34342316
8512	8514	1	0.389404
8512	8514	2	0.26717287
8512	8515	0	0.33308467
8512	8515	1	0.29226264
8512	8515	2	0.37465265
8513	8514	0	0.3123649
8513	8514	1	0.4259475
8513	8514	2	0.26168767
8513	8515	0	0.32122678
8513	8515	1	0.32061285
8513	8515	2	0.3581604
8514	8515	0	0.37887442
8514	8515	1	0.27683547
8514	8515	2	0.3442901
8514	8516	0	0.36641508
8514	8516	1	0.38596556
8514	8516	2	0.24761932
8514	8517	0	0.37530047
8514	8517	1	0.3605592
8514	8517	2	0.26414043
8515	8516	0	0.3813442
8515	8516	1	0.43558905
8515	8516	2	0.18306676
8515	8518	0	0.35937446
8515	8518	1	0.43603352
8515	8518	2	0.20459205
8515	8517	0	0.3565553
8515	8517	1	0.40638164
8515	8517	2	0.23706305
8516	8518	0	0.318829
8516	8518	1	0.39642316
8516	8518	2	0.28474784
8516	8517	0	0.35714576
8516	8517	1	0.3667076
8516	8517	2	0.27614662
8518	8517	0	0.37530047
8518	8517	1	0.3605592
8518	8517	2	0.26414043
8516	8519	0	0.34028244
8516	8519	1	0.39438328
8516	8519	2	0.26533422
8518	8519	0	0.37479007
8518	8519	1	0.37808836
8518	8519	2	0.24712154
8517	8519	0	0.39242563
8517	8519	1	0.3908566
8517	8519	2	0.21671781
8519	8520	0	0.40138364
8519	8520	1	0.30874637
8519	8520	2	0.28987002
8521	8522	0	0.3269306
8521	8522	1	0.41882294
8521	8522	2	0.25424638
8521	8523	0	0.39444092
8521	8523	1	0.37501487
8521	8523	2	0.23054413
8522	8523	0	0.36178797
8522	8523	1	0.39371398
8522	8523	2	0.24449804
8522	8524	0	0.29125342
8522	8524	1	0.4572848
8522	8524	2	0.25146177
8522	8525	0	0.31970102
8522	8525	1	0.3827506
8522	8525	2	0.29754835
8522	8526	0	0.33249575
8522	8526	1	0.39657357
8522	8526	2	0.2709307
8523	8524	0	0.2777199
8523	8524	1	0.4611301
8523	8524	2	0.26115
8523	8525	0	0.34465554
8523	8525	1	0.3933333
8523	8525	2	0.26201123
8523	8526	0	0.34120643
8523	8526	1	0.37999088
8523	8526	2	0.27880266
8524	8525	0	0.2744249
8524	8525	1	0.47016138
8524	8525	2	0.25541374
8524	8526	0	0.26285225
8524	8526	1	0.4691719
8524	8526	2	0.26797587
8525	8526	0	0.29457617
8525	8526	1	0.45239672
8525	8526	2	0.25302717
8524	8527	0	0.30145478
8524	8527	1	0.46889508
8524	8527	2	0.22965007
8525	8527	0	0.32089537
8525	8527	1	0.43372726
8525	8527	2	0.24537732
8526	8527	0	0.3037044
8526	8527	1	0.44052988
8526	8527	2	0.2557657
8527	8528	0	0.3249026
8527	8528	1	0.41512108
8527	8528	2	0.25997633
8527	8529	0	0.3299313
8527	8529	1	0.39781746
8527	8529	2	0.27225125
8527	8530	0	0.344117
8527	8530	1	0.35778588
8527	8530	2	0.29809713
8528	8529	0	0.37104833
8528	8529	1	0.3452975
8528	8529	2	0.28365415
8528	8530	0	0.35097927
8528	8530	1	0.37163234
8528	8530	2	0.2773884
8529	8530	0	0.31847838
8529	8530	1	0.37914407
8529	8530	2	0.30237755
8528	8531	0	0.3902431
8528	8531	1	0.34836295
8528	8531	2	0.2613939
8528	8532	0	0.3667074
8528	8532	1	0.31980914
8528	8532	2	0.31348345
8529	8533	0	0.29862115
8529	8533	1	0.4741787
8529	8533	2	0.2272002
8529	8531	0	0.3377523
8529	8531	1	0.38290563
8529	8531	2	0.27934206
8529	8532	0	0.31626865
8529	8532	1	0.38219702
8529	8532	2	0.30153432
8530	8533	0	0.2835477
8530	8533	1	0.44983482
8530	8533	2	0.26661742
8530	8531	0	0.32530907
8530	8531	1	0.3906319
8530	8531	2	0.28405905
8530	8532	0	0.27860597
8530	8532	1	0.38693437
8530	8532	2	0.33445966
8533	8531	0	0.3902431
8533	8531	1	0.34836295
8533	8531	2	0.2613939
8533	8532	0	0.3667074
8533	8532	1	0.31980914
8533	8532	2	0.31348345
8531	8532	0	0.29562458
8531	8532	1	0.38566968
8531	8532	2	0.3187057
8533	8534	0	0.4094792
8533	8534	1	0.35388348
8533	8534	2	0.23663734
8533	8535	0	0.33919385
8533	8535	1	0.43285754
8533	8535	2	0.22794858
8533	8536	0	0.39608473
8533	8536	1	0.36565295
8533	8536	2	0.23826231
8531	8534	0	0.34451264
8531	8534	1	0.40587327
8531	8534	2	0.24961412
8531	8535	0	0.29620293
8531	8535	1	0.45440918
8531	8535	2	0.24938786
8531	8536	0	0.376774
8531	8536	1	0.38986966
8531	8536	2	0.23335631
8532	8534	0	0.3592397
8532	8534	1	0.4060964
8532	8534	2	0.2346639
8532	8535	0	0.2978214
8532	8535	1	0.4765054
8532	8535	2	0.22567317
8532	8536	0	0.375581
8532	8536	1	0.39105475
8532	8536	2	0.23336424
8534	8535	0	0.28226313
8534	8535	1	0.45709643
8534	8535	2	0.2606405
8534	8536	0	0.33386126
8534	8536	1	0.41098228
8534	8536	2	0.25515643
8535	8536	0	0.35494566
8535	8536	1	0.38921776
8535	8536	2	0.2558366
8534	8537	0	0.33234116
8534	8537	1	0.41193804
8534	8537	2	0.25572082
8535	8537	0	0.35500032
8535	8537	1	0.38945636
8535	8537	2	0.25554335
8536	8537	0	0.34938547
8536	8537	1	0.36617598
8536	8537	2	0.28443858
8538	8539	0	0.3456445
8538	8539	1	0.4238918
8538	8539	2	0.23046368
8539	8540	0	0.30354515
8539	8540	1	0.39875108
8539	8540	2	0.29770374
8539	8541	0	0.30608755
8539	8541	1	0.37535384
8539	8541	2	0.3185586
8540	8541	0	0.29993838
8540	8541	1	0.43078795
8540	8541	2	0.26927373
8540	8542	0	0.2555542
8540	8542	1	0.47616673
8540	8542	2	0.2682791
8540	8543	0	0.29993838
8540	8543	1	0.43078795
8540	8543	2	0.26927373
8541	8542	0	0.30421227
8541	8542	1	0.4153139
8541	8542	2	0.2804739
8542	8543	0	0.30442178
8542	8543	1	0.41773054
8542	8543	2	0.2778477
8542	8544	0	0.3084329
8542	8544	1	0.42542452
8542	8544	2	0.2661426
8542	8545	0	0.34442288
8542	8545	1	0.37898764
8542	8545	2	0.27658948
8543	8544	0	0.32942012
8543	8544	1	0.43037263
8543	8544	2	0.2402073
8543	8545	0	0.37336734
8543	8545	1	0.37220576
8543	8545	2	0.25442687
8544	8545	0	0.37977642
8544	8545	1	0.33106348
8544	8545	2	0.2891601
8544	8546	0	0.36533225
8544	8546	1	0.3697963
8544	8546	2	0.26487145
8545	8546	0	0.3590511
8545	8546	1	0.4040497
8545	8546	2	0.23689918
8547	8548	0	0.39758995
8547	8548	1	0.35320476
8547	8548	2	0.24920528
8547	8549	0	0.37649727
8547	8549	1	0.38475254
8547	8549	2	0.23875017
8547	8550	0	0.36397478
8547	8550	1	0.34411347
8547	8550	2	0.29191178
8548	8549	0	0.37275517
8548	8549	1	0.34184211
8548	8549	2	0.28540272
8548	8550	0	0.3705436
8548	8550	1	0.3141423
8548	8550	2	0.3153141
8549	8550	0	0.39222258
8549	8550	1	0.33565173
8549	8550	2	0.2721257
8549	8551	0	0.37978142
8549	8551	1	0.31924334
8549	8551	2	0.30097526
8550	8551	0	0.35960802
8550	8551	1	0.3518708
8550	8551	2	0.28852114
8552	8553	0	0.35818827
8552	8553	1	0.38156676
8552	8553	2	0.26024494
8552	8554	0	0.37406883
8552	8554	1	0.3201064
8552	8554	2	0.30582476
8553	8554	0	0.35429198
8553	8554	1	0.35804027
8553	8554	2	0.28766775
8553	8555	0	0.3584956
8553	8555	1	0.38554186
8553	8555	2	0.25596258
8554	8555	0	0.35785607
8554	8555	1	0.40308288
8554	8555	2	0.23906104
8555	8556	0	0.3643901
8555	8556	1	0.30287692
8555	8556	2	0.33273295
8555	8557	0	0.37057927
8555	8557	1	0.33432245
8555	8557	2	0.29509825
8558	8556	0	0.3643901
8558	8556	1	0.30287692
8558	8556	2	0.33273295
8558	8557	0	0.37057927
8558	8557	1	0.33432245
8558	8557	2	0.29509825
8556	8557	0	0.33681172
8556	8557	1	0.42459896
8556	8557	2	0.2385893
8558	8559	0	0.37606683
8558	8559	1	0.32377207
8558	8559	2	0.30016106
8556	8559	0	0.32771465
8556	8559	1	0.40193313
8556	8559	2	0.2703522
8557	8559	0	0.29971483
8557	8559	1	0.39934108
8557	8559	2	0.30094406
8560	8561	0	0.32501605
8560	8561	1	0.42601228
8560	8561	2	0.24897161
8560	8562	0	0.38860732
8560	8562	1	0.37593395
8560	8562	2	0.23545879
8561	8562	0	0.4432605
8561	8562	1	0.29863077
8561	8562	2	0.25810874
8562	8563	0	0.38599706
8562	8563	1	0.35807952
8562	8563	2	0.25592336
8562	8564	0	0.39537206
8562	8564	1	0.3492984
8562	8564	2	0.2553295
8563	8564	0	0.32323235
8563	8564	1	0.3887761
8563	8564	2	0.28799158
8565	8566	0	0.32043552
8565	8566	1	0.38825762
8565	8566	2	0.29130685
8565	8567	0	0.2548221
8565	8567	1	0.45613852
8565	8567	2	0.2890393
8566	8568	0	0.32327744
8566	8568	1	0.3895254
8566	8568	2	0.28719717
8566	8567	0	0.28400895
8566	8567	1	0.4687192
8566	8567	2	0.24727187
8568	8567	0	0.2548221
8568	8567	1	0.45613852
8568	8567	2	0.2890393
8568	8569	0	0.32801747
8568	8569	1	0.32634977
8568	8569	2	0.34563282
8567	8569	0	0.32059312
8567	8569	1	0.3237427
8567	8569	2	0.35566422
8570	8571	0	0.30212024
8570	8571	1	0.43685088
8570	8571	2	0.26102892
8570	8572	0	0.32911462
8570	8572	1	0.40094024
8570	8572	2	0.26994517
8570	8573	0	0.32778826
8570	8573	1	0.405102
8570	8573	2	0.2671097
8571	8572	0	0.30150446
8571	8572	1	0.404177
8571	8572	2	0.29431847
8571	8573	0	0.2853528
8571	8573	1	0.43215325
8571	8573	2	0.28249392
8572	8573	0	0.33660242
8572	8573	1	0.38418564
8572	8573	2	0.27921194
8572	8574	0	0.3818912
8572	8574	1	0.36634865
8572	8574	2	0.25176015
8572	8575	0	0.36187568
8572	8575	1	0.3893213
8572	8575	2	0.24880297
8572	8576	0	0.3333692
8572	8576	1	0.402866
8572	8576	2	0.26376483
8573	8574	0	0.37862685
8573	8574	1	0.34140185
8573	8574	2	0.2799714
8573	8575	0	0.34297395
8573	8575	1	0.35107028
8573	8575	2	0.3059558
8573	8576	0	0.33080405
8573	8576	1	0.3457253
8573	8576	2	0.32347065
8574	8575	0	0.34230378
8574	8575	1	0.37789527
8574	8575	2	0.27980098
8574	8576	0	0.31868124
8574	8576	1	0.38775072
8574	8576	2	0.29356807
8575	8576	0	0.3189101
8575	8576	1	0.38847274
8575	8576	2	0.29261717
8574	8577	0	0.33147758
8574	8577	1	0.36412498
8574	8577	2	0.30439746
8575	8577	0	0.29442388
8575	8577	1	0.40877125
8575	8577	2	0.2968049
8576	8577	0	0.3010588
8576	8577	1	0.34788305
8576	8577	2	0.35105816
8577	8578	0	0.34240562
8577	8578	1	0.37774715
8577	8578	2	0.27984726
8579	8580	0	0.3045773
8579	8580	1	0.41127744
8579	8580	2	0.28414527
8579	8581	0	0.37796506
8579	8581	1	0.327191
8579	8581	2	0.29484397
8579	8582	0	0.37397268
8579	8582	1	0.33148393
8579	8582	2	0.29454336
8579	8583	0	0.3815195
8579	8583	1	0.36338127
8579	8583	2	0.2550993
8580	8581	0	0.32289347
8580	8581	1	0.39377278
8580	8581	2	0.28333378
8580	8582	0	0.33117992
8580	8582	1	0.37713644
8580	8582	2	0.29168367
8580	8583	0	0.37395492
8580	8583	1	0.35166326
8580	8583	2	0.27438176
8581	8582	0	0.3415861
8581	8582	1	0.37382993
8581	8582	2	0.28458396
8581	8583	0	0.41412622
8581	8583	1	0.34588233
8581	8583	2	0.23999141
8582	8583	0	0.416463
8582	8583	1	0.3580152
8582	8583	2	0.22552183
8581	8584	0	0.3462921
8581	8584	1	0.35837144
8581	8584	2	0.29533646
8582	8584	0	0.35194775
8582	8584	1	0.32856286
8582	8584	2	0.3194894
8583	8584	0	0.3577698
8583	8584	1	0.32896182
8583	8584	2	0.31326842
8584	8585	0	0.35504344
8584	8585	1	0.40161055
8584	8585	2	0.24334598
8585	8586	0	0.33827105
8585	8586	1	0.35697743
8585	8586	2	0.30475152
8585	8587	0	0.29710346
8585	8587	1	0.4241782
8585	8587	2	0.27871835
8586	8587	0	0.32512432
8586	8587	1	0.42559552
8586	8587	2	0.24928015
8588	8589	0	0.3196225
8588	8589	1	0.3871406
8588	8589	2	0.29323694
8588	8590	0	0.31609723
8588	8590	1	0.35779914
8588	8590	2	0.32610357
8589	8590	0	0.37296128
8589	8590	1	0.32047078
8589	8590	2	0.306568
8591	8592	0	0.31827274
8591	8592	1	0.4241538
8591	8592	2	0.25757343
8591	8593	0	0.3211449
8591	8593	1	0.40662694
8591	8593	2	0.2722281
8591	8594	0	0.2942172
8591	8594	1	0.43414083
8591	8594	2	0.271642
8592	8593	0	0.29648826
8592	8593	1	0.3828301
8592	8593	2	0.3206816
8592	8594	0	0.30600736
8592	8594	1	0.37942088
8592	8594	2	0.31457177
8593	8594	0	0.34374103
8593	8594	1	0.4024624
8593	8594	2	0.2537966
8593	8595	0	0.40914148
8593	8595	1	0.36855093
8593	8595	2	0.22230758
8593	8596	0	0.38435805
8593	8596	1	0.36442077
8593	8596	2	0.25122118
8593	8597	0	0.35071677
8593	8597	1	0.41243926
8593	8597	2	0.23684393
8594	8595	0	0.37444082
8594	8595	1	0.39623675
8594	8595	2	0.22932239
8594	8596	0	0.3898611
8594	8596	1	0.34364542
8594	8596	2	0.26649347
8594	8597	0	0.2916719
8594	8597	1	0.46147674
8594	8597	2	0.24685128
8595	8596	0	0.34434572
8595	8596	1	0.38344803
8595	8596	2	0.27220628
8595	8597	0	0.24560978
8595	8597	1	0.48494694
8595	8597	2	0.26944327
8596	8597	0	0.30440286
8596	8597	1	0.454414
8596	8597	2	0.2411831
8595	8598	0	0.30747047
8595	8598	1	0.3800985
8595	8598	2	0.31243104
8596	8598	0	0.32852852
8596	8598	1	0.38288295
8596	8598	2	0.28858852
8597	8598	0	0.382024
8597	8598	1	0.33743608
8597	8598	2	0.28053996
8598	8599	0	0.32515997
8598	8599	1	0.40981162
8598	8599	2	0.26502845
8598	8600	0	0.3375878
8598	8600	1	0.42027485
8598	8600	2	0.24213733
8599	8600	0	0.29969388
8599	8600	1	0.4533843
8599	8600	2	0.24692182
8600	8601	0	0.32828808
8600	8601	1	0.429324
8600	8601	2	0.24238797
8601	8602	0	0.3448188
8601	8602	1	0.38196224
8601	8602	2	0.27321893
8601	8603	0	0.31797218
8601	8603	1	0.41866082
8601	8603	2	0.26336703
8601	8604	0	0.2668589
8601	8604	1	0.47072905
8601	8604	2	0.262412
8602	8603	0	0.41602755
8602	8603	1	0.3247443
8602	8603	2	0.25922817
8602	8604	0	0.3432221
8602	8604	1	0.41101894
8602	8604	2	0.24575894
8603	8604	0	0.2443764
8603	8604	1	0.45793423
8603	8604	2	0.29768938
8602	8605	0	0.34172085
8602	8605	1	0.34646857
8602	8605	2	0.31181055
8603	8605	0	0.35491708
8603	8605	1	0.3648812
8603	8605	2	0.28020176
8604	8605	0	0.29099435
8604	8605	1	0.44086424
8604	8605	2	0.26814133
8605	8606	0	0.2797088
8605	8606	1	0.40105373
8605	8606	2	0.3192375
8606	8607	0	0.3749887
8606	8607	1	0.3568693
8606	8607	2	0.26814196
8606	8608	0	0.37627113
8606	8608	1	0.36643606
8606	8608	2	0.25729287
8607	8608	0	0.3372366
8607	8608	1	0.30866608
8607	8608	2	0.35409725
8607	8609	0	0.40307015
8607	8609	1	0.33675966
8607	8609	2	0.26017022
8607	8610	0	0.38610965
8607	8610	1	0.2915395
8607	8610	2	0.32235086
8607	8611	0	0.34210315
8607	8611	1	0.34333575
8607	8611	2	0.31456116
8608	8609	0	0.36954173
8608	8609	1	0.349326
8608	8609	2	0.28113225
8608	8610	0	0.35184044
8608	8610	1	0.3221329
8608	8610	2	0.32602662
8608	8611	0	0.33958644
8608	8611	1	0.3407297
8608	8611	2	0.31968388
8609	8610	0	0.31940433
8609	8610	1	0.35507482
8609	8610	2	0.3255208
8609	8611	0	0.3198786
8609	8611	1	0.37672856
8609	8611	2	0.30339286
8610	8611	0	0.2731472
8610	8611	1	0.44045398
8610	8611	2	0.2863989
8609	8612	0	0.31068784
8609	8612	1	0.3450019
8609	8612	2	0.34431022
8609	8613	0	0.289369
8609	8613	1	0.37790245
8609	8613	2	0.3327286
8609	8614	0	0.33180654
8609	8614	1	0.39006716
8609	8614	2	0.27812627
8610	8612	0	0.32176262
8610	8612	1	0.36830583
8610	8612	2	0.30993155
8610	8613	0	0.29551184
8610	8613	1	0.3946378
8610	8613	2	0.30985036
8610	8614	0	0.30426812
8610	8614	1	0.44125244
8610	8614	2	0.25447947
8611	8612	0	0.37411606
8611	8612	1	0.33254215
8611	8612	2	0.29334182
8611	8613	0	0.33815885
8611	8613	1	0.34641996
8611	8613	2	0.31542116
8611	8614	0	0.3627207
8611	8614	1	0.39459777
8611	8614	2	0.24268153
8612	8613	0	0.31546038
8612	8613	1	0.37939125
8612	8613	2	0.3051483
8612	8614	0	0.35165617
8612	8614	1	0.39311162
8612	8614	2	0.25523221
8613	8614	0	0.29220662
8613	8614	1	0.40063015
8613	8614	2	0.3071632
8612	8615	0	0.32444206
8612	8615	1	0.41911677
8612	8615	2	0.25644115
8612	8616	0	0.32167166
8612	8616	1	0.42566988
8612	8616	2	0.25265843
8612	8617	0	0.2732657
8612	8617	1	0.43690184
8612	8617	2	0.28983247
8613	8615	0	0.31252995
8613	8615	1	0.4062217
8613	8615	2	0.2812484
8613	8616	0	0.29344338
8613	8616	1	0.44178033
8613	8616	2	0.26477626
8613	8617	0	0.27065223
8613	8617	1	0.40119538
8613	8617	2	0.32815236
8614	8615	0	0.34492883
8614	8615	1	0.3849048
8614	8615	2	0.27016634
8614	8616	0	0.33658707
8614	8616	1	0.4006159
8614	8616	2	0.26279703
8614	8617	0	0.2933247
8614	8617	1	0.3835856
8614	8617	2	0.32308972
8615	8616	0	0.3085243
8615	8616	1	0.47580227
8615	8616	2	0.21567345
8615	8617	0	0.29950976
8615	8617	1	0.4377585
8615	8617	2	0.2627317
8616	8617	0	0.29651502
8616	8617	1	0.4380055
8616	8617	2	0.26547945
8618	8619	0	0.36543578
8618	8619	1	0.42453462
8618	8619	2	0.2100296
8618	8620	0	0.33550656
8618	8620	1	0.42015013
8618	8620	2	0.24434327
8619	8620	0	0.30569768
8619	8620	1	0.4131867
8619	8620	2	0.28111562
8619	8621	0	0.39375764
8619	8621	1	0.35618842
8619	8621	2	0.25005397
8619	8622	0	0.32193148
8619	8622	1	0.3624329
8619	8622	2	0.31563562
8620	8621	0	0.3905274
8620	8621	1	0.38754573
8620	8621	2	0.2219269
8620	8622	0	0.3724502
8620	8622	1	0.3332167
8620	8622	2	0.29433307
8621	8622	0	0.35766944
8621	8622	1	0.34275514
8621	8622	2	0.29957542
8621	8623	0	0.3625733
8621	8623	1	0.3484393
8621	8623	2	0.28898737
8621	8624	0	0.33609414
8621	8624	1	0.3488026
8621	8624	2	0.31510323
8621	8625	0	0.37115705
8621	8625	1	0.3389205
8621	8625	2	0.28992242
8622	8623	0	0.36726633
8622	8623	1	0.35043985
8622	8623	2	0.2822938
8622	8624	0	0.33918604
8622	8624	1	0.37925836
8622	8624	2	0.2815556
8622	8625	0	0.3806058
8622	8625	1	0.34234068
8622	8625	2	0.27705356
8623	8624	0	0.3224116
8623	8624	1	0.412866
8623	8624	2	0.2647224
8623	8625	0	0.36790097
8623	8625	1	0.35912487
8623	8625	2	0.27297413
8624	8625	0	0.36850485
8624	8625	1	0.3346321
8624	8625	2	0.29686308
8623	8626	0	0.34640473
8623	8626	1	0.38078713
8623	8626	2	0.27280816
8624	8626	0	0.3725562
8624	8626	1	0.38060096
8624	8626	2	0.24684283
8625	8626	0	0.34793878
8625	8626	1	0.37917653
8625	8626	2	0.27288467
8244	8248	0	0.33333334
8248	8244	0	0.33333334
8244	8248	1	0.33333334
8248	8244	1	0.33333334
8244	8248	2	0.33333334
8248	8244	2	0.33333334
8244	8247	0	0.33333334
8247	8244	0	0.33333334
8244	8247	1	0.33333334
8247	8244	1	0.33333334
8244	8247	2	0.33333334
8247	8244	2	0.33333334
8245	8249	0	0.33333334
8249	8245	0	0.33333334
8245	8249	1	0.33333334
8249	8245	1	0.33333334
8245	8249	2	0.33333334
8249	8245	2	0.33333334
8245	8250	0	0.33333334
8250	8245	0	0.33333334
8245	8250	1	0.33333334
8250	8245	1	0.33333334
8245	8250	2	0.33333334
8250	8245	2	0.33333334
8245	8251	0	0.33333334
8251	8245	0	0.33333334
8245	8251	1	0.33333334
8251	8245	1	0.33333334
8245	8251	2	0.33333334
8251	8245	2	0.33333334
8246	8249	0	0.33333334
8249	8246	0	0.33333334
8246	8249	1	0.33333334
8249	8246	1	0.33333334
8246	8249	2	0.33333334
8249	8246	2	0.33333334
8246	8250	0	0.33333334
8250	8246	0	0.33333334
8246	8250	1	0.33333334
8250	8246	1	0.33333334
8246	8250	2	0.33333334
8250	8246	2	0.33333334
8246	8251	0	0.33333334
8251	8246	0	0.33333334
8246	8251	1	0.33333334
8251	8246	1	0.33333334
8246	8251	2	0.33333334
8251	8246	2	0.33333334
8250	8251	0	0.33333334
8251	8250	0	0.33333334
8250	8251	1	0.33333334
8251	8250	1	0.33333334
8250	8251	2	0.33333334
8251	8250	2	0.33333334
8252	8256	0	0.33333334
8256	8252	0	0.33333334
8252	8256	1	0.33333334
8256	8252	1	0.33333334
8252	8256	2	0.33333334
8256	8252	2	0.33333334
8252	8254	0	0.33333334
8254	8252	0	0.33333334
8252	8254	1	0.33333334
8254	8252	1	0.33333334
8252	8254	2	0.33333334
8254	8252	2	0.33333334
8252	8255	0	0.33333334
8255	8252	0	0.33333334
8252	8255	1	0.33333334
8255	8252	1	0.33333334
8252	8255	2	0.33333334
8255	8252	2	0.33333334
8253	8257	0	0.33333334
8257	8253	0	0.33333334
8253	8257	1	0.33333334
8257	8253	1	0.33333334
8253	8257	2	0.33333334
8257	8253	2	0.33333334
8258	8261	0	0.33333334
8261	8258	0	0.33333334
8258	8261	1	0.33333334
8261	8258	1	0.33333334
8258	8261	2	0.33333334
8261	8258	2	0.33333334
8258	8262	0	0.33333334
8262	8258	0	0.33333334
8258	8262	1	0.33333334
8262	8258	1	0.33333334
8258	8262	2	0.33333334
8262	8258	2	0.33333334
8259	8261	0	0.33333334
8261	8259	0	0.33333334
8259	8261	1	0.33333334
8261	8259	1	0.33333334
8259	8261	2	0.33333334
8261	8259	2	0.33333334
8259	8262	0	0.33333334
8262	8259	0	0.33333334
8259	8262	1	0.33333334
8262	8259	1	0.33333334
8259	8262	2	0.33333334
8262	8259	2	0.33333334
8263	8265	0	0.33333334
8265	8263	0	0.33333334
8263	8265	1	0.33333334
8265	8263	1	0.33333334
8263	8265	2	0.33333334
8265	8263	2	0.33333334
8264	8266	0	0.33333334
8266	8264	0	0.33333334
8264	8266	1	0.33333334
8266	8264	1	0.33333334
8264	8266	2	0.33333334
8266	8264	2	0.33333334
8269	8275	0	0.33333334
8275	8269	0	0.33333334
8269	8275	1	0.33333334
8275	8269	1	0.33333334
8269	8275	2	0.33333334
8275	8269	2	0.33333334
8269	8276	0	0.33333334
8276	8269	0	0.33333334
8269	8276	1	0.33333334
8276	8269	1	0.33333334
8269	8276	2	0.33333334
8276	8269	2	0.33333334
8269	8277	0	0.33333334
8277	8269	0	0.33333334
8269	8277	1	0.33333334
8277	8269	1	0.33333334
8269	8277	2	0.33333334
8277	8269	2	0.33333334
8269	8278	0	0.33333334
8278	8269	0	0.33333334
8269	8278	1	0.33333334
8278	8269	1	0.33333334
8269	8278	2	0.33333334
8278	8269	2	0.33333334
8270	8275	0	0.33333334
8275	8270	0	0.33333334
8270	8275	1	0.33333334
8275	8270	1	0.33333334
8270	8275	2	0.33333334
8275	8270	2	0.33333334
8270	8276	0	0.33333334
8276	8270	0	0.33333334
8270	8276	1	0.33333334
8276	8270	1	0.33333334
8270	8276	2	0.33333334
8276	8270	2	0.33333334
8270	8277	0	0.33333334
8277	8270	0	0.33333334
8270	8277	1	0.33333334
8277	8270	1	0.33333334
8270	8277	2	0.33333334
8277	8270	2	0.33333334
8270	8278	0	0.33333334
8278	8270	0	0.33333334
8270	8278	1	0.33333334
8278	8270	1	0.33333334
8270	8278	2	0.33333334
8278	8270	2	0.33333334
8271	8275	0	0.33333334
8275	8271	0	0.33333334
8271	8275	1	0.33333334
8275	8271	1	0.33333334
8271	8275	2	0.33333334
8275	8271	2	0.33333334
8271	8276	0	0.33333334
8276	8271	0	0.33333334
8271	8276	1	0.33333334
8276	8271	1	0.33333334
8271	8276	2	0.33333334
8276	8271	2	0.33333334
8271	8277	0	0.33333334
8277	8271	0	0.33333334
8271	8277	1	0.33333334
8277	8271	1	0.33333334
8271	8277	2	0.33333334
8277	8271	2	0.33333334
8271	8278	0	0.33333334
8278	8271	0	0.33333334
8271	8278	1	0.33333334
8278	8271	1	0.33333334
8271	8278	2	0.33333334
8278	8271	2	0.33333334
8272	8275	0	0.33333334
8275	8272	0	0.33333334
8272	8275	1	0.33333334
8275	8272	1	0.33333334
8272	8275	2	0.33333334
8275	8272	2	0.33333334
8272	8276	0	0.33333334
8276	8272	0	0.33333334
8272	8276	1	0.33333334
8276	8272	1	0.33333334
8272	8276	2	0.33333334
8276	8272	2	0.33333334
8272	8277	0	0.33333334
8277	8272	0	0.33333334
8272	8277	1	0.33333334
8277	8272	1	0.33333334
8272	8277	2	0.33333334
8277	8272	2	0.33333334
8272	8278	0	0.33333334
8278	8272	0	0.33333334
8272	8278	1	0.33333334
8278	8272	1	0.33333334
8272	8278	2	0.33333334
8278	8272	2	0.33333334
8273	8279	0	0.33333334
8279	8273	0	0.33333334
8273	8279	1	0.33333334
8279	8273	1	0.33333334
8273	8279	2	0.33333334
8279	8273	2	0.33333334
8273	8280	0	0.33333334
8280	8273	0	0.33333334
8273	8280	1	0.33333334
8280	8273	1	0.33333334
8273	8280	2	0.33333334
8280	8273	2	0.33333334
8273	8281	0	0.33333334
8281	8273	0	0.33333334
8273	8281	1	0.33333334
8281	8273	1	0.33333334
8273	8281	2	0.33333334
8281	8273	2	0.33333334
8273	8282	0	0.33333334
8282	8273	0	0.33333334
8273	8282	1	0.33333334
8282	8273	1	0.33333334
8273	8282	2	0.33333334
8282	8273	2	0.33333334
8274	8279	0	0.33333334
8279	8274	0	0.33333334
8274	8279	1	0.33333334
8279	8274	1	0.33333334
8274	8279	2	0.33333334
8279	8274	2	0.33333334
8274	8280	0	0.33333334
8280	8274	0	0.33333334
8274	8280	1	0.33333334
8280	8274	1	0.33333334
8274	8280	2	0.33333334
8280	8274	2	0.33333334
8274	8281	0	0.33333334
8281	8274	0	0.33333334
8274	8281	1	0.33333334
8281	8274	1	0.33333334
8274	8281	2	0.33333334
8281	8274	2	0.33333334
8274	8282	0	0.33333334
8282	8274	0	0.33333334
8274	8282	1	0.33333334
8282	8274	1	0.33333334
8274	8282	2	0.33333334
8282	8274	2	0.33333334
8275	8283	0	0.33333334
8283	8275	0	0.33333334
8275	8283	1	0.33333334
8283	8275	1	0.33333334
8275	8283	2	0.33333334
8283	8275	2	0.33333334
8275	8284	0	0.33333334
8284	8275	0	0.33333334
8275	8284	1	0.33333334
8284	8275	1	0.33333334
8275	8284	2	0.33333334
8284	8275	2	0.33333334
8275	8285	0	0.33333334
8285	8275	0	0.33333334
8275	8285	1	0.33333334
8285	8275	1	0.33333334
8275	8285	2	0.33333334
8285	8275	2	0.33333334
8276	8283	0	0.33333334
8283	8276	0	0.33333334
8276	8283	1	0.33333334
8283	8276	1	0.33333334
8276	8283	2	0.33333334
8283	8276	2	0.33333334
8276	8284	0	0.33333334
8284	8276	0	0.33333334
8276	8284	1	0.33333334
8284	8276	1	0.33333334
8276	8284	2	0.33333334
8284	8276	2	0.33333334
8276	8285	0	0.33333334
8285	8276	0	0.33333334
8276	8285	1	0.33333334
8285	8276	1	0.33333334
8276	8285	2	0.33333334
8285	8276	2	0.33333334
8277	8279	0	0.33333334
8279	8277	0	0.33333334
8277	8279	1	0.33333334
8279	8277	1	0.33333334
8277	8279	2	0.33333334
8279	8277	2	0.33333334
8277	8283	0	0.33333334
8283	8277	0	0.33333334
8277	8283	1	0.33333334
8283	8277	1	0.33333334
8277	8283	2	0.33333334
8283	8277	2	0.33333334
8277	8284	0	0.33333334
8284	8277	0	0.33333334
8277	8284	1	0.33333334
8284	8277	1	0.33333334
8277	8284	2	0.33333334
8284	8277	2	0.33333334
8277	8285	0	0.33333334
8285	8277	0	0.33333334
8277	8285	1	0.33333334
8285	8277	1	0.33333334
8277	8285	2	0.33333334
8285	8277	2	0.33333334
8278	8283	0	0.33333334
8283	8278	0	0.33333334
8278	8283	1	0.33333334
8283	8278	1	0.33333334
8278	8283	2	0.33333334
8283	8278	2	0.33333334
8278	8284	0	0.33333334
8284	8278	0	0.33333334
8278	8284	1	0.33333334
8284	8278	1	0.33333334
8278	8284	2	0.33333334
8284	8278	2	0.33333334
8278	8285	0	0.33333334
8285	8278	0	0.33333334
8278	8285	1	0.33333334
8285	8278	1	0.33333334
8278	8285	2	0.33333334
8285	8278	2	0.33333334
8279	8286	0	0.33333334
8286	8279	0	0.33333334
8279	8286	1	0.33333334
8286	8279	1	0.33333334
8279	8286	2	0.33333334
8286	8279	2	0.33333334
8280	8286	0	0.33333334
8286	8280	0	0.33333334
8280	8286	1	0.33333334
8286	8280	1	0.33333334
8280	8286	2	0.33333334
8286	8280	2	0.33333334
8281	8286	0	0.33333334
8286	8281	0	0.33333334
8281	8286	1	0.33333334
8286	8281	1	0.33333334
8281	8286	2	0.33333334
8286	8281	2	0.33333334
8282	8286	0	0.33333334
8286	8282	0	0.33333334
8282	8286	1	0.33333334
8286	8282	1	0.33333334
8282	8286	2	0.33333334
8286	8282	2	0.33333334
8283	8288	0	0.33333334
8288	8283	0	0.33333334
8283	8288	1	0.33333334
8288	8283	1	0.33333334
8283	8288	2	0.33333334
8288	8283	2	0.33333334
8283	8287	0	0.33333334
8287	8283	0	0.33333334
8283	8287	1	0.33333334
8287	8283	1	0.33333334
8283	8287	2	0.33333334
8287	8283	2	0.33333334
8284	8288	0	0.33333334
8288	8284	0	0.33333334
8284	8288	1	0.33333334
8288	8284	1	0.33333334
8284	8288	2	0.33333334
8288	8284	2	0.33333334
8284	8287	0	0.33333334
8287	8284	0	0.33333334
8284	8287	1	0.33333334
8287	8284	1	0.33333334
8284	8287	2	0.33333334
8287	8284	2	0.33333334
8285	8288	0	0.33333334
8288	8285	0	0.33333334
8285	8288	1	0.33333334
8288	8285	1	0.33333334
8285	8288	2	0.33333334
8288	8285	2	0.33333334
8285	8287	0	0.33333334
8287	8285	0	0.33333334
8285	8287	1	0.33333334
8287	8285	1	0.33333334
8285	8287	2	0.33333334
8287	8285	2	0.33333334
8289	8295	0	0.33333334
8295	8289	0	0.33333334
8289	8295	1	0.33333334
8295	8289	1	0.33333334
8289	8295	2	0.33333334
8295	8289	2	0.33333334
8290	8295	0	0.33333334
8295	8290	0	0.33333334
8290	8295	1	0.33333334
8295	8290	1	0.33333334
8290	8295	2	0.33333334
8295	8290	2	0.33333334
8291	8295	0	0.33333334
8295	8291	0	0.33333334
8291	8295	1	0.33333334
8295	8291	1	0.33333334
8291	8295	2	0.33333334
8295	8291	2	0.33333334
8292	8295	0	0.33333334
8295	8292	0	0.33333334
8292	8295	1	0.33333334
8295	8292	1	0.33333334
8292	8295	2	0.33333334
8295	8292	2	0.33333334
8293	8296	0	0.33333334
8296	8293	0	0.33333334
8293	8296	1	0.33333334
8296	8293	1	0.33333334
8293	8296	2	0.33333334
8296	8293	2	0.33333334
8293	8297	0	0.33333334
8297	8293	0	0.33333334
8293	8297	1	0.33333334
8297	8293	1	0.33333334
8293	8297	2	0.33333334
8297	8293	2	0.33333334
8293	8298	0	0.33333334
8298	8293	0	0.33333334
8293	8298	1	0.33333334
8298	8293	1	0.33333334
8293	8298	2	0.33333334
8298	8293	2	0.33333334
8294	8296	0	0.33333334
8296	8294	0	0.33333334
8294	8296	1	0.33333334
8296	8294	1	0.33333334
8294	8296	2	0.33333334
8296	8294	2	0.33333334
8294	8297	0	0.33333334
8297	8294	0	0.33333334
8294	8297	1	0.33333334
8297	8294	1	0.33333334
8294	8297	2	0.33333334
8297	8294	2	0.33333334
8294	8298	0	0.33333334
8298	8294	0	0.33333334
8294	8298	1	0.33333334
8298	8294	1	0.33333334
8294	8298	2	0.33333334
8298	8294	2	0.33333334
8295	8299	0	0.33333334
8299	8295	0	0.33333334
8295	8299	1	0.33333334
8299	8295	1	0.33333334
8295	8299	2	0.33333334
8299	8295	2	0.33333334
8295	8300	0	0.33333334
8300	8295	0	0.33333334
8295	8300	1	0.33333334
8300	8295	1	0.33333334
8295	8300	2	0.33333334
8300	8295	2	0.33333334
8296	8301	0	0.33333334
8301	8296	0	0.33333334
8296	8301	1	0.33333334
8301	8296	1	0.33333334
8296	8301	2	0.33333334
8301	8296	2	0.33333334
8296	8302	0	0.33333334
8302	8296	0	0.33333334
8296	8302	1	0.33333334
8302	8296	1	0.33333334
8296	8302	2	0.33333334
8302	8296	2	0.33333334
8297	8301	0	0.33333334
8301	8297	0	0.33333334
8297	8301	1	0.33333334
8301	8297	1	0.33333334
8297	8301	2	0.33333334
8301	8297	2	0.33333334
8297	8302	0	0.33333334
8302	8297	0	0.33333334
8297	8302	1	0.33333334
8302	8297	1	0.33333334
8297	8302	2	0.33333334
8302	8297	2	0.33333334
8298	8301	0	0.33333334
8301	8298	0	0.33333334
8298	8301	1	0.33333334
8301	8298	1	0.33333334
8298	8301	2	0.33333334
8301	8298	2	0.33333334
8298	8302	0	0.33333334
8302	8298	0	0.33333334
8298	8302	1	0.33333334
8302	8298	1	0.33333334
8298	8302	2	0.33333334
8302	8298	2	0.33333334
8299	8303	0	0.33333334
8303	8299	0	0.33333334
8299	8303	1	0.33333334
8303	8299	1	0.33333334
8299	8303	2	0.33333334
8303	8299	2	0.33333334
8300	8303	0	0.33333334
8303	8300	0	0.33333334
8300	8303	1	0.33333334
8303	8300	1	0.33333334
8300	8303	2	0.33333334
8303	8300	2	0.33333334
8301	8304	0	0.33333334
8304	8301	0	0.33333334
8301	8304	1	0.33333334
8304	8301	1	0.33333334
8301	8304	2	0.33333334
8304	8301	2	0.33333334
8302	8304	0	0.33333334
8304	8302	0	0.33333334
8302	8304	1	0.33333334
8304	8302	1	0.33333334
8302	8304	2	0.33333334
8304	8302	2	0.33333334
8303	8305	0	0.33333334
8305	8303	0	0.33333334
8303	8305	1	0.33333334
8305	8303	1	0.33333334
8303	8305	2	0.33333334
8305	8303	2	0.33333334
8304	8306	0	0.33333334
8306	8304	0	0.33333334
8304	8306	1	0.33333334
8306	8304	1	0.33333334
8304	8306	2	0.33333334
8306	8304	2	0.33333334
8305	8307	0	0.33333334
8307	8305	0	0.33333334
8305	8307	1	0.33333334
8307	8305	1	0.33333334
8305	8307	2	0.33333334
8307	8305	2	0.33333334
8306	8308	0	0.33333334
8308	8306	0	0.33333334
8306	8308	1	0.33333334
8308	8306	1	0.33333334
8306	8308	2	0.33333334
8308	8306	2	0.33333334
8306	8309	0	0.33333334
8309	8306	0	0.33333334
8306	8309	1	0.33333334
8309	8306	1	0.33333334
8306	8309	2	0.33333334
8309	8306	2	0.33333334
8307	8310	0	0.33333334
8310	8307	0	0.33333334
8307	8310	1	0.33333334
8310	8307	1	0.33333334
8307	8310	2	0.33333334
8310	8307	2	0.33333334
8309	8310	0	0.33333334
8310	8309	0	0.33333334
8309	8310	1	0.33333334
8310	8309	1	0.33333334
8309	8310	2	0.33333334
8310	8309	2	0.33333334
8323	8330	0	0.33333334
8330	8323	0	0.33333334
8323	8330	1	0.33333334
8330	8323	1	0.33333334
8323	8330	2	0.33333334
8330	8323	2	0.33333334
8323	8331	0	0.33333334
8331	8323	0	0.33333334
8323	8331	1	0.33333334
8331	8323	1	0.33333334
8323	8331	2	0.33333334
8331	8323	2	0.33333334
8324	8330	0	0.33333334
8330	8324	0	0.33333334
8324	8330	1	0.33333334
8330	8324	1	0.33333334
8324	8330	2	0.33333334
8330	8324	2	0.33333334
8324	8331	0	0.33333334
8331	8324	0	0.33333334
8324	8331	1	0.33333334
8331	8324	1	0.33333334
8324	8331	2	0.33333334
8331	8324	2	0.33333334
8325	8330	0	0.33333334
8330	8325	0	0.33333334
8325	8330	1	0.33333334
8330	8325	1	0.33333334
8325	8330	2	0.33333334
8330	8325	2	0.33333334
8325	8331	0	0.33333334
8331	8325	0	0.33333334
8325	8331	1	0.33333334
8331	8325	1	0.33333334
8325	8331	2	0.33333334
8331	8325	2	0.33333334
8326	8330	0	0.33333334
8330	8326	0	0.33333334
8326	8330	1	0.33333334
8330	8326	1	0.33333334
8326	8330	2	0.33333334
8330	8326	2	0.33333334
8326	8331	0	0.33333334
8331	8326	0	0.33333334
8326	8331	1	0.33333334
8331	8326	1	0.33333334
8326	8331	2	0.33333334
8331	8326	2	0.33333334
8327	8330	0	0.33333334
8330	8327	0	0.33333334
8327	8330	1	0.33333334
8330	8327	1	0.33333334
8327	8330	2	0.33333334
8330	8327	2	0.33333334
8327	8331	0	0.33333334
8331	8327	0	0.33333334
8327	8331	1	0.33333334
8331	8327	1	0.33333334
8327	8331	2	0.33333334
8331	8327	2	0.33333334
8332	8335	0	0.33333334
8335	8332	0	0.33333334
8332	8335	1	0.33333334
8335	8332	1	0.33333334
8332	8335	2	0.33333334
8335	8332	2	0.33333334
8333	8335	0	0.33333334
8335	8333	0	0.33333334
8333	8335	1	0.33333334
8335	8333	1	0.33333334
8333	8335	2	0.33333334
8335	8333	2	0.33333334
8334	8336	0	0.33333334
8336	8334	0	0.33333334
8334	8336	1	0.33333334
8336	8334	1	0.33333334
8334	8336	2	0.33333334
8336	8334	2	0.33333334
8334	8337	0	0.33333334
8337	8334	0	0.33333334
8334	8337	1	0.33333334
8337	8334	1	0.33333334
8334	8337	2	0.33333334
8337	8334	2	0.33333334
8334	8338	0	0.33333334
8338	8334	0	0.33333334
8334	8338	1	0.33333334
8338	8334	1	0.33333334
8334	8338	2	0.33333334
8338	8334	2	0.33333334
8335	8339	0	0.33333334
8339	8335	0	0.33333334
8335	8339	1	0.33333334
8339	8335	1	0.33333334
8335	8339	2	0.33333334
8339	8335	2	0.33333334
8343	8345	0	0.33333334
8345	8343	0	0.33333334
8343	8345	1	0.33333334
8345	8343	1	0.33333334
8343	8345	2	0.33333334
8345	8343	2	0.33333334
8343	8346	0	0.33333334
8346	8343	0	0.33333334
8343	8346	1	0.33333334
8346	8343	1	0.33333334
8343	8346	2	0.33333334
8346	8343	2	0.33333334
8343	8347	0	0.33333334
8347	8343	0	0.33333334
8343	8347	1	0.33333334
8347	8343	1	0.33333334
8343	8347	2	0.33333334
8347	8343	2	0.33333334
8344	8348	0	0.33333334
8348	8344	0	0.33333334
8344	8348	1	0.33333334
8348	8344	1	0.33333334
8344	8348	2	0.33333334
8348	8344	2	0.33333334
8359	8362	0	0.33333334
8362	8359	0	0.33333334
8359	8362	1	0.33333334
8362	8359	1	0.33333334
8359	8362	2	0.33333334
8362	8359	2	0.33333334
8363	8368	0	0.33333334
8368	8363	0	0.33333334
8363	8368	1	0.33333334
8368	8363	1	0.33333334
8363	8368	2	0.33333334
8368	8363	2	0.33333334
8363	8369	0	0.33333334
8369	8363	0	0.33333334
8363	8369	1	0.33333334
8369	8363	1	0.33333334
8363	8369	2	0.33333334
8369	8363	2	0.33333334
8364	8370	0	0.33333334
8370	8364	0	0.33333334
8364	8370	1	0.33333334
8370	8364	1	0.33333334
8364	8370	2	0.33333334
8370	8364	2	0.33333334
8364	8371	0	0.33333334
8371	8364	0	0.33333334
8364	8371	1	0.33333334
8371	8364	1	0.33333334
8364	8371	2	0.33333334
8371	8364	2	0.33333334
8365	8370	0	0.33333334
8370	8365	0	0.33333334
8365	8370	1	0.33333334
8370	8365	1	0.33333334
8365	8370	2	0.33333334
8370	8365	2	0.33333334
8365	8371	0	0.33333334
8371	8365	0	0.33333334
8365	8371	1	0.33333334
8371	8365	1	0.33333334
8365	8371	2	0.33333334
8371	8365	2	0.33333334
8366	8370	0	0.33333334
8370	8366	0	0.33333334
8366	8370	1	0.33333334
8370	8366	1	0.33333334
8366	8370	2	0.33333334
8370	8366	2	0.33333334
8366	8371	0	0.33333334
8371	8366	0	0.33333334
8366	8371	1	0.33333334
8371	8366	1	0.33333334
8366	8371	2	0.33333334
8371	8366	2	0.33333334
8367	8370	0	0.33333334
8370	8367	0	0.33333334
8367	8370	1	0.33333334
8370	8367	1	0.33333334
8367	8370	2	0.33333334
8370	8367	2	0.33333334
8367	8371	0	0.33333334
8371	8367	0	0.33333334
8367	8371	1	0.33333334
8371	8367	1	0.33333334
8367	8371	2	0.33333334
8371	8367	2	0.33333334
8368	8372	0	0.33333334
8372	8368	0	0.33333334
8368	8372	1	0.33333334
8372	8368	1	0.33333334
8368	8372	2	0.33333334
8372	8368	2	0.33333334
8368	8373	0	0.33333334
8373	8368	0	0.33333334
8368	8373	1	0.33333334
8373	8368	1	0.33333334
8368	8373	2	0.33333334
8373	8368	2	0.33333334
8369	8372	0	0.33333334
8372	8369	0	0.33333334
8369	8372	1	0.33333334
8372	8369	1	0.33333334
8369	8372	2	0.33333334
8372	8369	2	0.33333334
8369	8373	0	0.33333334
8373	8369	0	0.33333334
8369	8373	1	0.33333334
8373	8369	1	0.33333334
8369	8373	2	0.33333334
8373	8369	2	0.33333334
8370	8374	0	0.33333334
8374	8370	0	0.33333334
8370	8374	1	0.33333334
8374	8370	1	0.33333334
8370	8374	2	0.33333334
8374	8370	2	0.33333334
8371	8374	0	0.33333334
8374	8371	0	0.33333334
8371	8374	1	0.33333334
8374	8371	1	0.33333334
8371	8374	2	0.33333334
8374	8371	2	0.33333334
8372	8373	0	0.33333334
8373	8372	0	0.33333334
8372	8373	1	0.33333334
8373	8372	1	0.33333334
8372	8373	2	0.33333334
8373	8372	2	0.33333334
8372	8375	0	0.33333334
8375	8372	0	0.33333334
8372	8375	1	0.33333334
8375	8372	1	0.33333334
8372	8375	2	0.33333334
8375	8372	2	0.33333334
8372	8376	0	0.33333334
8376	8372	0	0.33333334
8372	8376	1	0.33333334
8376	8372	1	0.33333334
8372	8376	2	0.33333334
8376	8372	2	0.33333334
8372	8377	0	0.33333334
8377	8372	0	0.33333334
8372	8377	1	0.33333334
8377	8372	1	0.33333334
8372	8377	2	0.33333334
8377	8372	2	0.33333334
8372	8378	0	0.33333334
8378	8372	0	0.33333334
8372	8378	1	0.33333334
8378	8372	1	0.33333334
8372	8378	2	0.33333334
8378	8372	2	0.33333334
8373	8375	0	0.33333334
8375	8373	0	0.33333334
8373	8375	1	0.33333334
8375	8373	1	0.33333334
8373	8375	2	0.33333334
8375	8373	2	0.33333334
8373	8376	0	0.33333334
8376	8373	0	0.33333334
8373	8376	1	0.33333334
8376	8373	1	0.33333334
8373	8376	2	0.33333334
8376	8373	2	0.33333334
8373	8377	0	0.33333334
8377	8373	0	0.33333334
8373	8377	1	0.33333334
8377	8373	1	0.33333334
8373	8377	2	0.33333334
8377	8373	2	0.33333334
8373	8378	0	0.33333334
8378	8373	0	0.33333334
8373	8378	1	0.33333334
8378	8373	1	0.33333334
8373	8378	2	0.33333334
8378	8373	2	0.33333334
8374	8379	0	0.33333334
8379	8374	0	0.33333334
8374	8379	1	0.33333334
8379	8374	1	0.33333334
8374	8379	2	0.33333334
8379	8374	2	0.33333334
8374	8380	0	0.33333334
8380	8374	0	0.33333334
8374	8380	1	0.33333334
8380	8374	1	0.33333334
8374	8380	2	0.33333334
8380	8374	2	0.33333334
8374	8381	0	0.33333334
8381	8374	0	0.33333334
8374	8381	1	0.33333334
8381	8374	1	0.33333334
8374	8381	2	0.33333334
8381	8374	2	0.33333334
8375	8382	0	0.33333334
8382	8375	0	0.33333334
8375	8382	1	0.33333334
8382	8375	1	0.33333334
8375	8382	2	0.33333334
8382	8375	2	0.33333334
8375	8383	0	0.33333334
8383	8375	0	0.33333334
8375	8383	1	0.33333334
8383	8375	1	0.33333334
8375	8383	2	0.33333334
8383	8375	2	0.33333334
8376	8382	0	0.33333334
8382	8376	0	0.33333334
8376	8382	1	0.33333334
8382	8376	1	0.33333334
8376	8382	2	0.33333334
8382	8376	2	0.33333334
8376	8383	0	0.33333334
8383	8376	0	0.33333334
8376	8383	1	0.33333334
8383	8376	1	0.33333334
8376	8383	2	0.33333334
8383	8376	2	0.33333334
8377	8382	0	0.33333334
8382	8377	0	0.33333334
8377	8382	1	0.33333334
8382	8377	1	0.33333334
8377	8382	2	0.33333334
8382	8377	2	0.33333334
8377	8383	0	0.33333334
8383	8377	0	0.33333334
8377	8383	1	0.33333334
8383	8377	1	0.33333334
8377	8383	2	0.33333334
8383	8377	2	0.33333334
8378	8382	0	0.33333334
8382	8378	0	0.33333334
8378	8382	1	0.33333334
8382	8378	1	0.33333334
8378	8382	2	0.33333334
8382	8378	2	0.33333334
8378	8383	0	0.33333334
8383	8378	0	0.33333334
8378	8383	1	0.33333334
8383	8378	1	0.33333334
8378	8383	2	0.33333334
8383	8378	2	0.33333334
8379	8384	0	0.33333334
8384	8379	0	0.33333334
8379	8384	1	0.33333334
8384	8379	1	0.33333334
8379	8384	2	0.33333334
8384	8379	2	0.33333334
8379	8385	0	0.33333334
8385	8379	0	0.33333334
8379	8385	1	0.33333334
8385	8379	1	0.33333334
8379	8385	2	0.33333334
8385	8379	2	0.33333334
8379	8386	0	0.33333334
8386	8379	0	0.33333334
8379	8386	1	0.33333334
8386	8379	1	0.33333334
8379	8386	2	0.33333334
8386	8379	2	0.33333334
8380	8384	0	0.33333334
8384	8380	0	0.33333334
8380	8384	1	0.33333334
8384	8380	1	0.33333334
8380	8384	2	0.33333334
8384	8380	2	0.33333334
8380	8385	0	0.33333334
8385	8380	0	0.33333334
8380	8385	1	0.33333334
8385	8380	1	0.33333334
8380	8385	2	0.33333334
8385	8380	2	0.33333334
8380	8386	0	0.33333334
8386	8380	0	0.33333334
8380	8386	1	0.33333334
8386	8380	1	0.33333334
8380	8386	2	0.33333334
8386	8380	2	0.33333334
8381	8384	0	0.33333334
8384	8381	0	0.33333334
8381	8384	1	0.33333334
8384	8381	1	0.33333334
8381	8384	2	0.33333334
8384	8381	2	0.33333334
8381	8385	0	0.33333334
8385	8381	0	0.33333334
8381	8385	1	0.33333334
8385	8381	1	0.33333334
8381	8385	2	0.33333334
8385	8381	2	0.33333334
8381	8386	0	0.33333334
8386	8381	0	0.33333334
8381	8386	1	0.33333334
8386	8381	1	0.33333334
8381	8386	2	0.33333334
8386	8381	2	0.33333334
8382	8386	0	0.33333334
8386	8382	0	0.33333334
8382	8386	1	0.33333334
8386	8382	1	0.33333334
8382	8386	2	0.33333334
8386	8382	2	0.33333334
8382	8387	0	0.33333334
8387	8382	0	0.33333334
8382	8387	1	0.33333334
8387	8382	1	0.33333334
8382	8387	2	0.33333334
8387	8382	2	0.33333334
8383	8387	0	0.33333334
8387	8383	0	0.33333334
8383	8387	1	0.33333334
8387	8383	1	0.33333334
8383	8387	2	0.33333334
8387	8383	2	0.33333334
8386	8387	0	0.33333334
8387	8386	0	0.33333334
8386	8387	1	0.33333334
8387	8386	1	0.33333334
8386	8387	2	0.33333334
8387	8386	2	0.33333334
8390	8392	0	0.33333334
8392	8390	0	0.33333334
8390	8392	1	0.33333334
8392	8390	1	0.33333334
8390	8392	2	0.33333334
8392	8390	2	0.33333334
8390	8393	0	0.33333334
8393	8390	0	0.33333334
8390	8393	1	0.33333334
8393	8390	1	0.33333334
8390	8393	2	0.33333334
8393	8390	2	0.33333334
8390	8394	0	0.33333334
8394	8390	0	0.33333334
8390	8394	1	0.33333334
8394	8390	1	0.33333334
8390	8394	2	0.33333334
8394	8390	2	0.33333334
8391	8395	0	0.33333334
8395	8391	0	0.33333334
8391	8395	1	0.33333334
8395	8391	1	0.33333334
8391	8395	2	0.33333334
8395	8391	2	0.33333334
8392	8393	0	0.33333334
8393	8392	0	0.33333334
8392	8393	1	0.33333334
8393	8392	1	0.33333334
8392	8393	2	0.33333334
8393	8392	2	0.33333334
8392	8395	0	0.33333334
8395	8392	0	0.33333334
8392	8395	1	0.33333334
8395	8392	1	0.33333334
8392	8395	2	0.33333334
8395	8392	2	0.33333334
8393	8395	0	0.33333334
8395	8393	0	0.33333334
8393	8395	1	0.33333334
8395	8393	1	0.33333334
8393	8395	2	0.33333334
8395	8393	2	0.33333334
8394	8396	0	0.33333334
8396	8394	0	0.33333334
8394	8396	1	0.33333334
8396	8394	1	0.33333334
8394	8396	2	0.33333334
8396	8394	2	0.33333334
8397	8400	0	0.33333334
8400	8397	0	0.33333334
8397	8400	1	0.33333334
8400	8397	1	0.33333334
8397	8400	2	0.33333334
8400	8397	2	0.33333334
8397	8401	0	0.33333334
8401	8397	0	0.33333334
8397	8401	1	0.33333334
8401	8397	1	0.33333334
8397	8401	2	0.33333334
8401	8397	2	0.33333334
8397	8402	0	0.33333334
8402	8397	0	0.33333334
8397	8402	1	0.33333334
8402	8397	1	0.33333334
8397	8402	2	0.33333334
8402	8397	2	0.33333334
8398	8403	0	0.33333334
8403	8398	0	0.33333334
8398	8403	1	0.33333334
8403	8398	1	0.33333334
8398	8403	2	0.33333334
8403	8398	2	0.33333334
8399	8403	0	0.33333334
8403	8399	0	0.33333334
8399	8403	1	0.33333334
8403	8399	1	0.33333334
8399	8403	2	0.33333334
8403	8399	2	0.33333334
8400	8404	0	0.33333334
8404	8400	0	0.33333334
8400	8404	1	0.33333334
8404	8400	1	0.33333334
8400	8404	2	0.33333334
8404	8400	2	0.33333334
8401	8404	0	0.33333334
8404	8401	0	0.33333334
8401	8404	1	0.33333334
8404	8401	1	0.33333334
8401	8404	2	0.33333334
8404	8401	2	0.33333334
8402	8404	0	0.33333334
8404	8402	0	0.33333334
8402	8404	1	0.33333334
8404	8402	1	0.33333334
8402	8404	2	0.33333334
8404	8402	2	0.33333334
8405	8408	0	0.33333334
8408	8405	0	0.33333334
8405	8408	1	0.33333334
8408	8405	1	0.33333334
8405	8408	2	0.33333334
8408	8405	2	0.33333334
8406	8407	0	0.33333334
8407	8406	0	0.33333334
8406	8407	1	0.33333334
8407	8406	1	0.33333334
8406	8407	2	0.33333334
8407	8406	2	0.33333334
8407	8409	0	0.33333334
8409	8407	0	0.33333334
8407	8409	1	0.33333334
8409	8407	1	0.33333334
8407	8409	2	0.33333334
8409	8407	2	0.33333334
8407	8410	0	0.33333334
8410	8407	0	0.33333334
8407	8410	1	0.33333334
8410	8407	1	0.33333334
8407	8410	2	0.33333334
8410	8407	2	0.33333334
8408	8411	0	0.33333334
8411	8408	0	0.33333334
8408	8411	1	0.33333334
8411	8408	1	0.33333334
8408	8411	2	0.33333334
8411	8408	2	0.33333334
8408	8412	0	0.33333334
8412	8408	0	0.33333334
8408	8412	1	0.33333334
8412	8408	1	0.33333334
8408	8412	2	0.33333334
8412	8408	2	0.33333334
8408	8413	0	0.33333334
8413	8408	0	0.33333334
8408	8413	1	0.33333334
8413	8408	1	0.33333334
8408	8413	2	0.33333334
8413	8408	2	0.33333334
8409	8414	0	0.33333334
8414	8409	0	0.33333334
8409	8414	1	0.33333334
8414	8409	1	0.33333334
8409	8414	2	0.33333334
8414	8409	2	0.33333334
8410	8414	0	0.33333334
8414	8410	0	0.33333334
8410	8414	1	0.33333334
8414	8410	1	0.33333334
8410	8414	2	0.33333334
8414	8410	2	0.33333334
8411	8416	0	0.33333334
8416	8411	0	0.33333334
8411	8416	1	0.33333334
8416	8411	1	0.33333334
8411	8416	2	0.33333334
8416	8411	2	0.33333334
8411	8417	0	0.33333334
8417	8411	0	0.33333334
8411	8417	1	0.33333334
8417	8411	1	0.33333334
8411	8417	2	0.33333334
8417	8411	2	0.33333334
8411	8415	0	0.33333334
8415	8411	0	0.33333334
8411	8415	1	0.33333334
8415	8411	1	0.33333334
8411	8415	2	0.33333334
8415	8411	2	0.33333334
8412	8414	0	0.33333334
8414	8412	0	0.33333334
8412	8414	1	0.33333334
8414	8412	1	0.33333334
8412	8414	2	0.33333334
8414	8412	2	0.33333334
8413	8416	0	0.33333334
8416	8413	0	0.33333334
8413	8416	1	0.33333334
8416	8413	1	0.33333334
8413	8416	2	0.33333334
8416	8413	2	0.33333334
8413	8417	0	0.33333334
8417	8413	0	0.33333334
8413	8417	1	0.33333334
8417	8413	1	0.33333334
8413	8417	2	0.33333334
8417	8413	2	0.33333334
8413	8415	0	0.33333334
8415	8413	0	0.33333334
8413	8415	1	0.33333334
8415	8413	1	0.33333334
8413	8415	2	0.33333334
8415	8413	2	0.33333334
8418	8422	0	0.33333334
8422	8418	0	0.33333334
8418	8422	1	0.33333334
8422	8418	1	0.33333334
8418	8422	2	0.33333334
8422	8418	2	0.33333334
8418	8423	0	0.33333334
8423	8418	0	0.33333334
8418	8423	1	0.33333334
8423	8418	1	0.33333334
8418	8423	2	0.33333334
8423	8418	2	0.33333334
8424	8427	0	0.33333334
8427	8424	0	0.33333334
8424	8427	1	0.33333334
8427	8424	1	0.33333334
8424	8427	2	0.33333334
8427	8424	2	0.33333334
8425	8428	0	0.33333334
8428	8425	0	0.33333334
8425	8428	1	0.33333334
8428	8425	1	0.33333334
8425	8428	2	0.33333334
8428	8425	2	0.33333334
8425	8429	0	0.33333334
8429	8425	0	0.33333334
8425	8429	1	0.33333334
8429	8425	1	0.33333334
8425	8429	2	0.33333334
8429	8425	2	0.33333334
8426	8428	0	0.33333334
8428	8426	0	0.33333334
8426	8428	1	0.33333334
8428	8426	1	0.33333334
8426	8428	2	0.33333334
8428	8426	2	0.33333334
8426	8429	0	0.33333334
8429	8426	0	0.33333334
8426	8429	1	0.33333334
8429	8426	1	0.33333334
8426	8429	2	0.33333334
8429	8426	2	0.33333334
8427	8430	0	0.33333334
8430	8427	0	0.33333334
8427	8430	1	0.33333334
8430	8427	1	0.33333334
8427	8430	2	0.33333334
8430	8427	2	0.33333334
8428	8432	0	0.33333334
8432	8428	0	0.33333334
8428	8432	1	0.33333334
8432	8428	1	0.33333334
8428	8432	2	0.33333334
8432	8428	2	0.33333334
8428	8431	0	0.33333334
8431	8428	0	0.33333334
8428	8431	1	0.33333334
8431	8428	1	0.33333334
8428	8431	2	0.33333334
8431	8428	2	0.33333334
8429	8432	0	0.33333334
8432	8429	0	0.33333334
8429	8432	1	0.33333334
8432	8429	1	0.33333334
8429	8432	2	0.33333334
8432	8429	2	0.33333334
8429	8431	0	0.33333334
8431	8429	0	0.33333334
8429	8431	1	0.33333334
8431	8429	1	0.33333334
8429	8431	2	0.33333334
8431	8429	2	0.33333334
8430	8433	0	0.33333334
8433	8430	0	0.33333334
8430	8433	1	0.33333334
8433	8430	1	0.33333334
8430	8433	2	0.33333334
8433	8430	2	0.33333334
8430	8434	0	0.33333334
8434	8430	0	0.33333334
8430	8434	1	0.33333334
8434	8430	1	0.33333334
8430	8434	2	0.33333334
8434	8430	2	0.33333334
8430	8435	0	0.33333334
8435	8430	0	0.33333334
8430	8435	1	0.33333334
8435	8430	1	0.33333334
8430	8435	2	0.33333334
8435	8430	2	0.33333334
8431	8436	0	0.33333334
8436	8431	0	0.33333334
8431	8436	1	0.33333334
8436	8431	1	0.33333334
8431	8436	2	0.33333334
8436	8431	2	0.33333334
8432	8436	0	0.33333334
8436	8432	0	0.33333334
8432	8436	1	0.33333334
8436	8432	1	0.33333334
8432	8436	2	0.33333334
8436	8432	2	0.33333334
8437	8441	0	0.33333334
8441	8437	0	0.33333334
8437	8441	1	0.33333334
8441	8437	1	0.33333334
8437	8441	2	0.33333334
8441	8437	2	0.33333334
8438	8441	0	0.33333334
8441	8438	0	0.33333334
8438	8441	1	0.33333334
8441	8438	1	0.33333334
8438	8441	2	0.33333334
8441	8438	2	0.33333334
8439	8442	0	0.33333334
8442	8439	0	0.33333334
8439	8442	1	0.33333334
8442	8439	1	0.33333334
8439	8442	2	0.33333334
8442	8439	2	0.33333334
8440	8442	0	0.33333334
8442	8440	0	0.33333334
8440	8442	1	0.33333334
8442	8440	1	0.33333334
8440	8442	2	0.33333334
8442	8440	2	0.33333334
8441	8443	0	0.33333334
8443	8441	0	0.33333334
8441	8443	1	0.33333334
8443	8441	1	0.33333334
8441	8443	2	0.33333334
8443	8441	2	0.33333334
8441	8444	0	0.33333334
8444	8441	0	0.33333334
8441	8444	1	0.33333334
8444	8441	1	0.33333334
8441	8444	2	0.33333334
8444	8441	2	0.33333334
8442	8445	0	0.33333334
8445	8442	0	0.33333334
8442	8445	1	0.33333334
8445	8442	1	0.33333334
8442	8445	2	0.33333334
8445	8442	2	0.33333334
8443	8448	0	0.33333334
8448	8443	0	0.33333334
8443	8448	1	0.33333334
8448	8443	1	0.33333334
8443	8448	2	0.33333334
8448	8443	2	0.33333334
8443	8446	0	0.33333334
8446	8443	0	0.33333334
8443	8446	1	0.33333334
8446	8443	1	0.33333334
8443	8446	2	0.33333334
8446	8443	2	0.33333334
8443	8447	0	0.33333334
8447	8443	0	0.33333334
8443	8447	1	0.33333334
8447	8443	1	0.33333334
8443	8447	2	0.33333334
8447	8443	2	0.33333334
8444	8448	0	0.33333334
8448	8444	0	0.33333334
8444	8448	1	0.33333334
8448	8444	1	0.33333334
8444	8448	2	0.33333334
8448	8444	2	0.33333334
8444	8446	0	0.33333334
8446	8444	0	0.33333334
8444	8446	1	0.33333334
8446	8444	1	0.33333334
8444	8446	2	0.33333334
8446	8444	2	0.33333334
8444	8447	0	0.33333334
8447	8444	0	0.33333334
8444	8447	1	0.33333334
8447	8444	1	0.33333334
8444	8447	2	0.33333334
8447	8444	2	0.33333334
8445	8449	0	0.33333334
8449	8445	0	0.33333334
8445	8449	1	0.33333334
8449	8445	1	0.33333334
8445	8449	2	0.33333334
8449	8445	2	0.33333334
8445	8450	0	0.33333334
8450	8445	0	0.33333334
8445	8450	1	0.33333334
8450	8445	1	0.33333334
8445	8450	2	0.33333334
8450	8445	2	0.33333334
8445	8451	0	0.33333334
8451	8445	0	0.33333334
8445	8451	1	0.33333334
8451	8445	1	0.33333334
8445	8451	2	0.33333334
8451	8445	2	0.33333334
8445	8452	0	0.33333334
8452	8445	0	0.33333334
8445	8452	1	0.33333334
8452	8445	1	0.33333334
8445	8452	2	0.33333334
8452	8445	2	0.33333334
8446	8453	0	0.33333334
8453	8446	0	0.33333334
8446	8453	1	0.33333334
8453	8446	1	0.33333334
8446	8453	2	0.33333334
8453	8446	2	0.33333334
8446	8454	0	0.33333334
8454	8446	0	0.33333334
8446	8454	1	0.33333334
8454	8446	1	0.33333334
8446	8454	2	0.33333334
8454	8446	2	0.33333334
8446	8455	0	0.33333334
8455	8446	0	0.33333334
8446	8455	1	0.33333334
8455	8446	1	0.33333334
8446	8455	2	0.33333334
8455	8446	2	0.33333334
8447	8453	0	0.33333334
8453	8447	0	0.33333334
8447	8453	1	0.33333334
8453	8447	1	0.33333334
8447	8453	2	0.33333334
8453	8447	2	0.33333334
8447	8454	0	0.33333334
8454	8447	0	0.33333334
8447	8454	1	0.33333334
8454	8447	1	0.33333334
8447	8454	2	0.33333334
8454	8447	2	0.33333334
8447	8455	0	0.33333334
8455	8447	0	0.33333334
8447	8455	1	0.33333334
8455	8447	1	0.33333334
8447	8455	2	0.33333334
8455	8447	2	0.33333334
8448	8453	0	0.33333334
8453	8448	0	0.33333334
8448	8453	1	0.33333334
8453	8448	1	0.33333334
8448	8453	2	0.33333334
8453	8448	2	0.33333334
8448	8454	0	0.33333334
8454	8448	0	0.33333334
8448	8454	1	0.33333334
8454	8448	1	0.33333334
8448	8454	2	0.33333334
8454	8448	2	0.33333334
8448	8455	0	0.33333334
8455	8448	0	0.33333334
8448	8455	1	0.33333334
8455	8448	1	0.33333334
8448	8455	2	0.33333334
8455	8448	2	0.33333334
8449	8456	0	0.33333334
8456	8449	0	0.33333334
8449	8456	1	0.33333334
8456	8449	1	0.33333334
8449	8456	2	0.33333334
8456	8449	2	0.33333334
8449	8457	0	0.33333334
8457	8449	0	0.33333334
8449	8457	1	0.33333334
8457	8449	1	0.33333334
8449	8457	2	0.33333334
8457	8449	2	0.33333334
8450	8456	0	0.33333334
8456	8450	0	0.33333334
8450	8456	1	0.33333334
8456	8450	1	0.33333334
8450	8456	2	0.33333334
8456	8450	2	0.33333334
8450	8457	0	0.33333334
8457	8450	0	0.33333334
8450	8457	1	0.33333334
8457	8450	1	0.33333334
8450	8457	2	0.33333334
8457	8450	2	0.33333334
8451	8456	0	0.33333334
8456	8451	0	0.33333334
8451	8456	1	0.33333334
8456	8451	1	0.33333334
8451	8456	2	0.33333334
8456	8451	2	0.33333334
8451	8457	0	0.33333334
8457	8451	0	0.33333334
8451	8457	1	0.33333334
8457	8451	1	0.33333334
8451	8457	2	0.33333334
8457	8451	2	0.33333334
8452	8456	0	0.33333334
8456	8452	0	0.33333334
8452	8456	1	0.33333334
8456	8452	1	0.33333334
8452	8456	2	0.33333334
8456	8452	2	0.33333334
8452	8457	0	0.33333334
8457	8452	0	0.33333334
8452	8457	1	0.33333334
8457	8452	1	0.33333334
8452	8457	2	0.33333334
8457	8452	2	0.33333334
8453	8458	0	0.33333334
8458	8453	0	0.33333334
8453	8458	1	0.33333334
8458	8453	1	0.33333334
8453	8458	2	0.33333334
8458	8453	2	0.33333334
8453	8459	0	0.33333334
8459	8453	0	0.33333334
8453	8459	1	0.33333334
8459	8453	1	0.33333334
8453	8459	2	0.33333334
8459	8453	2	0.33333334
8453	8460	0	0.33333334
8460	8453	0	0.33333334
8453	8460	1	0.33333334
8460	8453	1	0.33333334
8453	8460	2	0.33333334
8460	8453	2	0.33333334
8454	8458	0	0.33333334
8458	8454	0	0.33333334
8454	8458	1	0.33333334
8458	8454	1	0.33333334
8454	8458	2	0.33333334
8458	8454	2	0.33333334
8454	8459	0	0.33333334
8459	8454	0	0.33333334
8454	8459	1	0.33333334
8459	8454	1	0.33333334
8454	8459	2	0.33333334
8459	8454	2	0.33333334
8454	8460	0	0.33333334
8460	8454	0	0.33333334
8454	8460	1	0.33333334
8460	8454	1	0.33333334
8454	8460	2	0.33333334
8460	8454	2	0.33333334
8455	8458	0	0.33333334
8458	8455	0	0.33333334
8455	8458	1	0.33333334
8458	8455	1	0.33333334
8455	8458	2	0.33333334
8458	8455	2	0.33333334
8455	8459	0	0.33333334
8459	8455	0	0.33333334
8455	8459	1	0.33333334
8459	8455	1	0.33333334
8455	8459	2	0.33333334
8459	8455	2	0.33333334
8455	8460	0	0.33333334
8460	8455	0	0.33333334
8455	8460	1	0.33333334
8460	8455	1	0.33333334
8455	8460	2	0.33333334
8460	8455	2	0.33333334
8461	8467	0	0.33333334
8467	8461	0	0.33333334
8461	8467	1	0.33333334
8467	8461	1	0.33333334
8461	8467	2	0.33333334
8467	8461	2	0.33333334
8461	8468	0	0.33333334
8468	8461	0	0.33333334
8461	8468	1	0.33333334
8468	8461	1	0.33333334
8461	8468	2	0.33333334
8468	8461	2	0.33333334
8461	8469	0	0.33333334
8469	8461	0	0.33333334
8461	8469	1	0.33333334
8469	8461	1	0.33333334
8461	8469	2	0.33333334
8469	8461	2	0.33333334
8462	8467	0	0.33333334
8467	8462	0	0.33333334
8462	8467	1	0.33333334
8467	8462	1	0.33333334
8462	8467	2	0.33333334
8467	8462	2	0.33333334
8462	8468	0	0.33333334
8468	8462	0	0.33333334
8462	8468	1	0.33333334
8468	8462	1	0.33333334
8462	8468	2	0.33333334
8468	8462	2	0.33333334
8462	8469	0	0.33333334
8469	8462	0	0.33333334
8462	8469	1	0.33333334
8469	8462	1	0.33333334
8462	8469	2	0.33333334
8469	8462	2	0.33333334
8463	8470	0	0.33333334
8470	8463	0	0.33333334
8463	8470	1	0.33333334
8470	8463	1	0.33333334
8463	8470	2	0.33333334
8470	8463	2	0.33333334
8464	8470	0	0.33333334
8470	8464	0	0.33333334
8464	8470	1	0.33333334
8470	8464	1	0.33333334
8464	8470	2	0.33333334
8470	8464	2	0.33333334
8465	8470	0	0.33333334
8470	8465	0	0.33333334
8465	8470	1	0.33333334
8470	8465	1	0.33333334
8465	8470	2	0.33333334
8470	8465	2	0.33333334
8466	8470	0	0.33333334
8470	8466	0	0.33333334
8466	8470	1	0.33333334
8470	8466	1	0.33333334
8466	8470	2	0.33333334
8470	8466	2	0.33333334
8467	8471	0	0.33333334
8471	8467	0	0.33333334
8467	8471	1	0.33333334
8471	8467	1	0.33333334
8467	8471	2	0.33333334
8471	8467	2	0.33333334
8468	8471	0	0.33333334
8471	8468	0	0.33333334
8468	8471	1	0.33333334
8471	8468	1	0.33333334
8468	8471	2	0.33333334
8471	8468	2	0.33333334
8469	8471	0	0.33333334
8471	8469	0	0.33333334
8469	8471	1	0.33333334
8471	8469	1	0.33333334
8469	8471	2	0.33333334
8471	8469	2	0.33333334
8470	8472	0	0.33333334
8472	8470	0	0.33333334
8470	8472	1	0.33333334
8472	8470	1	0.33333334
8470	8472	2	0.33333334
8472	8470	2	0.33333334
8471	8473	0	0.33333334
8473	8471	0	0.33333334
8471	8473	1	0.33333334
8473	8471	1	0.33333334
8471	8473	2	0.33333334
8473	8471	2	0.33333334
8471	8474	0	0.33333334
8474	8471	0	0.33333334
8471	8474	1	0.33333334
8474	8471	1	0.33333334
8471	8474	2	0.33333334
8474	8471	2	0.33333334
8472	8475	0	0.33333334
8475	8472	0	0.33333334
8472	8475	1	0.33333334
8475	8472	1	0.33333334
8472	8475	2	0.33333334
8475	8472	2	0.33333334
8472	8476	0	0.33333334
8476	8472	0	0.33333334
8472	8476	1	0.33333334
8476	8472	1	0.33333334
8472	8476	2	0.33333334
8476	8472	2	0.33333334
8473	8476	0	0.33333334
8476	8473	0	0.33333334
8473	8476	1	0.33333334
8476	8473	1	0.33333334
8473	8476	2	0.33333334
8476	8473	2	0.33333334
8473	8477	0	0.33333334
8477	8473	0	0.33333334
8473	8477	1	0.33333334
8477	8473	1	0.33333334
8473	8477	2	0.33333334
8477	8473	2	0.33333334
8474	8477	0	0.33333334
8477	8474	0	0.33333334
8474	8477	1	0.33333334
8477	8474	1	0.33333334
8474	8477	2	0.33333334
8477	8474	2	0.33333334
8478	8482	0	0.33333334
8482	8478	0	0.33333334
8478	8482	1	0.33333334
8482	8478	1	0.33333334
8478	8482	2	0.33333334
8482	8478	2	0.33333334
8479	8483	0	0.33333334
8483	8479	0	0.33333334
8479	8483	1	0.33333334
8483	8479	1	0.33333334
8479	8483	2	0.33333334
8483	8479	2	0.33333334
8480	8483	0	0.33333334
8483	8480	0	0.33333334
8480	8483	1	0.33333334
8483	8480	1	0.33333334
8480	8483	2	0.33333334
8483	8480	2	0.33333334
8481	8483	0	0.33333334
8483	8481	0	0.33333334
8481	8483	1	0.33333334
8483	8481	1	0.33333334
8481	8483	2	0.33333334
8483	8481	2	0.33333334
8482	8484	0	0.33333334
8484	8482	0	0.33333334
8482	8484	1	0.33333334
8484	8482	1	0.33333334
8482	8484	2	0.33333334
8484	8482	2	0.33333334
8483	8485	0	0.33333334
8485	8483	0	0.33333334
8483	8485	1	0.33333334
8485	8483	1	0.33333334
8483	8485	2	0.33333334
8485	8483	2	0.33333334
8483	8486	0	0.33333334
8486	8483	0	0.33333334
8483	8486	1	0.33333334
8486	8483	1	0.33333334
8483	8486	2	0.33333334
8486	8483	2	0.33333334
8484	8488	0	0.33333334
8488	8484	0	0.33333334
8484	8488	1	0.33333334
8488	8484	1	0.33333334
8484	8488	2	0.33333334
8488	8484	2	0.33333334
8484	8487	0	0.33333334
8487	8484	0	0.33333334
8484	8487	1	0.33333334
8487	8484	1	0.33333334
8484	8487	2	0.33333334
8487	8484	2	0.33333334
8485	8489	0	0.33333334
8489	8485	0	0.33333334
8485	8489	1	0.33333334
8489	8485	1	0.33333334
8485	8489	2	0.33333334
8489	8485	2	0.33333334
8486	8489	0	0.33333334
8489	8486	0	0.33333334
8486	8489	1	0.33333334
8489	8486	1	0.33333334
8486	8489	2	0.33333334
8489	8486	2	0.33333334
8487	8490	0	0.33333334
8490	8487	0	0.33333334
8487	8490	1	0.33333334
8490	8487	1	0.33333334
8487	8490	2	0.33333334
8490	8487	2	0.33333334
8487	8491	0	0.33333334
8491	8487	0	0.33333334
8487	8491	1	0.33333334
8491	8487	1	0.33333334
8487	8491	2	0.33333334
8491	8487	2	0.33333334
8488	8490	0	0.33333334
8490	8488	0	0.33333334
8488	8490	1	0.33333334
8490	8488	1	0.33333334
8488	8490	2	0.33333334
8490	8488	2	0.33333334
8488	8491	0	0.33333334
8491	8488	0	0.33333334
8488	8491	1	0.33333334
8491	8488	1	0.33333334
8488	8491	2	0.33333334
8491	8488	2	0.33333334
8489	8492	0	0.33333334
8492	8489	0	0.33333334
8489	8492	1	0.33333334
8492	8489	1	0.33333334
8489	8492	2	0.33333334
8492	8489	2	0.33333334
8493	8497	0	0.33333334
8497	8493	0	0.33333334
8493	8497	1	0.33333334
8497	8493	1	0.33333334
8493	8497	2	0.33333334
8497	8493	2	0.33333334
8493	8498	0	0.33333334
8498	8493	0	0.33333334
8493	8498	1	0.33333334
8498	8493	1	0.33333334
8493	8498	2	0.33333334
8498	8493	2	0.33333334
8493	8499	0	0.33333334
8499	8493	0	0.33333334
8493	8499	1	0.33333334
8499	8493	1	0.33333334
8493	8499	2	0.33333334
8499	8493	2	0.33333334
8493	8500	0	0.33333334
8500	8493	0	0.33333334
8493	8500	1	0.33333334
8500	8493	1	0.33333334
8493	8500	2	0.33333334
8500	8493	2	0.33333334
8494	8497	0	0.33333334
8497	8494	0	0.33333334
8494	8497	1	0.33333334
8497	8494	1	0.33333334
8494	8497	2	0.33333334
8497	8494	2	0.33333334
8494	8498	0	0.33333334
8498	8494	0	0.33333334
8494	8498	1	0.33333334
8498	8494	1	0.33333334
8494	8498	2	0.33333334
8498	8494	2	0.33333334
8494	8499	0	0.33333334
8499	8494	0	0.33333334
8494	8499	1	0.33333334
8499	8494	1	0.33333334
8494	8499	2	0.33333334
8499	8494	2	0.33333334
8494	8500	0	0.33333334
8500	8494	0	0.33333334
8494	8500	1	0.33333334
8500	8494	1	0.33333334
8494	8500	2	0.33333334
8500	8494	2	0.33333334
8495	8497	0	0.33333334
8497	8495	0	0.33333334
8495	8497	1	0.33333334
8497	8495	1	0.33333334
8495	8497	2	0.33333334
8497	8495	2	0.33333334
8495	8498	0	0.33333334
8498	8495	0	0.33333334
8495	8498	1	0.33333334
8498	8495	1	0.33333334
8495	8498	2	0.33333334
8498	8495	2	0.33333334
8495	8499	0	0.33333334
8499	8495	0	0.33333334
8495	8499	1	0.33333334
8499	8495	1	0.33333334
8495	8499	2	0.33333334
8499	8495	2	0.33333334
8495	8500	0	0.33333334
8500	8495	0	0.33333334
8495	8500	1	0.33333334
8500	8495	1	0.33333334
8495	8500	2	0.33333334
8500	8495	2	0.33333334
8496	8501	0	0.33333334
8501	8496	0	0.33333334
8496	8501	1	0.33333334
8501	8496	1	0.33333334
8496	8501	2	0.33333334
8501	8496	2	0.33333334
8497	8502	0	0.33333334
8502	8497	0	0.33333334
8497	8502	1	0.33333334
8502	8497	1	0.33333334
8497	8502	2	0.33333334
8502	8497	2	0.33333334
8497	8503	0	0.33333334
8503	8497	0	0.33333334
8497	8503	1	0.33333334
8503	8497	1	0.33333334
8497	8503	2	0.33333334
8503	8497	2	0.33333334
8497	8504	0	0.33333334
8504	8497	0	0.33333334
8497	8504	1	0.33333334
8504	8497	1	0.33333334
8497	8504	2	0.33333334
8504	8497	2	0.33333334
8498	8502	0	0.33333334
8502	8498	0	0.33333334
8498	8502	1	0.33333334
8502	8498	1	0.33333334
8498	8502	2	0.33333334
8502	8498	2	0.33333334
8498	8503	0	0.33333334
8503	8498	0	0.33333334
8498	8503	1	0.33333334
8503	8498	1	0.33333334
8498	8503	2	0.33333334
8503	8498	2	0.33333334
8498	8504	0	0.33333334
8504	8498	0	0.33333334
8498	8504	1	0.33333334
8504	8498	1	0.33333334
8498	8504	2	0.33333334
8504	8498	2	0.33333334
8499	8502	0	0.33333334
8502	8499	0	0.33333334
8499	8502	1	0.33333334
8502	8499	1	0.33333334
8499	8502	2	0.33333334
8502	8499	2	0.33333334
8499	8503	0	0.33333334
8503	8499	0	0.33333334
8499	8503	1	0.33333334
8503	8499	1	0.33333334
8499	8503	2	0.33333334
8503	8499	2	0.33333334
8499	8504	0	0.33333334
8504	8499	0	0.33333334
8499	8504	1	0.33333334
8504	8499	1	0.33333334
8499	8504	2	0.33333334
8504	8499	2	0.33333334
8500	8502	0	0.33333334
8502	8500	0	0.33333334
8500	8502	1	0.33333334
8502	8500	1	0.33333334
8500	8502	2	0.33333334
8502	8500	2	0.33333334
8500	8503	0	0.33333334
8503	8500	0	0.33333334
8500	8503	1	0.33333334
8503	8500	1	0.33333334
8500	8503	2	0.33333334
8503	8500	2	0.33333334
8500	8504	0	0.33333334
8504	8500	0	0.33333334
8500	8504	1	0.33333334
8504	8500	1	0.33333334
8500	8504	2	0.33333334
8504	8500	2	0.33333334
8505	8507	0	0.33333334
8507	8505	0	0.33333334
8505	8507	1	0.33333334
8507	8505	1	0.33333334
8505	8507	2	0.33333334
8507	8505	2	0.33333334
8505	8508	0	0.33333334
8508	8505	0	0.33333334
8505	8508	1	0.33333334
8508	8505	1	0.33333334
8505	8508	2	0.33333334
8508	8505	2	0.33333334
8506	8509	0	0.33333334
8509	8506	0	0.33333334
8506	8509	1	0.33333334
8509	8506	1	0.33333334
8506	8509	2	0.33333334
8509	8506	2	0.33333334
8507	8510	0	0.33333334
8510	8507	0	0.33333334
8507	8510	1	0.33333334
8510	8507	1	0.33333334
8507	8510	2	0.33333334
8510	8507	2	0.33333334
8508	8510	0	0.33333334
8510	8508	0	0.33333334
8508	8510	1	0.33333334
8510	8508	1	0.33333334
8508	8510	2	0.33333334
8510	8508	2	0.33333334
8509	8512	0	0.33333334
8512	8509	0	0.33333334
8509	8512	1	0.33333334
8512	8509	1	0.33333334
8509	8512	2	0.33333334
8512	8509	2	0.33333334
8509	8513	0	0.33333334
8513	8509	0	0.33333334
8509	8513	1	0.33333334
8513	8509	1	0.33333334
8509	8513	2	0.33333334
8513	8509	2	0.33333334
8509	8511	0	0.33333334
8511	8509	0	0.33333334
8509	8511	1	0.33333334
8511	8509	1	0.33333334
8509	8511	2	0.33333334
8511	8509	2	0.33333334
8510	8514	0	0.33333334
8514	8510	0	0.33333334
8510	8514	1	0.33333334
8514	8510	1	0.33333334
8510	8514	2	0.33333334
8514	8510	2	0.33333334
8510	8515	0	0.33333334
8515	8510	0	0.33333334
8510	8515	1	0.33333334
8515	8510	1	0.33333334
8510	8515	2	0.33333334
8515	8510	2	0.33333334
8511	8516	0	0.33333334
8516	8511	0	0.33333334
8511	8516	1	0.33333334
8516	8511	1	0.33333334
8511	8516	2	0.33333334
8516	8511	2	0.33333334
8511	8517	0	0.33333334
8517	8511	0	0.33333334
8511	8517	1	0.33333334
8517	8511	1	0.33333334
8511	8517	2	0.33333334
8517	8511	2	0.33333334
8511	8518	0	0.33333334
8518	8511	0	0.33333334
8511	8518	1	0.33333334
8518	8511	1	0.33333334
8511	8518	2	0.33333334
8518	8511	2	0.33333334
8512	8516	0	0.33333334
8516	8512	0	0.33333334
8512	8516	1	0.33333334
8516	8512	1	0.33333334
8512	8516	2	0.33333334
8516	8512	2	0.33333334
8512	8517	0	0.33333334
8517	8512	0	0.33333334
8512	8517	1	0.33333334
8517	8512	1	0.33333334
8512	8517	2	0.33333334
8517	8512	2	0.33333334
8512	8518	0	0.33333334
8518	8512	0	0.33333334
8512	8518	1	0.33333334
8518	8512	1	0.33333334
8512	8518	2	0.33333334
8518	8512	2	0.33333334
8513	8516	0	0.33333334
8516	8513	0	0.33333334
8513	8516	1	0.33333334
8516	8513	1	0.33333334
8513	8516	2	0.33333334
8516	8513	2	0.33333334
8513	8517	0	0.33333334
8517	8513	0	0.33333334
8513	8517	1	0.33333334
8517	8513	1	0.33333334
8513	8517	2	0.33333334
8517	8513	2	0.33333334
8513	8518	0	0.33333334
8518	8513	0	0.33333334
8513	8518	1	0.33333334
8518	8513	1	0.33333334
8513	8518	2	0.33333334
8518	8513	2	0.33333334
8514	8518	0	0.33333334
8518	8514	0	0.33333334
8514	8518	1	0.33333334
8518	8514	1	0.33333334
8514	8518	2	0.33333334
8518	8514	2	0.33333334
8514	8519	0	0.33333334
8519	8514	0	0.33333334
8514	8519	1	0.33333334
8519	8514	1	0.33333334
8514	8519	2	0.33333334
8519	8514	2	0.33333334
8515	8519	0	0.33333334
8519	8515	0	0.33333334
8515	8519	1	0.33333334
8519	8515	1	0.33333334
8515	8519	2	0.33333334
8519	8515	2	0.33333334
8516	8520	0	0.33333334
8520	8516	0	0.33333334
8516	8520	1	0.33333334
8520	8516	1	0.33333334
8516	8520	2	0.33333334
8520	8516	2	0.33333334
8517	8520	0	0.33333334
8520	8517	0	0.33333334
8517	8520	1	0.33333334
8520	8517	1	0.33333334
8517	8520	2	0.33333334
8520	8517	2	0.33333334
8518	8520	0	0.33333334
8520	8518	0	0.33333334
8518	8520	1	0.33333334
8520	8518	1	0.33333334
8518	8520	2	0.33333334
8520	8518	2	0.33333334
8521	8524	0	0.33333334
8524	8521	0	0.33333334
8521	8524	1	0.33333334
8524	8521	1	0.33333334
8521	8524	2	0.33333334
8524	8521	2	0.33333334
8521	8525	0	0.33333334
8525	8521	0	0.33333334
8521	8525	1	0.33333334
8525	8521	1	0.33333334
8521	8525	2	0.33333334
8525	8521	2	0.33333334
8521	8526	0	0.33333334
8526	8521	0	0.33333334
8521	8526	1	0.33333334
8526	8521	1	0.33333334
8521	8526	2	0.33333334
8526	8521	2	0.33333334
8522	8527	0	0.33333334
8527	8522	0	0.33333334
8522	8527	1	0.33333334
8527	8522	1	0.33333334
8522	8527	2	0.33333334
8527	8522	2	0.33333334
8523	8527	0	0.33333334
8527	8523	0	0.33333334
8523	8527	1	0.33333334
8527	8523	1	0.33333334
8523	8527	2	0.33333334
8527	8523	2	0.33333334
8524	8528	0	0.33333334
8528	8524	0	0.33333334
8524	8528	1	0.33333334
8528	8524	1	0.33333334
8524	8528	2	0.33333334
8528	8524	2	0.33333334
8524	8529	0	0.33333334
8529	8524	0	0.33333334
8524	8529	1	0.33333334
8529	8524	1	0.33333334
8524	8529	2	0.33333334
8529	8524	2	0.33333334
8524	8530	0	0.33333334
8530	8524	0	0.33333334
8524	8530	1	0.33333334
8530	8524	1	0.33333334
8524	8530	2	0.33333334
8530	8524	2	0.33333334
8525	8528	0	0.33333334
8528	8525	0	0.33333334
8525	8528	1	0.33333334
8528	8525	1	0.33333334
8525	8528	2	0.33333334
8528	8525	2	0.33333334
8525	8529	0	0.33333334
8529	8525	0	0.33333334
8525	8529	1	0.33333334
8529	8525	1	0.33333334
8525	8529	2	0.33333334
8529	8525	2	0.33333334
8525	8530	0	0.33333334
8530	8525	0	0.33333334
8525	8530	1	0.33333334
8530	8525	1	0.33333334
8525	8530	2	0.33333334
8530	8525	2	0.33333334
8526	8528	0	0.33333334
8528	8526	0	0.33333334
8526	8528	1	0.33333334
8528	8526	1	0.33333334
8526	8528	2	0.33333334
8528	8526	2	0.33333334
8526	8529	0	0.33333334
8529	8526	0	0.33333334
8526	8529	1	0.33333334
8529	8526	1	0.33333334
8526	8529	2	0.33333334
8529	8526	2	0.33333334
8526	8530	0	0.33333334
8530	8526	0	0.33333334
8526	8530	1	0.33333334
8530	8526	1	0.33333334
8526	8530	2	0.33333334
8530	8526	2	0.33333334
8527	8531	0	0.33333334
8531	8527	0	0.33333334
8527	8531	1	0.33333334
8531	8527	1	0.33333334
8527	8531	2	0.33333334
8531	8527	2	0.33333334
8527	8532	0	0.33333334
8532	8527	0	0.33333334
8527	8532	1	0.33333334
8532	8527	1	0.33333334
8527	8532	2	0.33333334
8532	8527	2	0.33333334
8527	8533	0	0.33333334
8533	8527	0	0.33333334
8527	8533	1	0.33333334
8533	8527	1	0.33333334
8527	8533	2	0.33333334
8533	8527	2	0.33333334
8528	8533	0	0.33333334
8533	8528	0	0.33333334
8528	8533	1	0.33333334
8533	8528	1	0.33333334
8528	8533	2	0.33333334
8533	8528	2	0.33333334
8528	8534	0	0.33333334
8534	8528	0	0.33333334
8528	8534	1	0.33333334
8534	8528	1	0.33333334
8528	8534	2	0.33333334
8534	8528	2	0.33333334
8528	8535	0	0.33333334
8535	8528	0	0.33333334
8528	8535	1	0.33333334
8535	8528	1	0.33333334
8528	8535	2	0.33333334
8535	8528	2	0.33333334
8528	8536	0	0.33333334
8536	8528	0	0.33333334
8528	8536	1	0.33333334
8536	8528	1	0.33333334
8528	8536	2	0.33333334
8536	8528	2	0.33333334
8529	8534	0	0.33333334
8534	8529	0	0.33333334
8529	8534	1	0.33333334
8534	8529	1	0.33333334
8529	8534	2	0.33333334
8534	8529	2	0.33333334
8529	8535	0	0.33333334
8535	8529	0	0.33333334
8529	8535	1	0.33333334
8535	8529	1	0.33333334
8529	8535	2	0.33333334
8535	8529	2	0.33333334
8529	8536	0	0.33333334
8536	8529	0	0.33333334
8529	8536	1	0.33333334
8536	8529	1	0.33333334
8529	8536	2	0.33333334
8536	8529	2	0.33333334
8530	8534	0	0.33333334
8534	8530	0	0.33333334
8530	8534	1	0.33333334
8534	8530	1	0.33333334
8530	8534	2	0.33333334
8534	8530	2	0.33333334
8530	8535	0	0.33333334
8535	8530	0	0.33333334
8530	8535	1	0.33333334
8535	8530	1	0.33333334
8530	8535	2	0.33333334
8535	8530	2	0.33333334
8530	8536	0	0.33333334
8536	8530	0	0.33333334
8530	8536	1	0.33333334
8536	8530	1	0.33333334
8530	8536	2	0.33333334
8536	8530	2	0.33333334
8531	8537	0	0.33333334
8537	8531	0	0.33333334
8531	8537	1	0.33333334
8537	8531	1	0.33333334
8531	8537	2	0.33333334
8537	8531	2	0.33333334
8532	8537	0	0.33333334
8537	8532	0	0.33333334
8532	8537	1	0.33333334
8537	8532	1	0.33333334
8532	8537	2	0.33333334
8537	8532	2	0.33333334
8533	8537	0	0.33333334
8537	8533	0	0.33333334
8533	8537	1	0.33333334
8537	8533	1	0.33333334
8533	8537	2	0.33333334
8537	8533	2	0.33333334
8538	8540	0	0.33333334
8540	8538	0	0.33333334
8538	8540	1	0.33333334
8540	8538	1	0.33333334
8538	8540	2	0.33333334
8540	8538	2	0.33333334
8538	8541	0	0.33333334
8541	8538	0	0.33333334
8538	8541	1	0.33333334
8541	8538	1	0.33333334
8538	8541	2	0.33333334
8541	8538	2	0.33333334
8539	8542	0	0.33333334
8542	8539	0	0.33333334
8539	8542	1	0.33333334
8542	8539	1	0.33333334
8539	8542	2	0.33333334
8542	8539	2	0.33333334
8539	8543	0	0.33333334
8543	8539	0	0.33333334
8539	8543	1	0.33333334
8543	8539	1	0.33333334
8539	8543	2	0.33333334
8543	8539	2	0.33333334
8540	8544	0	0.33333334
8544	8540	0	0.33333334
8540	8544	1	0.33333334
8544	8540	1	0.33333334
8540	8544	2	0.33333334
8544	8540	2	0.33333334
8540	8545	0	0.33333334
8545	8540	0	0.33333334
8540	8545	1	0.33333334
8545	8540	1	0.33333334
8540	8545	2	0.33333334
8545	8540	2	0.33333334
8541	8543	0	0.33333334
8543	8541	0	0.33333334
8541	8543	1	0.33333334
8543	8541	1	0.33333334
8541	8543	2	0.33333334
8543	8541	2	0.33333334
8541	8544	0	0.33333334
8544	8541	0	0.33333334
8541	8544	1	0.33333334
8544	8541	1	0.33333334
8541	8544	2	0.33333334
8544	8541	2	0.33333334
8541	8545	0	0.33333334
8545	8541	0	0.33333334
8541	8545	1	0.33333334
8545	8541	1	0.33333334
8541	8545	2	0.33333334
8545	8541	2	0.33333334
8542	8546	0	0.33333334
8546	8542	0	0.33333334
8542	8546	1	0.33333334
8546	8542	1	0.33333334
8542	8546	2	0.33333334
8546	8542	2	0.33333334
8543	8546	0	0.33333334
8546	8543	0	0.33333334
8543	8546	1	0.33333334
8546	8543	1	0.33333334
8543	8546	2	0.33333334
8546	8543	2	0.33333334
8547	8551	0	0.33333334
8551	8547	0	0.33333334
8547	8551	1	0.33333334
8551	8547	1	0.33333334
8547	8551	2	0.33333334
8551	8547	2	0.33333334
8548	8551	0	0.33333334
8551	8548	0	0.33333334
8548	8551	1	0.33333334
8551	8548	1	0.33333334
8548	8551	2	0.33333334
8551	8548	2	0.33333334
8552	8555	0	0.33333334
8555	8552	0	0.33333334
8552	8555	1	0.33333334
8555	8552	1	0.33333334
8552	8555	2	0.33333334
8555	8552	2	0.33333334
8553	8556	0	0.33333334
8556	8553	0	0.33333334
8553	8556	1	0.33333334
8556	8553	1	0.33333334
8553	8556	2	0.33333334
8556	8553	2	0.33333334
8553	8557	0	0.33333334
8557	8553	0	0.33333334
8553	8557	1	0.33333334
8557	8553	1	0.33333334
8553	8557	2	0.33333334
8557	8553	2	0.33333334
8554	8556	0	0.33333334
8556	8554	0	0.33333334
8554	8556	1	0.33333334
8556	8554	1	0.33333334
8554	8556	2	0.33333334
8556	8554	2	0.33333334
8554	8557	0	0.33333334
8557	8554	0	0.33333334
8554	8557	1	0.33333334
8557	8554	1	0.33333334
8554	8557	2	0.33333334
8557	8554	2	0.33333334
8555	8558	0	0.33333334
8558	8555	0	0.33333334
8555	8558	1	0.33333334
8558	8555	1	0.33333334
8555	8558	2	0.33333334
8558	8555	2	0.33333334
8555	8559	0	0.33333334
8559	8555	0	0.33333334
8555	8559	1	0.33333334
8559	8555	1	0.33333334
8555	8559	2	0.33333334
8559	8555	2	0.33333334
8560	8563	0	0.33333334
8563	8560	0	0.33333334
8560	8563	1	0.33333334
8563	8560	1	0.33333334
8560	8563	2	0.33333334
8563	8560	2	0.33333334
8560	8564	0	0.33333334
8564	8560	0	0.33333334
8560	8564	1	0.33333334
8564	8560	1	0.33333334
8560	8564	2	0.33333334
8564	8560	2	0.33333334
8561	8563	0	0.33333334
8563	8561	0	0.33333334
8561	8563	1	0.33333334
8563	8561	1	0.33333334
8561	8563	2	0.33333334
8563	8561	2	0.33333334
8561	8564	0	0.33333334
8564	8561	0	0.33333334
8561	8564	1	0.33333334
8564	8561	1	0.33333334
8561	8564	2	0.33333334
8564	8561	2	0.33333334
8565	8568	0	0.33333334
8568	8565	0	0.33333334
8565	8568	1	0.33333334
8568	8565	1	0.33333334
8565	8568	2	0.33333334
8568	8565	2	0.33333334
8565	8569	0	0.33333334
8569	8565	0	0.33333334
8565	8569	1	0.33333334
8569	8565	1	0.33333334
8565	8569	2	0.33333334
8569	8565	2	0.33333334
8566	8569	0	0.33333334
8569	8566	0	0.33333334
8566	8569	1	0.33333334
8569	8566	1	0.33333334
8566	8569	2	0.33333334
8569	8566	2	0.33333334
8570	8576	0	0.33333334
8576	8570	0	0.33333334
8570	8576	1	0.33333334
8576	8570	1	0.33333334
8570	8576	2	0.33333334
8576	8570	2	0.33333334
8570	8574	0	0.33333334
8574	8570	0	0.33333334
8570	8574	1	0.33333334
8574	8570	1	0.33333334
8570	8574	2	0.33333334
8574	8570	2	0.33333334
8570	8575	0	0.33333334
8575	8570	0	0.33333334
8570	8575	1	0.33333334
8575	8570	1	0.33333334
8570	8575	2	0.33333334
8575	8570	2	0.33333334
8571	8576	0	0.33333334
8576	8571	0	0.33333334
8571	8576	1	0.33333334
8576	8571	1	0.33333334
8571	8576	2	0.33333334
8576	8571	2	0.33333334
8571	8574	0	0.33333334
8574	8571	0	0.33333334
8571	8574	1	0.33333334
8574	8571	1	0.33333334
8571	8574	2	0.33333334
8574	8571	2	0.33333334
8571	8575	0	0.33333334
8575	8571	0	0.33333334
8571	8575	1	0.33333334
8575	8571	1	0.33333334
8571	8575	2	0.33333334
8575	8571	2	0.33333334
8572	8577	0	0.33333334
8577	8572	0	0.33333334
8572	8577	1	0.33333334
8577	8572	1	0.33333334
8572	8577	2	0.33333334
8577	8572	2	0.33333334
8573	8577	0	0.33333334
8577	8573	0	0.33333334
8573	8577	1	0.33333334
8577	8573	1	0.33333334
8573	8577	2	0.33333334
8577	8573	2	0.33333334
8574	8578	0	0.33333334
8578	8574	0	0.33333334
8574	8578	1	0.33333334
8578	8574	1	0.33333334
8574	8578	2	0.33333334
8578	8574	2	0.33333334
8575	8578	0	0.33333334
8578	8575	0	0.33333334
8575	8578	1	0.33333334
8578	8575	1	0.33333334
8575	8578	2	0.33333334
8578	8575	2	0.33333334
8576	8578	0	0.33333334
8578	8576	0	0.33333334
8576	8578	1	0.33333334
8578	8576	1	0.33333334
8576	8578	2	0.33333334
8578	8576	2	0.33333334
8579	8584	0	0.33333334
8584	8579	0	0.33333334
8579	8584	1	0.33333334
8584	8579	1	0.33333334
8579	8584	2	0.33333334
8584	8579	2	0.33333334
8580	8584	0	0.33333334
8584	8580	0	0.33333334
8580	8584	1	0.33333334
8584	8580	1	0.33333334
8580	8584	2	0.33333334
8584	8580	2	0.33333334
8581	8585	0	0.33333334
8585	8581	0	0.33333334
8581	8585	1	0.33333334
8585	8581	1	0.33333334
8581	8585	2	0.33333334
8585	8581	2	0.33333334
8582	8585	0	0.33333334
8585	8582	0	0.33333334
8582	8585	1	0.33333334
8585	8582	1	0.33333334
8582	8585	2	0.33333334
8585	8582	2	0.33333334
8583	8585	0	0.33333334
8585	8583	0	0.33333334
8583	8585	1	0.33333334
8585	8583	1	0.33333334
8583	8585	2	0.33333334
8585	8583	2	0.33333334
8584	8586	0	0.33333334
8586	8584	0	0.33333334
8584	8586	1	0.33333334
8586	8584	1	0.33333334
8584	8586	2	0.33333334
8586	8584	2	0.33333334
8584	8587	0	0.33333334
8587	8584	0	0.33333334
8584	8587	1	0.33333334
8587	8584	1	0.33333334
8584	8587	2	0.33333334
8587	8584	2	0.33333334
8591	8595	0	0.33333334
8595	8591	0	0.33333334
8591	8595	1	0.33333334
8595	8591	1	0.33333334
8591	8595	2	0.33333334
8595	8591	2	0.33333334
8591	8596	0	0.33333334
8596	8591	0	0.33333334
8591	8596	1	0.33333334
8596	8591	1	0.33333334
8591	8596	2	0.33333334
8596	8591	2	0.33333334
8591	8597	0	0.33333334
8597	8591	0	0.33333334
8591	8597	1	0.33333334
8597	8591	1	0.33333334
8591	8597	2	0.33333334
8597	8591	2	0.33333334
8592	8595	0	0.33333334
8595	8592	0	0.33333334
8592	8595	1	0.33333334
8595	8592	1	0.33333334
8592	8595	2	0.33333334
8595	8592	2	0.33333334
8592	8596	0	0.33333334
8596	8592	0	0.33333334
8592	8596	1	0.33333334
8596	8592	1	0.33333334
8592	8596	2	0.33333334
8596	8592	2	0.33333334
8592	8597	0	0.33333334
8597	8592	0	0.33333334
8592	8597	1	0.33333334
8597	8592	1	0.33333334
8592	8597	2	0.33333334
8597	8592	2	0.33333334
8593	8598	0	0.33333334
8598	8593	0	0.33333334
8593	8598	1	0.33333334
8598	8593	1	0.33333334
8593	8598	2	0.33333334
8598	8593	2	0.33333334
8594	8598	0	0.33333334
8598	8594	0	0.33333334
8594	8598	1	0.33333334
8598	8594	1	0.33333334
8594	8598	2	0.33333334
8598	8594	2	0.33333334
8595	8599	0	0.33333334
8599	8595	0	0.33333334
8595	8599	1	0.33333334
8599	8595	1	0.33333334
8595	8599	2	0.33333334
8599	8595	2	0.33333334
8595	8600	0	0.33333334
8600	8595	0	0.33333334
8595	8600	1	0.33333334
8600	8595	1	0.33333334
8595	8600	2	0.33333334
8600	8595	2	0.33333334
8596	8599	0	0.33333334
8599	8596	0	0.33333334
8596	8599	1	0.33333334
8599	8596	1	0.33333334
8596	8599	2	0.33333334
8599	8596	2	0.33333334
8596	8600	0	0.33333334
8600	8596	0	0.33333334
8596	8600	1	0.33333334
8600	8596	1	0.33333334
8596	8600	2	0.33333334
8600	8596	2	0.33333334
8597	8599	0	0.33333334
8599	8597	0	0.33333334
8597	8599	1	0.33333334
8599	8597	1	0.33333334
8597	8599	2	0.33333334
8599	8597	2	0.33333334
8597	8600	0	0.33333334
8600	8597	0	0.33333334
8597	8600	1	0.33333334
8600	8597	1	0.33333334
8597	8600	2	0.33333334
8600	8597	2	0.33333334
8598	8601	0	0.33333334
8601	8598	0	0.33333334
8598	8601	1	0.33333334
8601	8598	1	0.33333334
8598	8601	2	0.33333334
8601	8598	2	0.33333334
8599	8601	0	0.33333334
8601	8599	0	0.33333334
8599	8601	1	0.33333334
8601	8599	1	0.33333334
8599	8601	2	0.33333334
8601	8599	2	0.33333334
8600	8602	0	0.33333334
8602	8600	0	0.33333334
8600	8602	1	0.33333334
8602	8600	1	0.33333334
8600	8602	2	0.33333334
8602	8600	2	0.33333334
8600	8603	0	0.33333334
8603	8600	0	0.33333334
8600	8603	1	0.33333334
8603	8600	1	0.33333334
8600	8603	2	0.33333334
8603	8600	2	0.33333334
8600	8604	0	0.33333334
8604	8600	0	0.33333334
8600	8604	1	0.33333334
8604	8600	1	0.33333334
8600	8604	2	0.33333334
8604	8600	2	0.33333334
8601	8605	0	0.33333334
8605	8601	0	0.33333334
8601	8605	1	0.33333334
8605	8601	1	0.33333334
8601	8605	2	0.33333334
8605	8601	2	0.33333334
8602	8606	0	0.33333334
8606	8602	0	0.33333334
8602	8606	1	0.33333334
8606	8602	1	0.33333334
8602	8606	2	0.33333334
8606	8602	2	0.33333334
8603	8606	0	0.33333334
8606	8603	0	0.33333334
8603	8606	1	0.33333334
8606	8603	1	0.33333334
8603	8606	2	0.33333334
8606	8603	2	0.33333334
8604	8606	0	0.33333334
8606	8604	0	0.33333334
8604	8606	1	0.33333334
8606	8604	1	0.33333334
8604	8606	2	0.33333334
8606	8604	2	0.33333334
8605	8608	0	0.33333334
8608	8605	0	0.33333334
8605	8608	1	0.33333334
8608	8605	1	0.33333334
8605	8608	2	0.33333334
8608	8605	2	0.33333334
8605	8607	0	0.33333334
8607	8605	0	0.33333334
8605	8607	1	0.33333334
8607	8605	1	0.33333334
8605	8607	2	0.33333334
8607	8605	2	0.33333334
8606	8609	0	0.33333334
8609	8606	0	0.33333334
8606	8609	1	0.33333334
8609	8606	1	0.33333334
8606	8609	2	0.33333334
8609	8606	2	0.33333334
8606	8610	0	0.33333334
8610	8606	0	0.33333334
8606	8610	1	0.33333334
8610	8606	1	0.33333334
8606	8610	2	0.33333334
8610	8606	2	0.33333334
8606	8611	0	0.33333334
8611	8606	0	0.33333334
8606	8611	1	0.33333334
8611	8606	1	0.33333334
8606	8611	2	0.33333334
8611	8606	2	0.33333334
8607	8612	0	0.33333334
8612	8607	0	0.33333334
8607	8612	1	0.33333334
8612	8607	1	0.33333334
8607	8612	2	0.33333334
8612	8607	2	0.33333334
8607	8613	0	0.33333334
8613	8607	0	0.33333334
8607	8613	1	0.33333334
8613	8607	1	0.33333334
8607	8613	2	0.33333334
8613	8607	2	0.33333334
8607	8614	0	0.33333334
8614	8607	0	0.33333334
8607	8614	1	0.33333334
8614	8607	1	0.33333334
8607	8614	2	0.33333334
8614	8607	2	0.33333334
8608	8612	0	0.33333334
8612	8608	0	0.33333334
8608	8612	1	0.33333334
8612	8608	1	0.33333334
8608	8612	2	0.33333334
8612	8608	2	0.33333334
8608	8613	0	0.33333334
8613	8608	0	0.33333334
8608	8613	1	0.33333334
8613	8608	1	0.33333334
8608	8613	2	0.33333334
8613	8608	2	0.33333334
8608	8614	0	0.33333334
8614	8608	0	0.33333334
8608	8614	1	0.33333334
8614	8608	1	0.33333334
8608	8614	2	0.33333334
8614	8608	2	0.33333334
8609	8615	0	0.33333334
8615	8609	0	0.33333334
8609	8615	1	0.33333334
8615	8609	1	0.33333334
8609	8615	2	0.33333334
8615	8609	2	0.33333334
8609	8616	0	0.33333334
8616	8609	0	0.33333334
8609	8616	1	0.33333334
8616	8609	1	0.33333334
8609	8616	2	0.33333334
8616	8609	2	0.33333334
8609	8617	0	0.33333334
8617	8609	0	0.33333334
8609	8617	1	0.33333334
8617	8609	1	0.33333334
8609	8617	2	0.33333334
8617	8609	2	0.33333334
8610	8615	0	0.33333334
8615	8610	0	0.33333334
8610	8615	1	0.33333334
8615	8610	1	0.33333334
8610	8615	2	0.33333334
8615	8610	2	0.33333334
8610	8616	0	0.33333334
8616	8610	0	0.33333334
8610	8616	1	0.33333334
8616	8610	1	0.33333334
8610	8616	2	0.33333334
8616	8610	2	0.33333334
8610	8617	0	0.33333334
8617	8610	0	0.33333334
8610	8617	1	0.33333334
8617	8610	1	0.33333334
8610	8617	2	0.33333334
8617	8610	2	0.33333334
8611	8615	0	0.33333334
8615	8611	0	0.33333334
8611	8615	1	0.33333334
8615	8611	1	0.33333334
8611	8615	2	0.33333334
8615	8611	2	0.33333334
8611	8616	0	0.33333334
8616	8611	0	0.33333334
8611	8616	1	0.33333334
8616	8611	1	0.33333334
8611	8616	2	0.33333334
8616	8611	2	0.33333334
8611	8617	0	0.33333334
8617	8611	0	0.33333334
8611	8617	1	0.33333334
8617	8611	1	0.33333334
8611	8617	2	0.33333334
8617	8611	2	0.33333334
8618	8621	0	0.33333334
8621	8618	0	0.33333334
8618	8621	1	0.33333334
8621	8618	1	0.33333334
8618	8621	2	0.33333334
8621	8618	2	0.33333334
8618	8622	0	0.33333334
8622	8618	0	0.33333334
8618	8622	1	0.33333334
8622	8618	1	0.33333334
8618	8622	2	0.33333334
8622	8618	2	0.33333334
8619	8623	0	0.33333334
8623	8619	0	0.33333334
8619	8623	1	0.33333334
8623	8619	1	0.33333334
8619	8623	2	0.33333334
8623	8619	2	0.33333334
8619	8624	0	0.33333334
8624	8619	0	0.33333334
8619	8624	1	0.33333334
8624	8619	1	0.33333334
8619	8624	2	0.33333334
8624	8619	2	0.33333334
8619	8625	0	0.33333334
8625	8619	0	0.33333334
8619	8625	1	0.33333334
8625	8619	1	0.33333334
8619	8625	2	0.33333334
8625	8619	2	0.33333334
8620	8623	0	0.33333334
8623	8620	0	0.33333334
8620	8623	1	0.33333334
8623	8620	1	0.33333334
8620	8623	2	0.33333334
8623	8620	2	0.33333334
8620	8624	0	0.33333334
8624	8620	0	0.33333334
8620	8624	1	0.33333334
8624	8620	1	0.33333334
8620	8624	2	0.33333334
8624	8620	2	0.33333334
8620	8625	0	0.33333334
8625	8620	0	0.33333334
8620	8625	1	0.33333334
8625	8620	1	0.33333334
8620	8625	2	0.33333334
8625	8620	2	0.33333334
8621	8626	0	0.33333334
8626	8621	0	0.33333334
8621	8626	1	0.33333334
8626	8621	1	0.33333334
8621	8626	2	0.33333334
8626	8621	2	0.33333334
8622	8626	0	0.33333334
8626	8622	0	0.33333334
8622	8626	1	0.33333334
8626	8622	1	0.33333334
8622	8626	2	0.33333334
8626	8622	2	0.33333334
