8244	8245	0	0.36006457
8244	8245	1	0.34909067
8244	8245	2	0.2908448
8244	8246	0	0.33456552
8244	8246	1	0.29914582
8244	8246	2	0.36628866
8245	8246	0	0.27610072
8245	8246	1	0.33885396
8245	8246	2	0.38504526
8245	8247	0	0.30119437
8245	8247	1	0.40158486
8245	8247	2	0.2972208
8245	8248	0	0.28271383
8245	8248	1	0.43435597
8245	8248	2	0.28293025
8246	8247	0	0.30925697
8246	8247	1	0.41616383
8246	8247	2	0.27457917
8246	8248	0	0.28934908
8246	8248	1	0.44580162
8246	8248	2	0.26484936
8247	8248	0	0.35216632
8247	8248	1	0.41926205
8247	8248	2	0.22857167
8247	8249	0	0.40185484
8247	8249	1	0.39337826
8247	8249	2	0.20476693
8247	8250	0	0.37337404
8247	8250	1	0.3882709
8247	8250	2	0.23835507
8247	8251	0	0.37337402
8247	8251	1	0.38827097
8247	8251	2	0.23835501
8248	8249	0	0.3550973
8248	8249	1	0.3916978
8248	8249	2	0.25320494
8248	8250	0	0.35432434
8248	8250	1	0.37444684
8248	8250	2	0.2712288
8248	8251	0	0.35432428
8248	8251	1	0.3744468
8248	8251	2	0.27122888
8249	8250	0	0.32040685
8249	8250	1	0.3951978
8249	8250	2	0.28439528
8249	8251	0	0.32040685
8249	8251	1	0.39519787
8249	8251	2	0.28439528
8252	8253	0	0.39450577
8252	8253	1	0.34014603
8252	8253	2	0.2653482
8253	8254	0	0.40840974
8253	8254	1	0.38759923
8253	8254	2	0.20399104
8253	8255	0	0.33167946
8253	8255	1	0.4436409
8253	8255	2	0.22467959
8253	8256	0	0.3893007
8253	8256	1	0.38999894
8253	8256	2	0.2207003
8254	8255	0	0.30147696
8254	8255	1	0.3100196
8254	8255	2	0.38850346
8254	8256	0	0.35550973
8254	8256	1	0.32021385
8254	8256	2	0.32427645
8255	8256	0	0.3250124
8255	8256	1	0.4236815
8255	8256	2	0.25130612
8254	8257	0	0.35377765
8254	8257	1	0.36471438
8254	8257	2	0.28150803
8255	8257	0	0.32583833
8255	8257	1	0.40317196
8255	8257	2	0.27098978
8256	8257	0	0.36907825
8256	8257	1	0.3699866
8256	8257	2	0.2609352
8258	8259	0	0.28572172
8258	8259	1	0.4043667
8258	8259	2	0.3099116
8258	8260	0	0.28552222
8258	8260	1	0.38216382
8258	8260	2	0.33231404
8259	8260	0	0.30540907
8259	8260	1	0.3921624
8259	8260	2	0.30242854
8260	8261	0	0.25709283
8260	8261	1	0.4764303
8260	8261	2	0.26647687
8260	8262	0	0.29805645
8260	8262	1	0.45266256
8260	8262	2	0.24928102
8261	8262	0	0.3239555
8261	8262	1	0.3879972
8261	8262	2	0.28804725
8263	8264	0	0.38089624
8263	8264	1	0.29583704
8263	8264	2	0.32326669
8264	8265	0	0.33141425
8264	8265	1	0.39229816
8264	8265	2	0.27628756
8265	8266	0	0.32321241
8265	8266	1	0.3901034
8265	8266	2	0.28668416
8267	8268	0	0.3273175
8267	8268	1	0.31158313
8267	8268	2	0.36109933
8269	8270	0	0.3350143
8269	8270	1	0.4001831
8269	8270	2	0.2648025
8269	8271	0	0.33575037
8269	8271	1	0.41350332
8269	8271	2	0.25074586
8269	8272	0	0.2757572
8269	8272	1	0.47495744
8269	8272	2	0.24928515
8270	8271	0	0.2899386
8270	8271	1	0.42137954
8270	8271	2	0.28868157
8270	8272	0	0.29006815
8270	8272	1	0.47693065
8270	8272	2	0.23300081
8271	8272	0	0.26853925
8271	8272	1	0.4639335
8271	8272	2	0.2675269
8269	8273	0	0.32186988
8269	8273	1	0.37378785
8269	8273	2	0.30434227
8269	8274	0	0.35575238
8269	8274	1	0.36247784
8269	8274	2	0.28176978
8270	8273	0	0.28880182
8270	8273	1	0.38094282
8270	8273	2	0.33025536
8270	8274	0	0.33788282
8270	8274	1	0.36915976
8270	8274	2	0.29295743
8271	8273	0	0.322249
8271	8273	1	0.35733634
8271	8273	2	0.32041466
8271	8274	0	0.36586243
8271	8274	1	0.3395407
8271	8274	2	0.29459688
8272	8273	0	0.32734898
8272	8273	1	0.36289337
8272	8273	2	0.30975765
8272	8274	0	0.35811284
8272	8274	1	0.36296088
8272	8274	2	0.27892628
8273	8274	0	0.39438924
8273	8274	1	0.31879514
8273	8274	2	0.28682458
8273	8275	0	0.3762193
8273	8275	1	0.32178497
8273	8275	2	0.30199572
8273	8276	0	0.35497186
8273	8276	1	0.33807167
8273	8276	2	0.3069564
8273	8277	0	0.3763881
8273	8277	1	0.34289357
8273	8277	2	0.28071833
8273	8278	0	0.41534978
8273	8278	1	0.32386312
8273	8278	2	0.26078713
8274	8275	0	0.34137234
8274	8275	1	0.376239
8274	8275	2	0.2823886
8274	8276	0	0.34374613
8274	8276	1	0.343201
8274	8276	2	0.3130528
8274	8277	0	0.346785
8274	8277	1	0.37525475
8274	8277	2	0.27796027
8274	8278	0	0.3775218
8274	8278	1	0.3522862
8274	8278	2	0.27019203
8275	8276	0	0.34919044
8275	8276	1	0.38391218
8275	8276	2	0.26656243
8275	8277	0	0.33251515
8275	8277	1	0.40777305
8275	8277	2	0.25944248
8275	8278	0	0.34626964
8275	8278	1	0.39846987
8275	8278	2	0.2549185
8276	8277	0	0.29398033
8276	8277	1	0.4500468
8276	8277	2	0.2557571
8276	8278	0	0.3638307
8276	8278	1	0.38817546
8276	8278	2	0.24765286
8277	8278	0	0.312422
8277	8278	1	0.41529915
8277	8278	2	0.27195883
8275	8279	0	0.3326132
8275	8279	1	0.40795147
8275	8279	2	0.25943536
8275	8280	0	0.36405516
8275	8280	1	0.3645755
8275	8280	2	0.2713693
8275	8281	0	0.38124096
8275	8281	1	0.36688706
8275	8281	2	0.25187194
8275	8282	0	0.37172002
8275	8282	1	0.36480403
8275	8282	2	0.2634759
8276	8279	0	0.29401827
8276	8279	1	0.4502632
8276	8279	2	0.25571856
8276	8280	0	0.28402382
8276	8280	1	0.41771388
8276	8280	2	0.29826233
8276	8281	0	0.2853061
8276	8281	1	0.42462778
8276	8281	2	0.29006612
8276	8282	0	0.29984784
8276	8282	1	0.4246558
8276	8282	2	0.2754964
8277	8280	0	0.34131432
8277	8280	1	0.38628066
8277	8280	2	0.27240506
8277	8281	0	0.3164822
8277	8281	1	0.35163152
8277	8281	2	0.3318863
8277	8282	0	0.34478697
8277	8282	1	0.37257496
8277	8282	2	0.282638
8278	8279	0	0.2936895
8278	8279	1	0.36565554
8278	8279	2	0.34065494
8278	8280	0	0.31536058
8278	8280	1	0.3300848
8278	8280	2	0.3545546
8278	8281	0	0.2942249
8278	8281	1	0.2983759
8278	8281	2	0.40739918
8278	8282	0	0.33340257
8278	8282	1	0.28627694
8278	8282	2	0.3803205
8279	8280	0	0.34131235
8279	8280	1	0.38627788
8279	8280	2	0.27240586
8279	8281	0	0.31648195
8279	8281	1	0.35163042
8279	8281	2	0.33188453
8279	8282	0	0.3447856
8279	8282	1	0.37257272
8279	8282	2	0.28263864
8280	8281	0	0.29136738
8280	8281	1	0.42080116
8280	8281	2	0.2878325
8280	8282	0	0.33403388
8280	8282	1	0.41520137
8280	8282	2	0.25076526
8281	8282	0	0.33479756
8281	8282	1	0.4234498
8281	8282	2	0.24175411
8279	8283	0	0.37659517
8279	8283	1	0.38761252
8279	8283	2	0.23579231
8279	8284	0	0.36837637
8279	8284	1	0.36972618
8279	8284	2	0.26189744
8279	8285	0	0.33921623
8279	8285	1	0.36536545
8279	8285	2	0.29541835
8280	8283	0	0.32291535
8280	8283	1	0.39033127
8280	8283	2	0.28675333
8280	8284	0	0.36739162
8280	8284	1	0.37946287
8280	8284	2	0.25314552
8280	8285	0	0.27257752
8280	8285	1	0.4312372
8280	8285	2	0.2961853
8281	8283	0	0.35351765
8281	8283	1	0.34108478
8281	8283	2	0.30539757
8281	8284	0	0.37520722
8281	8284	1	0.3609361
8281	8284	2	0.26385674
8281	8285	0	0.3235544
8281	8285	1	0.40608388
8281	8285	2	0.27036178
8282	8283	0	0.328143
8282	8283	1	0.38985646
8282	8283	2	0.28200054
8282	8284	0	0.34712237
8282	8284	1	0.38057792
8282	8284	2	0.27229974
8282	8285	0	0.31059104
8282	8285	1	0.3812149
8282	8285	2	0.30819398
8283	8284	0	0.31512955
8283	8284	1	0.40620458
8283	8284	2	0.27866524
8283	8285	0	0.3544185
8283	8285	1	0.39538187
8283	8285	2	0.2501928
8284	8285	0	0.29996338
8284	8285	1	0.39014903
8284	8285	2	0.30989996
8283	8286	0	0.29463822
8283	8286	1	0.40843442
8283	8286	2	0.29692736
8284	8286	0	0.25648236
8284	8286	1	0.42313462
8284	8286	2	0.32038295
8285	8286	0	0.28936592
8285	8286	1	0.43091333
8285	8286	2	0.27972078
8286	8287	0	0.333128
8286	8287	1	0.3957807
8286	8287	2	0.27109128
8286	8288	0	0.34545195
8286	8288	1	0.39830714
8286	8288	2	0.25624093
8287	8288	0	0.30348045
8287	8288	1	0.4160856
8287	8288	2	0.28043398
8289	8290	0	0.34851736
8289	8290	1	0.39887345
8289	8290	2	0.2526092
8289	8291	0	0.32914755
8289	8291	1	0.41543487
8289	8291	2	0.2554176
8289	8292	0	0.30643898
8289	8292	1	0.45441622
8289	8292	2	0.2391448
8290	8291	0	0.35540813
8290	8291	1	0.37376148
8290	8291	2	0.2708304
8290	8292	0	0.35602832
8290	8292	1	0.41048837
8290	8292	2	0.23348325
8291	8292	0	0.32947034
8291	8292	1	0.39995623
8291	8292	2	0.27057347
8289	8293	0	0.28998333
8289	8293	1	0.47718066
8289	8293	2	0.232836
8289	8294	0	0.3060852
8289	8294	1	0.38553137
8289	8294	2	0.30838344
8290	8293	0	0.40603012
8290	8293	1	0.34941158
8290	8293	2	0.24455827
8290	8294	0	0.37270895
8290	8294	1	0.33440793
8290	8294	2	0.29288316
8291	8293	0	0.32250154
8291	8293	1	0.37859166
8291	8293	2	0.29890674
8291	8294	0	0.29761615
8291	8294	1	0.34406522
8291	8294	2	0.3583187
8292	8293	0	0.34299594
8292	8293	1	0.37534815
8292	8293	2	0.2816559
8292	8294	0	0.29257166
8292	8294	1	0.35940808
8292	8294	2	0.34802026
8293	8294	0	0.35379535
8293	8294	1	0.32432705
8293	8294	2	0.32187754
8293	8295	0	0.42786843
8293	8295	1	0.35314846
8293	8295	2	0.21898311
8294	8295	0	0.31270975
8294	8295	1	0.4177615
8294	8295	2	0.26952875
8295	8296	0	0.3448713
8295	8296	1	0.39631262
8295	8296	2	0.25881606
8295	8297	0	0.3617371
8295	8297	1	0.36039737
8295	8297	2	0.27786556
8295	8298	0	0.4097425
8295	8298	1	0.34479076
8295	8298	2	0.24546668
8296	8297	0	0.3398791
8296	8297	1	0.37319037
8296	8297	2	0.28693017
8296	8298	0	0.41303107
8296	8298	1	0.33115208
8296	8298	2	0.25581658
8297	8298	0	0.39438748
8297	8298	1	0.31879124
8297	8298	2	0.2868209
8296	8299	0	0.3503943
8296	8299	1	0.3514317
8296	8299	2	0.29817393
8296	8300	0	0.3626328
8296	8300	1	0.3882804
8296	8300	2	0.24908686
8297	8299	0	0.41090927
8297	8299	1	0.30927855
8297	8299	2	0.27981216
8297	8300	0	0.3762194
8297	8300	1	0.32178515
8297	8300	2	0.3019955
8298	8299	0	0.37493473
8298	8299	1	0.31184542
8298	8299	2	0.31321982
8298	8300	0	0.34137243
8298	8300	1	0.37623912
8298	8300	2	0.2823884
8299	8300	0	0.3399369
8299	8300	1	0.35555965
8299	8300	2	0.30450344
8299	8301	0	0.38010454
8299	8301	1	0.304187
8299	8301	2	0.31570846
8299	8302	0	0.39386016
8299	8302	1	0.2824108
8299	8302	2	0.32372904
8300	8301	0	0.39991796
8300	8301	1	0.34309906
8300	8301	2	0.25698298
8300	8302	0	0.37455946
8300	8302	1	0.345928
8300	8302	2	0.27951252
8301	8302	0	0.34927642
8301	8302	1	0.35147038
8301	8302	2	0.29925334
8301	8303	0	0.33912343
8301	8303	1	0.40397078
8301	8303	2	0.25690573
8302	8303	0	0.3418299
8302	8303	1	0.39908087
8302	8303	2	0.2590892
8303	8304	0	0.34150335
8303	8304	1	0.3576079
8303	8304	2	0.30088878
8304	8305	0	0.3143928
8304	8305	1	0.43263525
8304	8305	2	0.25297195
8305	8306	0	0.38156828
8305	8306	1	0.3559421
8305	8306	2	0.26248962
8306	8307	0	0.3822589
8306	8307	1	0.33337852
8306	8307	2	0.2843626
8307	8308	0	0.33595976
8307	8308	1	0.42231855
8307	8308	2	0.24172169
8307	8309	0	0.34568796
8307	8309	1	0.40613964
8307	8309	2	0.24817245
8308	8309	0	0.36730614
8308	8309	1	0.38120243
8308	8309	2	0.25149146
8308	8310	0	0.3673062
8308	8310	1	0.3812024
8308	8310	2	0.25149143
8311	8312	0	0.3386197
8311	8312	1	0.34126055
8311	8312	2	0.3201198
8313	8314	0	0.3267408
8313	8314	1	0.37044394
8313	8314	2	0.30281532
8315	8316	0	0.315233
8315	8316	1	0.37906992
8315	8316	2	0.30569705
8317	8318	0	0.33229208
8317	8318	1	0.41936797
8317	8318	2	0.24833994
8317	8319	0	0.31493074
8317	8319	1	0.40463483
8317	8319	2	0.2804344
8317	8320	0	0.34312335
8317	8320	1	0.4230221
8317	8320	2	0.2338545
8318	8319	0	0.30200842
8318	8319	1	0.45348606
8318	8319	2	0.24450552
8318	8320	0	0.2997367
8318	8320	1	0.48264557
8318	8320	2	0.21761765
8319	8320	0	0.2884655
8319	8320	1	0.46395615
8319	8320	2	0.24757835
8317	8321	0	0.34593105
8317	8321	1	0.4231435
8317	8321	2	0.23092541
8317	8322	0	0.31998178
8317	8322	1	0.37577552
8317	8322	2	0.30424273
8318	8321	0	0.31234923
8318	8321	1	0.4850654
8318	8321	2	0.2025854
8318	8322	0	0.3169362
8318	8322	1	0.42824036
8318	8322	2	0.25482345
8319	8321	0	0.28140676
8319	8321	1	0.49267584
8319	8321	2	0.22591743
8319	8322	0	0.29621065
8319	8322	1	0.41055828
8319	8322	2	0.29323107
8320	8321	0	0.3733247
8320	8321	1	0.41849488
8320	8321	2	0.20818043
8320	8322	0	0.33068627
8320	8322	1	0.37678635
8320	8322	2	0.29252744
8321	8322	0	0.2930464
8321	8322	1	0.40193754
8321	8322	2	0.30501607
8323	8324	0	0.33063263
8323	8324	1	0.40495545
8323	8324	2	0.26441187
8323	8325	0	0.26817548
8323	8325	1	0.4452541
8323	8325	2	0.2865704
8323	8326	0	0.3065449
8323	8326	1	0.38897878
8323	8326	2	0.30447632
8323	8327	0	0.36581168
8323	8327	1	0.36262214
8323	8327	2	0.2715662
8324	8325	0	0.31112772
8324	8325	1	0.37780946
8324	8325	2	0.31106275
8324	8326	0	0.37175986
8324	8326	1	0.34261876
8324	8326	2	0.28562135
8324	8327	0	0.41345617
8324	8327	1	0.32588127
8324	8327	2	0.2606625
8325	8326	0	0.29045287
8325	8326	1	0.4282145
8325	8326	2	0.2813326
8325	8327	0	0.34670633
8325	8327	1	0.4041711
8325	8327	2	0.24912259
8326	8327	0	0.38169625
8326	8327	1	0.339652
8326	8327	2	0.27865183
8323	8328	0	0.34705815
8323	8328	1	0.35721424
8323	8328	2	0.29572755
8323	8329	0	0.29317176
8323	8329	1	0.33614632
8323	8329	2	0.37068194
8324	8328	0	0.41153407
8324	8328	1	0.36070418
8324	8328	2	0.22776175
8324	8329	0	0.36471808
8324	8329	1	0.33171713
8324	8329	2	0.30356473
8325	8328	0	0.31574672
8325	8328	1	0.434004
8325	8328	2	0.2502492
8325	8329	0	0.3016538
8325	8329	1	0.38489276
8325	8329	2	0.31345344
8326	8328	0	0.38669473
8326	8328	1	0.36142945
8326	8328	2	0.25187582
8326	8329	0	0.32645568
8326	8329	1	0.35214183
8326	8329	2	0.32140243
8327	8328	0	0.29510894
8327	8328	1	0.41238636
8327	8328	2	0.2925047
8327	8329	0	0.28628528
8327	8329	1	0.35333455
8327	8329	2	0.36038017
8328	8329	0	0.30311728
8328	8329	1	0.34133464
8328	8329	2	0.35554802
8328	8330	0	0.3243919
8328	8330	1	0.32259977
8328	8330	2	0.35300827
8328	8331	0	0.32433832
8328	8331	1	0.36453193
8328	8331	2	0.31112975
8329	8330	0	0.3303844
8329	8330	1	0.3646349
8329	8330	2	0.3049807
8329	8331	0	0.32702187
8329	8331	1	0.38471115
8329	8331	2	0.28826702
8330	8331	0	0.36101955
8330	8331	1	0.3789634
8330	8331	2	0.26001763
8332	8333	0	0.39242738
8332	8333	1	0.3370391
8332	8333	2	0.27053353
8332	8334	0	0.36380434
8332	8334	1	0.3354382
8332	8334	2	0.3007575
8333	8334	0	0.30476436
8333	8334	1	0.39309984
8333	8334	2	0.30213583
8334	8335	0	0.29632717
8334	8335	1	0.43859264
8334	8335	2	0.26508015
8335	8336	0	0.35707676
8335	8336	1	0.32417634
8335	8336	2	0.31874692
8335	8337	0	0.32178915
8335	8337	1	0.31945872
8335	8337	2	0.3587522
8335	8338	0	0.28558186
8335	8338	1	0.35233337
8335	8338	2	0.36208475
8336	8337	0	0.3348118
8336	8337	1	0.35866195
8336	8337	2	0.3065263
8336	8338	0	0.32040027
8336	8338	1	0.36206982
8336	8338	2	0.31752998
8337	8338	0	0.36945903
8337	8338	1	0.31299996
8337	8338	2	0.31754094
8336	8339	0	0.29808635
8336	8339	1	0.4233094
8336	8339	2	0.27860427
8337	8339	0	0.32406825
8337	8339	1	0.38093728
8337	8339	2	0.29499447
8338	8339	0	0.3068293
8338	8339	1	0.35433814
8338	8339	2	0.3388326
8340	8341	0	0.33231995
8340	8341	1	0.37782392
8340	8341	2	0.28985614
8340	8342	0	0.29567498
8340	8342	1	0.4188984
8340	8342	2	0.28542662
8341	8342	0	0.32051414
8341	8342	1	0.38281322
8341	8342	2	0.29667267
8343	8344	0	0.31952542
8343	8344	1	0.4187013
8343	8344	2	0.2617733
8344	8345	0	0.30993342
8344	8345	1	0.42272103
8344	8345	2	0.26734555
8344	8346	0	0.3432235
8344	8346	1	0.39170587
8344	8346	2	0.26507062
8344	8347	0	0.34480542
8344	8347	1	0.36592808
8344	8347	2	0.28926647
8345	8346	0	0.32359332
8345	8346	1	0.38501072
8345	8346	2	0.29139596
8345	8347	0	0.35468578
8345	8347	1	0.34761828
8345	8347	2	0.29769593
8346	8347	0	0.31572622
8346	8347	1	0.41406754
8346	8347	2	0.27020627
8345	8348	0	0.27997097
8345	8348	1	0.37471825
8345	8348	2	0.34531075
8346	8348	0	0.2733633
8346	8348	1	0.35434693
8346	8348	2	0.37228978
8347	8348	0	0.31913072
8347	8348	1	0.3450256
8347	8348	2	0.33584368
8349	8350	0	0.4025515
8349	8350	1	0.36505938
8349	8350	2	0.2323891
8349	8351	0	0.3987348
8349	8351	1	0.3608392
8349	8351	2	0.240426
8350	8351	0	0.2504578
8350	8351	1	0.44859198
8350	8351	2	0.30095026
8352	8353	0	0.3314351
8352	8353	1	0.38948733
8352	8353	2	0.27907753
8352	8354	0	0.3580249
8352	8354	1	0.36243516
8352	8354	2	0.27953994
8353	8354	0	0.3577923
8353	8354	1	0.38034308
8353	8354	2	0.26186466
8355	8356	0	0.31495664
8355	8356	1	0.351649
8355	8356	2	0.33339438
8355	8357	0	0.25352645
8355	8357	1	0.42853123
8355	8357	2	0.31794232
8355	8358	0	0.29172912
8355	8358	1	0.36418122
8355	8358	2	0.34408963
8356	8357	0	0.29633218
8356	8357	1	0.36843497
8356	8357	2	0.33523285
8356	8358	0	0.32621908
8356	8358	1	0.30920202
8356	8358	2	0.3645789
8357	8358	0	0.32831898
8357	8358	1	0.3733344
8357	8358	2	0.29834655
8359	8360	0	0.3448339
8359	8360	1	0.39945474
8359	8360	2	0.25571135
8359	8361	0	0.31661078
8359	8361	1	0.42062372
8359	8361	2	0.2627655
8360	8361	0	0.28936195
8360	8361	1	0.37236372
8360	8361	2	0.3382743
8360	8362	0	0.27836412
8360	8362	1	0.4121889
8360	8362	2	0.30944702
8361	8362	0	0.2937367
8361	8362	1	0.42363787
8361	8362	2	0.28262544
8363	8364	0	0.32855126
8363	8364	1	0.37234104
8363	8364	2	0.29910773
8363	8365	0	0.3064162
8363	8365	1	0.33977497
8363	8365	2	0.35380882
8363	8366	0	0.3071388
8363	8366	1	0.40191975
8363	8366	2	0.29094148
8363	8367	0	0.34567177
8363	8367	1	0.35633302
8363	8367	2	0.2979952
8364	8365	0	0.36049396
8364	8365	1	0.29793695
8364	8365	2	0.34156907
8364	8366	0	0.40421054
8364	8366	1	0.2822491
8364	8366	2	0.3135404
8364	8367	0	0.41425264
8364	8367	1	0.25154322
8364	8367	2	0.33420414
8365	8366	0	0.26262647
8365	8366	1	0.45279038
8365	8366	2	0.2845832
8365	8367	0	0.28708702
8365	8367	1	0.41624963
8365	8367	2	0.29666334
8366	8367	0	0.34023282
8366	8367	1	0.3075482
8366	8367	2	0.352219
8364	8368	0	0.40232623
8364	8368	1	0.32597202
8364	8368	2	0.2717017
8364	8369	0	0.34315297
8364	8369	1	0.3243224
8364	8369	2	0.3325247
8365	8368	0	0.27434945
8365	8368	1	0.50174344
8365	8368	2	0.22390714
8365	8369	0	0.2816161
8365	8369	1	0.44345015
8365	8369	2	0.27493376
8366	8368	0	0.33492613
8366	8368	1	0.4244933
8366	8368	2	0.24058062
8366	8369	0	0.3115377
8366	8369	1	0.38628292
8366	8369	2	0.30217928
8367	8368	0	0.36026353
8367	8368	1	0.41551474
8367	8368	2	0.22422174
8367	8369	0	0.33410197
8367	8369	1	0.34798515
8367	8369	2	0.31791282
8368	8369	0	0.33051306
8368	8369	1	0.33419177
8368	8369	2	0.3352953
8368	8370	0	0.3141883
8368	8370	1	0.37055272
8368	8370	2	0.31525898
8368	8371	0	0.30427366
8368	8371	1	0.38906926
8368	8371	2	0.30665714
8369	8370	0	0.34911382
8369	8370	1	0.4135649
8369	8370	2	0.23732129
8369	8371	0	0.3608391
8369	8371	1	0.42810398
8369	8371	2	0.21105692
8370	8371	0	0.3010016
8370	8371	1	0.39597562
8370	8371	2	0.3030193
8370	8372	0	0.3649104
8370	8372	1	0.3540413
8370	8372	2	0.2810483
8370	8373	0	0.36491042
8370	8373	1	0.35404128
8370	8373	2	0.28104836
8371	8372	0	0.38805938
8371	8372	1	0.3415321
8371	8372	2	0.27040854
8371	8373	0	0.38805953
8371	8373	1	0.34153223
8371	8373	2	0.27040833
8372	8374	0	0.2816661
8372	8374	1	0.40103078
8372	8374	2	0.31730315
8373	8374	0	0.28166616
8373	8374	1	0.40103072
8373	8374	2	0.3173032
8374	8375	0	0.32260573
8374	8375	1	0.30469424
8374	8375	2	0.37270007
8374	8376	0	0.28388965
8374	8376	1	0.32754505
8374	8376	2	0.38856527
8374	8377	0	0.28791007
8374	8377	1	0.34487242
8374	8377	2	0.36721754
8374	8378	0	0.2953506
8374	8378	1	0.34706795
8374	8378	2	0.35758138
8375	8376	0	0.27550822
8375	8376	1	0.35336298
8375	8376	2	0.37112993
8375	8377	0	0.26937595
8375	8377	1	0.36913982
8375	8377	2	0.36148402
8375	8378	0	0.29870367
8375	8378	1	0.4187932
8375	8378	2	0.2825026
8376	8377	0	0.26243064
8376	8377	1	0.40451315
8376	8377	2	0.33305678
8376	8378	0	0.29677686
8376	8378	1	0.4205068
8376	8378	2	0.28271633
8377	8378	0	0.3608386
8377	8378	1	0.42810333
8377	8378	2	0.21105921
8375	8379	0	0.33676624
8375	8379	1	0.3476296
8375	8379	2	0.31560415
8375	8380	0	0.36323178
8375	8380	1	0.37244588
8375	8380	2	0.2643224
8375	8381	0	0.2795781
8375	8381	1	0.36031118
8375	8381	2	0.3601107
8376	8379	0	0.3070801
8376	8379	1	0.3849021
8376	8379	2	0.30801773
8376	8380	0	0.32855135
8376	8380	1	0.37234116
8376	8380	2	0.29910743
8376	8381	0	0.27152574
8376	8381	1	0.39288765
8376	8381	2	0.33558667
8377	8379	0	0.3610624
8377	8379	1	0.4057974
8377	8379	2	0.23314026
8377	8380	0	0.41172475
8377	8380	1	0.38651943
8377	8380	2	0.2017558
8377	8381	0	0.34213462
8377	8381	1	0.39116204
8377	8381	2	0.2667033
8378	8379	0	0.3337359
8378	8379	1	0.388789
8378	8379	2	0.27747512
8378	8380	0	0.37623322
8378	8380	1	0.35152653
8378	8380	2	0.2722402
8378	8381	0	0.34592545
8378	8381	1	0.34729415
8378	8381	2	0.3067805
8379	8380	0	0.3933622
8379	8380	1	0.3796704
8379	8380	2	0.22696328
8379	8381	0	0.34883487
8379	8381	1	0.34974778
8379	8381	2	0.30141357
8380	8381	0	0.3319059
8380	8381	1	0.31616083
8380	8381	2	0.35192955
8379	8382	0	0.3359527
8379	8382	1	0.38743663
8379	8382	2	0.27661073
8379	8383	0	0.31449968
8379	8383	1	0.39084113
8379	8383	2	0.2946591
8380	8382	0	0.38726676
8380	8382	1	0.3211863
8380	8382	2	0.29154697
8380	8383	0	0.3546955
8380	8383	1	0.327479
8380	8383	2	0.31782544
8381	8382	0	0.34730473
8381	8382	1	0.36375904
8381	8382	2	0.2889362
8381	8383	0	0.32459414
8381	8383	1	0.3281768
8381	8383	2	0.3472291
8382	8383	0	0.31638065
8382	8383	1	0.38353422
8382	8383	2	0.30007464
8382	8384	0	0.36847824
8382	8384	1	0.36542448
8382	8384	2	0.26609722
8382	8385	0	0.3299895
8382	8385	1	0.39759994
8382	8385	2	0.2724106
8383	8386	0	0.33140802
8383	8386	1	0.41791227
8383	8386	2	0.25067973
8383	8384	0	0.32030222
8383	8384	1	0.36840436
8383	8384	2	0.31129336
8383	8385	0	0.32041165
8383	8385	1	0.3845065
8383	8385	2	0.29508185
8386	8384	0	0.36847827
8386	8384	1	0.36542445
8386	8384	2	0.26609728
8386	8385	0	0.3299895
8386	8385	1	0.39759997
8386	8385	2	0.27241057
8384	8385	0	0.3049971
8384	8385	1	0.36109293
8384	8385	2	0.33391
8384	8387	0	0.32575625
8384	8387	1	0.4192943
8384	8387	2	0.25494948
8385	8387	0	0.36083916
8385	8387	1	0.42810404
8385	8387	2	0.21105677
8388	8389	0	0.33697328
8388	8389	1	0.40322104
8388	8389	2	0.25980574
8390	8391	0	0.3667435
8390	8391	1	0.34700423
8390	8391	2	0.28625223
8392	8391	0	0.3667436
8392	8391	1	0.3470043
8392	8391	2	0.28625214
8391	8393	0	0.35870114
8391	8393	1	0.3281284
8391	8393	2	0.31317052
8392	8394	0	0.34774017
8392	8394	1	0.3778365
8392	8394	2	0.27442324
8391	8394	0	0.32712623
8391	8394	1	0.36835903
8391	8394	2	0.30451483
8393	8394	0	0.34774017
8393	8394	1	0.37783656
8393	8394	2	0.2744233
8394	8395	0	0.32866988
8394	8395	1	0.38490033
8394	8395	2	0.2864298
8395	8396	0	0.3343104
8395	8396	1	0.3316844
8395	8396	2	0.33400518
8397	8398	0	0.28055993
8397	8398	1	0.44247192
8397	8398	2	0.27696815
8397	8399	0	0.2788968
8397	8399	1	0.44917327
8397	8399	2	0.27193
8398	8399	0	0.2579737
8398	8399	1	0.49657768
8398	8399	2	0.24544859
8398	8400	0	0.3638137
8398	8400	1	0.41129512
8398	8400	2	0.22489119
8398	8401	0	0.30785376
8398	8401	1	0.44416076
8398	8401	2	0.24798548
8398	8402	0	0.34910217
8398	8402	1	0.43573222
8398	8402	2	0.21516559
8399	8400	0	0.3307941
8399	8400	1	0.41388965
8399	8400	2	0.25531626
8399	8401	0	0.29367495
8399	8401	1	0.41466248
8399	8401	2	0.29166263
8399	8402	0	0.342685
8399	8402	1	0.40615362
8399	8402	2	0.2511614
8400	8401	0	0.27751413
8400	8401	1	0.4895655
8400	8401	2	0.2329204
8400	8402	0	0.2998501
8400	8402	1	0.45434487
8400	8402	2	0.24580505
8401	8402	0	0.32316124
8401	8402	1	0.42122683
8401	8402	2	0.25561196
8400	8403	0	0.33726627
8400	8403	1	0.4178064
8400	8403	2	0.24492738
8401	8403	0	0.2901073
8401	8403	1	0.42857933
8401	8403	2	0.28131342
8402	8403	0	0.31746688
8402	8403	1	0.42030427
8402	8403	2	0.26222885
8403	8404	0	0.2594777
8403	8404	1	0.44748396
8403	8404	2	0.29303837
8405	8406	0	0.27812105
8405	8406	1	0.43575564
8405	8406	2	0.28612337
8405	8407	0	0.27812093
8405	8407	1	0.43575573
8405	8407	2	0.2861234
8407	8408	0	0.3198315
8407	8408	1	0.38944107
8407	8408	2	0.29072738
8408	8409	0	0.2846075
8408	8409	1	0.37988997
8408	8409	2	0.33550254
8408	8410	0	0.28990293
8408	8410	1	0.3359945
8408	8410	2	0.37410256
8409	8410	0	0.34687763
8409	8410	1	0.37174928
8409	8410	2	0.2813731
8409	8411	0	0.33577737
8409	8411	1	0.3862366
8409	8411	2	0.27798605
8409	8412	0	0.30722988
8409	8412	1	0.3938877
8409	8412	2	0.29888242
8409	8413	0	0.34008145
8409	8413	1	0.35777348
8409	8413	2	0.302145
8410	8411	0	0.30740714
8410	8411	1	0.41535896
8410	8411	2	0.27723396
8410	8412	0	0.31792843
8410	8412	1	0.3852787
8410	8412	2	0.2967928
8410	8413	0	0.3549735
8410	8413	1	0.33597994
8410	8413	2	0.30904657
8411	8412	0	0.3111307
8411	8412	1	0.40801632
8411	8412	2	0.28085303
8411	8413	0	0.38528505
8411	8413	1	0.30687687
8411	8413	2	0.30783755
8412	8413	0	0.35954478
8412	8413	1	0.2867182
8412	8413	2	0.353737
8411	8414	0	0.31113064
8411	8414	1	0.40801632
8411	8414	2	0.280853
8413	8414	0	0.2404361
8413	8414	1	0.463762
8413	8414	2	0.2958019
8414	8415	0	0.3539764
8414	8415	1	0.35066804
8414	8415	2	0.29535556
8414	8416	0	0.3658082
8414	8416	1	0.3498563
8414	8416	2	0.28433552
8414	8417	0	0.36825323
8414	8417	1	0.34998935
8414	8417	2	0.28175744
8415	8416	0	0.35749412
8415	8416	1	0.31946054
8415	8416	2	0.3230453
8415	8417	0	0.39656717
8415	8417	1	0.29939944
8415	8417	2	0.3040334
8416	8417	0	0.35714927
8416	8417	1	0.36331105
8416	8417	2	0.27953967
8418	8419	0	0.34546876
8418	8419	1	0.31186837
8418	8419	2	0.34266287
8418	8420	0	0.32076895
8418	8420	1	0.33356607
8418	8420	2	0.34566507
8418	8421	0	0.3510186
8418	8421	1	0.2832235
8418	8421	2	0.36575794
8419	8420	0	0.38343328
8419	8420	1	0.3464228
8419	8420	2	0.27014396
8419	8421	0	0.41248876
8419	8421	1	0.27361017
8419	8421	2	0.31390107
8420	8421	0	0.3996684
8420	8421	1	0.27554083
8420	8421	2	0.32479075
8419	8422	0	0.34038252
8419	8422	1	0.38845628
8419	8422	2	0.27116114
8419	8423	0	0.30170345
8419	8423	1	0.37306458
8419	8423	2	0.32523203
8420	8422	0	0.3557086
8420	8422	1	0.34552622
8420	8422	2	0.29876524
8420	8423	0	0.32080144
8420	8423	1	0.3443193
8420	8423	2	0.33487928
8421	8422	0	0.3295918
8421	8422	1	0.36698934
8421	8422	2	0.30341882
8421	8423	0	0.31044793
8421	8423	1	0.33721572
8421	8423	2	0.3523364
8422	8423	0	0.2690894
8422	8423	1	0.44931042
8422	8423	2	0.28160015
8424	8425	0	0.32838136
8424	8425	1	0.3315066
8424	8425	2	0.34011203
8424	8426	0	0.3447435
8424	8426	1	0.361773
8424	8426	2	0.29348344
8425	8426	0	0.29611245
8425	8426	1	0.39825362
8425	8426	2	0.30563387
8425	8427	0	0.33596265
8425	8427	1	0.39412385
8425	8427	2	0.26991352
8426	8427	0	0.34234017
8426	8427	1	0.41145957
8426	8427	2	0.24620026
8427	8428	0	0.35220093
8427	8428	1	0.3639841
8427	8428	2	0.28381497
8427	8429	0	0.2753725
8427	8429	1	0.3628977
8427	8429	2	0.36172977
8428	8429	0	0.31724113
8428	8429	1	0.37089163
8428	8429	2	0.3118673
8428	8430	0	0.36824483
8428	8430	1	0.4144088
8428	8430	2	0.2173464
8429	8430	0	0.29780158
8429	8430	1	0.45565718
8429	8430	2	0.24654123
8430	8431	0	0.34671104
8430	8431	1	0.37327883
8430	8431	2	0.28001013
8430	8432	0	0.31858507
8430	8432	1	0.3801137
8430	8432	2	0.30130127
8431	8432	0	0.2680474
8431	8432	1	0.40490288
8431	8432	2	0.3270497
8431	8433	0	0.33354723
8431	8433	1	0.3864466
8431	8433	2	0.28000617
8431	8434	0	0.3546546
8431	8434	1	0.3848294
8431	8434	2	0.26051602
8431	8435	0	0.29007173
8431	8435	1	0.37891084
8431	8435	2	0.3310175
8432	8433	0	0.36641932
8432	8433	1	0.3742624
8432	8433	2	0.2593183
8432	8434	0	0.3882348
8432	8434	1	0.35874653
8432	8434	2	0.25301868
8432	8435	0	0.30705753
8432	8435	1	0.3563231
8432	8435	2	0.33661932
8433	8434	0	0.3482387
8433	8434	1	0.3719048
8433	8434	2	0.27985644
8433	8435	0	0.3295179
8433	8435	1	0.3255588
8433	8435	2	0.34492332
8434	8435	0	0.3166561
8434	8435	1	0.3530614
8434	8435	2	0.33028245
8433	8436	0	0.2922923
8433	8436	1	0.43437165
8433	8436	2	0.27333605
8434	8436	0	0.33911234
8434	8436	1	0.4161945
8434	8436	2	0.24469316
8435	8436	0	0.2619481
8435	8436	1	0.4375421
8435	8436	2	0.30050975
8437	8438	0	0.37714523
8437	8438	1	0.33870155
8437	8438	2	0.28415325
8437	8439	0	0.26356322
8437	8439	1	0.4676668
8437	8439	2	0.26876998
8437	8440	0	0.36239243
8437	8440	1	0.38486108
8437	8440	2	0.25274646
8438	8439	0	0.22434807
8438	8439	1	0.49102736
8438	8439	2	0.28462458
8438	8440	0	0.32560042
8438	8440	1	0.36998737
8438	8440	2	0.30441228
8439	8440	0	0.3547994
8439	8440	1	0.40238643
8439	8440	2	0.24281418
8439	8441	0	0.30951744
8439	8441	1	0.38346788
8439	8441	2	0.30701473
8440	8441	0	0.33006036
8440	8441	1	0.36699852
8440	8441	2	0.3029411
8441	8442	0	0.3427934
8441	8442	1	0.35295707
8441	8442	2	0.30424953
8442	8443	0	0.34414268
8442	8443	1	0.36521098
8442	8443	2	0.29064637
8442	8444	0	0.29114115
8442	8444	1	0.34601632
8442	8444	2	0.36284247
8443	8444	0	0.36515158
8443	8444	1	0.34544533
8443	8444	2	0.28940308
8443	8445	0	0.36758363
8443	8445	1	0.3502313
8443	8445	2	0.28218508
8444	8445	0	0.32671323
8444	8445	1	0.3897707
8444	8445	2	0.2835161
8445	8446	0	0.34080705
8445	8446	1	0.38738197
8445	8446	2	0.27181098
8445	8447	0	0.36021072
8445	8447	1	0.30552328
8445	8447	2	0.33426598
8445	8448	0	0.3388526
8445	8448	1	0.3149785
8445	8448	2	0.34616888
8446	8447	0	0.37948355
8446	8447	1	0.36170724
8446	8447	2	0.25879905
8446	8448	0	0.37675294
8446	8448	1	0.36965212
8446	8448	2	0.25358412
8447	8448	0	0.32939297
8447	8448	1	0.3687091
8447	8448	2	0.3018861
8446	8449	0	0.3318742
8446	8449	1	0.38052484
8446	8449	2	0.28760087
8446	8450	0	0.38706642
8446	8450	1	0.35762087
8446	8450	2	0.25531274
8446	8451	0	0.38597417
8446	8451	1	0.37305313
8446	8451	2	0.24097273
8446	8452	0	0.36894885
8446	8452	1	0.39354837
8446	8452	2	0.23750281
8447	8449	0	0.30465114
8447	8449	1	0.39673996
8447	8449	2	0.2986089
8447	8450	0	0.33268106
8447	8450	1	0.3942878
8447	8450	2	0.27303112
8447	8451	0	0.354217
8447	8451	1	0.33532292
8447	8451	2	0.31046015
8447	8452	0	0.28975207
8447	8452	1	0.3917948
8447	8452	2	0.3184532
8448	8449	0	0.29040915
8448	8449	1	0.36600873
8448	8449	2	0.3435821
8448	8450	0	0.32638183
8448	8450	1	0.37036538
8448	8450	2	0.30325282
8448	8451	0	0.33405876
8448	8451	1	0.37414095
8448	8451	2	0.29180032
8448	8452	0	0.27451706
8448	8452	1	0.4056099
8448	8452	2	0.31987303
8449	8450	0	0.3429749
8449	8450	1	0.43305287
8449	8450	2	0.22397229
8449	8451	0	0.39972854
8449	8451	1	0.35668352
8449	8451	2	0.24358828
8449	8452	0	0.3707052
8449	8452	1	0.34992927
8449	8452	2	0.27936634
8450	8451	0	0.3683123
8450	8451	1	0.3530592
8450	8451	2	0.27862823
8450	8452	0	0.3610281
8450	8452	1	0.33061907
8450	8452	2	0.3083531
8451	8452	0	0.3581881
8451	8452	1	0.37629595
8451	8452	2	0.26551598
8449	8453	0	0.34340936
8449	8453	1	0.39611757
8449	8453	2	0.2604731
8449	8454	0	0.40071067
8449	8454	1	0.32049283
8449	8454	2	0.27879646
8449	8455	0	0.38065115
8449	8455	1	0.31725997
8449	8455	2	0.30208883
8450	8453	0	0.34218776
8450	8453	1	0.36975378
8450	8453	2	0.2880584
8450	8454	0	0.37097305
8450	8454	1	0.32638258
8450	8454	2	0.3026443
8450	8455	0	0.37222934
8450	8455	1	0.3180428
8450	8455	2	0.3097278
8451	8453	0	0.34680146
8451	8453	1	0.41124344
8451	8453	2	0.2419551
8451	8454	0	0.37249666
8451	8454	1	0.35638097
8451	8454	2	0.2711223
8451	8455	0	0.3869987
8451	8455	1	0.34493548
8451	8455	2	0.2680658
8452	8453	0	0.33627868
8452	8453	1	0.36926067
8452	8453	2	0.29446068
8452	8454	0	0.35420915
8452	8454	1	0.33692914
8452	8454	2	0.30886173
8452	8455	0	0.3460775
8452	8455	1	0.32928672
8452	8455	2	0.3246357
8453	8454	0	0.37121907
8453	8454	1	0.35908255
8453	8454	2	0.26960588
8453	8455	0	0.37192848
8453	8455	1	0.34653148
8453	8455	2	0.28144303
8454	8455	0	0.31441012
8454	8455	1	0.36304185
8454	8455	2	0.3224533
8453	8456	0	0.38673875
8453	8456	1	0.33862638
8453	8456	2	0.27463478
8453	8457	0	0.34853733
8453	8457	1	0.36152446
8453	8457	2	0.28993818
8454	8456	0	0.3371362
8454	8456	1	0.37726575
8454	8456	2	0.2855981
8454	8457	0	0.31547782
8454	8457	1	0.3883572
8454	8457	2	0.29616493
8455	8456	0	0.32897636
8455	8456	1	0.3505677
8455	8456	2	0.32045594
8455	8457	0	0.30705535
8455	8457	1	0.379981
8455	8457	2	0.3129636
8456	8457	0	0.31067508
8456	8457	1	0.39786306
8456	8457	2	0.29146224
8456	8458	0	0.34082788
8456	8458	1	0.38183412
8456	8458	2	0.27733797
8456	8459	0	0.31624562
8456	8459	1	0.3924634
8456	8459	2	0.291291
8456	8460	0	0.36425483
8456	8460	1	0.32065427
8456	8460	2	0.31509095
8457	8458	0	0.33019507
8457	8458	1	0.38761833
8457	8458	2	0.28218663
8457	8459	0	0.31627315
8457	8459	1	0.38688016
8457	8459	2	0.29684672
8457	8460	0	0.33950192
8457	8460	1	0.3392412
8457	8460	2	0.3212569
8458	8459	0	0.28113282
8458	8459	1	0.44355613
8458	8459	2	0.275311
8458	8460	0	0.33298627
8458	8460	1	0.35286444
8458	8460	2	0.31414932
8459	8460	0	0.3153456
8459	8460	1	0.3786769
8459	8460	2	0.30597755
8461	8462	0	0.3519984
8461	8462	1	0.3773884
8461	8462	2	0.27061325
8461	8463	0	0.34779638
8461	8463	1	0.3492431
8461	8463	2	0.30296052
8461	8464	0	0.32354635
8461	8464	1	0.36396688
8461	8464	2	0.3124867
8461	8465	0	0.40737748
8461	8465	1	0.33443797
8461	8465	2	0.2581846
8461	8466	0	0.38146397
8461	8466	1	0.2835205
8461	8466	2	0.33501548
8462	8463	0	0.35554752
8462	8463	1	0.36000335
8462	8463	2	0.28444904
8462	8464	0	0.33317226
8462	8464	1	0.36717123
8462	8464	2	0.29965645
8462	8465	0	0.40940228
8462	8465	1	0.34737128
8462	8465	2	0.24322644
8462	8466	0	0.3832779
8462	8466	1	0.28738004
8462	8466	2	0.32934207
8463	8464	0	0.3368852
8463	8464	1	0.36408842
8463	8464	2	0.2990263
8463	8465	0	0.40449545
8463	8465	1	0.3859915
8463	8465	2	0.20951302
8463	8466	0	0.3917408
8463	8466	1	0.33766663
8463	8466	2	0.27059263
8464	8465	0	0.40025407
8464	8465	1	0.35306054
8464	8465	2	0.2466854
8464	8466	0	0.35485232
8464	8466	1	0.31167245
8464	8466	2	0.33347517
8465	8466	0	0.36613578
8465	8466	1	0.33208275
8465	8466	2	0.30178148
8463	8467	0	0.37388682
8463	8467	1	0.38293386
8463	8467	2	0.24317935
8463	8468	0	0.34475186
8463	8468	1	0.38454044
8463	8468	2	0.27070767
8463	8469	0	0.30869502
8463	8469	1	0.3945555
8463	8469	2	0.29674947
8464	8467	0	0.34303877
8464	8467	1	0.38310075
8464	8467	2	0.27386045
8464	8468	0	0.30485964
8464	8468	1	0.39395118
8464	8468	2	0.30118924
8464	8469	0	0.28523007
8464	8469	1	0.40026176
8464	8469	2	0.31450817
8465	8467	0	0.4297731
8465	8467	1	0.35089964
8465	8467	2	0.21932724
8465	8468	0	0.3730588
8465	8468	1	0.36913475
8465	8468	2	0.25780648
8465	8469	0	0.36250454
8465	8469	1	0.34459215
8465	8469	2	0.2929033
8466	8467	0	0.35285202
8466	8467	1	0.33214152
8466	8467	2	0.3150065
8466	8468	0	0.31664962
8466	8468	1	0.3563718
8466	8468	2	0.3269786
8466	8469	0	0.2939395
8466	8469	1	0.36998904
8466	8469	2	0.3360715
8467	8468	0	0.34313715
8467	8468	1	0.37890223
8467	8468	2	0.27796078
8467	8469	0	0.2863651
8467	8469	1	0.38017273
8467	8469	2	0.33346233
8468	8469	0	0.32756907
8468	8469	1	0.37290645
8468	8469	2	0.29952455
8467	8470	0	0.283665
8467	8470	1	0.4481207
8467	8470	2	0.26821434
8468	8470	0	0.31174898
8468	8470	1	0.4501384
8468	8470	2	0.23811269
8469	8470	0	0.29247
8469	8470	1	0.45274562
8469	8470	2	0.25478435
8470	8471	0	0.29482016
8470	8471	1	0.3845636
8470	8471	2	0.32061625
8471	8472	0	0.33299652
8471	8472	1	0.36865935
8471	8472	2	0.29834414
8472	8473	0	0.34970134
8472	8473	1	0.39499307
8472	8473	2	0.25530562
8472	8474	0	0.3096369
8472	8474	1	0.4122774
8472	8474	2	0.27808565
8473	8474	0	0.33348563
8473	8474	1	0.37287667
8473	8474	2	0.29363763
8473	8475	0	0.36606097
8473	8475	1	0.3729565
8473	8475	2	0.26098257
8474	8475	0	0.35798043
8474	8475	1	0.39495993
8474	8475	2	0.24705966
8474	8476	0	0.3602568
8474	8476	1	0.43117583
8474	8476	2	0.20856734
8475	8476	0	0.34121406
8475	8476	1	0.39708722
8475	8476	2	0.26169872
8475	8477	0	0.32230532
8475	8477	1	0.41805065
8475	8477	2	0.2596441
8476	8477	0	0.31169122
8476	8477	1	0.41534033
8476	8477	2	0.2729684
8478	8479	0	0.3448797
8478	8479	1	0.32458544
8478	8479	2	0.33053488
8478	8480	0	0.32734346
8478	8480	1	0.30107862
8478	8480	2	0.37157792
8478	8481	0	0.33027446
8478	8481	1	0.3325261
8478	8481	2	0.3371995
8479	8480	0	0.30774418
8479	8480	1	0.33785307
8479	8480	2	0.35440278
8479	8481	0	0.40393913
8479	8481	1	0.29289085
8479	8481	2	0.30317008
8480	8481	0	0.28488296
8480	8481	1	0.37652674
8480	8481	2	0.3385903
8479	8482	0	0.3062971
8479	8482	1	0.47010577
8479	8482	2	0.22359714
8480	8482	0	0.2904601
8480	8482	1	0.43040043
8480	8482	2	0.27913946
8481	8482	0	0.36992145
8481	8482	1	0.37121248
8481	8482	2	0.25886607
8482	8483	0	0.34057462
8482	8483	1	0.37471262
8482	8483	2	0.2847128
8483	8484	0	0.35595855
8483	8484	1	0.31143704
8483	8484	2	0.33260447
8484	8485	0	0.30632296
8484	8485	1	0.48743245
8484	8485	2	0.20624456
8484	8486	0	0.29673672
8484	8486	1	0.39624333
8484	8486	2	0.30701992
8485	8486	0	0.33193895
8485	8486	1	0.3488204
8485	8486	2	0.31924063
8485	8487	0	0.40395558
8485	8487	1	0.3094278
8485	8487	2	0.2866166
8485	8488	0	0.3588717
8485	8488	1	0.35705402
8485	8488	2	0.28407428
8486	8487	0	0.3881087
8486	8487	1	0.28483626
8486	8487	2	0.32705504
8486	8488	0	0.36105543
8486	8488	1	0.2688575
8486	8488	2	0.37008706
8487	8488	0	0.3150347
8487	8488	1	0.33145982
8487	8488	2	0.35350555
8487	8489	0	0.3795026
8487	8489	1	0.29484802
8487	8489	2	0.32564938
8488	8489	0	0.30669504
8488	8489	1	0.32895762
8488	8489	2	0.3643473
8489	8490	0	0.36422396
8489	8490	1	0.34944463
8489	8490	2	0.28633142
8489	8491	0	0.41690534
8489	8491	1	0.37484798
8489	8491	2	0.20824671
8490	8491	0	0.30632305
8490	8491	1	0.4874324
8490	8491	2	0.20624454
8490	8492	0	0.3404436
8490	8492	1	0.3815301
8490	8492	2	0.27802628
8491	8492	0	0.37641478
8491	8492	1	0.34015897
8491	8492	2	0.28342625
8493	8494	0	0.3264697
8493	8494	1	0.3870386
8493	8494	2	0.28649175
8493	8495	0	0.32234025
8493	8495	1	0.36906248
8493	8495	2	0.3085973
8494	8495	0	0.30277786
8494	8495	1	0.41342607
8494	8495	2	0.2837961
8493	8496	0	0.3502673
8493	8496	1	0.37767023
8493	8496	2	0.2720625
8494	8496	0	0.29459816
8494	8496	1	0.42860293
8494	8496	2	0.27679893
8495	8496	0	0.3353325
8495	8496	1	0.38703594
8495	8496	2	0.27763155
8496	8497	0	0.31929976
8496	8497	1	0.4558863
8496	8497	2	0.22481394
8496	8498	0	0.28641176
8496	8498	1	0.46800596
8496	8498	2	0.24558227
8496	8499	0	0.3156913
8496	8499	1	0.41926908
8496	8499	2	0.26503956
8496	8500	0	0.32336092
8496	8500	1	0.41515553
8496	8500	2	0.2614835
8497	8498	0	0.34498772
8497	8498	1	0.41365796
8497	8498	2	0.24134499
8497	8499	0	0.35984725
8497	8499	1	0.39683777
8497	8499	2	0.24330352
8497	8500	0	0.35884959
8497	8500	1	0.37101775
8497	8500	2	0.2701211
8498	8499	0	0.35146648
8498	8499	1	0.4216479
8498	8499	2	0.22687449
8498	8500	0	0.28741363
8498	8500	1	0.42610064
8498	8500	2	0.28647533
8499	8500	0	0.28562516
8499	8500	1	0.41433892
8499	8500	2	0.30002454
8497	8501	0	0.267124
8497	8501	1	0.40935186
8497	8501	2	0.32352412
8498	8501	0	0.27649277
8498	8501	1	0.42203712
8498	8501	2	0.3014701
8499	8501	0	0.24875814
8499	8501	1	0.41720694
8499	8501	2	0.33403498
8500	8501	0	0.22141343
8500	8501	1	0.41728505
8500	8501	2	0.36130145
8501	8502	0	0.26892412
8501	8502	1	0.39675692
8501	8502	2	0.33431894
8501	8503	0	0.2286219
8501	8503	1	0.39762896
8501	8503	2	0.37374917
8501	8504	0	0.29626393
8501	8504	1	0.3699388
8501	8504	2	0.33379725
8502	8503	0	0.20493479
8502	8503	1	0.4055192
8502	8503	2	0.38954607
8502	8504	0	0.22684628
8502	8504	1	0.43112957
8502	8504	2	0.34202412
8503	8504	0	0.26598686
8503	8504	1	0.39876735
8503	8504	2	0.33524582
8505	8506	0	0.26690793
8505	8506	1	0.44413933
8505	8506	2	0.28895277
8506	8507	0	0.34538886
8506	8507	1	0.3545499
8506	8507	2	0.30006123
8506	8508	0	0.3239196
8506	8508	1	0.39977038
8506	8508	2	0.27631003
8507	8508	0	0.37675634
8507	8508	1	0.34535104
8507	8508	2	0.2778926
8507	8509	0	0.34770966
8507	8509	1	0.37278008
8507	8509	2	0.27951026
8508	8509	0	0.32632947
8508	8509	1	0.38722077
8508	8509	2	0.28644973
8509	8510	0	0.31618607
8509	8510	1	0.39602038
8509	8510	2	0.28779358
8510	8511	0	0.3078394
8510	8511	1	0.42274255
8510	8511	2	0.26941806
8510	8512	0	0.26798952
8510	8512	1	0.465132
8510	8512	2	0.2668785
8510	8513	0	0.28011742
8510	8513	1	0.46593994
8510	8513	2	0.25394264
8511	8512	0	0.34800115
8511	8512	1	0.3751656
8511	8512	2	0.27683297
8511	8513	0	0.35958397
8511	8513	1	0.40574428
8511	8513	2	0.2346713
8512	8513	0	0.2758286
8512	8513	1	0.43172026
8512	8513	2	0.29245093
8511	8514	0	0.423076
8511	8514	1	0.34934053
8511	8514	2	0.2275835
8511	8515	0	0.4007211
8511	8515	1	0.28139824
8511	8515	2	0.3178807
8512	8514	0	0.34342313
8512	8514	1	0.389404
8512	8514	2	0.26717287
8512	8515	0	0.3330847
8512	8515	1	0.29226267
8512	8515	2	0.37465262
8513	8514	0	0.3123647
8513	8514	1	0.4259472
8513	8514	2	0.2616881
8513	8515	0	0.32122666
8513	8515	1	0.3206128
8513	8515	2	0.3581605
8514	8515	0	0.37887436
8514	8515	1	0.27683547
8514	8515	2	0.3442901
8514	8516	0	0.36641502
8514	8516	1	0.38596547
8514	8516	2	0.24761952
8514	8517	0	0.37530035
8514	8517	1	0.36055923
8514	8517	2	0.2641404
8515	8516	0	0.38134402
8515	8516	1	0.43558887
8515	8516	2	0.18306708
8515	8518	0	0.35937434
8515	8518	1	0.43603337
8515	8518	2	0.20459226
8515	8517	0	0.35655525
8515	8517	1	0.4063816
8515	8517	2	0.23706317
8516	8518	0	0.3188289
8516	8518	1	0.39642286
8516	8518	2	0.28474793
8516	8517	0	0.35714552
8516	8517	1	0.3667073
8516	8517	2	0.2761468
8518	8517	0	0.3753003
8518	8517	1	0.36055917
8518	8517	2	0.26414138
8516	8519	0	0.3402825
8516	8519	1	0.39438325
8516	8519	2	0.26533425
8518	8519	0	0.37479
8518	8519	1	0.3780883
8518	8519	2	0.24712166
8517	8519	0	0.3924255
8517	8519	1	0.3908565
8517	8519	2	0.21671799
8519	8520	0	0.4013835
8519	8520	1	0.30874628
8519	8520	2	0.2898702
8521	8522	0	0.32693052
8521	8522	1	0.41882282
8521	8522	2	0.25424662
8521	8523	0	0.39444095
8521	8523	1	0.37501484
8521	8523	2	0.23054416
8522	8523	0	0.36178797
8522	8523	1	0.39371395
8522	8523	2	0.2444981
8522	8524	0	0.2912534
8522	8524	1	0.45728475
8522	8524	2	0.2514619
8522	8525	0	0.31970102
8522	8525	1	0.38275057
8522	8525	2	0.29754835
8522	8526	0	0.332496
8522	8526	1	0.3965733
8522	8526	2	0.27093077
8523	8524	0	0.2777197
8523	8524	1	0.46112993
8523	8524	2	0.26115036
8523	8525	0	0.3446555
8523	8525	1	0.39333326
8523	8525	2	0.2620113
8523	8526	0	0.3412065
8523	8526	1	0.37999085
8523	8526	2	0.2788027
8524	8525	0	0.27442488
8524	8525	1	0.47016072
8524	8525	2	0.25541407
8524	8526	0	0.2628524
8524	8526	1	0.4691711
8524	8526	2	0.26797605
8525	8526	0	0.29457608
8525	8526	1	0.45239606
8525	8526	2	0.25302753
8524	8527	0	0.30145478
8524	8527	1	0.46889502
8524	8527	2	0.22965017
8525	8527	0	0.3208953
8525	8527	1	0.4337272
8525	8527	2	0.24537748
8526	8527	0	0.3037042
8526	8527	1	0.44052967
8526	8527	2	0.25576615
8527	8528	0	0.32490253
8527	8528	1	0.41512102
8527	8528	2	0.2599764
8527	8529	0	0.3299312
8527	8529	1	0.39781737
8527	8529	2	0.27225143
8527	8530	0	0.34411696
8527	8530	1	0.35778588
8527	8530	2	0.29809713
8528	8529	0	0.37105626
8528	8529	1	0.345309
8528	8529	2	0.2836773
8528	8530	0	0.3509909
8528	8530	1	0.37164104
8528	8530	2	0.2774134
8529	8530	0	0.31849596
8529	8530	1	0.3791528
8529	8530	2	0.30239496
8528	8531	0	0.39024308
8528	8531	1	0.34836292
8528	8531	2	0.26139402
8528	8532	0	0.3667074
8528	8532	1	0.31980914
8528	8532	2	0.31348348
8529	8533	0	0.298621
8529	8533	1	0.47417852
8529	8533	2	0.22720048
8529	8531	0	0.33775228
8529	8531	1	0.38290557
8529	8531	2	0.2793421
8529	8532	0	0.31626868
8529	8532	1	0.38219696
8529	8532	2	0.30153435
8530	8533	0	0.28354746
8530	8533	1	0.44983453
8530	8533	2	0.26661795
8530	8531	0	0.325309
8530	8531	1	0.39063185
8530	8531	2	0.2840591
8530	8532	0	0.278606
8530	8532	1	0.38693434
8530	8532	2	0.33445966
8533	8531	0	0.39024305
8533	8531	1	0.3483629
8533	8531	2	0.26139405
8533	8532	0	0.36670744
8533	8532	1	0.31980917
8533	8532	2	0.31348348
8531	8532	0	0.29562467
8531	8532	1	0.38566977
8531	8532	2	0.31870556
8533	8534	0	0.40947914
8533	8534	1	0.35388345
8533	8534	2	0.23663744
8533	8535	0	0.33919385
8533	8535	1	0.43285742
8533	8535	2	0.22794873
8533	8536	0	0.39608467
8533	8536	1	0.36565292
8533	8536	2	0.23826246
8531	8534	0	0.34451243
8531	8534	1	0.40587306
8531	8534	2	0.2496145
8531	8535	0	0.296203
8531	8535	1	0.4544091
8531	8535	2	0.24938792
8531	8536	0	0.37677398
8531	8536	1	0.38986963
8531	8536	2	0.23335642
8532	8534	0	0.35923952
8532	8534	1	0.40609622
8532	8534	2	0.23466425
8532	8535	0	0.2978214
8532	8535	1	0.4765054
8532	8535	2	0.22567326
8532	8536	0	0.375581
8532	8536	1	0.3910547
8532	8536	2	0.23336436
8534	8535	0	0.28226304
8534	8535	1	0.45709634
8534	8535	2	0.26064062
8534	8536	0	0.33386123
8534	8536	1	0.41098228
8534	8536	2	0.25515652
8535	8536	0	0.3549456
8535	8536	1	0.3892177
8535	8536	2	0.2558367
8534	8537	0	0.3323412
8534	8537	1	0.41193795
8534	8537	2	0.25572085
8535	8537	0	0.35500032
8535	8537	1	0.38945633
8535	8537	2	0.25554335
8536	8537	0	0.34938532
8536	8537	1	0.36617577
8536	8537	2	0.2844389
8538	8539	0	0.34564444
8538	8539	1	0.42389178
8538	8539	2	0.23046377
8539	8540	0	0.303545
8539	8540	1	0.39875096
8539	8540	2	0.29770404
8539	8541	0	0.30608752
8539	8541	1	0.37535384
8539	8541	2	0.31855857
8540	8541	0	0.29993838
8540	8541	1	0.43078783
8540	8541	2	0.26927376
8540	8542	0	0.2555542
8540	8542	1	0.47616667
8540	8542	2	0.2682791
8540	8543	0	0.29993838
8540	8543	1	0.43078792
8540	8543	2	0.2692737
8541	8542	0	0.30421206
8541	8542	1	0.41531375
8541	8542	2	0.2804742
8542	8543	0	0.30442172
8542	8543	1	0.41773045
8542	8543	2	0.27784777
8542	8544	0	0.30843294
8542	8544	1	0.42542452
8542	8544	2	0.2661426
8542	8545	0	0.3444229
8542	8545	1	0.3789876
8542	8545	2	0.27658945
8543	8544	0	0.32942
8543	8544	1	0.43037254
8543	8544	2	0.24020748
8543	8545	0	0.37336737
8543	8545	1	0.37220573
8543	8545	2	0.25442696
8544	8545	0	0.3797763
8544	8545	1	0.3310634
8544	8545	2	0.28916034
8544	8546	0	0.3653322
8544	8546	1	0.36979634
8544	8546	2	0.26487145
8545	8546	0	0.359051
8545	8546	1	0.40404963
8545	8546	2	0.23689935
8547	8548	0	0.39758992
8547	8548	1	0.35320473
8547	8548	2	0.24920532
8547	8549	0	0.3764972
8547	8549	1	0.38475257
8547	8549	2	0.23875017
8547	8550	0	0.36397487
8547	8550	1	0.3441133
8547	8550	2	0.29191178
8548	8549	0	0.3727551
8548	8549	1	0.34184203
8548	8549	2	0.2854029
8548	8550	0	0.3705436
8548	8550	1	0.3141423
8548	8550	2	0.3153141
8549	8550	0	0.39222246
8549	8550	1	0.33565164
8549	8550	2	0.2721259
8549	8551	0	0.37978137
8549	8551	1	0.31924337
8549	8551	2	0.30097526
8550	8551	0	0.35960793
8550	8551	1	0.35187072
8550	8551	2	0.28852135
8552	8553	0	0.35818827
8552	8553	1	0.3815667
8552	8553	2	0.26024503
8552	8554	0	0.37406877
8552	8554	1	0.3201065
8552	8554	2	0.30582476
8553	8554	0	0.35429198
8553	8554	1	0.35804027
8553	8554	2	0.28766775
8553	8555	0	0.3584956
8553	8555	1	0.3855418
8553	8555	2	0.2559626
8554	8555	0	0.35785598
8554	8555	1	0.40308285
8554	8555	2	0.23906118
8555	8556	0	0.36439002
8555	8556	1	0.30287686
8555	8556	2	0.33273304
8555	8557	0	0.37057924
8555	8557	1	0.33432248
8555	8557	2	0.29509825
8558	8556	0	0.36439013
8558	8556	1	0.30287695
8558	8556	2	0.33273292
8558	8557	0	0.3705793
8558	8557	1	0.33432245
8558	8557	2	0.29509822
8556	8557	0	0.33681166
8556	8557	1	0.4245988
8556	8557	2	0.23858953
8558	8559	0	0.3760668
8558	8559	1	0.32377207
8558	8559	2	0.30016112
8556	8559	0	0.32771462
8556	8559	1	0.40193313
8556	8559	2	0.27035224
8557	8559	0	0.29971474
8557	8559	1	0.39934096
8557	8559	2	0.30094427
8560	8561	0	0.32501605
8560	8561	1	0.42601225
8560	8561	2	0.24897172
8560	8562	0	0.38860726
8560	8562	1	0.37593395
8560	8562	2	0.23545876
8561	8562	0	0.44326037
8561	8562	1	0.29863068
8561	8562	2	0.25810897
8562	8563	0	0.38599697
8562	8563	1	0.3580794
8562	8563	2	0.2559236
8562	8564	0	0.39537206
8562	8564	1	0.34929842
8562	8564	2	0.25532946
8563	8564	0	0.32323235
8563	8564	1	0.38877606
8563	8564	2	0.28799158
8565	8566	0	0.32043552
8565	8566	1	0.3882576
8565	8566	2	0.2913069
8565	8567	0	0.25482225
8565	8567	1	0.4561384
8565	8567	2	0.2890394
8566	8568	0	0.32327732
8566	8568	1	0.3895253
8566	8568	2	0.28719738
8566	8567	0	0.28400895
8566	8567	1	0.46871912
8566	8567	2	0.24727187
8568	8567	0	0.25482213
8568	8567	1	0.4561385
8568	8567	2	0.28903934
8568	8569	0	0.3280174
8568	8569	1	0.3263498
8568	8569	2	0.34563285
8567	8569	0	0.32059306
8567	8569	1	0.3237426
8567	8569	2	0.35566437
8570	8571	0	0.30212027
8570	8571	1	0.43685073
8570	8571	2	0.261029
8570	8572	0	0.32911462
8570	8572	1	0.40094018
8570	8572	2	0.26994526
8570	8573	0	0.32778832
8570	8573	1	0.40510195
8570	8573	2	0.26710975
8571	8572	0	0.30150428
8571	8572	1	0.40417686
8571	8572	2	0.29431885
8571	8573	0	0.28535283
8571	8573	1	0.43215328
8571	8573	2	0.28249395
8572	8573	0	0.33660245
8572	8573	1	0.38418567
8572	8573	2	0.27921194
8572	8574	0	0.381891
8572	8574	1	0.3663485
8572	8574	2	0.25176045
8572	8575	0	0.3618757
8572	8575	1	0.38932127
8572	8575	2	0.24880305
8572	8576	0	0.3333692
8572	8576	1	0.40286595
8572	8576	2	0.26376486
8573	8574	0	0.3786266
8573	8574	1	0.3414016
8573	8574	2	0.27997172
8573	8575	0	0.34297395
8573	8575	1	0.35107028
8573	8575	2	0.30595583
8573	8576	0	0.33080405
8573	8576	1	0.3457253
8573	8576	2	0.32347065
8574	8575	0	0.34230375
8574	8575	1	0.37789524
8574	8575	2	0.279801
8574	8576	0	0.31868124
8574	8576	1	0.38775063
8574	8576	2	0.2935681
8575	8576	0	0.31891006
8575	8576	1	0.38847268
8575	8576	2	0.29261723
8574	8577	0	0.33147758
8574	8577	1	0.36412495
8574	8577	2	0.30439746
8575	8577	0	0.29442388
8575	8577	1	0.40877128
8575	8577	2	0.29680485
8576	8577	0	0.30105865
8576	8577	1	0.3478829
8576	8577	2	0.35105842
8577	8578	0	0.3424055
8577	8578	1	0.377747
8577	8578	2	0.27984744
8579	8580	0	0.3045773
8579	8580	1	0.41127747
8579	8580	2	0.28414524
8579	8581	0	0.3779651
8579	8581	1	0.327191
8579	8581	2	0.29484397
8579	8582	0	0.37397268
8579	8582	1	0.33148396
8579	8582	2	0.29454333
8579	8583	0	0.38151926
8579	8583	1	0.3633814
8579	8583	2	0.25509933
8580	8581	0	0.32289338
8580	8581	1	0.3937726
8580	8581	2	0.28333402
8580	8582	0	0.33117995
8580	8582	1	0.37713644
8580	8582	2	0.29168364
8580	8583	0	0.373955
8580	8583	1	0.35166317
8580	8583	2	0.27438176
8581	8582	0	0.34158605
8581	8582	1	0.37382984
8581	8582	2	0.28458402
8581	8583	0	0.4141262
8581	8583	1	0.3458823
8581	8583	2	0.23999153
8582	8583	0	0.4164629
8582	8583	1	0.35801515
8582	8583	2	0.22552198
8581	8584	0	0.3462921
8581	8584	1	0.35837144
8581	8584	2	0.29533643
8582	8584	0	0.35194772
8582	8584	1	0.32856286
8582	8584	2	0.31948936
8583	8584	0	0.3577696
8583	8584	1	0.32896164
8583	8584	2	0.31326878
8584	8585	0	0.35504335
8584	8585	1	0.40161046
8584	8585	2	0.24334621
8585	8586	0	0.33827096
8585	8586	1	0.35697737
8585	8586	2	0.30475163
8585	8587	0	0.29710358
8585	8587	1	0.42417812
8585	8587	2	0.27871835
8586	8587	0	0.32512432
8586	8587	1	0.42559552
8586	8587	2	0.24928018
8588	8589	0	0.31962252
8588	8589	1	0.38714057
8588	8589	2	0.2932369
8588	8590	0	0.31609726
8588	8590	1	0.35779917
8588	8590	2	0.32610357
8589	8590	0	0.37296122
8589	8590	1	0.32047072
8589	8590	2	0.30656803
8591	8592	0	0.31827277
8591	8592	1	0.42415372
8591	8592	2	0.2575735
8591	8593	0	0.32114494
8591	8593	1	0.40662697
8591	8593	2	0.27222812
8591	8594	0	0.29421717
8591	8594	1	0.43414086
8591	8594	2	0.27164203
8592	8593	0	0.29648814
8592	8593	1	0.38283
8592	8593	2	0.3206819
8592	8594	0	0.30600744
8592	8594	1	0.37942088
8592	8594	2	0.31457174
8593	8594	0	0.34374082
8593	8594	1	0.40246218
8593	8594	2	0.25379694
8593	8595	0	0.40914142
8593	8595	1	0.36855087
8593	8595	2	0.22230774
8593	8596	0	0.38435802
8593	8596	1	0.3644207
8593	8596	2	0.25122127
8593	8597	0	0.3507169
8593	8597	1	0.4124391
8593	8597	2	0.23684406
8594	8595	0	0.37444067
8594	8595	1	0.39623666
8594	8595	2	0.22932267
8594	8596	0	0.389861
8594	8596	1	0.34364527
8594	8596	2	0.2664938
8594	8597	0	0.29167193
8594	8597	1	0.46147668
8594	8597	2	0.24685143
8595	8596	0	0.3443455
8595	8596	1	0.38344765
8595	8596	2	0.27220646
8595	8597	0	0.24561007
8595	8597	1	0.4849461
8595	8597	2	0.26944345
8596	8597	0	0.30440274
8596	8597	1	0.4544134
8596	8597	2	0.24118352
8595	8598	0	0.30747053
8595	8598	1	0.38009846
8595	8598	2	0.31243104
8596	8598	0	0.32852852
8596	8598	1	0.38288295
8596	8598	2	0.2885885
8597	8598	0	0.38202378
8597	8598	1	0.33743584
8597	8598	2	0.28054035
8598	8599	0	0.3251598
8598	8599	1	0.40981138
8598	8599	2	0.26502883
8598	8600	0	0.3375877
8598	8600	1	0.4202748
8598	8600	2	0.24213749
8599	8600	0	0.29969388
8599	8600	1	0.45338422
8599	8600	2	0.24692193
8600	8601	0	0.32828793
8600	8601	1	0.42932388
8600	8601	2	0.24238819
8601	8602	0	0.3448187
8601	8602	1	0.38196212
8601	8602	2	0.27321914
8601	8603	0	0.31797218
8601	8603	1	0.4186607
8601	8603	2	0.26336715
8601	8604	0	0.26685905
8601	8604	1	0.47072884
8601	8604	2	0.26241207
8602	8603	0	0.41602746
8602	8603	1	0.32474425
8602	8603	2	0.25922832
8602	8604	0	0.34322214
8602	8604	1	0.41101885
8602	8604	2	0.24575898
8603	8604	0	0.24437648
8603	8604	1	0.45793414
8603	8604	2	0.29768944
8602	8605	0	0.34172088
8602	8605	1	0.3464685
8602	8605	2	0.3118106
8603	8605	0	0.35491705
8603	8605	1	0.3648811
8603	8605	2	0.28020188
8604	8605	0	0.29099423
8604	8605	1	0.44086415
8604	8605	2	0.26814163
8605	8606	0	0.27970865
8605	8606	1	0.40105355
8605	8606	2	0.31923783
8606	8607	0	0.37498856
8606	8607	1	0.35686922
8606	8607	2	0.26814228
8606	8608	0	0.37627107
8606	8608	1	0.36643606
8606	8608	2	0.25729293
8607	8608	0	0.33723658
8607	8608	1	0.30866617
8607	8608	2	0.35409686
8607	8609	0	0.40307003
8607	8609	1	0.33675957
8607	8609	2	0.26017046
8607	8610	0	0.38610965
8607	8610	1	0.2915395
8607	8610	2	0.32235086
8607	8611	0	0.34210312
8607	8611	1	0.3433357
8607	8611	2	0.31456113
8608	8609	0	0.36954153
8608	8609	1	0.34932578
8608	8609	2	0.2811327
8608	8610	0	0.35184053
8608	8610	1	0.322133
8608	8610	2	0.32602644
8608	8611	0	0.33958644
8608	8611	1	0.34072965
8608	8611	2	0.31968388
8609	8610	0	0.31940502
8609	8610	1	0.35507578
8609	8610	2	0.32551974
8609	8611	0	0.31987876
8609	8611	1	0.37672788
8609	8611	2	0.3033931
8610	8611	0	0.27314818
8610	8611	1	0.44045308
8610	8611	2	0.2863996
8609	8612	0	0.3106879
8609	8612	1	0.34500194
8609	8612	2	0.3443102
8609	8613	0	0.28936905
8609	8613	1	0.3779024
8609	8613	2	0.33272862
8609	8614	0	0.3318065
8609	8614	1	0.39006716
8609	8614	2	0.27812636
8610	8612	0	0.32176268
8610	8612	1	0.36830586
8610	8612	2	0.30993152
8610	8613	0	0.2955118
8610	8613	1	0.39463773
8610	8613	2	0.3098504
8610	8614	0	0.30426818
8610	8614	1	0.44125238
8610	8614	2	0.25447947
8611	8612	0	0.374116
8611	8612	1	0.33254212
8611	8612	2	0.2933419
8611	8613	0	0.3381589
8611	8613	1	0.34642005
8611	8613	2	0.3154211
8611	8614	0	0.3627206
8611	8614	1	0.39459762
8611	8614	2	0.24268177
8612	8613	0	0.3154604
8612	8613	1	0.37939122
8612	8613	2	0.3051483
8612	8614	0	0.35165614
8612	8614	1	0.3931116
8612	8614	2	0.25523227
8613	8614	0	0.2922067
8613	8614	1	0.4006302
8613	8614	2	0.30716312
8612	8615	0	0.3244421
8612	8615	1	0.41911665
8612	8615	2	0.2564412
8612	8616	0	0.32167172
8612	8616	1	0.42566973
8612	8616	2	0.25265855
8612	8617	0	0.27326602
8612	8617	1	0.4369015
8612	8617	2	0.28983247
8613	8615	0	0.3125298
8613	8615	1	0.40622157
8613	8615	2	0.28124863
8613	8616	0	0.29344335
8613	8616	1	0.4417803
8613	8616	2	0.26477635
8613	8617	0	0.2706523
8613	8617	1	0.40119535
8613	8617	2	0.32815236
8614	8615	0	0.34492862
8614	8615	1	0.38490456
8614	8615	2	0.2701668
8614	8616	0	0.33658707
8614	8616	1	0.4006159
8614	8616	2	0.26279706
8614	8617	0	0.2933247
8614	8617	1	0.3835857
8614	8617	2	0.3230897
8615	8616	0	0.30852422
8615	8616	1	0.47580218
8615	8616	2	0.21567364
8615	8617	0	0.29950982
8615	8617	1	0.43775836
8615	8617	2	0.26273185
8616	8617	0	0.29651505
8616	8617	1	0.4380054
8616	8617	2	0.2654795
8618	8619	0	0.36543572
8618	8619	1	0.42453456
8618	8619	2	0.21002972
8618	8620	0	0.33550656
8618	8620	1	0.4201501
8618	8620	2	0.24434337
8619	8620	0	0.30569768
8619	8620	1	0.4131867
8619	8620	2	0.28111565
8619	8621	0	0.39375746
8619	8621	1	0.3561883
8619	8621	2	0.25005424
8619	8622	0	0.32193148
8619	8622	1	0.36243287
8619	8622	2	0.3156356
8620	8621	0	0.39052722
8620	8621	1	0.3875456
8620	8621	2	0.22192718
8620	8622	0	0.3724501
8620	8622	1	0.3332166
8620	8622	2	0.29433328
8621	8622	0	0.35766953
8621	8622	1	0.34275517
8621	8622	2	0.29957533
8621	8623	0	0.36257324
8621	8623	1	0.34843928
8621	8623	2	0.28898746
8621	8624	0	0.33609414
8621	8624	1	0.34880263
8621	8624	2	0.31510323
8621	8625	0	0.371157
8621	8625	1	0.3389206
8621	8625	2	0.28992242
8622	8623	0	0.3672663
8622	8623	1	0.3504398
8622	8623	2	0.2822939
8622	8624	0	0.33918592
8622	8624	1	0.37925822
8622	8624	2	0.28155586
8622	8625	0	0.38060576
8622	8625	1	0.34234068
8622	8625	2	0.27705362
8623	8624	0	0.32241157
8623	8624	1	0.41286597
8623	8624	2	0.26472247
8623	8625	0	0.36790097
8623	8625	1	0.35912484
8623	8625	2	0.27297422
8624	8625	0	0.36850488
8624	8625	1	0.3346321
8624	8625	2	0.29686305
8623	8626	0	0.3464047
8623	8626	1	0.3807871
8623	8626	2	0.2728082
8624	8626	0	0.37255615
8624	8626	1	0.38060096
8624	8626	2	0.24684286
8625	8626	0	0.34793866
8625	8626	1	0.37917644
8625	8626	2	0.2728849
8244	8248	0	0.33333346
8248	8244	0	0.33333325
8244	8248	1	0.3333332
8248	8244	1	0.33333343
8244	8248	2	0.33333328
8248	8244	2	0.33333328
8244	8247	0	0.33333337
8247	8244	0	0.33333337
8244	8247	1	0.33333337
8247	8244	1	0.33333337
8244	8247	2	0.33333334
8247	8244	2	0.3333333
8245	8249	0	0.33333337
8249	8245	0	0.33333337
8245	8249	1	0.33333337
8249	8245	1	0.33333337
8245	8249	2	0.33333322
8249	8245	2	0.3333332
8245	8250	0	0.33333334
8250	8245	0	0.33333337
8245	8250	1	0.33333337
8250	8245	1	0.33333334
8245	8250	2	0.33333337
8250	8245	2	0.33333334
8245	8251	0	0.33333337
8251	8245	0	0.33333334
8245	8251	1	0.3333333
8251	8245	1	0.33333337
8245	8251	2	0.33333337
8251	8245	2	0.33333337
8246	8249	0	0.33333334
8249	8246	0	0.33333337
8246	8249	1	0.33333337
8249	8246	1	0.3333333
8246	8249	2	0.33333337
8249	8246	2	0.3333333
8246	8250	0	0.33333337
8250	8246	0	0.33333334
8246	8250	1	0.33333334
8250	8246	1	0.33333337
8246	8250	2	0.3333333
8250	8246	2	0.3333333
8246	8251	0	0.33333337
8251	8246	0	0.33333334
8246	8251	1	0.33333334
8251	8246	1	0.33333337
8246	8251	2	0.33333334
8251	8246	2	0.3333333
8250	8251	0	0.33333337
8251	8250	0	0.33333337
8250	8251	1	0.33333337
8251	8250	1	0.33333337
8250	8251	2	0.3333332
8251	8250	2	0.3333332
8252	8256	0	0.33333334
8256	8252	0	0.33333337
8252	8256	1	0.33333334
8256	8252	1	0.33333337
8252	8256	2	0.3333333
8256	8252	2	0.3333333
8252	8254	0	0.33333334
8254	8252	0	0.33333337
8252	8254	1	0.33333337
8254	8252	1	0.33333334
8252	8254	2	0.33333325
8254	8252	2	0.33333325
8252	8255	0	0.33333337
8255	8252	0	0.33333343
8252	8255	1	0.33333343
8255	8252	1	0.33333337
8252	8255	2	0.33333325
8255	8252	2	0.33333325
8253	8257	0	0.33333325
8257	8253	0	0.33333346
8253	8257	1	0.3333335
8257	8253	1	0.33333328
8253	8257	2	0.33333328
8257	8253	2	0.33333325
8258	8261	0	0.33333337
8261	8258	0	0.33333337
8258	8261	1	0.33333337
8261	8258	1	0.33333337
8258	8261	2	0.33333325
8261	8258	2	0.33333328
8258	8262	0	0.33333325
8262	8258	0	0.33333346
8258	8262	1	0.33333346
8262	8258	1	0.33333325
8258	8262	2	0.33333322
8262	8258	2	0.33333322
8259	8261	0	0.33333337
8261	8259	0	0.33333334
8259	8261	1	0.33333334
8261	8259	1	0.33333337
8259	8261	2	0.33333325
8261	8259	2	0.33333325
8259	8262	0	0.33333337
8262	8259	0	0.3333333
8259	8262	1	0.3333333
8262	8259	1	0.33333337
8259	8262	2	0.33333328
8262	8259	2	0.33333325
8263	8265	0	0.33333337
8265	8263	0	0.33333334
8263	8265	1	0.3333333
8265	8263	1	0.33333337
8263	8265	2	0.33333325
8265	8263	2	0.33333328
8264	8266	0	0.33333337
8266	8264	0	0.33333337
8264	8266	1	0.33333334
8266	8264	1	0.3333334
8264	8266	2	0.33333325
8266	8264	2	0.33333328
8269	8275	0	0.33333337
8275	8269	0	0.33333337
8269	8275	1	0.33333337
8275	8269	1	0.33333337
8269	8275	2	0.33333325
8275	8269	2	0.33333325
8269	8276	0	0.33333337
8276	8269	0	0.33333337
8269	8276	1	0.33333334
8276	8269	1	0.3333334
8269	8276	2	0.33333328
8276	8269	2	0.33333328
8269	8277	0	0.33333337
8277	8269	0	0.3333333
8269	8277	1	0.33333328
8277	8269	1	0.33333337
8269	8277	2	0.3333334
8277	8269	2	0.33333337
8269	8278	0	0.33333322
8278	8269	0	0.3333333
8269	8278	1	0.33333337
8278	8269	1	0.3333332
8269	8278	2	0.33333337
8278	8269	2	0.33333346
8270	8275	0	0.33333337
8275	8270	0	0.33333334
8270	8275	1	0.33333334
8275	8270	1	0.33333337
8270	8275	2	0.33333337
8275	8270	2	0.3333333
8270	8276	0	0.3333333
8276	8270	0	0.33333337
8270	8276	1	0.33333337
8276	8270	1	0.33333334
8270	8276	2	0.33333325
8276	8270	2	0.33333325
8270	8277	0	0.33333337
8277	8270	0	0.33333337
8270	8277	1	0.33333337
8277	8270	1	0.3333334
8270	8277	2	0.33333325
8277	8270	2	0.33333328
8270	8278	0	0.3333333
8278	8270	0	0.33333334
8270	8278	1	0.3333333
8278	8270	1	0.33333334
8270	8278	2	0.33333337
8278	8270	2	0.33333337
8271	8275	0	0.33333337
8275	8271	0	0.33333337
8271	8275	1	0.33333337
8275	8271	1	0.33333337
8271	8275	2	0.33333328
8275	8271	2	0.33333328
8271	8276	0	0.33333337
8276	8271	0	0.33333337
8271	8276	1	0.33333337
8276	8271	1	0.33333337
8271	8276	2	0.3333333
8276	8271	2	0.3333333
8271	8277	0	0.33333334
8277	8271	0	0.33333337
8271	8277	1	0.33333337
8277	8271	1	0.3333333
8271	8277	2	0.3333333
8277	8271	2	0.33333325
8271	8278	0	0.3333334
8278	8271	0	0.33333337
8271	8278	1	0.33333337
8278	8271	1	0.3333334
8271	8278	2	0.33333328
8278	8271	2	0.33333328
8272	8275	0	0.33333337
8275	8272	0	0.33333337
8272	8275	1	0.33333337
8275	8272	1	0.33333334
8272	8275	2	0.3333333
8275	8272	2	0.3333333
8272	8276	0	0.33333337
8276	8272	0	0.33333337
8272	8276	1	0.33333337
8276	8272	1	0.33333334
8272	8276	2	0.3333333
8276	8272	2	0.3333333
8272	8277	0	0.33333334
8277	8272	0	0.33333337
8272	8277	1	0.33333337
8277	8272	1	0.33333334
8272	8277	2	0.33333334
8277	8272	2	0.33333334
8272	8278	0	0.33333337
8278	8272	0	0.33333334
8272	8278	1	0.33333334
8278	8272	1	0.33333337
8272	8278	2	0.33333328
8278	8272	2	0.33333328
8273	8279	0	0.33333337
8279	8273	0	0.33333334
8273	8279	1	0.33333334
8279	8273	1	0.33333337
8273	8279	2	0.33333334
8279	8273	2	0.33333337
8273	8280	0	0.33333337
8280	8273	0	0.33333325
8273	8280	1	0.33333325
8280	8273	1	0.33333334
8273	8280	2	0.3333333
8280	8273	2	0.33333334
8273	8281	0	0.33333308
8281	8273	0	0.3333335
8273	8281	1	0.3333335
8281	8273	1	0.33333313
8273	8281	2	0.33333343
8281	8273	2	0.33333343
8273	8282	0	0.33333355
8282	8273	0	0.33333302
8273	8282	1	0.33333296
8282	8273	1	0.33333352
8273	8282	2	0.33333343
8282	8273	2	0.33333346
8274	8279	0	0.33333337
8279	8274	0	0.33333337
8274	8279	1	0.33333334
8279	8274	1	0.33333337
8274	8279	2	0.33333325
8279	8274	2	0.33333325
8274	8280	0	0.33333334
8280	8274	0	0.3333333
8274	8280	1	0.3333333
8280	8274	1	0.33333337
8274	8280	2	0.3333333
8280	8274	2	0.33333334
8274	8281	0	0.33333337
8281	8274	0	0.33333334
8274	8281	1	0.3333333
8281	8274	1	0.33333334
8274	8281	2	0.33333334
8281	8274	2	0.3333333
8274	8282	0	0.33333328
8282	8274	0	0.33333328
8274	8282	1	0.33333325
8282	8274	1	0.3333333
8274	8282	2	0.3333334
8282	8274	2	0.3333334
8275	8283	0	0.33333334
8283	8275	0	0.33333334
8275	8283	1	0.3333333
8283	8275	1	0.33333334
8275	8283	2	0.33333337
8283	8275	2	0.33333337
8275	8284	0	0.33333337
8284	8275	0	0.33333313
8275	8284	1	0.33333316
8284	8275	1	0.33333334
8275	8284	2	0.3333335
8284	8275	2	0.3333335
8275	8285	0	0.3333333
8285	8275	0	0.33333322
8275	8285	1	0.3333332
8285	8275	1	0.33333334
8275	8285	2	0.3333335
8285	8275	2	0.3333335
8276	8283	0	0.33333334
8283	8276	0	0.33333337
8276	8283	1	0.33333337
8283	8276	1	0.33333334
8276	8283	2	0.33333334
8283	8276	2	0.33333334
8276	8284	0	0.33333337
8284	8276	0	0.33333334
8276	8284	1	0.33333334
8284	8276	1	0.33333337
8276	8284	2	0.33333337
8284	8276	2	0.3333333
8276	8285	0	0.3333334
8285	8276	0	0.3333332
8276	8285	1	0.3333332
8285	8276	1	0.33333337
8276	8285	2	0.33333343
8285	8276	2	0.3333334
8277	8279	0	0.3333335
8279	8277	0	0.3333335
8277	8279	1	0.3333335
8279	8277	1	0.3333335
8277	8279	2	0.333333
8279	8277	2	0.33333302
8277	8283	0	0.33333337
8283	8277	0	0.33333337
8277	8283	1	0.33333337
8283	8277	1	0.33333334
8277	8283	2	0.3333332
8283	8277	2	0.33333322
8277	8284	0	0.33333334
8284	8277	0	0.33333334
8277	8284	1	0.33333334
8284	8277	1	0.33333334
8277	8284	2	0.33333322
8284	8277	2	0.33333325
8277	8285	0	0.33333334
8285	8277	0	0.33333337
8277	8285	1	0.33333334
8285	8277	1	0.33333337
8277	8285	2	0.3333333
8285	8277	2	0.3333333
8278	8283	0	0.33333334
8283	8278	0	0.33333337
8278	8283	1	0.33333334
8283	8278	1	0.33333337
8278	8283	2	0.33333328
8283	8278	2	0.33333328
8278	8284	0	0.33333334
8284	8278	0	0.33333337
8278	8284	1	0.33333334
8284	8278	1	0.33333337
8278	8284	2	0.3333333
8284	8278	2	0.33333334
8278	8285	0	0.33333337
8285	8278	0	0.3333333
8278	8285	1	0.3333333
8285	8278	1	0.33333337
8278	8285	2	0.33333337
8285	8278	2	0.33333334
8279	8286	0	0.33333313
8286	8279	0	0.33333343
8279	8286	1	0.33333346
8286	8279	1	0.33333313
8279	8286	2	0.33333337
8286	8279	2	0.33333337
8280	8286	0	0.33333325
8286	8280	0	0.33333343
8280	8286	1	0.33333337
8286	8280	1	0.33333325
8280	8286	2	0.33333334
8286	8280	2	0.3333334
8281	8286	0	0.33333337
8286	8281	0	0.33333337
8281	8286	1	0.33333337
8286	8281	1	0.33333337
8281	8286	2	0.3333333
8286	8281	2	0.33333334
8282	8286	0	0.33333337
8286	8282	0	0.33333337
8282	8286	1	0.33333337
8286	8282	1	0.33333337
8282	8286	2	0.33333325
8286	8282	2	0.33333325
8283	8288	0	0.3333334
8288	8283	0	0.33333334
8283	8288	1	0.33333334
8288	8283	1	0.33333337
8283	8288	2	0.33333325
8288	8283	2	0.33333325
8283	8287	0	0.33333337
8287	8283	0	0.33333334
8283	8287	1	0.33333337
8287	8283	1	0.33333334
8283	8287	2	0.33333334
8287	8283	2	0.3333333
8284	8288	0	0.3333333
8288	8284	0	0.33333337
8284	8288	1	0.33333337
8288	8284	1	0.3333333
8284	8288	2	0.33333325
8288	8284	2	0.33333325
8284	8287	0	0.33333337
8287	8284	0	0.33333337
8284	8287	1	0.33333337
8287	8284	1	0.33333337
8284	8287	2	0.33333322
8287	8284	2	0.33333325
8285	8288	0	0.33333337
8288	8285	0	0.33333337
8285	8288	1	0.33333334
8288	8285	1	0.33333337
8285	8288	2	0.33333322
8288	8285	2	0.33333325
8285	8287	0	0.33333334
8287	8285	0	0.33333337
8285	8287	1	0.33333334
8287	8285	1	0.33333337
8285	8287	2	0.33333325
8287	8285	2	0.33333322
8289	8295	0	0.33333355
8295	8289	0	0.33333313
8289	8295	1	0.33333305
8295	8289	1	0.3333335
8289	8295	2	0.33333334
8295	8289	2	0.33333337
8290	8295	0	0.33333334
8295	8290	0	0.3333333
8290	8295	1	0.33333334
8295	8290	1	0.3333333
8290	8295	2	0.3333333
8295	8290	2	0.33333334
8291	8295	0	0.33333337
8295	8291	0	0.33333337
8291	8295	1	0.33333334
8295	8291	1	0.33333337
8291	8295	2	0.33333325
8295	8291	2	0.3333333
8292	8295	0	0.33333334
8295	8292	0	0.33333337
8292	8295	1	0.33333337
8295	8292	1	0.33333334
8292	8295	2	0.3333333
8295	8292	2	0.3333333
8293	8296	0	0.33333334
8296	8293	0	0.33333334
8293	8296	1	0.33333334
8296	8293	1	0.33333334
8293	8296	2	0.33333325
8296	8293	2	0.33333325
8293	8297	0	0.33333337
8297	8293	0	0.33333337
8293	8297	1	0.33333337
8297	8293	1	0.33333337
8293	8297	2	0.33333322
8297	8293	2	0.33333325
8293	8298	0	0.33333334
8298	8293	0	0.33333334
8293	8298	1	0.33333334
8298	8293	1	0.3333333
8293	8298	2	0.3333333
8298	8293	2	0.3333333
8294	8296	0	0.33333337
8296	8294	0	0.33333337
8294	8296	1	0.33333337
8296	8294	1	0.33333337
8294	8296	2	0.33333334
8296	8294	2	0.33333334
8294	8297	0	0.33333334
8297	8294	0	0.33333337
8294	8297	1	0.33333334
8297	8294	1	0.33333334
8294	8297	2	0.33333322
8297	8294	2	0.33333322
8294	8298	0	0.33333334
8298	8294	0	0.33333337
8294	8298	1	0.33333337
8298	8294	1	0.33333334
8294	8298	2	0.33333325
8298	8294	2	0.33333325
8295	8299	0	0.33333337
8299	8295	0	0.33333337
8295	8299	1	0.33333337
8299	8295	1	0.33333337
8295	8299	2	0.3333333
8299	8295	2	0.3333333
8295	8300	0	0.33333346
8300	8295	0	0.3333333
8295	8300	1	0.3333333
8300	8295	1	0.33333343
8295	8300	2	0.33333325
8300	8295	2	0.33333322
8296	8301	0	0.33333337
8301	8296	0	0.33333337
8296	8301	1	0.3333333
8301	8296	1	0.33333337
8296	8301	2	0.33333325
8301	8296	2	0.33333325
8296	8302	0	0.33333334
8302	8296	0	0.33333337
8296	8302	1	0.33333337
8302	8296	1	0.33333334
8296	8302	2	0.33333322
8302	8296	2	0.33333325
8297	8301	0	0.33333337
8301	8297	0	0.33333334
8297	8301	1	0.33333334
8301	8297	1	0.33333337
8297	8301	2	0.33333325
8301	8297	2	0.33333325
8297	8302	0	0.33333337
8302	8297	0	0.33333337
8297	8302	1	0.33333334
8302	8297	1	0.33333337
8297	8302	2	0.3333333
8302	8297	2	0.33333334
8298	8301	0	0.33333334
8301	8298	0	0.33333334
8298	8301	1	0.33333334
8301	8298	1	0.33333337
8298	8301	2	0.3333333
8301	8298	2	0.3333333
8298	8302	0	0.33333337
8302	8298	0	0.33333334
8298	8302	1	0.33333334
8302	8298	1	0.33333337
8298	8302	2	0.3333333
8302	8298	2	0.3333333
8299	8303	0	0.33333328
8303	8299	0	0.33333343
8299	8303	1	0.33333343
8303	8299	1	0.33333328
8299	8303	2	0.33333325
8303	8299	2	0.33333325
8300	8303	0	0.33333337
8303	8300	0	0.33333334
8300	8303	1	0.33333334
8303	8300	1	0.33333337
8300	8303	2	0.33333322
8303	8300	2	0.33333325
8301	8304	0	0.33333334
8304	8301	0	0.33333334
8301	8304	1	0.3333333
8304	8301	1	0.33333334
8301	8304	2	0.33333328
8304	8301	2	0.33333325
8302	8304	0	0.33333334
8304	8302	0	0.33333337
8302	8304	1	0.33333337
8304	8302	1	0.33333334
8302	8304	2	0.33333322
8304	8302	2	0.33333325
8303	8305	0	0.33333337
8305	8303	0	0.33333337
8303	8305	1	0.33333334
8305	8303	1	0.33333337
8303	8305	2	0.33333328
8305	8303	2	0.33333328
8304	8306	0	0.33333337
8306	8304	0	0.33333337
8304	8306	1	0.33333337
8306	8304	1	0.33333337
8304	8306	2	0.33333328
8306	8304	2	0.33333328
8305	8307	0	0.33333337
8307	8305	0	0.33333334
8305	8307	1	0.3333333
8307	8305	1	0.33333337
8305	8307	2	0.3333333
8307	8305	2	0.3333333
8306	8308	0	0.33333337
8308	8306	0	0.33333337
8306	8308	1	0.33333337
8308	8306	1	0.33333337
8306	8308	2	0.33333328
8308	8306	2	0.33333328
8306	8309	0	0.33333334
8309	8306	0	0.33333337
8306	8309	1	0.33333334
8309	8306	1	0.33333337
8306	8309	2	0.33333325
8309	8306	2	0.33333325
8307	8310	0	0.33333337
8310	8307	0	0.33333337
8307	8310	1	0.33333334
8310	8307	1	0.33333334
8307	8310	2	0.33333325
8310	8307	2	0.33333325
8309	8310	0	0.33333337
8310	8309	0	0.33333337
8309	8310	1	0.33333337
8310	8309	1	0.33333337
8309	8310	2	0.33333325
8310	8309	2	0.33333325
8323	8330	0	0.33333334
8330	8323	0	0.3333333
8323	8330	1	0.33333337
8330	8323	1	0.3333333
8323	8330	2	0.3333333
8330	8323	2	0.33333334
8323	8331	0	0.33333355
8331	8323	0	0.33333313
8323	8331	1	0.33333313
8331	8323	1	0.33333355
8323	8331	2	0.3333333
8331	8323	2	0.33333334
8324	8330	0	0.33333337
8330	8324	0	0.33333337
8324	8330	1	0.33333337
8330	8324	1	0.33333337
8324	8330	2	0.33333322
8330	8324	2	0.33333325
8324	8331	0	0.33333337
8331	8324	0	0.33333337
8324	8331	1	0.33333337
8331	8324	1	0.33333334
8324	8331	2	0.33333322
8331	8324	2	0.33333325
8325	8330	0	0.33333334
8330	8325	0	0.33333337
8325	8330	1	0.33333334
8330	8325	1	0.33333337
8325	8330	2	0.33333328
8330	8325	2	0.33333334
8325	8331	0	0.33333337
8331	8325	0	0.3333333
8325	8331	1	0.33333334
8331	8325	1	0.33333334
8325	8331	2	0.3333333
8331	8325	2	0.33333334
8326	8330	0	0.33333334
8330	8326	0	0.33333337
8326	8330	1	0.33333337
8330	8326	1	0.3333333
8326	8330	2	0.33333337
8330	8326	2	0.3333333
8326	8331	0	0.33333337
8331	8326	0	0.33333337
8326	8331	1	0.33333337
8331	8326	1	0.33333337
8326	8331	2	0.33333334
8331	8326	2	0.33333334
8327	8330	0	0.33333337
8330	8327	0	0.33333334
8327	8330	1	0.3333333
8330	8327	1	0.33333337
8327	8330	2	0.33333325
8330	8327	2	0.33333325
8327	8331	0	0.33333337
8331	8327	0	0.33333337
8327	8331	1	0.33333337
8331	8327	1	0.33333337
8327	8331	2	0.3333333
8331	8327	2	0.3333333
8332	8335	0	0.33333334
8335	8332	0	0.33333337
8332	8335	1	0.33333337
8335	8332	1	0.33333334
8332	8335	2	0.33333322
8335	8332	2	0.33333322
8333	8335	0	0.33333337
8335	8333	0	0.33333337
8333	8335	1	0.33333337
8335	8333	1	0.33333337
8333	8335	2	0.3333333
8335	8333	2	0.3333333
8334	8336	0	0.33333337
8336	8334	0	0.3333333
8334	8336	1	0.33333334
8336	8334	1	0.33333337
8334	8336	2	0.33333325
8336	8334	2	0.33333325
8334	8337	0	0.33333337
8337	8334	0	0.33333334
8334	8337	1	0.33333334
8337	8334	1	0.33333334
8334	8337	2	0.33333328
8337	8334	2	0.33333325
8334	8338	0	0.33333334
8338	8334	0	0.33333334
8334	8338	1	0.33333334
8338	8334	1	0.33333334
8334	8338	2	0.33333322
8338	8334	2	0.33333325
8335	8339	0	0.33333337
8339	8335	0	0.33333337
8335	8339	1	0.33333337
8339	8335	1	0.33333334
8335	8339	2	0.3333333
8339	8335	2	0.33333328
8343	8345	0	0.33333337
8345	8343	0	0.33333334
8343	8345	1	0.3333333
8345	8343	1	0.33333337
8343	8345	2	0.33333325
8345	8343	2	0.33333325
8343	8346	0	0.33333337
8346	8343	0	0.33333334
8343	8346	1	0.33333337
8346	8343	1	0.33333334
8343	8346	2	0.33333325
8346	8343	2	0.33333322
8343	8347	0	0.33333334
8347	8343	0	0.33333337
8343	8347	1	0.33333334
8347	8343	1	0.33333334
8343	8347	2	0.33333325
8347	8343	2	0.33333325
8344	8348	0	0.3333333
8348	8344	0	0.33333337
8344	8348	1	0.33333337
8348	8344	1	0.33333334
8344	8348	2	0.3333333
8348	8344	2	0.33333328
8359	8362	0	0.3333335
8362	8359	0	0.33333325
8359	8362	1	0.33333322
8362	8359	1	0.33333346
8359	8362	2	0.33333328
8362	8359	2	0.33333328
8363	8368	0	0.33333334
8368	8363	0	0.33333334
8363	8368	1	0.33333334
8368	8363	1	0.33333337
8363	8368	2	0.33333325
8368	8363	2	0.33333325
8363	8369	0	0.33333316
8369	8363	0	0.3333335
8363	8369	1	0.33333355
8369	8363	1	0.33333322
8363	8369	2	0.33333334
8369	8363	2	0.3333333
8364	8370	0	0.33333334
8370	8364	0	0.33333334
8364	8370	1	0.3333333
8370	8364	1	0.33333334
8364	8370	2	0.33333337
8370	8364	2	0.33333337
8364	8371	0	0.33333343
8371	8364	0	0.33333325
8364	8371	1	0.33333322
8371	8364	1	0.33333337
8364	8371	2	0.33333334
8371	8364	2	0.3333333
8365	8370	0	0.33333337
8370	8365	0	0.33333337
8365	8370	1	0.33333337
8370	8365	1	0.33333337
8365	8370	2	0.33333325
8370	8365	2	0.33333325
8365	8371	0	0.3333333
8371	8365	0	0.33333337
8365	8371	1	0.33333337
8371	8365	1	0.3333333
8365	8371	2	0.33333334
8371	8365	2	0.33333334
8366	8370	0	0.33333334
8370	8366	0	0.33333337
8366	8370	1	0.33333337
8370	8366	1	0.3333333
8366	8370	2	0.3333333
8370	8366	2	0.3333333
8366	8371	0	0.33333337
8371	8366	0	0.33333334
8366	8371	1	0.33333334
8371	8366	1	0.33333337
8366	8371	2	0.33333328
8371	8366	2	0.33333328
8367	8370	0	0.33333337
8370	8367	0	0.33333337
8367	8370	1	0.33333337
8370	8367	1	0.33333337
8367	8370	2	0.33333328
8370	8367	2	0.33333328
8367	8371	0	0.33333337
8371	8367	0	0.33333337
8367	8371	1	0.33333337
8371	8367	1	0.33333337
8367	8371	2	0.33333325
8371	8367	2	0.33333325
8368	8372	0	0.33333334
8372	8368	0	0.33333334
8368	8372	1	0.33333337
8372	8368	1	0.3333333
8368	8372	2	0.3333333
8372	8368	2	0.3333333
8368	8373	0	0.3333335
8373	8368	0	0.3333332
8368	8373	1	0.33333322
8373	8368	1	0.3333335
8368	8373	2	0.3333333
8373	8368	2	0.33333334
8369	8372	0	0.33333337
8372	8369	0	0.33333334
8369	8372	1	0.33333334
8372	8369	1	0.33333337
8369	8372	2	0.33333328
8372	8369	2	0.33333328
8369	8373	0	0.33333334
8373	8369	0	0.33333334
8369	8373	1	0.33333334
8373	8369	1	0.33333334
8369	8373	2	0.3333333
8373	8369	2	0.3333333
8370	8374	0	0.3333335
8374	8370	0	0.33333322
8370	8374	1	0.3333332
8374	8370	1	0.3333335
8370	8374	2	0.33333325
8374	8370	2	0.33333325
8371	8374	0	0.3333333
8374	8371	0	0.33333337
8371	8374	1	0.33333337
8374	8371	1	0.3333333
8371	8374	2	0.33333325
8374	8371	2	0.33333325
8372	8373	0	0.3333284
8373	8372	0	0.33332843
8372	8373	1	0.33332843
8373	8372	1	0.33332843
8372	8373	2	0.33332607
8373	8372	2	0.33332607
8372	8375	0	0.33333334
8375	8372	0	0.33333334
8372	8375	1	0.33333334
8375	8372	1	0.33333337
8372	8375	2	0.33333325
8375	8372	2	0.33333322
8372	8376	0	0.33333337
8376	8372	0	0.33333334
8372	8376	1	0.33333334
8376	8372	1	0.33333337
8372	8376	2	0.33333325
8376	8372	2	0.33333325
8372	8377	0	0.33333334
8377	8372	0	0.33333337
8372	8377	1	0.33333334
8377	8372	1	0.33333334
8372	8377	2	0.33333325
8377	8372	2	0.33333325
8372	8378	0	0.33333334
8378	8372	0	0.33333334
8372	8378	1	0.3333333
8378	8372	1	0.33333334
8372	8378	2	0.33333328
8378	8372	2	0.33333328
8373	8375	0	0.3333333
8375	8373	0	0.33333334
8373	8375	1	0.3333333
8375	8373	1	0.33333334
8373	8375	2	0.33333334
8375	8373	2	0.3333333
8373	8376	0	0.33333334
8376	8373	0	0.3333334
8373	8376	1	0.33333337
8376	8373	1	0.33333334
8373	8376	2	0.3333333
8376	8373	2	0.3333333
8373	8377	0	0.3333334
8377	8373	0	0.33333337
8373	8377	1	0.33333337
8377	8373	1	0.33333337
8373	8377	2	0.3333332
8377	8373	2	0.33333325
8373	8378	0	0.33333334
8378	8373	0	0.33333337
8373	8378	1	0.33333337
8378	8373	1	0.3333333
8373	8378	2	0.33333325
8378	8373	2	0.33333325
8374	8379	0	0.33333334
8379	8374	0	0.3333334
8374	8379	1	0.3333334
8379	8374	1	0.3333333
8374	8379	2	0.33333328
8379	8374	2	0.3333333
8374	8380	0	0.3333333
8380	8374	0	0.33333334
8374	8380	1	0.33333337
8380	8374	1	0.3333333
8374	8380	2	0.33333334
8380	8374	2	0.3333333
8374	8381	0	0.3333336
8381	8374	0	0.3333331
8374	8381	1	0.33333305
8381	8374	1	0.33333355
8374	8381	2	0.3333333
8381	8374	2	0.33333334
8375	8382	0	0.33333337
8382	8375	0	0.33333328
8375	8382	1	0.33333325
8382	8375	1	0.33333337
8375	8382	2	0.3333334
8382	8375	2	0.33333337
8375	8383	0	0.33333334
8383	8375	0	0.33333325
8375	8383	1	0.33333325
8383	8375	1	0.3333333
8375	8383	2	0.33333343
8383	8375	2	0.3333335
8376	8382	0	0.33333337
8382	8376	0	0.33333337
8376	8382	1	0.33333337
8382	8376	1	0.33333337
8376	8382	2	0.33333328
8382	8376	2	0.33333334
8376	8383	0	0.33333334
8383	8376	0	0.33333334
8376	8383	1	0.33333334
8383	8376	1	0.33333337
8376	8383	2	0.33333334
8383	8376	2	0.33333334
8377	8382	0	0.33333334
8382	8377	0	0.33333334
8377	8382	1	0.33333334
8382	8377	1	0.33333334
8377	8382	2	0.33333322
8382	8377	2	0.33333322
8377	8383	0	0.33333337
8383	8377	0	0.33333334
8377	8383	1	0.3333333
8383	8377	1	0.33333337
8377	8383	2	0.33333334
8383	8377	2	0.3333333
8378	8382	0	0.3333333
8382	8378	0	0.3333334
8378	8382	1	0.3333334
8382	8378	1	0.33333325
8378	8382	2	0.33333325
8382	8378	2	0.33333325
8378	8383	0	0.33333337
8383	8378	0	0.33333337
8378	8383	1	0.33333337
8383	8378	1	0.33333334
8378	8383	2	0.33333328
8383	8378	2	0.3333333
8379	8384	0	0.3333333
8384	8379	0	0.33333334
8379	8384	1	0.3333333
8384	8379	1	0.3333333
8379	8384	2	0.33333337
8384	8379	2	0.33333337
8379	8385	0	0.33333313
8385	8379	0	0.3333335
8379	8385	1	0.33333352
8385	8379	1	0.33333313
8379	8385	2	0.33333334
8385	8379	2	0.33333334
8379	8386	0	0.33333337
8386	8379	0	0.33333334
8379	8386	1	0.33333334
8386	8379	1	0.33333334
8379	8386	2	0.33333322
8386	8379	2	0.33333325
8380	8384	0	0.33333337
8384	8380	0	0.33333334
8380	8384	1	0.33333334
8384	8380	1	0.33333337
8380	8384	2	0.33333328
8384	8380	2	0.33333328
8380	8385	0	0.33333337
8385	8380	0	0.3333333
8380	8385	1	0.3333333
8385	8380	1	0.33333337
8380	8385	2	0.33333334
8385	8380	2	0.3333333
8380	8386	0	0.33333337
8386	8380	0	0.33333337
8380	8386	1	0.33333337
8386	8380	1	0.33333337
8380	8386	2	0.3333333
8386	8380	2	0.33333325
8381	8384	0	0.33333334
8384	8381	0	0.33333337
8381	8384	1	0.33333337
8384	8381	1	0.33333337
8381	8384	2	0.33333325
8384	8381	2	0.33333325
8381	8385	0	0.3333334
8385	8381	0	0.33333337
8381	8385	1	0.33333337
8385	8381	1	0.33333337
8381	8385	2	0.33333328
8385	8381	2	0.33333328
8381	8386	0	0.33333334
8386	8381	0	0.33333337
8381	8386	1	0.33333334
8386	8381	1	0.3333333
8381	8386	2	0.33333328
8386	8381	2	0.33333325
8382	8386	0	0.33333334
8386	8382	0	0.33333334
8382	8386	1	0.33333334
8386	8382	1	0.33333337
8382	8386	2	0.33333322
8386	8382	2	0.33333322
8382	8387	0	0.3333334
8387	8382	0	0.3333333
8382	8387	1	0.33333334
8387	8382	1	0.33333337
8382	8387	2	0.33333325
8387	8382	2	0.33333328
8383	8387	0	0.3333333
8387	8383	0	0.33333337
8383	8387	1	0.33333337
8387	8383	1	0.3333333
8383	8387	2	0.3333333
8387	8383	2	0.3333333
8386	8387	0	0.33333334
8387	8386	0	0.33333337
8386	8387	1	0.33333337
8387	8386	1	0.33333334
8386	8387	2	0.3333333
8387	8386	2	0.3333333
8390	8392	0	0.33333337
8392	8390	0	0.33333337
8390	8392	1	0.33333337
8392	8390	1	0.33333337
8390	8392	2	0.33333322
8392	8390	2	0.33333322
8390	8393	0	0.33333334
8393	8390	0	0.33333337
8390	8393	1	0.33333337
8393	8390	1	0.33333334
8390	8393	2	0.33333328
8393	8390	2	0.33333328
8390	8394	0	0.3333335
8394	8390	0	0.33333328
8390	8394	1	0.33333325
8394	8390	1	0.3333335
8390	8394	2	0.33333325
8394	8390	2	0.33333325
8391	8395	0	0.33333337
8395	8391	0	0.33333337
8391	8395	1	0.33333337
8395	8391	1	0.33333337
8391	8395	2	0.33333322
8395	8391	2	0.33333325
8392	8393	0	0.33333337
8393	8392	0	0.33333334
8392	8393	1	0.3333333
8393	8392	1	0.33333334
8392	8393	2	0.33333328
8393	8392	2	0.3333333
8392	8395	0	0.33333337
8395	8392	0	0.33333337
8392	8395	1	0.33333337
8395	8392	1	0.33333334
8392	8395	2	0.33333322
8395	8392	2	0.33333322
8393	8395	0	0.33333334
8395	8393	0	0.33333337
8393	8395	1	0.33333334
8395	8393	1	0.33333334
8393	8395	2	0.33333322
8395	8393	2	0.33333325
8394	8396	0	0.33333337
8396	8394	0	0.33333337
8394	8396	1	0.33333334
8396	8394	1	0.33333337
8394	8396	2	0.33333328
8396	8394	2	0.3333333
8397	8400	0	0.3333334
8400	8397	0	0.33333334
8397	8400	1	0.33333334
8400	8397	1	0.33333337
8397	8400	2	0.3333333
8400	8397	2	0.3333333
8397	8401	0	0.33333337
8401	8397	0	0.3333333
8397	8401	1	0.3333333
8401	8397	1	0.33333337
8397	8401	2	0.33333328
8401	8397	2	0.33333325
8397	8402	0	0.3333333
8402	8397	0	0.33333337
8397	8402	1	0.33333337
8402	8397	1	0.33333328
8397	8402	2	0.33333334
8402	8397	2	0.33333334
8398	8403	0	0.3333333
8403	8398	0	0.33333334
8398	8403	1	0.33333334
8403	8398	1	0.3333333
8398	8403	2	0.3333333
8403	8398	2	0.3333333
8399	8403	0	0.3333335
8403	8399	0	0.3333332
8399	8403	1	0.3333332
8403	8399	1	0.3333335
8399	8403	2	0.33333334
8403	8399	2	0.33333334
8400	8404	0	0.33333337
8404	8400	0	0.33333337
8400	8404	1	0.33333337
8404	8400	1	0.33333337
8400	8404	2	0.33333325
8404	8400	2	0.33333325
8401	8404	0	0.33333337
8404	8401	0	0.33333337
8401	8404	1	0.33333337
8404	8401	1	0.33333337
8401	8404	2	0.33333328
8404	8401	2	0.3333333
8402	8404	0	0.33333337
8404	8402	0	0.33333337
8402	8404	1	0.33333337
8404	8402	1	0.33333337
8402	8404	2	0.3333333
8404	8402	2	0.33333328
8405	8408	0	0.3333333
8408	8405	0	0.33333334
8405	8408	1	0.3333333
8408	8405	1	0.33333334
8405	8408	2	0.3333333
8408	8405	2	0.33333334
8406	8407	0	0.3333334
8407	8406	0	0.33333337
8406	8407	1	0.33333337
8407	8406	1	0.3333334
8406	8407	2	0.33333322
8407	8406	2	0.33333322
8407	8409	0	0.33333337
8409	8407	0	0.33333337
8407	8409	1	0.33333337
8409	8407	1	0.33333334
8407	8409	2	0.3333333
8409	8407	2	0.3333333
8407	8410	0	0.33333337
8410	8407	0	0.33333334
8407	8410	1	0.33333337
8410	8407	1	0.33333334
8407	8410	2	0.33333322
8410	8407	2	0.33333325
8408	8411	0	0.33333334
8411	8408	0	0.3333334
8408	8411	1	0.33333337
8411	8408	1	0.33333334
8408	8411	2	0.3333333
8411	8408	2	0.3333333
8408	8412	0	0.33333337
8412	8408	0	0.33333334
8408	8412	1	0.3333333
8412	8408	1	0.33333337
8408	8412	2	0.3333333
8412	8408	2	0.3333333
8408	8413	0	0.33333334
8413	8408	0	0.33333334
8408	8413	1	0.33333337
8413	8408	1	0.3333333
8408	8413	2	0.33333337
8413	8408	2	0.33333337
8409	8414	0	0.33333343
8414	8409	0	0.33333334
8409	8414	1	0.3333333
8414	8409	1	0.33333343
8409	8414	2	0.33333325
8414	8409	2	0.33333325
8410	8414	0	0.3333333
8414	8410	0	0.33333343
8410	8414	1	0.33333343
8414	8410	1	0.33333328
8410	8414	2	0.33333325
8414	8410	2	0.33333325
8411	8416	0	0.3333333
8416	8411	0	0.33333337
8411	8416	1	0.33333334
8416	8411	1	0.3333333
8411	8416	2	0.33333328
8416	8411	2	0.33333328
8411	8417	0	0.3333333
8417	8411	0	0.33333334
8411	8417	1	0.33333334
8417	8411	1	0.3333333
8411	8417	2	0.3333333
8417	8411	2	0.3333333
8411	8415	0	0.33333334
8415	8411	0	0.33333334
8411	8415	1	0.33333334
8415	8411	1	0.33333334
8411	8415	2	0.33333322
8415	8411	2	0.33333322
8412	8414	0	0.33333337
8414	8412	0	0.33333337
8412	8414	1	0.33333337
8414	8412	1	0.33333334
8412	8414	2	0.3333333
8414	8412	2	0.33333325
8413	8416	0	0.33333334
8416	8413	0	0.33333337
8413	8416	1	0.33333334
8416	8413	1	0.33333337
8413	8416	2	0.33333322
8416	8413	2	0.33333325
8413	8417	0	0.33333337
8417	8413	0	0.33333337
8413	8417	1	0.33333337
8417	8413	1	0.33333337
8413	8417	2	0.33333334
8417	8413	2	0.33333334
8413	8415	0	0.33333337
8415	8413	0	0.33333337
8413	8415	1	0.33333334
8415	8413	1	0.33333337
8413	8415	2	0.33333325
8415	8413	2	0.33333322
8418	8422	0	0.33333337
8422	8418	0	0.3333333
8418	8422	1	0.3333333
8422	8418	1	0.33333337
8418	8422	2	0.3333333
8422	8418	2	0.3333333
8418	8423	0	0.33333313
8423	8418	0	0.33333352
8418	8423	1	0.33333355
8423	8418	1	0.33333316
8418	8423	2	0.3333333
8423	8418	2	0.3333333
8424	8427	0	0.33333337
8427	8424	0	0.33333334
8424	8427	1	0.3333333
8427	8424	1	0.33333337
8424	8427	2	0.33333328
8427	8424	2	0.33333328
8425	8428	0	0.33333334
8428	8425	0	0.33333337
8425	8428	1	0.33333337
8428	8425	1	0.33333337
8425	8428	2	0.3333332
8428	8425	2	0.3333332
8425	8429	0	0.33333334
8429	8425	0	0.33333337
8425	8429	1	0.3333333
8429	8425	1	0.33333337
8425	8429	2	0.33333328
8429	8425	2	0.33333328
8426	8428	0	0.33333334
8428	8426	0	0.33333337
8426	8428	1	0.33333337
8428	8426	1	0.3333333
8426	8428	2	0.33333325
8428	8426	2	0.33333325
8426	8429	0	0.3333334
8429	8426	0	0.3333333
8426	8429	1	0.3333333
8429	8426	1	0.3333334
8426	8429	2	0.33333325
8429	8426	2	0.33333325
8427	8430	0	0.33333337
8430	8427	0	0.33333334
8427	8430	1	0.33333334
8430	8427	1	0.33333337
8427	8430	2	0.3333333
8430	8427	2	0.3333333
8428	8432	0	0.3333333
8432	8428	0	0.33333343
8428	8432	1	0.33333343
8432	8428	1	0.3333333
8428	8432	2	0.3333332
8432	8428	2	0.3333332
8428	8431	0	0.3333333
8431	8428	0	0.3333333
8428	8431	1	0.3333333
8431	8428	1	0.33333334
8428	8431	2	0.33333334
8431	8428	2	0.3333333
8429	8432	0	0.33333337
8432	8429	0	0.33333334
8429	8432	1	0.3333333
8432	8429	1	0.33333334
8429	8432	2	0.33333325
8432	8429	2	0.33333325
8429	8431	0	0.33333334
8431	8429	0	0.33333337
8429	8431	1	0.33333337
8431	8429	1	0.33333334
8429	8431	2	0.33333325
8431	8429	2	0.33333325
8430	8433	0	0.33333334
8433	8430	0	0.33333334
8430	8433	1	0.33333334
8433	8430	1	0.33333334
8430	8433	2	0.33333322
8433	8430	2	0.33333322
8430	8434	0	0.33333343
8434	8430	0	0.3333332
8430	8434	1	0.33333322
8434	8430	1	0.33333343
8430	8434	2	0.3333333
8434	8430	2	0.33333334
8430	8435	0	0.33333337
8435	8430	0	0.33333337
8430	8435	1	0.33333334
8435	8430	1	0.33333334
8430	8435	2	0.3333333
8435	8430	2	0.3333333
8431	8436	0	0.33333352
8436	8431	0	0.3333332
8431	8436	1	0.33333316
8436	8431	1	0.3333335
8431	8436	2	0.3333333
8436	8431	2	0.3333333
8432	8436	0	0.33333352
8436	8432	0	0.33333316
8432	8436	1	0.33333313
8436	8432	1	0.3333335
8432	8436	2	0.33333334
8436	8432	2	0.33333334
8437	8441	0	0.33333337
8441	8437	0	0.33333337
8437	8441	1	0.33333337
8441	8437	1	0.33333334
8437	8441	2	0.3333333
8441	8437	2	0.3333333
8438	8441	0	0.33333343
8441	8438	0	0.3333333
8438	8441	1	0.3333333
8441	8438	1	0.3333334
8438	8441	2	0.3333333
8441	8438	2	0.33333328
8439	8442	0	0.33333337
8442	8439	0	0.33333334
8439	8442	1	0.33333337
8442	8439	1	0.33333334
8439	8442	2	0.33333325
8442	8439	2	0.33333325
8440	8442	0	0.33333337
8442	8440	0	0.33333337
8440	8442	1	0.33333337
8442	8440	1	0.33333337
8440	8442	2	0.3333333
8442	8440	2	0.3333333
8441	8443	0	0.33333334
8443	8441	0	0.33333337
8441	8443	1	0.33333337
8443	8441	1	0.33333337
8441	8443	2	0.33333325
8443	8441	2	0.33333328
8441	8444	0	0.33333337
8444	8441	0	0.33333337
8441	8444	1	0.33333337
8444	8441	1	0.33333337
8441	8444	2	0.33333328
8444	8441	2	0.33333325
8442	8445	0	0.33333337
8445	8442	0	0.33333328
8442	8445	1	0.33333328
8445	8442	1	0.33333337
8442	8445	2	0.33333334
8445	8442	2	0.3333333
8443	8448	0	0.33333337
8448	8443	0	0.33333334
8443	8448	1	0.33333334
8448	8443	1	0.33333334
8443	8448	2	0.33333328
8448	8443	2	0.33333325
8443	8446	0	0.33333337
8446	8443	0	0.33333337
8443	8446	1	0.33333337
8446	8443	1	0.33333337
8443	8446	2	0.33333325
8446	8443	2	0.33333325
8443	8447	0	0.33333337
8447	8443	0	0.33333334
8443	8447	1	0.33333337
8447	8443	1	0.33333334
8443	8447	2	0.33333334
8447	8443	2	0.3333333
8444	8448	0	0.33333337
8448	8444	0	0.33333337
8444	8448	1	0.33333337
8448	8444	1	0.33333337
8444	8448	2	0.3333333
8448	8444	2	0.3333333
8444	8446	0	0.33333334
8446	8444	0	0.33333337
8444	8446	1	0.33333334
8446	8444	1	0.33333337
8444	8446	2	0.33333325
8446	8444	2	0.3333332
8444	8447	0	0.33333337
8447	8444	0	0.33333334
8444	8447	1	0.33333334
8447	8444	1	0.33333334
8444	8447	2	0.33333328
8447	8444	2	0.33333325
8445	8449	0	0.33333337
8449	8445	0	0.33333337
8445	8449	1	0.33333337
8449	8445	1	0.33333337
8445	8449	2	0.33333322
8449	8445	2	0.3333332
8445	8450	0	0.33333337
8450	8445	0	0.33333334
8445	8450	1	0.33333334
8450	8445	1	0.33333334
8445	8450	2	0.3333333
8450	8445	2	0.33333334
8445	8451	0	0.33333337
8451	8445	0	0.33333337
8445	8451	1	0.33333337
8451	8445	1	0.33333337
8445	8451	2	0.33333328
8451	8445	2	0.33333328
8445	8452	0	0.33333337
8452	8445	0	0.33333325
8445	8452	1	0.33333325
8452	8445	1	0.33333337
8445	8452	2	0.33333337
8452	8445	2	0.33333334
8446	8453	0	0.33333337
8453	8446	0	0.33333325
8446	8453	1	0.33333325
8453	8446	1	0.33333337
8446	8453	2	0.3333333
8453	8446	2	0.3333333
8446	8454	0	0.33333328
8454	8446	0	0.33333328
8446	8454	1	0.33333325
8454	8446	1	0.3333333
8446	8454	2	0.3333334
8454	8446	2	0.3333334
8446	8455	0	0.33333325
8455	8446	0	0.33333322
8446	8455	1	0.33333325
8455	8446	1	0.33333325
8446	8455	2	0.3333335
8455	8446	2	0.33333346
8447	8453	0	0.33333337
8453	8447	0	0.33333337
8447	8453	1	0.33333337
8453	8447	1	0.33333337
8447	8453	2	0.33333322
8453	8447	2	0.33333325
8447	8454	0	0.33333355
8454	8447	0	0.3333331
8447	8454	1	0.3333331
8454	8447	1	0.33333355
8447	8454	2	0.3333333
8454	8447	2	0.33333334
8447	8455	0	0.33333328
8455	8447	0	0.3333333
8447	8455	1	0.33333325
8455	8447	1	0.3333333
8447	8455	2	0.33333343
8455	8447	2	0.33333343
8448	8453	0	0.33333334
8453	8448	0	0.33333337
8448	8453	1	0.33333337
8453	8448	1	0.33333334
8448	8453	2	0.33333334
8453	8448	2	0.33333334
8448	8454	0	0.33333334
8454	8448	0	0.33333337
8448	8454	1	0.33333334
8454	8448	1	0.33333337
8448	8454	2	0.33333328
8454	8448	2	0.33333334
8448	8455	0	0.33333337
8455	8448	0	0.33333334
8448	8455	1	0.33333334
8455	8448	1	0.33333334
8448	8455	2	0.33333334
8455	8448	2	0.33333334
8449	8456	0	0.33333322
8456	8449	0	0.3333335
8449	8456	1	0.33333343
8456	8449	1	0.3333332
8449	8456	2	0.33333337
8456	8449	2	0.33333334
8449	8457	0	0.3333333
8457	8449	0	0.3333332
8449	8457	1	0.33333316
8457	8449	1	0.3333333
8449	8457	2	0.33333355
8457	8449	2	0.33333352
8450	8456	0	0.33333334
8456	8450	0	0.33333334
8450	8456	1	0.33333334
8456	8450	1	0.33333337
8450	8456	2	0.33333325
8456	8450	2	0.33333328
8450	8457	0	0.33333334
8457	8450	0	0.3333333
8450	8457	1	0.33333334
8457	8450	1	0.33333334
8450	8457	2	0.33333337
8457	8450	2	0.33333337
8451	8456	0	0.33333337
8456	8451	0	0.33333337
8451	8456	1	0.33333337
8456	8451	1	0.33333337
8451	8456	2	0.33333322
8456	8451	2	0.33333322
8451	8457	0	0.3333333
8457	8451	0	0.33333334
8451	8457	1	0.3333333
8457	8451	1	0.33333334
8451	8457	2	0.3333333
8457	8451	2	0.3333333
8452	8456	0	0.33333337
8456	8452	0	0.33333337
8452	8456	1	0.33333337
8456	8452	1	0.33333337
8452	8456	2	0.33333325
8456	8452	2	0.33333322
8452	8457	0	0.33333337
8457	8452	0	0.33333337
8452	8457	1	0.33333337
8457	8452	1	0.33333337
8452	8457	2	0.33333334
8457	8452	2	0.3333333
8453	8458	0	0.33333334
8458	8453	0	0.33333337
8453	8458	1	0.33333334
8458	8453	1	0.33333337
8453	8458	2	0.33333322
8458	8453	2	0.33333322
8453	8459	0	0.33333334
8459	8453	0	0.33333337
8453	8459	1	0.33333334
8459	8453	1	0.33333334
8453	8459	2	0.33333337
8459	8453	2	0.3333333
8453	8460	0	0.33333328
8460	8453	0	0.33333334
8453	8460	1	0.33333334
8460	8453	1	0.33333325
8453	8460	2	0.33333334
8460	8453	2	0.33333334
8454	8458	0	0.3333333
8458	8454	0	0.33333337
8454	8458	1	0.33333337
8458	8454	1	0.3333333
8454	8458	2	0.33333328
8458	8454	2	0.33333325
8454	8459	0	0.33333334
8459	8454	0	0.33333337
8454	8459	1	0.33333337
8459	8454	1	0.33333337
8454	8459	2	0.33333328
8459	8454	2	0.33333328
8454	8460	0	0.3333333
8460	8454	0	0.33333337
8454	8460	1	0.33333337
8460	8454	1	0.3333333
8454	8460	2	0.3333333
8460	8454	2	0.3333333
8455	8458	0	0.33333337
8458	8455	0	0.33333337
8455	8458	1	0.33333337
8458	8455	1	0.33333337
8455	8458	2	0.33333328
8458	8455	2	0.33333328
8455	8459	0	0.3333333
8459	8455	0	0.33333337
8455	8459	1	0.33333337
8459	8455	1	0.33333334
8455	8459	2	0.3333333
8459	8455	2	0.33333334
8455	8460	0	0.33333334
8460	8455	0	0.33333337
8455	8460	1	0.33333334
8460	8455	1	0.33333334
8455	8460	2	0.33333328
8460	8455	2	0.33333328
8461	8467	0	0.33333337
8467	8461	0	0.3333333
8461	8467	1	0.3333333
8467	8461	1	0.33333337
8461	8467	2	0.33333337
8467	8461	2	0.33333337
8461	8468	0	0.3333333
8468	8461	0	0.3333333
8461	8468	1	0.3333333
8468	8461	1	0.3333333
8461	8468	2	0.3333334
8468	8461	2	0.3333334
8461	8469	0	0.33333308
8469	8461	0	0.3333335
8461	8469	1	0.3333335
8469	8461	1	0.3333331
8461	8469	2	0.33333343
8469	8461	2	0.33333343
8462	8467	0	0.33333334
8467	8462	0	0.33333337
8462	8467	1	0.33333334
8467	8462	1	0.33333334
8462	8467	2	0.3333333
8467	8462	2	0.3333333
8462	8468	0	0.33333334
8468	8462	0	0.3333333
8462	8468	1	0.33333328
8468	8462	1	0.33333337
8462	8468	2	0.33333337
8468	8462	2	0.33333337
8462	8469	0	0.3333335
8469	8462	0	0.33333313
8462	8469	1	0.33333313
8469	8462	1	0.3333335
8462	8469	2	0.3333333
8469	8462	2	0.33333334
8463	8470	0	0.33333305
8470	8463	0	0.33333352
8463	8470	1	0.33333355
8470	8463	1	0.33333305
8463	8470	2	0.33333337
8470	8463	2	0.33333337
8464	8470	0	0.33333328
8470	8464	0	0.3333334
8464	8470	1	0.33333337
8470	8464	1	0.3333333
8464	8470	2	0.33333328
8470	8464	2	0.33333328
8465	8470	0	0.33333328
8470	8465	0	0.3333334
8465	8470	1	0.33333343
8470	8465	1	0.3333333
8465	8470	2	0.33333334
8470	8465	2	0.3333333
8466	8470	0	0.33333337
8470	8466	0	0.3333333
8466	8470	1	0.3333333
8470	8466	1	0.33333337
8466	8470	2	0.33333325
8470	8466	2	0.33333325
8467	8471	0	0.3333334
8471	8467	0	0.33333328
8467	8471	1	0.33333325
8471	8467	1	0.3333334
8467	8471	2	0.33333325
8471	8467	2	0.33333328
8468	8471	0	0.33333334
8471	8468	0	0.33333334
8468	8471	1	0.33333334
8471	8468	1	0.33333334
8468	8471	2	0.33333325
8471	8468	2	0.33333325
8469	8471	0	0.33333337
8471	8469	0	0.33333334
8469	8471	1	0.33333334
8471	8469	1	0.33333337
8469	8471	2	0.33333322
8471	8469	2	0.33333325
8470	8472	0	0.33333334
8472	8470	0	0.33333334
8470	8472	1	0.3333333
8472	8470	1	0.33333337
8470	8472	2	0.33333328
8472	8470	2	0.3333333
8471	8473	0	0.33333334
8473	8471	0	0.33333337
8471	8473	1	0.33333334
8473	8471	1	0.33333334
8471	8473	2	0.33333328
8473	8471	2	0.3333333
8471	8474	0	0.33333337
8474	8471	0	0.33333334
8471	8474	1	0.33333334
8474	8471	1	0.33333337
8471	8474	2	0.3333333
8474	8471	2	0.33333328
8472	8475	0	0.33333343
8475	8472	0	0.3333333
8472	8475	1	0.3333333
8475	8472	1	0.33333343
8472	8475	2	0.3333333
8475	8472	2	0.3333333
8472	8476	0	0.3333333
8476	8472	0	0.33333343
8472	8476	1	0.33333343
8476	8472	1	0.33333334
8472	8476	2	0.33333325
8476	8472	2	0.33333325
8473	8476	0	0.33333334
8476	8473	0	0.33333337
8473	8476	1	0.33333334
8476	8473	1	0.33333337
8473	8476	2	0.33333328
8476	8473	2	0.3333333
8473	8477	0	0.3333333
8477	8473	0	0.3333335
8473	8477	1	0.33333346
8477	8473	1	0.33333328
8473	8477	2	0.3333332
8477	8473	2	0.3333332
8474	8477	0	0.33333334
8477	8474	0	0.33333334
8474	8477	1	0.3333333
8477	8474	1	0.3333333
8474	8477	2	0.3333333
8477	8474	2	0.33333334
8478	8482	0	0.33333334
8482	8478	0	0.3333334
8478	8482	1	0.3333334
8482	8478	1	0.33333334
8478	8482	2	0.33333328
8482	8478	2	0.33333328
8479	8483	0	0.33333337
8483	8479	0	0.33333337
8479	8483	1	0.33333337
8483	8479	1	0.33333337
8479	8483	2	0.33333325
8483	8479	2	0.33333325
8480	8483	0	0.33333337
8483	8480	0	0.33333334
8480	8483	1	0.3333333
8483	8480	1	0.33333337
8480	8483	2	0.33333325
8483	8480	2	0.33333325
8481	8483	0	0.33333337
8483	8481	0	0.33333334
8481	8483	1	0.33333334
8483	8481	1	0.33333337
8481	8483	2	0.33333325
8483	8481	2	0.33333322
8482	8484	0	0.33333337
8484	8482	0	0.33333337
8482	8484	1	0.33333334
8484	8482	1	0.33333337
8482	8484	2	0.33333325
8484	8482	2	0.33333328
8483	8485	0	0.33333337
8485	8483	0	0.33333337
8483	8485	1	0.33333337
8485	8483	1	0.33333337
8483	8485	2	0.33333322
8485	8483	2	0.33333325
8483	8486	0	0.3333333
8486	8483	0	0.33333337
8483	8486	1	0.33333337
8486	8483	1	0.3333333
8483	8486	2	0.33333325
8486	8483	2	0.33333325
8484	8488	0	0.3333335
8488	8484	0	0.33333322
8484	8488	1	0.3333332
8488	8484	1	0.33333346
8484	8488	2	0.33333328
8488	8484	2	0.3333333
8484	8487	0	0.3333333
8487	8484	0	0.33333343
8484	8487	1	0.33333343
8487	8484	1	0.3333333
8484	8487	2	0.33333325
8487	8484	2	0.33333325
8485	8489	0	0.3333332
8489	8485	0	0.33333343
8485	8489	1	0.33333343
8489	8485	1	0.3333332
8485	8489	2	0.3333333
8489	8485	2	0.3333333
8486	8489	0	0.33333337
8489	8486	0	0.3333334
8486	8489	1	0.3333334
8489	8486	1	0.33333334
8486	8489	2	0.33333322
8489	8486	2	0.3333332
8487	8490	0	0.33333337
8490	8487	0	0.3333333
8487	8490	1	0.3333333
8490	8487	1	0.33333337
8487	8490	2	0.33333325
8490	8487	2	0.33333325
8487	8491	0	0.3333333
8491	8487	0	0.3333335
8487	8491	1	0.3333335
8491	8487	1	0.33333334
8487	8491	2	0.3333332
8491	8487	2	0.3333332
8488	8490	0	0.3333333
8490	8488	0	0.33333337
8488	8490	1	0.33333337
8490	8488	1	0.3333333
8488	8490	2	0.33333325
8490	8488	2	0.33333328
8488	8491	0	0.33333337
8491	8488	0	0.33333337
8488	8491	1	0.33333337
8491	8488	1	0.33333334
8488	8491	2	0.33333322
8491	8488	2	0.33333325
8489	8492	0	0.33333328
8492	8489	0	0.33333343
8489	8492	1	0.33333343
8492	8489	1	0.3333333
8489	8492	2	0.33333328
8492	8489	2	0.33333328
8493	8497	0	0.33333337
8497	8493	0	0.33333334
8493	8497	1	0.33333337
8497	8493	1	0.33333334
8493	8497	2	0.33333322
8497	8493	2	0.33333322
8493	8498	0	0.33333334
8498	8493	0	0.33333334
8493	8498	1	0.3333333
8498	8493	1	0.33333334
8493	8498	2	0.33333328
8498	8493	2	0.33333328
8493	8499	0	0.33333334
8499	8493	0	0.33333337
8493	8499	1	0.33333334
8499	8493	1	0.33333337
8493	8499	2	0.33333325
8499	8493	2	0.33333325
8493	8500	0	0.3333333
8500	8493	0	0.33333337
8493	8500	1	0.33333334
8500	8493	1	0.3333333
8493	8500	2	0.3333333
8500	8493	2	0.33333334
8494	8497	0	0.33333337
8497	8494	0	0.33333334
8494	8497	1	0.33333334
8497	8494	1	0.33333334
8494	8497	2	0.33333325
8497	8494	2	0.33333325
8494	8498	0	0.33333337
8498	8494	0	0.3333334
8494	8498	1	0.3333334
8498	8494	1	0.33333337
8494	8498	2	0.33333328
8498	8494	2	0.33333328
8494	8499	0	0.33333334
8499	8494	0	0.33333334
8494	8499	1	0.33333334
8499	8494	1	0.33333337
8494	8499	2	0.33333325
8499	8494	2	0.33333325
8494	8500	0	0.33333337
8500	8494	0	0.33333337
8494	8500	1	0.33333337
8500	8494	1	0.33333343
8494	8500	2	0.33333325
8500	8494	2	0.33333325
8495	8497	0	0.33333337
8497	8495	0	0.33333334
8495	8497	1	0.33333337
8497	8495	1	0.33333334
8495	8497	2	0.33333325
8497	8495	2	0.33333322
8495	8498	0	0.33333337
8498	8495	0	0.33333334
8495	8498	1	0.33333334
8498	8495	1	0.33333337
8495	8498	2	0.33333334
8498	8495	2	0.3333333
8495	8499	0	0.33333337
8499	8495	0	0.33333334
8495	8499	1	0.33333334
8499	8495	1	0.33333334
8495	8499	2	0.33333325
8499	8495	2	0.33333325
8495	8500	0	0.33333337
8500	8495	0	0.33333334
8495	8500	1	0.33333334
8500	8495	1	0.33333334
8495	8500	2	0.33333325
8500	8495	2	0.33333325
8496	8501	0	0.33333322
8501	8496	0	0.33333346
8496	8501	1	0.3333335
8501	8496	1	0.33333325
8496	8501	2	0.3333333
8501	8496	2	0.33333328
8497	8502	0	0.33333334
8502	8497	0	0.33333334
8497	8502	1	0.33333334
8502	8497	1	0.33333337
8497	8502	2	0.33333322
8502	8497	2	0.33333325
8497	8503	0	0.33333334
8503	8497	0	0.33333337
8497	8503	1	0.33333334
8503	8497	1	0.33333337
8497	8503	2	0.33333322
8503	8497	2	0.33333322
8497	8504	0	0.33333334
8504	8497	0	0.33333337
8497	8504	1	0.33333334
8504	8497	1	0.33333334
8497	8504	2	0.33333322
8504	8497	2	0.33333325
8498	8502	0	0.33333334
8502	8498	0	0.33333337
8498	8502	1	0.33333334
8502	8498	1	0.33333334
8498	8502	2	0.33333325
8502	8498	2	0.33333328
8498	8503	0	0.33333334
8503	8498	0	0.33333337
8498	8503	1	0.33333337
8503	8498	1	0.33333334
8498	8503	2	0.3333332
8503	8498	2	0.33333322
8498	8504	0	0.33333334
8504	8498	0	0.33333337
8498	8504	1	0.33333337
8504	8498	1	0.33333334
8498	8504	2	0.33333322
8504	8498	2	0.33333325
8499	8502	0	0.33333334
8502	8499	0	0.33333337
8499	8502	1	0.33333334
8502	8499	1	0.33333337
8499	8502	2	0.33333328
8502	8499	2	0.33333328
8499	8503	0	0.33333337
8503	8499	0	0.33333337
8499	8503	1	0.33333337
8503	8499	1	0.33333337
8499	8503	2	0.33333328
8503	8499	2	0.33333328
8499	8504	0	0.33333337
8504	8499	0	0.33333337
8499	8504	1	0.33333337
8504	8499	1	0.33333334
8499	8504	2	0.33333325
8504	8499	2	0.33333325
8500	8502	0	0.33333334
8502	8500	0	0.33333337
8500	8502	1	0.33333337
8502	8500	1	0.33333337
8500	8502	2	0.33333328
8502	8500	2	0.33333325
8500	8503	0	0.33333334
8503	8500	0	0.3333333
8500	8503	1	0.33333334
8503	8500	1	0.33333337
8500	8503	2	0.33333325
8503	8500	2	0.33333325
8500	8504	0	0.33333337
8504	8500	0	0.33333337
8500	8504	1	0.33333337
8504	8500	1	0.33333337
8500	8504	2	0.3333333
8504	8500	2	0.3333333
8505	8507	0	0.33333343
8507	8505	0	0.33333334
8505	8507	1	0.33333334
8507	8505	1	0.33333343
8505	8507	2	0.33333325
8507	8505	2	0.33333325
8505	8508	0	0.33333334
8508	8505	0	0.33333337
8505	8508	1	0.33333337
8508	8505	1	0.33333337
8505	8508	2	0.33333325
8508	8505	2	0.33333325
8506	8509	0	0.3333333
8509	8506	0	0.33333334
8506	8509	1	0.33333337
8509	8506	1	0.3333333
8506	8509	2	0.33333334
8509	8506	2	0.3333333
8507	8510	0	0.33333334
8510	8507	0	0.33333337
8507	8510	1	0.33333334
8510	8507	1	0.33333334
8507	8510	2	0.3333333
8510	8507	2	0.33333334
8508	8510	0	0.33333337
8510	8508	0	0.33333337
8508	8510	1	0.33333337
8510	8508	1	0.33333334
8508	8510	2	0.33333325
8510	8508	2	0.33333328
8509	8512	0	0.33333337
8512	8509	0	0.33333337
8509	8512	1	0.33333334
8512	8509	1	0.33333337
8509	8512	2	0.33333322
8512	8509	2	0.33333325
8509	8513	0	0.3333333
8513	8509	0	0.33333337
8509	8513	1	0.33333337
8513	8509	1	0.3333333
8509	8513	2	0.3333333
8513	8509	2	0.3333333
8509	8511	0	0.33333334
8511	8509	0	0.33333334
8509	8511	1	0.33333337
8511	8509	1	0.33333334
8509	8511	2	0.33333322
8511	8509	2	0.33333322
8510	8514	0	0.33333325
8514	8510	0	0.33333343
8510	8514	1	0.33333343
8514	8510	1	0.33333325
8510	8514	2	0.33333325
8514	8510	2	0.33333325
8510	8515	0	0.33333346
8515	8510	0	0.33333325
8510	8515	1	0.33333325
8515	8510	1	0.33333343
8510	8515	2	0.3333333
8515	8510	2	0.3333333
8511	8516	0	0.33333334
8516	8511	0	0.33333337
8511	8516	1	0.33333334
8516	8511	1	0.33333334
8511	8516	2	0.33333328
8516	8511	2	0.33333328
8511	8517	0	0.33333325
8517	8511	0	0.33333337
8511	8517	1	0.33333337
8517	8511	1	0.33333322
8511	8517	2	0.3333333
8517	8511	2	0.33333337
8511	8518	0	0.33333334
8518	8511	0	0.33333334
8511	8518	1	0.33333334
8518	8511	1	0.33333337
8511	8518	2	0.33333325
8518	8511	2	0.33333328
8512	8516	0	0.3333333
8516	8512	0	0.33333337
8512	8516	1	0.33333337
8516	8512	1	0.33333334
8512	8516	2	0.3333333
8516	8512	2	0.3333333
8512	8517	0	0.33333334
8517	8512	0	0.33333325
8512	8517	1	0.33333328
8517	8512	1	0.33333334
8512	8517	2	0.33333337
8517	8512	2	0.33333334
8512	8518	0	0.33333337
8518	8512	0	0.33333337
8512	8518	1	0.33333337
8518	8512	1	0.33333334
8512	8518	2	0.33333325
8518	8512	2	0.33333325
8513	8516	0	0.33333337
8516	8513	0	0.33333337
8513	8516	1	0.33333334
8516	8513	1	0.33333337
8513	8516	2	0.33333328
8516	8513	2	0.3333333
8513	8517	0	0.33333337
8517	8513	0	0.33333334
8513	8517	1	0.33333334
8517	8513	1	0.33333337
8513	8517	2	0.33333328
8517	8513	2	0.33333328
8513	8518	0	0.33333337
8518	8513	0	0.33333337
8513	8518	1	0.33333337
8518	8513	1	0.33333337
8513	8518	2	0.33333328
8518	8513	2	0.33333328
8514	8518	0	0.3333333
8518	8514	0	0.3333334
8514	8518	1	0.3333334
8518	8514	1	0.3333333
8514	8518	2	0.33333325
8518	8514	2	0.33333325
8514	8519	0	0.33333334
8519	8514	0	0.3333333
8514	8519	1	0.33333334
8519	8514	1	0.3333333
8514	8519	2	0.33333334
8519	8514	2	0.33333334
8515	8519	0	0.3333332
8519	8515	0	0.3333335
8515	8519	1	0.3333335
8519	8515	1	0.3333332
8515	8519	2	0.3333333
8519	8515	2	0.3333333
8516	8520	0	0.33333337
8520	8516	0	0.33333334
8516	8520	1	0.33333334
8520	8516	1	0.33333337
8516	8520	2	0.33333325
8520	8516	2	0.33333325
8517	8520	0	0.33333337
8520	8517	0	0.33333337
8517	8520	1	0.3333333
8520	8517	1	0.33333337
8517	8520	2	0.33333325
8520	8517	2	0.33333328
8518	8520	0	0.33333334
8520	8518	0	0.33333337
8518	8520	1	0.33333337
8520	8518	1	0.33333334
8518	8520	2	0.33333328
8520	8518	2	0.33333325
8521	8524	0	0.33333337
8524	8521	0	0.33333337
8521	8524	1	0.33333337
8524	8521	1	0.33333337
8521	8524	2	0.3333333
8524	8521	2	0.3333333
8521	8525	0	0.33333337
8525	8521	0	0.33333337
8521	8525	1	0.33333337
8525	8521	1	0.33333337
8521	8525	2	0.33333322
8525	8521	2	0.33333322
8521	8526	0	0.3333333
8526	8521	0	0.33333334
8521	8526	1	0.33333334
8526	8521	1	0.3333333
8521	8526	2	0.33333328
8526	8521	2	0.33333328
8522	8527	0	0.33333322
8527	8522	0	0.3333335
8522	8527	1	0.33333355
8527	8522	1	0.33333325
8522	8527	2	0.33333328
8527	8522	2	0.33333325
8523	8527	0	0.33333337
8527	8523	0	0.3333333
8523	8527	1	0.33333328
8527	8523	1	0.33333337
8523	8527	2	0.3333333
8527	8523	2	0.3333333
8524	8528	0	0.33333337
8528	8524	0	0.33333337
8524	8528	1	0.33333334
8528	8524	1	0.33333337
8524	8528	2	0.33333328
8528	8524	2	0.33333328
8524	8529	0	0.33333337
8529	8524	0	0.33333337
8524	8529	1	0.33333337
8529	8524	1	0.33333337
8524	8529	2	0.33333334
8529	8524	2	0.3333333
8524	8530	0	0.3333333
8530	8524	0	0.33333334
8524	8530	1	0.3333333
8530	8524	1	0.3333333
8524	8530	2	0.33333343
8530	8524	2	0.33333337
8525	8528	0	0.33333334
8528	8525	0	0.3333334
8525	8528	1	0.3333334
8528	8525	1	0.33333334
8525	8528	2	0.33333328
8528	8525	2	0.33333328
8525	8529	0	0.33333334
8529	8525	0	0.33333334
8525	8529	1	0.33333334
8529	8525	1	0.33333334
8525	8529	2	0.33333322
8529	8525	2	0.33333322
8525	8530	0	0.33333337
8530	8525	0	0.33333337
8525	8530	1	0.33333337
8530	8525	1	0.33333337
8525	8530	2	0.3333333
8530	8525	2	0.3333333
8526	8528	0	0.33333337
8528	8526	0	0.33333334
8526	8528	1	0.33333337
8528	8526	1	0.33333337
8526	8528	2	0.3333333
8528	8526	2	0.33333334
8526	8529	0	0.33333337
8529	8526	0	0.33333337
8526	8529	1	0.33333337
8529	8526	1	0.33333337
8526	8529	2	0.3333333
8529	8526	2	0.3333333
8526	8530	0	0.33333334
8530	8526	0	0.33333343
8526	8530	1	0.33333337
8530	8526	1	0.33333337
8526	8530	2	0.33333322
8530	8526	2	0.33333322
8527	8531	0	0.33333325
8531	8527	0	0.33333343
8527	8531	1	0.33333343
8531	8527	1	0.33333322
8527	8531	2	0.3333333
8531	8527	2	0.3333333
8527	8532	0	0.3333333
8532	8527	0	0.33333337
8527	8532	1	0.33333334
8532	8527	1	0.33333334
8527	8532	2	0.33333334
8532	8527	2	0.33333334
8527	8533	0	0.33333337
8533	8527	0	0.33333334
8527	8533	1	0.33333334
8533	8527	1	0.33333337
8527	8533	2	0.33333334
8533	8527	2	0.3333333
8528	8533	0	0.3333334
8533	8528	0	0.33333337
8528	8533	1	0.33333334
8533	8528	1	0.3333334
8528	8533	2	0.33333328
8533	8528	2	0.33333328
8528	8534	0	0.3333333
8534	8528	0	0.3333333
8528	8534	1	0.3333333
8534	8528	1	0.33333334
8528	8534	2	0.3333333
8534	8528	2	0.33333334
8528	8535	0	0.33333337
8535	8528	0	0.3333333
8528	8535	1	0.33333334
8535	8528	1	0.33333337
8528	8535	2	0.33333325
8535	8528	2	0.33333325
8528	8536	0	0.33333302
8536	8528	0	0.33333358
8528	8536	1	0.3333336
8536	8528	1	0.33333308
8528	8536	2	0.3333333
8536	8528	2	0.33333334
8529	8534	0	0.33333337
8534	8529	0	0.33333334
8529	8534	1	0.33333334
8534	8529	1	0.33333334
8529	8534	2	0.33333322
8534	8529	2	0.33333325
8529	8535	0	0.33333337
8535	8529	0	0.33333337
8529	8535	1	0.33333337
8535	8529	1	0.33333337
8529	8535	2	0.33333334
8535	8529	2	0.33333328
8529	8536	0	0.3333333
8536	8529	0	0.33333337
8529	8536	1	0.33333334
8536	8529	1	0.33333334
8529	8536	2	0.33333337
8536	8529	2	0.33333337
8530	8534	0	0.33333334
8534	8530	0	0.33333337
8530	8534	1	0.33333337
8534	8530	1	0.33333337
8530	8534	2	0.33333322
8534	8530	2	0.3333332
8530	8535	0	0.33333334
8535	8530	0	0.33333334
8530	8535	1	0.33333334
8535	8530	1	0.33333337
8530	8535	2	0.33333322
8535	8530	2	0.33333325
8530	8536	0	0.33333334
8536	8530	0	0.33333334
8530	8536	1	0.33333334
8536	8530	1	0.33333334
8530	8536	2	0.33333328
8536	8530	2	0.33333328
8531	8537	0	0.33333334
8537	8531	0	0.33333334
8531	8537	1	0.33333337
8537	8531	1	0.33333337
8531	8537	2	0.33333325
8537	8531	2	0.33333325
8532	8537	0	0.33333337
8537	8532	0	0.3333334
8532	8537	1	0.33333337
8537	8532	1	0.33333337
8532	8537	2	0.33333328
8537	8532	2	0.33333328
8533	8537	0	0.33333325
8537	8533	0	0.33333343
8533	8537	1	0.33333343
8537	8533	1	0.33333325
8533	8537	2	0.33333334
8537	8533	2	0.33333334
8538	8540	0	0.33333337
8540	8538	0	0.3333333
8538	8540	1	0.33333334
8540	8538	1	0.33333337
8538	8540	2	0.33333328
8540	8538	2	0.33333325
8538	8541	0	0.33333337
8541	8538	0	0.33333337
8538	8541	1	0.33333337
8541	8538	1	0.33333334
8538	8541	2	0.3333333
8541	8538	2	0.33333328
8539	8542	0	0.33333322
8542	8539	0	0.33333343
8539	8542	1	0.33333346
8542	8539	1	0.3333332
8539	8542	2	0.33333334
8542	8539	2	0.3333333
8539	8543	0	0.33333334
8543	8539	0	0.33333334
8539	8543	1	0.33333334
8543	8539	1	0.33333337
8539	8543	2	0.33333325
8543	8539	2	0.33333325
8540	8544	0	0.3333334
8544	8540	0	0.33333334
8540	8544	1	0.3333333
8544	8540	1	0.33333337
8540	8544	2	0.33333325
8544	8540	2	0.33333325
8540	8545	0	0.33333337
8545	8540	0	0.33333328
8540	8545	1	0.33333328
8545	8540	1	0.3333334
8540	8545	2	0.33333334
8545	8540	2	0.33333334
8541	8543	0	0.33333334
8543	8541	0	0.33333343
8541	8543	1	0.33333337
8543	8541	1	0.33333334
8541	8543	2	0.33333328
8543	8541	2	0.33333328
8541	8544	0	0.33333334
8544	8541	0	0.33333334
8541	8544	1	0.33333334
8544	8541	1	0.33333334
8541	8544	2	0.33333325
8544	8541	2	0.33333322
8541	8545	0	0.33333337
8545	8541	0	0.33333337
8541	8545	1	0.33333334
8545	8541	1	0.33333337
8541	8545	2	0.3333333
8545	8541	2	0.33333334
8542	8546	0	0.3333333
8546	8542	0	0.33333337
8542	8546	1	0.33333337
8546	8542	1	0.3333333
8542	8546	2	0.3333333
8546	8542	2	0.3333333
8543	8546	0	0.33333337
8546	8543	0	0.33333337
8543	8546	1	0.33333334
8546	8543	1	0.33333337
8543	8546	2	0.3333333
8546	8543	2	0.3333333
8547	8551	0	0.3333333
8551	8547	0	0.33333337
8547	8551	1	0.33333337
8551	8547	1	0.3333333
8547	8551	2	0.3333333
8551	8547	2	0.3333333
8548	8551	0	0.33333337
8551	8548	0	0.3333333
8548	8551	1	0.33333328
8551	8548	1	0.33333337
8548	8551	2	0.33333328
8551	8548	2	0.33333328
8552	8555	0	0.3333334
8555	8552	0	0.33333334
8552	8555	1	0.3333333
8555	8552	1	0.3333334
8552	8555	2	0.33333322
8555	8552	2	0.33333322
8553	8556	0	0.33333337
8556	8553	0	0.33333337
8553	8556	1	0.33333337
8556	8553	1	0.33333334
8553	8556	2	0.33333328
8556	8553	2	0.33333328
8553	8557	0	0.33333337
8557	8553	0	0.33333337
8553	8557	1	0.33333337
8557	8553	1	0.33333337
8553	8557	2	0.33333325
8557	8553	2	0.33333322
8554	8556	0	0.33333334
8556	8554	0	0.33333337
8554	8556	1	0.33333337
8556	8554	1	0.33333334
8554	8556	2	0.33333325
8556	8554	2	0.33333325
8554	8557	0	0.33333337
8557	8554	0	0.33333334
8554	8557	1	0.3333333
8557	8554	1	0.33333337
8554	8557	2	0.33333325
8557	8554	2	0.33333325
8555	8558	0	0.33333334
8558	8555	0	0.33333334
8555	8558	1	0.3333333
8558	8555	1	0.33333337
8555	8558	2	0.3333333
8558	8555	2	0.3333333
8555	8559	0	0.33333334
8559	8555	0	0.33333334
8555	8559	1	0.33333334
8559	8555	1	0.33333334
8555	8559	2	0.33333325
8559	8555	2	0.33333325
8560	8563	0	0.33333337
8563	8560	0	0.33333334
8560	8563	1	0.33333337
8563	8560	1	0.3333333
8560	8563	2	0.33333334
8563	8560	2	0.3333333
8560	8564	0	0.3333333
8564	8560	0	0.33333334
8560	8564	1	0.33333337
8564	8560	1	0.33333328
8560	8564	2	0.3333333
8564	8560	2	0.3333333
8561	8563	0	0.33333337
8563	8561	0	0.33333337
8561	8563	1	0.3333333
8563	8561	1	0.33333337
8561	8563	2	0.3333333
8563	8561	2	0.33333328
8561	8564	0	0.3333333
8564	8561	0	0.33333337
8561	8564	1	0.33333337
8564	8561	1	0.33333334
8561	8564	2	0.33333325
8564	8561	2	0.33333325
8565	8568	0	0.33333337
8568	8565	0	0.33333337
8565	8568	1	0.33333337
8568	8565	1	0.33333334
8565	8568	2	0.33333328
8568	8565	2	0.33333325
8565	8569	0	0.33333337
8569	8565	0	0.33333334
8565	8569	1	0.33333334
8569	8565	1	0.33333337
8565	8569	2	0.3333333
8569	8565	2	0.3333333
8566	8569	0	0.3333333
8569	8566	0	0.33333337
8566	8569	1	0.33333337
8569	8566	1	0.33333328
8566	8569	2	0.3333333
8569	8566	2	0.3333333
8570	8576	0	0.3333333
8576	8570	0	0.33333334
8570	8576	1	0.33333337
8576	8570	1	0.3333333
8570	8576	2	0.3333333
8576	8570	2	0.33333334
8570	8574	0	0.33333337
8574	8570	0	0.33333337
8570	8574	1	0.33333337
8574	8570	1	0.33333337
8570	8574	2	0.3333333
8574	8570	2	0.3333333
8570	8575	0	0.3333333
8575	8570	0	0.3333334
8570	8575	1	0.33333337
8575	8570	1	0.33333337
8570	8575	2	0.33333325
8575	8570	2	0.33333325
8571	8576	0	0.33333337
8576	8571	0	0.33333337
8571	8576	1	0.33333337
8576	8571	1	0.33333337
8571	8576	2	0.3333333
8576	8571	2	0.33333334
8571	8574	0	0.33333337
8574	8571	0	0.33333337
8571	8574	1	0.33333337
8574	8571	1	0.33333334
8571	8574	2	0.3333333
8574	8571	2	0.3333333
8571	8575	0	0.33333334
8575	8571	0	0.33333337
8571	8575	1	0.33333337
8575	8571	1	0.33333334
8571	8575	2	0.33333334
8575	8571	2	0.33333334
8572	8577	0	0.3333335
8577	8572	0	0.33333325
8572	8577	1	0.3333332
8577	8572	1	0.33333343
8572	8577	2	0.3333333
8577	8572	2	0.33333334
8573	8577	0	0.33333313
8577	8573	0	0.3333335
8573	8577	1	0.3333335
8577	8573	1	0.33333316
8573	8577	2	0.3333333
8577	8573	2	0.3333333
8574	8578	0	0.33333334
8578	8574	0	0.33333337
8574	8578	1	0.33333334
8578	8574	1	0.33333334
8574	8578	2	0.33333325
8578	8574	2	0.33333325
8575	8578	0	0.33333337
8578	8575	0	0.33333334
8575	8578	1	0.33333334
8578	8575	1	0.33333337
8575	8578	2	0.33333325
8578	8575	2	0.33333325
8576	8578	0	0.33333337
8578	8576	0	0.33333334
8576	8578	1	0.33333337
8578	8576	1	0.33333334
8576	8578	2	0.33333325
8578	8576	2	0.33333325
8579	8584	0	0.33333328
8584	8579	0	0.33333337
8579	8584	1	0.33333334
8584	8579	1	0.33333328
8579	8584	2	0.3333333
8584	8579	2	0.3333333
8580	8584	0	0.3333332
8584	8580	0	0.33333343
8580	8584	1	0.33333343
8584	8580	1	0.3333332
8580	8584	2	0.33333334
8584	8580	2	0.33333334
8581	8585	0	0.33333334
8585	8581	0	0.3333334
8581	8585	1	0.33333337
8585	8581	1	0.33333334
8581	8585	2	0.33333325
8585	8581	2	0.33333325
8582	8585	0	0.33333334
8585	8582	0	0.3333333
8582	8585	1	0.33333334
8585	8582	1	0.33333337
8582	8585	2	0.33333325
8585	8582	2	0.33333325
8583	8585	0	0.33333334
8585	8583	0	0.33333337
8583	8585	1	0.33333334
8585	8583	1	0.33333334
8583	8585	2	0.33333325
8585	8583	2	0.33333325
8584	8586	0	0.33333337
8586	8584	0	0.33333343
8584	8586	1	0.33333343
8586	8584	1	0.33333337
8584	8586	2	0.33333325
8586	8584	2	0.33333322
8584	8587	0	0.3333333
8587	8584	0	0.33333334
8584	8587	1	0.33333337
8587	8584	1	0.33333334
8584	8587	2	0.33333328
8587	8584	2	0.3333333
8591	8595	0	0.33333334
8595	8591	0	0.33333334
8591	8595	1	0.33333334
8595	8591	1	0.33333334
8591	8595	2	0.3333333
8595	8591	2	0.3333333
8591	8596	0	0.33333337
8596	8591	0	0.33333334
8591	8596	1	0.33333337
8596	8591	1	0.33333334
8591	8596	2	0.33333322
8596	8591	2	0.33333325
8591	8597	0	0.3333333
8597	8591	0	0.3333333
8591	8597	1	0.33333337
8597	8591	1	0.3333333
8591	8597	2	0.3333333
8597	8591	2	0.33333334
8592	8595	0	0.33333337
8595	8592	0	0.3333333
8592	8595	1	0.3333333
8595	8592	1	0.33333337
8592	8595	2	0.33333328
8595	8592	2	0.33333328
8592	8596	0	0.33333337
8596	8592	0	0.33333337
8592	8596	1	0.33333337
8596	8592	1	0.33333337
8592	8596	2	0.3333332
8596	8592	2	0.33333325
8592	8597	0	0.33333337
8597	8592	0	0.33333337
8592	8597	1	0.33333337
8597	8592	1	0.33333337
8592	8597	2	0.33333322
8597	8592	2	0.33333325
8593	8598	0	0.33333328
8598	8593	0	0.3333335
8593	8598	1	0.33333346
8598	8593	1	0.33333328
8593	8598	2	0.33333325
8598	8593	2	0.33333325
8594	8598	0	0.3333332
8598	8594	0	0.33333346
8594	8598	1	0.3333335
8598	8594	1	0.3333332
8594	8598	2	0.3333333
8598	8594	2	0.3333333
8595	8599	0	0.33333334
8599	8595	0	0.3333333
8595	8599	1	0.33333334
8599	8595	1	0.3333333
8595	8599	2	0.33333328
8599	8595	2	0.3333333
8595	8600	0	0.33333325
8600	8595	0	0.33333343
8595	8600	1	0.3333334
8600	8595	1	0.33333328
8595	8600	2	0.33333328
8600	8595	2	0.33333325
8596	8599	0	0.33333334
8599	8596	0	0.33333337
8596	8599	1	0.33333334
8599	8596	1	0.33333337
8596	8599	2	0.33333322
8599	8596	2	0.33333325
8596	8600	0	0.33333337
8600	8596	0	0.33333337
8596	8600	1	0.33333337
8600	8596	1	0.33333337
8596	8600	2	0.33333334
8600	8596	2	0.33333334
8597	8599	0	0.33333337
8599	8597	0	0.3333333
8597	8599	1	0.33333337
8599	8597	1	0.33333337
8597	8599	2	0.33333334
8599	8597	2	0.3333333
8597	8600	0	0.33333337
8600	8597	0	0.33333334
8597	8600	1	0.33333337
8600	8597	1	0.33333337
8597	8600	2	0.33333325
8600	8597	2	0.33333322
8598	8601	0	0.3333333
8601	8598	0	0.33333337
8598	8601	1	0.33333337
8601	8598	1	0.33333334
8598	8601	2	0.33333325
8601	8598	2	0.33333325
8599	8601	0	0.33333337
8601	8599	0	0.33333337
8599	8601	1	0.33333337
8601	8599	1	0.33333337
8599	8601	2	0.3333333
8601	8599	2	0.3333333
8600	8602	0	0.33333337
8602	8600	0	0.33333337
8600	8602	1	0.33333337
8602	8600	1	0.33333337
8600	8602	2	0.33333328
8602	8600	2	0.33333328
8600	8603	0	0.33333337
8603	8600	0	0.33333334
8600	8603	1	0.33333337
8603	8600	1	0.33333337
8600	8603	2	0.33333325
8603	8600	2	0.33333322
8600	8604	0	0.3333335
8604	8600	0	0.33333322
8600	8604	1	0.3333332
8604	8600	1	0.3333335
8600	8604	2	0.33333325
8604	8600	2	0.33333325
8601	8605	0	0.33333325
8605	8601	0	0.33333346
8601	8605	1	0.3333335
8605	8601	1	0.33333328
8601	8605	2	0.33333325
8605	8601	2	0.33333322
8602	8606	0	0.33333337
8606	8602	0	0.33333334
8602	8606	1	0.3333333
8606	8602	1	0.33333337
8602	8606	2	0.3333333
8606	8602	2	0.3333333
8603	8606	0	0.33333337
8606	8603	0	0.3333333
8603	8606	1	0.3333333
8606	8603	1	0.33333337
8603	8606	2	0.33333328
8606	8603	2	0.33333328
8604	8606	0	0.33333337
8606	8604	0	0.3333334
8604	8606	1	0.3333334
8606	8604	1	0.33333334
8604	8606	2	0.33333325
8606	8604	2	0.33333325
8605	8608	0	0.3333334
8608	8605	0	0.33333337
8605	8608	1	0.33333337
8608	8605	1	0.33333337
8605	8608	2	0.33333328
8608	8605	2	0.33333328
8605	8607	0	0.33333337
8607	8605	0	0.33333337
8605	8607	1	0.33333337
8607	8605	1	0.33333337
8605	8607	2	0.33333328
8607	8605	2	0.33333328
8606	8609	0	0.3333335
8609	8606	0	0.33333334
8606	8609	1	0.3333333
8609	8606	1	0.33333346
8606	8609	2	0.33333322
8609	8606	2	0.33333322
8606	8610	0	0.33333337
8610	8606	0	0.33333334
8606	8610	1	0.33333334
8610	8606	1	0.33333337
8606	8610	2	0.33333325
8610	8606	2	0.33333325
8606	8611	0	0.33333334
8611	8606	0	0.33333337
8606	8611	1	0.33333337
8611	8606	1	0.33333334
8606	8611	2	0.3333333
8611	8606	2	0.3333333
8607	8612	0	0.33333337
8612	8607	0	0.33333337
8607	8612	1	0.33333337
8612	8607	1	0.3333333
8607	8612	2	0.33333322
8612	8607	2	0.33333325
8607	8613	0	0.33333337
8613	8607	0	0.33333337
8607	8613	1	0.33333337
8613	8607	1	0.33333334
8607	8613	2	0.33333334
8613	8607	2	0.33333337
8607	8614	0	0.3333333
8614	8607	0	0.3333333
8607	8614	1	0.3333333
8614	8607	1	0.3333333
8607	8614	2	0.33333334
8614	8607	2	0.33333337
8608	8612	0	0.3333334
8612	8608	0	0.33333334
8608	8612	1	0.33333334
8612	8608	1	0.3333334
8608	8612	2	0.33333328
8612	8608	2	0.33333328
8608	8613	0	0.33333334
8613	8608	0	0.33333337
8608	8613	1	0.33333334
8613	8608	1	0.3333333
8608	8613	2	0.3333333
8613	8608	2	0.33333334
8608	8614	0	0.33333328
8614	8608	0	0.33333343
8608	8614	1	0.33333343
8614	8608	1	0.33333328
8608	8614	2	0.33333325
8614	8608	2	0.33333328
8609	8615	0	0.33333343
8615	8609	0	0.33333334
8609	8615	1	0.3333333
8615	8609	1	0.33333343
8609	8615	2	0.33333328
8615	8609	2	0.33333328
8609	8616	0	0.33333337
8616	8609	0	0.33333334
8609	8616	1	0.3333333
8616	8609	1	0.33333337
8609	8616	2	0.33333337
8616	8609	2	0.33333337
8609	8617	0	0.3333333
8617	8609	0	0.33333325
8609	8617	1	0.33333325
8617	8609	1	0.33333328
8609	8617	2	0.33333346
8617	8609	2	0.33333346
8610	8615	0	0.33333337
8615	8610	0	0.33333337
8610	8615	1	0.33333334
8615	8610	1	0.33333337
8610	8615	2	0.33333325
8615	8610	2	0.33333325
8610	8616	0	0.3333332
8616	8610	0	0.3333335
8610	8616	1	0.3333335
8616	8610	1	0.33333316
8610	8616	2	0.33333328
8616	8610	2	0.33333328
8610	8617	0	0.33333316
8617	8610	0	0.33333343
8610	8617	1	0.33333343
8617	8610	1	0.33333313
8610	8617	2	0.33333337
8617	8610	2	0.33333337
8611	8615	0	0.3333333
8615	8611	0	0.33333334
8611	8615	1	0.33333337
8615	8611	1	0.33333334
8611	8615	2	0.33333325
8615	8611	2	0.33333325
8611	8616	0	0.33333337
8616	8611	0	0.33333337
8611	8616	1	0.33333337
8616	8611	1	0.33333337
8611	8616	2	0.33333322
8616	8611	2	0.33333325
8611	8617	0	0.33333337
8617	8611	0	0.33333337
8611	8617	1	0.33333337
8617	8611	1	0.33333337
8611	8617	2	0.3333333
8617	8611	2	0.3333333
8618	8621	0	0.3333334
8621	8618	0	0.33333328
8618	8621	1	0.33333325
8621	8618	1	0.33333337
8618	8621	2	0.33333328
8621	8618	2	0.33333328
8618	8622	0	0.33333337
8622	8618	0	0.33333337
8618	8622	1	0.33333337
8622	8618	1	0.33333337
8618	8622	2	0.33333322
8622	8618	2	0.33333322
8619	8623	0	0.33333337
8623	8619	0	0.33333337
8619	8623	1	0.33333337
8623	8619	1	0.33333337
8619	8623	2	0.3333333
8623	8619	2	0.3333333
8619	8624	0	0.33333328
8624	8619	0	0.33333337
8619	8624	1	0.33333337
8624	8619	1	0.33333325
8619	8624	2	0.3333333
8624	8619	2	0.3333333
8619	8625	0	0.33333337
8625	8619	0	0.3333333
8619	8625	1	0.3333333
8625	8619	1	0.33333334
8619	8625	2	0.3333333
8625	8619	2	0.3333333
8620	8623	0	0.33333334
8623	8620	0	0.33333337
8620	8623	1	0.33333337
8623	8620	1	0.3333333
8620	8623	2	0.3333333
8623	8620	2	0.3333333
8620	8624	0	0.33333337
8624	8620	0	0.33333334
8620	8624	1	0.33333337
8624	8620	1	0.33333337
8620	8624	2	0.33333322
8624	8620	2	0.3333332
8620	8625	0	0.33333337
8625	8620	0	0.33333334
8620	8625	1	0.33333337
8625	8620	1	0.33333334
8620	8625	2	0.33333325
8625	8620	2	0.33333325
8621	8626	0	0.33333355
8626	8621	0	0.3333332
8621	8626	1	0.33333316
8626	8621	1	0.3333335
8621	8626	2	0.3333333
8626	8621	2	0.3333333
8622	8626	0	0.33333337
8626	8622	0	0.33333337
8622	8626	1	0.33333337
8626	8622	1	0.33333337
8622	8626	2	0.3333332
8626	8622	2	0.33333322
8245	8244	1	0.0
8336	8335	1	0.0
8285	8284	1	0.0
8383	8382	1	0.0
8337	8335	1	0.0
8286	8283	1	0.0
8286	8284	1	0.0
8338	8335	1	0.0
8384	8382	1	0.0
8439	8438	1	0.0
8286	8285	1	0.0
8246	8244	1	0.0
8337	8336	1	0.0
8385	8382	1	0.0
8287	8286	1	0.0
8338	8336	1	0.0
8246	8245	1	0.0
8386	8383	1	0.0
8288	8286	1	0.0
8338	8337	1	0.0
8247	8245	1	0.0
8384	8383	1	0.0
8288	8287	1	0.0
8339	8336	1	0.0
8248	8245	1	0.0
8290	8289	1	0.0
8385	8383	1	0.0
8291	8289	1	0.0
8339	8337	1	0.0
8384	8386	1	0.0
8247	8246	1	0.0
8440	8438	1	0.0
8292	8289	1	0.0
8339	8338	1	0.0
8385	8386	1	0.0
8248	8246	1	0.0
8440	8439	1	0.0
8291	8290	1	0.0
8385	8384	1	0.0
8472	8471	1	0.0
8341	8340	1	0.0
8292	8290	1	0.0
8441	8439	1	0.0
8248	8247	1	0.0
8387	8384	1	0.0
8342	8340	1	0.0
8441	8440	1	0.0
8249	8247	1	0.0
8292	8291	1	0.0
8387	8385	1	0.0
8342	8341	1	0.0
8442	8441	1	0.0
8250	8247	1	0.0
8293	8289	1	0.0
8389	8388	1	0.0
8344	8343	1	0.0
8443	8442	1	0.0
8391	8390	1	0.0
8251	8247	1	0.0
8294	8289	1	0.0
8345	8344	1	0.0
8444	8442	1	0.0
8524	8523	1	0.0
8473	8472	1	0.0
8249	8248	1	0.0
8293	8290	1	0.0
8346	8344	1	0.0
8391	8392	1	0.0
8444	8443	1	0.0
8294	8290	1	0.0
8250	8248	1	0.0
8347	8344	1	0.0
8445	8443	1	0.0
8393	8391	1	0.0
8474	8472	1	0.0
8251	8248	1	0.0
8293	8291	1	0.0
8346	8345	1	0.0
8394	8392	1	0.0
8474	8473	1	0.0
8250	8249	1	0.0
8294	8291	1	0.0
8575	8573	1	0.0
8445	8444	1	0.0
8347	8345	1	0.0
8394	8391	1	0.0
8475	8473	1	0.0
8251	8249	1	0.0
8293	8292	1	0.0
8347	8346	1	0.0
8394	8393	1	0.0
8525	8523	1	0.0
8475	8474	1	0.0
8253	8252	1	0.0
8294	8292	1	0.0
8446	8445	1	0.0
8348	8345	1	0.0
8254	8253	1	0.0
8395	8394	1	0.0
8476	8474	1	0.0
8526	8523	1	0.0
8447	8445	1	0.0
8294	8293	1	0.0
8348	8346	1	0.0
8621	8619	1	0.0
8476	8475	1	0.0
8448	8445	1	0.0
8255	8253	1	0.0
8396	8395	1	0.0
8525	8524	1	0.0
8295	8293	1	0.0
8348	8347	1	0.0
8477	8475	1	0.0
8256	8253	1	0.0
8398	8397	1	0.0
8447	8446	1	0.0
8526	8524	1	0.0
8350	8349	1	0.0
8477	8476	1	0.0
8255	8254	1	0.0
8576	8573	1	0.0
8399	8397	1	0.0
8295	8294	1	0.0
8448	8446	1	0.0
8526	8525	1	0.0
8351	8349	1	0.0
8479	8478	1	0.0
8399	8398	1	0.0
8256	8254	1	0.0
8575	8574	1	0.0
8296	8295	1	0.0
8527	8524	1	0.0
8448	8447	1	0.0
8351	8350	1	0.0
8480	8478	1	0.0
8400	8398	1	0.0
8256	8255	1	0.0
8576	8574	1	0.0
8622	8619	1	0.0
8297	8295	1	0.0
8449	8446	1	0.0
8527	8525	1	0.0
8353	8352	1	0.0
8481	8478	1	0.0
8401	8398	1	0.0
8576	8575	1	0.0
8257	8254	1	0.0
8298	8295	1	0.0
8621	8620	1	0.0
8450	8446	1	0.0
8527	8526	1	0.0
8480	8479	1	0.0
8354	8352	1	0.0
8402	8398	1	0.0
8257	8255	1	0.0
8577	8574	1	0.0
8297	8296	1	0.0
8622	8620	1	0.0
8451	8446	1	0.0
8528	8527	1	0.0
8481	8479	1	0.0
8354	8353	1	0.0
8298	8296	1	0.0
8400	8399	1	0.0
8257	8256	1	0.0
8577	8575	1	0.0
8452	8446	1	0.0
8622	8621	1	0.0
8481	8480	1	0.0
8529	8527	1	0.0
8356	8355	1	0.0
8298	8297	1	0.0
8401	8399	1	0.0
8577	8576	1	0.0
8259	8258	1	0.0
8449	8447	1	0.0
8482	8479	1	0.0
8623	8621	1	0.0
8357	8355	1	0.0
8530	8527	1	0.0
8402	8399	1	0.0
8299	8296	1	0.0
8260	8258	1	0.0
8578	8577	1	0.0
8450	8447	1	0.0
8482	8480	1	0.0
8624	8621	1	0.0
8358	8355	1	0.0
8260	8259	1	0.0
8401	8400	1	0.0
8580	8579	1	0.0
8300	8296	1	0.0
8529	8528	1	0.0
8482	8481	1	0.0
8625	8621	1	0.0
8451	8447	1	0.0
8357	8356	1	0.0
8261	8260	1	0.0
8402	8400	1	0.0
8299	8297	1	0.0
8581	8579	1	0.0
8483	8482	1	0.0
8530	8528	1	0.0
8300	8297	1	0.0
8262	8260	1	0.0
8452	8447	1	0.0
8402	8401	1	0.0
8358	8356	1	0.0
8623	8622	1	0.0
8582	8579	1	0.0
8484	8483	1	0.0
8530	8529	1	0.0
8299	8298	1	0.0
8262	8261	1	0.0
8358	8357	1	0.0
8449	8448	1	0.0
8485	8484	1	0.0
8624	8622	1	0.0
8403	8400	1	0.0
8264	8263	1	0.0
8300	8298	1	0.0
8531	8528	1	0.0
8583	8579	1	0.0
8360	8359	1	0.0
8450	8448	1	0.0
8625	8622	1	0.0
8486	8484	1	0.0
8581	8580	1	0.0
8265	8264	1	0.0
8300	8299	1	0.0
8361	8359	1	0.0
8403	8401	1	0.0
8624	8623	1	0.0
8451	8448	1	0.0
8532	8528	1	0.0
8486	8485	1	0.0
8582	8580	1	0.0
8301	8299	1	0.0
8266	8265	1	0.0
8361	8360	1	0.0
8625	8623	1	0.0
8452	8448	1	0.0
8487	8485	1	0.0
8403	8402	1	0.0
8583	8580	1	0.0
8533	8529	1	0.0
8302	8299	1	0.0
8268	8267	1	0.0
8362	8360	1	0.0
8625	8624	1	0.0
8450	8449	1	0.0
8488	8485	1	0.0
8582	8581	1	0.0
8404	8403	1	0.0
8362	8361	1	0.0
8301	8300	1	0.0
8626	8623	1	0.0
8451	8449	1	0.0
8531	8529	1	0.0
8270	8269	1	0.0
8583	8581	1	0.0
8487	8486	1	0.0
8406	8405	1	0.0
8302	8300	1	0.0
8626	8624	1	0.0
8364	8363	1	0.0
8532	8529	1	0.0
8452	8449	1	0.0
8271	8269	1	0.0
8583	8582	1	0.0
8488	8486	1	0.0
8302	8301	1	0.0
8626	8625	1	0.0
8365	8363	1	0.0
8407	8405	1	0.0
8451	8450	1	0.0
8488	8487	1	0.0
8533	8530	1	0.0
8584	8581	1	0.0
8272	8269	1	0.0
8303	8301	1	0.0
8408	8407	1	0.0
8366	8363	1	0.0
8452	8450	1	0.0
8489	8487	1	0.0
8531	8530	1	0.0
8271	8270	1	0.0
8303	8302	1	0.0
8489	8488	1	0.0
8367	8363	1	0.0
8409	8408	1	0.0
8452	8451	1	0.0
8584	8582	1	0.0
8532	8530	1	0.0
8272	8270	1	0.0
8490	8489	1	0.0
8304	8303	1	0.0
8453	8449	1	0.0
8272	8271	1	0.0
8410	8408	1	0.0
8584	8583	1	0.0
8365	8364	1	0.0
8491	8489	1	0.0
8531	8533	1	0.0
8305	8304	1	0.0
8410	8409	1	0.0
8585	8584	1	0.0
8366	8364	1	0.0
8454	8449	1	0.0
8273	8269	1	0.0
8306	8305	1	0.0
8532	8533	1	0.0
8491	8490	1	0.0
8411	8409	1	0.0
8586	8585	1	0.0
8367	8364	1	0.0
8455	8449	1	0.0
8274	8269	1	0.0
8307	8306	1	0.0
8492	8490	1	0.0
8412	8409	1	0.0
8532	8531	1	0.0
8587	8585	1	0.0
8453	8450	1	0.0
8366	8365	1	0.0
8273	8270	1	0.0
8308	8307	1	0.0
8492	8491	1	0.0
8413	8409	1	0.0
8534	8533	1	0.0
8587	8586	1	0.0
8454	8450	1	0.0
8367	8365	1	0.0
8274	8270	1	0.0
8309	8307	1	0.0
8589	8588	1	0.0
8273	8271	1	0.0
8367	8366	1	0.0
8494	8493	1	0.0
8309	8308	1	0.0
8455	8450	1	0.0
8411	8410	1	0.0
8535	8533	1	0.0
8368	8364	1	0.0
8590	8588	1	0.0
8274	8271	1	0.0
8369	8364	1	0.0
8495	8493	1	0.0
8453	8451	1	0.0
8310	8308	1	0.0
8412	8410	1	0.0
8536	8533	1	0.0
8368	8365	1	0.0
8590	8589	1	0.0
8273	8272	1	0.0
8495	8494	1	0.0
8369	8365	1	0.0
8454	8451	1	0.0
8413	8410	1	0.0
8534	8531	1	0.0
8312	8311	1	0.0
8368	8366	1	0.0
8592	8591	1	0.0
8496	8493	1	0.0
8274	8272	1	0.0
8369	8366	1	0.0
8412	8411	1	0.0
8314	8313	1	0.0
8455	8451	1	0.0
8535	8531	1	0.0
8593	8591	1	0.0
8368	8367	1	0.0
8496	8494	1	0.0
8274	8273	1	0.0
8413	8411	1	0.0
8369	8367	1	0.0
8453	8452	1	0.0
8316	8315	1	0.0
8594	8591	1	0.0
8536	8531	1	0.0
8496	8495	1	0.0
8275	8273	1	0.0
8369	8368	1	0.0
8413	8412	1	0.0
8318	8317	1	0.0
8454	8452	1	0.0
8593	8592	1	0.0
8370	8368	1	0.0
8497	8496	1	0.0
8414	8411	1	0.0
8276	8273	1	0.0
8534	8532	1	0.0
8319	8317	1	0.0
8455	8452	1	0.0
8371	8368	1	0.0
8594	8592	1	0.0
8498	8496	1	0.0
8370	8369	1	0.0
8277	8273	1	0.0
8371	8369	1	0.0
8454	8453	1	0.0
8414	8413	1	0.0
8535	8532	1	0.0
8320	8317	1	0.0
8499	8496	1	0.0
8594	8593	1	0.0
8278	8273	1	0.0
8371	8370	1	0.0
8455	8453	1	0.0
8536	8532	1	0.0
8415	8414	1	0.0
8319	8318	1	0.0
8372	8370	1	0.0
8275	8274	1	0.0
8595	8593	1	0.0
8500	8496	1	0.0
8455	8454	1	0.0
8373	8370	1	0.0
8535	8534	1	0.0
8416	8414	1	0.0
8320	8318	1	0.0
8596	8593	1	0.0
8372	8371	1	0.0
8276	8274	1	0.0
8498	8497	1	0.0
8456	8453	1	0.0
8536	8534	1	0.0
8373	8371	1	0.0
8597	8593	1	0.0
8320	8319	1	0.0
8499	8497	1	0.0
8417	8414	1	0.0
8374	8372	1	0.0
8277	8274	1	0.0
8457	8453	1	0.0
8536	8535	1	0.0
8374	8373	1	0.0
8595	8594	1	0.0
8416	8415	1	0.0
8321	8317	1	0.0
8500	8497	1	0.0
8278	8274	1	0.0
8537	8534	1	0.0
8375	8374	1	0.0
8456	8454	1	0.0
8596	8594	1	0.0
8417	8415	1	0.0
8376	8374	1	0.0
8499	8498	1	0.0
8457	8454	1	0.0
8322	8317	1	0.0
8537	8535	1	0.0
8276	8275	1	0.0
8377	8374	1	0.0
8597	8594	1	0.0
8417	8416	1	0.0
8378	8374	1	0.0
8500	8498	1	0.0
8277	8275	1	0.0
8376	8375	1	0.0
8456	8455	1	0.0
8500	8499	1	0.0
8321	8318	1	0.0
8377	8375	1	0.0
8596	8595	1	0.0
8278	8275	1	0.0
8419	8418	1	0.0
8537	8536	1	0.0
8457	8455	1	0.0
8378	8375	1	0.0
8501	8497	1	0.0
8597	8595	1	0.0
8277	8276	1	0.0
8377	8376	1	0.0
8322	8318	1	0.0
8420	8418	1	0.0
8378	8376	1	0.0
8457	8456	1	0.0
8501	8498	1	0.0
8539	8538	1	0.0
8278	8276	1	0.0
8597	8596	1	0.0
8378	8377	1	0.0
8321	8319	1	0.0
8379	8375	1	0.0
8501	8499	1	0.0
8421	8418	1	0.0
8598	8595	1	0.0
8458	8456	1	0.0
8278	8277	1	0.0
8540	8539	1	0.0
8322	8319	1	0.0
8380	8375	1	0.0
8501	8500	1	0.0
8381	8375	1	0.0
8420	8419	1	0.0
8598	8596	1	0.0
8459	8456	1	0.0
8279	8275	1	0.0
8379	8376	1	0.0
8541	8539	1	0.0
8321	8320	1	0.0
8502	8501	1	0.0
8421	8419	1	0.0
8380	8376	1	0.0
8598	8597	1	0.0
8460	8456	1	0.0
8280	8275	1	0.0
8381	8376	1	0.0
8503	8501	1	0.0
8541	8540	1	0.0
8322	8320	1	0.0
8599	8598	1	0.0
8421	8420	1	0.0
8379	8377	1	0.0
8281	8275	1	0.0
8458	8457	1	0.0
8504	8501	1	0.0
8542	8540	1	0.0
8322	8321	1	0.0
8380	8377	1	0.0
8600	8598	1	0.0
8422	8419	1	0.0
8282	8275	1	0.0
8459	8457	1	0.0
8503	8502	1	0.0
8381	8377	1	0.0
8324	8323	1	0.0
8543	8540	1	0.0
8423	8419	1	0.0
8600	8599	1	0.0
8379	8378	1	0.0
8279	8276	1	0.0
8460	8457	1	0.0
8504	8502	1	0.0
8542	8541	1	0.0
8325	8323	1	0.0
8380	8378	1	0.0
8422	8420	1	0.0
8601	8600	1	0.0
8280	8276	1	0.0
8504	8503	1	0.0
8381	8378	1	0.0
8459	8458	1	0.0
8543	8542	1	0.0
8423	8420	1	0.0
8326	8323	1	0.0
8281	8276	1	0.0
8380	8379	1	0.0
8602	8601	1	0.0
8506	8505	1	0.0
8460	8458	1	0.0
8544	8542	1	0.0
8422	8421	1	0.0
8327	8323	1	0.0
8381	8379	1	0.0
8282	8276	1	0.0
8381	8380	1	0.0
8603	8601	1	0.0
8507	8506	1	0.0
8460	8459	1	0.0
8545	8542	1	0.0
8280	8277	1	0.0
8382	8379	1	0.0
8325	8324	1	0.0
8423	8421	1	0.0
8604	8601	1	0.0
8383	8379	1	0.0
8508	8506	1	0.0
8382	8380	1	0.0
8462	8461	1	0.0
8281	8277	1	0.0
8544	8543	1	0.0
8326	8324	1	0.0
8423	8422	1	0.0
8508	8507	1	0.0
8383	8380	1	0.0
8603	8602	1	0.0
8282	8277	1	0.0
8463	8461	1	0.0
8382	8381	1	0.0
8545	8543	1	0.0
8509	8507	1	0.0
8327	8324	1	0.0
8425	8424	1	0.0
8604	8602	1	0.0
8279	8278	1	0.0
8383	8381	1	0.0
8464	8461	1	0.0
8545	8544	1	0.0
8509	8508	1	0.0
8326	8325	1	0.0
8604	8603	1	0.0
8465	8461	1	0.0
8280	8278	1	0.0
8426	8424	1	0.0
8546	8544	1	0.0
8510	8509	1	0.0
8327	8325	1	0.0
8605	8602	1	0.0
8466	8461	1	0.0
8281	8278	1	0.0
8426	8425	1	0.0
8511	8510	1	0.0
8546	8545	1	0.0
8327	8326	1	0.0
8605	8603	1	0.0
8463	8462	1	0.0
8282	8278	1	0.0
8512	8510	1	0.0
8427	8425	1	0.0
8548	8547	1	0.0
8605	8604	1	0.0
8328	8323	1	0.0
8464	8462	1	0.0
8280	8279	1	0.0
8513	8510	1	0.0
8427	8426	1	0.0
8549	8547	1	0.0
8606	8605	1	0.0
8465	8462	1	0.0
8512	8511	1	0.0
8281	8279	1	0.0
8329	8323	1	0.0
8428	8427	1	0.0
8550	8547	1	0.0
8607	8606	1	0.0
8513	8511	1	0.0
8282	8279	1	0.0
8429	8427	1	0.0
8466	8462	1	0.0
8328	8324	1	0.0
8549	8548	1	0.0
8608	8606	1	0.0
8513	8512	1	0.0
8281	8280	1	0.0
8464	8463	1	0.0
8329	8324	1	0.0
8429	8428	1	0.0
8608	8607	1	0.0
8550	8548	1	0.0
8514	8511	1	0.0
8282	8280	1	0.0
8465	8463	1	0.0
8328	8325	1	0.0
8430	8428	1	0.0
8550	8549	1	0.0
8609	8607	1	0.0
8515	8511	1	0.0
8282	8281	1	0.0
8466	8463	1	0.0
8329	8325	1	0.0
8430	8429	1	0.0
8551	8549	1	0.0
8610	8607	1	0.0
8514	8512	1	0.0
8283	8279	1	0.0
8465	8464	1	0.0
8328	8326	1	0.0
8431	8430	1	0.0
8551	8550	1	0.0
8611	8607	1	0.0
8515	8512	1	0.0
8284	8279	1	0.0
8329	8326	1	0.0
8466	8464	1	0.0
8432	8430	1	0.0
8609	8608	1	0.0
8553	8552	1	0.0
8514	8513	1	0.0
8285	8279	1	0.0
8466	8465	1	0.0
8328	8327	1	0.0
8432	8431	1	0.0
8554	8552	1	0.0
8515	8513	1	0.0
8610	8608	1	0.0
8283	8280	1	0.0
8467	8463	1	0.0
8329	8327	1	0.0
8433	8431	1	0.0
8515	8514	1	0.0
8554	8553	1	0.0
8611	8608	1	0.0
8284	8280	1	0.0
8468	8463	1	0.0
8434	8431	1	0.0
8329	8328	1	0.0
8516	8514	1	0.0
8555	8553	1	0.0
8610	8609	1	0.0
8285	8280	1	0.0
8469	8463	1	0.0
8517	8514	1	0.0
8330	8328	1	0.0
8435	8431	1	0.0
8555	8554	1	0.0
8611	8609	1	0.0
8283	8281	1	0.0
8516	8515	1	0.0
8467	8464	1	0.0
8611	8610	1	0.0
8433	8432	1	0.0
8331	8328	1	0.0
8284	8281	1	0.0
8556	8555	1	0.0
8518	8515	1	0.0
8468	8464	1	0.0
8612	8609	1	0.0
8517	8515	1	0.0
8557	8555	1	0.0
8285	8281	1	0.0
8330	8329	1	0.0
8434	8432	1	0.0
8469	8464	1	0.0
8518	8516	1	0.0
8613	8609	1	0.0
8556	8558	1	0.0
8467	8465	1	0.0
8283	8282	1	0.0
8435	8432	1	0.0
8517	8516	1	0.0
8331	8329	1	0.0
8614	8609	1	0.0
8468	8465	1	0.0
8557	8558	1	0.0
8284	8282	1	0.0
8434	8433	1	0.0
8517	8518	1	0.0
8331	8330	1	0.0
8557	8556	1	0.0
8469	8465	1	0.0
8285	8282	1	0.0
8435	8433	1	0.0
8333	8332	1	0.0
8519	8516	1	0.0
8559	8558	1	0.0
8612	8610	1	0.0
8467	8466	1	0.0
8284	8283	1	0.0
8435	8434	1	0.0
8519	8518	1	0.0
8334	8332	1	0.0
8559	8556	1	0.0
8613	8610	1	0.0
8468	8466	1	0.0
8285	8283	1	0.0
8436	8433	1	0.0
8519	8517	1	0.0
8614	8610	1	0.0
8334	8333	1	0.0
8559	8557	1	0.0
8469	8466	1	0.0
8436	8434	1	0.0
8520	8519	1	0.0
8335	8334	1	0.0
8612	8611	1	0.0
8468	8467	1	0.0
8561	8560	1	0.0
8436	8435	1	0.0
8522	8521	1	0.0
8613	8611	1	0.0
8469	8467	1	0.0
8438	8437	1	0.0
8562	8560	1	0.0
8523	8521	1	0.0
8469	8468	1	0.0
8614	8611	1	0.0
8439	8437	1	0.0
8562	8561	1	0.0
8523	8522	1	0.0
8470	8467	1	0.0
8613	8612	1	0.0
8440	8437	1	0.0
8524	8522	1	0.0
8563	8562	1	0.0
8470	8468	1	0.0
8614	8612	1	0.0
8525	8522	1	0.0
8564	8562	1	0.0
8470	8469	1	0.0
8614	8613	1	0.0
8526	8522	1	0.0
8564	8563	1	0.0
8471	8470	1	0.0
8615	8612	1	0.0
8566	8565	1	0.0
8616	8612	1	0.0
8567	8565	1	0.0
8617	8612	1	0.0
8568	8566	1	0.0
8615	8613	1	0.0
8567	8566	1	0.0
8616	8613	1	0.0
8567	8568	1	0.0
8617	8613	1	0.0
8569	8568	1	0.0
8615	8614	1	0.0
8569	8567	1	0.0
8616	8614	1	0.0
8571	8570	1	0.0
8617	8614	1	0.0
8572	8570	1	0.0
8616	8615	1	0.0
8573	8570	1	0.0
8617	8615	1	0.0
8572	8571	1	0.0
8617	8616	1	0.0
8573	8571	1	0.0
8619	8618	1	0.0
8573	8572	1	0.0
8620	8618	1	0.0
8574	8572	1	0.0
8620	8619	1	0.0
8575	8572	1	0.0
8576	8572	1	0.0
8574	8573	1	0.0
8245	8244	0	0.0
8246	8244	0	0.0
8246	8245	0	0.0
8247	8245	0	0.0
8248	8245	0	0.0
8247	8246	0	0.0
8285	8284	0	0.0
8248	8246	0	0.0
8248	8247	0	0.0
8249	8247	0	0.0
8250	8247	0	0.0
8251	8247	0	0.0
8286	8283	0	0.0
8286	8284	0	0.0
8249	8248	0	0.0
8286	8285	0	0.0
8287	8286	0	0.0
8288	8286	0	0.0
8250	8248	0	0.0
8288	8287	0	0.0
8290	8289	0	0.0
8291	8289	0	0.0
8292	8289	0	0.0
8251	8248	0	0.0
8291	8290	0	0.0
8292	8290	0	0.0
8336	8335	0	0.0
8292	8291	0	0.0
8250	8249	0	0.0
8293	8289	0	0.0
8294	8289	0	0.0
8293	8290	0	0.0
8294	8290	0	0.0
8251	8249	0	0.0
8293	8291	0	0.0
8337	8335	0	0.0
8294	8291	0	0.0
8293	8292	0	0.0
8253	8252	0	0.0
8294	8292	0	0.0
8338	8335	0	0.0
8294	8293	0	0.0
8295	8293	0	0.0
8254	8253	0	0.0
8337	8336	0	0.0
8295	8294	0	0.0
8296	8295	0	0.0
8297	8295	0	0.0
8338	8336	0	0.0
8255	8253	0	0.0
8298	8295	0	0.0
8297	8296	0	0.0
8298	8296	0	0.0
8338	8337	0	0.0
8298	8297	0	0.0
8256	8253	0	0.0
8299	8296	0	0.0
8339	8336	0	0.0
8300	8296	0	0.0
8299	8297	0	0.0
8255	8254	0	0.0
8339	8337	0	0.0
8300	8297	0	0.0
8299	8298	0	0.0
8300	8298	0	0.0
8339	8338	0	0.0
8300	8299	0	0.0
8256	8254	0	0.0
8383	8382	0	0.0
8301	8299	0	0.0
8341	8340	0	0.0
8302	8299	0	0.0
8301	8300	0	0.0
8256	8255	0	0.0
8342	8340	0	0.0
8302	8300	0	0.0
8302	8301	0	0.0
8384	8382	0	0.0
8303	8301	0	0.0
8342	8341	0	0.0
8257	8254	0	0.0
8303	8302	0	0.0
8304	8303	0	0.0
8344	8343	0	0.0
8385	8382	0	0.0
8305	8304	0	0.0
8306	8305	0	0.0
8257	8255	0	0.0
8345	8344	0	0.0
8307	8306	0	0.0
8386	8383	0	0.0
8308	8307	0	0.0
8346	8344	0	0.0
8257	8256	0	0.0
8309	8307	0	0.0
8384	8383	0	0.0
8309	8308	0	0.0
8347	8344	0	0.0
8310	8308	0	0.0
8385	8383	0	0.0
8312	8311	0	0.0
8259	8258	0	0.0
8314	8313	0	0.0
8346	8345	0	0.0
8384	8386	0	0.0
8316	8315	0	0.0
8318	8317	0	0.0
8260	8258	0	0.0
8347	8345	0	0.0
8319	8317	0	0.0
8385	8386	0	0.0
8320	8317	0	0.0
8439	8438	0	0.0
8347	8346	0	0.0
8319	8318	0	0.0
8260	8259	0	0.0
8320	8318	0	0.0
8320	8319	0	0.0
8385	8384	0	0.0
8321	8317	0	0.0
8261	8260	0	0.0
8348	8345	0	0.0
8322	8317	0	0.0
8387	8384	0	0.0
8321	8318	0	0.0
8348	8346	0	0.0
8322	8318	0	0.0
8262	8260	0	0.0
8440	8438	0	0.0
8387	8385	0	0.0
8321	8319	0	0.0
8322	8319	0	0.0
8348	8347	0	0.0
8440	8439	0	0.0
8321	8320	0	0.0
8389	8388	0	0.0
8262	8261	0	0.0
8322	8320	0	0.0
8350	8349	0	0.0
8441	8439	0	0.0
8322	8321	0	0.0
8391	8390	0	0.0
8324	8323	0	0.0
8351	8349	0	0.0
8264	8263	0	0.0
8325	8323	0	0.0
8441	8440	0	0.0
8391	8392	0	0.0
8326	8323	0	0.0
8351	8350	0	0.0
8327	8323	0	0.0
8442	8441	0	0.0
8393	8391	0	0.0
8325	8324	0	0.0
8265	8264	0	0.0
8472	8471	0	0.0
8353	8352	0	0.0
8326	8324	0	0.0
8443	8442	0	0.0
8394	8392	0	0.0
8327	8324	0	0.0
8326	8325	0	0.0
8354	8352	0	0.0
8266	8265	0	0.0
8444	8442	0	0.0
8327	8325	0	0.0
8394	8391	0	0.0
8327	8326	0	0.0
8354	8353	0	0.0
8444	8443	0	0.0
8328	8323	0	0.0
8394	8393	0	0.0
8268	8267	0	0.0
8329	8323	0	0.0
8356	8355	0	0.0
8328	8324	0	0.0
8473	8472	0	0.0
8445	8443	0	0.0
8395	8394	0	0.0
8329	8324	0	0.0
8270	8269	0	0.0
8357	8355	0	0.0
8445	8444	0	0.0
8328	8325	0	0.0
8474	8472	0	0.0
8396	8395	0	0.0
8358	8355	0	0.0
8329	8325	0	0.0
8446	8445	0	0.0
8328	8326	0	0.0
8271	8269	0	0.0
8474	8473	0	0.0
8329	8326	0	0.0
8357	8356	0	0.0
8398	8397	0	0.0
8447	8445	0	0.0
8328	8327	0	0.0
8475	8473	0	0.0
8329	8327	0	0.0
8272	8269	0	0.0
8358	8356	0	0.0
8399	8397	0	0.0
8448	8445	0	0.0
8329	8328	0	0.0
8475	8474	0	0.0
8330	8328	0	0.0
8358	8357	0	0.0
8399	8398	0	0.0
8447	8446	0	0.0
8331	8328	0	0.0
8271	8270	0	0.0
8330	8329	0	0.0
8476	8474	0	0.0
8360	8359	0	0.0
8400	8398	0	0.0
8448	8446	0	0.0
8331	8329	0	0.0
8476	8475	0	0.0
8331	8330	0	0.0
8272	8270	0	0.0
8361	8359	0	0.0
8401	8398	0	0.0
8448	8447	0	0.0
8333	8332	0	0.0
8524	8523	0	0.0
8334	8332	0	0.0
8477	8475	0	0.0
8361	8360	0	0.0
8334	8333	0	0.0
8449	8446	0	0.0
8402	8398	0	0.0
8272	8271	0	0.0
8335	8334	0	0.0
8477	8476	0	0.0
8362	8360	0	0.0
8400	8399	0	0.0
8450	8446	0	0.0
8362	8361	0	0.0
8479	8478	0	0.0
8273	8269	0	0.0
8401	8399	0	0.0
8451	8446	0	0.0
8525	8523	0	0.0
8480	8478	0	0.0
8364	8363	0	0.0
8452	8446	0	0.0
8402	8399	0	0.0
8274	8269	0	0.0
8481	8478	0	0.0
8526	8523	0	0.0
8365	8363	0	0.0
8449	8447	0	0.0
8401	8400	0	0.0
8273	8270	0	0.0
8480	8479	0	0.0
8525	8524	0	0.0
8450	8447	0	0.0
8366	8363	0	0.0
8402	8400	0	0.0
8481	8479	0	0.0
8274	8270	0	0.0
8451	8447	0	0.0
8367	8363	0	0.0
8526	8524	0	0.0
8402	8401	0	0.0
8452	8447	0	0.0
8403	8400	0	0.0
8273	8271	0	0.0
8365	8364	0	0.0
8526	8525	0	0.0
8481	8480	0	0.0
8449	8448	0	0.0
8403	8401	0	0.0
8482	8479	0	0.0
8274	8271	0	0.0
8450	8448	0	0.0
8366	8364	0	0.0
8527	8524	0	0.0
8403	8402	0	0.0
8482	8480	0	0.0
8451	8448	0	0.0
8404	8403	0	0.0
8273	8272	0	0.0
8527	8525	0	0.0
8367	8364	0	0.0
8575	8573	0	0.0
8452	8448	0	0.0
8482	8481	0	0.0
8406	8405	0	0.0
8274	8272	0	0.0
8527	8526	0	0.0
8450	8449	0	0.0
8366	8365	0	0.0
8407	8405	0	0.0
8483	8482	0	0.0
8576	8573	0	0.0
8274	8273	0	0.0
8408	8407	0	0.0
8451	8449	0	0.0
8367	8365	0	0.0
8528	8527	0	0.0
8575	8574	0	0.0
8484	8483	0	0.0
8409	8408	0	0.0
8275	8273	0	0.0
8576	8574	0	0.0
8367	8366	0	0.0
8452	8449	0	0.0
8529	8527	0	0.0
8485	8484	0	0.0
8410	8408	0	0.0
8576	8575	0	0.0
8368	8364	0	0.0
8276	8273	0	0.0
8451	8450	0	0.0
8486	8484	0	0.0
8530	8527	0	0.0
8577	8574	0	0.0
8410	8409	0	0.0
8369	8364	0	0.0
8452	8450	0	0.0
8529	8528	0	0.0
8577	8575	0	0.0
8486	8485	0	0.0
8411	8409	0	0.0
8277	8273	0	0.0
8368	8365	0	0.0
8452	8451	0	0.0
8577	8576	0	0.0
8530	8528	0	0.0
8487	8485	0	0.0
8412	8409	0	0.0
8369	8365	0	0.0
8578	8577	0	0.0
8621	8619	0	0.0
8530	8529	0	0.0
8453	8449	0	0.0
8488	8485	0	0.0
8278	8273	0	0.0
8413	8409	0	0.0
8368	8366	0	0.0
8580	8579	0	0.0
8531	8528	0	0.0
8454	8449	0	0.0
8581	8579	0	0.0
8411	8410	0	0.0
8622	8619	0	0.0
8369	8366	0	0.0
8532	8528	0	0.0
8582	8579	0	0.0
8275	8274	0	0.0
8487	8486	0	0.0
8621	8620	0	0.0
8455	8449	0	0.0
8533	8529	0	0.0
8583	8579	0	0.0
8412	8410	0	0.0
8368	8367	0	0.0
8622	8620	0	0.0
8276	8274	0	0.0
8488	8486	0	0.0
8581	8580	0	0.0
8622	8621	0	0.0
8531	8529	0	0.0
8453	8450	0	0.0
8369	8367	0	0.0
8413	8410	0	0.0
8623	8621	0	0.0
8277	8274	0	0.0
8582	8580	0	0.0
8532	8529	0	0.0
8488	8487	0	0.0
8624	8621	0	0.0
8454	8450	0	0.0
8369	8368	0	0.0
8583	8580	0	0.0
8412	8411	0	0.0
8625	8621	0	0.0
8533	8530	0	0.0
8278	8274	0	0.0
8489	8487	0	0.0
8623	8622	0	0.0
8582	8581	0	0.0
8455	8450	0	0.0
8370	8368	0	0.0
8413	8411	0	0.0
8531	8530	0	0.0
8624	8622	0	0.0
8583	8581	0	0.0
8489	8488	0	0.0
8453	8451	0	0.0
8625	8622	0	0.0
8276	8275	0	0.0
8413	8412	0	0.0
8371	8368	0	0.0
8532	8530	0	0.0
8583	8582	0	0.0
8624	8623	0	0.0
8490	8489	0	0.0
8454	8451	0	0.0
8584	8581	0	0.0
8531	8533	0	0.0
8625	8623	0	0.0
8370	8369	0	0.0
8491	8489	0	0.0
8584	8582	0	0.0
8455	8451	0	0.0
8532	8533	0	0.0
8414	8411	0	0.0
8277	8275	0	0.0
8584	8583	0	0.0
8491	8490	0	0.0
8532	8531	0	0.0
8625	8624	0	0.0
8371	8369	0	0.0
8414	8413	0	0.0
8453	8452	0	0.0
8278	8275	0	0.0
8585	8584	0	0.0
8534	8533	0	0.0
8492	8490	0	0.0
8626	8623	0	0.0
8586	8585	0	0.0
8371	8370	0	0.0
8535	8533	0	0.0
8454	8452	0	0.0
8277	8276	0	0.0
8415	8414	0	0.0
8626	8624	0	0.0
8587	8585	0	0.0
8536	8533	0	0.0
8492	8491	0	0.0
8372	8370	0	0.0
8455	8452	0	0.0
8416	8414	0	0.0
8587	8586	0	0.0
8626	8625	0	0.0
8278	8276	0	0.0
8534	8531	0	0.0
8373	8370	0	0.0
8589	8588	0	0.0
8494	8493	0	0.0
8535	8531	0	0.0
8454	8453	0	0.0
8417	8414	0	0.0
8372	8371	0	0.0
8278	8277	0	0.0
8590	8588	0	0.0
8536	8531	0	0.0
8495	8493	0	0.0
8455	8453	0	0.0
8373	8371	0	0.0
8416	8415	0	0.0
8590	8589	0	0.0
8534	8532	0	0.0
8279	8275	0	0.0
8495	8494	0	0.0
8455	8454	0	0.0
8592	8591	0	0.0
8374	8372	0	0.0
8535	8532	0	0.0
8417	8415	0	0.0
8496	8493	0	0.0
8280	8275	0	0.0
8456	8453	0	0.0
8593	8591	0	0.0
8536	8532	0	0.0
8417	8416	0	0.0
8496	8494	0	0.0
8374	8373	0	0.0
8594	8591	0	0.0
8457	8453	0	0.0
8281	8275	0	0.0
8535	8534	0	0.0
8593	8592	0	0.0
8419	8418	0	0.0
8496	8495	0	0.0
8375	8374	0	0.0
8536	8534	0	0.0
8594	8592	0	0.0
8456	8454	0	0.0
8282	8275	0	0.0
8420	8418	0	0.0
8594	8593	0	0.0
8497	8496	0	0.0
8376	8374	0	0.0
8536	8535	0	0.0
8457	8454	0	0.0
8595	8593	0	0.0
8421	8418	0	0.0
8279	8276	0	0.0
8377	8374	0	0.0
8498	8496	0	0.0
8537	8534	0	0.0
8596	8593	0	0.0
8456	8455	0	0.0
8420	8419	0	0.0
8537	8535	0	0.0
8378	8374	0	0.0
8499	8496	0	0.0
8597	8593	0	0.0
8457	8455	0	0.0
8280	8276	0	0.0
8421	8419	0	0.0
8595	8594	0	0.0
8537	8536	0	0.0
8457	8456	0	0.0
8376	8375	0	0.0
8500	8496	0	0.0
8596	8594	0	0.0
8421	8420	0	0.0
8281	8276	0	0.0
8539	8538	0	0.0
8597	8594	0	0.0
8458	8456	0	0.0
8377	8375	0	0.0
8422	8419	0	0.0
8596	8595	0	0.0
8498	8497	0	0.0
8540	8539	0	0.0
8282	8276	0	0.0
8378	8375	0	0.0
8597	8595	0	0.0
8459	8456	0	0.0
8423	8419	0	0.0
8541	8539	0	0.0
8499	8497	0	0.0
8597	8596	0	0.0
8280	8277	0	0.0
8377	8376	0	0.0
8541	8540	0	0.0
8598	8595	0	0.0
8422	8420	0	0.0
8500	8497	0	0.0
8460	8456	0	0.0
8378	8376	0	0.0
8281	8277	0	0.0
8598	8596	0	0.0
8542	8540	0	0.0
8423	8420	0	0.0
8499	8498	0	0.0
8598	8597	0	0.0
8543	8540	0	0.0
8458	8457	0	0.0
8378	8377	0	0.0
8282	8277	0	0.0
8422	8421	0	0.0
8599	8598	0	0.0
8542	8541	0	0.0
8500	8498	0	0.0
8600	8598	0	0.0
8379	8375	0	0.0
8459	8457	0	0.0
8423	8421	0	0.0
8279	8278	0	0.0
8543	8542	0	0.0
8500	8499	0	0.0
8600	8599	0	0.0
8380	8375	0	0.0
8544	8542	0	0.0
8460	8457	0	0.0
8601	8600	0	0.0
8423	8422	0	0.0
8501	8497	0	0.0
8381	8375	0	0.0
8280	8278	0	0.0
8602	8601	0	0.0
8545	8542	0	0.0
8425	8424	0	0.0
8459	8458	0	0.0
8501	8498	0	0.0
8603	8601	0	0.0
8544	8543	0	0.0
8460	8458	0	0.0
8426	8424	0	0.0
8379	8376	0	0.0
8501	8499	0	0.0
8281	8278	0	0.0
8604	8601	0	0.0
8545	8543	0	0.0
8380	8376	0	0.0
8426	8425	0	0.0
8460	8459	0	0.0
8603	8602	0	0.0
8501	8500	0	0.0
8545	8544	0	0.0
8282	8278	0	0.0
8381	8376	0	0.0
8604	8602	0	0.0
8546	8544	0	0.0
8502	8501	0	0.0
8427	8425	0	0.0
8462	8461	0	0.0
8280	8279	0	0.0
8379	8377	0	0.0
8604	8603	0	0.0
8546	8545	0	0.0
8503	8501	0	0.0
8605	8602	0	0.0
8380	8377	0	0.0
8463	8461	0	0.0
8427	8426	0	0.0
8281	8279	0	0.0
8548	8547	0	0.0
8605	8603	0	0.0
8504	8501	0	0.0
8381	8377	0	0.0
8428	8427	0	0.0
8464	8461	0	0.0
8605	8604	0	0.0
8549	8547	0	0.0
8503	8502	0	0.0
8282	8279	0	0.0
8379	8378	0	0.0
8606	8605	0	0.0
8550	8547	0	0.0
8429	8427	0	0.0
8465	8461	0	0.0
8380	8378	0	0.0
8504	8502	0	0.0
8607	8606	0	0.0
8281	8280	0	0.0
8549	8548	0	0.0
8429	8428	0	0.0
8466	8461	0	0.0
8381	8378	0	0.0
8608	8606	0	0.0
8504	8503	0	0.0
8550	8548	0	0.0
8430	8428	0	0.0
8463	8462	0	0.0
8282	8280	0	0.0
8608	8607	0	0.0
8380	8379	0	0.0
8550	8549	0	0.0
8506	8505	0	0.0
8430	8429	0	0.0
8609	8607	0	0.0
8464	8462	0	0.0
8282	8281	0	0.0
8551	8549	0	0.0
8610	8607	0	0.0
8507	8506	0	0.0
8431	8430	0	0.0
8465	8462	0	0.0
8381	8379	0	0.0
8611	8607	0	0.0
8551	8550	0	0.0
8283	8279	0	0.0
8508	8506	0	0.0
8609	8608	0	0.0
8466	8462	0	0.0
8432	8430	0	0.0
8381	8380	0	0.0
8553	8552	0	0.0
8610	8608	0	0.0
8508	8507	0	0.0
8464	8463	0	0.0
8554	8552	0	0.0
8611	8608	0	0.0
8382	8379	0	0.0
8432	8431	0	0.0
8284	8279	0	0.0
8509	8507	0	0.0
8465	8463	0	0.0
8610	8609	0	0.0
8554	8553	0	0.0
8383	8379	0	0.0
8433	8431	0	0.0
8509	8508	0	0.0
8611	8609	0	0.0
8285	8279	0	0.0
8555	8553	0	0.0
8466	8463	0	0.0
8611	8610	0	0.0
8510	8509	0	0.0
8434	8431	0	0.0
8382	8380	0	0.0
8555	8554	0	0.0
8283	8280	0	0.0
8612	8609	0	0.0
8465	8464	0	0.0
8511	8510	0	0.0
8435	8431	0	0.0
8556	8555	0	0.0
8383	8380	0	0.0
8613	8609	0	0.0
8284	8280	0	0.0
8466	8464	0	0.0
8512	8510	0	0.0
8614	8609	0	0.0
8557	8555	0	0.0
8433	8432	0	0.0
8382	8381	0	0.0
8612	8610	0	0.0
8466	8465	0	0.0
8513	8510	0	0.0
8613	8610	0	0.0
8556	8558	0	0.0
8383	8381	0	0.0
8285	8280	0	0.0
8434	8432	0	0.0
8467	8463	0	0.0
8614	8610	0	0.0
8512	8511	0	0.0
8557	8558	0	0.0
8435	8432	0	0.0
8283	8281	0	0.0
8612	8611	0	0.0
8557	8556	0	0.0
8513	8511	0	0.0
8468	8463	0	0.0
8434	8433	0	0.0
8613	8611	0	0.0
8559	8558	0	0.0
8614	8611	0	0.0
8513	8512	0	0.0
8284	8281	0	0.0
8469	8463	0	0.0
8435	8433	0	0.0
8559	8556	0	0.0
8613	8612	0	0.0
8514	8511	0	0.0
8467	8464	0	0.0
8559	8557	0	0.0
8285	8281	0	0.0
8614	8612	0	0.0
8435	8434	0	0.0
8515	8511	0	0.0
8561	8560	0	0.0
8614	8613	0	0.0
8468	8464	0	0.0
8436	8433	0	0.0
8283	8282	0	0.0
8514	8512	0	0.0
8615	8612	0	0.0
8562	8560	0	0.0
8469	8464	0	0.0
8436	8434	0	0.0
8616	8612	0	0.0
8515	8512	0	0.0
8562	8561	0	0.0
8284	8282	0	0.0
8617	8612	0	0.0
8467	8465	0	0.0
8436	8435	0	0.0
8563	8562	0	0.0
8514	8513	0	0.0
8615	8613	0	0.0
8468	8465	0	0.0
8564	8562	0	0.0
8616	8613	0	0.0
8438	8437	0	0.0
8515	8513	0	0.0
8285	8282	0	0.0
8469	8465	0	0.0
8617	8613	0	0.0
8564	8563	0	0.0
8439	8437	0	0.0
8515	8514	0	0.0
8615	8614	0	0.0
8284	8283	0	0.0
8566	8565	0	0.0
8467	8466	0	0.0
8516	8514	0	0.0
8440	8437	0	0.0
8616	8614	0	0.0
8567	8565	0	0.0
8468	8466	0	0.0
8517	8514	0	0.0
8285	8283	0	0.0
8617	8614	0	0.0
8568	8566	0	0.0
8469	8466	0	0.0
8616	8615	0	0.0
8516	8515	0	0.0
8567	8566	0	0.0
8617	8615	0	0.0
8468	8467	0	0.0
8567	8568	0	0.0
8518	8515	0	0.0
8617	8616	0	0.0
8469	8467	0	0.0
8619	8618	0	0.0
8517	8515	0	0.0
8569	8568	0	0.0
8620	8618	0	0.0
8469	8468	0	0.0
8569	8567	0	0.0
8518	8516	0	0.0
8620	8619	0	0.0
8470	8467	0	0.0
8571	8570	0	0.0
8517	8516	0	0.0
8572	8570	0	0.0
8470	8468	0	0.0
8517	8518	0	0.0
8573	8570	0	0.0
8470	8469	0	0.0
8519	8516	0	0.0
8572	8571	0	0.0
8471	8470	0	0.0
8519	8518	0	0.0
8573	8571	0	0.0
8519	8517	0	0.0
8573	8572	0	0.0
8520	8519	0	0.0
8574	8572	0	0.0
8575	8572	0	0.0
8522	8521	0	0.0
8576	8572	0	0.0
8523	8521	0	0.0
8574	8573	0	0.0
8523	8522	0	0.0
8524	8522	0	0.0
8525	8522	0	0.0
8526	8522	0	0.0
8245	8244	2	0.0
8246	8244	2	0.0
8246	8245	2	0.0
8247	8245	2	0.0
8248	8245	2	0.0
8247	8246	2	0.0
8248	8246	2	0.0
8248	8247	2	0.0
8285	8284	2	0.0
8249	8247	2	0.0
8250	8247	2	0.0
8251	8247	2	0.0
8249	8248	2	0.0
8250	8248	2	0.0
8251	8248	2	0.0
8250	8249	2	0.0
8251	8249	2	0.0
8253	8252	2	0.0
8336	8335	2	0.0
8254	8253	2	0.0
8383	8382	2	0.0
8255	8253	2	0.0
8256	8253	2	0.0
8255	8254	2	0.0
8384	8382	2	0.0
8439	8438	2	0.0
8256	8254	2	0.0
8385	8382	2	0.0
8256	8255	2	0.0
8337	8335	2	0.0
8386	8383	2	0.0
8257	8254	2	0.0
8286	8283	2	0.0
8384	8383	2	0.0
8257	8255	2	0.0
8338	8335	2	0.0
8385	8383	2	0.0
8257	8256	2	0.0
8440	8438	2	0.0
8384	8386	2	0.0
8286	8284	2	0.0
8259	8258	2	0.0
8337	8336	2	0.0
8385	8386	2	0.0
8440	8439	2	0.0
8260	8258	2	0.0
8385	8384	2	0.0
8286	8285	2	0.0
8338	8336	2	0.0
8472	8471	2	0.0
8260	8259	2	0.0
8387	8384	2	0.0
8441	8439	2	0.0
8287	8286	2	0.0
8261	8260	2	0.0
8387	8385	2	0.0
8338	8337	2	0.0
8441	8440	2	0.0
8262	8260	2	0.0
8389	8388	2	0.0
8288	8286	2	0.0
8391	8390	2	0.0
8262	8261	2	0.0
8339	8336	2	0.0
8442	8441	2	0.0
8264	8263	2	0.0
8391	8392	2	0.0
8288	8287	2	0.0
8339	8337	2	0.0
8265	8264	2	0.0
8393	8391	2	0.0
8443	8442	2	0.0
8290	8289	2	0.0
8266	8265	2	0.0
8394	8392	2	0.0
8524	8523	2	0.0
8444	8442	2	0.0
8339	8338	2	0.0
8394	8391	2	0.0
8268	8267	2	0.0
8291	8289	2	0.0
8394	8393	2	0.0
8270	8269	2	0.0
8444	8443	2	0.0
8341	8340	2	0.0
8292	8289	2	0.0
8473	8472	2	0.0
8271	8269	2	0.0
8395	8394	2	0.0
8445	8443	2	0.0
8342	8340	2	0.0
8291	8290	2	0.0
8272	8269	2	0.0
8396	8395	2	0.0
8525	8523	2	0.0
8474	8472	2	0.0
8575	8573	2	0.0
8271	8270	2	0.0
8398	8397	2	0.0
8445	8444	2	0.0
8272	8270	2	0.0
8292	8290	2	0.0
8342	8341	2	0.0
8526	8523	2	0.0
8399	8397	2	0.0
8474	8473	2	0.0
8272	8271	2	0.0
8446	8445	2	0.0
8399	8398	2	0.0
8292	8291	2	0.0
8273	8269	2	0.0
8344	8343	2	0.0
8400	8398	2	0.0
8274	8269	2	0.0
8525	8524	2	0.0
8447	8445	2	0.0
8475	8473	2	0.0
8293	8289	2	0.0
8401	8398	2	0.0
8273	8270	2	0.0
8345	8344	2	0.0
8576	8573	2	0.0
8526	8524	2	0.0
8448	8445	2	0.0
8402	8398	2	0.0
8475	8474	2	0.0
8274	8270	2	0.0
8346	8344	2	0.0
8294	8289	2	0.0
8575	8574	2	0.0
8400	8399	2	0.0
8526	8525	2	0.0
8273	8271	2	0.0
8447	8446	2	0.0
8621	8619	2	0.0
8401	8399	2	0.0
8476	8474	2	0.0
8293	8290	2	0.0
8274	8271	2	0.0
8347	8344	2	0.0
8527	8524	2	0.0
8448	8446	2	0.0
8576	8574	2	0.0
8402	8399	2	0.0
8273	8272	2	0.0
8622	8619	2	0.0
8476	8475	2	0.0
8401	8400	2	0.0
8294	8290	2	0.0
8346	8345	2	0.0
8448	8447	2	0.0
8621	8620	2	0.0
8274	8272	2	0.0
8402	8400	2	0.0
8527	8525	2	0.0
8477	8475	2	0.0
8576	8575	2	0.0
8622	8620	2	0.0
8449	8446	2	0.0
8402	8401	2	0.0
8274	8273	2	0.0
8347	8345	2	0.0
8293	8291	2	0.0
8622	8621	2	0.0
8527	8526	2	0.0
8477	8476	2	0.0
8577	8574	2	0.0
8403	8400	2	0.0
8275	8273	2	0.0
8450	8446	2	0.0
8623	8621	2	0.0
8347	8346	2	0.0
8294	8291	2	0.0
8403	8401	2	0.0
8276	8273	2	0.0
8624	8621	2	0.0
8528	8527	2	0.0
8479	8478	2	0.0
8577	8575	2	0.0
8451	8446	2	0.0
8348	8345	2	0.0
8293	8292	2	0.0
8403	8402	2	0.0
8625	8621	2	0.0
8277	8273	2	0.0
8480	8478	2	0.0
8623	8622	2	0.0
8278	8273	2	0.0
8529	8527	2	0.0
8452	8446	2	0.0
8404	8403	2	0.0
8294	8292	2	0.0
8577	8576	2	0.0
8348	8346	2	0.0
8624	8622	2	0.0
8275	8274	2	0.0
8406	8405	2	0.0
8449	8447	2	0.0
8530	8527	2	0.0
8481	8478	2	0.0
8407	8405	2	0.0
8276	8274	2	0.0
8625	8622	2	0.0
8294	8293	2	0.0
8348	8347	2	0.0
8578	8577	2	0.0
8408	8407	2	0.0
8624	8623	2	0.0
8277	8274	2	0.0
8450	8447	2	0.0
8529	8528	2	0.0
8625	8623	2	0.0
8295	8293	2	0.0
8350	8349	2	0.0
8409	8408	2	0.0
8480	8479	2	0.0
8580	8579	2	0.0
8278	8274	2	0.0
8625	8624	2	0.0
8451	8447	2	0.0
8410	8408	2	0.0
8581	8579	2	0.0
8530	8528	2	0.0
8276	8275	2	0.0
8481	8479	2	0.0
8410	8409	2	0.0
8351	8349	2	0.0
8626	8623	2	0.0
8452	8447	2	0.0
8481	8480	2	0.0
8277	8275	2	0.0
8626	8624	2	0.0
8411	8409	2	0.0
8582	8579	2	0.0
8295	8294	2	0.0
8530	8529	2	0.0
8351	8350	2	0.0
8482	8479	2	0.0
8449	8448	2	0.0
8626	8625	2	0.0
8278	8275	2	0.0
8412	8409	2	0.0
8583	8579	2	0.0
8482	8480	2	0.0
8450	8448	2	0.0
8413	8409	2	0.0
8531	8528	2	0.0
8277	8276	2	0.0
8353	8352	2	0.0
8296	8295	2	0.0
8581	8580	2	0.0
8482	8481	2	0.0
8411	8410	2	0.0
8278	8276	2	0.0
8451	8448	2	0.0
8532	8528	2	0.0
8412	8410	2	0.0
8278	8277	2	0.0
8297	8295	2	0.0
8582	8580	2	0.0
8483	8482	2	0.0
8354	8352	2	0.0
8452	8448	2	0.0
8413	8410	2	0.0
8279	8275	2	0.0
8533	8529	2	0.0
8484	8483	2	0.0
8298	8295	2	0.0
8280	8275	2	0.0
8412	8411	2	0.0
8583	8580	2	0.0
8354	8353	2	0.0
8450	8449	2	0.0
8485	8484	2	0.0
8531	8529	2	0.0
8413	8411	2	0.0
8281	8275	2	0.0
8297	8296	2	0.0
8486	8484	2	0.0
8451	8449	2	0.0
8413	8412	2	0.0
8282	8275	2	0.0
8356	8355	2	0.0
8582	8581	2	0.0
8532	8529	2	0.0
8298	8296	2	0.0
8486	8485	2	0.0
8414	8411	2	0.0
8279	8276	2	0.0
8452	8449	2	0.0
8533	8530	2	0.0
8487	8485	2	0.0
8280	8276	2	0.0
8414	8413	2	0.0
8357	8355	2	0.0
8583	8581	2	0.0
8298	8297	2	0.0
8451	8450	2	0.0
8488	8485	2	0.0
8415	8414	2	0.0
8531	8530	2	0.0
8452	8450	2	0.0
8358	8355	2	0.0
8299	8296	2	0.0
8281	8276	2	0.0
8583	8582	2	0.0
8416	8414	2	0.0
8487	8486	2	0.0
8532	8530	2	0.0
8357	8356	2	0.0
8452	8451	2	0.0
8300	8296	2	0.0
8417	8414	2	0.0
8488	8486	2	0.0
8282	8276	2	0.0
8584	8581	2	0.0
8531	8533	2	0.0
8416	8415	2	0.0
8358	8356	2	0.0
8453	8449	2	0.0
8488	8487	2	0.0
8299	8297	2	0.0
8532	8533	2	0.0
8280	8277	2	0.0
8417	8415	2	0.0
8584	8582	2	0.0
8489	8487	2	0.0
8358	8357	2	0.0
8300	8297	2	0.0
8532	8531	2	0.0
8281	8277	2	0.0
8417	8416	2	0.0
8489	8488	2	0.0
8454	8449	2	0.0
8584	8583	2	0.0
8360	8359	2	0.0
8299	8298	2	0.0
8419	8418	2	0.0
8534	8533	2	0.0
8490	8489	2	0.0
8420	8418	2	0.0
8282	8277	2	0.0
8300	8298	2	0.0
8585	8584	2	0.0
8491	8489	2	0.0
8421	8418	2	0.0
8361	8359	2	0.0
8535	8533	2	0.0
8279	8278	2	0.0
8455	8449	2	0.0
8300	8299	2	0.0
8491	8490	2	0.0
8420	8419	2	0.0
8586	8585	2	0.0
8361	8360	2	0.0
8280	8278	2	0.0
8301	8299	2	0.0
8536	8533	2	0.0
8492	8490	2	0.0
8421	8419	2	0.0
8587	8585	2	0.0
8281	8278	2	0.0
8362	8360	2	0.0
8302	8299	2	0.0
8453	8450	2	0.0
8421	8420	2	0.0
8492	8491	2	0.0
8282	8278	2	0.0
8534	8531	2	0.0
8301	8300	2	0.0
8422	8419	2	0.0
8494	8493	2	0.0
8587	8586	2	0.0
8362	8361	2	0.0
8454	8450	2	0.0
8280	8279	2	0.0
8423	8419	2	0.0
8302	8300	2	0.0
8535	8531	2	0.0
8364	8363	2	0.0
8281	8279	2	0.0
8589	8588	2	0.0
8422	8420	2	0.0
8495	8493	2	0.0
8302	8301	2	0.0
8455	8450	2	0.0
8282	8279	2	0.0
8365	8363	2	0.0
8536	8531	2	0.0
8423	8420	2	0.0
8495	8494	2	0.0
8303	8301	2	0.0
8590	8588	2	0.0
8453	8451	2	0.0
8422	8421	2	0.0
8281	8280	2	0.0
8366	8363	2	0.0
8534	8532	2	0.0
8303	8302	2	0.0
8496	8493	2	0.0
8590	8589	2	0.0
8423	8421	2	0.0
8282	8280	2	0.0
8454	8451	2	0.0
8496	8494	2	0.0
8423	8422	2	0.0
8367	8363	2	0.0
8535	8532	2	0.0
8304	8303	2	0.0
8282	8281	2	0.0
8592	8591	2	0.0
8455	8451	2	0.0
8425	8424	2	0.0
8496	8495	2	0.0
8536	8532	2	0.0
8305	8304	2	0.0
8283	8279	2	0.0
8365	8364	2	0.0
8497	8496	2	0.0
8426	8424	2	0.0
8453	8452	2	0.0
8593	8591	2	0.0
8284	8279	2	0.0
8426	8425	2	0.0
8498	8496	2	0.0
8535	8534	2	0.0
8366	8364	2	0.0
8594	8591	2	0.0
8454	8452	2	0.0
8427	8425	2	0.0
8499	8496	2	0.0
8285	8279	2	0.0
8306	8305	2	0.0
8367	8364	2	0.0
8536	8534	2	0.0
8593	8592	2	0.0
8427	8426	2	0.0
8500	8496	2	0.0
8307	8306	2	0.0
8428	8427	2	0.0
8283	8280	2	0.0
8498	8497	2	0.0
8366	8365	2	0.0
8455	8452	2	0.0
8594	8592	2	0.0
8536	8535	2	0.0
8429	8427	2	0.0
8308	8307	2	0.0
8284	8280	2	0.0
8499	8497	2	0.0
8429	8428	2	0.0
8367	8365	2	0.0
8594	8593	2	0.0
8537	8534	2	0.0
8309	8307	2	0.0
8500	8497	2	0.0
8430	8428	2	0.0
8285	8280	2	0.0
8454	8453	2	0.0
8367	8366	2	0.0
8595	8593	2	0.0
8537	8535	2	0.0
8430	8429	2	0.0
8499	8498	2	0.0
8309	8308	2	0.0
8283	8281	2	0.0
8431	8430	2	0.0
8500	8498	2	0.0
8455	8453	2	0.0
8596	8593	2	0.0
8537	8536	2	0.0
8368	8364	2	0.0
8310	8308	2	0.0
8284	8281	2	0.0
8432	8430	2	0.0
8500	8499	2	0.0
8539	8538	2	0.0
8432	8431	2	0.0
8312	8311	2	0.0
8455	8454	2	0.0
8540	8539	2	0.0
8597	8593	2	0.0
8456	8453	2	0.0
8541	8539	2	0.0
8369	8364	2	0.0
8314	8313	2	0.0
8457	8453	2	0.0
8595	8594	2	0.0
8541	8540	2	0.0
8285	8281	2	0.0
8368	8365	2	0.0
8316	8315	2	0.0
8542	8540	2	0.0
8501	8497	2	0.0
8596	8594	2	0.0
8456	8454	2	0.0
8318	8317	2	0.0
8433	8431	2	0.0
8283	8282	2	0.0
8369	8365	2	0.0
8543	8540	2	0.0
8597	8594	2	0.0
8319	8317	2	0.0
8501	8498	2	0.0
8434	8431	2	0.0
8284	8282	2	0.0
8368	8366	2	0.0
8457	8454	2	0.0
8435	8431	2	0.0
8501	8499	2	0.0
8320	8317	2	0.0
8285	8282	2	0.0
8433	8432	2	0.0
8369	8366	2	0.0
8596	8595	2	0.0
8501	8500	2	0.0
8542	8541	2	0.0
8319	8318	2	0.0
8434	8432	2	0.0
8456	8455	2	0.0
8284	8283	2	0.0
8543	8542	2	0.0
8502	8501	2	0.0
8435	8432	2	0.0
8320	8318	2	0.0
8368	8367	2	0.0
8285	8283	2	0.0
8597	8595	2	0.0
8457	8455	2	0.0
8434	8433	2	0.0
8503	8501	2	0.0
8320	8319	2	0.0
8544	8542	2	0.0
8435	8433	2	0.0
8369	8367	2	0.0
8504	8501	2	0.0
8597	8596	2	0.0
8321	8317	2	0.0
8435	8434	2	0.0
8503	8502	2	0.0
8545	8542	2	0.0
8457	8456	2	0.0
8369	8368	2	0.0
8598	8595	2	0.0
8436	8433	2	0.0
8322	8317	2	0.0
8504	8502	2	0.0
8436	8434	2	0.0
8544	8543	2	0.0
8370	8368	2	0.0
8436	8435	2	0.0
8504	8503	2	0.0
8458	8456	2	0.0
8321	8318	2	0.0
8598	8596	2	0.0
8545	8543	2	0.0
8371	8368	2	0.0
8506	8505	2	0.0
8322	8318	2	0.0
8438	8437	2	0.0
8598	8597	2	0.0
8545	8544	2	0.0
8459	8456	2	0.0
8439	8437	2	0.0
8507	8506	2	0.0
8321	8319	2	0.0
8370	8369	2	0.0
8599	8598	2	0.0
8440	8437	2	0.0
8508	8506	2	0.0
8546	8544	2	0.0
8322	8319	2	0.0
8460	8456	2	0.0
8371	8369	2	0.0
8508	8507	2	0.0
8600	8598	2	0.0
8546	8545	2	0.0
8321	8320	2	0.0
8509	8507	2	0.0
8371	8370	2	0.0
8458	8457	2	0.0
8600	8599	2	0.0
8548	8547	2	0.0
8322	8320	2	0.0
8509	8508	2	0.0
8372	8370	2	0.0
8459	8457	2	0.0
8510	8509	2	0.0
8549	8547	2	0.0
8322	8321	2	0.0
8601	8600	2	0.0
8373	8370	2	0.0
8460	8457	2	0.0
8511	8510	2	0.0
8550	8547	2	0.0
8324	8323	2	0.0
8512	8510	2	0.0
8459	8458	2	0.0
8372	8371	2	0.0
8602	8601	2	0.0
8549	8548	2	0.0
8513	8510	2	0.0
8460	8458	2	0.0
8325	8323	2	0.0
8373	8371	2	0.0
8603	8601	2	0.0
8550	8548	2	0.0
8512	8511	2	0.0
8326	8323	2	0.0
8460	8459	2	0.0
8604	8601	2	0.0
8374	8372	2	0.0
8513	8511	2	0.0
8550	8549	2	0.0
8327	8323	2	0.0
8462	8461	2	0.0
8513	8512	2	0.0
8603	8602	2	0.0
8374	8373	2	0.0
8325	8324	2	0.0
8551	8549	2	0.0
8514	8511	2	0.0
8463	8461	2	0.0
8375	8374	2	0.0
8604	8602	2	0.0
8515	8511	2	0.0
8326	8324	2	0.0
8551	8550	2	0.0
8464	8461	2	0.0
8514	8512	2	0.0
8376	8374	2	0.0
8604	8603	2	0.0
8465	8461	2	0.0
8327	8324	2	0.0
8553	8552	2	0.0
8515	8512	2	0.0
8605	8602	2	0.0
8377	8374	2	0.0
8466	8461	2	0.0
8326	8325	2	0.0
8514	8513	2	0.0
8554	8552	2	0.0
8605	8603	2	0.0
8515	8513	2	0.0
8554	8553	2	0.0
8327	8325	2	0.0
8378	8374	2	0.0
8463	8462	2	0.0
8605	8604	2	0.0
8515	8514	2	0.0
8327	8326	2	0.0
8555	8553	2	0.0
8516	8514	2	0.0
8376	8375	2	0.0
8464	8462	2	0.0
8328	8323	2	0.0
8606	8605	2	0.0
8555	8554	2	0.0
8517	8514	2	0.0
8377	8375	2	0.0
8329	8323	2	0.0
8465	8462	2	0.0
8516	8515	2	0.0
8556	8555	2	0.0
8607	8606	2	0.0
8328	8324	2	0.0
8378	8375	2	0.0
8518	8515	2	0.0
8466	8462	2	0.0
8557	8555	2	0.0
8608	8606	2	0.0
8329	8324	2	0.0
8517	8515	2	0.0
8377	8376	2	0.0
8518	8516	2	0.0
8556	8558	2	0.0
8328	8325	2	0.0
8608	8607	2	0.0
8464	8463	2	0.0
8378	8376	2	0.0
8517	8516	2	0.0
8329	8325	2	0.0
8557	8558	2	0.0
8517	8518	2	0.0
8465	8463	2	0.0
8328	8326	2	0.0
8378	8377	2	0.0
8609	8607	2	0.0
8557	8556	2	0.0
8329	8326	2	0.0
8519	8516	2	0.0
8466	8463	2	0.0
8610	8607	2	0.0
8559	8558	2	0.0
8379	8375	2	0.0
8519	8518	2	0.0
8328	8327	2	0.0
8465	8464	2	0.0
8519	8517	2	0.0
8611	8607	2	0.0
8559	8556	2	0.0
8466	8464	2	0.0
8329	8327	2	0.0
8380	8375	2	0.0
8520	8519	2	0.0
8609	8608	2	0.0
8559	8557	2	0.0
8466	8465	2	0.0
8522	8521	2	0.0
8329	8328	2	0.0
8381	8375	2	0.0
8610	8608	2	0.0
8523	8521	2	0.0
8561	8560	2	0.0
8330	8328	2	0.0
8467	8463	2	0.0
8379	8376	2	0.0
8611	8608	2	0.0
8523	8522	2	0.0
8562	8560	2	0.0
8331	8328	2	0.0
8468	8463	2	0.0
8524	8522	2	0.0
8330	8329	2	0.0
8562	8561	2	0.0
8380	8376	2	0.0
8610	8609	2	0.0
8469	8463	2	0.0
8525	8522	2	0.0
8331	8329	2	0.0
8563	8562	2	0.0
8611	8609	2	0.0
8381	8376	2	0.0
8526	8522	2	0.0
8467	8464	2	0.0
8331	8330	2	0.0
8564	8562	2	0.0
8611	8610	2	0.0
8333	8332	2	0.0
8468	8464	2	0.0
8379	8377	2	0.0
8564	8563	2	0.0
8334	8332	2	0.0
8612	8609	2	0.0
8469	8464	2	0.0
8380	8377	2	0.0
8566	8565	2	0.0
8334	8333	2	0.0
8613	8609	2	0.0
8467	8465	2	0.0
8335	8334	2	0.0
8567	8565	2	0.0
8381	8377	2	0.0
8614	8609	2	0.0
8468	8465	2	0.0
8568	8566	2	0.0
8379	8378	2	0.0
8612	8610	2	0.0
8469	8465	2	0.0
8567	8566	2	0.0
8380	8378	2	0.0
8613	8610	2	0.0
8467	8466	2	0.0
8567	8568	2	0.0
8381	8378	2	0.0
8614	8610	2	0.0
8468	8466	2	0.0
8569	8568	2	0.0
8380	8379	2	0.0
8469	8466	2	0.0
8612	8611	2	0.0
8569	8567	2	0.0
8381	8379	2	0.0
8468	8467	2	0.0
8613	8611	2	0.0
8571	8570	2	0.0
8381	8380	2	0.0
8469	8467	2	0.0
8614	8611	2	0.0
8572	8570	2	0.0
8382	8379	2	0.0
8469	8468	2	0.0
8573	8570	2	0.0
8613	8612	2	0.0
8383	8379	2	0.0
8470	8467	2	0.0
8572	8571	2	0.0
8614	8612	2	0.0
8382	8380	2	0.0
8470	8468	2	0.0
8573	8571	2	0.0
8614	8613	2	0.0
8383	8380	2	0.0
8470	8469	2	0.0
8573	8572	2	0.0
8615	8612	2	0.0
8382	8381	2	0.0
8471	8470	2	0.0
8574	8572	2	0.0
8616	8612	2	0.0
8383	8381	2	0.0
8575	8572	2	0.0
8617	8612	2	0.0
8576	8572	2	0.0
8615	8613	2	0.0
8574	8573	2	0.0
8616	8613	2	0.0
8617	8613	2	0.0
8615	8614	2	0.0
8616	8614	2	0.0
8617	8614	2	0.0
8616	8615	2	0.0
8617	8615	2	0.0
8617	8616	2	0.0
8619	8618	2	0.0
8620	8618	2	0.0
8620	8619	2	0.0
8244	8249	0	0.0
8244	8250	0	0.0
8244	8251	0	0.0
8263	8266	0	0.0
8272	8279	0	0.0
8272	8280	0	0.0
8272	8281	0	0.0
8272	8282	0	0.0
8275	8286	0	0.0
8274	8283	0	0.0
8269	8279	0	0.0
8281	8287	0	0.0
8274	8284	0	0.0
8269	8280	0	0.0
8274	8285	0	0.0
8278	8286	0	0.0
8269	8281	0	0.0
8281	8288	0	0.0
8269	8282	0	0.0
8289	8296	0	0.0
8289	8297	0	0.0
8270	8279	0	0.0
8289	8298	0	0.0
8270	8280	0	0.0
8279	8287	0	0.0
8270	8281	0	0.0
8279	8288	0	0.0
8273	8283	0	0.0
8270	8282	0	0.0
8296	8303	0	0.0
8273	8284	0	0.0
8273	8285	0	0.0
8290	8296	0	0.0
8276	8286	0	0.0
8290	8297	0	0.0
8297	8303	0	0.0
8252	8257	0	0.0
8290	8298	0	0.0
8282	8287	0	0.0
8298	8303	0	0.0
8282	8288	0	0.0
8291	8296	0	0.0
8271	8279	0	0.0
8291	8297	0	0.0
8271	8280	0	0.0
8291	8298	0	0.0
8368	8374	0	0.0
8363	8370	0	0.0
8374	8382	0	0.0
8271	8281	0	0.0
8363	8371	0	0.0
8376	8384	0	0.0
8299	8304	0	0.0
8271	8282	0	0.0
8374	8383	0	0.0
8292	8296	0	0.0
8376	8385	0	0.0
8280	8287	0	0.0
8292	8297	0	0.0
8376	8386	0	0.0
8280	8288	0	0.0
8277	8286	0	0.0
8292	8298	0	0.0
8397	8403	0	0.0
8300	8304	0	0.0
8381	8387	0	0.0
8377	8384	0	0.0
8369	8374	0	0.0
8410	8417	0	0.0
8377	8385	0	0.0
8398	8404	0	0.0
8377	8386	0	0.0
8301	8305	0	0.0
8364	8372	0	0.0
8364	8373	0	0.0
8302	8305	0	0.0
8332	8336	0	0.0
8293	8299	0	0.0
8441	8445	0	0.0
8370	8375	0	0.0
8332	8337	0	0.0
8293	8300	0	0.0
8399	8404	0	0.0
8410	8415	0	0.0
8370	8376	0	0.0
8427	8431	0	0.0
8332	8338	0	0.0
8303	8306	0	0.0
8365	8372	0	0.0
8370	8377	0	0.0
8427	8432	0	0.0
8410	8416	0	0.0
8365	8373	0	0.0
8370	8378	0	0.0
8446	8457	0	0.0
8333	8336	0	0.0
8442	8446	0	0.0
8304	8307	0	0.0
8333	8337	0	0.0
8442	8447	0	0.0
8428	8433	0	0.0
8333	8338	0	0.0
8451	8458	0	0.0
8305	8308	0	0.0
8442	8448	0	0.0
8428	8434	0	0.0
8305	8309	0	0.0
8451	8459	0	0.0
8378	8384	0	0.0
8366	8372	0	0.0
8428	8435	0	0.0
8451	8460	0	0.0
8366	8373	0	0.0
8446	8456	0	0.0
8378	8385	0	0.0
8378	8386	0	0.0
8294	8299	0	0.0
8412	8415	0	0.0
8429	8433	0	0.0
8294	8300	0	0.0
8412	8416	0	0.0
8367	8372	0	0.0
8429	8434	0	0.0
8367	8373	0	0.0
8371	8375	0	0.0
8429	8435	0	0.0
8306	8310	0	0.0
8371	8376	0	0.0
8412	8417	0	0.0
8452	8458	0	0.0
8371	8377	0	0.0
8452	8459	0	0.0
8371	8378	0	0.0
8452	8460	0	0.0
8334	8339	0	0.0
8430	8436	0	0.0
8449	8458	0	0.0
8295	8301	0	0.0
8375	8384	0	0.0
8375	8385	0	0.0
8449	8459	0	0.0
8295	8302	0	0.0
8375	8386	0	0.0
8449	8460	0	0.0
8447	8456	0	0.0
8485	8490	0	0.0
8447	8457	0	0.0
8468	8472	0	0.0
8485	8491	0	0.0
8405	8409	0	0.0
8496	8503	0	0.0
8405	8410	0	0.0
8463	8471	0	0.0
8496	8504	0	0.0
8443	8449	0	0.0
8469	8472	0	0.0
8390	8395	0	0.0
8443	8450	0	0.0
8407	8411	0	0.0
8407	8412	0	0.0
8443	8451	0	0.0
8470	8473	0	0.0
8407	8413	0	0.0
8470	8474	0	0.0
8443	8452	0	0.0
8343	8348	0	0.0
8471	8475	0	0.0
8471	8476	0	0.0
8486	8490	0	0.0
8408	8414	0	0.0
8486	8491	0	0.0
8444	8449	0	0.0
8472	8477	0	0.0
8496	8502	0	0.0
8392	8396	0	0.0
8444	8450	0	0.0
8379	8387	0	0.0
8513	8519	0	0.0
8444	8451	0	0.0
8505	8509	0	0.0
8372	8379	0	0.0
8391	8396	0	0.0
8372	8380	0	0.0
8487	8492	0	0.0
8393	8396	0	0.0
8444	8452	0	0.0
8372	8381	0	0.0
8506	8510	0	0.0
8464	8471	0	0.0
8523	8528	0	0.0
8448	8456	0	0.0
8488	8492	0	0.0
8409	8415	0	0.0
8448	8457	0	0.0
8409	8416	0	0.0
8523	8529	0	0.0
8409	8417	0	0.0
8445	8453	0	0.0
8507	8511	0	0.0
8445	8454	0	0.0
8523	8530	0	0.0
8507	8512	0	0.0
8514	8520	0	0.0
8507	8513	0	0.0
8373	8379	0	0.0
8445	8455	0	0.0
8373	8380	0	0.0
8508	8511	0	0.0
8528	8537	0	0.0
8373	8381	0	0.0
8508	8512	0	0.0
8508	8513	0	0.0
8450	8458	0	0.0
8380	8387	0	0.0
8478	8483	0	0.0
8450	8459	0	0.0
8450	8460	0	0.0
8465	8471	0	0.0
8509	8514	0	0.0
8509	8515	0	0.0
8461	8470	0	0.0
8570	8577	0	0.0
8529	8537	0	0.0
8510	8516	0	0.0
8424	8428	0	0.0
8510	8517	0	0.0
8571	8577	0	0.0
8510	8518	0	0.0
8424	8429	0	0.0
8581	8586	0	0.0
8581	8587	0	0.0
8552	8556	0	0.0
8552	8557	0	0.0
8595	8601	0	0.0
8582	8586	0	0.0
8582	8587	0	0.0
8479	8484	0	0.0
8493	8501	0	0.0
8437	8442	0	0.0
8515	8520	0	0.0
8425	8430	0	0.0
8596	8601	0	0.0
8438	8442	0	0.0
8583	8586	0	0.0
8480	8484	0	0.0
8426	8430	0	0.0
8597	8601	0	0.0
8583	8587	0	0.0
8530	8537	0	0.0
8466	8471	0	0.0
8618	8623	0	0.0
8553	8558	0	0.0
8249	8249	0	0.0
8481	8484	0	0.0
8524	8531	0	0.0
8439	8443	0	0.0
8553	8559	0	0.0
8618	8624	0	0.0
8439	8444	0	0.0
8524	8532	0	0.0
8245	8245	0	0.0
8462	8470	0	0.0
8618	8625	0	0.0
8572	8578	0	0.0
8494	8501	0	0.0
8554	8558	0	0.0
8524	8533	0	0.0
8554	8559	0	0.0
8262	8262	0	0.0
8607	8615	0	0.0
8598	8602	0	0.0
8263	8263	0	0.0
8440	8443	0	0.0
8598	8603	0	0.0
8250	8250	0	0.0
8482	8485	0	0.0
8607	8616	0	0.0
8440	8444	0	0.0
8495	8501	0	0.0
8619	8626	0	0.0
8598	8604	0	0.0
8265	8265	0	0.0
8482	8486	0	0.0
8607	8617	0	0.0
8525	8531	0	0.0
8264	8264	0	0.0
8525	8532	0	0.0
8599	8602	0	0.0
8266	8266	0	0.0
8599	8603	0	0.0
8558	8553	0	0.0
8525	8533	0	0.0
8483	8487	0	0.0
8269	8269	0	0.0
8251	8251	0	0.0
8599	8604	0	0.0
8271	8271	0	0.0
8558	8554	0	0.0
8591	8598	0	0.0
8483	8488	0	0.0
8246	8246	0	0.0
8620	8626	0	0.0
8600	8605	0	0.0
8538	8542	0	0.0
8592	8598	0	0.0
8270	8283	0	0.0
8538	8543	0	0.0
8511	8519	0	0.0
8270	8284	0	0.0
8271	8283	0	0.0
8601	8606	0	0.0
8270	8285	0	0.0
8271	8284	0	0.0
8526	8531	0	0.0
8539	8544	0	0.0
8271	8285	0	0.0
8484	8489	0	0.0
8539	8545	0	0.0
8526	8532	0	0.0
8512	8519	0	0.0
8269	8283	0	0.0
8275	8275	0	0.0
8608	8615	0	0.0
8593	8599	0	0.0
8269	8284	0	0.0
8526	8533	0	0.0
8272	8283	0	0.0
8269	8285	0	0.0
8573	8578	0	0.0
8608	8616	0	0.0
8593	8600	0	0.0
8272	8284	0	0.0
8467	8472	0	0.0
8276	8276	0	0.0
8608	8617	0	0.0
8270	8270	0	0.0
8272	8285	0	0.0
8279	8271	0	0.0
8279	8272	0	0.0
8274	8286	0	0.0
8284	8284	0	0.0
8527	8534	0	0.0
8279	8279	0	0.0
8284	8271	0	0.0
8527	8535	0	0.0
8521	8527	0	0.0
8277	8277	0	0.0
8527	8536	0	0.0
8284	8272	0	0.0
8540	8546	0	0.0
8287	8277	0	0.0
8272	8272	0	0.0
8274	8274	0	0.0
8602	8607	0	0.0
8275	8287	0	0.0
8287	8278	0	0.0
8292	8299	0	0.0
8522	8528	0	0.0
8300	8300	0	0.0
8287	8287	0	0.0
8522	8529	0	0.0
8602	8608	0	0.0
8522	8530	0	0.0
8296	8296	0	0.0
8292	8300	0	0.0
8603	8607	0	0.0
8288	8275	0	0.0
8288	8276	0	0.0
8603	8608	0	0.0
8288	8277	0	0.0
8277	8287	0	0.0
8244	8244	0	0.0
8304	8304	0	0.0
8288	8278	0	0.0
8296	8304	0	0.0
8594	8599	0	0.0
8277	8288	0	0.0
8604	8607	0	0.0
8275	8288	0	0.0
8541	8546	0	0.0
8295	8295	0	0.0
8301	8293	0	0.0
8283	8269	0	0.0
8594	8600	0	0.0
8302	8302	0	0.0
8604	8608	0	0.0
8293	8293	0	0.0
8285	8269	0	0.0
8301	8294	0	0.0
8288	8288	0	0.0
8283	8270	0	0.0
8285	8270	0	0.0
8302	8306	0	0.0
8283	8271	0	0.0
8337	8337	0	0.0
8280	8280	0	0.0
8285	8271	0	0.0
8331	8331	0	0.0
8334	8334	0	0.0
8365	8365	0	0.0
8579	8585	0	0.0
8283	8272	0	0.0
8304	8296	0	0.0
8252	8252	0	0.0
8285	8272	0	0.0
8287	8275	0	0.0
8304	8297	0	0.0
8605	8609	0	0.0
8248	8248	0	0.0
8301	8301	0	0.0
8287	8276	0	0.0
8304	8298	0	0.0
8373	8373	0	0.0
8325	8325	0	0.0
8605	8610	0	0.0
8293	8301	0	0.0
8580	8585	0	0.0
8365	8374	0	0.0
8293	8302	0	0.0
8605	8611	0	0.0
8303	8303	0	0.0
8369	8369	0	0.0
8338	8338	0	0.0
8278	8278	0	0.0
8330	8330	0	0.0
8283	8283	0	0.0
8335	8335	0	0.0
8373	8383	0	0.0
8303	8307	0	0.0
8302	8293	0	0.0
8370	8370	0	0.0
8606	8612	0	0.0
8369	8375	0	0.0
8285	8285	0	0.0
8339	8332	0	0.0
8305	8299	0	0.0
8256	8256	0	0.0
8278	8287	0	0.0
8302	8294	0	0.0
8372	8382	0	0.0
8378	8368	0	0.0
8606	8613	0	0.0
8369	8376	0	0.0
8247	8247	0	0.0
8339	8333	0	0.0
8305	8300	0	0.0
8273	8273	0	0.0
8369	8377	0	0.0
8372	8383	0	0.0
8606	8614	0	0.0
8378	8369	0	0.0
8278	8288	0	0.0
8369	8378	0	0.0
8305	8305	0	0.0
8376	8387	0	0.0
8376	8368	0	0.0
8372	8363	0	0.0
8382	8372	0	0.0
8376	8369	0	0.0
8281	8281	0	0.0
8339	8339	0	0.0
8382	8373	0	0.0
8254	8254	0	0.0
8273	8286	0	0.0
8304	8308	0	0.0
8343	8343	0	0.0
8386	8386	0	0.0
8372	8372	0	0.0
8304	8309	0	0.0
8297	8297	0	0.0
8306	8301	0	0.0
8276	8287	0	0.0
8326	8326	0	0.0
8284	8269	0	0.0
8378	8378	0	0.0
8371	8371	0	0.0
8306	8302	0	0.0
8376	8376	0	0.0
8384	8384	0	0.0
8276	8288	0	0.0
8297	8304	0	0.0
8345	8345	0	0.0
8284	8270	0	0.0
8382	8382	0	0.0
8374	8374	0	0.0
8306	8306	0	0.0
8407	8407	0	0.0
8366	8366	0	0.0
8395	8395	0	0.0
8379	8379	0	0.0
8386	8375	0	0.0
8255	8255	0	0.0
8386	8376	0	0.0
8289	8289	0	0.0
8393	8393	0	0.0
8386	8377	0	0.0
8253	8253	0	0.0
8374	8384	0	0.0
8305	8310	0	0.0
8366	8374	0	0.0
8385	8374	0	0.0
8386	8378	0	0.0
8307	8303	0	0.0
8346	8346	0	0.0
8374	8385	0	0.0
8414	8408	0	0.0
8373	8363	0	0.0
8407	8414	0	0.0
8395	8390	0	0.0
8374	8386	0	0.0
8428	8436	0	0.0
8289	8299	0	0.0
8307	8307	0	0.0
8410	8406	0	0.0
8379	8370	0	0.0
8438	8444	0	0.0
8289	8300	0	0.0
8414	8414	0	0.0
8377	8368	0	0.0
8379	8371	0	0.0
8432	8425	0	0.0
8394	8394	0	0.0
8282	8282	0	0.0
8387	8375	0	0.0
8257	8257	0	0.0
8383	8372	0	0.0
8377	8369	0	0.0
8308	8304	0	0.0
8396	8390	0	0.0
8432	8426	0	0.0
8410	8410	0	0.0
8387	8376	0	0.0
8413	8413	0	0.0
8383	8373	0	0.0
8444	8444	0	0.0
8385	8385	0	0.0
8258	8258	0	0.0
8387	8377	0	0.0
8408	8408	0	0.0
8308	8308	0	0.0
8441	8441	0	0.0
8452	8442	0	0.0
8290	8290	0	0.0
8347	8347	0	0.0
8396	8396	0	0.0
8416	8408	0	0.0
8387	8378	0	0.0
8397	8397	0	0.0
8439	8439	0	0.0
8344	8344	0	0.0
8298	8298	0	0.0
8327	8327	0	0.0
8432	8432	0	0.0
8408	8415	0	0.0
8309	8304	0	0.0
8261	8261	0	0.0
8397	8404	0	0.0
8377	8377	0	0.0
8286	8273	0	0.0
8290	8299	0	0.0
8428	8428	0	0.0
8387	8387	0	0.0
8444	8453	0	0.0
8416	8416	0	0.0
8370	8379	0	0.0
8408	8416	0	0.0
8290	8300	0	0.0
8294	8294	0	0.0
8286	8274	0	0.0
8458	8446	0	0.0
8439	8445	0	0.0
8444	8454	0	0.0
8370	8380	0	0.0
8348	8348	0	0.0
8408	8417	0	0.0
8309	8309	0	0.0
8400	8400	0	0.0
8457	8445	0	0.0
8383	8383	0	0.0
8386	8374	0	0.0
8458	8447	0	0.0
8444	8455	0	0.0
8370	8381	0	0.0
8286	8277	0	0.0
8359	8359	0	0.0
8411	8405	0	0.0
8448	8441	0	0.0
8310	8305	0	0.0
8458	8448	0	0.0
8374	8364	0	0.0
8442	8442	0	0.0
8298	8304	0	0.0
8454	8454	0	0.0
8417	8408	0	0.0
8294	8301	0	0.0
8374	8365	0	0.0
8367	8367	0	0.0
8310	8310	0	0.0
8452	8452	0	0.0
8291	8291	0	0.0
8459	8459	0	0.0
8440	8440	0	0.0
8362	8362	0	0.0
8294	8302	0	0.0
8374	8366	0	0.0
8457	8457	0	0.0
8411	8411	0	0.0
8470	8470	0	0.0
8446	8446	0	0.0
8458	8458	0	0.0
8431	8425	0	0.0
8448	8448	0	0.0
8363	8363	0	0.0
8374	8367	0	0.0
8447	8447	0	0.0
8380	8380	0	0.0
8474	8474	0	0.0
8367	8374	0	0.0
8453	8453	0	0.0
8259	8259	0	0.0
8310	8306	0	0.0
8464	8464	0	0.0
8450	8450	0	0.0
8431	8426	0	0.0
8401	8401	0	0.0
8291	8299	0	0.0
8459	8446	0	0.0
8286	8286	0	0.0
8455	8455	0	0.0
8291	8300	0	0.0
8464	8472	0	0.0
8440	8445	0	0.0
8472	8472	0	0.0
8332	8332	0	0.0
8323	8323	0	0.0
8412	8405	0	0.0
8417	8417	0	0.0
8486	8486	0	0.0
8384	8374	0	0.0
8459	8447	0	0.0
8446	8458	0	0.0
8363	8372	0	0.0
8380	8370	0	0.0
8431	8431	0	0.0
8493	8502	0	0.0
8484	8484	0	0.0
8460	8446	0	0.0
8495	8495	0	0.0
8387	8379	0	0.0
8459	8448	0	0.0
8493	8503	0	0.0
8363	8373	0	0.0
8446	8459	0	0.0
8456	8445	0	0.0
8447	8458	0	0.0
8387	8380	0	0.0
8380	8371	0	0.0
8460	8447	0	0.0
8377	8387	0	0.0
8493	8504	0	0.0
8387	8381	0	0.0
8475	8470	0	0.0
8332	8339	0	0.0
8446	8460	0	0.0
8460	8448	0	0.0
8429	8429	0	0.0
8484	8490	0	0.0
8447	8459	0	0.0
8495	8502	0	0.0
8415	8408	0	0.0
8453	8443	0	0.0
8484	8491	0	0.0
8412	8412	0	0.0
8510	8510	0	0.0
8495	8503	0	0.0
8465	8465	0	0.0
8402	8402	0	0.0
8453	8444	0	0.0
8441	8446	0	0.0
8456	8456	0	0.0
8447	8460	0	0.0
8488	8482	0	0.0
8498	8498	0	0.0
8292	8292	0	0.0
8495	8504	0	0.0
8398	8398	0	0.0
8390	8390	0	0.0
8465	8472	0	0.0
8504	8504	0	0.0
8333	8333	0	0.0
8415	8415	0	0.0
8441	8447	0	0.0
8493	8493	0	0.0
8455	8443	0	0.0
8446	8441	0	0.0
8500	8500	0	0.0
8368	8368	0	0.0
8520	8514	0	0.0
8512	8520	0	0.0
8497	8497	0	0.0
8475	8475	0	0.0
8418	8418	0	0.0
8441	8448	0	0.0
8460	8460	0	0.0
8455	8444	0	0.0
8371	8379	0	0.0
8392	8392	0	0.0
8429	8436	0	0.0
8503	8493	0	0.0
8518	8509	0	0.0
8461	8461	0	0.0
8371	8380	0	0.0
8443	8437	0	0.0
8333	8339	0	0.0
8526	8536	0	0.0
8403	8403	0	0.0
8503	8494	0	0.0
8371	8381	0	0.0
8373	8382	0	0.0
8520	8520	0	0.0
8488	8488	0	0.0
8502	8493	0	0.0
8443	8438	0	0.0
8324	8324	0	0.0
8299	8299	0	0.0
8530	8521	0	0.0
8503	8495	0	0.0
8521	8521	0	0.0
8461	8471	0	0.0
8510	8519	0	0.0
8502	8494	0	0.0
8399	8399	0	0.0
8466	8466	0	0.0
8476	8470	0	0.0
8518	8518	0	0.0
8528	8528	0	0.0
8524	8534	0	0.0
8368	8375	0	0.0
8299	8305	0	0.0
8375	8368	0	0.0
8422	8422	0	0.0
8524	8535	0	0.0
8514	8507	0	0.0
8502	8495	0	0.0
8521	8528	0	0.0
8443	8443	0	0.0
8413	8405	0	0.0
8466	8472	0	0.0
8368	8376	0	0.0
8303	8295	0	0.0
8499	8499	0	0.0
8521	8529	0	0.0
8524	8536	0	0.0
8375	8369	0	0.0
8390	8396	0	0.0
8530	8530	0	0.0
8368	8377	0	0.0
8514	8508	0	0.0
8336	8336	0	0.0
8521	8530	0	0.0
8513	8513	0	0.0
8527	8527	0	0.0
8536	8524	0	0.0
8368	8378	0	0.0
8502	8502	0	0.0
8503	8503	0	0.0
8451	8451	0	0.0
8375	8375	0	0.0
8487	8482	0	0.0
8476	8476	0	0.0
8536	8525	0	0.0
8447	8441	0	0.0
8467	8467	0	0.0
8536	8536	0	0.0
8513	8520	0	0.0
8524	8524	0	0.0
8404	8397	0	0.0
8536	8526	0	0.0
8516	8509	0	0.0
8531	8531	0	0.0
8527	8537	0	0.0
8391	8391	0	0.0
8467	8473	0	0.0
8531	8522	0	0.0
8404	8404	0	0.0
8473	8473	0	0.0
8364	8364	0	0.0
8564	8564	0	0.0
8467	8474	0	0.0
8454	8443	0	0.0
8445	8445	0	0.0
8525	8525	0	0.0
8300	8305	0	0.0
8531	8523	0	0.0
8487	8487	0	0.0
8471	8461	0	0.0
8537	8527	0	0.0
8514	8514	0	0.0
8444	8437	0	0.0
8454	8444	0	0.0
8516	8516	0	0.0
8471	8462	0	0.0
8381	8370	0	0.0
8409	8409	0	0.0
8544	8544	0	0.0
8476	8471	0	0.0
8485	8485	0	0.0
8561	8561	0	0.0
8423	8423	0	0.0
8444	8438	0	0.0
8471	8471	0	0.0
8504	8493	0	0.0
8577	8577	0	0.0
8381	8371	0	0.0
8494	8494	0	0.0
8445	8456	0	0.0
8364	8374	0	0.0
8563	8563	0	0.0
8424	8424	0	0.0
8591	8591	0	0.0
8468	8468	0	0.0
8504	8494	0	0.0
8445	8457	0	0.0
8541	8541	0	0.0
8525	8534	0	0.0
8449	8442	0	0.0
8494	8502	0	0.0
8504	8495	0	0.0
8537	8537	0	0.0
8468	8473	0	0.0
8591	8599	0	0.0
8485	8492	0	0.0
8494	8503	0	0.0
8468	8474	0	0.0
8573	8573	0	0.0
8525	8535	0	0.0
8414	8407	0	0.0
8591	8600	0	0.0
8517	8509	0	0.0
8494	8504	0	0.0
8489	8483	0	0.0
8525	8536	0	0.0
8301	8306	0	0.0
8424	8430	0	0.0
8448	8458	0	0.0
8532	8532	0	0.0
8528	8521	0	0.0
8449	8449	0	0.0
8545	8538	0	0.0
8430	8430	0	0.0
8600	8600	0	0.0
8295	8303	0	0.0
8448	8459	0	0.0
8381	8381	0	0.0
8565	8565	0	0.0
8604	8604	0	0.0
8529	8529	0	0.0
8532	8522	0	0.0
8405	8405	0	0.0
8517	8517	0	0.0
8532	8523	0	0.0
8601	8601	0	0.0
8299	8289	0	0.0
8477	8471	0	0.0
8596	8596	0	0.0
8489	8489	0	0.0
8448	8460	0	0.0
8469	8469	0	0.0
8515	8507	0	0.0
8433	8427	0	0.0
8568	8568	0	0.0
8299	8290	0	0.0
8601	8607	0	0.0
8614	8614	0	0.0
8405	8411	0	0.0
8469	8473	0	0.0
8534	8524	0	0.0
8427	8427	0	0.0
8515	8508	0	0.0
8505	8505	0	0.0
8601	8608	0	0.0
8299	8291	0	0.0
8545	8545	0	0.0
8609	8609	0	0.0
8405	8412	0	0.0
8469	8474	0	0.0
8279	8269	0	0.0
8442	8449	0	0.0
8605	8598	0	0.0
8450	8442	0	0.0
8534	8525	0	0.0
8425	8425	0	0.0
8405	8413	0	0.0
8605	8599	0	0.0
8610	8610	0	0.0
8615	8606	0	0.0
8299	8292	0	0.0
8526	8526	0	0.0
8599	8591	0	0.0
8542	8542	0	0.0
8574	8574	0	0.0
8279	8270	0	0.0
8442	8450	0	0.0
8408	8406	0	0.0
8534	8526	0	0.0
8522	8522	0	0.0
8433	8433	0	0.0
8606	8606	0	0.0
8477	8477	0	0.0
8546	8539	0	0.0
8599	8592	0	0.0
8578	8570	0	0.0
8505	8510	0	0.0
8569	8569	0	0.0
8442	8451	0	0.0
8533	8533	0	0.0
8605	8605	0	0.0
8425	8431	0	0.0
8406	8406	0	0.0
8578	8571	0	0.0
8486	8492	0	0.0
8602	8602	0	0.0
8615	8615	0	0.0
8611	8611	0	0.0
8442	8452	0	0.0
8406	8408	0	0.0
8566	8566	0	0.0
8425	8432	0	0.0
8599	8599	0	0.0
8597	8597	0	0.0
8515	8515	0	0.0
8470	8475	0	0.0
8507	8507	0	0.0
8529	8521	0	0.0
8522	8531	0	0.0
8462	8462	0	0.0
8406	8409	0	0.0
8617	8606	0	0.0
8537	8528	0	0.0
8434	8427	0	0.0
8546	8546	0	0.0
8470	8476	0	0.0
8616	8606	0	0.0
8445	8439	0	0.0
8533	8522	0	0.0
8578	8578	0	0.0
8511	8511	0	0.0
8406	8410	0	0.0
8472	8463	0	0.0
8602	8609	0	0.0
8496	8496	0	0.0
8522	8532	0	0.0
8533	8523	0	0.0
8592	8592	0	0.0
8534	8534	0	0.0
8606	8615	0	0.0
8472	8464	0	0.0
8445	8440	0	0.0
8602	8610	0	0.0
8522	8533	0	0.0
8462	8471	0	0.0
8472	8465	0	0.0
8602	8611	0	0.0
8511	8520	0	0.0
8543	8543	0	0.0
8570	8570	0	0.0
8575	8575	0	0.0
8472	8466	0	0.0
8606	8616	0	0.0
8606	8600	0	0.0
8592	8599	0	0.0
8451	8442	0	0.0
8616	8616	0	0.0
8592	8600	0	0.0
8606	8617	0	0.0
8596	8602	0	0.0
8434	8434	0	0.0
8375	8387	0	0.0
8546	8541	0	0.0
8570	8578	0	0.0
8611	8602	0	0.0
8538	8538	0	0.0
8596	8603	0	0.0
8378	8387	0	0.0
8535	8524	0	0.0
8518	8510	0	0.0
8603	8603	0	0.0
8533	8524	0	0.0
8611	8603	0	0.0
8533	8525	0	0.0
8471	8477	0	0.0
8596	8604	0	0.0
8523	8523	0	0.0
8595	8595	0	0.0
8535	8525	0	0.0
8300	8289	0	0.0
8490	8484	0	0.0
8478	8478	0	0.0
8617	8617	0	0.0
8409	8406	0	0.0
8533	8526	0	0.0
8473	8467	0	0.0
8508	8508	0	0.0
8611	8604	0	0.0
8501	8501	0	0.0
8603	8609	0	0.0
8473	8468	0	0.0
8435	8427	0	0.0
8535	8526	0	0.0
8600	8591	0	0.0
8300	8290	0	0.0
8603	8610	0	0.0
8618	8618	0	0.0
8473	8469	0	0.0
8538	8544	0	0.0
8506	8506	0	0.0
8416	8412	0	0.0
8547	8547	0	0.0
8603	8611	0	0.0
8600	8592	0	0.0
8490	8490	0	0.0
8576	8576	0	0.0
8523	8531	0	0.0
8538	8545	0	0.0
8300	8291	0	0.0
8478	8484	0	0.0
8523	8532	0	0.0
8519	8510	0	0.0
8300	8292	0	0.0
8506	8511	0	0.0
8523	8533	0	0.0
8540	8540	0	0.0
8551	8551	0	0.0
8506	8512	0	0.0
8474	8467	0	0.0
8426	8426	0	0.0
8618	8626	0	0.0
8491	8484	0	0.0
8474	8468	0	0.0
8506	8513	0	0.0
8435	8435	0	0.0
8474	8469	0	0.0
8519	8519	0	0.0
8607	8607	0	0.0
8443	8453	0	0.0
8548	8548	0	0.0
8535	8535	0	0.0
8604	8609	0	0.0
8482	8482	0	0.0
8604	8610	0	0.0
8426	8431	0	0.0
8443	8454	0	0.0
8436	8428	0	0.0
8604	8611	0	0.0
8491	8491	0	0.0
8479	8479	0	0.0
8426	8432	0	0.0
8579	8579	0	0.0
8621	8621	0	0.0
8443	8455	0	0.0
8436	8429	0	0.0
8509	8509	0	0.0
8417	8412	0	0.0
8552	8552	0	0.0
8612	8605	0	0.0
8579	8586	0	0.0
8479	8485	0	0.0
8526	8534	0	0.0
8552	8558	0	0.0
8605	8612	0	0.0
8539	8539	0	0.0
8579	8587	0	0.0
8526	8535	0	0.0
8479	8486	0	0.0
8605	8613	0	0.0
8552	8559	0	0.0
8593	8593	0	0.0
8436	8436	0	0.0
8605	8614	0	0.0
8520	8511	0	0.0
8608	8601	0	0.0
8612	8612	0	0.0
8571	8571	0	0.0
8520	8512	0	0.0
8593	8601	0	0.0
8539	8546	0	0.0
8507	8514	0	0.0
8520	8513	0	0.0
8608	8608	0	0.0
8512	8512	0	0.0
8555	8555	0	0.0
8483	8483	0	0.0
8507	8515	0	0.0
8571	8578	0	0.0
8553	8553	0	0.0
8584	8584	0	0.0
8510	8505	0	0.0
8415	8412	0	0.0
8463	8463	0	0.0
8598	8598	0	0.0
8594	8594	0	0.0
8480	8480	0	0.0
8463	8472	0	0.0
8622	8622	0	0.0
8556	8556	0	0.0
8613	8605	0	0.0
8580	8580	0	0.0
8597	8602	0	0.0
8619	8619	0	0.0
8594	8601	0	0.0
8607	8601	0	0.0
8597	8603	0	0.0
8480	8485	0	0.0
8437	8437	0	0.0
8597	8604	0	0.0
8580	8586	0	0.0
8480	8486	0	0.0
8580	8587	0	0.0
8492	8485	0	0.0
8437	8443	0	0.0
8557	8557	0	0.0
8492	8486	0	0.0
8613	8613	0	0.0
8427	8433	0	0.0
8437	8444	0	0.0
8623	8623	0	0.0
8554	8554	0	0.0
8427	8434	0	0.0
8508	8514	0	0.0
8609	8602	0	0.0
8544	8538	0	0.0
8508	8515	0	0.0
8492	8492	0	0.0
8427	8435	0	0.0
8609	8603	0	0.0
8609	8604	0	0.0
8430	8424	0	0.0
8581	8581	0	0.0
8481	8481	0	0.0
8595	8602	0	0.0
8595	8603	0	0.0
8614	8605	0	0.0
8438	8438	0	0.0
8595	8604	0	0.0
8481	8485	0	0.0
8481	8486	0	0.0
8438	8443	0	0.0
8585	8585	0	0.0
8624	8624	0	0.0
8572	8572	0	0.0
8509	8516	0	0.0
8509	8517	0	0.0
8598	8605	0	0.0
8558	8552	0	0.0
8509	8518	0	0.0
8610	8602	0	0.0
8582	8582	0	0.0
8558	8558	0	0.0
8512	8506	0	0.0
8601	8593	0	0.0
8610	8603	0	0.0
8610	8604	0	0.0
8559	8552	0	0.0
8601	8594	0	0.0
8482	8487	0	0.0
8543	8538	0	0.0
8482	8488	0	0.0
8484	8478	0	0.0
8559	8559	0	0.0
8560	8560	0	0.0
8625	8625	0	0.0
8483	8489	0	0.0
8513	8506	0	0.0
8583	8583	0	0.0
8485	8479	0	0.0
8485	8480	0	0.0
8620	8620	0	0.0
8485	8481	0	0.0
8486	8479	0	0.0
8599	8605	0	0.0
8486	8480	0	0.0
8486	8481	0	0.0
8601	8595	0	0.0
8601	8596	0	0.0
8586	8579	0	0.0
8601	8597	0	0.0
8511	8506	0	0.0
8586	8580	0	0.0
8586	8586	0	0.0
8587	8579	0	0.0
8600	8606	0	0.0
8587	8580	0	0.0
8602	8595	0	0.0
8602	8596	0	0.0
8602	8597	0	0.0
8587	8587	0	0.0
8626	8618	0	0.0
8603	8595	0	0.0
8626	8626	0	0.0
8603	8596	0	0.0
8603	8597	0	0.0
8604	8595	0	0.0
8604	8596	0	0.0
8604	8597	0	0.0
8244	8249	2	0.0
8244	8250	2	0.0
8244	8251	2	0.0
8263	8266	2	0.0
8272	8279	2	0.0
8272	8280	2	0.0
8274	8283	2	0.0
8272	8281	2	0.0
8274	8284	2	0.0
8272	8282	2	0.0
8274	8285	2	0.0
8269	8279	2	0.0
8269	8280	2	0.0
8269	8281	2	0.0
8275	8286	2	0.0
8269	8282	2	0.0
8281	8287	2	0.0
8252	8257	2	0.0
8278	8286	2	0.0
8270	8279	2	0.0
8270	8280	2	0.0
8281	8288	2	0.0
8270	8281	2	0.0
8270	8282	2	0.0
8296	8303	2	0.0
8273	8283	2	0.0
8273	8284	2	0.0
8273	8285	2	0.0
8282	8287	2	0.0
8289	8296	2	0.0
8297	8303	2	0.0
8282	8288	2	0.0
8276	8286	2	0.0
8289	8297	2	0.0
8289	8298	2	0.0
8279	8287	2	0.0
8271	8279	2	0.0
8279	8288	2	0.0
8298	8303	2	0.0
8271	8280	2	0.0
8271	8281	2	0.0
8271	8282	2	0.0
8363	8370	2	0.0
8290	8296	2	0.0
8363	8371	2	0.0
8290	8297	2	0.0
8299	8304	2	0.0
8290	8298	2	0.0
8368	8374	2	0.0
8374	8382	2	0.0
8291	8296	2	0.0
8374	8383	2	0.0
8291	8297	2	0.0
8291	8298	2	0.0
8300	8304	2	0.0
8332	8336	2	0.0
8332	8337	2	0.0
8332	8338	2	0.0
8333	8336	2	0.0
8333	8337	2	0.0
8333	8338	2	0.0
8280	8287	2	0.0
8280	8288	2	0.0
8292	8296	2	0.0
8292	8297	2	0.0
8334	8339	2	0.0
8292	8298	2	0.0
8376	8384	2	0.0
8369	8374	2	0.0
8376	8385	2	0.0
8376	8386	2	0.0
8301	8305	2	0.0
8277	8286	2	0.0
8302	8305	2	0.0
8397	8403	2	0.0
8303	8306	2	0.0
8293	8299	2	0.0
8381	8387	2	0.0
8293	8300	2	0.0
8304	8307	2	0.0
8377	8384	2	0.0
8377	8385	2	0.0
8410	8417	2	0.0
8370	8375	2	0.0
8377	8386	2	0.0
8305	8308	2	0.0
8305	8309	2	0.0
8370	8376	2	0.0
8370	8377	2	0.0
8364	8372	2	0.0
8370	8378	2	0.0
8306	8310	2	0.0
8364	8373	2	0.0
8398	8404	2	0.0
8294	8299	2	0.0
8294	8300	2	0.0
8427	8431	2	0.0
8343	8348	2	0.0
8427	8432	2	0.0
8371	8375	2	0.0
8371	8376	2	0.0
8441	8445	2	0.0
8399	8404	2	0.0
8371	8377	2	0.0
8371	8378	2	0.0
8410	8415	2	0.0
8446	8457	2	0.0
8410	8416	2	0.0
8442	8446	2	0.0
8365	8372	2	0.0
8442	8447	2	0.0
8365	8373	2	0.0
8295	8301	2	0.0
8428	8433	2	0.0
8378	8384	2	0.0
8442	8448	2	0.0
8295	8302	2	0.0
8428	8434	2	0.0
8378	8385	2	0.0
8428	8435	2	0.0
8375	8384	2	0.0
8378	8386	2	0.0
8375	8385	2	0.0
8446	8456	2	0.0
8375	8386	2	0.0
8429	8433	2	0.0
8412	8415	2	0.0
8429	8434	2	0.0
8412	8416	2	0.0
8429	8435	2	0.0
8451	8458	2	0.0
8366	8372	2	0.0
8412	8417	2	0.0
8366	8373	2	0.0
8451	8459	2	0.0
8451	8460	2	0.0
8443	8449	2	0.0
8443	8450	2	0.0
8443	8451	2	0.0
8443	8452	2	0.0
8372	8379	2	0.0
8372	8380	2	0.0
8367	8372	2	0.0
8372	8381	2	0.0
8452	8458	2	0.0
8367	8373	2	0.0
8444	8449	2	0.0
8452	8459	2	0.0
8444	8450	2	0.0
8452	8460	2	0.0
8390	8395	2	0.0
8444	8451	2	0.0
8373	8379	2	0.0
8444	8452	2	0.0
8373	8380	2	0.0
8373	8381	2	0.0
8430	8436	2	0.0
8447	8456	2	0.0
8445	8453	2	0.0
8447	8457	2	0.0
8445	8454	2	0.0
8445	8455	2	0.0
8449	8458	2	0.0
8449	8459	2	0.0
8468	8472	2	0.0
8449	8460	2	0.0
8392	8396	2	0.0
8485	8490	2	0.0
8485	8491	2	0.0
8391	8396	2	0.0
8393	8396	2	0.0
8496	8503	2	0.0
8405	8409	2	0.0
8496	8504	2	0.0
8469	8472	2	0.0
8405	8410	2	0.0
8486	8490	2	0.0
8486	8491	2	0.0
8461	8470	2	0.0
8496	8502	2	0.0
8487	8492	2	0.0
8488	8492	2	0.0
8463	8471	2	0.0
8448	8456	2	0.0
8448	8457	2	0.0
8513	8519	2	0.0
8505	8509	2	0.0
8470	8473	2	0.0
8470	8474	2	0.0
8471	8475	2	0.0
8506	8510	2	0.0
8407	8411	2	0.0
8471	8476	2	0.0
8407	8412	2	0.0
8379	8387	2	0.0
8464	8471	2	0.0
8407	8413	2	0.0
8462	8470	2	0.0
8514	8520	2	0.0
8472	8477	2	0.0
8523	8528	2	0.0
8523	8529	2	0.0
8523	8530	2	0.0
8507	8511	2	0.0
8465	8471	2	0.0
8507	8512	2	0.0
8507	8513	2	0.0
8508	8511	2	0.0
8508	8512	2	0.0
8528	8537	2	0.0
8508	8513	2	0.0
8509	8514	2	0.0
8437	8442	2	0.0
8509	8515	2	0.0
8515	8520	2	0.0
8438	8442	2	0.0
8424	8428	2	0.0
8380	8387	2	0.0
8529	8537	2	0.0
8570	8577	2	0.0
8424	8429	2	0.0
8493	8501	2	0.0
8571	8577	2	0.0
8494	8501	2	0.0
8495	8501	2	0.0
8538	8542	2	0.0
8425	8430	2	0.0
8538	8543	2	0.0
8530	8537	2	0.0
8408	8414	2	0.0
8450	8458	2	0.0
8539	8544	2	0.0
8539	8545	2	0.0
8572	8578	2	0.0
8450	8459	2	0.0
8581	8586	2	0.0
8450	8460	2	0.0
8426	8430	2	0.0
8552	8556	2	0.0
8581	8587	2	0.0
8466	8471	2	0.0
8552	8557	2	0.0
8409	8415	2	0.0
8582	8586	2	0.0
8409	8416	2	0.0
8540	8546	2	0.0
8409	8417	2	0.0
8582	8587	2	0.0
8439	8443	2	0.0
8510	8516	2	0.0
8439	8444	2	0.0
8573	8578	2	0.0
8510	8517	2	0.0
8583	8586	2	0.0
8541	8546	2	0.0
8478	8483	2	0.0
8510	8518	2	0.0
8440	8443	2	0.0
8583	8587	2	0.0
8440	8444	2	0.0
8595	8601	2	0.0
8524	8531	2	0.0
8596	8601	2	0.0
8524	8532	2	0.0
8524	8533	2	0.0
8607	8615	2	0.0
8479	8484	2	0.0
8597	8601	2	0.0
8607	8616	2	0.0
8480	8484	2	0.0
8607	8617	2	0.0
8553	8558	2	0.0
8525	8531	2	0.0
8525	8532	2	0.0
8618	8623	2	0.0
8553	8559	2	0.0
8618	8624	2	0.0
8481	8484	2	0.0
8525	8533	2	0.0
8618	8625	2	0.0
8482	8485	2	0.0
8554	8558	2	0.0
8482	8486	2	0.0
8521	8527	2	0.0
8598	8602	2	0.0
8554	8559	2	0.0
8483	8487	2	0.0
8598	8603	2	0.0
8467	8472	2	0.0
8483	8488	2	0.0
8598	8604	2	0.0
8249	8249	2	0.0
8599	8602	2	0.0
8591	8598	2	0.0
8522	8528	2	0.0
8484	8489	2	0.0
8619	8626	2	0.0
8599	8603	2	0.0
8522	8529	2	0.0
8599	8604	2	0.0
8522	8530	2	0.0
8245	8245	2	0.0
8608	8615	2	0.0
8608	8616	2	0.0
8600	8605	2	0.0
8608	8617	2	0.0
8526	8531	2	0.0
8592	8598	2	0.0
8262	8262	2	0.0
8263	8263	2	0.0
8526	8532	2	0.0
8601	8606	2	0.0
8526	8533	2	0.0
8558	8553	2	0.0
8265	8265	2	0.0
8264	8264	2	0.0
8558	8554	2	0.0
8266	8266	2	0.0
8620	8626	2	0.0
8269	8269	2	0.0
8250	8250	2	0.0
8527	8534	2	0.0
8270	8283	2	0.0
8270	8284	2	0.0
8527	8535	2	0.0
8270	8285	2	0.0
8527	8536	2	0.0
8275	8275	2	0.0
8593	8599	2	0.0
8602	8607	2	0.0
8602	8608	2	0.0
8271	8271	2	0.0
8593	8600	2	0.0
8269	8283	2	0.0
8270	8270	2	0.0
8511	8519	2	0.0
8269	8284	2	0.0
8579	8585	2	0.0
8603	8607	2	0.0
8269	8285	2	0.0
8603	8608	2	0.0
8604	8607	2	0.0
8580	8585	2	0.0
8604	8608	2	0.0
8251	8251	2	0.0
8605	8609	2	0.0
8605	8610	2	0.0
8276	8276	2	0.0
8512	8519	2	0.0
8271	8283	2	0.0
8272	8283	2	0.0
8605	8611	2	0.0
8271	8284	2	0.0
8272	8284	2	0.0
8246	8246	2	0.0
8271	8285	2	0.0
8272	8285	2	0.0
8274	8286	2	0.0
8594	8599	2	0.0
8277	8277	2	0.0
8594	8600	2	0.0
8606	8612	2	0.0
8279	8279	2	0.0
8284	8284	2	0.0
8606	8613	2	0.0
8606	8614	2	0.0
8272	8272	2	0.0
8274	8274	2	0.0
8279	8271	2	0.0
8279	8272	2	0.0
8244	8244	2	0.0
8275	8287	2	0.0
8275	8288	2	0.0
8284	8271	2	0.0
8285	8269	2	0.0
8285	8270	2	0.0
8284	8272	2	0.0
8285	8271	2	0.0
8285	8272	2	0.0
8248	8248	2	0.0
8278	8278	2	0.0
8273	8273	2	0.0
8287	8277	2	0.0
8277	8287	2	0.0
8287	8278	2	0.0
8277	8288	2	0.0
8285	8285	2	0.0
8280	8280	2	0.0
8283	8269	2	0.0
8287	8287	2	0.0
8283	8270	2	0.0
8283	8271	2	0.0
8247	8247	2	0.0
8283	8272	2	0.0
8276	8287	2	0.0
8276	8288	2	0.0
8252	8252	2	0.0
8288	8275	2	0.0
8288	8276	2	0.0
8292	8299	2	0.0
8288	8277	2	0.0
8292	8300	2	0.0
8273	8286	2	0.0
8300	8300	2	0.0
8283	8283	2	0.0
8288	8278	2	0.0
8296	8296	2	0.0
8278	8287	2	0.0
8256	8256	2	0.0
8295	8295	2	0.0
8288	8288	2	0.0
8296	8304	2	0.0
8278	8288	2	0.0
8293	8293	2	0.0
8301	8293	2	0.0
8301	8294	2	0.0
8254	8254	2	0.0
8287	8275	2	0.0
8287	8276	2	0.0
8293	8301	2	0.0
8284	8269	2	0.0
8301	8301	2	0.0
8293	8302	2	0.0
8284	8270	2	0.0
8255	8255	2	0.0
8304	8304	2	0.0
8281	8281	2	0.0
8253	8253	2	0.0
8302	8293	2	0.0
8302	8302	2	0.0
8302	8294	2	0.0
8302	8306	2	0.0
8304	8296	2	0.0
8257	8257	2	0.0
8304	8297	2	0.0
8258	8258	2	0.0
8304	8298	2	0.0
8297	8297	2	0.0
8303	8303	2	0.0
8261	8261	2	0.0
8303	8307	2	0.0
8331	8331	2	0.0
8297	8304	2	0.0
8305	8299	2	0.0
8305	8300	2	0.0
8305	8305	2	0.0
8325	8325	2	0.0
8259	8259	2	0.0
8304	8308	2	0.0
8337	8337	2	0.0
8304	8309	2	0.0
8334	8334	2	0.0
8306	8301	2	0.0
8286	8273	2	0.0
8289	8289	2	0.0
8306	8302	2	0.0
8330	8330	2	0.0
8286	8274	2	0.0
8306	8306	2	0.0
8286	8277	2	0.0
8298	8298	2	0.0
8365	8365	2	0.0
8338	8338	2	0.0
8289	8299	2	0.0
8335	8335	2	0.0
8305	8310	2	0.0
8282	8282	2	0.0
8289	8300	2	0.0
8294	8294	2	0.0
8307	8303	2	0.0
8339	8332	2	0.0
8339	8333	2	0.0
8307	8307	2	0.0
8365	8374	2	0.0
8294	8301	2	0.0
8308	8304	2	0.0
8290	8290	2	0.0
8294	8302	2	0.0
8339	8339	2	0.0
8370	8370	2	0.0
8286	8286	2	0.0
8298	8304	2	0.0
8279	8269	2	0.0
8343	8343	2	0.0
8308	8308	2	0.0
8373	8373	2	0.0
8279	8270	2	0.0
8309	8304	2	0.0
8290	8299	2	0.0
8345	8345	2	0.0
8326	8326	2	0.0
8372	8382	2	0.0
8290	8300	2	0.0
8369	8369	2	0.0
8372	8383	2	0.0
8309	8309	2	0.0
8376	8368	2	0.0
8369	8375	2	0.0
8376	8369	2	0.0
8310	8305	2	0.0
8369	8376	2	0.0
8369	8377	2	0.0
8371	8371	2	0.0
8346	8346	2	0.0
8310	8310	2	0.0
8369	8378	2	0.0
8376	8376	2	0.0
8291	8291	2	0.0
8372	8363	2	0.0
8373	8383	2	0.0
8372	8372	2	0.0
8310	8306	2	0.0
8366	8366	2	0.0
8323	8323	2	0.0
8378	8368	2	0.0
8291	8299	2	0.0
8299	8299	2	0.0
8378	8369	2	0.0
8291	8300	2	0.0
8347	8347	2	0.0
8366	8374	2	0.0
8344	8344	2	0.0
8299	8305	2	0.0
8377	8368	2	0.0
8303	8295	2	0.0
8377	8369	2	0.0
8378	8378	2	0.0
8348	8348	2	0.0
8376	8387	2	0.0
8374	8374	2	0.0
8373	8363	2	0.0
8359	8359	2	0.0
8292	8292	2	0.0
8382	8372	2	0.0
8377	8377	2	0.0
8382	8373	2	0.0
8300	8305	2	0.0
8327	8327	2	0.0
8362	8362	2	0.0
8374	8384	2	0.0
8374	8385	2	0.0
8363	8363	2	0.0
8324	8324	2	0.0
8382	8382	2	0.0
8374	8386	2	0.0
8379	8370	2	0.0
8379	8371	2	0.0
8363	8372	2	0.0
8295	8303	2	0.0
8363	8373	2	0.0
8370	8379	2	0.0
8301	8306	2	0.0
8299	8289	2	0.0
8370	8380	2	0.0
8384	8384	2	0.0
8370	8381	2	0.0
8299	8290	2	0.0
8386	8386	2	0.0
8367	8367	2	0.0
8299	8291	2	0.0
8379	8379	2	0.0
8374	8364	2	0.0
8383	8372	2	0.0
8368	8368	2	0.0
8299	8292	2	0.0
8383	8373	2	0.0
8374	8365	2	0.0
8385	8374	2	0.0
8374	8366	2	0.0
8367	8374	2	0.0
8374	8367	2	0.0
8386	8375	2	0.0
8332	8332	2	0.0
8385	8385	2	0.0
8383	8383	2	0.0
8386	8376	2	0.0
8373	8382	2	0.0
8386	8377	2	0.0
8380	8370	2	0.0
8375	8368	2	0.0
8380	8371	2	0.0
8395	8395	2	0.0
8386	8378	2	0.0
8375	8369	2	0.0
8386	8374	2	0.0
8332	8339	2	0.0
8375	8375	2	0.0
8300	8289	2	0.0
8407	8407	2	0.0
8364	8364	2	0.0
8300	8290	2	0.0
8393	8393	2	0.0
8377	8387	2	0.0
8300	8291	2	0.0
8380	8380	2	0.0
8371	8379	2	0.0
8300	8292	2	0.0
8387	8375	2	0.0
8371	8380	2	0.0
8333	8333	2	0.0
8364	8374	2	0.0
8384	8374	2	0.0
8395	8390	2	0.0
8387	8376	2	0.0
8371	8381	2	0.0
8387	8377	2	0.0
8407	8414	2	0.0
8387	8378	2	0.0
8410	8406	2	0.0
8333	8339	2	0.0
8381	8370	2	0.0
8394	8394	2	0.0
8368	8375	2	0.0
8381	8371	2	0.0
8368	8376	2	0.0
8396	8390	2	0.0
8387	8387	2	0.0
8414	8408	2	0.0
8410	8410	2	0.0
8368	8377	2	0.0
8368	8378	2	0.0
8408	8408	2	0.0
8414	8414	2	0.0
8396	8396	2	0.0
8397	8397	2	0.0
8381	8381	2	0.0
8413	8413	2	0.0
8428	8436	2	0.0
8336	8336	2	0.0
8408	8415	2	0.0
8416	8408	2	0.0
8408	8416	2	0.0
8432	8425	2	0.0
8432	8426	2	0.0
8408	8417	2	0.0
8397	8404	2	0.0
8416	8416	2	0.0
8438	8444	2	0.0
8411	8405	2	0.0
8432	8432	2	0.0
8428	8428	2	0.0
8417	8408	2	0.0
8441	8441	2	0.0
8375	8387	2	0.0
8400	8400	2	0.0
8411	8411	2	0.0
8439	8439	2	0.0
8378	8387	2	0.0
8387	8379	2	0.0
8387	8380	2	0.0
8387	8381	2	0.0
8431	8425	2	0.0
8444	8444	2	0.0
8439	8445	2	0.0
8431	8426	2	0.0
8417	8417	2	0.0
8412	8405	2	0.0
8442	8442	2	0.0
8431	8431	2	0.0
8440	8440	2	0.0
8390	8390	2	0.0
8429	8429	2	0.0
8415	8408	2	0.0
8444	8453	2	0.0
8444	8454	2	0.0
8412	8412	2	0.0
8440	8445	2	0.0
8444	8455	2	0.0
8415	8415	2	0.0
8401	8401	2	0.0
8452	8442	2	0.0
8448	8441	2	0.0
8429	8436	2	0.0
8392	8392	2	0.0
8418	8418	2	0.0
8441	8446	2	0.0
8448	8448	2	0.0
8441	8447	2	0.0
8441	8448	2	0.0
8413	8405	2	0.0
8422	8422	2	0.0
8443	8437	2	0.0
8443	8438	2	0.0
8402	8402	2	0.0
8398	8398	2	0.0
8443	8443	2	0.0
8390	8396	2	0.0
8454	8454	2	0.0
8452	8452	2	0.0
8447	8447	2	0.0
8409	8409	2	0.0
8446	8441	2	0.0
8446	8446	2	0.0
8423	8423	2	0.0
8444	8437	2	0.0
8430	8430	2	0.0
8444	8438	2	0.0
8403	8403	2	0.0
8424	8424	2	0.0
8447	8458	2	0.0
8447	8459	2	0.0
8391	8391	2	0.0
8433	8427	2	0.0
8457	8445	2	0.0
8447	8460	2	0.0
8399	8399	2	0.0
8455	8443	2	0.0
8455	8444	2	0.0
8414	8407	2	0.0
8424	8430	2	0.0
8433	8433	2	0.0
8446	8458	2	0.0
8458	8446	2	0.0
8442	8449	2	0.0
8446	8459	2	0.0
8434	8427	2	0.0
8457	8457	2	0.0
8442	8450	2	0.0
8427	8427	2	0.0
8458	8447	2	0.0
8442	8451	2	0.0
8425	8425	2	0.0
8442	8452	2	0.0
8450	8450	2	0.0
8446	8460	2	0.0
8455	8455	2	0.0
8445	8439	2	0.0
8458	8448	2	0.0
8445	8440	2	0.0
8434	8434	2	0.0
8447	8441	2	0.0
8453	8443	2	0.0
8404	8397	2	0.0
8425	8431	2	0.0
8453	8444	2	0.0
8445	8445	2	0.0
8425	8432	2	0.0
8435	8427	2	0.0
8458	8458	2	0.0
8404	8404	2	0.0
8456	8445	2	0.0
8453	8453	2	0.0
8448	8458	2	0.0
8448	8459	2	0.0
8459	8446	2	0.0
8448	8460	2	0.0
8435	8435	2	0.0
8459	8447	2	0.0
8443	8453	2	0.0
8459	8448	2	0.0
8436	8428	2	0.0
8456	8456	2	0.0
8443	8454	2	0.0
8445	8456	2	0.0
8436	8429	2	0.0
8443	8455	2	0.0
8445	8457	2	0.0
8459	8459	2	0.0
8449	8442	2	0.0
8470	8470	2	0.0
8436	8436	2	0.0
8416	8412	2	0.0
8464	8464	2	0.0
8460	8446	2	0.0
8449	8449	2	0.0
8405	8405	2	0.0
8460	8447	2	0.0
8426	8426	2	0.0
8460	8448	2	0.0
8464	8472	2	0.0
8474	8474	2	0.0
8472	8472	2	0.0
8405	8411	2	0.0
8426	8431	2	0.0
8405	8412	2	0.0
8437	8437	2	0.0
8454	8443	2	0.0
8426	8432	2	0.0
8475	8470	2	0.0
8405	8413	2	0.0
8417	8412	2	0.0
8454	8444	2	0.0
8437	8443	2	0.0
8408	8406	2	0.0
8460	8460	2	0.0
8451	8451	2	0.0
8437	8444	2	0.0
8450	8442	2	0.0
8475	8475	2	0.0
8461	8461	2	0.0
8486	8486	2	0.0
8406	8406	2	0.0
8476	8470	2	0.0
8465	8465	2	0.0
8461	8471	2	0.0
8484	8484	2	0.0
8406	8408	2	0.0
8438	8438	2	0.0
8406	8409	2	0.0
8484	8490	2	0.0
8406	8410	2	0.0
8438	8443	2	0.0
8465	8472	2	0.0
8484	8491	2	0.0
8476	8476	2	0.0
8488	8482	2	0.0
8473	8473	2	0.0
8415	8412	2	0.0
8476	8471	2	0.0
8467	8467	2	0.0
8488	8488	2	0.0
8451	8442	2	0.0
8409	8406	2	0.0
8477	8471	2	0.0
8427	8433	2	0.0
8427	8434	2	0.0
8487	8482	2	0.0
8466	8466	2	0.0
8493	8502	2	0.0
8427	8435	2	0.0
8477	8477	2	0.0
8493	8503	2	0.0
8430	8424	2	0.0
8487	8487	2	0.0
8495	8495	2	0.0
8493	8504	2	0.0
8485	8485	2	0.0
8468	8468	2	0.0
8466	8472	2	0.0
8485	8492	2	0.0
8478	8478	2	0.0
8489	8483	2	0.0
8498	8498	2	0.0
8495	8502	2	0.0
8478	8484	2	0.0
8493	8493	2	0.0
8489	8489	2	0.0
8495	8503	2	0.0
8495	8504	2	0.0
8482	8482	2	0.0
8479	8479	2	0.0
8486	8492	2	0.0
8469	8469	2	0.0
8497	8497	2	0.0
8479	8485	2	0.0
8479	8486	2	0.0
8462	8462	2	0.0
8467	8473	2	0.0
8499	8499	2	0.0
8504	8504	2	0.0
8467	8474	2	0.0
8483	8483	2	0.0
8462	8471	2	0.0
8471	8461	2	0.0
8480	8480	2	0.0
8490	8484	2	0.0
8471	8462	2	0.0
8490	8490	2	0.0
8480	8485	2	0.0
8480	8486	2	0.0
8502	8493	2	0.0
8510	8510	2	0.0
8491	8484	2	0.0
8500	8500	2	0.0
8471	8471	2	0.0
8502	8494	2	0.0
8503	8493	2	0.0
8502	8495	2	0.0
8503	8494	2	0.0
8481	8481	2	0.0
8491	8491	2	0.0
8503	8495	2	0.0
8494	8494	2	0.0
8481	8485	2	0.0
8510	8519	2	0.0
8503	8503	2	0.0
8481	8486	2	0.0
8502	8502	2	0.0
8514	8507	2	0.0
8494	8502	2	0.0
8494	8503	2	0.0
8514	8508	2	0.0
8468	8473	2	0.0
8494	8504	2	0.0
8504	8493	2	0.0
8468	8474	2	0.0
8512	8520	2	0.0
8504	8494	2	0.0
8482	8487	2	0.0
8504	8495	2	0.0
8518	8509	2	0.0
8482	8488	2	0.0
8514	8514	2	0.0
8484	8478	2	0.0
8505	8505	2	0.0
8518	8518	2	0.0
8505	8510	2	0.0
8492	8485	2	0.0
8492	8486	2	0.0
8507	8507	2	0.0
8483	8489	2	0.0
8513	8513	2	0.0
8515	8507	2	0.0
8485	8479	2	0.0
8492	8492	2	0.0
8515	8508	2	0.0
8485	8480	2	0.0
8463	8463	2	0.0
8485	8481	2	0.0
8520	8514	2	0.0
8513	8520	2	0.0
8508	8508	2	0.0
8516	8509	2	0.0
8506	8506	2	0.0
8463	8472	2	0.0
8506	8511	2	0.0
8506	8512	2	0.0
8515	8515	2	0.0
8516	8516	2	0.0
8506	8513	2	0.0
8469	8473	2	0.0
8520	8520	2	0.0
8511	8511	2	0.0
8486	8479	2	0.0
8521	8521	2	0.0
8469	8474	2	0.0
8509	8509	2	0.0
8486	8480	2	0.0
8524	8534	2	0.0
8486	8481	2	0.0
8511	8520	2	0.0
8524	8535	2	0.0
8521	8528	2	0.0
8524	8536	2	0.0
8521	8529	2	0.0
8526	8536	2	0.0
8530	8521	2	0.0
8507	8514	2	0.0
8521	8530	2	0.0
8517	8509	2	0.0
8507	8515	2	0.0
8510	8505	2	0.0
8524	8524	2	0.0
8530	8530	2	0.0
8517	8517	2	0.0
8527	8527	2	0.0
8525	8525	2	0.0
8470	8475	2	0.0
8527	8537	2	0.0
8528	8528	2	0.0
8531	8522	2	0.0
8470	8476	2	0.0
8531	8523	2	0.0
8525	8534	2	0.0
8508	8514	2	0.0
8472	8463	2	0.0
8525	8535	2	0.0
8525	8536	2	0.0
8508	8515	2	0.0
8472	8464	2	0.0
8528	8521	2	0.0
8531	8531	2	0.0
8472	8465	2	0.0
8472	8466	2	0.0
8496	8496	2	0.0
8536	8524	2	0.0
8536	8525	2	0.0
8532	8522	2	0.0
8536	8526	2	0.0
8532	8523	2	0.0
8518	8510	2	0.0
8509	8516	2	0.0
8512	8512	2	0.0
8529	8521	2	0.0
8509	8517	2	0.0
8526	8526	2	0.0
8532	8532	2	0.0
8509	8518	2	0.0
8536	8536	2	0.0
8522	8522	2	0.0
8471	8477	2	0.0
8529	8529	2	0.0
8519	8510	2	0.0
8544	8544	2	0.0
8512	8506	2	0.0
8473	8467	2	0.0
8501	8501	2	0.0
8537	8527	2	0.0
8541	8541	2	0.0
8473	8468	2	0.0
8522	8531	2	0.0
8545	8538	2	0.0
8473	8469	2	0.0
8522	8532	2	0.0
8519	8519	2	0.0
8533	8522	2	0.0
8522	8533	2	0.0
8533	8523	2	0.0
8537	8537	2	0.0
8564	8564	2	0.0
8545	8545	2	0.0
8542	8542	2	0.0
8533	8533	2	0.0
8546	8539	2	0.0
8561	8561	2	0.0
8523	8523	2	0.0
8546	8546	2	0.0
8534	8524	2	0.0
8533	8524	2	0.0
8533	8525	2	0.0
8563	8563	2	0.0
8543	8543	2	0.0
8520	8511	2	0.0
8534	8525	2	0.0
8533	8526	2	0.0
8577	8577	2	0.0
8513	8506	2	0.0
8520	8512	2	0.0
8474	8467	2	0.0
8546	8541	2	0.0
8523	8531	2	0.0
8534	8526	2	0.0
8520	8513	2	0.0
8573	8573	2	0.0
8523	8532	2	0.0
8474	8468	2	0.0
8523	8533	2	0.0
8474	8469	2	0.0
8537	8528	2	0.0
8547	8547	2	0.0
8574	8574	2	0.0
8551	8551	2	0.0
8591	8591	2	0.0
8548	8548	2	0.0
8578	8570	2	0.0
8565	8565	2	0.0
8534	8534	2	0.0
8578	8571	2	0.0
8538	8538	2	0.0
8578	8578	2	0.0
8552	8552	2	0.0
8591	8599	2	0.0
8575	8575	2	0.0
8526	8534	2	0.0
8568	8568	2	0.0
8538	8544	2	0.0
8535	8524	2	0.0
8591	8600	2	0.0
8552	8558	2	0.0
8535	8525	2	0.0
8526	8535	2	0.0
8552	8559	2	0.0
8538	8545	2	0.0
8535	8526	2	0.0
8511	8506	2	0.0
8555	8555	2	0.0
8540	8540	2	0.0
8576	8576	2	0.0
8553	8553	2	0.0
8600	8600	2	0.0
8569	8569	2	0.0
8535	8535	2	0.0
8596	8596	2	0.0
8556	8556	2	0.0
8579	8579	2	0.0
8566	8566	2	0.0
8579	8586	2	0.0
8579	8587	2	0.0
8557	8557	2	0.0
8599	8591	2	0.0
8599	8592	2	0.0
8554	8554	2	0.0
8570	8570	2	0.0
8584	8584	2	0.0
8599	8599	2	0.0
8597	8597	2	0.0
8570	8578	2	0.0
8539	8539	2	0.0
8580	8580	2	0.0
8604	8604	2	0.0
8592	8592	2	0.0
8601	8601	2	0.0
8580	8586	2	0.0
8580	8587	2	0.0
8592	8599	2	0.0
8601	8607	2	0.0
8601	8608	2	0.0
8592	8600	2	0.0
8539	8546	2	0.0
8605	8598	2	0.0
8596	8602	2	0.0
8605	8599	2	0.0
8558	8552	2	0.0
8581	8581	2	0.0
8610	8610	2	0.0
8558	8558	2	0.0
8596	8603	2	0.0
8595	8595	2	0.0
8606	8606	2	0.0
8605	8605	2	0.0
8596	8604	2	0.0
8559	8552	2	0.0
8602	8602	2	0.0
8600	8591	2	0.0
8600	8592	2	0.0
8614	8614	2	0.0
8585	8585	2	0.0
8559	8559	2	0.0
8602	8609	2	0.0
8606	8615	2	0.0
8560	8560	2	0.0
8602	8610	2	0.0
8606	8616	2	0.0
8582	8582	2	0.0
8602	8611	2	0.0
8606	8617	2	0.0
8606	8600	2	0.0
8611	8602	2	0.0
8611	8603	2	0.0
8609	8609	2	0.0
8603	8603	2	0.0
8611	8604	2	0.0
8583	8583	2	0.0
8603	8609	2	0.0
8615	8606	2	0.0
8611	8611	2	0.0
8603	8610	2	0.0
8607	8607	2	0.0
8586	8579	2	0.0
8603	8611	2	0.0
8586	8580	2	0.0
8615	8615	2	0.0
8544	8538	2	0.0
8586	8586	2	0.0
8593	8593	2	0.0
8587	8579	2	0.0
8612	8605	2	0.0
8571	8571	2	0.0
8616	8606	2	0.0
8587	8580	2	0.0
8571	8578	2	0.0
8587	8587	2	0.0
8593	8601	2	0.0
8612	8612	2	0.0
8616	8616	2	0.0
8597	8602	2	0.0
8598	8598	2	0.0
8617	8606	2	0.0
8597	8603	2	0.0
8594	8594	2	0.0
8597	8604	2	0.0
8613	8605	2	0.0
8594	8601	2	0.0
8617	8617	2	0.0
8613	8613	2	0.0
8543	8538	2	0.0
8614	8605	2	0.0
8572	8572	2	0.0
8604	8609	2	0.0
8598	8605	2	0.0
8604	8610	2	0.0
8595	8602	2	0.0
8601	8593	2	0.0
8595	8603	2	0.0
8604	8611	2	0.0
8618	8618	2	0.0
8601	8594	2	0.0
8595	8604	2	0.0
8608	8608	2	0.0
8599	8605	2	0.0
8601	8595	2	0.0
8601	8596	2	0.0
8618	8626	2	0.0
8601	8597	2	0.0
8621	8621	2	0.0
8600	8606	2	0.0
8602	8595	2	0.0
8602	8596	2	0.0
8605	8612	2	0.0
8602	8597	2	0.0
8605	8613	2	0.0
8605	8614	2	0.0
8608	8601	2	0.0
8603	8595	2	0.0
8603	8596	2	0.0
8603	8597	2	0.0
8622	8622	2	0.0
8619	8619	2	0.0
8604	8595	2	0.0
8604	8596	2	0.0
8604	8597	2	0.0
8623	8623	2	0.0
8607	8601	2	0.0
8624	8624	2	0.0
8609	8602	2	0.0
8625	8625	2	0.0
8609	8603	2	0.0
8609	8604	2	0.0
8620	8620	2	0.0
8610	8602	2	0.0
8610	8603	2	0.0
8610	8604	2	0.0
8626	8618	2	0.0
8626	8626	2	0.0
8244	8249	1	0.0
8263	8266	1	0.0
8244	8250	1	0.0
8244	8251	1	0.0
8272	8279	1	0.0
8272	8280	1	0.0
8272	8281	1	0.0
8272	8282	1	0.0
8275	8286	1	0.0
8274	8283	1	0.0
8269	8279	1	0.0
8274	8284	1	0.0
8273	8283	1	0.0
8274	8285	1	0.0
8269	8280	1	0.0
8273	8284	1	0.0
8269	8281	1	0.0
8273	8285	1	0.0
8269	8282	1	0.0
8278	8286	1	0.0
8281	8287	1	0.0
8252	8257	1	0.0
8281	8288	1	0.0
8276	8286	1	0.0
8270	8279	1	0.0
8270	8280	1	0.0
8270	8281	1	0.0
8270	8282	1	0.0
8289	8296	1	0.0
8289	8297	1	0.0
8289	8298	1	0.0
8282	8287	1	0.0
8290	8296	1	0.0
8282	8288	1	0.0
8290	8297	1	0.0
8271	8279	1	0.0
8290	8298	1	0.0
8271	8280	1	0.0
8271	8281	1	0.0
8296	8303	1	0.0
8271	8282	1	0.0
8279	8287	1	0.0
8291	8296	1	0.0
8279	8288	1	0.0
8291	8297	1	0.0
8277	8286	1	0.0
8291	8298	1	0.0
8297	8303	1	0.0
8292	8296	1	0.0
8292	8297	1	0.0
8292	8298	1	0.0
8298	8303	1	0.0
8299	8304	1	0.0
8293	8299	1	0.0
8293	8300	1	0.0
8363	8370	1	0.0
8280	8287	1	0.0
8368	8374	1	0.0
8280	8288	1	0.0
8363	8371	1	0.0
8294	8299	1	0.0
8294	8300	1	0.0
8300	8304	1	0.0
8295	8301	1	0.0
8332	8336	1	0.0
8332	8337	1	0.0
8295	8302	1	0.0
8374	8382	1	0.0
8332	8338	1	0.0
8374	8383	1	0.0
8333	8336	1	0.0
8333	8337	1	0.0
8369	8374	1	0.0
8333	8338	1	0.0
8301	8305	1	0.0
8334	8339	1	0.0
8364	8372	1	0.0
8302	8305	1	0.0
8364	8373	1	0.0
8376	8384	1	0.0
8376	8385	1	0.0
8376	8386	1	0.0
8303	8306	1	0.0
8370	8375	1	0.0
8370	8376	1	0.0
8365	8372	1	0.0
8377	8384	1	0.0
8370	8377	1	0.0
8365	8373	1	0.0
8304	8307	1	0.0
8377	8385	1	0.0
8370	8378	1	0.0
8377	8386	1	0.0
8343	8348	1	0.0
8375	8384	1	0.0
8305	8308	1	0.0
8375	8385	1	0.0
8375	8386	1	0.0
8305	8309	1	0.0
8366	8372	1	0.0
8366	8373	1	0.0
8381	8387	1	0.0
8306	8310	1	0.0
8371	8375	1	0.0
8371	8376	1	0.0
8397	8403	1	0.0
8371	8377	1	0.0
8378	8384	1	0.0
8367	8372	1	0.0
8371	8378	1	0.0
8378	8385	1	0.0
8367	8373	1	0.0
8378	8386	1	0.0
8398	8404	1	0.0
8410	8417	1	0.0
8399	8404	1	0.0
8372	8379	1	0.0
8372	8380	1	0.0
8372	8381	1	0.0
8410	8415	1	0.0
8410	8416	1	0.0
8373	8379	1	0.0
8373	8380	1	0.0
8412	8415	1	0.0
8379	8387	1	0.0
8373	8381	1	0.0
8412	8416	1	0.0
8412	8417	1	0.0
8427	8431	1	0.0
8427	8432	1	0.0
8405	8409	1	0.0
8405	8410	1	0.0
8441	8445	1	0.0
8380	8387	1	0.0
8428	8433	1	0.0
8407	8411	1	0.0
8428	8434	1	0.0
8407	8412	1	0.0
8428	8435	1	0.0
8442	8446	1	0.0
8407	8413	1	0.0
8442	8447	1	0.0
8429	8433	1	0.0
8442	8448	1	0.0
8429	8434	1	0.0
8446	8457	1	0.0
8429	8435	1	0.0
8408	8414	1	0.0
8430	8436	1	0.0
8446	8456	1	0.0
8409	8415	1	0.0
8409	8416	1	0.0
8443	8449	1	0.0
8409	8417	1	0.0
8424	8428	1	0.0
8390	8395	1	0.0
8443	8450	1	0.0
8424	8429	1	0.0
8443	8451	1	0.0
8443	8452	1	0.0
8444	8449	1	0.0
8425	8430	1	0.0
8444	8450	1	0.0
8392	8396	1	0.0
8444	8451	1	0.0
8444	8452	1	0.0
8451	8458	1	0.0
8451	8459	1	0.0
8451	8460	1	0.0
8426	8430	1	0.0
8452	8458	1	0.0
8391	8396	1	0.0
8452	8459	1	0.0
8452	8460	1	0.0
8393	8396	1	0.0
8445	8453	1	0.0
8445	8454	1	0.0
8447	8456	1	0.0
8449	8458	1	0.0
8445	8455	1	0.0
8447	8457	1	0.0
8449	8459	1	0.0
8449	8460	1	0.0
8463	8471	1	0.0
8468	8472	1	0.0
8464	8471	1	0.0
8448	8456	1	0.0
8448	8457	1	0.0
8450	8458	1	0.0
8450	8459	1	0.0
8461	8470	1	0.0
8469	8472	1	0.0
8450	8460	1	0.0
8437	8442	1	0.0
8465	8471	1	0.0
8485	8490	1	0.0
8485	8491	1	0.0
8470	8473	1	0.0
8470	8474	1	0.0
8438	8442	1	0.0
8462	8470	1	0.0
8496	8503	1	0.0
8471	8475	1	0.0
8486	8490	1	0.0
8471	8476	1	0.0
8496	8504	1	0.0
8466	8471	1	0.0
8486	8491	1	0.0
8505	8509	1	0.0
8472	8477	1	0.0
8439	8443	1	0.0
8496	8502	1	0.0
8439	8444	1	0.0
8506	8510	1	0.0
8487	8492	1	0.0
8440	8443	1	0.0
8488	8492	1	0.0
8507	8511	1	0.0
8440	8444	1	0.0
8507	8512	1	0.0
8467	8472	1	0.0
8507	8513	1	0.0
8513	8519	1	0.0
8508	8511	1	0.0
8508	8512	1	0.0
8508	8513	1	0.0
8523	8528	1	0.0
8523	8529	1	0.0
8523	8530	1	0.0
8509	8514	1	0.0
8478	8483	1	0.0
8509	8515	1	0.0
8493	8501	1	0.0
8514	8520	1	0.0
8494	8501	1	0.0
8510	8516	1	0.0
8495	8501	1	0.0
8510	8517	1	0.0
8510	8518	1	0.0
8479	8484	1	0.0
8480	8484	1	0.0
8515	8520	1	0.0
8481	8484	1	0.0
8528	8537	1	0.0
8482	8485	1	0.0
8529	8537	1	0.0
8482	8486	1	0.0
8511	8519	1	0.0
8524	8531	1	0.0
8483	8487	1	0.0
8524	8532	1	0.0
8483	8488	1	0.0
8524	8533	1	0.0
8512	8519	1	0.0
8530	8537	1	0.0
8484	8489	1	0.0
8525	8531	1	0.0
8525	8532	1	0.0
8525	8533	1	0.0
8570	8577	1	0.0
8552	8556	1	0.0
8552	8557	1	0.0
8571	8577	1	0.0
8526	8531	1	0.0
8581	8586	1	0.0
8526	8532	1	0.0
8553	8558	1	0.0
8581	8587	1	0.0
8553	8559	1	0.0
8526	8533	1	0.0
8538	8542	1	0.0
8538	8543	1	0.0
8554	8558	1	0.0
8572	8578	1	0.0
8554	8559	1	0.0
8539	8544	1	0.0
8582	8586	1	0.0
8521	8527	1	0.0
8595	8601	1	0.0
8539	8545	1	0.0
8582	8587	1	0.0
8527	8534	1	0.0
8607	8615	1	0.0
8558	8553	1	0.0
8527	8535	1	0.0
8558	8554	1	0.0
8607	8616	1	0.0
8527	8536	1	0.0
8596	8601	1	0.0
8607	8617	1	0.0
8583	8586	1	0.0
8522	8528	1	0.0
8583	8587	1	0.0
8522	8529	1	0.0
8618	8623	1	0.0
8540	8546	1	0.0
8522	8530	1	0.0
8618	8624	1	0.0
8597	8601	1	0.0
8573	8578	1	0.0
8618	8625	1	0.0
8249	8249	1	0.0
8541	8546	1	0.0
8619	8626	1	0.0
8245	8245	1	0.0
8620	8626	1	0.0
8250	8250	1	0.0
8591	8598	1	0.0
8262	8262	1	0.0
8263	8263	1	0.0
8271	8271	1	0.0
8251	8251	1	0.0
8270	8283	1	0.0
8246	8246	1	0.0
8265	8265	1	0.0
8592	8598	1	0.0
8608	8615	1	0.0
8270	8284	1	0.0
8598	8602	1	0.0
8264	8264	1	0.0
8270	8285	1	0.0
8608	8616	1	0.0
8598	8603	1	0.0
8272	8283	1	0.0
8608	8617	1	0.0
8266	8266	1	0.0
8272	8284	1	0.0
8598	8604	1	0.0
8272	8285	1	0.0
8269	8269	1	0.0
8275	8275	1	0.0
8599	8602	1	0.0
8599	8603	1	0.0
8593	8599	1	0.0
8277	8277	1	0.0
8270	8270	1	0.0
8271	8283	1	0.0
8274	8286	1	0.0
8599	8604	1	0.0
8593	8600	1	0.0
8271	8284	1	0.0
8271	8285	1	0.0
8272	8272	1	0.0
8269	8283	1	0.0
8269	8284	1	0.0
8279	8271	1	0.0
8600	8605	1	0.0
8269	8285	1	0.0
8279	8279	1	0.0
8252	8252	1	0.0
8279	8272	1	0.0
8284	8284	1	0.0
8284	8271	1	0.0
8579	8585	1	0.0
8276	8276	1	0.0
8601	8606	1	0.0
8274	8274	1	0.0
8284	8272	1	0.0
8287	8277	1	0.0
8287	8278	1	0.0
8278	8278	1	0.0
8580	8585	1	0.0
8287	8287	1	0.0
8273	8273	1	0.0
8256	8256	1	0.0
8244	8244	1	0.0
8275	8287	1	0.0
8292	8299	1	0.0
8275	8288	1	0.0
8288	8275	1	0.0
8285	8269	1	0.0
8288	8276	1	0.0
8277	8287	1	0.0
8292	8300	1	0.0
8273	8286	1	0.0
8285	8270	1	0.0
8288	8277	1	0.0
8277	8288	1	0.0
8285	8271	1	0.0
8278	8287	1	0.0
8254	8254	1	0.0
8288	8278	1	0.0
8278	8288	1	0.0
8283	8269	1	0.0
8285	8272	1	0.0
8602	8607	1	0.0
8300	8300	1	0.0
8283	8270	1	0.0
8594	8599	1	0.0
8602	8608	1	0.0
8288	8288	1	0.0
8296	8296	1	0.0
8283	8271	1	0.0
8248	8248	1	0.0
8280	8280	1	0.0
8283	8272	1	0.0
8594	8600	1	0.0
8295	8295	1	0.0
8304	8304	1	0.0
8287	8275	1	0.0
8603	8607	1	0.0
8296	8304	1	0.0
8302	8302	1	0.0
8287	8276	1	0.0
8293	8293	1	0.0
8255	8255	1	0.0
8301	8293	1	0.0
8603	8608	1	0.0
8302	8306	1	0.0
8285	8285	1	0.0
8253	8253	1	0.0
8301	8294	1	0.0
8304	8296	1	0.0
8304	8297	1	0.0
8304	8298	1	0.0
8283	8283	1	0.0
8331	8331	1	0.0
8604	8607	1	0.0
8247	8247	1	0.0
8286	8273	1	0.0
8604	8608	1	0.0
8303	8303	1	0.0
8286	8274	1	0.0
8301	8301	1	0.0
8325	8325	1	0.0
8286	8277	1	0.0
8303	8307	1	0.0
8257	8257	1	0.0
8293	8301	1	0.0
8305	8299	1	0.0
8276	8287	1	0.0
8305	8300	1	0.0
8258	8258	1	0.0
8276	8288	1	0.0
8365	8365	1	0.0
8293	8302	1	0.0
8305	8305	1	0.0
8286	8286	1	0.0
8330	8330	1	0.0
8337	8337	1	0.0
8605	8609	1	0.0
8304	8308	1	0.0
8261	8261	1	0.0
8334	8334	1	0.0
8605	8610	1	0.0
8284	8269	1	0.0
8302	8293	1	0.0
8304	8309	1	0.0
8373	8373	1	0.0
8306	8301	1	0.0
8284	8270	1	0.0
8281	8281	1	0.0
8605	8611	1	0.0
8302	8294	1	0.0
8306	8302	1	0.0
8306	8306	1	0.0
8338	8338	1	0.0
8369	8369	1	0.0
8365	8374	1	0.0
8335	8335	1	0.0
8606	8612	1	0.0
8339	8332	1	0.0
8606	8613	1	0.0
8339	8333	1	0.0
8289	8289	1	0.0
8326	8326	1	0.0
8606	8614	1	0.0
8259	8259	1	0.0
8305	8310	1	0.0
8369	8375	1	0.0
8297	8297	1	0.0
8307	8303	1	0.0
8373	8383	1	0.0
8369	8376	1	0.0
8339	8339	1	0.0
8370	8370	1	0.0
8378	8368	1	0.0
8289	8299	1	0.0
8343	8343	1	0.0
8297	8304	1	0.0
8372	8382	1	0.0
8378	8369	1	0.0
8289	8300	1	0.0
8369	8377	1	0.0
8307	8307	1	0.0
8282	8282	1	0.0
8372	8383	1	0.0
8369	8378	1	0.0
8345	8345	1	0.0
8376	8368	1	0.0
8376	8387	1	0.0
8372	8363	1	0.0
8376	8369	1	0.0
8382	8372	1	0.0
8290	8290	1	0.0
8308	8304	1	0.0
8382	8373	1	0.0
8378	8378	1	0.0
8386	8386	1	0.0
8374	8374	1	0.0
8308	8308	1	0.0
8384	8384	1	0.0
8376	8376	1	0.0
8290	8299	1	0.0
8372	8372	1	0.0
8290	8300	1	0.0
8346	8346	1	0.0
8382	8382	1	0.0
8379	8379	1	0.0
8374	8384	1	0.0
8327	8327	1	0.0
8309	8304	1	0.0
8374	8385	1	0.0
8386	8375	1	0.0
8374	8386	1	0.0
8385	8374	1	0.0
8379	8370	1	0.0
8371	8371	1	0.0
8386	8376	1	0.0
8291	8291	1	0.0
8298	8298	1	0.0
8379	8371	1	0.0
8309	8309	1	0.0
8407	8407	1	0.0
8386	8377	1	0.0
8383	8372	1	0.0
8386	8378	1	0.0
8383	8373	1	0.0
8347	8347	1	0.0
8377	8368	1	0.0
8395	8395	1	0.0
8294	8294	1	0.0
8310	8305	1	0.0
8291	8299	1	0.0
8377	8369	1	0.0
8366	8366	1	0.0
8344	8344	1	0.0
8385	8385	1	0.0
8291	8300	1	0.0
8373	8363	1	0.0
8407	8414	1	0.0
8393	8393	1	0.0
8428	8436	1	0.0
8310	8310	1	0.0
8383	8383	1	0.0
8410	8406	1	0.0
8294	8301	1	0.0
8332	8332	1	0.0
8432	8425	1	0.0
8294	8302	1	0.0
8377	8377	1	0.0
8414	8408	1	0.0
8395	8390	1	0.0
8348	8348	1	0.0
8387	8375	1	0.0
8432	8426	1	0.0
8366	8374	1	0.0
8298	8304	1	0.0
8387	8376	1	0.0
8359	8359	1	0.0
8410	8410	1	0.0
8292	8292	1	0.0
8310	8306	1	0.0
8386	8374	1	0.0
8332	8339	1	0.0
8438	8444	1	0.0
8414	8414	1	0.0
8387	8377	1	0.0
8408	8408	1	0.0
8432	8432	1	0.0
8394	8394	1	0.0
8387	8378	1	0.0
8428	8428	1	0.0
8323	8323	1	0.0
8377	8387	1	0.0
8396	8390	1	0.0
8413	8413	1	0.0
8333	8333	1	0.0
8362	8362	1	0.0
8408	8415	1	0.0
8444	8444	1	0.0
8363	8363	1	0.0
8408	8416	1	0.0
8416	8408	1	0.0
8380	8370	1	0.0
8396	8396	1	0.0
8408	8417	1	0.0
8380	8371	1	0.0
8380	8380	1	0.0
8387	8387	1	0.0
8333	8339	1	0.0
8441	8441	1	0.0
8431	8425	1	0.0
8397	8397	1	0.0
8411	8405	1	0.0
8452	8442	1	0.0
8431	8426	1	0.0
8370	8379	1	0.0
8439	8439	1	0.0
8416	8416	1	0.0
8444	8453	1	0.0
8363	8372	1	0.0
8384	8374	1	0.0
8370	8380	1	0.0
8444	8454	1	0.0
8431	8431	1	0.0
8397	8404	1	0.0
8363	8373	1	0.0
8411	8411	1	0.0
8370	8381	1	0.0
8444	8455	1	0.0
8279	8269	1	0.0
8448	8441	1	0.0
8336	8336	1	0.0
8374	8364	1	0.0
8279	8270	1	0.0
8429	8429	1	0.0
8439	8445	1	0.0
8417	8408	1	0.0
8374	8365	1	0.0
8400	8400	1	0.0
8412	8405	1	0.0
8374	8366	1	0.0
8448	8448	1	0.0
8442	8442	1	0.0
8429	8436	1	0.0
8374	8367	1	0.0
8452	8452	1	0.0
8368	8368	1	0.0
8457	8445	1	0.0
8299	8299	1	0.0
8417	8417	1	0.0
8440	8440	1	0.0
8446	8446	1	0.0
8373	8382	1	0.0
8412	8412	1	0.0
8454	8454	1	0.0
8458	8446	1	0.0
8299	8305	1	0.0
8324	8324	1	0.0
8375	8368	1	0.0
8381	8370	1	0.0
8303	8295	1	0.0
8375	8369	1	0.0
8415	8408	1	0.0
8440	8445	1	0.0
8381	8371	1	0.0
8458	8447	1	0.0
8447	8447	1	0.0
8387	8379	1	0.0
8367	8367	1	0.0
8446	8458	1	0.0
8457	8457	1	0.0
8446	8441	1	0.0
8458	8448	1	0.0
8415	8415	1	0.0
8375	8375	1	0.0
8387	8380	1	0.0
8446	8459	1	0.0
8418	8418	1	0.0
8295	8303	1	0.0
8387	8381	1	0.0
8401	8401	1	0.0
8450	8450	1	0.0
8459	8459	1	0.0
8413	8405	1	0.0
8447	8458	1	0.0
8446	8460	1	0.0
8299	8289	1	0.0
8447	8459	1	0.0
8458	8458	1	0.0
8367	8374	1	0.0
8453	8443	1	0.0
8299	8290	1	0.0
8447	8460	1	0.0
8453	8453	1	0.0
8441	8446	1	0.0
8299	8291	1	0.0
8453	8444	1	0.0
8470	8470	1	0.0
8300	8305	1	0.0
8455	8443	1	0.0
8430	8430	1	0.0
8441	8447	1	0.0
8381	8381	1	0.0
8455	8444	1	0.0
8459	8446	1	0.0
8455	8455	1	0.0
8299	8292	1	0.0
8464	8464	1	0.0
8390	8390	1	0.0
8456	8445	1	0.0
8474	8474	1	0.0
8364	8364	1	0.0
8422	8422	1	0.0
8464	8472	1	0.0
8409	8409	1	0.0
8472	8472	1	0.0
8371	8379	1	0.0
8447	8441	1	0.0
8392	8392	1	0.0
8371	8380	1	0.0
8486	8486	1	0.0
8456	8456	1	0.0
8375	8387	1	0.0
8475	8470	1	0.0
8484	8484	1	0.0
8460	8446	1	0.0
8402	8402	1	0.0
8371	8381	1	0.0
8459	8447	1	0.0
8301	8306	1	0.0
8364	8374	1	0.0
8445	8445	1	0.0
8398	8398	1	0.0
8441	8448	1	0.0
8459	8448	1	0.0
8460	8447	1	0.0
8484	8490	1	0.0
8414	8407	1	0.0
8378	8387	1	0.0
8465	8465	1	0.0
8443	8437	1	0.0
8484	8491	1	0.0
8423	8423	1	0.0
8460	8448	1	0.0
8475	8475	1	0.0
8488	8482	1	0.0
8443	8438	1	0.0
8465	8472	1	0.0
8424	8424	1	0.0
8433	8427	1	0.0
8493	8502	1	0.0
8445	8456	1	0.0
8493	8503	1	0.0
8495	8495	1	0.0
8443	8443	1	0.0
8488	8488	1	0.0
8493	8504	1	0.0
8445	8457	1	0.0
8433	8433	1	0.0
8424	8430	1	0.0
8449	8442	1	0.0
8403	8403	1	0.0
8476	8470	1	0.0
8300	8289	1	0.0
8448	8458	1	0.0
8460	8460	1	0.0
8498	8498	1	0.0
8300	8290	1	0.0
8399	8399	1	0.0
8390	8396	1	0.0
8427	8427	1	0.0
8449	8449	1	0.0
8434	8427	1	0.0
8448	8459	1	0.0
8461	8461	1	0.0
8300	8291	1	0.0
8425	8425	1	0.0
8493	8493	1	0.0
8495	8502	1	0.0
8448	8460	1	0.0
8487	8482	1	0.0
8300	8292	1	0.0
8444	8437	1	0.0
8476	8476	1	0.0
8495	8503	1	0.0
8444	8438	1	0.0
8466	8466	1	0.0
8461	8471	1	0.0
8434	8434	1	0.0
8495	8504	1	0.0
8425	8431	1	0.0
8473	8473	1	0.0
8487	8487	1	0.0
8404	8397	1	0.0
8451	8451	1	0.0
8425	8432	1	0.0
8504	8504	1	0.0
8391	8391	1	0.0
8368	8375	1	0.0
8500	8500	1	0.0
8485	8485	1	0.0
8454	8443	1	0.0
8404	8404	1	0.0
8435	8427	1	0.0
8466	8472	1	0.0
8450	8442	1	0.0
8497	8497	1	0.0
8368	8376	1	0.0
8503	8493	1	0.0
8454	8444	1	0.0
8476	8471	1	0.0
8503	8494	1	0.0
8510	8510	1	0.0
8368	8377	1	0.0
8503	8495	1	0.0
8467	8467	1	0.0
8368	8378	1	0.0
8499	8499	1	0.0
8416	8412	1	0.0
8485	8492	1	0.0
8512	8520	1	0.0
8442	8449	1	0.0
8503	8503	1	0.0
8435	8435	1	0.0
8489	8483	1	0.0
8518	8509	1	0.0
8442	8450	1	0.0
8520	8514	1	0.0
8502	8493	1	0.0
8442	8451	1	0.0
8436	8428	1	0.0
8442	8452	1	0.0
8436	8429	1	0.0
8510	8519	1	0.0
8504	8493	1	0.0
8502	8494	1	0.0
8477	8471	1	0.0
8445	8439	1	0.0
8405	8405	1	0.0
8489	8489	1	0.0
8504	8494	1	0.0
8514	8507	1	0.0
8518	8518	1	0.0
8520	8520	1	0.0
8504	8495	1	0.0
8445	8440	1	0.0
8514	8508	1	0.0
8502	8495	1	0.0
8521	8521	1	0.0
8524	8534	1	0.0
8451	8442	1	0.0
8417	8412	1	0.0
8405	8411	1	0.0
8436	8436	1	0.0
8524	8535	1	0.0
8426	8426	1	0.0
8405	8412	1	0.0
8521	8528	1	0.0
8477	8477	1	0.0
8524	8536	1	0.0
8405	8413	1	0.0
8526	8536	1	0.0
8521	8529	1	0.0
8513	8513	1	0.0
8408	8406	1	0.0
8505	8505	1	0.0
8521	8530	1	0.0
8530	8521	1	0.0
8514	8514	1	0.0
8426	8431	1	0.0
8502	8502	1	0.0
8467	8473	1	0.0
8468	8468	1	0.0
8486	8492	1	0.0
8505	8510	1	0.0
8426	8432	1	0.0
8406	8406	1	0.0
8524	8524	1	0.0
8528	8528	1	0.0
8406	8408	1	0.0
8467	8474	1	0.0
8507	8507	1	0.0
8513	8520	1	0.0
8406	8409	1	0.0
8406	8410	1	0.0
8494	8494	1	0.0
8516	8509	1	0.0
8471	8461	1	0.0
8530	8530	1	0.0
8415	8412	1	0.0
8437	8437	1	0.0
8536	8524	1	0.0
8443	8453	1	0.0
8471	8462	1	0.0
8515	8507	1	0.0
8536	8536	1	0.0
8443	8454	1	0.0
8494	8502	1	0.0
8525	8525	1	0.0
8478	8478	1	0.0
8536	8525	1	0.0
8515	8508	1	0.0
8508	8508	1	0.0
8437	8443	1	0.0
8531	8531	1	0.0
8443	8455	1	0.0
8494	8503	1	0.0
8506	8506	1	0.0
8437	8444	1	0.0
8527	8527	1	0.0
8516	8516	1	0.0
8536	8526	1	0.0
8494	8504	1	0.0
8409	8406	1	0.0
8506	8511	1	0.0
8478	8484	1	0.0
8537	8527	1	0.0
8506	8512	1	0.0
8544	8544	1	0.0
8471	8471	1	0.0
8490	8484	1	0.0
8506	8513	1	0.0
8564	8564	1	0.0
8515	8515	1	0.0
8525	8534	1	0.0
8469	8469	1	0.0
8541	8541	1	0.0
8438	8438	1	0.0
8511	8511	1	0.0
8509	8509	1	0.0
8525	8535	1	0.0
8490	8490	1	0.0
8561	8561	1	0.0
8525	8536	1	0.0
8545	8538	1	0.0
8482	8482	1	0.0
8438	8443	1	0.0
8462	8462	1	0.0
8537	8537	1	0.0
8527	8537	1	0.0
8563	8563	1	0.0
8511	8520	1	0.0
8528	8521	1	0.0
8479	8479	1	0.0
8577	8577	1	0.0
8526	8526	1	0.0
8531	8522	1	0.0
8517	8509	1	0.0
8427	8433	1	0.0
8507	8514	1	0.0
8522	8522	1	0.0
8532	8532	1	0.0
8462	8471	1	0.0
8491	8484	1	0.0
8507	8515	1	0.0
8427	8434	1	0.0
8545	8545	1	0.0
8573	8573	1	0.0
8531	8523	1	0.0
8510	8505	1	0.0
8468	8473	1	0.0
8479	8485	1	0.0
8542	8542	1	0.0
8427	8435	1	0.0
8565	8565	1	0.0
8529	8529	1	0.0
8546	8539	1	0.0
8430	8424	1	0.0
8479	8486	1	0.0
8522	8531	1	0.0
8468	8474	1	0.0
8591	8591	1	0.0
8491	8491	1	0.0
8522	8532	1	0.0
8517	8517	1	0.0
8546	8546	1	0.0
8522	8533	1	0.0
8574	8574	1	0.0
8483	8483	1	0.0
8534	8524	1	0.0
8543	8543	1	0.0
8508	8514	1	0.0
8568	8568	1	0.0
8591	8599	1	0.0
8578	8570	1	0.0
8508	8515	1	0.0
8534	8525	1	0.0
8591	8600	1	0.0
8546	8541	1	0.0
8578	8571	1	0.0
8533	8533	1	0.0
8480	8480	1	0.0
8534	8526	1	0.0
8578	8578	1	0.0
8569	8569	1	0.0
8537	8528	1	0.0
8480	8485	1	0.0
8547	8547	1	0.0
8523	8523	1	0.0
8566	8566	1	0.0
8600	8600	1	0.0
8575	8575	1	0.0
8480	8486	1	0.0
8509	8516	1	0.0
8596	8596	1	0.0
8509	8517	1	0.0
8529	8521	1	0.0
8509	8518	1	0.0
8534	8534	1	0.0
8551	8551	1	0.0
8512	8506	1	0.0
8570	8570	1	0.0
8604	8604	1	0.0
8523	8531	1	0.0
8548	8548	1	0.0
8570	8578	1	0.0
8610	8610	1	0.0
8538	8538	1	0.0
8512	8512	1	0.0
8523	8532	1	0.0
8599	8591	1	0.0
8614	8614	1	0.0
8601	8601	1	0.0
8606	8606	1	0.0
8532	8522	1	0.0
8599	8592	1	0.0
8523	8533	1	0.0
8609	8609	1	0.0
8576	8576	1	0.0
8481	8481	1	0.0
8552	8552	1	0.0
8532	8523	1	0.0
8615	8606	1	0.0
8599	8599	1	0.0
8601	8607	1	0.0
8469	8473	1	0.0
8535	8524	1	0.0
8492	8485	1	0.0
8601	8608	1	0.0
8538	8544	1	0.0
8481	8485	1	0.0
8606	8615	1	0.0
8492	8486	1	0.0
8552	8558	1	0.0
8513	8506	1	0.0
8535	8525	1	0.0
8605	8598	1	0.0
8469	8474	1	0.0
8538	8545	1	0.0
8606	8616	1	0.0
8579	8579	1	0.0
8597	8597	1	0.0
8552	8559	1	0.0
8605	8599	1	0.0
8481	8486	1	0.0
8615	8615	1	0.0
8596	8602	1	0.0
8535	8526	1	0.0
8606	8617	1	0.0
8596	8603	1	0.0
8492	8492	1	0.0
8611	8602	1	0.0
8496	8496	1	0.0
8579	8586	1	0.0
8540	8540	1	0.0
8596	8604	1	0.0
8592	8592	1	0.0
8611	8603	1	0.0
8579	8587	1	0.0
8600	8591	1	0.0
8616	8606	1	0.0
8555	8555	1	0.0
8611	8604	1	0.0
8600	8592	1	0.0
8553	8553	1	0.0
8605	8605	1	0.0
8518	8510	1	0.0
8592	8599	1	0.0
8602	8602	1	0.0
8611	8611	1	0.0
8592	8600	1	0.0
8463	8463	1	0.0
8584	8584	1	0.0
8617	8606	1	0.0
8616	8616	1	0.0
8556	8556	1	0.0
8535	8535	1	0.0
8580	8580	1	0.0
8482	8487	1	0.0
8511	8506	1	0.0
8602	8609	1	0.0
8607	8607	1	0.0
8463	8472	1	0.0
8595	8595	1	0.0
8602	8610	1	0.0
8482	8488	1	0.0
8580	8586	1	0.0
8580	8587	1	0.0
8602	8611	1	0.0
8571	8571	1	0.0
8484	8478	1	0.0
8606	8600	1	0.0
8539	8539	1	0.0
8557	8557	1	0.0
8617	8617	1	0.0
8571	8578	1	0.0
8618	8618	1	0.0
8519	8510	1	0.0
8501	8501	1	0.0
8612	8605	1	0.0
8554	8554	1	0.0
8470	8475	1	0.0
8581	8581	1	0.0
8597	8602	1	0.0
8539	8546	1	0.0
8470	8476	1	0.0
8603	8603	1	0.0
8526	8534	1	0.0
8597	8603	1	0.0
8533	8522	1	0.0
8597	8604	1	0.0
8526	8535	1	0.0
8618	8626	1	0.0
8612	8612	1	0.0
8472	8463	1	0.0
8533	8523	1	0.0
8519	8519	1	0.0
8585	8585	1	0.0
8483	8489	1	0.0
8603	8609	1	0.0
8472	8464	1	0.0
8621	8621	1	0.0
8603	8610	1	0.0
8485	8479	1	0.0
8582	8582	1	0.0
8598	8598	1	0.0
8603	8611	1	0.0
8472	8465	1	0.0
8485	8480	1	0.0
8613	8605	1	0.0
8558	8552	1	0.0
8485	8481	1	0.0
8472	8466	1	0.0
8598	8605	1	0.0
8558	8558	1	0.0
8601	8593	1	0.0
8601	8594	1	0.0
8559	8552	1	0.0
8583	8583	1	0.0
8613	8613	1	0.0
8572	8572	1	0.0
8622	8622	1	0.0
8619	8619	1	0.0
8559	8559	1	0.0
8604	8609	1	0.0
8593	8593	1	0.0
8560	8560	1	0.0
8604	8610	1	0.0
8544	8538	1	0.0
8599	8605	1	0.0
8604	8611	1	0.0
8533	8524	1	0.0
8586	8579	1	0.0
8486	8479	1	0.0
8601	8595	1	0.0
8614	8605	1	0.0
8520	8511	1	0.0
8586	8580	1	0.0
8601	8596	1	0.0
8593	8601	1	0.0
8533	8525	1	0.0
8623	8623	1	0.0
8601	8597	1	0.0
8486	8480	1	0.0
8520	8512	1	0.0
8586	8586	1	0.0
8533	8526	1	0.0
8486	8481	1	0.0
8520	8513	1	0.0
8471	8477	1	0.0
8587	8579	1	0.0
8600	8606	1	0.0
8594	8594	1	0.0
8587	8580	1	0.0
8473	8467	1	0.0
8602	8595	1	0.0
8602	8596	1	0.0
8605	8612	1	0.0
8594	8601	1	0.0
8602	8597	1	0.0
8608	8608	1	0.0
8473	8468	1	0.0
8624	8624	1	0.0
8587	8587	1	0.0
8605	8613	1	0.0
8605	8614	1	0.0
8473	8469	1	0.0
8608	8601	1	0.0
8603	8595	1	0.0
8603	8596	1	0.0
8603	8597	1	0.0
8543	8538	1	0.0
8625	8625	1	0.0
8604	8595	1	0.0
8620	8620	1	0.0
8595	8602	1	0.0
8604	8596	1	0.0
8604	8597	1	0.0
8595	8603	1	0.0
8595	8604	1	0.0
8607	8601	1	0.0
8474	8467	1	0.0
8474	8468	1	0.0
8474	8469	1	0.0
8609	8602	1	0.0
8609	8603	1	0.0
8609	8604	1	0.0
8626	8618	1	0.0
8626	8626	1	0.0
8610	8602	1	0.0
8610	8603	1	0.0
8610	8604	1	0.0
