1183	1184	0	0.019754993
1183	1184	1	0.92575085
1183	1184	2	0.010996799
1183	1184	3	0.019974768
1183	1184	4	0.021615209
1183	1185	0	0.81543666
1183	1185	1	0.03411086
1183	1185	2	0.0127626145
1183	1185	3	0.107991315
1183	1185	4	0.027806535
1184	1185	0	0.92927396
1184	1185	1	0.015798986
1184	1185	2	0.0054886485
1184	1185	3	0.025897834
1184	1185	4	0.021625604
1183	1186	0	0.17313446
1183	1186	1	0.58658344
1183	1186	2	0.04667911
1183	1186	3	0.1722041
1183	1186	4	0.02150092
1183	1187	0	0.29210597
1183	1187	1	0.5194527
1183	1187	2	0.0682403
1183	1187	3	0.09644343
1183	1187	4	0.023934163
1183	1188	0	0.020636994
1183	1188	1	0.9319558
1183	1188	2	0.020991294
1183	1188	3	0.018442878
1183	1188	4	0.008182629
1183	1189	0	0.012204221
1183	1189	1	0.85726744
1183	1189	2	0.036065854
1183	1189	3	0.074385345
1183	1189	4	0.02026046
1183	1190	0	0.9240705
1183	1190	1	0.02578396
1183	1190	2	0.01216965
1183	1190	3	0.030098388
1183	1190	4	0.008054097
1184	1186	0	0.6965908
1184	1186	1	0.07083446
1184	1186	2	0.06819615
1184	1186	3	0.108368754
1184	1186	4	0.05601303
1184	1187	0	0.82632464
1184	1187	1	0.038975697
1184	1187	2	0.04815794
1184	1187	3	0.051021237
1184	1187	4	0.035529707
1184	1188	0	0.5520116
1184	1188	1	0.17600799
1184	1188	2	0.101194106
1184	1188	3	0.09798484
1184	1188	4	0.07274023
1184	1189	0	0.2997884
1184	1189	1	0.39444104
1184	1189	2	0.092480764
1184	1189	3	0.16381033
1184	1189	4	0.049576618
1184	1190	0	0.97198725
1184	1190	1	0.0032758787
1184	1190	2	0.0069570667
1184	1190	3	0.013071471
1184	1190	4	0.004945016
1185	1186	0	0.013254101
1185	1186	1	0.832836
1185	1186	2	0.11025283
1185	1186	3	0.023955444
1185	1186	4	0.019738935
1185	1187	0	0.04661148
1185	1187	1	0.6567106
1185	1187	2	0.19663244
1185	1187	3	0.04717767
1185	1187	4	0.052911855
1185	1188	0	0.0066177924
1185	1188	1	0.89849
1185	1188	2	0.071997516
1185	1188	3	0.010015112
1185	1188	4	0.013026962
1185	1189	0	0.0030768341
1185	1189	1	0.93118554
1185	1189	2	0.03789928
1185	1189	3	0.014635297
1185	1189	4	0.013398045
1185	1190	0	0.25453472
1185	1190	1	0.46567932
1185	1190	2	0.17668985
1185	1190	3	0.04696862
1185	1190	4	0.05617979
1186	1187	0	0.16243413
1186	1187	1	0.537986
1186	1187	2	0.18647778
1186	1187	3	0.07452922
1186	1187	4	0.03818966
1186	1188	0	0.019177534
1186	1188	1	0.884605
1186	1188	2	0.06429578
1186	1188	3	0.016806029
1186	1188	4	0.014349892
1186	1189	0	0.010361789
1186	1189	1	0.8321621
1186	1189	2	0.086025916
1186	1189	3	0.046753515
1186	1189	4	0.02397768
1186	1190	0	0.8916537
1186	1190	1	0.023372883
1186	1190	2	0.04335762
1186	1190	3	0.025453858
1186	1190	4	0.01520298
1187	1188	0	0.006723124
1187	1188	1	0.958903
1187	1188	2	0.01707105
1187	1188	3	0.00837023
1187	1188	4	0.008275352
1187	1189	0	0.0055420073
1187	1189	1	0.9295488
1187	1189	2	0.02275873
1187	1189	3	0.027223684
1187	1189	4	0.014267751
1187	1190	0	0.8322337
1187	1190	1	0.09365186
1187	1190	2	0.026025245
1187	1190	3	0.033027723
1187	1190	4	0.014414342
1188	1189	0	0.020998864
1188	1189	1	0.85526603
1188	1189	2	0.032878123
1188	1189	3	0.06727703
1188	1189	4	0.023083866
1188	1190	0	0.9543845
1188	1190	1	0.011330346
1188	1190	2	0.00760153
1188	1190	3	0.017874638
1188	1190	4	0.008072633
1189	1190	0	0.9645219
1189	1190	1	0.0040444047
1189	1190	2	0.009496466
1189	1190	3	0.012221651
1189	1190	4	0.008960837
1186	1191	0	0.7221176
1186	1191	1	0.06789427
1186	1191	2	0.09212139
1186	1191	3	0.07663735
1186	1191	4	0.04138579
1186	1192	0	0.6523723
1186	1192	1	0.075456
1186	1192	2	0.14265113
1186	1192	3	0.09494471
1186	1192	4	0.03471384
1186	1193	0	0.44238883
1186	1193	1	0.15171272
1186	1193	2	0.15673673
1186	1193	3	0.21022004
1186	1193	4	0.039177936
1186	1194	0	0.5675318
1186	1194	1	0.19095312
1186	1194	2	0.1354594
1186	1194	3	0.07627441
1186	1194	4	0.030147027
1186	1195	0	0.62604564
1186	1195	1	0.0271582
1186	1195	2	0.08808361
1186	1195	3	0.22459789
1186	1195	4	0.034226887
1186	1196	0	0.07855795
1186	1196	1	0.25850198
1186	1196	2	0.15410109
1186	1196	3	0.4734488
1186	1196	4	0.03555998
1187	1191	0	0.52492696
1187	1191	1	0.28945458
1187	1191	2	0.07091904
1187	1191	3	0.084984235
1187	1191	4	0.029867409
1187	1192	0	0.47705257
1187	1192	1	0.29033494
1187	1192	2	0.10070198
1187	1192	3	0.10547719
1187	1192	4	0.026618298
1187	1193	0	0.08938164
1187	1193	1	0.6282702
1187	1193	2	0.08454599
1187	1193	3	0.14685768
1187	1193	4	0.05099176
1187	1194	0	0.117804684
1187	1194	1	0.67834955
1187	1194	2	0.07759447
1187	1194	3	0.07478414
1187	1194	4	0.05147722
1187	1195	0	0.5468816
1187	1195	1	0.053812735
1187	1195	2	0.05413261
1187	1195	3	0.30552888
1187	1195	4	0.039841853
1187	1196	0	0.040939577
1187	1196	1	0.48595005
1187	1196	2	0.053274672
1187	1196	3	0.39452994
1187	1196	4	0.025497966
1188	1191	0	0.8523552
1188	1191	1	0.038975336
1188	1191	2	0.02845152
1188	1191	3	0.054251313
1188	1191	4	0.026049435
1188	1192	0	0.83091843
1188	1192	1	0.04433736
1188	1192	2	0.035710864
1188	1192	3	0.06107598
1188	1192	4	0.028050594
1188	1193	0	0.60866386
1188	1193	1	0.1279328
1188	1193	2	0.026405925
1188	1193	3	0.20752057
1188	1193	4	0.029717674
1188	1194	0	0.7512781
1188	1194	1	0.11939099
1188	1194	2	0.031607594
1188	1194	3	0.070686094
1188	1194	4	0.027194478
1188	1195	0	0.7698951
1188	1195	1	0.01624836
1188	1195	2	0.023551
1188	1195	3	0.1694783
1188	1195	4	0.020991068
1188	1196	0	0.15635858
1188	1196	1	0.20150058
1188	1196	2	0.04491225
1188	1196	3	0.56667095
1188	1196	4	0.030744351
1189	1191	0	0.9587868
1189	1191	1	0.0034087575
1189	1191	2	0.011126764
1189	1191	3	0.018730586
1189	1191	4	0.0081116455
1189	1192	0	0.95710903
1189	1192	1	0.003308422
1189	1192	2	0.013610321
1189	1192	3	0.0188052
1189	1192	4	0.0073875333
1189	1193	0	0.92076415
1189	1193	1	0.007753489
1189	1193	2	0.016036602
1189	1193	3	0.042778302
1189	1193	4	0.01283692
1189	1194	0	0.9498761
1189	1194	1	0.0078357905
1189	1194	2	0.013240358
1189	1194	3	0.019691247
1189	1194	4	0.009556749
1189	1195	0	0.8960631
1189	1195	1	0.0037857837
1189	1195	2	0.01758074
1189	1195	3	0.0702818
1189	1195	4	0.012536988
1189	1196	0	0.52653927
1189	1196	1	0.031711265
1189	1196	2	0.047710143
1189	1196	3	0.36567616
1189	1196	4	0.028559104
1190	1191	0	0.23901239
1190	1191	1	0.5898299
1190	1191	2	0.06507315
1190	1191	3	0.068313524
1190	1191	4	0.037805863
1190	1192	0	0.16824181
1190	1192	1	0.64020264
1190	1192	2	0.08763146
1190	1192	3	0.06812537
1190	1192	4	0.03582975
1190	1193	0	0.072161704
1190	1193	1	0.7528187
1190	1193	2	0.052346487
1190	1193	3	0.08223388
1190	1193	4	0.040566467
1190	1194	0	0.045870192
1190	1194	1	0.8152884
1190	1194	2	0.052822378
1190	1194	3	0.04550539
1190	1194	4	0.040597133
1190	1195	0	0.14281678
1190	1195	1	0.43153903
1190	1195	2	0.07372808
1190	1195	3	0.30355686
1190	1195	4	0.04860516
1190	1196	0	0.019720253
1190	1196	1	0.83438504
1190	1196	2	0.036878727
1190	1196	3	0.08173532
1190	1196	4	0.027441312
1191	1192	0	0.15421475
1191	1192	1	0.6372178
1191	1192	2	0.09765025
1191	1192	3	0.0556268
1191	1192	4	0.054427482
1191	1193	0	0.076041706
1191	1193	1	0.77460164
1191	1193	2	0.043055296
1191	1193	3	0.05942727
1191	1193	4	0.046560097
1191	1194	0	0.069076866
1191	1194	1	0.82227075
1191	1194	2	0.041459866
1191	1194	3	0.020597417
1191	1194	4	0.046758074
1191	1195	0	0.1493483
1191	1195	1	0.38359588
1191	1195	2	0.1283066
1191	1195	3	0.26516357
1191	1195	4	0.07313021
1191	1196	0	0.032855302
1191	1196	1	0.8305058
1191	1196	2	0.0334351
1191	1196	3	0.06269509
1191	1196	4	0.04048948
1192	1193	0	0.1054869
1192	1193	1	0.73651403
1192	1193	2	0.051739085
1192	1193	3	0.05590232
1192	1193	4	0.050020434
1192	1194	0	0.09082389
1192	1194	1	0.7744154
1192	1194	2	0.061330397
1192	1194	3	0.027467778
1192	1194	4	0.04576751
1192	1195	0	0.28822148
1192	1195	1	0.2011992
1192	1195	2	0.14152382
1192	1195	3	0.3049977
1192	1195	4	0.06356925
1192	1196	0	0.035055757
1192	1196	1	0.7527931
1192	1196	2	0.05454842
1192	1196	3	0.11438457
1192	1196	4	0.043041278
1193	1194	0	0.10887461
1193	1194	1	0.6694929
1193	1194	2	0.14135133
1193	1194	3	0.02865301
1193	1194	4	0.050833173
1193	1195	0	0.33372587
1193	1195	1	0.101494834
1193	1195	2	0.26607615
1193	1195	3	0.22436784
1193	1195	4	0.07404284
1193	1196	0	0.03911917
1193	1196	1	0.6960137
1193	1196	2	0.11129829
1193	1196	3	0.10471643
1193	1196	4	0.04881761
1194	1195	0	0.62315583
1194	1195	1	0.064641126
1194	1195	2	0.053474903
1194	1195	3	0.21185172
1194	1195	4	0.04632694
1194	1196	0	0.049360532
1194	1196	1	0.77821535
1194	1196	2	0.033783782
1194	1196	3	0.09954217
1194	1196	4	0.038531538
1195	1196	0	0.029677708
1195	1196	1	0.8350452
1195	1196	2	0.043950703
1195	1196	3	0.05057046
1195	1196	4	0.04015246
1191	1197	0	0.030136323
1191	1197	1	0.8163379
1191	1197	2	0.056831937
1191	1197	3	0.060274743
1191	1197	4	0.03642525
1191	1198	0	0.019776419
1191	1198	1	0.5145158
1191	1198	2	0.044610012
1191	1198	3	0.38456416
1191	1198	4	0.03674671
1192	1197	0	0.03070448
1192	1197	1	0.78595585
1192	1197	2	0.069717914
1192	1197	3	0.075657755
1192	1197	4	0.037997305
1192	1198	0	0.02473996
1192	1198	1	0.33892667
1192	1198	2	0.04843533
1192	1198	3	0.5441608
1192	1198	4	0.043898854
1193	1197	0	0.041522518
1193	1197	1	0.69965583
1193	1197	2	0.12776834
1193	1197	3	0.0834664
1193	1197	4	0.047587287
1193	1198	0	0.04542229
1193	1198	1	0.2148659
1193	1198	2	0.10056077
1193	1198	3	0.58886796
1193	1198	4	0.05041132
1194	1197	0	0.07360564
1194	1197	1	0.6762871
1194	1197	2	0.08529279
1194	1197	3	0.10932518
1194	1197	4	0.055440426
1194	1198	0	0.1063828
1194	1198	1	0.10119767
1194	1198	2	0.03434829
1194	1198	3	0.7252299
1194	1198	4	0.032906294
1195	1197	0	0.022925122
1195	1197	1	0.80420065
1195	1197	2	0.07169113
1195	1197	3	0.06935833
1195	1197	4	0.031926133
1195	1198	0	0.03870259
1195	1198	1	0.15880713
1195	1198	2	0.06918272
1195	1198	3	0.6852172
1195	1198	4	0.04818279
1196	1197	0	0.10659037
1196	1197	1	0.46938235
1196	1197	2	0.22325237
1196	1197	3	0.16023828
1196	1197	4	0.040658727
1196	1198	0	0.22538814
1196	1198	1	0.0351075
1196	1198	2	0.07293779
1196	1198	3	0.6275764
1196	1198	4	0.039106417
1197	1198	0	0.12890518
1197	1198	1	0.038309567
1197	1198	2	0.038190298
1197	1198	3	0.7559665
1197	1198	4	0.04355785
1197	1199	0	0.09576904
1197	1199	1	0.5164013
1197	1199	2	0.18946382
1197	1199	3	0.11936926
1197	1199	4	0.07899328
1197	1200	0	0.60988986
1197	1200	1	0.11481992
1197	1200	2	0.08166947
1197	1200	3	0.1423306
1197	1200	4	0.051331297
1197	1201	0	0.9388959
1197	1201	1	0.004406553
1197	1201	2	0.019560354
1197	1201	3	0.028104983
1197	1201	4	0.009265234
1198	1199	0	0.014457857
1198	1199	1	0.33348414
1198	1199	2	0.5799512
1198	1199	3	0.033321034
1198	1199	4	0.038900897
1198	1200	0	0.07925128
1198	1200	1	0.26291305
1198	1200	2	0.5425961
1198	1200	3	0.062019702
1198	1200	4	0.053342063
1198	1201	0	0.46580112
1198	1201	1	0.02302412
1198	1201	2	0.43250895
1198	1201	3	0.04074067
1198	1201	4	0.03807697
1199	1200	0	0.82572305
1199	1200	1	0.058193903
1199	1200	2	0.014881778
1199	1200	3	0.054689173
1199	1200	4	0.056375522
1199	1201	0	0.8499024
1199	1201	1	0.05902756
1199	1201	2	0.014385965
1199	1201	3	0.027096888
1199	1201	4	0.06066816
1200	1201	0	0.73781306
1200	1201	1	0.07716331
1200	1201	2	0.081762776
1200	1201	3	0.048128255
1200	1201	4	0.06297064
1199	1202	0	0.20323746
1199	1202	1	0.056002468
1199	1202	2	0.09598147
1199	1202	3	0.5874265
1199	1202	4	0.057430193
1199	1203	0	0.41373104
1199	1203	1	0.183425
1199	1203	2	0.12203539
1199	1203	3	0.22017956
1199	1203	4	0.0607059
1199	1204	0	0.87173736
1199	1204	1	0.0061199297
1199	1204	2	0.016428912
1199	1204	3	0.09314692
1199	1204	4	0.012744456
1199	1205	0	0.9242893
1199	1205	1	0.003921781
1199	1205	2	0.012398707
1199	1205	3	0.05003091
1199	1205	4	0.009541341
1199	1206	0	0.87250537
1199	1206	1	0.016737647
1199	1206	2	0.06988745
1199	1206	3	0.029599695
1199	1206	4	0.011472436
1200	1202	0	0.028331235
1200	1202	1	0.6146663
1200	1202	2	0.17526731
1200	1202	3	0.12941998
1200	1202	4	0.052390616
1200	1203	0	0.016303299
1200	1203	1	0.8575114
1200	1203	2	0.080932215
1200	1203	3	0.02594666
1200	1203	4	0.019431679
1200	1204	0	0.43694416
1200	1204	1	0.21894774
1200	1204	2	0.13268445
1200	1204	3	0.16992636
1200	1204	4	0.04160347
1200	1205	0	0.7735848
1200	1205	1	0.04007645
1200	1205	2	0.06259513
1200	1205	3	0.08569646
1200	1205	4	0.038058985
1200	1206	0	0.46995765
1200	1206	1	0.1299158
1200	1206	2	0.34818226
1200	1206	3	0.027430976
1200	1206	4	0.024675826
1201	1202	0	0.0051542316
1201	1202	1	0.8282421
1201	1202	2	0.06673736
1201	1202	3	0.0705195
1201	1202	4	0.029390486
1201	1203	0	0.0034051794
1201	1203	1	0.9300067
1201	1203	2	0.037291158
1201	1203	3	0.016960554
1201	1203	4	0.012462246
1201	1204	0	0.089719795
1201	1204	1	0.53566784
1201	1204	2	0.13153562
1201	1204	3	0.16588125
1201	1204	4	0.077182285
1201	1205	0	0.10564869
1201	1205	1	0.479516
1201	1205	2	0.1471889
1201	1205	3	0.1990933
1201	1205	4	0.06859624
1201	1206	0	0.05652163
1201	1206	1	0.58752936
1201	1206	2	0.23139274
1201	1206	3	0.06390134
1201	1206	4	0.060679488
1202	1203	0	0.20872262
1202	1203	1	0.15275879
1202	1203	2	0.4484314
1202	1203	3	0.10576516
1202	1203	4	0.08383459
1202	1204	0	0.834176
1202	1204	1	0.008272195
1202	1204	2	0.055325292
1202	1204	3	0.07909524
1202	1204	4	0.02221873
1202	1205	0	0.8113449
1202	1205	1	0.00905701
1202	1205	2	0.06737285
1202	1205	3	0.084670916
1202	1205	4	0.026517684
1202	1206	0	0.5209265
1202	1206	1	0.024337618
1202	1206	2	0.39886346
1202	1206	3	0.02580877
1202	1206	4	0.029212736
1203	1204	0	0.92603636
1203	1204	1	0.005378886
1203	1204	2	0.010523013
1203	1204	3	0.04632583
1203	1204	4	0.010986332
1203	1205	0	0.90875083
1203	1205	1	0.006626955
1203	1205	2	0.013257862
1203	1205	3	0.056546632
1203	1205	4	0.013778381
1203	1206	0	0.9033242
1203	1206	1	0.014029231
1203	1206	2	0.051632278
1203	1206	3	0.017465232
1203	1206	4	0.012427423
1204	1205	0	0.5472649
1204	1205	1	0.15400591
1204	1205	2	0.13084933
1204	1205	3	0.12311118
1204	1205	4	0.044205047
1204	1206	0	0.061299276
1204	1206	1	0.5342693
1204	1206	2	0.36246285
1204	1206	3	0.019195398
1204	1206	4	0.022242235
1205	1206	0	0.035009127
1205	1206	1	0.52735245
1205	1206	2	0.3920393
1205	1206	3	0.021426497
1205	1206	4	0.023684908
1202	1207	0	0.19552709
1202	1207	1	0.17378487
1202	1207	2	0.35010174
1202	1207	3	0.20222086
1202	1207	4	0.078370064
1202	1208	0	0.17095564
1202	1208	1	0.18883641
1202	1208	2	0.4966068
1202	1208	3	0.08199571
1202	1208	4	0.061623707
1202	1209	0	0.14868483
1202	1209	1	0.11417742
1202	1209	2	0.48601136
1202	1209	3	0.17437738
1202	1209	4	0.0767874
1202	1210	0	0.52805734
1202	1210	1	0.023107015
1202	1210	2	0.39560264
1202	1210	3	0.02646647
1202	1210	4	0.026790354
1203	1207	0	0.29290533
1203	1207	1	0.28676534
1203	1207	2	0.07706565
1203	1207	3	0.29684564
1203	1207	4	0.04640743
1203	1208	0	0.35016564
1203	1208	1	0.3599546
1203	1208	2	0.10237465
1203	1208	3	0.14392336
1203	1208	4	0.043622673
1203	1209	0	0.30881044
1203	1209	1	0.23980068
1203	1209	2	0.113748625
1203	1209	3	0.2837816
1203	1209	4	0.05385885
1203	1210	0	0.8735414
1203	1210	1	0.023273963
1203	1210	2	0.054931622
1203	1210	3	0.02885512
1203	1210	4	0.019468993
1204	1207	0	0.02299181
1204	1207	1	0.84929454
1204	1207	2	0.06129338
1204	1207	3	0.038236372
1204	1207	4	0.028238855
1204	1208	0	0.023166915
1204	1208	1	0.84784245
1204	1208	2	0.07155367
1204	1208	3	0.03070839
1204	1208	4	0.026801802
1204	1209	0	0.021868456
1204	1209	1	0.8177403
1204	1209	2	0.09310889
1204	1209	3	0.03667227
1204	1209	4	0.030705642
1204	1210	0	0.06861654
1204	1210	1	0.5113505
1204	1210	2	0.34905568
1204	1210	3	0.035734244
1204	1210	4	0.035323985
1205	1207	0	0.018087177
1205	1207	1	0.8646324
1205	1207	2	0.05853399
1205	1207	3	0.034500923
1205	1207	4	0.024280943
1205	1208	0	0.014594762
1205	1208	1	0.8524442
1205	1208	2	0.085741684
1205	1208	3	0.026288377
1205	1208	4	0.020988047
1205	1209	0	0.01321026
1205	1209	1	0.83663726
1205	1209	2	0.093574196
1205	1209	3	0.032607008
1205	1209	4	0.024041837
1205	1210	0	0.038449798
1205	1210	1	0.4653179
1205	1210	2	0.44168526
1205	1210	3	0.027243063
1205	1210	4	0.027392378
1206	1207	0	0.029437494
1206	1207	1	0.7854102
1206	1207	2	0.032442655
1206	1207	3	0.12554076
1206	1207	4	0.027170146
1206	1208	0	0.03561001
1206	1208	1	0.8128607
1206	1208	2	0.040312123
1206	1208	3	0.080498144
1206	1208	4	0.030745229
1206	1209	0	0.02996769
1206	1209	1	0.7489514
1206	1209	2	0.039721906
1206	1209	3	0.1510508
1206	1209	4	0.030352777
1206	1210	0	0.36301395
1206	1210	1	0.3268109
1206	1210	2	0.152717
1206	1210	3	0.134506
1206	1210	4	0.023029938
1207	1208	0	0.21810728
1207	1208	1	0.4894413
1207	1208	2	0.15547659
1207	1208	3	0.10188493
1207	1208	4	0.03509777
1207	1209	0	0.20478827
1207	1209	1	0.34715107
1207	1209	2	0.20313735
1207	1209	3	0.19653113
1207	1209	4	0.04839991
1207	1210	0	0.8273478
1207	1210	1	0.024213258
1207	1210	2	0.11190069
1207	1210	3	0.022098051
1207	1210	4	0.013970736
1208	1209	0	0.2538782
1208	1209	1	0.33220044
1208	1209	2	0.090794265
1208	1209	3	0.27301958
1208	1209	4	0.050117575
1208	1210	0	0.90725935
1208	1210	1	0.017960234
1208	1210	2	0.045958377
1208	1210	3	0.017300919
1208	1210	4	0.010953016
1209	1210	0	0.8827168
1209	1210	1	0.014194204
1209	1210	2	0.073342614
1209	1210	3	0.017564928
1209	1210	4	0.011963548
1207	1211	0	0.20462634
1207	1211	1	0.39865002
1207	1211	2	0.186865
1207	1211	3	0.16058964
1207	1211	4	0.049259946
1208	1211	0	0.28517318
1208	1211	1	0.40097752
1208	1211	2	0.074939504
1208	1211	3	0.1912451
1208	1211	4	0.04765105
1209	1211	0	0.31867385
1209	1211	1	0.28057823
1209	1211	2	0.14541627
1209	1211	3	0.20227912
1209	1211	4	0.053055625
1210	1211	0	0.032387547
1210	1211	1	0.8087544
1210	1211	2	0.03617495
1210	1211	3	0.0888936
1210	1211	4	0.0337722
1212	1213	0	0.015406512
1212	1213	1	0.80004203
1212	1213	2	0.12474371
1212	1213	3	0.03239584
1212	1213	4	0.02742782
1212	1214	0	0.023709852
1212	1214	1	0.76244974
1212	1214	2	0.07288435
1212	1214	3	0.11540428
1212	1214	4	0.025634725
1213	1214	0	0.22085138
1213	1214	1	0.32255813
1213	1214	2	0.046188936
1213	1214	3	0.38537967
1213	1214	4	0.02501164
1212	1215	0	0.090646885
1212	1215	1	0.14639312
1212	1215	2	0.068811245
1212	1215	3	0.6601791
1212	1215	4	0.03396916
1213	1215	0	0.24125265
1213	1215	1	0.020805318
1213	1215	2	0.018163601
1213	1215	3	0.7061806
1213	1215	4	0.013597447
1214	1215	0	0.57051015
1214	1215	1	0.023921125
1214	1215	2	0.07117722
1214	1215	3	0.3043759
1214	1215	4	0.030015498
1215	1216	0	0.18659662
1215	1216	1	0.19634987
1215	1216	2	0.47598657
1215	1216	3	0.09271646
1215	1216	4	0.048333313
1215	1217	0	0.042589195
1215	1217	1	0.10650649
1215	1217	2	0.64236957
1215	1217	3	0.17689088
1215	1217	4	0.031637218
1215	1218	0	0.043364003
1215	1218	1	0.10728842
1215	1218	2	0.521036
1215	1218	3	0.27791834
1215	1218	4	0.050395716
1216	1217	0	0.049556162
1216	1217	1	0.47071
1216	1217	2	0.26686373
1216	1217	3	0.16506003
1216	1217	4	0.04719473
1216	1218	0	0.06745626
1216	1218	1	0.31799844
1216	1218	2	0.20266034
1216	1218	3	0.34481826
1216	1218	4	0.066489995
1217	1218	0	0.12917992
1217	1218	1	0.043534573
1217	1218	2	0.20617834
1217	1218	3	0.57720083
1217	1218	4	0.043539673
1216	1219	0	0.06438018
1216	1219	1	0.65726656
1216	1219	2	0.19057138
1216	1219	3	0.050631188
1216	1219	4	0.03713893
1216	1220	0	0.06544509
1216	1220	1	0.5656949
1216	1220	2	0.28235844
1216	1220	3	0.044109296
1216	1220	4	0.042375572
1216	1221	0	0.0047119865
1216	1221	1	0.90046394
1216	1221	2	0.04690845
1216	1221	3	0.033693224
1216	1221	4	0.014203158
1216	1222	0	0.021631412
1216	1222	1	0.706987
1216	1222	2	0.22711548
1216	1222	3	0.02277646
1216	1222	4	0.02147843
1216	1223	0	0.025158245
1216	1223	1	0.6399945
1216	1223	2	0.2840722
1216	1223	3	0.025556253
1216	1223	4	0.025216421
1217	1219	0	0.2936046
1217	1219	1	0.21201155
1217	1219	2	0.3707556
1217	1219	3	0.0914453
1217	1219	4	0.032182854
1217	1220	0	0.12083937
1217	1220	1	0.22080535
1217	1220	2	0.55994445
1217	1220	3	0.06458097
1217	1220	4	0.033821184
1217	1221	0	0.009789779
1217	1221	1	0.6900922
1217	1221	2	0.16510117
1217	1221	3	0.10444941
1217	1221	4	0.030553041
1217	1222	0	0.06544896
1217	1222	1	0.19221343
1217	1222	2	0.6662722
1217	1222	3	0.048751645
1217	1222	4	0.027303608
1217	1223	0	0.055935904
1217	1223	1	0.14561692
1217	1223	2	0.74109524
1217	1223	3	0.03439788
1217	1223	4	0.02294584
1218	1219	0	0.2559754
1218	1219	1	0.13750102
1218	1219	2	0.48986334
1218	1219	3	0.07885891
1218	1219	4	0.037803676
1218	1220	0	0.123102985
1218	1220	1	0.10714783
1218	1220	2	0.67548484
1218	1220	3	0.05507242
1218	1220	4	0.039185226
1218	1221	0	0.0199867
1218	1221	1	0.46354732
1218	1221	2	0.32462242
1218	1221	3	0.14176847
1218	1221	4	0.05006692
1218	1222	0	0.048089016
1218	1222	1	0.14012296
1218	1222	2	0.74605846
1218	1222	3	0.03894322
1218	1222	4	0.026775751
1218	1223	0	0.039652295
1218	1223	1	0.10053429
1218	1223	2	0.8068955
1218	1223	3	0.029613338
1218	1223	4	0.023296297
1219	1220	0	0.23576961
1219	1220	1	0.32289016
1219	1220	2	0.2745842
1219	1220	3	0.13597865
1219	1220	4	0.030925924
1219	1221	0	0.00689784
1219	1221	1	0.8668017
1219	1221	2	0.036229715
1219	1221	3	0.075526625
1219	1221	4	0.014753152
1219	1222	0	0.05783843
1219	1222	1	0.5804928
1219	1222	2	0.2662557
1219	1222	3	0.07092213
1219	1222	4	0.02466686
1219	1223	0	0.06425772
1219	1223	1	0.52995104
1219	1223	2	0.321816
1219	1223	3	0.060599174
1219	1223	4	0.023613641
1220	1221	0	0.006014075
1220	1221	1	0.86722714
1220	1221	2	0.031422388
1220	1221	3	0.07855814
1220	1221	4	0.016976774
1220	1222	0	0.047981188
1220	1222	1	0.6344626
1220	1222	2	0.21972865
1220	1222	3	0.07124865
1220	1222	4	0.026741717
1220	1223	0	0.05575128
1220	1223	1	0.60267556
1220	1223	2	0.25367278
1220	1223	3	0.06367577
1220	1223	4	0.024404036
1221	1222	0	0.6911592
1221	1222	1	0.03135927
1221	1222	2	0.21305086
1221	1222	3	0.040960815
1221	1222	4	0.02361865
1221	1223	0	0.653199
1221	1223	1	0.027650632
1221	1223	2	0.26226142
1221	1223	3	0.03632247
1221	1223	4	0.020757405
1222	1223	0	0.1832605
1222	1223	1	0.29330182
1222	1223	2	0.31563425
1222	1223	3	0.18247676
1222	1223	4	0.02546406
1219	1224	0	0.028697137
1219	1224	1	0.6314316
1219	1224	2	0.2213137
1219	1224	3	0.08348489
1219	1224	4	0.03505768
1220	1224	0	0.018265245
1220	1224	1	0.6951104
1220	1224	2	0.18024153
1220	1224	3	0.07428652
1220	1224	4	0.03207981
1221	1224	0	0.21648411
1221	1224	1	0.1012603
1221	1224	2	0.5533606
1221	1224	3	0.08166155
1221	1224	4	0.04722731
1222	1224	0	0.058208313
1222	1224	1	0.386705
1222	1224	2	0.27590838
1222	1224	3	0.24574493
1222	1224	4	0.033428706
1223	1224	0	0.07741401
1223	1224	1	0.3672598
1223	1224	2	0.21513808
1223	1224	3	0.30450293
1223	1224	4	0.035687167
1224	1225	0	0.736038
1224	1225	1	0.012429467
1224	1225	2	0.021458644
1224	1225	3	0.21667297
1224	1225	4	0.013403113
1225	1226	0	0.075898595
1225	1226	1	0.08355124
1225	1226	2	0.16730404
1225	1226	3	0.6321583
1225	1226	4	0.04108786
1225	1227	0	0.0313188
1225	1227	1	0.72395355
1225	1227	2	0.15310474
1225	1227	3	0.057312638
1225	1227	4	0.03431095
1226	1227	0	0.018450052
1226	1227	1	0.55655706
1226	1227	2	0.3483595
1226	1227	3	0.042165857
1226	1227	4	0.03458464
1226	1228	0	0.02115034
1226	1228	1	0.32158163
1226	1228	2	0.5506659
1226	1228	3	0.060241297
1226	1228	4	0.046360485
1226	1229	0	0.010746422
1226	1229	1	0.57991415
1226	1229	2	0.32725856
1226	1229	3	0.04878235
1226	1229	4	0.03329801
1227	1228	0	0.4279267
1227	1228	1	0.23731118
1227	1228	2	0.11048788
1227	1228	3	0.15101306
1227	1228	4	0.07325945
1227	1229	0	0.16145547
1227	1229	1	0.58244187
1227	1229	2	0.06944009
1227	1229	3	0.14407913
1227	1229	4	0.042584635
1228	1229	0	0.038001653
1228	1229	1	0.8090822
1228	1229	2	0.061290275
1228	1229	3	0.071297556
1228	1229	4	0.020302506
1228	1230	0	0.089400835
1228	1230	1	0.07809873
1228	1230	2	0.04470308
1228	1230	3	0.7587313
1228	1230	4	0.029065572
1228	1231	0	0.8807049
1228	1231	1	0.019861525
1228	1231	2	0.04300014
1228	1231	3	0.034220137
1228	1231	4	0.022216318
1229	1230	0	0.15908054
1229	1230	1	0.07316927
1229	1230	2	0.059997983
1229	1230	3	0.67684966
1229	1230	4	0.030902311
1229	1231	0	0.9534849
1229	1231	1	0.0039139097
1229	1231	2	0.022705682
1229	1231	3	0.014365866
1229	1231	4	0.00552905
1230	1231	0	0.7283355
1230	1231	1	0.026452608
1230	1231	2	0.1909532
1230	1231	3	0.018789519
1230	1231	4	0.034617297
1230	1232	0	0.6425497
1230	1232	1	0.01823161
1230	1232	2	0.2697377
1230	1232	3	0.046884112
1230	1232	4	0.02258064
1231	1232	0	0.13085684
1231	1232	1	0.5453323
1231	1232	2	0.17210539
1231	1232	3	0.10646115
1231	1232	4	0.045205243
1232	1233	0	0.4252781
1232	1233	1	0.12797743
1232	1233	2	0.1658661
1232	1233	3	0.25280848
1232	1233	4	0.028217832
1232	1234	0	0.05769855
1232	1234	1	0.631757
1232	1234	2	0.10156344
1232	1234	3	0.180403
1232	1234	4	0.028698722
1232	1235	0	0.25497627
1232	1235	1	0.2557795
1232	1235	2	0.19415031
1232	1235	3	0.25680175
1232	1235	4	0.038440112
1232	1236	0	0.03790074
1232	1236	1	0.7044227
1232	1236	2	0.10355848
1232	1236	3	0.12536046
1232	1236	4	0.02894814
1232	1237	0	0.064297825
1232	1237	1	0.65948725
1232	1237	2	0.09980349
1232	1237	3	0.11093545
1232	1237	4	0.06541277
1232	1238	0	0.04367805
1232	1238	1	0.7640686
1232	1238	2	0.06680068
1232	1238	3	0.07978767
1232	1238	4	0.045636456
1233	1234	0	0.0504708
1233	1234	1	0.45497462
1233	1234	2	0.16015552
1233	1234	3	0.29037246
1233	1234	4	0.043894768
1233	1235	0	0.161572
1233	1235	1	0.20382668
1233	1235	2	0.32528076
1233	1235	3	0.25287154
1233	1235	4	0.056502115
1233	1236	0	0.035136815
1233	1236	1	0.66918546
1233	1236	2	0.1453121
1233	1236	3	0.11086051
1233	1236	4	0.03942657
1233	1237	0	0.031318713
1233	1237	1	0.8068373
1233	1237	2	0.067769565
1233	1237	3	0.055341948
1233	1237	4	0.03900381
1233	1238	0	0.03243428
1233	1238	1	0.8272416
1233	1238	2	0.046292573
1233	1238	3	0.056112215
1233	1238	4	0.038139533
1234	1235	0	0.445798
1234	1235	1	0.06580936
1234	1235	2	0.2506454
1234	1235	3	0.1886137
1234	1235	4	0.049119957
1234	1236	0	0.11833472
1234	1236	1	0.36631113
1234	1236	2	0.31596953
1234	1236	3	0.14856829
1234	1236	4	0.05079862
1234	1237	0	0.054323897
1234	1237	1	0.6145089
1234	1237	2	0.17344336
1234	1237	3	0.10751171
1234	1237	4	0.050370574
1234	1238	0	0.046446856
1234	1238	1	0.69080156
1234	1238	2	0.11044715
1234	1238	3	0.10713655
1234	1238	4	0.04518308
1235	1236	0	0.034944203
1235	1236	1	0.7557445
1235	1236	2	0.10714755
1235	1236	3	0.06243996
1235	1236	4	0.039895043
1235	1237	0	0.032505877
1235	1237	1	0.8278588
1235	1237	2	0.05025906
1235	1237	3	0.05024834
1235	1237	4	0.03934743
1235	1238	0	0.035705544
1235	1238	1	0.82709235
1235	1238	2	0.03871232
1235	1238	3	0.058625694
1235	1238	4	0.04004456
1236	1237	0	0.08053099
1236	1237	1	0.5629165
1236	1237	2	0.14664367
1236	1237	3	0.15144904
1236	1237	4	0.058175247
1236	1238	0	0.07818156
1236	1238	1	0.5615649
1236	1238	2	0.11181568
1236	1238	3	0.20101702
1236	1238	4	0.047301665
1237	1238	0	0.07446209
1237	1238	1	0.7604075
1237	1238	2	0.02897061
1237	1238	3	0.08717219
1237	1238	4	0.049304154
1233	1239	0	0.058851287
1233	1239	1	0.35777935
1233	1239	2	0.48577026
1233	1239	3	0.07591861
1233	1239	4	0.021748802
1233	1240	0	0.31689683
1233	1240	1	0.1556688
1233	1240	2	0.33726612
1233	1240	3	0.1579901
1233	1240	4	0.032256328
1233	1241	0	0.07726833
1233	1241	1	0.3406434
1233	1241	2	0.4737812
1233	1241	3	0.08358366
1233	1241	4	0.024720885
1233	1242	0	0.007859504
1233	1242	1	0.863644
1233	1242	2	0.072427
1233	1242	3	0.042778075
1233	1242	4	0.013352816
1233	1243	0	0.040693797
1233	1243	1	0.49879137
1233	1243	2	0.3504047
1233	1243	3	0.07608307
1233	1243	4	0.03396993
1233	1244	0	0.009299315
1233	1244	1	0.86826545
1233	1244	2	0.071869686
1233	1244	3	0.03655845
1233	1244	4	0.013568853
1233	1245	0	0.011033151
1233	1245	1	0.7649132
1233	1245	2	0.1087469
1233	1245	3	0.09906794
1233	1245	4	0.016379774
1234	1239	0	0.30140224
1234	1239	1	0.11627172
1234	1239	2	0.48008162
1234	1239	3	0.07611541
1234	1239	4	0.026208764
1234	1240	0	0.6294591
1234	1240	1	0.042304724
1234	1240	2	0.21775131
1234	1240	3	0.082708776
1234	1240	4	0.027879592
1234	1241	0	0.32415977
1234	1241	1	0.1038041
1234	1241	2	0.46832564
1234	1241	3	0.0711489
1234	1241	4	0.03263285
1234	1242	0	0.027017266
1234	1242	1	0.64825606
1234	1242	2	0.20438227
1234	1242	3	0.08756242
1234	1242	4	0.03272979
1234	1243	0	0.11825685
1234	1243	1	0.17673513
1234	1243	2	0.59945625
1234	1243	3	0.07228195
1234	1243	4	0.033318162
1234	1244	0	0.029568419
1234	1244	1	0.7068214
1234	1244	2	0.16617243
1234	1244	3	0.06477683
1234	1244	4	0.032550104
1234	1245	0	0.03086704
1234	1245	1	0.5868079
1234	1245	2	0.18406758
1234	1245	3	0.16514458
1234	1245	4	0.033229195
1235	1239	0	0.07124508
1235	1239	1	0.42279634
1235	1239	2	0.38416606
1235	1239	3	0.094725795
1235	1239	4	0.026987806
1235	1240	0	0.3914991
1235	1240	1	0.15680309
1235	1240	2	0.2386033
1235	1240	3	0.18451281
1235	1240	4	0.028679859
1235	1241	0	0.10994912
1235	1241	1	0.36914724
1235	1241	2	0.38613102
1235	1241	3	0.10409129
1235	1241	4	0.030674638
1235	1242	0	0.007869157
1235	1242	1	0.8507552
1235	1242	2	0.07431257
1235	1242	3	0.052394547
1235	1242	4	0.014737542
1235	1243	0	0.046116445
1235	1243	1	0.4852784
1235	1243	2	0.35127836
1235	1243	3	0.08639471
1235	1243	4	0.030833002
1235	1244	0	0.009528419
1235	1244	1	0.8611501
1235	1244	2	0.06508092
1235	1244	3	0.049805056
1235	1244	4	0.014284468
1235	1245	0	0.010194347
1235	1245	1	0.74852383
1235	1245	2	0.099088065
1235	1245	3	0.12535436
1235	1245	4	0.016954571
1236	1239	0	0.5108754
1236	1239	1	0.05651285
1236	1239	2	0.31681165
1236	1239	3	0.08896293
1236	1239	4	0.026934544
1236	1240	0	0.84745276
1236	1240	1	0.011255383
1236	1240	2	0.064235434
1236	1240	3	0.06153623
1236	1240	4	0.015592791
1236	1241	0	0.64882976
1236	1241	1	0.044416238
1236	1241	2	0.20920628
1236	1241	3	0.06981429
1236	1241	4	0.02784279
1236	1242	0	0.068163015
1236	1242	1	0.48621047
1236	1242	2	0.20083085
1236	1242	3	0.20498292
1236	1242	4	0.03990676
1236	1243	0	0.37597758
1236	1243	1	0.0905866
1236	1243	2	0.38235995
1236	1243	3	0.111784115
1236	1243	4	0.039367158
1236	1244	0	0.0611801
1236	1244	1	0.5952909
1236	1244	2	0.1725807
1236	1244	3	0.12720089
1236	1244	4	0.043812193
1236	1245	0	0.054803606
1236	1245	1	0.35549492
1236	1245	2	0.17616722
1236	1245	3	0.376718
1236	1245	4	0.03686926
1237	1239	0	0.81829304
1237	1239	1	0.0305985
1237	1239	2	0.09632886
1237	1239	3	0.039089136
1237	1239	4	0.01582708
1237	1240	0	0.9266325
1237	1240	1	0.008716932
1237	1240	2	0.019936739
1237	1240	3	0.033375714
1237	1240	4	0.011377023
1237	1241	0	0.78359103
1237	1241	1	0.058677223
1237	1241	2	0.091035545
1237	1241	3	0.043943986
1237	1241	4	0.022859942
1237	1242	0	0.07389866
1237	1242	1	0.69684595
1237	1242	2	0.08057521
1237	1242	3	0.10308357
1237	1242	4	0.04547486
1237	1243	0	0.62721956
1237	1243	1	0.10794077
1237	1243	2	0.16052888
1237	1243	3	0.07233044
1237	1243	4	0.032083128
1237	1244	0	0.075889416
1237	1244	1	0.7379441
1237	1244	2	0.06843557
1237	1244	3	0.0718487
1237	1244	4	0.045653906
1237	1245	0	0.05721238
1237	1245	1	0.6666969
1237	1245	2	0.07746947
1237	1245	3	0.15676422
1237	1245	4	0.04170915
1238	1239	0	0.8626324
1238	1239	1	0.014345686
1238	1239	2	0.081570365
1238	1239	3	0.02994903
1238	1239	4	0.011621624
1238	1240	0	0.93980205
1238	1240	1	0.0053137336
1238	1240	2	0.01602242
1238	1240	3	0.02896005
1238	1240	4	0.010015892
1238	1241	0	0.8621604
1238	1241	1	0.026148167
1238	1241	2	0.06877929
1238	1241	3	0.027434556
1238	1241	4	0.015570714
1238	1242	0	0.17236908
1238	1242	1	0.5208098
1238	1242	2	0.13425586
1238	1242	3	0.13213207
1238	1242	4	0.040387105
1238	1243	0	0.7364034
1238	1243	1	0.046401963
1238	1243	2	0.1486803
1238	1243	3	0.047099642
1238	1243	4	0.021501074
1238	1244	0	0.1464979
1238	1244	1	0.58655906
1238	1244	2	0.13287544
1238	1244	3	0.08741811
1238	1244	4	0.046542305
1238	1245	0	0.09141151
1238	1245	1	0.5324979
1238	1245	2	0.11902705
1238	1245	3	0.21389644
1238	1245	4	0.043154653
1239	1240	0	0.4895944
1239	1240	1	0.08279984
1239	1240	2	0.16889067
1239	1240	3	0.21814169
1239	1240	4	0.039171815
1239	1241	0	0.14139107
1239	1241	1	0.43837303
1239	1241	2	0.2685538
1239	1241	3	0.10783643
1239	1241	4	0.04214527
1239	1242	0	0.016010676
1239	1242	1	0.88901496
1239	1242	2	0.02627232
1239	1242	3	0.04253258
1239	1242	4	0.024273183
1239	1243	0	0.07879352
1239	1243	1	0.5693441
1239	1243	2	0.20047027
1239	1243	3	0.11030858
1239	1243	4	0.039494663
1239	1244	0	0.017718984
1239	1244	1	0.89253473
1239	1244	2	0.023507841
1239	1244	3	0.039977614
1239	1244	4	0.02454762
1239	1245	0	0.019035442
1239	1245	1	0.8288767
1239	1245	2	0.031303324
1239	1245	3	0.091132276
1239	1245	4	0.02794828
1240	1241	0	0.02645745
1240	1241	1	0.6764982
1240	1241	2	0.22955671
1240	1241	3	0.0281245
1240	1241	4	0.03764696
1240	1242	0	0.01405584
1240	1242	1	0.909319
1240	1242	2	0.035584513
1240	1242	3	0.014377694
1240	1242	4	0.02449637
1240	1243	0	0.02007012
1240	1243	1	0.71758765
1240	1243	2	0.19952396
1240	1243	3	0.027934754
1240	1243	4	0.033216894
1240	1244	0	0.015608248
1240	1244	1	0.9119962
1240	1244	2	0.032108463
1240	1244	3	0.014584111
1240	1244	4	0.023839278
1240	1245	0	0.01654525
1240	1245	1	0.8821761
1240	1245	2	0.040983673
1240	1245	3	0.031433422
1240	1245	4	0.02708607
1241	1242	0	0.011816061
1241	1242	1	0.92645764
1241	1242	2	0.011931267
1241	1242	3	0.030111061
1241	1242	4	0.017927136
1241	1243	0	0.09521956
1241	1243	1	0.6994343
1241	1243	2	0.09037901
1241	1243	3	0.08448822
1241	1243	4	0.028991226
1241	1244	0	0.016863035
1241	1244	1	0.9266007
1241	1244	2	0.01122867
1241	1244	3	0.021775091
1241	1244	4	0.021498205
1241	1245	0	0.017566847
1241	1245	1	0.88420856
1241	1245	2	0.017416516
1241	1245	3	0.055191457
1241	1245	4	0.023636254
1242	1243	0	0.823235
1242	1243	1	0.042105414
1242	1243	2	0.06378363
1242	1243	3	0.04464101
1242	1243	4	0.024484696
1242	1244	0	0.12518497
1242	1244	1	0.71415097
1242	1244	2	0.055999883
1242	1244	3	0.06287954
1242	1244	4	0.039601438
1242	1245	0	0.11395055
1242	1245	1	0.5870847
1242	1245	2	0.07090662
1242	1245	3	0.18338092
1242	1245	4	0.042984333
1243	1244	0	0.015079959
1243	1244	1	0.92451584
1243	1244	2	0.0143671855
1243	1244	3	0.025730008
1243	1244	4	0.018705655
1243	1245	0	0.01602038
1243	1245	1	0.86539185
1243	1245	2	0.020176362
1243	1245	3	0.074445404
1243	1245	4	0.02224695
1244	1245	0	0.1319068
1244	1245	1	0.60853326
1244	1245	2	0.06079456
1244	1245	3	0.15406853
1244	1245	4	0.042916317
1239	1246	0	0.039319444
1239	1246	1	0.7152906
1239	1246	2	0.14124167
1239	1246	3	0.07903678
1239	1246	4	0.025036125
1239	1247	0	0.012195461
1239	1247	1	0.80028415
1239	1247	2	0.037855886
1239	1247	3	0.1293057
1239	1247	4	0.019935561
1239	1248	0	0.02387225
1239	1248	1	0.82299364
1239	1248	2	0.08415311
1239	1248	3	0.04935498
1239	1248	4	0.019287635
1239	1249	0	0.016369157
1239	1249	1	0.71334755
1239	1249	2	0.11327496
1239	1249	3	0.13515243
1239	1249	4	0.02188164
1240	1246	0	0.012167101
1240	1246	1	0.7630686
1240	1246	2	0.17192343
1240	1246	3	0.02787251
1240	1246	4	0.024858186
1240	1247	0	0.0068159606
1240	1247	1	0.86937875
1240	1247	2	0.049781553
1240	1247	3	0.05591587
1240	1247	4	0.017871697
1240	1248	0	0.009475508
1240	1248	1	0.839122
1240	1248	2	0.10969425
1240	1248	3	0.023792375
1240	1248	4	0.017821679
1240	1249	0	0.009829356
1240	1249	1	0.7598762
1240	1249	2	0.14642733
1240	1249	3	0.059789944
1240	1249	4	0.024051903
1241	1246	0	0.04830054
1241	1246	1	0.79447633
1241	1246	2	0.073151976
1241	1246	3	0.06658983
1241	1246	4	0.01739923
1241	1247	0	0.010791548
1241	1247	1	0.8198249
1241	1247	2	0.02223171
1241	1247	3	0.13241236
1241	1247	4	0.014580231
1241	1248	0	0.021074459
1241	1248	1	0.8819217
1241	1248	2	0.041589737
1241	1248	3	0.041389015
1241	1248	4	0.013619077
1241	1249	0	0.016656414
1241	1249	1	0.782951
1241	1249	2	0.059874583
1241	1249	3	0.123302355
1241	1249	4	0.016921956
1242	1246	0	0.81722414
1242	1246	1	0.04910879
1242	1246	2	0.07598972
1242	1246	3	0.042093974
1242	1246	4	0.015214811
1242	1247	0	0.26106128
1242	1247	1	0.2653486
1242	1247	2	0.08676612
1242	1247	3	0.3516676
1242	1247	4	0.035200145
1242	1248	0	0.6932785
1242	1248	1	0.13840745
1242	1248	2	0.094958484
1242	1248	3	0.05360401
1242	1248	4	0.019661574
1242	1249	0	0.35153425
1242	1249	1	0.22358768
1242	1249	2	0.1761869
1242	1249	3	0.21687487
1242	1249	4	0.031886518
1243	1246	0	0.23407742
1243	1246	1	0.4929755
1243	1246	2	0.114824906
1243	1246	3	0.12900634
1243	1246	4	0.029126357
1243	1247	0	0.028311878
1243	1247	1	0.74083114
1243	1247	2	0.03243747
1243	1247	3	0.17358126
1243	1247	4	0.024683323
1243	1248	0	0.064632684
1243	1248	1	0.7660575
1243	1248	2	0.06508197
1243	1248	3	0.0749251
1243	1248	4	0.029006857
1243	1249	0	0.034160092
1243	1249	1	0.6216295
1243	1249	2	0.08094547
1243	1249	3	0.23965761
1243	1249	4	0.023649262
1244	1246	0	0.8673419
1244	1246	1	0.031129517
1244	1246	2	0.0548636
1244	1246	3	0.031944614
1244	1246	4	0.014496596
1244	1247	0	0.27027068
1244	1247	1	0.3535958
1244	1247	2	0.06682857
1244	1247	3	0.2781479
1244	1247	4	0.030414822
1244	1248	0	0.7209128
1244	1248	1	0.1293432
1244	1248	2	0.07838748
1244	1248	3	0.049108487
1244	1248	4	0.021872705
1244	1249	0	0.40410143
1244	1249	1	0.23024715
1244	1249	2	0.1603503
1244	1249	3	0.17134947
1244	1249	4	0.033985082
1245	1246	0	0.81057894
1245	1246	1	0.02203623
1245	1246	2	0.11261977
1245	1246	3	0.03720413
1245	1246	4	0.017342934
1245	1247	0	0.2850692
1245	1247	1	0.13631381
1245	1247	2	0.11943543
1245	1247	3	0.42494944
1245	1247	4	0.034196965
1245	1248	0	0.74251974
1245	1248	1	0.0483203
1245	1248	2	0.14247486
1245	1248	3	0.04510805
1245	1248	4	0.021459464
1245	1249	0	0.3820537
1245	1249	1	0.11350203
1245	1249	2	0.28383937
1245	1249	3	0.17904286
1245	1249	4	0.041565627
1246	1247	0	0.054414123
1246	1247	1	0.6252816
1246	1247	2	0.02648455
1246	1247	3	0.24755825
1246	1247	4	0.052755203
1246	1248	0	0.08728626
1246	1248	1	0.7248726
1246	1248	2	0.055922758
1246	1248	3	0.080687754
1246	1248	4	0.05985129
1246	1249	0	0.05671705
1246	1249	1	0.56628525
1246	1249	2	0.078618616
1246	1249	3	0.2513004
1246	1249	4	0.052969456
1247	1248	0	0.3737646
1247	1248	1	0.20697948
1247	1248	2	0.28610575
1247	1248	3	0.068511344
1247	1248	4	0.0717992
1247	1249	0	0.15964018
1247	1249	1	0.17527916
1247	1249	2	0.41377166
1247	1249	3	0.19380629
1247	1249	4	0.061667863
1248	1249	0	0.08863491
1248	1249	1	0.5889377
1248	1249	2	0.08280873
1248	1249	3	0.18532117
1248	1249	4	0.062429503
1246	1250	0	0.081610724
1246	1250	1	0.03738
1246	1250	2	0.030323546
1246	1250	3	0.8316127
1246	1250	4	0.019072803
1246	1251	0	0.030208386
1246	1251	1	0.20144685
1246	1251	2	0.026297597
1246	1251	3	0.71917295
1246	1251	4	0.02294782
1247	1250	0	0.55113035
1247	1250	1	0.013295745
1247	1250	2	0.091286264
1247	1250	3	0.3208522
1247	1250	4	0.023606906
1247	1251	0	0.23212594
1247	1251	1	0.047421463
1247	1251	2	0.098948605
1247	1251	3	0.5826873
1247	1251	4	0.03893905
1248	1250	0	0.24937694
1248	1250	1	0.015485358
1248	1250	2	0.025663767
1248	1250	3	0.6912627
1248	1250	4	0.018307613
1248	1251	0	0.08954332
1248	1251	1	0.08528272
1248	1251	2	0.023983747
1248	1251	3	0.7799507
1248	1251	4	0.021290718
1249	1250	0	0.3319709
1249	1250	1	0.009838658
1249	1250	2	0.043313954
1249	1250	3	0.5955338
1249	1250	4	0.019434862
1249	1251	0	0.16127999
1249	1251	1	0.050529554
1249	1251	2	0.049936716
1249	1251	3	0.7107176
1249	1251	4	0.027615737
1250	1251	0	0.04373048
1250	1251	1	0.20102292
1250	1251	2	0.117102936
1250	1251	3	0.5858568
1250	1251	4	0.05607823
1250	1252	0	0.02685329
1250	1252	1	0.42918777
1250	1252	2	0.42012277
1250	1252	3	0.089944676
1250	1252	4	0.03387223
1250	1253	0	0.0540122
1250	1253	1	0.14563929
1250	1253	2	0.56604415
1250	1253	3	0.19578147
1250	1253	4	0.038513742
1250	1254	0	0.014187673
1250	1254	1	0.4265403
1250	1254	2	0.36590913
1250	1254	3	0.15488337
1250	1254	4	0.03846248
1251	1252	0	0.08007482
1251	1252	1	0.14008118
1251	1252	2	0.7039912
1251	1252	3	0.044360485
1251	1252	4	0.03148251
1251	1253	0	0.14783734
1251	1253	1	0.040466808
1251	1253	2	0.7006931
1251	1253	3	0.07725631
1251	1253	4	0.03374334
1251	1254	0	0.030425612
1251	1254	1	0.15452734
1251	1254	2	0.681597
1251	1254	3	0.09217472
1251	1254	4	0.041274935
1252	1253	0	0.2167979
1252	1253	1	0.13044076
1252	1253	2	0.2641455
1252	1253	3	0.34741327
1252	1253	4	0.040206343
1252	1254	0	0.029545274
1252	1254	1	0.5472941
1252	1254	2	0.16475539
1252	1254	3	0.2191288
1252	1254	4	0.037934188
1253	1254	0	0.026314674
1253	1254	1	0.34460267
1253	1254	2	0.21376503
1253	1254	3	0.3778364
1253	1254	4	0.036363754
1252	1255	0	0.16469999
1252	1255	1	0.20118949
1252	1255	2	0.42071852
1252	1255	3	0.17595412
1252	1255	4	0.037430666
1252	1256	0	0.070139036
1252	1256	1	0.058238413
1252	1256	2	0.12564729
1252	1256	3	0.71525705
1252	1256	4	0.030710433
1252	1257	0	0.041794457
1252	1257	1	0.12949914
1252	1257	2	0.050752778
1252	1257	3	0.7446017
1252	1257	4	0.033342537
1253	1255	0	0.05886673
1253	1255	1	0.31776106
1253	1255	2	0.38553613
1253	1255	3	0.206095
1253	1255	4	0.031739324
1253	1256	0	0.0334744
1253	1256	1	0.06281673
1253	1256	2	0.07124463
1253	1256	3	0.8091029
1253	1256	4	0.02335512
1253	1257	0	0.022134338
1253	1257	1	0.110002555
1253	1257	2	0.03589177
1253	1257	3	0.80769396
1253	1257	4	0.02426911
1254	1255	0	0.43124253
1254	1255	1	0.033725202
1254	1255	2	0.2912108
1254	1255	3	0.20726573
1254	1255	4	0.036557827
1254	1256	0	0.16523822
1254	1256	1	0.013547455
1254	1256	2	0.081341185
1254	1256	3	0.7087758
1254	1256	4	0.031091152
1254	1257	0	0.08601654
1254	1257	1	0.016236395
1254	1257	2	0.036036927
1254	1257	3	0.83505374
1254	1257	4	0.026649155
1255	1256	0	0.23588249
1255	1256	1	0.026908092
1255	1256	2	0.046571486
1255	1256	3	0.66602516
1255	1256	4	0.024094358
1255	1257	0	0.14382024
1255	1257	1	0.042604413
1255	1257	2	0.025028223
1255	1257	3	0.7666215
1255	1257	4	0.021512795
1256	1257	0	0.05338656
1256	1257	1	0.10306102
1256	1257	2	0.171012
1256	1257	3	0.6262949
1256	1257	4	0.045856647
1255	1258	0	0.34756202
1255	1258	1	0.18936053
1255	1258	2	0.24491556
1255	1258	3	0.18692337
1255	1258	4	0.031236617
1255	1259	0	0.015257168
1255	1259	1	0.61273015
1255	1259	2	0.042672887
1255	1259	3	0.30776235
1255	1259	4	0.021567946
1256	1258	0	0.06773337
1256	1258	1	0.15902853
1256	1258	2	0.68333167
1256	1258	3	0.058568567
1256	1258	4	0.031329088
1256	1259	0	0.010571879
1256	1259	1	0.5581654
1256	1259	2	0.22696511
1256	1259	3	0.16976401
1256	1259	4	0.034526356
1257	1258	0	0.04666769
1257	1258	1	0.051175844
1257	1258	2	0.8506386
1257	1258	3	0.021871187
1257	1258	4	0.029640518
1257	1259	0	0.0124306455
1257	1259	1	0.42446864
1257	1259	2	0.4282613
1257	1259	3	0.08858606
1257	1259	4	0.046252176
1258	1259	0	0.012157366
1258	1259	1	0.6874157
1258	1259	2	0.024236485
1258	1259	3	0.2550167
1258	1259	4	0.020277726
1258	1260	0	0.34214875
1258	1260	1	0.077196
1258	1260	2	0.13909826
1258	1260	3	0.41498047
1258	1260	4	0.02657925
1258	1261	0	0.006543656
1258	1261	1	0.9056836
1258	1261	2	0.026441278
1258	1261	3	0.05143232
1258	1261	4	0.009904381
1259	1260	0	0.74552065
1259	1260	1	0.007207383
1259	1260	2	0.15974471
1259	1260	3	0.0689205
1259	1260	4	0.018609038
1259	1261	0	0.13650554
1259	1261	1	0.22951153
1259	1261	2	0.42482144
1259	1261	3	0.1437106
1259	1261	4	0.0654531
1260	1261	0	0.030713024
1260	1261	1	0.8223384
1260	1261	2	0.058379084
1260	1261	3	0.048324175
1260	1261	4	0.03983866
1260	1262	0	0.045136333
1260	1262	1	0.46278596
1260	1262	2	0.28286302
1260	1262	3	0.17508753
1260	1262	4	0.034118548
1260	1263	0	0.03142807
1260	1263	1	0.0644769
1260	1263	2	0.056021463
1260	1263	3	0.8233748
1260	1263	4	0.024695043
1261	1262	0	0.7611144
1261	1262	1	0.033864774
1261	1262	2	0.08884586
1261	1262	3	0.0799319
1261	1262	4	0.03622499
1261	1263	0	0.5102948
1261	1263	1	0.010019827
1261	1263	2	0.04891389
1261	1263	3	0.40007016
1261	1263	4	0.03068528
1262	1263	0	0.15731826
1262	1263	1	0.025823932
1262	1263	2	0.045364916
1262	1263	3	0.74606293
1262	1263	4	0.024755727
1262	1264	0	0.15975976
1262	1264	1	0.43312207
1262	1264	2	0.14140192
1262	1264	3	0.23447609
1262	1264	4	0.031216728
1262	1265	0	0.21062154
1262	1265	1	0.37864223
1262	1265	2	0.18552116
1262	1265	3	0.19849241
1262	1265	4	0.026728155
1262	1266	0	0.18518642
1262	1266	1	0.19711232
1262	1266	2	0.1095515
1262	1266	3	0.47490054
1262	1266	4	0.033229414
1262	1267	0	0.02406448
1262	1267	1	0.74943936
1262	1267	2	0.051172886
1262	1267	3	0.15433432
1262	1267	4	0.020994375
1262	1268	0	0.58364165
1262	1268	1	0.08996268
1262	1268	2	0.09619875
1262	1268	3	0.19078687
1262	1268	4	0.039438967
1263	1264	0	0.06854536
1263	1264	1	0.10188648
1263	1264	2	0.71169746
1263	1264	3	0.073348634
1263	1264	4	0.044516288
1263	1265	0	0.061341368
1263	1265	1	0.07780784
1263	1265	2	0.7829958
1263	1265	3	0.045225743
1263	1265	4	0.032640073
1263	1266	0	0.07835844
1263	1266	1	0.064340964
1263	1266	2	0.658805
1263	1266	3	0.14231409
1263	1266	4	0.05617793
1263	1267	0	0.022871474
1263	1267	1	0.3298605
1263	1267	2	0.49256045
1263	1267	3	0.09861628
1263	1267	4	0.056076188
1263	1268	0	0.23112884
1263	1268	1	0.053935524
1263	1268	2	0.6040766
1263	1268	3	0.06120194
1263	1268	4	0.0496434
1264	1265	0	0.18255219
1264	1265	1	0.23663335
1264	1265	2	0.4520713
1264	1265	3	0.09327987
1264	1265	4	0.034748297
1264	1266	0	0.21996696
1264	1266	1	0.15194763
1264	1266	2	0.35730135
1264	1266	3	0.21928869
1264	1266	4	0.050850604
1264	1267	0	0.028442705
1264	1267	1	0.7249443
1264	1267	2	0.13502549
1264	1267	3	0.07954951
1264	1267	4	0.031020056
1264	1268	0	0.55492496
1264	1268	1	0.068834685
1264	1268	2	0.26829618
1264	1268	3	0.06683179
1264	1268	4	0.040208828
1265	1266	0	0.28935504
1265	1266	1	0.23837364
1265	1266	2	0.107849345
1265	1266	3	0.30157742
1265	1266	4	0.061997756
1265	1267	0	0.027152808
1265	1267	1	0.8377167
1265	1267	2	0.03541645
1265	1267	3	0.07212992
1265	1267	4	0.026444951
1265	1268	0	0.6935772
1265	1268	1	0.11978825
1265	1268	2	0.07135997
1265	1268	3	0.08032968
1265	1268	4	0.03367486
1266	1267	0	0.018271867
1266	1267	1	0.7979005
1266	1267	2	0.07866102
1266	1267	3	0.07033305
1266	1267	4	0.033972964
1266	1268	0	0.81012434
1266	1268	1	0.038237385
1266	1268	2	0.06929095
1266	1268	3	0.053858846
1266	1268	4	0.027293278
1267	1268	0	0.9334641
1267	1268	1	0.0075347596
1267	1268	2	0.019181902
1267	1268	3	0.026358731
1267	1268	4	0.012658492
1264	1269	0	0.2092856
1264	1269	1	0.15405677
1264	1269	2	0.55855215
1264	1269	3	0.051910315
1264	1269	4	0.026176423
1264	1270	0	0.07280521
1264	1270	1	0.23920399
1264	1270	2	0.5000265
1264	1270	3	0.14627528
1264	1270	4	0.041672546
1264	1271	0	0.019058373
1264	1271	1	0.66068596
1264	1271	2	0.11720142
1264	1271	3	0.17299837
1264	1271	4	0.030036846
1265	1269	0	0.32796884
1265	1269	1	0.3758353
1265	1269	2	0.18469448
1265	1269	3	0.07650148
1265	1269	4	0.034964006
1265	1270	0	0.08495187
1265	1270	1	0.5726271
1265	1270	2	0.1436873
1265	1270	3	0.14871682
1265	1270	4	0.05001041
1265	1271	0	0.012413535
1265	1271	1	0.8293082
1265	1271	2	0.029786658
1265	1271	3	0.10684008
1265	1271	4	0.021681875
1266	1269	0	0.38019133
1266	1269	1	0.15559469
1266	1269	2	0.34082013
1266	1269	3	0.081337646
1266	1269	4	0.04203658
1266	1270	0	0.11482311
1266	1270	1	0.32077622
1266	1270	2	0.28908652
1266	1270	3	0.21195057
1266	1270	4	0.063344486
1266	1271	0	0.015331038
1266	1271	1	0.6792586
1266	1271	2	0.08116636
1266	1271	3	0.19060096
1266	1271	4	0.03361814
1267	1269	0	0.8947111
1267	1269	1	0.009928465
1267	1269	2	0.058428813
1267	1269	3	0.027028246
1267	1269	4	0.0098802075
1267	1270	0	0.6775766
1267	1270	1	0.027888887
1267	1270	2	0.12795334
1267	1270	3	0.13889013
1267	1270	4	0.027666187
1267	1271	0	0.20854847
1267	1271	1	0.14949147
1267	1271	2	0.10006416
1267	1271	3	0.4964898
1267	1271	4	0.045387782
1268	1269	0	0.2908901
1268	1269	1	0.34806648
1268	1269	2	0.234508
1268	1269	3	0.0866527
1268	1269	4	0.03985532
1268	1270	0	0.06474391
1268	1270	1	0.58916485
1268	1270	2	0.13498816
1268	1270	3	0.16344951
1268	1270	4	0.04762661
1268	1271	0	0.009050676
1268	1271	1	0.8435775
1268	1271	2	0.033494096
1268	1271	3	0.096397646
1268	1271	4	0.017456353
1269	1270	0	0.081195205
1269	1270	1	0.41068643
1269	1270	2	0.12493258
1269	1270	3	0.32113343
1269	1270	4	0.06188443
1269	1271	0	0.029233856
1269	1271	1	0.83527243
1269	1271	2	0.021608075
1269	1271	3	0.076093234
1269	1271	4	0.03774456
1270	1271	0	0.033278737
1270	1271	1	0.7409257
1270	1271	2	0.036007494
1270	1271	3	0.14736703
1270	1271	4	0.042330407
1269	1272	0	0.0116278585
1269	1272	1	0.82934195
1269	1272	2	0.03271629
1269	1272	3	0.103407525
1269	1272	4	0.023072604
1269	1273	0	0.048289027
1269	1273	1	0.7087299
1269	1273	2	0.14000134
1269	1273	3	0.060774934
1269	1273	4	0.042278912
1270	1272	0	0.030267557
1270	1272	1	0.65699655
1270	1272	2	0.05545112
1270	1272	3	0.21621701
1270	1272	4	0.041152768
1270	1273	0	0.123181246
1270	1273	1	0.53352314
1270	1273	2	0.23888645
1270	1273	3	0.07651092
1270	1273	4	0.028095324
1271	1272	0	0.15879613
1271	1272	1	0.1128404
1271	1272	2	0.34549093
1271	1272	3	0.3168222
1271	1272	4	0.06612117
1271	1273	0	0.43683955
1271	1273	1	0.045703914
1271	1273	2	0.4525908
1271	1273	3	0.035637237
1271	1273	4	0.02931992
1272	1273	0	0.5999942
1272	1273	1	0.06918284
1272	1273	2	0.26991165
1272	1273	3	0.022341823
1272	1273	4	0.03889053
1272	1274	0	0.2638604
1272	1274	1	0.11663012
1272	1274	2	0.3028856
1272	1274	3	0.26381308
1272	1274	4	0.052797444
1272	1275	0	0.11853987
1272	1275	1	0.40445325
1272	1275	2	0.23203251
1272	1275	3	0.19930407
1272	1275	4	0.045667004
1272	1276	0	0.088935114
1272	1276	1	0.42263168
1272	1276	2	0.27415338
1272	1276	3	0.16304073
1272	1276	4	0.05124941
1272	1277	0	0.8695959
1272	1277	1	0.00804609
1272	1277	2	0.031764887
1272	1277	3	0.07518246
1272	1277	4	0.015504512
1272	1278	0	0.92312825
1272	1278	1	0.0041785613
1272	1278	2	0.02348842
1272	1278	3	0.03939074
1272	1278	4	0.009959021
1273	1274	0	0.060591597
1273	1274	1	0.26931706
1273	1274	2	0.062149998
1273	1274	3	0.58352995
1273	1274	4	0.024399374
1273	1275	0	0.030558003
1273	1275	1	0.57167614
1273	1275	2	0.046465706
1273	1275	3	0.3256712
1273	1275	4	0.025623249
1273	1276	0	0.03534871
1273	1276	1	0.60927117
1273	1276	2	0.054450616
1273	1276	3	0.26624244
1273	1276	4	0.034682486
1273	1277	0	0.59157556
1273	1277	1	0.022187874
1273	1277	2	0.018794637
1273	1277	3	0.34981397
1273	1277	4	0.017685471
1273	1278	0	0.802344
1273	1278	1	0.018376341
1273	1278	2	0.019663392
1273	1278	3	0.14334033
1273	1278	4	0.016318442
1274	1275	0	0.01719372
1274	1275	1	0.6542734
1274	1275	2	0.095111124
1274	1275	3	0.2010971
1274	1275	4	0.0323249
1274	1276	0	0.02013708
1274	1276	1	0.62961346
1274	1276	2	0.10387969
1274	1276	3	0.20998076
1274	1276	4	0.03625849
1274	1277	0	0.66784966
1274	1277	1	0.025310569
1274	1277	2	0.039529145
1274	1277	3	0.23850578
1274	1277	4	0.0287515
1274	1278	0	0.850646
1274	1278	1	0.0125061525
1274	1278	2	0.029379526
1274	1278	3	0.09043017
1274	1278	4	0.016767686
1275	1276	0	0.07705709
1275	1276	1	0.35414773
1275	1276	2	0.29500258
1275	1276	3	0.22140764
1275	1276	4	0.052426416
1275	1277	0	0.8634621
1275	1277	1	0.0077301725
1275	1277	2	0.037957333
1275	1277	3	0.07222862
1275	1277	4	0.018472888
1275	1278	0	0.9039202
1275	1278	1	0.0061814007
1275	1278	2	0.03559859
1275	1278	3	0.0398739
1275	1278	4	0.013931573
1276	1277	0	0.9219539
1276	1277	1	0.005893079
1276	1277	2	0.025026634
1276	1277	3	0.034645192
1276	1277	4	0.012198929
1276	1278	0	0.93451387
1276	1278	1	0.005062738
1276	1278	2	0.020929065
1276	1278	3	0.02821982
1276	1278	4	0.010745788
1277	1278	0	0.26210362
1277	1278	1	0.10837669
1277	1278	2	0.2824165
1277	1278	3	0.27080455
1277	1278	4	0.076331265
1274	1279	0	0.20965087
1274	1279	1	0.3105074
1274	1279	2	0.24666458
1274	1279	3	0.19565357
1274	1279	4	0.037518777
1274	1280	0	0.033814784
1274	1280	1	0.68230855
1274	1280	2	0.18603885
1274	1280	3	0.069669545
1274	1280	4	0.0281566
1274	1281	0	0.024494555
1274	1281	1	0.70752496
1274	1281	2	0.19218722
1274	1281	3	0.054719437
1274	1281	4	0.02107054
1275	1279	0	0.38343063
1275	1279	1	0.06972588
1275	1279	2	0.4284674
1275	1279	3	0.078992695
1275	1279	4	0.039373174
1275	1280	0	0.11876681
1275	1280	1	0.23056091
1275	1280	2	0.55223656
1275	1280	3	0.057238147
1275	1280	4	0.04118882
1275	1281	0	0.09608165
1275	1281	1	0.23382325
1275	1281	2	0.59205616
1275	1281	3	0.043943845
1275	1281	4	0.034088835
1276	1279	0	0.58714426
1276	1279	1	0.04302866
1276	1279	2	0.2704187
1276	1279	3	0.06693813
1276	1279	4	0.03246463
1276	1280	0	0.26946732
1276	1280	1	0.1854743
1276	1280	2	0.4479168
1276	1280	3	0.050662477
1276	1280	4	0.04647142
1276	1281	0	0.24254301
1276	1281	1	0.17877352
1276	1281	2	0.5052203
1276	1281	3	0.03925502
1276	1281	4	0.034197684
1277	1279	0	0.015456384
1277	1279	1	0.49590513
1277	1279	2	0.41067162
1277	1279	3	0.04658471
1277	1279	4	0.031377897
1277	1280	0	0.007814304
1277	1280	1	0.7448008
1277	1280	2	0.20225604
1277	1280	3	0.021900533
1277	1280	4	0.02322113
1277	1281	0	0.0058618695
1277	1281	1	0.7443353
1277	1281	2	0.2103448
1277	1281	3	0.019217687
1277	1281	4	0.020224435
1278	1279	0	0.010339459
1278	1279	1	0.64219046
1278	1279	2	0.277761
1278	1279	3	0.04138421
1278	1279	4	0.028327152
1278	1280	0	0.0060205706
1278	1280	1	0.778302
1278	1280	2	0.16995259
1278	1280	3	0.021288624
1278	1280	4	0.024430634
1278	1281	0	0.0056181797
1278	1281	1	0.74018806
1278	1281	2	0.21060885
1278	1281	3	0.02028122
1278	1281	4	0.02329238
1279	1280	0	0.022544889
1279	1280	1	0.7814774
1279	1280	2	0.113538384
1279	1280	3	0.061107583
1279	1280	4	0.021466484
1279	1281	0	0.017377427
1279	1281	1	0.7769134
1279	1281	2	0.12465278
1279	1281	3	0.06029344
1279	1281	4	0.020928098
1280	1281	0	0.18853623
1280	1281	1	0.47602436
1280	1281	2	0.16207954
1280	1281	3	0.14325736
1280	1281	4	0.030183958
1282	1283	0	0.15822507
1282	1283	1	0.44251558
1282	1283	2	0.1721667
1282	1283	3	0.1735901
1282	1283	4	0.053657316
1282	1284	0	0.04392931
1282	1284	1	0.5378934
1282	1284	2	0.21645498
1282	1284	3	0.1545092
1282	1284	4	0.04737979
1282	1285	0	0.72438407
1282	1285	1	0.081796475
1282	1285	2	0.092096135
1282	1285	3	0.06971133
1282	1285	4	0.032214187
1283	1284	0	0.048146773
1283	1284	1	0.69104725
1283	1284	2	0.1028694
1283	1284	3	0.12727015
1283	1284	4	0.030860852
1283	1285	0	0.8396775
1283	1285	1	0.050183203
1283	1285	2	0.042647865
1283	1285	3	0.04935139
1283	1285	4	0.018279202
1284	1285	0	0.93875974
1284	1285	1	0.010929471
1284	1285	2	0.015957687
1284	1285	3	0.023679689
1284	1285	4	0.010832651
1282	1286	0	0.043333627
1282	1286	1	0.5525236
1282	1286	2	0.2612257
1282	1286	3	0.10265464
1282	1286	4	0.040239345
1282	1287	0	0.014497512
1282	1287	1	0.76354504
1282	1287	2	0.10799337
1282	1287	3	0.086974636
1282	1287	4	0.026965803
1282	1288	0	0.014921569
1282	1288	1	0.7765132
1282	1288	2	0.14534958
1282	1288	3	0.039547242
1282	1288	4	0.023644779
1282	1289	0	0.0110562835
1282	1289	1	0.7615839
1282	1289	2	0.12592547
1282	1289	3	0.07737807
1282	1289	4	0.024040878
1283	1286	0	0.060468204
1283	1286	1	0.62446374
1283	1286	2	0.18629305
1283	1286	3	0.08686703
1283	1286	4	0.041873287
1283	1287	0	0.018894782
1283	1287	1	0.80713964
1283	1287	2	0.06638796
1283	1287	3	0.087247886
1283	1287	4	0.020300906
1283	1288	0	0.014607881
1283	1288	1	0.8354857
1283	1288	2	0.099978805
1283	1288	3	0.028951816
1283	1288	4	0.020960415
1283	1289	0	0.011984991
1283	1289	1	0.8319237
1283	1289	2	0.08324067
1283	1289	3	0.055446357
1283	1289	4	0.01738371
1284	1286	0	0.5500336
1284	1286	1	0.12501876
1284	1286	2	0.14588359
1284	1286	3	0.13986136
1284	1286	4	0.039182942
1284	1287	0	0.12848665
1284	1287	1	0.4850864
1284	1287	2	0.11367314
1284	1287	3	0.23339967
1284	1287	4	0.039334316
1284	1288	0	0.06998595
1284	1288	1	0.7202408
1284	1288	2	0.12421731
1284	1288	3	0.05658067
1284	1288	4	0.028947959
1284	1289	0	0.048528716
1284	1289	1	0.67152494
1284	1289	2	0.11719184
1284	1289	3	0.13521501
1284	1289	4	0.027513493
1285	1286	0	0.055059332
1285	1286	1	0.7504175
1285	1286	2	0.08986412
1285	1286	3	0.057267807
1285	1286	4	0.04738256
1285	1287	0	0.008855385
1285	1287	1	0.9238781
1285	1287	2	0.024471065
1285	1287	3	0.030897425
1285	1287	4	0.01189465
1285	1288	0	0.013535161
1285	1288	1	0.9134877
1285	1288	2	0.03752636
1285	1288	3	0.018728664
1285	1288	4	0.01669349
1285	1289	0	0.0062627504
1285	1289	1	0.93835783
1285	1289	2	0.02590562
1285	1289	3	0.02008399
1285	1289	4	0.009366678
1286	1287	0	0.01963681
1286	1287	1	0.74986184
1286	1287	2	0.0797125
1286	1287	3	0.12766273
1286	1287	4	0.023202483
1286	1288	0	0.0126057705
1286	1288	1	0.8552956
1286	1288	2	0.085208245
1286	1288	3	0.029770155
1286	1288	4	0.01728402
1286	1289	0	0.008903
1286	1289	1	0.82325286
1286	1289	2	0.08572314
1286	1289	3	0.0648812
1286	1289	4	0.017388519
1287	1288	0	0.20279507
1287	1288	1	0.46928442
1287	1288	2	0.22778723
1287	1288	3	0.05611994
1287	1288	4	0.044009782
1287	1289	0	0.091250196
1287	1289	1	0.55602527
1287	1289	2	0.20775156
1287	1289	3	0.104994856
1287	1289	4	0.040116183
1288	1289	0	0.030490551
1288	1289	1	0.80259657
1288	1289	2	0.0745115
1288	1289	3	0.07058939
1288	1289	4	0.021915777
1286	1290	0	0.029501546
1286	1290	1	0.5977704
1286	1290	2	0.11484292
1286	1290	3	0.21409796
1286	1290	4	0.043805957
1286	1291	0	0.024481695
1286	1291	1	0.514499
1286	1291	2	0.07257406
1286	1291	3	0.35080612
1286	1291	4	0.037655573
1286	1292	0	0.11113833
1286	1292	1	0.2856157
1286	1292	2	0.427146
1286	1292	3	0.13899882
1286	1292	4	0.037081316
1287	1290	0	0.06214276
1287	1290	1	0.34026656
1287	1290	2	0.20101477
1287	1290	3	0.3560346
1287	1290	4	0.040544868
1287	1291	0	0.15020421
1287	1291	1	0.23323439
1287	1291	2	0.10495085
1287	1291	3	0.46872962
1287	1291	4	0.042863835
1287	1292	0	0.71765494
1287	1292	1	0.021163845
1287	1292	2	0.18125899
1287	1292	3	0.056304753
1287	1292	4	0.023596795
1288	1290	0	0.045984242
1288	1290	1	0.38366875
1288	1290	2	0.110681914
1288	1290	3	0.4178833
1288	1290	4	0.041780367
1288	1291	0	0.11972417
1288	1291	1	0.20595951
1288	1291	2	0.047420304
1288	1291	3	0.5979684
1288	1291	4	0.028910382
1288	1292	0	0.78428733
1288	1292	1	0.024224129
1288	1292	2	0.09696091
1288	1292	3	0.078125425
1288	1292	4	0.016377563
1289	1290	0	0.06366096
1289	1290	1	0.26328155
1289	1290	2	0.17969057
1289	1290	3	0.45304886
1289	1290	4	0.040303793
1289	1291	0	0.15540022
1289	1291	1	0.10939613
1289	1291	2	0.069882944
1289	1291	3	0.63132834
1289	1291	4	0.033979323
1289	1292	0	0.7807699
1289	1292	1	0.015707117
1289	1292	2	0.12169976
1289	1292	3	0.06356646
1289	1292	4	0.018233296
1290	1291	0	0.4259152
1290	1291	1	0.05322266
1290	1291	2	0.112988725
1290	1291	3	0.36131287
1290	1291	4	0.04622686
1290	1292	0	0.6040554
1290	1292	1	0.01618625
1290	1292	2	0.27652463
1290	1292	3	0.0710735
1290	1292	4	0.031647474
1291	1292	0	0.21498987
1291	1292	1	0.025638584
1291	1292	2	0.69585955
1291	1292	3	0.030618941
1291	1292	4	0.03243662
1290	1293	0	0.6388205
1290	1293	1	0.05295184
1290	1293	2	0.21519884
1290	1293	3	0.064245544
1290	1293	4	0.028785184
1291	1293	0	0.15910913
1291	1293	1	0.082103804
1291	1293	2	0.6982606
1291	1293	3	0.021861278
1291	1293	4	0.03866641
1292	1293	0	0.042367294
1292	1293	1	0.6710489
1292	1293	2	0.17237604
1292	1293	3	0.088162504
1292	1293	4	0.026044546
1294	1295	0	0.19360809
1294	1295	1	0.021282619
1294	1295	2	0.031780124
1294	1295	3	0.7330199
1294	1295	4	0.019601353
1294	1296	0	0.042783014
1294	1296	1	0.7751247
1294	1296	2	0.034892607
1294	1296	3	0.11637763
1294	1296	4	0.029179096
1294	1297	0	0.046088956
1294	1297	1	0.6336006
1294	1297	2	0.048401017
1294	1297	3	0.23923774
1294	1297	4	0.031308033
1295	1296	0	0.021732358
1295	1296	1	0.7198315
1295	1296	2	0.16084424
1295	1296	3	0.05940363
1295	1296	4	0.036710147
1295	1297	0	0.019650249
1295	1297	1	0.6265079
1295	1297	2	0.22595383
1295	1297	3	0.084393896
1295	1297	4	0.04200872
1296	1297	0	0.17540362
1296	1297	1	0.47299153
1296	1297	2	0.12924343
1296	1297	3	0.16535228
1296	1297	4	0.05572116
1294	1298	0	0.7171657
1294	1298	1	0.07222993
1294	1298	2	0.04675501
1294	1298	3	0.14729255
1294	1298	4	0.016579144
1294	1299	0	0.91212946
1294	1299	1	0.011835772
1294	1299	2	0.015410139
1294	1299	3	0.053808562
1294	1299	4	0.00686068
1294	1300	0	0.8422942
1294	1300	1	0.009890574
1294	1300	2	0.015097051
1294	1300	3	0.12066989
1294	1300	4	0.012096238
1295	1298	0	0.21970423
1295	1298	1	0.17510088
1295	1298	2	0.46573955
1295	1298	3	0.09534271
1295	1298	4	0.044106584
1295	1299	0	0.61155856
1295	1299	1	0.06049509
1295	1299	2	0.22449243
1295	1299	3	0.07625081
1295	1299	4	0.027218986
1295	1300	0	0.6230551
1295	1300	1	0.033033542
1295	1300	2	0.17127284
1295	1300	3	0.1365124
1295	1300	4	0.036131423
1296	1298	0	0.8839698
1296	1298	1	0.019224472
1296	1298	2	0.038844455
1296	1298	3	0.042592883
1296	1298	4	0.0153648285
1296	1299	0	0.9492723
1296	1299	1	0.0057130624
1296	1299	2	0.017534684
1296	1299	3	0.019983435
1296	1299	4	0.0075395433
1296	1300	0	0.9377693
1296	1300	1	0.0046753744
1296	1300	2	0.01439616
1296	1300	3	0.03278331
1296	1300	4	0.010446521
1297	1298	0	0.8399992
1297	1298	1	0.020048998
1297	1298	2	0.07379314
1297	1298	3	0.05054373
1297	1298	4	0.01558949
1297	1299	0	0.93438184
1297	1299	1	0.0057922574
1297	1299	2	0.026298875
1297	1299	3	0.025358533
1297	1299	4	0.008190265
1297	1300	0	0.9281936
1297	1300	1	0.0040050573
1297	1300	2	0.021134846
1297	1300	3	0.035749402
1297	1300	4	0.010972702
1298	1299	0	0.69154
1298	1299	1	0.10728116
1298	1299	2	0.07953926
1298	1299	3	0.09376942
1298	1299	4	0.027841445
1298	1300	0	0.69761854
1298	1300	1	0.055003747
1298	1300	2	0.048199777
1298	1300	3	0.16958854
1298	1300	4	0.029565401
1299	1300	0	0.31928515
1299	1300	1	0.29079616
1299	1300	2	0.103241585
1299	1300	3	0.23848248
1299	1300	4	0.048171483
1298	1301	0	0.109652705
1298	1301	1	0.07474367
1298	1301	2	0.054061428
1298	1301	3	0.7343581
1298	1301	4	0.027231917
1298	1302	0	0.076965906
1298	1302	1	0.4489786
1298	1302	2	0.08182912
1298	1302	3	0.35702434
1298	1302	4	0.035216354
1298	1303	0	0.07210591
1298	1303	1	0.72254187
1298	1303	2	0.079638764
1298	1303	3	0.09915342
1298	1303	4	0.026565218
1298	1304	0	0.03209258
1298	1304	1	0.86189055
1298	1304	2	0.04993858
1298	1304	3	0.043193325
1298	1304	4	0.012995507
1298	1305	0	0.014850462
1298	1305	1	0.89109546
1298	1305	2	0.027990613
1298	1305	3	0.053093586
1298	1305	4	0.013073166
1298	1306	0	0.021582002
1298	1306	1	0.86332095
1298	1306	2	0.038372535
1298	1306	3	0.06225295
1298	1306	4	0.014533403
1299	1301	0	0.05507663
1299	1301	1	0.24826843
1299	1301	2	0.09013021
1299	1301	3	0.56665754
1299	1301	4	0.03986609
1299	1302	0	0.027110346
1299	1302	1	0.65367323
1299	1302	2	0.07827082
1299	1302	3	0.20694166
1299	1302	4	0.034010928
1299	1303	0	0.015046795
1299	1303	1	0.8616741
1299	1303	2	0.061917447
1299	1303	3	0.04261233
1299	1303	4	0.018803116
1299	1304	0	0.00914744
1299	1304	1	0.9169413
1299	1304	2	0.039752197
1299	1304	3	0.023557894
1299	1304	4	0.010694395
1299	1305	0	0.0048107943
1299	1305	1	0.9398264
1299	1305	2	0.02254117
1299	1305	3	0.022984883
1299	1305	4	0.009943604
1299	1306	0	0.0053752204
1299	1306	1	0.93058807
1299	1306	2	0.030648183
1299	1306	3	0.023390349
1299	1306	4	0.010092552
1300	1301	0	0.04366577
1300	1301	1	0.21030022
1300	1301	2	0.19828062
1300	1301	3	0.504735
1300	1301	4	0.04301293
1300	1302	0	0.024432128
1300	1302	1	0.5364487
1300	1302	2	0.1724634
1300	1302	3	0.22571084
1300	1302	4	0.04093116
1300	1303	0	0.014719351
1300	1303	1	0.7305437
1300	1303	2	0.18217108
1300	1303	3	0.045858715
1300	1303	4	0.026716774
1300	1304	0	0.01090514
1300	1304	1	0.80702764
1300	1304	2	0.13801052
1300	1304	3	0.0266336
1300	1304	4	0.017455066
1300	1305	0	0.00516124
1300	1305	1	0.887772
1300	1305	2	0.06804938
1300	1305	3	0.024288427
1300	1305	4	0.014811194
1300	1306	0	0.0071790353
1300	1306	1	0.8262902
1300	1306	2	0.12056982
1300	1306	3	0.029693317
1300	1306	4	0.016337546
1301	1302	0	0.046492554
1301	1302	1	0.08381447
1301	1302	2	0.42422178
1301	1302	3	0.39647758
1301	1302	4	0.048590306
1301	1303	0	0.05244772
1301	1303	1	0.30660397
1301	1303	2	0.4739557
1301	1303	3	0.123124406
1301	1303	4	0.043337174
1301	1304	0	0.024334349
1301	1304	1	0.5186773
1301	1304	2	0.36198962
1301	1304	3	0.06428618
1301	1304	4	0.030041933
1301	1305	0	0.013325039
1301	1305	1	0.6844139
1301	1305	2	0.1956254
1301	1305	3	0.07545342
1301	1305	4	0.03054697
1301	1306	0	0.01495827
1301	1306	1	0.5814732
1301	1306	2	0.29903495
1301	1306	3	0.07255744
1301	1306	4	0.031266745
1302	1303	0	0.27248308
1302	1303	1	0.09020092
1302	1303	2	0.484971
1302	1303	3	0.09880483
1302	1303	4	0.052959867
1302	1304	0	0.16462108
1302	1304	1	0.24495167
1302	1304	2	0.47437167
1302	1304	3	0.06555524
1302	1304	4	0.04995714
1302	1305	0	0.06438662
1302	1305	1	0.5546909
1302	1305	2	0.23371397
1302	1305	3	0.09558068
1302	1305	4	0.05082909
1302	1306	0	0.08136018
1302	1306	1	0.3997977
1302	1306	2	0.3976316
1302	1306	3	0.070259355
1302	1306	4	0.05027546
1303	1304	0	0.030324258
1303	1304	1	0.80831665
1303	1304	2	0.078293435
1303	1304	3	0.062458113
1303	1304	4	0.019642258
1303	1305	0	0.010514239
1303	1305	1	0.88988775
1303	1305	2	0.030304076
1303	1305	3	0.050393984
1303	1305	4	0.017746205
1303	1306	0	0.012326635
1303	1306	1	0.8846022
1303	1306	2	0.04139545
1303	1306	3	0.04409755
1303	1306	4	0.016556222
1304	1305	0	0.024059111
1304	1305	1	0.8321664
1304	1305	2	0.037085485
1304	1305	3	0.078281075
1304	1305	4	0.027584348
1304	1306	0	0.030333515
1304	1306	1	0.82364506
1304	1306	2	0.055075303
1304	1306	3	0.06211221
1304	1306	4	0.027884625
1305	1306	0	0.45290807
1305	1306	1	0.22041625
1305	1306	2	0.16817713
1305	1306	3	0.10976308
1305	1306	4	0.04803719
1307	1308	0	0.018698325
1307	1308	1	0.80072445
1307	1308	2	0.09153614
1307	1308	3	0.06539987
1307	1308	4	0.023640756
1307	1309	0	0.16434106
1307	1309	1	0.12917642
1307	1309	2	0.625683
1307	1309	3	0.048726287
1307	1309	4	0.0320727
1308	1309	0	0.7452604
1308	1309	1	0.03005737
1308	1309	2	0.16445658
1308	1309	3	0.033079118
1308	1309	4	0.02714616
1307	1310	0	0.19610585
1307	1310	1	0.12025768
1307	1310	2	0.6095383
1307	1310	3	0.046112254
1307	1310	4	0.027985856
1308	1310	0	0.79679215
1308	1310	1	0.02652022
1308	1310	2	0.12078979
1308	1310	3	0.032598674
1308	1310	4	0.023299139
1309	1310	0	0.30816394
1309	1310	1	0.25419688
1309	1310	2	0.25464162
1309	1310	3	0.15177307
1309	1310	4	0.031224426
1310	1311	0	0.24148268
1310	1311	1	0.33008054
1310	1311	2	0.0800388
1310	1311	3	0.31883472
1310	1311	4	0.02956311
1311	1312	0	0.009998414
1311	1312	1	0.8850495
1311	1312	2	0.04000115
1311	1312	3	0.045151737
1311	1312	4	0.019799236
1312	1313	0	0.9401175
1312	1313	1	0.007914584
1312	1313	2	0.017601885
1312	1313	3	0.02567079
1312	1313	4	0.008695173
1313	1314	0	0.054288913
1313	1314	1	0.78245133
1313	1314	2	0.077235974
1313	1314	3	0.053915683
1313	1314	4	0.032108884
1314	1315	0	0.37333715
1314	1315	1	0.23716407
1314	1315	2	0.2322944
1314	1315	3	0.113292575
1314	1315	4	0.04391192
1314	1316	0	0.14706519
1314	1316	1	0.44035938
1314	1316	2	0.24967614
1314	1316	3	0.12808445
1314	1316	4	0.03481531
1315	1316	0	0.03441998
1315	1316	1	0.7113807
1315	1316	2	0.14769295
1315	1316	3	0.07675599
1315	1316	4	0.029974626
1315	1317	0	0.033497628
1315	1317	1	0.59842783
1315	1317	2	0.25086197
1315	1317	3	0.08138178
1315	1317	4	0.035843708
1315	1318	0	0.005707815
1315	1318	1	0.87835294
1315	1318	2	0.04799471
1315	1318	3	0.050054494
1315	1318	4	0.017892264
1315	1319	0	0.03632751
1315	1319	1	0.7999774
1315	1319	2	0.059718654
1315	1319	3	0.06371892
1315	1319	4	0.040263016
1316	1317	0	0.22275192
1316	1317	1	0.12044861
1316	1317	2	0.43036413
1316	1317	3	0.18132497
1316	1317	4	0.045109835
1316	1318	0	0.0195736
1316	1318	1	0.6968188
1316	1318	2	0.10594293
1316	1318	3	0.14884743
1316	1318	4	0.028817205
1316	1319	0	0.076180354
1316	1319	1	0.65474266
1316	1319	2	0.07703381
1316	1319	3	0.16562448
1316	1319	4	0.026419396
1317	1318	0	0.012360942
1317	1318	1	0.80409634
1317	1318	2	0.029391058
1317	1318	3	0.13490172
1317	1318	4	0.018184002
1317	1319	0	0.05130818
1317	1319	1	0.6973833
1317	1319	2	0.02558346
1317	1319	3	0.20183013
1317	1319	4	0.02293643
1318	1319	0	0.6447229
1318	1319	1	0.09902733
1318	1319	2	0.050142236
1318	1319	3	0.17051066
1318	1319	4	0.034519784
1317	1320	0	0.08306495
1317	1320	1	0.63160235
1317	1320	2	0.10407147
1317	1320	3	0.123741485
1317	1320	4	0.05752025
1317	1321	0	0.073746696
1317	1321	1	0.65282065
1317	1321	2	0.06929948
1317	1321	3	0.15663336
1317	1321	4	0.047496215
1318	1320	0	0.54259455
1318	1320	1	0.15210818
1318	1320	2	0.17166471
1318	1320	3	0.085092805
1318	1320	4	0.04851935
1318	1321	0	0.56279665
1318	1321	1	0.14644441
1318	1321	2	0.13395056
1318	1321	3	0.10359992
1318	1321	4	0.053184424
1319	1320	0	0.24015395
1319	1320	1	0.46595827
1319	1320	2	0.20950913
1319	1320	3	0.04463241
1319	1320	4	0.039732404
1319	1321	0	0.1567634
1319	1321	1	0.5388724
1319	1321	2	0.17123832
1319	1321	3	0.07403606
1319	1321	4	0.059083838
1320	1321	0	0.1946359
1320	1321	1	0.6552548
1320	1321	2	0.037300833
1320	1321	3	0.08828738
1320	1321	4	0.024728645
1320	1322	0	0.34227863
1320	1322	1	0.46770066
1320	1322	2	0.05391019
1320	1322	3	0.10938898
1320	1322	4	0.026725464
1320	1323	0	0.80478173
1320	1323	1	0.026972968
1320	1323	2	0.033899415
1320	1323	3	0.10738702
1320	1323	4	0.026950847
1320	1324	0	0.11129108
1320	1324	1	0.74131346
1320	1324	2	0.048676975
1320	1324	3	0.06509978
1320	1324	4	0.033606827
1320	1325	0	0.06589979
1320	1325	1	0.7460115
1320	1325	2	0.062135804
1320	1325	3	0.08828054
1320	1325	4	0.03766068
1321	1322	0	0.4488935
1321	1322	1	0.2810043
1321	1322	2	0.09211599
1321	1322	3	0.14568844
1321	1322	4	0.03230088
1321	1323	0	0.78206563
1321	1323	1	0.025960822
1321	1323	2	0.04311332
1321	1323	3	0.12163519
1321	1323	4	0.027225977
1321	1324	0	0.114614144
1321	1324	1	0.69982827
1321	1324	2	0.07269353
1321	1324	3	0.07143942
1321	1324	4	0.041414402
1321	1325	0	0.07525018
1321	1325	1	0.6924399
1321	1325	2	0.083091706
1321	1325	3	0.10406997
1321	1325	4	0.045138147
1322	1323	0	0.68285465
1322	1323	1	0.021334622
1322	1323	2	0.048683852
1322	1323	3	0.22745302
1322	1323	4	0.019858569
1322	1324	0	0.06443015
1322	1324	1	0.8133128
1322	1324	2	0.054781463
1322	1324	3	0.050063904
1322	1324	4	0.017642163
1322	1325	0	0.038705092
1322	1325	1	0.7784979
1322	1325	2	0.0750547
1322	1325	3	0.08608513
1322	1325	4	0.021927401
1323	1324	0	0.012270309
1323	1324	1	0.85591984
1323	1324	2	0.08185249
1323	1324	3	0.02881052
1323	1324	4	0.021385383
1323	1325	0	0.008943736
1323	1325	1	0.82364213
1323	1325	2	0.10186839
1323	1325	3	0.04258713
1323	1325	4	0.023191864
1324	1325	0	0.041319583
1324	1325	1	0.7910264
1324	1325	2	0.05737487
1324	1325	3	0.08443458
1324	1325	4	0.026073767
1326	1327	0	0.04980432
1326	1327	1	0.3050102
1326	1327	2	0.37976983
1326	1327	3	0.21338646
1326	1327	4	0.05202494
1326	1328	0	0.033316392
1326	1328	1	0.2956994
1326	1328	2	0.30454758
1326	1328	3	0.31143528
1326	1328	4	0.055001467
1326	1329	0	0.010480105
1326	1329	1	0.733463
1326	1329	2	0.14135331
1326	1329	3	0.08397324
1326	1329	4	0.030730505
1327	1328	0	0.06875278
1327	1328	1	0.10514287
1327	1328	2	0.23493642
1327	1328	3	0.53937685
1327	1328	4	0.05179111
1327	1329	0	0.024746422
1327	1329	1	0.43027467
1327	1329	2	0.26041785
1327	1329	3	0.23474026
1327	1329	4	0.04982094
1328	1329	0	0.034946263
1328	1329	1	0.56790763
1328	1329	2	0.23454589
1328	1329	3	0.118677825
1328	1329	4	0.043925118
1328	1330	0	0.38601014
1328	1330	1	0.11735546
1328	1330	2	0.4216299
1328	1330	3	0.045140147
1328	1330	4	0.029863948
1328	1331	0	0.07116651
1328	1331	1	0.54640436
1328	1331	2	0.23874804
1328	1331	3	0.10068127
1328	1331	4	0.042999323
1329	1330	0	0.90971845
1329	1330	1	0.011437546
1329	1330	2	0.0416151
1329	1330	3	0.027231222
1329	1330	4	0.009997558
1329	1331	0	0.515944
1329	1331	1	0.14564016
1329	1331	2	0.116611965
1329	1331	3	0.18310826
1329	1331	4	0.038696438
1330	1331	0	0.01399141
1330	1331	1	0.92633194
1330	1331	2	0.016161576
1330	1331	3	0.03440501
1330	1331	4	0.009287871
1330	1332	0	0.21710208
1330	1332	1	0.5346059
1330	1332	2	0.10192793
1330	1332	3	0.11700839
1330	1332	4	0.029355818
1331	1332	0	0.72443455
1331	1332	1	0.051050425
1331	1332	2	0.11632206
1331	1332	3	0.082957
1331	1332	4	0.025236728
1332	1333	0	0.09288289
1332	1333	1	0.05685907
1332	1333	2	0.09715831
1332	1333	3	0.71611226
1332	1333	4	0.03698753
1333	1334	0	0.0151055055
1333	1334	1	0.2516207
1333	1334	2	0.4758812
1333	1334	3	0.21290988
1333	1334	4	0.044482686
1333	1335	0	0.017384926
1333	1335	1	0.26104409
1333	1335	2	0.27729636
1333	1335	3	0.40046495
1333	1335	4	0.043809645
1334	1335	0	0.08834332
1334	1335	1	0.0795522
1334	1335	2	0.0690799
1334	1335	3	0.7377783
1334	1335	4	0.025246343
1336	1337	0	0.023073316
1336	1337	1	0.18045342
1336	1337	2	0.59700453
1336	1337	3	0.14166008
1336	1337	4	0.05780866
1336	1338	0	0.080991805
1336	1338	1	0.08037744
1336	1338	2	0.47395164
1336	1338	3	0.3161778
1336	1338	4	0.048501283
1337	1338	0	0.38408455
1337	1338	1	0.026552223
1337	1338	2	0.09921878
1337	1338	3	0.46407616
1337	1338	4	0.026068224
1336	1339	0	0.025516713
1336	1339	1	0.17278343
1336	1339	2	0.6070246
1336	1339	3	0.14576069
1336	1339	4	0.04891456
1336	1340	0	0.01205804
1336	1340	1	0.7155238
1336	1340	2	0.14472955
1336	1340	3	0.08933692
1336	1340	4	0.038351662
1337	1339	0	0.08518425
1337	1339	1	0.17977524
1337	1339	2	0.2941938
1337	1339	3	0.40684587
1337	1339	4	0.03400084
1337	1340	0	0.019407405
1337	1340	1	0.7391988
1337	1340	2	0.061971273
1337	1340	3	0.15477775
1337	1340	4	0.024644729
1338	1339	0	0.0226597
1338	1339	1	0.3330059
1338	1339	2	0.4278918
1338	1339	3	0.18057665
1338	1339	4	0.035865936
1338	1340	0	0.006880027
1338	1340	1	0.84270346
1338	1340	2	0.069995984
1338	1340	3	0.055587865
1338	1340	4	0.024832655
1339	1340	0	0.012350347
1339	1340	1	0.849904
1339	1340	2	0.03265834
1339	1340	3	0.0899583
1339	1340	4	0.015128979
1341	1342	0	0.07286207
1341	1342	1	0.30543247
1341	1342	2	0.06612413
1341	1342	3	0.53426206
1341	1342	4	0.021319259
1341	1343	0	0.08501119
1341	1343	1	0.07475853
1341	1343	2	0.064511955
1341	1343	3	0.7544371
1341	1343	4	0.021281268
1341	1344	0	0.05602108
1341	1344	1	0.37223816
1341	1344	2	0.06408234
1341	1344	3	0.4848246
1341	1344	4	0.022833774
1342	1343	0	0.141755
1342	1343	1	0.0865581
1342	1343	2	0.26533547
1342	1343	3	0.46013075
1342	1343	4	0.046220645
1342	1344	0	0.07146556
1342	1344	1	0.34747106
1342	1344	2	0.25219342
1342	1344	3	0.27670035
1342	1344	4	0.052169543
1343	1344	0	0.052119806
1343	1344	1	0.19845363
1343	1344	2	0.4975677
1343	1344	3	0.19751532
1343	1344	4	0.054343436
1345	1346	0	0.0666731
1345	1346	1	0.026175309
1345	1346	2	0.028311428
1345	1346	3	0.86426747
1345	1346	4	0.014572606
1345	1347	0	0.016721277
1345	1347	1	0.7627195
1345	1347	2	0.019255979
1345	1347	3	0.18502934
1345	1347	4	0.01627387
1345	1348	0	0.4166508
1345	1348	1	0.078783244
1345	1348	2	0.10127134
1345	1348	3	0.37339568
1345	1348	4	0.029898912
1346	1347	0	0.018909255
1346	1347	1	0.64840734
1346	1347	2	0.10616579
1346	1347	3	0.1946742
1346	1347	4	0.03184335
1346	1348	0	0.19792153
1346	1348	1	0.094996564
1346	1348	2	0.44136405
1346	1348	3	0.21097723
1346	1348	4	0.0547406
1347	1348	0	0.79983026
1347	1348	1	0.013443021
1347	1348	2	0.12831116
1347	1348	3	0.038202923
1347	1348	4	0.020212624
1349	1350	0	0.020602837
1349	1350	1	0.023595305
1349	1350	2	0.7224234
1349	1350	3	0.1804459
1349	1350	4	0.053769004
1349	1351	0	0.0421629
1349	1351	1	0.03777955
1349	1351	2	0.83970016
1349	1351	3	0.037778582
1349	1351	4	0.043704115
1349	1352	0	0.02149545
1349	1352	1	0.02691565
1349	1352	2	0.91097665
1349	1352	3	0.015880242
1349	1352	4	0.025998112
1349	1353	0	0.01705566
1349	1353	1	0.0642281
1349	1353	2	0.8348699
1349	1353	3	0.049471498
1349	1353	4	0.035584465
1349	1354	0	0.022530906
1349	1354	1	0.12983002
1349	1354	2	0.73607653
1349	1354	3	0.06250537
1349	1354	4	0.04983191
1349	1355	0	0.01805073
1349	1355	1	0.08153171
1349	1355	2	0.7442138
1349	1355	3	0.11328642
1349	1355	4	0.043950323
1349	1356	0	0.06343281
1349	1356	1	0.03257712
1349	1356	2	0.85034895
1349	1356	3	0.018820334
1349	1356	4	0.03645028
1349	1357	0	0.16039163
1349	1357	1	0.028331853
1349	1357	2	0.67356586
1349	1357	3	0.08181001
1349	1357	4	0.056337737
1350	1351	0	0.18066499
1350	1351	1	0.0553523
1350	1351	2	0.5473888
1350	1351	3	0.15862438
1350	1351	4	0.057958152
1350	1352	0	0.072878234
1350	1352	1	0.046516307
1350	1352	2	0.77312493
1350	1352	3	0.0709483
1350	1352	4	0.03712304
1350	1353	0	0.04284873
1350	1353	1	0.11424992
1350	1353	2	0.54245466
1350	1353	3	0.25384143
1350	1353	4	0.046667874
1350	1354	0	0.040633783
1350	1354	1	0.17579001
1350	1354	2	0.3815087
1350	1354	3	0.35317516
1350	1354	4	0.04895562
1350	1355	0	0.0306648
1350	1355	1	0.10929885
1350	1355	2	0.37360796
1350	1355	3	0.44874063
1350	1355	4	0.03823922
1350	1356	0	0.24549125
1350	1356	1	0.05250532
1350	1356	2	0.57027936
1350	1356	3	0.07964915
1350	1356	4	0.05213547
1350	1357	0	0.42223933
1350	1357	1	0.03199775
1350	1357	2	0.2530992
1350	1357	3	0.23603095
1350	1357	4	0.056546345
1351	1352	0	0.088338666
1351	1352	1	0.49484515
1351	1352	2	0.30241367
1351	1352	3	0.061875325
1351	1352	4	0.05197048
1351	1353	0	0.048048478
1351	1353	1	0.6356897
1351	1353	2	0.12843396
1351	1353	3	0.14106975
1351	1353	4	0.046232745
1351	1354	0	0.03967166
1351	1354	1	0.7640848
1351	1354	2	0.05117744
1351	1354	3	0.1055674
1351	1354	4	0.03884569
1351	1355	0	0.039790273
1351	1355	1	0.5436575
1351	1355	2	0.089147784
1351	1355	3	0.28493726
1351	1355	4	0.042377852
1351	1356	0	0.39281183
1351	1356	1	0.28196284
1351	1356	2	0.20208415
1351	1356	3	0.06776957
1351	1356	4	0.05498861
1351	1357	0	0.63221496
1351	1357	1	0.08649239
1351	1357	2	0.071338974
1351	1357	3	0.15878534
1351	1357	4	0.051149104
1352	1353	0	0.03516883
1352	1353	1	0.67931914
1352	1353	2	0.030952578
1352	1353	3	0.22167926
1352	1353	4	0.032023586
1352	1354	0	0.037155032
1352	1354	1	0.70473164
1352	1354	2	0.010826628
1352	1354	3	0.21702808
1352	1354	4	0.02964987
1352	1355	0	0.03356925
1352	1355	1	0.5205425
1352	1355	2	0.02345418
1352	1355	3	0.3918095
1352	1355	4	0.030455306
1352	1356	0	0.55353457
1352	1356	1	0.22328967
1352	1356	2	0.06358658
1352	1356	3	0.11614474
1352	1356	4	0.042683776
1352	1357	0	0.5950363
1352	1357	1	0.06362187
1352	1357	2	0.017567163
1352	1357	3	0.28234515
1352	1357	4	0.041492954
1353	1354	0	0.20446263
1353	1354	1	0.33375677
1353	1354	2	0.08663003
1353	1354	3	0.32370338
1353	1354	4	0.050512075
1353	1355	0	0.06296539
1353	1355	1	0.28691617
1353	1355	2	0.13657835
1353	1355	3	0.46828803
1353	1355	4	0.045058403
1353	1356	0	0.72205555
1353	1356	1	0.0734187
1353	1356	2	0.12549636
1353	1356	3	0.037430637
1353	1356	4	0.041059565
1353	1357	0	0.80045694
1353	1357	1	0.037925858
1353	1357	2	0.033885207
1353	1357	3	0.08530861
1353	1357	4	0.04256262
1354	1355	0	0.1230851
1354	1355	1	0.12943794
1354	1355	2	0.2917233
1354	1355	3	0.41297022
1354	1355	4	0.04266887
1354	1356	0	0.82089853
1354	1356	1	0.038078915
1354	1356	2	0.089475274
1354	1356	3	0.01698292
1354	1356	4	0.03430063
1354	1357	0	0.84698826
1354	1357	1	0.0326779
1354	1357	2	0.03740528
1354	1357	3	0.042901102
1354	1357	4	0.03998168
1355	1356	0	0.7066623
1355	1356	1	0.046770215
1355	1356	2	0.15773906
1355	1356	3	0.043475505
1355	1356	4	0.045045193
1355	1357	0	0.7749492
1355	1357	1	0.03215586
1355	1357	2	0.059140023
1355	1357	3	0.08845138
1355	1357	4	0.0448517
1356	1357	0	0.5475994
1356	1357	1	0.07601305
1356	1357	2	0.06708646
1356	1357	3	0.2608106
1356	1357	4	0.047688995
1349	1358	0	0.0152344275
1349	1358	1	0.112050146
1349	1358	2	0.77345294
1349	1358	3	0.053707115
1349	1358	4	0.045037623
1349	1359	0	0.06210257
1349	1359	1	0.020274237
1349	1359	2	0.8053226
1349	1359	3	0.06622074
1349	1359	4	0.045654237
1349	1360	0	0.037373573
1349	1360	1	0.019941451
1349	1360	2	0.8582208
1349	1360	3	0.046364393
1349	1360	4	0.03773925
1349	1361	0	0.014348213
1349	1361	1	0.107214496
1349	1361	2	0.78261995
1349	1361	3	0.0533009
1349	1361	4	0.04205082
1349	1362	0	0.0140821915
1349	1362	1	0.19426365
1349	1362	2	0.71479833
1349	1362	3	0.029360486
1349	1362	4	0.04700213
1349	1363	0	0.14350459
1349	1363	1	0.014187567
1349	1363	2	0.65770954
1349	1363	3	0.1331259
1349	1363	4	0.0511022
1349	1364	0	0.033142716
1349	1364	1	0.079656005
1349	1364	2	0.8139964
1349	1364	3	0.034890134
1349	1364	4	0.03800552
1350	1358	0	0.03197106
1350	1358	1	0.18006612
1350	1358	2	0.50587416
1350	1358	3	0.23530927
1350	1358	4	0.046383508
1350	1359	0	0.1925198
1350	1359	1	0.027414715
1350	1359	2	0.44783
1350	1359	3	0.28496227
1350	1359	4	0.04674058
1350	1360	0	0.114005625
1350	1360	1	0.027259586
1350	1360	2	0.618655
1350	1360	3	0.1975324
1350	1360	4	0.04216706
1350	1361	0	0.027150739
1350	1361	1	0.1593333
1350	1361	2	0.53150225
1350	1361	3	0.23680131
1350	1361	4	0.04476382
1350	1362	0	0.022099566
1350	1362	1	0.31342056
1350	1362	2	0.52064204
1350	1362	3	0.10074918
1350	1362	4	0.042588416
1350	1363	0	0.34887105
1350	1363	1	0.015567972
1350	1363	2	0.20529038
1350	1363	3	0.3889077
1350	1363	4	0.041103266
1350	1364	0	0.1112271
1350	1364	1	0.1258784
1350	1364	2	0.50148076
1350	1364	3	0.21636543
1350	1364	4	0.044936687
1351	1358	0	0.022930317
1351	1358	1	0.7848949
1351	1358	2	0.091468185
1351	1358	3	0.077253655
1351	1358	4	0.022359004
1351	1359	0	0.32338473
1351	1359	1	0.16017316
1351	1359	2	0.20487696
1351	1359	3	0.27258065
1351	1359	4	0.038244903
1351	1360	0	0.16328633
1351	1360	1	0.18637916
1351	1360	2	0.37130317
1351	1360	3	0.23539327
1351	1360	4	0.04303944
1351	1361	0	0.02365582
1351	1361	1	0.7401642
1351	1361	2	0.098741904
1351	1361	3	0.111448884
1351	1361	4	0.025078291
1351	1362	0	0.018042415
1351	1362	1	0.87382835
1351	1362	2	0.05957245
1351	1362	3	0.030119274
1351	1362	4	0.01756812
1351	1363	0	0.6626418
1351	1363	1	0.027170867
1351	1363	2	0.04804443
1351	1363	3	0.24206585
1351	1363	4	0.01964443
1351	1364	0	0.11753982
1351	1364	1	0.6213202
1351	1364	2	0.1194655
1351	1364	3	0.11242677
1351	1364	4	0.02863352
1352	1358	0	0.021334233
1352	1358	1	0.7893303
1352	1358	2	0.034052026
1352	1358	3	0.1387722
1352	1358	4	0.015537624
1352	1359	0	0.31740227
1352	1359	1	0.09094973
1352	1359	2	0.05358868
1352	1359	3	0.51580113
1352	1359	4	0.021636356
1352	1360	0	0.21346323
1352	1360	1	0.12649949
1352	1360	2	0.11767877
1352	1360	3	0.51578075
1352	1360	4	0.025968919
1352	1361	0	0.022891266
1352	1361	1	0.75081104
1352	1361	2	0.0339651
1352	1361	3	0.1741843
1352	1361	4	0.017267337
1352	1362	0	0.019716414
1352	1362	1	0.8913144
1352	1362	2	0.024279777
1352	1362	3	0.047599073
1352	1362	4	0.01556733
1352	1363	0	0.53583735
1352	1363	1	0.018893538
1352	1363	2	0.016774405
1352	1363	3	0.4125922
1352	1363	4	0.01530959
1352	1364	0	0.15039729
1352	1364	1	0.55578935
1352	1364	2	0.03429608
1352	1364	3	0.24205923
1352	1364	4	0.017173797
1353	1358	0	0.106737494
1353	1358	1	0.55357075
1353	1358	2	0.1573288
1353	1358	3	0.14493176
1353	1358	4	0.036785215
1353	1359	0	0.6884375
1353	1359	1	0.02948841
1353	1359	2	0.09975332
1353	1359	3	0.15561709
1353	1359	4	0.025910761
1353	1360	0	0.54605305
1353	1360	1	0.043134805
1353	1360	2	0.21140851
1353	1360	3	0.16504067
1353	1360	4	0.033751734
1353	1361	0	0.09417139
1353	1361	1	0.56318426
1353	1361	2	0.13458385
1353	1361	3	0.16675971
1353	1361	4	0.040590733
1353	1362	0	0.0526229
1353	1362	1	0.79305685
1353	1362	2	0.07952769
1353	1362	3	0.04923738
1353	1362	4	0.024452455
1353	1363	0	0.8004988
1353	1363	1	0.013256595
1353	1363	2	0.0320149
1353	1363	3	0.13576317
1353	1363	4	0.017501883
1353	1364	0	0.4338875
1353	1364	1	0.29856187
1353	1364	2	0.098728776
1353	1364	3	0.13860554
1353	1364	4	0.029718963
1354	1358	0	0.24990442
1354	1358	1	0.27682593
1354	1358	2	0.31850457
1354	1358	3	0.117265426
1354	1358	4	0.037027035
1354	1359	0	0.80791235
1354	1359	1	0.0107821915
1354	1359	2	0.09988327
1354	1359	3	0.06469315
1354	1359	4	0.016133703
1354	1360	0	0.81049705
1354	1360	1	0.012721289
1354	1360	2	0.116772376
1354	1360	3	0.042218886
1354	1360	4	0.016924748
1354	1361	0	0.19820797
1354	1361	1	0.36219966
1354	1361	2	0.2773445
1354	1361	3	0.11933645
1354	1361	4	0.042148322
1354	1362	0	0.14716776
1354	1362	1	0.48553464
1354	1362	2	0.27863914
1354	1362	3	0.052665737
1354	1362	4	0.035140064
1354	1363	0	0.8753347
1354	1363	1	0.009149951
1354	1363	2	0.03837892
1354	1363	3	0.062619865
1354	1363	4	0.013593583
1354	1364	0	0.5713068
1354	1364	1	0.12990242
1354	1364	2	0.17765447
1354	1364	3	0.08446722
1354	1364	4	0.036255356
1355	1358	0	0.14351393
1355	1358	1	0.23565234
1355	1358	2	0.35042125
1355	1358	3	0.21608739
1355	1358	4	0.0538809
1355	1359	0	0.82614166
1355	1359	1	0.010465251
1355	1359	2	0.07699728
1355	1359	3	0.06465543
1355	1359	4	0.020992365
1355	1360	0	0.6586788
1355	1360	1	0.017718306
1355	1360	2	0.1780552
1355	1360	3	0.11602345
1355	1360	4	0.028715441
1355	1361	0	0.1452867
1355	1361	1	0.26585746
1355	1361	2	0.29208207
1355	1361	3	0.24412741
1355	1361	4	0.052086215
1355	1362	0	0.09512968
1355	1362	1	0.46966812
1355	1362	2	0.2887444
1355	1362	3	0.10036062
1355	1362	4	0.045339815
1355	1363	0	0.7894517
1355	1363	1	0.009413867
1355	1363	2	0.049703464
1355	1363	3	0.13017407
1355	1363	4	0.020301625
1355	1364	0	0.54626924
1355	1364	1	0.10620224
1355	1364	2	0.16849445
1355	1364	3	0.13864113
1355	1364	4	0.03956508
1356	1358	0	0.026347114
1356	1358	1	0.74869317
1356	1358	2	0.06108257
1356	1358	3	0.14004037
1356	1358	4	0.023358254
1356	1359	0	0.5460789
1356	1359	1	0.10890342
1356	1359	2	0.08621785
1356	1359	3	0.23292892
1356	1359	4	0.025317846
1356	1360	0	0.39472473
1356	1360	1	0.13204071
1356	1360	2	0.1493267
1356	1360	3	0.293148
1356	1360	4	0.030162603
1356	1361	0	0.019057788
1356	1361	1	0.83371395
1356	1361	2	0.038229134
1356	1361	3	0.08809354
1356	1361	4	0.019909363
1356	1362	0	0.017145425
1356	1362	1	0.8989821
1356	1362	2	0.030438704
1356	1362	3	0.033851568
1356	1362	4	0.018987844
1356	1363	0	0.60090184
1356	1363	1	0.03227324
1356	1363	2	0.036040463
1356	1363	3	0.30996135
1356	1363	4	0.020070931
1356	1364	0	0.26728398
1356	1364	1	0.48178858
1356	1364	2	0.07481705
1356	1364	3	0.14915772
1356	1364	4	0.026048958
1357	1358	0	0.015768338
1357	1358	1	0.79374325
1357	1358	2	0.078480646
1357	1358	3	0.09120831
1357	1358	4	0.020368278
1357	1359	0	0.37167507
1357	1359	1	0.19301564
1357	1359	2	0.16863595
1357	1359	3	0.22949244
1357	1359	4	0.03662823
1357	1360	0	0.21588653
1357	1360	1	0.2008347
1357	1360	2	0.30607194
1357	1360	3	0.23787093
1357	1360	4	0.0389223
1357	1361	0	0.013321071
1357	1361	1	0.8450676
1357	1361	2	0.06551474
1357	1361	3	0.056579206
1357	1361	4	0.01856569
1357	1362	0	0.013507145
1357	1362	1	0.89824414
1357	1362	2	0.043445718
1357	1362	3	0.025721401
1357	1362	4	0.018388886
1357	1363	0	0.37411937
1357	1363	1	0.07281834
1357	1363	2	0.12993348
1357	1363	3	0.39058155
1357	1363	4	0.031938896
1357	1364	0	0.0961669
1357	1364	1	0.63267595
1357	1364	2	0.14991836
1357	1364	3	0.09138177
1357	1364	4	0.029446617
1358	1359	0	0.87151515
1358	1359	1	0.025136042
1358	1359	2	0.02593212
1358	1359	3	0.04552206
1358	1359	4	0.030544046
1358	1360	0	0.78224546
1358	1360	1	0.03103661
1358	1360	2	0.064168654
1358	1360	3	0.08660585
1358	1360	4	0.034582082
1358	1361	0	0.12355483
1358	1361	1	0.4866187
1358	1361	2	0.118877135
1358	1361	3	0.2213836
1358	1361	4	0.04858718
1358	1362	0	0.09314667
1358	1362	1	0.7292065
1358	1362	2	0.07408858
1358	1362	3	0.06323872
1358	1362	4	0.039046925
1358	1363	0	0.84760505
1358	1363	1	0.027977468
1358	1363	2	0.013636512
1358	1363	3	0.07687435
1358	1363	4	0.03366213
1358	1364	0	0.8252778
1358	1364	1	0.047711104
1358	1364	2	0.033172008
1358	1364	3	0.062129978
1358	1364	4	0.031519596
1359	1360	0	0.08853099
1359	1360	1	0.22377867
1359	1360	2	0.4198945
1359	1360	3	0.21642108
1359	1360	4	0.05068603
1359	1361	0	0.0245472
1359	1361	1	0.75141466
1359	1361	2	0.0900819
1359	1361	3	0.095229864
1359	1361	4	0.03745275
1359	1362	0	0.025891274
1359	1362	1	0.85422885
1359	1362	2	0.05651031
1359	1362	3	0.027178686
1359	1362	4	0.0349409
1359	1363	0	0.49948987
1359	1363	1	0.041740682
1359	1363	2	0.0858251
1359	1363	3	0.33400324
1359	1363	4	0.03812999
1359	1364	0	0.054765716
1359	1364	1	0.7088427
1359	1364	2	0.118043385
1359	1364	3	0.077685006
1359	1364	4	0.039651833
1360	1361	0	0.0233843
1360	1361	1	0.75728595
1360	1361	2	0.06946726
1360	1361	3	0.1154454
1360	1361	4	0.03317396
1360	1362	0	0.023526303
1360	1362	1	0.8661094
1360	1362	2	0.044545997
1360	1362	3	0.032894
1360	1362	4	0.031583395
1360	1363	0	0.32583353
1360	1363	1	0.049672615
1360	1363	2	0.110237725
1360	1363	3	0.4752939
1360	1363	4	0.038202636
1360	1364	0	0.06121326
1360	1364	1	0.6580387
1360	1364	2	0.100417875
1360	1364	3	0.13913299
1360	1364	4	0.040327027
1361	1362	0	0.091601536
1361	1362	1	0.57037157
1361	1362	2	0.20712693
1361	1362	3	0.07072914
1361	1362	4	0.058647964
1361	1363	0	0.79727244
1361	1363	1	0.025906948
1361	1363	2	0.036133107
1361	1363	3	0.10261697
1361	1363	4	0.03694523
1361	1364	0	0.58093226
1361	1364	1	0.12567878
1361	1364	2	0.13854025
1361	1364	3	0.10467123
1361	1364	4	0.048931442
1362	1363	0	0.8721713
1362	1363	1	0.020723227
1362	1363	2	0.012986336
1362	1363	3	0.06456193
1362	1363	4	0.028375
1362	1364	0	0.7821408
1362	1364	1	0.06297213
1362	1364	2	0.04171975
1362	1364	3	0.07730651
1362	1364	4	0.034535863
1363	1364	0	0.023700655
1363	1364	1	0.8545671
1363	1364	2	0.05630367
1363	1364	3	0.033872537
1363	1364	4	0.030430645
1358	1365	0	0.7258162
1358	1365	1	0.057096355
1358	1365	2	0.16265327
1358	1365	3	0.031036213
1358	1365	4	0.02216137
1358	1366	0	0.78957725
1358	1366	1	0.033082984
1358	1366	2	0.12502177
1358	1366	3	0.02941588
1358	1366	4	0.021376763
1358	1367	0	0.19919495
1358	1367	1	0.42635593
1358	1367	2	0.22082675
1358	1367	3	0.11677047
1358	1367	4	0.03555938
1358	1368	0	0.59361696
1358	1368	1	0.11889922
1358	1368	2	0.11380251
1358	1368	3	0.1317204
1358	1368	4	0.040609334
1358	1369	0	0.6904128
1358	1369	1	0.04478379
1358	1369	2	0.09693453
1358	1369	3	0.13713254
1358	1369	4	0.029513314
1359	1365	0	0.08785122
1359	1365	1	0.42326593
1359	1365	2	0.41035223
1359	1365	3	0.044960875
1359	1365	4	0.032454
1359	1366	0	0.11292546
1359	1366	1	0.23978801
1359	1366	2	0.55147755
1359	1366	3	0.058513653
1359	1366	4	0.036259666
1359	1367	0	0.019747568
1359	1367	1	0.78679746
1359	1367	2	0.109801106
1359	1367	3	0.056258403
1359	1367	4	0.025677
1359	1368	0	0.0584326
1359	1368	1	0.61728054
1359	1368	2	0.15215883
1359	1368	3	0.12893039
1359	1368	4	0.041717496
1359	1369	0	0.15149751
1359	1369	1	0.25537544
1359	1369	2	0.31442714
1359	1369	3	0.23637733
1359	1369	4	0.04128188
1360	1365	0	0.05669826
1360	1365	1	0.48261067
1360	1365	2	0.38022137
1360	1365	3	0.049219254
1360	1365	4	0.030034093
1360	1366	0	0.054919124
1360	1366	1	0.404653
1360	1366	2	0.4255559
1360	1366	3	0.079748295
1360	1366	4	0.034174383
1360	1367	0	0.0134123955
1360	1367	1	0.82232666
1360	1367	2	0.0729569
1360	1367	3	0.06823753
1360	1367	4	0.021505846
1360	1368	0	0.039764658
1360	1368	1	0.61678076
1360	1368	2	0.14978571
1360	1368	3	0.15447779
1360	1368	4	0.038056836
1360	1369	0	0.090670966
1360	1369	1	0.26976082
1360	1369	2	0.2396981
1360	1369	3	0.3635282
1360	1369	4	0.035430543
1361	1365	0	0.5301315
1361	1365	1	0.064339
1361	1365	2	0.33377302
1361	1365	3	0.039847005
1361	1365	4	0.030644549
1361	1366	0	0.50552845
1361	1366	1	0.04399696
1361	1366	2	0.3748558
1361	1366	3	0.043737255
1361	1366	4	0.03063917
1361	1367	0	0.11696713
1361	1367	1	0.39697462
1361	1367	2	0.33996144
1361	1367	3	0.10127901
1361	1367	4	0.04298682
1361	1368	0	0.44793868
1361	1368	1	0.14850475
1361	1368	2	0.21099244
1361	1368	3	0.13943876
1361	1368	4	0.052040223
1361	1369	0	0.4836582
1361	1369	1	0.07738522
1361	1369	2	0.2074631
1361	1369	3	0.19540243
1361	1369	4	0.034985755
1362	1365	0	0.7781195
1362	1365	1	0.03766342
1362	1365	2	0.1269938
1362	1365	3	0.029856356
1362	1365	4	0.025729215
1362	1366	0	0.79782236
1362	1366	1	0.027676249
1362	1366	2	0.11689694
1362	1366	3	0.031174172
1362	1366	4	0.02464213
1362	1367	0	0.23946288
1362	1367	1	0.3596122
1362	1367	2	0.20137265
1362	1367	3	0.14065687
1362	1367	4	0.057625744
1362	1368	0	0.6935233
1362	1368	1	0.080210276
1362	1368	2	0.07717354
1362	1368	3	0.1077038
1362	1368	4	0.039939303
1362	1369	0	0.76941144
1362	1369	1	0.03660685
1362	1369	2	0.053771608
1362	1369	3	0.11350687
1362	1369	4	0.025080128
1363	1365	0	0.0271595
1363	1365	1	0.48239556
1363	1365	2	0.4210904
1363	1365	3	0.037014503
1363	1365	4	0.031271398
1363	1366	0	0.031148873
1363	1366	1	0.45110944
1363	1366	2	0.43956798
1363	1366	3	0.043621913
1363	1366	4	0.033337656
1363	1367	0	0.012287593
1363	1367	1	0.75636554
1363	1367	2	0.15287828
1363	1367	3	0.050380845
1363	1367	4	0.026922375
1363	1368	0	0.020788155
1363	1368	1	0.68616486
1363	1368	2	0.19001481
1363	1368	3	0.06847319
1363	1368	4	0.033293895
1363	1369	0	0.04703216
1363	1369	1	0.4896253
1363	1369	2	0.3081812
1363	1369	3	0.120413765
1363	1369	4	0.033051558
1364	1365	0	0.55084866
1364	1365	1	0.14107853
1364	1365	2	0.227725
1364	1365	3	0.04489552
1364	1365	4	0.03391555
1364	1366	0	0.47919187
1364	1366	1	0.1641287
1364	1366	2	0.2749233
1364	1366	3	0.046906568
1364	1366	4	0.033595696
1364	1367	0	0.10595026
1364	1367	1	0.6289351
1364	1367	2	0.14935286
1364	1367	3	0.07551609
1364	1367	4	0.03868158
1364	1368	0	0.41172367
1364	1368	1	0.3380403
1364	1368	2	0.10168663
1364	1368	3	0.10517456
1364	1368	4	0.04186669
1364	1369	0	0.7161773
1364	1369	1	0.06148528
1364	1369	2	0.07206701
1364	1369	3	0.111149505
1364	1369	4	0.037879538
1365	1366	0	0.4932622
1365	1366	1	0.16637708
1365	1366	2	0.14399348
1365	1366	3	0.1401136
1365	1366	4	0.07594486
1365	1367	0	0.08658792
1365	1367	1	0.67501557
1365	1367	2	0.0698069
1365	1367	3	0.118442945
1365	1367	4	0.078476176
1365	1368	0	0.15514334
1365	1368	1	0.41519904
1365	1368	2	0.0833113
1365	1368	3	0.28689158
1365	1368	4	0.08453139
1365	1369	0	0.30405802
1365	1369	1	0.12626202
1365	1369	2	0.068134256
1365	1369	3	0.45943946
1365	1369	4	0.05742583
1366	1367	0	0.0813488
1366	1367	1	0.72774726
1366	1367	2	0.055191193
1366	1367	3	0.0860882
1366	1367	4	0.07625686
1366	1368	0	0.10276657
1366	1368	1	0.59791934
1366	1368	2	0.064055406
1366	1368	3	0.18118145
1366	1368	4	0.07961748
1366	1369	0	0.225763
1366	1369	1	0.21030216
1366	1369	2	0.06327896
1366	1369	3	0.4552195
1366	1369	4	0.06359642
1367	1368	0	0.6055042
1367	1368	1	0.11655626
1367	1368	2	0.08155897
1367	1368	3	0.13752145
1367	1368	4	0.08430755
1367	1369	0	0.66116893
1367	1369	1	0.08309405
1367	1369	2	0.06798668
1367	1369	3	0.1391533
1367	1369	4	0.07334557
1368	1369	0	0.28426817
1368	1369	1	0.22847392
1368	1369	2	0.15102488
1368	1369	3	0.27392185
1368	1369	4	0.08218496
1365	1370	0	0.04691661
1365	1370	1	0.0193824
1365	1370	2	0.016530702
1365	1370	3	0.9020078
1365	1370	4	0.014828008
1365	1371	0	0.06222079
1365	1371	1	0.19407827
1365	1371	2	0.04386284
1365	1371	3	0.6770732
1365	1371	4	0.022387743
1365	1372	0	0.25325742
1365	1372	1	0.27254587
1365	1372	2	0.1406426
1365	1372	3	0.29890013
1365	1372	4	0.034607183
1366	1370	0	0.033072807
1366	1370	1	0.028189749
1366	1370	2	0.014652891
1366	1370	3	0.90841484
1366	1370	4	0.01538795
1366	1371	0	0.042417273
1366	1371	1	0.4136267
1366	1371	2	0.035824906
1366	1371	3	0.48338902
1366	1371	4	0.024474716
1366	1372	0	0.12801981
1366	1372	1	0.52042896
1366	1372	2	0.106683314
1366	1372	3	0.21060975
1366	1372	4	0.03416849
1367	1370	0	0.29668432
1367	1370	1	0.015722364
1367	1370	2	0.03791697
1367	1370	3	0.61972845
1367	1370	4	0.029798739
1367	1371	0	0.3977613
1367	1371	1	0.11578367
1367	1371	2	0.09115794
1367	1371	3	0.34938842
1367	1371	4	0.04590265
1367	1372	0	0.647864
1367	1372	1	0.06683108
1367	1372	2	0.13537979
1367	1372	3	0.10609488
1367	1372	4	0.04374098
1368	1370	0	0.11439795
1368	1370	1	0.02829535
1368	1370	2	0.05089407
1368	1370	3	0.7701273
1368	1370	4	0.036014576
1368	1371	0	0.089592665
1368	1371	1	0.37355486
1368	1371	2	0.13690601
1368	1371	3	0.34728384
1368	1371	4	0.05271227
1368	1372	0	0.229758
1368	1372	1	0.29327875
1368	1372	2	0.261017
1368	1372	3	0.16171637
1368	1372	4	0.054282185
1369	1370	0	0.039454088
1369	1370	1	0.05719037
1369	1370	2	0.048855744
1369	1370	3	0.82960325
1369	1370	4	0.024671556
1369	1371	0	0.016375558
1369	1371	1	0.7193453
1369	1371	2	0.07366274
1369	1371	3	0.16646722
1369	1371	4	0.02364832
1369	1372	0	0.04508913
1369	1372	1	0.6234809
1369	1372	2	0.21591258
1369	1372	3	0.08321344
1369	1372	4	0.03217252
1370	1371	0	0.033432852
1370	1371	1	0.20416814
1370	1371	2	0.5599879
1370	1371	3	0.14755599
1370	1371	4	0.058113497
1370	1372	0	0.03750359
1370	1372	1	0.09164092
1370	1372	2	0.75698084
1370	1372	3	0.06984565
1370	1372	4	0.04817627
1371	1372	0	0.32891366
1371	1372	1	0.13224877
1371	1372	2	0.3607376
1371	1372	3	0.104525894
1371	1372	4	0.07782151
1370	1373	0	0.049183737
1370	1373	1	0.025691716
1370	1373	2	0.8718978
1370	1373	3	0.030217703
1370	1373	4	0.023044925
1370	1374	0	0.07051828
1370	1374	1	0.035558123
1370	1374	2	0.8240997
1370	1374	3	0.04038595
1370	1374	4	0.029496461
1370	1375	0	0.07743804
1370	1375	1	0.17623533
1370	1375	2	0.45751584
1370	1375	3	0.21290678
1370	1375	4	0.07598745
1370	1376	0	0.026046565
1370	1376	1	0.23999402
1370	1376	2	0.5642422
1370	1376	3	0.10944905
1370	1376	4	0.06037087
1371	1373	0	0.60870343
1371	1373	1	0.024080886
1371	1373	2	0.29966125
1371	1373	3	0.042191748
1371	1373	4	0.025457479
1371	1374	0	0.7071614
1371	1374	1	0.02684976
1371	1374	2	0.19700651
1371	1374	3	0.045526594
1371	1374	4	0.023564048
1371	1375	0	0.63757604
1371	1375	1	0.060714226
1371	1375	2	0.07927109
1371	1375	3	0.18668023
1371	1375	4	0.035893936
1371	1376	0	0.25031394
1371	1376	1	0.28180707
1371	1376	2	0.2371186
1371	1376	3	0.16851382
1371	1376	4	0.062359568
1372	1373	0	0.58177215
1372	1373	1	0.06109929
1372	1373	2	0.21694505
1372	1373	3	0.11627033
1372	1373	4	0.023924774
1372	1374	0	0.6365207
1372	1374	1	0.074323945
1372	1374	2	0.14780873
1372	1374	3	0.10872021
1372	1374	4	0.032642603
1372	1375	0	0.3504938
1372	1375	1	0.21229641
1372	1375	2	0.03516141
1372	1375	3	0.3723475
1372	1375	4	0.029779559
1372	1376	0	0.09074189
1372	1376	1	0.58956224
1372	1376	2	0.078661956
1372	1376	3	0.20607817
1372	1376	4	0.035008468
1373	1374	0	0.22812752
1373	1374	1	0.16940582
1373	1374	2	0.3683631
1373	1374	3	0.18511614
1373	1374	4	0.049144708
1373	1375	0	0.1539198
1373	1375	1	0.25553823
1373	1375	2	0.045770224
1373	1375	3	0.50087035
1373	1375	4	0.044158734
1373	1376	0	0.050224643
1373	1376	1	0.6235516
1373	1376	2	0.071113296
1373	1376	3	0.20868698
1373	1376	4	0.047528464
1374	1375	0	0.16463646
1374	1375	1	0.4364778
1374	1375	2	0.025469534
1374	1375	3	0.32388496
1374	1375	4	0.04976792
1374	1376	0	0.042336166
1374	1376	1	0.767567
1374	1376	2	0.034566913
1374	1376	3	0.11156894
1374	1376	4	0.044766378
1375	1376	0	0.09183199
1375	1376	1	0.400799
1375	1376	2	0.35968333
1375	1376	3	0.08250581
1375	1376	4	0.06538942
1373	1377	0	0.02600008
1373	1377	1	0.019403161
1373	1377	2	0.049261607
1373	1377	3	0.8873831
1373	1377	4	0.017983386
1373	1378	0	0.012415367
1373	1378	1	0.38889593
1373	1378	2	0.11122859
1373	1378	3	0.45872724
1373	1378	4	0.02871944
1374	1377	0	0.03516223
1374	1377	1	0.033869673
1374	1377	2	0.04150216
1374	1377	3	0.8651822
1374	1377	4	0.024317047
1374	1378	0	0.012865706
1374	1378	1	0.5366793
1374	1378	2	0.072751515
1374	1378	3	0.35158625
1374	1378	4	0.026099265
1375	1377	0	0.08733694
1375	1377	1	0.03180389
1375	1377	2	0.33376658
1375	1377	3	0.495537
1375	1377	4	0.051550195
1375	1378	0	0.031688742
1375	1378	1	0.40980327
1375	1378	2	0.39484063
1375	1378	3	0.120319426
1375	1378	4	0.043328404
1376	1377	0	0.30583978
1376	1377	1	0.013419578
1376	1377	2	0.10496246
1376	1377	3	0.53526926
1376	1377	4	0.04049605
1376	1378	0	0.1379714
1376	1378	1	0.22325344
1376	1378	2	0.17843144
1376	1378	3	0.4015454
1376	1378	4	0.058781516
1377	1378	0	0.016372921
1377	1378	1	0.23862576
1377	1378	2	0.43652296
1377	1378	3	0.25764132
1377	1378	4	0.050079774
1377	1379	0	0.023564193
1377	1379	1	0.07651277
1377	1379	2	0.63000554
1377	1379	3	0.22631519
1377	1379	4	0.04359577
1377	1380	0	0.03757883
1377	1380	1	0.054157108
1377	1380	2	0.53429353
1377	1380	3	0.3223216
1377	1380	4	0.05164163
1377	1381	0	0.016894164
1377	1381	1	0.123492956
1377	1381	2	0.48633507
1377	1381	3	0.33500916
1377	1381	4	0.03825924
1378	1379	0	0.27814662
1378	1379	1	0.05107027
1378	1379	2	0.30911073
1378	1379	3	0.3141642
1378	1379	4	0.047495987
1378	1380	0	0.36097842
1378	1380	1	0.025371479
1378	1380	2	0.17049904
1378	1380	3	0.3929184
1378	1380	4	0.050218925
1378	1381	0	0.15100764
1378	1381	1	0.062048316
1378	1381	2	0.22312978
1378	1381	3	0.5210074
1378	1381	4	0.04279531
1379	1380	0	0.16005027
1379	1380	1	0.03907321
1379	1380	2	0.07818016
1379	1380	3	0.67720914
1379	1380	4	0.047072753
1379	1381	0	0.04436588
1379	1381	1	0.11248217
1379	1381	2	0.12914906
1379	1381	3	0.6751684
1379	1381	4	0.040748186
1380	1381	0	0.02528932
1380	1381	1	0.24187739
1380	1381	2	0.34893453
1380	1381	3	0.3281974
1380	1381	4	0.057059035
1379	1382	0	0.37053394
1379	1382	1	0.070527226
1379	1382	2	0.29651052
1379	1382	3	0.22931938
1379	1382	4	0.03308811
1379	1383	0	0.6303909
1379	1383	1	0.054616015
1379	1383	2	0.16061191
1379	1383	3	0.13014612
1379	1383	4	0.02420883
1380	1382	0	0.058587503
1380	1382	1	0.11327486
1380	1382	2	0.73233795
1380	1382	3	0.058714077
1380	1382	4	0.037079114
1380	1383	0	0.15151946
1380	1383	1	0.13149925
1380	1383	2	0.60570073
1380	1383	3	0.06390384
1380	1383	4	0.047362313
1381	1382	0	0.6579653
1381	1382	1	0.015088827
1381	1382	2	0.21770981
1381	1382	3	0.078676045
1381	1382	4	0.030539101
1381	1383	0	0.69904333
1381	1383	1	0.020524196
1381	1383	2	0.18621977
1381	1383	3	0.07002822
1381	1383	4	0.024162311
1382	1383	0	0.41893432
1382	1383	1	0.17127231
1382	1383	2	0.25109378
1382	1383	3	0.10819246
1382	1383	4	0.051004887
1382	1384	0	0.087011635
1382	1384	1	0.4110697
1382	1384	2	0.36040285
1382	1384	3	0.113675706
1382	1384	4	0.02797639
1382	1385	0	0.007679125
1382	1385	1	0.8570841
1382	1385	2	0.045159083
1382	1385	3	0.07830499
1382	1385	4	0.011977978
1382	1386	0	0.073127314
1382	1386	1	0.25748134
1382	1386	2	0.10246643
1382	1386	3	0.5320002
1382	1386	4	0.03506745
1382	1387	0	0.0495639
1382	1387	1	0.7259766
1382	1387	2	0.09226199
1382	1387	3	0.08736062
1382	1387	4	0.04489316
1382	1388	0	0.025210116
1382	1388	1	0.85080427
1382	1388	2	0.051501147
1382	1388	3	0.046605263
1382	1388	4	0.026001157
1383	1384	0	0.097411156
1383	1384	1	0.5169071
1383	1384	2	0.25551558
1383	1384	3	0.087466165
1383	1384	4	0.042836387
1383	1385	0	0.008369136
1383	1385	1	0.8768843
1383	1385	2	0.03382337
1383	1385	3	0.06944007
1383	1385	4	0.011644783
1383	1386	0	0.07837759
1383	1386	1	0.26366004
1383	1386	2	0.08628976
1383	1386	3	0.53856313
1383	1386	4	0.033245638
1383	1387	0	0.059928827
1383	1387	1	0.733019
1383	1387	2	0.08454577
1383	1387	3	0.08018722
1383	1387	4	0.042363927
1383	1388	0	0.027752008
1383	1388	1	0.8624549
1383	1388	2	0.04178094
1383	1388	3	0.043698754
1383	1388	4	0.024365384
1384	1385	0	0.027545098
1384	1385	1	0.8003461
1384	1385	2	0.02094705
1384	1385	3	0.12071388
1384	1385	4	0.028789883
1384	1386	0	0.13625133
1384	1386	1	0.12571222
1384	1386	2	0.041385382
1384	1386	3	0.66239434
1384	1386	4	0.033552233
1384	1387	0	0.09699119
1384	1387	1	0.7372144
1384	1387	2	0.03108218
1384	1387	3	0.09698845
1384	1387	4	0.036247466
1384	1388	0	0.03395693
1384	1388	1	0.8821283
1384	1388	2	0.011128363
1384	1388	3	0.04532441
1384	1388	4	0.026279911
1385	1386	0	0.6842016
1385	1386	1	0.028626936
1385	1386	2	0.06583846
1385	1386	3	0.17978881
1385	1386	4	0.04004081
1385	1387	0	0.7509324
1385	1387	1	0.08483255
1385	1387	2	0.07959993
1385	1387	3	0.042473275
1385	1387	4	0.04058355
1385	1388	0	0.36416256
1385	1388	1	0.37697482
1385	1388	2	0.12210996
1385	1388	3	0.07894149
1385	1388	4	0.055996824
1386	1387	0	0.05647792
1386	1387	1	0.6437999
1386	1387	2	0.19656017
1386	1387	3	0.054042228
1386	1387	4	0.047518607
1386	1388	0	0.033545233
1386	1388	1	0.7775383
1386	1388	2	0.11399074
1386	1388	3	0.03439599
1386	1388	4	0.038973313
1387	1388	0	0.03505205
1387	1388	1	0.88836986
1387	1388	2	0.02529475
1387	1388	3	0.022847524
1387	1388	4	0.026878385
1384	1389	0	0.17558266
1384	1389	1	0.38252732
1384	1389	2	0.122457966
1384	1389	3	0.29228848
1384	1389	4	0.027324084
1384	1390	0	0.042849127
1384	1390	1	0.7363689
1384	1390	2	0.08637951
1384	1390	3	0.11209681
1384	1390	4	0.022447804
1384	1391	0	0.36404678
1384	1391	1	0.3099978
1384	1391	2	0.15793748
1384	1391	3	0.1434951
1384	1391	4	0.02479726
1384	1392	0	0.07421411
1384	1392	1	0.0155484155
1384	1392	2	0.013054559
1384	1392	3	0.88030136
1384	1392	4	0.01685621
1384	1393	0	0.016916588
1384	1393	1	0.63340133
1384	1393	2	0.03137701
1384	1393	3	0.2968808
1384	1393	4	0.021586804
1384	1394	0	0.028158976
1384	1394	1	0.8441092
1384	1394	2	0.033662364
1384	1394	3	0.074745096
1384	1394	4	0.01949229
1385	1389	0	0.7432664
1385	1389	1	0.03718205
1385	1389	2	0.13299109
1385	1389	3	0.057746615
1385	1389	4	0.028922264
1385	1390	0	0.439208
1385	1390	1	0.14007133
1385	1390	2	0.2979134
1385	1390	3	0.08061422
1385	1390	4	0.042338137
1385	1391	0	0.749963
1385	1391	1	0.033716187
1385	1391	2	0.14602132
1385	1391	3	0.038927156
1385	1391	4	0.031474322
1385	1392	0	0.5151795
1385	1392	1	0.009455369
1385	1392	2	0.051788714
1385	1392	3	0.3915987
1385	1392	4	0.032161735
1385	1393	0	0.18087868
1385	1393	1	0.3005363
1385	1393	2	0.1519728
1385	1393	3	0.30639392
1385	1393	4	0.06036206
1385	1394	0	0.3652261
1385	1394	1	0.3455313
1385	1394	2	0.1572164
1385	1394	3	0.09904147
1385	1394	4	0.033180147
1386	1389	0	0.10170021
1386	1389	1	0.22715765
1386	1389	2	0.5479438
1386	1389	3	0.07435656
1386	1389	4	0.048942823
1386	1390	0	0.03454648
1386	1390	1	0.407534
1386	1390	2	0.467347
1386	1390	3	0.04912544
1386	1390	4	0.041593112
1386	1391	0	0.11765229
1386	1391	1	0.17443068
1386	1391	2	0.626803
1386	1391	3	0.04221173
1386	1391	4	0.03903297
1386	1392	0	0.12581596
1386	1392	1	0.035403132
1386	1392	2	0.16797702
1386	1392	3	0.6180636
1386	1392	4	0.05283797
1386	1393	0	0.023687232
1386	1393	1	0.51050407
1386	1393	2	0.250247
1386	1393	3	0.16112244
1386	1393	4	0.05462644
1386	1394	0	0.020189574
1386	1394	1	0.7229068
1386	1394	2	0.17826526
1386	1394	3	0.051231105
1386	1394	4	0.027610196
1387	1389	0	0.3670518
1387	1389	1	0.23261806
1387	1389	2	0.2477625
1387	1389	3	0.12287154
1387	1389	4	0.029847244
1387	1390	0	0.089978375
1387	1390	1	0.5159764
1387	1390	2	0.27293056
1387	1390	3	0.08317439
1387	1390	4	0.03801786
1387	1391	0	0.46092343
1387	1391	1	0.18356675
1387	1391	2	0.28347626
1387	1391	3	0.049083125
1387	1391	4	0.023122393
1387	1392	0	0.23036401
1387	1392	1	0.018425921
1387	1392	2	0.04314334
1387	1392	3	0.6796291
1387	1392	4	0.028569609
1387	1393	0	0.054207947
1387	1393	1	0.50878155
1387	1393	2	0.11265375
1387	1393	3	0.2752751
1387	1393	4	0.04920727
1387	1394	0	0.09460721
1387	1394	1	0.6493597
1387	1394	2	0.107907884
1387	1394	3	0.098187014
1387	1394	4	0.05003355
1388	1389	0	0.7088795
1388	1389	1	0.06625463
1388	1389	2	0.114024594
1388	1389	3	0.08487588
1388	1389	4	0.026055414
1388	1390	0	0.3045789
1388	1390	1	0.35129586
1388	1390	2	0.20993154
1388	1390	3	0.10141178
1388	1390	4	0.032938458
1388	1391	0	0.7367442
1388	1391	1	0.0680752
1388	1391	2	0.11658041
1388	1391	3	0.04645107
1388	1391	4	0.032205768
1388	1392	0	0.4227115
1388	1392	1	0.013196674
1388	1392	2	0.02898501
1388	1392	3	0.510707
1388	1392	4	0.024560723
1388	1393	0	0.13329332
1388	1393	1	0.33644375
1388	1393	2	0.09278492
1388	1393	3	0.39194936
1388	1393	4	0.045671254
1388	1394	0	0.22550777
1388	1394	1	0.5161116
1388	1394	2	0.104267724
1388	1394	3	0.101396695
1388	1394	4	0.05275402
1389	1390	0	0.05513729
1389	1390	1	0.70317173
1389	1390	2	0.12171003
1389	1390	3	0.07677371
1389	1390	4	0.048619337
1389	1391	0	0.18295139
1389	1391	1	0.31368846
1389	1391	2	0.3285463
1389	1391	3	0.12882604
1389	1391	4	0.05000458
1389	1392	0	0.048836328
1389	1392	1	0.024664937
1389	1392	2	0.026172124
1389	1392	3	0.8839534
1389	1392	4	0.019280553
1389	1393	0	0.044813436
1389	1393	1	0.54408073
1389	1393	2	0.05426417
1389	1393	3	0.31224087
1389	1393	4	0.04907247
1389	1394	0	0.061391845
1389	1394	1	0.7130593
1389	1394	2	0.07818648
1389	1394	3	0.10264447
1389	1394	4	0.05111715
1390	1391	0	0.71574914
1390	1391	1	0.057961553
1390	1391	2	0.13162209
1390	1391	3	0.050366923
1390	1391	4	0.04949744
1390	1392	0	0.19848706
1390	1392	1	0.024269108
1390	1392	2	0.02924261
1390	1392	3	0.71902156
1390	1392	4	0.03219527
1390	1393	0	0.07813729
1390	1393	1	0.19104679
1390	1393	2	0.08369797
1390	1393	3	0.59824485
1390	1393	4	0.051967587
1390	1394	0	0.32736337
1390	1394	1	0.29403445
1390	1394	2	0.1143819
1390	1394	3	0.20403215
1390	1394	4	0.06453455
1391	1392	0	0.061127353
1391	1392	1	0.0327042
1391	1392	2	0.020151902
1391	1392	3	0.8684528
1391	1392	4	0.02013268
1391	1393	0	0.04242681
1391	1393	1	0.6430963
1391	1393	2	0.03202984
1391	1393	3	0.24100268
1391	1393	4	0.04601857
1391	1394	0	0.075106636
1391	1394	1	0.7364821
1391	1394	2	0.030503603
1391	1394	3	0.10948948
1391	1394	4	0.05583987
1392	1393	0	0.039723232
1392	1393	1	0.38092065
1392	1393	2	0.2884233
1392	1393	3	0.22699393
1392	1393	4	0.0678372
1392	1394	0	0.05205681
1392	1394	1	0.5238973
1392	1394	2	0.2908545
1392	1394	3	0.0815732
1392	1394	4	0.055934597
1393	1394	0	0.24701421
1393	1394	1	0.14268425
1393	1394	2	0.45391637
1393	1394	3	0.08596648
1393	1394	4	0.07353922
1389	1395	0	0.19183402
1389	1395	1	0.11129267
1389	1395	2	0.05637622
1389	1395	3	0.6144173
1389	1395	4	0.025841383
1389	1396	0	0.5900527
1389	1396	1	0.045369677
1389	1396	2	0.087025374
1389	1396	3	0.24421163
1389	1396	4	0.032992385
1390	1395	0	0.72180456
1390	1395	1	0.013339997
1390	1395	2	0.027302153
1390	1395	3	0.22103366
1390	1395	4	0.016376296
1390	1396	0	0.8837797
1390	1396	1	0.011931955
1390	1396	2	0.028678127
1390	1396	3	0.059956606
1390	1396	4	0.01518646
1391	1395	0	0.37805438
1391	1395	1	0.052490175
1391	1395	2	0.023891993
1391	1395	3	0.52518296
1391	1395	4	0.020166049
1391	1396	0	0.6172687
1391	1396	1	0.057714876
1391	1396	2	0.05973574
1391	1396	3	0.22030337
1391	1396	4	0.044798627
1392	1395	0	0.28829944
1392	1395	1	0.052103635
1392	1395	2	0.30798694
1392	1395	3	0.3074338
1392	1395	4	0.044159904
1392	1396	0	0.53580076
1392	1396	1	0.024838477
1392	1396	2	0.2806093
1392	1396	3	0.12865035
1392	1396	4	0.030119443
1393	1395	0	0.6061034
1393	1395	1	0.022427727
1393	1395	2	0.1754956
1393	1395	3	0.15745488
1393	1395	4	0.038567714
1393	1396	0	0.816571
1393	1396	1	0.01032469
1393	1396	2	0.10879328
1393	1396	3	0.042049862
1393	1396	4	0.022042243
1394	1395	0	0.787268
1394	1395	1	0.012693836
1394	1395	2	0.029274818
1394	1395	3	0.15255858
1394	1395	4	0.018128581
1394	1396	0	0.91707534
1394	1396	1	0.005866011
1394	1396	2	0.024444733
1394	1396	3	0.04229492
1394	1396	4	0.01024322
1395	1396	0	0.65502936
1395	1396	1	0.062139325
1395	1396	2	0.17996918
1395	1396	3	0.06599542
1395	1396	4	0.03562047
1395	1397	0	0.21155423
1395	1397	1	0.10809928
1395	1397	2	0.6158273
1395	1397	3	0.034440972
1395	1397	4	0.030167596
1395	1398	0	0.17252381
1395	1398	1	0.1406253
1395	1398	2	0.5485215
1395	1398	3	0.10321653
1395	1398	4	0.03519532
1395	1399	0	0.016386835
1395	1399	1	0.68427384
1395	1399	2	0.24628833
1395	1399	3	0.030451536
1395	1399	4	0.02271214
1395	1400	0	0.016722424
1395	1400	1	0.5713428
1395	1400	2	0.34495422
1395	1400	3	0.03789758
1395	1400	4	0.029199533
1395	1401	0	0.027502855
1395	1401	1	0.67908996
1395	1401	2	0.16850416
1395	1401	3	0.09384096
1395	1401	4	0.03122603
1395	1402	0	0.06728206
1395	1402	1	0.26565033
1395	1402	2	0.3295737
1395	1402	3	0.2820074
1395	1402	4	0.05557863
1396	1397	0	0.057483353
1396	1397	1	0.49912202
1396	1397	2	0.37982342
1396	1397	3	0.036769807
1396	1397	4	0.026791835
1396	1398	0	0.042059094
1396	1398	1	0.53293276
1396	1398	2	0.3013659
1396	1398	3	0.09203134
1396	1398	4	0.031657122
1396	1399	0	0.0045268084
1396	1399	1	0.9133051
1396	1399	2	0.058139388
1396	1399	3	0.013680036
1396	1399	4	0.010449389
1396	1400	0	0.0049462514
1396	1400	1	0.8907513
1396	1400	2	0.07235732
1396	1400	3	0.018967733
1396	1400	4	0.013166
1396	1401	0	0.004515257
1396	1401	1	0.9213579
1396	1401	2	0.028911918
1396	1401	3	0.03511529
1396	1401	4	0.010326969
1396	1402	0	0.013131162
1396	1402	1	0.70639396
1396	1402	2	0.08148992
1396	1402	3	0.17091662
1396	1402	4	0.028204141
1397	1398	0	0.12587687
1397	1398	1	0.30621463
1397	1398	2	0.07396222
1397	1398	3	0.453073
1397	1398	4	0.039626405
1397	1399	0	0.016221814
1397	1399	1	0.93319833
1397	1399	2	0.013593758
1397	1399	3	0.016656548
1397	1399	4	0.01868034
1397	1400	0	0.01851418
1397	1400	1	0.9118862
1397	1400	2	0.023423126
1397	1400	3	0.022606887
1397	1400	4	0.021971323
1397	1401	0	0.02096077
1397	1401	1	0.8847903
1397	1401	2	0.011267133
1397	1401	3	0.057879824
1397	1401	4	0.023533296
1397	1402	0	0.030127807
1397	1402	1	0.5905782
1397	1402	2	0.03517098
1397	1402	3	0.30900648
1397	1402	4	0.034025144
1398	1399	0	0.018554663
1398	1399	1	0.91548413
1398	1399	2	0.024315204
1398	1399	3	0.016260786
1398	1399	4	0.02350747
1398	1400	0	0.019932859
1398	1400	1	0.8749321
1398	1400	2	0.05324762
1398	1400	3	0.024065932
1398	1400	4	0.026171857
1398	1401	0	0.020754224
1398	1401	1	0.8872072
1398	1401	2	0.019627826
1398	1401	3	0.044470146
1398	1401	4	0.026169783
1398	1402	0	0.038919847
1398	1402	1	0.5404078
1398	1402	2	0.06579218
1398	1402	3	0.30527148
1398	1402	4	0.048415177
1399	1400	0	0.114949815
1399	1400	1	0.68409437
1399	1400	2	0.09760698
1399	1400	3	0.066497535
1399	1400	4	0.03517831
1399	1401	0	0.10062771
1399	1401	1	0.65772384
1399	1401	2	0.034363434
1399	1401	3	0.17410533
1399	1401	4	0.031693295
1399	1402	0	0.271144
1399	1402	1	0.102882475
1399	1402	2	0.060270075
1399	1402	3	0.5265754
1399	1402	4	0.038035512
1400	1401	0	0.09541771
1400	1401	1	0.58527327
1400	1401	2	0.03748448
1400	1401	3	0.2457834
1400	1401	4	0.034577135
1400	1402	0	0.14370608
1400	1402	1	0.14716198
1400	1402	2	0.06401647
1400	1402	3	0.60704917
1400	1402	4	0.037173856
1401	1402	0	0.40032855
1401	1402	1	0.07196653
1401	1402	2	0.109656386
1401	1402	3	0.3681148
1401	1402	4	0.04876755
1403	1404	0	0.09027506
1403	1404	1	0.31681368
1403	1404	2	0.16946313
1403	1404	3	0.3834048
1403	1404	4	0.04013698
1403	1405	0	0.75745535
1403	1405	1	0.030792188
1403	1405	2	0.028714092
1403	1405	3	0.16744237
1403	1405	4	0.015756521
1403	1406	0	0.468495
1403	1406	1	0.106431454
1403	1406	2	0.10371251
1403	1406	3	0.29443577
1403	1406	4	0.027098278
1403	1407	0	0.18955664
1403	1407	1	0.086576305
1403	1407	2	0.042486344
1403	1407	3	0.66068333
1403	1407	4	0.02083374
1403	1408	0	0.029939396
1403	1408	1	0.80126446
1403	1408	2	0.04047529
1403	1408	3	0.113762565
1403	1408	4	0.014838565
1403	1409	0	0.019448405
1403	1409	1	0.84260726
1403	1409	2	0.036308642
1403	1409	3	0.08818733
1403	1409	4	0.013717214
1404	1405	0	0.8317866
1404	1405	1	0.017298212
1404	1405	2	0.0280818
1404	1405	3	0.11106795
1404	1405	4	0.011953332
1404	1406	0	0.7241001
1404	1406	1	0.02965936
1404	1406	2	0.082275696
1404	1406	3	0.14437062
1404	1406	4	0.019768784
1404	1407	0	0.29129118
1404	1407	1	0.03739527
1404	1407	2	0.06104169
1404	1407	3	0.5897838
1404	1407	4	0.020606104
1404	1408	0	0.094282374
1404	1408	1	0.54461795
1404	1408	2	0.09792567
1404	1408	3	0.23859894
1404	1408	4	0.02476613
1404	1409	0	0.049947094
1404	1409	1	0.6862711
1404	1409	2	0.07853627
1404	1409	3	0.16279331
1404	1409	4	0.022714056
1405	1406	0	0.050024603
1405	1406	1	0.5344404
1405	1406	2	0.300052
1405	1406	3	0.07984546
1405	1406	4	0.035793733
1405	1407	0	0.033436537
1405	1407	1	0.5861456
1405	1407	2	0.13491023
1405	1407	3	0.21558148
1405	1407	4	0.03009469
1405	1408	0	0.0045997063
1405	1408	1	0.92847353
1405	1408	2	0.041218508
1405	1408	3	0.017357064
1405	1408	4	0.008581815
1405	1409	0	0.0036482671
1405	1409	1	0.9273705
1405	1409	2	0.041691996
1405	1409	3	0.017663643
1405	1409	4	0.009888704
1406	1407	0	0.09112453
1406	1407	1	0.22453919
1406	1407	2	0.051957835
1406	1407	3	0.611138
1406	1407	4	0.021341158
1406	1408	0	0.004819406
1406	1408	1	0.93875694
1406	1408	2	0.020609517
1406	1408	3	0.02852136
1406	1408	4	0.007485264
1406	1409	0	0.0038143408
1406	1409	1	0.9411325
1406	1409	2	0.020809785
1406	1409	3	0.02722058
1406	1409	4	0.007278524
1407	1408	0	0.014622739
1407	1408	1	0.87207574
1407	1408	2	0.050811294
1407	1408	3	0.04619773
1407	1408	4	0.016424635
1407	1409	0	0.007487608
1407	1409	1	0.86623126
1407	1409	2	0.06563003
1407	1409	3	0.04219775
1407	1409	4	0.018640088
1408	1409	0	0.065868445
1408	1409	1	0.66221124
1408	1409	2	0.08966495
1408	1409	3	0.14589219
1408	1409	4	0.03649703
1403	1410	0	0.219958
1403	1410	1	0.514999
1403	1410	2	0.118655376
1403	1410	3	0.12315951
1403	1410	4	0.023260646
1403	1411	0	0.5442054
1403	1411	1	0.14787653
1403	1411	2	0.05197052
1403	1411	3	0.23565707
1403	1411	4	0.020308245
1403	1412	0	0.045726538
1403	1412	1	0.7836418
1403	1412	2	0.061744004
1403	1412	3	0.0921703
1403	1412	4	0.016724136
1403	1413	0	0.9116043
1403	1413	1	0.0071688043
1403	1413	2	0.011300965
1403	1413	3	0.061716862
1403	1413	4	0.008196116
1403	1414	0	0.62653315
1403	1414	1	0.032130208
1403	1414	2	0.047882967
1403	1414	3	0.27712628
1403	1414	4	0.016292822
1404	1410	0	0.5208622
1404	1410	1	0.15101828
1404	1410	2	0.17184825
1404	1410	3	0.13259731
1404	1410	4	0.023680855
1404	1411	0	0.7304207
1404	1411	1	0.042400423
1404	1411	2	0.056311555
1404	1411	3	0.15507992
1404	1411	4	0.01587011
1404	1412	0	0.2714717
1404	1412	1	0.33533868
1404	1412	2	0.14984708
1404	1412	3	0.20923194
1404	1412	4	0.034102138
1404	1413	0	0.91565263
1404	1413	1	0.004784764
1404	1413	2	0.015270577
1404	1413	3	0.056123182
1404	1413	4	0.008197678
1404	1414	0	0.71543115
1404	1414	1	0.011026609
1404	1414	2	0.0461883
1404	1414	3	0.2139742
1404	1414	4	0.013367078
1405	1410	0	0.01182503
1405	1410	1	0.83565277
1405	1410	2	0.11626976
1405	1410	3	0.019821275
1405	1410	4	0.016519817
1405	1411	0	0.03709538
1405	1411	1	0.77071
1405	1411	2	0.12117053
1405	1411	3	0.049064342
1405	1411	4	0.022032725
1405	1412	0	0.010208511
1405	1412	1	0.82040465
1405	1412	2	0.12928769
1405	1412	3	0.020504488
1405	1412	4	0.019657943
1405	1413	0	0.5909684
1405	1413	1	0.0933569
1405	1413	2	0.13119544
1405	1413	3	0.14456119
1405	1413	4	0.03995988
1405	1414	0	0.09284862
1405	1414	1	0.36319706
1405	1414	2	0.28434008
1405	1414	3	0.21618944
1405	1414	4	0.043417886
1406	1410	0	0.021139894
1406	1410	1	0.8567791
1406	1410	2	0.067509726
1406	1410	3	0.04073724
1406	1410	4	0.013874107
1406	1411	0	0.20214891
1406	1411	1	0.5469341
1406	1411	2	0.059991274
1406	1411	3	0.17195079
1406	1411	4	0.01899035
1406	1412	0	0.01288599
1406	1412	1	0.9094545
1406	1412	2	0.036478437
1406	1412	3	0.031647008
1406	1412	4	0.009645995
1406	1413	0	0.88490134
1406	1413	1	0.01636016
1406	1413	2	0.014110906
1406	1413	3	0.07513286
1406	1413	4	0.009621696
1406	1414	0	0.42964742
1406	1414	1	0.08183801
1406	1414	2	0.079049766
1406	1414	3	0.3861527
1406	1414	4	0.023334276
1407	1410	0	0.049222324
1407	1410	1	0.58649814
1407	1410	2	0.2758045
1407	1410	3	0.04962463
1407	1410	4	0.03884079
1407	1411	0	0.27128989
1407	1411	1	0.2976751
1407	1411	2	0.22361112
1407	1411	3	0.16135158
1407	1411	4	0.046049032
1407	1412	0	0.020110106
1407	1412	1	0.7941269
1407	1412	2	0.1218993
1407	1412	3	0.037345685
1407	1412	4	0.026597556
1407	1413	0	0.8985817
1407	1413	1	0.0110099185
1407	1413	2	0.028360698
1407	1413	3	0.0477785
1407	1413	4	0.014386375
1407	1414	0	0.5243501
1407	1414	1	0.040446434
1407	1414	2	0.19105314
1407	1414	3	0.20742561
1407	1414	4	0.03675721
1408	1410	0	0.627218
1408	1410	1	0.105658725
1408	1410	2	0.13461895
1408	1410	3	0.099924
1408	1410	4	0.032604214
1408	1411	0	0.8297879
1408	1411	1	0.025017416
1408	1411	2	0.03386101
1408	1411	3	0.09030743
1408	1411	4	0.02101741
1408	1412	0	0.44053212
1408	1412	1	0.24511257
1408	1412	2	0.13869862
1408	1412	3	0.13370992
1408	1412	4	0.04192072
1408	1413	0	0.9546742
1408	1413	1	0.00269224
1408	1413	2	0.009550756
1408	1413	3	0.026060477
1408	1413	4	0.007088963
1408	1414	0	0.86088187
1408	1414	1	0.0060863895
1408	1414	2	0.024876734
1408	1414	3	0.09679502
1408	1414	4	0.011479613
1409	1410	0	0.77813894
1409	1410	1	0.04748112
1409	1410	2	0.0798877
1409	1410	3	0.05922381
1409	1410	4	0.0352476
1409	1411	0	0.90599567
1409	1411	1	0.012018476
1409	1411	2	0.022966813
1409	1411	3	0.044226617
1409	1411	4	0.014765375
1409	1412	0	0.6865081
1409	1412	1	0.08569497
1409	1412	2	0.095769234
1409	1412	3	0.08272504
1409	1412	4	0.04933799
1409	1413	0	0.95892906
1409	1413	1	0.0021830979
1409	1413	2	0.010371661
1409	1413	3	0.02102941
1409	1413	4	0.007582966
1409	1414	0	0.91446716
1409	1414	1	0.004009202
1409	1414	2	0.02067492
1409	1414	3	0.050784808
1409	1414	4	0.01016677
1410	1411	0	0.86331844
1410	1411	1	0.03245107
1410	1411	2	0.011174067
1410	1411	3	0.07324902
1410	1411	4	0.017884988
1410	1412	0	0.16196749
1410	1412	1	0.6771958
1410	1412	2	0.04705875
1410	1412	3	0.08586071
1410	1412	4	0.026163626
1410	1413	0	0.93124694
1410	1413	1	0.0134631395
1410	1413	2	0.0052948333
1410	1413	3	0.031999547
1410	1413	4	0.016247146
1410	1414	0	0.80652255
1410	1414	1	0.024818659
1410	1414	2	0.015599826
1410	1414	3	0.12930912
1410	1414	4	0.021790681
1411	1412	0	0.022561952
1411	1412	1	0.8940694
1411	1412	2	0.040334642
1411	1412	3	0.01979778
1411	1412	4	0.021276075
1411	1413	0	0.9219063
1411	1413	1	0.016566342
1411	1413	2	0.011375259
1411	1413	3	0.029941587
1411	1413	4	0.018411871
1411	1414	0	0.69306207
1411	1414	1	0.060202982
1411	1414	2	0.055969015
1411	1414	3	0.1589782
1411	1414	4	0.030010363
1412	1413	0	0.94791996
1412	1413	1	0.011354764
1412	1413	2	0.004599892
1412	1413	3	0.01732793
1412	1413	4	0.016764548
1412	1414	0	0.88518846
1412	1414	1	0.016682519
1412	1414	2	0.014343405
1412	1414	3	0.063187405
1412	1414	4	0.018912135
1413	1414	0	0.026741758
1413	1414	1	0.7826107
1413	1414	2	0.08867925
1413	1414	3	0.06501068
1413	1414	4	0.035208955
1410	1415	0	0.5971073
1410	1415	1	0.076736145
1410	1415	2	0.12060152
1410	1415	3	0.16087437
1410	1415	4	0.04470531
1411	1415	0	0.42370525
1411	1415	1	0.13854603
1411	1415	2	0.2761531
1411	1415	3	0.122056834
1411	1415	4	0.039576408
1412	1415	0	0.70619214
1412	1415	1	0.057617772
1412	1415	2	0.08840783
1412	1415	3	0.090554975
1412	1415	4	0.057188727
1413	1415	0	0.02477328
1413	1415	1	0.64804024
1413	1415	2	0.24120082
1413	1415	3	0.05126836
1413	1415	4	0.0348289
1414	1415	0	0.08587576
1414	1415	1	0.43215585
1414	1415	2	0.3260714
1414	1415	3	0.1265269
1414	1415	4	0.029489705
1415	1416	0	0.038971826
1415	1416	1	0.5983293
1415	1416	2	0.18923643
1415	1416	3	0.14690483
1415	1416	4	0.026492989
1415	1417	0	0.107701145
1415	1417	1	0.5153197
1415	1417	2	0.2698253
1415	1417	3	0.08610783
1415	1417	4	0.021022774
1415	1418	0	0.71477777
1415	1418	1	0.07533812
1415	1418	2	0.07135544
1415	1418	3	0.08588103
1415	1418	4	0.052590393
1415	1419	0	0.15095407
1415	1419	1	0.5832206
1415	1419	2	0.110043846
1415	1419	3	0.1105195
1415	1419	4	0.04527609
1416	1417	0	0.40142572
1416	1417	1	0.122672275
1416	1417	2	0.28078705
1416	1417	3	0.14776294
1416	1417	4	0.047504053
1416	1418	0	0.8918392
1416	1418	1	0.037516654
1416	1418	2	0.011620885
1416	1418	3	0.021976244
1416	1418	4	0.03795902
1416	1419	0	0.5847949
1416	1419	1	0.14417507
1416	1419	2	0.08145721
1416	1419	3	0.14074174
1416	1419	4	0.048996285
1416	1420	0	0.40147847
1416	1420	1	0.11521484
1416	1420	2	0.11740021
1416	1420	3	0.3252066
1416	1420	4	0.040568043
1416	1421	0	0.36115518
1416	1421	1	0.15973833
1416	1421	2	0.11811345
1416	1421	3	0.31908524
1416	1421	4	0.04179424
1416	1422	0	0.34751493
1416	1422	1	0.09836992
1416	1422	2	0.38003737
1416	1422	3	0.1416761
1416	1422	4	0.032286614
1417	1418	0	0.9000977
1417	1418	1	0.037045844
1417	1418	2	0.0027776074
1417	1418	3	0.024721876
1417	1418	4	0.035687145
1417	1419	0	0.6061927
1417	1419	1	0.20410042
1417	1419	2	0.027142473
1417	1419	3	0.11777456
1417	1419	4	0.044854335
1418	1419	0	0.039555755
1418	1419	1	0.8936867
1418	1419	2	0.022874732
1418	1419	3	0.0060722954
1418	1419	4	0.038278837
1417	1420	0	0.33374155
1417	1420	1	0.18864486
1417	1420	2	0.04603148
1417	1420	3	0.40375638
1417	1420	4	0.027725244
1417	1421	0	0.22552924
1417	1421	1	0.4389549
1417	1421	2	0.0330718
1417	1421	3	0.28098598
1417	1421	4	0.021430077
1417	1422	0	0.17007118
1417	1422	1	0.5057831
1417	1422	2	0.14281867
1417	1422	3	0.15874438
1417	1422	4	0.022557853
1418	1420	0	0.044733305
1418	1420	1	0.7982178
1418	1420	2	0.061972413
1418	1420	3	0.051163215
1418	1420	4	0.043772094
1418	1421	0	0.011514531
1418	1421	1	0.9363093
1418	1421	2	0.023465754
1418	1421	3	0.016214706
1418	1421	4	0.0123738125
1418	1422	0	0.009405501
1418	1422	1	0.9025401
1418	1422	2	0.060892686
1418	1422	3	0.013910627
1418	1422	4	0.013140463
1419	1420	0	0.33492714
1419	1420	1	0.46154648
1419	1420	2	0.051149968
1419	1420	3	0.11462569
1419	1420	4	0.037658416
1419	1421	0	0.12576748
1419	1421	1	0.73761153
1419	1421	2	0.04048909
1419	1421	3	0.061212063
1419	1421	4	0.03492937
1419	1422	0	0.10630923
1419	1422	1	0.69314915
1419	1422	2	0.12808149
1419	1422	3	0.04274312
1419	1422	4	0.029723424
1420	1421	0	0.24168135
1420	1421	1	0.55639166
1420	1421	2	0.057843927
1420	1421	3	0.07817326
1420	1421	4	0.072540484
1420	1422	0	0.070384316
1420	1422	1	0.56650877
1420	1422	2	0.2787151
1420	1422	3	0.03063831
1420	1422	4	0.05885403
1421	1422	0	0.30619085
1421	1422	1	0.31490967
1421	1422	2	0.2717959
1421	1422	3	0.051066075
1421	1422	4	0.06119276
1420	1423	0	0.87378514
1420	1423	1	0.020498218
1420	1423	2	0.032700334
1420	1423	3	0.049650155
1420	1423	4	0.023165368
1420	1424	0	0.09405043
1420	1424	1	0.47419846
1420	1424	2	0.13598464
1420	1424	3	0.24118586
1420	1424	4	0.05454745
1420	1425	0	0.07653546
1420	1425	1	0.5740052
1420	1425	2	0.24487741
1420	1425	3	0.055937026
1420	1425	4	0.04858595
1421	1423	0	0.9218186
1421	1423	1	0.0131402705
1421	1423	2	0.017880801
1421	1423	3	0.03158521
1421	1423	4	0.015526218
1421	1424	0	0.3519273
1421	1424	1	0.23491484
1421	1424	2	0.0857128
1421	1424	3	0.29046068
1421	1424	4	0.03688914
1421	1425	0	0.32966107
1421	1425	1	0.35485205
1421	1425	2	0.22852749
1421	1425	3	0.055163562
1421	1425	4	0.031734515
1422	1423	0	0.90482515
1422	1423	1	0.0069160806
1422	1423	2	0.010590393
1422	1423	3	0.067477785
1422	1423	4	0.010150639
1422	1424	0	0.16563304
1422	1424	1	0.138181
1422	1424	2	0.03354748
1422	1424	3	0.6445344
1422	1424	4	0.018133378
1422	1425	0	0.26825032
1422	1425	1	0.3809556
1422	1425	2	0.16767439
1422	1425	3	0.15486845
1422	1425	4	0.028258061
1423	1424	0	0.056982227
1423	1424	1	0.8024144
1423	1424	2	0.053357285
1423	1424	3	0.035209194
1423	1424	4	0.06238327
1423	1425	0	0.05569282
1423	1425	1	0.74901766
1423	1425	2	0.12547813
1423	1425	3	0.018934583
1423	1425	4	0.060283158
1424	1425	0	0.35110635
1424	1425	1	0.0910794
1424	1425	2	0.46857333
1424	1425	3	0.04088542
1424	1425	4	0.054699723
1423	1426	0	0.15846905
1423	1426	1	0.5429237
1423	1426	2	0.17256969
1423	1426	3	0.0669039
1423	1426	4	0.058975097
1423	1427	0	0.1288856
1423	1427	1	0.57417357
1423	1427	2	0.15184309
1423	1427	3	0.08165809
1423	1427	4	0.06334496
1423	1428	0	0.07982634
1423	1428	1	0.67935294
1423	1428	2	0.107717834
1423	1428	3	0.07175159
1423	1428	4	0.06114755
1423	1429	0	0.042709682
1423	1429	1	0.76881933
1423	1429	2	0.08989574
1423	1429	3	0.055869002
1423	1429	4	0.042421624
1423	1430	0	0.010315715
1423	1430	1	0.8385985
1423	1430	2	0.117075525
1423	1430	3	0.01673068
1423	1430	4	0.016952856
1423	1431	0	0.0075638057
1423	1431	1	0.8419502
1423	1431	2	0.0904591
1423	1431	3	0.04027089
1423	1431	4	0.019536277
1423	1432	0	0.009275792
1423	1432	1	0.7917744
1423	1432	2	0.10723834
1423	1432	3	0.067756236
1423	1432	4	0.023961013
1423	1433	0	0.034702882
1423	1433	1	0.41049638
1423	1433	2	0.15292467
1423	1433	3	0.35350776
1423	1433	4	0.04836803
1424	1426	0	0.88163114
1424	1426	1	0.013704283
1424	1426	2	0.060299553
1424	1426	3	0.023144782
1424	1426	4	0.020993982
1424	1427	0	0.86670476
1424	1427	1	0.013220787
1424	1427	2	0.06786322
1424	1427	3	0.03146438
1424	1427	4	0.020519434
1424	1428	0	0.8255627
1424	1428	1	0.027065778
1424	1428	2	0.08871104
1424	1428	3	0.03692146
1424	1428	4	0.021621818
1424	1429	0	0.7881086
1424	1429	1	0.03681721
1424	1429	2	0.0996947
1424	1429	3	0.05447947
1424	1429	4	0.020568658
1424	1430	0	0.27116
1424	1430	1	0.09953712
1424	1430	2	0.5664162
1424	1430	3	0.034590695
1424	1430	4	0.028216444
1424	1431	0	0.12200394
1424	1431	1	0.14166646
1424	1431	2	0.5291969
1424	1431	3	0.1623302
1424	1431	4	0.044627465
1424	1432	0	0.09838464
1424	1432	1	0.11409243
1424	1432	2	0.5095388
1424	1432	3	0.23305087
1424	1432	4	0.044864602
1424	1433	0	0.25301304
1424	1433	1	0.022937346
1424	1433	2	0.119017914
1424	1433	3	0.56986237
1424	1433	4	0.034985054
1425	1426	0	0.88314563
1425	1426	1	0.016313052
1425	1426	2	0.017173164
1425	1426	3	0.06970662
1425	1426	4	0.013252123
1425	1427	0	0.8520676
1425	1427	1	0.019580828
1425	1427	2	0.02006691
1425	1427	3	0.09371872
1425	1427	4	0.014244671
1425	1428	0	0.795585
1425	1428	1	0.047455795
1425	1428	2	0.018486705
1425	1428	3	0.12279864
1425	1428	4	0.01555439
1425	1429	0	0.6015163
1425	1429	1	0.087046534
1425	1429	2	0.033780675
1425	1429	3	0.25885803
1425	1429	4	0.018593641
1425	1430	0	0.18605942
1425	1430	1	0.469523
1425	1430	2	0.19761057
1425	1430	3	0.12169181
1425	1430	4	0.025158796
1425	1431	0	0.04147708
1425	1431	1	0.3102384
1425	1431	2	0.12558903
1425	1431	3	0.49490434
1425	1431	4	0.02759762
1425	1432	0	0.029553398
1425	1432	1	0.20704778
1425	1432	2	0.086436115
1425	1432	3	0.65080523
1425	1432	4	0.025959328
1425	1433	0	0.049622983
1425	1433	1	0.029515564
1425	1433	2	0.026511492
1425	1433	3	0.87791514
1425	1433	4	0.016107494
1426	1427	0	0.12464159
1426	1427	1	0.6623101
1426	1427	2	0.10025922
1426	1427	3	0.05184613
1426	1427	4	0.06037611
1426	1428	0	0.056169186
1426	1428	1	0.8233468
1426	1428	2	0.04771464
1426	1428	3	0.028521966
1426	1428	4	0.0438575
1426	1429	0	0.041095473
1426	1429	1	0.8579926
1426	1429	2	0.03648825
1426	1429	3	0.024905838
1426	1429	4	0.03946529
1426	1430	0	0.03546551
1426	1430	1	0.80910206
1426	1430	2	0.10385679
1426	1430	3	0.012200138
1426	1430	4	0.03933138
1426	1431	0	0.034574043
1426	1431	1	0.8179503
1426	1431	2	0.069168754
1426	1431	3	0.032856744
1426	1431	4	0.045644168
1426	1432	0	0.03304581
1426	1432	1	0.80735445
1426	1432	2	0.063031346
1426	1432	3	0.050751615
1426	1432	4	0.04580974
1426	1433	0	0.039417673
1426	1433	1	0.5302769
1426	1433	2	0.06986208
1426	1433	3	0.31113806
1426	1433	4	0.049287356
1427	1428	0	0.054616366
1427	1428	1	0.8296695
1427	1428	2	0.045247305
1427	1428	3	0.026908407
1427	1428	4	0.043287233
1427	1429	0	0.04130393
1427	1429	1	0.83082265
1427	1429	2	0.052774988
1427	1429	3	0.03578294
1427	1429	4	0.03894118
1427	1430	0	0.036368936
1427	1430	1	0.77946824
1427	1430	2	0.12768449
1427	1430	3	0.013714883
1427	1430	4	0.042753566
1427	1431	0	0.02758436
1427	1431	1	0.7968657
1427	1431	2	0.09036385
1427	1431	3	0.041726384
1427	1431	4	0.043217763
1427	1432	0	0.032551747
1427	1432	1	0.78013116
1427	1432	2	0.080085926
1427	1432	3	0.059297726
1427	1432	4	0.04787093
1427	1433	0	0.038961615
1427	1433	1	0.48782724
1427	1433	2	0.07313264
1427	1433	3	0.3483623
1427	1433	4	0.051701196
1428	1429	0	0.05770882
1428	1429	1	0.79824966
1428	1429	2	0.055824127
1428	1429	3	0.04483104
1428	1429	4	0.043245498
1428	1430	0	0.040838737
1428	1430	1	0.73925203
1428	1430	2	0.16518119
1428	1430	3	0.014545936
1428	1430	4	0.040073466
1428	1431	0	0.031366635
1428	1431	1	0.76353806
1428	1431	2	0.10394361
1428	1431	3	0.05691714
1428	1431	4	0.044129588
1428	1432	0	0.034003463
1428	1432	1	0.7565789
1428	1432	2	0.08445113
1428	1432	3	0.07958843
1428	1432	4	0.04536147
1428	1433	0	0.045490686
1428	1433	1	0.39004368
1428	1433	2	0.081705585
1428	1433	3	0.43546093
1428	1433	4	0.047147818
1429	1430	0	0.07198486
1429	1430	1	0.5210405
1429	1430	2	0.3448111
1429	1430	3	0.02070387
1429	1430	4	0.040857047
1429	1431	0	0.034652755
1429	1431	1	0.6035475
1429	1431	2	0.2116063
1429	1431	3	0.10557127
1429	1431	4	0.04395335
1429	1432	0	0.039306536
1429	1432	1	0.58731425
1429	1432	2	0.17019255
1429	1432	3	0.15672193
1429	1432	4	0.046404313
1429	1433	0	0.052932274
1429	1433	1	0.16169529
1429	1433	2	0.09764745
1429	1433	3	0.6502004
1429	1433	4	0.03758969
1430	1431	0	0.058212608
1430	1431	1	0.23356985
1430	1431	2	0.09842317
1430	1431	3	0.575103
1430	1431	4	0.034329433
1430	1432	0	0.038651332
1430	1432	1	0.17971826
1430	1432	2	0.0642525
1430	1432	3	0.68691516
1430	1432	4	0.030574545
1430	1433	0	0.06421745
1430	1433	1	0.031557575
1430	1433	2	0.024018997
1430	1433	3	0.8633276
1430	1433	4	0.018464783
1431	1432	0	0.028752374
1431	1432	1	0.41142496
1431	1432	2	0.27792153
1431	1432	3	0.23697716
1431	1432	4	0.044617742
1431	1433	0	0.1346959
1431	1433	1	0.023074461
1431	1433	2	0.055215605
1431	1433	3	0.7636845
1431	1433	4	0.023402683
1432	1433	0	0.32971224
1432	1433	1	0.0230941
1432	1433	2	0.04789446
1432	1433	3	0.56575686
1432	1433	4	0.033403262
1426	1434	0	0.014690716
1426	1434	1	0.6248899
1426	1434	2	0.06878921
1426	1434	3	0.24541803
1426	1434	4	0.046289414
1426	1435	0	0.029122278
1426	1435	1	0.67100203
1426	1435	2	0.10698318
1426	1435	3	0.15587604
1426	1435	4	0.036987647
1426	1436	0	0.032656908
1426	1436	1	0.67701375
1426	1436	2	0.12956135
1426	1436	3	0.12475741
1426	1436	4	0.0359321
1426	1437	0	0.02097592
1426	1437	1	0.84001493
1426	1437	2	0.07214972
1426	1437	3	0.0389633
1426	1437	4	0.027849097
1426	1438	0	0.02032488
1426	1438	1	0.8311975
1426	1438	2	0.06835113
1426	1438	3	0.0514515
1426	1438	4	0.028697163
1427	1434	0	0.01194467
1427	1434	1	0.6156812
1427	1434	2	0.08181531
1427	1434	3	0.24081627
1427	1434	4	0.049820717
1427	1435	0	0.027517507
1427	1435	1	0.6472646
1427	1435	2	0.11307593
1427	1435	3	0.17132063
1427	1435	4	0.04082536
1427	1436	0	0.025654463
1427	1436	1	0.66054356
1427	1436	2	0.15079622
1427	1436	3	0.121843465
1427	1436	4	0.041128162
1427	1437	0	0.022053085
1427	1437	1	0.81590384
1427	1437	2	0.08603157
1427	1437	3	0.044239983
1427	1437	4	0.0316521
1427	1438	0	0.022638481
1427	1438	1	0.81194127
1427	1438	2	0.075836495
1427	1438	3	0.057764705
1427	1438	4	0.03174429
1428	1434	0	0.020991594
1428	1434	1	0.48083174
1428	1434	2	0.08900248
1428	1434	3	0.35540727
1428	1434	4	0.053840313
1428	1435	0	0.056996148
1428	1435	1	0.5150486
1428	1435	2	0.13515055
1428	1435	3	0.2462674
1428	1435	4	0.046628553
1428	1436	0	0.051698606
1428	1436	1	0.52041405
1428	1436	2	0.18960051
1428	1436	3	0.19572991
1428	1436	4	0.04264703
1428	1437	0	0.036402572
1428	1437	1	0.7634976
1428	1437	2	0.10224699
1428	1437	3	0.05706284
1428	1437	4	0.040658355
1428	1438	0	0.03473328
1428	1438	1	0.7532415
1428	1438	2	0.094675705
1428	1438	3	0.075399876
1428	1438	4	0.041800234
1429	1434	0	0.029652653
1429	1434	1	0.23469421
1429	1434	2	0.107905775
1429	1434	3	0.57002264
1429	1434	4	0.057779107
1429	1435	0	0.14792933
1429	1435	1	0.23616281
1429	1435	2	0.21911627
1429	1435	3	0.34329885
1429	1435	4	0.05357387
1429	1436	0	0.09478159
1429	1436	1	0.2421833
1429	1436	2	0.38346273
1429	1436	3	0.23603061
1429	1436	4	0.043607924
1429	1437	0	0.037873205
1429	1437	1	0.63152766
1429	1437	2	0.22491391
1429	1437	3	0.06658052
1429	1437	4	0.039013956
1429	1438	0	0.035078682
1429	1438	1	0.6328549
1429	1438	2	0.19989395
1429	1438	3	0.088926114
1429	1438	4	0.043175127
1430	1434	0	0.036075167
1430	1434	1	0.047560528
1430	1434	2	0.022133878
1430	1434	3	0.8735359
1430	1434	4	0.02047861
1430	1435	0	0.21640253
1430	1435	1	0.06030662
1430	1435	2	0.04708026
1430	1435	3	0.65141326
1430	1435	4	0.024713714
1430	1436	0	0.19387919
1430	1436	1	0.092968196
1430	1436	2	0.08598009
1430	1436	3	0.59591186
1430	1436	4	0.031292304
1430	1437	0	0.07818646
1430	1437	1	0.50673646
1430	1437	2	0.09711204
1430	1437	3	0.28286317
1430	1437	4	0.034956355
1430	1438	0	0.056290213
1430	1438	1	0.43214723
1430	1438	2	0.0709097
1430	1438	3	0.40902027
1430	1438	4	0.031704176
1431	1434	0	0.052293576
1431	1434	1	0.019002164
1431	1434	2	0.055965766
1431	1434	3	0.85032475
1431	1434	4	0.022226302
1431	1435	0	0.32344288
1431	1435	1	0.024844974
1431	1435	2	0.09124482
1431	1435	3	0.5364504
1431	1435	4	0.024090886
1431	1436	0	0.33174548
1431	1436	1	0.040599145
1431	1436	2	0.20762835
1431	1436	3	0.3862414
1431	1436	4	0.03383886
1431	1437	0	0.11248421
1431	1437	1	0.29821974
1431	1437	2	0.332717
1431	1437	3	0.22201623
1431	1437	4	0.034644347
1431	1438	0	0.11854019
1431	1438	1	0.22763272
1431	1438	2	0.2827737
1431	1438	3	0.33312023
1431	1438	4	0.03799049
1432	1434	0	0.13777155
1432	1434	1	0.021456964
1432	1434	2	0.07430835
1432	1434	3	0.72595006
1432	1434	4	0.04050269
1432	1435	0	0.5931596
1432	1435	1	0.01529099
1432	1435	2	0.072827786
1432	1435	3	0.29316008
1432	1435	4	0.025649829
1432	1436	0	0.603455
1432	1436	1	0.021164412
1432	1436	2	0.14985703
1432	1436	3	0.19149236
1432	1436	4	0.034137134
1432	1437	0	0.33570105
1432	1437	1	0.19485068
1432	1437	2	0.27445972
1432	1437	3	0.1470622
1432	1437	4	0.047951
1432	1438	0	0.35120654
1432	1438	1	0.15474533
1432	1438	2	0.24330176
1432	1438	3	0.19290458
1432	1438	4	0.057903767
1433	1434	0	0.0383329
1433	1434	1	0.057294473
1433	1434	2	0.33116835
1433	1434	3	0.5035071
1433	1434	4	0.06963316
1433	1435	0	0.20013261
1433	1435	1	0.06286527
1433	1435	2	0.41408694
1433	1435	3	0.25804907
1433	1435	4	0.06492851
1433	1436	0	0.13913268
1433	1436	1	0.0645853
1433	1436	2	0.5907561
1433	1436	3	0.1503834
1433	1436	4	0.055190064
1433	1437	0	0.05429988
1433	1437	1	0.24629812
1433	1437	2	0.5759054
1433	1437	3	0.06781229
1433	1437	4	0.0557534
1433	1438	0	0.04999273
1433	1438	1	0.25596365
1433	1438	2	0.55661637
1433	1438	3	0.07552526
1433	1438	4	0.061955355
1434	1435	0	0.24097115
1434	1435	1	0.033556253
1434	1435	2	0.48668128
1434	1435	3	0.16815746
1434	1435	4	0.07073668
1434	1436	0	0.14530383
1434	1436	1	0.03429033
1434	1436	2	0.6635124
1434	1436	3	0.09561825
1434	1436	4	0.06265847
1434	1437	0	0.042751275
1434	1437	1	0.0834492
1434	1437	2	0.78473866
1434	1437	3	0.037002005
1434	1437	4	0.053524133
1434	1438	0	0.053741228
1434	1438	1	0.08029907
1434	1438	2	0.75148064
1434	1438	3	0.050572753
1434	1438	4	0.06569799
1435	1436	0	0.097345725
1435	1436	1	0.120765686
1435	1436	2	0.42911056
1435	1436	3	0.29191026
1435	1436	4	0.061004393
1435	1437	0	0.04682227
1435	1437	1	0.42631236
1435	1437	2	0.37785903
1435	1437	3	0.08949691
1435	1437	4	0.05968846
1435	1438	0	0.055875115
1435	1438	1	0.34273803
1435	1438	2	0.3992571
1435	1438	3	0.13728093
1435	1438	4	0.06498864
1436	1437	0	0.041968353
1436	1437	1	0.5213151
1436	1437	2	0.2684971
1436	1437	3	0.11823271
1436	1437	4	0.050239902
1436	1438	0	0.050380535
1436	1438	1	0.45514444
1436	1438	2	0.24961932
1436	1438	3	0.18985689
1436	1438	4	0.055165984
1437	1438	0	0.21053591
1437	1438	1	0.3004836
1437	1438	2	0.18434179
1437	1438	3	0.23702021
1437	1438	4	0.06775294
1434	1439	0	0.15462296
1434	1439	1	0.09930222
1434	1439	2	0.6337437
1434	1439	3	0.05614613
1434	1439	4	0.05620719
1434	1440	0	0.5900555
1434	1440	1	0.012001984
1434	1440	2	0.29692522
1434	1440	3	0.062442534
1434	1440	4	0.03865427
1435	1439	0	0.11054592
1435	1439	1	0.3708634
1435	1439	2	0.34588832
1435	1439	3	0.13143678
1435	1439	4	0.041353848
1435	1440	0	0.52022284
1435	1440	1	0.035015073
1435	1440	2	0.22146565
1435	1440	3	0.187122
1435	1440	4	0.036274485
1436	1439	0	0.12152194
1436	1439	1	0.4852707
1436	1439	2	0.18735257
1436	1439	3	0.17853692
1436	1439	4	0.027422752
1436	1440	0	0.58952683
1436	1440	1	0.045605354
1436	1440	2	0.12406302
1436	1440	3	0.21233463
1436	1440	4	0.028583774
1437	1439	0	0.6690964
1437	1439	1	0.0945735
1437	1439	2	0.07375152
1437	1439	3	0.12598717
1437	1439	4	0.036523342
1437	1440	0	0.91378236
1437	1440	1	0.009184646
1437	1440	2	0.019264871
1437	1440	3	0.045476846
1437	1440	4	0.01219609
1438	1439	0	0.6930674
1438	1439	1	0.08921356
1438	1439	2	0.07007684
1438	1439	3	0.11009824
1438	1439	4	0.037482265
1438	1440	0	0.90101147
1438	1440	1	0.010578088
1438	1440	2	0.022271128
1438	1440	3	0.052057534
1438	1440	4	0.014039062
1439	1440	0	0.752
1439	1440	1	0.08121503
1439	1440	2	0.03275916
1439	1440	3	0.080973856
1439	1440	4	0.0628999
1439	1441	0	0.32237664
1439	1441	1	0.45346695
1439	1441	2	0.08812149
1439	1441	3	0.10730568
1439	1441	4	0.028698608
1439	1442	0	0.23503834
1439	1442	1	0.3570775
1439	1442	2	0.3328586
1439	1442	3	0.045772683
1439	1442	4	0.02922176
1439	1443	0	0.6819534
1439	1443	1	0.0970494
1439	1443	2	0.083889395
1439	1443	3	0.07943172
1439	1443	4	0.05750631
1440	1441	0	0.031814136
1440	1441	1	0.68184686
1440	1441	2	0.2304405
1440	1441	3	0.03056013
1440	1441	4	0.02531616
1440	1442	0	0.028229045
1440	1442	1	0.44890738
1440	1442	2	0.47722062
1440	1442	3	0.021917762
1440	1442	4	0.02370627
1440	1443	0	0.15794165
1440	1443	1	0.4979254
1440	1443	2	0.27713957
1440	1443	3	0.034283802
1440	1443	4	0.032683797
1441	1442	0	0.2933895
1441	1442	1	0.14059487
1441	1442	2	0.47493777
1441	1442	3	0.058728553
1441	1442	4	0.03173418
1441	1443	0	0.8473672
1441	1443	1	0.039885804
1441	1443	2	0.04854524
1441	1443	3	0.043433223
1441	1443	4	0.019538442
1442	1443	0	0.7497543
1442	1443	1	0.050012708
1442	1443	2	0.04058499
1442	1443	3	0.13885401
1442	1443	4	0.019831363
1441	1444	0	0.74677587
1441	1444	1	0.013891544
1441	1444	2	0.04459027
1441	1444	3	0.18102758
1441	1444	4	0.013714205
1441	1445	0	0.25475428
1441	1445	1	0.16292271
1441	1445	2	0.49199504
1441	1445	3	0.061205514
1441	1445	4	0.029122097
1442	1444	0	0.40375018
1442	1444	1	0.017407136
1442	1444	2	0.048497815
1442	1444	3	0.514567
1442	1444	4	0.015777485
1442	1445	0	0.14748715
1442	1445	1	0.29146385
1442	1445	2	0.38173547
1442	1445	3	0.14511235
1442	1445	4	0.034200717
1443	1444	0	0.533169
1443	1444	1	0.05372757
1443	1444	2	0.069121026
1443	1444	3	0.3223714
1443	1444	4	0.021633662
1443	1445	0	0.07129499
1443	1445	1	0.5665985
1443	1445	2	0.29946262
1443	1445	3	0.041154876
1443	1445	4	0.021488655
1444	1445	0	0.020401755
1444	1445	1	0.4014178
1444	1445	2	0.5105786
1444	1445	3	0.03841539
1444	1445	4	0.029170057
1446	1447	0	0.0805393
1446	1447	1	0.2565107
1446	1447	2	0.45057517
1446	1447	3	0.1753948
1446	1447	4	0.036979996
1446	1448	0	0.17737333
1446	1448	1	0.0737473
1446	1448	2	0.37542185
1446	1448	3	0.3461978
1446	1448	4	0.027259568
1446	1449	0	0.2358082
1446	1449	1	0.0121599315
1446	1449	2	0.19691584
1446	1449	3	0.52275574
1446	1449	4	0.032360278
1447	1448	0	0.7580775
1447	1448	1	0.03656472
1447	1448	2	0.03110651
1447	1448	3	0.16378611
1447	1448	4	0.010465152
1447	1449	0	0.6442195
1447	1449	1	0.008310783
1447	1449	2	0.03636597
1447	1449	3	0.2931136
1447	1449	4	0.017990053
1448	1449	0	0.30210093
1448	1449	1	0.021139523
1448	1449	2	0.10129996
1448	1449	3	0.5419587
1448	1449	4	0.033500876
1450	1451	0	0.87595063
1450	1451	1	0.017309686
1450	1451	2	0.03130241
1450	1451	3	0.06123542
1450	1451	4	0.014191401
1450	1452	0	0.7020892
1450	1452	1	0.053191893
1450	1452	2	0.09232909
1450	1452	3	0.121725425
1450	1452	4	0.030661816
1450	1453	0	0.94405234
1450	1453	1	0.0070870873
1450	1453	2	0.015259153
1450	1453	3	0.024272446
1450	1453	4	0.009440692
1450	1454	0	0.93058944
1450	1454	1	0.009384626
1450	1454	2	0.023715772
1450	1454	3	0.024638427
1450	1454	4	0.011824328
1451	1452	0	0.07872842
1451	1452	1	0.54604125
1451	1452	2	0.1879628
1451	1452	3	0.13672702
1451	1452	4	0.05051981
1451	1453	0	0.5156678
1451	1453	1	0.17534612
1451	1453	2	0.16007486
1451	1453	3	0.10103945
1451	1453	4	0.047857046
1451	1454	0	0.3906243
1451	1454	1	0.22596063
1451	1454	2	0.23214485
1451	1454	3	0.091253445
1451	1454	4	0.060023617
1452	1453	0	0.72551197
1452	1453	1	0.07799404
1452	1453	2	0.10360126
1452	1453	3	0.05659079
1452	1453	4	0.036290426
1452	1454	0	0.54267526
1452	1454	1	0.16553232
1452	1454	2	0.17869973
1452	1454	3	0.05904295
1452	1454	4	0.054029617
1453	1454	0	0.24103092
1453	1454	1	0.48280406
1453	1454	2	0.15572798
1453	1454	3	0.06495463
1453	1454	4	0.055467006
1450	1455	0	0.7212211
1450	1455	1	0.1037991
1450	1455	2	0.062040757
1450	1455	3	0.08221269
1450	1455	4	0.030730784
1450	1456	0	0.7884847
1450	1456	1	0.09213638
1450	1456	2	0.05321755
1450	1456	3	0.04327962
1450	1456	4	0.022884585
1451	1455	0	0.06413701
1451	1455	1	0.64888406
1451	1455	2	0.1538003
1451	1455	3	0.079655334
1451	1455	4	0.053503543
1451	1456	0	0.08892141
1451	1456	1	0.6713026
1451	1456	2	0.15003625
1451	1456	3	0.051782124
1451	1456	4	0.03793644
1452	1455	0	0.14217184
1452	1455	1	0.52255696
1452	1455	2	0.18997087
1452	1455	3	0.07846368
1452	1455	4	0.06684122
1452	1456	0	0.24873771
1452	1456	1	0.49057984
1452	1456	2	0.16547912
1452	1456	3	0.047695845
1452	1456	4	0.047511693
1453	1455	0	0.054412752
1453	1455	1	0.7359967
1453	1455	2	0.09269581
1453	1455	3	0.069521815
1453	1455	4	0.04735595
1453	1456	0	0.06305397
1453	1456	1	0.76711696
1453	1456	2	0.077341855
1453	1456	3	0.049005255
1453	1456	4	0.043458425
1454	1455	0	0.0808347
1454	1455	1	0.692556
1454	1455	2	0.09461414
1454	1455	3	0.08429056
1454	1455	4	0.047696248
1454	1456	0	0.0840854
1454	1456	1	0.74304634
1454	1456	2	0.07823709
1454	1456	3	0.052657288
1454	1456	4	0.041953713
1455	1456	0	0.44036496
1455	1456	1	0.3474836
1455	1456	2	0.09827369
1455	1456	3	0.061122205
1455	1456	4	0.05292061
1455	1457	0	0.23111647
1455	1457	1	0.48435852
1455	1457	2	0.112324655
1455	1457	3	0.10192002
1455	1457	4	0.07030337
1455	1458	0	0.104199454
1455	1458	1	0.5860672
1455	1458	2	0.12619147
1455	1458	3	0.09392039
1455	1458	4	0.08965427
1456	1457	0	0.23739757
1456	1457	1	0.49173352
1456	1457	2	0.100910805
1456	1457	3	0.094265305
1456	1457	4	0.07571533
1456	1458	0	0.10523449
1456	1458	1	0.5804394
1456	1458	2	0.12169744
1456	1458	3	0.09772423
1456	1458	4	0.0949346
1457	1458	0	0.0804684
1457	1458	1	0.7835539
1457	1458	2	0.05684837
1457	1458	3	0.024532126
1457	1458	4	0.060615614
1457	1459	0	0.03254512
1457	1459	1	0.85652584
1457	1459	2	0.04296674
1457	1459	3	0.035496097
1457	1459	4	0.03248816
1457	1460	0	0.033400692
1457	1460	1	0.8453657
1457	1460	2	0.046446558
1457	1460	3	0.04055877
1457	1460	4	0.034251563
1457	1461	0	0.030280966
1457	1461	1	0.85471356
1457	1461	2	0.043435846
1457	1461	3	0.038701836
1457	1461	4	0.03290385
1458	1459	0	0.07255228
1458	1459	1	0.7740739
1458	1459	2	0.06605092
1458	1459	3	0.044485807
1458	1459	4	0.04285038
1458	1460	0	0.092391744
1458	1460	1	0.74464494
1458	1460	2	0.06988702
1458	1460	3	0.053305138
1458	1460	4	0.03979128
1458	1461	0	0.056906663
1458	1461	1	0.77416956
1458	1461	2	0.07074665
1458	1461	3	0.054074768
1458	1461	4	0.04412249
1459	1460	0	0.1628159
1459	1460	1	0.69748306
1459	1460	2	0.03775432
1459	1460	3	0.051453747
1459	1460	4	0.052762054
1459	1461	0	0.06748116
1459	1461	1	0.8293411
1459	1461	2	0.02793466
1459	1461	3	0.031160852
1459	1461	4	0.04870122
1460	1461	0	0.046241146
1460	1461	1	0.87173706
1460	1461	2	0.019931192
1460	1461	3	0.025038185
1460	1461	4	0.03807212
1459	1462	0	0.6381301
1459	1462	1	0.18887956
1459	1462	2	0.05924745
1459	1462	3	0.09466274
1459	1462	4	0.019325985
1459	1463	0	0.5687656
1459	1463	1	0.19102523
1459	1463	2	0.06355219
1459	1463	3	0.15197013
1459	1463	4	0.024926728
1459	1464	0	0.7178963
1459	1464	1	0.08377852
1459	1464	2	0.030554771
1459	1464	3	0.14877135
1459	1464	4	0.019254094
1459	1465	0	0.95202786
1459	1465	1	0.013810176
1459	1465	2	0.01147035
1459	1465	3	0.016088197
1459	1465	4	0.006874358
1459	1466	0	0.95368975
1459	1466	1	0.014690186
1459	1466	2	0.010570998
1459	1466	3	0.015679738
1459	1466	4	0.005600662
1460	1462	0	0.69308394
1460	1462	1	0.15889886
1460	1462	2	0.059491683
1460	1462	3	0.0708932
1460	1462	4	0.017859392
1460	1463	0	0.56061715
1460	1463	1	0.16340771
1460	1463	2	0.05099745
1460	1463	3	0.19847856
1460	1463	4	0.026720839
1460	1464	0	0.7504942
1460	1464	1	0.07442172
1460	1464	2	0.030528944
1460	1464	3	0.12560931
1460	1464	4	0.01919447
1460	1465	0	0.94656706
1460	1465	1	0.017428063
1460	1465	2	0.014077542
1460	1465	3	0.015113982
1460	1465	4	0.00702999
1460	1466	0	0.946622
1460	1466	1	0.019034281
1460	1466	2	0.013235426
1460	1466	3	0.015292894
1460	1466	4	0.006063642
1461	1462	0	0.7522301
1461	1462	1	0.08249464
1461	1462	2	0.06755772
1461	1462	3	0.07771729
1461	1462	4	0.02017364
1461	1463	0	0.7462029
1461	1463	1	0.054600228
1461	1463	2	0.053206623
1461	1463	3	0.12520038
1461	1463	4	0.020942025
1461	1464	0	0.7886541
1461	1464	1	0.03597247
1461	1464	2	0.036353834
1461	1464	3	0.12036183
1461	1464	4	0.01886474
1461	1465	0	0.9525379
1461	1465	1	0.011160979
1461	1465	2	0.015036129
1461	1465	3	0.014211018
1461	1465	4	0.0072986986
1461	1466	0	0.94485503
1461	1466	1	0.0145450765
1461	1466	2	0.018121917
1461	1466	3	0.015617535
1461	1466	4	0.0071176477
1462	1463	0	0.70590967
1462	1463	1	0.058974814
1462	1463	2	0.042288292
1462	1463	3	0.17506039
1462	1463	4	0.017146276
1462	1464	0	0.7187284
1462	1464	1	0.048457615
1462	1464	2	0.038320042
1462	1464	3	0.1787681
1462	1464	4	0.0151931485
1462	1465	0	0.90586376
1462	1465	1	0.03093833
1462	1465	2	0.022729753
1462	1465	3	0.02919044
1462	1465	4	0.010383398
1462	1466	0	0.81769526
1462	1466	1	0.090778135
1462	1466	2	0.037195187
1462	1466	3	0.04078986
1462	1466	4	0.0126812905
1463	1464	0	0.29924318
1463	1464	1	0.2674491
1463	1464	2	0.19450356
1463	1464	3	0.18611683
1463	1464	4	0.052276313
1463	1465	0	0.72969705
1463	1465	1	0.06783103
1463	1465	2	0.14964464
1463	1465	3	0.025029125
1463	1465	4	0.027228156
1463	1466	0	0.5850408
1463	1466	1	0.1682001
1463	1466	2	0.18219976
1463	1466	3	0.031756584
1463	1466	4	0.032229006
1464	1465	0	0.77001756
1464	1465	1	0.059692565
1464	1465	2	0.10251622
1464	1465	3	0.044512987
1464	1465	4	0.022862554
1464	1466	0	0.7703409
1464	1466	1	0.065810114
1464	1466	2	0.09467314
1464	1466	3	0.04800412
1464	1466	4	0.020550286
1465	1466	0	0.31341895
1465	1466	1	0.55705804
1465	1466	2	0.055292815
1465	1466	3	0.04850806
1465	1466	4	0.025199292
1462	1467	0	0.040079832
1462	1467	1	0.70898294
1462	1467	2	0.068334
1462	1467	3	0.16116011
1462	1467	4	0.021587938
1462	1468	0	0.026778316
1462	1468	1	0.8471624
1462	1468	2	0.039877467
1462	1468	3	0.075872265
1462	1468	4	0.01049233
1462	1469	0	0.023182211
1462	1469	1	0.90943867
1462	1469	2	0.025006693
1462	1469	3	0.03372909
1462	1469	4	0.008834632
1462	1470	0	0.021645654
1462	1470	1	0.9086237
1462	1470	2	0.03180054
1462	1470	3	0.028934307
1462	1470	4	0.009145514
1462	1471	0	0.01219664
1462	1471	1	0.9286262
1462	1471	2	0.026077123
1462	1471	3	0.025193641
1462	1471	4	0.0080491165
1462	1472	0	0.015696313
1462	1472	1	0.86456734
1462	1472	2	0.034469154
1462	1472	3	0.0713088
1462	1472	4	0.0140508115
1463	1467	0	0.02513237
1463	1467	1	0.73874426
1463	1467	2	0.13804439
1463	1467	3	0.06677801
1463	1467	4	0.031426266
1463	1468	0	0.030623335
1463	1468	1	0.7804833
1463	1468	2	0.11668304
1463	1468	3	0.050180037
1463	1468	4	0.022182051
1463	1469	0	0.022320243
1463	1469	1	0.8648851
1463	1469	2	0.070315324
1463	1469	3	0.025120458
1463	1469	4	0.017552596
1463	1470	0	0.024404367
1463	1470	1	0.84724724
1463	1470	2	0.090566516
1463	1470	3	0.01953965
1463	1470	4	0.018423095
1463	1471	0	0.012669799
1463	1471	1	0.88933504
1463	1471	2	0.0662707
1463	1471	3	0.01703113
1463	1471	4	0.014869744
1463	1472	0	0.024809193
1463	1472	1	0.738172
1463	1472	2	0.14006084
1463	1472	3	0.061633516
1463	1472	4	0.035424974
1464	1467	0	0.05931922
1464	1467	1	0.5620205
1464	1467	2	0.15273619
1464	1467	3	0.18640336
1464	1467	4	0.039621137
1464	1468	0	0.041858114
1464	1468	1	0.70601994
1464	1468	2	0.11726318
1464	1468	3	0.109045856
1464	1468	4	0.025969075
1464	1469	0	0.02661688
1464	1469	1	0.81250787
1464	1469	2	0.09048479
1464	1469	3	0.04647789
1464	1469	4	0.02407292
1464	1470	0	0.029020315
1464	1470	1	0.7995243
1464	1470	2	0.10464915
1464	1470	3	0.043036263
1464	1470	4	0.02397124
1464	1471	0	0.020820517
1464	1471	1	0.84216523
1464	1471	2	0.07792784
1464	1471	3	0.038804438
1464	1471	4	0.020472428
1464	1472	0	0.021490619
1464	1472	1	0.8004924
1464	1472	2	0.08270044
1464	1472	3	0.067033246
1464	1472	4	0.028439254
1465	1467	0	0.012645892
1465	1467	1	0.90197927
1465	1467	2	0.029836342
1465	1467	3	0.041321076
1465	1467	4	0.0143784415
1465	1468	0	0.012167627
1465	1468	1	0.906181
1465	1468	2	0.028769867
1465	1468	3	0.04106205
1465	1468	4	0.01197395
1465	1469	0	0.009434628
1465	1469	1	0.94765216
1465	1469	2	0.017917452
1465	1469	3	0.016020792
1465	1469	4	0.009136347
1465	1470	0	0.006551372
1465	1470	1	0.9539281
1465	1470	2	0.019981286
1465	1470	3	0.01132337
1465	1470	4	0.008420365
1465	1471	0	0.0050602397
1465	1471	1	0.9584602
1465	1471	2	0.016826812
1465	1471	3	0.012715719
1465	1471	4	0.0071517215
1465	1472	0	0.006035473
1465	1472	1	0.9384505
1465	1472	2	0.020114206
1465	1472	3	0.024052612
1465	1472	4	0.011518297
1466	1467	0	0.012421098
1466	1467	1	0.87485206
1466	1467	2	0.039126847
1466	1467	3	0.05763821
1466	1467	4	0.015998056
1466	1468	0	0.010814816
1466	1468	1	0.9051823
1466	1468	2	0.02853165
1466	1468	3	0.045036536
1466	1468	4	0.010542255
1466	1469	0	0.006805925
1466	1469	1	0.9574515
1466	1469	2	0.01616978
1466	1469	3	0.0126340315
1466	1469	4	0.0070767296
1466	1470	0	0.005738125
1466	1470	1	0.9598506
1466	1470	2	0.0177864
1466	1470	3	0.009855876
1466	1470	4	0.00695907
1466	1471	0	0.004142533
1466	1471	1	0.96158653
1466	1471	2	0.016522203
1466	1471	3	0.012047403
1466	1471	4	0.0059050256
1466	1472	0	0.007198697
1466	1472	1	0.93060565
1466	1472	2	0.019801622
1466	1472	3	0.0318749
1466	1472	4	0.010732411
1467	1468	0	0.06277234
1467	1468	1	0.7030584
1467	1468	2	0.11351203
1467	1468	3	0.09214314
1467	1468	4	0.027874336
1467	1469	0	0.03921773
1467	1469	1	0.68855727
1467	1469	2	0.17641823
1467	1469	3	0.05737189
1467	1469	4	0.037992552
1467	1470	0	0.048779696
1467	1470	1	0.790614
1467	1470	2	0.09316954
1467	1470	3	0.039806884
1467	1470	4	0.026715484
1467	1471	0	0.024546135
1467	1471	1	0.84759104
1467	1471	2	0.06947067
1467	1471	3	0.036025986
1467	1471	4	0.021572746
1467	1472	0	0.03409288
1467	1472	1	0.71477795
1467	1472	2	0.09598861
1467	1472	3	0.120583355
1467	1472	4	0.034012984
1468	1469	0	0.13822666
1468	1469	1	0.44428268
1468	1469	2	0.27406248
1468	1469	3	0.09159296
1468	1469	4	0.051291797
1468	1470	0	0.12833132
1468	1470	1	0.64487576
1468	1470	2	0.14155099
1468	1470	3	0.054189347
1468	1470	4	0.030364776
1468	1471	0	0.03330558
1468	1471	1	0.82668084
1468	1471	2	0.08870251
1468	1471	3	0.030621922
1468	1471	4	0.019982127
1468	1472	0	0.04028622
1468	1472	1	0.7158559
1468	1472	2	0.10853924
1468	1472	3	0.10326424
1468	1472	4	0.031472303
1469	1470	0	0.12243499
1469	1470	1	0.71899915
1469	1470	2	0.082748584
1469	1470	3	0.045584347
1469	1470	4	0.029787323
1469	1471	0	0.04133719
1469	1471	1	0.8532822
1469	1471	2	0.049173374
1469	1471	3	0.034405958
1469	1471	4	0.021066504
1469	1472	0	0.046593975
1469	1472	1	0.7674424
1469	1472	2	0.05768097
1469	1472	3	0.098768465
1469	1472	4	0.02881172
1470	1471	0	0.045741998
1470	1471	1	0.83801407
1470	1471	2	0.05688086
1470	1471	3	0.034749992
1470	1471	4	0.024085185
1470	1472	0	0.06753208
1470	1472	1	0.70939183
1470	1472	2	0.06508364
1470	1472	3	0.1194931
1470	1472	4	0.037906762
1471	1472	0	0.13930975
1471	1472	1	0.36818945
1471	1472	2	0.09951249
1471	1472	3	0.34030166
1471	1472	4	0.0522749
1473	1474	0	0.28762168
1473	1474	1	0.14538607
1473	1474	2	0.16977736
1473	1474	3	0.35744122
1473	1474	4	0.039773695
1474	1475	0	0.09877588
1474	1475	1	0.23948899
1474	1475	2	0.49050936
1474	1475	3	0.1238631
1474	1475	4	0.047362678
1475	1476	0	0.8993066
1475	1476	1	0.0077554574
1475	1476	2	0.021656366
1475	1476	3	0.0625439
1475	1476	4	0.008740516
1475	1477	0	0.92996836
1475	1477	1	0.0032330602
1475	1477	2	0.014722993
1475	1477	3	0.044499602
1475	1477	4	0.007579403
1476	1477	0	0.65003985
1476	1477	1	0.08736008
1476	1477	2	0.12802935
1476	1477	3	0.084345505
1476	1477	4	0.048905484
1476	1478	0	0.15353921
1476	1478	1	0.33177885
1476	1478	2	0.18031256
1476	1478	3	0.26417688
1476	1478	4	0.07022885
1476	1479	0	0.022607965
1476	1479	1	0.8140381
1476	1479	2	0.08792526
1476	1479	3	0.044734143
1476	1479	4	0.030748919
1476	1480	0	0.03228906
1476	1480	1	0.6519845
1476	1480	2	0.118790634
1476	1480	3	0.15192619
1476	1480	4	0.04510309
1476	1481	0	0.004410507
1476	1481	1	0.9358627
1476	1481	2	0.031114407
1476	1481	3	0.018723328
1476	1481	4	0.010094726
1476	1482	0	0.006363147
1476	1482	1	0.88582355
1476	1482	2	0.03546615
1476	1482	3	0.056795254
1476	1482	4	0.015754994
1477	1478	0	0.05055066
1477	1478	1	0.41964108
1477	1478	2	0.17716748
1477	1478	3	0.30304518
1477	1478	4	0.049614288
1477	1479	0	0.015432445
1477	1479	1	0.82770824
1477	1479	2	0.08088954
1477	1479	3	0.049172465
1477	1479	4	0.026839226
1477	1480	0	0.02416889
1477	1480	1	0.7014631
1477	1480	2	0.114790685
1477	1480	3	0.116674535
1477	1480	4	0.04294659
1477	1481	0	0.0027416977
1477	1481	1	0.94098955
1477	1481	2	0.027156701
1477	1481	3	0.020610543
1477	1481	4	0.008653915
1477	1482	0	0.0046680146
1477	1482	1	0.87133074
1477	1482	2	0.039581727
1477	1482	3	0.068181425
1477	1482	4	0.016425963
1478	1479	0	0.037068192
1478	1479	1	0.5662241
1478	1479	2	0.26962382
1478	1479	3	0.06591655
1478	1479	4	0.06082308
1478	1480	0	0.051338978
1478	1480	1	0.26928696
1478	1480	2	0.27916357
1478	1480	3	0.3319332
1478	1480	4	0.06813647
1478	1481	0	0.031898063
1478	1481	1	0.8138577
1478	1481	2	0.066524304
1478	1481	3	0.046258595
1478	1481	4	0.041514844
1478	1482	0	0.030898396
1478	1482	1	0.6182726
1478	1482	2	0.10120721
1478	1482	3	0.19795863
1478	1482	4	0.05156898
1479	1480	0	0.31174564
1479	1480	1	0.093880795
1479	1480	2	0.097828165
1479	1480	3	0.44413972
1479	1480	4	0.051923934
1479	1481	0	0.06585524
1479	1481	1	0.7063832
1479	1481	2	0.05424529
1479	1481	3	0.12680276
1479	1481	4	0.046323974
1479	1482	0	0.07423079
1479	1482	1	0.3837055
1479	1482	2	0.05577016
1479	1482	3	0.44078985
1479	1482	4	0.04533428
1480	1481	0	0.033145115
1480	1481	1	0.85522854
1480	1481	2	0.033549808
1480	1481	3	0.041877076
1480	1481	4	0.036252674
1480	1482	0	0.035803884
1480	1482	1	0.6179057
1480	1482	2	0.06610184
1480	1482	3	0.23324011
1480	1482	4	0.04671585
1481	1482	0	0.20177484
1481	1482	1	0.050614998
1481	1482	2	0.060146093
1481	1482	3	0.63662666
1481	1482	4	0.05088226
1478	1483	0	0.024400953
1478	1483	1	0.58043694
1478	1483	2	0.30636525
1478	1483	3	0.056640495
1478	1483	4	0.032253213
1478	1484	0	0.062789805
1478	1484	1	0.45301583
1478	1484	2	0.123755984
1478	1484	3	0.31699014
1478	1484	4	0.043518662
1478	1485	0	0.01800463
1478	1485	1	0.72725487
1478	1485	2	0.17943706
1478	1485	3	0.048505966
1478	1485	4	0.02689029
1478	1486	0	0.34988177
1478	1486	1	0.1187599
1478	1486	2	0.12984473
1478	1486	3	0.3472655
1478	1486	4	0.054327678
1478	1487	0	0.12833862
1478	1487	1	0.15851292
1478	1487	2	0.3292011
1478	1487	3	0.33628747
1478	1487	4	0.047718428
1478	1488	0	0.77425253
1478	1488	1	0.03540562
1478	1488	2	0.10738644
1478	1488	3	0.060806207
1478	1488	4	0.022230698
1479	1483	0	0.3369453
1479	1483	1	0.29426605
1479	1483	2	0.21258847
1479	1483	3	0.11744178
1479	1483	4	0.03889715
1479	1484	0	0.36374608
1479	1484	1	0.09158554
1479	1484	2	0.038023822
1479	1484	3	0.4754505
1479	1484	4	0.031258896
1479	1485	0	0.14675474
1479	1485	1	0.48253042
1479	1485	2	0.1770606
1479	1485	3	0.13942377
1479	1485	4	0.054153483
1479	1486	0	0.74388486
1479	1486	1	0.016151184
1479	1486	2	0.026180971
1479	1486	3	0.19429141
1479	1486	4	0.019564992
1479	1487	0	0.62050104
1479	1487	1	0.024870459
1479	1487	2	0.06483703
1479	1487	3	0.26636735
1479	1487	4	0.023506284
1479	1488	0	0.9384392
1479	1488	1	0.0077059646
1479	1488	2	0.018039254
1479	1488	3	0.027730258
1479	1488	4	0.008126811
1480	1483	0	0.09889355
1480	1483	1	0.466048
1480	1483	2	0.3167019
1480	1483	3	0.09348306
1480	1483	4	0.024957946
1480	1484	0	0.23042186
1480	1484	1	0.19097109
1480	1484	2	0.07864208
1480	1484	3	0.467471
1480	1484	4	0.03258557
1480	1485	0	0.06295292
1480	1485	1	0.63344646
1480	1485	2	0.16578747
1480	1485	3	0.09748096
1480	1485	4	0.040260583
1480	1486	0	0.603839
1480	1486	1	0.03454706
1480	1486	2	0.055368543
1480	1486	3	0.28330082
1480	1486	4	0.023024091
1480	1487	0	0.37765408
1480	1487	1	0.050849117
1480	1487	2	0.14017643
1480	1487	3	0.40593722
1480	1487	4	0.025463479
1480	1488	0	0.90395963
1480	1488	1	0.010531931
1480	1488	2	0.036467876
1480	1488	3	0.040847626
1480	1488	4	0.008253563
1481	1483	0	0.82616955
1481	1483	1	0.031803746
1481	1483	2	0.07907968
1481	1483	3	0.04419397
1481	1483	4	0.018886523
1481	1484	0	0.79594195
1481	1484	1	0.014613136
1481	1484	2	0.020976556
1481	1484	3	0.14893845
1481	1484	4	0.019636558
1481	1485	0	0.56025815
1481	1485	1	0.16121806
1481	1485	2	0.14068945
1481	1485	3	0.09525741
1481	1485	4	0.04264043
1481	1486	0	0.930781
1481	1486	1	0.004279863
1481	1486	2	0.011793868
1481	1486	3	0.043631192
1481	1486	4	0.00957611
1481	1487	0	0.90559345
1481	1487	1	0.0059023113
1481	1487	2	0.020724522
1481	1487	3	0.056266345
1481	1487	4	0.011570429
1481	1488	0	0.9638313
1481	1488	1	0.0041914387
1481	1488	2	0.010472906
1481	1488	3	0.01521329
1481	1488	4	0.006366518
1482	1483	0	0.35048756
1482	1483	1	0.059745386
1482	1483	2	0.5138456
1482	1483	3	0.04195699
1482	1483	4	0.034019183
1482	1484	0	0.5784523
1482	1484	1	0.037193447
1482	1484	2	0.1656053
1482	1484	3	0.17526118
1482	1484	4	0.043605674
1482	1485	0	0.17250885
1482	1485	1	0.21533038
1482	1485	2	0.5014674
1482	1485	3	0.06773667
1482	1485	4	0.04303906
1482	1486	0	0.8809858
1482	1486	1	0.0062749763
1482	1486	2	0.048586033
1482	1486	3	0.050409116
1482	1486	4	0.013847338
1482	1487	0	0.7674672
1482	1487	1	0.010332637
1482	1487	2	0.1204138
1482	1487	3	0.08072238
1482	1487	4	0.021160906
1482	1488	0	0.9292229
1482	1488	1	0.005432577
1482	1488	2	0.03990316
1482	1488	3	0.015984077
1482	1488	4	0.009438438
1483	1484	0	0.64460915
1483	1484	1	0.042160556
1483	1484	2	0.016794495
1483	1484	3	0.27684325
1483	1484	4	0.018593075
1483	1485	0	0.08056813
1483	1485	1	0.7382864
1483	1485	2	0.054449365
1483	1485	3	0.10695066
1483	1485	4	0.018756563
1483	1486	0	0.8486001
1483	1486	1	0.015909104
1483	1486	2	0.0121108685
1483	1486	3	0.10728512
1483	1486	4	0.014829816
1483	1487	0	0.653848
1483	1487	1	0.0269313
1483	1487	2	0.03327343
1483	1487	3	0.2671659
1483	1487	4	0.018098041
1483	1488	0	0.93997514
1483	1488	1	0.011971816
1483	1488	2	0.008911279
1483	1488	3	0.025626183
1483	1488	4	0.011807001
1484	1485	0	0.024409644
1484	1485	1	0.54885334
1484	1485	2	0.35167757
1484	1485	3	0.04479988
1484	1485	4	0.029618096
1484	1486	0	0.67454696
1484	1486	1	0.045489185
1484	1486	2	0.14118825
1484	1486	3	0.10247799
1484	1486	4	0.03531626
1484	1487	0	0.3301549
1484	1487	1	0.07542946
1484	1487	2	0.40625826
1484	1487	3	0.14346977
1484	1487	4	0.04388759
1484	1488	0	0.7307124
1484	1488	1	0.044962987
1484	1488	2	0.16642272
1484	1488	3	0.030918648
1484	1488	4	0.026009731
1485	1486	0	0.9010605
1485	1486	1	0.0069616516
1485	1486	2	0.009044629
1485	1486	3	0.06902363
1485	1486	4	0.012551324
1485	1487	0	0.83829
1485	1487	1	0.010288042
1485	1487	2	0.02135316
1485	1487	3	0.11374046
1485	1487	4	0.015093585
1485	1488	0	0.9543053
1485	1488	1	0.0071486523
1485	1488	2	0.007964217
1485	1488	3	0.018634291
1485	1488	4	0.010496946
1486	1487	0	0.0414739
1486	1487	1	0.16783324
1486	1487	2	0.62926364
1486	1487	3	0.11275961
1486	1487	4	0.048123788
1486	1488	0	0.38051176
1486	1488	1	0.16686065
1486	1488	2	0.3726687
1486	1488	3	0.0354182
1486	1488	4	0.043876667
1487	1488	0	0.7825557
1487	1488	1	0.038006634
1487	1488	2	0.07618507
1487	1488	3	0.08185302
1487	1488	4	0.020236954
1483	1489	0	0.09572937
1483	1489	1	0.030274363
1483	1489	2	0.026051901
1483	1489	3	0.83480686
1483	1489	4	0.013146879
1483	1490	0	0.10007431
1483	1490	1	0.077285
1483	1490	2	0.040189218
1483	1490	3	0.76469374
1483	1490	4	0.017815467
1483	1491	0	0.18975542
1483	1491	1	0.018794362
1483	1491	2	0.027608456
1483	1491	3	0.7478024
1483	1491	4	0.01610103
1483	1492	0	0.35147244
1483	1492	1	0.18466537
1483	1492	2	0.06834319
1483	1492	3	0.37960884
1483	1492	4	0.016150825
1483	1493	0	0.059211705
1483	1493	1	0.08225759
1483	1493	2	0.018975219
1483	1493	3	0.8267184
1483	1493	4	0.012876878
1484	1489	0	0.09240029
1484	1489	1	0.047741976
1484	1489	2	0.38162032
1484	1489	3	0.4343257
1484	1489	4	0.043968126
1484	1490	0	0.07775647
1484	1490	1	0.08025322
1484	1490	2	0.41764325
1484	1490	3	0.37178057
1484	1490	4	0.052632187
1484	1491	0	0.21701138
1484	1491	1	0.037594162
1484	1491	2	0.27774754
1484	1491	3	0.41634363
1484	1491	4	0.051436983
1484	1492	0	0.1779288
1484	1492	1	0.15444805
1484	1492	2	0.49659255
1484	1492	3	0.13100974
1484	1492	4	0.040208526
1484	1493	0	0.071459174
1484	1493	1	0.100941084
1484	1493	2	0.34065554
1484	1493	3	0.43754956
1484	1493	4	0.049469024
1485	1489	0	0.32098725
1485	1489	1	0.012797623
1485	1489	2	0.03315017
1485	1489	3	0.61871535
1485	1489	4	0.01445396
1485	1490	0	0.31396848
1485	1490	1	0.02409799
1485	1490	2	0.0480411
1485	1490	3	0.5940507
1485	1490	4	0.019980703
1485	1491	0	0.5659819
1485	1491	1	0.010086816
1485	1491	2	0.029660178
1485	1491	3	0.37722424
1485	1491	4	0.017235858
1485	1492	0	0.6969357
1485	1492	1	0.03497599
1485	1492	2	0.04992146
1485	1492	3	0.19958493
1485	1492	4	0.018699521
1485	1493	0	0.19860186
1485	1493	1	0.027265772
1485	1493	2	0.025690278
1485	1493	3	0.7335195
1485	1493	4	0.01500186
1486	1489	0	0.038863894
1486	1489	1	0.11505319
1486	1489	2	0.48458195
1486	1489	3	0.305689
1486	1489	4	0.05588635
1486	1490	0	0.027295843
1486	1490	1	0.21810913
1486	1490	2	0.50176585
1486	1490	3	0.19646233
1486	1490	4	0.056498613
1486	1491	0	0.074659996
1486	1491	1	0.09285251
1486	1491	2	0.38600758
1486	1491	3	0.38624007
1486	1491	4	0.06031135
1486	1492	0	0.063757755
1486	1492	1	0.28081316
1486	1492	2	0.5246345
1486	1492	3	0.08812818
1486	1492	4	0.042842064
1486	1493	0	0.029828545
1486	1493	1	0.29890755
1486	1493	2	0.27687463
1486	1493	3	0.34060752
1486	1493	4	0.05394015
1487	1489	0	0.034337904
1487	1489	1	0.074518785
1487	1489	2	0.099217415
1487	1489	3	0.769618
1487	1489	4	0.022342775
1487	1490	0	0.027962508
1487	1490	1	0.17245582
1487	1490	2	0.15680027
1487	1490	3	0.607201
1487	1490	4	0.035678715
1487	1491	0	0.07086954
1487	1491	1	0.051497452
1487	1491	2	0.08571138
1487	1491	3	0.7637426
1487	1491	4	0.028216816
1487	1492	0	0.10229888
1487	1492	1	0.316222
1487	1492	2	0.20635682
1487	1492	3	0.34557444
1487	1492	4	0.029729998
1487	1493	0	0.02492716
1487	1493	1	0.1806003
1487	1493	2	0.062169988
1487	1493	3	0.71062505
1487	1493	4	0.02175464
1488	1489	0	0.015944107
1488	1489	1	0.47452566
1488	1489	2	0.09678506
1488	1489	3	0.38413906
1488	1489	4	0.0287199
1488	1490	0	0.009225325
1488	1490	1	0.6974138
1488	1490	2	0.08248837
1488	1490	3	0.18332471
1488	1490	4	0.027714401
1488	1491	0	0.03329174
1488	1491	1	0.34787008
1488	1491	2	0.09394412
1488	1491	3	0.4874999
1488	1491	4	0.03754955
1488	1492	0	0.018549096
1488	1492	1	0.8200036
1488	1492	2	0.07453647
1488	1492	3	0.06910765
1488	1492	4	0.018046735
1488	1493	0	0.013401621
1488	1493	1	0.57765687
1488	1493	2	0.04639553
1488	1493	3	0.33832088
1488	1493	4	0.024434818
1489	1490	0	0.029845603
1489	1490	1	0.103440724
1489	1490	2	0.43270108
1489	1490	3	0.3824223
1489	1490	4	0.05112322
1489	1491	0	0.09674271
1489	1491	1	0.035730176
1489	1491	2	0.2800169
1489	1491	3	0.53931504
1489	1491	4	0.047708847
1489	1492	0	0.11749118
1489	1492	1	0.1295853
1489	1492	2	0.48234737
1489	1492	3	0.22399712
1489	1492	4	0.045739952
1489	1493	0	0.040735237
1489	1493	1	0.07665567
1489	1493	2	0.20423524
1489	1493	3	0.6362529
1489	1493	4	0.04178031
1490	1491	0	0.15177341
1490	1491	1	0.03014553
1490	1491	2	0.1389943
1490	1491	3	0.6447872
1490	1491	4	0.033673525
1490	1492	0	0.29796398
1490	1492	1	0.15334854
1490	1492	2	0.21814223
1490	1492	3	0.2901465
1490	1492	4	0.039077677
1490	1493	0	0.04663112
1490	1493	1	0.09396788
1490	1493	2	0.0833692
1490	1493	3	0.7433913
1490	1493	4	0.032249574
1491	1492	0	0.11284647
1491	1492	1	0.14947458
1491	1492	2	0.46923944
1491	1492	3	0.2296404
1491	1492	4	0.03798522
1491	1493	0	0.026155023
1491	1493	1	0.15511064
1491	1493	2	0.18530858
1491	1493	3	0.5886393
1491	1493	4	0.04416011
1492	1493	0	0.04638593
1492	1493	1	0.12796865
1492	1493	2	0.050963067
1492	1493	3	0.73627967
1492	1493	4	0.03783928
1183	1191	0	0.1999779
1191	1183	0	0.19998892
1183	1191	1	0.19998947
1191	1183	1	0.19997834
1183	1191	2	0.20003833
1191	1183	2	0.20003268
1183	1191	3	0.20003834
1191	1183	3	0.20003268
1183	1191	4	0.20007111
1191	1183	4	0.20006226
1183	1192	0	0.19995315
1192	1183	0	0.1999656
1183	1192	1	0.19995892
1192	1183	1	0.1999608
1183	1192	2	0.20006405
1192	1183	2	0.20004894
1183	1192	3	0.20006406
1192	1183	3	0.20004894
1183	1192	4	0.20007056
1192	1183	4	0.20005335
1183	1193	0	0.19994201
1193	1183	0	0.19996399
1183	1193	1	0.19995308
1193	1183	1	0.19995551
1183	1193	2	0.20007338
1193	1183	2	0.20005146
1183	1193	3	0.20007338
1193	1183	3	0.20005146
1183	1193	4	0.20006488
1193	1183	4	0.20004214
1183	1194	0	0.19990617
1194	1183	0	0.19994313
1183	1194	1	0.19991274
1194	1183	1	0.19993848
1183	1194	2	0.2001097
1194	1183	2	0.20007828
1183	1194	3	0.2001097
1194	1183	3	0.20007828
1183	1194	4	0.20005742
1194	1183	4	0.20003368
1183	1195	0	0.1998651
1195	1183	0	0.19992891
1183	1195	1	0.19987108
1195	1183	1	0.19992505
1183	1195	2	0.20015365
1195	1183	2	0.2001107
1183	1195	3	0.20015365
1195	1183	3	0.2001107
1183	1195	4	0.20004939
1195	1183	4	0.20002496
1183	1196	0	0.19982384
1196	1183	0	0.1999138
1183	1196	1	0.19981572
1196	1183	1	0.19991894
1183	1196	2	0.20019579
1196	1183	2	0.20013985
1183	1196	3	0.20019577
1196	1183	3	0.20013985
1183	1196	4	0.20003262
1196	1183	4	0.2000144
1184	1191	0	0.3176348
1191	1184	0	0.18546237
1184	1191	1	0.17070323
1191	1184	1	0.2585974
1184	1191	2	0.17062284
1191	1184	2	0.18537168
1184	1191	3	0.17062284
1191	1184	3	0.1853717
1184	1191	4	0.1706162
1191	1184	4	0.18538053
1184	1192	0	0.28913608
1192	1184	0	0.18897974
1184	1192	1	0.1778014
1192	1184	1	0.24441232
1184	1192	2	0.17774689
1192	1184	2	0.18891631
1184	1192	3	0.17774689
1192	1184	3	0.18891631
1184	1192	4	0.17776304
1192	1184	4	0.18894053
1184	1193	0	0.2069893
1193	1184	0	0.1991593
1184	1193	1	0.19827938
1193	1184	1	0.2033613
1184	1193	2	0.19827484
1193	1184	2	0.19916934
1184	1193	3	0.19827484
1193	1184	3	0.19916934
1184	1193	4	0.1983392
1193	1184	4	0.1992094
1184	1194	0	0.24435233
1194	1184	0	0.19456074
1184	1194	1	0.18899344
1194	1184	1	0.22200368
1184	1194	2	0.18892662
1194	1184	2	0.194504
1184	1194	3	0.18892662
1194	1184	3	0.194504
1184	1194	4	0.18896985
1194	1184	4	0.19453122
1184	1195	0	0.28534502
1195	1184	0	0.18956539
1184	1195	1	0.178899
1195	1184	1	0.24245858
1184	1195	2	0.17860456
1195	1184	2	0.18933447
1184	1195	3	0.17860457
1195	1184	3	0.18933448
1184	1195	4	0.17863934
1195	1184	4	0.18936352
1184	1196	0	0.19987302
1196	1184	0	0.19993886
1184	1196	1	0.1998899
1196	1184	1	0.19992767
1184	1196	2	0.20013975
1196	1184	2	0.20009908
1184	1196	3	0.20013975
1196	1184	3	0.20009908
1184	1196	4	0.20004877
1196	1184	4	0.20002614
1185	1191	0	0.19999179
1191	1185	0	0.19997872
1185	1191	1	0.19997884
1191	1185	1	0.19999285
1185	1191	2	0.20003045
1191	1185	2	0.20003588
1185	1191	3	0.20003045
1191	1185	3	0.2000359
1185	1191	4	0.20006415
1191	1185	4	0.20007317
1185	1192	0	0.1999812
1192	1185	0	0.19997782
1185	1192	1	0.19997731
1192	1185	1	0.19998163
1185	1192	2	0.20003985
1192	1185	2	0.20004
1185	1192	3	0.20003985
1192	1185	3	0.20004
1185	1192	4	0.20006801
1192	1185	4	0.20006853
1185	1193	0	0.19259144
1193	1185	0	0.2147163
1185	1193	1	0.22949779
1193	1185	1	0.19631453
1185	1193	2	0.19267699
1193	1185	2	0.19637103
1185	1193	3	0.192677
1193	1185	3	0.19637102
1185	1193	4	0.19267195
1193	1185	4	0.19638242
1185	1194	0	0.18607159
1194	1185	0	0.22779705
1185	1194	1	0.2556603
1194	1185	1	0.19307256
1185	1194	2	0.18614599
1194	1185	2	0.19310427
1185	1194	3	0.18614599
1194	1185	3	0.19310428
1185	1194	4	0.18609624
1194	1185	4	0.19307901
1185	1195	0	0.19995078
1195	1185	0	0.19996478
1185	1195	1	0.19995701
1195	1185	1	0.19995995
1185	1195	2	0.20006506
1195	1185	2	0.20004484
1185	1195	3	0.20006508
1195	1185	3	0.20004483
1185	1195	4	0.20007184
1195	1185	4	0.20004728
1185	1196	0	0.19145429
1196	1185	0	0.21702762
1185	1196	1	0.23441005
1196	1185	1	0.195777
1185	1196	2	0.1914097
1196	1185	2	0.19574602
1185	1196	3	0.1914097
1196	1185	3	0.19574602
1185	1196	4	0.1914461
1196	1185	4	0.19575663
1186	1197	0	0.20001334
1197	1186	0	0.20000415
1186	1197	1	0.20001401
1197	1186	1	0.20000353
1186	1197	2	0.20000711
1197	1186	2	0.20000078
1186	1197	3	0.20000711
1197	1186	3	0.20000078
1186	1197	4	0.20005095
1197	1186	4	0.20003292
1186	1198	0	0.20000702
1198	1186	0	0.19999312
1186	1198	1	0.20000185
1198	1186	1	0.19999735
1186	1198	2	0.20001905
1198	1186	2	0.2000091
1186	1198	3	0.20001905
1198	1186	3	0.2000091
1186	1198	4	0.20005147
1198	1186	4	0.20002994
1187	1197	0	0.18190151
1197	1187	0	0.23639642
1187	1197	1	0.27288407
1197	1187	1	0.19098037
1187	1197	2	0.18179035
1197	1187	2	0.19089395
1187	1197	3	0.18179034
1197	1187	3	0.19089396
1187	1197	4	0.1818388
1197	1187	4	0.19093548
1187	1198	0	0.20001395
1198	1187	0	0.20000498
1187	1198	1	0.20001417
1198	1187	1	0.20000476
1187	1198	2	0.20000452
1198	1187	2	0.19999905
1187	1198	3	0.20000455
1198	1187	3	0.19999903
1187	1198	4	0.20004988
1198	1187	4	0.20003302
1188	1197	0	0.20002057
1197	1188	0	0.20001137
1188	1197	1	0.20002104
1197	1188	1	0.20001099
1188	1197	2	0.19998911
1197	1188	2	0.19998837
1188	1197	3	0.19998913
1197	1188	3	0.19998835
1188	1197	4	0.20003948
1197	1188	4	0.20003043
1188	1198	0	0.20001969
1198	1188	0	0.20000866
1188	1198	1	0.20001805
1198	1188	1	0.20000975
1188	1198	2	0.19999593
1198	1188	2	0.1999932
1188	1198	3	0.19999593
1198	1188	3	0.1999932
1188	1198	4	0.20004645
1198	1188	4	0.20003314
1189	1197	0	0.20002167
1197	1189	0	0.20001258
1189	1197	1	0.20001936
1197	1189	1	0.20001455
1189	1197	2	0.19998571
1197	1189	2	0.19998518
1189	1197	3	0.19998571
1197	1189	3	0.19998518
1189	1197	4	0.20003527
1197	1189	4	0.20002982
1189	1198	0	0.20002286
1198	1189	0	0.20001128
1189	1198	1	0.20002073
1198	1189	1	0.20001285
1189	1198	2	0.19999051
1198	1189	2	0.19998942
1189	1198	3	0.19999051
1198	1189	3	0.19998941
1189	1198	4	0.2000433
1198	1189	4	0.20003341
1190	1197	0	0.15870291
1197	1190	0	0.28284732
1190	1197	1	0.36607462
1197	1190	1	0.17945547
1190	1197	2	0.15845251
1197	1190	2	0.17922617
1190	1197	3	0.15845251
1197	1190	3	0.17922617
1190	1197	4	0.15861632
1197	1190	4	0.17937101
1190	1198	0	0.20002197
1198	1190	0	0.20001253
1190	1198	1	0.20001963
1198	1190	1	0.20001449
1190	1198	2	0.19998549
1198	1190	2	0.1999848
1190	1198	3	0.19998549
1198	1190	3	0.1999848
1190	1198	4	0.20003517
1198	1190	4	0.20002925
1191	1199	0	0.18852402
1199	1191	0	0.22300588
1191	1199	1	0.24609403
1199	1191	1	0.19428496
1191	1199	2	0.18849769
1199	1191	2	0.19426042
1191	1199	3	0.18849769
1199	1191	3	0.19426043
1191	1199	4	0.18850933
1199	1191	4	0.19426614
1191	1200	0	0.20000468
1200	1191	0	0.19999866
1191	1200	1	0.20000798
1200	1191	1	0.199996
1191	1200	2	0.20002332
1200	1191	2	0.20001453
1191	1200	3	0.20002334
1200	1191	3	0.20001453
1191	1200	4	0.20004551
1200	1191	4	0.20002702
1191	1201	0	0.19997874
1201	1191	0	0.19998208
1191	1201	1	0.19998306
1201	1191	1	0.19997905
1191	1201	2	0.20004524
1201	1191	2	0.2000297
1191	1201	3	0.20004524
1201	1191	3	0.2000297
1191	1201	4	0.2000447
1201	1191	4	0.20002307
1192	1199	0	0.1911691
1199	1192	0	0.21773323
1192	1199	1	0.23553927
1199	1192	1	0.1956086
1192	1199	2	0.19112259
1199	1192	2	0.1955667
1192	1199	3	0.19112259
1199	1192	3	0.1955667
1192	1199	4	0.19116756
1199	1192	4	0.19560608
1192	1200	0	0.20002306
1200	1192	0	0.20000952
1192	1200	1	0.20001918
1200	1192	1	0.2000128
1192	1200	2	0.20000847
1200	1192	2	0.2000036
1192	1200	3	0.20000847
1200	1192	3	0.20000361
1192	1200	4	0.20004529
1200	1192	4	0.20003107
1192	1201	0	0.20000888
1201	1192	0	0.19999819
1192	1201	1	0.2000074
1201	1192	1	0.19999939
1192	1201	2	0.20002154
1201	1192	2	0.20001309
1192	1201	3	0.20002154
1201	1192	3	0.20001309
1192	1201	4	0.20004599
1201	1192	4	0.20002769
1193	1199	0	0.19863617
1199	1193	0	0.20283386
1193	1199	1	0.20560741
1199	1193	1	0.19933315
1193	1199	2	0.19858845
1199	1193	2	0.19928081
1193	1199	3	0.19858846
1199	1193	3	0.19928083
1193	1199	4	0.19867122
1199	1193	4	0.1993658
1193	1200	0	0.20002352
1200	1193	0	0.20001851
1193	1200	1	0.200026
1200	1193	1	0.20001632
1193	1200	2	0.20000206
1200	1193	2	0.19999947
1193	1200	3	0.20000206
1200	1193	3	0.19999948
1193	1200	4	0.20004791
1200	1193	4	0.20003816
1193	1201	0	0.20001906
1201	1193	0	0.20001201
1193	1201	1	0.20002222
1201	1193	1	0.20000933
1193	1201	2	0.20000859
1201	1193	2	0.2000036
1193	1201	3	0.20000859
1201	1193	3	0.2000036
1193	1201	4	0.20004712
1201	1193	4	0.20003228
1194	1199	0	0.20001014
1199	1194	0	0.20008878
1194	1199	1	0.20008294
1199	1194	1	0.20001124
1194	1199	2	0.19998345
1199	1194	2	0.1999842
1194	1199	3	0.19998345
1199	1194	3	0.1999842
1194	1199	4	0.2000334
1199	1194	4	0.20003466
1194	1200	0	0.2000236
1200	1194	0	0.20002422
1194	1200	1	0.20002685
1200	1194	1	0.20002115
1194	1200	2	0.19999269
1200	1194	2	0.19999224
1194	1200	3	0.19999269
1200	1194	3	0.19999222
1194	1200	4	0.2000444
1200	1194	4	0.20004144
1194	1201	0	0.20002687
1201	1194	0	0.20001698
1194	1201	1	0.20002395
1201	1194	1	0.20001942
1194	1201	2	0.1999993
1201	1194	2	0.19999701
1194	1201	3	0.1999993
1201	1194	3	0.19999701
1194	1201	4	0.20004731
1201	1194	4	0.2000379
1195	1199	0	0.18956813
1199	1195	0	0.2208979
1195	1199	1	0.24189854
1199	1195	1	0.19482328
1195	1199	2	0.18953787
1199	1195	2	0.19478609
1195	1199	3	0.18953785
1199	1195	3	0.19478609
1195	1199	4	0.1895794
1199	1195	4	0.19483566
1195	1200	0	0.20002547
1200	1195	0	0.20002323
1195	1200	1	0.2000206
1200	1195	1	0.20002833
1195	1200	2	0.199994
1200	1195	2	0.19999428
1195	1200	3	0.199994
1200	1195	3	0.19999428
1195	1200	4	0.20004137
1200	1195	4	0.2000442
1195	1201	0	0.20002382
1201	1195	0	0.20002514
1195	1201	1	0.20002781
1201	1195	1	0.20002133
1195	1201	2	0.19999148
1201	1195	2	0.19999121
1195	1201	3	0.19999148
1201	1195	3	0.19999121
1195	1201	4	0.20004152
1201	1195	4	0.20003888
1196	1199	0	0.20001246
1199	1196	0	0.20002222
1196	1199	1	0.20001253
1199	1196	1	0.20002216
1196	1199	2	0.20000097
1199	1196	2	0.2000051
1196	1199	3	0.20000097
1199	1196	3	0.2000051
1196	1199	4	0.20003103
1199	1196	4	0.20004444
1196	1200	0	0.20001784
1200	1196	0	0.20002401
1196	1200	1	0.20001675
1200	1196	1	0.20002525
1196	1200	2	0.19999836
1200	1196	2	0.20000035
1196	1200	3	0.19999836
1200	1196	3	0.20000038
1196	1200	4	0.20003752
1200	1196	4	0.20004673
1196	1201	0	0.20002197
1201	1196	0	0.20002784
1196	1201	1	0.20002526
1201	1196	1	0.2000244
1196	1201	2	0.19999315
1201	1196	2	0.19999352
1196	1201	3	0.19999315
1201	1196	3	0.19999352
1196	1201	4	0.20003992
1201	1196	4	0.20004262
1197	1202	0	0.19999976
1202	1197	0	0.20000102
1197	1202	1	0.20000002
1202	1197	1	0.2000008
1197	1202	2	0.1999913
1202	1197	2	0.19999182
1197	1202	3	0.1999913
1202	1197	3	0.19999182
1197	1202	4	0.19999892
1202	1197	4	0.19999984
1197	1203	0	0.200002
1203	1197	0	0.20000115
1197	1203	1	0.20000237
1203	1197	1	0.2000008
1197	1203	2	0.19998832
1203	1197	2	0.19998892
1197	1203	3	0.19998835
1203	1197	3	0.19998892
1197	1203	4	0.2000005
1203	1197	4	0.20000117
1197	1204	0	0.20000671
1204	1197	0	0.20000288
1197	1204	1	0.20000643
1204	1197	1	0.20000313
1197	1204	2	0.1999825
1204	1197	2	0.19998375
1197	1204	3	0.1999825
1204	1197	3	0.19998375
1197	1204	4	0.20000567
1204	1197	4	0.20000565
1197	1205	0	0.26384768
1205	1197	0	0.19206278
1197	1205	1	0.18412843
1205	1197	1	0.23192815
1197	1205	2	0.18400502
1205	1197	2	0.19197793
1197	1205	3	0.18400502
1205	1197	3	0.19197793
1197	1205	4	0.18413417
1205	1197	4	0.19208865
1197	1206	0	0.20001541
1206	1197	0	0.20000648
1197	1206	1	0.20001458
1206	1197	1	0.20000714
1197	1206	2	0.19998695
1206	1197	2	0.1999875
1197	1206	3	0.19998695
1206	1197	3	0.19998749
1197	1206	4	0.20002177
1206	1197	4	0.20001759
1198	1202	0	0.20000167
1202	1198	0	0.20000193
1198	1202	1	0.20000122
1202	1198	1	0.20000246
1198	1202	2	0.19998832
1202	1198	2	0.19998753
1198	1202	3	0.19998834
1202	1198	3	0.19998753
1198	1202	4	0.2000016
1202	1198	4	0.20000096
1198	1203	0	0.20000117
1203	1198	0	0.20000128
1198	1203	1	0.20000127
1203	1198	1	0.20000118
1198	1203	2	0.19998884
1203	1198	2	0.19998883
1198	1203	3	0.19998883
1203	1198	3	0.19998886
1198	1203	4	0.20000038
1203	1198	4	0.20000038
1198	1204	0	0.2000017
1204	1198	0	0.20000125
1198	1204	1	0.20000193
1204	1198	1	0.20000106
1198	1204	2	0.19998845
1204	1198	2	0.19998918
1198	1204	3	0.19998845
1204	1198	3	0.19998918
1198	1204	4	0.2000006
1204	1198	4	0.2000012
1198	1205	0	0.20000623
1205	1198	0	0.20000307
1198	1205	1	0.20000686
1205	1198	1	0.20000258
1198	1205	2	0.19998264
1205	1198	2	0.19998384
1198	1205	3	0.19998264
1205	1198	3	0.19998384
1198	1205	4	0.20000537
1205	1198	4	0.20000532
1198	1206	0	0.20000952
1206	1198	0	0.20000386
1198	1206	1	0.20000948
1206	1198	1	0.20000389
1198	1206	2	0.19998254
1206	1198	2	0.1999842
1198	1206	3	0.19998254
1206	1198	3	0.1999842
1198	1206	4	0.20001087
1206	1198	4	0.20000944
1199	1207	0	0.20001964
1207	1199	0	0.20001101
1199	1207	1	0.20001839
1207	1199	1	0.20001203
1199	1207	2	0.19998468
1207	1199	2	0.19998421
1199	1207	3	0.19998468
1207	1199	3	0.19998422
1199	1207	4	0.20002796
1207	1199	4	0.20002356
1199	1208	0	0.20001893
1208	1199	0	0.20001127
1199	1208	1	0.20002015
1208	1199	1	0.20001036
1199	1208	2	0.19998905
1208	1199	2	0.19998859
1199	1208	3	0.19998907
1208	1199	3	0.19998859
1199	1208	4	0.20003383
1208	1199	4	0.2000267
1199	1209	0	0.20001803
1209	1199	0	0.2000097
1199	1209	1	0.20001774
1209	1199	1	0.20000988
1199	1209	2	0.19999339
1209	1199	2	0.19999179
1199	1209	3	0.19999339
1209	1199	3	0.19999179
1199	1209	4	0.20003954
1209	1199	4	0.20002997
1199	1210	0	0.23168461
1210	1199	0	0.19610286
1199	1210	1	0.19220537
1210	1199	1	0.21583234
1199	1210	2	0.19204886
1210	1199	2	0.19600607
1199	1210	3	0.19204886
1210	1199	3	0.19600609
1199	1210	4	0.19213256
1210	1199	4	0.1960723
1200	1207	0	0.20001443
1207	1200	0	0.2000085
1200	1207	1	0.20001279
1207	1200	1	0.20001
1200	1207	2	0.19997767
1207	1200	2	0.19997814
1200	1207	3	0.19997767
1207	1200	3	0.19997814
1200	1207	4	0.20001827
1207	1200	4	0.20001623
1200	1208	0	0.19853193
1208	1200	0	0.2030607
1200	1208	1	0.20610985
1208	1200	1	0.19928722
1200	1208	2	0.19843367
1208	1200	2	0.19919643
1200	1208	3	0.19843365
1208	1200	3	0.19919643
1200	1208	4	0.19852826
1208	1200	4	0.19929473
1200	1209	0	0.20001873
1209	1200	0	0.2000094
1200	1209	1	0.20001894
1209	1200	1	0.20000924
1200	1209	2	0.19998848
1209	1200	2	0.19998775
1200	1209	3	0.19998847
1209	1200	3	0.19998775
1200	1209	4	0.2000305
1209	1200	4	0.2000231
1200	1210	0	0.20001876
1210	1200	0	0.2000086
1200	1210	1	0.2000175
1210	1200	1	0.20000942
1200	1210	2	0.199992
1210	1200	2	0.19999072
1200	1210	3	0.199992
1210	1200	3	0.19999073
1200	1210	4	0.20003685
1210	1200	4	0.20002685
1201	1207	0	0.17431647
1207	1201	0	0.2515027
1201	1207	1	0.30299112
1207	1201	1	0.18718445
1201	1207	2	0.17421639
1207	1201	2	0.18708624
1201	1207	3	0.17421639
1207	1201	3	0.18708625
1201	1207	4	0.17432465
1207	1201	4	0.18718803
1201	1208	0	0.1736195
1208	1201	0	0.25292006
1201	1208	1	0.3058275
1208	1201	1	0.18682884
1201	1208	2	0.17350568
1208	1201	2	0.18673086
1201	1208	3	0.17350568
1208	1201	3	0.18673085
1201	1208	4	0.17362367
1208	1201	4	0.1868356
1201	1209	0	0.17925869
1209	1201	0	0.24165256
1201	1209	1	0.28330073
1209	1201	1	0.18964122
1201	1209	2	0.1791409
1209	1201	2	0.18955058
1201	1209	3	0.1791409
1209	1201	3	0.18955056
1201	1209	4	0.17924793
1209	1201	4	0.1896416
1201	1210	0	0.20001817
1210	1201	0	0.20001012
1201	1210	1	0.2000189
1210	1201	1	0.2000096
1201	1210	2	0.19998857
1210	1201	2	0.19998804
1201	1210	3	0.19998857
1210	1201	3	0.19998804
1201	1210	4	0.20003076
1210	1201	4	0.20002416
1202	1211	0	0.20000297
1211	1202	0	0.20000139
1202	1211	1	0.20000316
1211	1202	1	0.20000131
1202	1211	2	0.19998656
1211	1202	2	0.19999078
1202	1211	3	0.19998656
1211	1202	3	0.19999078
1202	1211	4	0.20000423
1211	1202	4	0.20000441
1203	1211	0	0.19999935
1211	1203	0	0.1999997
1203	1211	1	0.19999945
1211	1203	1	0.19999966
1203	1211	2	0.19999509
1211	1203	2	0.19999729
1203	1211	3	0.19999509
1211	1203	3	0.1999973
1203	1211	4	0.19999748
1211	1203	4	0.19999848
1204	1211	0	0.18889782
1211	1204	0	0.22223583
1204	1211	1	0.24448736
1211	1204	1	0.19445081
1204	1211	2	0.18886341
1211	1204	2	0.19442418
1204	1211	3	0.18886341
1211	1204	3	0.19442418
1204	1211	4	0.18889458
1211	1204	4	0.19445318
1205	1211	0	0.19022746
1211	1205	0	0.21956405
1205	1211	1	0.23913838
1211	1205	1	0.19511436
1205	1211	2	0.19020303
1211	1205	2	0.1950952
1205	1211	3	0.19020304
1211	1205	3	0.19509518
1205	1211	4	0.19022706
1211	1205	4	0.19511715
1206	1211	0	0.19879824
1211	1206	0	0.20240735
1206	1211	1	0.2048155
1211	1206	1	0.19939932
1206	1211	2	0.19878778
1211	1206	2	0.19939011
1206	1211	3	0.19878778
1211	1206	3	0.19939013
1206	1211	4	0.1987962
1211	1206	4	0.19939697
1212	1216	0	0.199999
1216	1212	0	0.20000058
1212	1216	1	0.19999899
1216	1212	1	0.2000006
1212	1216	2	0.200001
1216	1212	2	0.20000178
1212	1216	3	0.20000099
1216	1212	3	0.20000178
1212	1216	4	0.19999923
1216	1212	4	0.20000072
1212	1217	0	0.1999993
1217	1212	0	0.2000001
1212	1217	1	0.19999929
1217	1212	1	0.2000001
1212	1217	2	0.20000154
1217	1212	2	0.20000157
1212	1217	3	0.20000154
1217	1212	3	0.20000157
1212	1217	4	0.19999963
1217	1212	4	0.19999997
1212	1218	0	0.19999722
1218	1212	0	0.19999978
1212	1218	1	0.1999972
1218	1212	1	0.19999976
1212	1218	2	0.20000128
1218	1212	2	0.20000191
1212	1218	3	0.20000128
1218	1212	3	0.20000191
1212	1218	4	0.19999744
1218	1212	4	0.1999991
1213	1216	0	0.20000051
1216	1213	0	0.19999978
1213	1216	1	0.20000051
1216	1213	1	0.19999978
1213	1216	2	0.2000014
1216	1213	2	0.200001
1213	1216	3	0.2000014
1216	1213	3	0.200001
1213	1216	4	0.2000006
1216	1213	4	0.19999997
1213	1217	0	0.19999963
1217	1213	0	0.20000039
1213	1217	1	0.19999963
1217	1213	1	0.20000038
1213	1217	2	0.20000124
1217	1213	2	0.20000158
1213	1217	3	0.20000124
1217	1213	3	0.20000158
1213	1217	4	0.19999984
1217	1213	4	0.20000048
1213	1218	0	0.19999741
1218	1213	0	0.20000035
1213	1218	1	0.19999741
1218	1213	1	0.20000033
1213	1218	2	0.20000122
1218	1213	2	0.2000024
1213	1218	3	0.20000122
1218	1213	3	0.20000242
1213	1218	4	0.19999792
1218	1213	4	0.20000045
1214	1216	0	0.20000029
1216	1214	0	0.19999798
1214	1216	1	0.20000029
1216	1214	1	0.19999798
1214	1216	2	0.20000206
1216	1214	2	0.20000131
1214	1216	3	0.20000206
1216	1214	3	0.20000131
1214	1216	4	0.20000027
1216	1214	4	0.19999848
1214	1217	0	0.20000029
1217	1214	0	0.20000038
1214	1217	1	0.20000029
1217	1214	1	0.20000036
1214	1217	2	0.20000099
1217	1214	2	0.20000108
1214	1217	3	0.20000099
1217	1214	3	0.20000108
1214	1217	4	0.20000036
1217	1214	4	0.2000005
1214	1218	0	0.20000003
1218	1214	0	0.20000027
1214	1218	1	0.20000002
1218	1214	1	0.20000027
1214	1218	2	0.20000133
1218	1214	2	0.2000014
1214	1218	3	0.20000134
1218	1214	3	0.20000139
1214	1218	4	0.20000021
1218	1214	4	0.20000032
1215	1219	0	0.19999728
1219	1215	0	0.19999735
1215	1219	1	0.19999728
1219	1215	1	0.19999735
1215	1219	2	0.20000134
1219	1215	2	0.20000167
1215	1219	3	0.20000136
1219	1215	3	0.20000166
1215	1219	4	0.19999631
1219	1215	4	0.19999671
1215	1220	0	0.19999747
1220	1215	0	0.19999798
1215	1220	1	0.19999744
1220	1215	1	0.19999802
1215	1220	2	0.20000127
1220	1215	2	0.20000136
1215	1220	3	0.20000128
1220	1215	3	0.20000134
1215	1220	4	0.19999692
1220	1215	4	0.19999728
1215	1221	0	0.19999705
1221	1215	0	0.19999816
1215	1221	1	0.19999705
1221	1215	1	0.19999816
1215	1221	2	0.20000128
1221	1215	2	0.20000133
1215	1221	3	0.20000128
1221	1215	3	0.20000133
1215	1221	4	0.19999632
1221	1215	4	0.19999716
1215	1222	0	0.19999634
1222	1215	0	0.19999896
1215	1222	1	0.19999635
1222	1215	1	0.19999896
1215	1222	2	0.20000139
1222	1215	2	0.2000025
1215	1222	3	0.20000139
1222	1215	3	0.2000025
1215	1222	4	0.19999503
1222	1215	4	0.19999711
1215	1223	0	0.19999792
1223	1215	0	0.19999962
1215	1223	1	0.1999979
1223	1215	1	0.19999962
1215	1223	2	0.19999953
1223	1215	2	0.20000073
1215	1223	3	0.19999953
1223	1215	3	0.20000073
1215	1223	4	0.1999959
1223	1215	4	0.1999977
1216	1224	0	0.19034716
1224	1216	0	0.21929501
1216	1224	1	0.23858155
1224	1216	1	0.19517629
1216	1224	2	0.19035783
1224	1216	2	0.19518317
1216	1224	3	0.19035783
1224	1216	3	0.19518319
1216	1224	4	0.19033842
1224	1216	4	0.19516782
1217	1224	0	0.19999817
1224	1217	0	0.20000102
1217	1224	1	0.19999814
1224	1217	1	0.20000105
1217	1224	2	0.19999984
1224	1217	2	0.20000215
1217	1224	3	0.19999984
1224	1217	3	0.20000215
1217	1224	4	0.19999863
1224	1217	4	0.20000115
1218	1224	0	0.19999993
1224	1218	0	0.20000061
1218	1224	1	0.19999994
1224	1218	1	0.20000061
1218	1224	2	0.19999947
1224	1218	2	0.20000014
1218	1224	3	0.19999947
1224	1218	3	0.20000014
1218	1224	4	0.2000006
1224	1218	4	0.2000013
1219	1225	0	0.19999672
1225	1219	0	0.19999987
1219	1225	1	0.19999671
1225	1219	1	0.19999987
1219	1225	2	0.20000136
1225	1219	2	0.20000239
1219	1225	3	0.20000137
1225	1219	3	0.20000236
1219	1225	4	0.19999713
1225	1219	4	0.19999938
1220	1225	0	0.19999745
1225	1220	0	0.20000033
1220	1225	1	0.19999748
1225	1220	1	0.20000032
1220	1225	2	0.20000124
1225	1220	2	0.20000236
1220	1225	3	0.20000124
1225	1220	3	0.20000236
1220	1225	4	0.19999799
1225	1220	4	0.20000044
1221	1225	0	0.20000009
1225	1221	0	0.20000032
1221	1225	1	0.2000001
1225	1221	1	0.20000032
1221	1225	2	0.20000125
1225	1221	2	0.20000133
1221	1225	3	0.20000125
1225	1221	3	0.20000131
1221	1225	4	0.20000027
1225	1221	4	0.20000036
1222	1225	0	0.20000052
1225	1222	0	0.19999944
1222	1225	1	0.20000052
1225	1222	1	0.19999945
1222	1225	2	0.20000157
1225	1222	2	0.20000102
1222	1225	3	0.20000157
1225	1222	3	0.20000102
1222	1225	4	0.20000066
1225	1222	4	0.19999965
1223	1225	0	0.20000012
1225	1223	0	0.19999902
1223	1225	1	0.2000001
1225	1223	1	0.19999902
1223	1225	2	0.20000166
1225	1223	2	0.20000154
1223	1225	3	0.20000166
1225	1223	3	0.20000154
1223	1225	4	0.19999999
1225	1223	4	0.19999938
1224	1226	0	0.20000008
1226	1224	0	0.19999991
1224	1226	1	0.20000008
1226	1224	1	0.19999991
1224	1226	2	0.20000006
1226	1224	2	0.19999991
1224	1226	3	0.20000006
1226	1224	3	0.1999999
1224	1226	4	0.20000009
1226	1224	4	0.19999994
1224	1227	0	0.19999892
1227	1224	0	0.20000102
1224	1227	1	0.19999892
1227	1224	1	0.20000102
1224	1227	2	0.19999912
1227	1224	2	0.2000011
1224	1227	3	0.19999914
1227	1224	3	0.20000112
1224	1227	4	0.1999989
1227	1224	4	0.200001
1225	1228	0	0.19999939
1228	1225	0	0.20000063
1225	1228	1	0.1999994
1228	1225	1	0.20000063
1225	1228	2	0.1999995
1228	1225	2	0.20000064
1225	1228	3	0.1999995
1228	1225	3	0.20000064
1225	1228	4	0.19999926
1228	1225	4	0.20000046
1225	1229	0	0.19074713
1229	1225	0	0.21850516
1225	1229	1	0.2370068
1229	1225	1	0.19537517
1225	1229	2	0.19074705
1229	1225	2	0.19537501
1225	1229	3	0.19074705
1229	1225	3	0.19537501
1225	1229	4	0.1907465
1229	1225	4	0.19537464
1226	1230	0	0.19999918
1230	1226	0	0.20000096
1226	1230	1	0.1999992
1230	1226	1	0.20000096
1226	1230	2	0.19999893
1230	1226	2	0.20000057
1226	1230	3	0.19999893
1230	1226	3	0.20000057
1226	1230	4	0.19999942
1230	1226	4	0.20000124
1226	1231	0	0.19999869
1231	1226	0	0.2000014
1226	1231	1	0.19999877
1231	1226	1	0.20000136
1226	1231	2	0.19999845
1231	1226	2	0.20000091
1226	1231	3	0.19999845
1231	1226	3	0.20000091
1226	1231	4	0.19999994
1231	1226	4	0.20000254
1227	1230	0	0.19999965
1230	1227	0	0.20000014
1227	1230	1	0.19999968
1230	1227	1	0.20000014
1227	1230	2	0.19999987
1230	1227	2	0.20000032
1227	1230	3	0.19999988
1230	1227	3	0.20000032
1227	1230	4	0.19999953
1230	1227	4	0.19999997
1227	1231	0	0.23778553
1231	1227	0	0.1952774
1227	1231	1	0.19055359
1231	1227	1	0.21889341
1227	1231	2	0.19055262
1231	1227	2	0.19527641
1227	1231	3	0.19055262
1231	1227	3	0.19527642
1227	1231	4	0.1905551
1231	1227	4	0.19527894
1228	1232	0	0.1999984
1232	1228	0	0.20000151
1228	1232	1	0.19999835
1232	1228	1	0.20000154
1228	1232	2	0.19999881
1232	1228	2	0.20000172
1228	1232	3	0.1999988
1232	1228	3	0.20000172
1228	1232	4	0.19999824
1232	1228	4	0.20000136
1229	1232	0	0.19999966
1232	1229	0	0.20000036
1229	1232	1	0.19999966
1232	1229	1	0.20000035
1229	1232	2	0.19999972
1232	1229	2	0.20000035
1229	1232	3	0.1999997
1232	1229	3	0.20000035
1229	1232	4	0.19999963
1232	1229	4	0.20000032
1230	1233	0	0.20000857
1233	1230	0	0.20001212
1230	1233	1	0.2000087
1233	1230	1	0.20001194
1230	1233	2	0.19997881
1233	1230	2	0.19997782
1230	1233	3	0.19997881
1233	1230	3	0.19997782
1230	1233	4	0.2000126
1233	1230	4	0.2000126
1230	1234	0	0.20000601
1234	1230	0	0.200007
1230	1234	1	0.20000648
1234	1230	1	0.20000648
1230	1234	2	0.19997972
1234	1230	2	0.1999792
1230	1234	3	0.19997972
1234	1230	3	0.19997919
1230	1234	4	0.2000074
1234	1230	4	0.20000705
1230	1235	0	0.20000717
1235	1230	0	0.20000657
1230	1235	1	0.20000711
1235	1230	1	0.20000663
1230	1235	2	0.19997878
1235	1230	2	0.19997929
1230	1235	3	0.19997878
1235	1230	3	0.19997929
1230	1235	4	0.20000753
1235	1230	4	0.2000079
1230	1236	0	0.20001169
1236	1230	0	0.20000698
1230	1236	1	0.20001172
1236	1230	1	0.20000692
1230	1236	2	0.1999776
1236	1230	2	0.19997865
1230	1236	3	0.19997762
1236	1230	3	0.19997865
1230	1236	4	0.20001149
1236	1230	4	0.20001037
1230	1237	0	0.20001745
1237	1230	0	0.20001048
1230	1237	1	0.20001715
1237	1230	1	0.20001076
1230	1237	2	0.19998284
1237	1230	2	0.19998331
1230	1237	3	0.19998285
1237	1230	3	0.19998331
1230	1237	4	0.20001996
1237	1230	4	0.20001768
1230	1238	0	0.20001997
1238	1230	0	0.20001277
1230	1238	1	0.20002057
1238	1230	1	0.20001228
1230	1238	2	0.1999886
1238	1230	2	0.1999888
1230	1238	3	0.1999886
1238	1230	3	0.1999888
1230	1238	4	0.20002778
1238	1230	4	0.2000233
1231	1233	0	0.20000994
1233	1231	0	0.20001663
1231	1233	1	0.20001054
1233	1231	1	0.2000159
1231	1233	2	0.19998324
1233	1231	2	0.19998255
1231	1233	3	0.19998322
1233	1231	3	0.19998257
1231	1233	4	0.20001684
1233	1231	4	0.2000184
1231	1234	0	0.20000613
1234	1231	0	0.20001104
1231	1234	1	0.20000699
1234	1231	1	0.20001006
1231	1234	2	0.19997925
1234	1231	2	0.19997825
1231	1234	3	0.19997925
1234	1231	3	0.19997825
1231	1234	4	0.20000994
1234	1231	4	0.2000105
1231	1235	0	0.20000575
1235	1231	0	0.20000714
1231	1235	1	0.20000592
1235	1231	1	0.20000696
1231	1235	2	0.1999797
1235	1231	2	0.19997922
1231	1235	3	0.1999797
1235	1231	3	0.19997923
1231	1235	4	0.20000724
1235	1231	4	0.20000723
1231	1236	0	0.19573669
1236	1231	0	0.2085329
1231	1236	1	0.21724778
1236	1231	1	0.19788575
1231	1236	2	0.19568639
1236	1231	2	0.19785038
1231	1236	3	0.19568639
1236	1231	3	0.19785039
1231	1236	4	0.19572946
1236	1231	4	0.19788195
1231	1237	0	0.19957532
1237	1231	0	0.20092696
1231	1237	1	0.20177369
1237	1231	1	0.19978523
1231	1237	2	0.19951977
1237	1231	2	0.19974484
1231	1237	3	0.19951975
1237	1231	3	0.19974484
1231	1237	4	0.1995902
1237	1231	4	0.19980866
1231	1238	0	0.19054426
1238	1231	0	0.2190436
1231	1238	1	0.23808391
1238	1231	1	0.19527361
1231	1238	2	0.19043969
1238	1231	2	0.19519961
1231	1238	3	0.19043969
1238	1231	3	0.19519962
1231	1238	4	0.19053438
1238	1231	4	0.19528165
1232	1239	0	0.2000085
1239	1232	0	0.20001765
1232	1239	1	0.20001747
1239	1232	1	0.20000874
1232	1239	2	0.20000564
1239	1232	2	0.20000581
1232	1239	3	0.20000564
1239	1232	3	0.20000581
1232	1239	4	0.20006257
1239	1232	4	0.2000628
1232	1240	0	0.20001182
1240	1232	0	0.20001212
1232	1240	1	0.20001659
1240	1232	1	0.20000762
1232	1240	2	0.20000523
1240	1232	2	0.20000276
1232	1240	3	0.20000523
1240	1232	3	0.20000276
1232	1240	4	0.20006716
1240	1232	4	0.20005877
1232	1241	0	0.20000474
1241	1232	0	0.20000122
1232	1241	1	0.20000832
1241	1232	1	0.19999808
1232	1241	2	0.20001943
1241	1232	2	0.20001234
1232	1241	3	0.20001943
1241	1232	3	0.20001234
1232	1241	4	0.2000691
1241	1232	4	0.20005189
1232	1242	0	0.1837981
1242	1232	0	0.23258546
1232	1242	1	0.2655921
1242	1232	1	0.19199263
1232	1242	2	0.18361798
1242	1232	2	0.19184381
1232	1242	3	0.18361798
1242	1232	3	0.19184381
1232	1242	4	0.18363525
1242	1232	4	0.19185315
1232	1243	0	0.19996975
1243	1232	0	0.19997582
1232	1243	1	0.19997808
1243	1232	1	0.19996971
1232	1243	2	0.20004874
1243	1232	2	0.20003
1232	1243	3	0.20004874
1243	1232	3	0.20003
1232	1243	4	0.20006733
1243	1232	4	0.20003824
1232	1244	0	0.1756086
1244	1232	0	0.24941716
1232	1244	1	0.29932886
1244	1232	1	0.18792816
1232	1244	2	0.17511992
1244	1232	2	0.1875912
1232	1244	3	0.17511992
1244	1232	3	0.18759118
1232	1244	4	0.17507933
1244	1232	4	0.1875441
1232	1245	0	0.18612216
1245	1232	0	0.22825281
1232	1245	1	0.25686643
1245	1232	1	0.19313282
1232	1245	2	0.18572372
1245	1232	2	0.19288313
1232	1245	3	0.18572375
1245	1232	3	0.19288312
1232	1245	4	0.18572092
1245	1232	4	0.19285925
1233	1248	0	0.19463778
1248	1233	0	0.21016979
1233	1248	1	0.22125699
1248	1233	1	0.19736978
1233	1248	2	0.19441591
1248	1233	2	0.19723131
1233	1248	3	0.19441591
1248	1233	3	0.19723131
1233	1248	4	0.1950249
1248	1233	4	0.19777349
1233	1249	0	0.19944078
1249	1233	0	0.19965611
1233	1249	1	0.19945388
1249	1233	1	0.19964835
1233	1249	2	0.20008269
1249	1233	2	0.20006797
1233	1249	3	0.20008269
1249	1233	3	0.20006797
1233	1249	4	0.20036045
1249	1233	4	0.200335
1233	1246	0	0.19963814
1246	1233	0	0.19978663
1233	1246	1	0.19966337
1246	1233	1	0.19976866
1233	1246	2	0.20021024
1246	1233	2	0.20017248
1233	1246	3	0.20021023
1246	1233	3	0.2001725
1233	1246	4	0.20013925
1246	1233	4	0.20012242
1233	1247	0	0.19650032
1247	1233	0	0.2067147
1233	1247	1	0.21472684
1247	1233	1	0.19835533
1233	1247	2	0.19604258
1247	1233	2	0.19805028
1233	1247	3	0.19604258
1247	1233	3	0.19805026
1233	1247	4	0.19681469
1247	1233	4	0.1987066
1234	1248	0	0.19954959
1248	1234	0	0.19971463
1234	1248	1	0.19954586
1248	1234	1	0.19971718
1234	1248	2	0.20012017
1248	1234	2	0.20010127
1234	1248	3	0.20012015
1248	1234	3	0.20010129
1234	1248	4	0.2001999
1248	1234	4	0.20018713
1234	1249	0	0.19952913
1249	1234	0	0.19969599
1234	1249	1	0.19950841
1249	1234	1	0.19970903
1234	1249	2	0.20010576
1249	1234	2	0.20008801
1234	1249	3	0.20010574
1249	1234	3	0.20008801
1234	1249	4	0.20023564
1249	1234	4	0.2002193
1234	1246	0	0.19972171
1246	1234	0	0.19979016
1234	1246	1	0.19969463
1246	1234	1	0.19981073
1234	1246	2	0.20024101
1246	1234	2	0.20020099
1234	1246	3	0.20024104
1246	1234	3	0.20020097
1234	1246	4	0.2001263
1246	1234	4	0.20010976
1234	1247	0	0.19961119
1247	1234	0	0.1997526
1234	1247	1	0.19961657
1247	1234	1	0.19974867
1234	1247	2	0.20018709
1247	1234	2	0.20015891
1234	1247	3	0.20018709
1247	1234	3	0.20015891
1234	1247	4	0.20015165
1247	1234	4	0.20013808
1235	1248	0	0.19319105
1248	1235	0	0.2138223
1235	1248	1	0.22926839
1248	1235	1	0.19679707
1235	1248	2	0.1922194
1248	1235	2	0.19611865
1235	1248	3	0.19221942
1248	1235	3	0.19611864
1235	1248	4	0.19311836
1248	1235	4	0.19688961
1235	1249	0	0.19956581
1249	1235	0	0.19972803
1235	1249	1	0.19956343
1249	1235	1	0.19972967
1235	1249	2	0.20012122
1249	1235	2	0.20010436
1235	1249	3	0.20012122
1249	1235	3	0.20010436
1235	1249	4	0.20018277
1249	1235	4	0.20017011
1235	1246	0	0.19971563
1246	1235	0	0.1997729
1235	1246	1	0.19970118
1246	1235	1	0.19978479
1235	1246	2	0.20026179
1246	1235	2	0.20023061
1235	1246	3	0.2002618
1246	1235	3	0.20023061
1235	1246	4	0.20012334
1246	1235	4	0.20011026
1235	1247	0	0.19722064
1247	1235	0	0.20530966
1235	1247	1	0.21217798
1247	1235	1	0.19877018
1235	1247	2	0.1967292
1247	1235	2	0.19840911
1235	1247	3	0.19672918
1247	1235	3	0.19840911
1235	1247	4	0.19748826
1247	1235	4	0.19907197
1236	1248	0	0.1996612
1248	1236	0	0.19975789
1236	1248	1	0.19965099
1248	1236	1	0.19976565
1236	1248	2	0.20023698
1248	1236	2	0.2002047
1236	1248	3	0.20023696
1248	1236	3	0.2002047
1236	1248	4	0.20012844
1248	1236	4	0.20011626
1236	1249	0	0.19960791
1249	1236	0	0.19975667
1236	1249	1	0.19962233
1249	1236	1	0.19974637
1236	1249	2	0.20018347
1249	1236	2	0.20015578
1236	1249	3	0.20018347
1249	1236	3	0.20015578
1236	1249	4	0.20015493
1249	1236	4	0.20014152
1236	1246	0	0.19972545
1246	1236	0	0.19979557
1236	1246	1	0.19975641
1246	1236	1	0.19976811
1236	1246	2	0.20025505
1246	1236	2	0.2002355
1236	1246	3	0.20025505
1246	1236	3	0.2002355
1236	1246	4	0.2001149
1246	1236	4	0.20010681
1236	1247	0	0.19974679
1247	1236	0	0.1997986
1236	1247	1	0.19973296
1247	1236	1	0.19980991
1236	1247	2	0.20024459
1247	1236	2	0.20021376
1236	1247	3	0.20024459
1247	1236	3	0.20021376
1236	1247	4	0.2001135
1247	1236	4	0.20010133
1237	1248	0	0.19971588
1248	1237	0	0.19980456
1237	1248	1	0.1997403
1248	1237	1	0.19978441
1237	1248	2	0.20025301
1248	1237	2	0.2002218
1237	1248	3	0.20025301
1248	1237	3	0.2002218
1237	1248	4	0.20011629
1248	1237	4	0.20010304
1237	1249	0	0.19969264
1249	1237	0	0.19980288
1237	1249	1	0.1997106
1249	1237	1	0.19978929
1237	1249	2	0.20025104
1249	1237	2	0.20021112
1237	1249	3	0.20025104
1249	1237	3	0.20021112
1237	1249	4	0.20011641
1249	1237	4	0.2001005
1237	1246	0	0.19976811
1246	1237	0	0.19981083
1237	1246	1	0.19979991
1246	1237	1	0.19978034
1237	1246	2	0.20023084
1246	1237	2	0.20022428
1237	1246	3	0.20023084
1246	1237	3	0.20022427
1237	1246	4	0.20010576
1246	1237	4	0.200101
1237	1247	0	0.19973214
1247	1237	0	0.19981714
1237	1247	1	0.19978045
1247	1237	1	0.19977425
1237	1247	2	0.20024025
1247	1237	2	0.20022108
1237	1247	3	0.20024027
1247	1237	3	0.20022106
1237	1247	4	0.20011476
1247	1237	4	0.20010799
1238	1248	0	0.19973047
1248	1238	0	0.19979359
1238	1248	1	0.19975477
1248	1238	1	0.19977188
1238	1248	2	0.20025368
1248	1238	2	0.20023394
1238	1248	3	0.20025368
1248	1238	3	0.20023392
1238	1248	4	0.2001193
1248	1238	4	0.20010975
1238	1249	0	0.19969025
1249	1238	0	0.19976191
1238	1249	1	0.1996864
1249	1238	1	0.19976509
1238	1249	2	0.20025958
1249	1238	2	0.2002323
1238	1249	3	0.20025958
1249	1238	3	0.2002323
1238	1249	4	0.20011461
1249	1238	4	0.20010567
1238	1246	0	0.19980776
1246	1238	0	0.19976813
1238	1246	1	0.19978122
1246	1238	1	0.19979565
1238	1246	2	0.20022023
1246	1238	2	0.20022684
1238	1246	3	0.20022023
1246	1238	3	0.20022686
1238	1246	4	0.20011204
1246	1238	4	0.2001145
1238	1247	0	0.19975153
1247	1238	0	0.19978175
1238	1247	1	0.19976865
1247	1238	1	0.19976532
1238	1247	2	0.20025043
1247	1238	2	0.2002438
1238	1247	3	0.20025043
1247	1238	3	0.20024379
1238	1247	4	0.20010875
1247	1238	4	0.20010567
1239	1250	0	0.19993919
1250	1239	0	0.19995457
1239	1250	1	0.19993202
1250	1239	1	0.19995952
1239	1250	2	0.2000869
1250	1239	2	0.20005895
1239	1250	3	0.20008689
1250	1239	3	0.20005897
1239	1250	4	0.2000478
1250	1239	4	0.2000245
1239	1251	0	0.19992243
1251	1239	0	0.19993632
1239	1251	1	0.199889
1251	1239	1	0.19995864
1239	1251	2	0.20011553
1251	1239	2	0.20007786
1239	1251	3	0.20011553
1251	1239	3	0.20007786
1239	1251	4	0.2000419
1251	1239	4	0.20002079
1240	1250	0	0.1999766
1250	1240	0	0.19998132
1240	1250	1	0.19998251
1250	1240	1	0.19997689
1240	1250	2	0.20004632
1250	1240	2	0.20002954
1240	1250	3	0.20004632
1250	1240	3	0.20002955
1240	1250	4	0.20005788
1250	1240	4	0.20003387
1240	1251	0	0.19992939
1251	1240	0	0.1999487
1240	1251	1	0.1999205
1251	1240	1	0.19995485
1240	1251	2	0.20009701
1251	1240	2	0.2000672
1240	1251	3	0.200097
1251	1240	3	0.2000672
1240	1251	4	0.20004867
1251	1240	4	0.20002571
1241	1250	0	0.1999862
1250	1241	0	0.19997643
1241	1250	1	0.19997661
1250	1241	1	0.19998416
1241	1250	2	0.20004311
1250	1241	2	0.20003049
1241	1250	3	0.20004311
1250	1241	3	0.20003049
1241	1250	4	0.20005944
1250	1241	4	0.20003985
1241	1251	0	0.19995257
1251	1241	0	0.19996464
1241	1251	1	0.1999555
1251	1241	1	0.19996251
1241	1251	2	0.20006791
1251	1241	2	0.20004661
1241	1251	3	0.20006791
1251	1241	3	0.2000466
1241	1251	4	0.20005706
1251	1241	4	0.20003307
1242	1250	0	0.19999999
1250	1242	0	0.19999786
1242	1250	1	0.20000163
1250	1242	1	0.19999638
1242	1250	2	0.20002566
1250	1242	2	0.2000193
1242	1250	3	0.20002566
1250	1242	3	0.20001931
1242	1250	4	0.20006277
1250	1242	4	0.20005032
1242	1251	0	0.19998424
1251	1242	0	0.1999804
1242	1251	1	0.1999809
1251	1242	1	0.19998305
1242	1251	2	0.200043
1251	1242	2	0.2000299
1242	1251	3	0.200043
1251	1242	3	0.20002988
1242	1251	4	0.2000593
1251	1242	4	0.20003977
1243	1250	0	0.20000523
1250	1243	0	0.19999427
1243	1250	1	0.19999538
1250	1243	1	0.20000377
1243	1250	2	0.20002468
1250	1243	2	0.20002253
1243	1250	3	0.2000247
1250	1243	3	0.20002253
1243	1250	4	0.20006087
1250	1243	4	0.20005652
1243	1251	0	0.19999963
1251	1243	0	0.19999768
1243	1251	1	0.20000067
1251	1243	1	0.19999674
1243	1251	2	0.20002759
1251	1243	2	0.20002078
1243	1251	3	0.20002759
1251	1243	3	0.20002078
1243	1251	4	0.20006073
1251	1243	4	0.20004869
1244	1250	0	0.20000376
1250	1244	0	0.20000108
1244	1250	1	0.19999996
1250	1244	1	0.20000502
1244	1250	2	0.20002031
1250	1244	2	0.20002247
1244	1250	3	0.20002031
1250	1244	3	0.20002249
1244	1250	4	0.20005533
1250	1244	4	0.20005946
1244	1251	0	0.20000835
1251	1244	0	0.20000091
1244	1251	1	0.20000234
1251	1244	1	0.20000666
1244	1251	2	0.20001923
1251	1244	2	0.20001729
1244	1251	3	0.20001923
1251	1244	3	0.20001729
1244	1251	4	0.20006076
1251	1244	4	0.2000565
1245	1250	0	0.20000248
1250	1245	0	0.199999
1245	1250	1	0.1999959
1250	1245	1	0.20000638
1245	1250	2	0.20001844
1250	1245	2	0.20002465
1245	1250	3	0.20001844
1250	1245	3	0.20002465
1245	1250	4	0.20004892
1250	1245	4	0.20006089
1245	1251	0	0.1999926
1251	1245	0	0.20000698
1245	1251	1	0.20000549
1251	1245	1	0.19999363
1245	1251	2	0.20002341
1251	1245	2	0.20002545
1245	1251	3	0.2000234
1251	1245	3	0.20002545
1245	1251	4	0.2000534
1251	1245	4	0.20005769
1246	1252	0	0.19999923
1252	1246	0	0.19999906
1246	1252	1	0.19999908
1252	1246	1	0.19999918
1246	1252	2	0.19999516
1252	1246	2	0.19999582
1246	1252	3	0.19999516
1252	1246	3	0.1999958
1246	1252	4	0.1999977
1252	1246	4	0.19999859
1246	1253	0	0.2000019
1253	1246	0	0.20000026
1246	1253	1	0.20000218
1253	1246	1	0.20000008
1246	1253	2	0.19998968
1253	1246	2	0.19999166
1246	1253	3	0.19998969
1253	1246	3	0.19999166
1246	1253	4	0.20000081
1253	1246	4	0.20000136
1246	1254	0	0.20000602
1254	1246	0	0.20000139
1246	1254	1	0.20000657
1254	1246	1	0.20000109
1246	1254	2	0.1999846
1254	1246	2	0.19998771
1246	1254	3	0.19998461
1254	1246	3	0.19998771
1246	1254	4	0.20000617
1254	1246	4	0.20000562
1247	1252	0	0.19999741
1252	1247	0	0.1999977
1247	1252	1	0.19999738
1252	1247	1	0.19999771
1247	1252	2	0.19999978
1252	1247	2	0.19999988
1247	1252	3	0.19999978
1252	1247	3	0.19999988
1247	1252	4	0.19999638
1252	1247	4	0.19999668
1247	1253	0	0.19999838
1253	1247	0	0.19999875
1247	1253	1	0.1999984
1253	1247	1	0.19999875
1247	1253	2	0.19999759
1253	1247	2	0.19999792
1247	1253	3	0.19999759
1253	1247	3	0.19999793
1247	1253	4	0.19999689
1253	1247	4	0.19999789
1247	1254	0	0.20000212
1254	1247	0	0.20000015
1247	1254	1	0.20000207
1254	1247	1	0.20000017
1247	1254	2	0.19998986
1254	1247	2	0.19999175
1247	1254	3	0.19998987
1254	1247	3	0.19999175
1247	1254	4	0.20000058
1254	1247	4	0.20000124
1248	1252	0	0.1999977
1252	1248	0	0.1999974
1248	1252	1	0.19999771
1252	1248	1	0.19999735
1248	1252	2	0.20000003
1252	1248	2	0.19999972
1248	1252	3	0.20000003
1252	1248	3	0.19999972
1248	1252	4	0.1999967
1252	1248	4	0.19999638
1248	1253	0	0.19999735
1253	1248	0	0.19999778
1248	1253	1	0.19999732
1253	1248	1	0.19999781
1248	1253	2	0.1999995
1253	1248	2	0.2
1248	1253	3	0.1999995
1253	1248	3	0.2
1248	1253	4	0.19999632
1253	1248	4	0.19999687
1248	1254	0	0.19999893
1254	1248	0	0.19999899
1248	1254	1	0.19999887
1254	1248	1	0.199999
1248	1254	2	0.19999586
1254	1248	2	0.19999649
1248	1254	3	0.19999586
1254	1248	3	0.19999649
1248	1254	4	0.19999753
1254	1248	4	0.19999833
1249	1252	0	0.19999886
1252	1249	0	0.19999859
1249	1252	1	0.19999884
1252	1249	1	0.19999868
1249	1252	2	0.19999729
1252	1249	2	0.19999658
1249	1252	3	0.1999973
1252	1249	3	0.19999658
1249	1252	4	0.1999981
1252	1249	4	0.1999975
1249	1253	0	0.19999744
1253	1249	0	0.19999707
1249	1253	1	0.19999744
1253	1249	1	0.19999707
1249	1253	2	0.20000096
1253	1249	2	0.20000105
1249	1253	3	0.20000094
1253	1249	3	0.20000106
1249	1253	4	0.19999641
1253	1249	4	0.19999604
1249	1254	0	0.19999741
1254	1249	0	0.19999772
1249	1254	1	0.19999743
1254	1249	1	0.19999772
1249	1254	2	0.19999965
1254	1249	2	0.1999998
1249	1254	3	0.19999965
1254	1249	3	0.1999998
1249	1254	4	0.19999641
1254	1249	4	0.1999967
1250	1255	0	0.2000003
1255	1250	0	0.2000005
1250	1255	1	0.20000032
1255	1250	1	0.2000005
1250	1255	2	0.19999978
1255	1250	2	0.20000032
1250	1255	3	0.19999978
1255	1250	3	0.20000032
1250	1255	4	0.20000081
1255	1250	4	0.20000097
1250	1256	0	0.19999759
1256	1250	0	0.20000052
1250	1256	1	0.1999976
1256	1250	1	0.20000052
1250	1256	2	0.20000076
1256	1250	2	0.2000024
1250	1256	3	0.20000075
1256	1250	3	0.2000024
1250	1256	4	0.19999869
1256	1250	4	0.20000118
1250	1257	0	0.19999613
1257	1250	0	0.2000002
1250	1257	1	0.19999613
1257	1250	1	0.2000002
1250	1257	2	0.20000115
1257	1250	2	0.20000322
1250	1257	3	0.20000117
1257	1250	3	0.20000324
1250	1257	4	0.19999656
1257	1250	4	0.2000004
1251	1255	0	0.20000069
1255	1251	0	0.20000045
1251	1255	1	0.20000069
1255	1251	1	0.20000045
1251	1255	2	0.19999982
1255	1251	2	0.1999995
1251	1255	3	0.19999982
1255	1251	3	0.1999995
1251	1255	4	0.200001
1255	1251	4	0.2000008
1251	1256	0	0.20000024
1256	1251	0	0.20000055
1251	1256	1	0.20000024
1256	1251	1	0.20000055
1251	1256	2	0.19999972
1256	1251	2	0.20000039
1251	1256	3	0.19999972
1256	1251	3	0.20000039
1251	1256	4	0.20000076
1256	1251	4	0.20000106
1251	1257	0	0.19999908
1257	1251	0	0.20000027
1251	1257	1	0.19999908
1257	1251	1	0.20000027
1251	1257	2	0.20000075
1257	1251	2	0.20000145
1251	1257	3	0.20000075
1257	1251	3	0.20000145
1251	1257	4	0.20000003
1257	1251	4	0.20000084
1252	1258	0	0.19999914
1258	1252	0	0.20000027
1252	1258	1	0.19999914
1258	1252	1	0.20000026
1252	1258	2	0.2000007
1258	1252	2	0.2000014
1252	1258	3	0.2000007
1258	1252	3	0.2000014
1252	1258	4	0.20000009
1258	1252	4	0.20000084
1252	1259	0	0.19999579
1259	1252	0	0.20000026
1252	1259	1	0.19999579
1259	1252	1	0.20000026
1252	1259	2	0.20000118
1259	1252	2	0.20000347
1252	1259	3	0.2000012
1259	1252	3	0.20000346
1252	1259	4	0.19999602
1259	1252	4	0.20000029
1253	1258	0	0.20000006
1258	1253	0	0.20000069
1253	1258	1	0.20000005
1258	1253	1	0.20000067
1253	1258	2	0.19999969
1258	1253	2	0.20000054
1253	1258	3	0.19999969
1258	1253	3	0.20000054
1253	1258	4	0.20000069
1258	1253	4	0.20000118
1253	1259	0	0.19999857
1259	1253	0	0.20000036
1253	1259	1	0.19999859
1259	1253	1	0.20000035
1253	1259	2	0.20000072
1259	1253	2	0.20000173
1253	1259	3	0.20000072
1259	1253	3	0.20000175
1253	1259	4	0.19999966
1259	1253	4	0.20000106
1254	1258	0	0.20000057
1258	1254	0	0.20000057
1254	1258	1	0.20000055
1258	1254	1	0.20000058
1254	1258	2	0.1999996
1258	1254	2	0.19999963
1254	1258	3	0.1999996
1258	1254	3	0.19999963
1254	1258	4	0.20000087
1258	1254	4	0.20000088
1254	1259	0	0.19999953
1259	1254	0	0.2000008
1254	1259	1	0.19999956
1259	1254	1	0.20000081
1254	1259	2	0.1999999
1259	1254	2	0.20000108
1254	1259	3	0.1999999
1259	1254	3	0.20000108
1254	1259	4	0.20000044
1259	1254	4	0.20000139
1255	1260	0	0.19999997
1260	1255	0	0.20000099
1255	1260	1	0.19999999
1260	1255	1	0.20000099
1255	1260	2	0.19999944
1260	1255	2	0.20000057
1255	1260	3	0.19999942
1260	1255	3	0.20000058
1255	1260	4	0.20000067
1260	1255	4	0.20000164
1255	1261	0	0.19999863
1261	1255	0	0.20000069
1255	1261	1	0.19999865
1261	1255	1	0.20000069
1255	1261	2	0.2000005
1261	1255	2	0.20000204
1255	1261	3	0.2000005
1261	1255	3	0.20000204
1255	1261	4	0.20000003
1261	1255	4	0.2000015
1256	1260	0	0.20000029
1260	1256	0	0.2000009
1256	1260	1	0.20000027
1260	1256	1	0.2000009
1256	1260	2	0.19999911
1260	1256	2	0.19999981
1256	1260	3	0.19999911
1260	1256	3	0.19999981
1256	1260	4	0.20000038
1260	1256	4	0.20000114
1256	1261	0	0.20000003
1261	1256	0	0.20000093
1256	1261	1	0.20000002
1261	1256	1	0.20000093
1256	1261	2	0.1999994
1261	1256	2	0.20000048
1256	1261	3	0.19999942
1261	1256	3	0.20000048
1256	1261	4	0.2000007
1261	1256	4	0.2000016
1257	1260	0	0.20000084
1260	1257	0	0.2000003
1257	1260	1	0.20000084
1260	1257	1	0.2000003
1257	1260	2	0.19999978
1260	1257	2	0.19999915
1257	1260	3	0.19999978
1260	1257	3	0.19999915
1257	1260	4	0.20000109
1260	1257	4	0.20000039
1257	1261	0	0.2000005
1261	1257	0	0.20000038
1257	1261	1	0.2000005
1261	1257	1	0.20000039
1257	1261	2	0.19999963
1261	1257	2	0.19999962
1257	1261	3	0.19999963
1261	1257	3	0.19999962
1257	1261	4	0.2000006
1261	1257	4	0.20000052
1258	1262	0	0.19999917
1262	1258	0	0.20000097
1258	1262	1	0.19999918
1262	1258	1	0.20000096
1258	1262	2	0.19999892
1262	1258	2	0.20000058
1258	1262	3	0.19999892
1262	1258	3	0.20000058
1258	1262	4	0.1999994
1262	1258	4	0.20000125
1258	1263	0	0.19999859
1263	1258	0	0.20000152
1258	1263	1	0.19999859
1263	1258	1	0.20000151
1258	1263	2	0.19999832
1263	1258	2	0.20000103
1258	1263	3	0.19999832
1263	1258	3	0.20000105
1258	1263	4	0.19999999
1263	1258	4	0.2000028
1259	1262	0	0.20000021
1262	1259	0	0.19999962
1259	1262	1	0.20000021
1262	1259	1	0.19999962
1259	1262	2	0.20000036
1262	1259	2	0.19999978
1259	1262	3	0.20000035
1262	1259	3	0.1999998
1259	1262	4	0.2
1262	1259	4	0.19999947
1259	1263	0	0.1999994
1263	1259	0	0.20000069
1259	1263	1	0.19999938
1263	1259	1	0.2000007
1259	1263	2	0.19999929
1263	1259	2	0.20000046
1259	1263	3	0.19999929
1263	1259	3	0.20000046
1259	1263	4	0.19999944
1263	1259	4	0.20000076
1260	1264	0	0.19999817
1264	1260	0	0.19999734
1260	1264	1	0.19999813
1264	1260	1	0.19999737
1260	1264	2	0.1999994
1264	1260	2	0.19999865
1260	1264	3	0.1999994
1264	1260	3	0.19999866
1260	1264	4	0.19999726
1264	1260	4	0.1999964
1260	1265	0	0.19999734
1265	1260	0	0.19999787
1260	1265	1	0.19999735
1265	1260	1	0.19999786
1260	1265	2	0.19999926
1265	1260	2	0.1999998
1260	1265	3	0.19999924
1265	1260	3	0.19999981
1260	1265	4	0.19999634
1265	1260	4	0.19999695
1260	1266	0	0.19999865
1266	1260	0	0.19999889
1260	1266	1	0.19999866
1266	1260	1	0.19999889
1260	1266	2	0.19999672
1266	1260	2	0.19999714
1260	1266	3	0.19999674
1266	1260	3	0.19999714
1260	1266	4	0.19999708
1266	1260	4	0.19999813
1260	1267	0	0.19894189
1267	1260	0	0.20214096
1260	1267	1	0.20426545
1267	1260	1	0.1994688
1260	1267	2	0.19891877
1267	1260	2	0.19945215
1260	1267	3	0.19891876
1267	1260	3	0.19945215
1260	1267	4	0.19893983
1267	1260	4	0.19947228
1260	1268	0	0.20000593
1268	1260	0	0.20000178
1260	1268	1	0.20000619
1268	1260	1	0.20000161
1260	1268	2	0.19998387
1268	1260	2	0.19998725
1260	1268	3	0.19998387
1268	1260	3	0.19998725
1260	1268	4	0.20000714
1268	1260	4	0.20000686
1261	1264	0	0.19999893
1264	1261	0	0.1999989
1261	1264	1	0.199999
1264	1261	1	0.19999881
1261	1264	2	0.1999966
1264	1261	2	0.19999592
1261	1264	3	0.1999966
1264	1261	3	0.19999592
1261	1264	4	0.1999983
1264	1261	4	0.19999762
1261	1265	0	0.19999765
1265	1261	0	0.19999734
1261	1265	1	0.19999765
1265	1261	1	0.19999735
1261	1265	2	0.20000006
1265	1261	2	0.20000012
1261	1265	3	0.20000006
1265	1261	3	0.20000012
1261	1265	4	0.19999664
1265	1261	4	0.19999622
1261	1266	0	0.19999723
1266	1261	0	0.1999975
1261	1266	1	0.19999716
1266	1261	1	0.19999756
1261	1266	2	0.20000048
1266	1261	2	0.20000081
1261	1266	3	0.20000048
1266	1261	3	0.20000082
1261	1266	4	0.19999625
1266	1261	4	0.19999658
1261	1267	0	0.19999899
1267	1261	0	0.19999905
1261	1267	1	0.19999894
1267	1261	1	0.19999906
1261	1267	2	0.19999582
1267	1261	2	0.19999628
1261	1267	3	0.19999582
1267	1261	3	0.1999963
1261	1267	4	0.19999729
1267	1261	4	0.19999841
1261	1268	0	0.25036052
1268	1261	0	0.19371708
1261	1268	1	0.1874378
1268	1261	1	0.225177
1261	1268	2	0.18738845
1268	1261	2	0.19368461
1261	1268	3	0.18738845
1268	1261	3	0.1936846
1261	1268	4	0.1874416
1268	1261	4	0.19372869
1262	1269	0	0.1999969
1269	1262	0	0.19999976
1262	1269	1	0.19999687
1269	1262	1	0.19999976
1262	1269	2	0.2000011
1269	1262	2	0.20000243
1262	1269	3	0.2000011
1269	1262	3	0.20000243
1262	1269	4	0.19999643
1269	1262	4	0.19999908
1262	1270	0	0.1999965
1270	1262	0	0.19999994
1262	1270	1	0.19999656
1270	1262	1	0.1999999
1262	1270	2	0.20000096
1270	1262	2	0.20000228
1262	1270	3	0.20000096
1270	1262	3	0.20000228
1262	1270	4	0.19999516
1270	1262	4	0.19999838
1262	1271	0	0.19930017
1271	1262	0	0.20140694
1262	1271	1	0.20279357
1271	1262	1	0.19965075
1262	1271	2	0.19929338
1271	1262	2	0.1996451
1262	1271	3	0.19929338
1271	1262	3	0.1996451
1262	1271	4	0.19928953
1271	1262	4	0.19964325
1263	1269	0	0.1999984
1269	1263	0	0.19999956
1263	1269	1	0.19999842
1269	1263	1	0.19999954
1263	1269	2	0.20000142
1269	1263	2	0.20000172
1263	1269	3	0.20000143
1269	1263	3	0.2000017
1263	1269	4	0.19999841
1269	1263	4	0.19999912
1263	1270	0	0.19999842
1270	1263	0	0.1999994
1263	1270	1	0.19999842
1270	1263	1	0.19999942
1263	1270	2	0.20000112
1270	1263	2	0.20000115
1263	1270	3	0.20000112
1270	1263	3	0.20000115
1263	1270	4	0.19999804
1270	1263	4	0.1999988
1263	1271	0	0.19999583
1271	1263	0	0.20000014
1263	1271	1	0.19999585
1271	1263	1	0.20000012
1263	1271	2	0.20000094
1271	1263	2	0.20000309
1263	1271	3	0.20000094
1271	1263	3	0.20000309
1263	1271	4	0.19999436
1271	1263	4	0.1999982
1264	1272	0	0.20001031
1272	1264	0	0.20000604
1264	1272	1	0.20001078
1272	1264	1	0.20000567
1264	1272	2	0.1999821
1272	1264	2	0.19998401
1264	1272	3	0.1999821
1272	1264	3	0.19998401
1264	1272	4	0.20001362
1272	1264	4	0.20001292
1264	1273	0	0.20001324
1273	1264	0	0.20000567
1264	1273	1	0.20001443
1273	1264	1	0.20000483
1264	1273	2	0.19998585
1273	1264	2	0.19998679
1264	1273	3	0.19998585
1273	1264	3	0.19998679
1264	1273	4	0.20001909
1273	1264	4	0.20001478
1265	1272	0	0.1974535
1272	1265	0	0.20517172
1265	1272	1	0.2103243
1272	1265	1	0.19873056
1265	1272	2	0.19739142
1272	1265	2	0.19867983
1265	1272	3	0.19739142
1272	1265	3	0.19867982
1265	1272	4	0.19745171
1272	1265	4	0.19873738
1265	1273	0	0.20000915
1273	1265	0	0.2000034
1265	1273	1	0.20000869
1273	1265	1	0.20000371
1265	1273	2	0.19998266
1273	1265	2	0.19998448
1265	1273	3	0.19998266
1273	1265	3	0.19998448
1265	1273	4	0.20001018
1273	1265	4	0.20000891
1266	1272	0	0.20000231
1272	1266	0	0.20000105
1266	1272	1	0.20000185
1272	1266	1	0.20000145
1266	1272	2	0.19998802
1272	1266	2	0.19998878
1266	1272	3	0.19998802
1272	1266	3	0.19998878
1266	1272	4	0.2000007
1272	1266	4	0.20000136
1266	1273	0	0.20000589
1273	1266	0	0.20000418
1266	1273	1	0.20000611
1273	1266	1	0.20000401
1266	1273	2	0.19998184
1273	1266	2	0.19998354
1266	1273	3	0.19998184
1273	1266	3	0.19998354
1266	1273	4	0.20000671
1273	1266	4	0.20000684
1267	1272	0	0.20000218
1272	1267	0	0.20000096
1267	1272	1	0.20000213
1272	1267	1	0.20000102
1267	1272	2	0.1999882
1272	1267	2	0.19998775
1267	1272	3	0.19998822
1272	1267	3	0.19998775
1267	1272	4	0.20000134
1272	1267	4	0.20000027
1267	1273	0	0.20000204
1273	1267	0	0.20000201
1267	1273	1	0.20000216
1273	1267	1	0.20000193
1267	1273	2	0.19998692
1273	1267	2	0.19998777
1267	1273	3	0.19998692
1273	1267	3	0.19998777
1267	1273	4	0.20000142
1273	1267	4	0.20000193
1268	1272	0	0.19601032
1272	1268	0	0.20804338
1268	1272	1	0.21606123
1272	1268	1	0.19801493
1268	1272	2	0.19595903
1272	1268	2	0.19796164
1268	1272	3	0.19595902
1272	1268	3	0.19796163
1268	1272	4	0.1960172
1272	1268	4	0.19801393
1268	1273	0	0.20000117
1273	1268	0	0.20000115
1268	1273	1	0.20000125
1273	1268	1	0.20000106
1268	1273	2	0.19998911
1273	1268	2	0.19998907
1268	1273	3	0.19998913
1273	1268	3	0.19998908
1268	1273	4	0.20000035
1273	1268	4	0.20000023
1269	1274	0	0.20001349
1274	1269	0	0.20001438
1269	1274	1	0.20001413
1274	1269	1	0.20001373
1269	1274	2	0.19997661
1274	1269	2	0.19997677
1269	1274	3	0.1999766
1274	1269	3	0.19997676
1269	1274	4	0.20001724
1274	1269	4	0.2000175
1269	1275	0	0.19269949
1275	1269	0	0.21472904
1269	1275	1	0.22947212
1275	1269	1	0.19637205
1269	1275	2	0.19259962
1275	1269	2	0.19627917
1269	1275	3	0.19259962
1275	1269	3	0.19627917
1269	1275	4	0.19269496
1275	1269	4	0.19637287
1269	1276	0	0.18910865
1276	1269	0	0.22193924
1269	1276	1	0.24387398
1276	1269	1	0.19456823
1269	1276	2	0.18900242
1276	1269	2	0.19447978
1269	1276	3	0.18900241
1276	1269	3	0.19447978
1269	1276	4	0.18909968
1276	1269	4	0.1945719
1269	1277	0	0.20002246
1277	1269	0	0.20001325
1269	1277	1	0.20002198
1277	1269	1	0.20001367
1269	1277	2	0.19998917
1277	1269	2	0.19998878
1269	1277	3	0.19998917
1277	1269	3	0.19998878
1269	1277	4	0.20003204
1277	1269	4	0.2000253
1269	1278	0	0.20002067
1278	1269	0	0.20001198
1269	1278	1	0.20002124
1278	1269	1	0.20001164
1269	1278	2	0.19999452
1278	1269	2	0.19999257
1269	1278	3	0.1999945
1278	1269	3	0.19999257
1269	1278	4	0.20003891
1278	1269	4	0.20002829
1270	1274	0	0.2000135
1274	1270	0	0.20001751
1270	1274	1	0.2000129
1274	1270	1	0.20001817
1270	1274	2	0.19997852
1274	1270	2	0.1999782
1270	1274	3	0.19997852
1274	1270	3	0.19997819
1270	1274	4	0.20001923
1274	1270	4	0.20002146
1270	1275	0	0.20001428
1275	1270	0	0.20001373
1270	1275	1	0.20001416
1275	1270	1	0.20001382
1270	1275	2	0.19997683
1275	1270	2	0.19997652
1270	1275	3	0.19997683
1275	1270	3	0.1999765
1270	1275	4	0.20001796
1275	1270	4	0.2000175
1270	1276	0	0.20001616
1276	1270	0	0.20001307
1270	1276	1	0.20001648
1276	1270	1	0.20001279
1270	1276	2	0.1999781
1276	1270	2	0.1999786
1270	1276	3	0.1999781
1276	1270	3	0.19997862
1270	1276	4	0.20001915
1276	1270	4	0.20001817
1270	1277	0	0.20001777
1277	1270	0	0.2000118
1270	1277	1	0.20001823
1277	1270	1	0.20001143
1270	1277	2	0.19998246
1277	1270	2	0.19998269
1270	1277	3	0.19998246
1277	1270	3	0.19998269
1270	1277	4	0.20002225
1277	1270	4	0.20001945
1270	1278	0	0.2000234
1278	1270	0	0.20001356
1270	1278	1	0.20002359
1278	1270	1	0.2000134
1270	1278	2	0.19998911
1278	1270	2	0.1999886
1270	1278	3	0.19998911
1278	1270	3	0.1999886
1270	1278	4	0.20003323
1278	1270	4	0.20002514
1271	1274	0	0.20001222
1274	1271	0	0.20002076
1271	1274	1	0.20001316
1274	1271	1	0.20001963
1271	1274	2	0.19998312
1274	1271	2	0.19998337
1271	1274	3	0.1999831
1274	1271	3	0.19998337
1271	1274	4	0.20002113
1274	1271	4	0.20002513
1271	1275	0	0.20001432
1275	1271	0	0.2000162
1271	1275	1	0.20001267
1275	1271	1	0.20001803
1271	1275	2	0.19997872
1275	1271	2	0.19997829
1271	1275	3	0.19997872
1275	1271	3	0.19997828
1271	1275	4	0.20001943
1275	1271	4	0.20002069
1271	1276	0	0.20001434
1276	1271	0	0.20001428
1271	1276	1	0.20001456
1276	1271	1	0.20001407
1271	1276	2	0.19997683
1276	1271	2	0.19997664
1271	1276	3	0.1999768
1276	1271	3	0.19997664
1271	1276	4	0.20001827
1276	1271	4	0.20001799
1271	1277	0	0.20001724
1277	1271	0	0.20001476
1271	1277	1	0.20001818
1277	1271	1	0.20001389
1271	1277	2	0.19997925
1277	1271	2	0.19997966
1271	1277	3	0.19997925
1277	1271	3	0.19997966
1271	1277	4	0.20002149
1277	1271	4	0.20002048
1271	1278	0	0.21366738
1278	1271	0	0.19833738
1271	1278	1	0.19663733
1278	1271	1	0.20684479
1271	1278	2	0.19655605
1278	1271	2	0.19825959
1271	1278	3	0.19655605
1278	1271	3	0.19825958
1271	1278	4	0.19663307
1278	1271	4	0.19834273
1272	1280	0	0.19999582
1280	1272	0	0.20000014
1272	1280	1	0.19999574
1280	1272	1	0.20000017
1272	1280	2	0.20000091
1280	1272	2	0.2000032
1272	1280	3	0.20000091
1280	1272	3	0.2000032
1272	1280	4	0.19999442
1280	1272	4	0.19999836
1272	1281	0	0.19999602
1281	1272	0	0.20000103
1272	1281	1	0.19999602
1281	1272	1	0.20000103
1272	1281	2	0.19999991
1281	1272	2	0.20000237
1272	1281	3	0.19999993
1281	1272	3	0.20000236
1272	1281	4	0.19999419
1281	1272	4	0.1999981
1272	1279	0	0.19999658
1279	1272	0	0.19999969
1272	1279	1	0.19999664
1279	1272	1	0.1999997
1272	1279	2	0.20000112
1279	1272	2	0.20000266
1272	1279	3	0.20000112
1279	1272	3	0.20000266
1272	1279	4	0.19999598
1279	1272	4	0.19999886
1273	1280	0	0.19999681
1280	1273	0	0.1999997
1273	1280	1	0.19999677
1280	1273	1	0.1999997
1273	1280	2	0.2000011
1280	1273	2	0.20000245
1273	1280	3	0.20000109
1280	1273	3	0.20000245
1273	1280	4	0.19999614
1280	1273	4	0.1999988
1273	1281	0	0.19999677
1281	1273	0	0.19999987
1273	1281	1	0.1999968
1281	1273	1	0.19999987
1273	1281	2	0.20000099
1281	1273	2	0.20000188
1273	1281	3	0.20000099
1281	1273	3	0.20000188
1273	1281	4	0.19999535
1281	1273	4	0.19999829
1273	1279	0	0.1999984
1279	1273	0	0.19999951
1273	1279	1	0.19999841
1279	1273	1	0.1999995
1273	1279	2	0.20000142
1279	1273	2	0.2000017
1273	1279	3	0.2000014
1279	1273	3	0.2000017
1273	1279	4	0.19999841
1279	1273	4	0.19999911
1282	1290	0	0.20001423
1290	1282	0	0.20000702
1282	1290	1	0.20001449
1290	1282	1	0.20000684
1282	1290	2	0.1999818
1290	1282	2	0.19998242
1282	1290	3	0.19998181
1290	1282	3	0.19998242
1282	1290	4	0.20001784
1290	1282	4	0.20001456
1282	1291	0	0.20001692
1291	1282	0	0.20000996
1282	1291	1	0.20001759
1291	1282	1	0.20000945
1282	1291	2	0.19998863
1291	1282	2	0.19998835
1282	1291	3	0.19998865
1291	1282	3	0.19998835
1282	1291	4	0.20002759
1291	1282	4	0.20002258
1282	1292	0	0.20001866
1292	1282	0	0.20000854
1282	1292	1	0.20001696
1292	1282	1	0.20000975
1282	1292	2	0.19999124
1292	1282	2	0.19999039
1282	1292	3	0.19999123
1292	1282	3	0.1999904
1282	1292	4	0.20003416
1292	1282	4	0.20002554
1283	1290	0	0.19734645
1290	1283	0	0.20536509
1283	1290	1	0.21069653
1290	1283	1	0.19867228
1283	1290	2	0.19730476
1290	1283	2	0.1986394
1283	1290	3	0.19730476
1290	1283	3	0.19863941
1283	1290	4	0.19735041
1290	1283	4	0.19868043
1283	1291	0	0.20001364
1291	1283	0	0.20000592
1283	1291	1	0.20001324
1291	1283	1	0.20000622
1283	1291	2	0.19998133
1291	1283	2	0.19998218
1283	1291	3	0.19998133
1291	1283	3	0.1999822
1283	1291	4	0.20001617
1291	1283	4	0.20001309
1283	1292	0	0.20001808
1292	1283	0	0.20000954
1283	1292	1	0.20001785
1292	1283	1	0.20000969
1283	1292	2	0.1999887
1292	1283	2	0.19998832
1283	1292	3	0.19998871
1292	1283	3	0.1999883
1283	1292	4	0.2000281
1292	1283	4	0.20002228
1284	1290	0	0.20000687
1290	1284	0	0.20000613
1284	1290	1	0.20000768
1290	1284	1	0.20000534
1284	1290	2	0.1999791
1290	1284	2	0.19997944
1284	1290	3	0.19997908
1290	1284	3	0.19997944
1284	1290	4	0.20000795
1290	1284	4	0.20000772
1284	1291	0	0.20000915
1291	1284	0	0.20000485
1284	1291	1	0.20000888
1291	1284	1	0.20000505
1284	1291	2	0.1999796
1291	1284	2	0.1999805
1284	1291	3	0.1999796
1291	1284	3	0.1999805
1284	1291	4	0.20000951
1291	1284	4	0.20000876
1284	1292	0	0.20001411
1292	1284	0	0.20000711
1284	1292	1	0.20001365
1292	1284	1	0.20000742
1284	1292	2	0.1999821
1292	1284	2	0.19998273
1284	1292	3	0.1999821
1292	1284	3	0.19998273
1284	1292	4	0.20001774
1292	1284	4	0.20001513
1285	1290	0	0.18415885
1290	1285	0	0.23177178
1285	1290	1	0.26349083
1290	1285	1	0.19208826
1285	1290	2	0.1840964
1290	1285	2	0.19202775
1285	1290	3	0.1840964
1290	1285	3	0.19202773
1285	1290	4	0.1841695
1290	1285	4	0.19209474
1285	1291	0	0.19437596
1291	1285	0	0.21131508
1285	1291	1	0.22260211
1291	1285	1	0.19719835
1285	1291	2	0.1943244
1291	1285	2	0.19714676
1285	1291	3	0.1943244
1291	1285	3	0.19714674
1285	1291	4	0.1943802
1291	1285	4	0.1972043
1285	1292	0	0.20000951
1292	1285	0	0.20000643
1285	1292	1	0.20001055
1292	1285	1	0.20000552
1285	1292	2	0.1999789
1292	1285	2	0.1999798
1285	1292	3	0.1999789
1292	1285	3	0.1999798
1285	1292	4	0.20001104
1292	1285	4	0.20001028
1286	1293	0	0.19999608
1293	1286	0	0.20000021
1286	1293	1	0.19999613
1293	1286	1	0.2000002
1286	1293	2	0.20000115
1293	1286	2	0.20000327
1286	1293	3	0.20000115
1293	1286	3	0.20000327
1286	1293	4	0.19999652
1293	1286	4	0.2000004
1287	1293	0	0.19999798
1293	1287	0	0.20000046
1287	1293	1	0.19999799
1293	1287	1	0.20000046
1287	1293	2	0.20000073
1293	1287	2	0.20000215
1287	1293	3	0.20000076
1293	1287	3	0.20000213
1287	1293	4	0.19999908
1293	1287	4	0.20000115
1288	1293	0	0.20000055
1293	1288	0	0.20000044
1288	1293	1	0.20000057
1293	1288	1	0.20000042
1288	1293	2	0.19999975
1293	1288	2	0.19999972
1288	1293	3	0.19999975
1293	1288	3	0.19999972
1288	1293	4	0.20000088
1293	1288	4	0.20000081
1289	1293	0	0.20000044
1293	1289	0	0.20000072
1289	1293	1	0.20000044
1293	1289	1	0.20000072
1289	1293	2	0.19999948
1293	1289	2	0.19999985
1289	1293	3	0.19999947
1293	1289	3	0.19999985
1289	1293	4	0.2000008
1293	1289	4	0.20000103
1294	1301	0	0.19995701
1301	1294	0	0.19996397
1294	1301	1	0.19996138
1301	1294	1	0.19995978
1294	1301	2	0.20006725
1301	1294	2	0.20006345
1294	1301	3	0.20006724
1301	1294	3	0.20006345
1294	1301	4	0.20004632
1301	1294	4	0.20004284
1294	1302	0	0.19997051
1302	1294	0	0.19996397
1294	1302	1	0.19995643
1302	1294	1	0.19997628
1294	1302	2	0.2000657
1302	1294	2	0.20005529
1294	1302	3	0.20006569
1302	1294	3	0.20005529
1294	1302	4	0.20004146
1302	1294	4	0.20003211
1294	1303	0	0.19991648
1303	1294	0	0.19994181
1294	1303	1	0.19991708
1303	1294	1	0.19994134
1294	1303	2	0.20011012
1303	1294	2	0.2000872
1294	1303	3	0.20011011
1303	1294	3	0.20008719
1294	1303	4	0.20004706
1303	1294	4	0.20003308
1294	1304	0	0.19990674
1304	1294	0	0.19993976
1294	1304	1	0.19990483
1304	1294	1	0.19994119
1294	1304	2	0.20012018
1304	1294	2	0.200091
1294	1304	3	0.20012015
1304	1294	3	0.20009102
1294	1304	4	0.2000414
1304	1294	4	0.20002504
1294	1305	0	0.19985327
1305	1294	0	0.19992633
1294	1305	1	0.19986027
1305	1294	1	0.19992162
1294	1305	2	0.20016858
1305	1294	2	0.20012937
1294	1305	3	0.2001686
1305	1294	3	0.20012936
1294	1305	4	0.20002781
1305	1294	4	0.20001556
1294	1306	0	0.19980721
1306	1294	0	0.19990934
1294	1306	1	0.19980513
1306	1294	1	0.19991067
1294	1306	2	0.20019324
1306	1294	2	0.20014948
1294	1306	3	0.20019324
1306	1294	3	0.20014949
1294	1306	4	0.20002119
1306	1294	4	0.20001043
1295	1301	0	0.1999556
1301	1295	0	0.19995058
1295	1301	1	0.19995435
1301	1295	1	0.1999519
1295	1301	2	0.20007452
1301	1295	2	0.20007876
1295	1301	3	0.20007452
1301	1295	3	0.20007876
1295	1301	4	0.20003851
1301	1295	4	0.20004167
1295	1302	0	0.19996518
1302	1295	0	0.19997093
1295	1302	1	0.199969
1302	1295	1	0.19996728
1295	1302	2	0.2000579
1302	1295	2	0.20005433
1295	1302	3	0.2000579
1302	1295	3	0.20005433
1295	1302	4	0.20004842
1302	1295	4	0.2000448
1295	1303	0	0.19994636
1303	1295	0	0.19996461
1295	1303	1	0.19995557
1303	1295	1	0.19995657
1295	1303	2	0.20007771
1303	1295	2	0.20006585
1295	1303	3	0.20007773
1303	1295	3	0.20006584
1295	1303	4	0.20004207
1303	1295	4	0.2000328
1295	1304	0	0.19994736
1304	1295	0	0.19995287
1295	1304	1	0.19993688
1304	1295	1	0.19996127
1295	1304	2	0.20008105
1304	1295	2	0.20006207
1295	1304	3	0.20008104
1304	1295	3	0.20006208
1295	1304	4	0.20005128
1304	1295	4	0.20003518
1295	1305	0	0.19989423
1305	1295	0	0.19994153
1295	1305	1	0.19990423
1305	1295	1	0.19993423
1295	1305	2	0.20013084
1305	1295	2	0.20009986
1295	1305	3	0.20013084
1305	1295	3	0.20009987
1295	1305	4	0.20003696
1305	1295	4	0.20002176
1295	1306	0	0.19985825
1306	1295	0	0.19992433
1295	1306	1	0.19985846
1306	1295	1	0.19992428
1295	1306	2	0.2001665
1306	1295	2	0.20012741
1295	1306	3	0.2001665
1306	1295	3	0.20012741
1295	1306	4	0.20002988
1306	1295	4	0.20001648
1296	1301	0	0.19995517
1301	1296	0	0.19994925
1296	1301	1	0.19995925
1301	1296	1	0.19994457
1296	1301	2	0.20006767
1301	1296	2	0.20007999
1296	1301	3	0.20006768
1301	1296	3	0.20007999
1296	1301	4	0.2000366
1301	1296	4	0.20004621
1296	1302	0	0.19996554
1302	1296	0	0.19995558
1296	1302	1	0.19995798
1302	1296	1	0.19996347
1296	1302	2	0.20006485
1302	1296	2	0.20006849
1296	1302	3	0.20006484
1302	1296	3	0.20006849
1296	1302	4	0.20004013
1302	1296	4	0.20004356
1296	1303	0	0.19996464
1303	1296	0	0.1999639
1296	1303	1	0.19996117
1303	1296	1	0.19996722
1296	1303	2	0.20006417
1303	1296	2	0.20006034
1296	1303	3	0.20006417
1303	1296	3	0.20006034
1296	1303	4	0.2000438
1303	1296	4	0.20004046
1296	1304	0	0.19995958
1304	1296	0	0.19996725
1296	1304	1	0.1999604
1304	1296	1	0.19996653
1296	1304	2	0.20006542
1304	1296	2	0.20005459
1296	1304	3	0.20006542
1304	1296	3	0.20005457
1296	1304	4	0.20004852
1304	1296	4	0.20003828
1296	1305	0	0.19992498
1305	1296	0	0.19995895
1296	1305	1	0.19994026
1305	1296	1	0.19994676
1296	1305	2	0.20009807
1305	1296	2	0.20007744
1296	1305	3	0.20009807
1305	1296	3	0.20007746
1296	1305	4	0.20003772
1305	1296	4	0.2000243
1296	1306	0	0.1998845
1306	1296	0	0.1999361
1296	1306	1	0.199893
1306	1296	1	0.1999299
1296	1306	2	0.20014408
1306	1296	2	0.20011117
1296	1306	3	0.20014407
1306	1296	3	0.20011117
1296	1306	4	0.20003296
1306	1296	4	0.20001948
1297	1301	0	0.19994678
1301	1297	0	0.1999274
1297	1301	1	0.19994955
1301	1297	1	0.19992395
1297	1301	2	0.2000833
1301	1297	2	0.20010489
1297	1301	3	0.2000833
1301	1297	3	0.20010489
1297	1301	4	0.20002657
1301	1297	4	0.20003997
1297	1302	0	0.19996834
1302	1297	0	0.19995028
1297	1302	1	0.19995947
1302	1297	1	0.19996041
1297	1302	2	0.2000624
1302	1297	2	0.20007369
1297	1302	3	0.2000624
1302	1297	3	0.20007369
1297	1302	4	0.20003226
1302	1297	4	0.20004155
1297	1303	0	0.1999584
1303	1297	0	0.19995478
1297	1303	1	0.19995846
1303	1297	1	0.19995473
1297	1303	2	0.20006828
1303	1297	2	0.20007263
1297	1303	3	0.20006828
1303	1297	3	0.2000726
1297	1303	4	0.20004126
1303	1297	4	0.20004447
1297	1304	0	0.19994517
1304	1297	0	0.20000218
1297	1304	1	0.20000152
1304	1297	1	0.19994824
1297	1304	2	0.20005587
1304	1297	2	0.20005254
1297	1304	3	0.20005587
1304	1297	3	0.20005254
1297	1304	4	0.20003475
1304	1297	4	0.20003168
1297	1305	0	0.19996324
1305	1297	0	0.1999601
1297	1305	1	0.1999514
1305	1297	1	0.19997042
1297	1305	2	0.20006938
1305	1297	2	0.20005822
1297	1305	3	0.20006938
1305	1297	3	0.20005822
1297	1305	4	0.20004408
1305	1297	4	0.20003442
1297	1306	0	0.19992305
1306	1297	0	0.19996044
1297	1306	1	0.19994237
1306	1297	1	0.19994503
1297	1306	2	0.20009746
1306	1297	2	0.20007685
1297	1306	3	0.20009746
1306	1297	3	0.20007686
1297	1306	4	0.20003954
1306	1297	4	0.20002587
1307	1311	0	0.19999854
1311	1307	0	0.20000139
1307	1311	1	0.19999853
1311	1307	1	0.20000139
1307	1311	2	0.19999853
1311	1307	2	0.20000115
1307	1311	3	0.19999853
1311	1307	3	0.20000115
1307	1311	4	0.19999905
1311	1307	4	0.2000019
1308	1311	0	0.19999951
1311	1308	0	0.20000015
1308	1311	1	0.19999953
1311	1308	1	0.20000017
1308	1311	2	0.1999999
1311	1308	2	0.20000046
1308	1311	3	0.1999999
1311	1308	3	0.20000046
1308	1311	4	0.19999945
1311	1308	4	0.20000008
1309	1311	0	0.20000058
1311	1309	0	0.19999908
1309	1311	1	0.20000061
1311	1309	1	0.19999906
1309	1311	2	0.20000084
1311	1309	2	0.19999945
1309	1311	3	0.20000082
1311	1309	3	0.19999945
1309	1311	4	0.20000052
1311	1309	4	0.19999902
1310	1312	0	0.19868377
1312	1310	0	0.20263189
1310	1312	1	0.20526215
1312	1310	1	0.19934277
1310	1312	2	0.19868372
1312	1310	2	0.19934273
1310	1312	3	0.19868372
1312	1310	3	0.19934273
1310	1312	4	0.19868371
1312	1310	4	0.19934273
1311	1313	0	0.19999944
1313	1311	0	0.20000055
1311	1313	1	0.19999945
1313	1311	1	0.20000055
1311	1313	2	0.19999947
1313	1311	2	0.20000055
1311	1313	3	0.19999947
1313	1311	3	0.20000055
1311	1313	4	0.19999945
1313	1311	4	0.20000054
1312	1314	0	0.19999938
1314	1312	0	0.20000061
1312	1314	1	0.19999936
1314	1312	1	0.20000063
1312	1314	2	0.19999939
1314	1312	2	0.20000064
1312	1314	3	0.1999994
1314	1312	3	0.20000061
1312	1314	4	0.19999938
1314	1312	4	0.20000061
1313	1315	0	0.19999953
1315	1313	0	0.20000051
1313	1315	1	0.19999951
1315	1313	1	0.20000052
1313	1315	2	0.1999995
1315	1313	2	0.20000044
1313	1315	3	0.19999951
1315	1313	3	0.20000045
1313	1315	4	0.19999956
1315	1313	4	0.20000052
1313	1316	0	0.19801506
1316	1313	0	0.20396863
1313	1316	1	0.20793408
1316	1313	1	0.19900884
1313	1316	2	0.19801559
1316	1313	2	0.19900918
1313	1316	3	0.1980156
1316	1313	3	0.19900918
1313	1316	4	0.19801487
1316	1313	4	0.1990086
1314	1317	0	0.19999966
1317	1314	0	0.20000009
1314	1317	1	0.19999966
1317	1314	1	0.20000008
1314	1317	2	0.1999999
1317	1314	2	0.2000003
1314	1317	3	0.1999999
1317	1314	3	0.2000003
1314	1317	4	0.19999957
1317	1314	4	0.19999994
1314	1318	0	0.1999996
1318	1314	0	0.20000035
1314	1318	1	0.19999962
1318	1314	1	0.20000033
1314	1318	2	0.19999969
1318	1314	2	0.20000035
1314	1318	3	0.19999969
1318	1314	3	0.20000035
1314	1318	4	0.19999948
1318	1314	4	0.20000015
1314	1319	0	0.19999824
1319	1314	0	0.2000018
1314	1319	1	0.1999983
1319	1314	1	0.20000178
1314	1319	2	0.19999808
1319	1314	2	0.20000133
1314	1319	3	0.1999981
1319	1314	3	0.20000131
1314	1319	4	0.19999988
1319	1314	4	0.20000319
1315	1320	0	0.19380574
1320	1315	0	0.21238747
1315	1320	1	0.22476849
1320	1315	1	0.1969025
1315	1320	2	0.19380859
1320	1315	2	0.19690475
1315	1320	3	0.19380859
1320	1315	3	0.19690475
1315	1320	4	0.19380598
1320	1315	4	0.19690251
1315	1321	0	0.18773194
1321	1315	0	0.2245358
1315	1321	1	0.2490641
1321	1315	1	0.19386703
1315	1321	2	0.18773542
1321	1315	2	0.19386898
1315	1321	3	0.18773542
1321	1315	3	0.19386898
1315	1321	4	0.18772629
1321	1315	4	0.19386181
1316	1320	0	0.19999933
1320	1316	0	0.20000115
1316	1320	1	0.19999932
1320	1316	1	0.20000115
1316	1320	2	0.19999869
1320	1316	2	0.20000032
1316	1320	3	0.1999987
1320	1316	3	0.20000032
1316	1320	4	0.1999997
1320	1316	4	0.20000161
1316	1321	0	0.19999889
1321	1316	0	0.20000131
1316	1321	1	0.19999929
1321	1316	1	0.20000103
1316	1321	2	0.19999868
1321	1316	2	0.20000058
1316	1321	3	0.19999868
1321	1316	3	0.20000058
1316	1321	4	0.2000001
1321	1316	4	0.2000021
1317	1322	0	0.19999747
1322	1317	0	0.19999783
1317	1322	1	0.19999751
1322	1317	1	0.1999978
1317	1322	2	0.19999927
1322	1317	2	0.19999954
1317	1322	3	0.19999927
1322	1317	3	0.19999954
1317	1322	4	0.19999647
1322	1317	4	0.1999968
1317	1323	0	0.19999926
1323	1317	0	0.19999915
1317	1323	1	0.1999992
1323	1317	1	0.19999921
1317	1323	2	0.19999473
1323	1317	2	0.19999546
1317	1323	3	0.19999471
1323	1317	3	0.19999546
1317	1323	4	0.1999979
1323	1317	4	0.19999869
1317	1324	0	0.17901298
1324	1317	0	0.24201454
1317	1324	1	0.28402436
1324	1317	1	0.18950877
1317	1324	2	0.17897047
1324	1317	2	0.18947563
1317	1324	3	0.17897046
1324	1317	3	0.18947564
1317	1324	4	0.17901714
1324	1317	4	0.18951963
1317	1325	0	0.17919362
1325	1317	0	0.2416691
1317	1325	1	0.2833367
1325	1317	1	0.18959734
1317	1325	2	0.17914118
1325	1317	2	0.18956
1317	1325	3	0.17914118
1325	1317	3	0.18956
1317	1325	4	0.17920178
1325	1317	4	0.1896137
1318	1322	0	0.1999978
1322	1318	0	0.19999748
1318	1322	1	0.19999778
1322	1318	1	0.19999751
1318	1322	2	0.19999951
1322	1318	2	0.19999936
1318	1322	3	0.19999951
1322	1318	3	0.19999935
1318	1322	4	0.19999675
1322	1318	4	0.19999646
1318	1323	0	0.27541608
1323	1318	0	0.19057724
1318	1323	1	0.1811509
1323	1318	1	0.23770946
1318	1323	2	0.1811285
1323	1318	2	0.19055665
1318	1323	3	0.18112849
1323	1318	3	0.19055666
1318	1323	4	0.18115221
1323	1318	4	0.19058067
1318	1324	0	0.19999889
1324	1318	0	0.19999905
1318	1324	1	0.19999892
1324	1318	1	0.19999903
1318	1324	2	0.19999552
1324	1318	2	0.19999638
1318	1324	3	0.19999552
1324	1318	3	0.19999638
1318	1324	4	0.19999783
1324	1318	4	0.19999842
1318	1325	0	0.20000222
1325	1318	0	0.2000002
1318	1325	1	0.20000213
1325	1318	1	0.20000023
1318	1325	2	0.19998951
1325	1318	2	0.19999145
1318	1325	3	0.19998951
1325	1318	3	0.19999145
1318	1325	4	0.20000081
1325	1318	4	0.20000142
1319	1322	0	0.19999921
1322	1319	0	0.19999927
1319	1322	1	0.19999921
1322	1319	1	0.19999926
1319	1322	2	0.19999532
1322	1319	2	0.19999452
1319	1322	3	0.1999953
1322	1319	3	0.19999453
1319	1322	4	0.1999987
1322	1319	4	0.19999796
1319	1323	0	0.19999772
1323	1319	0	0.19999744
1319	1323	1	0.19999771
1323	1319	1	0.19999743
1319	1323	2	0.19999972
1323	1319	2	0.19999975
1319	1323	3	0.19999973
1323	1319	3	0.19999975
1319	1323	4	0.19999675
1323	1319	4	0.19999632
1319	1324	0	0.19663808
1324	1319	0	0.20673572
1319	1324	1	0.21346496
1324	1319	1	0.19832128
1319	1324	2	0.19662169
1324	1319	2	0.1983045
1319	1324	3	0.19662169
1324	1319	3	0.1983045
1319	1324	4	0.19663733
1324	1319	4	0.19832131
1319	1325	0	0.19721426
1325	1319	0	0.20558743
1319	1325	1	0.21117106
1325	1319	1	0.19860883
1319	1325	2	0.1971935
1325	1319	2	0.19859074
1319	1325	3	0.1971935
1325	1319	3	0.19859076
1319	1325	4	0.19721304
1325	1319	4	0.19861095
1326	1330	0	0.19999914
1330	1326	0	0.20000103
1326	1330	1	0.19999914
1330	1326	1	0.20000103
1326	1330	2	0.19999886
1330	1326	2	0.20000057
1326	1330	3	0.19999886
1330	1326	3	0.20000058
1326	1330	4	0.19999945
1330	1326	4	0.20000139
1326	1331	0	0.19999851
1331	1326	0	0.2000016
1326	1331	1	0.19999845
1331	1326	1	0.20000164
1326	1331	2	0.19999821
1331	1326	2	0.20000112
1326	1331	3	0.19999821
1331	1326	3	0.20000112
1326	1331	4	0.19999997
1331	1326	4	0.20000295
1327	1330	0	0.19999993
1330	1327	0	0.1999999
1327	1330	1	0.19999993
1330	1327	1	0.1999999
1327	1330	2	0.20000009
1330	1327	2	0.20000006
1327	1330	3	0.20000009
1330	1327	3	0.20000006
1327	1330	4	0.19999988
1330	1327	4	0.19999987
1327	1331	0	0.1999994
1331	1327	0	0.20000067
1327	1331	1	0.19999939
1331	1327	1	0.20000069
1327	1331	2	0.1999993
1331	1327	2	0.20000048
1327	1331	3	0.1999993
1331	1327	3	0.20000048
1327	1331	4	0.19999942
1331	1327	4	0.20000072
1328	1332	0	0.19999813
1332	1328	0	0.2000017
1328	1332	1	0.19999814
1332	1328	1	0.20000167
1328	1332	2	0.19999866
1332	1328	2	0.20000194
1328	1332	3	0.19999866
1332	1328	3	0.20000194
1328	1332	4	0.19999807
1332	1328	4	0.20000157
1329	1332	0	0.21404473
1332	1329	0	0.19824494
1329	1332	1	0.19648829
1332	1329	1	0.2070233
1329	1332	2	0.19648837
1332	1329	2	0.19824491
1329	1332	3	0.19648837
1332	1329	3	0.19824493
1329	1332	4	0.19648753
1332	1329	4	0.19824417
1330	1333	0	0.19999874
1333	1330	0	0.20000118
1330	1333	1	0.19999874
1333	1330	1	0.20000118
1330	1333	2	0.199999
1333	1330	2	0.2000013
1330	1333	3	0.199999
1333	1330	3	0.2000013
1330	1333	4	0.19999869
1333	1330	4	0.20000112
1331	1333	0	0.20000018
1333	1331	0	0.19999981
1331	1333	1	0.2000002
1333	1331	1	0.19999981
1331	1333	2	0.20000015
1333	1331	2	0.1999998
1331	1333	3	0.20000015
1333	1331	3	0.1999998
1331	1333	4	0.20000024
1333	1331	4	0.19999987
1332	1334	0	0.19999978
1334	1332	0	0.20000024
1332	1334	1	0.19999978
1334	1332	1	0.20000023
1332	1334	2	0.19999975
1334	1332	2	0.2000002
1332	1334	3	0.19999975
1334	1332	3	0.2000002
1332	1334	4	0.19999982
1334	1332	4	0.20000027
1332	1335	0	0.19999905
1335	1332	0	0.20000087
1332	1335	1	0.19999908
1335	1332	1	0.20000085
1332	1335	2	0.19999924
1335	1332	2	0.20000096
1332	1335	3	0.19999926
1335	1332	3	0.20000094
1332	1335	4	0.19999906
1335	1332	4	0.20000085
1349	1365	0	0.19937444
1365	1349	0	0.19940594
1349	1365	1	0.19938266
1365	1349	1	0.19939977
1349	1365	2	0.1991537
1365	1349	2	0.199288
1349	1365	3	0.1991537
1365	1349	3	0.199288
1349	1365	4	0.20184076
1365	1349	4	0.20181228
1349	1366	0	0.19906671
1366	1349	0	0.19978258
1349	1366	1	0.19987018
1366	1349	1	0.19918782
1349	1366	2	0.19913375
1366	1349	2	0.1993065
1349	1366	3	0.19913375
1366	1349	3	0.1993065
1349	1366	4	0.20174047
1366	1349	4	0.20170377
1349	1367	0	0.1993742
1367	1349	0	0.19927877
1349	1367	1	0.19932392
1367	1349	1	0.19931202
1349	1367	2	0.19894242
1367	1349	2	0.19917701
1349	1367	3	0.19894241
1367	1349	3	0.19917703
1349	1367	4	0.20264605
1367	1349	4	0.20237605
1349	1368	0	0.19935036
1368	1349	0	0.1992779
1349	1368	1	0.19934176
1368	1349	1	0.19928363
1349	1368	2	0.19883636
1368	1349	2	0.19912022
1349	1368	3	0.19883636
1368	1349	3	0.19912022
1349	1368	4	0.20297648
1368	1349	4	0.20258527
1349	1369	0	0.19916107
1369	1349	0	0.19911635
1349	1369	1	0.19907878
1369	1349	1	0.19916934
1349	1369	2	0.19883394
1369	1349	2	0.19910543
1349	1369	3	0.19883396
1369	1349	3	0.19910541
1349	1369	4	0.2035064
1369	1349	4	0.20293285
1350	1365	0	0.19932741
1365	1350	0	0.1994408
1350	1365	1	0.19937173
1365	1350	1	0.19940439
1350	1365	2	0.19936068
1365	1350	2	0.19944939
1350	1365	3	0.19936068
1365	1350	3	0.19944942
1350	1365	4	0.20144504
1365	1350	4	0.20147838
1350	1366	0	0.19940786
1366	1350	0	0.19940029
1350	1366	1	0.19935195
1366	1350	1	0.19944277
1350	1366	2	0.1992593
1366	1350	2	0.19938043
1350	1366	3	0.19925928
1366	1350	3	0.19938043
1350	1366	4	0.20163177
1366	1350	4	0.20161828
1350	1367	0	0.19936973
1367	1350	0	0.19936012
1350	1367	1	0.19940309
1367	1350	1	0.19933668
1350	1367	2	0.19901738
1367	1350	2	0.19920377
1350	1367	3	0.19901738
1367	1350	3	0.19920377
1350	1367	4	0.20229831
1367	1350	4	0.20214434
1350	1368	0	0.19933239
1368	1350	0	0.19935514
1350	1368	1	0.19941033
1368	1350	1	0.19930339
1350	1368	2	0.19896601
1368	1350	2	0.19919461
1350	1368	3	0.19896603
1368	1350	3	0.1991946
1350	1368	4	0.20250037
1368	1350	4	0.20226656
1350	1369	0	0.19938982
1369	1350	0	0.19931015
1350	1369	1	0.19936283
1369	1350	1	0.19932751
1350	1369	2	0.19885416
1369	1350	2	0.1991328
1350	1369	3	0.19885416
1369	1350	3	0.1991328
1350	1369	4	0.20284775
1369	1350	4	0.202491
1351	1365	0	0.19922125
1365	1351	0	0.19969288
1351	1365	1	0.19964832
1365	1351	1	0.19932005
1351	1365	2	0.19944878
1365	1351	2	0.1995136
1351	1365	3	0.19944875
1365	1351	3	0.1995136
1351	1365	4	0.20116302
1365	1351	4	0.20121288
1351	1366	0	0.19939385
1366	1351	0	0.19938861
1351	1366	1	0.1993283
1366	1351	1	0.19944184
1351	1366	2	0.19930586
1366	1351	2	0.19939488
1351	1366	3	0.19930586
1366	1351	3	0.19939488
1351	1366	4	0.20155258
1366	1351	4	0.20156974
1351	1367	0	0.19675505
1367	1351	0	0.20757724
1351	1367	1	0.21844488
1367	1351	1	0.19891047
1351	1367	2	0.19344097
1367	1351	2	0.1964628
1351	1367	3	0.19344097
1367	1351	3	0.19646278
1351	1367	4	0.19743834
1367	1351	4	0.19997579
1351	1368	0	0.19941005
1368	1351	0	0.19935209
1351	1368	1	0.19935964
1368	1351	1	0.19938755
1351	1368	2	0.19906878
1368	1351	2	0.1992479
1351	1368	3	0.19906878
1368	1351	3	0.1992479
1351	1368	4	0.2021372
1368	1351	4	0.20201384
1351	1369	0	0.19938534
1369	1351	0	0.19937293
1351	1369	1	0.19941321
1369	1351	1	0.19935417
1351	1369	2	0.19898543
1369	1351	2	0.19921121
1351	1369	3	0.19898543
1369	1351	3	0.19921121
1351	1369	4	0.20237696
1369	1351	4	0.20217054
1352	1365	0	0.19939078
1365	1352	0	0.19940571
1352	1365	1	0.19934456
1365	1352	1	0.19944799
1352	1365	2	0.19945316
1365	1352	2	0.19949475
1352	1365	3	0.19945315
1365	1352	3	0.19949476
1352	1365	4	0.20129669
1365	1352	4	0.2013337
1352	1366	0	0.19932865
1366	1352	0	0.19945106
1352	1366	1	0.1993911
1366	1352	1	0.19939893
1352	1366	2	0.19941144
1366	1352	2	0.19947489
1352	1366	3	0.19941142
1366	1352	3	0.19947489
1352	1366	4	0.20136781
1366	1352	4	0.20139863
1352	1367	0	0.19657609
1367	1352	0	0.20602523
1352	1367	1	0.2147622
1367	1352	1	0.19851527
1352	1367	2	0.19477944
1367	1352	2	0.19715023
1352	1367	3	0.19477944
1367	1352	3	0.19715023
1352	1367	4	0.19848289
1367	1352	4	0.20049876
1352	1368	0	0.19932522
1368	1352	0	0.19946902
1352	1368	1	0.19943191
1368	1352	1	0.19938736
1352	1368	2	0.19927326
1368	1352	2	0.19939522
1352	1368	3	0.19927326
1368	1352	3	0.19939522
1352	1368	4	0.20158924
1368	1352	4	0.2015878
1352	1369	0	0.19954261
1369	1352	0	0.19929878
1352	1369	1	0.1992352
1369	1352	1	0.19951859
1352	1369	2	0.1991496
1369	1352	2	0.19931686
1352	1369	3	0.1991496
1369	1352	3	0.19931686
1352	1369	4	0.20187782
1369	1352	4	0.20180535
1353	1365	0	0.19938415
1365	1353	0	0.1993735
1353	1365	1	0.19932291
1365	1353	1	0.19943137
1353	1365	2	0.19952326
1365	1353	2	0.19954877
1353	1365	3	0.19952326
1365	1353	3	0.19954877
1353	1365	4	0.20121774
1365	1353	4	0.2012582
1353	1366	0	0.19935896
1366	1353	0	0.19944261
1353	1366	1	0.1993796
1366	1353	1	0.19942382
1353	1366	2	0.19944051
1366	1353	2	0.19948757
1353	1366	3	0.19944051
1366	1353	3	0.19948755
1353	1366	4	0.20128152
1366	1353	4	0.20133238
1353	1367	0	0.19941168
1367	1353	0	0.1994153
1353	1367	1	0.19934744
1367	1353	1	0.19946872
1353	1367	2	0.19930671
1367	1353	2	0.19938046
1353	1367	3	0.19930671
1367	1353	3	0.19938046
1353	1367	4	0.20145883
1367	1353	4	0.20150466
1353	1368	0	0.19939509
1368	1353	0	0.1994243
1353	1368	1	0.19937067
1368	1353	1	0.19944383
1353	1368	2	0.1992623
1368	1353	2	0.19935712
1353	1368	3	0.1992623
1368	1353	3	0.19935712
1353	1368	4	0.2015676
1368	1353	4	0.2015925
1353	1369	0	0.19943541
1369	1353	0	0.19936809
1353	1369	1	0.1993344
1369	1353	1	0.19944368
1353	1369	2	0.19916956
1369	1353	2	0.19930182
1353	1369	3	0.19916956
1369	1353	3	0.19930184
1353	1369	4	0.20181605
1369	1353	4	0.20178257
1354	1365	0	0.19934422
1365	1354	0	0.19942452
1354	1365	1	0.19940795
1365	1354	1	0.19936208
1354	1365	2	0.19958171
1365	1354	2	0.19959234
1354	1365	3	0.19958173
1365	1354	3	0.19959232
1354	1365	4	0.20114708
1365	1354	4	0.20116417
1354	1366	0	0.19937964
1366	1354	0	0.19943798
1354	1366	1	0.19939059
1366	1354	1	0.19942771
1354	1366	2	0.19943438
1366	1354	2	0.199464
1354	1366	3	0.19943438
1366	1354	3	0.19946402
1354	1366	4	0.20125547
1366	1354	4	0.20130338
1354	1367	0	0.19933863
1367	1354	0	0.19943449
1354	1367	1	0.19937189
1367	1354	1	0.1994041
1354	1367	2	0.19944935
1367	1354	2	0.19949378
1354	1367	3	0.19944935
1367	1354	3	0.19949378
1354	1367	4	0.2013039
1367	1354	4	0.20134962
1354	1368	0	0.19936521
1368	1354	0	0.1994516
1354	1368	1	0.19938453
1368	1354	1	0.19943593
1354	1368	2	0.19938266
1368	1354	2	0.19945404
1354	1368	3	0.19938266
1368	1354	3	0.19945404
1354	1368	4	0.20134853
1368	1354	4	0.2013974
1354	1369	0	0.22745736
1369	1354	0	0.197102
1354	1369	1	0.19348606
1369	1354	1	0.2125393
1354	1369	2	0.19141926
1369	1354	2	0.19538026
1354	1369	3	0.19141926
1369	1354	3	0.19538026
1354	1369	4	0.19515532
1369	1354	4	0.19896078
1355	1365	0	0.19938785
1365	1355	0	0.19937332
1355	1365	1	0.1993924
1365	1355	1	0.19936877
1355	1365	2	0.19955057
1365	1355	2	0.1995453
1355	1365	3	0.19955055
1365	1355	3	0.1995453
1355	1365	4	0.20121378
1365	1355	4	0.20119926
1355	1366	0	0.19935758
1366	1355	0	0.1994171
1355	1366	1	0.1993992
1366	1355	1	0.19937621
1355	1366	2	0.19959043
1366	1355	2	0.19959797
1355	1366	3	0.19959044
1366	1355	3	0.19959797
1355	1366	4	0.20113547
1366	1355	4	0.201151
1355	1367	0	0.19933124
1367	1355	0	0.19943987
1355	1367	1	0.19939208
1367	1355	1	0.19938226
1355	1367	2	0.19957541
1367	1355	2	0.1996015
1355	1367	3	0.19957541
1367	1355	3	0.1996015
1355	1367	4	0.20114212
1367	1355	4	0.2011836
1355	1368	0	0.19934516
1368	1355	0	0.199428
1355	1368	1	0.1993681
1368	1355	1	0.19940692
1355	1368	2	0.19941871
1368	1355	2	0.19946298
1355	1368	3	0.19941871
1368	1355	3	0.199463
1355	1368	4	0.2013496
1368	1355	4	0.2013916
1355	1369	0	0.21899627
1369	1355	0	0.1980317
1355	1369	1	0.19539286
1369	1355	1	0.20828654
1355	1369	2	0.19376406
1369	1355	2	0.19661514
1355	1369	3	0.19376406
1369	1355	3	0.19661513
1355	1369	4	0.19711465
1369	1355	4	0.1998184
1356	1365	0	0.19932324
1365	1356	0	0.1994252
1356	1365	1	0.19947086
1365	1356	1	0.19926897
1356	1365	2	0.19960019
1365	1356	2	0.1995736
1356	1365	3	0.19960019
1365	1356	3	0.1995736
1356	1365	4	0.20121102
1365	1356	4	0.20116971
1356	1366	0	0.19934395
1366	1356	0	0.1994182
1356	1366	1	0.19943456
1366	1356	1	0.1993258
1356	1366	2	0.199618
1366	1356	2	0.19960809
1356	1366	3	0.199618
1366	1356	3	0.19960809
1356	1366	4	0.20114417
1366	1356	4	0.20112811
1356	1367	0	0.19471437
1367	1356	0	0.20899595
1356	1367	1	0.22125651
1367	1356	1	0.19771655
1356	1367	2	0.19357975
1367	1356	2	0.19661759
1356	1367	3	0.19357975
1367	1356	3	0.19661759
1356	1367	4	0.19633304
1367	1356	4	0.1993016
1356	1368	0	0.1994016
1368	1356	0	0.19938093
1356	1368	1	0.19933063
1368	1356	1	0.19944797
1356	1368	2	0.19958968
1368	1356	2	0.19961154
1356	1368	3	0.1995897
1368	1356	3	0.19961154
1356	1368	4	0.20112929
1368	1356	4	0.2011647
1356	1369	0	0.19925317
1369	1356	0	0.19960354
1356	1369	1	0.19955832
1369	1356	1	0.19932565
1356	1369	2	0.19949032
1369	1356	2	0.1995317
1356	1369	3	0.1994903
1369	1356	3	0.1995317
1356	1369	4	0.20117532
1369	1356	4	0.20121437
1357	1365	0	0.19941337
1365	1357	0	0.19937989
1357	1365	1	0.19944403
1365	1357	1	0.19934654
1357	1365	2	0.19953686
1365	1357	2	0.19949345
1357	1365	3	0.19953686
1365	1357	3	0.19949344
1357	1365	4	0.20127873
1365	1357	4	0.20123224
1357	1366	0	0.19942118
1366	1357	0	0.19937974
1357	1366	1	0.1994277
1366	1357	1	0.19937271
1357	1366	2	0.1995197
1366	1357	2	0.1994891
1357	1366	3	0.19951971
1366	1357	3	0.1994891
1357	1366	4	0.201251
1366	1357	4	0.20120329
1357	1367	0	0.19243902
1367	1357	0	0.21351697
1357	1367	1	0.23137383
1367	1357	1	0.19693081
1357	1367	2	0.19085346
1367	1357	2	0.19521764
1357	1367	3	0.19085346
1367	1357	3	0.19521765
1357	1367	4	0.19394659
1367	1357	4	0.19839503
1357	1368	0	0.1993854
1368	1357	0	0.1993629
1357	1368	1	0.19934458
1368	1357	1	0.19940278
1357	1368	2	0.19968218
1368	1357	2	0.19968948
1357	1368	3	0.19968218
1368	1357	3	0.19968948
1357	1368	4	0.20107208
1368	1357	4	0.20108554
1357	1369	0	0.19932608
1369	1357	0	0.19944458
1357	1369	1	0.19939843
1369	1357	1	0.19937591
1357	1369	2	0.19951099
1369	1357	2	0.19953506
1357	1369	3	0.19951099
1369	1357	3	0.19953506
1357	1369	4	0.20122048
1369	1357	4	0.20125908
1358	1370	0	0.19978736
1370	1358	0	0.19986132
1358	1370	1	0.19976011
1370	1358	1	0.19988018
1358	1370	2	0.20021492
1370	1358	2	0.20017101
1358	1370	3	0.20021492
1370	1358	3	0.20017101
1358	1370	4	0.20004426
1370	1358	4	0.20003323
1358	1371	0	0.19971587
1371	1358	0	0.19985867
1358	1371	1	0.19973801
1371	1358	1	0.19984457
1358	1371	2	0.20019376
1371	1358	2	0.20015584
1358	1371	3	0.20019376
1371	1358	3	0.20015584
1358	1371	4	0.20005539
1371	1358	4	0.20004457
1358	1372	0	0.19963329
1372	1358	0	0.19979905
1358	1372	1	0.19963363
1372	1358	1	0.19979887
1358	1372	2	0.20012777
1372	1358	2	0.20011096
1358	1372	3	0.20012777
1372	1358	3	0.20011096
1358	1372	4	0.20008524
1372	1358	4	0.20007564
1359	1370	0	0.19980255
1370	1359	0	0.19987237
1359	1370	1	0.19979627
1370	1359	1	0.199877
1359	1370	2	0.20021547
1370	1359	2	0.20017622
1359	1370	3	0.20021547
1370	1359	3	0.20017624
1359	1370	4	0.20004836
1370	1359	4	0.20003673
1359	1371	0	0.19974795
1371	1359	0	0.19987313
1359	1371	1	0.1997772
1371	1359	1	0.19985305
1359	1371	2	0.20021258
1371	1359	2	0.20017
1359	1371	3	0.20021258
1371	1359	3	0.20017
1359	1371	4	0.20005034
1371	1359	4	0.20003968
1359	1372	0	0.19971843
1372	1359	0	0.19985539
1359	1372	1	0.19973363
1372	1359	1	0.19984572
1359	1372	2	0.20019732
1372	1359	2	0.20015718
1359	1372	3	0.20019732
1372	1359	3	0.2001572
1359	1372	4	0.20006078
1372	1359	4	0.20004806
1360	1370	0	0.19983333
1370	1360	0	0.19989318
1360	1370	1	0.19984764
1370	1360	1	0.19988163
1360	1370	2	0.20018661
1370	1360	2	0.20015822
1360	1370	3	0.20018661
1370	1360	3	0.20015821
1360	1370	4	0.20005634
1370	1360	4	0.20004453
1360	1371	0	0.19980049
1371	1360	0	0.19987923
1360	1371	1	0.19980654
1371	1360	1	0.19987473
1360	1371	2	0.2002168
1371	1360	2	0.20017746
1360	1371	3	0.2002168
1371	1360	3	0.20017746
1360	1371	4	0.20004818
1371	1360	4	0.20003499
1360	1372	0	0.19975859
1372	1360	0	0.19986817
1360	1372	1	0.19977002
1372	1360	1	0.19986032
1360	1372	2	0.2002198
1372	1360	2	0.20017444
1360	1372	3	0.2002198
1372	1360	3	0.20017444
1360	1372	4	0.20005146
1372	1360	4	0.20003895
1361	1370	0	0.19987345
1370	1361	0	0.19987908
1361	1370	1	0.19985129
1370	1361	1	0.1998986
1361	1370	2	0.20016328
1370	1361	2	0.20014597
1361	1370	3	0.20016328
1370	1361	3	0.20014597
1361	1370	4	0.20006482
1370	1361	4	0.20005673
1361	1371	0	0.19984683
1371	1361	0	0.19987606
1361	1371	1	0.19982632
1371	1361	1	0.19989264
1361	1371	2	0.2001893
1371	1361	2	0.20016041
1361	1371	3	0.2001893
1371	1361	3	0.20016041
1361	1371	4	0.20005867
1371	1361	4	0.2000467
1361	1372	0	0.19981109
1372	1361	0	0.19989368
1361	1372	1	0.19983058
1372	1361	1	0.19987914
1361	1372	2	0.20019768
1372	1361	2	0.20015913
1361	1372	3	0.20019767
1372	1361	3	0.20015913
1361	1372	4	0.20005871
1372	1361	4	0.20004265
1362	1370	0	0.19988586
1370	1362	0	0.19988662
1362	1370	1	0.19987935
1370	1362	1	0.19989291
1362	1370	2	0.20014492
1370	1362	2	0.20013966
1362	1370	3	0.20014492
1370	1362	3	0.20013967
1362	1370	4	0.2000643
1370	1362	4	0.20006078
1362	1371	0	0.19987752
1371	1362	0	0.19990273
1362	1371	1	0.1998798
1371	1362	1	0.19990072
1362	1371	2	0.20014499
1371	1362	2	0.20012888
1362	1371	3	0.20014499
1371	1362	3	0.20012888
1362	1371	4	0.20006204
1371	1362	4	0.2000541
1362	1372	0	0.19984224
1372	1362	0	0.19987334
1362	1372	1	0.1998216
1372	1362	1	0.19989012
1362	1372	2	0.20019352
1372	1362	2	0.20016423
1362	1372	3	0.20019351
1372	1362	3	0.20016424
1362	1372	4	0.20005667
1372	1362	4	0.20004599
1363	1370	0	0.19988994
1370	1363	0	0.19987608
1363	1370	1	0.19988456
1370	1363	1	0.19988163
1363	1370	2	0.20014234
1370	1363	2	0.20014799
1363	1370	3	0.20014234
1370	1363	3	0.20014797
1363	1370	4	0.20006296
1370	1363	4	0.20006599
1363	1371	0	0.19963053
1371	1363	0	0.20043698
1363	1371	1	0.20213005
1371	1363	1	0.19985707
1363	1371	2	0.19953418
1371	1363	2	0.19990136
1363	1371	3	0.19953418
1371	1363	3	0.19990136
1363	1371	4	0.19979921
1371	1363	4	0.20003176
1363	1372	0	0.19986627
1372	1363	0	0.19988568
1363	1372	1	0.19985893
1372	1363	1	0.19989213
1363	1372	2	0.2001654
1372	1363	2	0.20014845
1363	1372	3	0.2001654
1372	1363	3	0.20014845
1363	1372	4	0.20006193
1372	1363	4	0.20005366
1364	1370	0	0.1998928
1370	1364	0	0.19988646
1364	1370	1	0.199908
1370	1364	1	0.19986925
1364	1370	2	0.20012839
1370	1364	2	0.20014426
1364	1370	3	0.2001284
1370	1364	3	0.20014425
1364	1370	4	0.2000575
1370	1364	4	0.20006701
1364	1371	0	0.19990997
1371	1364	0	0.19988382
1364	1371	1	0.19989114
1371	1364	1	0.19990341
1364	1371	2	0.20012096
1371	1364	2	0.20012613
1364	1371	3	0.20012096
1371	1364	3	0.20012611
1364	1371	4	0.20006745
1371	1364	4	0.20007098
1364	1372	0	0.1998831
1372	1364	0	0.19987716
1364	1372	1	0.19986816
1372	1364	1	0.19989148
1364	1372	2	0.20015502
1372	1364	2	0.20014925
1364	1372	3	0.20015502
1372	1364	3	0.20014924
1364	1372	4	0.20006138
1372	1364	4	0.20005888
1365	1376	0	0.19996007
1376	1365	0	0.19996358
1365	1376	1	0.19994928
1376	1365	1	0.19997087
1365	1376	2	0.20006877
1376	1365	2	0.20004459
1365	1376	3	0.20006877
1376	1365	3	0.20004459
1365	1376	4	0.20004395
1376	1365	4	0.20002064
1365	1373	0	0.20001231
1373	1365	0	0.2000092
1365	1373	1	0.20001695
1373	1365	1	0.20000513
1365	1373	2	0.20001525
1373	1365	2	0.2000095
1365	1373	3	0.20001525
1373	1365	3	0.2000095
1365	1373	4	0.20005177
1373	1365	4	0.20003791
1365	1374	0	0.19999596
1374	1365	0	0.19999301
1365	1374	1	0.20000009
1374	1365	1	0.19998975
1365	1374	2	0.20003103
1374	1365	2	0.20002016
1365	1374	3	0.20003104
1374	1365	3	0.20002015
1365	1374	4	0.20005147
1374	1365	4	0.20003152
1365	1375	0	0.19998346
1375	1365	0	0.19998087
1365	1375	1	0.19998275
1375	1365	1	0.19998133
1365	1375	2	0.20004283
1375	1365	2	0.20002729
1365	1375	3	0.20004281
1375	1365	3	0.2000273
1365	1375	4	0.20005077
1375	1365	4	0.20002778
1366	1376	0	0.19997567
1376	1366	0	0.19997834
1366	1376	1	0.19997801
1376	1366	1	0.19997665
1366	1376	2	0.20004798
1376	1366	2	0.20003116
1366	1376	3	0.20004798
1376	1366	3	0.20003116
1366	1376	4	0.20005062
1376	1366	4	0.20002761
1366	1373	0	0.2000165
1373	1366	0	0.2000143
1366	1373	1	0.20001847
1373	1366	1	0.20001246
1366	1373	2	0.20000999
1373	1366	2	0.20000707
1366	1373	3	0.20000999
1373	1366	3	0.20000707
1366	1373	4	0.20005344
1373	1366	4	0.20004596
1366	1374	0	0.20001523
1374	1366	0	0.2000102
1366	1374	1	0.20001806
1374	1366	1	0.20000774
1366	1374	2	0.20001227
1374	1366	2	0.20000707
1366	1374	3	0.20001227
1374	1366	3	0.20000708
1366	1374	4	0.20005172
1374	1366	4	0.2000382
1366	1375	0	0.19999626
1375	1366	0	0.19999279
1366	1375	1	0.1999996
1375	1366	1	0.19999012
1366	1375	2	0.20003162
1375	1366	2	0.20002006
1366	1375	3	0.20003161
1375	1366	3	0.20002006
1366	1375	4	0.2000533
1375	1366	4	0.20003273
1367	1376	0	0.19999538
1376	1367	0	0.19998741
1367	1376	1	0.1999928
1376	1367	1	0.19998941
1367	1376	2	0.20003456
1376	1367	2	0.20002271
1367	1376	3	0.20003454
1376	1367	3	0.20002271
1367	1376	4	0.20005228
1376	1367	4	0.2000317
1367	1373	0	0.21019112
1373	1367	0	0.19879298
1367	1373	1	0.19750717
1373	1367	1	0.20501658
1367	1373	2	0.197453
1373	1367	2	0.19874242
1367	1373	3	0.197453
1373	1367	3	0.1987424
1367	1373	4	0.19752824
1373	1367	4	0.19881651
1367	1374	0	0.22922343
1374	1367	0	0.1964177
1367	1374	1	0.19274424
1374	1367	1	0.21452758
1367	1374	2	0.19271544
1374	1367	2	0.19638243
1367	1374	3	0.19271544
1374	1367	3	0.19638243
1367	1374	4	0.19275042
1374	1367	4	0.19642423
1367	1375	0	0.20000608
1375	1367	0	0.20000254
1367	1375	1	0.20000927
1375	1367	1	0.19999975
1367	1375	2	0.20002285
1375	1367	2	0.20001547
1367	1375	3	0.20002286
1375	1367	3	0.20001547
1367	1375	4	0.20005384
1375	1367	4	0.20003867
1368	1376	0	0.2000151
1376	1368	0	0.2000032
1368	1376	1	0.20001028
1376	1368	1	0.20000742
1368	1376	2	0.20001692
1376	1368	2	0.20001084
1368	1376	3	0.20001692
1376	1368	3	0.20001084
1368	1376	4	0.20005442
1376	1368	4	0.20003986
1368	1373	0	0.20001309
1373	1368	0	0.2000166
1368	1373	1	0.20001216
1373	1368	1	0.20001762
1368	1373	2	0.20000683
1373	1368	2	0.2000095
1368	1373	3	0.20000683
1373	1368	3	0.2000095
1368	1373	4	0.20004663
1373	1368	4	0.20005424
1368	1374	0	0.20001835
1374	1368	0	0.20001933
1368	1374	1	0.20001942
1374	1368	1	0.2000183
1368	1374	2	0.20000382
1374	1368	2	0.20000371
1368	1374	3	0.20000382
1374	1368	3	0.20000373
1368	1374	4	0.20004928
1374	1368	4	0.20004919
1368	1375	0	0.20001698
1375	1368	0	0.2000137
1368	1375	1	0.20001814
1375	1368	1	0.20001265
1368	1375	2	0.2000097
1375	1368	2	0.20000702
1368	1375	3	0.2000097
1375	1368	3	0.20000702
1368	1375	4	0.20005283
1375	1368	4	0.20004535
1369	1376	0	0.19904949
1376	1369	0	0.20200388
1369	1376	1	0.20431188
1376	1369	1	0.1995705
1369	1376	2	0.19889309
1376	1369	2	0.19945075
1369	1376	3	0.19889309
1376	1369	3	0.19945076
1369	1376	4	0.19906205
1376	1369	4	0.19958757
1369	1373	0	0.20000239
1373	1369	0	0.20001562
1369	1373	1	0.20000803
1373	1369	1	0.20000912
1369	1373	2	0.20001142
1373	1369	2	0.20001784
1369	1373	3	0.20001142
1373	1369	3	0.20001784
1369	1373	4	0.20003957
1373	1369	4	0.20005414
1369	1374	0	0.20001043
1374	1369	0	0.20002055
1369	1374	1	0.20001595
1374	1369	1	0.20001459
1369	1374	2	0.20000567
1374	1369	2	0.20000827
1369	1374	3	0.20000567
1374	1369	3	0.20000827
1369	1374	4	0.20004743
1374	1369	4	0.20005505
1369	1375	0	0.20001426
1375	1369	0	0.20002247
1369	1375	1	0.20002249
1375	1369	1	0.20001425
1369	1375	2	0.2000023
1375	1369	2	0.20000228
1369	1375	3	0.20000228
1375	1369	3	0.2000023
1369	1375	4	0.20005156
1375	1369	4	0.20005158
1370	1377	0	0.19999701
1377	1370	0	0.19999997
1370	1377	1	0.19999704
1377	1370	1	0.19999996
1370	1377	2	0.2000012
1377	1370	2	0.20000236
1370	1377	3	0.20000118
1377	1370	3	0.20000236
1370	1377	4	0.19999705
1377	1370	4	0.19999975
1370	1378	0	0.19999579
1378	1370	0	0.20000032
1370	1378	1	0.19999576
1378	1370	1	0.20000035
1370	1378	2	0.20000108
1378	1370	2	0.20000318
1370	1378	3	0.20000108
1378	1370	3	0.20000316
1370	1378	4	0.19999479
1378	1370	4	0.19999897
1371	1377	0	0.19999948
1377	1371	0	0.20000009
1371	1377	1	0.19999951
1377	1371	1	0.20000009
1371	1377	2	0.20000133
1377	1371	2	0.20000133
1371	1377	3	0.20000131
1377	1371	3	0.20000133
1371	1377	4	0.19999997
1377	1371	4	0.20000017
1371	1378	0	0.19999576
1378	1371	0	0.20000023
1371	1378	1	0.19999577
1378	1371	1	0.20000021
1371	1378	2	0.20000128
1378	1371	2	0.2000035
1371	1378	3	0.20000128
1378	1371	3	0.2000035
1371	1378	4	0.19999571
1378	1371	4	0.20000003
1372	1377	0	0.19999973
1377	1372	0	0.2000004
1372	1377	1	0.19999972
1377	1372	1	0.2000004
1372	1377	2	0.2000008
1377	1372	2	0.20000121
1372	1377	3	0.2000008
1377	1372	3	0.2000012
1372	1377	4	0.20000027
1377	1372	4	0.20000078
1372	1378	0	0.1999996
1378	1372	0	0.2
1372	1378	1	0.19999957
1378	1372	1	0.20000003
1372	1378	2	0.20000139
1378	1372	2	0.20000131
1372	1378	3	0.20000137
1378	1372	3	0.20000133
1372	1378	4	0.2
1378	1372	4	0.20000009
1373	1379	0	0.19999914
1379	1373	0	0.19999914
1373	1379	1	0.19999917
1379	1373	1	0.19999911
1373	1379	2	0.19999525
1379	1373	2	0.1999958
1373	1379	3	0.19999525
1379	1373	3	0.1999958
1373	1379	4	0.19999756
1379	1373	4	0.1999986
1373	1380	0	0.20000239
1380	1373	0	0.20000045
1373	1380	1	0.20000257
1380	1373	1	0.20000032
1373	1380	2	0.19998863
1380	1373	2	0.19999067
1373	1380	3	0.19998863
1380	1373	3	0.19999067
1373	1380	4	0.20000133
1380	1373	4	0.20000184
1373	1381	0	0.20000668
1381	1373	0	0.20000196
1373	1381	1	0.20000659
1381	1373	1	0.20000198
1373	1381	2	0.19998328
1381	1373	2	0.19998668
1373	1381	3	0.19998328
1381	1373	3	0.19998668
1373	1381	4	0.20000783
1381	1373	4	0.2000075
1374	1379	0	0.19999743
1379	1374	0	0.19999772
1374	1379	1	0.19999743
1379	1374	1	0.19999772
1374	1379	2	0.19999966
1379	1374	2	0.19999976
1374	1379	3	0.19999966
1379	1374	3	0.19999976
1374	1379	4	0.19999641
1379	1374	4	0.19999672
1374	1380	0	0.19999892
1380	1374	0	0.19999899
1374	1380	1	0.1999989
1380	1374	1	0.19999902
1374	1380	2	0.1999957
1380	1374	2	0.19999638
1374	1380	3	0.1999957
1380	1374	3	0.1999964
1374	1380	4	0.19999766
1380	1374	4	0.19999838
1374	1381	0	0.20000358
1381	1374	0	0.20000097
1374	1381	1	0.20000355
1381	1374	1	0.20000099
1374	1381	2	0.19998628
1381	1374	2	0.19998848
1374	1381	3	0.19998628
1381	1374	3	0.19998851
1374	1381	4	0.20000264
1381	1374	4	0.20000297
1375	1379	0	0.19999744
1379	1375	0	0.19999707
1375	1379	1	0.19999744
1379	1375	1	0.19999705
1375	1379	2	0.20000105
1379	1375	2	0.20000115
1375	1379	3	0.20000105
1379	1375	3	0.20000115
1375	1379	4	0.19999643
1379	1375	4	0.19999605
1375	1380	0	0.19999748
1380	1375	0	0.19999771
1375	1380	1	0.19999747
1380	1375	1	0.19999771
1375	1380	2	0.19999973
1380	1375	2	0.19999963
1375	1380	3	0.19999975
1380	1375	3	0.19999963
1375	1380	4	0.19999632
1380	1375	4	0.19999672
1375	1381	0	0.19999844
1381	1375	0	0.19999875
1375	1381	1	0.19999845
1381	1375	1	0.19999874
1375	1381	2	0.19999716
1381	1375	2	0.19999774
1375	1381	3	0.19999717
1381	1375	3	0.19999774
1375	1381	4	0.19999725
1381	1375	4	0.19999795
1376	1379	0	0.19999926
1379	1376	0	0.19999926
1376	1379	1	0.19999918
1379	1376	1	0.19999938
1376	1379	2	0.19999528
1379	1376	2	0.1999946
1376	1379	3	0.1999953
1379	1376	3	0.1999946
1376	1379	4	0.19999872
1379	1376	4	0.1999978
1376	1380	0	0.19999829
1380	1376	0	0.1999969
1376	1380	1	0.19999829
1380	1376	1	0.19999692
1376	1380	2	0.20000021
1380	1376	2	0.19999915
1376	1380	3	0.20000021
1380	1376	3	0.19999915
1376	1380	4	0.19999728
1380	1376	4	0.19999605
1376	1381	0	0.19999775
1381	1376	0	0.19999798
1376	1381	1	0.19999777
1381	1376	1	0.19999796
1376	1381	2	0.19999862
1381	1376	2	0.19999863
1376	1381	3	0.1999986
1381	1376	3	0.19999865
1376	1381	4	0.19999656
1381	1376	4	0.19999702
1377	1382	0	0.1999989
1382	1377	0	0.2000013
1377	1382	1	0.19999889
1382	1377	1	0.20000131
1377	1382	2	0.19999854
1382	1377	2	0.20000069
1377	1382	3	0.19999856
1382	1377	3	0.20000069
1377	1382	4	0.20000009
1382	1377	4	0.20000239
1377	1383	0	0.19999816
1383	1377	0	0.20000143
1377	1383	1	0.19999811
1383	1377	1	0.20000145
1377	1383	2	0.1999987
1383	1377	2	0.20000167
1377	1383	3	0.1999987
1383	1377	3	0.20000167
1377	1383	4	0.19999996
1383	1377	4	0.20000273
1378	1382	0	0.19999982
1382	1378	0	0.20000009
1378	1382	1	0.19999982
1382	1378	1	0.20000009
1378	1382	2	0.19999988
1382	1378	2	0.20000009
1378	1382	3	0.19999987
1382	1378	3	0.20000009
1378	1382	4	0.19999973
1382	1378	4	0.19999991
1378	1383	0	0.19999921
1383	1378	0	0.20000106
1378	1383	1	0.19999921
1383	1378	1	0.20000108
1378	1383	2	0.19999877
1383	1378	2	0.20000042
1378	1383	3	0.19999875
1383	1378	3	0.20000044
1378	1383	4	0.20000005
1383	1378	4	0.20000193
1379	1384	0	0.20001234
1384	1379	0	0.20001207
1379	1384	1	0.2000119
1384	1379	1	0.20001248
1379	1384	2	0.19997628
1384	1379	2	0.19997635
1379	1384	3	0.19997628
1384	1379	3	0.19997635
1379	1384	4	0.20001529
1384	1379	4	0.20001546
1379	1385	0	0.20001638
1385	1379	0	0.2000133
1379	1385	1	0.20001762
1385	1379	1	0.20001216
1379	1385	2	0.19997792
1385	1379	2	0.19997837
1379	1385	3	0.19997793
1385	1379	3	0.19997837
1379	1385	4	0.2000201
1385	1379	4	0.20001824
1379	1386	0	0.20001987
1386	1379	0	0.20001309
1379	1386	1	0.20002212
1386	1379	1	0.20001122
1379	1386	2	0.1999822
1386	1379	2	0.19998196
1379	1386	3	0.1999822
1386	1379	3	0.19998196
1379	1386	4	0.20002472
1386	1379	4	0.20001964
1379	1387	0	0.20002054
1387	1379	0	0.20001279
1379	1387	1	0.20002168
1387	1379	1	0.20001194
1379	1387	2	0.19998857
1387	1379	2	0.19998841
1379	1387	3	0.19998856
1387	1379	3	0.19998841
1379	1387	4	0.2000304
1387	1379	4	0.20002398
1379	1388	0	0.20002095
1388	1379	0	0.20001148
1379	1388	1	0.20002002
1388	1379	1	0.2000121
1379	1388	2	0.1999941
1388	1379	2	0.19999233
1379	1388	3	0.1999941
1388	1379	3	0.19999233
1379	1388	4	0.20003898
1388	1379	4	0.2000289
1380	1384	0	0.20001307
1384	1380	0	0.20001699
1380	1384	1	0.20001337
1384	1380	1	0.20001665
1380	1384	2	0.19997874
1384	1380	2	0.19997832
1380	1384	3	0.19997874
1384	1380	3	0.1999783
1380	1384	4	0.20001878
1384	1380	4	0.20001997
1380	1385	0	0.20001371
1385	1380	0	0.2000153
1380	1385	1	0.20001471
1385	1380	1	0.20001431
1380	1385	2	0.19997655
1385	1380	2	0.199977
1380	1385	3	0.19997653
1385	1380	3	0.19997701
1380	1385	4	0.20001766
1385	1380	4	0.20001829
1380	1386	0	0.2000191
1386	1380	0	0.20001374
1380	1386	1	0.2000183
1386	1380	1	0.20001446
1380	1386	2	0.19997874
1386	1380	2	0.19997902
1380	1386	3	0.19997872
1386	1380	3	0.19997904
1380	1386	4	0.20002215
1386	1380	4	0.20001991
1380	1387	0	0.20002118
1387	1380	0	0.2000133
1380	1387	1	0.20002156
1387	1380	1	0.20001297
1380	1387	2	0.19998378
1387	1380	2	0.19998336
1380	1387	3	0.19998376
1387	1380	3	0.19998336
1380	1387	4	0.20002669
1387	1380	4	0.20002185
1380	1388	0	0.20002225
1388	1380	0	0.20001325
1380	1388	1	0.2000217
1388	1380	1	0.20001371
1380	1388	2	0.19998923
1388	1380	2	0.19998884
1380	1388	3	0.19998923
1388	1380	3	0.19998883
1380	1388	4	0.20003238
1388	1380	4	0.20002581
1381	1384	0	0.20001374
1384	1381	0	0.20001946
1381	1384	1	0.20001213
1384	1381	1	0.20002134
1381	1384	2	0.19998336
1384	1381	2	0.1999836
1381	1384	3	0.19998336
1384	1381	3	0.19998361
1381	1384	4	0.20002109
1384	1381	4	0.20002504
1381	1385	0	0.20001249
1385	1381	0	0.20001487
1381	1385	1	0.20001167
1385	1381	1	0.2000158
1381	1385	2	0.19997844
1385	1381	2	0.19997786
1381	1385	3	0.19997843
1385	1381	3	0.19997786
1381	1385	4	0.20001735
1385	1381	4	0.20001824
1381	1386	0	0.20001216
1386	1381	0	0.20001289
1381	1386	1	0.20001274
1386	1381	1	0.20001234
1381	1386	2	0.19997609
1386	1381	2	0.19997619
1381	1386	3	0.19997609
1386	1381	3	0.19997619
1381	1386	4	0.20001642
1386	1381	4	0.2000166
1381	1387	0	0.20001568
1387	1381	0	0.20001155
1381	1387	1	0.20001557
1387	1381	1	0.20001164
1381	1387	2	0.19997737
1387	1381	2	0.19997795
1381	1387	3	0.19997737
1387	1381	3	0.19997793
1381	1387	4	0.20001835
1387	1381	4	0.20001675
1381	1388	0	0.20002063
1388	1381	0	0.2000136
1381	1388	1	0.20001987
1388	1381	1	0.2000142
1381	1388	2	0.19998479
1388	1381	2	0.19998468
1381	1388	3	0.19998477
1388	1381	3	0.19998467
1381	1388	4	0.20002599
1388	1381	4	0.20002295
1382	1389	0	0.20002356
1389	1382	0	0.20001732
1382	1389	1	0.20001975
1389	1382	1	0.20002092
1382	1389	2	0.19999436
1389	1382	2	0.19999385
1382	1389	3	0.19999436
1389	1382	3	0.19999386
1382	1389	4	0.20005438
1389	1382	4	0.20005101
1382	1390	0	0.19642167
1390	1382	0	0.20722844
1382	1390	1	0.21453199
1390	1382	1	0.19822954
1382	1390	2	0.19636321
1390	1382	2	0.19818145
1382	1390	3	0.19636321
1390	1382	3	0.19818145
1382	1390	4	0.19643527
1390	1382	4	0.19824378
1382	1391	0	0.20001474
1391	1382	0	0.200006
1382	1391	1	0.20001592
1391	1382	1	0.20000494
1382	1391	2	0.2000104
1391	1382	2	0.20000455
1382	1391	3	0.20001042
1391	1382	3	0.20000453
1382	1391	4	0.20006067
1391	1382	4	0.20004265
1382	1392	0	0.20000355
1392	1382	0	0.19999826
1382	1392	1	0.20000912
1392	1382	1	0.19999357
1382	1392	2	0.20002009
1392	1382	2	0.20001093
1382	1392	3	0.2000201
1392	1382	3	0.20001093
1382	1392	4	0.2000614
1392	1382	4	0.20003855
1382	1393	0	0.19703041
1393	1382	0	0.2059285
1382	1393	1	0.21197306
1393	1382	1	0.19852304
1382	1393	2	0.19704269
1393	1382	2	0.19853781
1382	1393	3	0.19704269
1393	1382	3	0.19853781
1382	1393	4	0.19705577
1393	1382	4	0.19853047
1382	1394	0	0.17820649
1394	1382	0	0.24392691
1382	1394	1	0.28803357
1394	1382	1	0.18913905
1382	1394	2	0.17800397
1394	1382	2	0.18901989
1382	1394	3	0.17800397
1394	1382	3	0.18901989
1382	1394	4	0.17794499
1394	1382	4	0.18895294
1383	1389	0	0.20002179
1389	1383	0	0.2000187
1383	1389	1	0.20001635
1389	1383	1	0.20002449
1383	1389	2	0.19999245
1389	1383	2	0.19999295
1383	1389	3	0.19999243
1389	1383	3	0.19999295
1383	1389	4	0.2000508
1389	1383	4	0.20005418
1383	1390	0	0.193487
1390	1383	0	0.21308722
1383	1390	1	0.2263441
1390	1383	1	0.19679616
1383	1390	2	0.1934127
1390	1383	2	0.19671598
1383	1390	3	0.1934127
1390	1383	3	0.19671598
1383	1390	4	0.19349964
1390	1383	4	0.19681424
1383	1391	0	0.20002148
1391	1383	0	0.20001438
1383	1391	1	0.20002103
1391	1383	1	0.20001477
1383	1391	2	0.19999515
1391	1383	2	0.19999337
1383	1391	3	0.19999515
1391	1383	3	0.19999337
1383	1391	4	0.20005442
1391	1383	4	0.20004466
1383	1392	0	0.20001525
1392	1383	0	0.20000307
1383	1392	1	0.20001289
1392	1383	1	0.20000523
1383	1392	2	0.2000115
1392	1383	2	0.20000565
1383	1392	3	0.2000115
1392	1383	3	0.20000565
1383	1392	4	0.20006125
1392	1383	4	0.20004317
1383	1393	0	0.19645096
1393	1383	0	0.20711073
1383	1393	1	0.21439604
1393	1383	1	0.19824012
1383	1393	2	0.19643135
1393	1383	2	0.19823635
1383	1393	3	0.19643135
1393	1383	3	0.19823635
1383	1393	4	0.19645838
1393	1383	4	0.19823764
1383	1394	0	0.17352748
1394	1383	0	0.25334287
1383	1394	1	0.30686918
1394	1383	1	0.18681602
1383	1394	2	0.17328659
1394	1383	2	0.18665569
1383	1394	3	0.1732866
1394	1383	3	0.18665567
1383	1394	4	0.17324804
1394	1383	4	0.18660936
1384	1395	0	0.20001009
1395	1384	0	0.20000511
1384	1395	1	0.2000152
1395	1384	1	0.20000069
1384	1395	2	0.20000878
1395	1384	2	0.20000228
1384	1395	3	0.20000878
1395	1384	3	0.20000228
1384	1395	4	0.20005126
1395	1384	4	0.2000334
1384	1396	0	0.19999538
1396	1384	0	0.19998892
1384	1396	1	0.19999775
1396	1384	1	0.19998708
1384	1396	2	0.20002848
1396	1384	2	0.20001578
1384	1396	3	0.20002848
1396	1384	3	0.20001578
1384	1396	4	0.20005463
1396	1384	4	0.2000309
1385	1395	0	0.20001869
1395	1385	0	0.20000869
1385	1395	1	0.20001751
1395	1385	1	0.20000954
1385	1395	2	0.19999622
1395	1385	2	0.19999357
1385	1395	3	0.1999962
1395	1385	3	0.19999358
1385	1395	4	0.2000465
1395	1385	4	0.20003399
1385	1396	0	0.2865444
1396	1385	0	0.18944433
1385	1396	1	0.17874652
1396	1385	1	0.24310547
1385	1396	2	0.17832841
1396	1385	2	0.1891607
1385	1396	3	0.17832841
1396	1385	3	0.1891607
1385	1396	4	0.17838149
1396	1385	4	0.18919683
1386	1395	0	0.20002362
1395	1386	0	0.200012
1386	1395	1	0.20002237
1395	1386	1	0.20001289
1386	1395	2	0.19999078
1395	1386	2	0.19998944
1386	1395	3	0.19999078
1395	1386	3	0.19998945
1386	1395	4	0.20004469
1395	1386	4	0.20003344
1386	1396	0	0.20001762
1396	1386	0	0.20001031
1386	1396	1	0.20002083
1396	1386	1	0.2000082
1386	1396	2	0.1999955
1396	1386	2	0.1999928
1386	1396	3	0.1999955
1396	1386	3	0.1999928
1386	1396	4	0.20004602
1396	1386	4	0.2000325
1387	1395	0	0.20002088
1395	1387	0	0.20001464
1387	1395	1	0.20002174
1395	1387	1	0.20001392
1387	1395	2	0.19998598
1395	1387	2	0.19998589
1387	1395	3	0.199986
1395	1387	3	0.19998589
1387	1395	4	0.20003699
1395	1387	4	0.20003133
1387	1396	0	0.20002137
1396	1387	0	0.2000123
1387	1396	1	0.20002294
1396	1387	1	0.20001113
1387	1396	2	0.19998944
1396	1387	2	0.19998845
1387	1396	3	0.19998944
1396	1387	3	0.19998845
1387	1396	4	0.20004186
1396	1387	4	0.20003147
1388	1395	0	0.20002034
1395	1388	0	0.20001556
1388	1395	1	0.20001812
1395	1388	1	0.20001766
1388	1395	2	0.1999833
1395	1388	2	0.19998303
1388	1395	3	0.1999833
1395	1388	3	0.19998302
1388	1395	4	0.2000329
1395	1388	4	0.20003083
1388	1396	0	0.26509172
1396	1388	0	0.19202389
1388	1396	1	0.18389776
1396	1388	1	0.232438
1388	1396	2	0.18369164
1396	1388	2	0.1918308
1388	1396	3	0.18369165
1396	1388	3	0.1918308
1388	1396	4	0.18380873
1396	1388	4	0.1919521
1389	1397	0	0.19983147
1397	1389	0	0.19983517
1389	1397	1	0.19981174
1397	1389	1	0.1998536
1389	1397	2	0.200213
1397	1389	2	0.20020643
1389	1397	3	0.20021302
1397	1389	3	0.20020641
1389	1397	4	0.19998899
1397	1389	4	0.19998926
1389	1398	0	0.19978686
1398	1389	0	0.19982848
1389	1398	1	0.19977808
1398	1389	1	0.19983618
1389	1398	2	0.20019875
1398	1389	2	0.20018944
1389	1398	3	0.20019875
1398	1389	3	0.20018944
1389	1398	4	0.19996795
1398	1389	4	0.19997405
1389	1399	0	0.19971417
1399	1389	0	0.19982757
1389	1399	1	0.19975051
1399	1389	1	0.1997978
1389	1399	2	0.20014514
1399	1389	2	0.20014124
1389	1399	3	0.20014514
1399	1389	3	0.20014124
1389	1399	4	0.19996594
1399	1389	4	0.19997995
1389	1400	0	0.19972292
1400	1389	0	0.19980237
1389	1400	1	0.19969462
1400	1389	1	0.19982399
1389	1400	2	0.20010532
1400	1389	2	0.20010628
1389	1400	3	0.20010532
1400	1389	3	0.20010628
1389	1400	4	0.19996873
1400	1389	4	0.19999613
1389	1401	0	0.19969891
1401	1389	0	0.19978899
1389	1401	1	0.19965927
1401	1389	1	0.19981731
1389	1401	2	0.20009
1401	1389	2	0.20008472
1389	1401	3	0.20009002
1401	1389	3	0.20008472
1389	1401	4	0.20000973
1401	1389	4	0.20004748
1389	1402	0	0.19963387
1402	1389	0	0.19977488
1389	1402	1	0.19963245
1402	1389	1	0.19977577
1389	1402	2	0.20007083
1402	1389	2	0.20007175
1389	1402	3	0.20007083
1402	1389	3	0.20007175
1389	1402	4	0.20007505
1402	1389	4	0.20011197
1390	1397	0	0.19982539
1397	1390	0	0.1998019
1390	1397	1	0.1998015
1397	1390	1	0.19982578
1390	1397	2	0.20021607
1397	1390	2	0.20021616
1390	1397	3	0.20021605
1397	1390	3	0.20021616
1390	1397	4	0.19998385
1397	1390	4	0.19998439
1390	1398	0	0.19981252
1398	1390	0	0.19983383
1390	1398	1	0.19980954
1398	1390	1	0.19983657
1390	1398	2	0.20021388
1398	1390	2	0.2002079
1390	1398	3	0.20021388
1398	1390	3	0.20020789
1390	1398	4	0.19999677
1398	1390	4	0.19999762
1390	1399	0	0.1997942
1399	1390	0	0.19984639
1390	1399	1	0.19979762
1399	1390	1	0.19984339
1390	1399	2	0.2001935
1399	1390	2	0.2001843
1390	1399	3	0.2001935
1399	1390	3	0.20018432
1390	1399	4	0.19996244
1399	1390	4	0.19997078
1390	1400	0	0.19973369
1400	1390	0	0.19984302
1390	1400	1	0.19976875
1400	1390	1	0.19981432
1390	1400	2	0.20015329
1400	1390	2	0.2001476
1390	1400	3	0.20015329
1400	1390	3	0.2001476
1390	1400	4	0.19995014
1400	1390	4	0.1999675
1390	1401	0	0.19971968
1401	1390	0	0.19981903
1390	1401	1	0.19971643
1401	1390	1	0.19982152
1390	1401	2	0.20012361
1401	1390	2	0.20011993
1390	1401	3	0.20012361
1401	1390	3	0.20011993
1390	1401	4	0.19998686
1401	1390	4	0.20000787
1390	1402	0	0.19965148
1402	1390	0	0.19980283
1390	1402	1	0.19967946
1402	1390	1	0.19978276
1390	1402	2	0.20008473
1402	1390	2	0.2000822
1390	1402	3	0.20008473
1402	1390	3	0.2000822
1390	1402	4	0.20001093
1402	1390	4	0.20005487
1391	1397	0	0.19983494
1397	1391	0	0.19983014
1391	1397	1	0.19985434
1397	1391	1	0.19980939
1391	1397	2	0.20020042
1397	1391	2	0.20020562
1391	1397	3	0.20020044
1397	1391	3	0.20020562
1391	1397	4	0.19997923
1397	1391	4	0.19997533
1391	1398	0	0.19983594
1398	1391	0	0.19981724
1391	1398	1	0.19981642
1398	1391	1	0.19983676
1391	1398	2	0.20021373
1398	1391	2	0.20021392
1391	1398	3	0.20021373
1398	1391	3	0.20021391
1391	1398	4	0.19997646
1398	1391	4	0.19997753
1391	1399	0	0.19979441
1399	1391	0	0.19983453
1391	1399	1	0.19980988
1399	1391	1	0.19982007
1391	1399	2	0.20020983
1399	1391	2	0.20020486
1391	1399	3	0.20020983
1399	1391	3	0.20020486
1391	1399	4	0.19997133
1399	1391	4	0.19997413
1391	1400	0	0.19977382
1400	1391	0	0.19983351
1391	1400	1	0.1997836
1400	1391	1	0.19982497
1391	1400	2	0.20019804
1400	1391	2	0.20018871
1391	1400	3	0.20019802
1400	1391	3	0.20018871
1391	1400	4	0.19998118
1400	1391	4	0.19998617
1391	1401	0	0.19977798
1401	1391	0	0.19981728
1391	1401	1	0.1997375
1401	1391	1	0.1998503
1391	1401	2	0.20016924
1401	1391	2	0.20015931
1391	1401	3	0.20016924
1401	1391	3	0.20015931
1391	1401	4	0.19997329
1401	1391	4	0.19998433
1391	1402	0	0.19973524
1402	1391	0	0.1998211
1391	1402	1	0.19971773
1402	1391	1	0.19983447
1391	1402	2	0.20010804
1402	1391	2	0.200108
1391	1402	3	0.20010804
1402	1391	3	0.200108
1391	1402	4	0.19996768
1402	1391	4	0.19999303
1392	1397	0	0.19982843
1397	1392	0	0.19981156
1392	1397	1	0.19985828
1397	1392	1	0.19977736
1392	1397	2	0.20018819
1397	1392	2	0.20019771
1392	1397	3	0.20018819
1397	1392	3	0.20019771
1392	1397	4	0.19998036
1397	1392	4	0.19997385
1392	1398	0	0.19982539
1398	1392	0	0.19983125
1392	1398	1	0.1998554
1398	1392	1	0.19979914
1392	1398	2	0.20019992
1398	1392	2	0.20020501
1392	1398	3	0.20019992
1398	1392	3	0.20020503
1392	1398	4	0.19997409
1398	1392	4	0.19996989
1392	1399	0	0.19982038
1399	1392	0	0.19982307
1392	1399	1	0.19982243
1399	1392	1	0.19982104
1392	1399	2	0.20021202
1399	1392	2	0.20021226
1392	1399	3	0.20021202
1399	1392	3	0.20021226
1392	1399	4	0.19995965
1399	1392	4	0.19996057
1392	1400	0	0.19977987
1400	1392	0	0.1998337
1392	1400	1	0.19980969
1400	1392	1	0.19980586
1392	1400	2	0.20021342
1400	1392	2	0.20020823
1392	1400	3	0.20021343
1400	1392	3	0.20020823
1392	1400	4	0.19997184
1400	1392	4	0.19997315
1392	1401	0	0.19977407
1401	1392	0	0.1997965
1392	1401	1	0.19974102
1401	1392	1	0.19982544
1392	1401	2	0.20018259
1401	1392	2	0.20017564
1392	1401	3	0.20018257
1401	1392	3	0.20017567
1392	1401	4	0.19996914
1401	1392	4	0.1999766
1392	1402	0	0.19971842
1402	1392	0	0.19981965
1392	1402	1	0.19974187
1402	1392	1	0.19980058
1392	1402	2	0.20015734
1402	1392	2	0.20015004
1392	1402	3	0.20015734
1402	1392	3	0.20015003
1392	1402	4	0.1999887
1402	1392	4	0.19999832
1393	1397	0	0.19982815
1397	1393	0	0.19976345
1393	1397	1	0.19983852
1397	1393	1	0.1997508
1393	1397	2	0.20015669
1397	1393	2	0.20016488
1393	1397	3	0.20015669
1397	1393	3	0.20016488
1393	1397	4	0.1999697
1397	1393	4	0.19995421
1393	1398	0	0.19984122
1398	1393	0	0.19976339
1393	1398	1	0.19981612
1398	1393	1	0.19979212
1393	1398	2	0.20018439
1398	1393	2	0.20019287
1393	1398	3	0.2001844
1398	1393	3	0.20019285
1393	1398	4	0.19997118
1398	1393	4	0.19996367
1393	1399	0	0.19983158
1399	1393	0	0.19978108
1393	1399	1	0.19980784
1399	1393	1	0.19980651
1393	1399	2	0.20019917
1399	1393	2	0.2002037
1393	1399	3	0.20019919
1399	1393	3	0.20020369
1393	1399	4	0.19996151
1399	1393	4	0.19995758
1393	1400	0	0.19981481
1400	1393	0	0.19981864
1393	1400	1	0.19981821
1400	1393	1	0.19981523
1393	1400	2	0.20021331
1400	1393	2	0.20021346
1393	1400	3	0.20021331
1400	1393	3	0.20021346
1393	1400	4	0.19996585
1400	1393	4	0.1999664
1393	1401	0	0.19980896
1401	1393	0	0.19981363
1393	1401	1	0.19978774
1401	1393	1	0.19983344
1393	1401	2	0.20021176
1401	1393	2	0.20020667
1393	1401	3	0.20021178
1401	1393	3	0.20020667
1393	1401	4	0.1999793
1401	1393	4	0.19998132
1393	1402	0	0.19978212
1402	1393	0	0.1998385
1393	1402	1	0.1997899
1402	1393	1	0.19983171
1393	1402	2	0.20020378
1402	1393	2	0.20019397
1393	1402	3	0.20020378
1402	1393	3	0.20019396
1393	1402	4	0.19998634
1402	1393	4	0.19998981
1394	1397	0	0.19980025
1397	1394	0	0.19970235
1394	1397	1	0.19980752
1397	1394	1	0.19969285
1394	1397	2	0.20010146
1397	1394	2	0.20010309
1394	1397	3	0.20010146
1397	1394	3	0.20010309
1394	1397	4	0.20001127
1397	1394	4	0.19998057
1394	1398	0	0.19982465
1398	1394	0	0.19974667
1394	1398	1	0.19982417
1398	1394	1	0.19974723
1394	1398	2	0.20015952
1398	1394	2	0.20016854
1394	1398	3	0.20015952
1398	1394	3	0.20016854
1394	1398	4	0.1999848
1398	1394	4	0.1999751
1394	1399	0	0.19985586
1399	1394	0	0.19979626
1394	1399	1	0.19984342
1399	1394	1	0.19981055
1394	1399	2	0.20019636
1399	1394	2	0.20020743
1394	1399	3	0.20019636
1399	1394	3	0.20020743
1394	1399	4	0.19998115
1399	1394	4	0.19997793
1394	1400	0	0.19983207
1400	1394	0	0.19978997
1394	1400	1	0.19981572
1400	1394	1	0.19980748
1394	1400	2	0.20020252
1400	1394	2	0.20020737
1394	1400	3	0.20020252
1400	1394	3	0.20020737
1394	1400	4	0.19995865
1400	1394	4	0.1999555
1394	1401	0	0.19983454
1401	1394	0	0.1998429
1394	1401	1	0.19984336
1401	1394	1	0.19983406
1394	1401	2	0.20021202
1401	1394	2	0.20021193
1394	1401	3	0.20021202
1401	1394	3	0.20021194
1394	1401	4	0.19996935
1401	1394	4	0.19996874
1394	1402	0	0.19982836
1402	1394	0	0.1998199
1394	1402	1	0.19979385
1402	1394	1	0.1998521
1394	1402	2	0.20020732
1402	1394	2	0.20020205
1394	1402	3	0.20020731
1402	1394	3	0.20020206
1394	1402	4	0.19997531
1402	1394	4	0.19997843
1403	1415	0	0.19996151
1415	1403	0	0.19996488
1403	1415	1	0.19995905
1415	1403	1	0.19996656
1403	1415	2	0.20006248
1415	1403	2	0.20003852
1403	1415	3	0.20006248
1415	1403	3	0.20003851
1403	1415	4	0.20005558
1415	1403	4	0.20002694
1404	1415	0	0.19999236
1415	1404	0	0.19998501
1404	1415	1	0.19999154
1415	1404	1	0.19998565
1404	1415	2	0.2000331
1415	1404	2	0.20001912
1404	1415	3	0.2000331
1415	1404	3	0.20001912
1404	1415	4	0.2000573
1415	1404	4	0.20003238
1405	1415	0	0.20000629
1415	1405	0	0.19999908
1405	1415	1	0.20000964
1415	1405	1	0.19999619
1405	1415	2	0.20001774
1415	1405	2	0.2000093
1405	1415	3	0.20001774
1415	1405	3	0.20000932
1405	1415	4	0.20005937
1415	1405	4	0.20003767
1406	1415	0	0.20001473
1415	1406	0	0.20000328
1406	1415	1	0.20001304
1415	1406	1	0.20000485
1406	1415	2	0.20001101
1415	1406	2	0.20000567
1406	1415	3	0.200011
1415	1406	3	0.20000567
1406	1415	4	0.20005992
1415	1406	4	0.20004268
1407	1415	0	0.20002213
1415	1407	0	0.20001243
1407	1415	1	0.20001921
1415	1407	1	0.20001504
1407	1415	2	0.20000044
1415	1407	2	0.19999796
1407	1415	3	0.20000044
1415	1407	3	0.19999796
1407	1415	4	0.20005752
1415	1407	4	0.20004682
1408	1415	0	0.22001138
1415	1408	0	0.1975884
1408	1415	1	0.19506899
1415	1408	1	0.20994778
1408	1415	2	0.19497731
1415	1408	2	0.19748661
1408	1415	3	0.1949773
1415	1408	3	0.19748661
1408	1415	4	0.19506955
1415	1408	4	0.19759357
1409	1415	0	0.30203933
1415	1409	0	0.18735667
1409	1415	1	0.17457654
1415	1409	1	0.25095958
1409	1415	2	0.1744919
1415	1409	2	0.18725614
1409	1415	3	0.1744919
1415	1409	3	0.18725614
1409	1415	4	0.1745468
1415	1409	4	0.18732025
1410	1416	0	0.20002832
1416	1410	0	0.20002306
1410	1416	1	0.20002791
1416	1410	1	0.20002343
1410	1416	2	0.19998927
1416	1410	2	0.1999893
1410	1416	3	0.19998929
1416	1410	3	0.19998929
1410	1416	4	0.20003624
1416	1410	4	0.20003249
1410	1417	0	0.2000278
1417	1410	0	0.20002043
1410	1417	1	0.20002997
1417	1410	1	0.20001866
1410	1417	2	0.19999343
1417	1410	2	0.19999221
1410	1417	3	0.19999343
1417	1410	3	0.19999221
1410	1417	4	0.20003888
1417	1410	4	0.20002973
1410	1418	0	0.2388549
1418	1410	0	0.1951856
1410	1418	1	0.19035105
1418	1410	1	0.21938896
1410	1418	2	0.19029935
1418	1410	2	0.19515091
1410	1418	3	0.19029935
1418	1410	3	0.19515091
1410	1418	4	0.1903539
1418	1410	4	0.19518854
1410	1419	0	0.20001596
1419	1410	0	0.20000474
1410	1419	1	0.20001453
1419	1410	1	0.20000593
1410	1419	2	0.20001233
1419	1410	2	0.200006
1410	1419	3	0.20001233
1419	1410	3	0.200006
1410	1419	4	0.20004149
1419	1410	4	0.20002545
1411	1416	0	0.20002627
1416	1411	0	0.20002523
1411	1416	1	0.20002565
1416	1411	1	0.20002584
1411	1416	2	0.199987
1416	1411	2	0.19998658
1411	1416	3	0.199987
1416	1411	3	0.19998659
1411	1416	4	0.20003323
1416	1411	4	0.20003277
1411	1417	0	0.20002548
1417	1411	0	0.2000216
1411	1417	1	0.20002659
1417	1411	1	0.20002055
1411	1417	2	0.19998677
1417	1411	2	0.19998674
1411	1417	3	0.19998676
1417	1411	3	0.19998674
1411	1417	4	0.20003283
1417	1411	4	0.2000291
1411	1418	0	0.20002826
1418	1411	0	0.20001769
1411	1418	1	0.20002611
1418	1411	1	0.20001943
1411	1418	2	0.19999209
1418	1411	2	0.19999127
1411	1418	3	0.19999209
1418	1411	3	0.19999127
1411	1418	4	0.20003569
1418	1411	4	0.20002776
1411	1419	0	0.20002049
1419	1411	0	0.20001248
1411	1419	1	0.20002192
1419	1411	1	0.20001122
1411	1419	2	0.20000376
1419	1411	2	0.20000039
1411	1419	3	0.20000376
1419	1411	3	0.20000039
1411	1419	4	0.20004107
1419	1411	4	0.20002879
1412	1416	0	0.2000224
1416	1412	0	0.20002733
1412	1416	1	0.2000223
1416	1412	1	0.20002742
1412	1416	2	0.19998814
1416	1412	2	0.19998825
1412	1416	3	0.19998814
1416	1412	3	0.19998825
1412	1416	4	0.20003232
1416	1412	4	0.20003651
1412	1417	0	0.20002739
1417	1412	0	0.20002551
1412	1417	1	0.20002574
1417	1412	1	0.20002712
1412	1417	2	0.19998701
1417	1412	2	0.19998679
1412	1417	3	0.199987
1417	1412	3	0.19998679
1412	1417	4	0.20003147
1417	1412	4	0.20003124
1412	1418	0	0.27685624
1418	1412	0	0.19044247
1412	1418	1	0.18085578
1418	1412	1	0.23841989
1412	1418	2	0.18078332
1418	1412	2	0.1903854
1412	1418	3	0.1807833
1418	1412	3	0.1903854
1412	1418	4	0.18085714
1418	1412	4	0.19044566
1412	1419	0	0.20002688
1419	1412	0	0.20002034
1412	1419	1	0.20002964
1419	1412	1	0.2000181
1412	1419	2	0.19999303
1419	1412	2	0.19999197
1412	1419	3	0.19999303
1419	1412	3	0.19999197
1412	1419	4	0.2000385
1419	1412	4	0.20002973
1413	1416	0	0.19600788
1416	1413	0	0.20802811
1413	1416	1	0.21610166
1416	1413	1	0.19806169
1413	1416	2	0.19596574
1416	1413	2	0.19798502
1413	1416	3	0.19596572
1416	1413	3	0.19798504
1413	1416	4	0.19601993
1416	1413	4	0.19806923
1413	1417	0	0.2000243
1417	1413	0	0.2000274
1413	1417	1	0.20002237
1417	1413	1	0.20002955
1413	1417	2	0.19998892
1417	1413	2	0.19998907
1413	1417	3	0.19998892
1417	1413	3	0.19998907
1413	1417	4	0.20003313
1417	1413	4	0.20003739
1413	1418	0	0.20002827
1418	1413	0	0.20002586
1413	1418	1	0.20002605
1418	1413	1	0.20002805
1413	1418	2	0.19998764
1418	1413	2	0.19998749
1413	1418	3	0.19998762
1418	1413	3	0.19998749
1413	1418	4	0.20003359
1418	1413	4	0.20003334
1413	1419	0	0.19736178
1419	1413	0	0.20534883
1413	1419	1	0.2108137
1419	1413	1	0.1987044
1413	1419	2	0.197285
1419	1413	2	0.19864373
1413	1419	3	0.197285
1419	1413	3	0.19864373
1413	1419	4	0.19736543
1419	1413	4	0.19871087
1414	1416	0	0.20001325
1416	1414	0	0.20002535
1414	1416	1	0.20001477
1416	1414	1	0.20002328
1414	1416	2	0.1999972
1416	1414	2	0.2000005
1414	1416	3	0.1999972
1416	1414	3	0.2000005
1414	1416	4	0.20002717
1416	1414	4	0.20003964
1414	1417	0	0.20001844
1417	1414	0	0.2000278
1414	1417	1	0.2000184
1417	1414	1	0.2000278
1414	1417	2	0.1999906
1417	1414	2	0.1999916
1414	1417	3	0.1999906
1417	1414	3	0.1999916
1414	1417	4	0.20003082
1417	1414	4	0.20004015
1414	1418	0	0.20002386
1418	1414	0	0.20002699
1414	1418	1	0.20002204
1418	1414	1	0.20002894
1414	1418	2	0.19998851
1418	1414	2	0.19998862
1414	1418	3	0.19998851
1418	1414	3	0.19998862
1414	1418	4	0.20003182
1418	1414	4	0.20003584
1414	1419	0	0.20002507
1419	1414	0	0.2000266
1414	1419	1	0.200026
1419	1414	1	0.20002553
1414	1419	2	0.19998655
1419	1414	2	0.19998708
1414	1419	3	0.19998655
1419	1414	3	0.19998708
1414	1419	4	0.2000323
1419	1414	4	0.20003289
1415	1420	0	0.19999939
1420	1415	0	0.20000103
1415	1420	1	0.19999939
1420	1415	1	0.200001
1415	1420	2	0.19999883
1420	1415	2	0.20000024
1415	1420	3	0.19999881
1420	1415	3	0.20000024
1415	1420	4	0.2000002
1420	1415	4	0.20000185
1415	1421	0	0.18948296
1421	1415	0	0.22102782
1415	1421	1	0.2420427
1421	1415	1	0.19474347
1415	1421	2	0.18949348
1421	1415	2	0.19475006
1415	1421	3	0.18949346
1421	1415	3	0.19475004
1415	1421	4	0.18946792
1421	1415	4	0.1947285
1415	1422	0	0.1933478
1422	1415	0	0.21330048
1415	1422	1	0.226583
1422	1415	1	0.19667716
1415	1422	2	0.19335565
1422	1415	2	0.19668166
1415	1422	3	0.19335565
1422	1415	3	0.19668166
1415	1422	4	0.19332922
1422	1415	4	0.19666098
1416	1423	0	0.24305288
1423	1416	0	0.19472714
1416	1423	1	0.18938164
1423	1416	1	0.22140759
1416	1423	2	0.18922047
1423	1416	2	0.19459666
1416	1423	3	0.18922049
1423	1416	3	0.19459666
1416	1423	4	0.18933582
1423	1416	4	0.19470096
1416	1424	0	0.20000972
1424	1416	0	0.20000497
1416	1424	1	0.20000991
1424	1416	1	0.20000483
1416	1424	2	0.1999822
1424	1416	2	0.19998412
1416	1424	3	0.19998218
1424	1416	3	0.19998412
1416	1424	4	0.2000122
1424	1416	4	0.20001131
1416	1425	0	0.2000144
1425	1416	0	0.20000644
1416	1425	1	0.20001473
1425	1416	1	0.20000622
1416	1425	2	0.19998673
1425	1416	2	0.19998737
1416	1425	3	0.19998673
1425	1416	3	0.19998735
1416	1425	4	0.2000208
1425	1416	4	0.20001663
1417	1423	0	0.2025155
1423	1417	0	0.19973858
1417	1423	1	0.19943666
1423	1417	1	0.20118651
1417	1423	2	0.1993453
1423	1417	2	0.19966486
1417	1423	3	0.19934532
1423	1417	3	0.19966486
1417	1423	4	0.1994209
1423	1417	4	0.1997315
1417	1424	0	0.20000502
1424	1417	0	0.20000264
1417	1424	1	0.20000559
1424	1417	1	0.20000222
1417	1424	2	0.19998398
1424	1417	2	0.19998541
1417	1424	3	0.19998398
1424	1417	3	0.19998541
1417	1424	4	0.20000432
1424	1417	4	0.2000046
1417	1425	0	0.20001037
1425	1417	0	0.20000374
1417	1425	1	0.20001006
1425	1417	1	0.20000398
1417	1425	2	0.19998235
1425	1417	2	0.19998379
1417	1425	3	0.19998235
1425	1417	3	0.1999838
1417	1425	4	0.20001134
1425	1417	4	0.20000948
1418	1423	0	0.20000008
1423	1418	0	0.2000005
1418	1423	1	0.20000012
1423	1418	1	0.20000046
1418	1423	2	0.19999169
1423	1418	2	0.19999188
1418	1423	3	0.19999169
1423	1418	3	0.1999919
1418	1423	4	0.19999911
1423	1418	4	0.1999994
1418	1424	0	0.1937754
1424	1418	0	0.21250737
1418	1424	1	0.22512141
1424	1418	1	0.1968986
1418	1424	2	0.19370225
1424	1418	2	0.19684546
1418	1424	3	0.19370224
1424	1418	3	0.19684546
1418	1424	4	0.19377671
1424	1418	4	0.19690575
1418	1425	0	0.18235666
1425	1418	0	0.23545448
1418	1425	1	0.27105716
1425	1418	1	0.19119273
1418	1425	2	0.18220598
1425	1418	2	0.19108644
1418	1425	3	0.18220596
1425	1418	3	0.19108644
1418	1425	4	0.18235686
1425	1418	4	0.19120924
1419	1423	0	0.20293957
1423	1419	0	0.19969003
1419	1423	1	0.19932096
1423	1419	1	0.20138666
1419	1423	2	0.19924247
1423	1419	2	0.19961432
1419	1423	3	0.19924247
1423	1419	3	0.19961432
1419	1423	4	0.1993142
1423	1419	4	0.19967999
1419	1424	0	0.2000002
1424	1419	0	0.20000052
1419	1424	1	0.19999991
1424	1419	1	0.20000078
1419	1424	2	0.1999915
1424	1419	2	0.19999179
1419	1424	3	0.1999915
1424	1419	3	0.19999179
1419	1424	4	0.19999905
1424	1419	4	0.1999996
1419	1425	0	0.20000206
1425	1419	0	0.20000088
1419	1425	1	0.20000172
1425	1419	1	0.20000122
1419	1425	2	0.19998866
1425	1419	2	0.19998936
1419	1425	3	0.19998866
1425	1419	3	0.19998938
1419	1425	4	0.20000046
1425	1419	4	0.2000011
1420	1426	0	0.19988813
1426	1420	0	0.19986781
1420	1426	1	0.1998861
1426	1420	1	0.19986996
1420	1426	2	0.20016722
1426	1420	2	0.2001776
1420	1426	3	0.20016722
1426	1420	3	0.2001776
1420	1426	4	0.20002498
1426	1420	4	0.20002824
1420	1427	0	0.19988056
1427	1420	0	0.1998958
1420	1427	1	0.19989537
1427	1420	1	0.19988096
1420	1427	2	0.20015961
1427	1420	2	0.2001596
1420	1427	3	0.20015961
1427	1420	3	0.20015961
1420	1427	4	0.2000276
1427	1420	4	0.20002802
1420	1428	0	0.19986172
1428	1420	0	0.19988601
1420	1428	1	0.19986752
1428	1420	1	0.19988067
1420	1428	2	0.20018387
1428	1420	2	0.20017353
1420	1428	3	0.20018387
1428	1420	3	0.20017351
1420	1428	4	0.2000259
1428	1420	4	0.20002265
1420	1429	0	0.19982275
1429	1420	0	0.19988854
1420	1429	1	0.1998477
1429	1420	1	0.19986722
1420	1429	2	0.20020407
1429	1420	2	0.20018408
1420	1429	3	0.20020409
1429	1420	3	0.20018408
1420	1429	4	0.20002142
1429	1420	4	0.20001875
1420	1430	0	0.19978043
1430	1420	0	0.19985998
1420	1430	1	0.19978647
1430	1420	1	0.19985521
1420	1430	2	0.20021863
1430	1420	2	0.20019485
1420	1430	3	0.20021862
1430	1420	3	0.20019487
1420	1430	4	0.200016
1430	1420	4	0.20001289
1420	1431	0	0.1997827
1431	1420	0	0.19988216
1420	1431	1	0.19979411
1431	1420	1	0.19987375
1420	1431	2	0.20019786
1431	1420	2	0.20017171
1420	1431	3	0.20019786
1431	1420	3	0.20017171
1420	1431	4	0.20000762
1431	1420	4	0.20000648
1420	1432	0	0.19974506
1432	1420	0	0.1998352
1420	1432	1	0.19970883
1432	1420	1	0.19985956
1420	1432	2	0.2001601
1432	1420	2	0.20014097
1420	1432	3	0.20016009
1432	1420	3	0.20014097
1420	1432	4	0.20000952
1432	1420	4	0.20002018
1420	1433	0	0.19964908
1433	1420	0	0.19980486
1420	1433	1	0.19965713
1433	1420	1	0.19980003
1420	1433	2	0.20010033
1433	1420	2	0.2000928
1420	1433	3	0.20010033
1433	1420	3	0.2000928
1420	1433	4	0.2000466
1433	1420	4	0.20006454
1421	1426	0	0.21138485
1426	1421	0	0.19861098
1421	1426	1	0.1971883
1426	1421	1	0.20513062
1421	1426	2	0.19719777
1426	1421	2	0.19872034
1421	1426	3	0.19719777
1426	1421	3	0.19872034
1421	1426	4	0.19729452
1426	1421	4	0.19874904
1421	1427	0	0.20605013
1427	1421	0	0.19923861
1421	1427	1	0.19845204
1427	1421	1	0.2025978
1421	1427	2	0.19853425
1427	1421	2	0.19937423
1421	1427	3	0.19853425
1427	1421	3	0.19937424
1421	1427	4	0.19859487
1427	1421	4	0.19940329
1421	1428	0	0.19989248
1428	1421	0	0.19986865
1421	1428	1	0.19986863
1428	1421	1	0.19989246
1421	1428	2	0.20016842
1428	1421	2	0.20016845
1421	1428	3	0.20016843
1428	1421	3	0.20016843
1421	1428	4	0.20002972
1428	1421	4	0.20002973
1421	1429	0	0.19987862
1429	1421	0	0.19989306
1421	1429	1	0.19987684
1429	1421	1	0.19989465
1421	1429	2	0.20016752
1429	1421	2	0.2001577
1421	1429	3	0.20016752
1429	1421	3	0.2001577
1421	1429	4	0.20002928
1429	1421	4	0.20002487
1421	1430	0	0.19983986
1430	1421	0	0.19985558
1421	1430	1	0.19980785
1430	1421	1	0.199883
1421	1430	2	0.2002132
1430	1421	2	0.20019351
1421	1430	3	0.2002132
1430	1421	3	0.20019351
1421	1430	4	0.20001867
1430	1421	4	0.20001696
1421	1431	0	0.19981398
1431	1421	0	0.19986388
1421	1431	1	0.19979116
1431	1421	1	0.19988199
1421	1431	2	0.2002046
1431	1421	2	0.20018099
1421	1431	3	0.20020457
1431	1421	3	0.200181
1421	1431	4	0.20001392
1431	1421	4	0.20001289
1421	1432	0	0.19976048
1432	1421	0	0.19987066
1421	1432	1	0.19977775
1432	1421	1	0.19985808
1421	1432	2	0.20020224
1432	1421	2	0.20017613
1421	1432	3	0.20020224
1432	1421	3	0.20017613
1421	1432	4	0.20001327
1432	1421	4	0.20001161
1421	1433	0	0.19971406
1433	1421	0	0.19984294
1421	1433	1	0.19972104
1433	1421	1	0.19983825
1421	1433	2	0.2001408
1433	1421	2	0.20012788
1421	1433	3	0.20014082
1433	1421	3	0.20012788
1421	1433	4	0.19999905
1433	1421	4	0.20001537
1422	1426	0	0.19987114
1426	1422	0	0.19980499
1422	1426	1	0.19987465
1426	1422	1	0.19980049
1422	1426	2	0.20018455
1426	1422	2	0.20020878
1422	1426	3	0.20018454
1426	1422	3	0.2002088
1422	1426	4	0.20001103
1426	1422	4	0.20001052
1422	1427	0	0.19988556
1427	1422	0	0.19983995
1422	1427	1	0.199881
1427	1422	1	0.19984528
1422	1427	2	0.20017852
1427	1422	2	0.20019877
1422	1427	3	0.20017852
1427	1422	3	0.20019877
1422	1427	4	0.20001817
1427	1422	4	0.20002164
1422	1428	0	0.19986624
1428	1422	0	0.19984148
1422	1428	1	0.19986288
1428	1422	1	0.19984509
1422	1428	2	0.20019807
1428	1422	2	0.20020843
1422	1428	3	0.20019805
1428	1422	3	0.20020844
1422	1428	4	0.20001757
1428	1422	4	0.20002036
1422	1429	0	0.19987166
1429	1422	0	0.19985145
1422	1429	1	0.19985044
1429	1422	1	0.19987261
1422	1429	2	0.20019014
1429	1422	2	0.20019032
1422	1429	3	0.20019014
1429	1422	3	0.2001903
1422	1429	4	0.20003094
1429	1422	4	0.20003216
1422	1430	0	0.19986121
1430	1422	0	0.19987945
1422	1430	1	0.19986029
1430	1422	1	0.19988033
1422	1430	2	0.20018618
1430	1422	2	0.20017573
1422	1430	3	0.20018618
1430	1422	3	0.20017573
1422	1430	4	0.20002936
1430	1422	4	0.20002607
1422	1431	0	0.19983262
1431	1422	0	0.1998895
1422	1431	1	0.19984964
1431	1422	1	0.199875
1422	1431	2	0.20019525
1431	1422	2	0.20017473
1422	1431	3	0.20019525
1431	1422	3	0.20017472
1422	1431	4	0.20002948
1431	1422	4	0.20002557
1422	1432	0	0.19979207
1432	1422	0	0.19988623
1422	1432	1	0.19982089
1432	1422	1	0.1998635
1422	1432	2	0.20020851
1432	1422	2	0.20018277
1422	1432	3	0.20020851
1432	1422	3	0.20018277
1422	1432	4	0.20001851
1432	1422	4	0.20001565
1422	1433	0	0.19981878
1433	1422	0	0.19986129
1422	1433	1	0.19976614
1433	1422	1	0.19989984
1422	1433	2	0.20019524
1433	1422	2	0.20016912
1422	1433	3	0.20019524
1433	1422	3	0.20016912
1422	1433	4	0.20000784
1433	1422	4	0.20000654
1423	1434	0	0.19993742
1434	1423	0	0.19994487
1423	1434	1	0.19993083
1434	1423	1	0.19994989
1423	1434	2	0.2000801
1434	1423	2	0.20005536
1423	1434	3	0.2000801
1434	1423	3	0.20005535
1423	1434	4	0.20008972
1434	1423	4	0.20005961
1423	1435	0	0.19802658
1435	1423	0	0.20403299
1423	1435	1	0.2086091
1435	1423	1	0.1990621
1423	1435	2	0.19780305
1435	1423	2	0.19891632
1423	1435	3	0.19780304
1435	1423	3	0.19891632
1423	1435	4	0.19803175
1435	1423	4	0.19908719
1423	1436	0	0.19686188
1436	1423	0	0.20642406
1423	1436	1	0.21344197
1436	1423	1	0.19847994
1423	1436	2	0.19654794
1436	1423	2	0.19828573
1423	1436	3	0.19654794
1436	1423	3	0.19828573
1423	1436	4	0.19681127
1436	1423	4	0.19847992
1423	1437	0	0.16630863
1437	1423	0	0.26901767
1423	1437	1	0.3389905
1437	1423	1	0.18343443
1423	1437	2	0.16493194
1437	1423	2	0.1825028
1423	1437	3	0.16493192
1437	1423	3	0.1825028
1423	1437	4	0.16497785
1437	1423	4	0.18254489
1423	1438	0	0.16758962
1438	1423	0	0.26671156
1423	1438	1	0.33421886
1438	1423	1	0.18401858
1423	1438	2	0.16606568
1438	1423	2	0.1830551
1423	1438	3	0.16606568
1438	1423	3	0.1830551
1423	1438	4	0.16615315
1438	1423	4	0.18312338
1424	1434	0	0.19996317
1434	1424	0	0.19995554
1424	1434	1	0.19994998
1434	1424	1	0.19996673
1424	1434	2	0.2000585
1434	1424	2	0.20004386
1424	1434	3	0.2000585
1434	1424	3	0.20004384
1424	1434	4	0.20009066
1434	1424	4	0.20006989
1424	1435	0	0.1999501
1435	1424	0	0.19994928
1424	1435	1	0.19993922
1435	1424	1	0.19995774
1424	1435	2	0.20006925
1435	1424	2	0.20004724
1424	1435	3	0.20006925
1435	1424	3	0.20004724
1424	1435	4	0.2000913
1435	1424	4	0.20006135
1424	1436	0	0.19991107
1436	1424	0	0.199935
1424	1436	1	0.19990914
1436	1424	1	0.19993645
1424	1436	2	0.20010427
1436	1424	2	0.20007125
1424	1436	3	0.20010427
1436	1424	3	0.20007125
1424	1436	4	0.2000794
1436	1424	4	0.20004456
1424	1437	0	0.19988783
1437	1424	0	0.19992754
1424	1437	1	0.19988775
1437	1424	1	0.1999277
1424	1437	2	0.20012927
1437	1424	2	0.20008814
1424	1437	3	0.20012927
1437	1424	3	0.20008813
1424	1437	4	0.20006835
1437	1424	4	0.20003298
1424	1438	0	0.19983724
1438	1424	0	0.19991697
1424	1438	1	0.19984597
1438	1424	1	0.19991161
1424	1438	2	0.2001805
1438	1424	2	0.20012519
1424	1438	3	0.2001805
1438	1424	3	0.2001252
1424	1438	4	0.20005146
1438	1424	4	0.20002037
1425	1434	0	0.19997695
1434	1425	0	0.1999658
1425	1434	1	0.19996497
1434	1425	1	0.1999768
1425	1434	2	0.20004615
1434	1425	2	0.20003946
1425	1434	3	0.20004617
1434	1425	3	0.20003945
1425	1434	4	0.20009385
1434	1425	4	0.20008256
1425	1435	0	0.19996265
1435	1425	0	0.199958
1425	1435	1	0.19995314
1435	1425	1	0.19996595
1425	1435	2	0.2000592
1435	1425	2	0.20004432
1425	1435	3	0.2000592
1435	1425	3	0.20004433
1425	1435	4	0.20009191
1435	1425	4	0.20007057
1425	1436	0	0.19993863
1436	1425	0	0.1999613
1425	1436	1	0.19995521
1436	1425	1	0.19994837
1425	1436	2	0.20006889
1436	1425	2	0.20004658
1425	1436	3	0.20006889
1436	1425	3	0.20004658
1425	1436	4	0.20009266
1436	1425	4	0.20006186
1425	1437	0	0.19989876
1437	1425	0	0.19993284
1425	1437	1	0.19990386
1437	1425	1	0.19992924
1425	1437	2	0.20011401
1437	1425	2	0.20007896
1425	1437	3	0.20011401
1437	1425	3	0.20007896
1425	1437	4	0.20007855
1437	1425	4	0.20004316
1425	1438	0	0.19988443
1438	1425	0	0.19992472
1425	1438	1	0.19988269
1438	1425	1	0.19992603
1425	1438	2	0.20013428
1438	1425	2	0.20009191
1425	1438	3	0.20013428
1438	1425	3	0.20009191
1425	1438	4	0.20006832
1438	1425	4	0.20003219
1426	1440	0	0.19965969
1440	1426	0	0.19981521
1426	1440	1	0.19965403
1440	1426	1	0.19981858
1426	1440	2	0.20014495
1440	1426	2	0.20012265
1426	1440	3	0.20014495
1440	1426	3	0.20012265
1426	1440	4	0.2000767
1440	1426	4	0.20006564
1426	1439	0	0.19972047
1439	1426	0	0.19984007
1426	1439	1	0.19970834
1439	1426	1	0.19984773
1426	1439	2	0.20018676
1439	1426	2	0.20015335
1426	1439	3	0.20018676
1439	1426	3	0.20015335
1426	1439	4	0.20005286
1439	1426	4	0.20004423
1427	1440	0	0.199706
1440	1427	0	0.19985992
1427	1440	1	0.1997403
1440	1427	1	0.1998381
1427	1440	2	0.20019487
1440	1427	2	0.20015639
1427	1440	3	0.20019487
1440	1427	3	0.20015639
1427	1440	4	0.20005892
1440	1427	4	0.20004728
1427	1439	0	0.19975463
1439	1427	0	0.1998811
1427	1439	1	0.19979009
1439	1427	1	0.19985667
1427	1439	2	0.20021069
1439	1427	2	0.20016767
1427	1439	3	0.20021069
1439	1427	3	0.20016767
1427	1439	4	0.2000494
1439	1427	4	0.20003782
1428	1440	0	0.1997724
1440	1428	0	0.1998931
1428	1440	1	0.19980702
1440	1428	1	0.1998692
1428	1440	2	0.20021096
1440	1428	2	0.20016773
1428	1440	3	0.20021096
1440	1428	3	0.20016773
1428	1440	4	0.2000387
1440	1428	4	0.20002623
1428	1439	0	0.1998251
1439	1428	0	0.19987436
1428	1439	1	0.19980313
1439	1428	1	0.19989076
1428	1439	2	0.20020439
1439	1428	2	0.20016502
1428	1439	3	0.2002044
1439	1428	3	0.200165
1428	1439	4	0.20005728
1439	1428	4	0.20004213
1429	1440	0	0.19981569
1440	1429	0	0.19988155
1429	1440	1	0.199812
1440	1429	1	0.1998844
1429	1440	2	0.2002044
1440	1429	2	0.20016548
1429	1440	3	0.20020442
1440	1429	3	0.20016547
1429	1440	4	0.20005353
1440	1429	4	0.20003939
1429	1439	0	0.19985227
1439	1429	0	0.1998914
1429	1439	1	0.19984818
1439	1429	1	0.19989474
1429	1439	2	0.20017333
1439	1429	2	0.20014572
1429	1439	3	0.20017333
1439	1429	3	0.20014572
1429	1439	4	0.20006292
1439	1429	4	0.2000491
1430	1440	0	0.19983517
1440	1430	0	0.19986992
1430	1440	1	0.19981778
1440	1430	1	0.19988398
1430	1440	2	0.20020138
1440	1430	2	0.20017183
1430	1440	3	0.20020138
1440	1430	3	0.20017183
1430	1440	4	0.20005749
1440	1430	4	0.20004573
1430	1439	0	0.19987069
1439	1430	0	0.19988684
1430	1439	1	0.19986014
1439	1430	1	0.1998961
1430	1439	2	0.20016107
1439	1430	2	0.20014408
1430	1439	3	0.20016107
1439	1430	3	0.20014407
1430	1439	4	0.20006238
1439	1430	4	0.20005442
1431	1440	0	0.19985662
1440	1431	0	0.19989884
1431	1440	1	0.19987348
1440	1431	1	0.19988394
1431	1440	2	0.20016064
1440	1431	2	0.2001435
1431	1440	3	0.20016064
1440	1431	3	0.2001435
1431	1440	4	0.20006292
1440	1431	4	0.20005529
1431	1439	0	0.19988385
1439	1431	0	0.19990687
1431	1439	1	0.19989862
1439	1431	1	0.19989266
1431	1439	2	0.20013034
1439	1431	2	0.20012444
1431	1439	3	0.20013036
1439	1431	3	0.20012443
1431	1439	4	0.2000667
1439	1431	4	0.20006482
1432	1440	0	0.22565453
1440	1432	0	0.1969955
1432	1440	1	0.19377807
1440	1432	1	0.21217328
1432	1440	2	0.1935238
1440	1432	2	0.19686443
1432	1440	3	0.19352378
1440	1432	3	0.19686443
1432	1440	4	0.19380853
1440	1432	4	0.19703399
1432	1439	0	0.19987537
1439	1432	0	0.19990125
1432	1439	1	0.19990803
1439	1432	1	0.19986719
1432	1439	2	0.20013496
1439	1432	2	0.20014025
1432	1439	3	0.20013495
1439	1432	3	0.20014025
1432	1439	4	0.20006448
1439	1432	4	0.20006797
1433	1440	0	0.19990401
1440	1433	0	0.19989046
1433	1440	1	0.19989729
1440	1433	1	0.19989745
1433	1440	2	0.20012008
1440	1433	2	0.20012516
1433	1440	3	0.20012009
1440	1433	3	0.20012516
1433	1440	4	0.20006831
1440	1433	4	0.20007214
1433	1439	0	0.19988137
1439	1433	0	0.19985415
1433	1439	1	0.19988209
1439	1433	1	0.19985333
1433	1439	2	0.2001596
1439	1433	2	0.20017703
1433	1439	3	0.2001596
1439	1433	3	0.20017704
1433	1439	4	0.2000524
1439	1433	4	0.2000604
1434	1441	0	0.20002045
1441	1434	0	0.20001371
1434	1441	1	0.2000206
1441	1434	1	0.2000136
1434	1441	2	0.19998398
1441	1434	2	0.1999839
1434	1441	3	0.19998398
1441	1434	3	0.1999839
1434	1441	4	0.20002528
1441	1434	4	0.20002192
1434	1442	0	0.20002164
1442	1434	0	0.20001222
1434	1442	1	0.20002227
1442	1434	1	0.2000117
1434	1442	2	0.19998804
1442	1434	2	0.19998777
1434	1442	3	0.19998804
1442	1434	3	0.19998777
1434	1442	4	0.20003036
1442	1434	4	0.200023
1434	1443	0	0.20002168
1443	1434	0	0.20001084
1434	1443	1	0.20001955
1443	1434	1	0.20001242
1434	1443	2	0.19999328
1443	1434	2	0.19999175
1434	1443	3	0.19999328
1443	1434	3	0.19999175
1434	1443	4	0.20003712
1443	1434	4	0.20002733
1435	1441	0	0.20001599
1441	1435	0	0.20001349
1435	1441	1	0.20001695
1441	1435	1	0.20001262
1435	1441	2	0.19997849
1441	1435	2	0.1999789
1435	1441	3	0.19997849
1441	1435	3	0.1999789
1435	1441	4	0.2000205
1441	1435	4	0.20001945
1435	1442	0	0.200018
1442	1435	0	0.2000121
1435	1442	1	0.2000179
1442	1435	1	0.20001219
1435	1442	2	0.19998309
1442	1435	2	0.19998327
1435	1442	3	0.19998309
1442	1435	3	0.19998327
1435	1442	4	0.20002227
1442	1435	4	0.20002005
1435	1443	0	0.20002137
1443	1435	0	0.20001414
1435	1443	1	0.20002317
1443	1435	1	0.20001274
1435	1443	2	0.1999891
1443	1435	2	0.19998871
1435	1443	3	0.19998908
1443	1435	3	0.19998871
1435	1443	4	0.20003206
1443	1435	4	0.20002532
1436	1441	0	0.20001289
1441	1436	0	0.20001201
1436	1441	1	0.20001338
1441	1436	1	0.20001158
1436	1441	2	0.19997731
1441	1436	2	0.19997647
1436	1441	3	0.19997731
1441	1436	3	0.19997647
1436	1441	4	0.20001641
1441	1436	4	0.20001501
1436	1442	0	0.20001765
1442	1436	0	0.20001167
1436	1442	1	0.20001565
1442	1436	1	0.20001347
1436	1442	2	0.1999779
1442	1436	2	0.19997837
1436	1442	3	0.1999779
1442	1436	3	0.19997837
1436	1442	4	0.20002005
1442	1436	4	0.20001839
1436	1443	0	0.20002006
1443	1436	0	0.20001315
1436	1443	1	0.20001963
1443	1436	1	0.2000135
1436	1443	2	0.19998415
1443	1436	2	0.19998404
1436	1443	3	0.19998415
1443	1436	3	0.19998404
1436	1443	4	0.20002548
1443	1436	4	0.20002234
1437	1441	0	0.20001368
1441	1437	0	0.20001644
1437	1441	1	0.20001331
1441	1437	1	0.20001687
1437	1441	2	0.19997904
1441	1437	2	0.19997856
1437	1441	3	0.19997902
1441	1437	3	0.19997858
1437	1441	4	0.20001985
1441	1437	4	0.20002066
1437	1442	0	0.20001476
1442	1437	0	0.20001484
1437	1442	1	0.2000151
1442	1437	1	0.20001447
1437	1442	2	0.19997698
1442	1437	2	0.19997682
1437	1442	3	0.19997698
1442	1437	3	0.19997682
1437	1442	4	0.20001833
1442	1437	4	0.20001806
1437	1443	0	0.2524403
1443	1437	0	0.1935035
1437	1443	1	0.18696718
1443	1437	1	0.22617412
1437	1443	2	0.18688205
1443	1437	2	0.19343379
1437	1443	3	0.18688205
1443	1437	3	0.19343379
1437	1443	4	0.18696138
1443	1437	4	0.19350144
1438	1441	0	0.20001285
1441	1438	0	0.20002009
1438	1441	1	0.20001285
1441	1438	1	0.20002007
1438	1441	2	0.19998354
1441	1438	2	0.1999838
1438	1441	3	0.19998355
1441	1438	3	0.1999838
1438	1441	4	0.20002158
1441	1438	4	0.20002541
1438	1442	0	0.2000137
1442	1438	0	0.20001788
1438	1442	1	0.20001413
1442	1438	1	0.20001738
1438	1442	2	0.19997916
1442	1438	2	0.19997872
1438	1442	3	0.19997916
1442	1438	3	0.19997874
1438	1442	4	0.20002015
1442	1438	4	0.20002148
1438	1443	0	0.2608336
1443	1438	0	0.19245453
1438	1443	1	0.18485868
1443	1438	1	0.23039459
1438	1443	2	0.18476945
1443	1438	2	0.19236998
1438	1443	3	0.18476947
1443	1438	3	0.19236997
1438	1443	4	0.18486126
1443	1438	4	0.19245489
1439	1444	0	0.2053
1444	1439	0	0.19932939
1439	1444	1	0.19865833
1444	1439	1	0.20267186
1439	1444	2	0.19867474
1444	1439	2	0.19934066
1439	1444	3	0.19867474
1444	1439	3	0.19934067
1439	1444	4	0.19865623
1444	1439	4	0.19932495
1439	1445	0	0.19999819
1445	1439	0	0.2000014
1439	1445	1	0.19999813
1445	1439	1	0.20000145
1439	1445	2	0.1999987
1445	1439	2	0.20000161
1439	1445	3	0.1999987
1445	1439	3	0.20000161
1439	1445	4	0.19999997
1445	1439	4	0.2000027
1440	1444	0	0.19999999
1444	1440	0	0.19999987
1440	1444	1	0.19999997
1444	1440	1	0.19999988
1440	1444	2	0.20000009
1444	1440	2	0.19999994
1440	1444	3	0.20000009
1444	1440	3	0.19999996
1440	1444	4	0.19999985
1444	1440	4	0.19999976
1440	1445	0	0.19999936
1445	1440	0	0.20000096
1440	1445	1	0.19999935
1445	1440	1	0.20000096
1440	1445	2	0.19999886
1445	1440	2	0.2000003
1440	1445	3	0.19999884
1445	1440	3	0.2000003
1440	1445	4	0.2
1445	1440	4	0.20000172
1450	1457	0	0.2000026
1457	1450	0	0.20000067
1450	1457	1	0.20000271
1457	1450	1	0.20000058
1450	1457	2	0.1999876
1457	1450	2	0.19998986
1450	1457	3	0.1999876
1457	1450	3	0.19998986
1450	1457	4	0.20000203
1457	1450	4	0.20000225
1450	1458	0	0.2000069
1458	1450	0	0.20000136
1450	1458	1	0.20000696
1458	1450	1	0.20000133
1450	1458	2	0.19998436
1458	1450	2	0.19998708
1450	1458	3	0.19998436
1458	1450	3	0.19998708
1450	1458	4	0.20000638
1458	1450	4	0.20000558
1451	1457	0	0.19999826
1457	1451	0	0.19999883
1451	1457	1	0.19999844
1457	1451	1	0.19999865
1451	1457	2	0.19999757
1457	1451	2	0.1999979
1451	1457	3	0.19999757
1457	1451	3	0.1999979
1451	1457	4	0.1999968
1457	1451	4	0.19999786
1451	1458	0	0.19442168
1458	1451	0	0.21117789
1451	1458	1	0.22236729
1458	1451	1	0.1972137
1451	1458	2	0.19439465
1458	1451	2	0.19719316
1451	1458	3	0.19439466
1458	1451	3	0.19719315
1451	1458	4	0.19442502
1458	1451	4	0.19722138
1452	1457	0	0.19999748
1457	1452	0	0.19999781
1452	1457	1	0.19999751
1457	1452	1	0.19999778
1452	1457	2	0.19999927
1457	1452	2	0.19999947
1452	1457	3	0.19999929
1457	1452	3	0.19999945
1452	1457	4	0.1999965
1457	1452	4	0.1999968
1452	1458	0	0.19999862
1458	1452	0	0.19999886
1452	1458	1	0.19999863
1458	1452	1	0.19999886
1452	1458	2	0.19999677
1458	1452	2	0.19999725
1452	1458	3	0.19999675
1458	1452	3	0.19999725
1452	1458	4	0.19999717
1458	1452	4	0.19999811
1453	1457	0	0.1948852
1457	1453	0	0.21023242
1453	1457	1	0.22046636
1457	1453	1	0.19744402
1453	1457	2	0.19487081
1457	1453	2	0.19742863
1453	1457	3	0.19487081
1457	1453	3	0.19742863
1453	1457	4	0.1948841
1457	1453	4	0.19744249
1453	1458	0	0.18261224
1458	1453	0	0.23478214
1453	1458	1	0.26957598
1458	1453	1	0.19130975
1453	1458	2	0.18259452
1458	1453	2	0.19129153
1453	1458	3	0.18259452
1458	1453	3	0.19129153
1453	1458	4	0.18261412
1458	1453	4	0.19131263
1454	1457	0	0.19698133
1457	1454	0	0.20605078
1454	1457	1	0.21209605
1457	1454	1	0.19849622
1454	1457	2	0.19696084
1457	1454	2	0.19847131
1454	1457	3	0.19696084
1457	1454	3	0.19847132
1454	1457	4	0.19698265
1457	1454	4	0.19849424
1454	1458	0	0.18696642
1458	1454	0	0.22607031
1454	1458	1	0.25215414
1458	1454	1	0.19348723
1454	1458	2	0.18695079
1458	1454	2	0.19346973
1454	1458	3	0.18695079
1458	1454	3	0.19346973
1454	1458	4	0.1869674
1458	1454	4	0.19348776
1455	1459	0	0.18057334
1459	1455	0	0.23884709
1455	1459	1	0.2776877
1459	1455	1	0.19028434
1455	1459	2	0.18058178
1459	1455	2	0.19029184
1455	1459	3	0.1805818
1459	1455	3	0.19029185
1455	1459	4	0.18056707
1459	1455	4	0.19027719
1455	1460	0	0.1831913
1460	1455	0	0.23361102
1455	1460	1	0.26721546
1460	1455	1	0.19159363
1455	1460	2	0.18319926
1460	1455	2	0.19159958
1455	1460	3	0.18319926
1460	1455	3	0.1915996
1455	1460	4	0.18318257
1460	1455	4	0.19158453
1455	1461	0	0.18068542
1461	1455	0	0.23862877
1455	1461	1	0.2772487
1461	1455	1	0.19034287
1455	1461	2	0.18068689
1461	1455	2	0.19034362
1455	1461	3	0.1806869
1461	1455	3	0.19034362
1455	1461	4	0.1806733
1461	1455	4	0.19033255
1456	1459	0	0.18046397
1459	1456	0	0.23907013
1456	1459	1	0.278138
1459	1456	1	0.19023007
1456	1459	2	0.1804682
1459	1456	2	0.19023438
1456	1459	3	0.18046819
1459	1456	3	0.19023438
1456	1459	4	0.18045834
1459	1456	4	0.19022414
1456	1460	0	0.18308024
1460	1456	0	0.23383625
1456	1460	1	0.26766643
1460	1456	1	0.19153789
1456	1460	2	0.18308604
1460	1456	2	0.19154245
1456	1460	3	0.18308604
1460	1456	3	0.19154245
1456	1460	4	0.18307395
1460	1456	4	0.19153106
1456	1461	0	0.1805725
1461	1456	0	0.23885475
1456	1461	1	0.2777001
1461	1456	1	0.19028562
1456	1461	2	0.18057555
1461	1456	2	0.19028732
1456	1461	3	0.18057555
1461	1456	3	0.19028732
1456	1461	4	0.1805636
1461	1456	4	0.19027703
1457	1462	0	0.20000146
1462	1457	0	0.20000082
1457	1462	1	0.20000136
1462	1457	1	0.20000093
1457	1462	2	0.19998921
1462	1457	2	0.19998899
1457	1462	3	0.19998923
1462	1457	3	0.199989
1457	1462	4	0.20000052
1462	1457	4	0.20000002
1457	1463	0	0.20000282
1463	1457	0	0.20000198
1457	1463	1	0.2000026
1463	1457	1	0.20000218
1457	1463	2	0.19998603
1463	1457	2	0.19998683
1457	1463	3	0.19998601
1463	1457	3	0.19998685
1457	1463	4	0.20000178
1463	1457	4	0.20000233
1457	1464	0	0.20000647
1464	1457	0	0.20000239
1457	1464	1	0.20000634
1464	1457	1	0.20000249
1457	1464	2	0.19998305
1464	1457	2	0.19998418
1457	1464	3	0.19998306
1464	1457	3	0.19998416
1457	1464	4	0.20000485
1464	1457	4	0.20000477
1457	1465	0	0.20000896
1465	1457	0	0.20000377
1457	1465	1	0.20000869
1465	1457	1	0.20000398
1457	1465	2	0.19998254
1465	1457	2	0.19998457
1457	1465	3	0.19998254
1465	1457	3	0.19998455
1457	1465	4	0.20001051
1465	1457	4	0.2000095
1457	1466	0	0.2000152
1466	1457	0	0.20000772
1457	1466	1	0.20001529
1466	1457	1	0.20000765
1457	1466	2	0.19998729
1466	1457	2	0.19998787
1457	1466	3	0.19998728
1466	1457	3	0.19998787
1457	1466	4	0.20002311
1466	1457	4	0.20001945
1458	1462	0	0.20000012
1462	1458	0	0.20000075
1458	1462	1	0.20000003
1462	1458	1	0.20000084
1458	1462	2	0.19999248
1462	1458	2	0.19999205
1458	1462	3	0.1999925
1462	1458	3	0.19999203
1458	1462	4	0.19999975
1462	1458	4	0.1999989
1458	1463	0	0.19999993
1463	1458	0	0.19999981
1458	1463	1	0.20000008
1463	1458	1	0.19999968
1458	1463	2	0.1999934
1463	1458	2	0.19999325
1458	1463	3	0.1999934
1463	1458	3	0.19999327
1458	1463	4	0.19999887
1463	1458	4	0.19999865
1458	1464	0	0.20000145
1464	1458	0	0.20000048
1458	1464	1	0.20000151
1464	1458	1	0.2000004
1458	1464	2	0.19999029
1464	1458	2	0.19999072
1458	1464	3	0.19999027
1464	1458	3	0.19999072
1458	1464	4	0.19999962
1464	1458	4	0.20000039
1458	1465	0	0.20000741
1465	1458	0	0.20000346
1458	1465	1	0.20000778
1465	1458	1	0.20000315
1458	1465	2	0.19998147
1465	1458	2	0.1999826
1458	1465	3	0.19998147
1465	1458	3	0.19998261
1458	1465	4	0.2000066
1465	1458	4	0.20000625
1458	1466	0	0.2000093
1466	1458	0	0.20000358
1458	1466	1	0.20000966
1466	1458	1	0.20000333
1458	1466	2	0.19998269
1466	1458	2	0.19998421
1458	1466	3	0.19998269
1466	1458	3	0.19998421
1458	1466	4	0.20001027
1466	1458	4	0.20000865
1459	1472	0	0.19983284
1472	1459	0	0.19991693
1459	1472	1	0.19982776
1472	1459	1	0.19992018
1459	1472	2	0.20018642
1472	1459	2	0.2001316
1459	1472	3	0.20018642
1472	1459	3	0.2001316
1459	1472	4	0.2000399
1472	1459	4	0.20001794
1459	1467	0	0.1999883
1467	1459	0	0.19997607
1459	1467	1	0.1999754
1467	1459	1	0.1999879
1459	1467	2	0.20003957
1467	1459	2	0.20003368
1459	1467	3	0.20003957
1467	1459	3	0.2000337
1459	1467	4	0.20007195
1467	1459	4	0.20006283
1459	1468	0	0.19994986
1468	1459	0	0.19996458
1459	1468	1	0.19995722
1468	1459	1	0.19995849
1459	1468	2	0.20006658
1468	1459	2	0.20005116
1459	1468	3	0.20006658
1468	1459	3	0.20005116
1459	1468	4	0.20006905
1468	1459	4	0.20005217
1459	1469	0	0.1999374
1469	1459	0	0.19995672
1459	1469	1	0.19994304
1469	1459	1	0.19995242
1459	1469	2	0.2000781
1469	1459	2	0.20005575
1459	1469	3	0.2000781
1469	1459	3	0.20005575
1459	1469	4	0.20006618
1469	1459	4	0.20004338
1459	1470	0	0.19991922
1470	1459	0	0.19994643
1459	1470	1	0.19992064
1470	1459	1	0.19994543
1459	1470	2	0.20009892
1470	1459	2	0.20006877
1459	1470	3	0.20009892
1470	1459	3	0.20006877
1459	1470	4	0.2000604
1470	1459	4	0.20003492
1459	1471	0	0.19988261
1471	1459	0	0.19993411
1459	1471	1	0.19988431
1471	1459	1	0.19993287
1459	1471	2	0.20013607
1471	1459	2	0.20009623
1459	1471	3	0.20013607
1471	1459	3	0.20009623
1459	1471	4	0.20005198
1471	1459	4	0.20002739
1460	1472	0	0.19986849
1472	1460	0	0.19992676
1460	1472	1	0.1998688
1472	1460	1	0.19992653
1460	1472	2	0.20015249
1472	1460	2	0.20010993
1460	1472	3	0.20015249
1472	1460	3	0.20010991
1460	1472	4	0.20005015
1472	1460	4	0.20002499
1460	1467	0	0.1999784
1467	1460	0	0.19997627
1460	1467	1	0.19997597
1467	1460	1	0.19997863
1460	1467	2	0.20004247
1467	1460	2	0.20004258
1460	1467	3	0.20004247
1467	1460	3	0.20004258
1460	1467	4	0.20006628
1467	1460	4	0.20006658
1460	1468	0	0.19998285
1468	1460	0	0.19998096
1460	1468	1	0.19998054
1468	1460	1	0.19998305
1460	1468	2	0.2000403
1468	1460	2	0.20003438
1460	1468	3	0.2000403
1468	1460	3	0.20003438
1460	1468	4	0.2000704
1468	1460	4	0.20006153
1460	1469	0	0.19996682
1469	1460	0	0.19995843
1460	1469	1	0.19995071
1469	1460	1	0.19997188
1460	1469	2	0.20006162
1469	1460	2	0.200047
1460	1469	3	0.20006163
1469	1460	3	0.20004699
1460	1469	4	0.2000691
1469	1460	4	0.20005214
1460	1470	0	0.19994785
1470	1460	0	0.19995484
1460	1470	1	0.19994153
1470	1460	1	0.19995975
1460	1470	2	0.20007433
1470	1460	2	0.20005259
1460	1470	3	0.20007433
1470	1460	3	0.20005259
1460	1470	4	0.20006667
1470	1460	4	0.20004356
1460	1471	0	0.19990782
1471	1460	0	0.19994628
1460	1471	1	0.19991823
1471	1460	1	0.1999389
1460	1471	2	0.20010574
1471	1460	2	0.20007516
1460	1471	3	0.20010574
1471	1460	3	0.20007516
1460	1471	4	0.20005795
1471	1460	4	0.2000339
1461	1472	0	0.19991542
1472	1461	0	0.19993508
1461	1472	1	0.1999027
1472	1461	1	0.19994411
1461	1472	2	0.20010854
1472	1461	2	0.2000766
1461	1472	3	0.20010854
1472	1461	3	0.2000766
1461	1472	4	0.20006377
1472	1461	4	0.20003738
1461	1467	0	0.19998208
1467	1461	0	0.19996694
1461	1467	1	0.19996902
1467	1461	1	0.19998123
1461	1467	2	0.20004016
1467	1461	2	0.20004684
1461	1467	3	0.20004016
1467	1461	3	0.20004684
1461	1467	4	0.20006144
1467	1461	4	0.20007047
1461	1468	0	0.19997604
1468	1461	0	0.19999003
1461	1468	1	0.19998924
1468	1461	1	0.19997685
1461	1468	2	0.20003647
1468	1461	2	0.20003663
1461	1468	3	0.20003644
1468	1461	3	0.20003663
1461	1468	4	0.20006746
1468	1461	4	0.20006825
1461	1469	0	0.19998625
1469	1461	0	0.19998273
1461	1469	1	0.19998261
1469	1461	1	0.19998607
1461	1469	2	0.20003805
1469	1461	2	0.20003243
1461	1469	3	0.20003805
1469	1461	3	0.20003243
1461	1469	4	0.20006894
1469	1461	4	0.2000603
1461	1470	0	0.19996649
1470	1461	0	0.19997776
1461	1470	1	0.19997638
1470	1461	1	0.19996946
1461	1470	2	0.20004931
1470	1461	2	0.20003675
1461	1470	3	0.20004933
1470	1461	3	0.20003675
1461	1470	4	0.20007537
1470	1461	4	0.20005725
1461	1471	0	0.19993883
1471	1461	0	0.19995177
1461	1471	1	0.19993636
1471	1461	1	0.19995369
1461	1471	2	0.20008014
1471	1461	2	0.20005712
1461	1471	3	0.20008014
1471	1461	3	0.20005712
1461	1471	4	0.20006883
1471	1461	4	0.20004547
1473	1475	0	0.19999948
1475	1473	0	0.20000052
1473	1475	1	0.19999948
1475	1473	1	0.20000052
1473	1475	2	0.1999995
1475	1473	2	0.20000054
1473	1475	3	0.1999995
1475	1473	3	0.20000054
1473	1475	4	0.19999947
1475	1473	4	0.20000052
1474	1476	0	0.19999987
1476	1474	0	0.20000012
1474	1476	1	0.19999988
1476	1474	1	0.20000012
1474	1476	2	0.19999987
1476	1474	2	0.20000009
1474	1476	3	0.19999987
1476	1474	3	0.20000009
1474	1476	4	0.19999993
1476	1474	4	0.20000017
1474	1477	0	0.19999844
1477	1474	0	0.20000146
1474	1477	1	0.19999842
1477	1474	1	0.20000148
1474	1477	2	0.19999875
1477	1474	2	0.20000161
1474	1477	3	0.19999875
1477	1474	3	0.20000163
1474	1477	4	0.19999838
1477	1474	4	0.20000139
1475	1478	0	0.19999954
1478	1475	0	0.1999965
1475	1478	1	0.19999954
1478	1475	1	0.1999965
1475	1478	2	0.20000304
1478	1475	2	0.20000134
1475	1478	3	0.20000304
1478	1475	3	0.20000134
1475	1478	4	0.1999992
1478	1475	4	0.19999667
1475	1479	0	0.19999889
1479	1475	0	0.19999911
1475	1479	1	0.19999889
1479	1475	1	0.1999991
1475	1479	2	0.20000185
1479	1475	2	0.200002
1475	1479	3	0.20000185
1479	1475	3	0.200002
1475	1479	4	0.19999886
1479	1475	4	0.1999991
1475	1480	0	0.19999798
1480	1475	0	0.19999893
1475	1480	1	0.19999798
1480	1475	1	0.19999893
1475	1480	2	0.20000154
1480	1475	2	0.20000167
1475	1480	3	0.20000154
1480	1475	3	0.20000167
1475	1480	4	0.19999798
1480	1475	4	0.19999848
1475	1481	0	0.19999619
1481	1475	0	0.19999954
1475	1481	1	0.19999613
1481	1475	1	0.19999957
1475	1481	2	0.20000114
1481	1475	2	0.20000231
1475	1481	3	0.20000114
1481	1475	3	0.2000023
1475	1481	4	0.19999611
1481	1475	4	0.19999851
1475	1482	0	0.1999941
1482	1475	0	0.19999991
1475	1482	1	0.1999941
1482	1475	1	0.19999991
1475	1482	2	0.20000075
1482	1475	2	0.20000347
1475	1482	3	0.20000075
1482	1475	3	0.20000347
1475	1482	4	0.19999379
1482	1475	4	0.19999783
1476	1483	0	0.20001967
1483	1476	0	0.2000202
1476	1483	1	0.2000227
1483	1476	1	0.2000173
1476	1483	2	0.19999234
1483	1476	2	0.19999218
1476	1483	3	0.19999234
1483	1476	3	0.19999218
1476	1483	4	0.20005159
1483	1476	4	0.20004894
1476	1484	0	0.20002152
1484	1476	0	0.20001423
1476	1484	1	0.20002104
1484	1476	1	0.20001467
1476	1484	2	0.19999698
1484	1476	2	0.19999495
1476	1484	3	0.19999698
1484	1476	3	0.19999494
1476	1484	4	0.2000565
1484	1476	4	0.20004624
1476	1485	0	0.18840355
1485	1476	0	0.22331634
1476	1485	1	0.24681765
1485	1476	1	0.19426167
1476	1485	2	0.1883088
1485	1476	2	0.19416605
1476	1485	3	0.1883088
1485	1476	3	0.19416605
1476	1485	4	0.18834691
1485	1476	4	0.19421235
1476	1486	0	0.20000876
1486	1476	0	0.20000257
1476	1486	1	0.20001362
1486	1476	1	0.19999829
1476	1486	2	0.20001437
1486	1476	2	0.20000662
1476	1486	3	0.20001437
1486	1476	3	0.20000662
1476	1486	4	0.20005865
1486	1476	4	0.2000373
1476	1487	0	0.19997963
1487	1476	0	0.19998084
1476	1487	1	0.19998468
1487	1476	1	0.19997711
1476	1487	2	0.20004207
1487	1476	2	0.20002542
1476	1487	3	0.20004207
1487	1476	3	0.20002542
1476	1487	4	0.20005728
1487	1476	4	0.2000315
1476	1488	0	0.19996892
1488	1476	0	0.19996391
1476	1488	1	0.19995794
1488	1476	1	0.19997153
1476	1488	2	0.20005912
1488	1476	2	0.20003638
1476	1488	3	0.20005912
1488	1476	3	0.20003639
1476	1488	4	0.20005383
1488	1476	4	0.20002614
1477	1483	0	0.20002042
1483	1477	0	0.20001936
1477	1483	1	0.20001702
1483	1477	1	0.200023
1477	1483	2	0.199991
1483	1477	2	0.19999143
1477	1483	3	0.19999099
1483	1477	3	0.19999143
1477	1483	4	0.2000495
1483	1477	4	0.20005272
1477	1484	0	0.20001926
1484	1477	0	0.20002137
1477	1484	1	0.200024
1484	1477	1	0.20001692
1477	1484	2	0.19999342
1484	1477	2	0.1999928
1477	1484	3	0.19999342
1484	1477	3	0.1999928
1477	1484	4	0.20005493
1484	1477	4	0.20005143
1477	1485	0	0.18431607
1485	1477	0	0.2314872
1477	1485	1	0.26312482
1485	1477	1	0.19222784
1477	1485	2	0.18423396
1485	1477	2	0.19212629
1477	1485	3	0.18423396
1485	1477	3	0.19212629
1477	1485	4	0.18426424
1485	1477	4	0.1921801
1477	1486	0	0.20001394
1486	1477	0	0.20000651
1477	1486	1	0.20001647
1486	1477	1	0.20000428
1477	1486	2	0.20000927
1486	1477	2	0.20000395
1477	1486	3	0.20000927
1486	1477	3	0.20000395
1477	1486	4	0.2000601
1486	1477	4	0.20004272
1477	1487	0	0.20000799
1487	1477	0	0.19999576
1477	1487	1	0.20000601
1487	1477	1	0.19999737
1477	1487	2	0.2000198
1487	1477	2	0.20001057
1477	1487	3	0.20001982
1487	1477	3	0.20001057
1477	1487	4	0.2000605
1487	1477	4	0.20003778
1477	1488	0	0.19998774
1488	1477	0	0.19998014
1477	1488	1	0.19998434
1488	1477	1	0.1999827
1477	1488	2	0.20003864
1488	1477	2	0.20002286
1477	1488	3	0.20003864
1488	1477	3	0.20002286
1477	1488	4	0.2000571
1488	1477	4	0.20003141
1478	1489	0	0.1997648
1489	1478	0	0.1998339
1478	1489	1	0.19976003
1489	1478	1	0.19983761
1478	1489	2	0.2002376
1489	1478	2	0.20020142
1478	1489	3	0.20023762
1489	1478	3	0.20020142
1478	1489	4	0.20007949
1489	1478	4	0.20006785
1478	1490	0	0.199746
1490	1478	0	0.1998215
1478	1490	1	0.19971809
1490	1478	1	0.19984165
1478	1490	2	0.2002352
1490	1478	2	0.20019156
1478	1490	3	0.2002352
1490	1478	3	0.20019154
1478	1490	4	0.2000843
1490	1478	4	0.20007014
1478	1491	0	0.1996568
1491	1478	0	0.19978553
1478	1491	1	0.19964507
1491	1478	1	0.19979338
1478	1491	2	0.20017087
1491	1478	2	0.20014398
1478	1491	3	0.20017087
1491	1478	3	0.20014398
1478	1491	4	0.20011044
1491	1478	4	0.20009919
1478	1492	0	0.19959971
1492	1478	0	0.19977535
1478	1492	1	0.19961855
1492	1478	1	0.19976358
1478	1492	2	0.20013137
1492	1478	2	0.20011142
1478	1492	3	0.20013139
1492	1478	3	0.2001114
1478	1492	4	0.20013198
1492	1478	4	0.20011522
1478	1493	0	0.19955662
1493	1478	0	0.1997455
1478	1493	1	0.19956669
1493	1478	1	0.19973958
1478	1493	2	0.20010811
1493	1478	2	0.20008998
1478	1493	3	0.20010811
1493	1478	3	0.20008998
1478	1493	4	0.20017141
1493	1478	4	0.20015419
1479	1489	0	0.19977222
1489	1479	0	0.19985436
1479	1489	1	0.19980936
1489	1479	1	0.1998228
1479	1489	2	0.20022686
1489	1479	2	0.20020194
1479	1489	3	0.20022687
1489	1479	3	0.20020194
1479	1489	4	0.20007445
1489	1479	4	0.2000668
1479	1490	0	0.19974652
1490	1479	0	0.19982937
1479	1490	1	0.19975151
1490	1479	1	0.19982544
1479	1490	2	0.20023301
1490	1479	2	0.20019957
1479	1490	3	0.200233
1490	1479	3	0.20019957
1479	1490	4	0.2000763
1490	1479	4	0.20006947
1479	1491	0	0.19971491
1491	1479	0	0.1998186
1479	1491	1	0.19971351
1491	1479	1	0.19981965
1479	1491	2	0.20023258
1491	1479	2	0.20019075
1479	1491	3	0.20023257
1491	1479	3	0.20019075
1479	1491	4	0.2000915
1491	1479	4	0.20007825
1479	1492	0	0.19969656
1492	1479	0	0.19980358
1479	1492	1	0.19967054
1492	1479	1	0.19982095
1479	1492	2	0.2001926
1492	1479	2	0.20015773
1479	1492	3	0.20019259
1492	1479	3	0.20015776
1479	1492	4	0.20009509
1492	1479	4	0.20008163
1479	1493	0	0.19962324
1493	1479	0	0.19977553
1479	1493	1	0.1996164
1493	1479	1	0.19977982
1479	1493	2	0.20013845
1493	1479	2	0.20011726
1479	1493	3	0.20013845
1493	1479	3	0.20011726
1479	1493	4	0.20012215
1493	1479	4	0.20010555
1480	1489	0	0.1998567
1489	1480	0	0.19984075
1480	1489	1	0.1998186
1489	1480	1	0.19987589
1480	1489	2	0.20018676
1489	1480	2	0.20017448
1480	1489	3	0.20018676
1489	1480	3	0.20017447
1480	1489	4	0.20007317
1489	1480	4	0.20006858
1480	1490	0	0.19977695
1490	1480	0	0.19982307
1480	1490	1	0.19977233
1490	1480	1	0.19982699
1480	1490	2	0.20024157
1490	1480	2	0.20021641
1480	1490	3	0.20024157
1490	1480	3	0.20021641
1480	1490	4	0.20007627
1490	1480	4	0.20006773
1480	1491	0	0.1997482
1491	1480	0	0.1998233
1480	1491	1	0.1997444
1491	1480	1	0.19982627
1480	1491	2	0.20024252
1491	1480	2	0.20020805
1480	1491	3	0.20024252
1491	1480	3	0.20020805
1480	1491	4	0.20007458
1491	1480	4	0.20006594
1480	1492	0	0.19971801
1492	1480	0	0.1998458
1480	1492	1	0.19975178
1492	1480	1	0.19982134
1480	1492	2	0.20022415
1492	1480	2	0.20018275
1480	1492	3	0.20022416
1492	1480	3	0.20018275
1480	1492	4	0.20008427
1492	1480	4	0.20007172
1480	1493	0	0.19968054
1493	1480	0	0.19980149
1480	1493	1	0.19966678
1493	1480	1	0.19981071
1480	1493	2	0.20019865
1493	1480	2	0.20016243
1480	1493	3	0.20019864
1493	1480	3	0.20016244
1480	1493	4	0.20009571
1493	1480	4	0.20008183
1481	1489	0	0.19982018
1489	1481	0	0.19984986
1481	1489	1	0.1998487
1489	1481	1	0.19982135
1481	1489	2	0.20019844
1489	1481	2	0.20019875
1481	1489	3	0.20019844
1489	1481	3	0.20019875
1481	1489	4	0.20007057
1489	1481	4	0.20007247
1481	1490	0	0.19981787
1490	1481	0	0.19988953
1481	1490	1	0.19987303
1490	1481	1	0.19983876
1481	1490	2	0.20017503
1490	1481	2	0.2001632
1481	1490	3	0.20017503
1490	1481	3	0.2001632
1481	1490	4	0.20007913
1490	1481	4	0.20007278
1481	1491	0	0.19982196
1491	1481	0	0.19984065
1481	1491	1	0.19979599
1491	1481	1	0.19986278
1481	1491	2	0.20021304
1491	1481	2	0.20018874
1481	1491	3	0.20021304
1491	1481	3	0.20018874
1481	1491	4	0.20007427
1491	1481	4	0.20006348
1481	1492	0	0.21916541
1492	1481	0	0.1976203
1481	1492	1	0.19516379
1492	1481	1	0.20917332
1481	1492	2	0.19518012
1492	1481	2	0.19766647
1481	1492	3	0.19518012
1492	1481	3	0.19766647
1481	1492	4	0.19534567
1492	1481	4	0.19778596
1481	1493	0	0.19970092
1493	1481	0	0.19980797
1481	1493	1	0.19969787
1493	1481	1	0.19981019
1481	1493	2	0.20021977
1493	1481	2	0.20018281
1481	1493	3	0.20021977
1493	1481	3	0.20018281
1481	1493	4	0.20009324
1493	1481	4	0.20008335
1482	1489	0	0.19985741
1489	1482	0	0.19980328
1482	1489	1	0.19982606
1489	1482	1	0.1998373
1482	1489	2	0.20019847
1489	1482	2	0.20021081
1482	1489	3	0.20019847
1489	1482	3	0.20021081
1482	1489	4	0.20006453
1489	1482	4	0.20007081
1482	1490	0	0.19982597
1490	1482	0	0.1998518
1482	1490	1	0.19985268
1490	1482	1	0.19982517
1482	1490	2	0.20019105
1490	1482	2	0.20019072
1482	1490	3	0.20019105
1490	1482	3	0.20019072
1482	1490	4	0.200077
1490	1482	4	0.20007549
1482	1491	0	0.19982237
1491	1482	0	0.19986795
1482	1491	1	0.19984952
1491	1482	1	0.19984286
1482	1491	2	0.2001905
1491	1482	2	0.20017856
1482	1491	3	0.20019048
1491	1482	3	0.20017858
1482	1491	4	0.20007427
1491	1482	4	0.20006768
1482	1492	0	0.19982556
1492	1482	0	0.19986092
1482	1492	1	0.19982089
1492	1482	1	0.19986492
1482	1492	2	0.20020002
1492	1482	2	0.20017664
1482	1492	3	0.20020002
1492	1482	3	0.20017664
1482	1492	4	0.20007083
1492	1482	4	0.20005964
1482	1493	0	0.1997572
1493	1482	0	0.1998323
1482	1493	1	0.199757
1493	1482	1	0.19983244
1482	1493	2	0.20023647
1493	1482	2	0.2002013
1482	1493	3	0.20023647
1493	1482	3	0.2002013
1482	1493	4	0.20007853
1493	1482	4	0.20006868
1184	1183	1	0.0
1202	1200	1	0.0
1246	1241	1	0.0
1293	1291	1	0.0
1229	1228	1	0.0
1270	1266	1	0.0
1328	1326	1	0.0
1363	1352	1	0.0
1368	1367	1	0.0
1393	1386	1	0.0
1410	1405	1	0.0
1433	1425	1	0.0
1445	1441	1	0.0
1471	1466	1	0.0
1444	1442	1	0.0
1427	1426	1	0.0
1247	1241	1	0.0
1185	1183	1	0.0
1271	1266	1	0.0
1329	1326	1	0.0
1203	1200	1	0.0
1230	1228	1	0.0
1364	1352	1	0.0
1472	1466	1	0.0
1411	1405	1	0.0
1369	1367	1	0.0
1492	1485	1	0.0
1394	1386	1	0.0
1248	1241	1	0.0
1428	1426	1	0.0
1389	1387	1	0.0
1468	1467	1	0.0
1445	1442	1	0.0
1269	1267	1	0.0
1204	1200	1	0.0
1231	1228	1	0.0
1185	1184	1	0.0
1293	1292	1	0.0
1358	1353	1	0.0
1328	1327	1	0.0
1249	1241	1	0.0
1369	1368	1	0.0
1412	1405	1	0.0
1390	1387	1	0.0
1493	1485	1	0.0
1429	1426	1	0.0
1469	1467	1	0.0
1444	1443	1	0.0
1270	1267	1	0.0
1295	1294	1	0.0
1186	1183	1	0.0
1359	1353	1	0.0
1205	1200	1	0.0
1246	1242	1	0.0
1230	1229	1	0.0
1430	1426	1	0.0
1329	1327	1	0.0
1391	1387	1	0.0
1370	1365	1	0.0
1470	1467	1	0.0
1413	1405	1	0.0
1489	1486	1	0.0
1271	1267	1	0.0
1445	1443	1	0.0
1296	1294	1	0.0
1187	1183	1	0.0
1360	1353	1	0.0
1231	1229	1	0.0
1206	1200	1	0.0
1392	1387	1	0.0
1471	1467	1	0.0
1297	1294	1	0.0
1371	1365	1	0.0
1247	1242	1	0.0
1414	1405	1	0.0
1329	1328	1	0.0
1490	1486	1	0.0
1431	1426	1	0.0
1269	1268	1	0.0
1445	1444	1	0.0
1361	1353	1	0.0
1188	1183	1	0.0
1296	1295	1	0.0
1393	1387	1	0.0
1231	1230	1	0.0
1472	1467	1	0.0
1202	1201	1	0.0
1248	1242	1	0.0
1372	1365	1	0.0
1330	1328	1	0.0
1410	1406	1	0.0
1491	1486	1	0.0
1432	1426	1	0.0
1270	1268	1	0.0
1447	1446	1	0.0
1297	1295	1	0.0
1189	1183	1	0.0
1362	1353	1	0.0
1469	1468	1	0.0
1232	1230	1	0.0
1394	1387	1	0.0
1331	1328	1	0.0
1249	1242	1	0.0
1203	1201	1	0.0
1433	1426	1	0.0
1492	1486	1	0.0
1370	1366	1	0.0
1271	1268	1	0.0
1411	1406	1	0.0
1297	1296	1	0.0
1448	1446	1	0.0
1232	1231	1	0.0
1190	1183	1	0.0
1363	1353	1	0.0
1470	1468	1	0.0
1330	1329	1	0.0
1389	1388	1	0.0
1246	1243	1	0.0
1428	1427	1	0.0
1204	1201	1	0.0
1449	1446	1	0.0
1493	1486	1	0.0
1371	1366	1	0.0
1298	1294	1	0.0
1270	1269	1	0.0
1412	1406	1	0.0
1471	1468	1	0.0
1233	1232	1	0.0
1331	1329	1	0.0
1364	1353	1	0.0
1186	1184	1	0.0
1390	1388	1	0.0
1429	1427	1	0.0
1247	1243	1	0.0
1205	1201	1	0.0
1448	1447	1	0.0
1299	1294	1	0.0
1489	1487	1	0.0
1472	1468	1	0.0
1187	1184	1	0.0
1271	1269	1	0.0
1372	1366	1	0.0
1234	1232	1	0.0
1331	1330	1	0.0
1413	1406	1	0.0
1391	1388	1	0.0
1358	1354	1	0.0
1300	1294	1	0.0
1449	1447	1	0.0
1430	1427	1	0.0
1248	1243	1	0.0
1206	1201	1	0.0
1470	1469	1	0.0
1490	1487	1	0.0
1188	1184	1	0.0
1332	1330	1	0.0
1235	1232	1	0.0
1271	1270	1	0.0
1370	1367	1	0.0
1414	1406	1	0.0
1359	1354	1	0.0
1392	1388	1	0.0
1298	1295	1	0.0
1449	1448	1	0.0
1431	1427	1	0.0
1203	1202	1	0.0
1249	1243	1	0.0
1471	1469	1	0.0
1189	1184	1	0.0
1332	1331	1	0.0
1236	1232	1	0.0
1272	1269	1	0.0
1371	1367	1	0.0
1360	1354	1	0.0
1410	1407	1	0.0
1299	1295	1	0.0
1393	1388	1	0.0
1451	1450	1	0.0
1246	1244	1	0.0
1204	1202	1	0.0
1432	1427	1	0.0
1491	1487	1	0.0
1190	1184	1	0.0
1472	1469	1	0.0
1333	1332	1	0.0
1237	1232	1	0.0
1273	1269	1	0.0
1372	1367	1	0.0
1411	1407	1	0.0
1361	1354	1	0.0
1300	1295	1	0.0
1394	1388	1	0.0
1205	1202	1	0.0
1452	1450	1	0.0
1247	1244	1	0.0
1186	1185	1	0.0
1433	1427	1	0.0
1334	1333	1	0.0
1492	1487	1	0.0
1238	1232	1	0.0
1471	1470	1	0.0
1272	1270	1	0.0
1362	1354	1	0.0
1412	1407	1	0.0
1370	1368	1	0.0
1298	1296	1	0.0
1390	1389	1	0.0
1248	1244	1	0.0
1206	1202	1	0.0
1453	1450	1	0.0
1187	1185	1	0.0
1429	1428	1	0.0
1493	1487	1	0.0
1335	1333	1	0.0
1234	1233	1	0.0
1273	1270	1	0.0
1472	1470	1	0.0
1371	1368	1	0.0
1413	1407	1	0.0
1363	1354	1	0.0
1299	1296	1	0.0
1249	1244	1	0.0
1391	1389	1	0.0
1188	1185	1	0.0
1204	1203	1	0.0
1454	1450	1	0.0
1335	1334	1	0.0
1489	1488	1	0.0
1430	1428	1	0.0
1235	1233	1	0.0
1372	1368	1	0.0
1272	1271	1	0.0
1414	1407	1	0.0
1472	1471	1	0.0
1364	1354	1	0.0
1300	1296	1	0.0
1246	1245	1	0.0
1189	1185	1	0.0
1392	1389	1	0.0
1205	1203	1	0.0
1452	1451	1	0.0
1490	1488	1	0.0
1337	1336	1	0.0
1431	1428	1	0.0
1236	1233	1	0.0
1273	1271	1	0.0
1358	1355	1	0.0
1298	1297	1	0.0
1474	1473	1	0.0
1370	1369	1	0.0
1410	1408	1	0.0
1247	1245	1	0.0
1190	1185	1	0.0
1393	1389	1	0.0
1206	1203	1	0.0
1491	1488	1	0.0
1338	1336	1	0.0
1237	1233	1	0.0
1453	1451	1	0.0
1432	1428	1	0.0
1359	1355	1	0.0
1273	1272	1	0.0
1299	1297	1	0.0
1411	1408	1	0.0
1371	1369	1	0.0
1248	1245	1	0.0
1187	1186	1	0.0
1394	1389	1	0.0
1475	1474	1	0.0
1205	1204	1	0.0
1492	1488	1	0.0
1338	1337	1	0.0
1238	1233	1	0.0
1454	1451	1	0.0
1433	1428	1	0.0
1360	1355	1	0.0
1274	1272	1	0.0
1300	1297	1	0.0
1412	1408	1	0.0
1372	1369	1	0.0
1249	1245	1	0.0
1188	1186	1	0.0
1391	1390	1	0.0
1206	1204	1	0.0
1476	1475	1	0.0
1493	1488	1	0.0
1339	1336	1	0.0
1235	1234	1	0.0
1453	1452	1	0.0
1430	1429	1	0.0
1275	1272	1	0.0
1361	1355	1	0.0
1299	1298	1	0.0
1413	1408	1	0.0
1371	1370	1	0.0
1247	1246	1	0.0
1189	1186	1	0.0
1392	1390	1	0.0
1206	1205	1	0.0
1490	1489	1	0.0
1477	1475	1	0.0
1340	1336	1	0.0
1236	1234	1	0.0
1454	1452	1	0.0
1276	1272	1	0.0
1300	1298	1	0.0
1362	1355	1	0.0
1414	1408	1	0.0
1372	1370	1	0.0
1431	1429	1	0.0
1190	1186	1	0.0
1248	1246	1	0.0
1393	1390	1	0.0
1491	1489	1	0.0
1207	1202	1	0.0
1339	1337	1	0.0
1237	1234	1	0.0
1477	1476	1	0.0
1454	1453	1	0.0
1372	1371	1	0.0
1410	1409	1	0.0
1277	1272	1	0.0
1363	1355	1	0.0
1300	1299	1	0.0
1432	1429	1	0.0
1188	1187	1	0.0
1249	1246	1	0.0
1394	1390	1	0.0
1492	1489	1	0.0
1208	1202	1	0.0
1340	1337	1	0.0
1238	1234	1	0.0
1478	1476	1	0.0
1455	1450	1	0.0
1373	1370	1	0.0
1411	1409	1	0.0
1278	1272	1	0.0
1364	1355	1	0.0
1301	1298	1	0.0
1433	1429	1	0.0
1189	1187	1	0.0
1392	1391	1	0.0
1248	1247	1	0.0
1493	1489	1	0.0
1209	1202	1	0.0
1339	1338	1	0.0
1236	1235	1	0.0
1479	1476	1	0.0
1456	1450	1	0.0
1374	1370	1	0.0
1412	1409	1	0.0
1274	1273	1	0.0
1358	1356	1	0.0
1302	1298	1	0.0
1431	1430	1	0.0
1393	1391	1	0.0
1190	1187	1	0.0
1249	1247	1	0.0
1491	1490	1	0.0
1210	1202	1	0.0
1207	1203	1	0.0
1340	1338	1	0.0
1492	1490	1	0.0
1237	1235	1	0.0
1375	1370	1	0.0
1413	1409	1	0.0
1208	1203	1	0.0
1493	1490	1	0.0
1340	1339	1	0.0
1275	1273	1	0.0
1359	1356	1	0.0
1303	1298	1	0.0
1376	1370	1	0.0
1238	1235	1	0.0
1414	1409	1	0.0
1209	1203	1	0.0
1249	1248	1	0.0
1492	1491	1	0.0
1480	1476	1	0.0
1304	1298	1	0.0
1394	1391	1	0.0
1360	1356	1	0.0
1373	1371	1	0.0
1276	1273	1	0.0
1189	1188	1	0.0
1342	1341	1	0.0
1455	1451	1	0.0
1411	1410	1	0.0
1210	1203	1	0.0
1432	1430	1	0.0
1237	1236	1	0.0
1493	1491	1	0.0
1250	1246	1	0.0
1305	1298	1	0.0
1393	1392	1	0.0
1361	1356	1	0.0
1190	1188	1	0.0
1374	1371	1	0.0
1343	1341	1	0.0
1412	1410	1	0.0
1277	1273	1	0.0
1207	1204	1	0.0
1238	1236	1	0.0
1481	1476	1	0.0
1456	1451	1	0.0
1251	1246	1	0.0
1433	1430	1	0.0
1362	1356	1	0.0
1306	1298	1	0.0
1493	1492	1	0.0
1190	1189	1	0.0
1344	1341	1	0.0
1375	1371	1	0.0
1394	1392	1	0.0
1413	1410	1	0.0
1208	1204	1	0.0
1238	1237	1	0.0
1278	1273	1	0.0
1250	1247	1	0.0
1482	1476	1	0.0
1301	1299	1	0.0
1455	1452	1	0.0
1363	1356	1	0.0
1191	1186	1	0.0
1376	1371	1	0.0
1343	1342	1	0.0
1394	1393	1	0.0
1414	1410	1	0.0
1209	1204	1	0.0
1251	1247	1	0.0
1275	1274	1	0.0
1302	1299	1	0.0
1239	1233	1	0.0
1364	1356	1	0.0
1432	1431	1	0.0
1192	1186	1	0.0
1395	1389	1	0.0
1478	1477	1	0.0
1373	1372	1	0.0
1210	1204	1	0.0
1412	1411	1	0.0
1344	1342	1	0.0
1276	1274	1	0.0
1240	1233	1	0.0
1303	1299	1	0.0
1358	1357	1	0.0
1250	1248	1	0.0
1456	1452	1	0.0
1193	1186	1	0.0
1396	1389	1	0.0
1374	1372	1	0.0
1433	1431	1	0.0
1413	1411	1	0.0
1207	1205	1	0.0
1344	1343	1	0.0
1241	1233	1	0.0
1251	1248	1	0.0
1304	1299	1	0.0
1277	1274	1	0.0
1359	1357	1	0.0
1194	1186	1	0.0
1395	1390	1	0.0
1375	1372	1	0.0
1479	1477	1	0.0
1242	1233	1	0.0
1208	1205	1	0.0
1414	1411	1	0.0
1455	1453	1	0.0
1250	1249	1	0.0
1346	1345	1	0.0
1305	1299	1	0.0
1360	1357	1	0.0
1278	1274	1	0.0
1195	1186	1	0.0
1396	1390	1	0.0
1376	1372	1	0.0
1433	1432	1	0.0
1243	1233	1	0.0
1413	1412	1	0.0
1209	1205	1	0.0
1480	1477	1	0.0
1361	1357	1	0.0
1251	1249	1	0.0
1196	1186	1	0.0
1347	1345	1	0.0
1395	1391	1	0.0
1244	1233	1	0.0
1374	1373	1	0.0
1276	1275	1	0.0
1306	1299	1	0.0
1210	1205	1	0.0
1414	1412	1	0.0
1456	1453	1	0.0
1434	1426	1	0.0
1362	1357	1	0.0
1481	1477	1	0.0
1348	1345	1	0.0
1375	1373	1	0.0
1301	1300	1	0.0
1277	1275	1	0.0
1396	1391	1	0.0
1191	1187	1	0.0
1207	1206	1	0.0
1414	1413	1	0.0
1245	1233	1	0.0
1251	1250	1	0.0
1363	1357	1	0.0
1455	1454	1	0.0
1435	1426	1	0.0
1347	1346	1	0.0
1376	1373	1	0.0
1482	1477	1	0.0
1278	1275	1	0.0
1208	1206	1	0.0
1395	1392	1	0.0
1239	1234	1	0.0
1192	1187	1	0.0
1302	1300	1	0.0
1252	1250	1	0.0
1415	1410	1	0.0
1364	1357	1	0.0
1348	1346	1	0.0
1375	1374	1	0.0
1456	1454	1	0.0
1436	1426	1	0.0
1209	1206	1	0.0
1277	1276	1	0.0
1303	1300	1	0.0
1396	1392	1	0.0
1240	1234	1	0.0
1193	1187	1	0.0
1253	1250	1	0.0
1415	1411	1	0.0
1359	1358	1	0.0
1376	1374	1	0.0
1348	1347	1	0.0
1479	1478	1	0.0
1210	1206	1	0.0
1241	1234	1	0.0
1395	1393	1	0.0
1278	1276	1	0.0
1194	1187	1	0.0
1415	1412	1	0.0
1254	1250	1	0.0
1304	1300	1	0.0
1360	1358	1	0.0
1376	1375	1	0.0
1208	1207	1	0.0
1350	1349	1	0.0
1456	1455	1	0.0
1437	1426	1	0.0
1480	1478	1	0.0
1242	1234	1	0.0
1396	1393	1	0.0
1415	1413	1	0.0
1195	1187	1	0.0
1252	1251	1	0.0
1278	1277	1	0.0
1305	1300	1	0.0
1361	1358	1	0.0
1351	1349	1	0.0
1377	1373	1	0.0
1209	1207	1	0.0
1243	1234	1	0.0
1438	1426	1	0.0
1196	1187	1	0.0
1395	1394	1	0.0
1415	1414	1	0.0
1253	1251	1	0.0
1306	1300	1	0.0
1457	1455	1	0.0
1279	1274	1	0.0
1481	1478	1	0.0
1352	1349	1	0.0
1244	1234	1	0.0
1378	1373	1	0.0
1362	1358	1	0.0
1210	1207	1	0.0
1191	1188	1	0.0
1416	1415	1	0.0
1396	1394	1	0.0
1302	1301	1	0.0
1254	1251	1	0.0
1434	1427	1	0.0
1280	1274	1	0.0
1353	1349	1	0.0
1482	1478	1	0.0
1245	1234	1	0.0
1377	1374	1	0.0
1209	1208	1	0.0
1363	1358	1	0.0
1417	1415	1	0.0
1192	1188	1	0.0
1458	1455	1	0.0
1253	1252	1	0.0
1396	1395	1	0.0
1303	1301	1	0.0
1354	1349	1	0.0
1281	1274	1	0.0
1239	1235	1	0.0
1378	1374	1	0.0
1435	1427	1	0.0
1210	1208	1	0.0
1480	1479	1	0.0
1304	1301	1	0.0
1364	1358	1	0.0
1418	1415	1	0.0
1193	1188	1	0.0
1397	1395	1	0.0
1254	1252	1	0.0
1279	1275	1	0.0
1355	1349	1	0.0
1377	1375	1	0.0
1210	1209	1	0.0
1240	1235	1	0.0
1457	1456	1	0.0
1305	1301	1	0.0
1360	1359	1	0.0
1436	1427	1	0.0
1194	1188	1	0.0
1398	1395	1	0.0
1254	1253	1	0.0
1419	1415	1	0.0
1481	1479	1	0.0
1280	1275	1	0.0
1211	1207	1	0.0
1378	1375	1	0.0
1356	1349	1	0.0
1241	1235	1	0.0
1361	1359	1	0.0
1306	1301	1	0.0
1195	1188	1	0.0
1255	1252	1	0.0
1399	1395	1	0.0
1417	1416	1	0.0
1458	1456	1	0.0
1281	1275	1	0.0
1211	1208	1	0.0
1437	1427	1	0.0
1242	1235	1	0.0
1377	1376	1	0.0
1357	1349	1	0.0
1362	1359	1	0.0
1303	1302	1	0.0
1196	1188	1	0.0
1256	1252	1	0.0
1482	1479	1	0.0
1418	1416	1	0.0
1400	1395	1	0.0
1279	1276	1	0.0
1211	1209	1	0.0
1458	1457	1	0.0
1378	1376	1	0.0
1304	1302	1	0.0
1363	1359	1	0.0
1351	1350	1	0.0
1257	1252	1	0.0
1191	1189	1	0.0
1419	1416	1	0.0
1243	1235	1	0.0
1401	1395	1	0.0
1280	1276	1	0.0
1211	1210	1	0.0
1438	1427	1	0.0
1378	1377	1	0.0
1481	1480	1	0.0
1305	1302	1	0.0
1364	1359	1	0.0
1352	1350	1	0.0
1459	1457	1	0.0
1255	1253	1	0.0
1420	1416	1	0.0
1281	1276	1	0.0
1402	1395	1	0.0
1379	1377	1	0.0
1244	1235	1	0.0
1192	1189	1	0.0
1306	1302	1	0.0
1353	1350	1	0.0
1361	1360	1	0.0
1213	1212	1	0.0
1482	1480	1	0.0
1434	1428	1	0.0
1421	1416	1	0.0
1256	1253	1	0.0
1460	1457	1	0.0
1279	1277	1	0.0
1380	1377	1	0.0
1193	1189	1	0.0
1397	1396	1	0.0
1245	1235	1	0.0
1304	1303	1	0.0
1362	1360	1	0.0
1214	1212	1	0.0
1354	1350	1	0.0
1422	1416	1	0.0
1257	1253	1	0.0
1435	1428	1	0.0
1482	1481	1	0.0
1194	1189	1	0.0
1280	1277	1	0.0
1305	1303	1	0.0
1398	1396	1	0.0
1239	1236	1	0.0
1381	1377	1	0.0
1418	1417	1	0.0
1461	1457	1	0.0
1255	1254	1	0.0
1363	1360	1	0.0
1214	1213	1	0.0
1355	1350	1	0.0
1195	1189	1	0.0
1281	1277	1	0.0
1306	1303	1	0.0
1399	1396	1	0.0
1419	1417	1	0.0
1379	1378	1	0.0
1256	1254	1	0.0
1240	1236	1	0.0
1215	1212	1	0.0
1436	1428	1	0.0
1356	1350	1	0.0
1364	1360	1	0.0
1196	1189	1	0.0
1279	1278	1	0.0
1459	1458	1	0.0
1483	1478	1	0.0
1305	1304	1	0.0
1380	1378	1	0.0
1400	1396	1	0.0
1241	1236	1	0.0
1357	1350	1	0.0
1215	1213	1	0.0
1362	1361	1	0.0
1280	1278	1	0.0
1257	1254	1	0.0
1419	1418	1	0.0
1306	1304	1	0.0
1381	1378	1	0.0
1191	1190	1	0.0
1437	1428	1	0.0
1242	1236	1	0.0
1401	1396	1	0.0
1352	1351	1	0.0
1215	1214	1	0.0
1281	1278	1	0.0
1420	1417	1	0.0
1484	1478	1	0.0
1306	1305	1	0.0
1363	1361	1	0.0
1460	1458	1	0.0
1192	1190	1	0.0
1380	1379	1	0.0
1256	1255	1	0.0
1402	1396	1	0.0
1243	1236	1	0.0
1353	1351	1	0.0
1216	1215	1	0.0
1421	1417	1	0.0
1280	1279	1	0.0
1308	1307	1	0.0
1438	1428	1	0.0
1193	1190	1	0.0
1364	1361	1	0.0
1381	1379	1	0.0
1398	1397	1	0.0
1217	1215	1	0.0
1257	1255	1	0.0
1244	1236	1	0.0
1422	1417	1	0.0
1354	1351	1	0.0
1281	1279	1	0.0
1194	1190	1	0.0
1461	1458	1	0.0
1309	1307	1	0.0
1363	1362	1	0.0
1485	1478	1	0.0
1399	1397	1	0.0
1381	1380	1	0.0
1434	1429	1	0.0
1257	1256	1	0.0
1245	1236	1	0.0
1218	1215	1	0.0
1281	1280	1	0.0
1420	1418	1	0.0
1355	1351	1	0.0
1195	1190	1	0.0
1364	1362	1	0.0
1309	1308	1	0.0
1382	1379	1	0.0
1460	1459	1	0.0
1400	1397	1	0.0
1217	1216	1	0.0
1239	1237	1	0.0
1258	1255	1	0.0
1283	1282	1	0.0
1421	1418	1	0.0
1196	1190	1	0.0
1310	1307	1	0.0
1383	1379	1	0.0
1356	1351	1	0.0
1364	1363	1	0.0
1486	1478	1	0.0
1218	1216	1	0.0
1401	1397	1	0.0
1435	1429	1	0.0
1240	1237	1	0.0
1259	1255	1	0.0
1461	1459	1	0.0
1422	1418	1	0.0
1284	1282	1	0.0
1310	1308	1	0.0
1192	1191	1	0.0
1365	1358	1	0.0
1382	1380	1	0.0
1357	1351	1	0.0
1218	1217	1	0.0
1402	1397	1	0.0
1258	1256	1	0.0
1310	1309	1	0.0
1487	1478	1	0.0
1420	1419	1	0.0
1241	1237	1	0.0
1366	1358	1	0.0
1193	1191	1	0.0
1353	1352	1	0.0
1285	1282	1	0.0
1383	1380	1	0.0
1399	1398	1	0.0
1219	1216	1	0.0
1259	1256	1	0.0
1367	1358	1	0.0
1311	1310	1	0.0
1242	1237	1	0.0
1421	1419	1	0.0
1194	1191	1	0.0
1382	1381	1	0.0
1461	1460	1	0.0
1354	1352	1	0.0
1436	1429	1	0.0
1400	1398	1	0.0
1258	1257	1	0.0
1220	1216	1	0.0
1284	1283	1	0.0
1368	1358	1	0.0
1488	1478	1	0.0
1312	1311	1	0.0
1243	1237	1	0.0
1422	1419	1	0.0
1383	1381	1	0.0
1195	1191	1	0.0
1355	1352	1	0.0
1259	1257	1	0.0
1221	1216	1	0.0
1401	1398	1	0.0
1285	1283	1	0.0
1369	1358	1	0.0
1421	1420	1	0.0
1383	1382	1	0.0
1313	1312	1	0.0
1259	1258	1	0.0
1244	1237	1	0.0
1356	1352	1	0.0
1196	1191	1	0.0
1483	1479	1	0.0
1462	1459	1	0.0
1437	1429	1	0.0
1402	1398	1	0.0
1285	1284	1	0.0
1222	1216	1	0.0
1365	1359	1	0.0
1384	1382	1	0.0
1314	1313	1	0.0
1260	1258	1	0.0
1422	1420	1	0.0
1193	1192	1	0.0
1245	1237	1	0.0
1357	1352	1	0.0
1484	1479	1	0.0
1194	1192	1	0.0
1366	1359	1	0.0
1223	1216	1	0.0
1286	1282	1	0.0
1385	1382	1	0.0
1261	1258	1	0.0
1400	1399	1	0.0
1422	1421	1	0.0
1315	1314	1	0.0
1239	1238	1	0.0
1354	1353	1	0.0
1438	1429	1	0.0
1367	1359	1	0.0
1195	1192	1	0.0
1463	1459	1	0.0
1219	1217	1	0.0
1260	1259	1	0.0
1287	1282	1	0.0
1401	1399	1	0.0
1386	1382	1	0.0
1485	1479	1	0.0
1355	1353	1	0.0
1423	1420	1	0.0
1240	1238	1	0.0
1316	1314	1	0.0
1368	1359	1	0.0
1196	1192	1	0.0
1434	1430	1	0.0
1220	1217	1	0.0
1288	1282	1	0.0
1261	1259	1	0.0
1387	1382	1	0.0
1402	1399	1	0.0
1464	1459	1	0.0
1241	1238	1	0.0
1316	1315	1	0.0
1424	1420	1	0.0
1369	1359	1	0.0
1356	1353	1	0.0
1194	1193	1	0.0
1486	1479	1	0.0
1435	1430	1	0.0
1221	1217	1	0.0
1388	1382	1	0.0
1261	1260	1	0.0
1289	1282	1	0.0
1401	1400	1	0.0
1317	1315	1	0.0
1465	1459	1	0.0
1365	1360	1	0.0
1242	1238	1	0.0
1425	1420	1	0.0
1357	1353	1	0.0
1195	1193	1	0.0
1222	1217	1	0.0
1262	1260	1	0.0
1384	1383	1	0.0
1402	1400	1	0.0
1286	1283	1	0.0
1318	1315	1	0.0
1243	1238	1	0.0
1366	1360	1	0.0
1487	1479	1	0.0
1423	1421	1	0.0
1196	1193	1	0.0
1355	1354	1	0.0
1436	1430	1	0.0
1466	1459	1	0.0
1263	1260	1	0.0
1223	1217	1	0.0
1385	1383	1	0.0
1402	1401	1	0.0
1319	1315	1	0.0
1287	1283	1	0.0
1244	1238	1	0.0
1367	1360	1	0.0
1424	1421	1	0.0
1195	1194	1	0.0
1356	1354	1	0.0
1488	1479	1	0.0
1437	1430	1	0.0
1219	1218	1	0.0
1386	1383	1	0.0
1262	1261	1	0.0
1404	1403	1	0.0
1317	1316	1	0.0
1462	1460	1	0.0
1196	1194	1	0.0
1245	1238	1	0.0
1425	1421	1	0.0
1368	1360	1	0.0
1288	1283	1	0.0
1357	1354	1	0.0
1483	1480	1	0.0
1438	1430	1	0.0
1220	1218	1	0.0
1263	1261	1	0.0
1318	1316	1	0.0
1387	1383	1	0.0
1405	1403	1	0.0
1196	1195	1	0.0
1463	1460	1	0.0
1369	1360	1	0.0
1240	1239	1	0.0
1356	1355	1	0.0
1423	1422	1	0.0
1289	1283	1	0.0
1197	1191	1	0.0
1263	1262	1	0.0
1221	1218	1	0.0
1319	1316	1	0.0
1424	1422	1	0.0
1365	1361	1	0.0
1241	1239	1	0.0
1406	1403	1	0.0
1388	1383	1	0.0
1286	1284	1	0.0
1357	1355	1	0.0
1484	1480	1	0.0
1434	1431	1	0.0
1464	1460	1	0.0
1264	1262	1	0.0
1198	1191	1	0.0
1222	1218	1	0.0
1318	1317	1	0.0
1366	1361	1	0.0
1242	1239	1	0.0
1407	1403	1	0.0
1385	1384	1	0.0
1425	1422	1	0.0
1287	1284	1	0.0
1357	1356	1	0.0
1485	1480	1	0.0
1408	1403	1	0.0
1223	1218	1	0.0
1367	1361	1	0.0
1265	1262	1	0.0
1197	1192	1	0.0
1386	1384	1	0.0
1243	1239	1	0.0
1319	1317	1	0.0
1424	1423	1	0.0
1288	1284	1	0.0
1358	1349	1	0.0
1465	1460	1	0.0
1220	1219	1	0.0
1368	1361	1	0.0
1409	1403	1	0.0
1266	1262	1	0.0
1435	1431	1	0.0
1486	1480	1	0.0
1387	1384	1	0.0
1198	1192	1	0.0
1244	1239	1	0.0
1425	1423	1	0.0
1319	1318	1	0.0
1359	1349	1	0.0
1289	1284	1	0.0
1369	1361	1	0.0
1405	1404	1	0.0
1221	1219	1	0.0
1267	1262	1	0.0
1466	1460	1	0.0
1197	1193	1	0.0
1388	1384	1	0.0
1425	1424	1	0.0
1245	1239	1	0.0
1365	1362	1	0.0
1320	1317	1	0.0
1360	1349	1	0.0
1286	1285	1	0.0
1406	1404	1	0.0
1198	1193	1	0.0
1222	1219	1	0.0
1268	1262	1	0.0
1436	1431	1	0.0
1386	1385	1	0.0
1462	1461	1	0.0
1487	1480	1	0.0
1241	1240	1	0.0
1366	1362	1	0.0
1426	1423	1	0.0
1321	1317	1	0.0
1223	1219	1	0.0
1197	1194	1	0.0
1287	1285	1	0.0
1264	1263	1	0.0
1407	1404	1	0.0
1361	1349	1	0.0
1242	1240	1	0.0
1387	1385	1	0.0
1437	1431	1	0.0
1367	1362	1	0.0
1427	1423	1	0.0
1463	1461	1	0.0
1198	1194	1	0.0
1320	1318	1	0.0
1221	1220	1	0.0
1265	1263	1	0.0
1288	1285	1	0.0
1388	1385	1	0.0
1408	1404	1	0.0
1362	1349	1	0.0
1243	1240	1	0.0
1488	1480	1	0.0
1368	1362	1	0.0
1428	1423	1	0.0
1438	1431	1	0.0
1197	1195	1	0.0
1321	1318	1	0.0
1222	1220	1	0.0
1387	1386	1	0.0
1464	1461	1	0.0
1409	1404	1	0.0
1289	1285	1	0.0
1363	1349	1	0.0
1266	1263	1	0.0
1244	1240	1	0.0
1369	1362	1	0.0
1429	1423	1	0.0
1198	1195	1	0.0
1320	1319	1	0.0
1483	1481	1	0.0
1223	1220	1	0.0
1388	1386	1	0.0
1434	1432	1	0.0
1287	1286	1	0.0
1406	1405	1	0.0
1430	1423	1	0.0
1365	1363	1	0.0
1267	1263	1	0.0
1245	1240	1	0.0
1321	1319	1	0.0
1364	1349	1	0.0
1222	1221	1	0.0
1197	1196	1	0.0
1388	1387	1	0.0
1465	1461	1	0.0
1288	1286	1	0.0
1407	1405	1	0.0
1431	1423	1	0.0
1484	1481	1	0.0
1435	1432	1	0.0
1268	1263	1	0.0
1366	1363	1	0.0
1242	1241	1	0.0
1321	1320	1	0.0
1358	1350	1	0.0
1389	1384	1	0.0
1223	1221	1	0.0
1198	1196	1	0.0
1289	1286	1	0.0
1408	1405	1	0.0
1432	1423	1	0.0
1466	1461	1	0.0
1367	1363	1	0.0
1243	1241	1	0.0
1390	1384	1	0.0
1359	1350	1	0.0
1223	1222	1	0.0
1288	1287	1	0.0
1265	1264	1	0.0
1322	1320	1	0.0
1198	1197	1	0.0
1409	1405	1	0.0
1433	1423	1	0.0
1436	1432	1	0.0
1485	1481	1	0.0
1368	1363	1	0.0
1244	1241	1	0.0
1391	1384	1	0.0
1360	1350	1	0.0
1224	1219	1	0.0
1289	1287	1	0.0
1199	1197	1	0.0
1323	1320	1	0.0
1426	1424	1	0.0
1266	1264	1	0.0
1463	1462	1	0.0
1407	1406	1	0.0
1245	1241	1	0.0
1392	1384	1	0.0
1361	1350	1	0.0
1369	1363	1	0.0
1224	1220	1	0.0
1289	1288	1	0.0
1200	1197	1	0.0
1267	1264	1	0.0
1324	1320	1	0.0
1437	1432	1	0.0
1486	1481	1	0.0
1427	1424	1	0.0
1243	1242	1	0.0
1408	1406	1	0.0
1464	1462	1	0.0
1362	1350	1	0.0
1393	1384	1	0.0
1201	1197	1	0.0
1224	1221	1	0.0
1268	1264	1	0.0
1365	1364	1	0.0
1290	1286	1	0.0
1325	1320	1	0.0
1438	1432	1	0.0
1428	1424	1	0.0
1244	1242	1	0.0
1409	1406	1	0.0
1363	1350	1	0.0
1394	1384	1	0.0
1224	1222	1	0.0
1291	1286	1	0.0
1322	1321	1	0.0
1266	1265	1	0.0
1199	1198	1	0.0
1366	1364	1	0.0
1429	1424	1	0.0
1408	1407	1	0.0
1245	1242	1	0.0
1364	1350	1	0.0
1389	1385	1	0.0
1465	1462	1	0.0
1224	1223	1	0.0
1487	1481	1	0.0
1434	1433	1	0.0
1292	1286	1	0.0
1323	1321	1	0.0
1267	1265	1	0.0
1430	1424	1	0.0
1409	1407	1	0.0
1390	1385	1	0.0
1367	1364	1	0.0
1200	1198	1	0.0
1244	1243	1	0.0
1358	1351	1	0.0
1431	1424	1	0.0
1225	1224	1	0.0
1324	1321	1	0.0
1409	1408	1	0.0
1290	1287	1	0.0
1391	1385	1	0.0
1268	1265	1	0.0
1466	1462	1	0.0
1201	1198	1	0.0
1359	1351	1	0.0
1325	1321	1	0.0
1245	1243	1	0.0
1432	1424	1	0.0
1226	1225	1	0.0
1368	1364	1	0.0
1291	1287	1	0.0
1410	1403	1	0.0
1392	1385	1	0.0
1267	1266	1	0.0
1488	1481	1	0.0
1435	1433	1	0.0
1200	1199	1	0.0
1360	1351	1	0.0
1464	1463	1	0.0
1323	1322	1	0.0
1433	1424	1	0.0
1227	1225	1	0.0
1369	1364	1	0.0
1245	1244	1	0.0
1411	1403	1	0.0
1292	1287	1	0.0
1393	1385	1	0.0
1268	1266	1	0.0
1201	1199	1	0.0
1361	1351	1	0.0
1324	1322	1	0.0
1426	1425	1	0.0
1246	1239	1	0.0
1436	1433	1	0.0
1366	1365	1	0.0
1483	1482	1	0.0
1227	1226	1	0.0
1412	1403	1	0.0
1268	1267	1	0.0
1290	1288	1	0.0
1394	1385	1	0.0
1465	1463	1	0.0
1201	1200	1	0.0
1362	1351	1	0.0
1247	1239	1	0.0
1325	1322	1	0.0
1413	1403	1	0.0
1427	1425	1	0.0
1291	1288	1	0.0
1269	1264	1	0.0
1367	1365	1	0.0
1363	1351	1	0.0
1228	1226	1	0.0
1248	1239	1	0.0
1389	1386	1	0.0
1202	1199	1	0.0
1324	1323	1	0.0
1428	1425	1	0.0
1414	1403	1	0.0
1270	1264	1	0.0
1368	1365	1	0.0
1292	1288	1	0.0
1229	1226	1	0.0
1364	1351	1	0.0
1390	1386	1	0.0
1484	1482	1	0.0
1249	1239	1	0.0
1466	1463	1	0.0
1325	1323	1	0.0
1437	1433	1	0.0
1429	1425	1	0.0
1203	1199	1	0.0
1410	1404	1	0.0
1271	1264	1	0.0
1369	1365	1	0.0
1290	1289	1	0.0
1228	1227	1	0.0
1391	1386	1	0.0
1246	1240	1	0.0
1358	1352	1	0.0
1325	1324	1	0.0
1411	1404	1	0.0
1430	1425	1	0.0
1485	1482	1	0.0
1269	1265	1	0.0
1204	1199	1	0.0
1392	1386	1	0.0
1229	1227	1	0.0
1367	1366	1	0.0
1291	1289	1	0.0
1247	1240	1	0.0
1465	1464	1	0.0
1431	1425	1	0.0
1270	1265	1	0.0
1412	1404	1	0.0
1438	1433	1	0.0
1327	1326	1	0.0
1359	1352	1	0.0
1486	1482	1	0.0
1205	1199	1	0.0
1368	1366	1	0.0
1248	1240	1	0.0
1292	1289	1	0.0
1432	1425	1	0.0
1271	1265	1	0.0
1413	1404	1	0.0
1466	1464	1	0.0
1360	1352	1	0.0
1435	1434	1	0.0
1369	1366	1	0.0
1249	1240	1	0.0
1206	1199	1	0.0
1291	1290	1	0.0
1487	1482	1	0.0
1269	1266	1	0.0
1361	1352	1	0.0
1414	1404	1	0.0
1466	1465	1	0.0
1292	1290	1	0.0
1436	1434	1	0.0
1362	1352	1	0.0
1467	1462	1	0.0
1488	1482	1	0.0
1292	1291	1	0.0
1437	1434	1	0.0
1468	1462	1	0.0
1484	1483	1	0.0
1293	1290	1	0.0
1438	1434	1	0.0
1469	1462	1	0.0
1485	1483	1	0.0
1436	1435	1	0.0
1470	1462	1	0.0
1486	1483	1	0.0
1437	1435	1	0.0
1487	1483	1	0.0
1471	1462	1	0.0
1438	1435	1	0.0
1472	1462	1	0.0
1437	1436	1	0.0
1488	1483	1	0.0
1467	1463	1	0.0
1438	1436	1	0.0
1485	1484	1	0.0
1468	1463	1	0.0
1438	1437	1	0.0
1486	1484	1	0.0
1469	1463	1	0.0
1439	1434	1	0.0
1487	1484	1	0.0
1470	1463	1	0.0
1440	1434	1	0.0
1488	1484	1	0.0
1471	1463	1	0.0
1439	1435	1	0.0
1486	1485	1	0.0
1472	1463	1	0.0
1440	1435	1	0.0
1487	1485	1	0.0
1467	1464	1	0.0
1439	1436	1	0.0
1488	1485	1	0.0
1468	1464	1	0.0
1440	1436	1	0.0
1487	1486	1	0.0
1469	1464	1	0.0
1439	1437	1	0.0
1488	1486	1	0.0
1470	1464	1	0.0
1440	1437	1	0.0
1488	1487	1	0.0
1471	1464	1	0.0
1439	1438	1	0.0
1489	1483	1	0.0
1472	1464	1	0.0
1490	1483	1	0.0
1440	1438	1	0.0
1440	1439	1	0.0
1467	1465	1	0.0
1491	1483	1	0.0
1441	1439	1	0.0
1468	1465	1	0.0
1492	1483	1	0.0
1442	1439	1	0.0
1493	1483	1	0.0
1469	1465	1	0.0
1443	1439	1	0.0
1470	1465	1	0.0
1489	1484	1	0.0
1441	1440	1	0.0
1471	1465	1	0.0
1442	1440	1	0.0
1490	1484	1	0.0
1472	1465	1	0.0
1443	1440	1	0.0
1491	1484	1	0.0
1467	1466	1	0.0
1442	1441	1	0.0
1492	1484	1	0.0
1443	1441	1	0.0
1468	1466	1	0.0
1493	1484	1	0.0
1469	1466	1	0.0
1443	1442	1	0.0
1489	1485	1	0.0
1470	1466	1	0.0
1490	1485	1	0.0
1444	1441	1	0.0
1491	1485	1	0.0
1184	1183	0	0.0
1185	1183	0	0.0
1202	1200	0	0.0
1185	1184	0	0.0
1203	1200	0	0.0
1186	1183	0	0.0
1204	1200	0	0.0
1187	1183	0	0.0
1205	1200	0	0.0
1188	1183	0	0.0
1206	1200	0	0.0
1229	1228	0	0.0
1189	1183	0	0.0
1202	1201	0	0.0
1190	1183	0	0.0
1230	1228	0	0.0
1203	1201	0	0.0
1231	1228	0	0.0
1204	1201	0	0.0
1186	1184	0	0.0
1230	1229	0	0.0
1205	1201	0	0.0
1231	1229	0	0.0
1187	1184	0	0.0
1231	1230	0	0.0
1206	1201	0	0.0
1188	1184	0	0.0
1246	1241	0	0.0
1232	1230	0	0.0
1203	1202	0	0.0
1189	1184	0	0.0
1232	1231	0	0.0
1247	1241	0	0.0
1204	1202	0	0.0
1233	1232	0	0.0
1248	1241	0	0.0
1190	1184	0	0.0
1234	1232	0	0.0
1205	1202	0	0.0
1249	1241	0	0.0
1235	1232	0	0.0
1186	1185	0	0.0
1246	1242	0	0.0
1236	1232	0	0.0
1206	1202	0	0.0
1247	1242	0	0.0
1187	1185	0	0.0
1237	1232	0	0.0
1248	1242	0	0.0
1204	1203	0	0.0
1238	1232	0	0.0
1188	1185	0	0.0
1234	1233	0	0.0
1249	1242	0	0.0
1205	1203	0	0.0
1270	1266	0	0.0
1189	1185	0	0.0
1235	1233	0	0.0
1246	1243	0	0.0
1206	1203	0	0.0
1190	1185	0	0.0
1247	1243	0	0.0
1236	1233	0	0.0
1293	1291	0	0.0
1271	1266	0	0.0
1205	1204	0	0.0
1237	1233	0	0.0
1187	1186	0	0.0
1248	1243	0	0.0
1293	1292	0	0.0
1206	1204	0	0.0
1238	1233	0	0.0
1295	1294	0	0.0
1249	1243	0	0.0
1269	1267	0	0.0
1188	1186	0	0.0
1206	1205	0	0.0
1296	1294	0	0.0
1235	1234	0	0.0
1246	1244	0	0.0
1270	1267	0	0.0
1189	1186	0	0.0
1236	1234	0	0.0
1247	1244	0	0.0
1207	1202	0	0.0
1237	1234	0	0.0
1297	1294	0	0.0
1248	1244	0	0.0
1190	1186	0	0.0
1271	1267	0	0.0
1238	1234	0	0.0
1208	1202	0	0.0
1296	1295	0	0.0
1249	1244	0	0.0
1188	1187	0	0.0
1236	1235	0	0.0
1269	1268	0	0.0
1209	1202	0	0.0
1246	1245	0	0.0
1328	1326	0	0.0
1297	1295	0	0.0
1237	1235	0	0.0
1189	1187	0	0.0
1247	1245	0	0.0
1270	1268	0	0.0
1210	1202	0	0.0
1238	1235	0	0.0
1190	1187	0	0.0
1297	1296	0	0.0
1248	1245	0	0.0
1237	1236	0	0.0
1329	1326	0	0.0
1271	1268	0	0.0
1207	1203	0	0.0
1189	1188	0	0.0
1249	1245	0	0.0
1238	1236	0	0.0
1208	1203	0	0.0
1270	1269	0	0.0
1298	1294	0	0.0
1328	1327	0	0.0
1238	1237	0	0.0
1247	1246	0	0.0
1190	1188	0	0.0
1209	1203	0	0.0
1363	1352	0	0.0
1299	1294	0	0.0
1248	1246	0	0.0
1239	1233	0	0.0
1329	1327	0	0.0
1271	1269	0	0.0
1190	1189	0	0.0
1210	1203	0	0.0
1249	1246	0	0.0
1240	1233	0	0.0
1300	1294	0	0.0
1329	1328	0	0.0
1271	1270	0	0.0
1368	1367	0	0.0
1207	1204	0	0.0
1191	1186	0	0.0
1364	1352	0	0.0
1241	1233	0	0.0
1248	1247	0	0.0
1298	1295	0	0.0
1330	1328	0	0.0
1208	1204	0	0.0
1272	1269	0	0.0
1369	1367	0	0.0
1192	1186	0	0.0
1358	1353	0	0.0
1249	1247	0	0.0
1242	1233	0	0.0
1331	1328	0	0.0
1299	1295	0	0.0
1193	1186	0	0.0
1249	1248	0	0.0
1243	1233	0	0.0
1369	1368	0	0.0
1209	1204	0	0.0
1273	1269	0	0.0
1359	1353	0	0.0
1250	1246	0	0.0
1300	1295	0	0.0
1244	1233	0	0.0
1194	1186	0	0.0
1330	1329	0	0.0
1210	1204	0	0.0
1370	1365	0	0.0
1272	1270	0	0.0
1251	1246	0	0.0
1393	1386	0	0.0
1360	1353	0	0.0
1245	1233	0	0.0
1331	1329	0	0.0
1298	1296	0	0.0
1195	1186	0	0.0
1371	1365	0	0.0
1273	1270	0	0.0
1250	1247	0	0.0
1207	1205	0	0.0
1361	1353	0	0.0
1394	1386	0	0.0
1331	1330	0	0.0
1299	1296	0	0.0
1372	1365	0	0.0
1239	1234	0	0.0
1196	1186	0	0.0
1208	1205	0	0.0
1272	1271	0	0.0
1251	1247	0	0.0
1389	1387	0	0.0
1362	1353	0	0.0
1332	1330	0	0.0
1240	1234	0	0.0
1370	1366	0	0.0
1250	1248	0	0.0
1300	1296	0	0.0
1191	1187	0	0.0
1209	1205	0	0.0
1390	1387	0	0.0
1251	1248	0	0.0
1273	1271	0	0.0
1332	1331	0	0.0
1363	1353	0	0.0
1210	1205	0	0.0
1241	1234	0	0.0
1298	1297	0	0.0
1371	1366	0	0.0
1391	1387	0	0.0
1192	1187	0	0.0
1273	1272	0	0.0
1242	1234	0	0.0
1250	1249	0	0.0
1364	1353	0	0.0
1333	1332	0	0.0
1207	1206	0	0.0
1372	1366	0	0.0
1392	1387	0	0.0
1193	1187	0	0.0
1299	1297	0	0.0
1334	1333	0	0.0
1251	1249	0	0.0
1208	1206	0	0.0
1358	1354	0	0.0
1243	1234	0	0.0
1274	1272	0	0.0
1370	1367	0	0.0
1393	1387	0	0.0
1194	1187	0	0.0
1335	1333	0	0.0
1251	1250	0	0.0
1410	1405	0	0.0
1300	1297	0	0.0
1244	1234	0	0.0
1359	1354	0	0.0
1371	1367	0	0.0
1275	1272	0	0.0
1394	1387	0	0.0
1195	1187	0	0.0
1209	1206	0	0.0
1252	1250	0	0.0
1335	1334	0	0.0
1245	1234	0	0.0
1299	1298	0	0.0
1360	1354	0	0.0
1433	1425	0	0.0
1372	1367	0	0.0
1389	1388	0	0.0
1276	1272	0	0.0
1411	1405	0	0.0
1253	1250	0	0.0
1210	1206	0	0.0
1196	1187	0	0.0
1239	1235	0	0.0
1370	1368	0	0.0
1337	1336	0	0.0
1390	1388	0	0.0
1361	1354	0	0.0
1300	1298	0	0.0
1254	1250	0	0.0
1208	1207	0	0.0
1191	1188	0	0.0
1240	1235	0	0.0
1412	1405	0	0.0
1338	1336	0	0.0
1371	1368	0	0.0
1427	1426	0	0.0
1391	1388	0	0.0
1362	1354	0	0.0
1277	1272	0	0.0
1252	1251	0	0.0
1300	1299	0	0.0
1209	1207	0	0.0
1445	1441	0	0.0
1241	1235	0	0.0
1192	1188	0	0.0
1372	1368	0	0.0
1392	1388	0	0.0
1338	1337	0	0.0
1413	1405	0	0.0
1278	1272	0	0.0
1253	1251	0	0.0
1363	1354	0	0.0
1301	1298	0	0.0
1242	1235	0	0.0
1428	1426	0	0.0
1210	1207	0	0.0
1370	1369	0	0.0
1193	1188	0	0.0
1444	1442	0	0.0
1393	1388	0	0.0
1243	1235	0	0.0
1339	1336	0	0.0
1364	1354	0	0.0
1254	1251	0	0.0
1274	1273	0	0.0
1371	1369	0	0.0
1414	1405	0	0.0
1445	1442	0	0.0
1429	1426	0	0.0
1244	1235	0	0.0
1394	1388	0	0.0
1340	1336	0	0.0
1194	1188	0	0.0
1358	1355	0	0.0
1209	1208	0	0.0
1253	1252	0	0.0
1372	1369	0	0.0
1302	1298	0	0.0
1275	1273	0	0.0
1444	1443	0	0.0
1410	1406	0	0.0
1245	1235	0	0.0
1390	1389	0	0.0
1339	1337	0	0.0
1471	1466	0	0.0
1359	1355	0	0.0
1254	1252	0	0.0
1430	1426	0	0.0
1371	1370	0	0.0
1445	1443	0	0.0
1195	1188	0	0.0
1210	1208	0	0.0
1276	1273	0	0.0
1303	1298	0	0.0
1411	1406	0	0.0
1239	1236	0	0.0
1340	1337	0	0.0
1391	1389	0	0.0
1360	1355	0	0.0
1254	1253	0	0.0
1431	1426	0	0.0
1492	1485	0	0.0
1445	1444	0	0.0
1372	1370	0	0.0
1196	1188	0	0.0
1304	1298	0	0.0
1472	1466	0	0.0
1210	1209	0	0.0
1240	1236	0	0.0
1277	1273	0	0.0
1339	1338	0	0.0
1392	1389	0	0.0
1361	1355	0	0.0
1255	1252	0	0.0
1412	1406	0	0.0
1372	1371	0	0.0
1447	1446	0	0.0
1432	1426	0	0.0
1305	1298	0	0.0
1191	1189	0	0.0
1493	1485	0	0.0
1241	1236	0	0.0
1211	1207	0	0.0
1468	1467	0	0.0
1256	1252	0	0.0
1413	1406	0	0.0
1362	1355	0	0.0
1340	1338	0	0.0
1393	1389	0	0.0
1278	1273	0	0.0
1448	1446	0	0.0
1373	1370	0	0.0
1192	1189	0	0.0
1306	1298	0	0.0
1242	1236	0	0.0
1489	1486	0	0.0
1257	1252	0	0.0
1211	1208	0	0.0
1433	1426	0	0.0
1275	1274	0	0.0
1363	1355	0	0.0
1449	1446	0	0.0
1340	1339	0	0.0
1394	1389	0	0.0
1374	1370	0	0.0
1414	1406	0	0.0
1193	1189	0	0.0
1469	1467	0	0.0
1243	1236	0	0.0
1301	1299	0	0.0
1490	1486	0	0.0
1255	1253	0	0.0
1211	1209	0	0.0
1448	1447	0	0.0
1342	1341	0	0.0
1391	1390	0	0.0
1364	1355	0	0.0
1375	1370	0	0.0
1276	1274	0	0.0
1194	1189	0	0.0
1428	1427	0	0.0
1410	1407	0	0.0
1256	1253	0	0.0
1244	1236	0	0.0
1211	1210	0	0.0
1302	1299	0	0.0
1491	1486	0	0.0
1470	1467	0	0.0
1449	1447	0	0.0
1358	1356	0	0.0
1392	1390	0	0.0
1343	1341	0	0.0
1376	1370	0	0.0
1195	1189	0	0.0
1277	1274	0	0.0
1257	1253	0	0.0
1245	1236	0	0.0
1213	1212	0	0.0
1429	1427	0	0.0
1303	1299	0	0.0
1449	1448	0	0.0
1393	1390	0	0.0
1411	1407	0	0.0
1359	1356	0	0.0
1492	1486	0	0.0
1373	1371	0	0.0
1344	1341	0	0.0
1278	1274	0	0.0
1196	1189	0	0.0
1255	1254	0	0.0
1239	1237	0	0.0
1214	1212	0	0.0
1430	1427	0	0.0
1471	1467	0	0.0
1394	1390	0	0.0
1451	1450	0	0.0
1374	1371	0	0.0
1412	1407	0	0.0
1343	1342	0	0.0
1360	1356	0	0.0
1493	1486	0	0.0
1240	1237	0	0.0
1304	1299	0	0.0
1256	1254	0	0.0
1191	1190	0	0.0
1276	1275	0	0.0
1392	1391	0	0.0
1431	1427	0	0.0
1375	1371	0	0.0
1452	1450	0	0.0
1413	1407	0	0.0
1489	1487	0	0.0
1361	1356	0	0.0
1432	1427	0	0.0
1344	1342	0	0.0
1277	1275	0	0.0
1472	1467	0	0.0
1192	1190	0	0.0
1376	1371	0	0.0
1393	1391	0	0.0
1257	1254	0	0.0
1453	1450	0	0.0
1241	1237	0	0.0
1490	1487	0	0.0
1305	1299	0	0.0
1414	1407	0	0.0
1214	1213	0	0.0
1362	1356	0	0.0
1344	1343	0	0.0
1373	1372	0	0.0
1433	1427	0	0.0
1278	1275	0	0.0
1394	1391	0	0.0
1454	1450	0	0.0
1256	1255	0	0.0
1242	1237	0	0.0
1193	1190	0	0.0
1491	1487	0	0.0
1306	1299	0	0.0
1346	1345	0	0.0
1374	1372	0	0.0
1215	1212	0	0.0
1363	1356	0	0.0
1410	1408	0	0.0
1277	1276	0	0.0
1243	1237	0	0.0
1452	1451	0	0.0
1469	1468	0	0.0
1393	1392	0	0.0
1257	1255	0	0.0
1429	1428	0	0.0
1194	1190	0	0.0
1492	1487	0	0.0
1301	1300	0	0.0
1364	1356	0	0.0
1375	1372	0	0.0
1453	1451	0	0.0
1347	1345	0	0.0
1244	1237	0	0.0
1215	1213	0	0.0
1411	1408	0	0.0
1394	1392	0	0.0
1278	1276	0	0.0
1257	1256	0	0.0
1195	1190	0	0.0
1493	1487	0	0.0
1376	1372	0	0.0
1358	1357	0	0.0
1348	1345	0	0.0
1430	1428	0	0.0
1278	1277	0	0.0
1302	1300	0	0.0
1245	1237	0	0.0
1454	1451	0	0.0
1470	1468	0	0.0
1394	1393	0	0.0
1412	1408	0	0.0
1258	1255	0	0.0
1215	1214	0	0.0
1196	1190	0	0.0
1489	1488	0	0.0
1359	1357	0	0.0
1374	1373	0	0.0
1239	1238	0	0.0
1347	1346	0	0.0
1453	1452	0	0.0
1303	1300	0	0.0
1279	1274	0	0.0
1259	1255	0	0.0
1431	1428	0	0.0
1395	1389	0	0.0
1216	1215	0	0.0
1413	1408	0	0.0
1192	1191	0	0.0
1360	1357	0	0.0
1375	1373	0	0.0
1240	1238	0	0.0
1490	1488	0	0.0
1471	1468	0	0.0
1348	1346	0	0.0
1280	1274	0	0.0
1396	1389	0	0.0
1454	1452	0	0.0
1304	1300	0	0.0
1395	1390	0	0.0
1454	1453	0	0.0
1491	1488	0	0.0
1432	1428	0	0.0
1305	1300	0	0.0
1281	1274	0	0.0
1414	1408	0	0.0
1376	1373	0	0.0
1361	1357	0	0.0
1472	1468	0	0.0
1241	1238	0	0.0
1258	1256	0	0.0
1396	1390	0	0.0
1217	1215	0	0.0
1348	1347	0	0.0
1193	1191	0	0.0
1455	1450	0	0.0
1279	1275	0	0.0
1492	1488	0	0.0
1306	1300	0	0.0
1375	1374	0	0.0
1259	1256	0	0.0
1242	1238	0	0.0
1410	1409	0	0.0
1362	1357	0	0.0
1456	1450	0	0.0
1395	1391	0	0.0
1350	1349	0	0.0
1194	1191	0	0.0
1218	1215	0	0.0
1376	1374	0	0.0
1470	1469	0	0.0
1493	1488	0	0.0
1302	1301	0	0.0
1433	1428	0	0.0
1280	1275	0	0.0
1243	1238	0	0.0
1455	1451	0	0.0
1258	1257	0	0.0
1411	1409	0	0.0
1363	1357	0	0.0
1396	1391	0	0.0
1351	1349	0	0.0
1195	1191	0	0.0
1217	1216	0	0.0
1376	1375	0	0.0
1456	1451	0	0.0
1244	1238	0	0.0
1303	1301	0	0.0
1281	1275	0	0.0
1364	1357	0	0.0
1352	1349	0	0.0
1490	1489	0	0.0
1196	1191	0	0.0
1412	1409	0	0.0
1455	1452	0	0.0
1377	1373	0	0.0
1259	1257	0	0.0
1395	1392	0	0.0
1218	1216	0	0.0
1430	1429	0	0.0
1245	1238	0	0.0
1471	1469	0	0.0
1353	1349	0	0.0
1279	1276	0	0.0
1359	1358	0	0.0
1304	1301	0	0.0
1193	1192	0	0.0
1491	1489	0	0.0
1378	1373	0	0.0
1396	1392	0	0.0
1413	1409	0	0.0
1240	1239	0	0.0
1259	1258	0	0.0
1456	1452	0	0.0
1218	1217	0	0.0
1360	1358	0	0.0
1354	1349	0	0.0
1431	1429	0	0.0
1194	1192	0	0.0
1305	1301	0	0.0
1280	1276	0	0.0
1492	1489	0	0.0
1395	1393	0	0.0
1377	1374	0	0.0
1241	1239	0	0.0
1472	1469	0	0.0
1219	1216	0	0.0
1260	1258	0	0.0
1361	1358	0	0.0
1455	1453	0	0.0
1355	1349	0	0.0
1195	1192	0	0.0
1414	1409	0	0.0
1306	1301	0	0.0
1493	1489	0	0.0
1281	1276	0	0.0
1378	1374	0	0.0
1242	1239	0	0.0
1396	1393	0	0.0
1261	1258	0	0.0
1220	1216	0	0.0
1432	1429	0	0.0
1356	1349	0	0.0
1456	1453	0	0.0
1362	1358	0	0.0
1471	1470	0	0.0
1196	1192	0	0.0
1491	1490	0	0.0
1279	1277	0	0.0
1411	1410	0	0.0
1303	1302	0	0.0
1260	1259	0	0.0
1433	1429	0	0.0
1377	1375	0	0.0
1243	1239	0	0.0
1221	1216	0	0.0
1455	1454	0	0.0
1395	1394	0	0.0
1363	1358	0	0.0
1357	1349	0	0.0
1472	1470	0	0.0
1194	1193	0	0.0
1280	1277	0	0.0
1261	1259	0	0.0
1244	1239	0	0.0
1492	1490	0	0.0
1304	1302	0	0.0
1431	1430	0	0.0
1412	1410	0	0.0
1222	1216	0	0.0
1378	1375	0	0.0
1456	1454	0	0.0
1396	1394	0	0.0
1364	1358	0	0.0
1351	1350	0	0.0
1195	1193	0	0.0
1281	1277	0	0.0
1261	1260	0	0.0
1472	1471	0	0.0
1305	1302	0	0.0
1245	1239	0	0.0
1493	1490	0	0.0
1377	1376	0	0.0
1360	1359	0	0.0
1456	1455	0	0.0
1432	1430	0	0.0
1396	1395	0	0.0
1413	1410	0	0.0
1196	1193	0	0.0
1262	1260	0	0.0
1223	1216	0	0.0
1279	1278	0	0.0
1474	1473	0	0.0
1352	1350	0	0.0
1306	1302	0	0.0
1241	1240	0	0.0
1378	1376	0	0.0
1492	1491	0	0.0
1361	1359	0	0.0
1457	1455	0	0.0
1414	1410	0	0.0
1263	1260	0	0.0
1195	1194	0	0.0
1378	1377	0	0.0
1219	1217	0	0.0
1280	1278	0	0.0
1397	1395	0	0.0
1304	1303	0	0.0
1242	1240	0	0.0
1493	1491	0	0.0
1353	1350	0	0.0
1458	1455	0	0.0
1362	1359	0	0.0
1433	1430	0	0.0
1475	1474	0	0.0
1262	1261	0	0.0
1412	1411	0	0.0
1196	1194	0	0.0
1398	1395	0	0.0
1379	1377	0	0.0
1243	1240	0	0.0
1220	1217	0	0.0
1281	1278	0	0.0
1457	1456	0	0.0
1363	1359	0	0.0
1354	1350	0	0.0
1493	1492	0	0.0
1305	1303	0	0.0
1263	1261	0	0.0
1432	1431	0	0.0
1413	1411	0	0.0
1399	1395	0	0.0
1196	1195	0	0.0
1476	1475	0	0.0
1380	1377	0	0.0
1221	1217	0	0.0
1244	1240	0	0.0
1355	1350	0	0.0
1458	1456	0	0.0
1280	1279	0	0.0
1306	1303	0	0.0
1263	1262	0	0.0
1364	1359	0	0.0
1400	1395	0	0.0
1381	1377	0	0.0
1433	1431	0	0.0
1197	1191	0	0.0
1414	1411	0	0.0
1245	1240	0	0.0
1222	1217	0	0.0
1477	1475	0	0.0
1281	1279	0	0.0
1356	1350	0	0.0
1458	1457	0	0.0
1401	1395	0	0.0
1379	1378	0	0.0
1242	1241	0	0.0
1198	1191	0	0.0
1305	1304	0	0.0
1264	1262	0	0.0
1361	1360	0	0.0
1281	1280	0	0.0
1413	1412	0	0.0
1433	1432	0	0.0
1357	1350	0	0.0
1243	1241	0	0.0
1477	1476	0	0.0
1380	1378	0	0.0
1197	1192	0	0.0
1402	1395	0	0.0
1223	1217	0	0.0
1265	1262	0	0.0
1459	1457	0	0.0
1306	1304	0	0.0
1362	1360	0	0.0
1283	1282	0	0.0
1414	1412	0	0.0
1244	1241	0	0.0
1381	1378	0	0.0
1352	1351	0	0.0
1434	1426	0	0.0
1397	1396	0	0.0
1363	1360	0	0.0
1266	1262	0	0.0
1284	1282	0	0.0
1219	1218	0	0.0
1198	1192	0	0.0
1460	1457	0	0.0
1245	1241	0	0.0
1414	1413	0	0.0
1306	1305	0	0.0
1353	1351	0	0.0
1380	1379	0	0.0
1478	1476	0	0.0
1398	1396	0	0.0
1435	1426	0	0.0
1267	1262	0	0.0
1364	1360	0	0.0
1220	1218	0	0.0
1461	1457	0	0.0
1285	1282	0	0.0
1243	1242	0	0.0
1354	1351	0	0.0
1415	1410	0	0.0
1197	1193	0	0.0
1381	1379	0	0.0
1399	1396	0	0.0
1308	1307	0	0.0
1362	1361	0	0.0
1268	1262	0	0.0
1436	1426	0	0.0
1221	1218	0	0.0
1479	1476	0	0.0
1355	1351	0	0.0
1244	1242	0	0.0
1459	1458	0	0.0
1284	1283	0	0.0
1198	1193	0	0.0
1381	1380	0	0.0
1264	1263	0	0.0
1400	1396	0	0.0
1363	1361	0	0.0
1415	1411	0	0.0
1309	1307	0	0.0
1437	1426	0	0.0
1222	1218	0	0.0
1245	1242	0	0.0
1356	1351	0	0.0
1460	1458	0	0.0
1285	1283	0	0.0
1382	1379	0	0.0
1265	1263	0	0.0
1197	1194	0	0.0
1401	1396	0	0.0
1364	1361	0	0.0
1309	1308	0	0.0
1415	1412	0	0.0
1480	1476	0	0.0
1223	1218	0	0.0
1461	1458	0	0.0
1438	1426	0	0.0
1244	1243	0	0.0
1383	1379	0	0.0
1357	1351	0	0.0
1285	1284	0	0.0
1266	1263	0	0.0
1402	1396	0	0.0
1310	1307	0	0.0
1198	1194	0	0.0
1363	1362	0	0.0
1415	1413	0	0.0
1460	1459	0	0.0
1382	1380	0	0.0
1245	1243	0	0.0
1220	1219	0	0.0
1481	1476	0	0.0
1267	1263	0	0.0
1353	1352	0	0.0
1286	1282	0	0.0
1434	1427	0	0.0
1310	1308	0	0.0
1398	1397	0	0.0
1364	1362	0	0.0
1197	1195	0	0.0
1415	1414	0	0.0
1383	1380	0	0.0
1245	1244	0	0.0
1461	1459	0	0.0
1221	1219	0	0.0
1354	1352	0	0.0
1268	1263	0	0.0
1287	1282	0	0.0
1482	1476	0	0.0
1310	1309	0	0.0
1198	1195	0	0.0
1382	1381	0	0.0
1364	1363	0	0.0
1399	1397	0	0.0
1435	1427	0	0.0
1461	1460	0	0.0
1222	1219	0	0.0
1246	1239	0	0.0
1355	1352	0	0.0
1265	1264	0	0.0
1416	1415	0	0.0
1288	1282	0	0.0
1478	1477	0	0.0
1311	1310	0	0.0
1383	1381	0	0.0
1462	1459	0	0.0
1356	1352	0	0.0
1247	1239	0	0.0
1400	1397	0	0.0
1365	1358	0	0.0
1223	1219	0	0.0
1197	1196	0	0.0
1266	1264	0	0.0
1436	1427	0	0.0
1289	1282	0	0.0
1463	1459	0	0.0
1383	1382	0	0.0
1312	1311	0	0.0
1248	1239	0	0.0
1417	1415	0	0.0
1479	1477	0	0.0
1366	1358	0	0.0
1357	1352	0	0.0
1267	1264	0	0.0
1401	1397	0	0.0
1464	1459	0	0.0
1221	1220	0	0.0
1286	1283	0	0.0
1313	1312	0	0.0
1249	1239	0	0.0
1384	1382	0	0.0
1418	1415	0	0.0
1198	1196	0	0.0
1437	1427	0	0.0
1367	1358	0	0.0
1354	1353	0	0.0
1480	1477	0	0.0
1402	1397	0	0.0
1268	1264	0	0.0
1465	1459	0	0.0
1222	1220	0	0.0
1287	1283	0	0.0
1246	1240	0	0.0
1314	1313	0	0.0
1385	1382	0	0.0
1419	1415	0	0.0
1355	1353	0	0.0
1198	1197	0	0.0
1368	1358	0	0.0
1399	1398	0	0.0
1466	1459	0	0.0
1266	1265	0	0.0
1438	1427	0	0.0
1223	1220	0	0.0
1247	1240	0	0.0
1315	1314	0	0.0
1481	1477	0	0.0
1386	1382	0	0.0
1288	1283	0	0.0
1417	1416	0	0.0
1356	1353	0	0.0
1369	1358	0	0.0
1400	1398	0	0.0
1462	1460	0	0.0
1199	1197	0	0.0
1267	1265	0	0.0
1222	1221	0	0.0
1248	1240	0	0.0
1316	1314	0	0.0
1289	1283	0	0.0
1434	1428	0	0.0
1387	1382	0	0.0
1418	1416	0	0.0
1365	1359	0	0.0
1401	1398	0	0.0
1357	1353	0	0.0
1463	1460	0	0.0
1223	1221	0	0.0
1200	1197	0	0.0
1482	1477	0	0.0
1268	1265	0	0.0
1249	1240	0	0.0
1316	1315	0	0.0
1388	1382	0	0.0
1366	1359	0	0.0
1402	1398	0	0.0
1286	1284	0	0.0
1201	1197	0	0.0
1419	1416	0	0.0
1464	1460	0	0.0
1435	1428	0	0.0
1355	1354	0	0.0
1223	1222	0	0.0
1267	1266	0	0.0
1479	1478	0	0.0
1384	1383	0	0.0
1317	1315	0	0.0
1367	1359	0	0.0
1465	1460	0	0.0
1287	1284	0	0.0
1400	1399	0	0.0
1199	1198	0	0.0
1356	1354	0	0.0
1224	1219	0	0.0
1420	1416	0	0.0
1385	1383	0	0.0
1268	1266	0	0.0
1318	1315	0	0.0
1368	1359	0	0.0
1436	1428	0	0.0
1466	1460	0	0.0
1401	1399	0	0.0
1357	1354	0	0.0
1288	1284	0	0.0
1480	1478	0	0.0
1224	1220	0	0.0
1200	1198	0	0.0
1386	1383	0	0.0
1369	1359	0	0.0
1319	1315	0	0.0
1462	1461	0	0.0
1268	1267	0	0.0
1421	1416	0	0.0
1402	1399	0	0.0
1201	1198	0	0.0
1356	1355	0	0.0
1437	1428	0	0.0
1365	1360	0	0.0
1317	1316	0	0.0
1387	1383	0	0.0
1289	1284	0	0.0
1463	1461	0	0.0
1224	1221	0	0.0
1401	1400	0	0.0
1269	1264	0	0.0
1357	1355	0	0.0
1422	1416	0	0.0
1200	1199	0	0.0
1366	1360	0	0.0
1481	1478	0	0.0
1438	1428	0	0.0
1388	1383	0	0.0
1318	1316	0	0.0
1402	1400	0	0.0
1224	1222	0	0.0
1464	1461	0	0.0
1286	1285	0	0.0
1201	1199	0	0.0
1270	1264	0	0.0
1357	1356	0	0.0
1367	1360	0	0.0
1418	1417	0	0.0
1385	1384	0	0.0
1482	1478	0	0.0
1224	1223	0	0.0
1402	1401	0	0.0
1319	1316	0	0.0
1434	1429	0	0.0
1465	1461	0	0.0
1201	1200	0	0.0
1287	1285	0	0.0
1368	1360	0	0.0
1358	1349	0	0.0
1225	1224	0	0.0
1386	1384	0	0.0
1271	1264	0	0.0
1419	1417	0	0.0
1404	1403	0	0.0
1318	1317	0	0.0
1480	1479	0	0.0
1202	1199	0	0.0
1435	1429	0	0.0
1369	1360	0	0.0
1466	1461	0	0.0
1359	1349	0	0.0
1387	1384	0	0.0
1288	1285	0	0.0
1269	1265	0	0.0
1226	1225	0	0.0
1419	1418	0	0.0
1405	1403	0	0.0
1319	1317	0	0.0
1203	1199	0	0.0
1436	1429	0	0.0
1481	1479	0	0.0
1360	1349	0	0.0
1227	1225	0	0.0
1365	1361	0	0.0
1463	1462	0	0.0
1270	1265	0	0.0
1388	1384	0	0.0
1289	1285	0	0.0
1319	1318	0	0.0
1406	1403	0	0.0
1204	1199	0	0.0
1420	1417	0	0.0
1437	1429	0	0.0
1227	1226	0	0.0
1482	1479	0	0.0
1464	1462	0	0.0
1271	1265	0	0.0
1366	1361	0	0.0
1361	1349	0	0.0
1386	1385	0	0.0
1287	1286	0	0.0
1320	1317	0	0.0
1205	1199	0	0.0
1407	1403	0	0.0
1228	1226	0	0.0
1465	1462	0	0.0
1421	1417	0	0.0
1438	1429	0	0.0
1269	1266	0	0.0
1387	1385	0	0.0
1362	1349	0	0.0
1367	1361	0	0.0
1206	1199	0	0.0
1408	1403	0	0.0
1229	1226	0	0.0
1288	1286	0	0.0
1321	1317	0	0.0
1466	1462	0	0.0
1422	1417	0	0.0
1388	1385	0	0.0
1481	1480	0	0.0
1368	1361	0	0.0
1363	1349	0	0.0
1228	1227	0	0.0
1409	1403	0	0.0
1434	1430	0	0.0
1289	1286	0	0.0
1464	1463	0	0.0
1320	1318	0	0.0
1420	1418	0	0.0
1364	1349	0	0.0
1387	1386	0	0.0
1369	1361	0	0.0
1229	1227	0	0.0
1405	1404	0	0.0
1288	1287	0	0.0
1465	1463	0	0.0
1435	1430	0	0.0
1482	1480	0	0.0
1321	1318	0	0.0
1388	1386	0	0.0
1358	1350	0	0.0
1421	1418	0	0.0
1406	1404	0	0.0
1365	1362	0	0.0
1466	1463	0	0.0
1289	1287	0	0.0
1320	1319	0	0.0
1388	1387	0	0.0
1366	1362	0	0.0
1407	1404	0	0.0
1359	1350	0	0.0
1482	1481	0	0.0
1465	1464	0	0.0
1436	1430	0	0.0
1389	1384	0	0.0
1289	1288	0	0.0
1321	1319	0	0.0
1422	1418	0	0.0
1367	1362	0	0.0
1360	1350	0	0.0
1408	1404	0	0.0
1466	1464	0	0.0
1483	1478	0	0.0
1290	1286	0	0.0
1368	1362	0	0.0
1390	1384	0	0.0
1321	1320	0	0.0
1361	1350	0	0.0
1420	1419	0	0.0
1409	1404	0	0.0
1466	1465	0	0.0
1437	1430	0	0.0
1391	1384	0	0.0
1291	1286	0	0.0
1369	1362	0	0.0
1484	1478	0	0.0
1362	1350	0	0.0
1322	1320	0	0.0
1467	1462	0	0.0
1406	1405	0	0.0
1421	1419	0	0.0
1438	1430	0	0.0
1365	1363	0	0.0
1392	1384	0	0.0
1292	1286	0	0.0
1485	1478	0	0.0
1363	1350	0	0.0
1468	1462	0	0.0
1407	1405	0	0.0
1323	1320	0	0.0
1393	1384	0	0.0
1422	1419	0	0.0
1366	1363	0	0.0
1290	1287	0	0.0
1364	1350	0	0.0
1434	1431	0	0.0
1486	1478	0	0.0
1408	1405	0	0.0
1469	1462	0	0.0
1324	1320	0	0.0
1367	1363	0	0.0
1394	1384	0	0.0
1421	1420	0	0.0
1358	1351	0	0.0
1291	1287	0	0.0
1409	1405	0	0.0
1470	1462	0	0.0
1325	1320	0	0.0
1359	1351	0	0.0
1389	1385	0	0.0
1368	1363	0	0.0
1422	1420	0	0.0
1292	1287	0	0.0
1435	1431	0	0.0
1487	1478	0	0.0
1407	1406	0	0.0
1471	1462	0	0.0
1360	1351	0	0.0
1390	1385	0	0.0
1322	1321	0	0.0
1369	1363	0	0.0
1290	1288	0	0.0
1472	1462	0	0.0
1408	1406	0	0.0
1422	1421	0	0.0
1361	1351	0	0.0
1436	1431	0	0.0
1391	1385	0	0.0
1365	1364	0	0.0
1323	1321	0	0.0
1488	1478	0	0.0
1291	1288	0	0.0
1467	1463	0	0.0
1409	1406	0	0.0
1392	1385	0	0.0
1362	1351	0	0.0
1423	1420	0	0.0
1437	1431	0	0.0
1366	1364	0	0.0
1292	1288	0	0.0
1324	1321	0	0.0
1393	1385	0	0.0
1408	1407	0	0.0
1363	1351	0	0.0
1468	1463	0	0.0
1483	1479	0	0.0
1367	1364	0	0.0
1424	1420	0	0.0
1409	1407	0	0.0
1469	1463	0	0.0
1290	1289	0	0.0
1325	1321	0	0.0
1394	1385	0	0.0
1364	1351	0	0.0
1438	1431	0	0.0
1368	1364	0	0.0
1484	1479	0	0.0
1470	1463	0	0.0
1425	1420	0	0.0
1409	1408	0	0.0
1389	1386	0	0.0
1291	1289	0	0.0
1323	1322	0	0.0
1358	1352	0	0.0
1369	1364	0	0.0
1485	1479	0	0.0
1434	1432	0	0.0
1471	1463	0	0.0
1390	1386	0	0.0
1410	1403	0	0.0
1423	1421	0	0.0
1359	1352	0	0.0
1324	1322	0	0.0
1292	1289	0	0.0
1366	1365	0	0.0
1472	1463	0	0.0
1391	1386	0	0.0
1411	1403	0	0.0
1435	1432	0	0.0
1486	1479	0	0.0
1360	1352	0	0.0
1424	1421	0	0.0
1325	1322	0	0.0
1467	1464	0	0.0
1412	1403	0	0.0
1291	1290	0	0.0
1367	1365	0	0.0
1392	1386	0	0.0
1436	1432	0	0.0
1361	1352	0	0.0
1468	1464	0	0.0
1425	1421	0	0.0
1324	1323	0	0.0
1368	1365	0	0.0
1487	1479	0	0.0
1292	1290	0	0.0
1413	1403	0	0.0
1362	1352	0	0.0
1437	1432	0	0.0
1469	1464	0	0.0
1369	1365	0	0.0
1423	1422	0	0.0
1325	1323	0	0.0
1292	1291	0	0.0
1414	1403	0	0.0
1470	1464	0	0.0
1438	1432	0	0.0
1367	1366	0	0.0
1488	1479	0	0.0
1325	1324	0	0.0
1424	1422	0	0.0
1471	1464	0	0.0
1410	1404	0	0.0
1293	1290	0	0.0
1368	1366	0	0.0
1434	1433	0	0.0
1327	1326	0	0.0
1483	1480	0	0.0
1472	1464	0	0.0
1425	1422	0	0.0
1411	1404	0	0.0
1369	1366	0	0.0
1435	1433	0	0.0
1467	1465	0	0.0
1412	1404	0	0.0
1424	1423	0	0.0
1484	1480	0	0.0
1436	1433	0	0.0
1468	1465	0	0.0
1413	1404	0	0.0
1425	1423	0	0.0
1437	1433	0	0.0
1485	1480	0	0.0
1414	1404	0	0.0
1469	1465	0	0.0
1438	1433	0	0.0
1425	1424	0	0.0
1470	1465	0	0.0
1486	1480	0	0.0
1435	1434	0	0.0
1471	1465	0	0.0
1426	1423	0	0.0
1487	1480	0	0.0
1436	1434	0	0.0
1472	1465	0	0.0
1427	1423	0	0.0
1467	1466	0	0.0
1437	1434	0	0.0
1488	1480	0	0.0
1428	1423	0	0.0
1468	1466	0	0.0
1438	1434	0	0.0
1483	1481	0	0.0
1469	1466	0	0.0
1436	1435	0	0.0
1429	1423	0	0.0
1470	1466	0	0.0
1437	1435	0	0.0
1484	1481	0	0.0
1438	1435	0	0.0
1430	1423	0	0.0
1485	1481	0	0.0
1437	1436	0	0.0
1438	1436	0	0.0
1486	1481	0	0.0
1431	1423	0	0.0
1438	1437	0	0.0
1487	1481	0	0.0
1432	1423	0	0.0
1439	1434	0	0.0
1488	1481	0	0.0
1440	1434	0	0.0
1433	1423	0	0.0
1483	1482	0	0.0
1439	1435	0	0.0
1426	1424	0	0.0
1484	1482	0	0.0
1440	1435	0	0.0
1427	1424	0	0.0
1439	1436	0	0.0
1485	1482	0	0.0
1428	1424	0	0.0
1486	1482	0	0.0
1440	1436	0	0.0
1429	1424	0	0.0
1487	1482	0	0.0
1439	1437	0	0.0
1430	1424	0	0.0
1440	1437	0	0.0
1488	1482	0	0.0
1431	1424	0	0.0
1484	1483	0	0.0
1439	1438	0	0.0
1432	1424	0	0.0
1440	1438	0	0.0
1485	1483	0	0.0
1433	1424	0	0.0
1486	1483	0	0.0
1440	1439	0	0.0
1426	1425	0	0.0
1441	1439	0	0.0
1487	1483	0	0.0
1427	1425	0	0.0
1442	1439	0	0.0
1488	1483	0	0.0
1428	1425	0	0.0
1443	1439	0	0.0
1485	1484	0	0.0
1429	1425	0	0.0
1486	1484	0	0.0
1441	1440	0	0.0
1430	1425	0	0.0
1442	1440	0	0.0
1487	1484	0	0.0
1431	1425	0	0.0
1443	1440	0	0.0
1488	1484	0	0.0
1432	1425	0	0.0
1442	1441	0	0.0
1486	1485	0	0.0
1443	1441	0	0.0
1487	1485	0	0.0
1443	1442	0	0.0
1488	1485	0	0.0
1444	1441	0	0.0
1487	1486	0	0.0
1488	1486	0	0.0
1488	1487	0	0.0
1489	1483	0	0.0
1490	1483	0	0.0
1491	1483	0	0.0
1492	1483	0	0.0
1493	1483	0	0.0
1489	1484	0	0.0
1490	1484	0	0.0
1491	1484	0	0.0
1492	1484	0	0.0
1493	1484	0	0.0
1489	1485	0	0.0
1490	1485	0	0.0
1491	1485	0	0.0
1184	1183	4	0.0
1185	1183	4	0.0
1185	1184	4	0.0
1186	1183	4	0.0
1187	1183	4	0.0
1188	1183	4	0.0
1189	1183	4	0.0
1190	1183	4	0.0
1186	1184	4	0.0
1187	1184	4	0.0
1188	1184	4	0.0
1189	1184	4	0.0
1190	1184	4	0.0
1186	1185	4	0.0
1187	1185	4	0.0
1202	1200	4	0.0
1188	1185	4	0.0
1189	1185	4	0.0
1190	1185	4	0.0
1187	1186	4	0.0
1203	1200	4	0.0
1229	1228	4	0.0
1188	1186	4	0.0
1204	1200	4	0.0
1189	1186	4	0.0
1230	1228	4	0.0
1190	1186	4	0.0
1205	1200	4	0.0
1231	1228	4	0.0
1206	1200	4	0.0
1188	1187	4	0.0
1230	1229	4	0.0
1189	1187	4	0.0
1231	1229	4	0.0
1202	1201	4	0.0
1190	1187	4	0.0
1231	1230	4	0.0
1203	1201	4	0.0
1189	1188	4	0.0
1232	1230	4	0.0
1190	1188	4	0.0
1204	1201	4	0.0
1232	1231	4	0.0
1190	1189	4	0.0
1205	1201	4	0.0
1233	1232	4	0.0
1191	1186	4	0.0
1246	1241	4	0.0
1206	1201	4	0.0
1234	1232	4	0.0
1192	1186	4	0.0
1193	1186	4	0.0
1235	1232	4	0.0
1203	1202	4	0.0
1194	1186	4	0.0
1236	1232	4	0.0
1247	1241	4	0.0
1204	1202	4	0.0
1195	1186	4	0.0
1237	1232	4	0.0
1205	1202	4	0.0
1270	1266	4	0.0
1196	1186	4	0.0
1238	1232	4	0.0
1248	1241	4	0.0
1206	1202	4	0.0
1234	1233	4	0.0
1191	1187	4	0.0
1204	1203	4	0.0
1271	1266	4	0.0
1192	1187	4	0.0
1249	1241	4	0.0
1235	1233	4	0.0
1205	1203	4	0.0
1269	1267	4	0.0
1193	1187	4	0.0
1236	1233	4	0.0
1206	1203	4	0.0
1194	1187	4	0.0
1270	1267	4	0.0
1237	1233	4	0.0
1246	1242	4	0.0
1205	1204	4	0.0
1195	1187	4	0.0
1238	1233	4	0.0
1293	1291	4	0.0
1271	1267	4	0.0
1206	1204	4	0.0
1196	1187	4	0.0
1235	1234	4	0.0
1269	1268	4	0.0
1247	1242	4	0.0
1293	1292	4	0.0
1191	1188	4	0.0
1206	1205	4	0.0
1236	1234	4	0.0
1270	1268	4	0.0
1295	1294	4	0.0
1192	1188	4	0.0
1237	1234	4	0.0
1248	1242	4	0.0
1207	1202	4	0.0
1328	1326	4	0.0
1271	1268	4	0.0
1193	1188	4	0.0
1296	1294	4	0.0
1238	1234	4	0.0
1249	1242	4	0.0
1270	1269	4	0.0
1208	1202	4	0.0
1297	1294	4	0.0
1236	1235	4	0.0
1194	1188	4	0.0
1329	1326	4	0.0
1271	1269	4	0.0
1195	1188	4	0.0
1328	1327	4	0.0
1296	1295	4	0.0
1237	1235	4	0.0
1209	1202	4	0.0
1246	1243	4	0.0
1271	1270	4	0.0
1196	1188	4	0.0
1297	1295	4	0.0
1238	1235	4	0.0
1210	1202	4	0.0
1329	1327	4	0.0
1272	1269	4	0.0
1363	1352	4	0.0
1191	1189	4	0.0
1237	1236	4	0.0
1297	1296	4	0.0
1207	1203	4	0.0
1273	1269	4	0.0
1329	1328	4	0.0
1247	1243	4	0.0
1192	1189	4	0.0
1238	1236	4	0.0
1298	1294	4	0.0
1364	1352	4	0.0
1208	1203	4	0.0
1330	1328	4	0.0
1193	1189	4	0.0
1272	1270	4	0.0
1299	1294	4	0.0
1238	1237	4	0.0
1358	1353	4	0.0
1209	1203	4	0.0
1194	1189	4	0.0
1331	1328	4	0.0
1248	1243	4	0.0
1300	1294	4	0.0
1273	1270	4	0.0
1239	1233	4	0.0
1210	1203	4	0.0
1195	1189	4	0.0
1359	1353	4	0.0
1330	1329	4	0.0
1298	1295	4	0.0
1240	1233	4	0.0
1368	1367	4	0.0
1272	1271	4	0.0
1196	1189	4	0.0
1331	1329	4	0.0
1207	1204	4	0.0
1299	1295	4	0.0
1360	1353	4	0.0
1241	1233	4	0.0
1249	1243	4	0.0
1273	1271	4	0.0
1191	1190	4	0.0
1331	1330	4	0.0
1208	1204	4	0.0
1242	1233	4	0.0
1361	1353	4	0.0
1369	1367	4	0.0
1273	1272	4	0.0
1300	1295	4	0.0
1332	1330	4	0.0
1192	1190	4	0.0
1246	1244	4	0.0
1243	1233	4	0.0
1209	1204	4	0.0
1393	1386	4	0.0
1362	1353	4	0.0
1298	1296	4	0.0
1193	1190	4	0.0
1332	1331	4	0.0
1274	1272	4	0.0
1369	1368	4	0.0
1244	1233	4	0.0
1210	1204	4	0.0
1247	1244	4	0.0
1299	1296	4	0.0
1194	1190	4	0.0
1363	1353	4	0.0
1333	1332	4	0.0
1275	1272	4	0.0
1394	1386	4	0.0
1370	1365	4	0.0
1245	1233	4	0.0
1300	1296	4	0.0
1364	1353	4	0.0
1207	1205	4	0.0
1195	1190	4	0.0
1389	1387	4	0.0
1371	1365	4	0.0
1276	1272	4	0.0
1334	1333	4	0.0
1248	1244	4	0.0
1298	1297	4	0.0
1239	1234	4	0.0
1358	1354	4	0.0
1208	1205	4	0.0
1196	1190	4	0.0
1390	1387	4	0.0
1410	1405	4	0.0
1335	1333	4	0.0
1372	1365	4	0.0
1277	1272	4	0.0
1299	1297	4	0.0
1240	1234	4	0.0
1192	1191	4	0.0
1391	1387	4	0.0
1370	1366	4	0.0
1359	1354	4	0.0
1209	1205	4	0.0
1335	1334	4	0.0
1249	1244	4	0.0
1278	1272	4	0.0
1300	1297	4	0.0
1241	1234	4	0.0
1411	1405	4	0.0
1371	1366	4	0.0
1392	1387	4	0.0
1210	1205	4	0.0
1299	1298	4	0.0
1360	1354	4	0.0
1193	1191	4	0.0
1337	1336	4	0.0
1242	1234	4	0.0
1274	1273	4	0.0
1433	1425	4	0.0
1246	1245	4	0.0
1412	1405	4	0.0
1372	1366	4	0.0
1300	1298	4	0.0
1361	1354	4	0.0
1393	1387	4	0.0
1194	1191	4	0.0
1207	1206	4	0.0
1338	1336	4	0.0
1243	1234	4	0.0
1275	1273	4	0.0
1427	1426	4	0.0
1370	1367	4	0.0
1195	1191	4	0.0
1338	1337	4	0.0
1394	1387	4	0.0
1413	1405	4	0.0
1208	1206	4	0.0
1276	1273	4	0.0
1300	1299	4	0.0
1362	1354	4	0.0
1371	1367	4	0.0
1445	1441	4	0.0
1428	1426	4	0.0
1196	1191	4	0.0
1247	1245	4	0.0
1244	1234	4	0.0
1339	1336	4	0.0
1389	1388	4	0.0
1414	1405	4	0.0
1209	1206	4	0.0
1301	1298	4	0.0
1277	1273	4	0.0
1193	1192	4	0.0
1429	1426	4	0.0
1363	1354	4	0.0
1372	1367	4	0.0
1444	1442	4	0.0
1245	1234	4	0.0
1340	1336	4	0.0
1390	1388	4	0.0
1410	1406	4	0.0
1302	1298	4	0.0
1248	1245	4	0.0
1210	1206	4	0.0
1278	1273	4	0.0
1430	1426	4	0.0
1370	1368	4	0.0
1364	1354	4	0.0
1194	1192	4	0.0
1339	1337	4	0.0
1391	1388	4	0.0
1445	1442	4	0.0
1239	1235	4	0.0
1303	1298	4	0.0
1411	1406	4	0.0
1208	1207	4	0.0
1275	1274	4	0.0
1431	1426	4	0.0
1444	1443	4	0.0
1371	1368	4	0.0
1392	1388	4	0.0
1195	1192	4	0.0
1340	1337	4	0.0
1471	1466	4	0.0
1412	1406	4	0.0
1304	1298	4	0.0
1209	1207	4	0.0
1240	1235	4	0.0
1358	1355	4	0.0
1276	1274	4	0.0
1432	1426	4	0.0
1249	1245	4	0.0
1445	1443	4	0.0
1393	1388	4	0.0
1196	1192	4	0.0
1372	1368	4	0.0
1339	1338	4	0.0
1305	1298	4	0.0
1210	1207	4	0.0
1413	1406	4	0.0
1472	1466	4	0.0
1241	1235	4	0.0
1445	1444	4	0.0
1433	1426	4	0.0
1359	1355	4	0.0
1277	1274	4	0.0
1247	1246	4	0.0
1194	1193	4	0.0
1394	1388	4	0.0
1340	1338	4	0.0
1306	1298	4	0.0
1209	1208	4	0.0
1370	1369	4	0.0
1414	1406	4	0.0
1447	1446	4	0.0
1428	1427	4	0.0
1468	1467	4	0.0
1492	1485	4	0.0
1278	1274	4	0.0
1242	1235	4	0.0
1195	1193	4	0.0
1360	1355	4	0.0
1390	1389	4	0.0
1301	1299	4	0.0
1340	1339	4	0.0
1210	1208	4	0.0
1371	1369	4	0.0
1448	1446	4	0.0
1429	1427	4	0.0
1410	1407	4	0.0
1469	1467	4	0.0
1243	1235	4	0.0
1196	1193	4	0.0
1276	1275	4	0.0
1248	1246	4	0.0
1391	1389	4	0.0
1361	1355	4	0.0
1342	1341	4	0.0
1302	1299	4	0.0
1449	1446	4	0.0
1493	1485	4	0.0
1210	1209	4	0.0
1470	1467	4	0.0
1372	1369	4	0.0
1244	1235	4	0.0
1195	1194	4	0.0
1277	1275	4	0.0
1430	1427	4	0.0
1411	1407	4	0.0
1343	1341	4	0.0
1303	1299	4	0.0
1392	1389	4	0.0
1362	1355	4	0.0
1448	1447	4	0.0
1211	1207	4	0.0
1249	1246	4	0.0
1196	1194	4	0.0
1245	1235	4	0.0
1412	1407	4	0.0
1371	1370	4	0.0
1471	1467	4	0.0
1431	1427	4	0.0
1304	1299	4	0.0
1278	1275	4	0.0
1344	1341	4	0.0
1449	1447	4	0.0
1211	1208	4	0.0
1363	1355	4	0.0
1489	1486	4	0.0
1393	1389	4	0.0
1472	1467	4	0.0
1239	1236	4	0.0
1432	1427	4	0.0
1305	1299	4	0.0
1449	1448	4	0.0
1277	1276	4	0.0
1372	1370	4	0.0
1343	1342	4	0.0
1413	1407	4	0.0
1196	1195	4	0.0
1364	1355	4	0.0
1211	1209	4	0.0
1394	1389	4	0.0
1248	1247	4	0.0
1490	1486	4	0.0
1240	1236	4	0.0
1469	1468	4	0.0
1433	1427	4	0.0
1306	1299	4	0.0
1278	1276	4	0.0
1451	1450	4	0.0
1358	1356	4	0.0
1211	1210	4	0.0
1414	1407	4	0.0
1344	1342	4	0.0
1197	1191	4	0.0
1372	1371	4	0.0
1391	1390	4	0.0
1470	1468	4	0.0
1241	1236	4	0.0
1491	1486	4	0.0
1249	1247	4	0.0
1429	1428	4	0.0
1344	1343	4	0.0
1452	1450	4	0.0
1392	1390	4	0.0
1198	1191	4	0.0
1471	1468	4	0.0
1278	1277	4	0.0
1301	1300	4	0.0
1373	1370	4	0.0
1242	1236	4	0.0
1197	1192	4	0.0
1393	1390	4	0.0
1430	1428	4	0.0
1359	1356	4	0.0
1213	1212	4	0.0
1410	1408	4	0.0
1472	1468	4	0.0
1453	1450	4	0.0
1302	1300	4	0.0
1492	1486	4	0.0
1374	1370	4	0.0
1346	1345	4	0.0
1279	1274	4	0.0
1243	1236	4	0.0
1249	1248	4	0.0
1394	1390	4	0.0
1198	1192	4	0.0
1360	1356	4	0.0
1431	1428	4	0.0
1411	1408	4	0.0
1454	1450	4	0.0
1214	1212	4	0.0
1280	1274	4	0.0
1347	1345	4	0.0
1303	1300	4	0.0
1392	1391	4	0.0
1470	1469	4	0.0
1375	1370	4	0.0
1244	1236	4	0.0
1432	1428	4	0.0
1197	1193	4	0.0
1250	1246	4	0.0
1493	1486	4	0.0
1361	1356	4	0.0
1452	1451	4	0.0
1412	1408	4	0.0
1214	1213	4	0.0
1281	1274	4	0.0
1304	1300	4	0.0
1348	1345	4	0.0
1376	1370	4	0.0
1393	1391	4	0.0
1471	1469	4	0.0
1198	1193	4	0.0
1245	1236	4	0.0
1433	1428	4	0.0
1453	1451	4	0.0
1362	1356	4	0.0
1413	1408	4	0.0
1215	1212	4	0.0
1394	1391	4	0.0
1305	1300	4	0.0
1279	1275	4	0.0
1347	1346	4	0.0
1472	1469	4	0.0
1373	1371	4	0.0
1430	1429	4	0.0
1239	1237	4	0.0
1197	1194	4	0.0
1454	1451	4	0.0
1251	1246	4	0.0
1489	1487	4	0.0
1363	1356	4	0.0
1215	1213	4	0.0
1414	1408	4	0.0
1348	1346	4	0.0
1374	1371	4	0.0
1306	1300	4	0.0
1393	1392	4	0.0
1198	1194	4	0.0
1471	1470	4	0.0
1280	1275	4	0.0
1453	1452	4	0.0
1431	1429	4	0.0
1240	1237	4	0.0
1490	1487	4	0.0
1250	1247	4	0.0
1364	1356	4	0.0
1348	1347	4	0.0
1215	1214	4	0.0
1410	1409	4	0.0
1394	1392	4	0.0
1375	1371	4	0.0
1197	1195	4	0.0
1432	1429	4	0.0
1472	1470	4	0.0
1302	1301	4	0.0
1241	1237	4	0.0
1281	1275	4	0.0
1454	1452	4	0.0
1358	1357	4	0.0
1350	1349	4	0.0
1216	1215	4	0.0
1394	1393	4	0.0
1411	1409	4	0.0
1198	1195	4	0.0
1376	1371	4	0.0
1491	1487	4	0.0
1433	1429	4	0.0
1472	1471	4	0.0
1303	1301	4	0.0
1251	1247	4	0.0
1242	1237	4	0.0
1454	1453	4	0.0
1279	1276	4	0.0
1217	1215	4	0.0
1395	1389	4	0.0
1351	1349	4	0.0
1359	1357	4	0.0
1197	1196	4	0.0
1412	1409	4	0.0
1431	1430	4	0.0
1373	1372	4	0.0
1304	1301	4	0.0
1474	1473	4	0.0
1243	1237	4	0.0
1492	1487	4	0.0
1455	1450	4	0.0
1280	1276	4	0.0
1250	1248	4	0.0
1218	1215	4	0.0
1352	1349	4	0.0
1396	1389	4	0.0
1198	1196	4	0.0
1475	1474	4	0.0
1305	1301	4	0.0
1244	1237	4	0.0
1374	1372	4	0.0
1360	1357	4	0.0
1281	1276	4	0.0
1432	1430	4	0.0
1413	1409	4	0.0
1353	1349	4	0.0
1456	1450	4	0.0
1217	1216	4	0.0
1493	1487	4	0.0
1395	1390	4	0.0
1245	1237	4	0.0
1198	1197	4	0.0
1375	1372	4	0.0
1251	1248	4	0.0
1476	1475	4	0.0
1306	1301	4	0.0
1354	1349	4	0.0
1361	1357	4	0.0
1414	1409	4	0.0
1279	1277	4	0.0
1433	1430	4	0.0
1455	1451	4	0.0
1396	1390	4	0.0
1199	1197	4	0.0
1280	1277	4	0.0
1239	1238	4	0.0
1218	1216	4	0.0
1456	1451	4	0.0
1411	1410	4	0.0
1303	1302	4	0.0
1355	1349	4	0.0
1362	1357	4	0.0
1477	1475	4	0.0
1432	1431	4	0.0
1250	1249	4	0.0
1376	1372	4	0.0
1281	1277	4	0.0
1395	1391	4	0.0
1489	1488	4	0.0
1240	1238	4	0.0
1455	1452	4	0.0
1304	1302	4	0.0
1356	1349	4	0.0
1363	1357	4	0.0
1200	1197	4	0.0
1412	1410	4	0.0
1433	1431	4	0.0
1477	1476	4	0.0
1218	1217	4	0.0
1374	1373	4	0.0
1279	1278	4	0.0
1251	1249	4	0.0
1396	1391	4	0.0
1456	1452	4	0.0
1241	1238	4	0.0
1364	1357	4	0.0
1201	1197	4	0.0
1305	1302	4	0.0
1413	1410	4	0.0
1357	1349	4	0.0
1433	1432	4	0.0
1375	1373	4	0.0
1478	1476	4	0.0
1280	1278	4	0.0
1219	1216	4	0.0
1490	1488	4	0.0
1395	1392	4	0.0
1455	1453	4	0.0
1242	1238	4	0.0
1251	1250	4	0.0
1359	1358	4	0.0
1376	1373	4	0.0
1414	1410	4	0.0
1306	1302	4	0.0
1351	1350	4	0.0
1199	1198	4	0.0
1434	1426	4	0.0
1479	1476	4	0.0
1281	1278	4	0.0
1220	1216	4	0.0
1396	1392	4	0.0
1456	1453	4	0.0
1243	1238	4	0.0
1360	1358	4	0.0
1491	1488	4	0.0
1352	1350	4	0.0
1304	1303	4	0.0
1412	1411	4	0.0
1375	1374	4	0.0
1435	1426	4	0.0
1480	1476	4	0.0
1200	1198	4	0.0
1455	1454	4	0.0
1395	1393	4	0.0
1221	1216	4	0.0
1280	1279	4	0.0
1252	1250	4	0.0
1361	1358	4	0.0
1353	1350	4	0.0
1244	1238	4	0.0
1413	1411	4	0.0
1305	1303	4	0.0
1436	1426	4	0.0
1481	1476	4	0.0
1376	1374	4	0.0
1201	1198	4	0.0
1456	1454	4	0.0
1222	1216	4	0.0
1492	1488	4	0.0
1281	1279	4	0.0
1362	1358	4	0.0
1396	1393	4	0.0
1200	1199	4	0.0
1482	1476	4	0.0
1354	1350	4	0.0
1437	1426	4	0.0
1414	1411	4	0.0
1376	1375	4	0.0
1456	1455	4	0.0
1253	1250	4	0.0
1306	1303	4	0.0
1223	1216	4	0.0
1245	1238	4	0.0
1281	1280	4	0.0
1493	1488	4	0.0
1201	1199	4	0.0
1395	1394	4	0.0
1438	1426	4	0.0
1363	1358	4	0.0
1478	1477	4	0.0
1413	1412	4	0.0
1355	1350	4	0.0
1457	1455	4	0.0
1377	1373	4	0.0
1305	1304	4	0.0
1219	1217	4	0.0
1254	1250	4	0.0
1240	1239	4	0.0
1396	1394	4	0.0
1283	1282	4	0.0
1434	1427	4	0.0
1490	1489	4	0.0
1356	1350	4	0.0
1458	1455	4	0.0
1414	1412	4	0.0
1479	1477	4	0.0
1201	1200	4	0.0
1378	1373	4	0.0
1364	1358	4	0.0
1396	1395	4	0.0
1306	1304	4	0.0
1220	1217	4	0.0
1435	1427	4	0.0
1241	1239	4	0.0
1284	1282	4	0.0
1357	1350	4	0.0
1457	1456	4	0.0
1491	1489	4	0.0
1252	1251	4	0.0
1202	1199	4	0.0
1360	1359	4	0.0
1480	1477	4	0.0
1377	1374	4	0.0
1414	1413	4	0.0
1397	1395	4	0.0
1242	1239	4	0.0
1221	1217	4	0.0
1352	1351	4	0.0
1436	1427	4	0.0
1458	1456	4	0.0
1285	1282	4	0.0
1306	1305	4	0.0
1361	1359	4	0.0
1203	1199	4	0.0
1398	1395	4	0.0
1353	1351	4	0.0
1437	1427	4	0.0
1458	1457	4	0.0
1243	1239	4	0.0
1253	1251	4	0.0
1378	1374	4	0.0
1222	1217	4	0.0
1481	1477	4	0.0
1308	1307	4	0.0
1284	1283	4	0.0
1362	1359	4	0.0
1399	1395	4	0.0
1492	1489	4	0.0
1415	1410	4	0.0
1204	1199	4	0.0
1354	1351	4	0.0
1438	1427	4	0.0
1459	1457	4	0.0
1377	1375	4	0.0
1223	1217	4	0.0
1309	1307	4	0.0
1363	1359	4	0.0
1244	1239	4	0.0
1400	1395	4	0.0
1482	1477	4	0.0
1254	1251	4	0.0
1434	1428	4	0.0
1415	1411	4	0.0
1460	1457	4	0.0
1205	1199	4	0.0
1285	1283	4	0.0
1355	1351	4	0.0
1364	1359	4	0.0
1309	1308	4	0.0
1219	1218	4	0.0
1493	1489	4	0.0
1378	1375	4	0.0
1245	1239	4	0.0
1401	1395	4	0.0
1479	1478	4	0.0
1356	1351	4	0.0
1415	1412	4	0.0
1206	1199	4	0.0
1361	1360	4	0.0
1241	1240	4	0.0
1220	1218	4	0.0
1435	1428	4	0.0
1480	1478	4	0.0
1285	1284	4	0.0
1491	1490	4	0.0
1253	1252	4	0.0
1461	1457	4	0.0
1377	1376	4	0.0
1415	1413	4	0.0
1310	1307	4	0.0
1402	1395	4	0.0
1357	1351	4	0.0
1221	1218	4	0.0
1436	1428	4	0.0
1286	1282	4	0.0
1242	1240	4	0.0
1362	1360	4	0.0
1459	1458	4	0.0
1397	1396	4	0.0
1481	1478	4	0.0
1378	1376	4	0.0
1310	1308	4	0.0
1353	1352	4	0.0
1415	1414	4	0.0
1437	1428	4	0.0
1222	1218	4	0.0
1287	1282	4	0.0
1492	1490	4	0.0
1254	1252	4	0.0
1243	1240	4	0.0
1398	1396	4	0.0
1363	1360	4	0.0
1310	1309	4	0.0
1378	1377	4	0.0
1416	1415	4	0.0
1482	1478	4	0.0
1460	1458	4	0.0
1223	1218	4	0.0
1438	1428	4	0.0
1288	1282	4	0.0
1354	1352	4	0.0
1244	1240	4	0.0
1254	1253	4	0.0
1379	1377	4	0.0
1311	1310	4	0.0
1355	1352	4	0.0
1364	1360	4	0.0
1434	1429	4	0.0
1493	1490	4	0.0
1417	1415	4	0.0
1289	1282	4	0.0
1245	1240	4	0.0
1399	1396	4	0.0
1220	1219	4	0.0
1480	1479	4	0.0
1461	1458	4	0.0
1312	1311	4	0.0
1380	1377	4	0.0
1356	1352	4	0.0
1362	1361	4	0.0
1255	1252	4	0.0
1435	1429	4	0.0
1418	1415	4	0.0
1481	1479	4	0.0
1242	1241	4	0.0
1286	1283	4	0.0
1221	1219	4	0.0
1460	1459	4	0.0
1400	1396	4	0.0
1363	1361	4	0.0
1492	1491	4	0.0
1357	1352	4	0.0
1436	1429	4	0.0
1313	1312	4	0.0
1482	1479	4	0.0
1381	1377	4	0.0
1419	1415	4	0.0
1243	1241	4	0.0
1287	1283	4	0.0
1314	1313	4	0.0
1364	1361	4	0.0
1354	1353	4	0.0
1401	1396	4	0.0
1256	1252	4	0.0
1461	1459	4	0.0
1222	1219	4	0.0
1437	1429	4	0.0
1379	1378	4	0.0
1481	1480	4	0.0
1417	1416	4	0.0
1493	1491	4	0.0
1244	1241	4	0.0
1363	1362	4	0.0
1288	1283	4	0.0
1355	1353	4	0.0
1315	1314	4	0.0
1223	1219	4	0.0
1461	1460	4	0.0
1402	1396	4	0.0
1438	1429	4	0.0
1380	1378	4	0.0
1482	1480	4	0.0
1418	1416	4	0.0
1245	1241	4	0.0
1257	1252	4	0.0
1221	1220	4	0.0
1364	1362	4	0.0
1462	1459	4	0.0
1493	1492	4	0.0
1289	1283	4	0.0
1316	1314	4	0.0
1356	1353	4	0.0
1482	1481	4	0.0
1381	1378	4	0.0
1434	1430	4	0.0
1419	1416	4	0.0
1398	1397	4	0.0
1243	1242	4	0.0
1357	1353	4	0.0
1364	1363	4	0.0
1255	1253	4	0.0
1483	1478	4	0.0
1286	1284	4	0.0
1420	1416	4	0.0
1380	1379	4	0.0
1463	1459	4	0.0
1435	1430	4	0.0
1222	1220	4	0.0
1399	1397	4	0.0
1316	1315	4	0.0
1244	1242	4	0.0
1355	1354	4	0.0
1365	1358	4	0.0
1484	1478	4	0.0
1421	1416	4	0.0
1256	1253	4	0.0
1287	1284	4	0.0
1381	1379	4	0.0
1436	1430	4	0.0
1223	1220	4	0.0
1464	1459	4	0.0
1245	1242	4	0.0
1356	1354	4	0.0
1317	1315	4	0.0
1485	1478	4	0.0
1366	1358	4	0.0
1422	1416	4	0.0
1400	1397	4	0.0
1288	1284	4	0.0
1381	1380	4	0.0
1222	1221	4	0.0
1465	1459	4	0.0
1437	1430	4	0.0
1357	1354	4	0.0
1244	1243	4	0.0
1486	1478	4	0.0
1257	1253	4	0.0
1318	1315	4	0.0
1367	1358	4	0.0
1418	1417	4	0.0
1401	1397	4	0.0
1289	1284	4	0.0
1382	1379	4	0.0
1223	1221	4	0.0
1356	1355	4	0.0
1466	1459	4	0.0
1438	1430	4	0.0
1245	1243	4	0.0
1487	1478	4	0.0
1319	1315	4	0.0
1419	1417	4	0.0
1368	1358	4	0.0
1286	1285	4	0.0
1402	1397	4	0.0
1223	1222	4	0.0
1462	1460	4	0.0
1383	1379	4	0.0
1357	1355	4	0.0
1245	1244	4	0.0
1434	1431	4	0.0
1255	1254	4	0.0
1317	1316	4	0.0
1488	1478	4	0.0
1369	1358	4	0.0
1419	1418	4	0.0
1287	1285	4	0.0
1399	1398	4	0.0
1224	1219	4	0.0
1463	1460	4	0.0
1382	1380	4	0.0
1357	1356	4	0.0
1246	1239	4	0.0
1435	1431	4	0.0
1483	1479	4	0.0
1318	1316	4	0.0
1420	1417	4	0.0
1256	1254	4	0.0
1288	1285	4	0.0
1400	1398	4	0.0
1365	1359	4	0.0
1383	1380	4	0.0
1224	1220	4	0.0
1464	1460	4	0.0
1247	1239	4	0.0
1436	1431	4	0.0
1358	1349	4	0.0
1484	1479	4	0.0
1421	1417	4	0.0
1289	1285	4	0.0
1319	1316	4	0.0
1465	1460	4	0.0
1366	1359	4	0.0
1437	1431	4	0.0
1401	1398	4	0.0
1382	1381	4	0.0
1257	1254	4	0.0
1485	1479	4	0.0
1224	1221	4	0.0
1248	1239	4	0.0
1422	1417	4	0.0
1359	1349	4	0.0
1287	1286	4	0.0
1318	1317	4	0.0
1466	1460	4	0.0
1367	1359	4	0.0
1438	1431	4	0.0
1383	1381	4	0.0
1486	1479	4	0.0
1402	1398	4	0.0
1360	1349	4	0.0
1249	1239	4	0.0
1224	1222	4	0.0
1420	1418	4	0.0
1319	1317	4	0.0
1288	1286	4	0.0
1462	1461	4	0.0
1368	1359	4	0.0
1256	1255	4	0.0
1434	1432	4	0.0
1487	1479	4	0.0
1383	1382	4	0.0
1400	1399	4	0.0
1246	1240	4	0.0
1421	1418	4	0.0
1361	1349	4	0.0
1224	1223	4	0.0
1319	1318	4	0.0
1289	1286	4	0.0
1384	1382	4	0.0
1369	1359	4	0.0
1488	1479	4	0.0
1463	1461	4	0.0
1257	1255	4	0.0
1247	1240	4	0.0
1435	1432	4	0.0
1320	1317	4	0.0
1401	1399	4	0.0
1422	1418	4	0.0
1225	1224	4	0.0
1362	1349	4	0.0
1288	1287	4	0.0
1385	1382	4	0.0
1365	1360	4	0.0
1483	1480	4	0.0
1464	1461	4	0.0
1248	1240	4	0.0
1436	1432	4	0.0
1257	1256	4	0.0
1321	1317	4	0.0
1465	1461	4	0.0
1402	1399	4	0.0
1363	1349	4	0.0
1226	1225	4	0.0
1484	1480	4	0.0
1386	1382	4	0.0
1366	1360	4	0.0
1289	1287	4	0.0
1420	1419	4	0.0
1437	1432	4	0.0
1249	1240	4	0.0
1320	1318	4	0.0
1258	1255	4	0.0
1466	1461	4	0.0
1364	1349	4	0.0
1401	1400	4	0.0
1485	1480	4	0.0
1367	1360	4	0.0
1438	1432	4	0.0
1387	1382	4	0.0
1421	1419	4	0.0
1227	1225	4	0.0
1463	1462	4	0.0
1289	1288	4	0.0
1321	1318	4	0.0
1358	1350	4	0.0
1402	1400	4	0.0
1368	1360	4	0.0
1486	1480	4	0.0
1259	1255	4	0.0
1434	1433	4	0.0
1388	1382	4	0.0
1422	1419	4	0.0
1227	1226	4	0.0
1290	1286	4	0.0
1464	1462	4	0.0
1320	1319	4	0.0
1359	1350	4	0.0
1402	1401	4	0.0
1487	1480	4	0.0
1369	1360	4	0.0
1228	1226	4	0.0
1435	1433	4	0.0
1421	1420	4	0.0
1384	1383	4	0.0
1321	1319	4	0.0
1465	1462	4	0.0
1360	1350	4	0.0
1291	1286	4	0.0
1258	1256	4	0.0
1404	1403	4	0.0
1365	1361	4	0.0
1229	1226	4	0.0
1422	1420	4	0.0
1488	1480	4	0.0
1321	1320	4	0.0
1436	1433	4	0.0
1292	1286	4	0.0
1361	1350	4	0.0
1466	1462	4	0.0
1385	1383	4	0.0
1366	1361	4	0.0
1405	1403	4	0.0
1259	1256	4	0.0
1228	1227	4	0.0
1483	1481	4	0.0
1422	1421	4	0.0
1437	1433	4	0.0
1290	1287	4	0.0
1322	1320	4	0.0
1464	1463	4	0.0
1406	1403	4	0.0
1367	1361	4	0.0
1362	1350	4	0.0
1386	1383	4	0.0
1438	1433	4	0.0
1484	1481	4	0.0
1291	1287	4	0.0
1258	1257	4	0.0
1465	1463	4	0.0
1229	1227	4	0.0
1323	1320	4	0.0
1423	1420	4	0.0
1368	1361	4	0.0
1363	1350	4	0.0
1407	1403	4	0.0
1387	1383	4	0.0
1435	1434	4	0.0
1485	1481	4	0.0
1424	1420	4	0.0
1292	1287	4	0.0
1466	1463	4	0.0
1388	1383	4	0.0
1364	1350	4	0.0
1436	1434	4	0.0
1486	1481	4	0.0
1259	1257	4	0.0
1324	1320	4	0.0
1408	1403	4	0.0
1369	1361	4	0.0
1290	1288	4	0.0
1425	1420	4	0.0
1465	1464	4	0.0
1385	1384	4	0.0
1358	1351	4	0.0
1437	1434	4	0.0
1487	1481	4	0.0
1325	1320	4	0.0
1291	1288	4	0.0
1423	1421	4	0.0
1466	1464	4	0.0
1365	1362	4	0.0
1386	1384	4	0.0
1488	1481	4	0.0
1438	1434	4	0.0
1259	1258	4	0.0
1322	1321	4	0.0
1409	1403	4	0.0
1359	1351	4	0.0
1292	1288	4	0.0
1424	1421	4	0.0
1387	1384	4	0.0
1466	1465	4	0.0
1366	1362	4	0.0
1483	1482	4	0.0
1436	1435	4	0.0
1290	1289	4	0.0
1323	1321	4	0.0
1360	1351	4	0.0
1405	1404	4	0.0
1260	1258	4	0.0
1425	1421	4	0.0
1388	1384	4	0.0
1367	1362	4	0.0
1467	1462	4	0.0
1437	1435	4	0.0
1484	1482	4	0.0
1406	1404	4	0.0
1324	1321	4	0.0
1386	1385	4	0.0
1423	1422	4	0.0
1361	1351	4	0.0
1291	1289	4	0.0
1468	1462	4	0.0
1368	1362	4	0.0
1438	1435	4	0.0
1485	1482	4	0.0
1261	1258	4	0.0
1407	1404	4	0.0
1387	1385	4	0.0
1424	1422	4	0.0
1325	1321	4	0.0
1369	1362	4	0.0
1362	1351	4	0.0
1469	1462	4	0.0
1292	1289	4	0.0
1486	1482	4	0.0
1437	1436	4	0.0
1260	1259	4	0.0
1408	1404	4	0.0
1425	1422	4	0.0
1323	1322	4	0.0
1388	1385	4	0.0
1365	1363	4	0.0
1363	1351	4	0.0
1470	1462	4	0.0
1291	1290	4	0.0
1487	1482	4	0.0
1438	1436	4	0.0
1424	1423	4	0.0
1409	1404	4	0.0
1324	1322	4	0.0
1366	1363	4	0.0
1387	1386	4	0.0
1364	1351	4	0.0
1292	1290	4	0.0
1261	1259	4	0.0
1471	1462	4	0.0
1438	1437	4	0.0
1425	1423	4	0.0
1488	1482	4	0.0
1388	1386	4	0.0
1292	1291	4	0.0
1325	1322	4	0.0
1367	1363	4	0.0
1358	1352	4	0.0
1406	1405	4	0.0
1472	1462	4	0.0
1439	1434	4	0.0
1484	1483	4	0.0
1425	1424	4	0.0
1261	1260	4	0.0
1293	1290	4	0.0
1324	1323	4	0.0
1388	1387	4	0.0
1368	1363	4	0.0
1359	1352	4	0.0
1440	1434	4	0.0
1407	1405	4	0.0
1485	1483	4	0.0
1467	1463	4	0.0
1426	1423	4	0.0
1325	1323	4	0.0
1369	1363	4	0.0
1360	1352	4	0.0
1389	1384	4	0.0
1262	1260	4	0.0
1486	1483	4	0.0
1439	1435	4	0.0
1325	1324	4	0.0
1468	1463	4	0.0
1427	1423	4	0.0
1408	1405	4	0.0
1365	1364	4	0.0
1361	1352	4	0.0
1390	1384	4	0.0
1487	1483	4	0.0
1440	1435	4	0.0
1327	1326	4	0.0
1409	1405	4	0.0
1469	1463	4	0.0
1366	1364	4	0.0
1428	1423	4	0.0
1362	1352	4	0.0
1263	1260	4	0.0
1488	1483	4	0.0
1391	1384	4	0.0
1470	1463	4	0.0
1439	1436	4	0.0
1367	1364	4	0.0
1407	1406	4	0.0
1429	1423	4	0.0
1485	1484	4	0.0
1392	1384	4	0.0
1262	1261	4	0.0
1471	1463	4	0.0
1368	1364	4	0.0
1440	1436	4	0.0
1430	1423	4	0.0
1486	1484	4	0.0
1393	1384	4	0.0
1408	1406	4	0.0
1263	1261	4	0.0
1439	1437	4	0.0
1472	1463	4	0.0
1369	1364	4	0.0
1431	1423	4	0.0
1487	1484	4	0.0
1394	1384	4	0.0
1440	1437	4	0.0
1409	1406	4	0.0
1366	1365	4	0.0
1432	1423	4	0.0
1263	1262	4	0.0
1467	1464	4	0.0
1389	1385	4	0.0
1488	1484	4	0.0
1439	1438	4	0.0
1367	1365	4	0.0
1433	1423	4	0.0
1408	1407	4	0.0
1468	1464	4	0.0
1390	1385	4	0.0
1486	1485	4	0.0
1440	1438	4	0.0
1368	1365	4	0.0
1426	1424	4	0.0
1409	1407	4	0.0
1469	1464	4	0.0
1487	1485	4	0.0
1391	1385	4	0.0
1440	1439	4	0.0
1264	1262	4	0.0
1369	1365	4	0.0
1427	1424	4	0.0
1470	1464	4	0.0
1409	1408	4	0.0
1488	1485	4	0.0
1367	1366	4	0.0
1441	1439	4	0.0
1392	1385	4	0.0
1471	1464	4	0.0
1428	1424	4	0.0
1487	1486	4	0.0
1368	1366	4	0.0
1442	1439	4	0.0
1410	1403	4	0.0
1265	1262	4	0.0
1429	1424	4	0.0
1393	1385	4	0.0
1472	1464	4	0.0
1488	1486	4	0.0
1369	1366	4	0.0
1443	1439	4	0.0
1467	1465	4	0.0
1394	1385	4	0.0
1488	1487	4	0.0
1430	1424	4	0.0
1266	1262	4	0.0
1441	1440	4	0.0
1411	1403	4	0.0
1468	1465	4	0.0
1389	1386	4	0.0
1431	1424	4	0.0
1489	1483	4	0.0
1442	1440	4	0.0
1412	1403	4	0.0
1469	1465	4	0.0
1390	1386	4	0.0
1490	1483	4	0.0
1432	1424	4	0.0
1443	1440	4	0.0
1267	1262	4	0.0
1413	1403	4	0.0
1391	1386	4	0.0
1470	1465	4	0.0
1491	1483	4	0.0
1442	1441	4	0.0
1433	1424	4	0.0
1392	1386	4	0.0
1414	1403	4	0.0
1492	1483	4	0.0
1268	1262	4	0.0
1471	1465	4	0.0
1443	1441	4	0.0
1426	1425	4	0.0
1410	1404	4	0.0
1493	1483	4	0.0
1472	1465	4	0.0
1427	1425	4	0.0
1443	1442	4	0.0
1411	1404	4	0.0
1264	1263	4	0.0
1489	1484	4	0.0
1467	1466	4	0.0
1412	1404	4	0.0
1444	1441	4	0.0
1428	1425	4	0.0
1490	1484	4	0.0
1265	1263	4	0.0
1413	1404	4	0.0
1468	1466	4	0.0
1429	1425	4	0.0
1491	1484	4	0.0
1414	1404	4	0.0
1469	1466	4	0.0
1430	1425	4	0.0
1266	1263	4	0.0
1492	1484	4	0.0
1470	1466	4	0.0
1431	1425	4	0.0
1493	1484	4	0.0
1432	1425	4	0.0
1267	1263	4	0.0
1489	1485	4	0.0
1268	1263	4	0.0
1490	1485	4	0.0
1491	1485	4	0.0
1265	1264	4	0.0
1266	1264	4	0.0
1267	1264	4	0.0
1268	1264	4	0.0
1266	1265	4	0.0
1267	1265	4	0.0
1268	1265	4	0.0
1267	1266	4	0.0
1268	1266	4	0.0
1268	1267	4	0.0
1269	1264	4	0.0
1270	1264	4	0.0
1271	1264	4	0.0
1269	1265	4	0.0
1270	1265	4	0.0
1271	1265	4	0.0
1269	1266	4	0.0
1184	1183	3	0.0
1185	1183	3	0.0
1185	1184	3	0.0
1186	1183	3	0.0
1187	1183	3	0.0
1202	1200	3	0.0
1188	1183	3	0.0
1203	1200	3	0.0
1189	1183	3	0.0
1204	1200	3	0.0
1190	1183	3	0.0
1205	1200	3	0.0
1186	1184	3	0.0
1206	1200	3	0.0
1187	1184	3	0.0
1202	1201	3	0.0
1188	1184	3	0.0
1203	1201	3	0.0
1204	1201	3	0.0
1189	1184	3	0.0
1229	1228	3	0.0
1205	1201	3	0.0
1190	1184	3	0.0
1206	1201	3	0.0
1230	1228	3	0.0
1186	1185	3	0.0
1203	1202	3	0.0
1204	1202	3	0.0
1187	1185	3	0.0
1231	1228	3	0.0
1205	1202	3	0.0
1188	1185	3	0.0
1246	1241	3	0.0
1230	1229	3	0.0
1206	1202	3	0.0
1189	1185	3	0.0
1247	1241	3	0.0
1231	1229	3	0.0
1204	1203	3	0.0
1248	1241	3	0.0
1190	1185	3	0.0
1205	1203	3	0.0
1231	1230	3	0.0
1249	1241	3	0.0
1206	1203	3	0.0
1187	1186	3	0.0
1232	1230	3	0.0
1205	1204	3	0.0
1246	1242	3	0.0
1188	1186	3	0.0
1232	1231	3	0.0
1206	1204	3	0.0
1247	1242	3	0.0
1233	1232	3	0.0
1189	1186	3	0.0
1248	1242	3	0.0
1206	1205	3	0.0
1270	1266	3	0.0
1234	1232	3	0.0
1190	1186	3	0.0
1249	1242	3	0.0
1207	1202	3	0.0
1271	1266	3	0.0
1235	1232	3	0.0
1188	1187	3	0.0
1246	1243	3	0.0
1208	1202	3	0.0
1269	1267	3	0.0
1236	1232	3	0.0
1247	1243	3	0.0
1209	1202	3	0.0
1189	1187	3	0.0
1270	1267	3	0.0
1237	1232	3	0.0
1248	1243	3	0.0
1293	1291	3	0.0
1210	1202	3	0.0
1190	1187	3	0.0
1271	1267	3	0.0
1249	1243	3	0.0
1238	1232	3	0.0
1293	1292	3	0.0
1207	1203	3	0.0
1189	1188	3	0.0
1269	1268	3	0.0
1234	1233	3	0.0
1246	1244	3	0.0
1190	1188	3	0.0
1295	1294	3	0.0
1208	1203	3	0.0
1270	1268	3	0.0
1247	1244	3	0.0
1235	1233	3	0.0
1296	1294	3	0.0
1209	1203	3	0.0
1190	1189	3	0.0
1271	1268	3	0.0
1248	1244	3	0.0
1210	1203	3	0.0
1297	1294	3	0.0
1236	1233	3	0.0
1191	1186	3	0.0
1270	1269	3	0.0
1328	1326	3	0.0
1296	1295	3	0.0
1207	1204	3	0.0
1249	1244	3	0.0
1237	1233	3	0.0
1192	1186	3	0.0
1246	1245	3	0.0
1297	1295	3	0.0
1208	1204	3	0.0
1329	1326	3	0.0
1193	1186	3	0.0
1271	1269	3	0.0
1238	1233	3	0.0
1247	1245	3	0.0
1209	1204	3	0.0
1328	1327	3	0.0
1297	1296	3	0.0
1194	1186	3	0.0
1363	1352	3	0.0
1248	1245	3	0.0
1271	1270	3	0.0
1235	1234	3	0.0
1368	1367	3	0.0
1249	1245	3	0.0
1329	1327	3	0.0
1195	1186	3	0.0
1247	1246	3	0.0
1298	1294	3	0.0
1210	1204	3	0.0
1272	1269	3	0.0
1364	1352	3	0.0
1329	1328	3	0.0
1393	1386	3	0.0
1236	1234	3	0.0
1196	1186	3	0.0
1248	1246	3	0.0
1299	1294	3	0.0
1207	1205	3	0.0
1273	1269	3	0.0
1330	1328	3	0.0
1358	1353	3	0.0
1369	1367	3	0.0
1249	1246	3	0.0
1237	1234	3	0.0
1191	1187	3	0.0
1300	1294	3	0.0
1208	1205	3	0.0
1272	1270	3	0.0
1331	1328	3	0.0
1394	1386	3	0.0
1192	1187	3	0.0
1359	1353	3	0.0
1298	1295	3	0.0
1248	1247	3	0.0
1238	1234	3	0.0
1330	1329	3	0.0
1209	1205	3	0.0
1410	1405	3	0.0
1273	1270	3	0.0
1360	1353	3	0.0
1193	1187	3	0.0
1389	1387	3	0.0
1249	1247	3	0.0
1331	1329	3	0.0
1299	1295	3	0.0
1210	1205	3	0.0
1369	1368	3	0.0
1236	1235	3	0.0
1433	1425	3	0.0
1272	1271	3	0.0
1411	1405	3	0.0
1249	1248	3	0.0
1194	1187	3	0.0
1331	1330	3	0.0
1207	1206	3	0.0
1237	1235	3	0.0
1300	1295	3	0.0
1273	1271	3	0.0
1390	1387	3	0.0
1427	1426	3	0.0
1445	1441	3	0.0
1361	1353	3	0.0
1250	1246	3	0.0
1370	1365	3	0.0
1195	1187	3	0.0
1208	1206	3	0.0
1332	1330	3	0.0
1298	1296	3	0.0
1238	1235	3	0.0
1273	1272	3	0.0
1412	1405	3	0.0
1391	1387	3	0.0
1428	1426	3	0.0
1251	1246	3	0.0
1362	1353	3	0.0
1371	1365	3	0.0
1332	1331	3	0.0
1196	1187	3	0.0
1444	1442	3	0.0
1274	1272	3	0.0
1237	1236	3	0.0
1299	1296	3	0.0
1209	1206	3	0.0
1429	1426	3	0.0
1250	1247	3	0.0
1413	1405	3	0.0
1392	1387	3	0.0
1333	1332	3	0.0
1191	1188	3	0.0
1238	1236	3	0.0
1363	1353	3	0.0
1300	1296	3	0.0
1210	1206	3	0.0
1430	1426	3	0.0
1251	1247	3	0.0
1275	1272	3	0.0
1334	1333	3	0.0
1372	1365	3	0.0
1192	1188	3	0.0
1414	1405	3	0.0
1238	1237	3	0.0
1445	1442	3	0.0
1393	1387	3	0.0
1364	1353	3	0.0
1208	1207	3	0.0
1298	1297	3	0.0
1471	1466	3	0.0
1335	1333	3	0.0
1250	1248	3	0.0
1276	1272	3	0.0
1492	1485	3	0.0
1431	1426	3	0.0
1193	1188	3	0.0
1239	1233	3	0.0
1410	1406	3	0.0
1209	1207	3	0.0
1358	1354	3	0.0
1370	1366	3	0.0
1335	1334	3	0.0
1277	1272	3	0.0
1299	1297	3	0.0
1240	1233	3	0.0
1432	1426	3	0.0
1251	1248	3	0.0
1194	1188	3	0.0
1394	1387	3	0.0
1444	1443	3	0.0
1210	1207	3	0.0
1411	1406	3	0.0
1278	1272	3	0.0
1300	1297	3	0.0
1337	1336	3	0.0
1472	1466	3	0.0
1493	1485	3	0.0
1241	1233	3	0.0
1359	1354	3	0.0
1250	1249	3	0.0
1433	1426	3	0.0
1195	1188	3	0.0
1371	1366	3	0.0
1209	1208	3	0.0
1274	1273	3	0.0
1412	1406	3	0.0
1338	1336	3	0.0
1299	1298	3	0.0
1389	1388	3	0.0
1242	1233	3	0.0
1468	1467	3	0.0
1196	1188	3	0.0
1445	1443	3	0.0
1428	1427	3	0.0
1251	1249	3	0.0
1413	1406	3	0.0
1210	1208	3	0.0
1275	1273	3	0.0
1300	1298	3	0.0
1338	1337	3	0.0
1243	1233	3	0.0
1360	1354	3	0.0
1429	1427	3	0.0
1372	1366	3	0.0
1276	1273	3	0.0
1251	1250	3	0.0
1191	1189	3	0.0
1300	1299	3	0.0
1414	1406	3	0.0
1390	1388	3	0.0
1339	1336	3	0.0
1244	1233	3	0.0
1445	1444	3	0.0
1469	1467	3	0.0
1489	1486	3	0.0
1210	1209	3	0.0
1430	1427	3	0.0
1361	1354	3	0.0
1277	1273	3	0.0
1252	1250	3	0.0
1370	1367	3	0.0
1301	1298	3	0.0
1410	1407	3	0.0
1192	1189	3	0.0
1245	1233	3	0.0
1470	1467	3	0.0
1340	1336	3	0.0
1211	1207	3	0.0
1391	1388	3	0.0
1431	1427	3	0.0
1278	1273	3	0.0
1253	1250	3	0.0
1490	1486	3	0.0
1239	1234	3	0.0
1447	1446	3	0.0
1193	1189	3	0.0
1302	1298	3	0.0
1411	1407	3	0.0
1471	1467	3	0.0
1362	1354	3	0.0
1371	1367	3	0.0
1275	1274	3	0.0
1211	1208	3	0.0
1339	1337	3	0.0
1254	1250	3	0.0
1432	1427	3	0.0
1303	1298	3	0.0
1392	1388	3	0.0
1194	1189	3	0.0
1240	1234	3	0.0
1491	1486	3	0.0
1412	1407	3	0.0
1211	1209	3	0.0
1252	1251	3	0.0
1340	1337	3	0.0
1304	1298	3	0.0
1195	1189	3	0.0
1448	1446	3	0.0
1472	1467	3	0.0
1433	1427	3	0.0
1276	1274	3	0.0
1241	1234	3	0.0
1393	1388	3	0.0
1363	1354	3	0.0
1372	1367	3	0.0
1196	1189	3	0.0
1253	1251	3	0.0
1413	1407	3	0.0
1211	1210	3	0.0
1305	1298	3	0.0
1339	1338	3	0.0
1277	1274	3	0.0
1492	1486	3	0.0
1469	1468	3	0.0
1242	1234	3	0.0
1429	1428	3	0.0
1370	1368	3	0.0
1191	1190	3	0.0
1394	1388	3	0.0
1449	1446	3	0.0
1213	1212	3	0.0
1340	1338	3	0.0
1278	1274	3	0.0
1306	1298	3	0.0
1254	1251	3	0.0
1414	1407	3	0.0
1364	1354	3	0.0
1243	1234	3	0.0
1192	1190	3	0.0
1470	1468	3	0.0
1493	1486	3	0.0
1214	1212	3	0.0
1430	1428	3	0.0
1340	1339	3	0.0
1301	1299	3	0.0
1276	1275	3	0.0
1244	1234	3	0.0
1253	1252	3	0.0
1448	1447	3	0.0
1371	1368	3	0.0
1410	1408	3	0.0
1193	1190	3	0.0
1214	1213	3	0.0
1358	1355	3	0.0
1390	1389	3	0.0
1471	1468	3	0.0
1277	1275	3	0.0
1302	1299	3	0.0
1342	1341	3	0.0
1431	1428	3	0.0
1245	1234	3	0.0
1254	1252	3	0.0
1489	1487	3	0.0
1215	1212	3	0.0
1372	1368	3	0.0
1449	1447	3	0.0
1194	1190	3	0.0
1411	1408	3	0.0
1278	1275	3	0.0
1472	1468	3	0.0
1303	1299	3	0.0
1391	1389	3	0.0
1343	1341	3	0.0
1239	1235	3	0.0
1490	1487	3	0.0
1432	1428	3	0.0
1254	1253	3	0.0
1359	1355	3	0.0
1215	1213	3	0.0
1195	1190	3	0.0
1370	1369	3	0.0
1412	1408	3	0.0
1277	1276	3	0.0
1470	1469	3	0.0
1449	1448	3	0.0
1344	1341	3	0.0
1304	1299	3	0.0
1240	1235	3	0.0
1392	1389	3	0.0
1255	1252	3	0.0
1433	1428	3	0.0
1196	1190	3	0.0
1278	1276	3	0.0
1215	1214	3	0.0
1471	1469	3	0.0
1413	1408	3	0.0
1241	1235	3	0.0
1491	1487	3	0.0
1360	1355	3	0.0
1192	1191	3	0.0
1305	1299	3	0.0
1371	1369	3	0.0
1343	1342	3	0.0
1216	1215	3	0.0
1393	1389	3	0.0
1278	1277	3	0.0
1242	1235	3	0.0
1451	1450	3	0.0
1256	1252	3	0.0
1472	1469	3	0.0
1414	1408	3	0.0
1430	1429	3	0.0
1492	1487	3	0.0
1217	1215	3	0.0
1306	1299	3	0.0
1361	1355	3	0.0
1193	1191	3	0.0
1279	1274	3	0.0
1344	1342	3	0.0
1243	1235	3	0.0
1372	1369	3	0.0
1257	1252	3	0.0
1471	1470	3	0.0
1394	1389	3	0.0
1218	1215	3	0.0
1493	1487	3	0.0
1410	1409	3	0.0
1431	1429	3	0.0
1452	1450	3	0.0
1194	1191	3	0.0
1301	1300	3	0.0
1280	1274	3	0.0
1244	1235	3	0.0
1344	1343	3	0.0
1255	1253	3	0.0
1472	1470	3	0.0
1411	1409	3	0.0
1391	1390	3	0.0
1362	1355	3	0.0
1371	1370	3	0.0
1302	1300	3	0.0
1217	1216	3	0.0
1432	1429	3	0.0
1281	1274	3	0.0
1195	1191	3	0.0
1245	1235	3	0.0
1346	1345	3	0.0
1489	1488	3	0.0
1256	1253	3	0.0
1453	1450	3	0.0
1472	1471	3	0.0
1372	1370	3	0.0
1218	1216	3	0.0
1303	1300	3	0.0
1279	1275	3	0.0
1412	1409	3	0.0
1239	1236	3	0.0
1196	1191	3	0.0
1347	1345	3	0.0
1257	1253	3	0.0
1433	1429	3	0.0
1474	1473	3	0.0
1392	1390	3	0.0
1304	1300	3	0.0
1218	1217	3	0.0
1240	1236	3	0.0
1280	1275	3	0.0
1193	1192	3	0.0
1454	1450	3	0.0
1363	1355	3	0.0
1413	1409	3	0.0
1490	1488	3	0.0
1348	1345	3	0.0
1255	1254	3	0.0
1431	1430	3	0.0
1372	1371	3	0.0
1305	1300	3	0.0
1194	1192	3	0.0
1219	1216	3	0.0
1475	1474	3	0.0
1347	1346	3	0.0
1281	1275	3	0.0
1414	1409	3	0.0
1256	1254	3	0.0
1241	1236	3	0.0
1306	1300	3	0.0
1432	1430	3	0.0
1195	1192	3	0.0
1220	1216	3	0.0
1452	1451	3	0.0
1491	1488	3	0.0
1364	1355	3	0.0
1373	1370	3	0.0
1348	1346	3	0.0
1279	1276	3	0.0
1393	1390	3	0.0
1242	1236	3	0.0
1302	1301	3	0.0
1411	1410	3	0.0
1257	1254	3	0.0
1196	1192	3	0.0
1221	1216	3	0.0
1476	1475	3	0.0
1433	1430	3	0.0
1492	1488	3	0.0
1280	1276	3	0.0
1348	1347	3	0.0
1358	1356	3	0.0
1453	1451	3	0.0
1394	1390	3	0.0
1243	1236	3	0.0
1303	1301	3	0.0
1412	1410	3	0.0
1194	1193	3	0.0
1222	1216	3	0.0
1374	1370	3	0.0
1256	1255	3	0.0
1350	1349	3	0.0
1432	1431	3	0.0
1244	1236	3	0.0
1304	1301	3	0.0
1281	1276	3	0.0
1392	1391	3	0.0
1477	1475	3	0.0
1195	1193	3	0.0
1223	1216	3	0.0
1359	1356	3	0.0
1413	1410	3	0.0
1493	1488	3	0.0
1257	1255	3	0.0
1454	1451	3	0.0
1375	1370	3	0.0
1196	1193	3	0.0
1245	1236	3	0.0
1351	1349	3	0.0
1393	1391	3	0.0
1305	1301	3	0.0
1279	1277	3	0.0
1477	1476	3	0.0
1433	1431	3	0.0
1257	1256	3	0.0
1219	1217	3	0.0
1414	1410	3	0.0
1490	1489	3	0.0
1195	1194	3	0.0
1239	1237	3	0.0
1352	1349	3	0.0
1453	1452	3	0.0
1360	1356	3	0.0
1376	1370	3	0.0
1280	1277	3	0.0
1306	1301	3	0.0
1258	1255	3	0.0
1220	1217	3	0.0
1433	1432	3	0.0
1196	1194	3	0.0
1394	1391	3	0.0
1240	1237	3	0.0
1353	1349	3	0.0
1478	1476	3	0.0
1281	1277	3	0.0
1491	1489	3	0.0
1303	1302	3	0.0
1373	1371	3	0.0
1361	1356	3	0.0
1196	1195	3	0.0
1221	1217	3	0.0
1259	1255	3	0.0
1434	1426	3	0.0
1412	1411	3	0.0
1454	1452	3	0.0
1354	1349	3	0.0
1241	1237	3	0.0
1279	1278	3	0.0
1393	1392	3	0.0
1304	1302	3	0.0
1222	1217	3	0.0
1355	1349	3	0.0
1242	1237	3	0.0
1413	1411	3	0.0
1258	1256	3	0.0
1197	1191	3	0.0
1280	1278	3	0.0
1492	1489	3	0.0
1223	1217	3	0.0
1435	1426	3	0.0
1305	1302	3	0.0
1454	1453	3	0.0
1362	1356	3	0.0
1479	1476	3	0.0
1374	1371	3	0.0
1394	1392	3	0.0
1356	1349	3	0.0
1243	1237	3	0.0
1198	1191	3	0.0
1219	1218	3	0.0
1281	1278	3	0.0
1259	1256	3	0.0
1414	1411	3	0.0
1306	1302	3	0.0
1436	1426	3	0.0
1363	1356	3	0.0
1493	1489	3	0.0
1375	1371	3	0.0
1394	1393	3	0.0
1220	1218	3	0.0
1480	1476	3	0.0
1304	1303	3	0.0
1197	1192	3	0.0
1244	1237	3	0.0
1455	1450	3	0.0
1413	1412	3	0.0
1357	1349	3	0.0
1280	1279	3	0.0
1437	1426	3	0.0
1258	1257	3	0.0
1491	1490	3	0.0
1221	1218	3	0.0
1364	1356	3	0.0
1305	1303	3	0.0
1376	1371	3	0.0
1395	1389	3	0.0
1198	1192	3	0.0
1245	1237	3	0.0
1351	1350	3	0.0
1414	1412	3	0.0
1481	1476	3	0.0
1281	1279	3	0.0
1222	1218	3	0.0
1259	1257	3	0.0
1438	1426	3	0.0
1358	1357	3	0.0
1306	1303	3	0.0
1492	1490	3	0.0
1456	1450	3	0.0
1197	1193	3	0.0
1239	1238	3	0.0
1352	1350	3	0.0
1396	1389	3	0.0
1223	1218	3	0.0
1281	1280	3	0.0
1414	1413	3	0.0
1259	1258	3	0.0
1373	1372	3	0.0
1305	1304	3	0.0
1434	1427	3	0.0
1482	1476	3	0.0
1240	1238	3	0.0
1198	1193	3	0.0
1493	1490	3	0.0
1359	1357	3	0.0
1283	1282	3	0.0
1353	1350	3	0.0
1220	1219	3	0.0
1455	1451	3	0.0
1415	1410	3	0.0
1260	1258	3	0.0
1395	1390	3	0.0
1306	1304	3	0.0
1435	1427	3	0.0
1197	1194	3	0.0
1241	1238	3	0.0
1374	1372	3	0.0
1478	1477	3	0.0
1221	1219	3	0.0
1354	1350	3	0.0
1284	1282	3	0.0
1492	1491	3	0.0
1415	1411	3	0.0
1261	1258	3	0.0
1306	1305	3	0.0
1396	1390	3	0.0
1436	1427	3	0.0
1360	1357	3	0.0
1456	1451	3	0.0
1242	1238	3	0.0
1198	1194	3	0.0
1222	1219	3	0.0
1285	1282	3	0.0
1355	1350	3	0.0
1479	1477	3	0.0
1260	1259	3	0.0
1308	1307	3	0.0
1415	1412	3	0.0
1375	1372	3	0.0
1437	1427	3	0.0
1395	1391	3	0.0
1493	1491	3	0.0
1197	1195	3	0.0
1223	1219	3	0.0
1243	1238	3	0.0
1284	1283	3	0.0
1356	1350	3	0.0
1261	1259	3	0.0
1361	1357	3	0.0
1455	1452	3	0.0
1480	1477	3	0.0
1309	1307	3	0.0
1415	1413	3	0.0
1198	1195	3	0.0
1244	1238	3	0.0
1357	1350	3	0.0
1285	1283	3	0.0
1221	1220	3	0.0
1376	1372	3	0.0
1493	1492	3	0.0
1438	1427	3	0.0
1396	1391	3	0.0
1309	1308	3	0.0
1481	1477	3	0.0
1261	1260	3	0.0
1362	1357	3	0.0
1197	1196	3	0.0
1245	1238	3	0.0
1285	1284	3	0.0
1415	1414	3	0.0
1222	1220	3	0.0
1352	1351	3	0.0
1456	1452	3	0.0
1374	1373	3	0.0
1310	1307	3	0.0
1434	1428	3	0.0
1198	1196	3	0.0
1262	1260	3	0.0
1395	1392	3	0.0
1240	1239	3	0.0
1286	1282	3	0.0
1416	1415	3	0.0
1353	1351	3	0.0
1223	1220	3	0.0
1375	1373	3	0.0
1310	1308	3	0.0
1198	1197	3	0.0
1363	1357	3	0.0
1455	1453	3	0.0
1435	1428	3	0.0
1482	1477	3	0.0
1263	1260	3	0.0
1287	1282	3	0.0
1222	1221	3	0.0
1354	1351	3	0.0
1241	1239	3	0.0
1376	1373	3	0.0
1396	1392	3	0.0
1417	1415	3	0.0
1310	1309	3	0.0
1436	1428	3	0.0
1199	1197	3	0.0
1355	1351	3	0.0
1288	1282	3	0.0
1223	1221	3	0.0
1262	1261	3	0.0
1242	1239	3	0.0
1418	1415	3	0.0
1479	1478	3	0.0
1200	1197	3	0.0
1311	1310	3	0.0
1437	1428	3	0.0
1375	1374	3	0.0
1364	1357	3	0.0
1289	1282	3	0.0
1223	1222	3	0.0
1356	1351	3	0.0
1243	1239	3	0.0
1263	1261	3	0.0
1395	1393	3	0.0
1456	1453	3	0.0
1419	1415	3	0.0
1201	1197	3	0.0
1480	1478	3	0.0
1312	1311	3	0.0
1438	1428	3	0.0
1244	1239	3	0.0
1263	1262	3	0.0
1224	1219	3	0.0
1286	1283	3	0.0
1357	1351	3	0.0
1376	1374	3	0.0
1199	1198	3	0.0
1313	1312	3	0.0
1417	1416	3	0.0
1359	1358	3	0.0
1396	1393	3	0.0
1245	1239	3	0.0
1455	1454	3	0.0
1434	1429	3	0.0
1264	1262	3	0.0
1224	1220	3	0.0
1287	1283	3	0.0
1353	1352	3	0.0
1481	1478	3	0.0
1200	1198	3	0.0
1376	1375	3	0.0
1241	1240	3	0.0
1435	1429	3	0.0
1314	1313	3	0.0
1418	1416	3	0.0
1288	1283	3	0.0
1224	1221	3	0.0
1265	1262	3	0.0
1456	1454	3	0.0
1354	1352	3	0.0
1395	1394	3	0.0
1360	1358	3	0.0
1201	1198	3	0.0
1315	1314	3	0.0
1242	1240	3	0.0
1289	1283	3	0.0
1224	1222	3	0.0
1482	1478	3	0.0
1377	1373	3	0.0
1436	1429	3	0.0
1419	1416	3	0.0
1355	1352	3	0.0
1266	1262	3	0.0
1243	1240	3	0.0
1200	1199	3	0.0
1316	1314	3	0.0
1224	1223	3	0.0
1286	1284	3	0.0
1356	1352	3	0.0
1420	1416	3	0.0
1480	1479	3	0.0
1456	1455	3	0.0
1201	1199	3	0.0
1396	1394	3	0.0
1437	1429	3	0.0
1361	1358	3	0.0
1225	1224	3	0.0
1316	1315	3	0.0
1378	1373	3	0.0
1287	1284	3	0.0
1244	1240	3	0.0
1267	1262	3	0.0
1357	1352	3	0.0
1421	1416	3	0.0
1481	1479	3	0.0
1226	1225	3	0.0
1438	1429	3	0.0
1457	1455	3	0.0
1201	1200	3	0.0
1317	1315	3	0.0
1362	1358	3	0.0
1245	1240	3	0.0
1268	1262	3	0.0
1354	1353	3	0.0
1288	1284	3	0.0
1227	1225	3	0.0
1396	1395	3	0.0
1482	1479	3	0.0
1422	1416	3	0.0
1377	1374	3	0.0
1434	1430	3	0.0
1318	1315	3	0.0
1242	1241	3	0.0
1202	1199	3	0.0
1264	1263	3	0.0
1355	1353	3	0.0
1289	1284	3	0.0
1458	1455	3	0.0
1363	1358	3	0.0
1418	1417	3	0.0
1227	1226	3	0.0
1435	1430	3	0.0
1243	1241	3	0.0
1319	1315	3	0.0
1203	1199	3	0.0
1481	1480	3	0.0
1265	1263	3	0.0
1378	1374	3	0.0
1286	1285	3	0.0
1244	1241	3	0.0
1356	1353	3	0.0
1436	1430	3	0.0
1228	1226	3	0.0
1419	1417	3	0.0
1397	1395	3	0.0
1457	1456	3	0.0
1204	1199	3	0.0
1317	1316	3	0.0
1364	1358	3	0.0
1266	1263	3	0.0
1287	1285	3	0.0
1482	1480	3	0.0
1377	1375	3	0.0
1357	1353	3	0.0
1245	1241	3	0.0
1229	1226	3	0.0
1205	1199	3	0.0
1437	1430	3	0.0
1419	1418	3	0.0
1288	1285	3	0.0
1318	1316	3	0.0
1267	1263	3	0.0
1355	1354	3	0.0
1243	1242	3	0.0
1398	1395	3	0.0
1228	1227	3	0.0
1438	1430	3	0.0
1206	1199	3	0.0
1420	1417	3	0.0
1378	1375	3	0.0
1458	1456	3	0.0
1482	1481	3	0.0
1360	1359	3	0.0
1289	1285	3	0.0
1268	1263	3	0.0
1319	1316	3	0.0
1356	1354	3	0.0
1244	1242	3	0.0
1229	1227	3	0.0
1434	1431	3	0.0
1399	1395	3	0.0
1483	1478	3	0.0
1287	1286	3	0.0
1318	1317	3	0.0
1421	1417	3	0.0
1357	1354	3	0.0
1245	1242	3	0.0
1435	1431	3	0.0
1265	1264	3	0.0
1377	1376	3	0.0
1458	1457	3	0.0
1400	1395	3	0.0
1361	1359	3	0.0
1319	1317	3	0.0
1288	1286	3	0.0
1356	1355	3	0.0
1436	1431	3	0.0
1422	1417	3	0.0
1244	1243	3	0.0
1266	1264	3	0.0
1484	1478	3	0.0
1401	1395	3	0.0
1319	1318	3	0.0
1289	1286	3	0.0
1378	1376	3	0.0
1357	1355	3	0.0
1362	1359	3	0.0
1245	1243	3	0.0
1437	1431	3	0.0
1459	1457	3	0.0
1420	1418	3	0.0
1320	1317	3	0.0
1288	1287	3	0.0
1267	1264	3	0.0
1485	1478	3	0.0
1402	1395	3	0.0
1357	1356	3	0.0
1245	1244	3	0.0
1438	1431	3	0.0
1378	1377	3	0.0
1421	1418	3	0.0
1321	1317	3	0.0
1289	1287	3	0.0
1268	1264	3	0.0
1363	1359	3	0.0
1246	1239	3	0.0
1460	1457	3	0.0
1358	1349	3	0.0
1434	1432	3	0.0
1486	1478	3	0.0
1397	1396	3	0.0
1320	1318	3	0.0
1289	1288	3	0.0
1422	1418	3	0.0
1266	1265	3	0.0
1379	1377	3	0.0
1247	1239	3	0.0
1359	1349	3	0.0
1364	1359	3	0.0
1435	1432	3	0.0
1461	1457	3	0.0
1321	1318	3	0.0
1290	1286	3	0.0
1267	1265	3	0.0
1420	1419	3	0.0
1360	1349	3	0.0
1436	1432	3	0.0
1248	1239	3	0.0
1487	1478	3	0.0
1398	1396	3	0.0
1291	1286	3	0.0
1380	1377	3	0.0
1320	1319	3	0.0
1459	1458	3	0.0
1361	1360	3	0.0
1268	1265	3	0.0
1361	1349	3	0.0
1437	1432	3	0.0
1249	1239	3	0.0
1421	1419	3	0.0
1292	1286	3	0.0
1321	1319	3	0.0
1267	1266	3	0.0
1362	1349	3	0.0
1460	1458	3	0.0
1246	1240	3	0.0
1438	1432	3	0.0
1362	1360	3	0.0
1321	1320	3	0.0
1268	1266	3	0.0
1290	1287	3	0.0
1422	1419	3	0.0
1363	1349	3	0.0
1399	1396	3	0.0
1381	1377	3	0.0
1488	1478	3	0.0
1247	1240	3	0.0
1434	1433	3	0.0
1322	1320	3	0.0
1291	1287	3	0.0
1268	1267	3	0.0
1461	1458	3	0.0
1364	1349	3	0.0
1421	1420	3	0.0
1363	1360	3	0.0
1292	1287	3	0.0
1323	1320	3	0.0
1248	1240	3	0.0
1435	1433	3	0.0
1483	1479	3	0.0
1269	1264	3	0.0
1400	1396	3	0.0
1379	1378	3	0.0
1460	1459	3	0.0
1358	1350	3	0.0
1422	1420	3	0.0
1249	1240	3	0.0
1324	1320	3	0.0
1290	1288	3	0.0
1436	1433	3	0.0
1364	1360	3	0.0
1270	1264	3	0.0
1359	1350	3	0.0
1291	1288	3	0.0
1484	1479	3	0.0
1380	1378	3	0.0
1437	1433	3	0.0
1325	1320	3	0.0
1422	1421	3	0.0
1360	1350	3	0.0
1401	1396	3	0.0
1271	1264	3	0.0
1461	1459	3	0.0
1292	1288	3	0.0
1362	1361	3	0.0
1485	1479	3	0.0
1322	1321	3	0.0
1381	1378	3	0.0
1438	1433	3	0.0
1290	1289	3	0.0
1361	1350	3	0.0
1435	1434	3	0.0
1323	1321	3	0.0
1423	1420	3	0.0
1461	1460	3	0.0
1380	1379	3	0.0
1363	1361	3	0.0
1486	1479	3	0.0
1269	1265	3	0.0
1291	1289	3	0.0
1402	1396	3	0.0
1324	1321	3	0.0
1362	1350	3	0.0
1436	1434	3	0.0
1424	1420	3	0.0
1462	1459	3	0.0
1381	1379	3	0.0
1364	1361	3	0.0
1292	1289	3	0.0
1487	1479	3	0.0
1363	1350	3	0.0
1325	1321	3	0.0
1270	1265	3	0.0
1437	1434	3	0.0
1398	1397	3	0.0
1463	1459	3	0.0
1425	1420	3	0.0
1291	1290	3	0.0
1381	1380	3	0.0
1323	1322	3	0.0
1488	1479	3	0.0
1363	1362	3	0.0
1364	1350	3	0.0
1271	1265	3	0.0
1438	1434	3	0.0
1464	1459	3	0.0
1423	1421	3	0.0
1292	1290	3	0.0
1324	1322	3	0.0
1382	1379	3	0.0
1399	1397	3	0.0
1358	1351	3	0.0
1436	1435	3	0.0
1269	1266	3	0.0
1364	1362	3	0.0
1483	1480	3	0.0
1292	1291	3	0.0
1325	1322	3	0.0
1424	1421	3	0.0
1465	1459	3	0.0
1400	1397	3	0.0
1383	1379	3	0.0
1359	1351	3	0.0
1437	1435	3	0.0
1293	1290	3	0.0
1324	1323	3	0.0
1484	1480	3	0.0
1425	1421	3	0.0
1364	1363	3	0.0
1438	1435	3	0.0
1360	1351	3	0.0
1325	1323	3	0.0
1382	1380	3	0.0
1466	1459	3	0.0
1401	1397	3	0.0
1437	1436	3	0.0
1361	1351	3	0.0
1325	1324	3	0.0
1438	1436	3	0.0
1423	1422	3	0.0
1462	1460	3	0.0
1365	1358	3	0.0
1485	1480	3	0.0
1402	1397	3	0.0
1362	1351	3	0.0
1383	1380	3	0.0
1327	1326	3	0.0
1438	1437	3	0.0
1486	1480	3	0.0
1463	1460	3	0.0
1424	1422	3	0.0
1366	1358	3	0.0
1439	1434	3	0.0
1399	1398	3	0.0
1363	1351	3	0.0
1487	1480	3	0.0
1382	1381	3	0.0
1425	1422	3	0.0
1364	1351	3	0.0
1440	1434	3	0.0
1367	1358	3	0.0
1400	1398	3	0.0
1464	1460	3	0.0
1488	1480	3	0.0
1383	1381	3	0.0
1424	1423	3	0.0
1358	1352	3	0.0
1439	1435	3	0.0
1483	1481	3	0.0
1368	1358	3	0.0
1465	1460	3	0.0
1383	1382	3	0.0
1401	1398	3	0.0
1440	1435	3	0.0
1359	1352	3	0.0
1369	1358	3	0.0
1384	1382	3	0.0
1402	1398	3	0.0
1466	1460	3	0.0
1425	1423	3	0.0
1484	1481	3	0.0
1439	1436	3	0.0
1360	1352	3	0.0
1365	1359	3	0.0
1385	1382	3	0.0
1361	1352	3	0.0
1462	1461	3	0.0
1400	1399	3	0.0
1485	1481	3	0.0
1386	1382	3	0.0
1366	1359	3	0.0
1440	1436	3	0.0
1425	1424	3	0.0
1362	1352	3	0.0
1387	1382	3	0.0
1463	1461	3	0.0
1367	1359	3	0.0
1401	1399	3	0.0
1439	1437	3	0.0
1486	1481	3	0.0
1426	1423	3	0.0
1464	1461	3	0.0
1368	1359	3	0.0
1388	1382	3	0.0
1440	1437	3	0.0
1402	1399	3	0.0
1487	1481	3	0.0
1427	1423	3	0.0
1384	1383	3	0.0
1439	1438	3	0.0
1401	1400	3	0.0
1369	1359	3	0.0
1465	1461	3	0.0
1488	1481	3	0.0
1428	1423	3	0.0
1440	1438	3	0.0
1365	1360	3	0.0
1402	1400	3	0.0
1466	1461	3	0.0
1429	1423	3	0.0
1385	1383	3	0.0
1483	1482	3	0.0
1440	1439	3	0.0
1463	1462	3	0.0
1366	1360	3	0.0
1430	1423	3	0.0
1484	1482	3	0.0
1386	1383	3	0.0
1441	1439	3	0.0
1464	1462	3	0.0
1367	1360	3	0.0
1402	1401	3	0.0
1431	1423	3	0.0
1442	1439	3	0.0
1485	1482	3	0.0
1368	1360	3	0.0
1387	1383	3	0.0
1432	1423	3	0.0
1465	1462	3	0.0
1443	1439	3	0.0
1404	1403	3	0.0
1369	1360	3	0.0
1388	1383	3	0.0
1486	1482	3	0.0
1441	1440	3	0.0
1433	1423	3	0.0
1466	1462	3	0.0
1405	1403	3	0.0
1365	1361	3	0.0
1385	1384	3	0.0
1487	1482	3	0.0
1442	1440	3	0.0
1366	1361	3	0.0
1464	1463	3	0.0
1488	1482	3	0.0
1386	1384	3	0.0
1426	1424	3	0.0
1406	1403	3	0.0
1443	1440	3	0.0
1367	1361	3	0.0
1465	1463	3	0.0
1484	1483	3	0.0
1387	1384	3	0.0
1427	1424	3	0.0
1368	1361	3	0.0
1388	1384	3	0.0
1442	1441	3	0.0
1485	1483	3	0.0
1466	1463	3	0.0
1407	1403	3	0.0
1369	1361	3	0.0
1386	1385	3	0.0
1428	1424	3	0.0
1486	1483	3	0.0
1443	1441	3	0.0
1465	1464	3	0.0
1408	1403	3	0.0
1365	1362	3	0.0
1387	1385	3	0.0
1429	1424	3	0.0
1487	1483	3	0.0
1443	1442	3	0.0
1466	1464	3	0.0
1388	1385	3	0.0
1409	1403	3	0.0
1366	1362	3	0.0
1430	1424	3	0.0
1444	1441	3	0.0
1466	1465	3	0.0
1488	1483	3	0.0
1387	1386	3	0.0
1367	1362	3	0.0
1405	1404	3	0.0
1431	1424	3	0.0
1388	1386	3	0.0
1368	1362	3	0.0
1406	1404	3	0.0
1485	1484	3	0.0
1467	1462	3	0.0
1432	1424	3	0.0
1369	1362	3	0.0
1388	1387	3	0.0
1407	1404	3	0.0
1468	1462	3	0.0
1486	1484	3	0.0
1433	1424	3	0.0
1365	1363	3	0.0
1389	1384	3	0.0
1469	1462	3	0.0
1408	1404	3	0.0
1487	1484	3	0.0
1426	1425	3	0.0
1366	1363	3	0.0
1409	1404	3	0.0
1390	1384	3	0.0
1470	1462	3	0.0
1488	1484	3	0.0
1427	1425	3	0.0
1471	1462	3	0.0
1391	1384	3	0.0
1486	1485	3	0.0
1406	1405	3	0.0
1367	1363	3	0.0
1428	1425	3	0.0
1472	1462	3	0.0
1392	1384	3	0.0
1487	1485	3	0.0
1368	1363	3	0.0
1407	1405	3	0.0
1429	1425	3	0.0
1369	1363	3	0.0
1467	1463	3	0.0
1393	1384	3	0.0
1488	1485	3	0.0
1408	1405	3	0.0
1430	1425	3	0.0
1394	1384	3	0.0
1365	1364	3	0.0
1487	1486	3	0.0
1468	1463	3	0.0
1409	1405	3	0.0
1431	1425	3	0.0
1469	1463	3	0.0
1389	1385	3	0.0
1488	1486	3	0.0
1407	1406	3	0.0
1366	1364	3	0.0
1432	1425	3	0.0
1470	1463	3	0.0
1488	1487	3	0.0
1390	1385	3	0.0
1408	1406	3	0.0
1367	1364	3	0.0
1489	1483	3	0.0
1471	1463	3	0.0
1391	1385	3	0.0
1368	1364	3	0.0
1409	1406	3	0.0
1490	1483	3	0.0
1472	1463	3	0.0
1392	1385	3	0.0
1369	1364	3	0.0
1408	1407	3	0.0
1491	1483	3	0.0
1467	1464	3	0.0
1366	1365	3	0.0
1409	1407	3	0.0
1393	1385	3	0.0
1492	1483	3	0.0
1468	1464	3	0.0
1367	1365	3	0.0
1394	1385	3	0.0
1469	1464	3	0.0
1409	1408	3	0.0
1493	1483	3	0.0
1368	1365	3	0.0
1389	1386	3	0.0
1369	1365	3	0.0
1470	1464	3	0.0
1489	1484	3	0.0
1410	1403	3	0.0
1390	1386	3	0.0
1367	1366	3	0.0
1471	1464	3	0.0
1490	1484	3	0.0
1411	1403	3	0.0
1391	1386	3	0.0
1491	1484	3	0.0
1472	1464	3	0.0
1368	1366	3	0.0
1412	1403	3	0.0
1392	1386	3	0.0
1492	1484	3	0.0
1369	1366	3	0.0
1467	1465	3	0.0
1413	1403	3	0.0
1493	1484	3	0.0
1468	1465	3	0.0
1414	1403	3	0.0
1489	1485	3	0.0
1469	1465	3	0.0
1410	1404	3	0.0
1490	1485	3	0.0
1470	1465	3	0.0
1411	1404	3	0.0
1491	1485	3	0.0
1471	1465	3	0.0
1412	1404	3	0.0
1472	1465	3	0.0
1413	1404	3	0.0
1467	1466	3	0.0
1414	1404	3	0.0
1468	1466	3	0.0
1469	1466	3	0.0
1470	1466	3	0.0
1184	1183	2	0.0
1202	1200	2	0.0
1185	1183	2	0.0
1203	1200	2	0.0
1204	1200	2	0.0
1185	1184	2	0.0
1205	1200	2	0.0
1206	1200	2	0.0
1186	1183	2	0.0
1202	1201	2	0.0
1203	1201	2	0.0
1187	1183	2	0.0
1229	1228	2	0.0
1204	1201	2	0.0
1188	1183	2	0.0
1205	1201	2	0.0
1230	1228	2	0.0
1206	1201	2	0.0
1231	1228	2	0.0
1189	1183	2	0.0
1203	1202	2	0.0
1230	1229	2	0.0
1204	1202	2	0.0
1246	1241	2	0.0
1190	1183	2	0.0
1231	1229	2	0.0
1205	1202	2	0.0
1247	1241	2	0.0
1206	1202	2	0.0
1186	1184	2	0.0
1231	1230	2	0.0
1248	1241	2	0.0
1204	1203	2	0.0
1187	1184	2	0.0
1249	1241	2	0.0
1205	1203	2	0.0
1232	1230	2	0.0
1188	1184	2	0.0
1206	1203	2	0.0
1246	1242	2	0.0
1232	1231	2	0.0
1189	1184	2	0.0
1205	1204	2	0.0
1247	1242	2	0.0
1233	1232	2	0.0
1190	1184	2	0.0
1206	1204	2	0.0
1248	1242	2	0.0
1186	1185	2	0.0
1234	1232	2	0.0
1206	1205	2	0.0
1249	1242	2	0.0
1187	1185	2	0.0
1207	1202	2	0.0
1235	1232	2	0.0
1246	1243	2	0.0
1188	1185	2	0.0
1208	1202	2	0.0
1270	1266	2	0.0
1247	1243	2	0.0
1236	1232	2	0.0
1209	1202	2	0.0
1189	1185	2	0.0
1248	1243	2	0.0
1237	1232	2	0.0
1190	1185	2	0.0
1210	1202	2	0.0
1249	1243	2	0.0
1238	1232	2	0.0
1271	1266	2	0.0
1207	1203	2	0.0
1187	1186	2	0.0
1246	1244	2	0.0
1234	1233	2	0.0
1208	1203	2	0.0
1247	1244	2	0.0
1188	1186	2	0.0
1269	1267	2	0.0
1235	1233	2	0.0
1209	1203	2	0.0
1293	1291	2	0.0
1248	1244	2	0.0
1189	1186	2	0.0
1236	1233	2	0.0
1270	1267	2	0.0
1210	1203	2	0.0
1249	1244	2	0.0
1190	1186	2	0.0
1293	1292	2	0.0
1237	1233	2	0.0
1207	1204	2	0.0
1246	1245	2	0.0
1188	1187	2	0.0
1295	1294	2	0.0
1208	1204	2	0.0
1247	1245	2	0.0
1238	1233	2	0.0
1271	1267	2	0.0
1189	1187	2	0.0
1209	1204	2	0.0
1248	1245	2	0.0
1235	1234	2	0.0
1296	1294	2	0.0
1190	1187	2	0.0
1210	1204	2	0.0
1249	1245	2	0.0
1269	1268	2	0.0
1328	1326	2	0.0
1236	1234	2	0.0
1297	1294	2	0.0
1207	1205	2	0.0
1189	1188	2	0.0
1247	1246	2	0.0
1270	1268	2	0.0
1237	1234	2	0.0
1248	1246	2	0.0
1208	1205	2	0.0
1296	1295	2	0.0
1190	1188	2	0.0
1271	1268	2	0.0
1297	1295	2	0.0
1238	1234	2	0.0
1209	1205	2	0.0
1249	1246	2	0.0
1190	1189	2	0.0
1329	1326	2	0.0
1270	1269	2	0.0
1248	1247	2	0.0
1210	1205	2	0.0
1191	1186	2	0.0
1363	1352	2	0.0
1297	1296	2	0.0
1236	1235	2	0.0
1249	1247	2	0.0
1328	1327	2	0.0
1271	1269	2	0.0
1192	1186	2	0.0
1207	1206	2	0.0
1298	1294	2	0.0
1237	1235	2	0.0
1249	1248	2	0.0
1193	1186	2	0.0
1208	1206	2	0.0
1329	1327	2	0.0
1299	1294	2	0.0
1250	1246	2	0.0
1364	1352	2	0.0
1238	1235	2	0.0
1271	1270	2	0.0
1194	1186	2	0.0
1209	1206	2	0.0
1300	1294	2	0.0
1251	1246	2	0.0
1329	1328	2	0.0
1210	1206	2	0.0
1250	1247	2	0.0
1195	1186	2	0.0
1358	1353	2	0.0
1237	1236	2	0.0
1298	1295	2	0.0
1208	1207	2	0.0
1272	1269	2	0.0
1330	1328	2	0.0
1196	1186	2	0.0
1251	1247	2	0.0
1238	1236	2	0.0
1299	1295	2	0.0
1368	1367	2	0.0
1209	1207	2	0.0
1250	1248	2	0.0
1191	1187	2	0.0
1238	1237	2	0.0
1359	1353	2	0.0
1300	1295	2	0.0
1331	1328	2	0.0
1273	1269	2	0.0
1210	1207	2	0.0
1192	1187	2	0.0
1251	1248	2	0.0
1239	1233	2	0.0
1360	1353	2	0.0
1369	1367	2	0.0
1298	1296	2	0.0
1250	1249	2	0.0
1209	1208	2	0.0
1193	1187	2	0.0
1240	1233	2	0.0
1272	1270	2	0.0
1330	1329	2	0.0
1361	1353	2	0.0
1299	1296	2	0.0
1251	1249	2	0.0
1210	1208	2	0.0
1194	1187	2	0.0
1241	1233	2	0.0
1393	1386	2	0.0
1273	1270	2	0.0
1369	1368	2	0.0
1251	1250	2	0.0
1300	1296	2	0.0
1210	1209	2	0.0
1195	1187	2	0.0
1362	1353	2	0.0
1242	1233	2	0.0
1252	1250	2	0.0
1331	1329	2	0.0
1272	1271	2	0.0
1298	1297	2	0.0
1394	1386	2	0.0
1370	1365	2	0.0
1211	1207	2	0.0
1196	1187	2	0.0
1243	1233	2	0.0
1253	1250	2	0.0
1389	1387	2	0.0
1299	1297	2	0.0
1191	1188	2	0.0
1363	1353	2	0.0
1211	1208	2	0.0
1244	1233	2	0.0
1254	1250	2	0.0
1371	1365	2	0.0
1273	1271	2	0.0
1331	1330	2	0.0
1390	1387	2	0.0
1300	1297	2	0.0
1192	1188	2	0.0
1211	1209	2	0.0
1252	1251	2	0.0
1245	1233	2	0.0
1364	1353	2	0.0
1410	1405	2	0.0
1273	1272	2	0.0
1372	1365	2	0.0
1391	1387	2	0.0
1211	1210	2	0.0
1193	1188	2	0.0
1253	1251	2	0.0
1299	1298	2	0.0
1358	1354	2	0.0
1274	1272	2	0.0
1332	1330	2	0.0
1239	1234	2	0.0
1300	1298	2	0.0
1213	1212	2	0.0
1392	1387	2	0.0
1194	1188	2	0.0
1254	1251	2	0.0
1275	1272	2	0.0
1240	1234	2	0.0
1370	1366	2	0.0
1359	1354	2	0.0
1300	1299	2	0.0
1214	1212	2	0.0
1332	1331	2	0.0
1393	1387	2	0.0
1253	1252	2	0.0
1195	1188	2	0.0
1276	1272	2	0.0
1411	1405	2	0.0
1241	1234	2	0.0
1433	1425	2	0.0
1254	1252	2	0.0
1214	1213	2	0.0
1301	1298	2	0.0
1360	1354	2	0.0
1371	1366	2	0.0
1196	1188	2	0.0
1394	1387	2	0.0
1277	1272	2	0.0
1427	1426	2	0.0
1215	1212	2	0.0
1302	1298	2	0.0
1333	1332	2	0.0
1254	1253	2	0.0
1242	1234	2	0.0
1412	1405	2	0.0
1361	1354	2	0.0
1372	1366	2	0.0
1191	1189	2	0.0
1389	1388	2	0.0
1215	1213	2	0.0
1428	1426	2	0.0
1255	1252	2	0.0
1303	1298	2	0.0
1278	1272	2	0.0
1192	1189	2	0.0
1429	1426	2	0.0
1390	1388	2	0.0
1243	1234	2	0.0
1215	1214	2	0.0
1304	1298	2	0.0
1193	1189	2	0.0
1256	1252	2	0.0
1362	1354	2	0.0
1430	1426	2	0.0
1370	1367	2	0.0
1274	1273	2	0.0
1413	1405	2	0.0
1334	1333	2	0.0
1244	1234	2	0.0
1216	1215	2	0.0
1391	1388	2	0.0
1305	1298	2	0.0
1257	1252	2	0.0
1194	1189	2	0.0
1445	1441	2	0.0
1431	1426	2	0.0
1363	1354	2	0.0
1275	1273	2	0.0
1371	1367	2	0.0
1217	1215	2	0.0
1245	1234	2	0.0
1306	1298	2	0.0
1195	1189	2	0.0
1392	1388	2	0.0
1255	1253	2	0.0
1432	1426	2	0.0
1444	1442	2	0.0
1372	1367	2	0.0
1276	1273	2	0.0
1364	1354	2	0.0
1218	1215	2	0.0
1239	1235	2	0.0
1301	1299	2	0.0
1414	1405	2	0.0
1335	1333	2	0.0
1433	1426	2	0.0
1256	1253	2	0.0
1196	1189	2	0.0
1393	1388	2	0.0
1445	1442	2	0.0
1217	1216	2	0.0
1240	1235	2	0.0
1277	1273	2	0.0
1302	1299	2	0.0
1370	1368	2	0.0
1358	1355	2	0.0
1257	1253	2	0.0
1444	1443	2	0.0
1218	1216	2	0.0
1191	1190	2	0.0
1394	1388	2	0.0
1428	1427	2	0.0
1471	1466	2	0.0
1241	1235	2	0.0
1410	1406	2	0.0
1335	1334	2	0.0
1303	1299	2	0.0
1278	1273	2	0.0
1218	1217	2	0.0
1255	1254	2	0.0
1429	1427	2	0.0
1192	1190	2	0.0
1445	1443	2	0.0
1390	1389	2	0.0
1242	1235	2	0.0
1359	1355	2	0.0
1219	1216	2	0.0
1193	1190	2	0.0
1445	1444	2	0.0
1304	1299	2	0.0
1371	1368	2	0.0
1243	1235	2	0.0
1391	1389	2	0.0
1256	1254	2	0.0
1360	1355	2	0.0
1430	1427	2	0.0
1447	1446	2	0.0
1411	1406	2	0.0
1472	1466	2	0.0
1305	1299	2	0.0
1337	1336	2	0.0
1194	1190	2	0.0
1275	1274	2	0.0
1220	1216	2	0.0
1244	1235	2	0.0
1372	1368	2	0.0
1392	1389	2	0.0
1431	1427	2	0.0
1448	1446	2	0.0
1257	1254	2	0.0
1492	1485	2	0.0
1306	1299	2	0.0
1221	1216	2	0.0
1195	1190	2	0.0
1370	1369	2	0.0
1245	1235	2	0.0
1468	1467	2	0.0
1361	1355	2	0.0
1393	1389	2	0.0
1412	1406	2	0.0
1222	1216	2	0.0
1432	1427	2	0.0
1449	1446	2	0.0
1256	1255	2	0.0
1301	1300	2	0.0
1338	1336	2	0.0
1276	1274	2	0.0
1196	1190	2	0.0
1371	1369	2	0.0
1362	1355	2	0.0
1469	1467	2	0.0
1239	1236	2	0.0
1493	1485	2	0.0
1257	1255	2	0.0
1394	1389	2	0.0
1433	1427	2	0.0
1223	1216	2	0.0
1448	1447	2	0.0
1302	1300	2	0.0
1192	1191	2	0.0
1413	1406	2	0.0
1277	1274	2	0.0
1338	1337	2	0.0
1240	1236	2	0.0
1372	1369	2	0.0
1429	1428	2	0.0
1219	1217	2	0.0
1257	1256	2	0.0
1449	1447	2	0.0
1391	1390	2	0.0
1470	1467	2	0.0
1303	1300	2	0.0
1489	1486	2	0.0
1193	1191	2	0.0
1363	1355	2	0.0
1278	1274	2	0.0
1241	1236	2	0.0
1220	1217	2	0.0
1430	1428	2	0.0
1449	1448	2	0.0
1371	1370	2	0.0
1414	1406	2	0.0
1304	1300	2	0.0
1392	1390	2	0.0
1194	1191	2	0.0
1258	1255	2	0.0
1471	1467	2	0.0
1276	1275	2	0.0
1339	1336	2	0.0
1431	1428	2	0.0
1490	1486	2	0.0
1221	1217	2	0.0
1364	1355	2	0.0
1451	1450	2	0.0
1242	1236	2	0.0
1393	1390	2	0.0
1305	1300	2	0.0
1259	1255	2	0.0
1432	1428	2	0.0
1195	1191	2	0.0
1222	1217	2	0.0
1410	1407	2	0.0
1372	1370	2	0.0
1243	1236	2	0.0
1452	1450	2	0.0
1340	1336	2	0.0
1491	1486	2	0.0
1472	1467	2	0.0
1258	1256	2	0.0
1358	1356	2	0.0
1277	1275	2	0.0
1223	1217	2	0.0
1433	1428	2	0.0
1196	1191	2	0.0
1306	1300	2	0.0
1394	1390	2	0.0
1259	1256	2	0.0
1411	1407	2	0.0
1372	1371	2	0.0
1453	1450	2	0.0
1430	1429	2	0.0
1219	1218	2	0.0
1244	1236	2	0.0
1492	1486	2	0.0
1193	1192	2	0.0
1392	1391	2	0.0
1302	1301	2	0.0
1258	1257	2	0.0
1359	1356	2	0.0
1469	1468	2	0.0
1278	1275	2	0.0
1431	1429	2	0.0
1339	1337	2	0.0
1220	1218	2	0.0
1454	1450	2	0.0
1194	1192	2	0.0
1393	1391	2	0.0
1303	1301	2	0.0
1259	1257	2	0.0
1245	1236	2	0.0
1493	1486	2	0.0
1373	1370	2	0.0
1432	1429	2	0.0
1221	1218	2	0.0
1412	1407	2	0.0
1360	1356	2	0.0
1452	1451	2	0.0
1470	1468	2	0.0
1195	1192	2	0.0
1340	1337	2	0.0
1277	1276	2	0.0
1259	1258	2	0.0
1304	1301	2	0.0
1394	1391	2	0.0
1489	1487	2	0.0
1433	1429	2	0.0
1239	1237	2	0.0
1222	1218	2	0.0
1453	1451	2	0.0
1305	1301	2	0.0
1196	1192	2	0.0
1260	1258	2	0.0
1471	1468	2	0.0
1374	1370	2	0.0
1393	1392	2	0.0
1361	1356	2	0.0
1240	1237	2	0.0
1339	1338	2	0.0
1454	1451	2	0.0
1194	1193	2	0.0
1223	1218	2	0.0
1490	1487	2	0.0
1306	1301	2	0.0
1431	1430	2	0.0
1413	1407	2	0.0
1261	1258	2	0.0
1472	1468	2	0.0
1278	1276	2	0.0
1375	1370	2	0.0
1394	1392	2	0.0
1241	1237	2	0.0
1362	1356	2	0.0
1340	1338	2	0.0
1453	1452	2	0.0
1432	1430	2	0.0
1195	1193	2	0.0
1303	1302	2	0.0
1260	1259	2	0.0
1470	1469	2	0.0
1220	1219	2	0.0
1491	1487	2	0.0
1278	1277	2	0.0
1394	1393	2	0.0
1242	1237	2	0.0
1433	1430	2	0.0
1376	1370	2	0.0
1454	1452	2	0.0
1261	1259	2	0.0
1221	1219	2	0.0
1363	1356	2	0.0
1414	1407	2	0.0
1432	1431	2	0.0
1492	1487	2	0.0
1304	1302	2	0.0
1471	1469	2	0.0
1196	1193	2	0.0
1395	1389	2	0.0
1243	1237	2	0.0
1279	1274	2	0.0
1222	1219	2	0.0
1261	1260	2	0.0
1454	1453	2	0.0
1364	1356	2	0.0
1373	1371	2	0.0
1340	1339	2	0.0
1195	1194	2	0.0
1305	1302	2	0.0
1410	1408	2	0.0
1433	1431	2	0.0
1472	1469	2	0.0
1493	1487	2	0.0
1396	1389	2	0.0
1223	1219	2	0.0
1244	1237	2	0.0
1262	1260	2	0.0
1455	1450	2	0.0
1374	1371	2	0.0
1280	1274	2	0.0
1358	1357	2	0.0
1433	1432	2	0.0
1196	1194	2	0.0
1306	1302	2	0.0
1263	1260	2	0.0
1342	1341	2	0.0
1221	1220	2	0.0
1489	1488	2	0.0
1245	1237	2	0.0
1456	1450	2	0.0
1471	1470	2	0.0
1395	1390	2	0.0
1411	1408	2	0.0
1281	1274	2	0.0
1434	1426	2	0.0
1375	1371	2	0.0
1196	1195	2	0.0
1304	1303	2	0.0
1262	1261	2	0.0
1222	1220	2	0.0
1359	1357	2	0.0
1455	1451	2	0.0
1472	1470	2	0.0
1239	1238	2	0.0
1490	1488	2	0.0
1396	1390	2	0.0
1435	1426	2	0.0
1412	1408	2	0.0
1343	1341	2	0.0
1279	1275	2	0.0
1223	1220	2	0.0
1197	1191	2	0.0
1305	1303	2	0.0
1263	1261	2	0.0
1456	1451	2	0.0
1240	1238	2	0.0
1472	1471	2	0.0
1376	1371	2	0.0
1360	1357	2	0.0
1436	1426	2	0.0
1491	1488	2	0.0
1222	1221	2	0.0
1395	1391	2	0.0
1344	1341	2	0.0
1280	1275	2	0.0
1413	1408	2	0.0
1263	1262	2	0.0
1198	1191	2	0.0
1306	1303	2	0.0
1455	1452	2	0.0
1474	1473	2	0.0
1241	1238	2	0.0
1437	1426	2	0.0
1373	1372	2	0.0
1361	1357	2	0.0
1223	1221	2	0.0
1492	1488	2	0.0
1396	1391	2	0.0
1264	1262	2	0.0
1197	1192	2	0.0
1305	1304	2	0.0
1242	1238	2	0.0
1281	1275	2	0.0
1456	1452	2	0.0
1475	1474	2	0.0
1343	1342	2	0.0
1493	1488	2	0.0
1223	1222	2	0.0
1395	1392	2	0.0
1306	1304	2	0.0
1265	1262	2	0.0
1198	1192	2	0.0
1374	1372	2	0.0
1243	1238	2	0.0
1362	1357	2	0.0
1279	1276	2	0.0
1414	1408	2	0.0
1455	1453	2	0.0
1224	1219	2	0.0
1476	1475	2	0.0
1438	1426	2	0.0
1396	1392	2	0.0
1306	1305	2	0.0
1344	1342	2	0.0
1490	1489	2	0.0
1244	1238	2	0.0
1197	1193	2	0.0
1266	1262	2	0.0
1456	1453	2	0.0
1375	1372	2	0.0
1363	1357	2	0.0
1477	1475	2	0.0
1308	1307	2	0.0
1395	1393	2	0.0
1224	1220	2	0.0
1198	1193	2	0.0
1267	1262	2	0.0
1491	1489	2	0.0
1455	1454	2	0.0
1344	1343	2	0.0
1434	1427	2	0.0
1245	1238	2	0.0
1280	1276	2	0.0
1410	1409	2	0.0
1364	1357	2	0.0
1309	1307	2	0.0
1396	1393	2	0.0
1197	1194	2	0.0
1376	1372	2	0.0
1477	1476	2	0.0
1268	1262	2	0.0
1224	1221	2	0.0
1492	1489	2	0.0
1456	1454	2	0.0
1240	1239	2	0.0
1435	1427	2	0.0
1264	1263	2	0.0
1309	1308	2	0.0
1241	1239	2	0.0
1478	1476	2	0.0
1395	1394	2	0.0
1456	1455	2	0.0
1198	1194	2	0.0
1224	1222	2	0.0
1359	1358	2	0.0
1281	1276	2	0.0
1346	1345	2	0.0
1374	1373	2	0.0
1411	1409	2	0.0
1436	1427	2	0.0
1310	1307	2	0.0
1493	1489	2	0.0
1265	1263	2	0.0
1242	1239	2	0.0
1479	1476	2	0.0
1457	1455	2	0.0
1197	1195	2	0.0
1396	1394	2	0.0
1224	1223	2	0.0
1360	1358	2	0.0
1375	1373	2	0.0
1279	1277	2	0.0
1347	1345	2	0.0
1437	1427	2	0.0
1243	1239	2	0.0
1310	1308	2	0.0
1266	1263	2	0.0
1198	1195	2	0.0
1491	1490	2	0.0
1225	1224	2	0.0
1458	1455	2	0.0
1480	1476	2	0.0
1396	1395	2	0.0
1361	1358	2	0.0
1412	1409	2	0.0
1376	1373	2	0.0
1280	1277	2	0.0
1244	1239	2	0.0
1348	1345	2	0.0
1267	1263	2	0.0
1310	1309	2	0.0
1438	1427	2	0.0
1197	1196	2	0.0
1492	1490	2	0.0
1457	1456	2	0.0
1226	1225	2	0.0
1245	1239	2	0.0
1397	1395	2	0.0
1268	1263	2	0.0
1311	1310	2	0.0
1362	1358	2	0.0
1375	1374	2	0.0
1281	1277	2	0.0
1413	1409	2	0.0
1265	1264	2	0.0
1481	1476	2	0.0
1198	1196	2	0.0
1347	1346	2	0.0
1398	1395	2	0.0
1241	1240	2	0.0
1458	1456	2	0.0
1227	1225	2	0.0
1434	1428	2	0.0
1312	1311	2	0.0
1493	1490	2	0.0
1279	1278	2	0.0
1376	1374	2	0.0
1363	1358	2	0.0
1266	1264	2	0.0
1198	1197	2	0.0
1482	1476	2	0.0
1414	1409	2	0.0
1458	1457	2	0.0
1242	1240	2	0.0
1313	1312	2	0.0
1492	1491	2	0.0
1348	1346	2	0.0
1399	1395	2	0.0
1435	1428	2	0.0
1227	1226	2	0.0
1376	1375	2	0.0
1364	1358	2	0.0
1280	1278	2	0.0
1199	1197	2	0.0
1267	1264	2	0.0
1478	1477	2	0.0
1459	1457	2	0.0
1243	1240	2	0.0
1314	1313	2	0.0
1493	1491	2	0.0
1411	1410	2	0.0
1400	1395	2	0.0
1360	1359	2	0.0
1377	1373	2	0.0
1200	1197	2	0.0
1315	1314	2	0.0
1228	1226	2	0.0
1460	1457	2	0.0
1268	1264	2	0.0
1436	1428	2	0.0
1348	1347	2	0.0
1493	1492	2	0.0
1479	1477	2	0.0
1244	1240	2	0.0
1412	1410	2	0.0
1281	1278	2	0.0
1201	1197	2	0.0
1361	1359	2	0.0
1401	1395	2	0.0
1316	1314	2	0.0
1229	1226	2	0.0
1461	1457	2	0.0
1266	1265	2	0.0
1378	1373	2	0.0
1480	1477	2	0.0
1437	1428	2	0.0
1199	1198	2	0.0
1267	1265	2	0.0
1245	1240	2	0.0
1459	1458	2	0.0
1402	1395	2	0.0
1362	1359	2	0.0
1228	1227	2	0.0
1350	1349	2	0.0
1316	1315	2	0.0
1280	1279	2	0.0
1413	1410	2	0.0
1200	1198	2	0.0
1377	1374	2	0.0
1268	1265	2	0.0
1481	1477	2	0.0
1242	1241	2	0.0
1438	1428	2	0.0
1460	1458	2	0.0
1397	1396	2	0.0
1229	1227	2	0.0
1201	1198	2	0.0
1351	1349	2	0.0
1317	1315	2	0.0
1363	1359	2	0.0
1243	1241	2	0.0
1267	1266	2	0.0
1378	1374	2	0.0
1482	1477	2	0.0
1461	1458	2	0.0
1414	1410	2	0.0
1281	1279	2	0.0
1434	1429	2	0.0
1398	1396	2	0.0
1200	1199	2	0.0
1318	1315	2	0.0
1244	1241	2	0.0
1268	1266	2	0.0
1364	1359	2	0.0
1352	1349	2	0.0
1460	1459	2	0.0
1281	1280	2	0.0
1399	1396	2	0.0
1479	1478	2	0.0
1412	1411	2	0.0
1377	1375	2	0.0
1201	1199	2	0.0
1268	1267	2	0.0
1435	1429	2	0.0
1245	1241	2	0.0
1319	1315	2	0.0
1283	1282	2	0.0
1461	1459	2	0.0
1400	1396	2	0.0
1361	1360	2	0.0
1480	1478	2	0.0
1353	1349	2	0.0
1378	1375	2	0.0
1413	1411	2	0.0
1201	1200	2	0.0
1269	1264	2	0.0
1461	1460	2	0.0
1243	1242	2	0.0
1317	1316	2	0.0
1436	1429	2	0.0
1362	1360	2	0.0
1401	1396	2	0.0
1284	1282	2	0.0
1377	1376	2	0.0
1202	1199	2	0.0
1354	1349	2	0.0
1481	1478	2	0.0
1270	1264	2	0.0
1462	1459	2	0.0
1244	1242	2	0.0
1318	1316	2	0.0
1285	1282	2	0.0
1437	1429	2	0.0
1363	1360	2	0.0
1402	1396	2	0.0
1414	1411	2	0.0
1203	1199	2	0.0
1271	1264	2	0.0
1245	1242	2	0.0
1482	1478	2	0.0
1463	1459	2	0.0
1378	1376	2	0.0
1319	1316	2	0.0
1355	1349	2	0.0
1398	1397	2	0.0
1284	1283	2	0.0
1269	1265	2	0.0
1204	1199	2	0.0
1244	1243	2	0.0
1464	1459	2	0.0
1480	1479	2	0.0
1364	1360	2	0.0
1438	1429	2	0.0
1318	1317	2	0.0
1413	1412	2	0.0
1285	1283	2	0.0
1399	1397	2	0.0
1205	1199	2	0.0
1270	1265	2	0.0
1378	1377	2	0.0
1245	1243	2	0.0
1465	1459	2	0.0
1356	1349	2	0.0
1319	1317	2	0.0
1481	1479	2	0.0
1285	1284	2	0.0
1206	1199	2	0.0
1434	1430	2	0.0
1271	1265	2	0.0
1414	1412	2	0.0
1362	1361	2	0.0
1400	1397	2	0.0
1466	1459	2	0.0
1286	1282	2	0.0
1245	1244	2	0.0
1319	1318	2	0.0
1379	1377	2	0.0
1435	1430	2	0.0
1357	1349	2	0.0
1482	1479	2	0.0
1269	1266	2	0.0
1462	1460	2	0.0
1401	1397	2	0.0
1363	1361	2	0.0
1287	1282	2	0.0
1320	1317	2	0.0
1414	1413	2	0.0
1246	1239	2	0.0
1436	1430	2	0.0
1351	1350	2	0.0
1380	1377	2	0.0
1402	1397	2	0.0
1481	1480	2	0.0
1364	1361	2	0.0
1463	1460	2	0.0
1288	1282	2	0.0
1321	1317	2	0.0
1247	1239	2	0.0
1437	1430	2	0.0
1381	1377	2	0.0
1482	1480	2	0.0
1320	1318	2	0.0
1415	1410	2	0.0
1399	1398	2	0.0
1352	1350	2	0.0
1289	1282	2	0.0
1464	1460	2	0.0
1363	1362	2	0.0
1248	1239	2	0.0
1321	1318	2	0.0
1482	1481	2	0.0
1438	1430	2	0.0
1379	1378	2	0.0
1465	1460	2	0.0
1286	1283	2	0.0
1353	1350	2	0.0
1415	1411	2	0.0
1400	1398	2	0.0
1249	1239	2	0.0
1364	1362	2	0.0
1380	1378	2	0.0
1320	1319	2	0.0
1483	1478	2	0.0
1434	1431	2	0.0
1287	1283	2	0.0
1466	1460	2	0.0
1246	1240	2	0.0
1354	1350	2	0.0
1401	1398	2	0.0
1364	1363	2	0.0
1381	1378	2	0.0
1321	1319	2	0.0
1288	1283	2	0.0
1484	1478	2	0.0
1462	1461	2	0.0
1247	1240	2	0.0
1415	1412	2	0.0
1402	1398	2	0.0
1365	1358	2	0.0
1289	1283	2	0.0
1380	1379	2	0.0
1321	1320	2	0.0
1355	1350	2	0.0
1463	1461	2	0.0
1485	1478	2	0.0
1435	1431	2	0.0
1248	1240	2	0.0
1286	1284	2	0.0
1400	1399	2	0.0
1464	1461	2	0.0
1366	1358	2	0.0
1415	1413	2	0.0
1322	1320	2	0.0
1381	1379	2	0.0
1356	1350	2	0.0
1249	1240	2	0.0
1287	1284	2	0.0
1486	1478	2	0.0
1401	1399	2	0.0
1465	1461	2	0.0
1367	1358	2	0.0
1436	1431	2	0.0
1415	1414	2	0.0
1323	1320	2	0.0
1381	1380	2	0.0
1288	1284	2	0.0
1402	1399	2	0.0
1466	1461	2	0.0
1487	1478	2	0.0
1437	1431	2	0.0
1324	1320	2	0.0
1357	1350	2	0.0
1368	1358	2	0.0
1416	1415	2	0.0
1289	1284	2	0.0
1382	1379	2	0.0
1488	1478	2	0.0
1463	1462	2	0.0
1401	1400	2	0.0
1325	1320	2	0.0
1369	1358	2	0.0
1438	1431	2	0.0
1402	1400	2	0.0
1464	1462	2	0.0
1286	1285	2	0.0
1483	1479	2	0.0
1417	1415	2	0.0
1352	1351	2	0.0
1383	1379	2	0.0
1322	1321	2	0.0
1365	1359	2	0.0
1402	1401	2	0.0
1287	1285	2	0.0
1465	1462	2	0.0
1434	1432	2	0.0
1484	1479	2	0.0
1323	1321	2	0.0
1353	1351	2	0.0
1382	1380	2	0.0
1288	1285	2	0.0
1418	1415	2	0.0
1466	1462	2	0.0
1366	1359	2	0.0
1404	1403	2	0.0
1324	1321	2	0.0
1435	1432	2	0.0
1485	1479	2	0.0
1383	1380	2	0.0
1354	1351	2	0.0
1289	1285	2	0.0
1464	1463	2	0.0
1325	1321	2	0.0
1419	1415	2	0.0
1405	1403	2	0.0
1287	1286	2	0.0
1367	1359	2	0.0
1382	1381	2	0.0
1436	1432	2	0.0
1465	1463	2	0.0
1486	1479	2	0.0
1355	1351	2	0.0
1323	1322	2	0.0
1417	1416	2	0.0
1288	1286	2	0.0
1406	1403	2	0.0
1368	1359	2	0.0
1383	1381	2	0.0
1437	1432	2	0.0
1466	1463	2	0.0
1324	1322	2	0.0
1487	1479	2	0.0
1289	1286	2	0.0
1356	1351	2	0.0
1407	1403	2	0.0
1418	1416	2	0.0
1465	1464	2	0.0
1325	1322	2	0.0
1488	1479	2	0.0
1288	1287	2	0.0
1408	1403	2	0.0
1357	1351	2	0.0
1383	1382	2	0.0
1369	1359	2	0.0
1438	1432	2	0.0
1466	1464	2	0.0
1324	1323	2	0.0
1419	1416	2	0.0
1483	1480	2	0.0
1289	1287	2	0.0
1409	1403	2	0.0
1365	1360	2	0.0
1289	1288	2	0.0
1366	1360	2	0.0
1420	1416	2	0.0
1434	1433	2	0.0
1466	1465	2	0.0
1325	1323	2	0.0
1290	1286	2	0.0
1484	1480	2	0.0
1353	1352	2	0.0
1405	1404	2	0.0
1384	1382	2	0.0
1367	1360	2	0.0
1325	1324	2	0.0
1291	1286	2	0.0
1467	1462	2	0.0
1435	1433	2	0.0
1421	1416	2	0.0
1406	1404	2	0.0
1485	1480	2	0.0
1368	1360	2	0.0
1354	1352	2	0.0
1385	1382	2	0.0
1292	1286	2	0.0
1327	1326	2	0.0
1468	1462	2	0.0
1436	1433	2	0.0
1407	1404	2	0.0
1422	1416	2	0.0
1369	1360	2	0.0
1290	1287	2	0.0
1469	1462	2	0.0
1486	1480	2	0.0
1355	1352	2	0.0
1386	1382	2	0.0
1437	1433	2	0.0
1408	1404	2	0.0
1365	1361	2	0.0
1418	1417	2	0.0
1291	1287	2	0.0
1470	1462	2	0.0
1409	1404	2	0.0
1438	1433	2	0.0
1356	1352	2	0.0
1487	1480	2	0.0
1292	1287	2	0.0
1387	1382	2	0.0
1471	1462	2	0.0
1366	1361	2	0.0
1419	1417	2	0.0
1488	1480	2	0.0
1290	1288	2	0.0
1435	1434	2	0.0
1472	1462	2	0.0
1406	1405	2	0.0
1357	1352	2	0.0
1367	1361	2	0.0
1388	1382	2	0.0
1419	1418	2	0.0
1291	1288	2	0.0
1483	1481	2	0.0
1467	1463	2	0.0
1436	1434	2	0.0
1407	1405	2	0.0
1368	1361	2	0.0
1354	1353	2	0.0
1484	1481	2	0.0
1292	1288	2	0.0
1468	1463	2	0.0
1384	1383	2	0.0
1437	1434	2	0.0
1420	1417	2	0.0
1408	1405	2	0.0
1369	1361	2	0.0
1355	1353	2	0.0
1290	1289	2	0.0
1485	1481	2	0.0
1469	1463	2	0.0
1385	1383	2	0.0
1409	1405	2	0.0
1438	1434	2	0.0
1365	1362	2	0.0
1356	1353	2	0.0
1291	1289	2	0.0
1421	1417	2	0.0
1470	1463	2	0.0
1486	1481	2	0.0
1386	1383	2	0.0
1407	1406	2	0.0
1292	1289	2	0.0
1366	1362	2	0.0
1357	1353	2	0.0
1436	1435	2	0.0
1471	1463	2	0.0
1487	1481	2	0.0
1408	1406	2	0.0
1387	1383	2	0.0
1367	1362	2	0.0
1422	1417	2	0.0
1437	1435	2	0.0
1291	1290	2	0.0
1355	1354	2	0.0
1472	1463	2	0.0
1488	1481	2	0.0
1409	1406	2	0.0
1292	1290	2	0.0
1420	1418	2	0.0
1438	1435	2	0.0
1368	1362	2	0.0
1356	1354	2	0.0
1467	1464	2	0.0
1483	1482	2	0.0
1388	1383	2	0.0
1408	1407	2	0.0
1292	1291	2	0.0
1437	1436	2	0.0
1484	1482	2	0.0
1468	1464	2	0.0
1293	1290	2	0.0
1369	1362	2	0.0
1385	1384	2	0.0
1357	1354	2	0.0
1409	1407	2	0.0
1421	1418	2	0.0
1438	1436	2	0.0
1469	1464	2	0.0
1485	1482	2	0.0
1365	1363	2	0.0
1386	1384	2	0.0
1356	1355	2	0.0
1438	1437	2	0.0
1409	1408	2	0.0
1470	1464	2	0.0
1422	1418	2	0.0
1439	1434	2	0.0
1357	1355	2	0.0
1366	1363	2	0.0
1486	1482	2	0.0
1387	1384	2	0.0
1471	1464	2	0.0
1410	1403	2	0.0
1388	1384	2	0.0
1440	1434	2	0.0
1367	1363	2	0.0
1420	1419	2	0.0
1357	1356	2	0.0
1487	1482	2	0.0
1472	1464	2	0.0
1411	1403	2	0.0
1368	1363	2	0.0
1386	1385	2	0.0
1439	1435	2	0.0
1421	1419	2	0.0
1358	1349	2	0.0
1467	1465	2	0.0
1488	1482	2	0.0
1412	1403	2	0.0
1387	1385	2	0.0
1440	1435	2	0.0
1369	1363	2	0.0
1422	1419	2	0.0
1468	1465	2	0.0
1484	1483	2	0.0
1413	1403	2	0.0
1388	1385	2	0.0
1365	1364	2	0.0
1439	1436	2	0.0
1359	1349	2	0.0
1469	1465	2	0.0
1421	1420	2	0.0
1387	1386	2	0.0
1440	1436	2	0.0
1485	1483	2	0.0
1366	1364	2	0.0
1414	1403	2	0.0
1470	1465	2	0.0
1360	1349	2	0.0
1422	1420	2	0.0
1439	1437	2	0.0
1388	1386	2	0.0
1471	1465	2	0.0
1410	1404	2	0.0
1367	1364	2	0.0
1361	1349	2	0.0
1388	1387	2	0.0
1422	1421	2	0.0
1440	1437	2	0.0
1486	1483	2	0.0
1472	1465	2	0.0
1411	1404	2	0.0
1368	1364	2	0.0
1389	1384	2	0.0
1362	1349	2	0.0
1423	1420	2	0.0
1439	1438	2	0.0
1467	1466	2	0.0
1487	1483	2	0.0
1412	1404	2	0.0
1369	1364	2	0.0
1390	1384	2	0.0
1468	1466	2	0.0
1488	1483	2	0.0
1440	1438	2	0.0
1424	1420	2	0.0
1366	1365	2	0.0
1363	1349	2	0.0
1391	1384	2	0.0
1469	1466	2	0.0
1413	1404	2	0.0
1485	1484	2	0.0
1367	1365	2	0.0
1440	1439	2	0.0
1392	1384	2	0.0
1425	1420	2	0.0
1470	1466	2	0.0
1364	1349	2	0.0
1414	1404	2	0.0
1441	1439	2	0.0
1368	1365	2	0.0
1393	1384	2	0.0
1486	1484	2	0.0
1423	1421	2	0.0
1442	1439	2	0.0
1358	1350	2	0.0
1369	1365	2	0.0
1487	1484	2	0.0
1394	1384	2	0.0
1424	1421	2	0.0
1359	1350	2	0.0
1443	1439	2	0.0
1367	1366	2	0.0
1389	1385	2	0.0
1425	1421	2	0.0
1368	1366	2	0.0
1441	1440	2	0.0
1390	1385	2	0.0
1360	1350	2	0.0
1488	1484	2	0.0
1423	1422	2	0.0
1442	1440	2	0.0
1369	1366	2	0.0
1361	1350	2	0.0
1391	1385	2	0.0
1486	1485	2	0.0
1424	1422	2	0.0
1443	1440	2	0.0
1362	1350	2	0.0
1392	1385	2	0.0
1487	1485	2	0.0
1442	1441	2	0.0
1393	1385	2	0.0
1363	1350	2	0.0
1488	1485	2	0.0
1425	1422	2	0.0
1364	1350	2	0.0
1443	1441	2	0.0
1394	1385	2	0.0
1358	1351	2	0.0
1443	1442	2	0.0
1389	1386	2	0.0
1487	1486	2	0.0
1424	1423	2	0.0
1359	1351	2	0.0
1444	1441	2	0.0
1390	1386	2	0.0
1488	1486	2	0.0
1425	1423	2	0.0
1391	1386	2	0.0
1360	1351	2	0.0
1488	1487	2	0.0
1361	1351	2	0.0
1392	1386	2	0.0
1425	1424	2	0.0
1489	1483	2	0.0
1362	1351	2	0.0
1426	1423	2	0.0
1490	1483	2	0.0
1363	1351	2	0.0
1427	1423	2	0.0
1491	1483	2	0.0
1364	1351	2	0.0
1428	1423	2	0.0
1358	1352	2	0.0
1492	1483	2	0.0
1429	1423	2	0.0
1359	1352	2	0.0
1493	1483	2	0.0
1430	1423	2	0.0
1360	1352	2	0.0
1489	1484	2	0.0
1361	1352	2	0.0
1431	1423	2	0.0
1490	1484	2	0.0
1362	1352	2	0.0
1432	1423	2	0.0
1491	1484	2	0.0
1433	1423	2	0.0
1492	1484	2	0.0
1426	1424	2	0.0
1493	1484	2	0.0
1427	1424	2	0.0
1489	1485	2	0.0
1428	1424	2	0.0
1490	1485	2	0.0
1429	1424	2	0.0
1491	1485	2	0.0
1430	1424	2	0.0
1431	1424	2	0.0
1432	1424	2	0.0
1433	1424	2	0.0
1426	1425	2	0.0
1427	1425	2	0.0
1428	1425	2	0.0
1429	1425	2	0.0
1430	1425	2	0.0
1431	1425	2	0.0
1432	1425	2	0.0
1184	1197	0	0.0
1184	1198	0	0.0
1186	1199	0	0.0
1186	1200	0	0.0
1186	1201	0	0.0
1189	1199	0	0.0
1189	1200	0	0.0
1189	1201	0	0.0
1188	1199	0	0.0
1188	1200	0	0.0
1188	1201	0	0.0
1183	1197	0	0.0
1200	1211	0	0.0
1183	1198	0	0.0
1193	1202	0	0.0
1193	1203	0	0.0
1193	1204	0	0.0
1193	1205	0	0.0
1227	1232	0	0.0
1193	1206	0	0.0
1232	1249	0	0.0
1185	1197	0	0.0
1185	1198	0	0.0
1233	1250	0	0.0
1235	1251	0	0.0
1197	1207	0	0.0
1233	1251	0	0.0
1234	1250	0	0.0
1197	1208	0	0.0
1234	1251	0	0.0
1238	1250	0	0.0
1197	1209	0	0.0
1190	1199	0	0.0
1197	1210	0	0.0
1228	1233	0	0.0
1237	1250	0	0.0
1190	1200	0	0.0
1238	1251	0	0.0
1228	1234	0	0.0
1190	1201	0	0.0
1194	1202	0	0.0
1216	1225	0	0.0
1237	1251	0	0.0
1239	1252	0	0.0
1194	1203	0	0.0
1228	1235	0	0.0
1239	1253	0	0.0
1241	1252	0	0.0
1243	1252	0	0.0
1245	1252	0	0.0
1194	1204	0	0.0
1228	1236	0	0.0
1241	1253	0	0.0
1239	1254	0	0.0
1245	1253	0	0.0
1232	1246	0	0.0
1241	1254	0	0.0
1194	1205	0	0.0
1243	1253	0	0.0
1228	1237	0	0.0
1194	1206	0	0.0
1243	1254	0	0.0
1232	1247	0	0.0
1228	1238	0	0.0
1236	1250	0	0.0
1245	1254	0	0.0
1232	1248	0	0.0
1236	1251	0	0.0
1249	1255	0	0.0
1191	1202	0	0.0
1266	1278	0	0.0
1191	1203	0	0.0
1249	1256	0	0.0
1187	1199	0	0.0
1187	1200	0	0.0
1262	1272	0	0.0
1191	1204	0	0.0
1249	1257	0	0.0
1187	1201	0	0.0
1191	1205	0	0.0
1262	1273	0	0.0
1284	1293	0	0.0
1191	1206	0	0.0
1255	1262	0	0.0
1219	1226	0	0.0
1255	1263	0	0.0
1266	1274	0	0.0
1219	1227	0	0.0
1266	1275	0	0.0
1201	1211	0	0.0
1266	1276	0	0.0
1212	1219	0	0.0
1212	1220	0	0.0
1316	1322	0	0.0
1266	1277	0	0.0
1260	1269	0	0.0
1212	1221	0	0.0
1316	1323	0	0.0
1212	1222	0	0.0
1260	1270	0	0.0
1263	1272	0	0.0
1220	1226	0	0.0
1212	1223	0	0.0
1349	1371	0	0.0
1316	1324	0	0.0
1260	1271	0	0.0
1263	1273	0	0.0
1220	1227	0	0.0
1316	1325	0	0.0
1349	1372	0	0.0
1217	1225	0	0.0
1246	1255	0	0.0
1199	1211	0	0.0
1354	1370	0	0.0
1213	1219	0	0.0
1246	1256	0	0.0
1229	1233	0	0.0
1354	1371	0	0.0
1213	1220	0	0.0
1246	1257	0	0.0
1354	1372	0	0.0
1213	1221	0	0.0
1229	1234	0	0.0
1269	1279	0	0.0
1213	1222	0	0.0
1235	1250	0	0.0
1359	1375	0	0.0
1351	1370	0	0.0
1269	1280	0	0.0
1252	1260	0	0.0
1213	1223	0	0.0
1229	1235	0	0.0
1359	1376	0	0.0
1269	1281	0	0.0
1353	1370	0	0.0
1351	1371	0	0.0
1221	1226	0	0.0
1252	1261	0	0.0
1353	1371	0	0.0
1356	1370	0	0.0
1351	1372	0	0.0
1221	1227	0	0.0
1229	1236	0	0.0
1353	1372	0	0.0
1356	1371	0	0.0
1357	1370	0	0.0
1256	1262	0	0.0
1360	1373	0	0.0
1349	1370	0	0.0
1356	1372	0	0.0
1357	1371	0	0.0
1357	1372	0	0.0
1229	1237	0	0.0
1352	1370	0	0.0
1360	1374	0	0.0
1256	1263	0	0.0
1229	1238	0	0.0
1352	1371	0	0.0
1214	1219	0	0.0
1360	1375	0	0.0
1285	1293	0	0.0
1352	1372	0	0.0
1363	1373	0	0.0
1214	1220	0	0.0
1360	1376	0	0.0
1214	1221	0	0.0
1363	1374	0	0.0
1195	1202	0	0.0
1358	1373	0	0.0
1214	1222	0	0.0
1222	1226	0	0.0
1363	1375	0	0.0
1195	1203	0	0.0
1214	1223	0	0.0
1358	1374	0	0.0
1370	1381	0	0.0
1195	1204	0	0.0
1222	1227	0	0.0
1363	1376	0	0.0
1267	1274	0	0.0
1368	1377	0	0.0
1358	1375	0	0.0
1267	1275	0	0.0
1355	1370	0	0.0
1195	1205	0	0.0
1368	1378	0	0.0
1267	1276	0	0.0
1355	1371	0	0.0
1358	1376	0	0.0
1377	1387	0	0.0
1366	1377	0	0.0
1372	1379	0	0.0
1195	1206	0	0.0
1267	1277	0	0.0
1355	1372	0	0.0
1359	1373	0	0.0
1377	1388	0	0.0
1366	1378	0	0.0
1267	1278	0	0.0
1372	1380	0	0.0
1362	1373	0	0.0
1364	1373	0	0.0
1359	1374	0	0.0
1364	1374	0	0.0
1362	1374	0	0.0
1261	1269	0	0.0
1372	1381	0	0.0
1192	1202	0	0.0
1223	1226	0	0.0
1364	1375	0	0.0
1385	1397	0	0.0
1362	1375	0	0.0
1261	1270	0	0.0
1364	1376	0	0.0
1387	1397	0	0.0
1192	1203	0	0.0
1362	1376	0	0.0
1223	1227	0	0.0
1373	1382	0	0.0
1261	1271	0	0.0
1257	1262	0	0.0
1385	1398	0	0.0
1250	1258	0	0.0
1192	1204	0	0.0
1382	1395	0	0.0
1373	1383	0	0.0
1380	1389	0	0.0
1198	1207	0	0.0
1253	1260	0	0.0
1257	1263	0	0.0
1386	1397	0	0.0
1370	1379	0	0.0
1218	1225	0	0.0
1250	1259	0	0.0
1385	1399	0	0.0
1192	1205	0	0.0
1382	1396	0	0.0
1380	1390	0	0.0
1198	1208	0	0.0
1253	1261	0	0.0
1215	1224	0	0.0
1370	1380	0	0.0
1386	1398	0	0.0
1350	1370	0	0.0
1380	1391	0	0.0
1385	1400	0	0.0
1198	1209	0	0.0
1192	1206	0	0.0
1361	1373	0	0.0
1387	1398	0	0.0
1350	1371	0	0.0
1380	1392	0	0.0
1198	1210	0	0.0
1385	1401	0	0.0
1386	1399	0	0.0
1361	1374	0	0.0
1380	1393	0	0.0
1387	1399	0	0.0
1350	1372	0	0.0
1270	1279	0	0.0
1361	1375	0	0.0
1385	1402	0	0.0
1380	1394	0	0.0
1386	1400	0	0.0
1270	1280	0	0.0
1387	1400	0	0.0
1369	1377	0	0.0
1361	1376	0	0.0
1378	1384	0	0.0
1270	1281	0	0.0
1387	1401	0	0.0
1369	1378	0	0.0
1386	1401	0	0.0
1387	1402	0	0.0
1409	1418	0	0.0
1242	1252	0	0.0
1378	1385	0	0.0
1406	1416	0	0.0
1386	1402	0	0.0
1403	1416	0	0.0
1409	1419	0	0.0
1410	1421	0	0.0
1242	1253	0	0.0
1378	1386	0	0.0
1403	1417	0	0.0
1242	1254	0	0.0
1410	1422	0	0.0
1374	1382	0	0.0
1406	1417	0	0.0
1403	1418	0	0.0
1378	1387	0	0.0
1374	1383	0	0.0
1403	1419	0	0.0
1406	1418	0	0.0
1264	1274	0	0.0
1409	1416	0	0.0
1378	1388	0	0.0
1264	1275	0	0.0
1406	1419	0	0.0
1409	1417	0	0.0
1264	1276	0	0.0
1264	1277	0	0.0
1264	1278	0	0.0
1247	1255	0	0.0
1224	1228	0	0.0
1415	1423	0	0.0
1247	1256	0	0.0
1224	1229	0	0.0
1240	1252	0	0.0
1415	1424	0	0.0
1247	1257	0	0.0
1240	1253	0	0.0
1230	1239	0	0.0
1415	1425	0	0.0
1240	1254	0	0.0
1230	1240	0	0.0
1411	1420	0	0.0
1258	1264	0	0.0
1225	1230	0	0.0
1411	1421	0	0.0
1230	1241	0	0.0
1258	1265	0	0.0
1419	1426	0	0.0
1411	1422	0	0.0
1225	1231	0	0.0
1230	1242	0	0.0
1419	1427	0	0.0
1258	1266	0	0.0
1420	1434	0	0.0
1230	1243	0	0.0
1419	1428	0	0.0
1258	1267	0	0.0
1420	1435	0	0.0
1419	1429	0	0.0
1230	1244	0	0.0
1258	1268	0	0.0
1420	1436	0	0.0
1381	1389	0	0.0
1419	1430	0	0.0
1381	1390	0	0.0
1420	1437	0	0.0
1230	1245	0	0.0
1254	1260	0	0.0
1420	1438	0	0.0
1367	1377	0	0.0
1381	1391	0	0.0
1419	1431	0	0.0
1196	1202	0	0.0
1254	1261	0	0.0
1381	1392	0	0.0
1367	1378	0	0.0
1268	1274	0	0.0
1419	1432	0	0.0
1381	1393	0	0.0
1196	1203	0	0.0
1268	1275	0	0.0
1419	1433	0	0.0
1381	1394	0	0.0
1404	1416	0	0.0
1196	1204	0	0.0
1307	1312	0	0.0
1412	1420	0	0.0
1268	1276	0	0.0
1375	1382	0	0.0
1423	1439	0	0.0
1404	1417	0	0.0
1196	1205	0	0.0
1412	1421	0	0.0
1268	1277	0	0.0
1423	1440	0	0.0
1308	1312	0	0.0
1268	1278	0	0.0
1412	1422	0	0.0
1375	1383	0	0.0
1404	1418	0	0.0
1196	1206	0	0.0
1309	1312	0	0.0
1404	1419	0	0.0
1251	1258	0	0.0
1424	1440	0	0.0
1388	1397	0	0.0
1251	1259	0	0.0
1388	1398	0	0.0
1371	1379	0	0.0
1384	1397	0	0.0
1388	1399	0	0.0
1371	1380	0	0.0
1226	1232	0	0.0
1388	1400	0	0.0
1384	1398	0	0.0
1371	1381	0	0.0
1310	1313	0	0.0
1422	1434	0	0.0
1388	1401	0	0.0
1384	1399	0	0.0
1259	1264	0	0.0
1326	1332	0	0.0
1422	1435	0	0.0
1388	1402	0	0.0
1407	1416	0	0.0
1311	1314	0	0.0
1259	1265	0	0.0
1384	1400	0	0.0
1422	1436	0	0.0
1407	1417	0	0.0
1244	1252	0	0.0
1259	1266	0	0.0
1422	1437	0	0.0
1259	1267	0	0.0
1425	1439	0	0.0
1407	1418	0	0.0
1384	1401	0	0.0
1244	1253	0	0.0
1282	1293	0	0.0
1417	1426	0	0.0
1422	1438	0	0.0
1259	1268	0	0.0
1425	1440	0	0.0
1312	1315	0	0.0
1407	1419	0	0.0
1384	1402	0	0.0
1417	1427	0	0.0
1244	1254	0	0.0
1312	1316	0	0.0
1417	1428	0	0.0
1365	1377	0	0.0
1417	1429	0	0.0
1327	1332	0	0.0
1365	1378	0	0.0
1417	1430	0	0.0
1417	1431	0	0.0
1313	1317	0	0.0
1417	1432	0	0.0
1313	1318	0	0.0
1313	1319	0	0.0
1417	1433	0	0.0
1271	1279	0	0.0
1265	1274	0	0.0
1383	1395	0	0.0
1424	1439	0	0.0
1265	1275	0	0.0
1271	1280	0	0.0
1383	1396	0	0.0
1265	1276	0	0.0
1271	1281	0	0.0
1265	1277	0	0.0
1413	1420	0	0.0
1265	1278	0	0.0
1413	1421	0	0.0
1413	1422	0	0.0
1314	1320	0	0.0
1376	1382	0	0.0
1231	1239	0	0.0
1314	1321	0	0.0
1231	1240	0	0.0
1376	1383	0	0.0
1429	1441	0	0.0
1231	1241	0	0.0
1429	1442	0	0.0
1431	1441	0	0.0
1431	1442	0	0.0
1429	1443	0	0.0
1231	1242	0	0.0
1431	1443	0	0.0
1433	1441	0	0.0
1231	1243	0	0.0
1433	1442	0	0.0
1436	1444	0	0.0
1433	1443	0	0.0
1436	1445	0	0.0
1231	1244	0	0.0
1231	1245	0	0.0
1414	1420	0	0.0
1283	1293	0	0.0
1427	1441	0	0.0
1414	1421	0	0.0
1248	1255	0	0.0
1414	1422	0	0.0
1421	1434	0	0.0
1248	1256	0	0.0
1427	1442	0	0.0
1421	1435	0	0.0
1248	1257	0	0.0
1405	1416	0	0.0
1427	1443	0	0.0
1421	1436	0	0.0
1455	1462	0	0.0
1405	1417	0	0.0
1421	1437	0	0.0
1455	1463	0	0.0
1421	1438	0	0.0
1405	1418	0	0.0
1455	1464	0	0.0
1328	1333	0	0.0
1405	1419	0	0.0
1455	1465	0	0.0
1455	1466	0	0.0
1458	1467	0	0.0
1458	1468	0	0.0
1458	1469	0	0.0
1458	1470	0	0.0
1458	1471	0	0.0
1458	1472	0	0.0
1418	1426	0	0.0
1418	1427	0	0.0
1456	1462	0	0.0
1329	1333	0	0.0
1456	1463	0	0.0
1418	1428	0	0.0
1408	1416	0	0.0
1456	1464	0	0.0
1418	1429	0	0.0
1408	1417	0	0.0
1456	1465	0	0.0
1418	1430	0	0.0
1408	1418	0	0.0
1456	1466	0	0.0
1416	1426	0	0.0
1418	1431	0	0.0
1315	1322	0	0.0
1416	1427	0	0.0
1418	1432	0	0.0
1408	1419	0	0.0
1418	1433	0	0.0
1315	1323	0	0.0
1476	1489	0	0.0
1416	1428	0	0.0
1416	1429	0	0.0
1315	1324	0	0.0
1476	1490	0	0.0
1184	1184	0	0.0
1416	1430	0	0.0
1183	1199	0	0.0
1315	1325	0	0.0
1476	1491	0	0.0
1416	1431	0	0.0
1191	1191	0	0.0
1416	1432	0	0.0
1187	1187	0	0.0
1476	1492	0	0.0
1183	1200	0	0.0
1416	1433	0	0.0
1184	1199	0	0.0
1476	1493	0	0.0
1183	1201	0	0.0
1184	1200	0	0.0
1184	1201	0	0.0
1199	1183	0	0.0
1192	1192	0	0.0
1199	1184	0	0.0
1200	1185	0	0.0
1199	1185	0	0.0
1189	1202	0	0.0
1437	1444	0	0.0
1194	1194	0	0.0
1194	1208	0	0.0
1437	1445	0	0.0
1189	1203	0	0.0
1194	1209	0	0.0
1189	1204	0	0.0
1194	1210	0	0.0
1196	1207	0	0.0
1189	1205	0	0.0
1201	1183	0	0.0
1196	1208	0	0.0
1198	1198	0	0.0
1201	1184	0	0.0
1196	1209	0	0.0
1189	1206	0	0.0
1477	1489	0	0.0
1196	1210	0	0.0
1201	1185	0	0.0
1185	1185	0	0.0
1193	1193	0	0.0
1477	1490	0	0.0
1199	1199	0	0.0
1196	1196	0	0.0
1432	1441	0	0.0
1477	1491	0	0.0
1203	1203	0	0.0
1432	1442	0	0.0
1477	1492	0	0.0
1432	1443	0	0.0
1183	1183	0	0.0
1185	1199	0	0.0
1208	1208	0	0.0
1211	1211	0	0.0
1477	1493	0	0.0
1185	1200	0	0.0
1200	1200	0	0.0
1197	1197	0	0.0
1213	1224	0	0.0
1208	1191	0	0.0
1207	1207	0	0.0
1185	1201	0	0.0
1198	1211	0	0.0
1208	1192	0	0.0
1222	1222	0	0.0
1203	1186	0	0.0
1187	1202	0	0.0
1208	1193	0	0.0
1221	1229	0	0.0
1203	1187	0	0.0
1215	1215	0	0.0
1187	1203	0	0.0
1208	1194	0	0.0
1225	1215	0	0.0
1201	1201	0	0.0
1226	1233	0	0.0
1203	1188	0	0.0
1187	1204	0	0.0
1218	1218	0	0.0
1208	1195	0	0.0
1226	1234	0	0.0
1206	1206	0	0.0
1330	1334	0	0.0
1215	1225	0	0.0
1203	1189	0	0.0
1187	1205	0	0.0
1208	1196	0	0.0
1226	1235	0	0.0
1330	1335	0	0.0
1197	1211	0	0.0
1203	1190	0	0.0
1211	1197	0	0.0
1428	1441	0	0.0
1192	1207	0	0.0
1187	1206	0	0.0
1237	1226	0	0.0
1233	1233	0	0.0
1209	1191	0	0.0
1189	1189	0	0.0
1226	1236	0	0.0
1204	1186	0	0.0
1231	1248	0	0.0
1225	1225	0	0.0
1211	1198	0	0.0
1428	1442	0	0.0
1450	1459	0	0.0
1192	1208	0	0.0
1214	1214	0	0.0
1237	1227	0	0.0
1226	1237	0	0.0
1204	1187	0	0.0
1231	1249	0	0.0
1209	1192	0	0.0
1192	1209	0	0.0
1428	1443	0	0.0
1450	1460	0	0.0
1379	1389	0	0.0
1204	1188	0	0.0
1235	1226	0	0.0
1192	1210	0	0.0
1226	1238	0	0.0
1457	1467	0	0.0
1209	1193	0	0.0
1239	1239	0	0.0
1204	1189	0	0.0
1450	1461	0	0.0
1331	1334	0	0.0
1379	1390	0	0.0
1235	1227	0	0.0
1200	1183	0	0.0
1231	1224	0	0.0
1457	1468	0	0.0
1209	1194	0	0.0
1204	1190	0	0.0
1195	1195	0	0.0
1331	1335	0	0.0
1379	1391	0	0.0
1200	1184	0	0.0
1230	1230	0	0.0
1193	1207	0	0.0
1457	1469	0	0.0
1209	1195	0	0.0
1379	1392	0	0.0
1377	1384	0	0.0
1193	1208	0	0.0
1426	1441	0	0.0
1457	1470	0	0.0
1209	1196	0	0.0
1379	1393	0	0.0
1223	1223	0	0.0
1377	1385	0	0.0
1193	1209	0	0.0
1426	1442	0	0.0
1457	1471	0	0.0
1191	1207	0	0.0
1377	1386	0	0.0
1216	1216	0	0.0
1379	1394	0	0.0
1193	1210	0	0.0
1237	1237	0	0.0
1212	1212	0	0.0
1235	1235	0	0.0
1426	1443	0	0.0
1457	1472	0	0.0
1214	1224	0	0.0
1231	1231	0	0.0
1191	1208	0	0.0
1243	1243	0	0.0
1235	1252	0	0.0
1222	1228	0	0.0
1236	1252	0	0.0
1248	1248	0	0.0
1191	1209	0	0.0
1227	1227	0	0.0
1235	1253	0	0.0
1204	1204	0	0.0
1222	1229	0	0.0
1216	1226	0	0.0
1236	1253	0	0.0
1235	1254	0	0.0
1191	1210	0	0.0
1232	1232	0	0.0
1216	1227	0	0.0
1236	1254	0	0.0
1248	1230	0	0.0
1473	1476	0	0.0
1451	1459	0	0.0
1224	1212	0	0.0
1227	1233	0	0.0
1248	1231	0	0.0
1234	1234	0	0.0
1247	1230	0	0.0
1224	1213	0	0.0
1451	1460	0	0.0
1227	1234	0	0.0
1473	1477	0	0.0
1195	1207	0	0.0
1224	1214	0	0.0
1250	1250	0	0.0
1209	1209	0	0.0
1247	1231	0	0.0
1227	1235	0	0.0
1451	1461	0	0.0
1247	1247	0	0.0
1238	1238	0	0.0
1195	1208	0	0.0
1227	1236	0	0.0
1230	1246	0	0.0
1253	1238	0	0.0
1195	1209	0	0.0
1434	1444	0	0.0
1227	1237	0	0.0
1232	1250	0	0.0
1230	1247	0	0.0
1255	1242	0	0.0
1195	1210	0	0.0
1237	1252	0	0.0
1253	1253	0	0.0
1240	1240	0	0.0
1232	1251	0	0.0
1474	1478	0	0.0
1230	1248	0	0.0
1244	1255	0	0.0
1227	1238	0	0.0
1434	1445	0	0.0
1238	1252	0	0.0
1255	1243	0	0.0
1244	1228	0	0.0
1205	1186	0	0.0
1237	1253	0	0.0
1242	1242	0	0.0
1230	1249	0	0.0
1256	1267	0	0.0
1230	1224	0	0.0
1212	1224	0	0.0
1246	1246	0	0.0
1238	1253	0	0.0
1474	1479	0	0.0
1244	1256	0	0.0
1410	1420	0	0.0
1244	1229	0	0.0
1237	1254	0	0.0
1234	1226	0	0.0
1205	1187	0	0.0
1234	1252	0	0.0
1256	1268	0	0.0
1255	1244	0	0.0
1238	1254	0	0.0
1205	1188	0	0.0
1260	1250	0	0.0
1474	1480	0	0.0
1234	1227	0	0.0
1224	1224	0	0.0
1258	1258	0	0.0
1244	1257	0	0.0
1231	1246	0	0.0
1260	1272	0	0.0
1234	1253	0	0.0
1255	1245	0	0.0
1238	1226	0	0.0
1205	1189	0	0.0
1260	1251	0	0.0
1236	1236	0	0.0
1210	1191	0	0.0
1267	1256	0	0.0
1231	1247	0	0.0
1474	1481	0	0.0
1260	1273	0	0.0
1251	1232	0	0.0
1238	1227	0	0.0
1234	1254	0	0.0
1248	1258	0	0.0
1205	1190	0	0.0
1217	1217	0	0.0
1269	1258	0	0.0
1210	1192	0	0.0
1267	1257	0	0.0
1186	1186	0	0.0
1474	1482	0	0.0
1267	1255	0	0.0
1248	1259	0	0.0
1269	1259	0	0.0
1259	1269	0	0.0
1249	1230	0	0.0
1210	1193	0	0.0
1223	1228	0	0.0
1242	1255	0	0.0
1240	1255	0	0.0
1249	1249	0	0.0
1252	1233	0	0.0
1246	1258	0	0.0
1236	1226	0	0.0
1452	1459	0	0.0
1249	1231	0	0.0
1210	1194	0	0.0
1259	1270	0	0.0
1223	1229	0	0.0
1217	1226	0	0.0
1252	1234	0	0.0
1242	1256	0	0.0
1246	1259	0	0.0
1236	1227	0	0.0
1240	1256	0	0.0
1260	1260	0	0.0
1267	1279	0	0.0
1452	1460	0	0.0
1259	1271	0	0.0
1255	1255	0	0.0
1210	1195	0	0.0
1217	1227	0	0.0
1252	1235	0	0.0
1190	1190	0	0.0
1242	1257	0	0.0
1254	1233	0	0.0
1240	1257	0	0.0
1267	1280	0	0.0
1452	1461	0	0.0
1262	1252	0	0.0
1252	1236	0	0.0
1210	1196	0	0.0
1254	1234	0	0.0
1438	1444	0	0.0
1253	1262	0	0.0
1267	1281	0	0.0
1249	1258	0	0.0
1430	1441	0	0.0
1252	1237	0	0.0
1262	1253	0	0.0
1256	1256	0	0.0
1254	1235	0	0.0
1249	1259	0	0.0
1438	1445	0	0.0
1252	1238	0	0.0
1430	1442	0	0.0
1253	1263	0	0.0
1272	1260	0	0.0
1205	1205	0	0.0
1254	1236	0	0.0
1262	1254	0	0.0
1186	1202	0	0.0
1269	1269	0	0.0
1267	1267	0	0.0
1251	1251	0	0.0
1475	1483	0	0.0
1430	1443	0	0.0
1259	1246	0	0.0
1254	1237	0	0.0
1272	1261	0	0.0
1186	1203	0	0.0
1275	1275	0	0.0
1275	1262	0	0.0
1190	1202	0	0.0
1244	1244	0	0.0
1240	1228	0	0.0
1475	1484	0	0.0
1254	1238	0	0.0
1186	1204	0	0.0
1259	1247	0	0.0
1275	1263	0	0.0
1265	1279	0	0.0
1256	1264	0	0.0
1190	1203	0	0.0
1276	1262	0	0.0
1240	1229	0	0.0
1475	1485	0	0.0
1252	1252	0	0.0
1188	1188	0	0.0
1259	1248	0	0.0
1256	1265	0	0.0
1263	1263	0	0.0
1261	1261	0	0.0
1262	1262	0	0.0
1475	1486	0	0.0
1190	1204	0	0.0
1265	1280	0	0.0
1276	1263	0	0.0
1259	1249	0	0.0
1251	1260	0	0.0
1256	1266	0	0.0
1224	1230	0	0.0
1270	1270	0	0.0
1265	1281	0	0.0
1475	1487	0	0.0
1190	1205	0	0.0
1224	1231	0	0.0
1251	1261	0	0.0
1475	1488	0	0.0
1190	1206	0	0.0
1263	1274	0	0.0
1272	1272	0	0.0
1256	1239	0	0.0
1226	1216	0	0.0
1259	1259	0	0.0
1194	1207	0	0.0
1206	1186	0	0.0
1261	1250	0	0.0
1263	1275	0	0.0
1256	1240	0	0.0
1226	1217	0	0.0
1206	1187	0	0.0
1210	1210	0	0.0
1261	1251	0	0.0
1188	1202	0	0.0
1263	1276	0	0.0
1261	1272	0	0.0
1206	1188	0	0.0
1256	1241	0	0.0
1226	1218	0	0.0
1245	1245	0	0.0
1202	1202	0	0.0
1241	1241	0	0.0
1188	1203	0	0.0
1245	1228	0	0.0
1276	1276	0	0.0
1263	1277	0	0.0
1206	1189	0	0.0
1254	1254	0	0.0
1261	1273	0	0.0
1256	1242	0	0.0
1280	1266	0	0.0
1188	1204	0	0.0
1256	1243	0	0.0
1245	1229	0	0.0
1280	1267	0	0.0
1263	1278	0	0.0
1206	1190	0	0.0
1233	1252	0	0.0
1186	1205	0	0.0
1268	1255	0	0.0
1188	1205	0	0.0
1270	1258	0	0.0
1280	1268	0	0.0
1302	1302	0	0.0
1256	1244	0	0.0
1233	1253	0	0.0
1186	1206	0	0.0
1188	1206	0	0.0
1270	1259	0	0.0
1268	1256	0	0.0
1256	1245	0	0.0
1233	1254	0	0.0
1253	1233	0	0.0
1243	1255	0	0.0
1291	1291	0	0.0
1268	1257	0	0.0
1246	1230	0	0.0
1253	1234	0	0.0
1243	1256	0	0.0
1271	1271	0	0.0
1246	1231	0	0.0
1290	1290	0	0.0
1313	1313	0	0.0
1253	1235	0	0.0
1243	1257	0	0.0
1295	1295	0	0.0
1250	1260	0	0.0
1253	1236	0	0.0
1312	1312	0	0.0
1245	1255	0	0.0
1241	1255	0	0.0
1265	1265	0	0.0
1250	1232	0	0.0
1233	1226	0	0.0
1250	1261	0	0.0
1253	1237	0	0.0
1257	1257	0	0.0
1263	1252	0	0.0
1241	1256	0	0.0
1255	1239	0	0.0
1233	1227	0	0.0
1245	1256	0	0.0
1245	1257	0	0.0
1453	1459	0	0.0
1219	1219	0	0.0
1226	1226	0	0.0
1297	1297	0	0.0
1218	1226	0	0.0
1280	1280	0	0.0
1263	1253	0	0.0
1241	1257	0	0.0
1255	1240	0	0.0
1453	1460	0	0.0
1312	1317	0	0.0
1316	1316	0	0.0
1283	1283	0	0.0
1218	1227	0	0.0
1285	1285	0	0.0
1255	1241	0	0.0
1254	1262	0	0.0
1263	1254	0	0.0
1296	1296	0	0.0
1312	1318	0	0.0
1453	1461	0	0.0
1323	1323	0	0.0
1257	1264	0	0.0
1273	1273	0	0.0
1312	1319	0	0.0
1254	1263	0	0.0
1257	1265	0	0.0
1281	1264	0	0.0
1314	1310	0	0.0
1330	1330	0	0.0
1258	1246	0	0.0
1268	1268	0	0.0
1303	1303	0	0.0
1281	1265	0	0.0
1257	1266	0	0.0
1258	1247	0	0.0
1435	1444	0	0.0
1277	1262	0	0.0
1281	1266	0	0.0
1314	1314	0	0.0
1257	1267	0	0.0
1228	1228	0	0.0
1273	1260	0	0.0
1281	1267	0	0.0
1277	1263	0	0.0
1258	1248	0	0.0
1435	1445	0	0.0
1257	1268	0	0.0
1241	1228	0	0.0
1281	1268	0	0.0
1294	1294	0	0.0
1273	1261	0	0.0
1258	1249	0	0.0
1227	1216	0	0.0
1320	1313	0	0.0
1241	1229	0	0.0
1227	1217	0	0.0
1368	1368	0	0.0
1247	1258	0	0.0
1213	1213	0	0.0
1271	1258	0	0.0
1262	1274	0	0.0
1257	1239	0	0.0
1227	1218	0	0.0
1247	1259	0	0.0
1271	1259	0	0.0
1350	1373	0	0.0
1239	1255	0	0.0
1454	1459	0	0.0
1349	1349	0	0.0
1313	1320	0	0.0
1262	1275	0	0.0
1257	1240	0	0.0
1292	1292	0	0.0
1239	1256	0	0.0
1350	1374	0	0.0
1454	1460	0	0.0
1262	1276	0	0.0
1313	1321	0	0.0
1239	1257	0	0.0
1257	1241	0	0.0
1286	1286	0	0.0
1350	1375	0	0.0
1352	1373	0	0.0
1262	1277	0	0.0
1277	1277	0	0.0
1228	1239	0	0.0
1356	1374	0	0.0
1320	1320	0	0.0
1454	1461	0	0.0
1315	1311	0	0.0
1350	1376	0	0.0
1257	1242	0	0.0
1281	1281	0	0.0
1262	1278	0	0.0
1352	1374	0	0.0
1228	1240	0	0.0
1356	1375	0	0.0
1257	1243	0	0.0
1228	1241	0	0.0
1315	1315	0	0.0
1219	1228	0	0.0
1352	1375	0	0.0
1356	1376	0	0.0
1257	1244	0	0.0
1366	1366	0	0.0
1228	1242	0	0.0
1219	1229	0	0.0
1354	1373	0	0.0
1355	1373	0	0.0
1353	1373	0	0.0
1228	1243	0	0.0
1352	1376	0	0.0
1264	1255	0	0.0
1355	1374	0	0.0
1354	1374	0	0.0
1257	1245	0	0.0
1228	1244	0	0.0
1353	1374	0	0.0
1278	1262	0	0.0
1355	1375	0	0.0
1354	1375	0	0.0
1264	1256	0	0.0
1353	1375	0	0.0
1228	1245	0	0.0
1278	1263	0	0.0
1355	1376	0	0.0
1304	1304	0	0.0
1354	1376	0	0.0
1264	1264	0	0.0
1225	1232	0	0.0
1353	1376	0	0.0
1232	1225	0	0.0
1264	1257	0	0.0
1351	1351	0	0.0
1228	1219	0	0.0
1349	1373	0	0.0
1358	1377	0	0.0
1369	1369	0	0.0
1228	1220	0	0.0
1349	1374	0	0.0
1321	1313	0	0.0
1316	1311	0	0.0
1220	1220	0	0.0
1358	1378	0	0.0
1202	1186	0	0.0
1349	1375	0	0.0
1228	1221	0	0.0
1349	1376	0	0.0
1202	1187	0	0.0
1293	1293	0	0.0
1228	1222	0	0.0
1229	1229	0	0.0
1202	1188	0	0.0
1278	1278	0	0.0
1352	1352	0	0.0
1202	1189	0	0.0
1228	1223	0	0.0
1287	1287	0	0.0
1220	1228	0	0.0
1359	1359	0	0.0
1202	1190	0	0.0
1266	1266	0	0.0
1365	1365	0	0.0
1357	1357	0	0.0
1268	1279	0	0.0
1264	1279	0	0.0
1220	1229	0	0.0
1351	1373	0	0.0
1207	1191	0	0.0
1268	1280	0	0.0
1264	1280	0	0.0
1321	1321	0	0.0
1351	1374	0	0.0
1367	1367	0	0.0
1264	1281	0	0.0
1268	1281	0	0.0
1305	1305	0	0.0
1314	1322	0	0.0
1207	1192	0	0.0
1351	1375	0	0.0
1350	1350	0	0.0
1317	1317	0	0.0
1314	1323	0	0.0
1351	1376	0	0.0
1207	1193	0	0.0
1370	1370	0	0.0
1314	1324	0	0.0
1357	1373	0	0.0
1372	1372	0	0.0
1207	1194	0	0.0
1371	1371	0	0.0
1314	1325	0	0.0
1229	1239	0	0.0
1252	1262	0	0.0
1357	1374	0	0.0
1358	1358	0	0.0
1356	1356	0	0.0
1317	1312	0	0.0
1229	1240	0	0.0
1364	1377	0	0.0
1207	1195	0	0.0
1357	1375	0	0.0
1252	1263	0	0.0
1284	1284	0	0.0
1258	1269	0	0.0
1242	1228	0	0.0
1221	1221	0	0.0
1364	1378	0	0.0
1229	1241	0	0.0
1357	1376	0	0.0
1207	1196	0	0.0
1258	1270	0	0.0
1239	1228	0	0.0
1242	1229	0	0.0
1322	1314	0	0.0
1229	1242	0	0.0
1258	1271	0	0.0
1362	1362	0	0.0
1266	1279	0	0.0
1239	1229	0	0.0
1363	1363	0	0.0
1367	1380	0	0.0
1229	1219	0	0.0
1229	1243	0	0.0
1360	1360	0	0.0
1353	1353	0	0.0
1355	1355	0	0.0
1359	1377	0	0.0
1266	1280	0	0.0
1229	1244	0	0.0
1265	1255	0	0.0
1367	1381	0	0.0
1229	1220	0	0.0
1369	1379	0	0.0
1356	1373	0	0.0
1221	1228	0	0.0
1229	1245	0	0.0
1359	1378	0	0.0
1288	1288	0	0.0
1265	1256	0	0.0
1266	1281	0	0.0
1373	1349	0	0.0
1229	1221	0	0.0
1280	1264	0	0.0
1374	1374	0	0.0
1369	1380	0	0.0
1375	1375	0	0.0
1265	1257	0	0.0
1381	1365	0	0.0
1229	1222	0	0.0
1373	1350	0	0.0
1280	1265	0	0.0
1322	1322	0	0.0
1379	1367	0	0.0
1381	1366	0	0.0
1369	1381	0	0.0
1372	1382	0	0.0
1229	1223	0	0.0
1306	1306	0	0.0
1373	1351	0	0.0
1381	1367	0	0.0
1376	1376	0	0.0
1372	1383	0	0.0
1307	1307	0	0.0
1376	1349	0	0.0
1379	1368	0	0.0
1362	1377	0	0.0
1255	1264	0	0.0
1366	1379	0	0.0
1381	1368	0	0.0
1377	1358	0	0.0
1373	1352	0	0.0
1362	1378	0	0.0
1366	1380	0	0.0
1376	1350	0	0.0
1379	1369	0	0.0
1255	1265	0	0.0
1383	1370	0	0.0
1381	1369	0	0.0
1377	1359	0	0.0
1363	1377	0	0.0
1366	1381	0	0.0
1373	1353	0	0.0
1377	1360	0	0.0
1376	1351	0	0.0
1255	1266	0	0.0
1307	1313	0	0.0
1383	1371	0	0.0
1363	1378	0	0.0
1376	1384	0	0.0
1374	1349	0	0.0
1377	1361	0	0.0
1373	1354	0	0.0
1318	1312	0	0.0
1376	1385	0	0.0
1376	1352	0	0.0
1383	1372	0	0.0
1374	1350	0	0.0
1255	1267	0	0.0
1370	1382	0	0.0
1379	1396	0	0.0
1377	1362	0	0.0
1373	1355	0	0.0
1376	1386	0	0.0
1323	1314	0	0.0
1374	1351	0	0.0
1365	1379	0	0.0
1370	1383	0	0.0
1255	1268	0	0.0
1360	1377	0	0.0
1387	1373	0	0.0
1377	1363	0	0.0
1376	1353	0	0.0
1376	1387	0	0.0
1311	1311	0	0.0
1373	1356	0	0.0
1365	1380	0	0.0
1374	1352	0	0.0
1379	1379	0	0.0
1387	1374	0	0.0
1377	1364	0	0.0
1360	1378	0	0.0
1376	1388	0	0.0
1376	1354	0	0.0
1374	1353	0	0.0
1365	1381	0	0.0
1381	1381	0	0.0
1387	1375	0	0.0
1380	1395	0	0.0
1318	1318	0	0.0
1373	1357	0	0.0
1289	1289	0	0.0
1308	1308	0	0.0
1375	1349	0	0.0
1381	1395	0	0.0
1374	1354	0	0.0
1368	1379	0	0.0
1387	1376	0	0.0
1380	1396	0	0.0
1375	1350	0	0.0
1381	1396	0	0.0
1376	1355	0	0.0
1374	1355	0	0.0
1368	1380	0	0.0
1383	1383	0	0.0
1386	1373	0	0.0
1385	1373	0	0.0
1375	1351	0	0.0
1374	1356	0	0.0
1327	1327	0	0.0
1376	1356	0	0.0
1382	1399	0	0.0
1368	1381	0	0.0
1386	1374	0	0.0
1308	1313	0	0.0
1385	1374	0	0.0
1375	1352	0	0.0
1374	1357	0	0.0
1377	1377	0	0.0
1386	1375	0	0.0
1376	1357	0	0.0
1385	1375	0	0.0
1375	1353	0	0.0
1382	1400	0	0.0
1324	1314	0	0.0
1389	1389	0	0.0
1382	1401	0	0.0
1386	1376	0	0.0
1385	1376	0	0.0
1375	1354	0	0.0
1374	1384	0	0.0
1382	1402	0	0.0
1375	1355	0	0.0
1374	1385	0	0.0
1373	1373	0	0.0
1383	1397	0	0.0
1393	1377	0	0.0
1387	1387	0	0.0
1375	1356	0	0.0
1382	1382	0	0.0
1274	1262	0	0.0
1374	1386	0	0.0
1319	1312	0	0.0
1375	1384	0	0.0
1375	1357	0	0.0
1327	1333	0	0.0
1266	1255	0	0.0
1274	1263	0	0.0
1385	1385	0	0.0
1279	1264	0	0.0
1374	1387	0	0.0
1375	1385	0	0.0
1301	1301	0	0.0
1279	1265	0	0.0
1386	1386	0	0.0
1266	1256	0	0.0
1386	1386	0	0.0
1374	1388	0	0.0
1375	1386	0	0.0
1279	1266	0	0.0
1324	1324	0	0.0
1397	1397	0	0.0
1266	1257	0	0.0
1395	1379	0	0.0
1243	1228	0	0.0
1379	1365	0	0.0
1378	1358	0	0.0
1279	1267	0	0.0
1383	1398	0	0.0
1309	1309	0	0.0
1375	1387	0	0.0
1379	1366	0	0.0
1279	1268	0	0.0
1378	1359	0	0.0
1243	1229	0	0.0
1395	1380	0	0.0
1399	1383	0	0.0
1393	1378	0	0.0
1378	1360	0	0.0
1319	1319	0	0.0
1383	1399	0	0.0
1380	1380	0	0.0
1398	1382	0	0.0
1274	1274	0	0.0
1375	1388	0	0.0
1378	1361	0	0.0
1395	1381	0	0.0
1309	1313	0	0.0
1331	1331	0	0.0
1398	1383	0	0.0
1383	1400	0	0.0
1402	1382	0	0.0
1378	1362	0	0.0
1380	1365	0	0.0
1378	1363	0	0.0
1328	1328	0	0.0
1361	1361	0	0.0
1390	1390	0	0.0
1402	1383	0	0.0
1379	1395	0	0.0
1383	1401	0	0.0
1378	1364	0	0.0
1310	1310	0	0.0
1380	1366	0	0.0
1388	1373	0	0.0
1383	1402	0	0.0
1325	1314	0	0.0
1400	1400	0	0.0
1388	1374	0	0.0
1380	1367	0	0.0
1279	1279	0	0.0
1399	1399	0	0.0
1310	1314	0	0.0
1388	1375	0	0.0
1398	1398	0	0.0
1391	1377	0	0.0
1388	1376	0	0.0
1380	1368	0	0.0
1328	1334	0	0.0
1282	1282	0	0.0
1391	1378	0	0.0
1380	1369	0	0.0
1328	1335	0	0.0
1393	1393	0	0.0
1378	1378	0	0.0
1367	1379	0	0.0
1311	1315	0	0.0
1392	1392	0	0.0
1354	1354	0	0.0
1410	1410	0	0.0
1311	1316	0	0.0
1361	1377	0	0.0
1407	1420	0	0.0
1313	1307	0	0.0
1361	1378	0	0.0
1313	1308	0	0.0
1407	1421	0	0.0
1391	1391	0	0.0
1403	1420	0	0.0
1313	1309	0	0.0
1382	1397	0	0.0
1407	1422	0	0.0
1388	1388	0	0.0
1403	1421	0	0.0
1332	1332	0	0.0
1400	1382	0	0.0
1382	1398	0	0.0
1403	1422	0	0.0
1325	1325	0	0.0
1400	1383	0	0.0
1414	1414	0	0.0
1421	1421	0	0.0
1418	1418	0	0.0
1329	1329	0	0.0
1395	1395	0	0.0
1415	1415	0	0.0
1373	1384	0	0.0
1399	1382	0	0.0
1394	1377	0	0.0
1419	1419	0	0.0
1373	1385	0	0.0
1394	1378	0	0.0
1329	1334	0	0.0
1373	1386	0	0.0
1417	1435	0	0.0
1384	1384	0	0.0
1401	1382	0	0.0
1417	1436	0	0.0
1414	1423	0	0.0
1411	1411	0	0.0
1329	1335	0	0.0
1373	1387	0	0.0
1402	1402	0	0.0
1414	1424	0	0.0
1417	1437	0	0.0
1401	1383	0	0.0
1415	1426	0	0.0
1373	1388	0	0.0
1414	1425	0	0.0
1417	1438	0	0.0
1433	1415	0	0.0
1415	1427	0	0.0
1410	1423	0	0.0
1425	1410	0	0.0
1394	1394	0	0.0
1415	1428	0	0.0
1410	1424	0	0.0
1425	1411	0	0.0
1413	1413	0	0.0
1416	1434	0	0.0
1415	1429	0	0.0
1371	1382	0	0.0
1425	1412	0	0.0
1432	1432	0	0.0
1410	1425	0	0.0
1417	1417	0	0.0
1416	1435	0	0.0
1415	1430	0	0.0
1371	1383	0	0.0
1425	1413	0	0.0
1423	1443	0	0.0
1415	1431	0	0.0
1416	1436	0	0.0
1425	1414	0	0.0
1434	1434	0	0.0
1415	1432	0	0.0
1384	1373	0	0.0
1436	1416	0	0.0
1416	1437	0	0.0
1438	1419	0	0.0
1415	1433	0	0.0
1384	1374	0	0.0
1436	1417	0	0.0
1404	1404	0	0.0
1416	1438	0	0.0
1428	1428	0	0.0
1422	1403	0	0.0
1408	1408	0	0.0
1436	1418	0	0.0
1384	1375	0	0.0
1422	1404	0	0.0
1420	1439	0	0.0
1425	1425	0	0.0
1436	1419	0	0.0
1384	1376	0	0.0
1440	1421	0	0.0
1422	1405	0	0.0
1420	1440	0	0.0
1411	1423	0	0.0
1440	1422	0	0.0
1422	1406	0	0.0
1426	1415	0	0.0
1429	1429	0	0.0
1333	1326	0	0.0
1411	1424	0	0.0
1422	1407	0	0.0
1333	1327	0	0.0
1424	1424	0	0.0
1422	1408	0	0.0
1411	1425	0	0.0
1441	1441	0	0.0
1422	1409	0	0.0
1408	1420	0	0.0
1425	1441	0	0.0
1413	1423	0	0.0
1421	1439	0	0.0
1408	1421	0	0.0
1396	1379	0	0.0
1422	1422	0	0.0
1401	1401	0	0.0
1433	1433	0	0.0
1425	1442	0	0.0
1413	1424	0	0.0
1408	1422	0	0.0
1421	1440	0	0.0
1333	1333	0	0.0
1426	1426	0	0.0
1396	1380	0	0.0
1397	1382	0	0.0
1436	1436	0	0.0
1420	1420	0	0.0
1413	1425	0	0.0
1425	1443	0	0.0
1404	1420	0	0.0
1396	1381	0	0.0
1429	1415	0	0.0
1397	1383	0	0.0
1440	1440	0	0.0
1404	1421	0	0.0
1437	1416	0	0.0
1424	1441	0	0.0
1428	1444	0	0.0
1404	1422	0	0.0
1437	1417	0	0.0
1424	1442	0	0.0
1428	1445	0	0.0
1424	1443	0	0.0
1437	1418	0	0.0
1439	1420	0	0.0
1416	1416	0	0.0
1435	1416	0	0.0
1438	1438	0	0.0
1439	1439	0	0.0
1439	1421	0	0.0
1390	1377	0	0.0
1437	1419	0	0.0
1435	1417	0	0.0
1439	1422	0	0.0
1390	1378	0	0.0
1435	1418	0	0.0
1442	1423	0	0.0
1422	1439	0	0.0
1435	1419	0	0.0
1441	1423	0	0.0
1442	1424	0	0.0
1364	1364	0	0.0
1422	1440	0	0.0
1441	1424	0	0.0
1442	1425	0	0.0
1423	1423	0	0.0
1427	1427	0	0.0
1456	1468	0	0.0
1464	1464	0	0.0
1456	1469	0	0.0
1441	1425	0	0.0
1430	1430	0	0.0
1389	1377	0	0.0
1454	1462	0	0.0
1456	1470	0	0.0
1389	1378	0	0.0
1454	1463	0	0.0
1456	1471	0	0.0
1454	1464	0	0.0
1409	1409	0	0.0
1445	1426	0	0.0
1423	1441	0	0.0
1412	1412	0	0.0
1452	1452	0	0.0
1454	1465	0	0.0
1423	1442	0	0.0
1418	1434	0	0.0
1445	1427	0	0.0
1454	1466	0	0.0
1418	1435	0	0.0
1430	1415	0	0.0
1445	1428	0	0.0
1418	1436	0	0.0
1418	1437	0	0.0
1445	1429	0	0.0
1418	1438	0	0.0
1377	1389	0	0.0
1464	1450	0	0.0
1423	1410	0	0.0
1409	1420	0	0.0
1445	1430	0	0.0
1377	1390	0	0.0
1423	1411	0	0.0
1464	1451	0	0.0
1409	1421	0	0.0
1434	1416	0	0.0
1471	1471	0	0.0
1435	1435	0	0.0
1396	1396	0	0.0
1377	1391	0	0.0
1423	1412	0	0.0
1445	1431	0	0.0
1464	1452	0	0.0
1434	1417	0	0.0
1472	1472	0	0.0
1409	1422	0	0.0
1452	1462	0	0.0
1430	1444	0	0.0
1458	1458	0	0.0
1427	1444	0	0.0
1423	1413	0	0.0
1377	1392	0	0.0
1464	1453	0	0.0
1452	1463	0	0.0
1434	1418	0	0.0
1459	1459	0	0.0
1445	1432	0	0.0
1430	1445	0	0.0
1377	1393	0	0.0
1423	1414	0	0.0
1434	1419	0	0.0
1452	1464	0	0.0
1464	1454	0	0.0
1427	1445	0	0.0
1455	1455	0	0.0
1445	1433	0	0.0
1377	1394	0	0.0
1460	1460	0	0.0
1452	1465	0	0.0
1437	1437	0	0.0
1440	1420	0	0.0
1382	1370	0	0.0
1452	1466	0	0.0
1382	1371	0	0.0
1461	1461	0	0.0
1382	1372	0	0.0
1412	1423	0	0.0
1427	1415	0	0.0
1472	1455	0	0.0
1471	1455	0	0.0
1412	1424	0	0.0
1443	1443	0	0.0
1472	1456	0	0.0
1471	1456	0	0.0
1412	1425	0	0.0
1475	1475	0	0.0
1457	1457	0	0.0
1429	1444	0	0.0
1442	1442	0	0.0
1429	1445	0	0.0
1468	1455	0	0.0
1445	1445	0	0.0
1468	1456	0	0.0
1450	1450	0	0.0
1467	1455	0	0.0
1419	1434	0	0.0
1467	1456	0	0.0
1419	1435	0	0.0
1455	1467	0	0.0
1419	1436	0	0.0
1455	1468	0	0.0
1475	1489	0	0.0
1419	1437	0	0.0
1455	1469	0	0.0
1475	1490	0	0.0
1419	1438	0	0.0
1438	1416	0	0.0
1475	1491	0	0.0
1443	1423	0	0.0
1455	1470	0	0.0
1438	1417	0	0.0
1443	1424	0	0.0
1475	1492	0	0.0
1455	1471	0	0.0
1443	1425	0	0.0
1475	1493	0	0.0
1438	1418	0	0.0
1465	1450	0	0.0
1455	1472	0	0.0
1480	1473	0	0.0
1456	1472	0	0.0
1465	1451	0	0.0
1334	1328	0	0.0
1465	1452	0	0.0
1334	1329	0	0.0
1465	1453	0	0.0
1392	1377	0	0.0
1465	1454	0	0.0
1484	1474	0	0.0
1467	1467	0	0.0
1392	1378	0	0.0
1450	1462	0	0.0
1334	1334	0	0.0
1468	1468	0	0.0
1477	1477	0	0.0
1473	1473	0	0.0
1450	1463	0	0.0
1480	1480	0	0.0
1424	1410	0	0.0
1478	1478	0	0.0
1450	1464	0	0.0
1424	1411	0	0.0
1335	1328	0	0.0
1424	1412	0	0.0
1335	1329	0	0.0
1450	1465	0	0.0
1424	1413	0	0.0
1326	1326	0	0.0
1473	1478	0	0.0
1465	1465	0	0.0
1424	1414	0	0.0
1450	1466	0	0.0
1431	1431	0	0.0
1431	1415	0	0.0
1473	1479	0	0.0
1456	1456	0	0.0
1453	1453	0	0.0
1491	1475	0	0.0
1335	1335	0	0.0
1473	1480	0	0.0
1487	1487	0	0.0
1326	1333	0	0.0
1473	1481	0	0.0
1482	1482	0	0.0
1481	1481	0	0.0
1428	1415	0	0.0
1492	1475	0	0.0
1473	1482	0	0.0
1491	1491	0	0.0
1483	1474	0	0.0
1453	1462	0	0.0
1453	1463	0	0.0
1431	1444	0	0.0
1466	1450	0	0.0
1453	1464	0	0.0
1431	1445	0	0.0
1453	1465	0	0.0
1479	1479	0	0.0
1432	1444	0	0.0
1474	1474	0	0.0
1483	1483	0	0.0
1432	1445	0	0.0
1453	1466	0	0.0
1466	1451	0	0.0
1466	1452	0	0.0
1488	1474	0	0.0
1466	1453	0	0.0
1469	1455	0	0.0
1456	1467	0	0.0
1466	1454	0	0.0
1481	1473	0	0.0
1469	1456	0	0.0
1420	1403	0	0.0
1405	1405	0	0.0
1420	1404	0	0.0
1484	1484	0	0.0
1474	1483	0	0.0
1420	1405	0	0.0
1474	1484	0	0.0
1420	1406	0	0.0
1417	1434	0	0.0
1474	1485	0	0.0
1492	1492	0	0.0
1476	1476	0	0.0
1466	1466	0	0.0
1420	1407	0	0.0
1488	1488	0	0.0
1474	1486	0	0.0
1420	1408	0	0.0
1426	1444	0	0.0
1403	1403	0	0.0
1474	1487	0	0.0
1420	1409	0	0.0
1426	1445	0	0.0
1474	1488	0	0.0
1469	1469	0	0.0
1405	1420	0	0.0
1493	1475	0	0.0
1405	1421	0	0.0
1432	1415	0	0.0
1489	1475	0	0.0
1433	1444	0	0.0
1485	1474	0	0.0
1405	1422	0	0.0
1378	1389	0	0.0
1433	1445	0	0.0
1378	1390	0	0.0
1378	1391	0	0.0
1378	1392	0	0.0
1482	1473	0	0.0
1378	1393	0	0.0
1378	1394	0	0.0
1454	1454	0	0.0
1470	1455	0	0.0
1470	1456	0	0.0
1489	1489	0	0.0
1485	1485	0	0.0
1493	1493	0	0.0
1462	1450	0	0.0
1462	1451	0	0.0
1451	1451	0	0.0
1462	1452	0	0.0
1490	1475	0	0.0
1462	1453	0	0.0
1462	1454	0	0.0
1406	1406	0	0.0
1486	1474	0	0.0
1421	1403	0	0.0
1421	1404	0	0.0
1470	1470	0	0.0
1444	1426	0	0.0
1451	1462	0	0.0
1490	1490	0	0.0
1462	1462	0	0.0
1421	1405	0	0.0
1444	1427	0	0.0
1451	1463	0	0.0
1421	1406	0	0.0
1444	1428	0	0.0
1421	1407	0	0.0
1406	1420	0	0.0
1451	1464	0	0.0
1486	1486	0	0.0
1421	1408	0	0.0
1444	1429	0	0.0
1406	1421	0	0.0
1451	1465	0	0.0
1421	1409	0	0.0
1444	1430	0	0.0
1406	1422	0	0.0
1451	1466	0	0.0
1444	1431	0	0.0
1444	1432	0	0.0
1444	1433	0	0.0
1487	1474	0	0.0
1444	1444	0	0.0
1463	1450	0	0.0
1478	1473	0	0.0
1463	1451	0	0.0
1463	1452	0	0.0
1463	1453	0	0.0
1463	1454	0	0.0
1407	1407	0	0.0
1463	1463	0	0.0
1479	1473	0	0.0
1184	1197	1	0.0
1184	1198	1	0.0
1186	1199	1	0.0
1186	1200	1	0.0
1186	1201	1	0.0
1189	1199	1	0.0
1183	1197	1	0.0
1189	1200	1	0.0
1189	1201	1	0.0
1183	1198	1	0.0
1188	1199	1	0.0
1188	1200	1	0.0
1188	1201	1	0.0
1193	1202	1	0.0
1193	1203	1	0.0
1193	1204	1	0.0
1200	1211	1	0.0
1193	1205	1	0.0
1193	1206	1	0.0
1185	1197	1	0.0
1185	1198	1	0.0
1194	1202	1	0.0
1227	1232	1	0.0
1194	1203	1	0.0
1232	1249	1	0.0
1194	1204	1	0.0
1197	1207	1	0.0
1194	1205	1	0.0
1197	1208	1	0.0
1194	1206	1	0.0
1197	1209	1	0.0
1197	1210	1	0.0
1191	1202	1	0.0
1190	1199	1	0.0
1233	1250	1	0.0
1191	1203	1	0.0
1190	1200	1	0.0
1191	1204	1	0.0
1233	1251	1	0.0
1235	1251	1	0.0
1191	1205	1	0.0
1190	1201	1	0.0
1191	1206	1	0.0
1234	1250	1	0.0
1228	1233	1	0.0
1234	1251	1	0.0
1228	1234	1	0.0
1232	1246	1	0.0
1238	1250	1	0.0
1216	1225	1	0.0
1237	1250	1	0.0
1228	1235	1	0.0
1232	1247	1	0.0
1187	1199	1	0.0
1238	1251	1	0.0
1228	1236	1	0.0
1237	1251	1	0.0
1232	1248	1	0.0
1187	1200	1	0.0
1228	1237	1	0.0
1239	1252	1	0.0
1187	1201	1	0.0
1228	1238	1	0.0
1239	1253	1	0.0
1241	1252	1	0.0
1243	1252	1	0.0
1236	1250	1	0.0
1239	1254	1	0.0
1245	1252	1	0.0
1241	1253	1	0.0
1243	1253	1	0.0
1236	1251	1	0.0
1245	1253	1	0.0
1241	1254	1	0.0
1243	1254	1	0.0
1245	1254	1	0.0
1249	1255	1	0.0
1249	1256	1	0.0
1266	1278	1	0.0
1249	1257	1	0.0
1262	1272	1	0.0
1195	1202	1	0.0
1262	1273	1	0.0
1219	1226	1	0.0
1195	1203	1	0.0
1219	1227	1	0.0
1195	1204	1	0.0
1266	1274	1	0.0
1192	1202	1	0.0
1255	1262	1	0.0
1229	1233	1	0.0
1192	1203	1	0.0
1284	1293	1	0.0
1195	1205	1	0.0
1266	1275	1	0.0
1229	1234	1	0.0
1255	1263	1	0.0
1192	1204	1	0.0
1195	1206	1	0.0
1229	1235	1	0.0
1266	1276	1	0.0
1192	1205	1	0.0
1212	1219	1	0.0
1229	1236	1	0.0
1192	1206	1	0.0
1199	1211	1	0.0
1266	1277	1	0.0
1212	1220	1	0.0
1201	1211	1	0.0
1229	1237	1	0.0
1220	1226	1	0.0
1212	1221	1	0.0
1229	1238	1	0.0
1220	1227	1	0.0
1212	1222	1	0.0
1260	1269	1	0.0
1263	1272	1	0.0
1212	1223	1	0.0
1260	1270	1	0.0
1263	1273	1	0.0
1217	1225	1	0.0
1260	1271	1	0.0
1316	1322	1	0.0
1246	1255	1	0.0
1246	1256	1	0.0
1316	1323	1	0.0
1246	1257	1	0.0
1213	1219	1	0.0
1316	1324	1	0.0
1221	1226	1	0.0
1213	1220	1	0.0
1316	1325	1	0.0
1213	1221	1	0.0
1221	1227	1	0.0
1213	1222	1	0.0
1349	1371	1	0.0
1256	1262	1	0.0
1213	1223	1	0.0
1349	1372	1	0.0
1269	1279	1	0.0
1256	1263	1	0.0
1198	1207	1	0.0
1269	1280	1	0.0
1198	1208	1	0.0
1235	1250	1	0.0
1269	1281	1	0.0
1252	1260	1	0.0
1214	1219	1	0.0
1198	1209	1	0.0
1222	1226	1	0.0
1252	1261	1	0.0
1214	1220	1	0.0
1198	1210	1	0.0
1222	1227	1	0.0
1351	1370	1	0.0
1264	1274	1	0.0
1214	1221	1	0.0
1354	1370	1	0.0
1264	1275	1	0.0
1349	1370	1	0.0
1351	1371	1	0.0
1214	1222	1	0.0
1267	1274	1	0.0
1354	1371	1	0.0
1285	1293	1	0.0
1264	1276	1	0.0
1214	1223	1	0.0
1351	1372	1	0.0
1264	1277	1	0.0
1354	1372	1	0.0
1267	1275	1	0.0
1264	1278	1	0.0
1353	1370	1	0.0
1267	1276	1	0.0
1352	1370	1	0.0
1353	1371	1	0.0
1223	1226	1	0.0
1196	1202	1	0.0
1267	1277	1	0.0
1261	1269	1	0.0
1352	1371	1	0.0
1356	1370	1	0.0
1353	1372	1	0.0
1223	1227	1	0.0
1196	1203	1	0.0
1352	1372	1	0.0
1267	1278	1	0.0
1261	1270	1	0.0
1356	1371	1	0.0
1196	1204	1	0.0
1261	1271	1	0.0
1357	1370	1	0.0
1356	1372	1	0.0
1196	1205	1	0.0
1230	1239	1	0.0
1357	1371	1	0.0
1359	1375	1	0.0
1307	1312	1	0.0
1196	1206	1	0.0
1257	1262	1	0.0
1230	1240	1	0.0
1357	1372	1	0.0
1359	1376	1	0.0
1257	1263	1	0.0
1230	1241	1	0.0
1308	1312	1	0.0
1250	1258	1	0.0
1355	1370	1	0.0
1230	1242	1	0.0
1218	1225	1	0.0
1355	1371	1	0.0
1250	1259	1	0.0
1215	1224	1	0.0
1230	1243	1	0.0
1309	1312	1	0.0
1355	1372	1	0.0
1224	1228	1	0.0
1230	1244	1	0.0
1247	1255	1	0.0
1230	1245	1	0.0
1224	1229	1	0.0
1247	1256	1	0.0
1247	1257	1	0.0
1370	1381	1	0.0
1363	1373	1	0.0
1363	1374	1	0.0
1360	1373	1	0.0
1310	1313	1	0.0
1358	1373	1	0.0
1363	1375	1	0.0
1242	1252	1	0.0
1360	1374	1	0.0
1372	1379	1	0.0
1358	1374	1	0.0
1225	1230	1	0.0
1377	1387	1	0.0
1363	1376	1	0.0
1360	1375	1	0.0
1242	1253	1	0.0
1372	1380	1	0.0
1368	1377	1	0.0
1225	1231	1	0.0
1358	1375	1	0.0
1377	1388	1	0.0
1360	1376	1	0.0
1242	1254	1	0.0
1372	1381	1	0.0
1253	1260	1	0.0
1270	1279	1	0.0
1311	1314	1	0.0
1350	1370	1	0.0
1358	1376	1	0.0
1368	1378	1	0.0
1253	1261	1	0.0
1366	1377	1	0.0
1359	1373	1	0.0
1270	1280	1	0.0
1350	1371	1	0.0
1231	1239	1	0.0
1366	1378	1	0.0
1373	1382	1	0.0
1240	1252	1	0.0
1350	1372	1	0.0
1359	1374	1	0.0
1231	1240	1	0.0
1270	1281	1	0.0
1244	1252	1	0.0
1362	1373	1	0.0
1312	1315	1	0.0
1373	1383	1	0.0
1364	1373	1	0.0
1370	1379	1	0.0
1231	1241	1	0.0
1240	1253	1	0.0
1362	1374	1	0.0
1244	1253	1	0.0
1312	1316	1	0.0
1385	1397	1	0.0
1370	1380	1	0.0
1380	1389	1	0.0
1382	1395	1	0.0
1240	1254	1	0.0
1231	1242	1	0.0
1362	1375	1	0.0
1364	1374	1	0.0
1244	1254	1	0.0
1380	1390	1	0.0
1382	1396	1	0.0
1362	1376	1	0.0
1385	1398	1	0.0
1231	1243	1	0.0
1387	1397	1	0.0
1364	1375	1	0.0
1380	1391	1	0.0
1231	1244	1	0.0
1282	1293	1	0.0
1364	1376	1	0.0
1380	1392	1	0.0
1386	1397	1	0.0
1387	1398	1	0.0
1385	1399	1	0.0
1231	1245	1	0.0
1380	1393	1	0.0
1387	1399	1	0.0
1385	1400	1	0.0
1386	1398	1	0.0
1380	1394	1	0.0
1387	1400	1	0.0
1385	1401	1	0.0
1386	1399	1	0.0
1387	1401	1	0.0
1374	1382	1	0.0
1386	1400	1	0.0
1385	1402	1	0.0
1387	1402	1	0.0
1374	1383	1	0.0
1386	1401	1	0.0
1258	1264	1	0.0
1268	1274	1	0.0
1258	1265	1	0.0
1386	1402	1	0.0
1268	1275	1	0.0
1313	1317	1	0.0
1409	1418	1	0.0
1258	1266	1	0.0
1268	1276	1	0.0
1406	1416	1	0.0
1226	1232	1	0.0
1410	1421	1	0.0
1313	1318	1	0.0
1409	1419	1	0.0
1258	1267	1	0.0
1248	1255	1	0.0
1268	1277	1	0.0
1403	1416	1	0.0
1406	1417	1	0.0
1410	1422	1	0.0
1248	1256	1	0.0
1313	1319	1	0.0
1258	1268	1	0.0
1268	1278	1	0.0
1406	1418	1	0.0
1403	1417	1	0.0
1248	1257	1	0.0
1326	1332	1	0.0
1419	1426	1	0.0
1403	1418	1	0.0
1406	1419	1	0.0
1419	1427	1	0.0
1403	1419	1	0.0
1409	1416	1	0.0
1419	1428	1	0.0
1419	1429	1	0.0
1423	1439	1	0.0
1415	1423	1	0.0
1409	1417	1	0.0
1419	1430	1	0.0
1423	1440	1	0.0
1254	1260	1	0.0
1419	1431	1	0.0
1415	1424	1	0.0
1420	1434	1	0.0
1424	1440	1	0.0
1327	1332	1	0.0
1419	1432	1	0.0
1415	1425	1	0.0
1254	1261	1	0.0
1420	1435	1	0.0
1419	1433	1	0.0
1369	1377	1	0.0
1420	1436	1	0.0
1265	1274	1	0.0
1369	1378	1	0.0
1420	1437	1	0.0
1265	1275	1	0.0
1378	1384	1	0.0
1420	1438	1	0.0
1265	1276	1	0.0
1378	1385	1	0.0
1265	1277	1	0.0
1411	1420	1	0.0
1378	1386	1	0.0
1265	1278	1	0.0
1411	1421	1	0.0
1425	1439	1	0.0
1378	1387	1	0.0
1375	1382	1	0.0
1422	1434	1	0.0
1425	1440	1	0.0
1388	1397	1	0.0
1381	1389	1	0.0
1411	1422	1	0.0
1427	1441	1	0.0
1375	1383	1	0.0
1259	1264	1	0.0
1378	1388	1	0.0
1328	1333	1	0.0
1422	1435	1	0.0
1388	1398	1	0.0
1381	1390	1	0.0
1427	1442	1	0.0
1429	1441	1	0.0
1259	1265	1	0.0
1361	1373	1	0.0
1314	1320	1	0.0
1427	1443	1	0.0
1381	1391	1	0.0
1388	1399	1	0.0
1429	1442	1	0.0
1422	1436	1	0.0
1259	1266	1	0.0
1251	1258	1	0.0
1361	1374	1	0.0
1314	1321	1	0.0
1388	1400	1	0.0
1429	1443	1	0.0
1381	1392	1	0.0
1271	1279	1	0.0
1422	1437	1	0.0
1259	1267	1	0.0
1367	1377	1	0.0
1361	1375	1	0.0
1424	1439	1	0.0
1251	1259	1	0.0
1388	1401	1	0.0
1271	1280	1	0.0
1361	1376	1	0.0
1259	1268	1	0.0
1422	1438	1	0.0
1381	1393	1	0.0
1367	1378	1	0.0
1388	1402	1	0.0
1271	1281	1	0.0
1381	1394	1	0.0
1283	1293	1	0.0
1431	1441	1	0.0
1436	1444	1	0.0
1431	1442	1	0.0
1433	1441	1	0.0
1431	1443	1	0.0
1436	1445	1	0.0
1329	1333	1	0.0
1433	1442	1	0.0
1433	1443	1	0.0
1407	1416	1	0.0
1412	1420	1	0.0
1407	1417	1	0.0
1458	1467	1	0.0
1412	1421	1	0.0
1407	1418	1	0.0
1412	1422	1	0.0
1458	1468	1	0.0
1407	1419	1	0.0
1458	1469	1	0.0
1455	1462	1	0.0
1458	1470	1	0.0
1455	1463	1	0.0
1458	1471	1	0.0
1458	1472	1	0.0
1455	1464	1	0.0
1384	1397	1	0.0
1404	1416	1	0.0
1455	1465	1	0.0
1384	1398	1	0.0
1404	1417	1	0.0
1455	1466	1	0.0
1384	1399	1	0.0
1404	1418	1	0.0
1384	1400	1	0.0
1384	1401	1	0.0
1404	1419	1	0.0
1384	1402	1	0.0
1477	1489	1	0.0
1477	1490	1	0.0
1477	1491	1	0.0
1477	1492	1	0.0
1376	1382	1	0.0
1477	1493	1	0.0
1376	1383	1	0.0
1456	1462	1	0.0
1330	1334	1	0.0
1315	1322	1	0.0
1456	1463	1	0.0
1315	1323	1	0.0
1330	1335	1	0.0
1456	1464	1	0.0
1315	1324	1	0.0
1315	1325	1	0.0
1456	1465	1	0.0
1456	1466	1	0.0
1371	1379	1	0.0
1331	1334	1	0.0
1476	1489	1	0.0
1331	1335	1	0.0
1371	1380	1	0.0
1476	1490	1	0.0
1417	1426	1	0.0
1371	1381	1	0.0
1413	1420	1	0.0
1476	1491	1	0.0
1417	1427	1	0.0
1413	1421	1	0.0
1417	1428	1	0.0
1413	1422	1	0.0
1476	1492	1	0.0
1417	1429	1	0.0
1476	1493	1	0.0
1417	1430	1	0.0
1417	1431	1	0.0
1183	1199	1	0.0
1417	1432	1	0.0
1183	1200	1	0.0
1450	1459	1	0.0
1417	1433	1	0.0
1184	1184	1	0.0
1183	1201	1	0.0
1450	1460	1	0.0
1191	1191	1	0.0
1450	1461	1	0.0
1184	1199	1	0.0
1383	1395	1	0.0
1184	1200	1	0.0
1383	1396	1	0.0
1421	1434	1	0.0
1437	1444	1	0.0
1184	1201	1	0.0
1187	1187	1	0.0
1421	1435	1	0.0
1437	1445	1	0.0
1421	1436	1	0.0
1421	1437	1	0.0
1365	1377	1	0.0
1193	1193	1	0.0
1408	1416	1	0.0
1199	1183	1	0.0
1421	1438	1	0.0
1365	1378	1	0.0
1199	1184	1	0.0
1408	1417	1	0.0
1199	1185	1	0.0
1192	1192	1	0.0
1408	1418	1	0.0
1194	1194	1	0.0
1189	1202	1	0.0
1408	1419	1	0.0
1200	1185	1	0.0
1189	1203	1	0.0
1187	1202	1	0.0
1451	1459	1	0.0
1189	1204	1	0.0
1451	1460	1	0.0
1187	1203	1	0.0
1189	1205	1	0.0
1428	1441	1	0.0
1414	1420	1	0.0
1451	1461	1	0.0
1187	1204	1	0.0
1189	1206	1	0.0
1185	1185	1	0.0
1414	1421	1	0.0
1194	1208	1	0.0
1405	1416	1	0.0
1434	1444	1	0.0
1405	1417	1	0.0
1185	1199	1	0.0
1194	1209	1	0.0
1434	1445	1	0.0
1185	1200	1	0.0
1405	1418	1	0.0
1194	1210	1	0.0
1185	1201	1	0.0
1405	1419	1	0.0
1201	1183	1	0.0
1199	1199	1	0.0
1414	1422	1	0.0
1473	1476	1	0.0
1200	1200	1	0.0
1201	1184	1	0.0
1473	1477	1	0.0
1196	1196	1	0.0
1430	1441	1	0.0
1192	1207	1	0.0
1201	1185	1	0.0
1430	1442	1	0.0
1192	1208	1	0.0
1428	1442	1	0.0
1430	1443	1	0.0
1192	1209	1	0.0
1428	1443	1	0.0
1183	1183	1	0.0
1192	1210	1	0.0
1187	1205	1	0.0
1200	1183	1	0.0
1200	1184	1	0.0
1187	1206	1	0.0
1196	1207	1	0.0
1197	1197	1	0.0
1196	1208	1	0.0
1196	1209	1	0.0
1195	1195	1	0.0
1196	1210	1	0.0
1193	1207	1	0.0
1198	1198	1	0.0
1189	1189	1	0.0
1426	1441	1	0.0
1193	1208	1	0.0
1193	1209	1	0.0
1426	1442	1	0.0
1193	1210	1	0.0
1203	1203	1	0.0
1426	1443	1	0.0
1474	1478	1	0.0
1474	1479	1	0.0
1474	1480	1	0.0
1474	1481	1	0.0
1201	1201	1	0.0
1474	1482	1	0.0
1198	1211	1	0.0
1207	1207	1	0.0
1203	1186	1	0.0
1208	1191	1	0.0
1203	1187	1	0.0
1203	1188	1	0.0
1208	1192	1	0.0
1208	1208	1	0.0
1203	1189	1	0.0
1208	1193	1	0.0
1203	1190	1	0.0
1191	1207	1	0.0
1208	1194	1	0.0
1211	1211	1	0.0
1191	1208	1	0.0
1208	1195	1	0.0
1191	1209	1	0.0
1208	1196	1	0.0
1191	1210	1	0.0
1209	1191	1	0.0
1213	1224	1	0.0
1209	1192	1	0.0
1452	1459	1	0.0
1209	1193	1	0.0
1452	1460	1	0.0
1209	1194	1	0.0
1206	1206	1	0.0
1195	1207	1	0.0
1222	1222	1	0.0
1452	1461	1	0.0
1195	1208	1	0.0
1211	1197	1	0.0
1209	1195	1	0.0
1215	1215	1	0.0
1209	1196	1	0.0
1195	1209	1	0.0
1186	1186	1	0.0
1211	1198	1	0.0
1195	1210	1	0.0
1221	1229	1	0.0
1215	1225	1	0.0
1225	1215	1	0.0
1377	1384	1	0.0
1453	1459	1	0.0
1377	1385	1	0.0
1453	1460	1	0.0
1190	1190	1	0.0
1418	1426	1	0.0
1225	1225	1	0.0
1197	1211	1	0.0
1377	1386	1	0.0
1226	1233	1	0.0
1204	1186	1	0.0
1418	1427	1	0.0
1186	1202	1	0.0
1453	1461	1	0.0
1226	1234	1	0.0
1432	1441	1	0.0
1212	1212	1	0.0
1204	1187	1	0.0
1209	1209	1	0.0
1186	1203	1	0.0
1418	1428	1	0.0
1226	1235	1	0.0
1438	1444	1	0.0
1204	1188	1	0.0
1226	1236	1	0.0
1432	1442	1	0.0
1418	1429	1	0.0
1186	1204	1	0.0
1438	1445	1	0.0
1204	1189	1	0.0
1226	1237	1	0.0
1418	1430	1	0.0
1186	1205	1	0.0
1432	1443	1	0.0
1233	1233	1	0.0
1204	1190	1	0.0
1190	1202	1	0.0
1226	1238	1	0.0
1186	1206	1	0.0
1418	1431	1	0.0
1231	1224	1	0.0
1230	1230	1	0.0
1457	1467	1	0.0
1222	1228	1	0.0
1190	1203	1	0.0
1237	1226	1	0.0
1210	1191	1	0.0
1418	1432	1	0.0
1457	1468	1	0.0
1222	1229	1	0.0
1210	1192	1	0.0
1190	1204	1	0.0
1223	1223	1	0.0
1418	1433	1	0.0
1237	1227	1	0.0
1457	1469	1	0.0
1231	1248	1	0.0
1210	1193	1	0.0
1190	1205	1	0.0
1457	1470	1	0.0
1231	1249	1	0.0
1231	1231	1	0.0
1457	1471	1	0.0
1210	1194	1	0.0
1204	1204	1	0.0
1235	1226	1	0.0
1190	1206	1	0.0
1457	1472	1	0.0
1210	1195	1	0.0
1216	1216	1	0.0
1235	1227	1	0.0
1227	1227	1	0.0
1210	1196	1	0.0
1239	1239	1	0.0
1212	1224	1	0.0
1454	1459	1	0.0
1216	1226	1	0.0
1235	1235	1	0.0
1454	1460	1	0.0
1216	1227	1	0.0
1416	1426	1	0.0
1237	1237	1	0.0
1454	1461	1	0.0
1224	1212	1	0.0
1223	1228	1	0.0
1416	1427	1	0.0
1205	1186	1	0.0
1223	1229	1	0.0
1224	1213	1	0.0
1416	1428	1	0.0
1435	1444	1	0.0
1205	1187	1	0.0
1218	1218	1	0.0
1224	1214	1	0.0
1416	1429	1	0.0
1435	1445	1	0.0
1205	1188	1	0.0
1232	1232	1	0.0
1475	1483	1	0.0
1210	1210	1	0.0
1475	1484	1	0.0
1205	1189	1	0.0
1202	1202	1	0.0
1416	1430	1	0.0
1475	1485	1	0.0
1227	1233	1	0.0
1243	1243	1	0.0
1248	1248	1	0.0
1205	1190	1	0.0
1224	1224	1	0.0
1214	1214	1	0.0
1475	1486	1	0.0
1227	1234	1	0.0
1235	1252	1	0.0
1194	1207	1	0.0
1416	1431	1	0.0
1475	1487	1	0.0
1234	1234	1	0.0
1227	1235	1	0.0
1235	1253	1	0.0
1475	1488	1	0.0
1224	1230	1	0.0
1416	1432	1	0.0
1227	1236	1	0.0
1236	1252	1	0.0
1224	1231	1	0.0
1235	1254	1	0.0
1227	1237	1	0.0
1416	1433	1	0.0
1236	1253	1	0.0
1226	1216	1	0.0
1227	1238	1	0.0
1217	1217	1	0.0
1231	1246	1	0.0
1234	1252	1	0.0
1236	1254	1	0.0
1248	1230	1	0.0
1226	1217	1	0.0
1230	1246	1	0.0
1230	1224	1	0.0
1249	1249	1	0.0
1231	1247	1	0.0
1234	1253	1	0.0
1247	1247	1	0.0
1247	1230	1	0.0
1226	1218	1	0.0
1214	1224	1	0.0
1248	1231	1	0.0
1205	1205	1	0.0
1230	1247	1	0.0
1234	1254	1	0.0
1247	1231	1	0.0
1249	1230	1	0.0
1230	1248	1	0.0
1232	1250	1	0.0
1226	1226	1	0.0
1249	1231	1	0.0
1236	1226	1	0.0
1230	1249	1	0.0
1232	1251	1	0.0
1236	1227	1	0.0
1238	1238	1	0.0
1188	1188	1	0.0
1250	1250	1	0.0
1244	1228	1	0.0
1238	1226	1	0.0
1233	1252	1	0.0
1237	1252	1	0.0
1244	1229	1	0.0
1237	1253	1	0.0
1238	1227	1	0.0
1240	1240	1	0.0
1233	1253	1	0.0
1237	1254	1	0.0
1227	1216	1	0.0
1233	1254	1	0.0
1207	1191	1	0.0
1234	1226	1	0.0
1188	1202	1	0.0
1227	1217	1	0.0
1207	1192	1	0.0
1206	1186	1	0.0
1236	1236	1	0.0
1246	1230	1	0.0
1234	1227	1	0.0
1188	1203	1	0.0
1227	1218	1	0.0
1244	1255	1	0.0
1240	1255	1	0.0
1207	1193	1	0.0
1206	1187	1	0.0
1246	1231	1	0.0
1188	1204	1	0.0
1253	1253	1	0.0
1240	1256	1	0.0
1244	1256	1	0.0
1206	1188	1	0.0
1207	1194	1	0.0
1188	1205	1	0.0
1240	1257	1	0.0
1246	1246	1	0.0
1244	1257	1	0.0
1242	1242	1	0.0
1188	1206	1	0.0
1207	1195	1	0.0
1213	1213	1	0.0
1206	1189	1	0.0
1251	1232	1	0.0
1206	1190	1	0.0
1253	1238	1	0.0
1207	1196	1	0.0
1248	1258	1	0.0
1202	1186	1	0.0
1248	1259	1	0.0
1255	1242	1	0.0
1202	1187	1	0.0
1228	1228	1	0.0
1246	1258	1	0.0
1225	1232	1	0.0
1255	1243	1	0.0
1252	1233	1	0.0
1242	1255	1	0.0
1202	1188	1	0.0
1246	1259	1	0.0
1255	1244	1	0.0
1252	1234	1	0.0
1202	1189	1	0.0
1242	1256	1	0.0
1255	1245	1	0.0
1228	1219	1	0.0
1254	1233	1	0.0
1251	1251	1	0.0
1202	1190	1	0.0
1252	1235	1	0.0
1242	1257	1	0.0
1256	1267	1	0.0
1254	1234	1	0.0
1228	1220	1	0.0
1244	1244	1	0.0
1379	1389	1	0.0
1256	1268	1	0.0
1254	1235	1	0.0
1228	1221	1	0.0
1258	1258	1	0.0
1252	1236	1	0.0
1238	1252	1	0.0
1228	1222	1	0.0
1254	1236	1	0.0
1379	1390	1	0.0
1252	1237	1	0.0
1260	1250	1	0.0
1238	1253	1	0.0
1255	1255	1	0.0
1254	1237	1	0.0
1228	1223	1	0.0
1260	1272	1	0.0
1252	1238	1	0.0
1217	1226	1	0.0
1241	1241	1	0.0
1260	1251	1	0.0
1379	1391	1	0.0
1238	1254	1	0.0
1228	1239	1	0.0
1260	1273	1	0.0
1254	1238	1	0.0
1228	1240	1	0.0
1217	1227	1	0.0
1379	1392	1	0.0
1267	1256	1	0.0
1267	1255	1	0.0
1228	1241	1	0.0
1252	1252	1	0.0
1379	1393	1	0.0
1269	1258	1	0.0
1267	1257	1	0.0
1260	1260	1	0.0
1228	1242	1	0.0
1241	1255	1	0.0
1259	1269	1	0.0
1253	1262	1	0.0
1228	1243	1	0.0
1269	1259	1	0.0
1379	1394	1	0.0
1245	1245	1	0.0
1241	1256	1	0.0
1259	1270	1	0.0
1251	1260	1	0.0
1253	1263	1	0.0
1228	1244	1	0.0
1256	1256	1	0.0
1241	1257	1	0.0
1251	1261	1	0.0
1228	1245	1	0.0
1259	1246	1	0.0
1267	1279	1	0.0
1256	1239	1	0.0
1232	1225	1	0.0
1259	1271	1	0.0
1410	1420	1	0.0
1267	1280	1	0.0
1259	1247	1	0.0
1250	1232	1	0.0
1254	1254	1	0.0
1256	1240	1	0.0
1256	1264	1	0.0
1249	1258	1	0.0
1267	1281	1	0.0
1229	1219	1	0.0
1256	1241	1	0.0
1265	1279	1	0.0
1262	1252	1	0.0
1259	1248	1	0.0
1256	1265	1	0.0
1249	1259	1	0.0
1229	1220	1	0.0
1272	1260	1	0.0
1256	1242	1	0.0
1245	1228	1	0.0
1265	1280	1	0.0
1256	1266	1	0.0
1262	1253	1	0.0
1272	1261	1	0.0
1267	1267	1	0.0
1229	1221	1	0.0
1256	1243	1	0.0
1245	1229	1	0.0
1259	1249	1	0.0
1265	1281	1	0.0
1245	1255	1	0.0
1253	1233	1	0.0
1240	1228	1	0.0
1219	1219	1	0.0
1229	1222	1	0.0
1256	1244	1	0.0
1262	1254	1	0.0
1280	1266	1	0.0
1253	1234	1	0.0
1229	1229	1	0.0
1276	1262	1	0.0
1276	1263	1	0.0
1253	1235	1	0.0
1280	1267	1	0.0
1261	1261	1	0.0
1261	1250	1	0.0
1253	1236	1	0.0
1275	1275	1	0.0
1245	1256	1	0.0
1256	1245	1	0.0
1280	1268	1	0.0
1261	1251	1	0.0
1253	1237	1	0.0
1240	1229	1	0.0
1269	1269	1	0.0
1247	1258	1	0.0
1245	1257	1	0.0
1229	1223	1	0.0
1262	1262	1	0.0
1275	1262	1	0.0
1275	1263	1	0.0
1263	1263	1	0.0
1290	1290	1	0.0
1243	1255	1	0.0
1218	1226	1	0.0
1229	1239	1	0.0
1243	1256	1	0.0
1229	1240	1	0.0
1247	1259	1	0.0
1259	1259	1	0.0
1283	1283	1	0.0
1218	1227	1	0.0
1272	1272	1	0.0
1243	1257	1	0.0
1302	1302	1	0.0
1229	1241	1	0.0
1261	1272	1	0.0
1291	1291	1	0.0
1239	1255	1	0.0
1220	1220	1	0.0
1276	1276	1	0.0
1263	1274	1	0.0
1229	1242	1	0.0
1233	1226	1	0.0
1270	1270	1	0.0
1239	1256	1	0.0
1268	1255	1	0.0
1280	1280	1	0.0
1229	1243	1	0.0
1263	1275	1	0.0
1265	1265	1	0.0
1233	1227	1	0.0
1261	1273	1	0.0
1239	1257	1	0.0
1268	1256	1	0.0
1229	1244	1	0.0
1295	1295	1	0.0
1263	1276	1	0.0
1257	1257	1	0.0
1229	1245	1	0.0
1271	1271	1	0.0
1263	1277	1	0.0
1268	1257	1	0.0
1257	1239	1	0.0
1303	1303	1	0.0
1257	1240	1	0.0
1257	1241	1	0.0
1294	1294	1	0.0
1297	1297	1	0.0
1221	1221	1	0.0
1257	1242	1	0.0
1268	1268	1	0.0
1257	1243	1	0.0
1250	1260	1	0.0
1257	1244	1	0.0
1273	1260	1	0.0
1241	1228	1	0.0
1250	1261	1	0.0
1257	1245	1	0.0
1273	1261	1	0.0
1241	1229	1	0.0
1255	1239	1	0.0
1255	1240	1	0.0
1255	1241	1	0.0
1304	1304	1	0.0
1273	1273	1	0.0
1264	1255	1	0.0
1264	1256	1	0.0
1264	1257	1	0.0
1239	1228	1	0.0
1264	1264	1	0.0
1239	1229	1	0.0
1252	1262	1	0.0
1252	1263	1	0.0
1258	1246	1	0.0
1258	1247	1	0.0
1268	1279	1	0.0
1258	1248	1	0.0
1265	1255	1	0.0
1268	1280	1	0.0
1258	1249	1	0.0
1305	1305	1	0.0
1265	1256	1	0.0
1242	1228	1	0.0
1268	1281	1	0.0
1265	1257	1	0.0
1285	1285	1	0.0
1242	1229	1	0.0
1263	1278	1	0.0
1270	1258	1	0.0
1296	1296	1	0.0
1254	1262	1	0.0
1270	1259	1	0.0
1254	1263	1	0.0
1281	1264	1	0.0
1292	1292	1	0.0
1281	1265	1	0.0
1277	1262	1	0.0
1286	1286	1	0.0
1313	1313	1	0.0
1257	1264	1	0.0
1263	1252	1	0.0
1277	1263	1	0.0
1281	1266	1	0.0
1257	1265	1	0.0
1263	1253	1	0.0
1312	1312	1	0.0
1219	1228	1	0.0
1266	1255	1	0.0
1257	1266	1	0.0
1316	1316	1	0.0
1263	1254	1	0.0
1266	1256	1	0.0
1281	1267	1	0.0
1306	1306	1	0.0
1219	1229	1	0.0
1257	1267	1	0.0
1266	1257	1	0.0
1257	1268	1	0.0
1330	1330	1	0.0
1281	1268	1	0.0
1293	1293	1	0.0
1323	1323	1	0.0
1307	1307	1	0.0
1312	1317	1	0.0
1318	1318	1	0.0
1277	1277	1	0.0
1287	1287	1	0.0
1307	1313	1	0.0
1312	1318	1	0.0
1327	1327	1	0.0
1350	1373	1	0.0
1324	1314	1	0.0
1312	1319	1	0.0
1349	1373	1	0.0
1311	1311	1	0.0
1350	1374	1	0.0
1266	1266	1	0.0
1327	1333	1	0.0
1320	1313	1	0.0
1352	1373	1	0.0
1350	1375	1	0.0
1314	1310	1	0.0
1284	1284	1	0.0
1349	1374	1	0.0
1308	1308	1	0.0
1352	1374	1	0.0
1350	1376	1	0.0
1349	1375	1	0.0
1352	1375	1	0.0
1308	1313	1	0.0
1324	1324	1	0.0
1349	1376	1	0.0
1352	1376	1	0.0
1314	1314	1	0.0
1301	1301	1	0.0
1243	1228	1	0.0
1262	1274	1	0.0
1353	1373	1	0.0
1331	1331	1	0.0
1366	1366	1	0.0
1243	1229	1	0.0
1288	1288	1	0.0
1262	1275	1	0.0
1353	1374	1	0.0
1278	1262	1	0.0
1354	1373	1	0.0
1328	1328	1	0.0
1325	1314	1	0.0
1356	1374	1	0.0
1320	1320	1	0.0
1353	1375	1	0.0
1354	1374	1	0.0
1278	1263	1	0.0
1220	1228	1	0.0
1262	1276	1	0.0
1309	1309	1	0.0
1356	1375	1	0.0
1353	1376	1	0.0
1354	1375	1	0.0
1328	1334	1	0.0
1220	1229	1	0.0
1262	1277	1	0.0
1281	1281	1	0.0
1355	1373	1	0.0
1369	1369	1	0.0
1351	1351	1	0.0
1354	1376	1	0.0
1309	1313	1	0.0
1328	1335	1	0.0
1356	1376	1	0.0
1358	1377	1	0.0
1355	1374	1	0.0
1262	1278	1	0.0
1358	1378	1	0.0
1355	1375	1	0.0
1313	1320	1	0.0
1274	1262	1	0.0
1266	1279	1	0.0
1325	1325	1	0.0
1368	1368	1	0.0
1271	1258	1	0.0
1274	1263	1	0.0
1350	1350	1	0.0
1359	1359	1	0.0
1352	1352	1	0.0
1355	1376	1	0.0
1266	1280	1	0.0
1310	1310	1	0.0
1313	1321	1	0.0
1332	1332	1	0.0
1266	1281	1	0.0
1349	1349	1	0.0
1271	1259	1	0.0
1289	1289	1	0.0
1310	1314	1	0.0
1315	1311	1	0.0
1279	1264	1	0.0
1278	1278	1	0.0
1319	1319	1	0.0
1274	1274	1	0.0
1279	1265	1	0.0
1322	1314	1	0.0
1370	1370	1	0.0
1364	1377	1	0.0
1329	1329	1	0.0
1280	1264	1	0.0
1367	1367	1	0.0
1351	1373	1	0.0
1371	1371	1	0.0
1367	1380	1	0.0
1321	1313	1	0.0
1358	1358	1	0.0
1364	1378	1	0.0
1365	1365	1	0.0
1315	1315	1	0.0
1280	1265	1	0.0
1279	1266	1	0.0
1351	1374	1	0.0
1367	1381	1	0.0
1322	1322	1	0.0
1372	1372	1	0.0
1329	1334	1	0.0
1311	1315	1	0.0
1373	1349	1	0.0
1369	1379	1	0.0
1366	1379	1	0.0
1357	1357	1	0.0
1279	1267	1	0.0
1359	1377	1	0.0
1351	1375	1	0.0
1311	1316	1	0.0
1373	1350	1	0.0
1356	1356	1	0.0
1366	1380	1	0.0
1363	1363	1	0.0
1329	1335	1	0.0
1313	1307	1	0.0
1373	1351	1	0.0
1374	1374	1	0.0
1366	1381	1	0.0
1369	1380	1	0.0
1359	1378	1	0.0
1258	1269	1	0.0
1375	1375	1	0.0
1313	1308	1	0.0
1374	1349	1	0.0
1373	1352	1	0.0
1351	1376	1	0.0
1279	1268	1	0.0
1258	1270	1	0.0
1381	1365	1	0.0
1369	1381	1	0.0
1374	1350	1	0.0
1323	1314	1	0.0
1373	1353	1	0.0
1313	1309	1	0.0
1360	1360	1	0.0
1258	1271	1	0.0
1381	1366	1	0.0
1353	1353	1	0.0
1379	1367	1	0.0
1374	1351	1	0.0
1356	1373	1	0.0
1354	1354	1	0.0
1373	1354	1	0.0
1376	1349	1	0.0
1381	1367	1	0.0
1372	1382	1	0.0
1374	1352	1	0.0
1321	1321	1	0.0
1221	1228	1	0.0
1373	1355	1	0.0
1374	1353	1	0.0
1381	1368	1	0.0
1383	1370	1	0.0
1379	1368	1	0.0
1355	1355	1	0.0
1373	1356	1	0.0
1372	1383	1	0.0
1374	1354	1	0.0
1376	1350	1	0.0
1362	1362	1	0.0
1317	1317	1	0.0
1373	1357	1	0.0
1379	1396	1	0.0
1374	1355	1	0.0
1383	1371	1	0.0
1376	1351	1	0.0
1316	1311	1	0.0
1370	1382	1	0.0
1363	1377	1	0.0
1381	1369	1	0.0
1387	1373	1	0.0
1357	1373	1	0.0
1374	1356	1	0.0
1370	1383	1	0.0
1376	1352	1	0.0
1377	1358	1	0.0
1383	1372	1	0.0
1387	1374	1	0.0
1363	1378	1	0.0
1376	1376	1	0.0
1374	1357	1	0.0
1365	1379	1	0.0
1379	1369	1	0.0
1376	1353	1	0.0
1357	1374	1	0.0
1381	1395	1	0.0
1377	1359	1	0.0
1387	1375	1	0.0
1373	1373	1	0.0
1382	1399	1	0.0
1365	1380	1	0.0
1377	1360	1	0.0
1380	1395	1	0.0
1381	1396	1	0.0
1357	1375	1	0.0
1360	1377	1	0.0
1387	1376	1	0.0
1376	1354	1	0.0
1377	1361	1	0.0
1360	1378	1	0.0
1365	1381	1	0.0
1357	1376	1	0.0
1380	1396	1	0.0
1279	1279	1	0.0
1381	1381	1	0.0
1377	1362	1	0.0
1382	1400	1	0.0
1385	1373	1	0.0
1362	1377	1	0.0
1376	1355	1	0.0
1377	1363	1	0.0
1375	1349	1	0.0
1383	1397	1	0.0
1386	1373	1	0.0
1333	1326	1	0.0
1386	1386	1	0.0
1385	1374	1	0.0
1379	1379	1	0.0
1282	1282	1	0.0
1382	1401	1	0.0
1377	1364	1	0.0
1362	1378	1	0.0
1255	1264	1	0.0
1399	1382	1	0.0
1375	1350	1	0.0
1385	1375	1	0.0
1383	1398	1	0.0
1376	1356	1	0.0
1333	1327	1	0.0
1386	1374	1	0.0
1382	1402	1	0.0
1383	1383	1	0.0
1397	1397	1	0.0
1383	1399	1	0.0
1367	1379	1	0.0
1385	1376	1	0.0
1399	1383	1	0.0
1255	1265	1	0.0
1376	1384	1	0.0
1383	1400	1	0.0
1376	1357	1	0.0
1386	1375	1	0.0
1393	1377	1	0.0
1402	1382	1	0.0
1375	1351	1	0.0
1374	1384	1	0.0
1387	1387	1	0.0
1383	1401	1	0.0
1314	1322	1	0.0
1255	1266	1	0.0
1376	1385	1	0.0
1389	1389	1	0.0
1374	1385	1	0.0
1395	1379	1	0.0
1383	1402	1	0.0
1386	1376	1	0.0
1390	1390	1	0.0
1333	1333	1	0.0
1377	1377	1	0.0
1393	1378	1	0.0
1375	1352	1	0.0
1402	1383	1	0.0
1314	1323	1	0.0
1395	1380	1	0.0
1255	1267	1	0.0
1376	1386	1	0.0
1391	1377	1	0.0
1374	1386	1	0.0
1368	1379	1	0.0
1395	1381	1	0.0
1385	1385	1	0.0
1391	1378	1	0.0
1374	1387	1	0.0
1382	1382	1	0.0
1375	1353	1	0.0
1398	1382	1	0.0
1314	1324	1	0.0
1264	1279	1	0.0
1255	1268	1	0.0
1374	1388	1	0.0
1376	1387	1	0.0
1368	1380	1	0.0
1399	1399	1	0.0
1398	1383	1	0.0
1379	1365	1	0.0
1375	1354	1	0.0
1314	1325	1	0.0
1376	1388	1	0.0
1368	1381	1	0.0
1264	1280	1	0.0
1379	1366	1	0.0
1375	1355	1	0.0
1400	1400	1	0.0
1317	1312	1	0.0
1264	1281	1	0.0
1326	1326	1	0.0
1378	1358	1	0.0
1410	1410	1	0.0
1395	1395	1	0.0
1400	1382	1	0.0
1378	1359	1	0.0
1382	1397	1	0.0
1375	1356	1	0.0
1391	1391	1	0.0
1400	1383	1	0.0
1326	1333	1	0.0
1398	1398	1	0.0
1378	1360	1	0.0
1379	1395	1	0.0
1382	1398	1	0.0
1375	1357	1	0.0
1378	1361	1	0.0
1401	1382	1	0.0
1378	1362	1	0.0
1401	1383	1	0.0
1414	1414	1	0.0
1403	1420	1	0.0
1388	1373	1	0.0
1419	1419	1	0.0
1378	1363	1	0.0
1410	1423	1	0.0
1361	1361	1	0.0
1402	1402	1	0.0
1421	1421	1	0.0
1388	1388	1	0.0
1388	1374	1	0.0
1378	1364	1	0.0
1418	1418	1	0.0
1384	1373	1	0.0
1410	1424	1	0.0
1407	1420	1	0.0
1415	1415	1	0.0
1384	1384	1	0.0
1410	1425	1	0.0
1388	1375	1	0.0
1380	1380	1	0.0
1384	1374	1	0.0
1417	1435	1	0.0
1407	1421	1	0.0
1413	1413	1	0.0
1414	1423	1	0.0
1411	1411	1	0.0
1414	1424	1	0.0
1384	1375	1	0.0
1417	1436	1	0.0
1407	1422	1	0.0
1390	1377	1	0.0
1393	1393	1	0.0
1417	1437	1	0.0
1384	1376	1	0.0
1390	1378	1	0.0
1378	1378	1	0.0
1401	1401	1	0.0
1417	1438	1	0.0
1396	1379	1	0.0
1413	1423	1	0.0
1396	1380	1	0.0
1361	1377	1	0.0
1413	1424	1	0.0
1425	1410	1	0.0
1392	1377	1	0.0
1433	1415	1	0.0
1396	1381	1	0.0
1413	1425	1	0.0
1425	1425	1	0.0
1375	1384	1	0.0
1361	1378	1	0.0
1392	1392	1	0.0
1392	1378	1	0.0
1425	1411	1	0.0
1318	1312	1	0.0
1375	1385	1	0.0
1411	1423	1	0.0
1425	1412	1	0.0
1416	1434	1	0.0
1375	1386	1	0.0
1414	1425	1	0.0
1416	1416	1	0.0
1416	1435	1	0.0
1411	1424	1	0.0
1420	1439	1	0.0
1334	1328	1	0.0
1375	1387	1	0.0
1425	1413	1	0.0
1416	1436	1	0.0
1432	1432	1	0.0
1420	1440	1	0.0
1411	1425	1	0.0
1375	1388	1	0.0
1425	1414	1	0.0
1371	1382	1	0.0
1334	1329	1	0.0
1416	1437	1	0.0
1388	1376	1	0.0
1429	1429	1	0.0
1403	1421	1	0.0
1426	1415	1	0.0
1417	1417	1	0.0
1416	1438	1	0.0
1380	1365	1	0.0
1423	1443	1	0.0
1415	1426	1	0.0
1420	1420	1	0.0
1380	1366	1	0.0
1434	1434	1	0.0
1415	1427	1	0.0
1397	1382	1	0.0
1396	1396	1	0.0
1334	1334	1	0.0
1436	1416	1	0.0
1438	1419	1	0.0
1380	1367	1	0.0
1415	1428	1	0.0
1397	1383	1	0.0
1371	1383	1	0.0
1436	1417	1	0.0
1380	1368	1	0.0
1415	1429	1	0.0
1424	1424	1	0.0
1380	1369	1	0.0
1421	1439	1	0.0
1436	1418	1	0.0
1415	1430	1	0.0
1426	1426	1	0.0
1335	1328	1	0.0
1428	1428	1	0.0
1394	1394	1	0.0
1421	1440	1	0.0
1403	1422	1	0.0
1415	1431	1	0.0
1429	1415	1	0.0
1415	1432	1	0.0
1433	1433	1	0.0
1425	1441	1	0.0
1415	1433	1	0.0
1422	1422	1	0.0
1408	1408	1	0.0
1425	1442	1	0.0
1440	1421	1	0.0
1422	1403	1	0.0
1425	1443	1	0.0
1377	1389	1	0.0
1422	1404	1	0.0
1440	1422	1	0.0
1439	1439	1	0.0
1412	1412	1	0.0
1441	1441	1	0.0
1424	1441	1	0.0
1422	1405	1	0.0
1437	1416	1	0.0
1428	1444	1	0.0
1377	1390	1	0.0
1424	1442	1	0.0
1437	1417	1	0.0
1422	1406	1	0.0
1419	1434	1	0.0
1428	1445	1	0.0
1377	1391	1	0.0
1427	1427	1	0.0
1424	1443	1	0.0
1437	1418	1	0.0
1422	1407	1	0.0
1419	1435	1	0.0
1436	1436	1	0.0
1435	1416	1	0.0
1439	1420	1	0.0
1377	1392	1	0.0
1335	1329	1	0.0
1437	1419	1	0.0
1394	1377	1	0.0
1436	1419	1	0.0
1419	1436	1	0.0
1422	1408	1	0.0
1435	1417	1	0.0
1408	1420	1	0.0
1440	1440	1	0.0
1439	1421	1	0.0
1394	1378	1	0.0
1435	1418	1	0.0
1422	1409	1	0.0
1419	1437	1	0.0
1430	1415	1	0.0
1408	1421	1	0.0
1435	1419	1	0.0
1439	1422	1	0.0
1419	1438	1	0.0
1442	1423	1	0.0
1427	1415	1	0.0
1427	1444	1	0.0
1423	1410	1	0.0
1408	1422	1	0.0
1442	1424	1	0.0
1335	1335	1	0.0
1427	1445	1	0.0
1423	1411	1	0.0
1440	1420	1	0.0
1442	1425	1	0.0
1423	1412	1	0.0
1445	1426	1	0.0
1452	1452	1	0.0
1319	1312	1	0.0
1422	1439	1	0.0
1404	1404	1	0.0
1430	1430	1	0.0
1456	1468	1	0.0
1445	1427	1	0.0
1423	1413	1	0.0
1454	1462	1	0.0
1422	1440	1	0.0
1443	1443	1	0.0
1364	1364	1	0.0
1445	1428	1	0.0
1423	1414	1	0.0
1454	1463	1	0.0
1464	1464	1	0.0
1456	1469	1	0.0
1441	1423	1	0.0
1412	1423	1	0.0
1445	1429	1	0.0
1454	1464	1	0.0
1377	1393	1	0.0
1456	1470	1	0.0
1441	1424	1	0.0
1445	1430	1	0.0
1454	1465	1	0.0
1438	1438	1	0.0
1412	1424	1	0.0
1442	1442	1	0.0
1377	1394	1	0.0
1456	1471	1	0.0
1441	1425	1	0.0
1452	1462	1	0.0
1454	1466	1	0.0
1459	1459	1	0.0
1382	1370	1	0.0
1452	1463	1	0.0
1412	1425	1	0.0
1430	1444	1	0.0
1456	1472	1	0.0
1423	1423	1	0.0
1452	1464	1	0.0
1382	1371	1	0.0
1437	1437	1	0.0
1468	1455	1	0.0
1430	1445	1	0.0
1404	1420	1	0.0
1452	1465	1	0.0
1435	1435	1	0.0
1382	1372	1	0.0
1468	1456	1	0.0
1404	1421	1	0.0
1471	1471	1	0.0
1472	1472	1	0.0
1458	1458	1	0.0
1471	1455	1	0.0
1452	1466	1	0.0
1443	1423	1	0.0
1404	1422	1	0.0
1455	1455	1	0.0
1471	1456	1	0.0
1475	1475	1	0.0
1443	1424	1	0.0
1443	1425	1	0.0
1460	1460	1	0.0
1464	1450	1	0.0
1461	1461	1	0.0
1445	1431	1	0.0
1373	1384	1	0.0
1457	1457	1	0.0
1484	1474	1	0.0
1472	1455	1	0.0
1464	1451	1	0.0
1445	1432	1	0.0
1467	1455	1	0.0
1373	1385	1	0.0
1472	1456	1	0.0
1477	1477	1	0.0
1464	1452	1	0.0
1467	1456	1	0.0
1445	1433	1	0.0
1373	1386	1	0.0
1429	1444	1	0.0
1409	1409	1	0.0
1478	1478	1	0.0
1464	1453	1	0.0
1373	1387	1	0.0
1464	1454	1	0.0
1492	1475	1	0.0
1373	1388	1	0.0
1456	1456	1	0.0
1480	1480	1	0.0
1468	1468	1	0.0
1431	1415	1	0.0
1455	1467	1	0.0
1409	1420	1	0.0
1405	1405	1	0.0
1491	1475	1	0.0
1455	1468	1	0.0
1409	1421	1	0.0
1455	1469	1	0.0
1469	1455	1	0.0
1473	1473	1	0.0
1409	1422	1	0.0
1483	1474	1	0.0
1455	1470	1	0.0
1417	1434	1	0.0
1469	1456	1	0.0
1455	1471	1	0.0
1429	1445	1	0.0
1455	1472	1	0.0
1456	1467	1	0.0
1405	1420	1	0.0
1467	1467	1	0.0
1405	1421	1	0.0
1431	1431	1	0.0
1405	1422	1	0.0
1482	1482	1	0.0
1484	1484	1	0.0
1445	1445	1	0.0
1481	1481	1	0.0
1418	1434	1	0.0
1450	1450	1	0.0
1432	1444	1	0.0
1476	1476	1	0.0
1487	1487	1	0.0
1418	1435	1	0.0
1434	1416	1	0.0
1428	1415	1	0.0
1492	1492	1	0.0
1431	1444	1	0.0
1418	1436	1	0.0
1434	1417	1	0.0
1418	1437	1	0.0
1431	1445	1	0.0
1469	1469	1	0.0
1434	1418	1	0.0
1493	1475	1	0.0
1418	1438	1	0.0
1389	1377	1	0.0
1424	1410	1	0.0
1423	1441	1	0.0
1434	1419	1	0.0
1420	1403	1	0.0
1424	1411	1	0.0
1389	1378	1	0.0
1420	1404	1	0.0
1423	1442	1	0.0
1424	1412	1	0.0
1473	1478	1	0.0
1420	1405	1	0.0
1424	1413	1	0.0
1424	1414	1	0.0
1473	1479	1	0.0
1485	1474	1	0.0
1406	1406	1	0.0
1432	1415	1	0.0
1438	1416	1	0.0
1473	1480	1	0.0
1491	1491	1	0.0
1450	1462	1	0.0
1483	1483	1	0.0
1473	1481	1	0.0
1438	1417	1	0.0
1470	1455	1	0.0
1488	1474	1	0.0
1450	1463	1	0.0
1432	1445	1	0.0
1453	1453	1	0.0
1470	1456	1	0.0
1475	1489	1	0.0
1473	1482	1	0.0
1438	1418	1	0.0
1450	1464	1	0.0
1378	1389	1	0.0
1420	1406	1	0.0
1450	1465	1	0.0
1465	1450	1	0.0
1378	1390	1	0.0
1406	1420	1	0.0
1420	1407	1	0.0
1450	1466	1	0.0
1465	1451	1	0.0
1378	1391	1	0.0
1406	1421	1	0.0
1493	1493	1	0.0
1475	1490	1	0.0
1420	1408	1	0.0
1378	1392	1	0.0
1406	1422	1	0.0
1453	1462	1	0.0
1420	1409	1	0.0
1475	1491	1	0.0
1378	1393	1	0.0
1479	1479	1	0.0
1453	1463	1	0.0
1474	1474	1	0.0
1475	1492	1	0.0
1378	1394	1	0.0
1465	1452	1	0.0
1453	1464	1	0.0
1489	1475	1	0.0
1475	1493	1	0.0
1453	1465	1	0.0
1465	1453	1	0.0
1462	1450	1	0.0
1480	1473	1	0.0
1485	1485	1	0.0
1453	1466	1	0.0
1462	1451	1	0.0
1465	1454	1	0.0
1462	1452	1	0.0
1462	1453	1	0.0
1462	1454	1	0.0
1474	1483	1	0.0
1470	1470	1	0.0
1474	1484	1	0.0
1489	1489	1	0.0
1462	1462	1	0.0
1474	1485	1	0.0
1407	1407	1	0.0
1474	1486	1	0.0
1488	1488	1	0.0
1490	1475	1	0.0
1486	1474	1	0.0
1474	1487	1	0.0
1465	1465	1	0.0
1474	1488	1	0.0
1403	1403	1	0.0
1463	1450	1	0.0
1451	1451	1	0.0
1463	1451	1	0.0
1421	1403	1	0.0
1463	1452	1	0.0
1490	1490	1	0.0
1421	1404	1	0.0
1463	1453	1	0.0
1421	1405	1	0.0
1463	1454	1	0.0
1444	1426	1	0.0
1421	1406	1	0.0
1451	1462	1	0.0
1421	1407	1	0.0
1444	1427	1	0.0
1426	1444	1	0.0
1421	1408	1	0.0
1451	1463	1	0.0
1444	1428	1	0.0
1421	1409	1	0.0
1451	1464	1	0.0
1466	1450	1	0.0
1426	1445	1	0.0
1451	1465	1	0.0
1463	1463	1	0.0
1444	1429	1	0.0
1433	1444	1	0.0
1466	1451	1	0.0
1451	1466	1	0.0
1481	1473	1	0.0
1486	1486	1	0.0
1454	1454	1	0.0
1444	1430	1	0.0
1433	1445	1	0.0
1466	1452	1	0.0
1444	1431	1	0.0
1466	1453	1	0.0
1444	1432	1	0.0
1466	1454	1	0.0
1444	1433	1	0.0
1444	1444	1	0.0
1487	1474	1	0.0
1466	1466	1	0.0
1482	1473	1	0.0
1478	1473	1	0.0
1479	1473	1	0.0
1183	1197	4	0.0
1183	1198	4	0.0
1184	1197	4	0.0
1184	1198	4	0.0
1186	1199	4	0.0
1186	1200	4	0.0
1186	1201	4	0.0
1188	1199	4	0.0
1188	1200	4	0.0
1189	1199	4	0.0
1188	1201	4	0.0
1185	1197	4	0.0
1189	1200	4	0.0
1185	1198	4	0.0
1189	1201	4	0.0
1193	1202	4	0.0
1187	1199	4	0.0
1193	1203	4	0.0
1187	1200	4	0.0
1193	1204	4	0.0
1187	1201	4	0.0
1193	1205	4	0.0
1193	1206	4	0.0
1190	1199	4	0.0
1200	1211	4	0.0
1190	1200	4	0.0
1190	1201	4	0.0
1197	1207	4	0.0
1194	1202	4	0.0
1197	1208	4	0.0
1194	1203	4	0.0
1194	1204	4	0.0
1197	1209	4	0.0
1194	1205	4	0.0
1191	1202	4	0.0
1197	1210	4	0.0
1194	1206	4	0.0
1191	1203	4	0.0
1191	1204	4	0.0
1191	1205	4	0.0
1199	1211	4	0.0
1191	1206	4	0.0
1216	1225	4	0.0
1227	1232	4	0.0
1232	1249	4	0.0
1201	1211	4	0.0
1228	1233	4	0.0
1228	1234	4	0.0
1232	1246	4	0.0
1228	1235	4	0.0
1219	1226	4	0.0
1232	1247	4	0.0
1219	1227	4	0.0
1228	1236	4	0.0
1232	1248	4	0.0
1233	1250	4	0.0
1228	1237	4	0.0
1233	1251	4	0.0
1228	1238	4	0.0
1220	1226	4	0.0
1192	1202	4	0.0
1220	1227	4	0.0
1234	1250	4	0.0
1192	1203	4	0.0
1217	1225	4	0.0
1195	1202	4	0.0
1192	1204	4	0.0
1234	1251	4	0.0
1192	1205	4	0.0
1195	1203	4	0.0
1192	1206	4	0.0
1212	1219	4	0.0
1235	1251	4	0.0
1195	1204	4	0.0
1212	1220	4	0.0
1221	1226	4	0.0
1195	1205	4	0.0
1212	1221	4	0.0
1221	1227	4	0.0
1237	1250	4	0.0
1195	1206	4	0.0
1212	1222	4	0.0
1237	1251	4	0.0
1212	1223	4	0.0
1238	1250	4	0.0
1238	1251	4	0.0
1236	1250	4	0.0
1222	1226	4	0.0
1236	1251	4	0.0
1222	1227	4	0.0
1213	1219	4	0.0
1243	1252	4	0.0
1213	1220	4	0.0
1223	1226	4	0.0
1243	1253	4	0.0
1213	1221	4	0.0
1223	1227	4	0.0
1243	1254	4	0.0
1213	1222	4	0.0
1213	1223	4	0.0
1235	1250	4	0.0
1245	1252	4	0.0
1214	1219	4	0.0
1241	1252	4	0.0
1214	1220	4	0.0
1245	1253	4	0.0
1241	1253	4	0.0
1239	1252	4	0.0
1214	1221	4	0.0
1245	1254	4	0.0
1241	1254	4	0.0
1214	1222	4	0.0
1239	1253	4	0.0
1198	1207	4	0.0
1214	1223	4	0.0
1239	1254	4	0.0
1196	1202	4	0.0
1198	1208	4	0.0
1229	1233	4	0.0
1224	1228	4	0.0
1224	1229	4	0.0
1196	1203	4	0.0
1198	1209	4	0.0
1229	1234	4	0.0
1249	1255	4	0.0
1198	1210	4	0.0
1196	1204	4	0.0
1229	1235	4	0.0
1225	1230	4	0.0
1249	1256	4	0.0
1196	1205	4	0.0
1229	1236	4	0.0
1218	1225	4	0.0
1249	1257	4	0.0
1225	1231	4	0.0
1229	1237	4	0.0
1196	1206	4	0.0
1229	1238	4	0.0
1262	1272	4	0.0
1255	1262	4	0.0
1262	1273	4	0.0
1226	1232	4	0.0
1255	1263	4	0.0
1263	1272	4	0.0
1263	1273	4	0.0
1266	1278	4	0.0
1266	1274	4	0.0
1266	1275	4	0.0
1266	1276	4	0.0
1266	1277	4	0.0
1250	1258	4	0.0
1250	1259	4	0.0
1230	1239	4	0.0
1230	1240	4	0.0
1260	1269	4	0.0
1230	1241	4	0.0
1260	1270	4	0.0
1230	1242	4	0.0
1260	1271	4	0.0
1230	1243	4	0.0
1230	1244	4	0.0
1269	1279	4	0.0
1256	1262	4	0.0
1230	1245	4	0.0
1256	1263	4	0.0
1269	1280	4	0.0
1284	1293	4	0.0
1215	1224	4	0.0
1269	1281	4	0.0
1267	1274	4	0.0
1267	1275	4	0.0
1267	1276	4	0.0
1267	1277	4	0.0
1267	1278	4	0.0
1231	1239	4	0.0
1231	1240	4	0.0
1231	1241	4	0.0
1231	1242	4	0.0
1231	1243	4	0.0
1231	1244	4	0.0
1231	1245	4	0.0
1246	1255	4	0.0
1246	1256	4	0.0
1246	1257	4	0.0
1252	1260	4	0.0
1252	1261	4	0.0
1257	1262	4	0.0
1257	1263	4	0.0
1316	1322	4	0.0
1316	1323	4	0.0
1240	1252	4	0.0
1316	1324	4	0.0
1244	1252	4	0.0
1240	1253	4	0.0
1316	1325	4	0.0
1244	1253	4	0.0
1240	1254	4	0.0
1270	1279	4	0.0
1251	1258	4	0.0
1244	1254	4	0.0
1251	1259	4	0.0
1270	1280	4	0.0
1270	1281	4	0.0
1242	1252	4	0.0
1285	1293	4	0.0
1242	1253	4	0.0
1242	1254	4	0.0
1261	1269	4	0.0
1261	1270	4	0.0
1264	1274	4	0.0
1261	1271	4	0.0
1268	1274	4	0.0
1264	1275	4	0.0
1268	1275	4	0.0
1264	1276	4	0.0
1268	1276	4	0.0
1264	1277	4	0.0
1268	1277	4	0.0
1264	1278	4	0.0
1268	1278	4	0.0
1258	1264	4	0.0
1349	1371	4	0.0
1258	1265	4	0.0
1258	1266	4	0.0
1349	1372	4	0.0
1258	1267	4	0.0
1258	1268	4	0.0
1247	1255	4	0.0
1351	1370	4	0.0
1247	1256	4	0.0
1352	1370	4	0.0
1247	1257	4	0.0
1351	1371	4	0.0
1352	1371	4	0.0
1351	1372	4	0.0
1352	1372	4	0.0
1353	1370	4	0.0
1353	1371	4	0.0
1353	1372	4	0.0
1354	1370	4	0.0
1354	1371	4	0.0
1271	1279	4	0.0
1354	1372	4	0.0
1271	1280	4	0.0
1356	1370	4	0.0
1356	1371	4	0.0
1271	1281	4	0.0
1356	1372	4	0.0
1248	1255	4	0.0
1248	1256	4	0.0
1248	1257	4	0.0
1355	1370	4	0.0
1349	1370	4	0.0
1355	1371	4	0.0
1355	1372	4	0.0
1265	1274	4	0.0
1265	1275	4	0.0
1265	1276	4	0.0
1265	1277	4	0.0
1265	1278	4	0.0
1359	1375	4	0.0
1359	1376	4	0.0
1358	1373	4	0.0
1360	1373	4	0.0
1358	1374	4	0.0
1360	1374	4	0.0
1358	1375	4	0.0
1360	1375	4	0.0
1358	1376	4	0.0
1360	1376	4	0.0
1259	1264	4	0.0
1259	1265	4	0.0
1357	1370	4	0.0
1259	1266	4	0.0
1259	1267	4	0.0
1357	1371	4	0.0
1259	1268	4	0.0
1357	1372	4	0.0
1359	1373	4	0.0
1359	1374	4	0.0
1362	1373	4	0.0
1362	1374	4	0.0
1362	1375	4	0.0
1362	1376	4	0.0
1253	1260	4	0.0
1253	1261	4	0.0
1368	1377	4	0.0
1368	1378	4	0.0
1363	1373	4	0.0
1370	1381	4	0.0
1363	1374	4	0.0
1363	1375	4	0.0
1363	1376	4	0.0
1372	1379	4	0.0
1372	1380	4	0.0
1372	1381	4	0.0
1370	1379	4	0.0
1370	1380	4	0.0
1373	1382	4	0.0
1373	1383	4	0.0
1377	1387	4	0.0
1377	1388	4	0.0
1374	1382	4	0.0
1374	1383	4	0.0
1382	1395	4	0.0
1382	1396	4	0.0
1371	1379	4	0.0
1371	1380	4	0.0
1371	1381	4	0.0
1307	1312	4	0.0
1308	1312	4	0.0
1309	1312	4	0.0
1385	1397	4	0.0
1385	1398	4	0.0
1385	1399	4	0.0
1310	1313	4	0.0
1385	1400	4	0.0
1282	1293	4	0.0
1385	1401	4	0.0
1326	1332	4	0.0
1311	1314	4	0.0
1386	1397	4	0.0
1385	1402	4	0.0
1369	1377	4	0.0
1312	1315	4	0.0
1386	1398	4	0.0
1369	1378	4	0.0
1312	1316	4	0.0
1386	1399	4	0.0
1387	1397	4	0.0
1386	1400	4	0.0
1361	1373	4	0.0
1386	1401	4	0.0
1361	1374	4	0.0
1387	1398	4	0.0
1313	1317	4	0.0
1386	1402	4	0.0
1387	1399	4	0.0
1361	1375	4	0.0
1313	1318	4	0.0
1387	1400	4	0.0
1361	1376	4	0.0
1313	1319	4	0.0
1387	1401	4	0.0
1387	1402	4	0.0
1383	1395	4	0.0
1383	1396	4	0.0
1364	1373	4	0.0
1388	1397	4	0.0
1364	1374	4	0.0
1388	1398	4	0.0
1388	1399	4	0.0
1364	1375	4	0.0
1388	1400	4	0.0
1364	1376	4	0.0
1388	1401	4	0.0
1388	1402	4	0.0
1366	1377	4	0.0
1366	1378	4	0.0
1403	1416	4	0.0
1254	1260	4	0.0
1254	1261	4	0.0
1403	1417	4	0.0
1406	1416	4	0.0
1403	1418	4	0.0
1403	1419	4	0.0
1406	1417	4	0.0
1406	1418	4	0.0
1406	1419	4	0.0
1327	1332	4	0.0
1409	1418	4	0.0
1409	1419	4	0.0
1410	1421	4	0.0
1410	1422	4	0.0
1283	1293	4	0.0
1419	1426	4	0.0
1411	1420	4	0.0
1419	1427	4	0.0
1411	1421	4	0.0
1419	1428	4	0.0
1419	1429	4	0.0
1411	1422	4	0.0
1419	1430	4	0.0
1419	1431	4	0.0
1420	1434	4	0.0
1419	1432	4	0.0
1420	1435	4	0.0
1417	1426	4	0.0
1419	1433	4	0.0
1420	1436	4	0.0
1417	1427	4	0.0
1420	1437	4	0.0
1417	1428	4	0.0
1420	1438	4	0.0
1417	1429	4	0.0
1417	1430	4	0.0
1417	1431	4	0.0
1378	1384	4	0.0
1375	1382	4	0.0
1417	1432	4	0.0
1380	1389	4	0.0
1378	1385	4	0.0
1375	1383	4	0.0
1417	1433	4	0.0
1380	1390	4	0.0
1378	1386	4	0.0
1423	1439	4	0.0
1380	1391	4	0.0
1378	1387	4	0.0
1350	1370	4	0.0
1423	1440	4	0.0
1380	1392	4	0.0
1378	1388	4	0.0
1350	1371	4	0.0
1380	1393	4	0.0
1350	1372	4	0.0
1380	1394	4	0.0
1424	1440	4	0.0
1415	1423	4	0.0
1424	1439	4	0.0
1407	1416	4	0.0
1415	1424	4	0.0
1415	1425	4	0.0
1407	1417	4	0.0
1407	1418	4	0.0
1409	1416	4	0.0
1407	1419	4	0.0
1409	1417	4	0.0
1425	1439	4	0.0
1425	1440	4	0.0
1418	1426	4	0.0
1418	1427	4	0.0
1418	1428	4	0.0
1427	1441	4	0.0
1418	1429	4	0.0
1418	1430	4	0.0
1427	1442	4	0.0
1418	1431	4	0.0
1427	1443	4	0.0
1418	1432	4	0.0
1429	1441	4	0.0
1418	1433	4	0.0
1429	1442	4	0.0
1429	1443	4	0.0
1431	1441	4	0.0
1314	1320	4	0.0
1431	1442	4	0.0
1314	1321	4	0.0
1431	1443	4	0.0
1433	1441	4	0.0
1433	1442	4	0.0
1433	1443	4	0.0
1436	1444	4	0.0
1365	1377	4	0.0
1365	1378	4	0.0
1436	1445	4	0.0
1455	1462	4	0.0
1455	1463	4	0.0
1455	1464	4	0.0
1455	1465	4	0.0
1455	1466	4	0.0
1421	1434	4	0.0
1421	1435	4	0.0
1421	1436	4	0.0
1421	1437	4	0.0
1404	1416	4	0.0
1421	1438	4	0.0
1404	1417	4	0.0
1328	1333	4	0.0
1404	1418	4	0.0
1404	1419	4	0.0
1456	1462	4	0.0
1456	1463	4	0.0
1456	1464	4	0.0
1456	1465	4	0.0
1456	1466	4	0.0
1367	1377	4	0.0
1367	1378	4	0.0
1412	1420	4	0.0
1412	1421	4	0.0
1412	1422	4	0.0
1422	1434	4	0.0
1381	1389	4	0.0
1422	1435	4	0.0
1381	1390	4	0.0
1422	1436	4	0.0
1381	1391	4	0.0
1477	1489	4	0.0
1422	1437	4	0.0
1473	1476	4	0.0
1381	1392	4	0.0
1422	1438	4	0.0
1477	1490	4	0.0
1381	1393	4	0.0
1405	1416	4	0.0
1476	1489	4	0.0
1413	1420	4	0.0
1473	1477	4	0.0
1416	1426	4	0.0
1477	1491	4	0.0
1416	1427	4	0.0
1413	1421	4	0.0
1384	1397	4	0.0
1477	1492	4	0.0
1416	1428	4	0.0
1413	1422	4	0.0
1477	1493	4	0.0
1416	1429	4	0.0
1384	1398	4	0.0
1416	1430	4	0.0
1476	1490	4	0.0
1384	1399	4	0.0
1416	1431	4	0.0
1405	1417	4	0.0
1476	1491	4	0.0
1416	1432	4	0.0
1405	1418	4	0.0
1384	1400	4	0.0
1381	1394	4	0.0
1476	1492	4	0.0
1416	1433	4	0.0
1405	1419	4	0.0
1476	1493	4	0.0
1384	1401	4	0.0
1384	1402	4	0.0
1414	1420	4	0.0
1414	1421	4	0.0
1414	1422	4	0.0
1408	1416	4	0.0
1408	1417	4	0.0
1437	1444	4	0.0
1408	1418	4	0.0
1408	1419	4	0.0
1437	1445	4	0.0
1183	1199	4	0.0
1183	1200	4	0.0
1183	1201	4	0.0
1191	1191	4	0.0
1184	1184	4	0.0
1193	1193	4	0.0
1184	1199	4	0.0
1183	1183	4	0.0
1184	1200	4	0.0
1184	1201	4	0.0
1187	1187	4	0.0
1187	1202	4	0.0
1196	1196	4	0.0
1187	1203	4	0.0
1458	1467	4	0.0
1187	1204	4	0.0
1194	1194	4	0.0
1185	1185	4	0.0
1187	1205	4	0.0
1458	1468	4	0.0
1187	1206	4	0.0
1199	1183	4	0.0
1458	1469	4	0.0
1199	1184	4	0.0
1458	1470	4	0.0
1199	1185	4	0.0
1185	1199	4	0.0
1430	1441	4	0.0
1458	1471	4	0.0
1185	1200	4	0.0
1458	1472	4	0.0
1430	1442	4	0.0
1185	1201	4	0.0
1430	1443	4	0.0
1189	1202	4	0.0
1192	1192	4	0.0
1197	1197	4	0.0
1199	1199	4	0.0
1189	1203	4	0.0
1189	1204	4	0.0
1189	1205	4	0.0
1189	1206	4	0.0
1200	1185	4	0.0
1192	1207	4	0.0
1192	1208	4	0.0
1192	1209	4	0.0
1191	1207	4	0.0
1194	1208	4	0.0
1195	1195	4	0.0
1192	1210	4	0.0
1191	1208	4	0.0
1191	1209	4	0.0
1200	1183	4	0.0
1194	1209	4	0.0
1191	1210	4	0.0
1200	1184	4	0.0
1194	1210	4	0.0
1201	1183	4	0.0
1201	1184	4	0.0
1196	1207	4	0.0
1201	1185	4	0.0
1196	1208	4	0.0
1198	1198	4	0.0
1189	1189	4	0.0
1196	1209	4	0.0
1188	1188	4	0.0
1196	1210	4	0.0
1200	1200	4	0.0
1315	1322	4	0.0
1201	1201	4	0.0
1315	1323	4	0.0
1315	1324	4	0.0
1315	1325	4	0.0
1203	1203	4	0.0
1188	1202	4	0.0
1188	1203	4	0.0
1188	1204	4	0.0
1188	1205	4	0.0
1188	1206	4	0.0
1186	1186	4	0.0
1186	1202	4	0.0
1208	1191	4	0.0
1207	1207	4	0.0
1198	1211	4	0.0
1208	1208	4	0.0
1186	1203	4	0.0
1208	1192	4	0.0
1203	1186	4	0.0
1186	1204	4	0.0
1203	1187	4	0.0
1208	1193	4	0.0
1203	1188	4	0.0
1186	1205	4	0.0
1208	1194	4	0.0
1203	1189	4	0.0
1186	1206	4	0.0
1211	1211	4	0.0
1203	1190	4	0.0
1208	1195	4	0.0
1209	1191	4	0.0
1209	1192	4	0.0
1208	1196	4	0.0
1209	1193	4	0.0
1190	1190	4	0.0
1213	1224	4	0.0
1209	1194	4	0.0
1206	1206	4	0.0
1209	1195	4	0.0
1434	1444	4	0.0
1211	1197	4	0.0
1434	1445	4	0.0
1211	1198	4	0.0
1209	1196	4	0.0
1222	1222	4	0.0
1218	1218	4	0.0
1190	1202	4	0.0
1215	1215	4	0.0
1379	1389	4	0.0
1190	1203	4	0.0
1212	1212	4	0.0
1379	1390	4	0.0
1190	1204	4	0.0
1379	1391	4	0.0
1214	1214	4	0.0
1215	1225	4	0.0
1190	1205	4	0.0
1379	1392	4	0.0
1209	1209	4	0.0
1190	1206	4	0.0
1379	1393	4	0.0
1379	1394	4	0.0
1221	1229	4	0.0
1225	1215	4	0.0
1226	1233	4	0.0
1212	1224	4	0.0
1225	1225	4	0.0
1210	1191	4	0.0
1214	1224	4	0.0
1210	1192	4	0.0
1226	1234	4	0.0
1216	1216	4	0.0
1210	1193	4	0.0
1233	1233	4	0.0
1226	1235	4	0.0
1210	1194	4	0.0
1210	1195	4	0.0
1226	1236	4	0.0
1230	1230	4	0.0
1223	1223	4	0.0
1237	1226	4	0.0
1210	1196	4	0.0
1226	1237	4	0.0
1237	1227	4	0.0
1226	1238	4	0.0
1435	1444	4	0.0
1231	1224	4	0.0
1222	1228	4	0.0
1435	1445	4	0.0
1231	1248	4	0.0
1193	1207	4	0.0
1222	1229	4	0.0
1231	1249	4	0.0
1193	1208	4	0.0
1216	1226	4	0.0
1235	1226	4	0.0
1216	1227	4	0.0
1193	1209	4	0.0
1237	1237	4	0.0
1235	1227	4	0.0
1224	1212	4	0.0
1193	1210	4	0.0
1224	1213	4	0.0
1210	1210	4	0.0
1239	1239	4	0.0
1202	1202	4	0.0
1224	1214	4	0.0
1235	1235	4	0.0
1232	1232	4	0.0
1231	1231	4	0.0
1217	1217	4	0.0
1230	1246	4	0.0
1230	1247	4	0.0
1223	1228	4	0.0
1227	1227	4	0.0
1232	1250	4	0.0
1230	1248	4	0.0
1438	1444	4	0.0
1223	1229	4	0.0
1230	1249	4	0.0
1438	1445	4	0.0
1232	1251	4	0.0
1227	1233	4	0.0
1240	1228	4	0.0
1248	1248	4	0.0
1240	1229	4	0.0
1227	1234	4	0.0
1224	1224	4	0.0
1227	1235	4	0.0
1234	1234	4	0.0
1235	1252	4	0.0
1227	1236	4	0.0
1235	1253	4	0.0
1231	1246	4	0.0
1227	1237	4	0.0
1231	1247	4	0.0
1235	1254	4	0.0
1227	1238	4	0.0
1248	1230	4	0.0
1230	1224	4	0.0
1248	1231	4	0.0
1236	1226	4	0.0
1240	1240	4	0.0
1217	1226	4	0.0
1236	1252	4	0.0
1204	1204	4	0.0
1474	1478	4	0.0
1217	1227	4	0.0
1236	1253	4	0.0
1329	1333	4	0.0
1236	1254	4	0.0
1243	1243	4	0.0
1474	1479	4	0.0
1238	1226	4	0.0
1207	1191	4	0.0
1247	1230	4	0.0
1238	1227	4	0.0
1474	1480	4	0.0
1207	1192	4	0.0
1474	1481	4	0.0
1207	1193	4	0.0
1207	1194	4	0.0
1474	1482	4	0.0
1237	1252	4	0.0
1247	1231	4	0.0
1207	1195	4	0.0
1237	1253	4	0.0
1330	1334	4	0.0
1207	1196	4	0.0
1237	1254	4	0.0
1330	1335	4	0.0
1475	1483	4	0.0
1331	1334	4	0.0
1238	1238	4	0.0
1475	1484	4	0.0
1331	1335	4	0.0
1475	1485	4	0.0
1236	1227	4	0.0
1249	1249	4	0.0
1475	1486	4	0.0
1238	1252	4	0.0
1475	1487	4	0.0
1238	1253	4	0.0
1250	1250	4	0.0
1475	1488	4	0.0
1238	1254	4	0.0
1224	1230	4	0.0
1236	1236	4	0.0
1376	1382	4	0.0
1376	1383	4	0.0
1247	1247	4	0.0
1224	1231	4	0.0
1226	1216	4	0.0
1240	1255	4	0.0
1226	1217	4	0.0
1244	1255	4	0.0
1240	1256	4	0.0
1226	1218	4	0.0
1218	1226	4	0.0
1240	1257	4	0.0
1244	1256	4	0.0
1226	1226	4	0.0
1218	1227	4	0.0
1251	1232	4	0.0
1244	1257	4	0.0
1253	1238	4	0.0
1253	1253	4	0.0
1228	1228	4	0.0
1251	1251	4	0.0
1377	1384	4	0.0
1377	1385	4	0.0
1255	1242	4	0.0
1377	1386	4	0.0
1248	1258	4	0.0
1255	1243	4	0.0
1248	1259	4	0.0
1241	1241	4	0.0
1255	1244	4	0.0
1252	1233	4	0.0
1255	1245	4	0.0
1241	1228	4	0.0
1252	1234	4	0.0
1252	1235	4	0.0
1241	1229	4	0.0
1252	1236	4	0.0
1252	1237	4	0.0
1255	1255	4	0.0
1228	1239	4	0.0
1252	1238	4	0.0
1205	1205	4	0.0
1228	1240	4	0.0
1245	1245	4	0.0
1234	1252	4	0.0
1256	1267	4	0.0
1228	1241	4	0.0
1234	1253	4	0.0
1256	1268	4	0.0
1228	1242	4	0.0
1249	1230	4	0.0
1234	1254	4	0.0
1260	1250	4	0.0
1249	1258	4	0.0
1239	1255	4	0.0
1252	1252	4	0.0
1251	1260	4	0.0
1228	1243	4	0.0
1249	1231	4	0.0
1258	1258	4	0.0
1260	1251	4	0.0
1249	1259	4	0.0
1251	1261	4	0.0
1239	1256	4	0.0
1228	1244	4	0.0
1256	1239	4	0.0
1254	1233	4	0.0
1239	1257	4	0.0
1228	1245	4	0.0
1245	1255	4	0.0
1256	1240	4	0.0
1250	1232	4	0.0
1254	1234	4	0.0
1260	1260	4	0.0
1232	1225	4	0.0
1219	1219	4	0.0
1260	1272	4	0.0
1256	1241	4	0.0
1245	1256	4	0.0
1259	1269	4	0.0
1254	1235	4	0.0
1256	1242	4	0.0
1260	1273	4	0.0
1259	1270	4	0.0
1256	1256	4	0.0
1254	1236	4	0.0
1245	1257	4	0.0
1256	1243	4	0.0
1259	1271	4	0.0
1267	1255	4	0.0
1253	1262	4	0.0
1262	1252	4	0.0
1256	1244	4	0.0
1254	1237	4	0.0
1253	1263	4	0.0
1267	1256	4	0.0
1262	1253	4	0.0
1259	1246	4	0.0
1256	1245	4	0.0
1254	1238	4	0.0
1253	1233	4	0.0
1267	1257	4	0.0
1256	1264	4	0.0
1259	1247	4	0.0
1262	1254	4	0.0
1253	1234	4	0.0
1219	1228	4	0.0
1256	1265	4	0.0
1259	1248	4	0.0
1253	1235	4	0.0
1256	1266	4	0.0
1259	1249	4	0.0
1253	1236	4	0.0
1269	1258	4	0.0
1219	1229	4	0.0
1253	1237	4	0.0
1269	1259	4	0.0
1262	1262	4	0.0
1261	1250	4	0.0
1261	1251	4	0.0
1254	1254	4	0.0
1242	1228	4	0.0
1242	1229	4	0.0
1229	1229	4	0.0
1220	1220	4	0.0
1265	1279	4	0.0
1261	1261	4	0.0
1267	1279	4	0.0
1265	1280	4	0.0
1265	1281	4	0.0
1234	1226	4	0.0
1267	1280	4	0.0
1272	1260	4	0.0
1257	1257	4	0.0
1234	1227	4	0.0
1267	1281	4	0.0
1272	1261	4	0.0
1267	1267	4	0.0
1220	1228	4	0.0
1426	1441	4	0.0
1259	1259	4	0.0
1220	1229	4	0.0
1269	1269	4	0.0
1426	1442	4	0.0
1426	1443	4	0.0
1257	1264	4	0.0
1432	1441	4	0.0
1275	1262	4	0.0
1263	1263	4	0.0
1257	1265	4	0.0
1275	1263	4	0.0
1432	1442	4	0.0
1275	1275	4	0.0
1257	1266	4	0.0
1257	1267	4	0.0
1270	1270	4	0.0
1257	1268	4	0.0
1276	1262	4	0.0
1229	1239	4	0.0
1280	1266	4	0.0
1229	1240	4	0.0
1276	1263	4	0.0
1280	1267	4	0.0
1257	1239	4	0.0
1250	1260	4	0.0
1229	1241	4	0.0
1263	1274	4	0.0
1257	1240	4	0.0
1250	1261	4	0.0
1263	1275	4	0.0
1255	1239	4	0.0
1242	1242	4	0.0
1263	1276	4	0.0
1255	1240	4	0.0
1261	1272	4	0.0
1263	1277	4	0.0
1432	1443	4	0.0
1255	1241	4	0.0
1261	1273	4	0.0
1263	1278	4	0.0
1268	1255	4	0.0
1270	1258	4	0.0
1268	1256	4	0.0
1246	1230	4	0.0
1204	1186	4	0.0
1270	1259	4	0.0
1276	1276	4	0.0
1268	1257	4	0.0
1204	1187	4	0.0
1246	1231	4	0.0
1204	1188	4	0.0
1291	1291	4	0.0
1272	1272	4	0.0
1204	1189	4	0.0
1204	1190	4	0.0
1197	1211	4	0.0
1221	1221	4	0.0
1302	1302	4	0.0
1290	1290	4	0.0
1257	1241	4	0.0
1285	1285	4	0.0
1195	1207	4	0.0
1450	1459	4	0.0
1229	1242	4	0.0
1257	1242	4	0.0
1295	1295	4	0.0
1280	1268	4	0.0
1195	1208	4	0.0
1257	1243	4	0.0
1229	1243	4	0.0
1450	1460	4	0.0
1195	1209	4	0.0
1229	1244	4	0.0
1268	1268	4	0.0
1450	1461	4	0.0
1229	1245	4	0.0
1254	1262	4	0.0
1254	1263	4	0.0
1246	1246	4	0.0
1221	1228	4	0.0
1258	1246	4	0.0
1303	1303	4	0.0
1258	1247	4	0.0
1292	1292	4	0.0
1258	1248	4	0.0
1239	1228	4	0.0
1313	1313	4	0.0
1286	1286	4	0.0
1258	1249	4	0.0
1239	1229	4	0.0
1312	1312	4	0.0
1265	1265	4	0.0
1271	1271	4	0.0
1264	1255	4	0.0
1246	1258	4	0.0
1264	1256	4	0.0
1297	1297	4	0.0
1246	1259	4	0.0
1316	1316	4	0.0
1243	1228	4	0.0
1264	1257	4	0.0
1195	1210	4	0.0
1243	1229	4	0.0
1277	1262	4	0.0
1323	1323	4	0.0
1320	1313	4	0.0
1257	1244	4	0.0
1330	1330	4	0.0
1257	1245	4	0.0
1296	1296	4	0.0
1271	1258	4	0.0
1318	1318	4	0.0
1280	1280	4	0.0
1327	1327	4	0.0
1271	1259	4	0.0
1277	1263	4	0.0
1324	1314	4	0.0
1327	1333	4	0.0
1273	1273	4	0.0
1281	1264	4	0.0
1281	1265	4	0.0
1264	1264	4	0.0
1241	1255	4	0.0
1281	1266	4	0.0
1331	1331	4	0.0
1241	1256	4	0.0
1281	1267	4	0.0
1244	1228	4	0.0
1241	1257	4	0.0
1328	1328	4	0.0
1281	1268	4	0.0
1244	1229	4	0.0
1293	1293	4	0.0
1328	1334	4	0.0
1328	1335	4	0.0
1287	1287	4	0.0
1350	1373	4	0.0
1332	1332	4	0.0
1350	1374	4	0.0
1312	1317	4	0.0
1265	1255	4	0.0
1262	1274	4	0.0
1350	1375	4	0.0
1329	1329	4	0.0
1312	1318	4	0.0
1265	1256	4	0.0
1368	1368	4	0.0
1263	1252	4	0.0
1350	1376	4	0.0
1312	1319	4	0.0
1349	1349	4	0.0
1263	1253	4	0.0
1263	1254	4	0.0
1233	1252	4	0.0
1233	1253	4	0.0
1233	1254	4	0.0
1366	1366	4	0.0
1242	1255	4	0.0
1242	1256	4	0.0
1233	1226	4	0.0
1352	1373	4	0.0
1233	1227	4	0.0
1242	1257	4	0.0
1352	1374	4	0.0
1320	1320	4	0.0
1213	1213	4	0.0
1351	1351	4	0.0
1352	1375	4	0.0
1194	1207	4	0.0
1352	1376	4	0.0
1277	1277	4	0.0
1273	1260	4	0.0
1353	1373	4	0.0
1273	1261	4	0.0
1353	1374	4	0.0
1353	1375	4	0.0
1353	1376	4	0.0
1258	1269	4	0.0
1264	1279	4	0.0
1369	1369	4	0.0
1252	1262	4	0.0
1258	1270	4	0.0
1264	1280	4	0.0
1321	1313	4	0.0
1252	1263	4	0.0
1264	1281	4	0.0
1258	1271	4	0.0
1278	1262	4	0.0
1205	1186	4	0.0
1352	1352	4	0.0
1354	1373	4	0.0
1278	1263	4	0.0
1205	1187	4	0.0
1354	1374	4	0.0
1457	1467	4	0.0
1321	1321	4	0.0
1205	1188	4	0.0
1354	1375	4	0.0
1457	1468	4	0.0
1354	1376	4	0.0
1205	1189	4	0.0
1457	1469	4	0.0
1205	1190	4	0.0
1457	1470	4	0.0
1314	1310	4	0.0
1457	1471	4	0.0
1350	1350	4	0.0
1304	1304	4	0.0
1451	1459	4	0.0
1329	1334	4	0.0
1356	1374	4	0.0
1329	1335	4	0.0
1314	1314	4	0.0
1451	1460	4	0.0
1451	1461	4	0.0
1281	1281	4	0.0
1265	1257	4	0.0
1262	1275	4	0.0
1279	1264	4	0.0
1333	1326	4	0.0
1283	1283	4	0.0
1428	1441	4	0.0
1333	1327	4	0.0
1262	1276	4	0.0
1262	1277	4	0.0
1428	1442	4	0.0
1262	1278	4	0.0
1428	1443	4	0.0
1288	1288	4	0.0
1305	1305	4	0.0
1356	1375	4	0.0
1356	1376	4	0.0
1266	1266	4	0.0
1244	1244	4	0.0
1255	1264	4	0.0
1354	1354	4	0.0
1206	1186	4	0.0
1358	1377	4	0.0
1457	1472	4	0.0
1255	1265	4	0.0
1313	1320	4	0.0
1358	1378	4	0.0
1255	1266	4	0.0
1313	1321	4	0.0
1255	1267	4	0.0
1315	1311	4	0.0
1359	1359	4	0.0
1255	1268	4	0.0
1247	1258	4	0.0
1289	1289	4	0.0
1317	1317	4	0.0
1266	1255	4	0.0
1247	1259	4	0.0
1315	1315	4	0.0
1266	1256	4	0.0
1243	1255	4	0.0
1322	1314	4	0.0
1266	1257	4	0.0
1243	1256	4	0.0
1243	1257	4	0.0
1371	1371	4	0.0
1355	1373	4	0.0
1324	1324	4	0.0
1294	1294	4	0.0
1355	1374	4	0.0
1278	1278	4	0.0
1355	1375	4	0.0
1355	1376	4	0.0
1372	1372	4	0.0
1316	1311	4	0.0
1280	1264	4	0.0
1280	1265	4	0.0
1364	1377	4	0.0
1362	1362	4	0.0
1364	1378	4	0.0
1351	1373	4	0.0
1365	1365	4	0.0
1367	1367	4	0.0
1325	1314	4	0.0
1351	1374	4	0.0
1351	1375	4	0.0
1363	1363	4	0.0
1351	1376	4	0.0
1374	1374	4	0.0
1325	1325	4	0.0
1349	1373	4	0.0
1322	1322	4	0.0
1349	1374	4	0.0
1319	1319	4	0.0
1367	1380	4	0.0
1353	1353	4	0.0
1363	1377	4	0.0
1349	1375	4	0.0
1367	1381	4	0.0
1363	1378	4	0.0
1349	1376	4	0.0
1373	1349	4	0.0
1323	1314	4	0.0
1202	1186	4	0.0
1373	1350	4	0.0
1357	1357	4	0.0
1373	1351	4	0.0
1206	1187	4	0.0
1202	1187	4	0.0
1373	1352	4	0.0
1202	1188	4	0.0
1202	1189	4	0.0
1202	1190	4	0.0
1376	1376	4	0.0
1369	1379	4	0.0
1357	1373	4	0.0
1356	1356	4	0.0
1370	1370	4	0.0
1369	1380	4	0.0
1357	1374	4	0.0
1369	1381	4	0.0
1358	1358	4	0.0
1333	1333	4	0.0
1376	1349	4	0.0
1357	1375	4	0.0
1376	1350	4	0.0
1357	1376	4	0.0
1376	1351	4	0.0
1376	1352	4	0.0
1227	1216	4	0.0
1266	1279	4	0.0
1452	1459	4	0.0
1376	1353	4	0.0
1279	1265	4	0.0
1376	1354	4	0.0
1279	1266	4	0.0
1452	1460	4	0.0
1376	1355	4	0.0
1279	1267	4	0.0
1372	1382	4	0.0
1279	1268	4	0.0
1372	1383	4	0.0
1375	1375	4	0.0
1359	1377	4	0.0
1377	1358	4	0.0
1377	1359	4	0.0
1359	1378	4	0.0
1381	1365	4	0.0
1377	1360	4	0.0
1334	1328	4	0.0
1377	1361	4	0.0
1279	1279	4	0.0
1334	1329	4	0.0
1377	1362	4	0.0
1379	1367	4	0.0
1377	1363	4	0.0
1377	1364	4	0.0
1373	1353	4	0.0
1365	1379	4	0.0
1206	1188	4	0.0
1373	1354	4	0.0
1365	1380	4	0.0
1206	1189	4	0.0
1373	1355	4	0.0
1301	1301	4	0.0
1365	1381	4	0.0
1360	1360	4	0.0
1373	1356	4	0.0
1373	1357	4	0.0
1410	1420	4	0.0
1383	1370	4	0.0
1274	1262	4	0.0
1355	1355	4	0.0
1245	1228	4	0.0
1274	1263	4	0.0
1383	1371	4	0.0
1245	1229	4	0.0
1360	1377	4	0.0
1383	1372	4	0.0
1360	1378	4	0.0
1373	1373	4	0.0
1376	1356	4	0.0
1376	1384	4	0.0
1274	1274	4	0.0
1376	1357	4	0.0
1362	1377	4	0.0
1376	1385	4	0.0
1379	1396	4	0.0
1362	1378	4	0.0
1376	1386	4	0.0
1387	1373	4	0.0
1387	1374	4	0.0
1376	1387	4	0.0
1387	1375	4	0.0
1376	1388	4	0.0
1387	1376	4	0.0
1381	1366	4	0.0
1367	1379	4	0.0
1380	1395	4	0.0
1381	1367	4	0.0
1380	1396	4	0.0
1381	1368	4	0.0
1306	1306	4	0.0
1386	1373	4	0.0
1381	1369	4	0.0
1386	1374	4	0.0
1381	1395	4	0.0
1386	1375	4	0.0
1381	1396	4	0.0
1386	1376	4	0.0
1385	1373	4	0.0
1374	1349	4	0.0
1374	1350	4	0.0
1385	1374	4	0.0
1374	1351	4	0.0
1385	1375	4	0.0
1374	1352	4	0.0
1385	1376	4	0.0
1374	1353	4	0.0
1314	1322	4	0.0
1382	1399	4	0.0
1374	1354	4	0.0
1386	1386	4	0.0
1314	1323	4	0.0
1382	1400	4	0.0
1268	1279	4	0.0
1374	1355	4	0.0
1382	1401	4	0.0
1374	1356	4	0.0
1268	1280	4	0.0
1314	1324	4	0.0
1382	1402	4	0.0
1393	1377	4	0.0
1366	1379	4	0.0
1389	1389	4	0.0
1383	1397	4	0.0
1366	1380	4	0.0
1366	1381	4	0.0
1383	1398	4	0.0
1383	1383	4	0.0
1382	1382	4	0.0
1383	1399	4	0.0
1379	1379	4	0.0
1383	1400	4	0.0
1206	1190	4	0.0
1383	1401	4	0.0
1356	1373	4	0.0
1383	1402	4	0.0
1395	1379	4	0.0
1382	1397	4	0.0
1374	1357	4	0.0
1391	1377	4	0.0
1382	1398	4	0.0
1391	1378	4	0.0
1375	1349	4	0.0
1375	1350	4	0.0
1399	1382	4	0.0
1375	1351	4	0.0
1375	1352	4	0.0
1399	1383	4	0.0
1370	1382	4	0.0
1375	1353	4	0.0
1375	1354	4	0.0
1370	1383	4	0.0
1379	1368	4	0.0
1375	1355	4	0.0
1375	1356	4	0.0
1377	1377	4	0.0
1397	1397	4	0.0
1395	1380	4	0.0
1375	1357	4	0.0
1379	1369	4	0.0
1395	1381	4	0.0
1399	1399	4	0.0
1390	1390	4	0.0
1282	1282	4	0.0
1398	1382	4	0.0
1402	1382	4	0.0
1400	1382	4	0.0
1398	1383	4	0.0
1402	1383	4	0.0
1400	1383	4	0.0
1334	1334	4	0.0
1368	1379	4	0.0
1368	1380	4	0.0
1368	1381	4	0.0
1398	1398	4	0.0
1335	1328	4	0.0
1400	1400	4	0.0
1284	1284	4	0.0
1335	1329	4	0.0
1391	1391	4	0.0
1452	1461	4	0.0
1227	1217	4	0.0
1392	1392	4	0.0
1266	1280	4	0.0
1266	1281	4	0.0
1307	1307	4	0.0
1453	1459	4	0.0
1453	1460	4	0.0
1453	1461	4	0.0
1403	1420	4	0.0
1307	1313	4	0.0
1401	1382	4	0.0
1401	1383	4	0.0
1394	1394	4	0.0
1454	1459	4	0.0
1335	1335	4	0.0
1454	1460	4	0.0
1407	1420	4	0.0
1454	1461	4	0.0
1410	1410	4	0.0
1407	1421	4	0.0
1407	1422	4	0.0
1401	1401	4	0.0
1395	1395	4	0.0
1415	1415	4	0.0
1390	1377	4	0.0
1390	1378	4	0.0
1379	1395	4	0.0
1419	1419	4	0.0
1414	1414	4	0.0
1413	1413	4	0.0
1421	1421	4	0.0
1402	1402	4	0.0
1393	1378	4	0.0
1413	1423	4	0.0
1413	1424	4	0.0
1413	1425	4	0.0
1417	1435	4	0.0
1397	1382	4	0.0
1417	1436	4	0.0
1397	1383	4	0.0
1415	1426	4	0.0
1268	1281	4	0.0
1416	1416	4	0.0
1417	1437	4	0.0
1415	1427	4	0.0
1417	1438	4	0.0
1380	1380	4	0.0
1415	1428	4	0.0
1314	1325	4	0.0
1425	1410	4	0.0
1385	1385	4	0.0
1384	1384	4	0.0
1317	1312	4	0.0
1425	1411	4	0.0
1425	1412	4	0.0
1425	1413	4	0.0
1425	1414	4	0.0
1381	1381	4	0.0
1425	1425	4	0.0
1388	1388	4	0.0
1396	1379	4	0.0
1420	1439	4	0.0
1396	1380	4	0.0
1417	1417	4	0.0
1420	1440	4	0.0
1396	1381	4	0.0
1426	1415	4	0.0
1387	1387	4	0.0
1418	1418	4	0.0
1426	1426	4	0.0
1433	1415	4	0.0
1361	1361	4	0.0
1420	1420	4	0.0
1418	1434	4	0.0
1377	1389	4	0.0
1418	1435	4	0.0
1377	1390	4	0.0
1361	1377	4	0.0
1377	1391	4	0.0
1418	1436	4	0.0
1361	1378	4	0.0
1432	1432	4	0.0
1396	1396	4	0.0
1415	1429	4	0.0
1421	1439	4	0.0
1415	1430	4	0.0
1421	1440	4	0.0
1429	1415	4	0.0
1415	1431	4	0.0
1415	1432	4	0.0
1423	1443	4	0.0
1436	1416	4	0.0
1436	1417	4	0.0
1434	1434	4	0.0
1429	1429	4	0.0
1436	1418	4	0.0
1436	1419	4	0.0
1416	1434	4	0.0
1384	1373	4	0.0
1438	1419	4	0.0
1414	1423	4	0.0
1384	1374	4	0.0
1384	1375	4	0.0
1414	1424	4	0.0
1384	1376	4	0.0
1393	1393	4	0.0
1414	1425	4	0.0
1408	1408	4	0.0
1433	1433	4	0.0
1422	1422	4	0.0
1430	1415	4	0.0
1408	1420	4	0.0
1408	1421	4	0.0
1428	1428	4	0.0
1436	1436	4	0.0
1438	1438	4	0.0
1408	1422	4	0.0
1411	1411	4	0.0
1364	1364	4	0.0
1410	1423	4	0.0
1410	1424	4	0.0
1410	1425	4	0.0
1428	1444	4	0.0
1428	1445	4	0.0
1411	1423	4	0.0
1439	1420	4	0.0
1411	1424	4	0.0
1440	1421	4	0.0
1439	1421	4	0.0
1440	1440	4	0.0
1440	1422	4	0.0
1439	1422	4	0.0
1375	1384	4	0.0
1375	1385	4	0.0
1375	1386	4	0.0
1430	1430	4	0.0
1378	1358	4	0.0
1441	1441	4	0.0
1378	1359	4	0.0
1375	1387	4	0.0
1378	1360	4	0.0
1403	1421	4	0.0
1378	1361	4	0.0
1430	1444	4	0.0
1375	1388	4	0.0
1403	1422	4	0.0
1430	1445	4	0.0
1378	1362	4	0.0
1439	1439	4	0.0
1380	1365	4	0.0
1378	1363	4	0.0
1311	1311	4	0.0
1380	1366	4	0.0
1380	1367	4	0.0
1441	1423	4	0.0
1308	1308	4	0.0
1380	1368	4	0.0
1441	1424	4	0.0
1443	1443	4	0.0
1441	1425	4	0.0
1380	1369	4	0.0
1411	1425	4	0.0
1445	1426	4	0.0
1404	1404	4	0.0
1445	1427	4	0.0
1227	1218	4	0.0
1445	1428	4	0.0
1452	1452	4	0.0
1308	1313	4	0.0
1445	1429	4	0.0
1445	1430	4	0.0
1445	1431	4	0.0
1445	1432	4	0.0
1445	1433	4	0.0
1454	1462	4	0.0
1442	1423	4	0.0
1378	1364	4	0.0
1454	1463	4	0.0
1225	1232	4	0.0
1452	1462	4	0.0
1442	1424	4	0.0
1454	1464	4	0.0
1228	1219	4	0.0
1452	1463	4	0.0
1454	1465	4	0.0
1442	1425	4	0.0
1429	1444	4	0.0
1456	1468	4	0.0
1454	1466	4	0.0
1228	1220	4	0.0
1452	1464	4	0.0
1409	1409	4	0.0
1309	1309	4	0.0
1445	1445	4	0.0
1456	1469	4	0.0
1429	1445	4	0.0
1228	1221	4	0.0
1452	1465	4	0.0
1456	1470	4	0.0
1440	1420	4	0.0
1228	1222	4	0.0
1452	1466	4	0.0
1456	1471	4	0.0
1374	1384	4	0.0
1228	1223	4	0.0
1374	1385	4	0.0
1456	1472	4	0.0
1464	1464	4	0.0
1374	1386	4	0.0
1374	1387	4	0.0
1457	1457	4	0.0
1374	1388	4	0.0
1423	1423	4	0.0
1379	1365	4	0.0
1409	1420	4	0.0
1460	1460	4	0.0
1409	1421	4	0.0
1409	1422	4	0.0
1423	1441	4	0.0
1423	1442	4	0.0
1459	1459	4	0.0
1425	1441	4	0.0
1437	1416	4	0.0
1425	1442	4	0.0
1425	1443	4	0.0
1468	1455	4	0.0
1437	1417	4	0.0
1434	1416	4	0.0
1422	1439	4	0.0
1468	1456	4	0.0
1434	1417	4	0.0
1437	1418	4	0.0
1422	1440	4	0.0
1434	1418	4	0.0
1437	1419	4	0.0
1434	1419	4	0.0
1471	1471	4	0.0
1394	1377	4	0.0
1461	1461	4	0.0
1472	1455	4	0.0
1394	1378	4	0.0
1472	1456	4	0.0
1416	1435	4	0.0
1379	1366	4	0.0
1424	1424	4	0.0
1471	1455	4	0.0
1424	1441	4	0.0
1415	1433	4	0.0
1424	1442	4	0.0
1471	1456	4	0.0
1422	1403	4	0.0
1424	1443	4	0.0
1435	1416	4	0.0
1422	1404	4	0.0
1472	1472	4	0.0
1435	1417	4	0.0
1392	1377	4	0.0
1422	1405	4	0.0
1475	1475	4	0.0
1435	1418	4	0.0
1392	1378	4	0.0
1435	1419	4	0.0
1422	1406	4	0.0
1422	1407	4	0.0
1418	1437	4	0.0
1422	1408	4	0.0
1484	1474	4	0.0
1377	1392	4	0.0
1418	1438	4	0.0
1422	1409	4	0.0
1423	1410	4	0.0
1377	1393	4	0.0
1423	1411	4	0.0
1377	1394	4	0.0
1477	1477	4	0.0
1423	1412	4	0.0
1382	1370	4	0.0
1423	1413	4	0.0
1382	1371	4	0.0
1423	1414	4	0.0
1382	1372	4	0.0
1473	1473	4	0.0
1483	1474	4	0.0
1473	1478	4	0.0
1473	1479	4	0.0
1478	1478	4	0.0
1473	1480	4	0.0
1492	1475	4	0.0
1473	1481	4	0.0
1473	1482	4	0.0
1474	1474	4	0.0
1480	1480	4	0.0
1484	1484	4	0.0
1474	1483	4	0.0
1491	1475	4	0.0
1491	1491	4	0.0
1476	1476	4	0.0
1467	1455	4	0.0
1474	1484	4	0.0
1474	1485	4	0.0
1318	1312	4	0.0
1467	1456	4	0.0
1479	1479	4	0.0
1388	1373	4	0.0
1388	1374	4	0.0
1388	1375	4	0.0
1485	1474	4	0.0
1388	1376	4	0.0
1416	1436	4	0.0
1416	1437	4	0.0
1416	1438	4	0.0
1481	1481	4	0.0
1485	1485	4	0.0
1427	1415	4	0.0
1492	1492	4	0.0
1486	1474	4	0.0
1493	1475	4	0.0
1468	1468	4	0.0
1326	1326	4	0.0
1437	1437	4	0.0
1326	1333	4	0.0
1482	1482	4	0.0
1469	1455	4	0.0
1456	1456	4	0.0
1469	1456	4	0.0
1229	1219	4	0.0
1229	1220	4	0.0
1438	1416	4	0.0
1465	1450	4	0.0
1417	1434	4	0.0
1467	1467	4	0.0
1229	1221	4	0.0
1465	1451	4	0.0
1438	1417	4	0.0
1465	1452	4	0.0
1438	1418	4	0.0
1465	1453	4	0.0
1465	1454	4	0.0
1412	1412	4	0.0
1450	1450	4	0.0
1378	1378	4	0.0
1309	1313	4	0.0
1458	1458	4	0.0
1450	1462	4	0.0
1432	1444	4	0.0
1450	1463	4	0.0
1432	1445	4	0.0
1450	1464	4	0.0
1450	1465	4	0.0
1310	1310	4	0.0
1450	1466	4	0.0
1453	1453	4	0.0
1310	1314	4	0.0
1442	1442	4	0.0
1311	1315	4	0.0
1424	1410	4	0.0
1443	1423	4	0.0
1424	1411	4	0.0
1443	1424	4	0.0
1424	1412	4	0.0
1443	1425	4	0.0
1404	1420	4	0.0
1424	1413	4	0.0
1404	1421	4	0.0
1424	1414	4	0.0
1404	1422	4	0.0
1311	1316	4	0.0
1313	1307	4	0.0
1313	1308	4	0.0
1313	1309	4	0.0
1453	1462	4	0.0
1455	1455	4	0.0
1453	1463	4	0.0
1453	1464	4	0.0
1431	1431	4	0.0
1373	1384	4	0.0
1453	1465	4	0.0
1373	1385	4	0.0
1453	1466	4	0.0
1373	1386	4	0.0
1412	1423	4	0.0
1431	1444	4	0.0
1412	1424	4	0.0
1229	1222	4	0.0
1431	1445	4	0.0
1412	1425	4	0.0
1469	1469	4	0.0
1229	1223	4	0.0
1427	1427	4	0.0
1371	1382	4	0.0
1371	1383	4	0.0
1451	1451	4	0.0
1493	1493	4	0.0
1464	1450	4	0.0
1427	1444	4	0.0
1451	1462	4	0.0
1464	1451	4	0.0
1427	1445	4	0.0
1451	1463	4	0.0
1464	1452	4	0.0
1451	1464	4	0.0
1464	1453	4	0.0
1431	1415	4	0.0
1451	1465	4	0.0
1464	1454	4	0.0
1451	1466	4	0.0
1456	1467	4	0.0
1486	1486	4	0.0
1470	1455	4	0.0
1435	1435	4	0.0
1470	1456	4	0.0
1487	1474	4	0.0
1487	1487	4	0.0
1428	1415	4	0.0
1403	1403	4	0.0
1432	1415	4	0.0
1474	1486	4	0.0
1474	1487	4	0.0
1474	1488	4	0.0
1319	1312	4	0.0
1419	1434	4	0.0
1419	1435	4	0.0
1419	1436	4	0.0
1419	1437	4	0.0
1419	1438	4	0.0
1489	1475	4	0.0
1489	1489	4	0.0
1475	1489	4	0.0
1475	1490	4	0.0
1490	1475	4	0.0
1475	1491	4	0.0
1475	1492	4	0.0
1475	1493	4	0.0
1480	1473	4	0.0
1478	1473	4	0.0
1490	1490	4	0.0
1479	1473	4	0.0
1481	1473	4	0.0
1483	1483	4	0.0
1488	1474	4	0.0
1378	1389	4	0.0
1378	1390	4	0.0
1378	1391	4	0.0
1378	1392	4	0.0
1378	1393	4	0.0
1378	1394	4	0.0
1389	1377	4	0.0
1488	1488	4	0.0
1389	1378	4	0.0
1462	1450	4	0.0
1465	1465	4	0.0
1444	1426	4	0.0
1373	1387	4	0.0
1444	1427	4	0.0
1444	1428	4	0.0
1444	1429	4	0.0
1373	1388	4	0.0
1444	1430	4	0.0
1470	1470	4	0.0
1444	1431	4	0.0
1444	1432	4	0.0
1444	1433	4	0.0
1444	1444	4	0.0
1455	1467	4	0.0
1455	1468	4	0.0
1455	1469	4	0.0
1433	1444	4	0.0
1455	1470	4	0.0
1433	1445	4	0.0
1455	1471	4	0.0
1455	1472	4	0.0
1462	1451	4	0.0
1466	1450	4	0.0
1462	1452	4	0.0
1466	1451	4	0.0
1426	1444	4	0.0
1462	1453	4	0.0
1462	1454	4	0.0
1420	1403	4	0.0
1420	1404	4	0.0
1462	1462	4	0.0
1420	1405	4	0.0
1420	1406	4	0.0
1420	1407	4	0.0
1420	1408	4	0.0
1420	1409	4	0.0
1482	1473	4	0.0
1426	1445	4	0.0
1463	1450	4	0.0
1463	1451	4	0.0
1466	1452	4	0.0
1463	1452	4	0.0
1421	1403	4	0.0
1463	1453	4	0.0
1466	1453	4	0.0
1421	1404	4	0.0
1463	1454	4	0.0
1421	1405	4	0.0
1466	1454	4	0.0
1421	1406	4	0.0
1421	1407	4	0.0
1421	1408	4	0.0
1421	1409	4	0.0
1463	1463	4	0.0
1466	1466	4	0.0
1454	1454	4	0.0
1405	1405	4	0.0
1405	1420	4	0.0
1405	1421	4	0.0
1405	1422	4	0.0
1406	1406	4	0.0
1406	1420	4	0.0
1406	1421	4	0.0
1406	1422	4	0.0
1407	1407	4	0.0
