8244	8245	0	0.83603776
8244	8245	1	0.016499624
8244	8245	2	0.14746264
8244	8246	0	0.09972072
8244	8246	1	0.7864467
8244	8246	2	0.11383252
8245	8246	0	5.1388564E-4
8245	8246	1	0.99109197
8245	8246	2	0.008394461
8245	8247	0	0.10113039
8245	8247	1	0.78248465
8245	8247	2	0.11638491
8245	8248	0	0.06738877
8245	8248	1	0.8600265
8245	8248	2	0.07258463
8246	8247	0	0.1254552
8246	8247	1	0.7270651
8246	8247	2	0.1474797
8246	8248	0	0.10014732
8246	8248	1	0.7948839
8246	8248	2	0.10496879
8247	8248	0	5.826694E-4
8247	8248	1	0.99269116
8247	8248	2	0.006726194
8247	8249	0	0.4339764
8247	8249	1	0.27091688
8247	8249	2	0.29510668
8247	8250	0	0.09174244
8247	8250	1	0.81275547
8247	8250	2	0.09550198
8247	8251	0	0.091742456
8247	8251	1	0.81275547
8247	8251	2	0.09550198
8248	8249	0	0.990686
8248	8249	1	6.3548377E-4
8248	8249	2	0.008678487
8248	8250	0	0.14219096
8248	8250	1	0.6851828
8248	8250	2	0.17262617
8248	8251	0	0.14219096
8248	8251	1	0.6851828
8248	8251	2	0.17262618
8249	8250	0	4.9932214E-4
8249	8250	1	0.9950153
8249	8250	2	0.004485395
8249	8251	0	4.993151E-4
8249	8251	1	0.99501526
8249	8251	2	0.0044853888
8252	8253	0	0.077203326
8252	8253	1	0.83797807
8252	8253	2	0.08481856
8253	8254	0	0.98226273
8253	8254	1	8.3634915E-4
8253	8254	2	0.016900852
8253	8255	0	0.90195453
8253	8255	1	0.0033877287
8253	8255	2	0.09465775
8253	8256	0	0.07826783
8253	8256	1	0.82739687
8253	8256	2	0.09433526
8254	8255	0	0.005813391
8254	8255	1	0.93266326
8254	8255	2	0.061523367
8254	8256	0	5.477442E-4
8254	8256	1	0.99487996
8254	8256	2	0.0045722565
8255	8256	0	4.9119355E-4
8255	8256	1	0.99483645
8255	8256	2	0.004672351
8254	8257	0	0.026479036
8254	8257	1	0.8703384
8254	8257	2	0.10318256
8255	8257	0	0.13028765
8255	8257	1	0.5977888
8255	8257	2	0.27192357
8256	8257	0	0.99100655
8256	8257	1	5.714282E-4
8256	8257	2	0.0084219705
8258	8259	0	0.0014523678
8258	8259	1	0.9690003
8258	8259	2	0.029547375
8258	8260	0	0.101468086
8258	8260	1	0.7868998
8258	8260	2	0.11163211
8259	8260	0	0.10035257
8259	8260	1	0.78400505
8259	8260	2	0.115642324
8260	8261	0	0.09711167
8260	8261	1	0.74996305
8260	8261	2	0.15292525
8260	8262	0	0.10768628
8260	8262	1	0.77985936
8260	8262	2	0.112454355
8261	8262	0	0.0010411793
8261	8262	1	0.98576176
8261	8262	2	0.013197053
8263	8264	0	0.36268616
8263	8264	1	0.05794634
8263	8264	2	0.5793675
8264	8265	0	0.084681675
8264	8265	1	0.80416334
8264	8265	2	0.11115493
8265	8266	0	0.07242857
8265	8266	1	0.840475
8265	8266	2	0.08709638
8267	8268	0	6.5132754E-4
8267	8268	1	0.98966366
8267	8268	2	0.009685028
8269	8270	0	0.6246569
8269	8270	1	0.051756594
8269	8270	2	0.32360485
8269	8271	0	5.9280323E-4
8269	8271	1	0.98436034
8269	8271	2	0.015056063
8269	8272	0	4.4500368E-4
8269	8272	1	0.9936935
8269	8272	2	0.0058686775
8270	8271	0	6.6096097E-4
8270	8271	1	0.9834525
8270	8271	2	0.01589548
8270	8272	0	4.762856E-4
8270	8272	1	0.99387074
8270	8272	2	0.005660299
8271	8272	0	0.005570679
8271	8272	1	0.97707766
8271	8272	2	0.017354228
8269	8273	0	0.08329829
8269	8273	1	0.8246385
8269	8273	2	0.09206314
8269	8274	0	0.09110655
8269	8274	1	0.7798444
8269	8274	2	0.12904908
8270	8273	0	0.08278328
8270	8273	1	0.82538074
8270	8273	2	0.091836
8270	8274	0	0.093691036
8270	8274	1	0.78587973
8270	8274	2	0.12042925
8271	8273	0	0.0740607
8271	8273	1	0.7289666
8271	8273	2	0.19697283
8271	8274	0	0.5577691
8271	8274	1	0.049386818
8271	8274	2	0.39284426
8272	8273	0	0.5958327
8272	8273	1	0.0760528
8272	8273	2	0.32811448
8272	8274	0	0.8411644
8272	8274	1	0.07513146
8272	8274	2	0.08370341
8273	8274	0	0.8849571
8273	8274	1	0.0038219264
8273	8274	2	0.11128929
8273	8275	0	0.12007193
8273	8275	1	0.7543734
8273	8275	2	0.12555473
8273	8276	0	0.11328984
8273	8276	1	0.74125224
8273	8276	2	0.14545768
8273	8277	0	0.83740157
8273	8277	1	0.045881756
8273	8277	2	0.11671505
8273	8278	0	0.9202144
8273	8278	1	0.027119419
8273	8278	2	0.052665543
8274	8275	0	0.09353127
8274	8275	1	0.80865604
8274	8275	2	0.09781287
8274	8276	0	0.09008551
8274	8276	1	0.7965569
8274	8276	2	0.11335711
8274	8277	0	0.55313843
8274	8277	1	0.11403285
8274	8277	2	0.33282894
8274	8278	0	0.80150187
8274	8278	1	0.073923856
8274	8278	2	0.124573626
8275	8276	0	0.91955554
8275	8276	1	0.007110076
8275	8276	2	0.074982196
8275	8277	0	0.9832738
8275	8277	1	0.0012096802
8275	8277	2	0.015824938
8275	8278	0	0.9906299
8275	8278	1	0.0010185986
8275	8278	2	0.009286733
8276	8277	0	0.9838489
8276	8277	1	9.498557E-4
8276	8277	2	0.015260332
8276	8278	0	0.9879797
8276	8278	1	0.001048597
8276	8278	2	0.011857295
8277	8278	0	0.8384803
8277	8278	1	0.011414636
8277	8278	2	0.15201749
8275	8279	0	0.92137015
8275	8279	1	0.03191883
8275	8279	2	0.046709936
8275	8280	0	0.8511604
8275	8280	1	0.059053924
8275	8280	2	0.08978525
8275	8281	0	0.93341905
8275	8281	1	0.026183955
8275	8281	2	0.040396173
8275	8282	0	0.91030467
8275	8282	1	0.03894489
8275	8282	2	0.050749786
8276	8279	0	0.9041483
8276	8279	1	0.040666044
8276	8279	2	0.05518498
8276	8280	0	0.63717747
8276	8280	1	0.020137629
8276	8280	2	0.3426847
8276	8281	0	0.8958322
8276	8281	1	0.030007854
8276	8281	2	0.07415991
8276	8282	0	0.87630445
8276	8282	1	0.03854762
8276	8282	2	0.085147396
8277	8280	0	0.05897609
8277	8280	1	0.7881851
8277	8280	2	0.15283744
8277	8281	0	0.3298333
8277	8281	1	0.13575947
8277	8281	2	0.53440565
8277	8282	0	0.2425992
8277	8282	1	0.20453323
8277	8282	2	0.55286425
8278	8279	0	0.25300366
8278	8279	1	0.31954634
8278	8279	2	0.4274505
8278	8280	0	0.04910006
8278	8280	1	0.8578092
8278	8280	2	0.09308881
8278	8281	0	0.059762876
8278	8281	1	0.8105047
8278	8281	2	0.12973316
8278	8282	0	0.058731034
8278	8282	1	0.8149579
8278	8282	2	0.12631164
8279	8280	0	0.020087037
8279	8280	1	0.8659394
8279	8280	2	0.11394956
8279	8281	0	0.32546395
8279	8281	1	0.13139014
8279	8281	2	0.5429831
8279	8282	0	0.21927749
8279	8282	1	0.1971565
8279	8282	2	0.58338284
8280	8281	0	0.923554
8280	8281	1	0.0054699783
8280	8281	2	0.070965156
8280	8282	0	0.91703856
8280	8282	1	0.018003302
8280	8282	2	0.064945176
8281	8282	0	0.065266095
8281	8282	1	0.710538
8281	8282	2	0.22417614
8279	8283	0	0.5704163
8279	8283	1	0.04296963
8279	8283	2	0.38661414
8279	8284	0	0.13524231
8279	8284	1	0.315845
8279	8284	2	0.54890764
8279	8285	0	4.1576687E-4
8279	8285	1	0.993751
8279	8285	2	0.005833513
8280	8283	0	0.80526656
8280	8283	1	0.06386263
8280	8283	2	0.13087025
8280	8284	0	0.3702133
8280	8284	1	0.12700936
8280	8284	2	0.5027822
8280	8285	0	0.09825865
8280	8285	1	0.79743075
8280	8285	2	0.10431112
8281	8283	0	0.6233649
8281	8283	1	0.093039535
8281	8283	2	0.2835954
8281	8284	0	0.1601684
8281	8284	1	0.38524714
8281	8284	2	0.4545811
8281	8285	0	0.05547199
8281	8285	1	0.88393545
8281	8285	2	0.06059239
8282	8283	0	0.66215163
8282	8283	1	0.08975643
8282	8283	2	0.24809207
8282	8284	0	0.18804795
8282	8284	1	0.3108295
8282	8284	2	0.5011195
8282	8285	0	0.05886086
8282	8285	1	0.877652
8282	8285	2	0.06348609
8283	8284	0	0.19761072
8283	8284	1	0.23480345
8283	8284	2	0.56756276
8283	8285	0	4.462229E-4
8283	8285	1	0.9937343
8283	8285	2	0.005524804
8284	8285	0	4.377027E-4
8284	8285	1	0.9939547
8284	8285	2	0.005325975
8283	8286	0	0.1042496
8283	8286	1	0.7794605
8283	8286	2	0.11628992
8284	8286	0	0.10454681
8284	8286	1	0.7802205
8284	8286	2	0.115232676
8285	8286	0	0.97179055
8285	8286	1	0.002577181
8285	8286	2	0.025632259
8286	8287	0	0.10283063
8286	8287	1	0.77427375
8286	8287	2	0.12289555
8286	8288	0	0.10607273
8286	8288	1	0.78208375
8286	8288	2	0.1118435
8287	8288	0	5.270163E-4
8287	8288	1	0.9935777
8287	8288	2	0.0058952
8289	8290	0	0.97088933
8289	8290	1	0.0014755647
8289	8290	2	0.027635144
8289	8291	0	0.9919286
8289	8291	1	5.248814E-4
8289	8291	2	0.007546515
8289	8292	0	0.99304855
8289	8292	1	5.255252E-4
8289	8292	2	0.006425893
8290	8291	0	0.97836787
8290	8291	1	7.6445204E-4
8290	8291	2	0.02086769
8290	8292	0	0.9887318
8290	8292	1	5.7572685E-4
8290	8292	2	0.010692477
8291	8292	0	0.9370518
8291	8292	1	0.005721911
8291	8292	2	0.057226323
8289	8293	0	0.014165273
8289	8293	1	0.9527254
8289	8293	2	0.033109337
8289	8294	0	0.6807425
8289	8294	1	0.0797435
8289	8294	2	0.23951398
8290	8293	0	7.805972E-4
8290	8293	1	0.991452
8290	8293	2	0.007767489
8290	8294	0	0.010895529
8290	8294	1	0.84727037
8290	8294	2	0.14183411
8291	8293	0	4.8342318E-4
8291	8293	1	0.9939387
8291	8293	2	0.005577909
8291	8294	0	5.705189E-4
8291	8294	1	0.98949176
8291	8294	2	0.009937739
8292	8293	0	4.3917214E-4
8292	8293	1	0.99412835
8292	8293	2	0.0054324996
8292	8294	0	5.316494E-4
8292	8294	1	0.99004793
8292	8294	2	0.009420378
8293	8294	0	0.97978425
8293	8294	1	0.0012819023
8293	8294	2	0.018931327
8293	8295	0	0.9869417
8293	8295	1	8.264779E-4
8293	8295	2	0.012231852
8294	8295	0	0.8655528
8294	8295	1	0.051518254
8294	8295	2	0.08292896
8295	8296	0	0.07861244
8295	8296	1	0.75581086
8295	8296	2	0.16557677
8295	8297	0	0.09348235
8295	8297	1	0.7993227
8295	8297	2	0.107194856
8295	8298	0	0.07662374
8295	8298	1	0.7464233
8295	8298	2	0.17695299
8296	8297	0	0.0071863094
8296	8297	1	0.9451592
8296	8297	2	0.04766834
8296	8298	0	0.70831394
8296	8298	1	0.027311554
8296	8298	2	0.2644076
8297	8298	0	0.8907655
8297	8298	1	0.009628819
8297	8298	2	0.09962597
8296	8299	0	0.07764517
8296	8299	1	0.8246895
8296	8299	2	0.097665355
8296	8300	0	0.0649111
8296	8300	1	0.86464256
8296	8300	2	0.0704464
8297	8299	0	0.08207954
8297	8299	1	0.8104677
8297	8299	2	0.10745273
8297	8300	0	0.072118685
8297	8300	1	0.8502798
8297	8300	2	0.07760151
8298	8299	0	0.07801073
8298	8299	1	0.829353
8298	8299	2	0.09263628
8298	8300	0	0.06365472
8298	8300	1	0.868409
8298	8300	2	0.06793634
8299	8300	0	8.914379E-4
8299	8300	1	0.9891584
8299	8300	2	0.009950145
8299	8301	0	0.08334744
8299	8301	1	0.38526922
8299	8301	2	0.5313834
8299	8302	0	0.115528226
8299	8302	1	0.7052438
8299	8302	2	0.17922796
8300	8301	0	0.94569963
8300	8301	1	0.003218153
8300	8301	2	0.05108224
8300	8302	0	0.12679122
8300	8302	1	0.6268955
8300	8302	2	0.24631326
8301	8302	0	0.0024248003
8301	8302	1	0.9631446
8301	8302	2	0.03443216
8301	8303	0	0.076025724
8301	8303	1	0.8102362
8301	8303	2	0.113737956
8302	8303	0	0.06492886
8302	8303	1	0.50147873
8302	8303	2	0.4335924
8303	8304	0	0.07744751
8303	8304	1	0.8352035
8303	8304	2	0.08734892
8304	8305	0	0.11880471
8304	8305	1	0.5124565
8304	8305	2	0.3687388
8305	8306	0	0.9198432
8305	8306	1	0.0028923205
8305	8306	2	0.07726448
8306	8307	0	0.065548986
8306	8307	1	0.85555243
8306	8307	2	0.07889855
8307	8308	0	0.90151036
8307	8308	1	0.0050140326
8307	8308	2	0.093475595
8307	8309	0	0.109572716
8307	8309	1	0.7560009
8307	8309	2	0.13442631
8308	8309	0	6.1433995E-4
8308	8309	1	0.99378955
8308	8309	2	0.005596048
8308	8310	0	6.144227E-4
8308	8310	1	0.99378943
8308	8310	2	0.0055961306
8311	8312	0	0.002667427
8311	8312	1	0.91354996
8311	8312	2	0.08378265
8313	8314	0	0.0020833425
8313	8314	1	0.96156645
8313	8314	2	0.036350213
8315	8316	0	9.797596E-4
8315	8316	1	0.97180927
8315	8316	2	0.027210979
8317	8318	0	0.03663233
8317	8318	1	0.40199092
8317	8318	2	0.5613768
8317	8319	0	0.035344064
8317	8319	1	0.25014716
8317	8319	2	0.7145088
8317	8320	0	0.846886
8317	8320	1	0.0025670596
8317	8320	2	0.15054697
8318	8319	0	0.3195085
8318	8319	1	0.055409245
8318	8319	2	0.62508225
8318	8320	0	0.88495255
8318	8320	1	0.0020649382
8318	8320	2	0.11298257
8319	8320	0	0.90474343
8319	8320	1	0.0017854784
8319	8320	2	0.09347112
8317	8321	0	6.2429754E-4
8317	8321	1	0.98948824
8317	8321	2	0.009887465
8317	8322	0	0.0
8317	8322	1	0.90825474
8317	8322	2	0.091745265
8318	8321	0	0.001168397
8318	8321	1	0.97726667
8318	8321	2	0.021564927
8318	8322	0	0.06688388
8318	8322	1	0.37673527
8318	8322	2	0.55638087
8319	8321	0	5.3571013E-4
8319	8321	1	0.9917916
8319	8321	2	0.007672595
8319	8322	0	0.042282827
8319	8322	1	0.8677983
8319	8322	2	0.08991881
8320	8321	0	4.7612668E-4
8320	8321	1	0.9933772
8320	8321	2	0.006146726
8320	8322	0	5.887534E-4
8320	8322	1	0.9897941
8320	8322	2	0.00961712
8321	8322	0	0.9118545
8321	8322	1	0.0040617585
8321	8322	2	0.08408371
8323	8324	0	0.97696924
8323	8324	1	0.0029215864
8323	8324	2	0.0201091
8323	8325	0	0.52486014
8323	8325	1	0.047744114
8323	8325	2	0.4273956
8323	8326	0	0.0024627836
8323	8326	1	0.91286176
8323	8326	2	0.08467531
8323	8327	0	0.9826951
8323	8327	1	0.003581618
8323	8327	2	0.013723228
8324	8325	0	6.637638E-4
8324	8325	1	0.98454034
8324	8325	2	0.014795779
8324	8326	0	4.3050796E-4
8324	8326	1	0.99040186
8324	8326	2	0.009167591
8324	8327	0	0.76739717
8324	8327	1	0.05021587
8324	8327	2	0.18238683
8325	8326	0	0.0010874034
8325	8326	1	0.97216195
8325	8326	2	0.026750572
8325	8327	0	0.97999257
8325	8327	1	0.0039785365
8325	8327	2	0.016028855
8326	8327	0	0.98218054
8326	8327	1	0.004181252
8326	8327	2	0.013638286
8323	8328	0	0.053865343
8323	8328	1	0.76781476
8323	8328	2	0.17831986
8323	8329	0	0.040272474
8323	8329	1	0.90681374
8323	8329	2	0.052913763
8324	8328	0	0.07189742
8324	8328	1	0.8444723
8324	8328	2	0.08363025
8324	8329	0	0.035385128
8324	8329	1	0.9210409
8324	8329	2	0.04357396
8325	8328	0	0.050940957
8325	8328	1	0.76533705
8325	8328	2	0.18372202
8325	8329	0	0.040163524
8325	8329	1	0.9056318
8325	8329	2	0.05420472
8326	8328	0	0.6256242
8326	8328	1	0.022714753
8326	8328	2	0.35166106
8326	8329	0	0.014680564
8326	8329	1	0.74697757
8326	8329	2	0.23834187
8327	8328	0	0.07323151
8327	8328	1	0.84831184
8327	8328	2	0.078456596
8327	8329	0	0.036237713
8327	8329	1	0.92391425
8327	8329	2	0.039848097
8328	8329	0	6.3095475E-4
8328	8329	1	0.9806825
8328	8329	2	0.018686604
8328	8330	0	0.104645975
8328	8330	1	0.66334
8328	8330	2	0.232014
8328	8331	0	0.10967329
8328	8331	1	0.6593479
8328	8331	2	0.23097876
8329	8330	0	0.29349315
8329	8330	1	0.16031715
8329	8330	2	0.54618967
8329	8331	0	0.28841
8329	8331	1	0.19010195
8329	8331	2	0.5214881
8330	8331	0	0.35729286
8330	8331	1	0.1859409
8330	8331	2	0.45678324
8332	8333	0	0.6668261
8332	8333	1	0.0276753
8332	8333	2	0.30549854
8332	8334	0	0.0035315542
8332	8334	1	0.9085055
8332	8334	2	0.08796292
8333	8334	0	0.0011624998
8333	8334	1	0.96770334
8333	8334	2	0.031134129
8334	8335	0	0.9806737
8334	8335	1	9.2202425E-4
8334	8335	2	0.018404342
8335	8336	0	0.05888871
8335	8336	1	0.8506847
8335	8336	2	0.09042661
8335	8337	0	0.059515364
8335	8337	1	0.8748499
8335	8337	2	0.06563473
8335	8338	0	0.0552732
8335	8338	1	0.829327
8335	8338	2	0.11539975
8336	8337	0	4.553008E-4
8336	8337	1	0.9943713
8336	8337	2	0.0051733884
8336	8338	0	0.0035828915
8336	8338	1	0.93338394
8336	8338	2	0.06303323
8337	8338	0	0.9783945
8337	8338	1	9.0935756E-4
8337	8338	2	0.020696152
8336	8339	0	0.057783663
8336	8339	1	0.8800648
8336	8339	2	0.06215158
8337	8339	0	0.060164526
8337	8339	1	0.8610489
8337	8339	2	0.07878656
8338	8339	0	0.053164594
8338	8339	1	0.88729906
8338	8339	2	0.059536304
8340	8341	0	0.92938894
8340	8341	1	0.00325515
8340	8341	2	0.06735584
8340	8342	0	0.92820567
8340	8342	1	0.0033393227
8340	8342	2	0.06845496
8341	8342	0	0.56969225
8341	8342	1	0.12067959
8341	8342	2	0.3096282
8343	8344	0	0.97221065
8343	8344	1	0.0012401527
8343	8344	2	0.026549213
8344	8345	0	4.48582E-4
8344	8345	1	0.9944484
8344	8345	2	0.0051029925
8344	8346	0	0.059609346
8344	8346	1	0.7549006
8344	8346	2	0.18549007
8344	8347	0	0.015116737
8344	8347	1	0.9603878
8344	8347	2	0.024495471
8345	8346	0	0.97986114
8345	8346	1	0.0015190216
8345	8346	2	0.018619873
8345	8347	0	0.94801664
8345	8347	1	0.0069714356
8345	8347	2	0.045011938
8346	8347	0	0.008695663
8346	8347	1	0.8759919
8346	8347	2	0.115312494
8345	8348	0	0.92104965
8345	8348	1	0.0029643911
8345	8348	2	0.07598596
8346	8348	0	0.053874917
8346	8348	1	0.8201033
8346	8348	2	0.12602179
8347	8348	0	0.034934543
8347	8348	1	0.47079852
8347	8348	2	0.49426693
8349	8350	0	0.0036160927
8349	8350	1	0.9421559
8349	8350	2	0.054228082
8349	8351	0	4.8347708E-4
8349	8351	1	0.9925078
8349	8351	2	0.007008706
8350	8351	0	7.2680414E-4
8350	8351	1	0.9847594
8350	8351	2	0.01451375
8352	8353	0	5.8035896E-4
8352	8353	1	0.9934348
8352	8353	2	0.005984814
8352	8354	0	0.89464605
8352	8354	1	0.010214074
8352	8354	2	0.09513985
8353	8354	0	0.9877566
8353	8354	1	7.2979054E-4
8353	8354	2	0.011513578
8355	8356	0	0.98479843
8355	8356	1	6.469715E-4
8355	8356	2	0.014554549
8355	8357	0	4.8970885E-4
8355	8357	1	0.99416393
8355	8357	2	0.0053463466
8355	8358	0	4.7648477E-4
8355	8358	1	0.99427795
8355	8358	2	0.0052455394
8356	8357	0	5.0482445E-4
8356	8357	1	0.9933928
8356	8357	2	0.0061023096
8356	8358	0	4.971911E-4
8356	8358	1	0.9935494
8356	8358	2	0.0059533548
8357	8358	0	0.006924586
8357	8358	1	0.9618686
8357	8358	2	0.031206794
8359	8360	0	0.81572163
8359	8360	1	0.064040184
8359	8360	2	0.120238185
8359	8361	0	0.45696428
8359	8361	1	0.037837096
8359	8361	2	0.5051986
8360	8361	0	0.055090103
8360	8361	1	0.5915549
8360	8361	2	0.353355
8360	8362	0	0.78341156
8360	8362	1	0.069174625
8360	8362	2	0.14741379
8361	8362	0	0.88087475
8361	8362	1	0.0058605787
8361	8362	2	0.11326461
8363	8364	0	0.97994983
8363	8364	1	8.497786E-4
8363	8364	2	0.01920044
8363	8365	0	0.9556339
8363	8365	1	0.0017790018
8363	8365	2	0.04258714
8363	8366	0	0.44553062
8363	8366	1	0.050997518
8363	8366	2	0.50347185
8363	8367	0	0.17135096
8363	8367	1	0.17132315
8363	8367	2	0.65732586
8364	8365	0	0.30819994
8364	8365	1	0.32860157
8364	8365	2	0.36319852
8364	8366	0	0.0052211685
8364	8366	1	0.91217136
8364	8366	2	0.08260735
8364	8367	0	0.0014971097
8364	8367	1	0.96890986
8364	8367	2	0.029592907
8365	8366	0	0.0010362111
8365	8366	1	0.96757454
8365	8366	2	0.03138912
8365	8367	0	9.3865534E-4
8365	8367	1	0.97367513
8365	8367	2	0.025386086
8366	8367	0	0.13851394
8366	8367	1	0.075511135
8366	8367	2	0.785975
8364	8368	0	0.062172875
8364	8368	1	0.86795807
8364	8368	2	0.069869116
8364	8369	0	0.08659364
8364	8369	1	0.8166546
8364	8369	2	0.09675178
8365	8368	0	0.061655067
8365	8368	1	0.8673513
8365	8368	2	0.07099365
8365	8369	0	0.0866418
8365	8369	1	0.81710744
8365	8369	2	0.09625065
8366	8368	0	0.08307527
8366	8368	1	0.8084613
8366	8368	2	0.10846346
8366	8369	0	0.13589485
8366	8369	1	0.20939031
8366	8369	2	0.6547148
8367	8368	0	0.099030815
8367	8368	1	0.7806339
8367	8368	2	0.120335266
8367	8369	0	0.17918307
8367	8369	1	0.17420353
8367	8369	2	0.6466135
8368	8369	0	0.12254164
8368	8369	1	0.45051944
8368	8369	2	0.426939
8368	8370	0	0.09633428
8368	8370	1	0.6132928
8368	8370	2	0.29037285
8368	8371	0	0.147305
8368	8371	1	0.69840795
8368	8371	2	0.15428704
8369	8370	0	0.09145712
8369	8370	1	0.7175359
8369	8370	2	0.19100696
8369	8371	0	0.11227138
8369	8371	1	0.7695105
8369	8371	2	0.11821808
8370	8371	0	5.7568465E-4
8370	8371	1	0.99442935
8370	8371	2	0.0050027957
8370	8372	0	0.9886324
8370	8372	1	5.763581E-4
8370	8372	2	0.010789559
8370	8373	0	0.9886324
8370	8373	1	5.763457E-4
8370	8373	2	0.010789551
8371	8372	0	0.9932904
8371	8372	1	4.755352E-4
8371	8372	2	0.0062354943
8371	8373	0	0.9932904
8371	8373	1	4.7550807E-4
8371	8373	2	0.0062354743
8372	8374	0	0.11313716
8372	8374	1	0.7470608
8372	8374	2	0.13980211
8373	8374	0	0.11313713
8373	8374	1	0.7470607
8373	8374	2	0.13980217
8374	8375	0	0.47660217
8374	8375	1	0.1194374
8374	8375	2	0.4039604
8374	8376	0	0.1329178
8374	8376	1	0.72395504
8374	8376	2	0.14312713
8374	8377	0	0.13430026
8374	8377	1	0.72231483
8374	8377	2	0.14338498
8374	8378	0	0.098423176
8374	8378	1	0.79846597
8374	8378	2	0.10311076
8375	8376	0	7.947275E-4
8375	8376	1	0.9771531
8375	8376	2	0.022019604
8375	8377	0	7.388582E-4
8375	8377	1	0.97807014
8375	8377	2	0.021156002
8375	8378	0	4.270485E-4
8375	8378	1	0.9944758
8375	8378	2	0.005070048
8376	8377	0	0.029840967
8376	8377	1	0.57823014
8376	8377	2	0.3918927
8376	8378	0	8.5721526E-4
8376	8378	1	0.98889595
8376	8378	2	0.010215196
8377	8378	0	5.250081E-4
8377	8378	1	0.9929736
8377	8378	2	0.006472685
8375	8379	0	0.05182355
8375	8379	1	0.8888998
8375	8379	2	0.059276722
8375	8380	0	0.6912572
8375	8380	1	0.050159104
8375	8380	2	0.25858366
8375	8381	0	0.05128427
8375	8381	1	0.88464916
8375	8381	2	0.06406654
8376	8379	0	0.0783439
8376	8379	1	0.8156811
8376	8379	2	0.10597493
8376	8380	0	0.97994995
8376	8380	1	8.4967486E-4
8376	8380	2	0.019200338
8376	8381	0	0.06850132
8376	8381	1	0.7955153
8376	8381	2	0.13598329
8377	8379	0	0.07539651
8377	8379	1	0.81349546
8377	8379	2	0.11110798
8377	8380	0	0.97622883
8377	8380	1	0.0013088069
8377	8380	2	0.022462334
8377	8381	0	0.0737116
8377	8381	1	0.80702317
8377	8381	2	0.11926525
8378	8379	0	0.82071936
8378	8379	1	0.07600185
8378	8379	2	0.10328256
8378	8380	0	0.99350286
8378	8380	1	5.089177E-4
8378	8380	2	0.0059881783
8378	8381	0	0.25435352
8378	8381	1	0.21931529
8378	8381	2	0.52632505
8379	8380	0	0.99303323
8379	8380	1	5.4855866E-4
8379	8380	2	0.0064176843
8379	8381	0	0.07452268
8379	8381	1	0.49110767
8379	8381	2	0.43431935
8380	8381	0	7.160236E-4
8380	8381	1	0.9870315
8380	8381	2	0.012248689
8379	8382	0	0.12995268
8379	8382	1	0.7346567
8379	8382	2	0.13539064
8379	8383	0	0.8351318
8379	8383	1	0.07509018
8379	8383	2	0.08977597
8380	8382	0	5.017007E-4
8380	8382	1	0.9948788
8380	8382	2	0.004619677
8380	8383	0	0.10319344
8380	8383	1	0.6873545
8380	8383	2	0.209452
8381	8382	0	0.12285278
8381	8382	1	0.73708475
8381	8382	2	0.14006236
8381	8383	0	0.91277874
8381	8383	1	0.005112323
8381	8383	2	0.08210756
8382	8383	0	0.99103487
8382	8383	1	5.6018506E-4
8382	8383	2	0.008497982
8382	8384	0	0.9917062
8382	8384	1	4.690427E-4
8382	8384	2	0.007824781
8382	8385	0	0.9766934
8382	8385	1	0.001327296
8382	8385	2	0.021979284
8383	8386	0	0.05541965
8383	8386	1	0.8842281
8383	8386	2	0.06035232
8383	8384	0	0.06532873
8383	8384	1	0.6144532
8383	8384	2	0.32021806
8383	8385	0	0.09673501
8383	8385	1	0.78447425
8383	8385	2	0.11879066
8386	8384	0	0.9917056
8386	8384	1	4.6831902E-4
8386	8384	2	0.007824099
8386	8385	0	0.97669244
8386	8385	1	0.0013263763
8386	8385	2	0.021978322
8384	8385	0	0.0026751538
8384	8385	1	0.9321352
8384	8385	2	0.065190546
8384	8387	0	0.030528687
8384	8387	1	0.9342643
8384	8387	2	0.03520699
8385	8387	0	0.064328045
8385	8387	1	0.8653972
8385	8387	2	0.07027472
8388	8389	0	0.006875367
8388	8389	1	0.88640356
8388	8389	2	0.10672107
8390	8391	0	0.06633559
8390	8391	1	0.8127718
8390	8391	2	0.12089256
8392	8391	0	0.010453162
8392	8391	1	0.9245367
8392	8391	2	0.065010116
8391	8393	0	0.5210994
8391	8393	1	0.037149604
8391	8393	2	0.441751
8392	8394	0	0.04481144
8392	8394	1	0.8912935
8392	8394	2	0.06389504
8391	8394	0	0.08682107
8391	8394	1	0.7956732
8391	8394	2	0.11750577
8393	8394	0	0.044811405
8393	8394	1	0.8912935
8393	8394	2	0.063895
8394	8395	0	0.115588665
8394	8395	1	0.63103646
8394	8395	2	0.25337487
8395	8396	0	0.979236
8395	8396	1	8.3866017E-4
8395	8396	2	0.019925293
8397	8398	0	0.05300174
8397	8398	1	0.55929184
8397	8398	2	0.38770646
8397	8399	0	0.10589246
8397	8399	1	0.44451195
8397	8399	2	0.44959557
8398	8399	0	0.13622639
8398	8399	1	0.45748353
8398	8399	2	0.40629008
8398	8400	0	0.03273172
8398	8400	1	0.75240207
8398	8400	2	0.21486619
8398	8401	0	0.03616786
8398	8401	1	0.6333437
8398	8401	2	0.3304884
8398	8402	0	0.038369134
8398	8402	1	0.7139878
8398	8402	2	0.24764308
8399	8400	0	0.028802516
8399	8400	1	0.90636665
8399	8400	2	0.06483084
8399	8401	0	0.038714215
8399	8401	1	0.8724364
8399	8401	2	0.088849336
8399	8402	0	0.03720626
8399	8402	1	0.89242256
8399	8402	2	0.07037122
8400	8401	0	0.03207671
8400	8401	1	0.5175212
8400	8401	2	0.45040208
8400	8402	0	0.028548762
8400	8402	1	0.59202635
8400	8402	2	0.37942484
8401	8402	0	0.020765768
8401	8402	1	0.8392114
8401	8402	2	0.14002281
8400	8403	0	0.0625078
8400	8403	1	0.5996625
8400	8403	2	0.33782977
8401	8403	0	0.06404112
8401	8403	1	0.6850765
8401	8403	2	0.2508824
8402	8403	0	0.0766081
8402	8403	1	0.6556506
8402	8403	2	0.26774126
8403	8404	0	0.28534603
8403	8404	1	0.124125704
8403	8404	2	0.59052825
8405	8406	0	6.19896E-4
8405	8406	1	0.98743445
8405	8406	2	0.011945685
8405	8407	0	6.19896E-4
8405	8407	1	0.98743445
8405	8407	2	0.011945685
8407	8408	0	0.98160434
8407	8408	1	0.0011885585
8407	8408	2	0.017207097
8408	8409	0	0.004835035
8408	8409	1	0.98480123
8408	8409	2	0.010363779
8408	8410	0	0.117549665
8408	8410	1	0.7473018
8408	8410	2	0.13514845
8409	8410	0	0.98001087
8409	8410	1	7.9891365E-4
8409	8410	2	0.019190174
8409	8411	0	0.48461238
8409	8411	1	0.086015984
8409	8411	2	0.4293716
8409	8412	0	0.74311805
8409	8412	1	0.112756535
8409	8412	2	0.1441256
8409	8413	0	0.9537693
8409	8413	1	0.0017601822
8409	8413	2	0.04447051
8410	8411	0	0.08875519
8410	8411	1	0.79316473
8410	8411	2	0.118080035
8410	8412	0	0.062093936
8410	8412	1	0.84800375
8410	8412	2	0.08990231
8410	8413	0	0.076385975
8410	8413	1	0.6280388
8410	8413	2	0.29557526
8411	8412	0	0.060862146
8411	8412	1	0.83789223
8411	8412	2	0.10124514
8411	8413	0	0.93460983
8411	8413	1	0.015883964
8411	8413	2	0.049510453
8412	8413	0	0.7193059
8412	8413	1	0.08235995
8412	8413	2	0.19833404
8411	8414	0	0.11850439
8411	8414	1	0.7226083
8411	8414	2	0.1588873
8413	8414	0	0.1059846
8413	8414	1	0.7784313
8413	8414	2	0.115584
8414	8415	0	0.09944224
8414	8415	1	0.7970882
8414	8415	2	0.10346959
8414	8416	0	0.45250428
8414	8416	1	0.2417205
8414	8416	2	0.30577523
8414	8417	0	0.09205864
8414	8417	1	0.7500422
8414	8417	2	0.15789917
8415	8416	0	0.98355997
8415	8416	1	8.727249E-4
8415	8416	2	0.015567251
8415	8417	0	0.95485723
8415	8417	1	0.0024041035
8415	8417	2	0.042738684
8416	8417	0	0.0088223275
8416	8417	1	0.91615117
8416	8417	2	0.07502644
8418	8419	0	0.095635936
8418	8419	1	0.57516617
8418	8419	2	0.32919788
8418	8420	0	0.28592092
8418	8420	1	0.26829964
8418	8420	2	0.44577938
8418	8421	0	0.070821166
8418	8421	1	0.8449224
8418	8421	2	0.084256455
8419	8420	0	0.94178605
8419	8420	1	0.0032062072
8419	8420	2	0.055007793
8419	8421	0	7.12895E-4
8419	8421	1	0.9873189
8419	8421	2	0.011968257
8420	8421	0	6.841497E-4
8420	8421	1	0.9869792
8420	8421	2	0.012336642
8419	8422	0	0.022591133
8419	8422	1	0.9473993
8419	8422	2	0.030009586
8419	8423	0	0.6738107
8419	8423	1	0.07144601
8419	8423	2	0.25474328
8420	8422	0	4.898129E-4
8420	8422	1	0.99193263
8420	8422	2	0.0075775133
8420	8423	0	0.2868454
8420	8423	1	0.31099725
8420	8423	2	0.40215737
8421	8422	0	0.07205195
8421	8422	1	0.82119167
8421	8422	2	0.10675637
8421	8423	0	0.93387127
8421	8423	1	0.0050245365
8421	8423	2	0.0611042
8422	8423	0	0.9678335
8422	8423	1	0.0014805966
8422	8423	2	0.030685911
8424	8425	0	0.992416
8424	8425	1	5.44194E-4
8424	8425	2	0.0070397486
8424	8426	0	0.44327456
8424	8426	1	0.060195535
8424	8426	2	0.49652994
8425	8426	0	5.126454E-4
8425	8426	1	0.99320126
8425	8426	2	0.0062861047
8425	8427	0	0.035587054
8425	8427	1	0.9242308
8425	8427	2	0.04018219
8426	8427	0	0.041638106
8426	8427	1	0.8907337
8426	8427	2	0.06762823
8427	8428	0	0.9922548
8427	8428	1	5.321009E-4
8427	8428	2	0.0072131352
8427	8429	0	0.104060404
8427	8429	1	0.56128013
8427	8429	2	0.3346595
8428	8429	0	4.833953E-4
8428	8429	1	0.9920623
8428	8429	2	0.0074524246
8428	8430	0	4.4111192E-4
8428	8430	1	0.9940008
8428	8430	2	0.0055581024
8429	8430	0	0.23621249
8429	8430	1	0.26483357
8429	8430	2	0.49895397
8430	8431	0	0.9429027
8430	8431	1	0.025590282
8430	8431	2	0.031507008
8430	8432	0	0.7847066
8430	8432	1	0.07286967
8430	8432	2	0.14242366
8431	8432	0	6.1187416E-4
8431	8432	1	0.9882154
8431	8432	2	0.011173077
8431	8433	0	0.045318104
8431	8433	1	0.897525
8431	8433	2	0.05715686
8431	8434	0	0.25328532
8431	8434	1	0.4190144
8431	8434	2	0.32770023
8431	8435	0	7.0475007E-4
8431	8435	1	0.9842478
8431	8435	2	0.01504744
8432	8433	0	0.023301987
8432	8433	1	0.77664983
8432	8433	2	0.20004813
8432	8434	0	0.8451621
8432	8434	1	0.06944385
8432	8434	2	0.085394025
8432	8435	0	0.005700908
8432	8435	1	0.83703077
8432	8435	2	0.15726829
8433	8434	0	0.8472016
8433	8434	1	0.010957113
8433	8434	2	0.1418413
8433	8435	0	9.139216E-4
8433	8435	1	0.9758761
8433	8435	2	0.023209944
8434	8435	0	6.384289E-4
8434	8435	1	0.98753786
8434	8435	2	0.011823705
8433	8436	0	0.07870774
8433	8436	1	0.62942433
8433	8436	2	0.29186785
8434	8436	0	0.006674462
8434	8436	1	0.8930479
8434	8436	2	0.1002776
8435	8436	0	0.9493313
8435	8436	1	0.0021128848
8435	8436	2	0.048555836
8437	8438	0	0.9913527
8437	8438	1	4.7336548E-4
8437	8438	2	0.0081739295
8437	8439	0	0.040135004
8437	8439	1	0.57743496
8437	8439	2	0.38243002
8437	8440	0	0.98228514
8437	8440	1	8.9000596E-4
8437	8440	2	0.016824905
8438	8439	0	0.025020797
8438	8439	1	0.9417699
8438	8439	2	0.0332093
8438	8440	0	0.06891872
8438	8440	1	0.83100796
8438	8440	2	0.10007323
8439	8440	0	0.98685414
8439	8440	1	5.93154E-4
8439	8440	2	0.01255274
8439	8441	0	0.34518504
8439	8441	1	0.06742196
8439	8441	2	0.58739305
8440	8441	0	0.08315506
8440	8441	1	0.82633334
8440	8441	2	0.09051156
8441	8442	0	0.09505248
8441	8442	1	0.5735128
8441	8442	2	0.3314347
8442	8443	0	0.03744045
8442	8443	1	0.9200557
8442	8443	2	0.04250388
8442	8444	0	0.038491596
8442	8444	1	0.8983347
8442	8444	2	0.063173786
8443	8444	0	0.9622277
8443	8444	1	0.0029330428
8443	8444	2	0.034836516
8443	8445	0	0.71536446
8443	8445	1	0.11913721
8443	8445	2	0.16549823
8444	8445	0	0.2217998
8444	8445	1	0.3194021
8444	8445	2	0.4587981
8445	8446	0	0.733986
8445	8446	1	0.12807229
8445	8446	2	0.13794158
8445	8447	0	0.75783414
8445	8447	1	0.111979745
8445	8447	2	0.13018605
8445	8448	0	0.8721068
8445	8448	1	0.05921291
8445	8448	2	0.06868024
8446	8447	0	0.42241612
8446	8447	1	0.2293175
8446	8447	2	0.3485354
8446	8448	0	0.98836243
8446	8448	1	7.2741084E-4
8446	8448	2	0.011020886
8447	8448	0	0.98922557
8447	8448	1	7.849164E-4
8447	8448	2	0.010095151
8446	8449	0	0.05478124
8446	8449	1	0.8720915
8446	8449	2	0.073127404
8446	8450	0	0.04769654
8446	8450	1	0.89264035
8446	8450	2	0.059663057
8446	8451	0	0.8590137
8446	8451	1	0.052112754
8446	8451	2	0.088873535
8446	8452	0	0.88102376
8446	8452	1	0.05189278
8446	8452	2	0.06708342
8447	8449	0	0.05702988
8447	8449	1	0.87659657
8447	8449	2	0.0663736
8447	8450	0	0.048154388
8447	8450	1	0.89782643
8447	8450	2	0.054019105
8447	8451	0	0.78433585
8447	8451	1	0.05686528
8447	8451	2	0.15879881
8447	8452	0	0.8416345
8447	8452	1	0.053977165
8447	8452	2	0.1043883
8448	8449	0	0.0444099
8448	8449	1	0.90485215
8448	8449	2	0.050738126
8448	8450	0	0.03959211
8448	8450	1	0.9153019
8448	8450	2	0.045105934
8448	8451	0	0.105878524
8448	8451	1	0.6525018
8448	8451	2	0.24161802
8448	8452	0	0.1368295
8448	8452	1	0.5929616
8448	8452	2	0.2702109
8449	8450	0	0.0042847646
8449	8450	1	0.97536564
8449	8450	2	0.020352408
8449	8451	0	0.98162144
8449	8451	1	7.396491E-4
8449	8451	2	0.01763611
8449	8452	0	0.9863823
8449	8452	1	5.9605826E-4
8449	8452	2	0.013008998
8450	8451	0	0.9878961
8450	8451	1	5.761965E-4
8450	8451	2	0.011521726
8450	8452	0	0.9903663
8450	8452	1	4.753681E-4
8450	8452	2	0.00914959
8451	8452	0	0.89683646
8451	8452	1	0.009192459
8451	8452	2	0.09397998
8449	8453	0	0.1351772
8449	8453	1	0.7229117
8449	8453	2	0.14191101
8449	8454	0	0.42725328
8449	8454	1	0.09318443
8449	8454	2	0.47956353
8449	8455	0	0.34871507
8449	8455	1	0.17529745
8449	8455	2	0.47598764
8450	8453	0	0.13592082
8450	8453	1	0.7045003
8450	8453	2	0.1595789
8450	8454	0	0.8650567
8450	8454	1	0.007583803
8450	8454	2	0.1273581
8450	8455	0	0.86089325
8450	8455	1	0.0063955365
8450	8455	2	0.13271123
8451	8453	0	0.029369479
8451	8453	1	0.93681216
8451	8453	2	0.033818077
8451	8454	0	0.07946316
8451	8454	1	0.7892513
8451	8454	2	0.13128524
8451	8455	0	0.08673748
8451	8455	1	0.8010942
8451	8455	2	0.11216802
8452	8453	0	0.017488347
8452	8453	1	0.96074975
8452	8453	2	0.021762202
8452	8454	0	0.07726542
8452	8454	1	0.8150203
8452	8454	2	0.10771469
8452	8455	0	0.07986957
8452	8455	1	0.8214739
8452	8455	2	0.09865685
8453	8454	0	0.9854066
8453	8454	1	6.1490515E-4
8453	8454	2	0.0136693185
8453	8455	0	0.9891213
8453	8455	1	6.116866E-4
8453	8455	2	0.010076753
8454	8455	0	0.43167442
8454	8455	1	0.23109625
8454	8455	2	0.33630878
8453	8456	0	0.94407505
8453	8456	1	0.012644613
8453	8456	2	0.043280356
8453	8457	0	0.7004924
8453	8457	1	0.07292535
8453	8457	2	0.22658224
8454	8456	0	0.13645536
8454	8456	1	0.701114
8454	8456	2	0.16243072
8454	8457	0	0.13806596
8454	8457	1	0.70918685
8454	8457	2	0.15274717
8455	8456	0	0.13819079
8455	8456	1	0.69672793
8455	8456	2	0.16508119
8455	8457	0	0.14078292
8455	8457	1	0.70580006
8455	8457	2	0.15341698
8456	8457	0	0.002530922
8456	8457	1	0.9519217
8456	8457	2	0.04550674
8456	8458	0	0.074631386
8456	8458	1	0.8458468
8456	8458	2	0.07952174
8456	8459	0	0.07462991
8456	8459	1	0.8442359
8456	8459	2	0.08113414
8456	8460	0	0.49797446
8456	8460	1	0.18295625
8456	8460	2	0.3190693
8457	8458	0	0.076529995
8457	8458	1	0.83985317
8457	8458	2	0.08361685
8457	8459	0	0.07499867
8457	8459	1	0.8349004
8457	8459	2	0.090100914
8457	8460	0	0.8619665
8457	8460	1	0.052850164
8457	8460	2	0.08518338
8458	8459	0	0.0062888097
8458	8459	1	0.88418186
8458	8459	2	0.10952929
8458	8460	0	0.98595554
8458	8460	1	6.129168E-4
8458	8460	2	0.013431839
8459	8460	0	0.9903456
8459	8460	1	4.7147958E-4
8459	8460	2	0.009183153
8461	8462	0	0.008181207
8461	8462	1	0.92942107
8461	8462	2	0.062398523
8461	8463	0	0.093723774
8461	8463	1	0.76267564
8461	8463	2	0.1436005
8461	8464	0	0.9592892
8461	8464	1	0.002297252
8461	8464	2	0.038413525
8461	8465	0	0.03056641
8461	8465	1	0.93359315
8461	8465	2	0.035840403
8461	8466	0	0.20383744
8461	8466	1	0.29348898
8461	8466	2	0.5026737
8462	8463	0	0.10586255
8462	8463	1	0.75121737
8462	8463	2	0.14292006
8462	8464	0	0.98467565
8462	8464	1	0.0012021952
8462	8464	2	0.014122178
8462	8465	0	0.034504574
8462	8465	1	0.92663276
8462	8465	2	0.038862675
8462	8466	0	0.45988944
8462	8466	1	0.16079415
8462	8466	2	0.3793164
8463	8464	0	0.9870009
8463	8464	1	7.543619E-4
8463	8464	2	0.012244729
8463	8465	0	4.6096457E-4
8463	8465	1	0.9945307
8463	8465	2	0.0050083515
8463	8466	0	0.18023449
8463	8466	1	0.37685218
8463	8466	2	0.44291332
8464	8465	0	4.761728E-4
8464	8465	1	0.9945078
8464	8465	2	0.0050160624
8464	8466	0	0.0020498135
8464	8466	1	0.9612621
8464	8466	2	0.03668803
8465	8466	0	0.9887824
8465	8466	1	6.8494084E-4
8465	8466	2	0.010532677
8463	8467	0	0.96956575
8463	8467	1	0.0027211818
8463	8467	2	0.02771305
8463	8468	0	0.09077784
8463	8468	1	0.80986637
8463	8468	2	0.09935573
8463	8469	0	0.092682734
8463	8469	1	0.79524827
8463	8469	2	0.11206901
8464	8467	0	0.08672157
8464	8467	1	0.68291605
8464	8467	2	0.23036245
8464	8468	0	5.1978155E-4
8464	8468	1	0.99323547
8464	8468	2	0.006244679
8464	8469	0	4.977591E-4
8464	8469	1	0.9911855
8464	8469	2	0.008316727
8465	8467	0	0.9932127
8465	8467	1	5.379555E-4
8465	8467	2	0.0062492928
8465	8468	0	0.10318402
8465	8468	1	0.5710524
8465	8468	2	0.32576352
8465	8469	0	0.25521594
8465	8469	1	0.23408741
8465	8469	2	0.5106966
8466	8467	0	0.90721035
8466	8467	1	0.029078085
8466	8467	2	0.063711606
8466	8468	0	0.011732768
8466	8468	1	0.96815467
8466	8468	2	0.02011256
8466	8469	0	0.013613497
8466	8469	1	0.95687544
8466	8469	2	0.029511098
8467	8468	0	5.43097E-4
8467	8468	1	0.9934199
8467	8468	2	0.0060394863
8467	8469	0	5.2539684E-4
8467	8469	1	0.99222744
8467	8469	2	0.0072501227
8468	8469	0	0.016537843
8468	8469	1	0.6578033
8468	8469	2	0.32565576
8467	8470	0	0.079961166
8467	8470	1	0.7719628
8467	8470	2	0.14807597
8468	8470	0	0.7965387
8468	8470	1	0.0061415704
8468	8470	2	0.19731972
8469	8470	0	0.7082752
8469	8470	1	0.010987045
8469	8470	2	0.28073776
8470	8471	0	0.09478203
8470	8471	1	0.7715146
8470	8471	2	0.1337033
8471	8472	0	0.10864346
8471	8472	1	0.7507946
8471	8472	2	0.14056195
8472	8473	0	0.06454958
8472	8473	1	0.858631
8472	8473	2	0.07681935
8472	8474	0	0.95785546
8472	8474	1	0.0017334996
8472	8474	2	0.040411048
8473	8474	0	0.98380554
8473	8474	1	0.0011858806
8473	8474	2	0.0150086135
8473	8475	0	0.9570807
8473	8475	1	0.002892429
8473	8475	2	0.0400268
8474	8475	0	0.07099665
8474	8475	1	0.8009788
8474	8475	2	0.12802453
8474	8476	0	0.066004485
8474	8476	1	0.86397433
8474	8476	2	0.07002122
8475	8476	0	0.0011077963
8475	8476	1	0.98886824
8475	8476	2	0.010023939
8475	8477	0	0.059674747
8475	8477	1	0.8755239
8475	8477	2	0.0648013
8476	8477	0	0.07436643
8476	8477	1	0.831797
8476	8477	2	0.09383656
8478	8479	0	0.0026559483
8478	8479	1	0.96836007
8478	8479	2	0.02898399
8478	8480	0	0.021225128
8478	8480	1	0.9379611
8478	8480	2	0.04081373
8478	8481	0	0.9922893
8478	8481	1	5.34123E-4
8478	8481	2	0.0071765687
8479	8480	0	0.04263248
8479	8480	1	0.7669338
8479	8480	2	0.19043377
8479	8481	0	0.98936665
8479	8481	1	5.642077E-4
8479	8481	2	0.0100691235
8480	8481	0	0.9907514
8480	8481	1	5.3436833E-4
8480	8481	2	0.008714244
8479	8482	0	0.49138921
8479	8482	1	0.17936657
8479	8482	2	0.32924423
8480	8482	0	0.16135187
8480	8482	1	0.47615653
8480	8482	2	0.36249158
8481	8482	0	5.020942E-4
8481	8482	1	0.9937618
8481	8482	2	0.0057360707
8482	8483	0	0.7768505
8482	8483	1	0.07715511
8482	8483	2	0.14599432
8483	8484	0	0.84784913
8483	8484	1	0.06799635
8483	8484	2	0.08415449
8484	8485	0	4.828487E-4
8484	8485	1	0.99501157
8484	8485	2	0.004505653
8484	8486	0	4.4772396E-4
8484	8486	1	0.9934798
8484	8486	2	0.006072459
8485	8486	0	0.054044597
8485	8486	1	0.6886648
8485	8486	2	0.25729054
8485	8487	0	0.9909024
8485	8487	1	5.445222E-4
8485	8487	2	0.008553077
8485	8488	0	0.9847744
8485	8488	1	8.709023E-4
8485	8488	2	0.014354699
8486	8487	0	0.96712154
8486	8487	1	9.844073E-4
8486	8487	2	0.031894084
8486	8488	0	0.8634934
8486	8488	1	0.007829616
8486	8488	2	0.12867698
8487	8488	0	0.019228317
8487	8488	1	0.81255317
8487	8488	2	0.16821833
8487	8489	0	0.0070884163
8487	8489	1	0.98046565
8487	8489	2	0.012445938
8488	8489	0	0.007161768
8488	8489	1	0.980775
8488	8489	2	0.01206324
8489	8490	0	0.9917593
8489	8490	1	5.4389995E-4
8489	8490	2	0.007696823
8489	8491	0	0.25678003
8489	8491	1	0.37483236
8489	8491	2	0.3683876
8490	8491	0	4.828078E-4
8490	8491	1	0.99501157
8490	8491	2	0.00450561
8490	8492	0	0.014269751
8490	8492	1	0.83160996
8490	8492	2	0.15412031
8491	8492	0	0.9807077
8491	8492	1	0.004373655
8491	8492	2	0.014918652
8493	8494	0	0.0013955396
8493	8494	1	0.98108834
8493	8494	2	0.01751374
8493	8495	0	5.537516E-4
8493	8495	1	0.9931308
8493	8495	2	0.006313158
8494	8495	0	0.0011687247
8494	8495	1	0.98620903
8494	8495	2	0.012619856
8493	8496	0	0.11478461
8493	8496	1	0.71114504
8493	8496	2	0.17407037
8494	8496	0	0.047977693
8494	8496	1	0.5866266
8494	8496	2	0.36539572
8495	8496	0	0.6642771
8495	8496	1	0.017633855
8495	8496	2	0.3180891
8496	8497	0	0.51905453
8496	8497	1	0.14359942
8496	8497	2	0.33734608
8496	8498	0	0.053765744
8496	8498	1	0.74265265
8496	8498	2	0.20358154
8496	8499	0	0.06610237
8496	8499	1	0.77218676
8496	8499	2	0.16171093
8496	8500	0	0.07220164
8496	8500	1	0.8392638
8496	8500	2	0.08853449
8497	8498	0	0.00312328
8497	8498	1	0.9534202
8497	8498	2	0.043584146
8497	8499	0	0.0026868319
8497	8499	1	0.96651244
8497	8499	2	0.030861935
8497	8500	0	5.9875584E-4
8497	8500	1	0.99048066
8497	8500	2	0.00889827
8498	8499	0	0.0079083
8498	8499	1	0.9360465
8498	8499	2	0.05615254
8498	8500	0	5.095038E-4
8498	8500	1	0.98992324
8498	8500	2	0.009583447
8499	8500	0	4.99529E-4
8499	8500	1	0.9908564
8499	8500	2	0.00864109
8497	8501	0	0.12808372
8497	8501	1	0.72172534
8497	8501	2	0.15019082
8498	8501	0	0.113378465
8498	8501	1	0.66678905
8498	8501	2	0.21983248
8499	8501	0	0.11536197
8499	8501	1	0.6510576
8499	8501	2	0.23358041
8500	8501	0	0.6009096
8500	8501	1	0.06744689
8500	8501	2	0.33164352
8501	8502	0	0.09901097
8501	8502	1	0.7957828
8501	8502	2	0.105206266
8501	8503	0	0.0990862
8501	8503	1	0.7958529
8501	8503	2	0.10506089
8501	8504	0	0.09756631
8501	8504	1	0.7932452
8501	8504	2	0.109188505
8502	8503	0	0.022027135
8502	8503	1	0.57059723
8502	8503	2	0.40737268
8502	8504	0	0.9112305
8502	8504	1	0.0030961595
8502	8504	2	0.085669905
8503	8504	0	0.82334787
8503	8504	1	0.008332002
8503	8504	2	0.16831665
8505	8506	0	0.09166294
8505	8506	1	0.7451796
8505	8506	2	0.16315745
8506	8507	0	0.10107815
8506	8507	1	0.77467483
8506	8507	2	0.12424698
8506	8508	0	0.10033506
8506	8508	1	0.7899164
8506	8508	2	0.10974854
8507	8508	0	8.6656224E-4
8507	8508	1	0.98864543
8507	8508	2	0.010488006
8507	8509	0	0.05734725
8507	8509	1	0.8749765
8507	8509	2	0.06767623
8508	8509	0	0.057395414
8508	8509	1	0.848982
8508	8509	2	0.093622595
8509	8510	0	0.98133767
8509	8510	1	0.001097386
8509	8510	2	0.01756496
8510	8511	0	0.03923668
8510	8511	1	0.9164003
8510	8511	2	0.044363014
8510	8512	0	0.060525186
8510	8512	1	0.8187258
8510	8512	2	0.12074886
8510	8513	0	0.08187871
8510	8513	1	0.622102
8510	8513	2	0.29601923
8511	8512	0	0.98840666
8511	8512	1	6.7477254E-4
8511	8512	2	0.010926066
8511	8513	0	0.98908496
8511	8513	1	6.441851E-4
8511	8513	2	0.010277962
8512	8513	0	0.9162017
8512	8513	1	0.020935193
8512	8513	2	0.0628695
8511	8514	0	0.15362433
8511	8514	1	0.67850816
8511	8514	2	0.16786745
8511	8515	0	0.98490214
8511	8515	1	7.291101E-4
8511	8515	2	0.014368757
8512	8514	0	0.08133554
8512	8514	1	0.83237594
8512	8514	2	0.08628851
8512	8515	0	0.20600232
8512	8515	1	0.36426696
8512	8515	2	0.42973077
8513	8514	0	0.05053016
8513	8514	1	0.8944273
8513	8514	2	0.055042624
8513	8515	0	0.15381719
8513	8515	1	0.5026535
8513	8515	2	0.34352887
8514	8515	0	0.9848289
8514	8515	1	9.106762E-4
8514	8515	2	0.014260568
8514	8516	0	0.17921178
8514	8516	1	0.6016942
8514	8516	2	0.2190948
8514	8517	0	0.98401713
8514	8517	1	8.114091E-4
8514	8517	2	0.015171452
8515	8516	0	0.055438444
8515	8516	1	0.88354975
8515	8516	2	0.06101106
8515	8518	0	0.042498637
8515	8518	1	0.90923524
8515	8518	2	0.048266094
8515	8517	0	0.04606537
8515	8517	1	0.7462447
8515	8517	2	0.20769034
8516	8518	0	0.04601945
8516	8518	1	0.8781975
8516	8518	2	0.07578552
8516	8517	0	0.9854054
8516	8517	1	8.316777E-4
8516	8517	2	0.013769121
8518	8517	0	0.98401535
8518	8517	1	8.0995995E-4
8518	8517	2	0.01516981
8516	8519	0	0.108871825
8516	8519	1	0.75432855
8516	8519	2	0.13679944
8518	8519	0	0.1735026
8518	8519	1	0.6336493
8518	8519	2	0.19284815
8517	8519	0	0.08754588
8517	8519	1	0.8182883
8517	8519	2	0.09416595
8519	8520	0	0.11516261
8519	8520	1	0.7629808
8519	8520	2	0.121856466
8521	8522	0	0.07782417
8521	8522	1	0.6569776
8521	8522	2	0.26519817
8521	8523	0	0.4156968
8521	8523	1	0.23046929
8521	8523	2	0.3538339
8522	8523	0	0.9759847
8522	8523	1	0.0022743808
8522	8523	2	0.021740928
8522	8524	0	0.0664329
8522	8524	1	0.70578855
8522	8524	2	0.22777848
8522	8525	0	0.06296429
8522	8525	1	0.7898609
8522	8525	2	0.14717469
8522	8526	0	0.07181417
8522	8526	1	0.82691294
8522	8526	2	0.10127284
8523	8524	0	0.046172503
8523	8524	1	0.88627225
8523	8524	2	0.06755525
8523	8525	0	0.043025196
8523	8525	1	0.8984542
8523	8525	2	0.05852055
8523	8526	0	0.040254503
8523	8526	1	0.9084161
8523	8526	2	0.051329367
8524	8525	0	0.0012936977
8524	8525	1	0.9758983
8524	8525	2	0.022818193
8524	8526	0	9.48434E-4
8524	8526	1	0.97905403
8524	8526	2	0.020006992
8525	8526	0	0.002585637
8525	8526	1	0.93201756
8525	8526	2	0.06541069
8524	8527	0	0.121398255
8524	8527	1	0.7459459
8524	8527	2	0.1326563
8525	8527	0	0.12899572
8525	8527	1	0.72776145
8525	8527	2	0.14324337
8526	8527	0	0.12326027
8526	8527	1	0.7112476
8526	8527	2	0.16549256
8527	8528	0	0.13339545
8527	8528	1	0.7304029
8527	8528	2	0.13620055
8527	8529	0	0.12486921
8527	8529	1	0.6477364
8527	8529	2	0.22740215
8527	8530	0	0.14266862
8527	8530	1	0.6861466
8527	8530	2	0.17118435
8528	8529	0	0.99103343
8528	8529	1	0.0013900576
8528	8529	2	0.0074903304
8528	8530	0	0.9772696
8528	8530	1	0.0013467221
8528	8530	2	0.021173054
8529	8530	0	0.0023902876
8529	8530	1	0.95975864
8529	8530	2	0.037716605
8528	8531	0	0.897272
8528	8531	1	0.04784052
8528	8531	2	0.054887384
8528	8532	0	0.047625955
8528	8532	1	0.8923637
8528	8532	2	0.060011454
8529	8533	0	0.039474517
8529	8533	1	0.9167804
8529	8533	2	0.043745317
8529	8531	0	0.5276719
8529	8531	1	0.16245274
8529	8531	2	0.30987537
8529	8532	0	0.031515095
8529	8532	1	0.93230045
8529	8532	2	0.03618422
8530	8533	0	0.047152866
8530	8533	1	0.9011323
8530	8533	2	0.051715046
8530	8531	0	0.8375646
8530	8531	1	0.043437168
8530	8531	2	0.11899822
8530	8532	0	0.03917855
8530	8532	1	0.91673714
8530	8532	2	0.0440842
8533	8531	0	0.9919027
8533	8531	1	5.242248E-4
8533	8531	2	0.0075711836
8533	8532	0	0.004415895
8533	8532	1	0.9787819
8533	8532	2	0.016801545
8531	8532	0	4.8005447E-4
8531	8532	1	0.99461246
8531	8532	2	0.0049077175
8533	8534	0	0.97845864
8533	8534	1	0.007953872
8533	8534	2	0.013587417
8533	8535	0	0.9425771
8533	8535	1	0.02320564
8533	8535	2	0.03421737
8533	8536	0	0.8662361
8533	8536	1	0.06199341
8533	8536	2	0.07177044
8531	8534	0	0.6410961
8531	8534	1	0.13831359
8531	8534	2	0.22059025
8531	8535	0	0.10778951
8531	8535	1	0.564632
8531	8535	2	0.32757854
8531	8536	0	0.0021939073
8531	8536	1	0.9575746
8531	8536	2	0.04023144
8532	8534	0	0.97552216
8532	8534	1	0.008485766
8532	8534	2	0.015992029
8532	8535	0	0.9362732
8532	8535	1	0.02273087
8532	8535	2	0.040995907
8532	8536	0	0.8528466
8532	8536	1	0.057594616
8532	8536	2	0.08955883
8534	8535	0	0.016592715
8534	8535	1	0.94394124
8534	8535	2	0.039464552
8534	8536	0	4.5107977E-4
8534	8536	1	0.9920005
8534	8536	2	0.007546393
8535	8536	0	0.0015687392
8535	8536	1	0.94612896
8535	8536	2	0.05229991
8534	8537	0	0.4932128
8534	8537	1	0.21731232
8534	8537	2	0.28947482
8535	8537	0	0.574718
8535	8537	1	0.10608134
8535	8537	2	0.3192007
8536	8537	0	0.75404036
8536	8537	1	0.11270547
8536	8537	2	0.13325407
8538	8539	0	0.6221622
8538	8539	1	0.01861548
8538	8539	2	0.35922232
8539	8540	0	0.07832972
8539	8540	1	0.77340674
8539	8540	2	0.14826351
8539	8541	0	0.033572093
8539	8541	1	0.9246336
8539	8541	2	0.04179431
8540	8541	0	4.7402657E-4
8540	8541	1	0.99334246
8540	8541	2	0.0061833602
8540	8542	0	0.11896432
8540	8542	1	0.7555857
8540	8542	2	0.12544996
8540	8543	0	0.12728406
8540	8543	1	0.7397225
8540	8543	2	0.13299341
8541	8542	0	0.13200308
8541	8542	1	0.59875035
8541	8542	2	0.26924652
8542	8543	0	0.038667493
8542	8543	1	0.80545676
8542	8543	2	0.15587571
8542	8544	0	0.072774954
8542	8544	1	0.83867276
8542	8544	2	0.08855222
8542	8545	0	0.08598972
8542	8545	1	0.79250073
8542	8545	2	0.12150949
8543	8544	0	0.055965234
8543	8544	1	0.8633353
8543	8544	2	0.08069949
8543	8545	0	0.07554034
8543	8545	1	0.80496025
8543	8545	2	0.11949937
8544	8545	0	0.26842594
8544	8545	1	0.3498607
8544	8545	2	0.3817134
8544	8546	0	0.26712424
8544	8546	1	0.3241993
8544	8546	2	0.40867645
8545	8546	0	0.084527954
8545	8546	1	0.6784165
8545	8546	2	0.23705558
8547	8548	0	0.0064460617
8547	8548	1	0.91189146
8547	8548	2	0.08166243
8547	8549	0	4.6236554E-4
8547	8549	1	0.9939178
8547	8549	2	0.005619824
8547	8550	0	5.543663E-4
8547	8550	1	0.98741615
8547	8550	2	0.012029485
8548	8549	0	5.0345634E-4
8548	8549	1	0.99216676
8548	8549	2	0.007329818
8548	8550	0	7.053757E-4
8548	8550	1	0.98203397
8548	8550	2	0.017260626
8549	8550	0	0.9002999
8549	8550	1	0.0030437117
8549	8550	2	0.09665638
8549	8551	0	0.97746253
8549	8551	1	9.564364E-4
8549	8551	2	0.02158104
8550	8551	0	0.8966648
8550	8551	1	0.0049803173
8550	8551	2	0.09835487
8552	8553	0	0.05462063
8552	8553	1	0.8034323
8552	8553	2	0.14194708
8552	8554	0	0.065330274
8552	8554	1	0.86144286
8552	8554	2	0.07322682
8553	8554	0	0.0060569625
8553	8554	1	0.90304106
8553	8554	2	0.090902016
8553	8555	0	0.07768335
8553	8555	1	0.8386487
8553	8555	2	0.08366798
8554	8555	0	0.08711333
8554	8555	1	0.8210316
8554	8555	2	0.09185511
8555	8556	0	0.115684696
8555	8556	1	0.606279
8555	8556	2	0.2780363
8555	8557	0	0.9932288
8555	8557	1	5.01817E-4
8555	8557	2	0.0062693935
8558	8556	0	0.09990519
8558	8556	1	0.6378379
8558	8556	2	0.26225692
8558	8557	0	0.9932288
8558	8557	1	5.0183013E-4
8558	8557	2	0.0062694065
8556	8557	0	0.9889699
8556	8557	1	6.2866486E-4
8556	8557	2	0.010401399
8558	8559	0	0.94253474
8558	8559	1	0.05746529
8558	8559	2	0.0
8556	8559	0	0.313967
8556	8559	1	0.17142498
8556	8559	2	0.514608
8557	8559	0	9.272457E-4
8557	8559	1	0.9807813
8557	8559	2	0.018291429
8560	8561	0	0.004531479
8560	8561	1	0.95864713
8560	8561	2	0.03682144
8560	8562	0	0.106306314
8560	8562	1	0.37083673
8560	8562	2	0.5228569
8561	8562	0	0.74547696
8561	8562	1	0.07295464
8561	8562	2	0.18156837
8562	8563	0	0.086001195
8562	8563	1	0.55862653
8562	8563	2	0.35537228
8562	8564	0	0.8502111
8562	8564	1	0.07028271
8562	8564	2	0.07950621
8563	8564	0	0.98715746
8563	8564	1	6.1852497E-4
8563	8564	2	0.012224005
8565	8566	0	0.0052006883
8565	8566	1	0.9686315
8565	8566	2	0.026167773
8565	8567	0	5.167858E-4
8565	8567	1	0.99529386
8565	8567	2	0.0041893385
8566	8568	0	0.39117807
8566	8568	1	0.22798087
8566	8568	2	0.38084105
8566	8567	0	5.087496E-4
8566	8567	1	0.9931692
8566	8567	2	0.0063220765
8568	8567	0	5.1678595E-4
8568	8567	1	0.99529386
8568	8567	2	0.0041893376
8568	8569	0	0.96887606
8568	8569	1	0.008911798
8568	8569	2	0.02221213
8567	8569	0	0.9931865
8567	8569	1	4.7560965E-4
8567	8569	2	0.0063379304
8570	8571	0	0.9856396
8570	8571	1	5.5578054E-4
8570	8571	2	0.013804589
8570	8572	0	0.89589655
8570	8572	1	0.0044392203
8570	8572	2	0.099664204
8570	8573	0	0.9817759
8570	8573	1	7.3515775E-4
8570	8573	2	0.017488934
8571	8572	0	0.11056276
8571	8572	1	0.7136561
8571	8572	2	0.17578113
8571	8573	0	0.07635501
8571	8573	1	0.5815004
8571	8573	2	0.3421446
8572	8573	0	0.9050524
8572	8573	1	0.0041309586
8572	8573	2	0.09081662
8572	8574	0	0.08507492
8572	8574	1	0.8113818
8572	8574	2	0.103543304
8572	8575	0	0.08257277
8572	8575	1	0.8190559
8572	8575	2	0.098371334
8572	8576	0	0.061263293
8572	8576	1	0.72815084
8572	8576	2	0.21058579
8573	8574	0	0.06341872
8573	8574	1	0.86173344
8573	8574	2	0.07484787
8573	8575	0	0.060044695
8573	8575	1	0.86803687
8573	8575	2	0.07191849
8573	8576	0	0.052483447
8573	8576	1	0.8012997
8573	8576	2	0.1462169
8574	8575	0	0.003204069
8574	8575	1	0.89969444
8574	8575	2	0.09710236
8574	8576	0	0.6679855
8574	8576	1	0.023316618
8574	8576	2	0.30869946
8575	8576	0	0.9426181
8575	8576	1	0.0019917062
8575	8576	2	0.05539092
8574	8577	0	0.09447081
8574	8577	1	0.80539757
8574	8577	2	0.10013152
8575	8577	0	0.08908488
8575	8577	1	0.7860444
8575	8577	2	0.12487067
8576	8577	0	0.073494755
8576	8577	1	0.84566736
8576	8577	2	0.080837846
8577	8578	0	0.9930309
8577	8578	1	5.23686E-4
8577	8578	2	0.0064453837
8579	8580	0	0.008834606
8579	8580	1	0.87813234
8579	8580	2	0.1130331
8579	8581	0	0.051638022
8579	8581	1	0.8258526
8579	8581	2	0.12250946
8579	8582	0	0.1556134
8579	8582	1	0.3409227
8579	8582	2	0.50346386
8579	8583	0	0.055779062
8579	8583	1	0.8778513
8579	8583	2	0.06636962
8580	8581	0	0.054975383
8580	8581	1	0.8435997
8580	8581	2	0.1014249
8580	8582	0	0.06792219
8580	8582	1	0.47226864
8580	8582	2	0.45980918
8580	8583	0	0.055407126
8580	8583	1	0.8784583
8580	8583	2	0.066134565
8581	8582	0	0.73716545
8581	8582	1	0.023984842
8581	8582	2	0.23884968
8581	8583	0	5.3987297E-4
8581	8583	1	0.99046755
8581	8583	2	0.008992542
8582	8583	0	6.4043846E-4
8582	8583	1	0.9888214
8582	8583	2	0.010538233
8581	8584	0	0.10092474
8581	8584	1	0.79218733
8581	8584	2	0.10688792
8582	8584	0	0.0045801904
8582	8584	1	0.984329
8582	8584	2	0.011090805
8583	8584	0	0.11194044
8583	8584	1	0.7629924
8583	8584	2	0.1250671
8584	8585	0	0.9791472
8584	8585	1	0.0011061932
8584	8585	2	0.019746594
8585	8586	0	8.222994E-4
8585	8586	1	0.985299
8585	8586	2	0.013878686
8585	8587	0	5.496416E-4
8585	8587	1	0.9942199
8585	8587	2	0.0052303746
8586	8587	0	5.463588E-4
8586	8587	1	0.993513
8586	8587	2	0.005940659
8588	8589	0	0.08258593
8588	8589	1	0.5276115
8588	8589	2	0.38980255
8588	8590	0	7.1922236E-4
8588	8590	1	0.9795495
8588	8590	2	0.019731186
8589	8590	0	9.684691E-4
8589	8590	1	0.9648277
8589	8590	2	0.034203753
8591	8592	0	0.8960451
8591	8592	1	0.004239942
8591	8592	2	0.099714845
8591	8593	0	0.0047124475
8591	8593	1	0.9714533
8591	8593	2	0.023834238
8591	8594	0	0.039688826
8591	8594	1	0.89494944
8591	8594	2	0.06536175
8592	8593	0	0.0050204396
8592	8593	1	0.97340995
8592	8593	2	0.021569625
8592	8594	0	0.040400714
8592	8594	1	0.898073
8592	8594	2	0.06152621
8593	8594	0	0.6784154
8593	8594	1	0.00583243
8593	8594	2	0.31575215
8593	8595	0	0.899601
8593	8595	1	0.0034434688
8593	8595	2	0.0969556
8593	8596	0	0.8944801
8593	8596	1	0.0018934886
8593	8596	2	0.103626356
8593	8597	0	0.55298615
8593	8597	1	0.015949488
8593	8597	2	0.43106434
8594	8595	0	0.7246698
8594	8595	1	0.05266375
8594	8595	2	0.22266644
8594	8596	0	0.83424795
8594	8596	1	0.006863458
8594	8596	2	0.15888861
8594	8597	0	0.22286187
8594	8597	1	0.16522393
8594	8597	2	0.61191416
8595	8596	0	0.0822238
8595	8596	1	0.4648058
8595	8596	2	0.45298824
8595	8597	0	0.02452198
8595	8597	1	0.6372812
8595	8597	2	0.3382172
8596	8597	0	0.0044604237
8596	8597	1	0.86535364
8596	8597	2	0.13020013
8595	8598	0	0.08535758
8595	8598	1	0.7148584
8595	8598	2	0.19978403
8596	8598	0	0.082565546
8596	8598	1	0.71073806
8596	8598	2	0.20669645
8597	8598	0	0.05435981
8597	8598	1	0.6498202
8597	8598	2	0.29581994
8598	8599	0	0.100664005
8598	8599	1	0.7860594
8598	8599	2	0.11327652
8598	8600	0	0.10297028
8598	8600	1	0.7895519
8598	8600	2	0.10747777
8599	8600	0	5.925499E-4
8599	8600	1	0.99314594
8599	8600	2	0.0062614386
8600	8601	0	0.6952918
8600	8601	1	0.10573642
8600	8601	2	0.19897169
8601	8602	0	0.8661559
8601	8602	1	0.053683713
8601	8602	2	0.08016033
8601	8603	0	0.0016778184
8601	8603	1	0.95844257
8601	8603	2	0.039879628
8601	8604	0	0.84800756
8601	8604	1	0.05051305
8601	8604	2	0.10147939
8602	8603	0	6.6373206E-4
8602	8603	1	0.98950213
8602	8603	2	0.0098341275
8602	8604	0	0.07097374
8602	8604	1	0.71305263
8602	8604	2	0.21597359
8603	8604	0	0.98092675
8603	8604	1	0.0010185485
8603	8604	2	0.018054714
8602	8605	0	0.059016548
8602	8605	1	0.85496277
8602	8605	2	0.08602073
8603	8605	0	0.6210506
8603	8605	1	0.056065213
8603	8605	2	0.3228842
8604	8605	0	0.058173627
8604	8605	1	0.8496227
8604	8605	2	0.092203714
8605	8606	0	0.13332836
8605	8606	1	0.72817564
8605	8606	2	0.13849598
8606	8607	0	0.04690168
8606	8607	1	0.6866679
8606	8607	2	0.26643038
8606	8608	0	0.899035
8606	8608	1	0.02179683
8606	8608	2	0.079168156
8607	8608	0	0.9545431
8607	8608	1	0.002039355
8607	8608	2	0.04343011
8607	8609	0	0.96638227
8607	8609	1	0.00128738
8607	8609	2	0.03233029
8607	8610	0	0.8056885
8607	8610	1	0.006410157
8607	8610	2	0.18790136
8607	8611	0	0.96726537
8607	8611	1	0.0014861086
8607	8611	2	0.031248543
8608	8609	0	0.16649339
8608	8609	1	0.32768974
8608	8609	2	0.5058168
8608	8610	0	0.053110242
8608	8610	1	0.8339715
8608	8610	2	0.11291827
8608	8611	0	0.096219406
8608	8611	1	0.5027794
8608	8611	2	0.4010011
8609	8610	0	0.002059876
8609	8610	1	0.9608091
8609	8610	2	0.03708985
8609	8611	0	0.09782944
8609	8611	1	0.6322918
8609	8611	2	0.26982749
8610	8611	0	0.71146286
8610	8611	1	0.045291368
8610	8611	2	0.24319583
8609	8612	0	0.077390306
8609	8612	1	0.7454606
8609	8612	2	0.17714901
8609	8613	0	0.08125038
8609	8613	1	0.7797606
8609	8613	2	0.13898894
8609	8614	0	0.077920586
8609	8614	1	0.8047895
8609	8614	2	0.11728992
8610	8612	0	0.08135675
8610	8612	1	0.47489363
8610	8612	2	0.44374967
8610	8613	0	0.08191745
8610	8613	1	0.5773954
8610	8613	2	0.34068716
8610	8614	0	0.087262094
8610	8614	1	0.63987213
8610	8614	2	0.27286574
8611	8612	0	0.08011749
8611	8612	1	0.7503276
8611	8612	2	0.16955489
8611	8613	0	0.082423724
8611	8613	1	0.7827034
8611	8613	2	0.13487288
8611	8614	0	0.07868292
8611	8614	1	0.8084072
8611	8614	2	0.1129098
8612	8613	0	0.024909742
8612	8613	1	0.66731083
8612	8613	2	0.30778083
8612	8614	0	0.023140334
8612	8614	1	0.7629896
8612	8614	2	0.21387152
8613	8614	0	0.14255711
8613	8614	1	0.29840028
8613	8614	2	0.5590439
8612	8615	0	0.07192718
8612	8615	1	0.84208655
8612	8615	2	0.08598633
8612	8616	0	0.069787554
8612	8616	1	0.8345742
8612	8616	2	0.095638245
8612	8617	0	0.9227967
8612	8617	1	0.01294454
8612	8617	2	0.064258724
8613	8615	0	0.08517072
8613	8615	1	0.816902
8613	8615	2	0.09792739
8613	8616	0	0.08344725
8613	8616	1	0.8115784
8613	8616	2	0.10497436
8613	8617	0	0.87032306
8613	8617	1	0.013824664
8613	8617	2	0.11585224
8614	8615	0	0.09743033
8614	8615	1	0.7914451
8614	8615	2	0.11112458
8614	8616	0	0.09520906
8614	8616	1	0.78554887
8614	8616	2	0.11924197
8614	8617	0	0.76188576
8614	8617	1	0.03280917
8614	8617	2	0.20530507
8615	8616	0	8.3129806E-4
8615	8616	1	0.9796087
8615	8616	2	0.019560147
8615	8617	0	0.98360914
8615	8617	1	7.9002493E-4
8615	8617	2	0.015601172
8616	8617	0	0.9867354
8616	8617	1	6.0678145E-4
8616	8617	2	0.0126579385
8618	8619	0	0.5641571
8618	8619	1	0.1370618
8618	8619	2	0.2987811
8618	8620	0	0.074708484
8618	8620	1	0.8435997
8618	8620	2	0.081691846
8619	8620	0	5.501964E-4
8619	8620	1	0.9913095
8619	8620	2	0.008140496
8619	8621	0	0.040268004
8619	8621	1	0.9148512
8619	8621	2	0.044880804
8619	8622	0	0.115131795
8619	8622	1	0.6776057
8619	8622	2	0.20726249
8620	8621	0	0.09176469
8620	8621	1	0.811141
8620	8621	2	0.097094245
8620	8622	0	0.8520882
8620	8622	1	0.012199519
8620	8622	2	0.13571228
8621	8622	0	0.9815684
8621	8622	1	8.0151163E-4
8621	8622	2	0.017630016
8621	8623	0	0.9558315
8621	8623	1	0.0014274048
8621	8623	2	0.042741057
8621	8624	0	0.087672606
8621	8624	1	0.37244022
8621	8624	2	0.53988713
8621	8625	0	0.06311187
8621	8625	1	0.5776199
8621	8625	2	0.35926828
8622	8623	0	0.08971852
8622	8623	1	0.7821066
8622	8623	2	0.12817483
8622	8624	0	0.08389562
8622	8624	1	0.8220892
8622	8624	2	0.09401521
8622	8625	0	0.04864332
8622	8625	1	0.89337337
8622	8625	2	0.05798328
8623	8624	0	7.174933E-4
8623	8624	1	0.9838044
8623	8624	2	0.015478019
8623	8625	0	6.608754E-4
8623	8625	1	0.9868225
8623	8625	2	0.012516639
8624	8625	0	0.0155654065
8624	8625	1	0.7246114
8624	8625	2	0.25982314
8623	8626	0	0.059405908
8623	8626	1	0.8732518
8623	8626	2	0.067342296
8624	8626	0	0.061549075
8624	8626	1	0.80821836
8624	8626	2	0.13023253
8625	8626	0	0.08595405
8625	8626	1	0.5773361
8625	8626	2	0.33670992
8244	8248	0	0.2951799
8248	8244	0	0.37148678
8244	8248	1	0.40964016
8248	8244	1	0.31425664
8244	8248	2	0.2951799
8248	8244	2	0.31425664
8244	8247	0	0.30561358
8247	8244	0	0.36105308
8244	8247	1	0.38877285
8247	8244	1	0.31947345
8244	8247	2	0.30561358
8247	8244	2	0.31947345
8245	8249	0	0.33333334
8249	8245	0	0.33333334
8245	8249	1	0.33333334
8249	8245	1	0.33333334
8245	8249	2	0.33333337
8249	8245	2	0.33333337
8245	8250	0	0.2775942
8250	8245	0	0.38907248
8245	8250	1	0.4448116
8250	8245	1	0.30546373
8245	8250	2	0.27759415
8250	8245	2	0.30546373
8245	8251	0	0.27759424
8251	8245	0	0.38907245
8245	8251	1	0.44481158
8251	8245	1	0.30546376
8245	8251	2	0.27759418
8251	8245	2	0.30546373
8246	8249	0	0.33333334
8249	8246	0	0.33333334
8246	8249	1	0.33333337
8249	8246	1	0.33333334
8246	8249	2	0.33333334
8249	8246	2	0.33333334
8246	8250	0	0.29177797
8250	8246	0	0.37488872
8246	8250	1	0.416444
8250	8246	1	0.31255567
8246	8250	2	0.29177797
8250	8246	2	0.31255567
8246	8251	0	0.29177803
8251	8246	0	0.3748887
8246	8251	1	0.41644406
8251	8246	1	0.31255567
8246	8251	2	0.29177803
8251	8246	2	0.31255567
8250	8251	0	0.33333328
8251	8250	0	0.33333334
8250	8251	1	0.3333333
8251	8250	1	0.3333333
8250	8251	2	0.3333333
8251	8250	2	0.3333333
8252	8256	0	0.28225
8256	8252	0	0.38441664
8252	8256	1	0.4355
8256	8252	1	0.30779165
8252	8256	2	0.28225005
8256	8252	2	0.30779165
8252	8254	0	0.3333333
8254	8252	0	0.3333333
8252	8254	1	0.3333333
8254	8252	1	0.33333334
8252	8254	2	0.3333333
8254	8252	2	0.3333333
8252	8255	0	0.3333333
8255	8252	0	0.3333333
8252	8255	1	0.3333333
8255	8252	1	0.3333333
8252	8255	2	0.33333334
8255	8252	2	0.3333333
8253	8257	0	0.3333333
8257	8253	0	0.33333334
8253	8257	1	0.3333333
8257	8253	1	0.33333334
8253	8257	2	0.3333333
8257	8253	2	0.33333334
8258	8261	0	0.30202112
8261	8258	0	0.36464557
8258	8261	1	0.39595783
8261	8258	1	0.3176772
8258	8261	2	0.3020211
8261	8258	2	0.3176772
8258	8262	0	0.2974217
8262	8258	0	0.369245
8258	8262	1	0.40515664
8262	8258	1	0.3153775
8258	8262	2	0.29742163
8262	8258	2	0.31537747
8259	8261	0	0.30246642
8261	8259	0	0.36420026
8259	8261	1	0.39506716
8261	8259	1	0.31789988
8259	8261	2	0.30246645
8261	8259	2	0.31789988
8259	8262	0	0.297867
8262	8259	0	0.3687997
8259	8262	1	0.404266
8262	8259	1	0.31560016
8259	8262	2	0.29786703
8262	8259	2	0.31560022
8263	8265	0	0.32561064
8265	8263	0	0.34105605
8263	8265	1	0.34877872
8265	8263	1	0.32947198
8263	8265	2	0.3256106
8265	8263	2	0.32947198
8264	8266	0	0.28544027
8266	8264	0	0.3812264
8264	8266	1	0.42911947
8266	8264	1	0.3093868
8264	8266	2	0.28544027
8266	8264	2	0.30938682
8269	8275	0	0.27441043
8275	8269	0	0.39225647
8269	8275	1	0.4511794
8275	8269	1	0.303872
8269	8275	2	0.2744105
8275	8269	2	0.30387193
8269	8276	0	0.27737722
8276	8269	0	0.38928932
8269	8276	1	0.4452451
8276	8269	1	0.30535537
8269	8276	2	0.27737725
8276	8269	2	0.3053553
8269	8277	0	0.3333333
8277	8269	0	0.33333334
8269	8277	1	0.3333333
8277	8269	1	0.33333334
8269	8277	2	0.33333337
8277	8269	2	0.33333337
8269	8278	0	0.3333333
8278	8269	0	0.33333328
8269	8278	1	0.3333333
8278	8269	1	0.3333333
8269	8278	2	0.33333328
8278	8269	2	0.3333333
8270	8275	0	0.27361313
8275	8270	0	0.3930539
8270	8275	1	0.45277417
8275	8270	1	0.3034733
8270	8275	2	0.27361315
8275	8270	2	0.30347332
8270	8276	0	0.27657998
8276	8270	0	0.39008668
8270	8276	1	0.44683987
8276	8270	1	0.3049567
8270	8276	2	0.27658
8276	8270	2	0.30495667
8270	8277	0	0.33333337
8277	8270	0	0.33333337
8270	8277	1	0.33333337
8277	8270	1	0.33333337
8270	8277	2	0.3333333
8277	8270	2	0.33333334
8270	8278	0	0.3333333
8278	8270	0	0.3333333
8270	8278	1	0.3333333
8278	8270	1	0.33333334
8270	8278	2	0.33333334
8278	8270	2	0.3333333
8271	8275	0	0.31025556
8275	8271	0	0.35641134
8271	8275	1	0.3794893
8275	8271	1	0.32179445
8271	8275	2	0.31025553
8275	8271	2	0.3217945
8271	8276	0	0.31227413
8276	8271	0	0.35439277
8271	8276	1	0.37545207
8276	8271	1	0.3228038
8271	8276	2	0.3122741
8276	8271	2	0.32280377
8271	8277	0	0.33333328
8277	8271	0	0.3333333
8271	8277	1	0.3333333
8277	8271	1	0.33333328
8271	8277	2	0.3333333
8277	8271	2	0.3333333
8271	8278	0	0.34131408
8278	8271	0	0.33133802
8271	8278	1	0.3293427
8278	8271	1	0.3373237
8271	8278	2	0.32934266
8278	8271	2	0.331338
8272	8275	0	0.3333333
8275	8272	0	0.3333333
8272	8275	1	0.33333328
8275	8272	1	0.33333334
8272	8275	2	0.3333333
8275	8272	2	0.3333333
8272	8276	0	0.3333333
8276	8272	0	0.3333333
8272	8276	1	0.3333333
8276	8272	1	0.3333333
8272	8276	2	0.33333328
8276	8272	2	0.3333333
8272	8277	0	0.37118518
8277	8272	0	0.32387057
8272	8277	1	0.31440777
8277	8272	1	0.3522595
8272	8277	2	0.31440783
8277	8272	2	0.3238706
8272	8278	0	0.449109
8278	8272	0	0.30438933
8272	8278	1	0.2754454
8278	8272	1	0.3912212
8272	8278	2	0.27544543
8278	8272	2	0.30438933
8273	8279	0	0.337743
8279	8273	0	0.3322309
8273	8279	1	0.3311285
8279	8273	1	0.33553815
8273	8279	2	0.33112854
8279	8273	2	0.3322309
8273	8280	0	0.33333334
8280	8273	0	0.3333333
8273	8280	1	0.33333334
8280	8273	1	0.3333333
8273	8280	2	0.33333328
8280	8273	2	0.3333333
8273	8281	0	0.34517136
8281	8273	0	0.3303738
8273	8281	1	0.32741424
8281	8273	1	0.3392524
8273	8281	2	0.32741436
8281	8273	2	0.33037385
8273	8282	0	0.35085064
8282	8273	0	0.3289541
8273	8282	1	0.32457477
8282	8273	1	0.34209207
8273	8282	2	0.32457495
8282	8273	2	0.3289541
8274	8279	0	0.3333333
8279	8274	0	0.3333333
8274	8279	1	0.3333333
8279	8274	1	0.3333333
8274	8279	2	0.33333334
8279	8274	2	0.3333333
8274	8280	0	0.3333333
8280	8274	0	0.3333333
8274	8280	1	0.3333333
8280	8274	1	0.3333333
8274	8280	2	0.33333334
8280	8274	2	0.33333334
8274	8281	0	0.3333333
8281	8274	0	0.3333333
8274	8281	1	0.3333333
8281	8274	1	0.3333333
8274	8281	2	0.33333334
8281	8274	2	0.3333333
8274	8282	0	0.3333333
8282	8274	0	0.33333334
8274	8282	1	0.3333333
8282	8274	1	0.33333337
8274	8282	2	0.33333337
8282	8274	2	0.33333337
8275	8283	0	0.48439187
8283	8275	0	0.295569
8275	8283	1	0.25780457
8283	8275	1	0.4088619
8275	8283	2	0.25780454
8283	8275	2	0.2955691
8275	8284	0	0.38470432
8284	8275	0	0.32049084
8275	8284	1	0.3076483
8284	8275	1	0.3590184
8275	8284	2	0.3076483
8284	8275	2	0.3204909
8275	8285	0	0.33333337
8285	8275	0	0.3333333
8275	8285	1	0.3333333
8285	8275	1	0.33333334
8275	8285	2	0.33333328
8285	8275	2	0.3333333
8276	8283	0	0.4359452
8283	8276	0	0.30768082
8276	8283	1	0.2820281
8283	8276	1	0.3846386
8276	8283	2	0.28202814
8283	8276	2	0.30768093
8276	8284	0	0.37187704
8284	8276	0	0.32369763
8276	8284	1	0.31406188
8284	8276	1	0.35260507
8276	8284	2	0.31406197
8284	8276	2	0.3236977
8276	8285	0	0.33333334
8285	8276	0	0.33333334
8276	8285	1	0.33333334
8285	8276	1	0.33333337
8276	8285	2	0.33333328
8285	8276	2	0.33333328
8277	8279	0	0.33333278
8279	8277	0	0.33333248
8277	8279	1	0.33333275
8279	8277	1	0.3333325
8277	8279	2	0.33333284
8279	8277	2	0.33333254
8277	8283	0	0.33333322
8283	8277	0	0.33333328
8277	8283	1	0.33333322
8283	8277	1	0.33333328
8277	8283	2	0.33333316
8283	8277	2	0.33333322
8277	8284	0	0.33333328
8284	8277	0	0.3333333
8277	8284	1	0.33333325
8284	8277	1	0.33333328
8277	8284	2	0.33333328
8284	8277	2	0.3333333
8277	8285	0	0.29195502
8285	8277	0	0.37471148
8277	8285	1	0.4160897
8285	8277	1	0.31264406
8277	8285	2	0.29195505
8285	8277	2	0.31264415
8278	8283	0	0.3333333
8283	8278	0	0.3333333
8278	8283	1	0.3333333
8283	8278	1	0.3333333
8278	8283	2	0.3333333
8283	8278	2	0.33333334
8278	8284	0	0.32914135
8284	8278	0	0.33752593
8278	8284	1	0.34171915
8284	8278	1	0.33123732
8278	8284	2	0.32914144
8284	8278	2	0.33123747
8278	8285	0	0.23406786
8285	8278	0	0.43259907
8278	8285	1	0.5318648
8285	8278	1	0.28370064
8278	8285	2	0.23406792
8285	8278	2	0.28370067
8279	8286	0	0.33333337
8286	8279	0	0.33333334
8279	8286	1	0.33333337
8286	8279	1	0.3333333
8279	8286	2	0.3333333
8286	8279	2	0.3333333
8280	8286	0	0.33333328
8286	8280	0	0.3333333
8280	8286	1	0.3333333
8286	8280	1	0.3333333
8280	8286	2	0.33333334
8286	8280	2	0.33333334
8281	8286	0	0.33333334
8286	8281	0	0.33333337
8281	8286	1	0.33333337
8286	8281	1	0.33333334
8281	8286	2	0.33333337
8286	8281	2	0.33333337
8282	8286	0	0.33333337
8286	8282	0	0.3333333
8282	8286	1	0.33333334
8286	8282	1	0.33333337
8282	8286	2	0.33333328
8286	8282	2	0.33333328
8283	8288	0	0.2982239
8288	8283	0	0.3684427
8283	8288	1	0.4035521
8288	8283	1	0.3157786
8283	8288	2	0.29822403
8288	8283	2	0.31577873
8283	8287	0	0.29942548
8287	8283	0	0.36724117
8283	8287	1	0.401149
8287	8283	1	0.3163794
8283	8287	2	0.29942554
8287	8283	2	0.31637943
8284	8288	0	0.29810703
8288	8284	0	0.3685596
8284	8288	1	0.40378594
8288	8284	1	0.31572017
8284	8288	2	0.2981071
8288	8284	2	0.31572017
8284	8287	0	0.2993086
8287	8284	0	0.36735803
8284	8287	1	0.4013828
8287	8284	1	0.31632096
8284	8287	2	0.2993086
8287	8284	2	0.31632096
8285	8288	0	0.33333334
8288	8285	0	0.33333334
8285	8288	1	0.33333334
8288	8285	1	0.33333334
8285	8288	2	0.33333334
8288	8285	2	0.33333334
8285	8287	0	0.33333334
8287	8285	0	0.33333328
8285	8287	1	0.3333333
8287	8285	1	0.3333333
8285	8287	2	0.33333337
8287	8285	2	0.33333337
8289	8295	0	0.3988601
8295	8289	0	0.31695163
8289	8295	1	0.30056995
8295	8289	1	0.36609674
8289	8295	2	0.30056995
8295	8289	2	0.3169516
8290	8295	0	0.33333334
8295	8290	0	0.33333334
8290	8295	1	0.3333333
8295	8290	1	0.33333334
8290	8295	2	0.33333334
8295	8290	2	0.33333334
8291	8295	0	0.33333334
8295	8291	0	0.33333337
8291	8295	1	0.33333334
8295	8291	1	0.33333334
8291	8295	2	0.33333334
8295	8291	2	0.33333334
8292	8295	0	0.33333334
8295	8292	0	0.33333334
8292	8295	1	0.33333334
8295	8292	1	0.33333334
8292	8295	2	0.33333337
8295	8292	2	0.33333337
8293	8296	0	0.33333337
8296	8293	0	0.33333334
8293	8296	1	0.33333334
8296	8293	1	0.33333334
8293	8296	2	0.33333334
8296	8293	2	0.33333334
8293	8297	0	0.3333333
8297	8293	0	0.33333334
8293	8297	1	0.3333333
8297	8293	1	0.3333333
8293	8297	2	0.33333334
8297	8293	2	0.33333337
8293	8298	0	0.3333333
8298	8293	0	0.3333333
8293	8298	1	0.3333333
8298	8293	1	0.3333333
8293	8298	2	0.3333333
8298	8293	2	0.3333333
8294	8296	0	0.33333337
8296	8294	0	0.33333328
8294	8296	1	0.3333333
8296	8294	1	0.33333334
8294	8296	2	0.33333337
8296	8294	2	0.33333337
8294	8297	0	0.33333334
8297	8294	0	0.33333337
8294	8297	1	0.33333334
8297	8294	1	0.33333334
8294	8297	2	0.33333334
8297	8294	2	0.33333337
8294	8298	0	0.3333333
8298	8294	0	0.3333333
8294	8298	1	0.3333333
8298	8294	1	0.3333333
8294	8298	2	0.33333337
8298	8294	2	0.33333337
8295	8299	0	0.2603746
8299	8295	0	0.40629208
8295	8299	1	0.47925085
8299	8295	1	0.29685393
8295	8299	2	0.2603746
8299	8295	2	0.29685402
8295	8300	0	0.24905829
8300	8295	0	0.4176084
8295	8300	1	0.5018835
8300	8295	1	0.2911958
8295	8300	2	0.24905826
8300	8295	2	0.2911958
8296	8301	0	0.32983497
8301	8296	0	0.33683175
8296	8301	1	0.34033006
8301	8296	1	0.33158416
8296	8301	2	0.32983494
8301	8296	2	0.33158416
8296	8302	0	0.29159164
8302	8296	0	0.37507504
8296	8302	1	0.4168167
8302	8296	1	0.31246248
8296	8302	2	0.2915916
8302	8296	2	0.31246248
8297	8301	0	0.33202296
8301	8297	0	0.33464372
8297	8301	1	0.33595413
8301	8297	1	0.33267814
8297	8301	2	0.3320229
8301	8297	2	0.33267808
8297	8302	0	0.29495454
8302	8297	0	0.37171212
8297	8302	1	0.41009098
8302	8297	1	0.31414393
8297	8302	2	0.29495448
8302	8297	2	0.31414393
8298	8301	0	0.32911748
8301	8298	0	0.33754915
8298	8301	1	0.34176502
8301	8298	1	0.3312254
8298	8301	2	0.32911745
8301	8298	2	0.3312254
8298	8302	0	0.29059985
8302	8298	0	0.3760668
8298	8302	1	0.41880026
8302	8298	1	0.31196657
8298	8302	2	0.29059982
8302	8298	2	0.31196657
8299	8303	0	0.3320585
8303	8299	0	0.33460814
8299	8303	1	0.33588296
8303	8299	1	0.33269587
8299	8303	2	0.33205855
8303	8299	2	0.33269596
8300	8303	0	0.3333333
8303	8300	0	0.33333334
8300	8303	1	0.3333333
8303	8300	1	0.33333334
8300	8303	2	0.3333333
8303	8300	2	0.33333334
8301	8304	0	0.28531697
8304	8301	0	0.38134965
8301	8304	1	0.42936605
8304	8301	1	0.30932516
8301	8304	2	0.285317
8304	8301	2	0.30932516
8302	8304	0	0.3328181
8304	8302	0	0.3338486
8302	8304	1	0.3343638
8304	8302	1	0.3330757
8302	8304	2	0.3328181
8304	8302	2	0.3330757
8303	8305	0	0.33112925
8305	8303	0	0.33553746
8303	8305	1	0.33774155
8305	8303	1	0.33223128
8303	8305	2	0.3311292
8305	8303	2	0.33223128
8304	8306	0	0.3333333
8306	8304	0	0.33333334
8304	8306	1	0.3333333
8306	8304	1	0.33333334
8304	8306	2	0.3333333
8306	8304	2	0.33333334
8305	8307	0	0.3333333
8307	8305	0	0.33333334
8305	8307	1	0.3333333
8307	8305	1	0.33333334
8305	8307	2	0.3333333
8307	8305	2	0.33333334
8306	8308	0	0.3333333
8308	8306	0	0.3333333
8306	8308	1	0.3333333
8308	8306	1	0.3333333
8306	8308	2	0.33333334
8308	8306	2	0.33333334
8306	8309	0	0.29053026
8309	8306	0	0.37613642
8306	8309	1	0.41893947
8309	8306	1	0.3119318
8306	8309	2	0.29053026
8309	8306	2	0.3119318
8307	8310	0	0.3333333
8310	8307	0	0.33333334
8307	8310	1	0.33333334
8310	8307	1	0.3333333
8307	8310	2	0.33333334
8310	8307	2	0.33333334
8309	8310	0	0.33333334
8310	8309	0	0.3333333
8309	8310	1	0.33333334
8310	8309	1	0.3333333
8309	8310	2	0.33333334
8310	8309	2	0.3333333
8323	8330	0	0.3077461
8330	8323	0	0.35892057
8323	8330	1	0.38450778
8330	8323	1	0.3205397
8323	8330	2	0.3077461
8330	8323	2	0.32053977
8323	8331	0	0.31112182
8331	8323	0	0.35554487
8323	8331	1	0.37775636
8331	8323	1	0.3222276
8323	8331	2	0.31112188
8331	8323	2	0.3222276
8324	8330	0	0.29705378
8330	8324	0	0.36961287
8324	8330	1	0.40589243
8330	8324	1	0.31519356
8324	8330	2	0.2970538
8330	8324	2	0.31519356
8324	8331	0	0.30042952
8331	8324	0	0.36623716
8324	8331	1	0.39914095
8331	8324	1	0.31688145
8324	8331	2	0.30042952
8331	8324	2	0.31688142
8325	8330	0	0.30817667
8330	8325	0	0.35849002
8325	8330	1	0.3836467
8330	8325	1	0.320755
8325	8330	2	0.3081767
8330	8325	2	0.320755
8325	8331	0	0.31155235
8331	8325	0	0.35511428
8325	8331	1	0.37689525
8331	8325	1	0.32244286
8325	8331	2	0.3115524
8331	8325	2	0.32244283
8326	8330	0	0.3333333
8330	8326	0	0.3333333
8326	8330	1	0.3333333
8330	8326	1	0.3333333
8326	8330	2	0.33333334
8330	8326	2	0.3333333
8326	8331	0	0.3333333
8331	8326	0	0.3333333
8326	8331	1	0.33333334
8331	8326	1	0.3333333
8326	8331	2	0.3333333
8331	8326	2	0.3333333
8327	8330	0	0.29626405
8330	8327	0	0.37040266
8327	8330	1	0.40747195
8330	8327	1	0.3147987
8327	8330	2	0.29626405
8330	8327	2	0.3147987
8327	8331	0	0.29963976
8331	8327	0	0.36702687
8327	8331	1	0.40072042
8331	8327	1	0.31648654
8327	8331	2	0.29963976
8331	8327	2	0.31648654
8332	8335	0	0.3333333
8335	8332	0	0.33333334
8332	8335	1	0.3333333
8335	8332	1	0.33333337
8332	8335	2	0.3333333
8335	8332	2	0.33333334
8333	8335	0	0.3333333
8335	8333	0	0.3333333
8333	8335	1	0.3333333
8335	8333	1	0.33333334
8333	8335	2	0.3333333
8335	8333	2	0.3333333
8334	8336	0	0.33333334
8336	8334	0	0.3333333
8334	8336	1	0.3333333
8336	8334	1	0.33333334
8334	8336	2	0.3333333
8336	8334	2	0.3333333
8334	8337	0	0.3333333
8337	8334	0	0.33333334
8334	8337	1	0.33333334
8337	8334	1	0.3333333
8334	8337	2	0.3333333
8337	8334	2	0.33333334
8334	8338	0	0.3333333
8338	8334	0	0.33333334
8334	8338	1	0.3333333
8338	8334	1	0.33333334
8334	8338	2	0.33333334
8338	8334	2	0.33333337
8335	8339	0	0.2206406
8339	8335	0	0.44602612
8335	8339	1	0.5587189
8339	8335	1	0.27698696
8335	8339	2	0.22064057
8339	8335	2	0.27698696
8343	8345	0	0.3333333
8345	8343	0	0.33333334
8343	8345	1	0.33333334
8345	8343	1	0.33333334
8343	8345	2	0.3333333
8345	8343	2	0.3333333
8343	8346	0	0.3333333
8346	8343	0	0.3333333
8343	8346	1	0.3333333
8346	8343	1	0.3333333
8343	8346	2	0.3333333
8346	8343	2	0.33333334
8343	8347	0	0.3333333
8347	8343	0	0.3333333
8343	8347	1	0.3333333
8347	8343	1	0.33333334
8343	8347	2	0.33333337
8347	8343	2	0.33333337
8344	8348	0	0.2894433
8348	8344	0	0.3772233
8344	8348	1	0.4211133
8348	8344	1	0.3113883
8344	8348	2	0.28944334
8348	8344	2	0.31138834
8359	8362	0	0.41511792
8362	8359	0	0.3128872
8359	8362	1	0.29244104
8362	8359	1	0.37422565
8359	8362	2	0.2924411
8362	8359	2	0.31288722
8363	8368	0	0.31723693
8368	8363	0	0.34942973
8363	8368	1	0.3655261
8368	8363	1	0.3252851
8363	8368	2	0.31723702
8368	8363	2	0.3252852
8363	8369	0	0.3333333
8369	8363	0	0.3333333
8363	8369	1	0.3333333
8369	8363	1	0.3333333
8363	8369	2	0.3333333
8369	8363	2	0.3333333
8364	8370	0	0.29230103
8370	8364	0	0.37436563
8364	8370	1	0.415398
8370	8364	1	0.31281716
8364	8370	2	0.29230106
8370	8364	2	0.31281722
8364	8371	0	0.27617285
8371	8364	0	0.39049387
8364	8371	1	0.44765443
8371	8364	1	0.30475307
8364	8371	2	0.2761728
8371	8364	2	0.30475307
8365	8370	0	0.29231912
8370	8365	0	0.37434754
8365	8370	1	0.41536173
8370	8365	1	0.31282622
8365	8370	2	0.29231915
8370	8365	2	0.31282622
8365	8371	0	0.27619088
8371	8365	0	0.39047575
8365	8371	1	0.4476182
8371	8365	1	0.30476207
8365	8371	2	0.27619097
8371	8365	2	0.3047621
8366	8370	0	0.3183524
8370	8366	0	0.3483143
8366	8370	1	0.36329526
8370	8366	1	0.32584286
8366	8370	2	0.3183524
8370	8366	2	0.3258429
8366	8371	0	0.30222416
8371	8366	0	0.36444253
8366	8371	1	0.3955517
8371	8366	1	0.31777874
8366	8371	2	0.3022242
8371	8366	2	0.31777874
8367	8370	0	0.3225793
8370	8367	0	0.3440874
8367	8370	1	0.35484147
8370	8367	1	0.32795632
8367	8370	2	0.3225793
8370	8367	2	0.32795632
8367	8371	0	0.30645108
8371	8367	0	0.36021563
8367	8371	1	0.3870979
8371	8367	1	0.31989217
8367	8371	2	0.30645108
8371	8367	2	0.31989217
8368	8372	0	0.3333333
8372	8368	0	0.33333334
8368	8372	1	0.33333334
8372	8368	1	0.3333333
8368	8372	2	0.33333334
8372	8368	2	0.33333334
8368	8373	0	0.3333333
8373	8368	0	0.3333333
8368	8373	1	0.3333333
8373	8368	1	0.3333333
8368	8373	2	0.33333334
8373	8368	2	0.33333334
8369	8372	0	0.33333337
8372	8369	0	0.33333334
8369	8372	1	0.33333334
8372	8369	1	0.33333337
8369	8372	2	0.33333334
8372	8369	2	0.33333337
8369	8373	0	0.33333334
8373	8369	0	0.33333334
8369	8373	1	0.33333334
8373	8369	1	0.33333334
8369	8373	2	0.33333337
8373	8369	2	0.33333337
8370	8374	0	0.3333333
8374	8370	0	0.33333334
8370	8374	1	0.3333333
8374	8370	1	0.33333334
8370	8374	2	0.3333333
8374	8370	2	0.33333334
8371	8374	0	0.3333333
8374	8371	0	0.3333333
8371	8374	1	0.3333333
8374	8371	1	0.33333334
8371	8374	2	0.33333337
8374	8371	2	0.33333337
8372	8373	0	0.3334398
8373	8372	0	0.3334398
8372	8373	1	0.3334398
8373	8372	1	0.3334398
8372	8373	2	0.33343259
8373	8372	2	0.33343259
8372	8375	0	0.33333334
8375	8372	0	0.33333334
8372	8375	1	0.33333334
8375	8372	1	0.33333334
8372	8375	2	0.33333334
8375	8372	2	0.33333334
8372	8376	0	0.3121514
8376	8372	0	0.35451522
8372	8376	1	0.37569714
8376	8372	1	0.32274234
8372	8376	2	0.3121514
8376	8372	2	0.32274234
8372	8377	0	0.31240377
8377	8372	0	0.3542629
8372	8377	1	0.3751925
8377	8372	1	0.32286856
8372	8377	2	0.31240374
8377	8372	2	0.32286853
8372	8378	0	0.30068824
8378	8372	0	0.36597848
8372	8378	1	0.39862362
8378	8372	1	0.31701076
8372	8378	2	0.30068818
8378	8372	2	0.31701076
8373	8375	0	0.33333334
8375	8373	0	0.33333334
8373	8375	1	0.33333337
8375	8373	1	0.33333337
8373	8375	2	0.33333337
8375	8373	2	0.33333337
8373	8376	0	0.3121514
8376	8373	0	0.35451525
8373	8376	1	0.3756972
8376	8373	1	0.32274234
8373	8376	2	0.31215143
8376	8373	2	0.3227424
8373	8377	0	0.3124038
8377	8373	0	0.35426295
8373	8377	1	0.3751925
8377	8373	1	0.3228686
8373	8377	2	0.31240374
8377	8373	2	0.32286856
8373	8378	0	0.30068824
8378	8373	0	0.36597842
8373	8378	1	0.39862356
8378	8373	1	0.31701076
8373	8378	2	0.3006882
8378	8373	2	0.31701076
8374	8379	0	0.2852416
8379	8374	0	0.38142508
8374	8379	1	0.4295168
8379	8374	1	0.30928743
8374	8379	2	0.28524166
8379	8374	2	0.3092875
8374	8380	0	0.33333337
8380	8374	0	0.33333334
8374	8380	1	0.33333337
8380	8374	1	0.33333334
8374	8380	2	0.3333333
8380	8374	2	0.33333337
8374	8381	0	0.28837547
8381	8374	0	0.3782912
8374	8381	1	0.42324904
8381	8374	1	0.3108544
8374	8381	2	0.2883755
8381	8374	2	0.3108544
8375	8382	0	0.2652599
8382	8375	0	0.40140676
8375	8382	1	0.46948016
8382	8375	1	0.29929662
8375	8382	2	0.26525998
8382	8375	2	0.29929665
8375	8383	0	0.33333328
8383	8375	0	0.33333337
8375	8383	1	0.33333334
8383	8375	1	0.3333333
8375	8383	2	0.33333337
8383	8375	2	0.33333334
8376	8382	0	0.2843603
8382	8376	0	0.38230643
8376	8382	1	0.4312795
8382	8376	1	0.3088468
8376	8382	2	0.28436023
8382	8376	2	0.30884674
8376	8383	0	0.33333334
8383	8376	0	0.33333334
8376	8383	1	0.33333337
8383	8376	1	0.33333337
8376	8383	2	0.33333337
8383	8376	2	0.33333337
8377	8382	0	0.28326353
8382	8377	0	0.38340312
8377	8382	1	0.43347293
8382	8377	1	0.30829847
8377	8382	2	0.2832635
8382	8377	2	0.3082984
8377	8383	0	0.3333333
8383	8377	0	0.3333333
8377	8383	1	0.3333333
8383	8377	1	0.3333333
8377	8383	2	0.3333333
8383	8377	2	0.3333333
8378	8382	0	0.33333334
8382	8378	0	0.3333333
8378	8382	1	0.3333333
8382	8378	1	0.3333333
8378	8382	2	0.33333337
8382	8378	2	0.33333334
8378	8383	0	0.43410572
8383	8378	0	0.30814052
8378	8383	1	0.2829479
8383	8378	1	0.3837196
8378	8383	2	0.28294808
8383	8378	2	0.30814067
8379	8384	0	0.3333333
8384	8379	0	0.33333334
8379	8384	1	0.33333337
8384	8379	1	0.33333334
8379	8384	2	0.3333333
8384	8379	2	0.33333337
8379	8385	0	0.33333334
8385	8379	0	0.3333333
8379	8385	1	0.3333333
8385	8379	1	0.33333337
8379	8385	2	0.33333337
8385	8379	2	0.33333334
8379	8386	0	0.33333334
8386	8379	0	0.33333334
8379	8386	1	0.3333333
8386	8379	1	0.33333334
8379	8386	2	0.33333334
8386	8379	2	0.33333334
8380	8384	0	0.3333333
8384	8380	0	0.3333333
8380	8384	1	0.3333333
8384	8380	1	0.33333334
8380	8384	2	0.3333333
8384	8380	2	0.33333328
8380	8385	0	0.31202632
8385	8380	0	0.3546403
8380	8385	1	0.3759473
8385	8380	1	0.32267982
8380	8385	2	0.31202632
8385	8380	2	0.32267982
8380	8386	0	0.29667962
8386	8380	0	0.36998707
8380	8386	1	0.4066408
8386	8380	1	0.3150065
8380	8386	2	0.29667962
8386	8380	2	0.3150065
8381	8384	0	0.3333333
8384	8381	0	0.33333334
8381	8384	1	0.33333334
8384	8381	1	0.3333333
8381	8384	2	0.33333334
8384	8381	2	0.33333334
8381	8385	0	0.33333334
8385	8381	0	0.33333328
8381	8385	1	0.3333333
8385	8381	1	0.3333333
8381	8385	2	0.33333334
8385	8381	2	0.3333333
8381	8386	0	0.33333334
8386	8381	0	0.33333334
8381	8386	1	0.33333334
8386	8381	1	0.33333334
8381	8386	2	0.33333334
8386	8381	2	0.33333334
8382	8386	0	0.33333328
8386	8382	0	0.3333333
8382	8386	1	0.33333328
8386	8382	1	0.3333333
8382	8386	2	0.3333333
8386	8382	2	0.3333333
8382	8387	0	0.3333333
8387	8382	0	0.3333333
8382	8387	1	0.33333334
8387	8382	1	0.3333333
8382	8387	2	0.33333337
8387	8382	2	0.33333334
8383	8387	0	0.27075425
8387	8383	0	0.3959124
8383	8387	1	0.45849153
8387	8383	1	0.30204383
8383	8387	2	0.27075428
8387	8383	2	0.30204374
8386	8387	0	0.33333337
8387	8386	0	0.33333334
8386	8387	1	0.3333333
8387	8386	1	0.33333337
8386	8387	2	0.33333334
8387	8386	2	0.33333337
8390	8392	0	0.33333337
8392	8390	0	0.3333333
8390	8392	1	0.33333337
8392	8390	1	0.33333334
8390	8392	2	0.33333334
8392	8390	2	0.33333334
8390	8393	0	0.33333334
8393	8390	0	0.33333337
8390	8393	1	0.33333334
8393	8390	1	0.33333334
8390	8393	2	0.33333334
8393	8390	2	0.33333334
8390	8394	0	0.2910084
8394	8390	0	0.3756582
8390	8394	1	0.4179831
8394	8390	1	0.31217086
8390	8394	2	0.29100847
8394	8390	2	0.3121709
8391	8395	0	0.31896776
8395	8391	0	0.34769893
8391	8395	1	0.36206448
8395	8391	1	0.32615054
8391	8395	2	0.31896773
8395	8391	2	0.32615054
8392	8393	0	0.32826346
8393	8392	0	0.33840325
8392	8393	1	0.34347314
8393	8392	1	0.3307984
8392	8393	2	0.3282634
8393	8392	2	0.3307984
8392	8395	0	0.30425695
8395	8392	0	0.3624097
8392	8395	1	0.3914861
8395	8392	1	0.31879517
8392	8395	2	0.30425692
8395	8392	2	0.31879517
8393	8395	0	0.30425695
8395	8393	0	0.36240974
8393	8395	1	0.3914861
8395	8393	1	0.3187951
8393	8395	2	0.30425692
8395	8393	2	0.3187951
8394	8396	0	0.3333333
8396	8394	0	0.33333334
8394	8396	1	0.3333333
8396	8394	1	0.33333334
8394	8396	2	0.3333333
8396	8394	2	0.33333334
8397	8400	0	0.32860693
8400	8397	0	0.33805972
8397	8400	1	0.34278607
8400	8397	1	0.33097014
8397	8400	2	0.328607
8400	8397	2	0.3309701
8397	8401	0	0.33333334
8401	8397	0	0.3333333
8397	8401	1	0.3333333
8401	8397	1	0.3333333
8397	8401	2	0.3333333
8401	8397	2	0.3333333
8397	8402	0	0.3318879
8402	8397	0	0.3347787
8397	8402	1	0.33622414
8402	8397	1	0.3326106
8397	8402	2	0.331888
8402	8397	2	0.33261064
8398	8403	0	0.32685843
8403	8398	0	0.3398082
8398	8403	1	0.34628305
8403	8398	1	0.3300959
8398	8403	2	0.32685852
8403	8398	2	0.33009595
8399	8403	0	0.27508432
8403	8399	0	0.39158237
8399	8403	1	0.44983146
8403	8399	1	0.30420882
8399	8403	2	0.27508432
8403	8399	2	0.30420882
8400	8404	0	0.3333333
8404	8400	0	0.33333334
8400	8404	1	0.33333334
8404	8400	1	0.33333334
8400	8404	2	0.33333337
8404	8400	2	0.33333337
8401	8404	0	0.3333333
8404	8401	0	0.3333333
8401	8404	1	0.3333333
8404	8401	1	0.3333333
8401	8404	2	0.3333333
8404	8401	2	0.3333333
8402	8404	0	0.3333333
8404	8402	0	0.33333334
8402	8404	1	0.3333333
8404	8402	1	0.3333333
8402	8404	2	0.3333333
8404	8402	2	0.3333333
8405	8408	0	0.3333333
8408	8405	0	0.33333334
8405	8408	1	0.3333333
8408	8405	1	0.33333334
8405	8408	2	0.3333333
8408	8405	2	0.3333333
8406	8407	0	0.3333333
8407	8406	0	0.33333334
8406	8407	1	0.3333333
8407	8406	1	0.33333334
8406	8407	2	0.3333333
8407	8406	2	0.33333337
8407	8409	0	0.3333333
8409	8407	0	0.3333333
8407	8409	1	0.3333333
8409	8407	1	0.33333334
8407	8409	2	0.33333334
8409	8407	2	0.33333337
8407	8410	0	0.3333333
8410	8407	0	0.33333334
8407	8410	1	0.3333333
8410	8407	1	0.33333334
8407	8410	2	0.33333334
8410	8407	2	0.33333337
8408	8411	0	0.2994542
8411	8408	0	0.36721247
8408	8411	1	0.4010916
8411	8408	1	0.31639373
8408	8411	2	0.29945418
8411	8408	2	0.3163938
8408	8412	0	0.29302996
8412	8408	0	0.37363672
8408	8412	1	0.4139402
8412	8408	1	0.3131816
8408	8412	2	0.2930299
8412	8408	2	0.3131816
8408	8413	0	0.32687065
8413	8408	0	0.339796
8408	8413	1	0.3462587
8413	8408	1	0.330102
8408	8413	2	0.3268707
8413	8408	2	0.33010203
8409	8414	0	0.33333334
8414	8409	0	0.33333334
8409	8414	1	0.33333334
8414	8409	1	0.33333334
8409	8414	2	0.33333337
8414	8409	2	0.33333337
8410	8414	0	0.3032655
8414	8410	0	0.36340117
8410	8414	1	0.39346898
8414	8410	1	0.31829938
8410	8414	2	0.3032655
8414	8410	2	0.3182994
8411	8416	0	0.3333333
8416	8411	0	0.3333333
8411	8416	1	0.3333333
8416	8411	1	0.3333333
8411	8416	2	0.33333337
8416	8411	2	0.33333337
8411	8417	0	0.31189996
8417	8411	0	0.3547668
8411	8417	1	0.37620014
8417	8411	1	0.32261664
8411	8417	2	0.31189993
8417	8411	2	0.32261664
8411	8415	0	0.30466208
8415	8411	0	0.36200452
8411	8415	1	0.39067578
8415	8411	1	0.3189977
8411	8415	2	0.3046621
8415	8411	2	0.31899774
8412	8414	0	0.3333333
8414	8412	0	0.33333334
8412	8414	1	0.33333334
8414	8412	1	0.3333333
8412	8414	2	0.3333333
8414	8412	2	0.3333333
8413	8416	0	0.33333334
8416	8413	0	0.33333337
8413	8416	1	0.33333334
8416	8413	1	0.33333334
8413	8416	2	0.33333334
8416	8413	2	0.33333334
8413	8417	0	0.3033118
8417	8413	0	0.36335486
8413	8417	1	0.3933764
8417	8413	1	0.31832254
8413	8417	2	0.3033118
8417	8413	2	0.31832257
8413	8415	0	0.29607394
8415	8413	0	0.3705927
8413	8415	1	0.40785217
8415	8413	1	0.31470364
8413	8415	2	0.29607388
8415	8413	2	0.31470358
8418	8422	0	0.27192003
8422	8418	0	0.3947466
8418	8422	1	0.4561599
8422	8418	1	0.3026267
8418	8422	2	0.2719201
8422	8418	2	0.30262673
8418	8423	0	0.3333333
8423	8418	0	0.3333333
8418	8423	1	0.3333333
8423	8418	1	0.33333334
8418	8423	2	0.3333333
8423	8418	2	0.3333333
8424	8427	0	0.32503635
8427	8424	0	0.3416303
8424	8427	1	0.34992728
8427	8424	1	0.32918483
8424	8427	2	0.32503638
8427	8424	2	0.32918486
8425	8428	0	0.3333333
8428	8425	0	0.3333333
8425	8428	1	0.3333333
8428	8425	1	0.33333334
8425	8428	2	0.3333333
8428	8425	2	0.3333333
8425	8429	0	0.30992138
8429	8425	0	0.35674524
8425	8429	1	0.38015723
8429	8425	1	0.32162735
8425	8429	2	0.30992144
8429	8425	2	0.32162738
8426	8428	0	0.3333333
8428	8426	0	0.3333333
8426	8428	1	0.3333333
8428	8426	1	0.3333333
8426	8428	2	0.3333333
8428	8426	2	0.3333333
8426	8429	0	0.3150748
8429	8426	0	0.35159189
8426	8429	1	0.36985046
8429	8426	1	0.3242041
8426	8429	2	0.3150748
8429	8426	2	0.3242041
8427	8430	0	0.3333333
8430	8427	0	0.33333334
8427	8430	1	0.3333333
8430	8427	1	0.33333334
8427	8430	2	0.3333333
8430	8427	2	0.33333334
8428	8432	0	0.3333333
8432	8428	0	0.33333337
8428	8432	1	0.33333337
8432	8428	1	0.33333334
8428	8432	2	0.33333337
8432	8428	2	0.33333337
8428	8431	0	0.3333333
8431	8428	0	0.3333333
8428	8431	1	0.3333333
8431	8428	1	0.3333333
8428	8431	2	0.3333333
8431	8428	2	0.33333334
8429	8432	0	0.33333334
8432	8429	0	0.3333333
8429	8432	1	0.33333334
8432	8429	1	0.3333333
8429	8432	2	0.3333333
8432	8429	2	0.3333333
8429	8431	0	0.3667251
8431	8429	0	0.32498538
8429	8431	1	0.31663743
8431	8429	1	0.35002923
8429	8431	2	0.31663746
8431	8429	2	0.32498538
8430	8433	0	0.3333333
8433	8430	0	0.33333334
8430	8433	1	0.3333333
8433	8430	1	0.33333334
8430	8433	2	0.3333333
8433	8430	2	0.3333333
8430	8434	0	0.42457503
8434	8430	0	0.3105229
8430	8434	1	0.2877125
8434	8430	1	0.37895417
8430	8434	2	0.2877125
8434	8430	2	0.3105229
8430	8435	0	0.33333337
8435	8430	0	0.33333334
8430	8435	1	0.3333333
8435	8430	1	0.33333337
8430	8435	2	0.33333334
8435	8430	2	0.33333334
8431	8436	0	0.30354628
8436	8431	0	0.3631204
8431	8436	1	0.39290747
8436	8431	1	0.3184398
8431	8436	2	0.30354622
8436	8431	2	0.31843978
8432	8436	0	0.32214242
8436	8432	0	0.34452423
8432	8436	1	0.3557151
8436	8432	1	0.32773787
8432	8436	2	0.32214242
8436	8432	2	0.32773793
8437	8441	0	0.3333333
8441	8437	0	0.3333333
8437	8441	1	0.3333333
8441	8437	1	0.33333334
8437	8441	2	0.3333333
8441	8437	2	0.33333337
8438	8441	0	0.27217597
8441	8438	0	0.3944907
8438	8441	1	0.45564806
8441	8438	1	0.30275464
8438	8441	2	0.27217603
8441	8438	2	0.30275464
8439	8442	0	0.3333333
8442	8439	0	0.3333333
8439	8442	1	0.3333333
8442	8439	1	0.3333333
8439	8442	2	0.3333333
8442	8439	2	0.33333337
8440	8442	0	0.32310063
8442	8440	0	0.34356606
8440	8442	1	0.35379878
8442	8440	1	0.32821694
8440	8442	2	0.32310063
8442	8440	2	0.32821697
8441	8443	0	0.3086818
8443	8441	0	0.3579849
8441	8443	1	0.38263643
8443	8441	1	0.32100755
8441	8443	2	0.3086818
8443	8441	2	0.32100752
8441	8444	0	0.3120235
8444	8441	0	0.35464317
8441	8444	1	0.37595302
8444	8441	1	0.32267842
8441	8444	2	0.31202346
8444	8441	2	0.32267842
8442	8445	0	0.32967186
8445	8442	0	0.3369948
8442	8445	1	0.34065625
8445	8442	1	0.3315026
8442	8445	2	0.32967192
8445	8442	2	0.33150265
8443	8448	0	0.4115296
8448	8443	0	0.31378427
8443	8448	1	0.29423523
8448	8443	1	0.37243146
8443	8448	2	0.29423523
8448	8443	2	0.3137843
8443	8446	0	0.36903092
8446	8443	0	0.32440895
8443	8446	1	0.31548452
8446	8443	1	0.3511821
8443	8446	2	0.31548452
8446	8443	2	0.3244089
8443	8447	0	0.37636885
8447	8443	0	0.3225745
8443	8447	1	0.31181562
8447	8443	1	0.35485107
8443	8447	2	0.3118156
8447	8443	2	0.32257453
8444	8448	0	0.3333333
8448	8444	0	0.3333333
8444	8448	1	0.3333333
8448	8444	1	0.3333333
8444	8448	2	0.3333333
8448	8444	2	0.3333333
8444	8446	0	0.3333333
8446	8444	0	0.3333333
8444	8446	1	0.3333333
8446	8444	1	0.3333333
8444	8446	2	0.3333333
8446	8444	2	0.33333337
8444	8447	0	0.33333334
8447	8444	0	0.33333334
8444	8447	1	0.33333334
8447	8444	1	0.3333333
8444	8447	2	0.33333337
8447	8444	2	0.33333337
8445	8449	0	0.33333334
8449	8445	0	0.33333337
8445	8449	1	0.33333337
8449	8445	1	0.33333334
8445	8449	2	0.3333333
8449	8445	2	0.3333333
8445	8450	0	0.33333337
8450	8445	0	0.33333337
8445	8450	1	0.33333337
8450	8445	1	0.33333334
8445	8450	2	0.33333334
8450	8445	2	0.33333337
8445	8451	0	0.44356933
8451	8445	0	0.30577433
8445	8451	1	0.27821535
8451	8445	1	0.38845137
8445	8451	2	0.2782153
8451	8445	2	0.3057743
8445	8452	0	0.4622302
8452	8445	0	0.30110914
8445	8452	1	0.2688849
8452	8445	1	0.3977818
8445	8452	2	0.26888487
8452	8445	2	0.30110908
8446	8453	0	0.2715125
8453	8446	0	0.39515415
8446	8453	1	0.45697504
8453	8446	1	0.30242294
8446	8453	2	0.2715125
8453	8446	2	0.30242294
8446	8454	0	0.33051476
8454	8446	0	0.33615187
8446	8454	1	0.33897066
8454	8446	1	0.33192402
8446	8454	2	0.3305147
8454	8446	2	0.33192402
8446	8455	0	0.33106473
8455	8446	0	0.33560193
8446	8455	1	0.33787054
8455	8446	1	0.33219904
8446	8455	2	0.33106476
8455	8446	2	0.332199
8447	8453	0	0.2703724
8453	8447	0	0.39629436
8447	8453	1	0.45925534
8453	8447	1	0.30185285
8447	8453	2	0.2703723
8453	8447	2	0.3018528
8447	8454	0	0.3298216
8454	8447	0	0.33684498
8447	8454	1	0.3403569
8454	8447	1	0.33157754
8447	8454	2	0.32982162
8454	8447	2	0.33157748
8447	8455	0	0.33037156
8455	8447	0	0.3362951
8447	8455	1	0.3392568
8455	8447	1	0.33185247
8447	8455	2	0.33037168
8455	8447	2	0.3318525
8448	8453	0	0.24875265
8453	8448	0	0.41791394
8448	8453	1	0.50249463
8453	8448	1	0.291043
8448	8453	2	0.24875265
8453	8448	2	0.29104298
8448	8454	0	0.3110333
8454	8448	0	0.35563332
8448	8454	1	0.37793344
8454	8448	1	0.32218337
8448	8454	2	0.3110333
8454	8448	2	0.3221834
8448	8455	0	0.30963132
8455	8448	0	0.35703537
8448	8455	1	0.38073733
8455	8448	1	0.32148236
8448	8455	2	0.30963132
8455	8448	2	0.32148236
8449	8456	0	0.33333337
8456	8449	0	0.33333334
8449	8456	1	0.3333333
8456	8449	1	0.33333334
8449	8456	2	0.3333333
8456	8449	2	0.33333337
8449	8457	0	0.3333333
8457	8449	0	0.33333334
8449	8457	1	0.3333333
8457	8449	1	0.33333337
8449	8457	2	0.33333334
8457	8449	2	0.33333334
8450	8456	0	0.33333334
8456	8450	0	0.3333333
8450	8456	1	0.33333334
8456	8450	1	0.3333333
8450	8456	2	0.3333333
8456	8450	2	0.3333333
8450	8457	0	0.33333334
8457	8450	0	0.33333337
8450	8457	1	0.33333334
8457	8450	1	0.33333334
8450	8457	2	0.33333334
8457	8450	2	0.33333334
8451	8456	0	0.29550737
8456	8451	0	0.37115932
8451	8456	1	0.4089853
8456	8451	1	0.31442034
8451	8456	2	0.29550743
8456	8451	2	0.3144204
8451	8457	0	0.29349032
8457	8451	0	0.37317637
8451	8457	1	0.4130194
8457	8451	1	0.31341183
8451	8457	2	0.29349035
8457	8451	2	0.31341186
8452	8456	0	0.2900781
8456	8452	0	0.3765885
8452	8456	1	0.41984376
8456	8452	1	0.31170577
8452	8456	2	0.29007804
8456	8452	2	0.3117057
8452	8457	0	0.28806102
8457	8452	0	0.3786056
8452	8457	1	0.42387792
8457	8452	1	0.3106972
8452	8457	2	0.28806102
8457	8452	2	0.31069714
8453	8458	0	0.33333334
8458	8453	0	0.33333328
8453	8458	1	0.3333333
8458	8453	1	0.3333333
8453	8458	2	0.3333333
8458	8453	2	0.3333333
8453	8459	0	0.33333334
8459	8453	0	0.33333337
8453	8459	1	0.3333333
8459	8453	1	0.33333337
8453	8459	2	0.33333328
8459	8453	2	0.33333334
8453	8460	0	0.41282552
8460	8453	0	0.3134603
8453	8460	1	0.29358724
8460	8453	1	0.37307948
8453	8460	2	0.29358727
8460	8453	2	0.3134603
8454	8458	0	0.28282344
8458	8454	0	0.3838432
8454	8458	1	0.43435305
8458	8454	1	0.3080784
8454	8458	2	0.28282347
8458	8454	2	0.3080784
8454	8459	0	0.28359568
8459	8454	0	0.383071
8454	8459	1	0.43280873
8459	8454	1	0.3084645
8454	8459	2	0.28359568
8459	8454	2	0.30846453
8454	8460	0	0.33333334
8460	8454	0	0.33333334
8454	8460	1	0.33333334
8460	8454	1	0.33333334
8454	8460	2	0.33333337
8460	8454	2	0.33333334
8455	8458	0	0.2837379
8458	8455	0	0.38292876
8455	8458	1	0.4325242
8458	8455	1	0.30853564
8455	8458	2	0.28373793
8458	8455	2	0.30853567
8455	8459	0	0.28451014
8459	8455	0	0.3821566
8455	8459	1	0.43097982
8459	8455	1	0.30892172
8455	8459	2	0.28451014
8459	8455	2	0.30892172
8455	8460	0	0.33333328
8460	8455	0	0.3333333
8455	8460	1	0.3333333
8460	8455	1	0.3333333
8455	8460	2	0.33333334
8460	8455	2	0.3333333
8461	8467	0	0.3568874
8467	8461	0	0.3274448
8461	8467	1	0.32155627
8467	8461	1	0.34511036
8461	8467	2	0.32155633
8467	8461	2	0.3274448
8461	8468	0	0.28114137
8468	8461	0	0.38552535
8461	8468	1	0.4377173
8468	8461	1	0.30723736
8461	8468	2	0.28114134
8468	8461	2	0.30723736
8461	8469	0	0.28935596
8469	8461	0	0.37731075
8461	8469	1	0.42128816
8469	8461	1	0.31134462
8461	8469	2	0.28935587
8469	8461	2	0.31134462
8462	8467	0	0.34372294
8467	8462	0	0.33073592
8462	8467	1	0.3281385
8467	8462	1	0.33852816
8462	8467	2	0.32813853
8467	8462	2	0.3307359
8462	8468	0	0.28720367
8468	8462	0	0.379463
8462	8468	1	0.4255927
8468	8462	1	0.3102685
8462	8468	2	0.28720364
8468	8462	2	0.31026846
8462	8469	0	0.29602414
8469	8462	0	0.37064254
8462	8469	1	0.40795177
8469	8462	1	0.31467873
8462	8469	2	0.29602408
8469	8462	2	0.3146787
8463	8470	0	0.33333334
8470	8463	0	0.3333333
8463	8470	1	0.33333334
8470	8463	1	0.3333333
8463	8470	2	0.3333333
8470	8463	2	0.3333333
8464	8470	0	0.31463403
8470	8464	0	0.35203266
8464	8470	1	0.37073195
8470	8464	1	0.32398367
8464	8470	2	0.314634
8470	8464	2	0.32398367
8465	8470	0	0.33333334
8470	8465	0	0.33333334
8465	8470	1	0.33333337
8470	8465	1	0.33333334
8465	8470	2	0.33333337
8470	8465	2	0.33333337
8466	8470	0	0.33333337
8470	8466	0	0.33333334
8466	8470	1	0.33333334
8470	8466	1	0.33333334
8466	8470	2	0.3333333
8470	8466	2	0.3333333
8467	8471	0	0.30100346
8471	8467	0	0.36566323
8467	8471	1	0.3979931
8471	8467	1	0.31716835
8467	8471	2	0.30100352
8471	8467	2	0.3171684
8468	8471	0	0.33333334
8471	8468	0	0.33333334
8468	8471	1	0.33333334
8471	8468	1	0.3333333
8468	8471	2	0.33333334
8471	8468	2	0.3333333
8469	8471	0	0.3333333
8471	8469	0	0.33333337
8469	8471	1	0.33333334
8471	8469	1	0.33333334
8469	8471	2	0.3333333
8471	8469	2	0.3333333
8470	8472	0	0.3042601
8472	8470	0	0.36240655
8470	8472	1	0.39147976
8472	8470	1	0.31879672
8470	8472	2	0.3042601
8472	8470	2	0.31879672
8471	8473	0	0.2908576
8473	8471	0	0.37580907
8471	8473	1	0.41828483
8473	8471	1	0.31209546
8471	8473	2	0.2908576
8473	8471	2	0.31209546
8471	8474	0	0.3333333
8474	8471	0	0.33333334
8471	8474	1	0.3333333
8474	8471	1	0.3333333
8471	8474	2	0.3333333
8474	8471	2	0.33333334
8472	8475	0	0.33333334
8475	8472	0	0.3333333
8472	8475	1	0.33333334
8475	8472	1	0.3333333
8472	8475	2	0.33333334
8475	8472	2	0.3333333
8472	8476	0	0.33333334
8476	8472	0	0.33333334
8472	8476	1	0.33333334
8476	8472	1	0.33333334
8472	8476	2	0.33333334
8476	8472	2	0.33333334
8473	8476	0	0.33333334
8476	8473	0	0.3333333
8473	8476	1	0.3333333
8476	8473	1	0.33333334
8473	8476	2	0.3333333
8476	8473	2	0.3333333
8473	8477	0	0.33333334
8477	8473	0	0.33333334
8473	8477	1	0.3333333
8477	8473	1	0.3333333
8473	8477	2	0.33333337
8477	8473	2	0.33333334
8474	8477	0	0.25032073
8477	8474	0	0.41634598
8474	8477	1	0.49935856
8477	8474	1	0.291827
8474	8477	2	0.25032073
8477	8474	2	0.29182702
8478	8482	0	0.32090497
8482	8478	0	0.34576172
8478	8482	1	0.35819003
8482	8478	1	0.32711914
8478	8482	2	0.32090497
8482	8478	2	0.32711914
8479	8483	0	0.3333333
8483	8479	0	0.33333334
8479	8483	1	0.3333333
8483	8479	1	0.33333334
8479	8483	2	0.33333334
8483	8479	2	0.33333334
8480	8483	0	0.33333334
8483	8480	0	0.3333333
8480	8483	1	0.33333334
8483	8480	1	0.33333334
8480	8483	2	0.3333333
8483	8480	2	0.3333333
8481	8483	0	0.3333333
8483	8481	0	0.33333334
8481	8483	1	0.3333333
8483	8481	1	0.3333333
8481	8483	2	0.3333333
8483	8481	2	0.3333333
8482	8484	0	0.4229845
8484	8482	0	0.31092054
8482	8484	1	0.28850776
8484	8482	1	0.37815893
8482	8484	2	0.28850776
8484	8482	2	0.31092054
8483	8485	0	0.3333333
8485	8483	0	0.3333333
8483	8485	1	0.3333333
8485	8483	1	0.3333333
8483	8485	2	0.33333334
8485	8483	2	0.33333337
8483	8486	0	0.3333333
8486	8483	0	0.3333333
8483	8486	1	0.3333333
8486	8483	1	0.3333333
8483	8486	2	0.33333337
8486	8483	2	0.33333337
8484	8488	0	0.3333333
8488	8484	0	0.3333333
8484	8488	1	0.3333333
8488	8484	1	0.3333333
8484	8488	2	0.33333334
8488	8484	2	0.33333337
8484	8487	0	0.3333333
8487	8484	0	0.3333333
8484	8487	1	0.3333333
8487	8484	1	0.3333333
8484	8487	2	0.33333334
8487	8484	2	0.33333337
8485	8489	0	0.3333333
8489	8485	0	0.33333334
8485	8489	1	0.3333333
8489	8485	1	0.33333334
8485	8489	2	0.3333333
8489	8485	2	0.33333334
8486	8489	0	0.3333333
8489	8486	0	0.33333334
8486	8489	1	0.3333333
8489	8486	1	0.33333334
8486	8489	2	0.33333337
8489	8486	2	0.33333337
8487	8490	0	0.3333333
8490	8487	0	0.3333333
8487	8490	1	0.33333334
8490	8487	1	0.3333333
8487	8490	2	0.3333333
8490	8487	2	0.3333333
8487	8491	0	0.3289234
8491	8487	0	0.3377433
8487	8491	1	0.34215325
8491	8487	1	0.3311284
8487	8491	2	0.32892337
8491	8487	2	0.33112836
8488	8490	0	0.3333333
8490	8488	0	0.3333333
8488	8490	1	0.3333333
8490	8488	1	0.33333334
8488	8490	2	0.3333333
8490	8488	2	0.3333333
8488	8491	0	0.32885057
8491	8488	0	0.33781606
8488	8491	1	0.34229878
8491	8488	1	0.33109194
8488	8491	2	0.32885057
8491	8488	2	0.33109197
8489	8492	0	0.33818316
8492	8489	0	0.3321209
8489	8492	1	0.33090845
8492	8489	1	0.33575824
8489	8492	2	0.33090842
8492	8489	2	0.33212087
8493	8497	0	0.33333337
8497	8493	0	0.33333334
8493	8497	1	0.33333337
8497	8493	1	0.33333334
8493	8497	2	0.33333334
8497	8493	2	0.3333333
8493	8498	0	0.31480035
8498	8493	0	0.35186633
8493	8498	1	0.37039933
8498	8493	1	0.32406688
8493	8498	2	0.31480038
8498	8493	2	0.32406685
8493	8499	0	0.31025666
8499	8493	0	0.35641003
8493	8499	1	0.37948668
8499	8493	1	0.321795
8493	8499	2	0.3102567
8499	8493	2	0.321795
8493	8500	0	0.29993713
8500	8493	0	0.3667295
8493	8500	1	0.40012574
8500	8493	1	0.31663522
8493	8500	2	0.29993713
8500	8493	2	0.31663525
8494	8497	0	0.33333334
8497	8494	0	0.33333337
8494	8497	1	0.33333337
8497	8494	1	0.33333334
8494	8497	2	0.33333337
8497	8494	2	0.33333337
8494	8498	0	0.33333337
8498	8494	0	0.33333334
8494	8498	1	0.33333334
8498	8494	1	0.33333337
8494	8498	2	0.3333333
8498	8494	2	0.3333333
8494	8499	0	0.32941335
8499	8494	0	0.33725333
8494	8499	1	0.34117335
8499	8494	1	0.33137333
8494	8499	2	0.32941335
8499	8494	2	0.33137333
8494	8500	0	0.3190938
8500	8494	0	0.34757283
8494	8500	1	0.36181238
8500	8494	1	0.32621354
8494	8500	2	0.31909376
8500	8494	2	0.32621357
8495	8497	0	0.3333333
8497	8495	0	0.3333333
8495	8497	1	0.3333333
8497	8495	1	0.3333333
8495	8497	2	0.3333333
8497	8495	2	0.3333333
8495	8498	0	0.33333334
8498	8495	0	0.33333337
8495	8498	1	0.33333337
8498	8495	1	0.3333333
8495	8498	2	0.33333337
8498	8495	2	0.33333334
8495	8499	0	0.3333333
8499	8495	0	0.3333333
8495	8499	1	0.3333333
8499	8495	1	0.3333333
8495	8499	2	0.3333333
8499	8495	2	0.3333333
8495	8500	0	0.33333334
8500	8495	0	0.33333334
8495	8500	1	0.33333334
8500	8495	1	0.33333334
8495	8500	2	0.33333334
8500	8495	2	0.33333334
8496	8501	0	0.31380168
8501	8496	0	0.35286504
8496	8501	1	0.37239674
8501	8496	1	0.3235675
8496	8501	2	0.3138016
8501	8496	2	0.32356742
8497	8502	0	0.30499876
8502	8497	0	0.36166793
8497	8502	1	0.3900025
8502	8497	1	0.31916603
8497	8502	2	0.30499876
8502	8497	2	0.31916606
8497	8503	0	0.30498794
8503	8497	0	0.36167872
8497	8503	1	0.39002407
8503	8497	1	0.31916064
8497	8503	2	0.304988
8503	8497	2	0.31916064
8497	8504	0	0.3053892
8504	8497	0	0.36127746
8497	8504	1	0.38922167
8504	8497	1	0.31936127
8497	8504	2	0.30538914
8504	8497	2	0.3193612
8498	8502	0	0.3134505
8502	8498	0	0.35321623
8498	8502	1	0.3730991
8502	8498	1	0.3233919
8498	8502	2	0.31345052
8502	8498	2	0.3233919
8498	8503	0	0.31343973
8503	8498	0	0.353227
8498	8503	1	0.37312064
8503	8498	1	0.32338652
8498	8503	2	0.31343973
8503	8498	2	0.32338655
8498	8504	0	0.31384087
8504	8498	0	0.35282582
8498	8504	1	0.37231827
8504	8498	1	0.32358712
8498	8504	2	0.3138409
8504	8498	2	0.3235871
8499	8502	0	0.3158707
8502	8499	0	0.35079595
8499	8502	1	0.36825857
8502	8499	1	0.32460204
8499	8502	2	0.3158707
8502	8499	2	0.324602
8499	8503	0	0.31585994
8503	8499	0	0.35080677
8499	8503	1	0.36828014
8503	8499	1	0.32459658
8499	8503	2	0.31585994
8503	8499	2	0.3245966
8499	8504	0	0.3162611
8504	8499	0	0.35040557
8499	8504	1	0.36747774
8504	8499	1	0.32479724
8499	8504	2	0.31626114
8504	8499	2	0.32479727
8500	8502	0	0.3333333
8502	8500	0	0.3333333
8500	8502	1	0.3333333
8502	8500	1	0.3333333
8500	8502	2	0.3333333
8502	8500	2	0.3333333
8500	8503	0	0.33333334
8503	8500	0	0.33333334
8500	8503	1	0.33333334
8503	8500	1	0.33333334
8500	8503	2	0.33333334
8503	8500	2	0.33333337
8500	8504	0	0.33333337
8504	8500	0	0.33333334
8500	8504	1	0.33333337
8504	8500	1	0.33333334
8500	8504	2	0.33333334
8504	8500	2	0.33333337
8505	8507	0	0.3046378
8507	8505	0	0.36202887
8505	8507	1	0.39072445
8507	8505	1	0.31898558
8505	8507	2	0.30463776
8507	8505	2	0.31898552
8505	8508	0	0.30229294
8508	8505	0	0.36437374
8505	8508	1	0.39541417
8508	8505	1	0.31781313
8505	8508	2	0.30229294
8508	8505	2	0.31781316
8506	8509	0	0.2601706
8509	8506	0	0.40649605
8506	8509	1	0.47965872
8509	8506	1	0.29675198
8506	8509	2	0.26017064
8509	8506	2	0.29675198
8507	8510	0	0.3333333
8510	8507	0	0.33333334
8507	8510	1	0.3333333
8510	8507	1	0.33333337
8507	8510	2	0.3333333
8510	8507	2	0.33333334
8508	8510	0	0.3333333
8510	8508	0	0.3333333
8508	8510	1	0.33333337
8510	8508	1	0.3333333
8508	8510	2	0.33333334
8510	8508	2	0.3333333
8509	8512	0	0.33333334
8512	8509	0	0.3333333
8509	8512	1	0.33333334
8512	8509	1	0.3333333
8509	8512	2	0.3333333
8512	8509	2	0.3333333
8509	8513	0	0.33333334
8513	8509	0	0.33333334
8509	8513	1	0.33333334
8513	8509	1	0.33333334
8509	8513	2	0.33333334
8513	8509	2	0.33333334
8509	8511	0	0.3333333
8511	8509	0	0.33333334
8509	8511	1	0.3333333
8511	8509	1	0.3333333
8509	8511	2	0.3333333
8511	8509	2	0.3333333
8510	8514	0	0.26071054
8514	8510	0	0.40595615
8510	8514	1	0.47857898
8514	8510	1	0.2970219
8510	8514	2	0.26071054
8514	8510	2	0.29702196
8510	8515	0	0.3333333
8515	8510	0	0.33333334
8510	8515	1	0.3333333
8515	8510	1	0.3333333
8510	8515	2	0.3333333
8515	8510	2	0.3333333
8511	8516	0	0.3333333
8516	8511	0	0.3333333
8511	8516	1	0.3333333
8516	8511	1	0.33333334
8511	8516	2	0.33333334
8516	8511	2	0.3333333
8511	8517	0	0.3333333
8517	8511	0	0.33333334
8511	8517	1	0.33333334
8517	8511	1	0.33333334
8511	8517	2	0.33333337
8517	8511	2	0.33333334
8511	8518	0	0.3333333
8518	8511	0	0.3333333
8511	8518	1	0.3333333
8518	8511	1	0.3333333
8511	8518	2	0.3333333
8518	8511	2	0.3333333
8512	8516	0	0.31783533
8516	8512	0	0.34883142
8512	8516	1	0.3643293
8516	8512	1	0.32558426
8512	8516	2	0.31783533
8516	8512	2	0.3255843
8512	8517	0	0.3333333
8517	8512	0	0.33333334
8512	8517	1	0.33333334
8517	8512	1	0.3333333
8512	8517	2	0.3333333
8517	8512	2	0.3333333
8512	8518	0	0.33246657
8518	8512	0	0.33419997
8512	8518	1	0.33506662
8518	8512	1	0.3329
8512	8518	2	0.33246654
8518	8512	2	0.33289996
8513	8516	0	0.30796197
8516	8513	0	0.3587048
8513	8516	1	0.38407627
8516	8513	1	0.3206476
8513	8516	2	0.307962
8516	8513	2	0.32064763
8513	8517	0	0.33333334
8517	8513	0	0.33333328
8513	8517	1	0.33333328
8517	8513	1	0.3333333
8513	8517	2	0.33333334
8517	8513	2	0.3333333
8513	8518	0	0.32124802
8518	8513	0	0.34541872
8513	8518	1	0.35750407
8518	8513	1	0.32729068
8513	8518	2	0.32124805
8518	8513	2	0.3272907
8514	8518	0	0.31078553
8518	8514	0	0.3558807
8514	8518	1	0.37842852
8518	8514	1	0.3220595
8514	8518	2	0.31078553
8518	8514	2	0.3220595
8514	8519	0	0.32984257
8519	8514	0	0.33682406
8514	8519	1	0.34031472
8519	8514	1	0.33158794
8514	8519	2	0.3298426
8519	8514	2	0.33158794
8515	8519	0	0.26235276
8519	8515	0	0.40431392
8515	8519	1	0.47529447
8519	8515	1	0.29784304
8515	8519	2	0.26235276
8519	8515	2	0.29784304
8516	8520	0	0.3050294
8520	8516	0	0.36163732
8516	8520	1	0.3899414
8520	8516	1	0.31918135
8516	8520	2	0.3050294
8520	8516	2	0.31918138
8517	8520	0	0.29518938
8520	8517	0	0.37147734
8517	8520	1	0.4096213
8520	8517	1	0.31426135
8517	8520	2	0.29518935
8520	8517	2	0.31426132
8518	8520	0	0.32359537
8520	8518	0	0.34307128
8518	8520	1	0.35280928
8520	8518	1	0.3284644
8518	8520	2	0.32359537
8520	8518	2	0.32846433
8521	8524	0	0.32880524
8524	8521	0	0.33786142
8521	8524	1	0.34238958
8524	8521	1	0.3310693
8521	8524	2	0.3288052
8524	8521	2	0.33106932
8521	8525	0	0.315871
8525	8521	0	0.3507957
8521	8525	1	0.368258
8525	8521	1	0.32460216
8521	8525	2	0.315871
8525	8521	2	0.32460216
8521	8526	0	0.31017074
8526	8521	0	0.35649598
8521	8526	1	0.37965858
8526	8521	1	0.321752
8521	8526	2	0.31017068
8526	8521	2	0.321752
8522	8527	0	0.28499845
8527	8522	0	0.38166824
8522	8527	1	0.4300032
8527	8522	1	0.3091659
8522	8527	2	0.28499848
8527	8522	2	0.30916592
8523	8527	0	0.24970514
8527	8523	0	0.41696155
8523	8527	1	0.50058985
8527	8523	1	0.29151922
8523	8527	2	0.24970515
8527	8523	2	0.29151928
8524	8528	0	0.31132978
8528	8524	0	0.35533744
8524	8528	1	0.37733927
8528	8524	1	0.32233128
8524	8528	2	0.31132987
8528	8524	2	0.32233128
8524	8529	0	0.32404968
8529	8524	0	0.34261662
8524	8529	1	0.35190156
8529	8524	1	0.32869163
8524	8529	2	0.32404947
8529	8524	2	0.3286916
8524	8530	0	0.31813967
8530	8524	0	0.34852698
8524	8530	1	0.36372066
8530	8524	1	0.3257365
8524	8530	2	0.3181397
8530	8524	2	0.32573652
8525	8528	0	0.3141276
8528	8525	0	0.3525398
8525	8528	1	0.37174386
8528	8525	1	0.32373008
8525	8528	2	0.31412756
8528	8525	2	0.3237301
8525	8529	0	0.3268471
8529	8525	0	0.33981895
8525	8529	1	0.34630644
8529	8525	1	0.33009046
8525	8529	2	0.32684702
8529	8525	2	0.3300904
8525	8530	0	0.3209373
8530	8525	0	0.3457294
8525	8530	1	0.35812545
8530	8525	1	0.32713532
8525	8530	2	0.3209373
8530	8525	2	0.3271353
8526	8528	0	0.31666833
8528	8526	0	0.3499992
8526	8528	1	0.36666253
8528	8526	1	0.32500038
8526	8528	2	0.3166682
8528	8526	2	0.32500044
8526	8529	0	0.32938755
8529	8526	0	0.33727843
8526	8529	1	0.34122545
8529	8526	1	0.33136076
8526	8529	2	0.32938752
8529	8526	2	0.33136067
8526	8530	0	0.32347792
8530	8526	0	0.34318885
8526	8530	1	0.35304433
8530	8526	1	0.32840562
8526	8530	2	0.32347792
8530	8526	2	0.3284056
8527	8531	0	0.33333334
8531	8527	0	0.33333337
8527	8531	1	0.33333337
8531	8527	1	0.33333334
8527	8531	2	0.3333333
8531	8527	2	0.33333334
8527	8532	0	0.25660083
8532	8527	0	0.41006583
8527	8532	1	0.48679796
8532	8527	1	0.29496706
8527	8532	2	0.25660083
8532	8527	2	0.29496703
8527	8533	0	0.2762593
8533	8527	0	0.39040715
8527	8533	1	0.44748163
8533	8527	1	0.30479646
8527	8533	2	0.2762591
8533	8527	2	0.30479628
8528	8533	0	0.3333333
8533	8528	0	0.3333333
8528	8533	1	0.33333334
8533	8528	1	0.3333333
8528	8533	2	0.3333333
8533	8528	2	0.3333333
8528	8534	0	0.3964209
8534	8528	0	0.31756142
8528	8534	1	0.30178958
8534	8528	1	0.3648771
8528	8534	2	0.30178952
8534	8528	2	0.3175614
8528	8535	0	0.3333333
8535	8528	0	0.3333333
8528	8535	1	0.3333333
8535	8528	1	0.3333333
8528	8535	2	0.3333333
8535	8528	2	0.33333334
8528	8536	0	0.33333337
8536	8528	0	0.33333337
8528	8536	1	0.33333337
8536	8528	1	0.33333337
8528	8536	2	0.33333328
8536	8528	2	0.33333334
8529	8534	0	0.3333333
8534	8529	0	0.3333333
8529	8534	1	0.3333333
8534	8529	1	0.3333333
8529	8534	2	0.33333337
8534	8529	2	0.33333337
8529	8535	0	0.3333333
8535	8529	0	0.3333333
8529	8535	1	0.3333333
8535	8529	1	0.3333333
8529	8535	2	0.33333334
8535	8529	2	0.33333334
8529	8536	0	0.33333334
8536	8529	0	0.33333334
8529	8536	1	0.33333334
8536	8529	1	0.33333334
8529	8536	2	0.33333334
8536	8529	2	0.33333337
8530	8534	0	0.3780494
8534	8530	0	0.3221543
8530	8534	1	0.3109753
8534	8530	1	0.35569137
8530	8534	2	0.31097528
8534	8530	2	0.32215428
8530	8535	0	0.3333333
8535	8530	0	0.3333333
8530	8535	1	0.3333333
8535	8530	1	0.3333333
8530	8535	2	0.33333334
8535	8530	2	0.33333334
8530	8536	0	0.3333333
8536	8530	0	0.3333333
8530	8536	1	0.3333333
8536	8530	1	0.33333334
8530	8536	2	0.33333334
8536	8530	2	0.3333333
8531	8537	0	0.33333334
8537	8531	0	0.3333333
8531	8537	1	0.3333333
8537	8531	1	0.3333333
8531	8537	2	0.3333333
8537	8531	2	0.3333333
8532	8537	0	0.44506916
8537	8532	0	0.30539936
8532	8537	1	0.27746546
8537	8532	1	0.38920128
8532	8537	2	0.27746546
8537	8532	2	0.30539936
8533	8537	0	0.44937962
8537	8533	0	0.30432177
8533	8537	1	0.27531022
8537	8533	1	0.39135647
8533	8537	2	0.27531016
8537	8533	2	0.30432174
8538	8540	0	0.33333334
8540	8538	0	0.33333334
8538	8540	1	0.3333333
8540	8538	1	0.33333337
8538	8540	2	0.33333334
8540	8538	2	0.33333337
8538	8541	0	0.3333333
8541	8538	0	0.3333333
8538	8541	1	0.3333333
8541	8538	1	0.3333333
8538	8541	2	0.3333333
8541	8538	2	0.33333334
8539	8542	0	0.28795573
8542	8539	0	0.378711
8539	8542	1	0.4240886
8542	8539	1	0.3106445
8539	8542	2	0.2879557
8542	8539	2	0.3106445
8539	8543	0	0.3056724
8543	8539	0	0.36099428
8539	8543	1	0.38865513
8543	8539	1	0.3195029
8539	8543	2	0.30567244
8543	8539	2	0.31950286
8540	8544	0	0.270904
8544	8540	0	0.39576268
8540	8544	1	0.45819202
8544	8540	1	0.30211866
8540	8544	2	0.27090394
8544	8540	2	0.30211866
8540	8545	0	0.2832036
8545	8540	0	0.38346308
8540	8545	1	0.43359274
8545	8540	1	0.30826843
8540	8545	2	0.28320366
8545	8540	2	0.30826846
8541	8543	0	0.32242972
8543	8541	0	0.34423694
8541	8543	1	0.35514063
8543	8541	1	0.3278815
8541	8543	2	0.32242972
8543	8541	2	0.32788152
8541	8544	0	0.31731954
8544	8541	0	0.34934717
8541	8544	1	0.36536095
8544	8541	1	0.32532644
8541	8544	2	0.3173195
8544	8541	2	0.32532644
8541	8545	0	0.32442287
8545	8541	0	0.3422438
8541	8545	1	0.3511542
8545	8541	1	0.32887807
8541	8545	2	0.32442293
8545	8541	2	0.3288781
8542	8546	0	0.31216657
8546	8542	0	0.3545001
8542	8546	1	0.3756668
8546	8542	1	0.32274994
8542	8546	2	0.31216657
8546	8542	2	0.32274997
8543	8546	0	0.31024975
8546	8543	0	0.35641694
8543	8546	1	0.3795005
8546	8543	1	0.32179153
8543	8546	2	0.31024975
8546	8543	2	0.32179156
8547	8551	0	0.3333333
8551	8547	0	0.3333333
8547	8551	1	0.3333333
8551	8547	1	0.3333333
8547	8551	2	0.33333334
8551	8547	2	0.33333337
8548	8551	0	0.3333333
8551	8548	0	0.3333333
8548	8551	1	0.3333333
8551	8548	1	0.3333333
8548	8551	2	0.33333337
8551	8548	2	0.33333337
8552	8555	0	0.25593466
8555	8552	0	0.410732
8552	8555	1	0.48813063
8555	8552	1	0.29463398
8552	8555	2	0.25593472
8555	8552	2	0.294634
8553	8556	0	0.316165
8556	8553	0	0.35050172
8553	8556	1	0.36767003
8556	8553	1	0.32474917
8553	8556	2	0.31616497
8556	8553	2	0.32474917
8553	8557	0	0.33333334
8557	8553	0	0.33333337
8553	8557	1	0.33333337
8557	8553	1	0.33333334
8553	8557	2	0.33333334
8557	8553	2	0.33333334
8554	8556	0	0.31887525
8556	8554	0	0.3477914
8554	8556	1	0.36224943
8556	8554	1	0.3261043
8554	8556	2	0.31887525
8556	8554	2	0.3261043
8554	8557	0	0.33333334
8557	8554	0	0.3333333
8554	8557	1	0.3333333
8557	8554	1	0.3333333
8554	8557	2	0.3333333
8557	8554	2	0.3333333
8555	8558	0	0.3333333
8558	8555	0	0.3333333
8555	8558	1	0.3333333
8558	8555	1	0.3333333
8555	8558	2	0.33333334
8558	8555	2	0.3333333
8555	8559	0	0.33333334
8559	8555	0	0.33333334
8555	8559	1	0.3333333
8559	8555	1	0.33333334
8555	8559	2	0.33333328
8559	8555	2	0.3333333
8560	8563	0	0.33333334
8563	8560	0	0.3333333
8560	8563	1	0.3333333
8563	8560	1	0.3333333
8560	8563	2	0.3333333
8563	8560	2	0.3333333
8560	8564	0	0.34555936
8564	8560	0	0.33027682
8560	8564	1	0.32722032
8564	8560	1	0.33944634
8560	8564	2	0.3272203
8564	8560	2	0.33027682
8561	8563	0	0.3333333
8563	8561	0	0.3333333
8561	8563	1	0.3333333
8563	8561	1	0.33333334
8561	8563	2	0.3333333
8563	8561	2	0.3333333
8561	8564	0	0.41405788
8564	8561	0	0.3131522
8561	8564	1	0.29297107
8564	8561	1	0.3736956
8561	8564	2	0.2929711
8564	8561	2	0.3131522
8565	8568	0	0.33085036
8568	8565	0	0.33581632
8565	8568	1	0.33829927
8568	8565	1	0.33209187
8565	8568	2	0.33085036
8568	8565	2	0.33209187
8565	8569	0	0.33333334
8569	8565	0	0.33333334
8565	8569	1	0.3333333
8569	8565	1	0.3333333
8565	8569	2	0.33333337
8569	8565	2	0.33333334
8566	8569	0	0.3434756
8569	8566	0	0.33079773
8566	8569	1	0.32826218
8569	8566	1	0.33840448
8566	8569	2	0.3282622
8569	8566	2	0.33079773
8570	8576	0	0.33333337
8576	8570	0	0.3333333
8570	8576	1	0.33333337
8576	8570	1	0.3333333
8570	8576	2	0.33333328
8576	8570	2	0.3333333
8570	8574	0	0.3333333
8574	8570	0	0.33333334
8570	8574	1	0.33333334
8574	8570	1	0.33333334
8570	8574	2	0.33333334
8574	8570	2	0.33333337
8570	8575	0	0.3333333
8575	8570	0	0.3333333
8570	8575	1	0.3333333
8575	8570	1	0.3333333
8570	8575	2	0.33333334
8575	8570	2	0.33333334
8571	8576	0	0.3147521
8576	8571	0	0.35191458
8571	8576	1	0.37049577
8576	8571	1	0.3240427
8571	8576	2	0.3147521
8576	8571	2	0.3240427
8571	8574	0	0.29785037
8574	8571	0	0.36881632
8571	8574	1	0.40429926
8574	8571	1	0.31559184
8571	8574	2	0.29785037
8574	8571	2	0.31559187
8571	8575	0	0.29620594
8575	8571	0	0.37046075
8571	8575	1	0.40758806
8575	8571	1	0.31476963
8571	8575	2	0.296206
8575	8571	2	0.3147697
8572	8577	0	0.25755256
8577	8572	0	0.40911406
8572	8577	1	0.48489487
8577	8572	1	0.29544294
8572	8577	2	0.25755262
8577	8572	2	0.295443
8573	8577	0	0.24112579
8577	8573	0	0.42554092
8573	8577	1	0.5177485
8577	8573	1	0.28722954
8573	8577	2	0.2411258
8577	8573	2	0.28722957
8574	8578	0	0.33333337
8578	8574	0	0.33333334
8574	8578	1	0.3333333
8578	8574	1	0.33333337
8574	8578	2	0.33333334
8578	8574	2	0.33333334
8575	8578	0	0.33333334
8578	8575	0	0.3333333
8575	8578	1	0.3333333
8578	8575	1	0.3333333
8575	8578	2	0.3333333
8578	8575	2	0.3333333
8576	8578	0	0.3333333
8578	8576	0	0.3333333
8576	8578	1	0.3333333
8578	8576	1	0.3333333
8576	8578	2	0.3333333
8578	8576	2	0.3333333
8579	8584	0	0.26222128
8584	8579	0	0.40444538
8579	8584	1	0.47555742
8584	8579	1	0.2977773
8579	8584	2	0.26222134
8584	8579	2	0.29777732
8580	8584	0	0.26150143
8584	8580	0	0.40516526
8580	8584	1	0.4769971
8584	8580	1	0.2974174
8580	8584	2	0.2615015
8584	8580	2	0.2974174
8581	8585	0	0.33333334
8585	8581	0	0.33333337
8581	8585	1	0.33333334
8585	8581	1	0.33333334
8581	8585	2	0.33333334
8585	8581	2	0.33333334
8582	8585	0	0.3333333
8585	8582	0	0.3333333
8582	8585	1	0.3333333
8585	8582	1	0.3333333
8582	8585	2	0.3333333
8585	8582	2	0.3333333
8583	8585	0	0.33333334
8585	8583	0	0.33333334
8583	8585	1	0.3333333
8585	8583	1	0.33333334
8583	8585	2	0.3333333
8585	8583	2	0.3333333
8584	8586	0	0.3333333
8586	8584	0	0.33333334
8584	8586	1	0.33333337
8586	8584	1	0.33333334
8584	8586	2	0.3333333
8586	8584	2	0.3333333
8584	8587	0	0.3333333
8587	8584	0	0.33333334
8584	8587	1	0.3333333
8587	8584	1	0.33333334
8584	8587	2	0.3333333
8587	8584	2	0.33333334
8591	8595	0	0.33333337
8595	8591	0	0.3333333
8591	8595	1	0.3333333
8595	8591	1	0.33333334
8591	8595	2	0.3333333
8595	8591	2	0.3333333
8591	8596	0	0.3333333
8596	8591	0	0.3333333
8591	8596	1	0.3333333
8596	8591	1	0.3333333
8591	8596	2	0.33333337
8596	8591	2	0.33333337
8591	8597	0	0.3047787
8597	8591	0	0.36188802
8591	8597	1	0.3904426
8597	8591	1	0.31905603
8591	8597	2	0.30477867
8597	8591	2	0.31905603
8592	8595	0	0.33333337
8595	8592	0	0.33333334
8592	8595	1	0.33333334
8595	8592	1	0.33333337
8592	8595	2	0.33333337
8595	8592	2	0.33333334
8592	8596	0	0.33333334
8596	8592	0	0.33333334
8592	8596	1	0.33333334
8596	8592	1	0.33333334
8592	8596	2	0.33333334
8596	8592	2	0.33333334
8592	8597	0	0.30418098
8597	8592	0	0.36248565
8592	8597	1	0.39163798
8597	8592	1	0.31875712
8592	8597	2	0.30418098
8597	8592	2	0.31875718
8593	8598	0	0.3333333
8598	8593	0	0.3333333
8593	8598	1	0.33333334
8598	8593	1	0.3333333
8593	8598	2	0.3333333
8598	8593	2	0.3333333
8594	8598	0	0.3333333
8598	8594	0	0.3333333
8594	8598	1	0.33333328
8598	8594	1	0.33333337
8594	8598	2	0.33333337
8598	8594	2	0.33333337
8595	8599	0	0.3075511
8599	8595	0	0.35911554
8595	8599	1	0.38489777
8599	8595	1	0.3204422
8595	8599	2	0.3075511
8599	8595	2	0.3204422
8595	8600	0	0.3070138
8600	8595	0	0.35965285
8595	8600	1	0.38597238
8600	8595	1	0.3201736
8595	8600	2	0.30701378
8600	8595	2	0.32017356
8596	8599	0	0.30818498
8599	8596	0	0.35848168
8596	8599	1	0.38362998
8599	8596	1	0.32075918
8596	8599	2	0.30818498
8599	8596	2	0.32075918
8596	8600	0	0.3076477
8600	8596	0	0.35901898
8596	8600	1	0.38470462
8600	8596	1	0.32049048
8596	8600	2	0.3076477
8600	8596	2	0.32049048
8597	8599	0	0.31755698
8599	8597	0	0.34910968
8597	8599	1	0.36488605
8599	8597	1	0.32544515
8597	8599	2	0.31755704
8599	8597	2	0.3254452
8597	8600	0	0.31701967
8600	8597	0	0.349647
8597	8600	1	0.3659607
8600	8597	1	0.3251765
8597	8600	2	0.3170197
8600	8597	2	0.32517654
8598	8601	0	0.3333333
8601	8598	0	0.3333333
8598	8601	1	0.3333333
8601	8598	1	0.33333334
8598	8601	2	0.33333334
8601	8598	2	0.33333334
8599	8601	0	0.3333333
8601	8599	0	0.3333333
8599	8601	1	0.3333333
8601	8599	1	0.33333337
8599	8601	2	0.3333333
8601	8599	2	0.33333334
8600	8602	0	0.40352237
8602	8600	0	0.3157861
8600	8602	1	0.2982388
8602	8600	1	0.36842787
8600	8602	2	0.2982388
8602	8600	2	0.3157861
8600	8603	0	0.3333333
8603	8600	0	0.33333334
8600	8603	1	0.3333333
8603	8600	1	0.33333337
8600	8603	2	0.33333334
8603	8600	2	0.33333334
8600	8604	0	0.39793828
8604	8600	0	0.3171821
8600	8604	1	0.30103087
8604	8600	1	0.3656358
8600	8604	2	0.30103087
8604	8600	2	0.31718212
8601	8605	0	0.3333333
8605	8601	0	0.33333334
8601	8605	1	0.3333333
8605	8601	1	0.33333334
8601	8605	2	0.3333333
8605	8601	2	0.33333334
8602	8606	0	0.29490176
8606	8602	0	0.37176487
8602	8606	1	0.41019642
8606	8602	1	0.31411755
8602	8606	2	0.29490185
8606	8602	2	0.31411755
8603	8606	0	0.33333334
8606	8603	0	0.3333333
8603	8606	1	0.33333334
8606	8603	1	0.3333333
8603	8606	2	0.3333333
8606	8603	2	0.3333333
8604	8606	0	0.29572332
8606	8604	0	0.37094337
8604	8606	1	0.40855336
8606	8604	1	0.31452832
8604	8606	2	0.29572338
8606	8604	2	0.31452835
8605	8608	0	0.3333333
8608	8605	0	0.33333334
8605	8608	1	0.3333333
8608	8605	1	0.33333337
8605	8608	2	0.3333333
8608	8605	2	0.33333334
8605	8607	0	0.3207933
8607	8605	0	0.34587336
8605	8607	1	0.3584134
8607	8605	1	0.32706332
8605	8607	2	0.3207933
8607	8605	2	0.3270633
8606	8609	0	0.355339
8609	8606	0	0.32783192
8606	8609	1	0.32233053
8609	8606	1	0.34433618
8606	8609	2	0.32233053
8609	8606	2	0.32783195
8606	8610	0	0.33333334
8610	8606	0	0.33333334
8606	8610	1	0.33333334
8610	8606	1	0.3333333
8606	8610	2	0.3333333
8610	8606	2	0.3333333
8606	8611	0	0.3333333
8611	8606	0	0.33333334
8606	8611	1	0.3333333
8611	8606	1	0.33333334
8606	8611	2	0.33333334
8611	8606	2	0.33333337
8607	8612	0	0.33333334
8612	8607	0	0.33333334
8607	8612	1	0.33333334
8612	8607	1	0.33333334
8607	8612	2	0.33333337
8612	8607	2	0.33333337
8607	8613	0	0.3333333
8613	8607	0	0.3333333
8607	8613	1	0.3333333
8613	8607	1	0.3333333
8607	8613	2	0.33333334
8613	8607	2	0.3333333
8607	8614	0	0.33333334
8614	8607	0	0.3333333
8607	8614	1	0.33333334
8614	8607	1	0.3333333
8607	8614	2	0.3333333
8614	8607	2	0.3333333
8608	8612	0	0.3333333
8612	8608	0	0.3333333
8608	8612	1	0.33333334
8612	8608	1	0.33333334
8608	8612	2	0.3333333
8612	8608	2	0.3333333
8608	8613	0	0.32132813
8613	8608	0	0.34533852
8608	8613	1	0.35734367
8613	8608	1	0.3273307
8608	8613	2	0.32132816
8613	8608	2	0.3273307
8608	8614	0	0.31171635
8614	8608	0	0.3549503
8608	8614	1	0.37656727
8614	8608	1	0.32252485
8608	8614	2	0.31171635
8614	8608	2	0.3225248
8609	8615	0	0.25900534
8615	8609	0	0.40766138
8609	8615	1	0.48198938
8615	8609	1	0.29616934
8609	8615	2	0.25900537
8615	8609	2	0.29616934
8609	8616	0	0.26078933
8616	8609	0	0.4058773
8609	8616	1	0.47842133
8616	8609	1	0.29706132
8609	8616	2	0.2607894
8616	8609	2	0.29706138
8609	8617	0	0.3333333
8617	8609	0	0.33333337
8609	8617	1	0.3333333
8617	8609	1	0.33333337
8609	8617	2	0.33333337
8617	8609	2	0.33333334
8610	8615	0	0.3146336
8615	8610	0	0.35203308
8610	8615	1	0.3707328
8615	8610	1	0.3239835
8610	8615	2	0.31463358
8615	8610	2	0.32398343
8610	8616	0	0.31595352
8616	8610	0	0.3507131
8610	8616	1	0.3680929
8616	8610	1	0.32464343
8610	8616	2	0.3159536
8616	8610	2	0.3246435
8610	8617	0	0.34355268
8617	8610	0	0.33077842
8610	8617	1	0.32822362
8617	8610	1	0.33844304
8610	8617	2	0.32822365
8617	8610	2	0.33077848
8611	8615	0	0.25791705
8615	8611	0	0.40874964
8611	8615	1	0.48416597
8615	8611	1	0.29562518
8611	8615	2	0.257917
8615	8611	2	0.29562515
8611	8616	0	0.25970095
8616	8611	0	0.40696573
8611	8616	1	0.48059806
8616	8611	1	0.29651716
8611	8616	2	0.259701
8616	8611	2	0.29651716
8611	8617	0	0.3333333
8617	8611	0	0.3333333
8611	8617	1	0.3333333
8617	8611	1	0.33333334
8611	8617	2	0.33333337
8617	8611	2	0.33333334
8618	8621	0	0.28388608
8621	8618	0	0.3827806
8618	8621	1	0.43222788
8621	8618	1	0.3086097
8618	8621	2	0.28388602
8621	8618	2	0.3086097
8618	8622	0	0.3333333
8622	8618	0	0.33333334
8618	8622	1	0.3333333
8622	8618	1	0.3333333
8618	8622	2	0.33333334
8622	8618	2	0.33333334
8619	8623	0	0.31389037
8623	8619	0	0.35277623
8619	8623	1	0.3722192
8623	8619	1	0.32361186
8619	8623	2	0.31389043
8623	8619	2	0.32361183
8619	8624	0	0.29947847
8624	8619	0	0.3671882
8619	8624	1	0.4010431
8624	8619	1	0.3164059
8619	8624	2	0.2994784
8624	8619	2	0.3164059
8619	8625	0	0.28665295
8625	8619	0	0.3800137
8619	8625	1	0.42669415
8625	8619	1	0.30999312
8619	8625	2	0.2866529
8625	8619	2	0.30999312
8620	8623	0	0.3333333
8623	8620	0	0.3333333
8620	8623	1	0.3333333
8623	8620	1	0.3333333
8620	8623	2	0.3333333
8623	8620	2	0.3333333
8620	8624	0	0.33061105
8624	8620	0	0.33605558
8620	8624	1	0.33877787
8624	8620	1	0.33197218
8620	8624	2	0.33061102
8624	8620	2	0.33197218
8620	8625	0	0.32480603
8625	8620	0	0.3418606
8620	8625	1	0.35038793
8625	8620	1	0.32906967
8620	8625	2	0.32480597
8625	8620	2	0.32906967
8621	8626	0	0.33106074
8626	8621	0	0.33560598
8621	8626	1	0.33787858
8626	8621	1	0.33219704
8621	8626	2	0.33106068
8626	8621	2	0.332197
8622	8626	0	0.2605099
8626	8622	0	0.40615678
8622	8626	1	0.47898018
8626	8622	1	0.2969216
8622	8626	2	0.26050988
8626	8622	2	0.2969216
8285	8284	1	0.0
8245	8244	1	0.0
8336	8335	1	0.0
8383	8382	1	0.0
8439	8438	1	0.0
8524	8523	1	0.0
8472	8471	1	0.0
8575	8573	1	0.0
8384	8382	1	0.0
8337	8335	1	0.0
8576	8573	1	0.0
8440	8438	1	0.0
8525	8523	1	0.0
8473	8472	1	0.0
8246	8244	1	0.0
8575	8574	1	0.0
8385	8382	1	0.0
8338	8335	1	0.0
8526	8523	1	0.0
8621	8619	1	0.0
8246	8245	1	0.0
8474	8472	1	0.0
8525	8524	1	0.0
8576	8574	1	0.0
8440	8439	1	0.0
8386	8383	1	0.0
8286	8283	1	0.0
8247	8245	1	0.0
8337	8336	1	0.0
8526	8524	1	0.0
8474	8473	1	0.0
8622	8619	1	0.0
8576	8575	1	0.0
8441	8439	1	0.0
8248	8245	1	0.0
8286	8284	1	0.0
8526	8525	1	0.0
8384	8383	1	0.0
8338	8336	1	0.0
8475	8473	1	0.0
8577	8574	1	0.0
8527	8524	1	0.0
8247	8246	1	0.0
8286	8285	1	0.0
8621	8620	1	0.0
8441	8440	1	0.0
8527	8525	1	0.0
8475	8474	1	0.0
8577	8575	1	0.0
8287	8286	1	0.0
8385	8383	1	0.0
8248	8246	1	0.0
8338	8337	1	0.0
8527	8526	1	0.0
8622	8620	1	0.0
8442	8441	1	0.0
8476	8474	1	0.0
8288	8286	1	0.0
8577	8576	1	0.0
8248	8247	1	0.0
8528	8527	1	0.0
8384	8386	1	0.0
8339	8336	1	0.0
8578	8577	1	0.0
8443	8442	1	0.0
8288	8287	1	0.0
8529	8527	1	0.0
8249	8247	1	0.0
8622	8621	1	0.0
8476	8475	1	0.0
8580	8579	1	0.0
8385	8386	1	0.0
8339	8337	1	0.0
8444	8442	1	0.0
8250	8247	1	0.0
8530	8527	1	0.0
8290	8289	1	0.0
8581	8579	1	0.0
8477	8475	1	0.0
8251	8247	1	0.0
8623	8621	1	0.0
8529	8528	1	0.0
8291	8289	1	0.0
8339	8338	1	0.0
8385	8384	1	0.0
8444	8443	1	0.0
8582	8579	1	0.0
8249	8248	1	0.0
8530	8528	1	0.0
8477	8476	1	0.0
8624	8621	1	0.0
8292	8289	1	0.0
8445	8443	1	0.0
8341	8340	1	0.0
8387	8384	1	0.0
8250	8248	1	0.0
8530	8529	1	0.0
8583	8579	1	0.0
8479	8478	1	0.0
8625	8621	1	0.0
8291	8290	1	0.0
8531	8528	1	0.0
8251	8248	1	0.0
8445	8444	1	0.0
8342	8340	1	0.0
8387	8385	1	0.0
8623	8622	1	0.0
8480	8478	1	0.0
8581	8580	1	0.0
8292	8290	1	0.0
8250	8249	1	0.0
8532	8528	1	0.0
8342	8341	1	0.0
8446	8445	1	0.0
8582	8580	1	0.0
8389	8388	1	0.0
8292	8291	1	0.0
8251	8249	1	0.0
8481	8478	1	0.0
8533	8529	1	0.0
8624	8622	1	0.0
8344	8343	1	0.0
8583	8580	1	0.0
8391	8390	1	0.0
8447	8445	1	0.0
8253	8252	1	0.0
8293	8289	1	0.0
8531	8529	1	0.0
8480	8479	1	0.0
8625	8622	1	0.0
8582	8581	1	0.0
8345	8344	1	0.0
8391	8392	1	0.0
8254	8253	1	0.0
8448	8445	1	0.0
8532	8529	1	0.0
8294	8289	1	0.0
8481	8479	1	0.0
8583	8581	1	0.0
8255	8253	1	0.0
8346	8344	1	0.0
8393	8391	1	0.0
8533	8530	1	0.0
8293	8290	1	0.0
8624	8623	1	0.0
8447	8446	1	0.0
8481	8480	1	0.0
8256	8253	1	0.0
8583	8582	1	0.0
8347	8344	1	0.0
8394	8392	1	0.0
8531	8530	1	0.0
8294	8290	1	0.0
8255	8254	1	0.0
8625	8623	1	0.0
8482	8479	1	0.0
8584	8581	1	0.0
8532	8530	1	0.0
8394	8391	1	0.0
8346	8345	1	0.0
8448	8446	1	0.0
8256	8254	1	0.0
8293	8291	1	0.0
8625	8624	1	0.0
8482	8480	1	0.0
8531	8533	1	0.0
8584	8582	1	0.0
8394	8393	1	0.0
8347	8345	1	0.0
8448	8447	1	0.0
8256	8255	1	0.0
8294	8291	1	0.0
8532	8533	1	0.0
8482	8481	1	0.0
8584	8583	1	0.0
8395	8394	1	0.0
8347	8346	1	0.0
8257	8254	1	0.0
8449	8446	1	0.0
8626	8623	1	0.0
8293	8292	1	0.0
8532	8531	1	0.0
8483	8482	1	0.0
8348	8345	1	0.0
8257	8255	1	0.0
8585	8584	1	0.0
8396	8395	1	0.0
8294	8292	1	0.0
8450	8446	1	0.0
8626	8624	1	0.0
8534	8533	1	0.0
8484	8483	1	0.0
8348	8346	1	0.0
8294	8293	1	0.0
8586	8585	1	0.0
8398	8397	1	0.0
8535	8533	1	0.0
8257	8256	1	0.0
8451	8446	1	0.0
8626	8625	1	0.0
8485	8484	1	0.0
8295	8293	1	0.0
8348	8347	1	0.0
8587	8585	1	0.0
8399	8397	1	0.0
8259	8258	1	0.0
8536	8533	1	0.0
8486	8484	1	0.0
8295	8294	1	0.0
8587	8586	1	0.0
8350	8349	1	0.0
8399	8398	1	0.0
8260	8258	1	0.0
8452	8446	1	0.0
8534	8531	1	0.0
8486	8485	1	0.0
8296	8295	1	0.0
8589	8588	1	0.0
8351	8349	1	0.0
8400	8398	1	0.0
8260	8259	1	0.0
8535	8531	1	0.0
8487	8485	1	0.0
8590	8588	1	0.0
8297	8295	1	0.0
8449	8447	1	0.0
8261	8260	1	0.0
8401	8398	1	0.0
8351	8350	1	0.0
8536	8531	1	0.0
8488	8485	1	0.0
8590	8589	1	0.0
8298	8295	1	0.0
8262	8260	1	0.0
8534	8532	1	0.0
8450	8447	1	0.0
8487	8486	1	0.0
8592	8591	1	0.0
8402	8398	1	0.0
8297	8296	1	0.0
8353	8352	1	0.0
8262	8261	1	0.0
8535	8532	1	0.0
8488	8486	1	0.0
8593	8591	1	0.0
8298	8296	1	0.0
8400	8399	1	0.0
8264	8263	1	0.0
8354	8352	1	0.0
8536	8532	1	0.0
8451	8447	1	0.0
8488	8487	1	0.0
8594	8591	1	0.0
8298	8297	1	0.0
8265	8264	1	0.0
8401	8399	1	0.0
8354	8353	1	0.0
8535	8534	1	0.0
8452	8447	1	0.0
8489	8487	1	0.0
8593	8592	1	0.0
8299	8296	1	0.0
8536	8534	1	0.0
8402	8399	1	0.0
8449	8448	1	0.0
8489	8488	1	0.0
8401	8400	1	0.0
8594	8592	1	0.0
8536	8535	1	0.0
8300	8296	1	0.0
8266	8265	1	0.0
8450	8448	1	0.0
8356	8355	1	0.0
8490	8489	1	0.0
8594	8593	1	0.0
8402	8400	1	0.0
8537	8534	1	0.0
8299	8297	1	0.0
8268	8267	1	0.0
8357	8355	1	0.0
8491	8489	1	0.0
8595	8593	1	0.0
8451	8448	1	0.0
8537	8535	1	0.0
8402	8401	1	0.0
8270	8269	1	0.0
8300	8297	1	0.0
8358	8355	1	0.0
8491	8490	1	0.0
8596	8593	1	0.0
8537	8536	1	0.0
8299	8298	1	0.0
8271	8269	1	0.0
8403	8400	1	0.0
8357	8356	1	0.0
8452	8448	1	0.0
8492	8490	1	0.0
8597	8593	1	0.0
8539	8538	1	0.0
8300	8298	1	0.0
8272	8269	1	0.0
8403	8401	1	0.0
8358	8356	1	0.0
8450	8449	1	0.0
8492	8491	1	0.0
8540	8539	1	0.0
8595	8594	1	0.0
8403	8402	1	0.0
8271	8270	1	0.0
8300	8299	1	0.0
8358	8357	1	0.0
8494	8493	1	0.0
8596	8594	1	0.0
8541	8539	1	0.0
8451	8449	1	0.0
8272	8270	1	0.0
8404	8403	1	0.0
8495	8493	1	0.0
8301	8299	1	0.0
8597	8594	1	0.0
8360	8359	1	0.0
8541	8540	1	0.0
8272	8271	1	0.0
8452	8449	1	0.0
8451	8450	1	0.0
8495	8494	1	0.0
8302	8299	1	0.0
8596	8595	1	0.0
8406	8405	1	0.0
8273	8269	1	0.0
8542	8540	1	0.0
8361	8359	1	0.0
8452	8450	1	0.0
8496	8493	1	0.0
8597	8595	1	0.0
8301	8300	1	0.0
8274	8269	1	0.0
8407	8405	1	0.0
8543	8540	1	0.0
8361	8360	1	0.0
8496	8494	1	0.0
8273	8270	1	0.0
8597	8596	1	0.0
8302	8300	1	0.0
8496	8495	1	0.0
8542	8541	1	0.0
8362	8360	1	0.0
8408	8407	1	0.0
8274	8270	1	0.0
8302	8301	1	0.0
8598	8595	1	0.0
8452	8451	1	0.0
8497	8496	1	0.0
8543	8542	1	0.0
8362	8361	1	0.0
8409	8408	1	0.0
8273	8271	1	0.0
8598	8596	1	0.0
8303	8301	1	0.0
8544	8542	1	0.0
8498	8496	1	0.0
8410	8408	1	0.0
8364	8363	1	0.0
8274	8271	1	0.0
8598	8597	1	0.0
8303	8302	1	0.0
8499	8496	1	0.0
8453	8449	1	0.0
8273	8272	1	0.0
8410	8409	1	0.0
8545	8542	1	0.0
8365	8363	1	0.0
8304	8303	1	0.0
8599	8598	1	0.0
8500	8496	1	0.0
8274	8272	1	0.0
8544	8543	1	0.0
8366	8363	1	0.0
8411	8409	1	0.0
8305	8304	1	0.0
8498	8497	1	0.0
8600	8598	1	0.0
8274	8273	1	0.0
8545	8543	1	0.0
8454	8449	1	0.0
8367	8363	1	0.0
8412	8409	1	0.0
8306	8305	1	0.0
8275	8273	1	0.0
8545	8544	1	0.0
8600	8599	1	0.0
8499	8497	1	0.0
8307	8306	1	0.0
8413	8409	1	0.0
8365	8364	1	0.0
8546	8544	1	0.0
8601	8600	1	0.0
8500	8497	1	0.0
8276	8273	1	0.0
8455	8449	1	0.0
8308	8307	1	0.0
8366	8364	1	0.0
8411	8410	1	0.0
8546	8545	1	0.0
8602	8601	1	0.0
8277	8273	1	0.0
8499	8498	1	0.0
8309	8307	1	0.0
8548	8547	1	0.0
8412	8410	1	0.0
8367	8364	1	0.0
8278	8273	1	0.0
8603	8601	1	0.0
8500	8498	1	0.0
8309	8308	1	0.0
8549	8547	1	0.0
8366	8365	1	0.0
8275	8274	1	0.0
8413	8410	1	0.0
8453	8450	1	0.0
8604	8601	1	0.0
8310	8308	1	0.0
8500	8499	1	0.0
8550	8547	1	0.0
8276	8274	1	0.0
8367	8365	1	0.0
8603	8602	1	0.0
8412	8411	1	0.0
8312	8311	1	0.0
8501	8497	1	0.0
8277	8274	1	0.0
8549	8548	1	0.0
8604	8602	1	0.0
8367	8366	1	0.0
8314	8313	1	0.0
8501	8498	1	0.0
8413	8411	1	0.0
8278	8274	1	0.0
8550	8548	1	0.0
8454	8450	1	0.0
8316	8315	1	0.0
8368	8364	1	0.0
8604	8603	1	0.0
8276	8275	1	0.0
8501	8499	1	0.0
8413	8412	1	0.0
8550	8549	1	0.0
8318	8317	1	0.0
8277	8275	1	0.0
8501	8500	1	0.0
8551	8549	1	0.0
8605	8602	1	0.0
8369	8364	1	0.0
8414	8411	1	0.0
8319	8317	1	0.0
8455	8450	1	0.0
8278	8275	1	0.0
8551	8550	1	0.0
8605	8603	1	0.0
8368	8365	1	0.0
8414	8413	1	0.0
8277	8276	1	0.0
8502	8501	1	0.0
8320	8317	1	0.0
8553	8552	1	0.0
8453	8451	1	0.0
8605	8604	1	0.0
8278	8276	1	0.0
8415	8414	1	0.0
8369	8365	1	0.0
8554	8552	1	0.0
8503	8501	1	0.0
8319	8318	1	0.0
8606	8605	1	0.0
8278	8277	1	0.0
8416	8414	1	0.0
8554	8553	1	0.0
8454	8451	1	0.0
8368	8366	1	0.0
8504	8501	1	0.0
8279	8275	1	0.0
8320	8318	1	0.0
8607	8606	1	0.0
8555	8553	1	0.0
8417	8414	1	0.0
8503	8502	1	0.0
8369	8366	1	0.0
8280	8275	1	0.0
8608	8606	1	0.0
8320	8319	1	0.0
8555	8554	1	0.0
8281	8275	1	0.0
8608	8607	1	0.0
8504	8502	1	0.0
8455	8451	1	0.0
8556	8555	1	0.0
8321	8317	1	0.0
8416	8415	1	0.0
8368	8367	1	0.0
8282	8275	1	0.0
8609	8607	1	0.0
8504	8503	1	0.0
8557	8555	1	0.0
8369	8367	1	0.0
8417	8415	1	0.0
8279	8276	1	0.0
8322	8317	1	0.0
8506	8505	1	0.0
8610	8607	1	0.0
8556	8558	1	0.0
8280	8276	1	0.0
8321	8318	1	0.0
8369	8368	1	0.0
8417	8416	1	0.0
8507	8506	1	0.0
8611	8607	1	0.0
8453	8452	1	0.0
8557	8558	1	0.0
8281	8276	1	0.0
8322	8318	1	0.0
8508	8506	1	0.0
8419	8418	1	0.0
8609	8608	1	0.0
8370	8368	1	0.0
8557	8556	1	0.0
8282	8276	1	0.0
8321	8319	1	0.0
8508	8507	1	0.0
8420	8418	1	0.0
8280	8277	1	0.0
8610	8608	1	0.0
8454	8452	1	0.0
8322	8319	1	0.0
8559	8558	1	0.0
8371	8368	1	0.0
8509	8507	1	0.0
8281	8277	1	0.0
8421	8418	1	0.0
8611	8608	1	0.0
8321	8320	1	0.0
8509	8508	1	0.0
8559	8556	1	0.0
8282	8277	1	0.0
8370	8369	1	0.0
8610	8609	1	0.0
8420	8419	1	0.0
8455	8452	1	0.0
8510	8509	1	0.0
8322	8320	1	0.0
8559	8557	1	0.0
8279	8278	1	0.0
8611	8609	1	0.0
8371	8369	1	0.0
8421	8419	1	0.0
8611	8610	1	0.0
8561	8560	1	0.0
8322	8321	1	0.0
8280	8278	1	0.0
8511	8510	1	0.0
8421	8420	1	0.0
8371	8370	1	0.0
8612	8609	1	0.0
8454	8453	1	0.0
8562	8560	1	0.0
8281	8278	1	0.0
8324	8323	1	0.0
8512	8510	1	0.0
8372	8370	1	0.0
8422	8419	1	0.0
8613	8609	1	0.0
8562	8561	1	0.0
8282	8278	1	0.0
8513	8510	1	0.0
8325	8323	1	0.0
8614	8609	1	0.0
8563	8562	1	0.0
8373	8370	1	0.0
8423	8419	1	0.0
8455	8453	1	0.0
8280	8279	1	0.0
8326	8323	1	0.0
8512	8511	1	0.0
8564	8562	1	0.0
8612	8610	1	0.0
8281	8279	1	0.0
8372	8371	1	0.0
8422	8420	1	0.0
8513	8511	1	0.0
8327	8323	1	0.0
8564	8563	1	0.0
8613	8610	1	0.0
8282	8279	1	0.0
8423	8420	1	0.0
8373	8371	1	0.0
8455	8454	1	0.0
8513	8512	1	0.0
8325	8324	1	0.0
8566	8565	1	0.0
8614	8610	1	0.0
8281	8280	1	0.0
8422	8421	1	0.0
8374	8372	1	0.0
8514	8511	1	0.0
8326	8324	1	0.0
8567	8565	1	0.0
8282	8280	1	0.0
8423	8421	1	0.0
8374	8373	1	0.0
8612	8611	1	0.0
8327	8324	1	0.0
8515	8511	1	0.0
8568	8566	1	0.0
8282	8281	1	0.0
8456	8453	1	0.0
8423	8422	1	0.0
8375	8374	1	0.0
8326	8325	1	0.0
8283	8279	1	0.0
8613	8611	1	0.0
8514	8512	1	0.0
8567	8566	1	0.0
8376	8374	1	0.0
8425	8424	1	0.0
8327	8325	1	0.0
8284	8279	1	0.0
8457	8453	1	0.0
8567	8568	1	0.0
8614	8611	1	0.0
8515	8512	1	0.0
8426	8424	1	0.0
8377	8374	1	0.0
8285	8279	1	0.0
8327	8326	1	0.0
8456	8454	1	0.0
8514	8513	1	0.0
8569	8568	1	0.0
8283	8280	1	0.0
8426	8425	1	0.0
8328	8323	1	0.0
8613	8612	1	0.0
8378	8374	1	0.0
8515	8513	1	0.0
8284	8280	1	0.0
8569	8567	1	0.0
8457	8454	1	0.0
8329	8323	1	0.0
8614	8612	1	0.0
8427	8425	1	0.0
8376	8375	1	0.0
8515	8514	1	0.0
8285	8280	1	0.0
8571	8570	1	0.0
8328	8324	1	0.0
8456	8455	1	0.0
8614	8613	1	0.0
8427	8426	1	0.0
8377	8375	1	0.0
8516	8514	1	0.0
8283	8281	1	0.0
8572	8570	1	0.0
8329	8324	1	0.0
8615	8612	1	0.0
8378	8375	1	0.0
8428	8427	1	0.0
8284	8281	1	0.0
8517	8514	1	0.0
8573	8570	1	0.0
8328	8325	1	0.0
8285	8281	1	0.0
8616	8612	1	0.0
8516	8515	1	0.0
8377	8376	1	0.0
8429	8427	1	0.0
8457	8455	1	0.0
8572	8571	1	0.0
8329	8325	1	0.0
8283	8282	1	0.0
8617	8612	1	0.0
8378	8376	1	0.0
8518	8515	1	0.0
8429	8428	1	0.0
8284	8282	1	0.0
8328	8326	1	0.0
8573	8571	1	0.0
8615	8613	1	0.0
8285	8282	1	0.0
8517	8515	1	0.0
8430	8428	1	0.0
8378	8377	1	0.0
8329	8326	1	0.0
8573	8572	1	0.0
8457	8456	1	0.0
8284	8283	1	0.0
8616	8613	1	0.0
8430	8429	1	0.0
8379	8375	1	0.0
8574	8572	1	0.0
8328	8327	1	0.0
8518	8516	1	0.0
8285	8283	1	0.0
8617	8613	1	0.0
8380	8375	1	0.0
8431	8430	1	0.0
8329	8327	1	0.0
8575	8572	1	0.0
8517	8516	1	0.0
8615	8614	1	0.0
8329	8328	1	0.0
8576	8572	1	0.0
8517	8518	1	0.0
8381	8375	1	0.0
8458	8456	1	0.0
8432	8430	1	0.0
8616	8614	1	0.0
8330	8328	1	0.0
8574	8573	1	0.0
8519	8516	1	0.0
8379	8376	1	0.0
8432	8431	1	0.0
8331	8328	1	0.0
8617	8614	1	0.0
8459	8456	1	0.0
8519	8518	1	0.0
8433	8431	1	0.0
8380	8376	1	0.0
8330	8329	1	0.0
8616	8615	1	0.0
8519	8517	1	0.0
8434	8431	1	0.0
8381	8376	1	0.0
8331	8329	1	0.0
8460	8456	1	0.0
8617	8615	1	0.0
8520	8519	1	0.0
8331	8330	1	0.0
8435	8431	1	0.0
8379	8377	1	0.0
8617	8616	1	0.0
8522	8521	1	0.0
8458	8457	1	0.0
8333	8332	1	0.0
8433	8432	1	0.0
8619	8618	1	0.0
8380	8377	1	0.0
8523	8521	1	0.0
8334	8332	1	0.0
8434	8432	1	0.0
8381	8377	1	0.0
8620	8618	1	0.0
8523	8522	1	0.0
8334	8333	1	0.0
8435	8432	1	0.0
8379	8378	1	0.0
8620	8619	1	0.0
8459	8457	1	0.0
8524	8522	1	0.0
8335	8334	1	0.0
8380	8378	1	0.0
8434	8433	1	0.0
8525	8522	1	0.0
8460	8457	1	0.0
8381	8378	1	0.0
8435	8433	1	0.0
8526	8522	1	0.0
8459	8458	1	0.0
8380	8379	1	0.0
8435	8434	1	0.0
8460	8458	1	0.0
8381	8379	1	0.0
8436	8433	1	0.0
8460	8459	1	0.0
8436	8434	1	0.0
8381	8380	1	0.0
8436	8435	1	0.0
8382	8379	1	0.0
8462	8461	1	0.0
8383	8379	1	0.0
8438	8437	1	0.0
8463	8461	1	0.0
8382	8380	1	0.0
8439	8437	1	0.0
8464	8461	1	0.0
8383	8380	1	0.0
8440	8437	1	0.0
8465	8461	1	0.0
8382	8381	1	0.0
8466	8461	1	0.0
8383	8381	1	0.0
8463	8462	1	0.0
8464	8462	1	0.0
8465	8462	1	0.0
8466	8462	1	0.0
8464	8463	1	0.0
8465	8463	1	0.0
8466	8463	1	0.0
8465	8464	1	0.0
8466	8464	1	0.0
8466	8465	1	0.0
8467	8463	1	0.0
8468	8463	1	0.0
8469	8463	1	0.0
8467	8464	1	0.0
8468	8464	1	0.0
8469	8464	1	0.0
8467	8465	1	0.0
8468	8465	1	0.0
8469	8465	1	0.0
8467	8466	1	0.0
8468	8466	1	0.0
8469	8466	1	0.0
8468	8467	1	0.0
8469	8467	1	0.0
8469	8468	1	0.0
8470	8467	1	0.0
8470	8468	1	0.0
8470	8469	1	0.0
8471	8470	1	0.0
8245	8244	0	0.0
8246	8244	0	0.0
8285	8284	0	0.0
8246	8245	0	0.0
8336	8335	0	0.0
8337	8335	0	0.0
8247	8245	0	0.0
8338	8335	0	0.0
8286	8283	0	0.0
8248	8245	0	0.0
8337	8336	0	0.0
8286	8284	0	0.0
8338	8336	0	0.0
8247	8246	0	0.0
8338	8337	0	0.0
8286	8285	0	0.0
8339	8336	0	0.0
8248	8246	0	0.0
8287	8286	0	0.0
8339	8337	0	0.0
8248	8247	0	0.0
8288	8286	0	0.0
8339	8338	0	0.0
8383	8382	0	0.0
8249	8247	0	0.0
8341	8340	0	0.0
8288	8287	0	0.0
8342	8340	0	0.0
8250	8247	0	0.0
8384	8382	0	0.0
8342	8341	0	0.0
8290	8289	0	0.0
8251	8247	0	0.0
8344	8343	0	0.0
8385	8382	0	0.0
8291	8289	0	0.0
8345	8344	0	0.0
8249	8248	0	0.0
8386	8383	0	0.0
8346	8344	0	0.0
8292	8289	0	0.0
8439	8438	0	0.0
8250	8248	0	0.0
8384	8383	0	0.0
8347	8344	0	0.0
8291	8290	0	0.0
8440	8438	0	0.0
8251	8248	0	0.0
8346	8345	0	0.0
8385	8383	0	0.0
8292	8290	0	0.0
8440	8439	0	0.0
8250	8249	0	0.0
8384	8386	0	0.0
8347	8345	0	0.0
8441	8439	0	0.0
8292	8291	0	0.0
8347	8346	0	0.0
8251	8249	0	0.0
8441	8440	0	0.0
8385	8386	0	0.0
8293	8289	0	0.0
8472	8471	0	0.0
8348	8345	0	0.0
8442	8441	0	0.0
8253	8252	0	0.0
8294	8289	0	0.0
8348	8346	0	0.0
8443	8442	0	0.0
8385	8384	0	0.0
8473	8472	0	0.0
8293	8290	0	0.0
8444	8442	0	0.0
8348	8347	0	0.0
8254	8253	0	0.0
8474	8472	0	0.0
8387	8384	0	0.0
8294	8290	0	0.0
8350	8349	0	0.0
8444	8443	0	0.0
8255	8253	0	0.0
8474	8473	0	0.0
8387	8385	0	0.0
8351	8349	0	0.0
8293	8291	0	0.0
8445	8443	0	0.0
8256	8253	0	0.0
8389	8388	0	0.0
8475	8473	0	0.0
8351	8350	0	0.0
8294	8291	0	0.0
8445	8444	0	0.0
8255	8254	0	0.0
8475	8474	0	0.0
8353	8352	0	0.0
8524	8523	0	0.0
8391	8390	0	0.0
8446	8445	0	0.0
8293	8292	0	0.0
8256	8254	0	0.0
8354	8352	0	0.0
8476	8474	0	0.0
8447	8445	0	0.0
8391	8392	0	0.0
8525	8523	0	0.0
8294	8292	0	0.0
8256	8255	0	0.0
8448	8445	0	0.0
8476	8475	0	0.0
8393	8391	0	0.0
8354	8353	0	0.0
8526	8523	0	0.0
8294	8293	0	0.0
8257	8254	0	0.0
8447	8446	0	0.0
8477	8475	0	0.0
8295	8293	0	0.0
8356	8355	0	0.0
8525	8524	0	0.0
8394	8392	0	0.0
8448	8446	0	0.0
8477	8476	0	0.0
8257	8255	0	0.0
8357	8355	0	0.0
8295	8294	0	0.0
8526	8524	0	0.0
8394	8391	0	0.0
8448	8447	0	0.0
8358	8355	0	0.0
8479	8478	0	0.0
8526	8525	0	0.0
8296	8295	0	0.0
8257	8256	0	0.0
8394	8393	0	0.0
8357	8356	0	0.0
8449	8446	0	0.0
8575	8573	0	0.0
8480	8478	0	0.0
8527	8524	0	0.0
8297	8295	0	0.0
8450	8446	0	0.0
8358	8356	0	0.0
8259	8258	0	0.0
8527	8525	0	0.0
8481	8478	0	0.0
8395	8394	0	0.0
8298	8295	0	0.0
8451	8446	0	0.0
8358	8357	0	0.0
8576	8573	0	0.0
8527	8526	0	0.0
8260	8258	0	0.0
8480	8479	0	0.0
8396	8395	0	0.0
8360	8359	0	0.0
8452	8446	0	0.0
8481	8479	0	0.0
8260	8259	0	0.0
8528	8527	0	0.0
8449	8447	0	0.0
8361	8359	0	0.0
8575	8574	0	0.0
8398	8397	0	0.0
8297	8296	0	0.0
8481	8480	0	0.0
8529	8527	0	0.0
8361	8360	0	0.0
8450	8447	0	0.0
8261	8260	0	0.0
8621	8619	0	0.0
8576	8574	0	0.0
8399	8397	0	0.0
8482	8479	0	0.0
8298	8296	0	0.0
8262	8260	0	0.0
8451	8447	0	0.0
8530	8527	0	0.0
8362	8360	0	0.0
8576	8575	0	0.0
8622	8619	0	0.0
8298	8297	0	0.0
8482	8480	0	0.0
8399	8398	0	0.0
8262	8261	0	0.0
8452	8447	0	0.0
8529	8528	0	0.0
8362	8361	0	0.0
8577	8574	0	0.0
8621	8620	0	0.0
8482	8481	0	0.0
8364	8363	0	0.0
8530	8528	0	0.0
8299	8296	0	0.0
8449	8448	0	0.0
8400	8398	0	0.0
8264	8263	0	0.0
8577	8575	0	0.0
8483	8482	0	0.0
8365	8363	0	0.0
8622	8620	0	0.0
8300	8296	0	0.0
8530	8529	0	0.0
8450	8448	0	0.0
8401	8398	0	0.0
8577	8576	0	0.0
8366	8363	0	0.0
8265	8264	0	0.0
8484	8483	0	0.0
8622	8621	0	0.0
8299	8297	0	0.0
8451	8448	0	0.0
8531	8528	0	0.0
8402	8398	0	0.0
8367	8363	0	0.0
8578	8577	0	0.0
8485	8484	0	0.0
8623	8621	0	0.0
8300	8297	0	0.0
8266	8265	0	0.0
8452	8448	0	0.0
8532	8528	0	0.0
8365	8364	0	0.0
8486	8484	0	0.0
8400	8399	0	0.0
8580	8579	0	0.0
8624	8621	0	0.0
8268	8267	0	0.0
8366	8364	0	0.0
8299	8298	0	0.0
8450	8449	0	0.0
8401	8399	0	0.0
8486	8485	0	0.0
8533	8529	0	0.0
8581	8579	0	0.0
8625	8621	0	0.0
8270	8269	0	0.0
8367	8364	0	0.0
8300	8298	0	0.0
8451	8449	0	0.0
8623	8622	0	0.0
8531	8529	0	0.0
8487	8485	0	0.0
8582	8579	0	0.0
8402	8399	0	0.0
8366	8365	0	0.0
8452	8449	0	0.0
8271	8269	0	0.0
8300	8299	0	0.0
8624	8622	0	0.0
8532	8529	0	0.0
8488	8485	0	0.0
8583	8579	0	0.0
8401	8400	0	0.0
8301	8299	0	0.0
8367	8365	0	0.0
8272	8269	0	0.0
8451	8450	0	0.0
8487	8486	0	0.0
8533	8530	0	0.0
8625	8622	0	0.0
8581	8580	0	0.0
8302	8299	0	0.0
8367	8366	0	0.0
8452	8450	0	0.0
8624	8623	0	0.0
8531	8530	0	0.0
8488	8486	0	0.0
8402	8400	0	0.0
8271	8270	0	0.0
8582	8580	0	0.0
8301	8300	0	0.0
8368	8364	0	0.0
8452	8451	0	0.0
8625	8623	0	0.0
8532	8530	0	0.0
8488	8487	0	0.0
8272	8270	0	0.0
8583	8580	0	0.0
8369	8364	0	0.0
8402	8401	0	0.0
8453	8449	0	0.0
8302	8300	0	0.0
8625	8624	0	0.0
8531	8533	0	0.0
8489	8487	0	0.0
8582	8581	0	0.0
8272	8271	0	0.0
8368	8365	0	0.0
8403	8400	0	0.0
8302	8301	0	0.0
8489	8488	0	0.0
8454	8449	0	0.0
8532	8533	0	0.0
8626	8623	0	0.0
8273	8269	0	0.0
8583	8581	0	0.0
8369	8365	0	0.0
8455	8449	0	0.0
8490	8489	0	0.0
8532	8531	0	0.0
8403	8401	0	0.0
8303	8301	0	0.0
8626	8624	0	0.0
8274	8269	0	0.0
8583	8582	0	0.0
8368	8366	0	0.0
8453	8450	0	0.0
8491	8489	0	0.0
8303	8302	0	0.0
8626	8625	0	0.0
8403	8402	0	0.0
8454	8450	0	0.0
8273	8270	0	0.0
8369	8366	0	0.0
8534	8533	0	0.0
8491	8490	0	0.0
8584	8581	0	0.0
8304	8303	0	0.0
8455	8450	0	0.0
8404	8403	0	0.0
8274	8270	0	0.0
8492	8490	0	0.0
8305	8304	0	0.0
8535	8533	0	0.0
8368	8367	0	0.0
8453	8451	0	0.0
8584	8582	0	0.0
8406	8405	0	0.0
8492	8491	0	0.0
8273	8271	0	0.0
8369	8367	0	0.0
8536	8533	0	0.0
8306	8305	0	0.0
8454	8451	0	0.0
8584	8583	0	0.0
8407	8405	0	0.0
8494	8493	0	0.0
8534	8531	0	0.0
8369	8368	0	0.0
8274	8271	0	0.0
8455	8451	0	0.0
8307	8306	0	0.0
8585	8584	0	0.0
8408	8407	0	0.0
8495	8493	0	0.0
8535	8531	0	0.0
8453	8452	0	0.0
8370	8368	0	0.0
8273	8272	0	0.0
8409	8408	0	0.0
8308	8307	0	0.0
8586	8585	0	0.0
8495	8494	0	0.0
8454	8452	0	0.0
8371	8368	0	0.0
8536	8531	0	0.0
8274	8272	0	0.0
8455	8452	0	0.0
8410	8408	0	0.0
8309	8307	0	0.0
8496	8493	0	0.0
8370	8369	0	0.0
8587	8585	0	0.0
8534	8532	0	0.0
8274	8273	0	0.0
8454	8453	0	0.0
8309	8308	0	0.0
8496	8494	0	0.0
8371	8369	0	0.0
8535	8532	0	0.0
8410	8409	0	0.0
8587	8586	0	0.0
8275	8273	0	0.0
8455	8453	0	0.0
8496	8495	0	0.0
8310	8308	0	0.0
8536	8532	0	0.0
8371	8370	0	0.0
8411	8409	0	0.0
8589	8588	0	0.0
8312	8311	0	0.0
8372	8370	0	0.0
8535	8534	0	0.0
8276	8273	0	0.0
8455	8454	0	0.0
8497	8496	0	0.0
8412	8409	0	0.0
8590	8588	0	0.0
8373	8370	0	0.0
8456	8453	0	0.0
8536	8534	0	0.0
8314	8313	0	0.0
8277	8273	0	0.0
8498	8496	0	0.0
8372	8371	0	0.0
8536	8535	0	0.0
8413	8409	0	0.0
8457	8453	0	0.0
8590	8589	0	0.0
8316	8315	0	0.0
8499	8496	0	0.0
8278	8273	0	0.0
8373	8371	0	0.0
8537	8534	0	0.0
8592	8591	0	0.0
8456	8454	0	0.0
8500	8496	0	0.0
8411	8410	0	0.0
8374	8372	0	0.0
8537	8535	0	0.0
8318	8317	0	0.0
8275	8274	0	0.0
8593	8591	0	0.0
8457	8454	0	0.0
8412	8410	0	0.0
8498	8497	0	0.0
8537	8536	0	0.0
8374	8373	0	0.0
8319	8317	0	0.0
8276	8274	0	0.0
8456	8455	0	0.0
8594	8591	0	0.0
8413	8410	0	0.0
8539	8538	0	0.0
8375	8374	0	0.0
8499	8497	0	0.0
8457	8455	0	0.0
8277	8274	0	0.0
8320	8317	0	0.0
8540	8539	0	0.0
8500	8497	0	0.0
8376	8374	0	0.0
8412	8411	0	0.0
8457	8456	0	0.0
8593	8592	0	0.0
8278	8274	0	0.0
8319	8318	0	0.0
8541	8539	0	0.0
8413	8411	0	0.0
8458	8456	0	0.0
8594	8592	0	0.0
8499	8498	0	0.0
8541	8540	0	0.0
8377	8374	0	0.0
8276	8275	0	0.0
8320	8318	0	0.0
8459	8456	0	0.0
8413	8412	0	0.0
8378	8374	0	0.0
8542	8540	0	0.0
8460	8456	0	0.0
8500	8498	0	0.0
8594	8593	0	0.0
8414	8411	0	0.0
8320	8319	0	0.0
8277	8275	0	0.0
8458	8457	0	0.0
8376	8375	0	0.0
8543	8540	0	0.0
8500	8499	0	0.0
8595	8593	0	0.0
8321	8317	0	0.0
8459	8457	0	0.0
8501	8497	0	0.0
8414	8413	0	0.0
8377	8375	0	0.0
8542	8541	0	0.0
8278	8275	0	0.0
8596	8593	0	0.0
8322	8317	0	0.0
8460	8457	0	0.0
8501	8498	0	0.0
8415	8414	0	0.0
8277	8276	0	0.0
8378	8375	0	0.0
8543	8542	0	0.0
8321	8318	0	0.0
8597	8593	0	0.0
8459	8458	0	0.0
8501	8499	0	0.0
8416	8414	0	0.0
8377	8376	0	0.0
8544	8542	0	0.0
8278	8276	0	0.0
8322	8318	0	0.0
8595	8594	0	0.0
8501	8500	0	0.0
8460	8458	0	0.0
8417	8414	0	0.0
8378	8376	0	0.0
8278	8277	0	0.0
8321	8319	0	0.0
8545	8542	0	0.0
8596	8594	0	0.0
8460	8459	0	0.0
8502	8501	0	0.0
8416	8415	0	0.0
8597	8594	0	0.0
8279	8275	0	0.0
8322	8319	0	0.0
8544	8543	0	0.0
8462	8461	0	0.0
8378	8377	0	0.0
8503	8501	0	0.0
8417	8415	0	0.0
8596	8595	0	0.0
8280	8275	0	0.0
8379	8375	0	0.0
8321	8320	0	0.0
8545	8543	0	0.0
8463	8461	0	0.0
8504	8501	0	0.0
8417	8416	0	0.0
8281	8275	0	0.0
8322	8320	0	0.0
8380	8375	0	0.0
8597	8595	0	0.0
8545	8544	0	0.0
8503	8502	0	0.0
8419	8418	0	0.0
8464	8461	0	0.0
8322	8321	0	0.0
8282	8275	0	0.0
8381	8375	0	0.0
8546	8544	0	0.0
8597	8596	0	0.0
8504	8502	0	0.0
8465	8461	0	0.0
8420	8418	0	0.0
8546	8545	0	0.0
8379	8376	0	0.0
8279	8276	0	0.0
8324	8323	0	0.0
8504	8503	0	0.0
8598	8595	0	0.0
8466	8461	0	0.0
8548	8547	0	0.0
8421	8418	0	0.0
8380	8376	0	0.0
8506	8505	0	0.0
8280	8276	0	0.0
8549	8547	0	0.0
8325	8323	0	0.0
8598	8596	0	0.0
8463	8462	0	0.0
8381	8376	0	0.0
8420	8419	0	0.0
8281	8276	0	0.0
8507	8506	0	0.0
8326	8323	0	0.0
8598	8597	0	0.0
8550	8547	0	0.0
8379	8377	0	0.0
8421	8419	0	0.0
8508	8506	0	0.0
8282	8276	0	0.0
8464	8462	0	0.0
8327	8323	0	0.0
8508	8507	0	0.0
8465	8462	0	0.0
8549	8548	0	0.0
8325	8324	0	0.0
8380	8377	0	0.0
8280	8277	0	0.0
8599	8598	0	0.0
8421	8420	0	0.0
8550	8548	0	0.0
8466	8462	0	0.0
8509	8507	0	0.0
8381	8377	0	0.0
8326	8324	0	0.0
8281	8277	0	0.0
8422	8419	0	0.0
8600	8598	0	0.0
8550	8549	0	0.0
8464	8463	0	0.0
8327	8324	0	0.0
8509	8508	0	0.0
8423	8419	0	0.0
8379	8378	0	0.0
8282	8277	0	0.0
8600	8599	0	0.0
8551	8549	0	0.0
8510	8509	0	0.0
8326	8325	0	0.0
8465	8463	0	0.0
8422	8420	0	0.0
8601	8600	0	0.0
8279	8278	0	0.0
8380	8378	0	0.0
8466	8463	0	0.0
8511	8510	0	0.0
8327	8325	0	0.0
8551	8550	0	0.0
8423	8420	0	0.0
8602	8601	0	0.0
8381	8378	0	0.0
8465	8464	0	0.0
8512	8510	0	0.0
8327	8326	0	0.0
8553	8552	0	0.0
8280	8278	0	0.0
8422	8421	0	0.0
8603	8601	0	0.0
8380	8379	0	0.0
8466	8464	0	0.0
8513	8510	0	0.0
8281	8278	0	0.0
8328	8323	0	0.0
8423	8421	0	0.0
8554	8552	0	0.0
8604	8601	0	0.0
8466	8465	0	0.0
8381	8379	0	0.0
8512	8511	0	0.0
8282	8278	0	0.0
8329	8323	0	0.0
8554	8553	0	0.0
8423	8422	0	0.0
8381	8380	0	0.0
8603	8602	0	0.0
8328	8324	0	0.0
8513	8511	0	0.0
8280	8279	0	0.0
8467	8463	0	0.0
8555	8553	0	0.0
8382	8379	0	0.0
8425	8424	0	0.0
8604	8602	0	0.0
8468	8463	0	0.0
8329	8324	0	0.0
8383	8379	0	0.0
8555	8554	0	0.0
8281	8279	0	0.0
8426	8424	0	0.0
8513	8512	0	0.0
8604	8603	0	0.0
8514	8511	0	0.0
8328	8325	0	0.0
8469	8463	0	0.0
8282	8279	0	0.0
8382	8380	0	0.0
8426	8425	0	0.0
8556	8555	0	0.0
8605	8602	0	0.0
8515	8511	0	0.0
8281	8280	0	0.0
8557	8555	0	0.0
8383	8380	0	0.0
8329	8325	0	0.0
8467	8464	0	0.0
8282	8280	0	0.0
8427	8425	0	0.0
8605	8603	0	0.0
8514	8512	0	0.0
8556	8558	0	0.0
8328	8326	0	0.0
8468	8464	0	0.0
8382	8381	0	0.0
8282	8281	0	0.0
8329	8326	0	0.0
8515	8512	0	0.0
8557	8558	0	0.0
8605	8604	0	0.0
8283	8279	0	0.0
8383	8381	0	0.0
8469	8464	0	0.0
8427	8426	0	0.0
8328	8327	0	0.0
8606	8605	0	0.0
8557	8556	0	0.0
8284	8279	0	0.0
8514	8513	0	0.0
8428	8427	0	0.0
8467	8465	0	0.0
8329	8327	0	0.0
8607	8606	0	0.0
8515	8513	0	0.0
8285	8279	0	0.0
8559	8558	0	0.0
8468	8465	0	0.0
8429	8427	0	0.0
8329	8328	0	0.0
8608	8606	0	0.0
8283	8280	0	0.0
8515	8514	0	0.0
8559	8556	0	0.0
8469	8465	0	0.0
8330	8328	0	0.0
8429	8428	0	0.0
8608	8607	0	0.0
8284	8280	0	0.0
8559	8557	0	0.0
8516	8514	0	0.0
8467	8466	0	0.0
8331	8328	0	0.0
8430	8428	0	0.0
8609	8607	0	0.0
8561	8560	0	0.0
8285	8280	0	0.0
8517	8514	0	0.0
8468	8466	0	0.0
8330	8329	0	0.0
8430	8429	0	0.0
8610	8607	0	0.0
8562	8560	0	0.0
8283	8281	0	0.0
8469	8466	0	0.0
8331	8329	0	0.0
8516	8515	0	0.0
8431	8430	0	0.0
8611	8607	0	0.0
8468	8467	0	0.0
8562	8561	0	0.0
8284	8281	0	0.0
8331	8330	0	0.0
8518	8515	0	0.0
8432	8430	0	0.0
8609	8608	0	0.0
8469	8467	0	0.0
8285	8281	0	0.0
8517	8515	0	0.0
8563	8562	0	0.0
8333	8332	0	0.0
8432	8431	0	0.0
8610	8608	0	0.0
8469	8468	0	0.0
8283	8282	0	0.0
8564	8562	0	0.0
8334	8332	0	0.0
8518	8516	0	0.0
8433	8431	0	0.0
8611	8608	0	0.0
8564	8563	0	0.0
8284	8282	0	0.0
8334	8333	0	0.0
8470	8467	0	0.0
8517	8516	0	0.0
8434	8431	0	0.0
8610	8609	0	0.0
8566	8565	0	0.0
8285	8282	0	0.0
8335	8334	0	0.0
8470	8468	0	0.0
8517	8518	0	0.0
8435	8431	0	0.0
8611	8609	0	0.0
8284	8283	0	0.0
8519	8516	0	0.0
8470	8469	0	0.0
8567	8565	0	0.0
8433	8432	0	0.0
8611	8610	0	0.0
8519	8518	0	0.0
8285	8283	0	0.0
8568	8566	0	0.0
8471	8470	0	0.0
8434	8432	0	0.0
8612	8609	0	0.0
8519	8517	0	0.0
8567	8566	0	0.0
8435	8432	0	0.0
8613	8609	0	0.0
8567	8568	0	0.0
8520	8519	0	0.0
8434	8433	0	0.0
8569	8568	0	0.0
8614	8609	0	0.0
8522	8521	0	0.0
8435	8433	0	0.0
8569	8567	0	0.0
8523	8521	0	0.0
8612	8610	0	0.0
8435	8434	0	0.0
8523	8522	0	0.0
8571	8570	0	0.0
8613	8610	0	0.0
8436	8433	0	0.0
8524	8522	0	0.0
8614	8610	0	0.0
8572	8570	0	0.0
8525	8522	0	0.0
8573	8570	0	0.0
8436	8434	0	0.0
8612	8611	0	0.0
8526	8522	0	0.0
8572	8571	0	0.0
8436	8435	0	0.0
8613	8611	0	0.0
8573	8571	0	0.0
8438	8437	0	0.0
8573	8572	0	0.0
8614	8611	0	0.0
8439	8437	0	0.0
8574	8572	0	0.0
8613	8612	0	0.0
8575	8572	0	0.0
8440	8437	0	0.0
8614	8612	0	0.0
8576	8572	0	0.0
8574	8573	0	0.0
8614	8613	0	0.0
8615	8612	0	0.0
8616	8612	0	0.0
8617	8612	0	0.0
8615	8613	0	0.0
8616	8613	0	0.0
8617	8613	0	0.0
8615	8614	0	0.0
8616	8614	0	0.0
8617	8614	0	0.0
8616	8615	0	0.0
8617	8615	0	0.0
8617	8616	0	0.0
8619	8618	0	0.0
8620	8618	0	0.0
8620	8619	0	0.0
8245	8244	2	0.0
8246	8244	2	0.0
8246	8245	2	0.0
8247	8245	2	0.0
8248	8245	2	0.0
8247	8246	2	0.0
8248	8246	2	0.0
8285	8284	2	0.0
8248	8247	2	0.0
8249	8247	2	0.0
8286	8283	2	0.0
8286	8284	2	0.0
8250	8247	2	0.0
8286	8285	2	0.0
8251	8247	2	0.0
8287	8286	2	0.0
8249	8248	2	0.0
8288	8286	2	0.0
8250	8248	2	0.0
8288	8287	2	0.0
8251	8248	2	0.0
8290	8289	2	0.0
8250	8249	2	0.0
8291	8289	2	0.0
8251	8249	2	0.0
8336	8335	2	0.0
8292	8289	2	0.0
8253	8252	2	0.0
8291	8290	2	0.0
8383	8382	2	0.0
8254	8253	2	0.0
8292	8290	2	0.0
8337	8335	2	0.0
8384	8382	2	0.0
8255	8253	2	0.0
8292	8291	2	0.0
8256	8253	2	0.0
8385	8382	2	0.0
8293	8289	2	0.0
8338	8335	2	0.0
8294	8289	2	0.0
8439	8438	2	0.0
8255	8254	2	0.0
8386	8383	2	0.0
8337	8336	2	0.0
8384	8383	2	0.0
8293	8290	2	0.0
8256	8254	2	0.0
8440	8438	2	0.0
8338	8336	2	0.0
8294	8290	2	0.0
8385	8383	2	0.0
8440	8439	2	0.0
8256	8255	2	0.0
8472	8471	2	0.0
8338	8337	2	0.0
8293	8291	2	0.0
8384	8386	2	0.0
8257	8254	2	0.0
8441	8439	2	0.0
8473	8472	2	0.0
8339	8336	2	0.0
8385	8386	2	0.0
8294	8291	2	0.0
8441	8440	2	0.0
8474	8472	2	0.0
8257	8255	2	0.0
8385	8384	2	0.0
8339	8337	2	0.0
8293	8292	2	0.0
8257	8256	2	0.0
8442	8441	2	0.0
8474	8473	2	0.0
8387	8384	2	0.0
8339	8338	2	0.0
8294	8292	2	0.0
8475	8473	2	0.0
8259	8258	2	0.0
8387	8385	2	0.0
8443	8442	2	0.0
8524	8523	2	0.0
8389	8388	2	0.0
8444	8442	2	0.0
8475	8474	2	0.0
8260	8258	2	0.0
8341	8340	2	0.0
8294	8293	2	0.0
8525	8523	2	0.0
8391	8390	2	0.0
8260	8259	2	0.0
8476	8474	2	0.0
8444	8443	2	0.0
8526	8523	2	0.0
8295	8293	2	0.0
8575	8573	2	0.0
8391	8392	2	0.0
8445	8443	2	0.0
8261	8260	2	0.0
8342	8340	2	0.0
8525	8524	2	0.0
8476	8475	2	0.0
8295	8294	2	0.0
8576	8573	2	0.0
8393	8391	2	0.0
8477	8475	2	0.0
8526	8524	2	0.0
8262	8260	2	0.0
8575	8574	2	0.0
8394	8392	2	0.0
8445	8444	2	0.0
8477	8476	2	0.0
8296	8295	2	0.0
8342	8341	2	0.0
8526	8525	2	0.0
8262	8261	2	0.0
8576	8574	2	0.0
8446	8445	2	0.0
8394	8391	2	0.0
8479	8478	2	0.0
8344	8343	2	0.0
8264	8263	2	0.0
8297	8295	2	0.0
8527	8524	2	0.0
8576	8575	2	0.0
8621	8619	2	0.0
8394	8393	2	0.0
8447	8445	2	0.0
8480	8478	2	0.0
8345	8344	2	0.0
8395	8394	2	0.0
8265	8264	2	0.0
8527	8525	2	0.0
8481	8478	2	0.0
8448	8445	2	0.0
8298	8295	2	0.0
8577	8574	2	0.0
8346	8344	2	0.0
8622	8619	2	0.0
8266	8265	2	0.0
8396	8395	2	0.0
8527	8526	2	0.0
8480	8479	2	0.0
8577	8575	2	0.0
8447	8446	2	0.0
8297	8296	2	0.0
8621	8620	2	0.0
8347	8344	2	0.0
8268	8267	2	0.0
8398	8397	2	0.0
8481	8479	2	0.0
8528	8527	2	0.0
8577	8576	2	0.0
8298	8296	2	0.0
8448	8446	2	0.0
8622	8620	2	0.0
8481	8480	2	0.0
8448	8447	2	0.0
8298	8297	2	0.0
8270	8269	2	0.0
8399	8397	2	0.0
8529	8527	2	0.0
8346	8345	2	0.0
8578	8577	2	0.0
8622	8621	2	0.0
8449	8446	2	0.0
8482	8479	2	0.0
8271	8269	2	0.0
8530	8527	2	0.0
8299	8296	2	0.0
8399	8398	2	0.0
8482	8480	2	0.0
8623	8621	2	0.0
8450	8446	2	0.0
8580	8579	2	0.0
8529	8528	2	0.0
8272	8269	2	0.0
8300	8296	2	0.0
8347	8345	2	0.0
8482	8481	2	0.0
8581	8579	2	0.0
8271	8270	2	0.0
8451	8446	2	0.0
8530	8528	2	0.0
8400	8398	2	0.0
8299	8297	2	0.0
8624	8621	2	0.0
8347	8346	2	0.0
8483	8482	2	0.0
8582	8579	2	0.0
8272	8270	2	0.0
8452	8446	2	0.0
8401	8398	2	0.0
8530	8529	2	0.0
8625	8621	2	0.0
8300	8297	2	0.0
8348	8345	2	0.0
8583	8579	2	0.0
8449	8447	2	0.0
8272	8271	2	0.0
8402	8398	2	0.0
8531	8528	2	0.0
8623	8622	2	0.0
8299	8298	2	0.0
8484	8483	2	0.0
8581	8580	2	0.0
8450	8447	2	0.0
8348	8346	2	0.0
8273	8269	2	0.0
8532	8528	2	0.0
8624	8622	2	0.0
8485	8484	2	0.0
8400	8399	2	0.0
8582	8580	2	0.0
8300	8298	2	0.0
8274	8269	2	0.0
8451	8447	2	0.0
8401	8399	2	0.0
8486	8484	2	0.0
8533	8529	2	0.0
8348	8347	2	0.0
8625	8622	2	0.0
8583	8580	2	0.0
8273	8270	2	0.0
8300	8299	2	0.0
8452	8447	2	0.0
8531	8529	2	0.0
8486	8485	2	0.0
8402	8399	2	0.0
8582	8581	2	0.0
8624	8623	2	0.0
8301	8299	2	0.0
8274	8270	2	0.0
8487	8485	2	0.0
8350	8349	2	0.0
8401	8400	2	0.0
8449	8448	2	0.0
8583	8581	2	0.0
8532	8529	2	0.0
8625	8623	2	0.0
8488	8485	2	0.0
8273	8271	2	0.0
8302	8299	2	0.0
8351	8349	2	0.0
8583	8582	2	0.0
8450	8448	2	0.0
8487	8486	2	0.0
8533	8530	2	0.0
8625	8624	2	0.0
8402	8400	2	0.0
8274	8271	2	0.0
8301	8300	2	0.0
8584	8581	2	0.0
8351	8350	2	0.0
8626	8623	2	0.0
8488	8486	2	0.0
8402	8401	2	0.0
8451	8448	2	0.0
8273	8272	2	0.0
8531	8530	2	0.0
8584	8582	2	0.0
8302	8300	2	0.0
8626	8624	2	0.0
8488	8487	2	0.0
8403	8400	2	0.0
8452	8448	2	0.0
8274	8272	2	0.0
8353	8352	2	0.0
8584	8583	2	0.0
8532	8530	2	0.0
8626	8625	2	0.0
8274	8273	2	0.0
8489	8487	2	0.0
8585	8584	2	0.0
8403	8401	2	0.0
8450	8449	2	0.0
8531	8533	2	0.0
8354	8352	2	0.0
8302	8301	2	0.0
8489	8488	2	0.0
8586	8585	2	0.0
8403	8402	2	0.0
8303	8301	2	0.0
8451	8449	2	0.0
8490	8489	2	0.0
8532	8533	2	0.0
8354	8353	2	0.0
8452	8449	2	0.0
8275	8273	2	0.0
8404	8403	2	0.0
8587	8585	2	0.0
8303	8302	2	0.0
8491	8489	2	0.0
8532	8531	2	0.0
8451	8450	2	0.0
8356	8355	2	0.0
8276	8273	2	0.0
8587	8586	2	0.0
8406	8405	2	0.0
8304	8303	2	0.0
8534	8533	2	0.0
8491	8490	2	0.0
8452	8450	2	0.0
8589	8588	2	0.0
8277	8273	2	0.0
8407	8405	2	0.0
8357	8355	2	0.0
8535	8533	2	0.0
8305	8304	2	0.0
8492	8490	2	0.0
8452	8451	2	0.0
8590	8588	2	0.0
8278	8273	2	0.0
8306	8305	2	0.0
8590	8589	2	0.0
8453	8449	2	0.0
8275	8274	2	0.0
8536	8533	2	0.0
8408	8407	2	0.0
8592	8591	2	0.0
8358	8355	2	0.0
8534	8531	2	0.0
8492	8491	2	0.0
8307	8306	2	0.0
8409	8408	2	0.0
8593	8591	2	0.0
8357	8356	2	0.0
8454	8449	2	0.0
8535	8531	2	0.0
8276	8274	2	0.0
8308	8307	2	0.0
8594	8591	2	0.0
8494	8493	2	0.0
8410	8408	2	0.0
8358	8356	2	0.0
8455	8449	2	0.0
8536	8531	2	0.0
8277	8274	2	0.0
8309	8307	2	0.0
8593	8592	2	0.0
8453	8450	2	0.0
8410	8409	2	0.0
8358	8357	2	0.0
8495	8493	2	0.0
8534	8532	2	0.0
8278	8274	2	0.0
8594	8592	2	0.0
8411	8409	2	0.0
8360	8359	2	0.0
8454	8450	2	0.0
8495	8494	2	0.0
8309	8308	2	0.0
8535	8532	2	0.0
8276	8275	2	0.0
8361	8359	2	0.0
8455	8450	2	0.0
8594	8593	2	0.0
8536	8532	2	0.0
8310	8308	2	0.0
8496	8493	2	0.0
8412	8409	2	0.0
8361	8360	2	0.0
8595	8593	2	0.0
8453	8451	2	0.0
8277	8275	2	0.0
8413	8409	2	0.0
8535	8534	2	0.0
8312	8311	2	0.0
8496	8494	2	0.0
8596	8593	2	0.0
8362	8360	2	0.0
8454	8451	2	0.0
8536	8534	2	0.0
8411	8410	2	0.0
8278	8275	2	0.0
8362	8361	2	0.0
8597	8593	2	0.0
8314	8313	2	0.0
8455	8451	2	0.0
8496	8495	2	0.0
8536	8535	2	0.0
8412	8410	2	0.0
8277	8276	2	0.0
8364	8363	2	0.0
8595	8594	2	0.0
8537	8534	2	0.0
8497	8496	2	0.0
8316	8315	2	0.0
8453	8452	2	0.0
8413	8410	2	0.0
8365	8363	2	0.0
8596	8594	2	0.0
8537	8535	2	0.0
8278	8276	2	0.0
8318	8317	2	0.0
8498	8496	2	0.0
8366	8363	2	0.0
8454	8452	2	0.0
8412	8411	2	0.0
8597	8594	2	0.0
8537	8536	2	0.0
8499	8496	2	0.0
8319	8317	2	0.0
8367	8363	2	0.0
8413	8411	2	0.0
8455	8452	2	0.0
8278	8277	2	0.0
8596	8595	2	0.0
8539	8538	2	0.0
8500	8496	2	0.0
8413	8412	2	0.0
8320	8317	2	0.0
8454	8453	2	0.0
8365	8364	2	0.0
8540	8539	2	0.0
8498	8497	2	0.0
8597	8595	2	0.0
8279	8275	2	0.0
8414	8411	2	0.0
8319	8318	2	0.0
8455	8453	2	0.0
8366	8364	2	0.0
8597	8596	2	0.0
8414	8413	2	0.0
8541	8539	2	0.0
8320	8318	2	0.0
8455	8454	2	0.0
8499	8497	2	0.0
8367	8364	2	0.0
8280	8275	2	0.0
8415	8414	2	0.0
8598	8595	2	0.0
8456	8453	2	0.0
8320	8319	2	0.0
8366	8365	2	0.0
8541	8540	2	0.0
8500	8497	2	0.0
8281	8275	2	0.0
8598	8596	2	0.0
8416	8414	2	0.0
8457	8453	2	0.0
8321	8317	2	0.0
8367	8365	2	0.0
8542	8540	2	0.0
8499	8498	2	0.0
8282	8275	2	0.0
8456	8454	2	0.0
8417	8414	2	0.0
8598	8597	2	0.0
8322	8317	2	0.0
8543	8540	2	0.0
8367	8366	2	0.0
8500	8498	2	0.0
8457	8454	2	0.0
8279	8276	2	0.0
8599	8598	2	0.0
8542	8541	2	0.0
8368	8364	2	0.0
8416	8415	2	0.0
8321	8318	2	0.0
8456	8455	2	0.0
8500	8499	2	0.0
8600	8598	2	0.0
8280	8276	2	0.0
8543	8542	2	0.0
8369	8364	2	0.0
8417	8415	2	0.0
8600	8599	2	0.0
8501	8497	2	0.0
8322	8318	2	0.0
8457	8455	2	0.0
8281	8276	2	0.0
8544	8542	2	0.0
8417	8416	2	0.0
8368	8365	2	0.0
8601	8600	2	0.0
8321	8319	2	0.0
8501	8498	2	0.0
8457	8456	2	0.0
8545	8542	2	0.0
8282	8276	2	0.0
8322	8319	2	0.0
8501	8499	2	0.0
8458	8456	2	0.0
8544	8543	2	0.0
8602	8601	2	0.0
8369	8365	2	0.0
8419	8418	2	0.0
8321	8320	2	0.0
8280	8277	2	0.0
8501	8500	2	0.0
8459	8456	2	0.0
8368	8366	2	0.0
8603	8601	2	0.0
8420	8418	2	0.0
8545	8543	2	0.0
8322	8320	2	0.0
8281	8277	2	0.0
8460	8456	2	0.0
8369	8366	2	0.0
8421	8418	2	0.0
8545	8544	2	0.0
8502	8501	2	0.0
8604	8601	2	0.0
8322	8321	2	0.0
8282	8277	2	0.0
8368	8367	2	0.0
8458	8457	2	0.0
8546	8544	2	0.0
8420	8419	2	0.0
8603	8602	2	0.0
8324	8323	2	0.0
8503	8501	2	0.0
8279	8278	2	0.0
8546	8545	2	0.0
8369	8367	2	0.0
8459	8457	2	0.0
8421	8419	2	0.0
8604	8602	2	0.0
8325	8323	2	0.0
8504	8501	2	0.0
8280	8278	2	0.0
8369	8368	2	0.0
8548	8547	2	0.0
8421	8420	2	0.0
8604	8603	2	0.0
8460	8457	2	0.0
8326	8323	2	0.0
8503	8502	2	0.0
8549	8547	2	0.0
8370	8368	2	0.0
8281	8278	2	0.0
8605	8602	2	0.0
8459	8458	2	0.0
8422	8419	2	0.0
8327	8323	2	0.0
8371	8368	2	0.0
8504	8502	2	0.0
8550	8547	2	0.0
8282	8278	2	0.0
8605	8603	2	0.0
8460	8458	2	0.0
8423	8419	2	0.0
8370	8369	2	0.0
8549	8548	2	0.0
8325	8324	2	0.0
8504	8503	2	0.0
8605	8604	2	0.0
8280	8279	2	0.0
8460	8459	2	0.0
8371	8369	2	0.0
8422	8420	2	0.0
8550	8548	2	0.0
8326	8324	2	0.0
8462	8461	2	0.0
8606	8605	2	0.0
8423	8420	2	0.0
8371	8370	2	0.0
8506	8505	2	0.0
8281	8279	2	0.0
8550	8549	2	0.0
8327	8324	2	0.0
8422	8421	2	0.0
8463	8461	2	0.0
8607	8606	2	0.0
8372	8370	2	0.0
8507	8506	2	0.0
8282	8279	2	0.0
8551	8549	2	0.0
8423	8421	2	0.0
8326	8325	2	0.0
8608	8606	2	0.0
8373	8370	2	0.0
8464	8461	2	0.0
8508	8506	2	0.0
8281	8280	2	0.0
8423	8422	2	0.0
8551	8550	2	0.0
8608	8607	2	0.0
8327	8325	2	0.0
8465	8461	2	0.0
8372	8371	2	0.0
8508	8507	2	0.0
8425	8424	2	0.0
8282	8280	2	0.0
8609	8607	2	0.0
8553	8552	2	0.0
8466	8461	2	0.0
8373	8371	2	0.0
8327	8326	2	0.0
8509	8507	2	0.0
8426	8424	2	0.0
8282	8281	2	0.0
8463	8462	2	0.0
8554	8552	2	0.0
8610	8607	2	0.0
8374	8372	2	0.0
8328	8323	2	0.0
8509	8508	2	0.0
8426	8425	2	0.0
8611	8607	2	0.0
8554	8553	2	0.0
8283	8279	2	0.0
8464	8462	2	0.0
8427	8425	2	0.0
8374	8373	2	0.0
8329	8323	2	0.0
8510	8509	2	0.0
8555	8553	2	0.0
8465	8462	2	0.0
8609	8608	2	0.0
8284	8279	2	0.0
8375	8374	2	0.0
8328	8324	2	0.0
8427	8426	2	0.0
8555	8554	2	0.0
8511	8510	2	0.0
8466	8462	2	0.0
8610	8608	2	0.0
8285	8279	2	0.0
8428	8427	2	0.0
8556	8555	2	0.0
8329	8324	2	0.0
8464	8463	2	0.0
8376	8374	2	0.0
8512	8510	2	0.0
8611	8608	2	0.0
8283	8280	2	0.0
8557	8555	2	0.0
8465	8463	2	0.0
8610	8609	2	0.0
8377	8374	2	0.0
8513	8510	2	0.0
8328	8325	2	0.0
8429	8427	2	0.0
8466	8463	2	0.0
8284	8280	2	0.0
8378	8374	2	0.0
8556	8558	2	0.0
8611	8609	2	0.0
8429	8428	2	0.0
8329	8325	2	0.0
8512	8511	2	0.0
8465	8464	2	0.0
8557	8558	2	0.0
8376	8375	2	0.0
8611	8610	2	0.0
8430	8428	2	0.0
8513	8511	2	0.0
8328	8326	2	0.0
8466	8464	2	0.0
8285	8280	2	0.0
8557	8556	2	0.0
8377	8375	2	0.0
8612	8609	2	0.0
8430	8429	2	0.0
8513	8512	2	0.0
8466	8465	2	0.0
8613	8609	2	0.0
8559	8558	2	0.0
8378	8375	2	0.0
8283	8281	2	0.0
8329	8326	2	0.0
8431	8430	2	0.0
8467	8463	2	0.0
8514	8511	2	0.0
8614	8609	2	0.0
8559	8556	2	0.0
8377	8376	2	0.0
8328	8327	2	0.0
8284	8281	2	0.0
8468	8463	2	0.0
8432	8430	2	0.0
8612	8610	2	0.0
8515	8511	2	0.0
8559	8557	2	0.0
8378	8376	2	0.0
8329	8327	2	0.0
8469	8463	2	0.0
8285	8281	2	0.0
8613	8610	2	0.0
8378	8377	2	0.0
8561	8560	2	0.0
8432	8431	2	0.0
8514	8512	2	0.0
8467	8464	2	0.0
8329	8328	2	0.0
8379	8375	2	0.0
8515	8512	2	0.0
8433	8431	2	0.0
8614	8610	2	0.0
8468	8464	2	0.0
8562	8560	2	0.0
8330	8328	2	0.0
8283	8282	2	0.0
8434	8431	2	0.0
8380	8375	2	0.0
8562	8561	2	0.0
8612	8611	2	0.0
8514	8513	2	0.0
8469	8464	2	0.0
8331	8328	2	0.0
8435	8431	2	0.0
8284	8282	2	0.0
8563	8562	2	0.0
8613	8611	2	0.0
8467	8465	2	0.0
8515	8513	2	0.0
8381	8375	2	0.0
8330	8329	2	0.0
8433	8432	2	0.0
8285	8282	2	0.0
8564	8562	2	0.0
8468	8465	2	0.0
8614	8611	2	0.0
8434	8432	2	0.0
8515	8514	2	0.0
8379	8376	2	0.0
8331	8329	2	0.0
8284	8283	2	0.0
8564	8563	2	0.0
8613	8612	2	0.0
8469	8465	2	0.0
8435	8432	2	0.0
8380	8376	2	0.0
8516	8514	2	0.0
8614	8612	2	0.0
8285	8283	2	0.0
8566	8565	2	0.0
8331	8330	2	0.0
8434	8433	2	0.0
8467	8466	2	0.0
8517	8514	2	0.0
8381	8376	2	0.0
8614	8613	2	0.0
8435	8433	2	0.0
8567	8565	2	0.0
8379	8377	2	0.0
8333	8332	2	0.0
8516	8515	2	0.0
8615	8612	2	0.0
8468	8466	2	0.0
8568	8566	2	0.0
8435	8434	2	0.0
8380	8377	2	0.0
8334	8332	2	0.0
8469	8466	2	0.0
8616	8612	2	0.0
8436	8433	2	0.0
8518	8515	2	0.0
8567	8566	2	0.0
8381	8377	2	0.0
8334	8333	2	0.0
8468	8467	2	0.0
8617	8612	2	0.0
8517	8515	2	0.0
8436	8434	2	0.0
8567	8568	2	0.0
8379	8378	2	0.0
8335	8334	2	0.0
8469	8467	2	0.0
8436	8435	2	0.0
8615	8613	2	0.0
8518	8516	2	0.0
8569	8568	2	0.0
8380	8378	2	0.0
8469	8468	2	0.0
8438	8437	2	0.0
8616	8613	2	0.0
8517	8516	2	0.0
8381	8378	2	0.0
8569	8567	2	0.0
8439	8437	2	0.0
8617	8613	2	0.0
8380	8379	2	0.0
8517	8518	2	0.0
8571	8570	2	0.0
8470	8467	2	0.0
8440	8437	2	0.0
8572	8570	2	0.0
8615	8614	2	0.0
8470	8468	2	0.0
8381	8379	2	0.0
8519	8516	2	0.0
8573	8570	2	0.0
8616	8614	2	0.0
8470	8469	2	0.0
8381	8380	2	0.0
8519	8518	2	0.0
8572	8571	2	0.0
8617	8614	2	0.0
8471	8470	2	0.0
8382	8379	2	0.0
8616	8615	2	0.0
8519	8517	2	0.0
8573	8571	2	0.0
8383	8379	2	0.0
8617	8615	2	0.0
8382	8380	2	0.0
8573	8572	2	0.0
8520	8519	2	0.0
8617	8616	2	0.0
8383	8380	2	0.0
8574	8572	2	0.0
8522	8521	2	0.0
8619	8618	2	0.0
8382	8381	2	0.0
8575	8572	2	0.0
8523	8521	2	0.0
8620	8618	2	0.0
8383	8381	2	0.0
8576	8572	2	0.0
8523	8522	2	0.0
8620	8619	2	0.0
8574	8573	2	0.0
8524	8522	2	0.0
8525	8522	2	0.0
8526	8522	2	0.0
8244	8249	0	0.0
8244	8250	0	0.0
8244	8251	0	0.0
8263	8266	0	0.0
8272	8279	0	0.0
8272	8280	0	0.0
8272	8281	0	0.0
8272	8282	0	0.0
8269	8279	0	0.0
8275	8286	0	0.0
8269	8280	0	0.0
8269	8281	0	0.0
8274	8283	0	0.0
8269	8282	0	0.0
8274	8284	0	0.0
8273	8283	0	0.0
8273	8284	0	0.0
8274	8285	0	0.0
8273	8285	0	0.0
8278	8286	0	0.0
8270	8279	0	0.0
8270	8280	0	0.0
8281	8287	0	0.0
8270	8281	0	0.0
8270	8282	0	0.0
8281	8288	0	0.0
8252	8257	0	0.0
8276	8286	0	0.0
8289	8296	0	0.0
8271	8279	0	0.0
8271	8280	0	0.0
8289	8297	0	0.0
8271	8281	0	0.0
8289	8298	0	0.0
8279	8287	0	0.0
8271	8282	0	0.0
8296	8303	0	0.0
8279	8288	0	0.0
8290	8296	0	0.0
8290	8297	0	0.0
8297	8303	0	0.0
8290	8298	0	0.0
8363	8370	0	0.0
8282	8287	0	0.0
8282	8288	0	0.0
8363	8371	0	0.0
8368	8374	0	0.0
8291	8296	0	0.0
8291	8297	0	0.0
8298	8303	0	0.0
8277	8286	0	0.0
8374	8382	0	0.0
8291	8298	0	0.0
8374	8383	0	0.0
8376	8384	0	0.0
8376	8385	0	0.0
8292	8296	0	0.0
8280	8287	0	0.0
8376	8386	0	0.0
8292	8297	0	0.0
8280	8288	0	0.0
8292	8298	0	0.0
8299	8304	0	0.0
8377	8384	0	0.0
8377	8385	0	0.0
8397	8403	0	0.0
8369	8374	0	0.0
8377	8386	0	0.0
8410	8417	0	0.0
8381	8387	0	0.0
8398	8404	0	0.0
8410	8415	0	0.0
8300	8304	0	0.0
8410	8416	0	0.0
8427	8431	0	0.0
8293	8299	0	0.0
8441	8445	0	0.0
8427	8432	0	0.0
8293	8300	0	0.0
8446	8457	0	0.0
8364	8372	0	0.0
8412	8415	0	0.0
8442	8446	0	0.0
8370	8375	0	0.0
8364	8373	0	0.0
8412	8416	0	0.0
8370	8376	0	0.0
8442	8447	0	0.0
8412	8417	0	0.0
8428	8433	0	0.0
8370	8377	0	0.0
8451	8458	0	0.0
8442	8448	0	0.0
8399	8404	0	0.0
8446	8456	0	0.0
8378	8384	0	0.0
8370	8378	0	0.0
8428	8434	0	0.0
8451	8459	0	0.0
8294	8299	0	0.0
8428	8435	0	0.0
8378	8385	0	0.0
8451	8460	0	0.0
8294	8300	0	0.0
8301	8305	0	0.0
8378	8386	0	0.0
8429	8433	0	0.0
8375	8384	0	0.0
8302	8305	0	0.0
8375	8385	0	0.0
8429	8434	0	0.0
8332	8336	0	0.0
8429	8435	0	0.0
8295	8301	0	0.0
8375	8386	0	0.0
8452	8458	0	0.0
8365	8372	0	0.0
8452	8459	0	0.0
8295	8302	0	0.0
8332	8337	0	0.0
8365	8373	0	0.0
8303	8306	0	0.0
8452	8460	0	0.0
8332	8338	0	0.0
8496	8503	0	0.0
8304	8307	0	0.0
8468	8472	0	0.0
8496	8504	0	0.0
8371	8375	0	0.0
8430	8436	0	0.0
8333	8336	0	0.0
8485	8490	0	0.0
8505	8509	0	0.0
8443	8449	0	0.0
8305	8308	0	0.0
8447	8456	0	0.0
8333	8337	0	0.0
8371	8376	0	0.0
8463	8471	0	0.0
8485	8491	0	0.0
8447	8457	0	0.0
8305	8309	0	0.0
8443	8450	0	0.0
8513	8519	0	0.0
8371	8377	0	0.0
8333	8338	0	0.0
8366	8372	0	0.0
8443	8451	0	0.0
8371	8378	0	0.0
8506	8510	0	0.0
8306	8310	0	0.0
8366	8373	0	0.0
8443	8452	0	0.0
8496	8502	0	0.0
8469	8472	0	0.0
8523	8528	0	0.0
8523	8529	0	0.0
8334	8339	0	0.0
8449	8458	0	0.0
8444	8449	0	0.0
8523	8530	0	0.0
8405	8409	0	0.0
8444	8450	0	0.0
8449	8459	0	0.0
8405	8410	0	0.0
8470	8473	0	0.0
8444	8451	0	0.0
8514	8520	0	0.0
8486	8490	0	0.0
8507	8511	0	0.0
8470	8474	0	0.0
8444	8452	0	0.0
8570	8577	0	0.0
8449	8460	0	0.0
8367	8372	0	0.0
8507	8512	0	0.0
8486	8491	0	0.0
8581	8586	0	0.0
8407	8411	0	0.0
8367	8373	0	0.0
8507	8513	0	0.0
8407	8412	0	0.0
8581	8587	0	0.0
8471	8475	0	0.0
8528	8537	0	0.0
8379	8387	0	0.0
8407	8413	0	0.0
8471	8476	0	0.0
8571	8577	0	0.0
8508	8511	0	0.0
8508	8512	0	0.0
8582	8586	0	0.0
8582	8587	0	0.0
8508	8513	0	0.0
8249	8249	0	0.0
8595	8601	0	0.0
8372	8379	0	0.0
8618	8623	0	0.0
8262	8262	0	0.0
8271	8271	0	0.0
8464	8471	0	0.0
8472	8477	0	0.0
8372	8380	0	0.0
8583	8586	0	0.0
8445	8453	0	0.0
8263	8263	0	0.0
8448	8456	0	0.0
8618	8624	0	0.0
8408	8414	0	0.0
8445	8454	0	0.0
8279	8271	0	0.0
8515	8520	0	0.0
8583	8587	0	0.0
8245	8245	0	0.0
8284	8271	0	0.0
8270	8283	0	0.0
8445	8455	0	0.0
8279	8272	0	0.0
8529	8537	0	0.0
8390	8395	0	0.0
8509	8514	0	0.0
8270	8284	0	0.0
8284	8272	0	0.0
8596	8601	0	0.0
8287	8277	0	0.0
8292	8299	0	0.0
8509	8515	0	0.0
8270	8285	0	0.0
8300	8300	0	0.0
8287	8278	0	0.0
8487	8492	0	0.0
8607	8615	0	0.0
8372	8381	0	0.0
8424	8428	0	0.0
8279	8279	0	0.0
8292	8300	0	0.0
8296	8296	0	0.0
8618	8625	0	0.0
8448	8457	0	0.0
8424	8429	0	0.0
8607	8616	0	0.0
8365	8365	0	0.0
8597	8601	0	0.0
8304	8304	0	0.0
8510	8516	0	0.0
8373	8373	0	0.0
8271	8283	0	0.0
8607	8617	0	0.0
8274	8286	0	0.0
8275	8275	0	0.0
8380	8387	0	0.0
8510	8517	0	0.0
8272	8283	0	0.0
8337	8337	0	0.0
8373	8383	0	0.0
8343	8348	0	0.0
8287	8287	0	0.0
8265	8265	0	0.0
8271	8284	0	0.0
8409	8415	0	0.0
8552	8556	0	0.0
8510	8518	0	0.0
8272	8284	0	0.0
8572	8578	0	0.0
8284	8284	0	0.0
8302	8302	0	0.0
8372	8382	0	0.0
8373	8379	0	0.0
8409	8416	0	0.0
8295	8295	0	0.0
8392	8396	0	0.0
8271	8285	0	0.0
8552	8557	0	0.0
8378	8368	0	0.0
8264	8264	0	0.0
8334	8334	0	0.0
8369	8369	0	0.0
8296	8304	0	0.0
8272	8285	0	0.0
8373	8380	0	0.0
8409	8417	0	0.0
8372	8383	0	0.0
8250	8250	0	0.0
8407	8407	0	0.0
8488	8492	0	0.0
8395	8395	0	0.0
8428	8436	0	0.0
8293	8293	0	0.0
8378	8369	0	0.0
8437	8442	0	0.0
8270	8270	0	0.0
8302	8306	0	0.0
8373	8381	0	0.0
8376	8387	0	0.0
8376	8368	0	0.0
8438	8444	0	0.0
8301	8293	0	0.0
8391	8396	0	0.0
8591	8598	0	0.0
8452	8442	0	0.0
8376	8369	0	0.0
8432	8425	0	0.0
8414	8408	0	0.0
8304	8296	0	0.0
8266	8266	0	0.0
8386	8386	0	0.0
8425	8430	0	0.0
8382	8372	0	0.0
8331	8331	0	0.0
8384	8384	0	0.0
8301	8294	0	0.0
8365	8374	0	0.0
8393	8393	0	0.0
8277	8277	0	0.0
8369	8375	0	0.0
8288	8275	0	0.0
8278	8278	0	0.0
8393	8396	0	0.0
8304	8297	0	0.0
8432	8426	0	0.0
8619	8626	0	0.0
8444	8444	0	0.0
8438	8442	0	0.0
8382	8373	0	0.0
8269	8269	0	0.0
8530	8537	0	0.0
8414	8414	0	0.0
8369	8376	0	0.0
8338	8338	0	0.0
8304	8298	0	0.0
8276	8276	0	0.0
8407	8414	0	0.0
8288	8276	0	0.0
8598	8602	0	0.0
8395	8390	0	0.0
8553	8558	0	0.0
8278	8287	0	0.0
8335	8335	0	0.0
8426	8430	0	0.0
8410	8406	0	0.0
8598	8603	0	0.0
8376	8376	0	0.0
8474	8474	0	0.0
8457	8445	0	0.0
8441	8441	0	0.0
8458	8446	0	0.0
8553	8559	0	0.0
8592	8598	0	0.0
8369	8377	0	0.0
8288	8277	0	0.0
8278	8288	0	0.0
8379	8379	0	0.0
8413	8413	0	0.0
8598	8604	0	0.0
8275	8287	0	0.0
8339	8332	0	0.0
8465	8471	0	0.0
8472	8472	0	0.0
8486	8486	0	0.0
8372	8372	0	0.0
8461	8470	0	0.0
8293	8301	0	0.0
8285	8269	0	0.0
8325	8325	0	0.0
8303	8303	0	0.0
8458	8447	0	0.0
8339	8333	0	0.0
8524	8531	0	0.0
8288	8278	0	0.0
8369	8378	0	0.0
8439	8439	0	0.0
8416	8408	0	0.0
8275	8288	0	0.0
8277	8287	0	0.0
8394	8394	0	0.0
8382	8382	0	0.0
8478	8483	0	0.0
8274	8274	0	0.0
8410	8410	0	0.0
8285	8270	0	0.0
8554	8558	0	0.0
8599	8602	0	0.0
8293	8302	0	0.0
8484	8484	0	0.0
8396	8390	0	0.0
8370	8370	0	0.0
8378	8378	0	0.0
8301	8301	0	0.0
8439	8443	0	0.0
8408	8408	0	0.0
8285	8271	0	0.0
8458	8448	0	0.0
8432	8432	0	0.0
8599	8603	0	0.0
8475	8470	0	0.0
8554	8559	0	0.0
8303	8307	0	0.0
8524	8532	0	0.0
8277	8288	0	0.0
8272	8272	0	0.0
8372	8363	0	0.0
8439	8444	0	0.0
8454	8454	0	0.0
8459	8459	0	0.0
8470	8470	0	0.0
8285	8272	0	0.0
8599	8604	0	0.0
8305	8299	0	0.0
8428	8428	0	0.0
8374	8374	0	0.0
8385	8374	0	0.0
8251	8251	0	0.0
8484	8489	0	0.0
8396	8396	0	0.0
8524	8533	0	0.0
8386	8375	0	0.0
8416	8416	0	0.0
8339	8339	0	0.0
8283	8269	0	0.0
8305	8300	0	0.0
8408	8415	0	0.0
8444	8453	0	0.0
8397	8397	0	0.0
8343	8343	0	0.0
8484	8490	0	0.0
8593	8599	0	0.0
8408	8416	0	0.0
8475	8475	0	0.0
8538	8542	0	0.0
8386	8376	0	0.0
8283	8270	0	0.0
8593	8600	0	0.0
8408	8417	0	0.0
8457	8457	0	0.0
8305	8305	0	0.0
8444	8454	0	0.0
8538	8543	0	0.0
8440	8443	0	0.0
8447	8447	0	0.0
8484	8491	0	0.0
8464	8464	0	0.0
8246	8246	0	0.0
8600	8605	0	0.0
8620	8626	0	0.0
8386	8377	0	0.0
8411	8405	0	0.0
8377	8368	0	0.0
8439	8445	0	0.0
8417	8408	0	0.0
8511	8519	0	0.0
8397	8404	0	0.0
8288	8288	0	0.0
8283	8271	0	0.0
8558	8553	0	0.0
8330	8330	0	0.0
8440	8444	0	0.0
8479	8484	0	0.0
8377	8369	0	0.0
8269	8283	0	0.0
8444	8455	0	0.0
8488	8482	0	0.0
8458	8458	0	0.0
8386	8378	0	0.0
8345	8345	0	0.0
8374	8384	0	0.0
8450	8450	0	0.0
8476	8470	0	0.0
8455	8455	0	0.0
8558	8554	0	0.0
8573	8578	0	0.0
8601	8606	0	0.0
8539	8544	0	0.0
8283	8272	0	0.0
8304	8308	0	0.0
8448	8441	0	0.0
8411	8411	0	0.0
8269	8284	0	0.0
8450	8458	0	0.0
8285	8285	0	0.0
8452	8452	0	0.0
8302	8293	0	0.0
8480	8484	0	0.0
8539	8545	0	0.0
8464	8472	0	0.0
8304	8309	0	0.0
8374	8385	0	0.0
8400	8400	0	0.0
8525	8531	0	0.0
8460	8446	0	0.0
8442	8442	0	0.0
8269	8285	0	0.0
8450	8459	0	0.0
8453	8453	0	0.0
8306	8301	0	0.0
8385	8385	0	0.0
8476	8476	0	0.0
8521	8527	0	0.0
8302	8294	0	0.0
8446	8446	0	0.0
8417	8417	0	0.0
8447	8458	0	0.0
8374	8386	0	0.0
8481	8484	0	0.0
8460	8447	0	0.0
8306	8302	0	0.0
8525	8532	0	0.0
8431	8425	0	0.0
8512	8519	0	0.0
8608	8615	0	0.0
8377	8377	0	0.0
8450	8460	0	0.0
8473	8473	0	0.0
8412	8405	0	0.0
8346	8346	0	0.0
8287	8275	0	0.0
8379	8370	0	0.0
8447	8459	0	0.0
8431	8426	0	0.0
8440	8440	0	0.0
8460	8448	0	0.0
8608	8616	0	0.0
8525	8533	0	0.0
8459	8446	0	0.0
8456	8445	0	0.0
8306	8306	0	0.0
8286	8273	0	0.0
8476	8471	0	0.0
8415	8408	0	0.0
8488	8488	0	0.0
8493	8501	0	0.0
8287	8276	0	0.0
8273	8273	0	0.0
8379	8371	0	0.0
8447	8460	0	0.0
8286	8274	0	0.0
8462	8470	0	0.0
8608	8617	0	0.0
8482	8485	0	0.0
8387	8375	0	0.0
8448	8448	0	0.0
8459	8447	0	0.0
8286	8277	0	0.0
8415	8415	0	0.0
8482	8486	0	0.0
8412	8412	0	0.0
8383	8372	0	0.0
8594	8599	0	0.0
8455	8443	0	0.0
8602	8607	0	0.0
8401	8401	0	0.0
8522	8528	0	0.0
8459	8448	0	0.0
8418	8418	0	0.0
8494	8501	0	0.0
8594	8600	0	0.0
8540	8546	0	0.0
8387	8376	0	0.0
8446	8458	0	0.0
8431	8431	0	0.0
8305	8310	0	0.0
8283	8283	0	0.0
8466	8471	0	0.0
8383	8373	0	0.0
8455	8444	0	0.0
8483	8487	0	0.0
8602	8608	0	0.0
8522	8529	0	0.0
8440	8445	0	0.0
8347	8347	0	0.0
8307	8303	0	0.0
8456	8456	0	0.0
8371	8371	0	0.0
8477	8471	0	0.0
8483	8488	0	0.0
8387	8377	0	0.0
8280	8280	0	0.0
8526	8531	0	0.0
8522	8530	0	0.0
8273	8286	0	0.0
8344	8344	0	0.0
8446	8459	0	0.0
8386	8374	0	0.0
8603	8607	0	0.0
8495	8501	0	0.0
8286	8286	0	0.0
8307	8307	0	0.0
8387	8378	0	0.0
8526	8532	0	0.0
8446	8460	0	0.0
8603	8608	0	0.0
8422	8422	0	0.0
8429	8429	0	0.0
8413	8405	0	0.0
8477	8477	0	0.0
8373	8363	0	0.0
8297	8297	0	0.0
8526	8533	0	0.0
8604	8607	0	0.0
8348	8348	0	0.0
8465	8465	0	0.0
8541	8546	0	0.0
8453	8443	0	0.0
8487	8482	0	0.0
8604	8608	0	0.0
8359	8359	0	0.0
8308	8304	0	0.0
8366	8366	0	0.0
8460	8460	0	0.0
8453	8444	0	0.0
8308	8308	0	0.0
8402	8402	0	0.0
8423	8423	0	0.0
8387	8387	0	0.0
8297	8304	0	0.0
8465	8472	0	0.0
8362	8362	0	0.0
8398	8398	0	0.0
8380	8380	0	0.0
8424	8424	0	0.0
8409	8409	0	0.0
8363	8363	0	0.0
8461	8461	0	0.0
8441	8446	0	0.0
8605	8609	0	0.0
8478	8478	0	0.0
8326	8326	0	0.0
8429	8436	0	0.0
8605	8610	0	0.0
8487	8487	0	0.0
8383	8383	0	0.0
8309	8304	0	0.0
8441	8447	0	0.0
8366	8374	0	0.0
8478	8484	0	0.0
8605	8611	0	0.0
8424	8430	0	0.0
8485	8485	0	0.0
8527	8534	0	0.0
8373	8382	0	0.0
8363	8372	0	0.0
8441	8448	0	0.0
8414	8407	0	0.0
8363	8373	0	0.0
8309	8309	0	0.0
8384	8374	0	0.0
8403	8403	0	0.0
8276	8287	0	0.0
8461	8471	0	0.0
8606	8612	0	0.0
8527	8535	0	0.0
8375	8368	0	0.0
8427	8427	0	0.0
8443	8437	0	0.0
8606	8613	0	0.0
8425	8425	0	0.0
8375	8369	0	0.0
8482	8482	0	0.0
8284	8269	0	0.0
8399	8399	0	0.0
8310	8305	0	0.0
8281	8281	0	0.0
8606	8614	0	0.0
8479	8479	0	0.0
8446	8441	0	0.0
8276	8288	0	0.0
8443	8438	0	0.0
8527	8536	0	0.0
8425	8431	0	0.0
8375	8375	0	0.0
8284	8270	0	0.0
8310	8310	0	0.0
8451	8451	0	0.0
8425	8432	0	0.0
8368	8368	0	0.0
8479	8485	0	0.0
8485	8492	0	0.0
8479	8486	0	0.0
8310	8306	0	0.0
8489	8483	0	0.0
8380	8370	0	0.0
8443	8443	0	0.0
8370	8379	0	0.0
8483	8483	0	0.0
8404	8397	0	0.0
8323	8323	0	0.0
8380	8371	0	0.0
8298	8298	0	0.0
8480	8480	0	0.0
8370	8380	0	0.0
8252	8252	0	0.0
8495	8495	0	0.0
8467	8472	0	0.0
8404	8404	0	0.0
8448	8458	0	0.0
8493	8502	0	0.0
8467	8467	0	0.0
8466	8466	0	0.0
8510	8510	0	0.0
8493	8503	0	0.0
8370	8381	0	0.0
8377	8387	0	0.0
8480	8485	0	0.0
8520	8514	0	0.0
8448	8459	0	0.0
8489	8489	0	0.0
8512	8520	0	0.0
8495	8502	0	0.0
8493	8504	0	0.0
8480	8486	0	0.0
8526	8536	0	0.0
8374	8364	0	0.0
8579	8585	0	0.0
8528	8528	0	0.0
8495	8503	0	0.0
8448	8460	0	0.0
8504	8504	0	0.0
8416	8412	0	0.0
8500	8500	0	0.0
8518	8509	0	0.0
8520	8520	0	0.0
8294	8294	0	0.0
8530	8521	0	0.0
8282	8282	0	0.0
8495	8504	0	0.0
8466	8472	0	0.0
8521	8521	0	0.0
8374	8365	0	0.0
8564	8564	0	0.0
8426	8426	0	0.0
8510	8519	0	0.0
8498	8498	0	0.0
8503	8493	0	0.0
8577	8577	0	0.0
8536	8524	0	0.0
8364	8364	0	0.0
8591	8591	0	0.0
8514	8507	0	0.0
8497	8497	0	0.0
8503	8494	0	0.0
8502	8493	0	0.0
8374	8366	0	0.0
8536	8525	0	0.0
8521	8528	0	0.0
8387	8379	0	0.0
8524	8534	0	0.0
8561	8561	0	0.0
8514	8508	0	0.0
8426	8431	0	0.0
8503	8495	0	0.0
8536	8536	0	0.0
8502	8494	0	0.0
8573	8573	0	0.0
8493	8493	0	0.0
8536	8526	0	0.0
8518	8518	0	0.0
8530	8530	0	0.0
8600	8600	0	0.0
8521	8529	0	0.0
8614	8614	0	0.0
8544	8544	0	0.0
8444	8437	0	0.0
8481	8481	0	0.0
8374	8367	0	0.0
8426	8432	0	0.0
8502	8495	0	0.0
8256	8256	0	0.0
8387	8380	0	0.0
8591	8599	0	0.0
8527	8527	0	0.0
8521	8530	0	0.0
8609	8609	0	0.0
8524	8535	0	0.0
8364	8374	0	0.0
8531	8531	0	0.0
8294	8301	0	0.0
8563	8563	0	0.0
8444	8438	0	0.0
8604	8604	0	0.0
8481	8485	0	0.0
8454	8443	0	0.0
8580	8585	0	0.0
8591	8600	0	0.0
8324	8324	0	0.0
8502	8502	0	0.0
8601	8601	0	0.0
8524	8536	0	0.0
8387	8381	0	0.0
8417	8412	0	0.0
8611	8611	0	0.0
8294	8302	0	0.0
8596	8596	0	0.0
8610	8610	0	0.0
8514	8514	0	0.0
8513	8513	0	0.0
8615	8606	0	0.0
8481	8486	0	0.0
8541	8541	0	0.0
8617	8606	0	0.0
8524	8524	0	0.0
8503	8503	0	0.0
8606	8606	0	0.0
8454	8444	0	0.0
8405	8405	0	0.0
8537	8527	0	0.0
8601	8607	0	0.0
8527	8537	0	0.0
8447	8441	0	0.0
8513	8520	0	0.0
8599	8591	0	0.0
8486	8492	0	0.0
8601	8608	0	0.0
8531	8522	0	0.0
8574	8574	0	0.0
8516	8509	0	0.0
8599	8592	0	0.0
8254	8254	0	0.0
8327	8327	0	0.0
8605	8598	0	0.0
8531	8523	0	0.0
8545	8538	0	0.0
8578	8570	0	0.0
8529	8529	0	0.0
8405	8411	0	0.0
8430	8430	0	0.0
8605	8599	0	0.0
8615	8615	0	0.0
8565	8565	0	0.0
8578	8571	0	0.0
8367	8367	0	0.0
8499	8499	0	0.0
8467	8473	0	0.0
8606	8615	0	0.0
8599	8599	0	0.0
8405	8412	0	0.0
8244	8244	0	0.0
8516	8516	0	0.0
8482	8487	0	0.0
8405	8413	0	0.0
8515	8507	0	0.0
8534	8524	0	0.0
8617	8617	0	0.0
8289	8289	0	0.0
8482	8488	0	0.0
8537	8537	0	0.0
8408	8406	0	0.0
8515	8508	0	0.0
8445	8445	0	0.0
8618	8618	0	0.0
8390	8390	0	0.0
8534	8525	0	0.0
8606	8616	0	0.0
8578	8578	0	0.0
8468	8468	0	0.0
8467	8474	0	0.0
8484	8478	0	0.0
8534	8526	0	0.0
8367	8374	0	0.0
8606	8617	0	0.0
8381	8370	0	0.0
8433	8427	0	0.0
8568	8568	0	0.0
8471	8461	0	0.0
8545	8545	0	0.0
8605	8605	0	0.0
8611	8602	0	0.0
8575	8575	0	0.0
8415	8412	0	0.0
8406	8406	0	0.0
8616	8606	0	0.0
8381	8371	0	0.0
8427	8433	0	0.0
8532	8532	0	0.0
8611	8603	0	0.0
8490	8484	0	0.0
8602	8602	0	0.0
8471	8462	0	0.0
8504	8493	0	0.0
8525	8525	0	0.0
8298	8304	0	0.0
8442	8449	0	0.0
8596	8602	0	0.0
8406	8408	0	0.0
8542	8542	0	0.0
8427	8434	0	0.0
8517	8509	0	0.0
8515	8515	0	0.0
8618	8626	0	0.0
8611	8604	0	0.0
8427	8435	0	0.0
8406	8409	0	0.0
8534	8534	0	0.0
8596	8603	0	0.0
8511	8511	0	0.0
8504	8494	0	0.0
8442	8450	0	0.0
8430	8424	0	0.0
8255	8255	0	0.0
8490	8490	0	0.0
8406	8410	0	0.0
8596	8604	0	0.0
8504	8495	0	0.0
8433	8433	0	0.0
8392	8392	0	0.0
8289	8299	0	0.0
8532	8522	0	0.0
8546	8539	0	0.0
8569	8569	0	0.0
8442	8451	0	0.0
8471	8471	0	0.0
8600	8591	0	0.0
8621	8621	0	0.0
8253	8253	0	0.0
8602	8609	0	0.0
8371	8379	0	0.0
8532	8523	0	0.0
8289	8300	0	0.0
8517	8517	0	0.0
8483	8489	0	0.0
8445	8456	0	0.0
8597	8597	0	0.0
8511	8520	0	0.0
8600	8592	0	0.0
8566	8566	0	0.0
8602	8610	0	0.0
8442	8452	0	0.0
8248	8248	0	0.0
8485	8479	0	0.0
8616	8616	0	0.0
8445	8457	0	0.0
8602	8611	0	0.0
8491	8484	0	0.0
8371	8380	0	0.0
8445	8439	0	0.0
8592	8592	0	0.0
8485	8480	0	0.0
8535	8524	0	0.0
8606	8600	0	0.0
8576	8576	0	0.0
8607	8607	0	0.0
8449	8442	0	0.0
8371	8381	0	0.0
8485	8481	0	0.0
8535	8525	0	0.0
8445	8440	0	0.0
8570	8570	0	0.0
8546	8546	0	0.0
8535	8526	0	0.0
8434	8427	0	0.0
8592	8599	0	0.0
8409	8406	0	0.0
8468	8473	0	0.0
8257	8257	0	0.0
8525	8534	0	0.0
8381	8381	0	0.0
8491	8491	0	0.0
8505	8505	0	0.0
8592	8600	0	0.0
8526	8526	0	0.0
8468	8474	0	0.0
8570	8578	0	0.0
8494	8494	0	0.0
8533	8533	0	0.0
8525	8535	0	0.0
8522	8522	0	0.0
8258	8258	0	0.0
8543	8543	0	0.0
8603	8603	0	0.0
8579	8579	0	0.0
8525	8536	0	0.0
8290	8290	0	0.0
8595	8595	0	0.0
8612	8605	0	0.0
8622	8622	0	0.0
8332	8332	0	0.0
8537	8528	0	0.0
8449	8449	0	0.0
8505	8510	0	0.0
8535	8535	0	0.0
8528	8521	0	0.0
8619	8619	0	0.0
8546	8541	0	0.0
8494	8502	0	0.0
8434	8434	0	0.0
8522	8531	0	0.0
8486	8479	0	0.0
8261	8261	0	0.0
8603	8609	0	0.0
8579	8586	0	0.0
8494	8503	0	0.0
8522	8532	0	0.0
8247	8247	0	0.0
8486	8480	0	0.0
8469	8469	0	0.0
8603	8610	0	0.0
8579	8587	0	0.0
8390	8396	0	0.0
8494	8504	0	0.0
8533	8522	0	0.0
8368	8375	0	0.0
8522	8533	0	0.0
8486	8481	0	0.0
8507	8507	0	0.0
8603	8611	0	0.0
8612	8612	0	0.0
8533	8523	0	0.0
8368	8376	0	0.0
8368	8377	0	0.0
8496	8496	0	0.0
8462	8462	0	0.0
8368	8378	0	0.0
8290	8299	0	0.0
8623	8623	0	0.0
8375	8387	0	0.0
8547	8547	0	0.0
8435	8427	0	0.0
8332	8339	0	0.0
8518	8510	0	0.0
8290	8300	0	0.0
8584	8584	0	0.0
8523	8523	0	0.0
8443	8453	0	0.0
8469	8473	0	0.0
8597	8602	0	0.0
8538	8538	0	0.0
8580	8580	0	0.0
8613	8605	0	0.0
8462	8471	0	0.0
8469	8474	0	0.0
8443	8454	0	0.0
8597	8603	0	0.0
8259	8259	0	0.0
8391	8391	0	0.0
8597	8604	0	0.0
8523	8531	0	0.0
8443	8455	0	0.0
8580	8586	0	0.0
8508	8508	0	0.0
8551	8551	0	0.0
8501	8501	0	0.0
8492	8485	0	0.0
8333	8333	0	0.0
8523	8532	0	0.0
8580	8587	0	0.0
8604	8609	0	0.0
8533	8524	0	0.0
8506	8506	0	0.0
8450	8442	0	0.0
8299	8299	0	0.0
8523	8533	0	0.0
8492	8486	0	0.0
8435	8435	0	0.0
8295	8303	0	0.0
8604	8610	0	0.0
8533	8525	0	0.0
8519	8510	0	0.0
8613	8613	0	0.0
8624	8624	0	0.0
8533	8526	0	0.0
8538	8544	0	0.0
8604	8611	0	0.0
8548	8548	0	0.0
8378	8387	0	0.0
8506	8511	0	0.0
8299	8289	0	0.0
8538	8545	0	0.0
8512	8512	0	0.0
8492	8492	0	0.0
8299	8305	0	0.0
8291	8291	0	0.0
8299	8290	0	0.0
8506	8512	0	0.0
8598	8598	0	0.0
8581	8581	0	0.0
8519	8519	0	0.0
8436	8428	0	0.0
8593	8593	0	0.0
8303	8295	0	0.0
8299	8291	0	0.0
8571	8571	0	0.0
8333	8339	0	0.0
8506	8513	0	0.0
8540	8540	0	0.0
8299	8292	0	0.0
8436	8429	0	0.0
8470	8475	0	0.0
8614	8605	0	0.0
8529	8521	0	0.0
8571	8578	0	0.0
8552	8552	0	0.0
8470	8476	0	0.0
8593	8601	0	0.0
8598	8605	0	0.0
8625	8625	0	0.0
8605	8612	0	0.0
8509	8509	0	0.0
8605	8613	0	0.0
8620	8620	0	0.0
8472	8463	0	0.0
8601	8593	0	0.0
8291	8299	0	0.0
8605	8614	0	0.0
8585	8585	0	0.0
8601	8594	0	0.0
8472	8464	0	0.0
8608	8601	0	0.0
8291	8300	0	0.0
8436	8436	0	0.0
8582	8582	0	0.0
8472	8465	0	0.0
8552	8558	0	0.0
8520	8511	0	0.0
8594	8594	0	0.0
8608	8608	0	0.0
8472	8466	0	0.0
8520	8512	0	0.0
8300	8305	0	0.0
8552	8559	0	0.0
8520	8513	0	0.0
8336	8336	0	0.0
8594	8601	0	0.0
8507	8514	0	0.0
8539	8539	0	0.0
8507	8515	0	0.0
8555	8555	0	0.0
8510	8505	0	0.0
8553	8553	0	0.0
8599	8605	0	0.0
8583	8583	0	0.0
8601	8595	0	0.0
8451	8442	0	0.0
8300	8289	0	0.0
8601	8596	0	0.0
8607	8601	0	0.0
8539	8546	0	0.0
8279	8269	0	0.0
8292	8292	0	0.0
8471	8477	0	0.0
8601	8597	0	0.0
8300	8290	0	0.0
8279	8270	0	0.0
8473	8467	0	0.0
8300	8291	0	0.0
8301	8306	0	0.0
8473	8468	0	0.0
8556	8556	0	0.0
8437	8437	0	0.0
8473	8469	0	0.0
8300	8292	0	0.0
8586	8579	0	0.0
8572	8572	0	0.0
8586	8580	0	0.0
8600	8606	0	0.0
8626	8618	0	0.0
8595	8602	0	0.0
8602	8595	0	0.0
8586	8586	0	0.0
8437	8443	0	0.0
8595	8603	0	0.0
8609	8602	0	0.0
8595	8604	0	0.0
8602	8596	0	0.0
8609	8603	0	0.0
8437	8444	0	0.0
8508	8514	0	0.0
8609	8604	0	0.0
8587	8579	0	0.0
8602	8597	0	0.0
8626	8626	0	0.0
8587	8580	0	0.0
8508	8515	0	0.0
8474	8467	0	0.0
8557	8557	0	0.0
8474	8468	0	0.0
8587	8587	0	0.0
8474	8469	0	0.0
8603	8595	0	0.0
8554	8554	0	0.0
8603	8596	0	0.0
8544	8538	0	0.0
8438	8438	0	0.0
8603	8597	0	0.0
8610	8602	0	0.0
8610	8603	0	0.0
8509	8516	0	0.0
8610	8604	0	0.0
8438	8443	0	0.0
8463	8463	0	0.0
8526	8534	0	0.0
8509	8517	0	0.0
8526	8535	0	0.0
8509	8518	0	0.0
8512	8506	0	0.0
8463	8472	0	0.0
8604	8595	0	0.0
8604	8596	0	0.0
8604	8597	0	0.0
8558	8552	0	0.0
8558	8558	0	0.0
8559	8552	0	0.0
8513	8506	0	0.0
8543	8538	0	0.0
8559	8559	0	0.0
8560	8560	0	0.0
8511	8506	0	0.0
8244	8249	2	0.0
8244	8250	2	0.0
8263	8266	2	0.0
8244	8251	2	0.0
8272	8279	2	0.0
8272	8280	2	0.0
8272	8281	2	0.0
8272	8282	2	0.0
8275	8286	2	0.0
8274	8283	2	0.0
8274	8284	2	0.0
8281	8287	2	0.0
8274	8285	2	0.0
8278	8286	2	0.0
8281	8288	2	0.0
8289	8296	2	0.0
8273	8283	2	0.0
8289	8297	2	0.0
8273	8284	2	0.0
8289	8298	2	0.0
8269	8279	2	0.0
8273	8285	2	0.0
8269	8280	2	0.0
8269	8281	2	0.0
8296	8303	2	0.0
8363	8370	2	0.0
8290	8296	2	0.0
8269	8282	2	0.0
8276	8286	2	0.0
8374	8382	2	0.0
8290	8297	2	0.0
8374	8383	2	0.0
8290	8298	2	0.0
8368	8374	2	0.0
8363	8371	2	0.0
8376	8384	2	0.0
8376	8385	2	0.0
8376	8386	2	0.0
8291	8296	2	0.0
8282	8287	2	0.0
8297	8303	2	0.0
8397	8403	2	0.0
8291	8297	2	0.0
8282	8288	2	0.0
8410	8417	2	0.0
8291	8298	2	0.0
8377	8384	2	0.0
8270	8279	2	0.0
8381	8387	2	0.0
8377	8385	2	0.0
8270	8280	2	0.0
8377	8386	2	0.0
8279	8287	2	0.0
8410	8415	2	0.0
8270	8281	2	0.0
8279	8288	2	0.0
8398	8404	2	0.0
8446	8457	2	0.0
8441	8445	2	0.0
8410	8416	2	0.0
8292	8296	2	0.0
8270	8282	2	0.0
8298	8303	2	0.0
8292	8297	2	0.0
8252	8257	2	0.0
8292	8298	2	0.0
8427	8431	2	0.0
8451	8458	2	0.0
8277	8286	2	0.0
8427	8432	2	0.0
8442	8446	2	0.0
8451	8459	2	0.0
8442	8447	2	0.0
8446	8456	2	0.0
8451	8460	2	0.0
8442	8448	2	0.0
8412	8415	2	0.0
8369	8374	2	0.0
8412	8416	2	0.0
8332	8336	2	0.0
8428	8433	2	0.0
8412	8417	2	0.0
8452	8458	2	0.0
8332	8337	2	0.0
8399	8404	2	0.0
8378	8384	2	0.0
8332	8338	2	0.0
8452	8459	2	0.0
8271	8279	2	0.0
8378	8385	2	0.0
8452	8460	2	0.0
8428	8434	2	0.0
8271	8280	2	0.0
8333	8336	2	0.0
8378	8386	2	0.0
8428	8435	2	0.0
8293	8299	2	0.0
8271	8281	2	0.0
8496	8503	2	0.0
8333	8337	2	0.0
8293	8300	2	0.0
8271	8282	2	0.0
8299	8304	2	0.0
8443	8449	2	0.0
8496	8504	2	0.0
8333	8338	2	0.0
8280	8287	2	0.0
8485	8490	2	0.0
8443	8450	2	0.0
8280	8288	2	0.0
8449	8458	2	0.0
8443	8451	2	0.0
8485	8491	2	0.0
8463	8471	2	0.0
8429	8433	2	0.0
8443	8452	2	0.0
8449	8459	2	0.0
8505	8509	2	0.0
8468	8472	2	0.0
8513	8519	2	0.0
8334	8339	2	0.0
8294	8299	2	0.0
8449	8460	2	0.0
8429	8434	2	0.0
8447	8456	2	0.0
8294	8300	2	0.0
8496	8502	2	0.0
8429	8435	2	0.0
8447	8457	2	0.0
8506	8510	2	0.0
8444	8449	2	0.0
8523	8528	2	0.0
8444	8450	2	0.0
8523	8529	2	0.0
8444	8451	2	0.0
8523	8530	2	0.0
8300	8304	2	0.0
8375	8384	2	0.0
8295	8301	2	0.0
8364	8372	2	0.0
8444	8452	2	0.0
8486	8490	2	0.0
8295	8302	2	0.0
8375	8385	2	0.0
8486	8491	2	0.0
8370	8375	2	0.0
8469	8472	2	0.0
8375	8386	2	0.0
8364	8373	2	0.0
8507	8511	2	0.0
8514	8520	2	0.0
8430	8436	2	0.0
8464	8471	2	0.0
8507	8512	2	0.0
8370	8376	2	0.0
8507	8513	2	0.0
8570	8577	2	0.0
8370	8377	2	0.0
8445	8453	2	0.0
8445	8454	2	0.0
8528	8537	2	0.0
8370	8378	2	0.0
8508	8511	2	0.0
8405	8409	2	0.0
8571	8577	2	0.0
8508	8512	2	0.0
8405	8410	2	0.0
8445	8455	2	0.0
8508	8513	2	0.0
8470	8473	2	0.0
8343	8348	2	0.0
8301	8305	2	0.0
8581	8586	2	0.0
8470	8474	2	0.0
8407	8411	2	0.0
8407	8412	2	0.0
8581	8587	2	0.0
8509	8514	2	0.0
8407	8413	2	0.0
8509	8515	2	0.0
8379	8387	2	0.0
8302	8305	2	0.0
8487	8492	2	0.0
8390	8395	2	0.0
8515	8520	2	0.0
8572	8578	2	0.0
8465	8471	2	0.0
8365	8372	2	0.0
8471	8475	2	0.0
8595	8601	2	0.0
8618	8623	2	0.0
8408	8414	2	0.0
8450	8458	2	0.0
8510	8516	2	0.0
8448	8456	2	0.0
8582	8586	2	0.0
8365	8373	2	0.0
8607	8615	2	0.0
8471	8476	2	0.0
8529	8537	2	0.0
8450	8459	2	0.0
8618	8624	2	0.0
8303	8306	2	0.0
8552	8556	2	0.0
8510	8517	2	0.0
8448	8457	2	0.0
8249	8249	2	0.0
8488	8492	2	0.0
8618	8625	2	0.0
8582	8587	2	0.0
8450	8460	2	0.0
8552	8557	2	0.0
8607	8616	2	0.0
8510	8518	2	0.0
8607	8617	2	0.0
8392	8396	2	0.0
8245	8245	2	0.0
8304	8307	2	0.0
8596	8601	2	0.0
8524	8531	2	0.0
8262	8262	2	0.0
8472	8477	2	0.0
8524	8532	2	0.0
8424	8428	2	0.0
8371	8375	2	0.0
8305	8308	2	0.0
8263	8263	2	0.0
8271	8271	2	0.0
8524	8533	2	0.0
8391	8396	2	0.0
8424	8429	2	0.0
8583	8586	2	0.0
8371	8376	2	0.0
8305	8309	2	0.0
8553	8558	2	0.0
8619	8626	2	0.0
8409	8415	2	0.0
8393	8396	2	0.0
8466	8471	2	0.0
8553	8559	2	0.0
8583	8587	2	0.0
8371	8377	2	0.0
8270	8283	2	0.0
8250	8250	2	0.0
8409	8416	2	0.0
8265	8265	2	0.0
8525	8531	2	0.0
8306	8310	2	0.0
8366	8372	2	0.0
8573	8578	2	0.0
8597	8601	2	0.0
8380	8387	2	0.0
8270	8284	2	0.0
8425	8430	2	0.0
8525	8532	2	0.0
8270	8285	2	0.0
8366	8373	2	0.0
8620	8626	2	0.0
8525	8533	2	0.0
8272	8283	2	0.0
8409	8417	2	0.0
8271	8283	2	0.0
8426	8430	2	0.0
8371	8378	2	0.0
8272	8284	2	0.0
8264	8264	2	0.0
8274	8286	2	0.0
8461	8470	2	0.0
8271	8284	2	0.0
8272	8285	2	0.0
8554	8558	2	0.0
8526	8531	2	0.0
8275	8275	2	0.0
8271	8285	2	0.0
8530	8537	2	0.0
8554	8559	2	0.0
8526	8532	2	0.0
8526	8533	2	0.0
8266	8266	2	0.0
8493	8501	2	0.0
8279	8271	2	0.0
8284	8284	2	0.0
8598	8602	2	0.0
8269	8269	2	0.0
8270	8270	2	0.0
8279	8272	2	0.0
8598	8603	2	0.0
8511	8519	2	0.0
8251	8251	2	0.0
8279	8279	2	0.0
8494	8501	2	0.0
8598	8604	2	0.0
8367	8372	2	0.0
8284	8271	2	0.0
8437	8442	2	0.0
8276	8276	2	0.0
8558	8553	2	0.0
8246	8246	2	0.0
8277	8277	2	0.0
8284	8272	2	0.0
8367	8373	2	0.0
8558	8554	2	0.0
8538	8542	2	0.0
8608	8615	2	0.0
8287	8277	2	0.0
8275	8287	2	0.0
8538	8543	2	0.0
8527	8534	2	0.0
8287	8278	2	0.0
8608	8616	2	0.0
8599	8602	2	0.0
8495	8501	2	0.0
8467	8472	2	0.0
8275	8288	2	0.0
8527	8535	2	0.0
8438	8442	2	0.0
8599	8603	2	0.0
8285	8269	2	0.0
8292	8299	2	0.0
8527	8536	2	0.0
8608	8617	2	0.0
8274	8274	2	0.0
8287	8287	2	0.0
8285	8270	2	0.0
8292	8300	2	0.0
8599	8604	2	0.0
8285	8271	2	0.0
8539	8544	2	0.0
8512	8519	2	0.0
8300	8300	2	0.0
8591	8598	2	0.0
8269	8283	2	0.0
8285	8272	2	0.0
8296	8296	2	0.0
8269	8284	2	0.0
8272	8272	2	0.0
8539	8545	2	0.0
8295	8295	2	0.0
8269	8285	2	0.0
8288	8275	2	0.0
8462	8470	2	0.0
8293	8293	2	0.0
8288	8276	2	0.0
8277	8287	2	0.0
8304	8304	2	0.0
8296	8304	2	0.0
8288	8277	2	0.0
8600	8605	2	0.0
8277	8288	2	0.0
8439	8443	2	0.0
8372	8379	2	0.0
8288	8278	2	0.0
8478	8483	2	0.0
8521	8527	2	0.0
8301	8293	2	0.0
8283	8269	2	0.0
8302	8302	2	0.0
8439	8444	2	0.0
8283	8270	2	0.0
8372	8380	2	0.0
8301	8294	2	0.0
8592	8598	2	0.0
8293	8301	2	0.0
8283	8271	2	0.0
8601	8606	2	0.0
8288	8288	2	0.0
8372	8381	2	0.0
8293	8302	2	0.0
8283	8272	2	0.0
8285	8285	2	0.0
8331	8331	2	0.0
8302	8306	2	0.0
8278	8278	2	0.0
8365	8365	2	0.0
8337	8337	2	0.0
8304	8296	2	0.0
8440	8443	2	0.0
8304	8297	2	0.0
8334	8334	2	0.0
8287	8275	2	0.0
8280	8280	2	0.0
8325	8325	2	0.0
8540	8546	2	0.0
8373	8373	2	0.0
8278	8287	2	0.0
8301	8301	2	0.0
8304	8298	2	0.0
8287	8276	2	0.0
8440	8444	2	0.0
8365	8374	2	0.0
8278	8288	2	0.0
8283	8283	2	0.0
8579	8585	2	0.0
8276	8287	2	0.0
8369	8369	2	0.0
8522	8528	2	0.0
8373	8379	2	0.0
8276	8288	2	0.0
8303	8303	2	0.0
8522	8529	2	0.0
8330	8330	2	0.0
8370	8370	2	0.0
8373	8383	2	0.0
8338	8338	2	0.0
8372	8382	2	0.0
8373	8380	2	0.0
8273	8273	2	0.0
8522	8530	2	0.0
8378	8368	2	0.0
8479	8484	2	0.0
8369	8375	2	0.0
8335	8335	2	0.0
8303	8307	2	0.0
8372	8383	2	0.0
8373	8381	2	0.0
8302	8293	2	0.0
8378	8369	2	0.0
8339	8332	2	0.0
8376	8368	2	0.0
8305	8299	2	0.0
8541	8546	2	0.0
8244	8244	2	0.0
8302	8294	2	0.0
8369	8376	2	0.0
8593	8599	2	0.0
8297	8297	2	0.0
8580	8585	2	0.0
8339	8333	2	0.0
8376	8369	2	0.0
8305	8300	2	0.0
8376	8387	2	0.0
8369	8377	2	0.0
8480	8484	2	0.0
8593	8600	2	0.0
8602	8607	2	0.0
8252	8252	2	0.0
8382	8372	2	0.0
8284	8269	2	0.0
8369	8378	2	0.0
8284	8270	2	0.0
8305	8305	2	0.0
8273	8286	2	0.0
8602	8608	2	0.0
8372	8363	2	0.0
8384	8384	2	0.0
8376	8376	2	0.0
8481	8484	2	0.0
8382	8373	2	0.0
8339	8339	2	0.0
8378	8378	2	0.0
8386	8386	2	0.0
8371	8371	2	0.0
8372	8372	2	0.0
8343	8343	2	0.0
8603	8607	2	0.0
8374	8374	2	0.0
8379	8379	2	0.0
8304	8308	2	0.0
8603	8608	2	0.0
8395	8395	2	0.0
8326	8326	2	0.0
8256	8256	2	0.0
8304	8309	2	0.0
8248	8248	2	0.0
8366	8366	2	0.0
8297	8304	2	0.0
8407	8407	2	0.0
8393	8393	2	0.0
8382	8382	2	0.0
8385	8374	2	0.0
8345	8345	2	0.0
8298	8298	2	0.0
8306	8301	2	0.0
8604	8607	2	0.0
8395	8390	2	0.0
8366	8374	2	0.0
8604	8608	2	0.0
8482	8485	2	0.0
8306	8302	2	0.0
8374	8384	2	0.0
8281	8281	2	0.0
8294	8294	2	0.0
8386	8375	2	0.0
8374	8385	2	0.0
8254	8254	2	0.0
8482	8486	2	0.0
8377	8368	2	0.0
8386	8376	2	0.0
8407	8414	2	0.0
8414	8408	2	0.0
8385	8385	2	0.0
8394	8394	2	0.0
8374	8386	2	0.0
8377	8369	2	0.0
8306	8306	2	0.0
8386	8377	2	0.0
8428	8436	2	0.0
8396	8390	2	0.0
8286	8273	2	0.0
8379	8370	2	0.0
8410	8406	2	0.0
8386	8378	2	0.0
8432	8425	2	0.0
8379	8371	2	0.0
8346	8346	2	0.0
8294	8301	2	0.0
8414	8414	2	0.0
8286	8274	2	0.0
8432	8426	2	0.0
8396	8396	2	0.0
8289	8289	2	0.0
8247	8247	2	0.0
8483	8487	2	0.0
8605	8609	2	0.0
8397	8397	2	0.0
8294	8302	2	0.0
8286	8277	2	0.0
8383	8372	2	0.0
8305	8310	2	0.0
8410	8410	2	0.0
8255	8255	2	0.0
8605	8610	2	0.0
8377	8377	2	0.0
8438	8444	2	0.0
8386	8374	2	0.0
8413	8413	2	0.0
8483	8488	2	0.0
8383	8373	2	0.0
8307	8303	2	0.0
8408	8408	2	0.0
8605	8611	2	0.0
8253	8253	2	0.0
8432	8432	2	0.0
8397	8404	2	0.0
8416	8408	2	0.0
8373	8363	2	0.0
8428	8428	2	0.0
8289	8299	2	0.0
8594	8599	2	0.0
8387	8375	2	0.0
8289	8300	2	0.0
8441	8441	2	0.0
8327	8327	2	0.0
8307	8307	2	0.0
8408	8415	2	0.0
8387	8376	2	0.0
8400	8400	2	0.0
8257	8257	2	0.0
8594	8600	2	0.0
8380	8380	2	0.0
8439	8439	2	0.0
8286	8286	2	0.0
8347	8347	2	0.0
8444	8444	2	0.0
8484	8489	2	0.0
8344	8344	2	0.0
8452	8442	2	0.0
8408	8416	2	0.0
8387	8377	2	0.0
8606	8612	2	0.0
8258	8258	2	0.0
8416	8416	2	0.0
8383	8383	2	0.0
8387	8378	2	0.0
8408	8417	2	0.0
8606	8613	2	0.0
8282	8282	2	0.0
8384	8374	2	0.0
8411	8405	2	0.0
8290	8290	2	0.0
8261	8261	2	0.0
8431	8425	2	0.0
8606	8614	2	0.0
8308	8304	2	0.0
8439	8445	2	0.0
8367	8367	2	0.0
8431	8426	2	0.0
8348	8348	2	0.0
8417	8408	2	0.0
8359	8359	2	0.0
8308	8308	2	0.0
8387	8387	2	0.0
8411	8411	2	0.0
8431	8431	2	0.0
8401	8401	2	0.0
8442	8442	2	0.0
8290	8299	2	0.0
8444	8453	2	0.0
8380	8370	2	0.0
8367	8374	2	0.0
8290	8300	2	0.0
8309	8304	2	0.0
8380	8371	2	0.0
8440	8440	2	0.0
8377	8387	2	0.0
8370	8379	2	0.0
8259	8259	2	0.0
8452	8452	2	0.0
8429	8429	2	0.0
8362	8362	2	0.0
8444	8454	2	0.0
8298	8304	2	0.0
8370	8380	2	0.0
8417	8417	2	0.0
8363	8363	2	0.0
8446	8446	2	0.0
8309	8309	2	0.0
8370	8381	2	0.0
8458	8446	2	0.0
8412	8405	2	0.0
8444	8455	2	0.0
8457	8445	2	0.0
8440	8445	2	0.0
8374	8364	2	0.0
8458	8447	2	0.0
8454	8454	2	0.0
8448	8441	2	0.0
8429	8436	2	0.0
8332	8332	2	0.0
8310	8305	2	0.0
8458	8448	2	0.0
8374	8365	2	0.0
8415	8408	2	0.0
8291	8291	2	0.0
8374	8366	2	0.0
8310	8310	2	0.0
8373	8382	2	0.0
8363	8372	2	0.0
8415	8415	2	0.0
8447	8447	2	0.0
8374	8367	2	0.0
8363	8373	2	0.0
8446	8458	2	0.0
8412	8412	2	0.0
8441	8446	2	0.0
8418	8418	2	0.0
8458	8458	2	0.0
8375	8368	2	0.0
8459	8459	2	0.0
8291	8299	2	0.0
8448	8448	2	0.0
8446	8459	2	0.0
8457	8457	2	0.0
8310	8306	2	0.0
8332	8339	2	0.0
8291	8300	2	0.0
8402	8402	2	0.0
8441	8447	2	0.0
8375	8369	2	0.0
8446	8460	2	0.0
8453	8453	2	0.0
8398	8398	2	0.0
8447	8458	2	0.0
8441	8448	2	0.0
8323	8323	2	0.0
8453	8443	2	0.0
8450	8450	2	0.0
8387	8379	2	0.0
8455	8455	2	0.0
8447	8459	2	0.0
8443	8437	2	0.0
8459	8446	2	0.0
8453	8444	2	0.0
8375	8375	2	0.0
8460	8446	2	0.0
8387	8380	2	0.0
8368	8368	2	0.0
8447	8460	2	0.0
8333	8333	2	0.0
8443	8438	2	0.0
8459	8447	2	0.0
8460	8447	2	0.0
8387	8381	2	0.0
8422	8422	2	0.0
8455	8443	2	0.0
8459	8448	2	0.0
8460	8448	2	0.0
8413	8405	2	0.0
8368	8375	2	0.0
8381	8370	2	0.0
8455	8444	2	0.0
8292	8292	2	0.0
8456	8445	2	0.0
8474	8474	2	0.0
8368	8376	2	0.0
8403	8403	2	0.0
8381	8371	2	0.0
8470	8470	2	0.0
8443	8443	2	0.0
8333	8339	2	0.0
8368	8377	2	0.0
8472	8472	2	0.0
8368	8378	2	0.0
8399	8399	2	0.0
8371	8379	2	0.0
8295	8303	2	0.0
8460	8460	2	0.0
8464	8464	2	0.0
8390	8390	2	0.0
8461	8461	2	0.0
8371	8380	2	0.0
8299	8289	2	0.0
8486	8486	2	0.0
8456	8456	2	0.0
8493	8502	2	0.0
8475	8470	2	0.0
8371	8381	2	0.0
8484	8484	2	0.0
8299	8290	2	0.0
8279	8269	2	0.0
8299	8299	2	0.0
8446	8441	2	0.0
8493	8503	2	0.0
8430	8430	2	0.0
8381	8381	2	0.0
8279	8270	2	0.0
8299	8291	2	0.0
8409	8409	2	0.0
8464	8472	2	0.0
8461	8471	2	0.0
8493	8504	2	0.0
8495	8495	2	0.0
8423	8423	2	0.0
8444	8437	2	0.0
8299	8292	2	0.0
8484	8490	2	0.0
8392	8392	2	0.0
8336	8336	2	0.0
8444	8438	2	0.0
8299	8305	2	0.0
8424	8424	2	0.0
8475	8475	2	0.0
8433	8427	2	0.0
8303	8295	2	0.0
8484	8491	2	0.0
8324	8324	2	0.0
8495	8502	2	0.0
8498	8498	2	0.0
8488	8482	2	0.0
8495	8503	2	0.0
8433	8433	2	0.0
8404	8397	2	0.0
8424	8430	2	0.0
8414	8407	2	0.0
8467	8467	2	0.0
8493	8493	2	0.0
8364	8364	2	0.0
8504	8504	2	0.0
8495	8504	2	0.0
8454	8443	2	0.0
8476	8470	2	0.0
8454	8444	2	0.0
8427	8427	2	0.0
8404	8404	2	0.0
8497	8497	2	0.0
8448	8458	2	0.0
8425	8425	2	0.0
8375	8387	2	0.0
8500	8500	2	0.0
8488	8488	2	0.0
8300	8305	2	0.0
8434	8427	2	0.0
8465	8465	2	0.0
8510	8510	2	0.0
8378	8387	2	0.0
8448	8459	2	0.0
8442	8449	2	0.0
8503	8493	2	0.0
8502	8493	2	0.0
8390	8396	2	0.0
8448	8460	2	0.0
8512	8520	2	0.0
8300	8289	2	0.0
8503	8494	2	0.0
8502	8494	2	0.0
8442	8450	2	0.0
8425	8431	2	0.0
8465	8472	2	0.0
8364	8374	2	0.0
8476	8476	2	0.0
8520	8514	2	0.0
8518	8509	2	0.0
8502	8495	2	0.0
8300	8290	2	0.0
8425	8432	2	0.0
8442	8451	2	0.0
8503	8495	2	0.0
8434	8434	2	0.0
8300	8291	2	0.0
8447	8441	2	0.0
8442	8452	2	0.0
8445	8439	2	0.0
8300	8292	2	0.0
8526	8536	2	0.0
8473	8473	2	0.0
8468	8468	2	0.0
8499	8499	2	0.0
8502	8502	2	0.0
8520	8520	2	0.0
8445	8440	2	0.0
8518	8518	2	0.0
8451	8451	2	0.0
8391	8391	2	0.0
8510	8519	2	0.0
8530	8521	2	0.0
8301	8306	2	0.0
8521	8521	2	0.0
8476	8471	2	0.0
8503	8503	2	0.0
8514	8507	2	0.0
8528	8528	2	0.0
8435	8427	2	0.0
8524	8534	2	0.0
8487	8482	2	0.0
8514	8508	2	0.0
8513	8513	2	0.0
8445	8445	2	0.0
8524	8535	2	0.0
8564	8564	2	0.0
8536	8536	2	0.0
8524	8536	2	0.0
8513	8520	2	0.0
8577	8577	2	0.0
8521	8528	2	0.0
8536	8524	2	0.0
8487	8487	2	0.0
8531	8531	2	0.0
8561	8561	2	0.0
8435	8435	2	0.0
8530	8530	2	0.0
8516	8509	2	0.0
8544	8544	2	0.0
8405	8405	2	0.0
8521	8529	2	0.0
8536	8525	2	0.0
8466	8466	2	0.0
8573	8573	2	0.0
8504	8493	2	0.0
8527	8527	2	0.0
8485	8485	2	0.0
8536	8526	2	0.0
8521	8530	2	0.0
8504	8494	2	0.0
8563	8563	2	0.0
8516	8516	2	0.0
8591	8591	2	0.0
8436	8428	2	0.0
8514	8514	2	0.0
8469	8469	2	0.0
8416	8412	2	0.0
8466	8472	2	0.0
8504	8495	2	0.0
8537	8527	2	0.0
8445	8456	2	0.0
8477	8471	2	0.0
8405	8411	2	0.0
8600	8600	2	0.0
8436	8429	2	0.0
8541	8541	2	0.0
8443	8453	2	0.0
8426	8426	2	0.0
8405	8412	2	0.0
8445	8457	2	0.0
8462	8462	2	0.0
8443	8454	2	0.0
8405	8413	2	0.0
8494	8494	2	0.0
8449	8442	2	0.0
8524	8524	2	0.0
8574	8574	2	0.0
8604	8604	2	0.0
8614	8614	2	0.0
8591	8599	2	0.0
8443	8455	2	0.0
8596	8596	2	0.0
8408	8406	2	0.0
8426	8431	2	0.0
8485	8492	2	0.0
8545	8538	2	0.0
8527	8537	2	0.0
8601	8601	2	0.0
8477	8477	2	0.0
8436	8436	2	0.0
8591	8600	2	0.0
8426	8432	2	0.0
8609	8609	2	0.0
8462	8471	2	0.0
8578	8570	2	0.0
8489	8483	2	0.0
8505	8505	2	0.0
8578	8571	2	0.0
8517	8509	2	0.0
8565	8565	2	0.0
8531	8522	2	0.0
8494	8502	2	0.0
8610	8610	2	0.0
8406	8406	2	0.0
8599	8591	2	0.0
8449	8449	2	0.0
8525	8525	2	0.0
8601	8607	2	0.0
8494	8503	2	0.0
8611	8611	2	0.0
8417	8412	2	0.0
8406	8408	2	0.0
8537	8537	2	0.0
8531	8523	2	0.0
8599	8592	2	0.0
8505	8510	2	0.0
8578	8578	2	0.0
8494	8504	2	0.0
8515	8507	2	0.0
8601	8608	2	0.0
8406	8409	2	0.0
8568	8568	2	0.0
8606	8606	2	0.0
8615	8606	2	0.0
8517	8517	2	0.0
8406	8410	2	0.0
8489	8489	2	0.0
8605	8598	2	0.0
8575	8575	2	0.0
8617	8606	2	0.0
8545	8545	2	0.0
8515	8508	2	0.0
8507	8507	2	0.0
8529	8529	2	0.0
8532	8532	2	0.0
8542	8542	2	0.0
8599	8599	2	0.0
8605	8599	2	0.0
8467	8473	2	0.0
8437	8437	2	0.0
8546	8539	2	0.0
8467	8474	2	0.0
8478	8478	2	0.0
8569	8569	2	0.0
8437	8443	2	0.0
8525	8534	2	0.0
8415	8412	2	0.0
8437	8444	2	0.0
8471	8461	2	0.0
8534	8524	2	0.0
8606	8615	2	0.0
8615	8615	2	0.0
8525	8535	2	0.0
8566	8566	2	0.0
8576	8576	2	0.0
8478	8484	2	0.0
8450	8442	2	0.0
8409	8406	2	0.0
8486	8492	2	0.0
8471	8462	2	0.0
8534	8525	2	0.0
8515	8515	2	0.0
8525	8536	2	0.0
8508	8508	2	0.0
8606	8616	2	0.0
8427	8433	2	0.0
8605	8605	2	0.0
8596	8602	2	0.0
8534	8526	2	0.0
8506	8506	2	0.0
8511	8511	2	0.0
8427	8434	2	0.0
8528	8521	2	0.0
8617	8617	2	0.0
8427	8435	2	0.0
8546	8546	2	0.0
8596	8603	2	0.0
8606	8617	2	0.0
8438	8438	2	0.0
8602	8602	2	0.0
8471	8471	2	0.0
8570	8570	2	0.0
8430	8424	2	0.0
8506	8511	2	0.0
8579	8579	2	0.0
8596	8604	2	0.0
8611	8602	2	0.0
8618	8618	2	0.0
8438	8443	2	0.0
8482	8482	2	0.0
8616	8606	2	0.0
8506	8512	2	0.0
8543	8543	2	0.0
8600	8591	2	0.0
8570	8578	2	0.0
8611	8603	2	0.0
8496	8496	2	0.0
8579	8586	2	0.0
8506	8513	2	0.0
8479	8479	2	0.0
8534	8534	2	0.0
8600	8592	2	0.0
8579	8587	2	0.0
8511	8520	2	0.0
8518	8510	2	0.0
8532	8522	2	0.0
8611	8604	2	0.0
8546	8541	2	0.0
8532	8523	2	0.0
8533	8533	2	0.0
8602	8609	2	0.0
8509	8509	2	0.0
8468	8473	2	0.0
8602	8610	2	0.0
8597	8597	2	0.0
8618	8626	2	0.0
8479	8485	2	0.0
8584	8584	2	0.0
8468	8474	2	0.0
8602	8611	2	0.0
8490	8484	2	0.0
8537	8528	2	0.0
8479	8486	2	0.0
8451	8442	2	0.0
8580	8580	2	0.0
8606	8600	2	0.0
8547	8547	2	0.0
8519	8510	2	0.0
8463	8463	2	0.0
8616	8616	2	0.0
8580	8586	2	0.0
8526	8526	2	0.0
8592	8592	2	0.0
8501	8501	2	0.0
8507	8514	2	0.0
8580	8587	2	0.0
8490	8490	2	0.0
8621	8621	2	0.0
8507	8515	2	0.0
8535	8524	2	0.0
8522	8522	2	0.0
8463	8472	2	0.0
8483	8483	2	0.0
8607	8607	2	0.0
8519	8519	2	0.0
8510	8505	2	0.0
8535	8525	2	0.0
8535	8526	2	0.0
8480	8480	2	0.0
8592	8599	2	0.0
8551	8551	2	0.0
8581	8581	2	0.0
8491	8484	2	0.0
8603	8603	2	0.0
8592	8600	2	0.0
8529	8521	2	0.0
8538	8538	2	0.0
8522	8531	2	0.0
8480	8485	2	0.0
8522	8532	2	0.0
8548	8548	2	0.0
8522	8533	2	0.0
8480	8486	2	0.0
8535	8535	2	0.0
8603	8609	2	0.0
8491	8491	2	0.0
8585	8585	2	0.0
8571	8571	2	0.0
8612	8605	2	0.0
8508	8514	2	0.0
8520	8511	2	0.0
8603	8610	2	0.0
8469	8473	2	0.0
8520	8512	2	0.0
8508	8515	2	0.0
8595	8595	2	0.0
8571	8578	2	0.0
8538	8544	2	0.0
8582	8582	2	0.0
8603	8611	2	0.0
8520	8513	2	0.0
8533	8522	2	0.0
8469	8474	2	0.0
8538	8545	2	0.0
8533	8523	2	0.0
8622	8622	2	0.0
8552	8552	2	0.0
8619	8619	2	0.0
8540	8540	2	0.0
8597	8602	2	0.0
8481	8481	2	0.0
8612	8612	2	0.0
8597	8603	2	0.0
8509	8516	2	0.0
8523	8523	2	0.0
8583	8583	2	0.0
8597	8604	2	0.0
8509	8517	2	0.0
8552	8558	2	0.0
8509	8518	2	0.0
8481	8485	2	0.0
8552	8559	2	0.0
8512	8506	2	0.0
8481	8486	2	0.0
8623	8623	2	0.0
8523	8531	2	0.0
8470	8475	2	0.0
8604	8609	2	0.0
8586	8579	2	0.0
8512	8512	2	0.0
8586	8580	2	0.0
8555	8555	2	0.0
8523	8532	2	0.0
8470	8476	2	0.0
8604	8610	2	0.0
8472	8463	2	0.0
8523	8533	2	0.0
8553	8553	2	0.0
8598	8598	2	0.0
8604	8611	2	0.0
8586	8586	2	0.0
8472	8464	2	0.0
8472	8465	2	0.0
8613	8605	2	0.0
8533	8524	2	0.0
8587	8579	2	0.0
8482	8487	2	0.0
8472	8466	2	0.0
8587	8580	2	0.0
8482	8488	2	0.0
8533	8525	2	0.0
8539	8539	2	0.0
8572	8572	2	0.0
8556	8556	2	0.0
8484	8478	2	0.0
8598	8605	2	0.0
8533	8526	2	0.0
8513	8506	2	0.0
8492	8485	2	0.0
8587	8587	2	0.0
8601	8593	2	0.0
8624	8624	2	0.0
8492	8486	2	0.0
8601	8594	2	0.0
8539	8546	2	0.0
8613	8613	2	0.0
8605	8612	2	0.0
8471	8477	2	0.0
8605	8613	2	0.0
8473	8467	2	0.0
8483	8489	2	0.0
8492	8492	2	0.0
8473	8468	2	0.0
8605	8614	2	0.0
8485	8479	2	0.0
8557	8557	2	0.0
8473	8469	2	0.0
8608	8601	2	0.0
8485	8480	2	0.0
8526	8534	2	0.0
8593	8593	2	0.0
8485	8481	2	0.0
8554	8554	2	0.0
8526	8535	2	0.0
8511	8506	2	0.0
8608	8608	2	0.0
8625	8625	2	0.0
8599	8605	2	0.0
8614	8605	2	0.0
8601	8595	2	0.0
8593	8601	2	0.0
8620	8620	2	0.0
8601	8596	2	0.0
8601	8597	2	0.0
8474	8467	2	0.0
8474	8468	2	0.0
8486	8479	2	0.0
8474	8469	2	0.0
8486	8480	2	0.0
8486	8481	2	0.0
8607	8601	2	0.0
8594	8594	2	0.0
8600	8606	2	0.0
8602	8595	2	0.0
8602	8596	2	0.0
8558	8552	2	0.0
8594	8601	2	0.0
8602	8597	2	0.0
8544	8538	2	0.0
8558	8558	2	0.0
8559	8552	2	0.0
8609	8602	2	0.0
8609	8603	2	0.0
8603	8595	2	0.0
8609	8604	2	0.0
8559	8559	2	0.0
8603	8596	2	0.0
8560	8560	2	0.0
8603	8597	2	0.0
8626	8618	2	0.0
8604	8595	2	0.0
8595	8602	2	0.0
8626	8626	2	0.0
8604	8596	2	0.0
8595	8603	2	0.0
8604	8597	2	0.0
8610	8602	2	0.0
8595	8604	2	0.0
8543	8538	2	0.0
8610	8603	2	0.0
8610	8604	2	0.0
8244	8249	1	0.0
8263	8266	1	0.0
8244	8250	1	0.0
8244	8251	1	0.0
8269	8279	1	0.0
8269	8280	1	0.0
8272	8279	1	0.0
8275	8286	1	0.0
8269	8281	1	0.0
8269	8282	1	0.0
8272	8280	1	0.0
8272	8281	1	0.0
8272	8282	1	0.0
8274	8283	1	0.0
8281	8287	1	0.0
8278	8286	1	0.0
8274	8284	1	0.0
8270	8279	1	0.0
8281	8288	1	0.0
8274	8285	1	0.0
8270	8280	1	0.0
8270	8281	1	0.0
8270	8282	1	0.0
8289	8296	1	0.0
8363	8370	1	0.0
8289	8297	1	0.0
8363	8371	1	0.0
8289	8298	1	0.0
8296	8303	1	0.0
8271	8279	1	0.0
8374	8382	1	0.0
8271	8280	1	0.0
8368	8374	1	0.0
8271	8281	1	0.0
8374	8383	1	0.0
8271	8282	1	0.0
8252	8257	1	0.0
8290	8296	1	0.0
8290	8297	1	0.0
8290	8298	1	0.0
8279	8287	1	0.0
8297	8303	1	0.0
8279	8288	1	0.0
8376	8384	1	0.0
8282	8287	1	0.0
8376	8385	1	0.0
8282	8288	1	0.0
8397	8403	1	0.0
8376	8386	1	0.0
8291	8296	1	0.0
8291	8297	1	0.0
8410	8417	1	0.0
8291	8298	1	0.0
8381	8387	1	0.0
8298	8303	1	0.0
8276	8286	1	0.0
8369	8374	1	0.0
8273	8283	1	0.0
8410	8415	1	0.0
8377	8384	1	0.0
8441	8445	1	0.0
8427	8431	1	0.0
8398	8404	1	0.0
8292	8296	1	0.0
8410	8416	1	0.0
8273	8284	1	0.0
8446	8457	1	0.0
8427	8432	1	0.0
8292	8297	1	0.0
8332	8336	1	0.0
8377	8385	1	0.0
8332	8337	1	0.0
8292	8298	1	0.0
8273	8285	1	0.0
8332	8338	1	0.0
8442	8446	1	0.0
8377	8386	1	0.0
8333	8336	1	0.0
8333	8337	1	0.0
8446	8456	1	0.0
8412	8415	1	0.0
8412	8416	1	0.0
8333	8338	1	0.0
8442	8447	1	0.0
8364	8372	1	0.0
8412	8417	1	0.0
8451	8458	1	0.0
8442	8448	1	0.0
8428	8433	1	0.0
8364	8373	1	0.0
8451	8459	1	0.0
8428	8434	1	0.0
8451	8460	1	0.0
8299	8304	1	0.0
8280	8287	1	0.0
8428	8435	1	0.0
8280	8288	1	0.0
8334	8339	1	0.0
8399	8404	1	0.0
8370	8375	1	0.0
8293	8299	1	0.0
8370	8376	1	0.0
8293	8300	1	0.0
8429	8433	1	0.0
8370	8377	1	0.0
8365	8372	1	0.0
8370	8378	1	0.0
8429	8434	1	0.0
8365	8373	1	0.0
8452	8458	1	0.0
8429	8435	1	0.0
8452	8459	1	0.0
8452	8460	1	0.0
8496	8503	1	0.0
8443	8449	1	0.0
8485	8490	1	0.0
8468	8472	1	0.0
8496	8504	1	0.0
8485	8491	1	0.0
8443	8450	1	0.0
8300	8304	1	0.0
8447	8456	1	0.0
8294	8299	1	0.0
8443	8451	1	0.0
8378	8384	1	0.0
8447	8457	1	0.0
8449	8458	1	0.0
8505	8509	1	0.0
8294	8300	1	0.0
8443	8452	1	0.0
8378	8385	1	0.0
8366	8372	1	0.0
8449	8459	1	0.0
8277	8286	1	0.0
8366	8373	1	0.0
8430	8436	1	0.0
8496	8502	1	0.0
8449	8460	1	0.0
8378	8386	1	0.0
8513	8519	1	0.0
8506	8510	1	0.0
8375	8384	1	0.0
8469	8472	1	0.0
8444	8449	1	0.0
8375	8385	1	0.0
8486	8490	1	0.0
8444	8450	1	0.0
8463	8471	1	0.0
8523	8528	1	0.0
8371	8375	1	0.0
8375	8386	1	0.0
8486	8491	1	0.0
8295	8301	1	0.0
8343	8348	1	0.0
8444	8451	1	0.0
8523	8529	1	0.0
8371	8376	1	0.0
8295	8302	1	0.0
8523	8530	1	0.0
8444	8452	1	0.0
8371	8377	1	0.0
8371	8378	1	0.0
8470	8473	1	0.0
8367	8372	1	0.0
8470	8474	1	0.0
8507	8511	1	0.0
8301	8305	1	0.0
8367	8373	1	0.0
8507	8512	1	0.0
8507	8513	1	0.0
8514	8520	1	0.0
8471	8475	1	0.0
8445	8453	1	0.0
8302	8305	1	0.0
8508	8511	1	0.0
8471	8476	1	0.0
8445	8454	1	0.0
8570	8577	1	0.0
8508	8512	1	0.0
8487	8492	1	0.0
8445	8455	1	0.0
8508	8513	1	0.0
8581	8586	1	0.0
8303	8306	1	0.0
8515	8520	1	0.0
8581	8587	1	0.0
8571	8577	1	0.0
8405	8409	1	0.0
8509	8514	1	0.0
8372	8379	1	0.0
8464	8471	1	0.0
8405	8410	1	0.0
8509	8515	1	0.0
8528	8537	1	0.0
8488	8492	1	0.0
8304	8307	1	0.0
8372	8380	1	0.0
8472	8477	1	0.0
8372	8381	1	0.0
8450	8458	1	0.0
8582	8586	1	0.0
8582	8587	1	0.0
8448	8456	1	0.0
8305	8308	1	0.0
8450	8459	1	0.0
8595	8601	1	0.0
8407	8411	1	0.0
8448	8457	1	0.0
8305	8309	1	0.0
8510	8516	1	0.0
8450	8460	1	0.0
8407	8412	1	0.0
8510	8517	1	0.0
8618	8623	1	0.0
8407	8413	1	0.0
8510	8518	1	0.0
8618	8624	1	0.0
8249	8249	1	0.0
8583	8586	1	0.0
8596	8601	1	0.0
8618	8625	1	0.0
8373	8379	1	0.0
8424	8428	1	0.0
8306	8310	1	0.0
8390	8395	1	0.0
8583	8587	1	0.0
8373	8380	1	0.0
8424	8429	1	0.0
8607	8615	1	0.0
8572	8578	1	0.0
8262	8262	1	0.0
8373	8381	1	0.0
8245	8245	1	0.0
8552	8556	1	0.0
8607	8616	1	0.0
8461	8470	1	0.0
8263	8263	1	0.0
8607	8617	1	0.0
8597	8601	1	0.0
8552	8557	1	0.0
8529	8537	1	0.0
8408	8414	1	0.0
8271	8271	1	0.0
8524	8531	1	0.0
8465	8471	1	0.0
8524	8532	1	0.0
8265	8265	1	0.0
8524	8533	1	0.0
8264	8264	1	0.0
8272	8283	1	0.0
8392	8396	1	0.0
8619	8626	1	0.0
8266	8266	1	0.0
8250	8250	1	0.0
8270	8283	1	0.0
8272	8284	1	0.0
8379	8387	1	0.0
8425	8430	1	0.0
8279	8271	1	0.0
8284	8284	1	0.0
8269	8269	1	0.0
8270	8284	1	0.0
8272	8285	1	0.0
8525	8531	1	0.0
8284	8271	1	0.0
8553	8558	1	0.0
8274	8286	1	0.0
8270	8285	1	0.0
8279	8272	1	0.0
8525	8532	1	0.0
8391	8396	1	0.0
8271	8283	1	0.0
8287	8277	1	0.0
8598	8602	1	0.0
8284	8272	1	0.0
8275	8275	1	0.0
8553	8559	1	0.0
8525	8533	1	0.0
8598	8603	1	0.0
8287	8278	1	0.0
8271	8284	1	0.0
8426	8430	1	0.0
8279	8279	1	0.0
8598	8604	1	0.0
8271	8285	1	0.0
8292	8299	1	0.0
8300	8300	1	0.0
8573	8578	1	0.0
8393	8396	1	0.0
8554	8558	1	0.0
8478	8483	1	0.0
8296	8296	1	0.0
8591	8598	1	0.0
8292	8300	1	0.0
8554	8559	1	0.0
8287	8287	1	0.0
8409	8415	1	0.0
8275	8287	1	0.0
8277	8277	1	0.0
8409	8416	1	0.0
8304	8304	1	0.0
8275	8288	1	0.0
8526	8531	1	0.0
8409	8417	1	0.0
8285	8269	1	0.0
8526	8532	1	0.0
8599	8602	1	0.0
8251	8251	1	0.0
8276	8276	1	0.0
8295	8295	1	0.0
8462	8470	1	0.0
8620	8626	1	0.0
8530	8537	1	0.0
8493	8501	1	0.0
8365	8365	1	0.0
8285	8270	1	0.0
8599	8603	1	0.0
8526	8533	1	0.0
8466	8471	1	0.0
8302	8302	1	0.0
8269	8283	1	0.0
8608	8615	1	0.0
8293	8293	1	0.0
8296	8304	1	0.0
8270	8270	1	0.0
8288	8275	1	0.0
8274	8274	1	0.0
8285	8271	1	0.0
8437	8442	1	0.0
8599	8604	1	0.0
8373	8373	1	0.0
8337	8337	1	0.0
8246	8246	1	0.0
8269	8284	1	0.0
8608	8616	1	0.0
8272	8272	1	0.0
8288	8276	1	0.0
8301	8293	1	0.0
8285	8272	1	0.0
8288	8277	1	0.0
8608	8617	1	0.0
8373	8383	1	0.0
8592	8598	1	0.0
8369	8369	1	0.0
8302	8306	1	0.0
8269	8285	1	0.0
8288	8278	1	0.0
8378	8368	1	0.0
8278	8278	1	0.0
8301	8294	1	0.0
8558	8553	1	0.0
8334	8334	1	0.0
8304	8296	1	0.0
8378	8369	1	0.0
8372	8382	1	0.0
8494	8501	1	0.0
8558	8554	1	0.0
8365	8374	1	0.0
8331	8331	1	0.0
8304	8297	1	0.0
8369	8375	1	0.0
8278	8287	1	0.0
8372	8383	1	0.0
8538	8542	1	0.0
8293	8301	1	0.0
8600	8605	1	0.0
8376	8387	1	0.0
8304	8298	1	0.0
8278	8288	1	0.0
8438	8442	1	0.0
8369	8376	1	0.0
8538	8543	1	0.0
8288	8288	1	0.0
8380	8387	1	0.0
8293	8302	1	0.0
8376	8368	1	0.0
8277	8287	1	0.0
8382	8372	1	0.0
8369	8377	1	0.0
8511	8519	1	0.0
8521	8527	1	0.0
8301	8301	1	0.0
8325	8325	1	0.0
8376	8369	1	0.0
8277	8288	1	0.0
8369	8378	1	0.0
8479	8484	1	0.0
8382	8373	1	0.0
8495	8501	1	0.0
8384	8384	1	0.0
8527	8534	1	0.0
8372	8363	1	0.0
8283	8269	1	0.0
8386	8386	1	0.0
8338	8338	1	0.0
8601	8606	1	0.0
8303	8303	1	0.0
8370	8370	1	0.0
8527	8535	1	0.0
8395	8395	1	0.0
8283	8270	1	0.0
8335	8335	1	0.0
8539	8544	1	0.0
8378	8378	1	0.0
8480	8484	1	0.0
8527	8536	1	0.0
8287	8275	1	0.0
8379	8379	1	0.0
8283	8271	1	0.0
8372	8372	1	0.0
8407	8407	1	0.0
8593	8599	1	0.0
8339	8332	1	0.0
8283	8272	1	0.0
8285	8285	1	0.0
8303	8307	1	0.0
8374	8374	1	0.0
8280	8280	1	0.0
8302	8293	1	0.0
8287	8276	1	0.0
8376	8376	1	0.0
8539	8545	1	0.0
8330	8330	1	0.0
8393	8393	1	0.0
8593	8600	1	0.0
8339	8333	1	0.0
8382	8382	1	0.0
8439	8443	1	0.0
8305	8299	1	0.0
8481	8484	1	0.0
8302	8294	1	0.0
8439	8444	1	0.0
8305	8300	1	0.0
8395	8390	1	0.0
8428	8436	1	0.0
8414	8408	1	0.0
8385	8374	1	0.0
8273	8273	1	0.0
8512	8519	1	0.0
8432	8425	1	0.0
8407	8414	1	0.0
8386	8375	1	0.0
8305	8305	1	0.0
8414	8414	1	0.0
8438	8444	1	0.0
8432	8426	1	0.0
8410	8406	1	0.0
8339	8339	1	0.0
8386	8376	1	0.0
8522	8528	1	0.0
8374	8384	1	0.0
8394	8394	1	0.0
8440	8443	1	0.0
8343	8343	1	0.0
8283	8283	1	0.0
8386	8377	1	0.0
8522	8529	1	0.0
8374	8385	1	0.0
8276	8287	1	0.0
8413	8413	1	0.0
8396	8390	1	0.0
8440	8444	1	0.0
8482	8485	1	0.0
8386	8378	1	0.0
8304	8308	1	0.0
8522	8530	1	0.0
8452	8442	1	0.0
8276	8288	1	0.0
8374	8386	1	0.0
8373	8363	1	0.0
8441	8441	1	0.0
8444	8444	1	0.0
8482	8486	1	0.0
8304	8309	1	0.0
8297	8297	1	0.0
8432	8432	1	0.0
8410	8410	1	0.0
8396	8396	1	0.0
8416	8408	1	0.0
8379	8370	1	0.0
8439	8439	1	0.0
8306	8301	1	0.0
8385	8385	1	0.0
8428	8428	1	0.0
8408	8408	1	0.0
8273	8286	1	0.0
8379	8371	1	0.0
8397	8397	1	0.0
8306	8302	1	0.0
8383	8372	1	0.0
8467	8472	1	0.0
8377	8368	1	0.0
8345	8345	1	0.0
8371	8371	1	0.0
8383	8373	1	0.0
8286	8273	1	0.0
8297	8304	1	0.0
8483	8487	1	0.0
8540	8546	1	0.0
8377	8369	1	0.0
8602	8607	1	0.0
8306	8306	1	0.0
8458	8446	1	0.0
8416	8416	1	0.0
8439	8445	1	0.0
8286	8274	1	0.0
8457	8445	1	0.0
8397	8404	1	0.0
8483	8488	1	0.0
8602	8608	1	0.0
8408	8415	1	0.0
8444	8453	1	0.0
8458	8447	1	0.0
8387	8375	1	0.0
8286	8277	1	0.0
8474	8474	1	0.0
8408	8416	1	0.0
8459	8459	1	0.0
8458	8448	1	0.0
8444	8454	1	0.0
8454	8454	1	0.0
8387	8376	1	0.0
8452	8452	1	0.0
8470	8470	1	0.0
8486	8486	1	0.0
8594	8599	1	0.0
8366	8366	1	0.0
8472	8472	1	0.0
8444	8455	1	0.0
8408	8417	1	0.0
8281	8281	1	0.0
8442	8442	1	0.0
8495	8495	1	0.0
8493	8502	1	0.0
8326	8326	1	0.0
8387	8377	1	0.0
8446	8446	1	0.0
8431	8425	1	0.0
8305	8310	1	0.0
8484	8484	1	0.0
8400	8400	1	0.0
8417	8408	1	0.0
8594	8600	1	0.0
8603	8607	1	0.0
8411	8405	1	0.0
8448	8441	1	0.0
8493	8503	1	0.0
8387	8378	1	0.0
8252	8252	1	0.0
8464	8464	1	0.0
8284	8269	1	0.0
8431	8426	1	0.0
8484	8489	1	0.0
8307	8303	1	0.0
8377	8377	1	0.0
8447	8447	1	0.0
8386	8374	1	0.0
8603	8608	1	0.0
8440	8440	1	0.0
8493	8504	1	0.0
8284	8270	1	0.0
8475	8470	1	0.0
8455	8455	1	0.0
8579	8585	1	0.0
8370	8379	1	0.0
8383	8383	1	0.0
8484	8490	1	0.0
8510	8510	1	0.0
8541	8546	1	0.0
8346	8346	1	0.0
8370	8380	1	0.0
8298	8298	1	0.0
8458	8458	1	0.0
8431	8431	1	0.0
8495	8502	1	0.0
8484	8491	1	0.0
8512	8520	1	0.0
8307	8307	1	0.0
8460	8446	1	0.0
8366	8374	1	0.0
8500	8500	1	0.0
8464	8472	1	0.0
8370	8381	1	0.0
8520	8514	1	0.0
8604	8607	1	0.0
8387	8387	1	0.0
8457	8457	1	0.0
8604	8608	1	0.0
8374	8364	1	0.0
8495	8503	1	0.0
8488	8482	1	0.0
8374	8365	1	0.0
8448	8448	1	0.0
8518	8509	1	0.0
8447	8458	1	0.0
8286	8286	1	0.0
8460	8447	1	0.0
8504	8504	1	0.0
8446	8458	1	0.0
8498	8498	1	0.0
8411	8411	1	0.0
8526	8536	1	0.0
8440	8445	1	0.0
8495	8504	1	0.0
8417	8417	1	0.0
8475	8475	1	0.0
8520	8520	1	0.0
8447	8459	1	0.0
8256	8256	1	0.0
8374	8366	1	0.0
8453	8453	1	0.0
8460	8448	1	0.0
8503	8493	1	0.0
8429	8429	1	0.0
8446	8459	1	0.0
8294	8294	1	0.0
8528	8528	1	0.0
8450	8450	1	0.0
8530	8521	1	0.0
8521	8521	1	0.0
8510	8519	1	0.0
8380	8380	1	0.0
8374	8367	1	0.0
8446	8460	1	0.0
8503	8494	1	0.0
8447	8460	1	0.0
8493	8493	1	0.0
8308	8304	1	0.0
8524	8534	1	0.0
8514	8507	1	0.0
8380	8370	1	0.0
8503	8495	1	0.0
8497	8497	1	0.0
8453	8443	1	0.0
8524	8535	1	0.0
8455	8443	1	0.0
8514	8508	1	0.0
8380	8371	1	0.0
8401	8401	1	0.0
8459	8446	1	0.0
8347	8347	1	0.0
8564	8564	1	0.0
8453	8444	1	0.0
8488	8488	1	0.0
8580	8585	1	0.0
8605	8609	1	0.0
8536	8524	1	0.0
8524	8536	1	0.0
8308	8308	1	0.0
8536	8536	1	0.0
8455	8444	1	0.0
8415	8408	1	0.0
8521	8528	1	0.0
8459	8447	1	0.0
8429	8436	1	0.0
8518	8518	1	0.0
8544	8544	1	0.0
8294	8301	1	0.0
8577	8577	1	0.0
8344	8344	1	0.0
8476	8470	1	0.0
8605	8610	1	0.0
8377	8387	1	0.0
8384	8374	1	0.0
8531	8531	1	0.0
8536	8525	1	0.0
8530	8530	1	0.0
8521	8529	1	0.0
8412	8405	1	0.0
8503	8503	1	0.0
8459	8448	1	0.0
8289	8289	1	0.0
8294	8302	1	0.0
8502	8493	1	0.0
8561	8561	1	0.0
8460	8460	1	0.0
8605	8611	1	0.0
8441	8446	1	0.0
8536	8526	1	0.0
8527	8527	1	0.0
8521	8530	1	0.0
8254	8254	1	0.0
8591	8591	1	0.0
8456	8445	1	0.0
8502	8494	1	0.0
8415	8415	1	0.0
8461	8461	1	0.0
8465	8465	1	0.0
8600	8600	1	0.0
8441	8447	1	0.0
8514	8514	1	0.0
8573	8573	1	0.0
8541	8541	1	0.0
8513	8513	1	0.0
8502	8495	1	0.0
8441	8448	1	0.0
8309	8304	1	0.0
8537	8527	1	0.0
8563	8563	1	0.0
8244	8244	1	0.0
8596	8596	1	0.0
8476	8476	1	0.0
8443	8437	1	0.0
8418	8418	1	0.0
8545	8538	1	0.0
8412	8412	1	0.0
8604	8604	1	0.0
8614	8614	1	0.0
8465	8472	1	0.0
8524	8524	1	0.0
8487	8482	1	0.0
8282	8282	1	0.0
8443	8438	1	0.0
8348	8348	1	0.0
8601	8601	1	0.0
8504	8493	1	0.0
8591	8599	1	0.0
8461	8471	1	0.0
8473	8473	1	0.0
8606	8612	1	0.0
8513	8520	1	0.0
8609	8609	1	0.0
8402	8402	1	0.0
8502	8502	1	0.0
8504	8494	1	0.0
8527	8537	1	0.0
8309	8309	1	0.0
8289	8299	1	0.0
8456	8456	1	0.0
8359	8359	1	0.0
8398	8398	1	0.0
8371	8379	1	0.0
8591	8600	1	0.0
8606	8613	1	0.0
8387	8379	1	0.0
8443	8443	1	0.0
8446	8441	1	0.0
8504	8495	1	0.0
8610	8610	1	0.0
8516	8509	1	0.0
8476	8471	1	0.0
8525	8525	1	0.0
8531	8522	1	0.0
8387	8380	1	0.0
8601	8607	1	0.0
8606	8614	1	0.0
8289	8300	1	0.0
8371	8380	1	0.0
8499	8499	1	0.0
8298	8304	1	0.0
8599	8591	1	0.0
8387	8381	1	0.0
8537	8537	1	0.0
8487	8487	1	0.0
8531	8523	1	0.0
8601	8608	1	0.0
8327	8327	1	0.0
8422	8422	1	0.0
8371	8381	1	0.0
8606	8606	1	0.0
8310	8305	1	0.0
8574	8574	1	0.0
8255	8255	1	0.0
8599	8592	1	0.0
8565	8565	1	0.0
8515	8507	1	0.0
8605	8598	1	0.0
8367	8367	1	0.0
8611	8611	1	0.0
8467	8467	1	0.0
8545	8545	1	0.0
8516	8516	1	0.0
8529	8529	1	0.0
8485	8485	1	0.0
8532	8532	1	0.0
8615	8606	1	0.0
8605	8599	1	0.0
8362	8362	1	0.0
8248	8248	1	0.0
8515	8508	1	0.0
8253	8253	1	0.0
8617	8606	1	0.0
8542	8542	1	0.0
8578	8570	1	0.0
8363	8363	1	0.0
8413	8405	1	0.0
8505	8505	1	0.0
8310	8310	1	0.0
8381	8370	1	0.0
8466	8466	1	0.0
8599	8599	1	0.0
8578	8571	1	0.0
8367	8374	1	0.0
8546	8539	1	0.0
8373	8382	1	0.0
8403	8403	1	0.0
8477	8471	1	0.0
8444	8437	1	0.0
8390	8390	1	0.0
8381	8371	1	0.0
8454	8443	1	0.0
8485	8492	1	0.0
8525	8534	1	0.0
8606	8615	1	0.0
8568	8568	1	0.0
8534	8524	1	0.0
8466	8472	1	0.0
8454	8444	1	0.0
8257	8257	1	0.0
8444	8438	1	0.0
8489	8483	1	0.0
8505	8510	1	0.0
8525	8535	1	0.0
8290	8290	1	0.0
8399	8399	1	0.0
8606	8616	1	0.0
8423	8423	1	0.0
8430	8430	1	0.0
8605	8605	1	0.0
8375	8368	1	0.0
8258	8258	1	0.0
8534	8525	1	0.0
8310	8306	1	0.0
8525	8536	1	0.0
8578	8578	1	0.0
8424	8424	1	0.0
8606	8617	1	0.0
8615	8615	1	0.0
8363	8372	1	0.0
8602	8602	1	0.0
8375	8369	1	0.0
8534	8526	1	0.0
8477	8477	1	0.0
8617	8617	1	0.0
8515	8515	1	0.0
8507	8507	1	0.0
8528	8521	1	0.0
8546	8546	1	0.0
8448	8458	1	0.0
8611	8602	1	0.0
8363	8373	1	0.0
8511	8511	1	0.0
8392	8392	1	0.0
8575	8575	1	0.0
8489	8489	1	0.0
8596	8602	1	0.0
8247	8247	1	0.0
8323	8323	1	0.0
8433	8427	1	0.0
8448	8459	1	0.0
8375	8375	1	0.0
8424	8430	1	0.0
8409	8409	1	0.0
8517	8509	1	0.0
8611	8603	1	0.0
8596	8603	1	0.0
8261	8261	1	0.0
8290	8299	1	0.0
8448	8460	1	0.0
8596	8604	1	0.0
8433	8433	1	0.0
8290	8300	1	0.0
8534	8534	1	0.0
8616	8606	1	0.0
8381	8381	1	0.0
8600	8591	1	0.0
8543	8543	1	0.0
8569	8569	1	0.0
8602	8609	1	0.0
8447	8441	1	0.0
8467	8473	1	0.0
8427	8427	1	0.0
8486	8492	1	0.0
8611	8604	1	0.0
8468	8468	1	0.0
8442	8449	1	0.0
8600	8592	1	0.0
8533	8533	1	0.0
8467	8474	1	0.0
8478	8478	1	0.0
8494	8494	1	0.0
8602	8610	1	0.0
8442	8450	1	0.0
8532	8522	1	0.0
8566	8566	1	0.0
8546	8541	1	0.0
8511	8520	1	0.0
8368	8368	1	0.0
8434	8427	1	0.0
8332	8332	1	0.0
8442	8451	1	0.0
8602	8611	1	0.0
8404	8397	1	0.0
8532	8523	1	0.0
8618	8618	1	0.0
8451	8451	1	0.0
8442	8452	1	0.0
8517	8517	1	0.0
8508	8508	1	0.0
8537	8528	1	0.0
8259	8259	1	0.0
8445	8439	1	0.0
8478	8484	1	0.0
8494	8502	1	0.0
8606	8600	1	0.0
8445	8445	1	0.0
8506	8506	1	0.0
8414	8407	1	0.0
8375	8387	1	0.0
8445	8440	1	0.0
8390	8396	1	0.0
8471	8461	1	0.0
8616	8616	1	0.0
8494	8503	1	0.0
8425	8425	1	0.0
8291	8291	1	0.0
8299	8299	1	0.0
8576	8576	1	0.0
8404	8404	1	0.0
8494	8504	1	0.0
8434	8434	1	0.0
8535	8524	1	0.0
8471	8462	1	0.0
8597	8597	1	0.0
8570	8570	1	0.0
8490	8484	1	0.0
8332	8339	1	0.0
8506	8511	1	0.0
8526	8526	1	0.0
8535	8525	1	0.0
8547	8547	1	0.0
8506	8512	1	0.0
8522	8522	1	0.0
8299	8305	1	0.0
8618	8626	1	0.0
8482	8482	1	0.0
8425	8431	1	0.0
8490	8490	1	0.0
8535	8526	1	0.0
8471	8471	1	0.0
8592	8592	1	0.0
8570	8578	1	0.0
8506	8513	1	0.0
8303	8295	1	0.0
8607	8607	1	0.0
8435	8427	1	0.0
8479	8479	1	0.0
8445	8456	1	0.0
8291	8299	1	0.0
8425	8432	1	0.0
8603	8603	1	0.0
8279	8269	1	0.0
8391	8391	1	0.0
8291	8300	1	0.0
8445	8457	1	0.0
8279	8270	1	0.0
8538	8538	1	0.0
8621	8621	1	0.0
8469	8469	1	0.0
8491	8484	1	0.0
8479	8485	1	0.0
8509	8509	1	0.0
8592	8599	1	0.0
8479	8486	1	0.0
8529	8521	1	0.0
8378	8387	1	0.0
8333	8333	1	0.0
8462	8462	1	0.0
8551	8551	1	0.0
8579	8579	1	0.0
8468	8473	1	0.0
8435	8435	1	0.0
8592	8600	1	0.0
8491	8491	1	0.0
8468	8474	1	0.0
8496	8496	1	0.0
8483	8483	1	0.0
8538	8544	1	0.0
8295	8303	1	0.0
8449	8442	1	0.0
8522	8531	1	0.0
8299	8289	1	0.0
8324	8324	1	0.0
8548	8548	1	0.0
8522	8532	1	0.0
8603	8609	1	0.0
8462	8471	1	0.0
8368	8375	1	0.0
8538	8545	1	0.0
8579	8586	1	0.0
8612	8605	1	0.0
8443	8453	1	0.0
8535	8535	1	0.0
8299	8290	1	0.0
8333	8339	1	0.0
8436	8428	1	0.0
8480	8480	1	0.0
8507	8514	1	0.0
8522	8533	1	0.0
8368	8376	1	0.0
8603	8610	1	0.0
8579	8587	1	0.0
8299	8291	1	0.0
8443	8454	1	0.0
8595	8595	1	0.0
8436	8429	1	0.0
8507	8515	1	0.0
8368	8377	1	0.0
8603	8611	1	0.0
8299	8292	1	0.0
8449	8449	1	0.0
8443	8455	1	0.0
8405	8405	1	0.0
8510	8505	1	0.0
8540	8540	1	0.0
8364	8364	1	0.0
8300	8305	1	0.0
8533	8522	1	0.0
8368	8378	1	0.0
8292	8292	1	0.0
8480	8485	1	0.0
8622	8622	1	0.0
8533	8523	1	0.0
8480	8486	1	0.0
8619	8619	1	0.0
8552	8552	1	0.0
8501	8501	1	0.0
8405	8411	1	0.0
8426	8426	1	0.0
8405	8412	1	0.0
8436	8436	1	0.0
8584	8584	1	0.0
8612	8612	1	0.0
8405	8413	1	0.0
8336	8336	1	0.0
8426	8431	1	0.0
8523	8523	1	0.0
8416	8412	1	0.0
8408	8406	1	0.0
8469	8473	1	0.0
8364	8374	1	0.0
8518	8510	1	0.0
8426	8432	1	0.0
8580	8580	1	0.0
8469	8474	1	0.0
8552	8558	1	0.0
8481	8481	1	0.0
8406	8406	1	0.0
8623	8623	1	0.0
8300	8289	1	0.0
8450	8442	1	0.0
8406	8408	1	0.0
8552	8559	1	0.0
8597	8602	1	0.0
8481	8485	1	0.0
8301	8306	1	0.0
8523	8531	1	0.0
8508	8514	1	0.0
8580	8586	1	0.0
8300	8290	1	0.0
8406	8409	1	0.0
8492	8485	1	0.0
8481	8486	1	0.0
8300	8291	1	0.0
8597	8603	1	0.0
8508	8515	1	0.0
8492	8486	1	0.0
8300	8292	1	0.0
8580	8587	1	0.0
8523	8532	1	0.0
8437	8437	1	0.0
8597	8604	1	0.0
8406	8410	1	0.0
8533	8524	1	0.0
8604	8609	1	0.0
8539	8539	1	0.0
8417	8412	1	0.0
8523	8533	1	0.0
8613	8605	1	0.0
8555	8555	1	0.0
8492	8492	1	0.0
8533	8525	1	0.0
8437	8443	1	0.0
8604	8610	1	0.0
8437	8444	1	0.0
8519	8510	1	0.0
8553	8553	1	0.0
8482	8487	1	0.0
8533	8526	1	0.0
8604	8611	1	0.0
8482	8488	1	0.0
8624	8624	1	0.0
8484	8478	1	0.0
8512	8512	1	0.0
8539	8546	1	0.0
8470	8475	1	0.0
8581	8581	1	0.0
8470	8476	1	0.0
8509	8516	1	0.0
8472	8463	1	0.0
8509	8517	1	0.0
8409	8406	1	0.0
8438	8438	1	0.0
8427	8433	1	0.0
8472	8464	1	0.0
8571	8571	1	0.0
8509	8518	1	0.0
8613	8613	1	0.0
8556	8556	1	0.0
8427	8434	1	0.0
8519	8519	1	0.0
8598	8598	1	0.0
8472	8465	1	0.0
8415	8412	1	0.0
8438	8443	1	0.0
8427	8435	1	0.0
8512	8506	1	0.0
8472	8466	1	0.0
8571	8578	1	0.0
8430	8424	1	0.0
8483	8489	1	0.0
8451	8442	1	0.0
8485	8479	1	0.0
8485	8480	1	0.0
8485	8481	1	0.0
8585	8585	1	0.0
8625	8625	1	0.0
8526	8534	1	0.0
8598	8605	1	0.0
8620	8620	1	0.0
8605	8612	1	0.0
8593	8593	1	0.0
8463	8463	1	0.0
8582	8582	1	0.0
8526	8535	1	0.0
8601	8593	1	0.0
8471	8477	1	0.0
8614	8605	1	0.0
8557	8557	1	0.0
8605	8613	1	0.0
8473	8467	1	0.0
8601	8594	1	0.0
8605	8614	1	0.0
8463	8472	1	0.0
8473	8468	1	0.0
8513	8506	1	0.0
8486	8479	1	0.0
8473	8469	1	0.0
8554	8554	1	0.0
8608	8601	1	0.0
8486	8480	1	0.0
8593	8601	1	0.0
8486	8481	1	0.0
8520	8511	1	0.0
8520	8512	1	0.0
8544	8538	1	0.0
8608	8608	1	0.0
8520	8513	1	0.0
8474	8467	1	0.0
8583	8583	1	0.0
8474	8468	1	0.0
8594	8594	1	0.0
8599	8605	1	0.0
8511	8506	1	0.0
8474	8469	1	0.0
8601	8595	1	0.0
8601	8596	1	0.0
8594	8601	1	0.0
8601	8597	1	0.0
8607	8601	1	0.0
8626	8618	1	0.0
8586	8579	1	0.0
8586	8580	1	0.0
8558	8552	1	0.0
8586	8586	1	0.0
8626	8626	1	0.0
8600	8606	1	0.0
8558	8558	1	0.0
8602	8595	1	0.0
8587	8579	1	0.0
8572	8572	1	0.0
8543	8538	1	0.0
8587	8580	1	0.0
8602	8596	1	0.0
8559	8552	1	0.0
8602	8597	1	0.0
8587	8587	1	0.0
8595	8602	1	0.0
8559	8559	1	0.0
8595	8603	1	0.0
8560	8560	1	0.0
8595	8604	1	0.0
8609	8602	1	0.0
8603	8595	1	0.0
8609	8603	1	0.0
8609	8604	1	0.0
8603	8596	1	0.0
8603	8597	1	0.0
8604	8595	1	0.0
8604	8596	1	0.0
8604	8597	1	0.0
8610	8602	1	0.0
8610	8603	1	0.0
8610	8604	1	0.0
