1183	1184	0	0.007423452
1183	1184	1	0.9493033
1183	1184	2	0.013271468
1183	1184	3	0.022249434
1183	1184	4	0.0077523966
1183	1185	0	0.83997804
1183	1185	1	0.021216825
1183	1185	2	0.014995743
1183	1185	3	0.110224396
1183	1185	4	0.0135849975
1184	1185	0	0.953579
1184	1185	1	0.0027806603
1184	1185	2	0.00789859
1184	1185	3	0.028307768
1184	1185	4	0.00743392
1183	1186	0	0.17310594
1183	1186	1	0.58656436
1183	1186	2	0.04672462
1183	1186	3	0.17224962
1183	1186	4	0.021355473
1183	1187	0	0.29205734
1183	1187	1	0.51942044
1183	1187	2	0.068288654
1183	1187	3	0.096491784
1183	1187	4	0.02374179
1183	1188	0	0.02049107
1183	1188	1	0.9319999
1183	1188	2	0.021007676
1183	1188	3	0.01845926
1183	1188	4	0.008042061
1183	1189	0	0.012026816
1183	1189	1	0.8573573
1183	1189	2	0.036084004
1183	1189	3	0.074403495
1183	1189	4	0.020128356
1183	1190	0	0.92424554
1183	1190	1	0.025522456
1183	1190	2	0.012188464
1183	1190	3	0.030117204
1183	1190	4	0.0079262545
1184	1186	0	0.870905
1184	1186	1	0.0271786
1184	1186	2	0.024624456
1184	1186	3	0.06479706
1184	1186	4	0.0124949375
1184	1187	0	0.93496656
1184	1187	1	0.01183282
1184	1187	2	0.02099451
1184	1187	3	0.023857806
1184	1187	4	0.008348255
1184	1188	0	0.7727108
1184	1188	1	0.1208621
1184	1188	2	0.04602313
1184	1188	3	0.042813867
1184	1188	4	0.017590018
1184	1189	0	0.3145896
1184	1189	1	0.39082465
1184	1189	2	0.08870517
1184	1189	3	0.16003473
1184	1189	4	0.04584586
1184	1190	0	0.97214544
1184	1190	1	0.0030547145
1184	1190	2	0.006947212
1184	1190	3	0.013061482
1184	1190	4	0.0047911447
1185	1186	0	0.013237988
1185	1186	1	0.83281845
1185	1186	2	0.110312894
1185	1186	3	0.02401552
1185	1186	4	0.019615136
1185	1187	0	0.019531136
1185	1187	1	0.7648783
1185	1187	2	0.16959304
1185	1187	3	0.020138266
1185	1187	4	0.025859332
1185	1188	0	0.0065605836
1185	1188	1	0.89846796
1185	1188	2	0.07202764
1185	1188	3	0.010045239
1185	1188	4	0.012898582
1185	1189	0	0.002968717
1185	1189	1	0.9311904
1185	1189	2	0.03792004
1185	1189	3	0.014656052
1185	1189	4	0.013264825
1185	1190	0	0.23639148
1185	1190	1	0.5383289
1185	1190	2	0.15852231
1185	1190	3	0.028801082
1185	1190	4	0.037956215
1186	1187	0	0.15563203
1186	1187	1	0.5706819
1186	1187	2	0.17844276
1186	1187	3	0.0664942
1186	1187	4	0.02874907
1186	1188	0	0.018137433
1186	1188	1	0.88956106
1186	1188	2	0.06422571
1186	1188	3	0.016735962
1186	1188	4	0.011339809
1186	1189	0	0.008753265
1186	1189	1	0.8372626
1186	1189	2	0.08589864
1186	1189	3	0.04662624
1186	1189	4	0.021459363
1186	1190	0	0.8982068
1186	1190	1	0.021173455
1186	1190	2	0.043228555
1186	1190	3	0.025324794
1186	1190	4	0.012066422
1187	1188	0	0.006042987
1187	1188	1	0.96337765
1187	1188	2	0.017035065
1187	1188	3	0.008334135
1187	1188	4	0.0052101854
1187	1189	0	0.0044272845
1187	1189	1	0.93418556
1187	1189	2	0.022677563
1187	1189	3	0.027142515
1187	1189	4	0.011567065
1187	1190	0	0.836474
1187	1190	1	0.09325339
1187	1190	2	0.025884481
1187	1190	3	0.03288696
1187	1190	4	0.011501216
1188	1189	0	0.020456018
1188	1189	1	0.85891193
1188	1189	2	0.032794498
1188	1189	3	0.0671934
1188	1189	4	0.020644153
1188	1190	0	0.95921844
1188	1190	1	0.01029041
1188	1190	2	0.0075536524
1188	1190	3	0.01782677
1188	1190	4	0.005110679
1189	1190	0	0.9694438
1189	1190	1	0.0032333196
1189	1190	2	0.009473327
1189	1190	3	0.0121985115
1189	1190	4	0.0056509282
1186	1191	0	0.80344325
1186	1191	1	0.04761053
1186	1191	2	0.07176141
1186	1191	3	0.056277364
1186	1191	4	0.020907493
1186	1192	0	0.70067596
1186	1192	1	0.06340418
1186	1192	2	0.13052836
1186	1192	3	0.08282194
1186	1192	4	0.022569612
1186	1193	0	0.44541427
1186	1193	1	0.14066465
1186	1193	2	0.15942799
1186	1193	3	0.2129113
1186	1193	4	0.04158186
1186	1194	0	0.5887855
1186	1194	1	0.16722819
1186	1194	2	0.1362669
1186	1194	3	0.0770819
1186	1194	4	0.030637413
1186	1195	0	0.6568818
1186	1195	1	0.018972108
1186	1195	2	0.08043068
1186	1195	3	0.21694495
1186	1195	4	0.026770454
1186	1196	0	0.07813717
1186	1196	1	0.25906834
1186	1196	2	0.15399721
1186	1196	3	0.47334495
1186	1196	4	0.035452362
1187	1191	0	0.55206615
1187	1191	1	0.2830545
1187	1191	2	0.06410886
1187	1191	3	0.07817407
1187	1191	4	0.022596352
1187	1192	0	0.4886474
1187	1192	1	0.2877481
1187	1192	2	0.09775356
1187	1192	3	0.10252877
1187	1192	4	0.023322118
1187	1193	0	0.06454063
1187	1193	1	0.7281581
1187	1193	2	0.05947626
1187	1193	3	0.12178794
1187	1193	4	0.02603703
1187	1194	0	0.08069441
1187	1194	1	0.82750934
1187	1194	2	0.040227562
1187	1194	3	0.03741723
1187	1194	4	0.0141514465
1187	1195	0	0.6179735
1187	1195	1	0.03583044
1187	1195	2	0.036362212
1187	1195	3	0.28775844
1187	1195	4	0.022075392
1187	1196	0	0.040256742
1187	1196	1	0.48685607
1187	1196	2	0.053135913
1187	1196	3	0.39439115
1187	1196	4	0.025360147
1188	1191	0	0.92229676
1188	1191	1	0.021684652
1188	1191	2	0.010980689
1188	1191	3	0.03678048
1188	1191	4	0.00825743
1188	1192	0	0.9064672
1188	1192	1	0.02557691
1188	1192	2	0.01680802
1188	1192	3	0.04217313
1188	1192	4	0.0089748
1188	1193	0	0.60906106
1188	1193	1	0.1278516
1188	1193	2	0.026326094
1188	1193	3	0.20744073
1188	1193	4	0.029320452
1188	1194	0	0.79900986
1188	1194	1	0.10757794
1188	1194	2	0.0196052
1188	1194	3	0.058683697
1188	1194	4	0.01512329
1188	1195	0	0.8000674
1188	1195	1	0.008464284
1188	1195	2	0.015986556
1188	1195	3	0.16191383
1188	1195	4	0.013567896
1188	1196	0	0.15641211
1188	1196	1	0.20171629
1188	1196	2	0.04476768
1188	1196	3	0.5665264
1188	1196	4	0.030577507
1189	1191	0	0.95922613
1189	1191	1	0.003455546
1189	1191	2	0.01109017
1189	1191	3	0.018693993
1189	1191	4	0.007534094
1189	1192	0	0.95766336
1189	1192	1	0.0032592083
1189	1192	2	0.013547502
1189	1192	3	0.018742383
1189	1192	4	0.006787525
1189	1193	0	0.9321012
1189	1193	1	0.0050330777
1189	1193	2	0.013161769
1189	1193	3	0.039903473
1189	1193	4	0.009800477
1189	1194	0	0.95485747
1189	1194	1	0.0066368226
1189	1194	2	0.01193194
1189	1194	3	0.018382829
1189	1194	4	0.0081909355
1189	1195	0	0.89698595
1189	1195	1	0.0033085174
1189	1195	2	0.017415306
1189	1195	3	0.07011637
1189	1195	4	0.012173904
1189	1196	0	0.52708894
1189	1196	1	0.031346414
1189	1196	2	0.04761332
1189	1196	3	0.36557934
1189	1196	4	0.028371932
1190	1191	0	0.23127887
1190	1191	1	0.62184554
1190	1191	2	0.057130598
1190	1191	3	0.06037099
1190	1191	4	0.029373994
1190	1192	0	0.15641718
1190	1192	1	0.68825525
1190	1192	2	0.07565424
1190	1192	3	0.05614814
1190	1192	4	0.023525199
1190	1193	0	0.054981977
1190	1193	1	0.82206833
1190	1193	2	0.035003476
1190	1193	3	0.06489087
1190	1193	4	0.02305536
1190	1194	0	0.015742097
1190	1194	1	0.936141
1190	1194	2	0.022565026
1190	1194	3	0.015248039
1190	1194	4	0.010303892
1190	1195	0	0.14274232
1190	1195	1	0.43188938
1190	1195	2	0.073641285
1190	1195	3	0.30347005
1190	1195	4	0.048256937
1190	1196	0	0.0064004245
1190	1196	1	0.8874567
1190	1196	2	0.023543691
1190	1196	3	0.06840028
1190	1196	4	0.014198845
1191	1192	0	0.14527918
1191	1192	1	0.6605841
1191	1192	2	0.101131134
1191	1192	3	0.0591077
1191	1192	4	0.033897925
1191	1193	0	0.060378823
1191	1193	1	0.80432904
1191	1193	2	0.046115134
1191	1193	3	0.062487103
1191	1193	4	0.026689978
1191	1194	0	0.04563767
1191	1194	1	0.8652631
1191	1194	2	0.045230005
1191	1194	3	0.024367562
1191	1194	4	0.01950164
1191	1195	0	0.14318806
1191	1195	1	0.4007658
1191	1195	2	0.13053119
1191	1195	3	0.2673881
1191	1195	4	0.058126815
1191	1196	0	0.0068931556
1191	1196	1	0.87578666
1191	1196	2	0.036114886
1191	1196	3	0.06537487
1191	1196	4	0.015830373
1192	1193	0	0.090071164
1192	1193	1	0.767704
1192	1193	2	0.05555103
1192	1193	3	0.059714265
1192	1193	4	0.026959574
1192	1194	0	0.07351205
1192	1194	1	0.8087201
1192	1194	2	0.06488408
1192	1194	3	0.031021476
1192	1194	4	0.021862343
1192	1195	0	0.29782802
1192	1195	1	0.20178644
1192	1195	2	0.14387403
1192	1195	3	0.30734786
1192	1195	4	0.04916366
1192	1196	0	0.01289231
1192	1196	1	0.791219
1192	1196	2	0.05714974
1192	1196	3	0.11698586
1192	1196	4	0.021753076
1193	1194	0	0.09824482
1193	1194	1	0.6923511
1193	1194	2	0.14438654
1193	1194	3	0.031688273
1193	1194	4	0.0333292
1193	1195	0	0.34378988
1193	1195	1	0.0956544
1193	1195	2	0.2679176
1193	1195	3	0.22620931
1193	1195	4	0.06642875
1193	1196	0	0.016834667
1193	1196	1	0.73350346
1193	1196	2	0.114321314
1193	1196	3	0.107739456
1193	1196	4	0.02760116
1194	1195	0	0.65221214
1194	1195	1	0.048612952
1194	1195	2	0.056695115
1194	1195	3	0.21507183
1194	1195	4	0.02740795
1194	1196	0	0.030030735
1194	1196	1	0.81347644
1194	1196	2	0.036978986
1194	1196	3	0.10273734
1194	1196	4	0.016776504
1195	1196	0	0.0056641204
1195	1196	1	0.8762009
1195	1196	2	0.047822915
1195	1196	3	0.05444267
1195	1196	4	0.015869427
1191	1197	0	0.0046989312
1191	1197	1	0.9180805
1191	1197	2	0.031359125
1191	1197	3	0.034801923
1191	1197	4	0.01105952
1191	1198	0	0.019238116
1191	1198	1	0.5153785
1191	1198	2	0.044442076
1191	1198	3	0.38439626
1191	1198	4	0.03654504
1192	1197	0	0.00529972
1192	1197	1	0.8877326
1192	1197	2	0.044238243
1192	1197	3	0.05017809
1192	1197	4	0.012551247
1192	1198	0	0.024505015
1192	1198	1	0.33934373
1192	1198	2	0.048330214
1192	1198	3	0.5440557
1192	1198	4	0.043765336
1193	1197	0	0.0111669935
1193	1197	1	0.8213058
1193	1197	2	0.09733093
1193	1197	3	0.05302899
1193	1197	4	0.017167255
1193	1198	0	0.045343667
1193	1198	1	0.21510598
1193	1198	2	0.10046058
1193	1198	3	0.58876777
1193	1198	4	0.05032195
1194	1197	0	0.032196846
1194	1197	1	0.8421921
1194	1197	2	0.043826893
1194	1197	3	0.067859285
1194	1197	4	0.013924818
1194	1198	0	0.106504336
1194	1198	1	0.101307616
1194	1198	2	0.034258854
1194	1198	3	0.7251405
1194	1198	4	0.032788668
1195	1197	0	0.0072459728
1195	1197	1	0.86729723
1195	1197	2	0.055941418
1195	1197	3	0.05360862
1195	1197	4	0.015906796
1195	1198	0	0.038656276
1195	1198	1	0.15891208
1195	1198	2	0.06911545
1195	1198	3	0.6851499
1195	1198	4	0.048166346
1196	1197	0	0.10659797
1196	1197	1	0.46946758
1196	1197	2	0.2232644
1196	1197	3	0.1602503
1196	1197	4	0.040419728
1196	1198	0	0.22547309
1196	1198	1	0.035071343
1196	1198	2	0.07290274
1196	1198	3	0.62754136
1196	1198	4	0.039011527
1197	1198	0	0.14756373
1197	1198	1	0.027536646
1197	1198	2	0.034949604
1197	1198	3	0.75272536
1197	1198	4	0.03722462
1197	1199	0	0.047140263
1197	1199	1	0.7103252
1197	1199	2	0.14092702
1197	1199	3	0.070832446
1197	1199	4	0.030775111
1197	1200	0	0.705635
1197	1200	1	0.090995714
1197	1200	2	0.057699673
1197	1200	3	0.1183608
1197	1200	4	0.02730881
1197	1201	0	0.9396948
1197	1201	1	0.0042804475
1197	1201	2	0.019400176
1197	1201	3	0.027944805
1197	1201	4	0.008679815
1198	1199	0	0.014454402
1198	1199	1	0.33361506
1198	1199	2	0.5799211
1198	1199	3	0.033290952
1198	1199	4	0.038718477
1198	1200	0	0.079218805
1198	1200	1	0.26298115
1198	1200	2	0.5425641
1198	1200	3	0.0619877
1198	1200	4	0.053248335
1198	1201	0	0.46598366
1198	1201	1	0.022953248
1198	1201	2	0.4324707
1198	1201	3	0.040702444
1198	1201	4	0.037889928
1199	1200	0	0.9202705
1199	1200	1	0.008896264
1199	1200	2	0.011517839
1199	1200	3	0.05132532
1199	1200	4	0.007990109
1199	1201	0	0.95858204
1199	1201	1	0.002761082
1199	1201	2	0.01000527
1199	1201	3	0.022716222
1199	1201	4	0.005935363
1200	1201	0	0.8051861
1200	1201	1	0.043105967
1200	1201	2	0.079294324
1200	1201	3	0.045659732
1200	1201	4	0.026753848
1199	1202	0	0.20321713
1199	1202	1	0.05595979
1199	1202	2	0.09599519
1199	1202	3	0.5874402
1199	1202	4	0.05738772
1199	1203	0	0.4582911
1199	1203	1	0.17224774
1199	1203	2	0.110915564
1199	1203	3	0.20905973
1199	1203	4	0.049485832
1199	1204	0	0.8717637
1199	1204	1	0.0059940694
1199	1204	2	0.016453754
1199	1204	3	0.09317176
1199	1204	4	0.012616828
1199	1205	0	0.92438304
1199	1205	1	0.0037387754
1199	1205	2	0.012419754
1199	1205	3	0.050051957
1199	1205	4	0.009406455
1199	1206	0	0.8756866
1199	1206	1	0.0157818
1199	1206	2	0.069097444
1199	1206	3	0.02880968
1199	1206	4	0.01062457
1200	1202	0	0.028288186
1200	1202	1	0.61463624
1200	1202	2	0.17530534
1200	1202	3	0.12945801
1200	1202	4	0.05231225
1200	1203	0	0.014005789
1200	1203	1	0.8666252
1200	1203	2	0.07864513
1200	1203	3	0.023659578
1200	1203	4	0.017064234
1200	1204	0	0.4369198
1200	1204	1	0.21890444
1200	1204	2	0.13272612
1200	1204	3	0.16996804
1200	1204	4	0.041481588
1200	1205	0	0.86927587
1200	1205	1	0.016155794
1200	1205	2	0.038665038
1200	1205	3	0.061766364
1200	1205	4	0.014136988
1200	1206	0	0.4699731
1200	1206	1	0.12981504
1200	1206	2	0.34820485
1200	1206	3	0.027453564
1200	1206	4	0.024553504
1201	1202	0	0.0051304842
1201	1202	1	0.8282189
1201	1202	2	0.066783875
1201	1202	3	0.07056602
1201	1202	4	0.029300842
1201	1203	0	0.0033721616
1201	1203	1	0.9299807
1201	1203	2	0.037326917
1201	1203	3	0.016996315
1201	1203	4	0.0123239895
1201	1204	0	0.043769103
1201	1204	1	0.7194989
1201	1204	2	0.08557136
1201	1204	3	0.119916975
1201	1204	4	0.031243712
1201	1205	0	0.085619584
1201	1205	1	0.55962986
1201	1205	2	0.1271502
1201	1205	3	0.17905462
1201	1205	4	0.048545685
1201	1206	0	0.012989339
1201	1206	1	0.761678
1201	1206	2	0.1878371
1201	1206	3	0.020345677
1201	1206	4	0.01714982
1202	1203	0	0.2096586
1202	1203	1	0.15299164
1202	1203	2	0.44834575
1202	1203	3	0.105679534
1202	1203	4	0.083324485
1202	1204	0	0.8408178
1202	1204	1	0.0059278025
1202	1204	2	0.05535596
1202	1204	3	0.0791259
1202	1204	4	0.018772565
1202	1205	0	0.8192085
1202	1205	1	0.005843318
1202	1205	2	0.067384146
1202	1205	3	0.0846822
1202	1205	4	0.022881793
1202	1206	0	0.52722573
1202	1206	1	0.021666331
1202	1206	2	0.39882633
1202	1206	3	0.02577168
1202	1206	4	0.026509967
1203	1204	0	0.93158895
1203	1204	1	0.0038572028
1203	1204	2	0.010573272
1203	1204	3	0.046376083
1203	1204	4	0.0076045278
1203	1205	0	0.9163207
1203	1205	1	0.004076385
1203	1205	2	0.01333388
1203	1205	3	0.05662264
1203	1205	4	0.009646402
1203	1206	0	0.9115555
1203	1206	1	0.010937534
1203	1206	2	0.051715832
1203	1206	3	0.017548796
1203	1206	4	0.008242265
1204	1205	0	0.5500864
1204	1205	1	0.1543411
1204	1205	2	0.13080049
1204	1205	3	0.123062335
1204	1205	4	0.041709676
1204	1206	0	0.06062721
1204	1206	1	0.5379731
1204	1206	2	0.36240277
1204	1206	3	0.01913532
1204	1206	4	0.019861583
1205	1206	0	0.034297273
1205	1206	1	0.5306638
1205	1206	2	0.39201
1205	1206	3	0.021397205
1205	1206	4	0.02163172
1202	1207	0	0.1955077
1202	1207	1	0.17376438
1202	1207	2	0.35013697
1202	1207	3	0.20225608
1202	1207	4	0.07833485
1202	1208	0	0.17093237
1202	1208	1	0.18881737
1202	1208	2	0.49663764
1202	1208	3	0.08202658
1202	1208	4	0.061586022
1202	1209	0	0.14867066
1202	1209	1	0.11415052
1202	1209	2	0.4860303
1202	1209	3	0.17439635
1202	1209	4	0.07675213
1202	1210	0	0.5281044
1202	1210	1	0.023017386
1202	1210	2	0.3956265
1202	1210	3	0.02649031
1202	1210	4	0.02676136
1203	1207	0	0.29288265
1203	1207	1	0.28674284
1203	1207	2	0.07712174
1203	1207	3	0.29690173
1203	1207	4	0.046351105
1203	1208	0	0.34785417
1203	1208	1	0.36904904
1203	1208	2	0.100124255
1203	1208	3	0.14167294
1203	1208	4	0.041299585
1203	1209	0	0.3087874
1203	1209	1	0.23978168
1203	1209	2	0.11378961
1203	1209	3	0.28382257
1203	1209	4	0.05381874
1203	1210	0	0.9181592
1203	1210	1	0.012025351
1203	1210	2	0.043807883
1203	1210	3	0.017731383
1203	1210	4	0.00827634
1204	1207	0	0.005886215
1204	1207	1	0.9175887
1204	1207	2	0.04423191
1204	1207	3	0.021174904
1204	1207	4	0.01111831
1204	1208	0	0.0067372858
1204	1208	1	0.9133765
1204	1208	2	0.055182762
1204	1208	3	0.014337479
1204	1208	4	0.010365934
1204	1209	0	0.007796
1204	1209	1	0.8737641
1204	1209	2	0.079119965
1204	1209	3	0.022683349
1204	1209	4	0.016636606
1204	1210	0	0.053447172
1204	1210	1	0.57179004
1204	1210	2	0.33396322
1204	1210	3	0.020641759
1204	1210	4	0.020157829
1205	1207	0	0.005019308
1205	1207	1	0.9168049
1205	1207	2	0.045508035
1205	1207	3	0.021474965
1205	1207	4	0.011192827
1205	1208	0	0.006483406
1205	1208	1	0.8847288
1205	1208	2	0.077687375
1205	1208	3	0.018234063
1205	1208	4	0.012866443
1205	1209	0	0.006593266
1205	1209	1	0.8628798
1205	1209	2	0.08703678
1205	1209	3	0.026069595
1205	1209	4	0.017420506
1205	1210	0	0.031427454
1205	1210	1	0.49318615
1205	1210	2	0.43472967
1205	1210	3	0.020287452
1205	1210	4	0.020369302
1206	1207	0	0.015442833
1206	1207	1	0.84132844
1206	1207	2	0.018485706
1206	1207	3	0.111583814
1206	1207	4	0.0131592415
1206	1208	0	0.014879783
1206	1208	1	0.8956785
1206	1208	2	0.01962583
1206	1208	3	0.059811853
1206	1208	4	0.010003991
1206	1209	0	0.0193044
1206	1209	1	0.7914389
1206	1209	2	0.02912492
1206	1209	3	0.14045383
1206	1209	4	0.019677939
1206	1210	0	0.3660156
1206	1210	1	0.32603285
1206	1210	2	0.15196602
1206	1210	3	0.13375503
1206	1210	4	0.022230439
1207	1208	0	0.21881573
1207	1208	1	0.49070215
1207	1208	2	0.1552328
1207	1208	3	0.101641156
1207	1208	4	0.03360808
1207	1209	0	0.20544372
1207	1209	1	0.34806427
1207	1209	2	0.20285931
1207	1209	3	0.19625309
1207	1209	4	0.04737961
1207	1210	0	0.8315692
1207	1210	1	0.022894332
1207	1210	2	0.1116252
1207	1210	3	0.02182256
1207	1210	4	0.01208873
1208	1209	0	0.25472292
1208	1209	1	0.33333784
1208	1209	2	0.090508275
1208	1209	3	0.27273363
1208	1209	4	0.04869731
1208	1210	0	0.9114937
1208	1210	1	0.016925203
1208	1210	2	0.045741774
1208	1210	3	0.017084317
1208	1210	4	0.008754917
1209	1210	0	0.88586855
1209	1210	1	0.013644981
1209	1210	2	0.07312301
1209	1210	3	0.01734532
1209	1210	4	0.010018194
1207	1211	0	0.19912027
1207	1211	1	0.42074215
1207	1211	2	0.18132986
1207	1211	3	0.1550545
1207	1211	4	0.043753233
1208	1211	0	0.2796605
1208	1211	1	0.4231163
1208	1211	2	0.069390595
1208	1211	3	0.18569618
1208	1211	4	0.042136464
1209	1211	0	0.3186762
1209	1211	1	0.28058058
1209	1211	2	0.14541136
1209	1211	3	0.20227419
1209	1211	4	0.053057674
1210	1211	0	0.010317979
1210	1211	1	0.8972161
1210	1211	2	0.014031709
1210	1211	3	0.06675037
1210	1211	4	0.011683861
1212	1213	0	0.015368144
1212	1213	1	0.800014
1212	1213	2	0.1247922
1212	1213	3	0.032444343
1212	1213	4	0.027381254
1212	1214	0	0.02363767
1212	1214	1	0.76241684
1212	1214	2	0.07292772
1212	1214	3	0.11544765
1212	1214	4	0.025570171
1213	1214	0	0.22082786
1213	1214	1	0.32253876
1213	1214	2	0.046241164
1213	1214	3	0.38543192
1213	1214	4	0.024960356
1212	1215	0	0.09064706
1212	1215	1	0.14639328
1212	1215	2	0.06881123
1212	1215	3	0.6601791
1212	1215	4	0.033969365
1213	1215	0	0.24125282
1213	1215	1	0.020805482
1213	1215	2	0.0181636
1213	1215	3	0.7061806
1213	1215	4	0.013597551
1214	1215	0	0.5705102
1214	1215	1	0.023921259
1214	1215	2	0.07117713
1214	1215	3	0.3043758
1214	1215	4	0.030015552
1215	1216	0	0.18660317
1215	1216	1	0.19635645
1215	1216	2	0.4759911
1215	1216	3	0.09272103
1215	1216	4	0.048328266
1215	1217	0	0.042583466
1215	1217	1	0.10650068
1215	1217	2	0.6423813
1215	1217	3	0.17690259
1215	1217	4	0.03163201
1215	1218	0	0.043351628
1215	1218	1	0.10727641
1215	1218	2	0.5210516
1215	1218	3	0.27793393
1215	1218	4	0.050386444
1216	1217	0	0.048466507
1216	1217	1	0.47432357
1216	1217	2	0.26680312
1216	1217	3	0.16499941
1216	1217	4	0.045407426
1216	1218	0	0.0665008
1216	1218	1	0.32088447
1216	1218	2	0.2025698
1216	1218	3	0.34472772
1216	1218	4	0.06531718
1217	1218	0	0.13016737
1217	1218	1	0.04320346
1217	1218	2	0.20616628
1217	1218	3	0.5771888
1217	1218	4	0.04327407
1216	1219	0	0.05435977
1216	1219	1	0.6973757
1216	1219	2	0.18054393
1216	1219	3	0.040603727
1216	1219	4	0.027116911
1216	1220	0	0.061001997
1216	1220	1	0.5834872
1216	1220	2	0.27791336
1216	1220	3	0.039664228
1216	1220	4	0.037933204
1216	1221	0	0.004720155
1216	1221	1	0.9004713
1216	1221	2	0.046904746
1216	1221	3	0.033689518
1216	1221	4	0.014214241
1216	1222	0	0.021636385
1216	1222	1	0.7069906
1216	1222	2	0.2271128
1216	1222	3	0.0227738
1216	1222	4	0.021486443
1216	1223	0	0.025159342
1216	1223	1	0.6399949
1216	1223	2	0.2840706
1216	1223	3	0.025554672
1216	1223	4	0.025220502
1217	1219	0	0.29360774
1217	1219	1	0.21201465
1217	1219	2	0.37075135
1217	1219	3	0.09144101
1217	1219	4	0.03218523
1217	1220	0	0.12084436
1217	1220	1	0.22081038
1217	1220	2	0.55994165
1217	1220	3	0.06457817
1217	1220	4	0.03382548
1217	1221	0	0.009796884
1217	1221	1	0.69009936
1217	1221	2	0.16509743
1217	1221	3	0.10444567
1217	1221	4	0.030560698
1217	1222	0	0.065452814
1217	1222	1	0.1922172
1217	1222	2	0.6662706
1217	1222	3	0.04875008
1217	1222	4	0.027309282
1217	1223	0	0.055938356
1217	1223	1	0.14561905
1217	1223	2	0.7410943
1217	1223	3	0.034396973
1217	1223	4	0.022951407
1218	1219	0	0.25597662
1218	1219	1	0.13750224
1218	1219	2	0.48986048
1218	1219	3	0.078856066
1218	1219	4	0.037804637
1218	1220	0	0.12310684
1218	1220	1	0.107151665
1218	1220	2	0.67548305
1218	1220	3	0.05507064
1218	1220	4	0.039187763
1218	1221	0	0.01999148
1218	1221	1	0.46355224
1218	1221	2	0.32461962
1218	1221	3	0.14176567
1218	1221	4	0.050071016
1218	1222	0	0.048092555
1218	1222	1	0.14012653
1218	1222	2	0.74605817
1218	1222	3	0.03894293
1218	1222	4	0.026779829
1218	1223	0	0.03965373
1218	1223	1	0.100535475
1218	1223	2	0.8068967
1218	1223	3	0.029614566
1218	1223	4	0.023299437
1219	1220	0	0.2357933
1219	1220	1	0.32292628
1219	1220	2	0.2746069
1219	1220	3	0.13600138
1219	1220	4	0.030672105
1219	1221	0	0.0067754863
1219	1221	1	0.86698145
1219	1221	2	0.036218096
1219	1221	3	0.075515
1219	1221	4	0.014509986
1219	1222	0	0.057705518
1219	1222	1	0.5806208
1219	1222	2	0.26626015
1219	1222	3	0.070926555
1219	1222	4	0.024486933
1219	1223	0	0.06407603
1219	1223	1	0.5301864
1219	1223	2	0.3217585
1219	1223	3	0.06054168
1219	1223	4	0.023437396
1220	1221	0	0.005948521
1220	1221	1	0.8673714
1220	1221	2	0.03142674
1220	1221	3	0.07856249
1220	1221	4	0.016690917
1220	1222	0	0.04789741
1220	1222	1	0.6345622
1220	1222	2	0.21973108
1220	1222	3	0.071251094
1220	1222	4	0.026558278
1220	1223	0	0.055620052
1220	1223	1	0.60281044
1220	1223	2	0.25367036
1220	1223	3	0.06367337
1220	1223	4	0.02422574
1221	1222	0	0.6912393
1221	1222	1	0.031310644
1221	1222	2	0.21305749
1221	1222	3	0.040967457
1221	1222	4	0.023425054
1221	1223	0	0.6533446
1221	1223	1	0.027552575
1221	1223	2	0.26224482
1221	1223	3	0.036305845
1221	1223	4	0.020552238
1222	1223	0	0.18326859
1222	1223	1	0.2933452
1222	1223	2	0.3156552
1222	1223	3	0.1824977
1222	1223	4	0.025233297
1219	1224	0	0.01867343
1219	1224	1	0.671538
1219	1224	2	0.21129175
1219	1224	3	0.07346294
1219	1224	4	0.025033886
1220	1224	0	0.013821108
1220	1224	1	0.7129028
1220	1224	2	0.17579734
1220	1224	3	0.06984235
1220	1224	4	0.027636442
1221	1224	0	0.21648824
1221	1224	1	0.10126438
1221	1224	2	0.5533578
1221	1224	3	0.08165873
1221	1224	4	0.047230847
1222	1224	0	0.058212347
1222	1224	1	0.3867091
1222	1224	2	0.27590522
1222	1224	3	0.24574175
1222	1224	4	0.033431593
1223	1224	0	0.07741554
1223	1224	1	0.3672613
1223	1224	2	0.21513501
1223	1224	3	0.30449986
1223	1224	4	0.035688266
1224	1225	0	0.73603684
1224	1225	1	0.012428264
1224	1225	2	0.021459026
1224	1225	3	0.21667334
1224	1225	4	0.013402571
1225	1226	0	0.07589855
1225	1226	1	0.083551206
1225	1226	2	0.16730404
1225	1226	3	0.6321583
1225	1226	4	0.041087843
1225	1227	0	0.017440489
1225	1227	1	0.7794661
1225	1227	2	0.13922644
1225	1227	3	0.043434337
1225	1227	4	0.02043259
1226	1227	0	0.018382847
1226	1227	1	0.55654705
1226	1227	2	0.34837982
1226	1227	3	0.0421862
1226	1227	4	0.034504052
1226	1228	0	0.02115052
1226	1228	1	0.3215818
1226	1228	2	0.55066586
1226	1228	3	0.060241204
1226	1228	4	0.04636061
1226	1229	0	0.010746635
1226	1229	1	0.5799144
1226	1229	2	0.3272584
1226	1229	3	0.04878223
1226	1229	4	0.033298284
1227	1228	0	0.4846038
1227	1228	1	0.223143
1227	1228	2	0.09631908
1227	1228	3	0.13684428
1227	1228	4	0.05908987
1227	1229	0	0.14757602
1227	1229	1	0.63795334
1227	1229	2	0.055562876
1227	1229	3	0.13020194
1227	1229	4	0.028705833
1228	1229	0	0.037999548
1228	1229	1	0.8090783
1228	1229	2	0.061311312
1228	1229	3	0.0713186
1228	1229	4	0.020292228
1228	1230	0	0.08940094
1228	1230	1	0.078098826
1228	1230	2	0.04470323
1228	1230	3	0.7587314
1228	1230	4	0.029065626
1228	1231	0	0.93737876
1228	1231	1	0.005691625
1228	1231	2	0.028831938
1228	1231	3	0.020051934
1228	1231	4	0.008045775
1229	1230	0	0.15908067
1229	1230	1	0.07316942
1229	1230	2	0.059997924
1229	1230	3	0.6768496
1229	1230	4	0.030902375
1229	1231	0	0.95348525
1229	1231	1	0.00391426
1229	1231	2	0.022705482
1229	1231	3	0.0143656675
1229	1231	4	0.0055292747
1230	1231	0	0.76185447
1230	1231	1	0.007104027
1230	1231	2	0.19372533
1230	1231	3	0.021561703
1230	1231	4	0.015754467
1230	1232	0	0.64255726
1230	1232	1	0.018239107
1230	1232	2	0.26973632
1230	1232	3	0.046882745
1230	1232	4	0.022584654
1231	1232	0	0.10951931
1231	1232	1	0.63087666
1231	1232	2	0.15069517
1231	1232	3	0.08505094
1231	1232	4	0.023857947
1232	1233	0	0.42542243
1232	1233	1	0.12804492
1232	1233	2	0.16588569
1232	1233	3	0.25282803
1232	1233	4	0.027818916
1232	1234	0	0.047279842
1232	1234	1	0.67389613
1232	1234	2	0.090798944
1232	1234	3	0.16963851
1232	1234	4	0.018386593
1232	1235	0	0.25507438
1232	1235	1	0.25587434
1232	1235	2	0.19414647
1232	1235	3	0.25679794
1232	1235	4	0.038106922
1232	1236	0	0.031472273
1232	1236	1	0.73039067
1232	1236	2	0.097002424
1232	1236	3	0.11880442
1232	1236	4	0.022330193
1232	1237	0	0.012140813
1232	1237	1	0.86804014
1232	1237	2	0.047681306
1232	1237	3	0.05881327
1232	1237	4	0.013324515
1232	1238	0	0.007394515
1232	1238	1	0.90931845
1232	1238	2	0.03046384
1232	1238	3	0.04345084
1232	1238	4	0.009372317
1233	1234	0	0.03554141
1233	1234	1	0.4805988
1233	1234	2	0.16280569
1233	1234	3	0.29302257
1233	1234	4	0.028031463
1233	1235	0	0.16242464
1233	1235	1	0.209505
1233	1235	2	0.32732093
1233	1235	3	0.25491175
1233	1235	4	0.04583768
1233	1236	0	0.017493783
1233	1236	1	0.6996462
1233	1236	2	0.14762269
1233	1236	3	0.113171116
1233	1236	4	0.022066202
1233	1237	0	0.0059195915
1233	1237	1	0.85040265
1233	1237	2	0.07070072
1233	1237	3	0.058273107
1233	1237	4	0.014704005
1233	1238	0	0.0055980086
1233	1238	1	0.87427443
1233	1238	2	0.04901163
1233	1238	3	0.058831275
1233	1238	4	0.01228468
1234	1235	0	0.46149874
1234	1235	1	0.056556176
1234	1235	2	0.2526594
1234	1235	3	0.19062772
1234	1235	4	0.03865797
1234	1236	0	0.11204817
1234	1236	1	0.38222346
1234	1236	2	0.31827044
1234	1236	3	0.15086927
1234	1236	4	0.036588673
1234	1237	0	0.035447355
1234	1237	1	0.64709437
1234	1237	2	0.1762194
1234	1237	3	0.11028776
1234	1237	4	0.030951094
1234	1238	0	0.027278233
1234	1238	1	0.72471905
1234	1238	2	0.112812184
1234	1238	3	0.10950158
1234	1238	4	0.025688944
1235	1236	0	0.012279879
1235	1236	1	0.7940253
1235	1236	2	0.11064588
1235	1236	3	0.06593831
1235	1236	4	0.01711065
1235	1237	0	0.0063762856
1235	1237	1	0.872572
1235	1237	2	0.05386857
1235	1237	3	0.053857848
1235	1237	4	0.0133252805
1235	1238	0	0.00700572
1235	1238	1	0.8772807
1235	1238	2	0.04230444
1235	1238	3	0.06221781
1235	1238	4	0.011191345
1236	1237	0	0.06448712
1236	1237	1	0.5916706
1236	1237	2	0.1498352
1236	1237	3	0.15464057
1236	1237	4	0.03936654
1236	1238	0	0.06739054
1236	1238	1	0.5823998
1236	1238	2	0.11410637
1236	1238	3	0.20330766
1236	1238	4	0.032795653
1237	1238	0	0.05256989
1237	1238	1	0.7998761
1237	1238	2	0.033059873
1237	1238	3	0.09126145
1237	1238	4	0.023232667
1233	1239	0	0.05860339
1233	1239	1	0.3591352
1233	1239	2	0.4855165
1233	1239	3	0.07566484
1233	1239	4	0.021080129
1233	1240	0	0.31780225
1233	1240	1	0.15583022
1233	1240	2	0.33700773
1233	1240	3	0.15773174
1233	1240	4	0.03162805
1233	1241	0	0.076943524
1233	1241	1	0.3420174
1233	1241	2	0.47350517
1233	1241	3	0.083307624
1233	1241	4	0.024226278
1233	1242	0	0.0053648534
1233	1242	1	0.8679024
1233	1242	2	0.07194367
1233	1242	3	0.04229475
1233	1242	4	0.012494338
1233	1243	0	0.026933745
1233	1243	1	0.55396634
1233	1243	2	0.33647844
1233	1243	3	0.062156864
1233	1243	4	0.020464558
1233	1244	0	0.004915286
1233	1244	1	0.8775244
1233	1244	2	0.07026578
1233	1244	3	0.03495454
1233	1244	4	0.012340051
1233	1245	0	0.006668928
1233	1245	1	0.77066296
1233	1245	2	0.108292565
1233	1245	3	0.098613605
1233	1245	4	0.015761837
1234	1239	0	0.30243286
1234	1239	1	0.11640592
1234	1239	2	0.4798543
1234	1239	3	0.075888105
1234	1239	4	0.02541881
1234	1240	0	0.63147354
1234	1240	1	0.04166726
1234	1240	2	0.21745147
1234	1240	3	0.082408935
1234	1240	4	0.026998825
1234	1241	0	0.32557622
1234	1241	1	0.10364073
1234	1241	2	0.46800354
1234	1241	3	0.070826784
1234	1241	4	0.031952698
1234	1242	0	0.023275675
1234	1242	1	0.661519
1234	1242	2	0.20125572
1234	1242	3	0.08443586
1234	1242	4	0.029513769
1234	1243	0	0.11836519
1234	1243	1	0.1774865
1234	1243	2	0.59919345
1234	1243	3	0.07201913
1234	1243	4	0.032935683
1234	1244	0	0.02007155
1234	1244	1	0.74079275
1234	1244	2	0.15795417
1234	1244	3	0.056558605
1234	1244	4	0.024622872
1234	1245	0	0.028479455
1234	1245	1	0.5902279
1234	1245	2	0.18372735
1234	1245	3	0.16480435
1234	1245	4	0.03276093
1235	1239	0	0.06691501
1235	1239	1	0.44346014
1235	1239	2	0.37841436
1235	1239	3	0.0889741
1235	1239	4	0.022236366
1235	1240	0	0.3925825
1235	1240	1	0.15701513
1235	1240	2	0.23837017
1235	1240	3	0.18427968
1235	1240	4	0.027752528
1235	1241	0	0.10632539
1235	1241	1	0.38610193
1235	1241	2	0.38159013
1235	1241	3	0.0995504
1235	1241	4	0.026432088
1235	1242	0	0.006506131
1235	1242	1	0.85380834
1235	1242	2	0.073911056
1235	1242	3	0.05199304
1235	1242	4	0.013781423
1235	1243	0	0.038721878
1235	1243	1	0.5149627
1235	1243	2	0.3437979
1235	1243	3	0.07891421
1235	1243	4	0.023603301
1235	1244	0	0.00680719
1235	1244	1	0.86677563
1235	1244	2	0.06421915
1235	1244	3	0.04894328
1235	1244	4	0.013254788
1235	1245	0	0.007874872
1235	1245	1	0.75196385
1235	1245	2	0.0987587
1235	1245	3	0.125025
1235	1245	4	0.016377518
1236	1239	0	0.51170963
1236	1239	1	0.05652012
1236	1239	2	0.3167099
1236	1239	3	0.08886118
1236	1239	4	0.026199175
1236	1240	0	0.8495226
1236	1240	1	0.010922278
1236	1240	2	0.06394196
1236	1240	3	0.06124276
1236	1240	4	0.014370488
1236	1241	0	0.65068066
1236	1241	1	0.044019386
1236	1241	2	0.20891954
1236	1241	3	0.06952754
1236	1241	4	0.026852874
1236	1242	0	0.06785009
1236	1242	1	0.48748887
1236	1242	2	0.20060526
1236	1242	3	0.20475733
1236	1242	4	0.03929846
1236	1243	0	0.37718692
1236	1243	1	0.09035569
1236	1243	2	0.38209903
1236	1243	3	0.11152322
1236	1243	4	0.03883522
1236	1244	0	0.06019756
1236	1244	1	0.59759325
1236	1244	2	0.17220451
1236	1244	3	0.12682469
1236	1244	4	0.043179955
1236	1245	0	0.05416834
1236	1245	1	0.35691798
1236	1245	2	0.17591435
1236	1245	3	0.3764651
1236	1245	4	0.036534157
1237	1239	0	0.81968
1237	1239	1	0.0306781
1237	1239	2	0.09619749
1237	1239	3	0.038957767
1237	1239	4	0.014486621
1237	1240	0	0.9288701
1237	1240	1	0.008621902
1237	1240	2	0.019655835
1237	1240	3	0.033094812
1237	1240	4	0.0097574135
1237	1241	0	0.7853218
1237	1241	1	0.05858817
1237	1241	2	0.09075648
1237	1241	3	0.04366492
1237	1241	4	0.021668639
1237	1242	0	0.055664238
1237	1242	1	0.77076995
1237	1242	2	0.06219872
1237	1242	3	0.08470707
1237	1242	4	0.02666002
1237	1243	0	0.6290021
1237	1243	1	0.10771848
1237	1243	2	0.16018826
1237	1243	3	0.07198982
1237	1243	4	0.031101335
1237	1244	0	0.055700134
1237	1244	1	0.8185036
1237	1244	2	0.04852464
1237	1244	3	0.05193776
1237	1244	4	0.025333827
1237	1245	0	0.042695835
1237	1245	1	0.723867
1237	1245	2	0.06331457
1237	1245	3	0.14260931
1237	1245	4	0.02751324
1238	1239	0	0.86388075
1238	1239	1	0.014515069
1238	1239	2	0.081480965
1238	1239	3	0.029859625
1238	1239	4	0.010263598
1238	1240	0	0.94091886
1238	1240	1	0.0053303656
1238	1240	2	0.015944606
1238	1240	3	0.028882237
1238	1240	4	0.008923827
1238	1241	0	0.8638428
1238	1241	1	0.026130337
1238	1241	2	0.068545744
1238	1241	3	0.027201008
1238	1241	4	0.014280163
1238	1242	0	0.16895987
1238	1242	1	0.5370208
1238	1242	2	0.13025236
1238	1242	3	0.12812857
1238	1242	4	0.035638355
1238	1243	0	0.7381663
1238	1243	1	0.046096824
1238	1243	2	0.14839052
1238	1243	3	0.046809852
1238	1243	4	0.020536548
1238	1244	0	0.1362226
1238	1244	1	0.6290908
1238	1244	2	0.12239863
1238	1244	3	0.076941304
1238	1244	4	0.035346728
1238	1245	0	0.08333738
1238	1245	1	0.5653731
1238	1245	2	0.110808186
1238	1245	3	0.20567757
1238	1245	4	0.034803733
1239	1240	0	0.49840236
1239	1240	1	0.07962222
1239	1240	2	0.17017934
1239	1240	3	0.21943036
1239	1240	4	0.03236577
1239	1241	0	0.13904288
1239	1241	1	0.4483237
1239	1241	2	0.2701922
1239	1241	3	0.10947489
1239	1241	4	0.032966286
1239	1242	0	0.0051964074
1239	1242	1	0.9099186
1239	1242	2	0.028418962
1239	1242	3	0.044679217
1239	1242	4	0.011786788
1239	1243	0	0.07274938
1239	1243	1	0.5836175
1239	1243	2	0.20187649
1239	1243	3	0.111714825
1239	1243	4	0.030041713
1239	1244	0	0.0052704546
1239	1244	1	0.91553193
1239	1244	2	0.025423542
1239	1244	3	0.041893307
1239	1244	4	0.011880682
1239	1245	0	0.0054860916
1239	1245	1	0.853711
1239	1245	2	0.03293087
1239	1245	3	0.092759795
1239	1245	4	0.015112285
1240	1241	0	0.01947385
1240	1241	1	0.6908245
1240	1241	2	0.23117422
1240	1241	3	0.029742027
1240	1241	4	0.028785422
1240	1242	0	0.0028489626
1240	1242	1	0.9314862
1240	1242	2	0.03810625
1240	1242	3	0.016899439
1240	1242	4	0.01065912
1240	1243	0	0.011217025
1240	1243	1	0.7346308
1240	1243	2	0.20114385
1240	1243	3	0.029554674
1240	1243	4	0.023453644
1240	1244	0	0.0030918783
1240	1244	1	0.93524605
1240	1244	2	0.034385614
1240	1244	3	0.01686127
1240	1244	4	0.010415176
1240	1245	0	0.0035445224
1240	1245	1	0.9059827
1240	1245	2	0.042936306
1240	1245	3	0.03338606
1240	1245	4	0.014150325
1241	1242	0	0.0040932084
1241	1242	1	0.9427448
1241	1242	2	0.013879842
1241	1242	3	0.032059632
1241	1242	4	0.0072225793
1241	1243	0	0.09197451
1241	1243	1	0.7102295
1241	1243	2	0.09168492
1241	1243	3	0.08579414
1241	1243	4	0.020316934
1241	1244	0	0.004693949
1241	1244	1	0.94992715
1241	1244	2	0.013816192
1241	1244	3	0.024362609
1241	1244	4	0.0072000893
1241	1245	0	0.004856848
1241	1245	1	0.908461
1241	1245	2	0.01963578
1241	1245	3	0.057410706
1241	1245	4	0.009635639
1242	1243	0	0.83758676
1242	1243	1	0.03599287
1242	1243	2	0.065602206
1242	1243	3	0.046459574
1242	1243	4	0.014358535
1242	1244	0	0.11989633
1242	1244	1	0.72979456
1242	1244	2	0.058379572
1242	1244	3	0.06525923
1242	1244	4	0.026670294
1242	1245	0	0.10977855
1242	1245	1	0.59913254
1242	1245	2	0.07262555
1242	1245	3	0.18509978
1242	1245	4	0.033363562
1243	1244	0	0.008591674
1243	1244	1	0.93903255
1243	1244	2	0.015920313
1243	1244	3	0.027283136
1243	1244	4	0.0091722915
1243	1245	0	0.0078177005
1243	1245	1	0.88225394
1243	1245	2	0.021953057
1243	1245	3	0.076222084
1243	1245	4	0.011753282
1244	1245	0	0.12920116
1244	1245	1	0.61873233
1244	1245	2	0.06255154
1244	1245	3	0.15582548
1244	1245	4	0.03368956
1239	1246	0	0.0379289
1239	1246	1	0.71900105
1239	1246	2	0.1408354
1239	1246	3	0.078630514
1239	1246	4	0.023604166
1239	1247	0	0.008333519
1239	1247	1	0.8125826
1239	1247	2	0.035327453
1239	1247	3	0.12677729
1239	1247	4	0.016979113
1239	1248	0	0.018499063
1239	1248	1	0.8402789
1239	1248	2	0.08043125
1239	1248	3	0.045633126
1239	1248	4	0.015157653
1239	1249	0	0.013630493
1239	1249	1	0.7179005
1239	1249	2	0.112841256
1239	1249	3	0.13471873
1239	1249	4	0.020909013
1240	1246	0	0.01073796
1240	1246	1	0.7669754
1240	1246	2	0.17154513
1240	1246	3	0.027494216
1240	1246	4	0.023247348
1240	1247	0	0.004745475
1240	1247	1	0.87418187
1240	1247	2	0.04937825
1240	1247	3	0.055512574
1240	1247	4	0.01618186
1240	1248	0	0.0072167353
1240	1248	1	0.8436945
1240	1248	2	0.10926555
1240	1248	3	0.02336367
1240	1248	4	0.01645956
1240	1249	0	0.007008058
1240	1249	1	0.7649158
1240	1249	2	0.1459433
1240	1249	3	0.059305906
1240	1249	4	0.02282691
1241	1246	0	0.04774973
1241	1246	1	0.7974104
1241	1246	2	0.07285271
1241	1246	3	0.066290565
1241	1246	4	0.015696589
1241	1247	0	0.009509051
1241	1247	1	0.82348233
1241	1247	2	0.021909041
1241	1247	3	0.13208972
1241	1247	4	0.013009821
1241	1248	0	0.015711004
1241	1248	1	0.9024304
1241	1248	2	0.03687589
1241	1248	3	0.036675166
1241	1248	4	0.008307444
1241	1249	0	0.014180674
1241	1249	1	0.7881884
1241	1249	2	0.0594469
1241	1249	3	0.12287468
1241	1249	4	0.015309414
1242	1246	0	0.8206513
1242	1246	1	0.04876838
1242	1246	2	0.07576861
1242	1246	3	0.041872855
1242	1246	4	0.012938913
1242	1247	0	0.26197195
1242	1247	1	0.2661809
1242	1247	2	0.08648394
1242	1247	3	0.35138544
1242	1247	4	0.033977717
1242	1248	0	0.6961162
1242	1248	1	0.13831581
1242	1248	2	0.0945714
1242	1248	3	0.053216916
1242	1248	4	0.017779602
1242	1249	0	0.3528665
1242	1249	1	0.22419427
1242	1249	2	0.17582534
1242	1249	3	0.2165133
1242	1249	4	0.030600553
1243	1246	0	0.23483546
1243	1246	1	0.49468693
1243	1246	2	0.114620805
1243	1246	3	0.12880224
1243	1246	4	0.02705453
1243	1247	0	0.0207039
1243	1247	1	0.7734469
1243	1247	2	0.024216373
1243	1247	3	0.16536017
1243	1247	4	0.016272685
1243	1248	0	0.051672775
1243	1248	1	0.8198379
1243	1248	2	0.051773466
1243	1248	3	0.061616603
1243	1248	4	0.015099208
1243	1249	0	0.033344336
1243	1249	1	0.6242129
1243	1249	2	0.080638275
1243	1249	3	0.23935044
1243	1249	4	0.02245406
1244	1246	0	0.8697313
1244	1246	1	0.031228023
1244	1246	2	0.054768376
1244	1246	3	0.03184939
1244	1246	4	0.012422982
1244	1247	0	0.27064982
1244	1247	1	0.3599998
1244	1247	2	0.06499035
1244	1247	3	0.2763097
1244	1247	4	0.02805033
1244	1248	0	0.72364587
1244	1248	1	0.1295719
1244	1248	2	0.0781964
1244	1248	3	0.04891741
1244	1248	4	0.019668423
1244	1249	0	0.40558934
1244	1249	1	0.23092476
1244	1249	2	0.16003858
1244	1249	3	0.17103776
1244	1249	4	0.032409564
1245	1246	0	0.812809
1245	1246	1	0.022235673
1245	1246	2	0.11255922
1245	1246	3	0.037143584
1245	1246	4	0.015252502
1245	1247	0	0.28599897
1245	1247	1	0.1367066
1245	1247	2	0.11930162
1245	1247	3	0.42481562
1245	1247	4	0.033177145
1245	1248	0	0.7450439
1245	1248	1	0.048260473
1245	1248	2	0.14227317
1245	1248	3	0.044906363
1245	1248	4	0.019516129
1245	1249	0	0.3829865
1245	1249	1	0.113684915
1245	1249	2	0.28365195
1245	1249	3	0.17885542
1245	1249	4	0.040821258
1246	1247	0	0.018144809
1246	1247	1	0.69240004
1246	1247	2	0.025245357
1246	1247	3	0.24631953
1246	1247	4	0.017890248
1246	1248	0	0.04993842
1246	1248	1	0.8024867
1246	1248	2	0.053345732
1246	1248	3	0.078110784
1246	1248	4	0.016118344
1246	1249	0	0.027065478
1246	1249	1	0.62347233
1246	1249	2	0.07679337
1246	1249	3	0.24947551
1246	1249	4	0.02319329
1247	1248	0	0.40925345
1247	1248	1	0.20271632
1247	1248	2	0.28465676
1247	1248	3	0.06706191
1247	1248	4	0.036311515
1247	1249	0	0.16473988
1247	1249	1	0.18434227
1247	1249	2	0.41276047
1247	1249	3	0.19279505
1247	1249	4	0.04536232
1248	1249	0	0.052247953
1248	1249	1	0.6622894
1248	1249	2	0.08095624
1248	1249	3	0.18346892
1248	1249	4	0.021037467
1246	1250	0	0.081821345
1246	1250	1	0.037454247
1246	1250	2	0.030209504
1246	1250	3	0.8314986
1246	1250	4	0.019016236
1246	1251	0	0.030169303
1246	1251	1	0.20186414
1246	1251	2	0.02614163
1246	1251	3	0.71901697
1246	1251	4	0.022807932
1247	1250	0	0.55145276
1247	1250	1	0.013236658
1247	1250	2	0.09123219
1247	1250	3	0.3207981
1247	1250	4	0.023280274
1247	1251	0	0.23235697
1247	1251	1	0.047376614
1247	1251	2	0.098864146
1247	1251	3	0.58260286
1247	1251	4	0.03879951
1248	1250	0	0.24954309
1248	1250	1	0.015483797
1248	1250	2	0.025631778
1248	1250	3	0.6912307
1248	1250	4	0.018110564
1248	1251	0	0.089670494
1248	1251	1	0.08540185
1248	1251	2	0.023903472
1248	1251	3	0.77987045
1248	1251	4	0.021153662
1249	1250	0	0.33208004
1249	1250	1	0.009839632
1249	1250	2	0.04329631
1249	1250	3	0.59551615
1249	1250	4	0.019267892
1249	1251	0	0.16140023
1249	1251	1	0.050547738
1249	1251	2	0.049887072
1249	1251	3	0.71066797
1249	1251	4	0.027497074
1250	1251	0	0.028609667
1250	1251	1	0.22442894
1250	1251	2	0.11595898
1250	1251	3	0.584713
1250	1251	4	0.046289466
1250	1252	0	0.026855
1250	1252	1	0.42918915
1250	1252	2	0.42013457
1250	1252	3	0.08995648
1250	1252	4	0.03386481
1250	1253	0	0.054004427
1250	1253	1	0.14563182
1250	1253	2	0.5660608
1250	1253	3	0.19579807
1250	1253	4	0.038504887
1250	1254	0	0.014180666
1250	1254	1	0.4265335
1250	1254	2	0.36592802
1250	1254	3	0.1549023
1250	1254	4	0.03845552
1251	1252	0	0.08007425
1251	1252	1	0.14008053
1251	1252	2	0.7039991
1251	1252	3	0.044368412
1251	1252	4	0.03147779
1251	1253	0	0.14782672
1251	1253	1	0.040456403
1251	1253	2	0.70070964
1251	1253	3	0.07727285
1251	1253	4	0.03373437
1251	1254	0	0.030412732
1251	1254	1	0.15451504
1251	1254	2	0.6816155
1251	1254	3	0.09219325
1251	1254	4	0.041263543
1252	1253	0	0.22086303
1252	1253	1	0.13057123
1252	1253	2	0.26501167
1252	1253	3	0.34827945
1252	1253	4	0.035274632
1252	1254	0	0.021355048
1252	1254	1	0.5624801
1252	1254	2	0.16595401
1252	1254	3	0.22032742
1252	1254	4	0.02988345
1253	1254	0	0.020216709
1253	1254	1	0.35544416
1253	1254	2	0.21488638
1253	1254	3	0.37895778
1253	1254	4	0.030494954
1252	1255	0	0.16470468
1252	1255	1	0.20119417
1252	1255	2	0.42071542
1252	1255	3	0.17595103
1252	1255	4	0.03743474
1252	1256	0	0.07014153
1252	1256	1	0.0582409
1252	1256	2	0.12564725
1252	1256	3	0.71525705
1252	1256	4	0.030713324
1252	1257	0	0.041797284
1252	1257	1	0.12950182
1252	1257	2	0.05075231
1252	1257	3	0.74460125
1252	1257	4	0.033347346
1253	1255	0	0.058869608
1253	1255	1	0.31776395
1253	1255	2	0.38553306
1253	1255	3	0.2060919
1253	1255	4	0.031741448
1253	1256	0	0.033475813
1253	1256	1	0.062818184
1253	1256	2	0.07124585
1253	1256	3	0.8091041
1253	1256	4	0.023356035
1253	1257	0	0.022136126
1253	1257	1	0.11000427
1253	1257	2	0.03589305
1253	1257	3	0.8076952
1253	1257	4	0.024271272
1254	1255	0	0.43124363
1254	1255	1	0.03372627
1254	1255	2	0.29120824
1254	1255	3	0.20726319
1254	1255	4	0.036558706
1254	1256	0	0.1652416
1254	1256	1	0.013550753
1254	1256	2	0.081339866
1254	1256	3	0.7087745
1254	1256	4	0.031093298
1254	1257	0	0.08601763
1254	1257	1	0.016237408
1254	1257	2	0.036039222
1254	1257	3	0.835056
1254	1257	4	0.026649667
1255	1256	0	0.2382087
1255	1256	1	0.02625985
1255	1256	2	0.046554003
1255	1256	3	0.66600764
1255	1256	4	0.022969844
1255	1257	0	0.1452704
1255	1257	1	0.042393032
1255	1257	2	0.025019776
1255	1257	3	0.76661295
1255	1257	4	0.020703826
1256	1257	0	0.0533202
1256	1257	1	0.10365337
1256	1257	2	0.17098704
1256	1257	3	0.62626994
1256	1257	4	0.045769468
1255	1258	0	0.347566
1255	1258	1	0.18936448
1255	1258	2	0.24491078
1255	1258	3	0.18691859
1255	1258	4	0.031240173
1255	1259	0	0.015262368
1255	1259	1	0.61273545
1255	1259	2	0.042669587
1255	1259	3	0.30775905
1255	1259	4	0.021573523
1256	1258	0	0.06773781
1256	1258	1	0.15903303
1256	1258	2	0.6833302
1256	1258	3	0.058567047
1256	1258	4	0.031331938
1256	1259	0	0.01057644
1256	1259	1	0.55817
1256	1259	2	0.22696218
1256	1259	3	0.16976108
1256	1259	4	0.034530297
1257	1258	0	0.046669904
1257	1258	1	0.051178064
1257	1258	2	0.85063916
1257	1258	3	0.021871747
1257	1258	4	0.029641088
1257	1259	0	0.012433406
1257	1259	1	0.42447147
1257	1259	2	0.4282581
1257	1259	3	0.08858283
1257	1259	4	0.046254233
1258	1259	0	0.009211946
1258	1259	1	0.6946026
1258	1259	2	0.024372347
1258	1259	3	0.25515255
1258	1259	4	0.01666056
1258	1260	0	0.3421479
1258	1260	1	0.07719519
1258	1260	2	0.13909788
1258	1260	3	0.41498008
1258	1260	4	0.02657889
1258	1261	0	0.0065439907
1258	1261	1	0.90568405
1258	1261	2	0.02643806
1258	1261	3	0.051429097
1258	1261	4	0.009904769
1259	1260	0	0.7455194
1259	1260	1	0.007206177
1259	1260	2	0.1597451
1259	1260	3	0.06892089
1259	1260	4	0.018608483
1259	1261	0	0.13650468
1259	1261	1	0.22951064
1259	1261	2	0.42482144
1259	1261	3	0.1437106
1259	1261	4	0.06545267
1260	1261	0	0.005833381
1260	1261	1	0.8652272
1260	1261	2	0.0617512
1260	1261	3	0.0516963
1260	1261	4	0.015491957
1260	1262	0	0.04353568
1260	1262	1	0.46918
1260	1262	2	0.28127098
1260	1262	3	0.1734955
1260	1262	4	0.032517843
1260	1263	0	0.03142262
1260	1263	1	0.06447132
1260	1263	2	0.05603125
1260	1263	3	0.8233845
1260	1263	4	0.024690254
1261	1262	0	0.8366195
1261	1262	1	0.015013435
1261	1262	2	0.069962926
1261	1262	3	0.061048962
1261	1262	4	0.017355124
1261	1263	0	0.5103017
1261	1263	1	0.010026694
1261	1263	2	0.048913207
1261	1263	3	0.40006948
1261	1263	4	0.030688899
1262	1263	0	0.16104178
1262	1263	1	0.023790881
1262	1263	2	0.045957815
1262	1263	3	0.7466558
1262	1263	4	0.022553751
1262	1264	0	0.15976572
1262	1264	1	0.43312794
1262	1264	2	0.14141203
1262	1264	3	0.2344862
1262	1264	4	0.031208074
1262	1265	0	0.2095542
1262	1265	1	0.38281637
1262	1265	2	0.18449281
1262	1265	3	0.19746406
1262	1265	4	0.025672488
1262	1266	0	0.18518259
1262	1266	1	0.19710834
1262	1266	2	0.109570034
1262	1266	3	0.47491905
1262	1266	4	0.033219945
1262	1267	0	0.022439595
1262	1267	1	0.75578696
1262	1267	2	0.049623836
1262	1267	3	0.15278527
1262	1267	4	0.019364282
1262	1268	0	0.65909386
1262	1268	1	0.07105642
1262	1268	2	0.077366464
1262	1268	3	0.17195457
1262	1268	4	0.020528667
1263	1264	0	0.06853528
1263	1264	1	0.101876296
1263	1264	2	0.7117111
1263	1264	3	0.07336223
1263	1264	4	0.044515096
1263	1265	0	0.061328776
1263	1265	1	0.0777952
1263	1265	2	0.78300744
1263	1265	3	0.04523737
1263	1265	4	0.032631222
1263	1266	0	0.07834871
1263	1266	1	0.06433118
1263	1266	2	0.65881985
1263	1266	3	0.14232898
1263	1266	4	0.056171358
1263	1267	0	0.022860061
1263	1267	1	0.32985252
1263	1267	2	0.492583
1263	1267	3	0.098638855
1263	1267	4	0.056065574
1263	1268	0	0.23112313
1263	1268	1	0.053924553
1263	1268	2	0.6040966
1263	1268	3	0.061221883
1263	1268	4	0.04963379
1264	1265	0	0.18385088
1264	1265	1	0.23852064
1264	1265	2	0.45215592
1264	1265	3	0.09336449
1264	1265	4	0.03210808
1264	1266	0	0.22181915
1264	1266	1	0.15257348
1264	1266	2	0.35733604
1264	1266	3	0.21932338
1264	1266	4	0.048947964
1264	1267	0	0.02475826
1264	1267	1	0.73349744
1264	1267	2	0.13510817
1264	1267	3	0.0796322
1264	1267	4	0.027003914
1264	1268	0	0.5622045
1264	1268	1	0.066041
1264	1268	2	0.2682668
1264	1268	3	0.066802405
1264	1268	4	0.03668536
1265	1266	0	0.29130676
1265	1266	1	0.23991829
1265	1266	2	0.10790321
1265	1266	3	0.30163127
1265	1266	4	0.05924048
1265	1267	0	0.02376641
1265	1267	1	0.8463921
1265	1267	2	0.035611268
1265	1267	3	0.07232474
1265	1267	4	0.02190547
1265	1268	0	0.701286
1265	1268	1	0.11797604
1265	1268	2	0.071547076
1265	1268	3	0.080516785
1265	1268	4	0.028674133
1266	1267	0	0.015738163
1266	1267	1	0.80455655
1266	1267	2	0.07876184
1266	1267	3	0.07043387
1266	1267	4	0.030509602
1266	1268	0	0.81855875
1266	1268	1	0.035095867
1266	1268	2	0.069535196
1266	1268	3	0.05410309
1266	1268	4	0.022707118
1267	1268	0	0.9404696
1267	1268	1	0.005097129
1267	1268	2	0.01929422
1267	1268	3	0.026471047
1267	1268	4	0.008668048
1264	1269	0	0.2092751
1264	1269	1	0.15404417
1264	1269	2	0.55858064
1264	1269	3	0.051938854
1264	1269	4	0.026161218
1264	1270	0	0.07279357
1264	1270	1	0.23919849
1264	1270	2	0.50004715
1264	1270	3	0.14629588
1264	1270	4	0.04166491
1264	1271	0	0.019044925
1264	1271	1	0.66067857
1264	1271	2	0.11722752
1264	1271	3	0.17302448
1264	1271	4	0.030024597
1265	1269	0	0.32796717
1265	1269	1	0.37583414
1265	1269	2	0.18472004
1265	1269	3	0.076527044
1265	1269	4	0.034951594
1265	1270	0	0.08107436
1265	1270	1	0.58805716
1265	1270	2	0.13985473
1265	1270	3	0.14488426
1265	1270	4	0.046129543
1265	1271	0	0.011351183
1265	1271	1	0.83344525
1265	1271	2	0.028780978
1265	1271	3	0.10583441
1265	1271	4	0.02058818
1266	1269	0	0.38019302
1266	1269	1	0.15559612
1266	1269	2	0.34083208
1266	1269	3	0.0813496
1266	1269	4	0.042029154
1266	1270	0	0.11481956
1266	1270	1	0.3207746
1266	1270	2	0.28910166
1266	1270	3	0.21196571
1266	1270	4	0.0633384
1266	1271	0	0.01532097
1266	1271	1	0.67924696
1266	1271	2	0.08119328
1266	1271	3	0.19062787
1266	1271	4	0.03361099
1267	1269	0	0.8947158
1267	1269	1	0.009934088
1267	1269	2	0.0584386
1267	1269	3	0.027038032
1267	1269	4	0.009873549
1267	1270	0	0.67756987
1267	1270	1	0.02788411
1267	1270	2	0.12797727
1267	1270	3	0.13891406
1267	1270	4	0.027654672
1267	1271	0	0.20854479
1267	1271	1	0.14948738
1267	1271	2	0.10008145
1267	1271	3	0.49650708
1267	1271	4	0.04537931
1268	1269	0	0.29090244
1268	1269	1	0.34807888
1268	1269	2	0.23451248
1268	1269	3	0.086657204
1268	1269	4	0.03984906
1268	1270	0	0.058725737
1268	1270	1	0.613245
1268	1270	2	0.12897547
1268	1270	3	0.15743682
1268	1270	4	0.04161691
1268	1271	0	0.009051146
1268	1271	1	0.8435751
1268	1271	2	0.03350993
1268	1271	3	0.09641348
1268	1271	4	0.017450316
1269	1270	0	0.0688318
1269	1270	1	0.43229035
1269	1270	2	0.12752408
1269	1270	3	0.32372484
1269	1270	4	0.04762893
1269	1271	0	0.006426597
1269	1271	1	0.87434524
1269	1271	2	0.024573687
1269	1271	3	0.079058826
1269	1271	4	0.015595661
1270	1271	0	0.0125245545
1270	1271	1	0.7757112
1270	1271	2	0.039076645
1270	1271	3	0.15043613
1270	1271	4	0.022251569
1269	1272	0	0.009164146
1269	1272	1	0.8393257
1269	1272	2	0.030180108
1269	1272	3	0.10087135
1269	1272	4	0.020458674
1269	1273	0	0.023278445
1269	1273	1	0.8087714
1269	1273	2	0.11497679
1269	1273	3	0.035750397
1269	1273	4	0.017223096
1270	1272	0	0.020378567
1270	1272	1	0.6965081
1270	1272	2	0.045558996
1270	1272	3	0.20632489
1270	1272	4	0.031229397
1270	1273	0	0.12316086
1270	1273	1	0.53361434
1270	1273	2	0.23889776
1270	1273	3	0.07652224
1270	1273	4	0.027804792
1271	1272	0	0.15886886
1271	1272	1	0.11291278
1271	1272	2	0.34551647
1271	1272	3	0.3168477
1271	1272	4	0.06585411
1271	1273	0	0.4572834
1271	1273	1	0.040568825
1271	1273	2	0.44747737
1271	1273	3	0.030523812
1271	1273	4	0.024146587
1272	1273	0	0.6325375
1272	1273	1	0.05267668
1272	1273	2	0.27249575
1272	1273	3	0.024925977
1272	1273	4	0.01736406
1272	1274	0	0.26385096
1272	1274	1	0.116619125
1272	1274	2	0.30291677
1272	1274	3	0.26384422
1272	1274	4	0.052768953
1272	1275	0	0.11766706
1272	1275	1	0.40789488
1272	1275	2	0.2311797
1272	1275	3	0.19845125
1272	1275	4	0.044807054
1272	1276	0	0.0872909
1272	1276	1	0.42908758
1272	1276	2	0.27256092
1272	1276	3	0.16144828
1272	1276	4	0.0496123
1272	1277	0	0.8695618
1272	1277	1	0.007970406
1272	1277	2	0.031806055
1272	1277	3	0.075223625
1272	1277	4	0.01543808
1272	1278	0	0.9231026
1272	1278	1	0.004079802
1272	1278	2	0.023522597
1272	1278	3	0.03942492
1272	1278	4	0.00987019
1273	1274	0	0.06058726
1273	1274	1	0.2693128
1273	1274	2	0.062172607
1273	1274	3	0.5835526
1273	1274	4	0.024374701
1273	1275	0	0.020361276
1273	1275	1	0.612353
1273	1275	2	0.03632287
1273	1275	3	0.31552836
1273	1275	4	0.015434457
1273	1276	0	0.02051695
1273	1276	1	0.6685234
1273	1276	2	0.039659023
1273	1276	3	0.25145084
1273	1276	4	0.019849833
1273	1277	0	0.591546
1273	1277	1	0.022149654
1273	1277	2	0.018823251
1273	1277	3	0.34984255
1273	1277	4	0.017638532
1273	1278	0	0.8227716
1273	1278	1	0.013223186
1273	1278	2	0.014581769
1273	1278	3	0.1382587
1273	1278	4	0.011164813
1274	1275	0	0.016676847
1274	1275	1	0.6565105
1274	1275	2	0.09486118
1274	1275	3	0.20084716
1274	1275	4	0.031104378
1274	1276	0	0.01930668
1274	1276	1	0.632371
1274	1276	2	0.103594005
1274	1276	3	0.20969507
1274	1276	4	0.035033256
1274	1277	0	0.6708263
1274	1277	1	0.024288537
1274	1277	2	0.03919998
1274	1277	3	0.23817663
1274	1277	4	0.027508631
1274	1278	0	0.8556475
1274	1278	1	0.01041022
1274	1278	2	0.028963907
1274	1278	3	0.090014555
1274	1278	4	0.014963813
1275	1276	0	0.077028394
1275	1276	1	0.3549385
1275	1276	2	0.29480737
1275	1276	3	0.22121245
1275	1276	4	0.05201322
1275	1277	0	0.8669373
1275	1277	1	0.006730967
1275	1277	2	0.037657063
1275	1277	3	0.07192836
1275	1277	4	0.016746381
1275	1278	0	0.9088668
1275	1278	1	0.0044334945
1275	1278	2	0.03528731
1275	1278	3	0.03956262
1275	1278	4	0.011849698
1276	1277	0	0.9251634
1276	1277	1	0.0052802493
1276	1277	2	0.024826739
1276	1277	3	0.034445293
1276	1277	4	0.010284354
1276	1278	0	0.9389053
1276	1278	1	0.0038654716
1276	1278	2	0.020696843
1276	1278	3	0.027987596
1276	1278	4	0.008544819
1277	1278	0	0.2628323
1277	1278	1	0.108387105
1277	1278	2	0.2821738
1277	1278	3	0.27056187
1277	1278	4	0.07604484
1274	1279	0	0.2096549
1274	1279	1	0.31051138
1274	1279	2	0.2466604
1274	1279	3	0.1956494
1274	1279	4	0.03752396
1274	1280	0	0.033820134
1274	1280	1	0.6823124
1274	1280	2	0.1860358
1274	1280	3	0.06966648
1274	1280	4	0.028165212
1274	1281	0	0.024495939
1274	1281	1	0.7075253
1274	1281	2	0.19218574
1274	1281	3	0.054717965
1274	1281	4	0.02107505
1275	1279	0	0.38343596
1275	1279	1	0.06973116
1275	1279	2	0.42846435
1275	1279	3	0.07898965
1275	1279	4	0.03937889
1275	1280	0	0.11877069
1275	1280	1	0.23056477
1275	1280	2	0.5522343
1275	1280	3	0.057235923
1275	1280	4	0.04119432
1275	1281	0	0.096084535
1275	1281	1	0.23382588
1275	1281	2	0.59205407
1275	1281	3	0.04394172
1275	1281	4	0.03409383
1276	1279	0	0.58714944
1276	1279	1	0.043033652
1276	1279	2	0.27041417
1276	1279	3	0.0669336
1276	1279	4	0.032469064
1276	1280	0	0.26947206
1276	1280	1	0.18547907
1276	1280	2	0.4479133
1276	1280	3	0.05065899
1276	1280	4	0.046476547
1276	1281	0	0.24254791
1276	1281	1	0.17877845
1276	1281	2	0.5052172
1276	1281	3	0.039251927
1276	1281	4	0.03420451
1277	1279	0	0.015459788
1277	1279	1	0.49590865
1277	1279	2	0.4106691
1277	1279	3	0.046582174
1277	1279	4	0.031380326
1277	1280	0	0.007819532
1277	1280	1	0.74480635
1277	1280	2	0.20225194
1277	1280	3	0.02189644
1277	1280	4	0.023225775
1277	1281	0	0.0058697434
1277	1281	1	0.7443433
1277	1281	2	0.21034059
1277	1281	3	0.019213468
1277	1281	4	0.020232912
1278	1279	0	0.01034109
1278	1279	1	0.6421921
1278	1279	2	0.27775759
1278	1279	3	0.04138078
1278	1279	4	0.028328424
1278	1280	0	0.0060254564
1278	1280	1	0.778307
1278	1280	2	0.16994861
1278	1280	3	0.021284666
1278	1280	4	0.024434207
1278	1281	0	0.0056248046
1278	1281	1	0.740195
1278	1281	2	0.21060483
1278	1281	3	0.020277208
1278	1281	4	0.023298187
1279	1280	0	0.022489075
1279	1280	1	0.7814518
1279	1280	2	0.11356846
1279	1280	3	0.061137665
1279	1280	4	0.02135296
1279	1281	0	0.017282886
1279	1281	1	0.776903
1279	1281	2	0.124681525
1279	1281	3	0.060322188
1279	1281	4	0.02081047
1280	1281	0	0.18850796
1280	1281	1	0.47600666
1280	1281	2	0.16213454
1280	1281	3	0.14331238
1280	1281	4	0.030038474
1282	1283	0	0.15833421
1282	1283	1	0.44297984
1282	1283	2	0.17203565
1282	1283	3	0.17345902
1282	1283	4	0.053191364
1282	1284	0	0.043666657
1282	1284	1	0.53877264
1282	1284	2	0.21627945
1282	1284	3	0.15433367
1282	1284	4	0.046947535
1282	1285	0	0.7255748
1282	1285	1	0.08145776
1282	1285	2	0.091870956
1282	1285	3	0.06948615
1282	1285	4	0.031610392
1283	1284	0	0.048028927
1283	1284	1	0.69195294
1283	1284	2	0.102722205
1283	1284	3	0.12712294
1283	1284	4	0.03017295
1283	1285	0	0.8410162
1283	1285	1	0.04996258
1283	1285	2	0.04239046
1283	1285	3	0.04909398
1283	1285	4	0.017536832
1284	1285	0	0.94014436
1284	1285	1	0.010735172
1284	1285	2	0.015743177
1284	1285	3	0.023465177
1284	1285	4	0.009912148
1282	1286	0	0.04334159
1282	1286	1	0.5525313
1282	1286	2	0.2612254
1282	1286	3	0.102654345
1282	1286	4	0.04024731
1282	1287	0	0.014503513
1282	1287	1	0.7635468
1282	1287	2	0.10799734
1282	1287	3	0.08697861
1282	1287	4	0.026973683
1282	1288	0	0.014928744
1282	1288	1	0.7765103
1282	1288	2	0.14535472
1282	1288	3	0.039552376
1282	1288	4	0.023653854
1282	1289	0	0.011063361
1282	1289	1	0.7615813
1282	1289	2	0.12592696
1282	1289	3	0.07737956
1282	1289	4	0.024048833
1283	1286	0	0.058152236
1283	1286	1	0.6337383
1283	1286	2	0.18398859
1283	1286	3	0.08456256
1283	1286	4	0.039558332
1283	1287	0	0.018901272
1283	1287	1	0.8071436
1283	1287	2	0.06639393
1283	1287	3	0.08725385
1283	1287	4	0.020307383
1283	1288	0	0.012908472
1283	1288	1	0.842238
1283	1288	2	0.09831266
1283	1288	3	0.027285673
1283	1288	4	0.019255124
1283	1289	0	0.011990942
1283	1289	1	0.8319201
1283	1289	2	0.08324627
1283	1289	3	0.055451952
1283	1289	4	0.017390706
1284	1286	0	0.5500434
1284	1286	1	0.12502845
1284	1286	2	0.14588127
1284	1286	3	0.13985904
1284	1286	4	0.039187867
1284	1287	0	0.1284953
1284	1287	1	0.485095
1284	1287	2	0.11367125
1284	1287	3	0.23339778
1284	1287	4	0.039340574
1284	1288	0	0.06999442
1284	1288	1	0.72024906
1284	1288	2	0.124218315
1284	1288	3	0.056581672
1284	1288	4	0.028956534
1284	1289	0	0.048534386
1284	1289	1	0.6715276
1284	1289	2	0.117196456
1284	1289	3	0.13521963
1284	1289	4	0.027521878
1285	1286	0	0.029669072
1285	1286	1	0.8520293
1285	1286	2	0.06446005
1285	1286	3	0.031863734
1285	1286	4	0.021977792
1285	1287	0	0.008716516
1285	1287	1	0.9244074
1285	1287	2	0.024347845
1285	1287	3	0.030774206
1285	1287	4	0.011754073
1285	1288	0	0.0067973984
1285	1288	1	0.9404196
1285	1288	2	0.0308112
1285	1288	3	0.012013499
1285	1288	4	0.009958301
1285	1289	0	0.006268088
1285	1289	1	0.9383608
1285	1289	2	0.025910312
1285	1289	3	0.020088684
1285	1289	4	0.009372003
1286	1287	0	0.019607581
1286	1287	1	0.7498389
1286	1287	2	0.07974953
1286	1287	3	0.12769976
1286	1287	4	0.02310423
1286	1288	0	0.012541448
1286	1288	1	0.8552708
1286	1288	2	0.08523974
1286	1288	3	0.029801654
1286	1288	4	0.01714632
1286	1289	0	0.008814306
1286	1289	1	0.8232393
1286	1289	2	0.08575561
1286	1289	3	0.06491367
1286	1289	4	0.01727717
1287	1288	0	0.2027898
1287	1288	1	0.46928093
1287	1288	2	0.22784778
1287	1288	3	0.056180518
1287	1288	4	0.043900922
1287	1289	0	0.091196395
1287	1289	1	0.5559937
1287	1289	2	0.20778199
1287	1289	3	0.10502529
1287	1289	4	0.040002618
1288	1289	0	0.030459033
1288	1289	1	0.80257136
1288	1289	2	0.07454451
1288	1289	3	0.07062241
1288	1289	4	0.021802735
1286	1290	0	0.010231224
1286	1290	1	0.67473394
1286	1290	2	0.09562244
1286	1290	3	0.19487749
1286	1290	4	0.024534922
1286	1291	0	0.015983112
1286	1291	1	0.5483412
1286	1291	2	0.06414628
1286	1291	3	0.34237835
1286	1291	4	0.029151045
1286	1292	0	0.11112765
1286	1292	1	0.2856109
1286	1292	2	0.42716664
1286	1292	3	0.13901946
1286	1292	4	0.03707542
1287	1290	0	0.061994914
1287	1290	1	0.3407844
1287	1290	2	0.20090385
1287	1290	3	0.3559237
1287	1290	4	0.04039312
1287	1291	0	0.15020232
1287	1291	1	0.23323292
1287	1291	2	0.104964
1287	1291	3	0.46874276
1287	1291	4	0.04285801
1287	1292	0	0.7176398
1287	1292	1	0.021150406
1287	1292	2	0.1812893
1287	1292	3	0.056335058
1287	1292	4	0.023585431
1288	1290	0	0.037549607
1288	1290	1	0.4173609
1288	1290	2	0.10227608
1288	1290	3	0.4094775
1288	1290	4	0.033335898
1288	1291	0	0.11971635
1288	1291	1	0.20595193
1288	1291	2	0.04744458
1288	1291	3	0.59799266
1288	1291	4	0.028894512
1288	1292	0	0.78427553
1288	1292	1	0.02421692
1288	1292	2	0.09698706
1288	1292	3	0.078151576
1288	1292	4	0.016368963
1289	1290	0	0.06366573
1289	1290	1	0.26328626
1289	1290	2	0.17969608
1289	1290	3	0.45305437
1289	1290	4	0.040297527
1289	1291	0	0.15539965
1289	1291	1	0.10939561
1289	1291	2	0.06989416
1289	1291	3	0.63133955
1289	1291	4	0.033971056
1289	1292	0	0.78076494
1289	1292	1	0.01570516
1289	1292	2	0.121718965
1289	1292	3	0.063585676
1289	1292	4	0.018225238
1290	1291	0	0.42817205
1290	1291	1	0.052669194
1290	1291	2	0.1128421
1290	1291	3	0.36116624
1290	1291	4	0.045150436
1290	1292	0	0.6082967
1290	1292	1	0.014579955
1290	1292	2	0.2763516
1290	1292	3	0.07090045
1290	1292	4	0.0298713
1291	1292	0	0.21691291
1291	1292	1	0.02500311
1291	1292	2	0.6958218
1291	1292	3	0.030581208
1291	1292	4	0.031680964
1290	1293	0	0.63881946
1290	1293	1	0.05295084
1290	1293	2	0.2151994
1290	1293	3	0.06424611
1290	1293	4	0.028784193
1291	1293	0	0.15910843
1291	1293	1	0.08210312
1291	1293	2	0.69826096
1291	1293	3	0.021861617
1291	1293	4	0.038665935
1292	1293	0	0.042367417
1292	1293	1	0.671049
1292	1293	2	0.17237626
1292	1293	3	0.088162735
1292	1293	4	0.02604457
1294	1295	0	0.19951789
1294	1295	1	0.018144239
1294	1295	2	0.032499038
1294	1295	3	0.7337388
1294	1295	4	0.01610005
1294	1296	0	0.034528103
1294	1296	1	0.792368
1294	1296	2	0.03601222
1294	1296	3	0.11749722
1294	1296	4	0.019594414
1294	1297	0	0.03883117
1294	1297	1	0.64836794
1294	1297	2	0.049336523
1294	1297	3	0.24017318
1294	1297	4	0.023291187
1295	1296	0	0.014326368
1295	1296	1	0.73426086
1295	1296	2	0.16183685
1295	1296	3	0.060396258
1295	1296	4	0.029179621
1295	1297	0	0.010970796
1295	1297	1	0.6419613
1295	1297	2	0.22710226
1295	1297	3	0.085542396
1295	1297	4	0.034423243
1296	1297	0	0.17518596
1296	1297	1	0.4790173
1296	1297	2	0.12997471
1296	1297	3	0.16608356
1296	1297	4	0.049738474
1294	1298	0	0.7171354
1294	1298	1	0.07219295
1294	1298	2	0.046806753
1294	1298	3	0.14734429
1294	1298	4	0.016520647
1294	1299	0	0.91210294
1294	1299	1	0.011775055
1294	1299	2	0.015458264
1294	1299	3	0.053856686
1294	1299	4	0.0068069636
1294	1300	0	0.84227604
1294	1300	1	0.009825788
1294	1300	2	0.015142315
1294	1300	3	0.12071515
1294	1300	4	0.012040747
1295	1298	0	0.21968912
1295	1298	1	0.1750848
1295	1298	2	0.46577746
1295	1298	3	0.095380634
1295	1298	4	0.044068
1295	1299	0	0.61153406
1295	1299	1	0.060463373
1295	1299	2	0.22453535
1295	1299	3	0.07629372
1295	1299	4	0.027173502
1295	1300	0	0.6230362
1295	1300	1	0.032986686
1295	1300	2	0.17132346
1295	1300	3	0.13656303
1295	1300	4	0.036090598
1296	1298	0	0.8839445
1296	1298	1	0.019203017
1296	1298	2	0.03889452
1296	1298	3	0.042642944
1296	1298	4	0.015314964
1296	1299	0	0.9492325
1296	1299	1	0.005677396
1296	1299	2	0.017583335
1296	1299	3	0.020032085
1296	1299	4	0.007474673
1296	1300	0	0.93773127
1296	1300	1	0.0046271007
1296	1300	2	0.014434207
1296	1300	3	0.032821357
1296	1300	4	0.010386214
1297	1298	0	0.8399982
1297	1298	1	0.020049516
1297	1298	2	0.07382725
1297	1298	3	0.050577838
1297	1298	4	0.015547268
1297	1299	0	0.93434924
1297	1299	1	0.005765588
1297	1299	2	0.02634464
1297	1299	3	0.025404299
1297	1299	4	0.00813622
1297	1300	0	0.9281511
1297	1300	1	0.0039661806
1297	1300	2	0.021181427
1297	1300	3	0.035795987
1297	1300	4	0.010905339
1298	1299	0	0.6915436
1298	1299	1	0.10728521
1298	1299	2	0.07958103
1298	1299	3	0.0938112
1298	1299	4	0.027779039
1298	1300	0	0.6976048
1298	1300	1	0.054989878
1298	1300	2	0.04824791
1298	1300	3	0.16963667
1298	1300	4	0.029520702
1299	1300	0	0.31929225
1299	1300	1	0.29080322
1299	1300	2	0.103266045
1299	1300	3	0.23850694
1299	1300	4	0.048131492
1298	1301	0	0.10963431
1298	1301	1	0.0747235
1298	1301	2	0.0540725
1298	1301	3	0.73436916
1298	1301	4	0.02720051
1298	1302	0	0.076937765
1298	1302	1	0.44895932
1298	1302	2	0.08186619
1298	1302	3	0.3570614
1298	1302	4	0.035175305
1298	1303	0	0.072067104
1298	1303	1	0.722523
1298	1303	2	0.07968569
1298	1303	3	0.09920034
1298	1303	4	0.026523905
1298	1304	0	0.032002058
1298	1304	1	0.8618636
1298	1304	2	0.04998116
1298	1304	3	0.04323591
1298	1304	4	0.012917232
1298	1305	0	0.0147268465
1298	1305	1	0.8911205
1298	1305	2	0.02802254
1298	1305	3	0.05312551
1298	1305	4	0.013004616
1298	1306	0	0.02142537
1298	1306	1	0.8634108
1298	1306	2	0.038398556
1298	1306	3	0.06227897
1298	1306	4	0.01448631
1299	1301	0	0.055061158
1299	1301	1	0.24825512
1299	1301	2	0.09015852
1299	1301	3	0.56668586
1299	1301	4	0.039839342
1299	1302	0	0.027081577
1299	1302	1	0.653646
1299	1302	2	0.07831852
1299	1302	3	0.20698936
1299	1302	4	0.033964515
1299	1303	0	0.014999168
1299	1303	1	0.8616375
1299	1303	2	0.061962195
1299	1303	3	0.042657077
1299	1303	4	0.01874408
1299	1304	0	0.009075595
1299	1304	1	0.9169082
1299	1304	2	0.039790004
1299	1304	3	0.0235957
1299	1304	4	0.010630505
1299	1305	0	0.0047293147
1299	1305	1	0.93980265
1299	1305	2	0.022576552
1299	1305	3	0.023020266
1299	1305	4	0.009871239
1299	1306	0	0.005255101
1299	1306	1	0.93061477
1299	1306	2	0.03067949
1299	1306	3	0.023421658
1299	1306	4	0.010028976
1300	1301	0	0.043653343
1300	1301	1	0.21028821
1300	1301	2	0.19830051
1300	1301	3	0.50475484
1300	1301	4	0.0430031
1300	1302	0	0.024420276
1300	1302	1	0.53643966
1300	1302	2	0.17249276
1300	1302	3	0.2257402
1300	1302	4	0.040907167
1300	1303	0	0.014690506
1300	1303	1	0.73051447
1300	1303	2	0.18221918
1300	1303	3	0.04590683
1300	1303	4	0.026669044
1300	1304	0	0.010865931
1300	1304	1	0.80699825
1300	1304	2	0.13805312
1300	1304	3	0.026676213
1300	1304	4	0.01740646
1300	1305	0	0.00509045
1300	1305	1	0.88774043
1300	1305	2	0.06809046
1300	1305	3	0.02432951
1300	1305	4	0.014749203
1300	1306	0	0.007104505
1300	1306	1	0.8262685
1300	1306	2	0.120615296
1300	1306	3	0.029738799
1300	1306	4	0.016272992
1301	1302	0	0.046233334
1301	1302	1	0.08427087
1301	1302	2	0.4242758
1301	1302	3	0.3965316
1301	1302	4	0.04868843
1301	1303	0	0.051499687
1301	1303	1	0.3096454
1301	1303	2	0.4738852
1301	1303	3	0.12305389
1301	1303	4	0.04191585
1301	1304	0	0.022227602
1301	1304	1	0.52367944
1301	1304	2	0.36192235
1301	1304	3	0.06421889
1301	1304	4	0.027951712
1301	1305	0	0.0104178
1301	1305	1	0.6903894
1301	1305	2	0.19548118
1301	1305	3	0.07530921
1301	1305	4	0.028402472
1301	1306	0	0.011576426
1301	1306	1	0.5879291
1301	1306	2	0.29890132
1301	1306	3	0.07242384
1301	1306	4	0.029169254
1302	1303	0	0.27475482
1302	1303	1	0.089926936
1302	1303	2	0.48492366
1302	1303	3	0.0987575
1302	1303	4	0.05163706
1302	1304	0	0.16523866
1302	1304	1	0.24670732
1302	1304	2	0.4742868
1302	1304	3	0.06547036
1302	1304	4	0.04829697
1302	1305	0	0.06260244
1302	1305	1	0.5596895
1302	1305	2	0.23362954
1302	1305	3	0.09549627
1302	1305	4	0.048582233
1302	1306	0	0.080174536
1302	1306	1	0.40363535
1302	1306	2	0.39752486
1302	1306	3	0.070152655
1302	1306	4	0.04851261
1303	1304	0	0.028359776
1303	1304	1	0.81494796
1303	1304	2	0.07833558
1303	1304	3	0.06250027
1303	1304	4	0.015856432
1303	1305	0	0.0071530133
1303	1305	1	0.8984665
1303	1305	2	0.0303706
1303	1305	3	0.050460506
1303	1305	4	0.013549352
1303	1306	0	0.008723788
1303	1306	1	0.8929654
1303	1306	2	0.041386273
1303	1306	3	0.04408837
1303	1306	4	0.0128361145
1304	1305	0	0.022098556
1304	1305	1	0.8382424
1304	1305	2	0.037059963
1304	1305	3	0.07825555
1304	1305	4	0.024343476
1304	1306	0	0.027751636
1304	1306	1	0.8307769
1304	1306	2	0.055035993
1304	1306	3	0.06207289
1304	1306	4	0.024362622
1305	1306	0	0.45558944
1305	1306	1	0.22135672
1305	1306	2	0.16810592
1305	1306	3	0.10969186
1305	1306	4	0.04525603
1307	1308	0	0.018698614
1307	1308	1	0.8007247
1307	1308	2	0.091536
1307	1308	3	0.06539973
1307	1308	4	0.023640962
1307	1309	0	0.16434126
1307	1309	1	0.12917662
1307	1309	2	0.62568295
1307	1309	3	0.04872625
1307	1309	4	0.032072943
1308	1309	0	0.74526066
1308	1309	1	0.030057615
1308	1309	2	0.16445644
1308	1309	3	0.033078983
1308	1309	4	0.027146332
1307	1310	0	0.19610588
1307	1310	1	0.12025771
1307	1310	2	0.6095383
1307	1310	3	0.04611226
1307	1310	4	0.02798589
1308	1310	0	0.79679215
1308	1310	1	0.026520224
1308	1310	2	0.12078977
1308	1310	3	0.032598644
1308	1310	4	0.02329914
1309	1310	0	0.30816394
1309	1310	1	0.25419688
1309	1310	2	0.25464162
1309	1310	3	0.15177307
1309	1310	4	0.031224424
1310	1311	0	0.23950948
1310	1311	1	0.33797547
1310	1311	2	0.07806491
1310	1311	3	0.31686082
1310	1311	4	0.027589304
1311	1312	0	0.008025084
1311	1312	1	0.89294356
1311	1312	2	0.03802753
1311	1312	3	0.043178115
1311	1312	4	0.017825654
1312	1313	0	0.9401175
1312	1313	1	0.007914601
1312	1313	2	0.01760189
1312	1313	3	0.025670797
1312	1313	4	0.008695195
1313	1314	0	0.051312372
1313	1314	1	0.7943534
1313	1314	2	0.07426078
1313	1314	3	0.050940484
1313	1314	4	0.029132951
1314	1315	0	0.37333718
1314	1315	1	0.23716411
1314	1315	2	0.23229429
1314	1315	3	0.11329247
1314	1315	4	0.043911956
1314	1316	0	0.14408806
1314	1316	1	0.45226103
1314	1316	2	0.24670185
1314	1316	3	0.12511018
1314	1316	4	0.0318389
1315	1316	0	0.03429814
1315	1316	1	0.71154493
1315	1316	2	0.14767912
1315	1316	3	0.07674216
1315	1316	4	0.029735683
1315	1317	0	0.03199725
1315	1317	1	0.60440487
1315	1317	2	0.2493659
1315	1317	3	0.07988571
1315	1317	4	0.034346342
1315	1318	0	0.0057067038
1315	1318	1	0.87835175
1315	1318	2	0.04799529
1315	1318	3	0.05005508
1315	1318	4	0.017891146
1315	1319	0	0.010128342
1315	1319	1	0.90474516
1315	1319	2	0.033531982
1315	1319	3	0.03753225
1315	1319	4	0.014062305
1316	1317	0	0.22275198
1316	1317	1	0.12044867
1316	1317	2	0.4303643
1316	1317	3	0.18132515
1316	1317	4	0.045109827
1316	1318	0	0.019573124
1316	1318	1	0.6968183
1316	1318	2	0.105943605
1316	1318	3	0.14884812
1316	1318	4	0.028816855
1316	1319	0	0.076179706
1316	1319	1	0.654742
1316	1319	2	0.07703444
1316	1319	3	0.16562511
1316	1319	4	0.026418759
1317	1318	0	0.008780147
1317	1318	1	0.8130235
1317	1318	2	0.029552413
1317	1318	3	0.13506307
1317	1318	4	0.013580896
1317	1319	0	0.048602656
1317	1319	1	0.7048915
1317	1319	2	0.025667172
1317	1319	3	0.20191382
1317	1319	4	0.01892481
1318	1319	0	0.65179104
1318	1319	1	0.097323395
1318	1319	2	0.05025814
1318	1319	3	0.17062657
1318	1319	4	0.030000776
1317	1320	0	0.045374863
1317	1320	1	0.78231794
1317	1320	2	0.066402644
1317	1320	3	0.08607265
1317	1320	4	0.019831968
1317	1321	0	0.04718462
1317	1321	1	0.75898796
1317	1321	2	0.042778943
1317	1321	3	0.13011283
1317	1321	4	0.020935634
1318	1320	0	0.60015404
1318	1320	1	0.13772114
1318	1320	2	0.15728243
1318	1320	3	0.07071052
1318	1320	4	0.034131926
1318	1321	0	0.6183482
1318	1321	1	0.1325536
1318	1321	2	0.12007578
1318	1321	3	0.08972514
1318	1321	4	0.03929729
1319	1320	0	0.23175748
1319	1320	1	0.49953052
1319	1320	2	0.20112589
1319	1320	3	0.036249164
1319	1320	4	0.031336933
1319	1321	0	0.12972014
1319	1321	1	0.6470022
1319	1321	2	0.14421736
1319	1321	3	0.04701511
1319	1321	4	0.032045126
1320	1321	0	0.19463862
1320	1321	1	0.6553284
1320	1321	2	0.037331652
1320	1321	3	0.08831821
1320	1321	4	0.024383062
1320	1322	0	0.34227666
1320	1322	1	0.46769872
1320	1322	2	0.053910743
1320	1322	3	0.109389536
1320	1322	4	0.026724314
1320	1323	0	0.86234343
1320	1323	1	0.012588012
1320	1323	2	0.019508023
1320	1323	3	0.092995636
1320	1323	4	0.012564876
1320	1324	0	0.093523085
1320	1324	1	0.81242687
1320	1324	2	0.030894099
1320	1324	3	0.047316905
1320	1324	4	0.015838997
1320	1325	0	0.046890765
1320	1325	1	0.8220667
1320	1325	2	0.043120097
1320	1325	3	0.069264844
1320	1325	4	0.018657515
1321	1322	0	0.4488918
1321	1322	1	0.28100258
1321	1322	2	0.09211652
1321	1322	3	0.14568897
1321	1322	4	0.03230009
1321	1323	0	0.83761895
1321	1323	1	0.01207344
1321	1323	2	0.029223561
1321	1323	3	0.10774543
1321	1323	4	0.013338632
1321	1324	0	0.09585055
1321	1324	1	0.77491796
1321	1324	2	0.053918436
1321	1324	3	0.052664332
1321	1324	4	0.02264871
1321	1325	0	0.05884401
1321	1325	1	0.7580882
1321	1325	2	0.06667797
1321	1325	3	0.08765624
1321	1325	4	0.028733592
1322	1323	0	0.6829967
1322	1323	1	0.021233173
1322	1323	2	0.048671868
1322	1323	3	0.22744104
1322	1323	4	0.019657223
1322	1324	0	0.06427984
1322	1324	1	0.8135158
1322	1324	2	0.054755382
1322	1324	3	0.050037824
1322	1324	4	0.0174112
1322	1325	0	0.038415458
1322	1325	1	0.77882165
1322	1325	2	0.075010486
1322	1325	3	0.08604092
1322	1325	4	0.021711484
1323	1324	0	0.012141677
1323	1324	1	0.8561304
1323	1324	2	0.08181584
1323	1324	3	0.028773868
1323	1324	4	0.021138286
1323	1325	0	0.008751327
1323	1325	1	0.8238653
1323	1325	2	0.10184235
1323	1325	3	0.04256109
1323	1325	4	0.02297992
1324	1325	0	0.041209467
1324	1325	1	0.7912039
1324	1325	2	0.05735156
1324	1325	3	0.08441127
1324	1325	4	0.025823833
1326	1327	0	0.049807847
1326	1327	1	0.30501378
1326	1327	2	0.37976685
1326	1327	3	0.21338345
1326	1327	4	0.052028008
1326	1328	0	0.03331633
1326	1328	1	0.29569933
1326	1328	2	0.30454758
1326	1328	3	0.31143528
1326	1328	4	0.05500142
1326	1329	0	0.010480071
1326	1329	1	0.7334629
1326	1329	2	0.14135334
1326	1329	3	0.083973266
1326	1329	4	0.030730423
1327	1328	0	0.06875274
1327	1328	1	0.105142824
1327	1328	2	0.23493643
1327	1328	3	0.53937685
1327	1328	4	0.05179109
1327	1329	0	0.024746377
1327	1329	1	0.43027458
1327	1329	2	0.26041788
1327	1329	3	0.23474029
1327	1329	4	0.049820904
1328	1329	0	0.03494517
1328	1329	1	0.5679065
1328	1329	2	0.2345459
1328	1329	3	0.11867783
1328	1329	4	0.043924555
1328	1330	0	0.38601035
1328	1330	1	0.117355675
1328	1330	2	0.4216298
1328	1330	3	0.045140024
1328	1330	4	0.029864103
1328	1331	0	0.07116673
1328	1331	1	0.5464046
1328	1331	2	0.23874791
1328	1331	3	0.10068114
1328	1331	4	0.042999603
1329	1330	0	0.9097186
1329	1330	1	0.011437681
1329	1330	2	0.041614983
1329	1330	3	0.027231103
1329	1330	4	0.009997618
1329	1331	0	0.537011
1329	1331	1	0.14037158
1329	1331	2	0.11134629
1329	1331	3	0.17784257
1329	1331	4	0.03342856
1330	1331	0	0.013897877
1330	1331	1	0.9263361
1330	1331	2	0.016180111
1330	1331	3	0.034423552
1330	1331	4	0.009162331
1330	1332	0	0.217102
1330	1332	1	0.5346058
1330	1332	2	0.101927996
1330	1332	3	0.117008455
1330	1332	4	0.029355772
1331	1332	0	0.7455027
1331	1332	1	0.045783315
1331	1332	2	0.11105494
1331	1332	3	0.077689886
1331	1332	4	0.019969206
1332	1333	0	0.092882834
1332	1333	1	0.056859013
1332	1333	2	0.09715828
1332	1333	3	0.7161123
1332	1333	4	0.036987506
1333	1334	0	0.015105527
1333	1334	1	0.25162074
1333	1334	2	0.4758812
1333	1334	3	0.21290986
1333	1334	4	0.04448271
1333	1335	0	0.017384924
1333	1335	1	0.2610441
1333	1335	2	0.27729633
1333	1335	3	0.40046495
1333	1335	4	0.043809652
1334	1335	0	0.0883433
1334	1335	1	0.07955218
1334	1335	2	0.069079876
1334	1335	3	0.73777825
1334	1335	4	0.025246328
1336	1337	0	0.023073347
1336	1337	1	0.18045345
1336	1337	2	0.5970045
1336	1337	3	0.1416601
1336	1337	4	0.057808667
1336	1338	0	0.080991805
1336	1338	1	0.080377445
1336	1338	2	0.4739516
1336	1338	3	0.3161778
1336	1338	4	0.048501283
1337	1338	0	0.38408455
1337	1338	1	0.026552277
1337	1338	2	0.099218816
1337	1338	3	0.4640762
1337	1338	4	0.02606824
1336	1339	0	0.02551672
1336	1339	1	0.17278346
1336	1339	2	0.6070246
1336	1339	3	0.14576067
1336	1339	4	0.048914567
1336	1340	0	0.0120580895
1336	1340	1	0.71552384
1336	1340	2	0.14472954
1336	1340	3	0.0893369
1336	1340	4	0.038351625
1337	1339	0	0.08518426
1337	1339	1	0.17977524
1337	1339	2	0.2941938
1337	1339	3	0.4068459
1337	1339	4	0.034000855
1337	1340	0	0.019407406
1337	1340	1	0.73919874
1337	1340	2	0.06197129
1337	1340	3	0.15477778
1337	1340	4	0.024644762
1338	1339	0	0.022659725
1338	1339	1	0.3330059
1338	1339	2	0.4278918
1338	1339	3	0.18057665
1338	1339	4	0.035865925
1338	1340	0	0.0068800505
1338	1340	1	0.84270346
1338	1340	2	0.06999598
1338	1340	3	0.055587858
1338	1340	4	0.024832679
1339	1340	0	0.012350392
1339	1340	1	0.849904
1339	1340	2	0.032658357
1339	1340	3	0.089958325
1339	1340	4	0.015128991
1341	1342	0	0.072862074
1341	1342	1	0.30543247
1341	1342	2	0.06612413
1341	1342	3	0.53426206
1341	1342	4	0.021319255
1341	1343	0	0.08501119
1341	1343	1	0.07475853
1341	1343	2	0.064511955
1341	1343	3	0.754437
1341	1343	4	0.021281272
1341	1344	0	0.05602108
1341	1344	1	0.37223816
1341	1344	2	0.06408238
1341	1344	3	0.4848246
1341	1344	4	0.022833811
1342	1343	0	0.14175501
1342	1343	1	0.0865581
1342	1343	2	0.26533547
1342	1343	3	0.46013075
1342	1343	4	0.046220653
1342	1344	0	0.07146557
1342	1344	1	0.3474711
1342	1344	2	0.25219342
1342	1344	3	0.27670035
1342	1344	4	0.052169554
1343	1344	0	0.05211984
1343	1344	1	0.19845368
1343	1344	2	0.49756774
1343	1344	3	0.19751535
1343	1344	4	0.054343462
1345	1346	0	0.06667312
1345	1346	1	0.02617534
1345	1346	2	0.028311454
1345	1346	3	0.8642675
1345	1346	4	0.014572613
1345	1347	0	0.016721282
1345	1347	1	0.7627195
1345	1347	2	0.019255983
1345	1347	3	0.18502934
1345	1347	4	0.01627387
1345	1348	0	0.41665083
1345	1348	1	0.07878324
1345	1348	2	0.101271346
1345	1348	3	0.3733957
1345	1348	4	0.029898928
1346	1347	0	0.018909255
1346	1347	1	0.6484074
1346	1347	2	0.10616578
1346	1347	3	0.19467421
1346	1347	4	0.031843353
1346	1348	0	0.19792154
1346	1348	1	0.09499657
1346	1348	2	0.44136402
1346	1348	3	0.21097721
1346	1348	4	0.054740615
1347	1348	0	0.7998302
1347	1348	1	0.013443028
1347	1348	2	0.12831119
1347	1348	3	0.03820294
1347	1348	4	0.020212635
1349	1350	0	0.017219255
1349	1350	1	0.020672351
1349	1350	2	0.72241
1349	1350	3	0.18043265
1349	1350	4	0.059265744
1349	1351	0	0.040934127
1349	1351	1	0.035899017
1349	1351	2	0.8399386
1349	1351	3	0.038016934
1349	1351	4	0.04521132
1349	1352	0	0.02000813
1349	1352	1	0.02651072
1349	1352	2	0.9109066
1349	1352	3	0.015810603
1349	1352	4	0.026763983
1349	1353	0	0.012422654
1349	1353	1	0.0675442
1349	1353	2	0.8351394
1349	1353	3	0.04974092
1349	1353	4	0.035152886
1349	1354	0	0.014648523
1349	1354	1	0.13816954
1349	1354	2	0.73695976
1349	1354	3	0.063388616
1349	1354	4	0.046833508
1349	1355	0	0.012497442
1349	1355	1	0.08639099
1349	1355	2	0.7446589
1349	1355	3	0.113731526
1349	1355	4	0.04272112
1349	1356	0	0.066866904
1349	1356	1	0.029845199
1349	1356	2	0.8505293
1349	1356	3	0.019000936
1349	1356	4	0.03375764
1349	1357	0	0.17212692
1349	1357	1	0.019576874
1349	1357	2	0.6745492
1349	1357	3	0.08279344
1349	1357	4	0.05095352
1350	1351	0	0.18730561
1350	1351	1	0.049325258
1350	1351	2	0.5487735
1350	1351	3	0.16000918
1350	1351	4	0.054586407
1350	1352	0	0.074354224
1350	1352	1	0.04455415
1350	1352	2	0.7738561
1350	1352	3	0.071679465
1350	1352	4	0.035556022
1350	1353	0	0.03868058
1350	1353	1	0.11865819
1350	1353	2	0.54350144
1350	1353	3	0.25488818
1350	1353	4	0.04427164
1350	1354	0	0.03365135
1350	1354	1	0.18513654
1350	1354	2	0.38285014
1350	1354	3	0.3545166
1350	1354	4	0.043845348
1350	1355	0	0.025672525
1350	1355	1	0.11560294
1350	1355	2	0.37442553
1350	1355	3	0.44955823
1350	1355	4	0.034740753
1350	1356	0	0.2612797
1350	1356	1	0.04306388
1350	1356	2	0.57187927
1350	1356	3	0.08124913
1350	1356	4	0.042527985
1350	1357	0	0.44177902
1350	1357	1	0.019442875
1350	1357	2	0.25441504
1350	1357	3	0.2373468
1350	1357	4	0.047016278
1351	1352	0	0.076877065
1351	1352	1	0.51625663
1351	1352	2	0.30545565
1351	1352	3	0.06491744
1351	1352	4	0.03649317
1351	1353	0	0.031221896
1351	1353	1	0.66455716
1351	1353	2	0.13147965
1351	1353	3	0.14411546
1351	1353	4	0.028625906
1351	1354	0	0.020890161
1351	1354	1	0.79743713
1351	1354	2	0.054137427
1351	1354	3	0.10852736
1351	1354	4	0.019007972
1351	1355	0	0.02286783
1351	1355	1	0.5725622
1351	1355	2	0.09158026
1351	1355	3	0.28736967
1351	1355	4	0.025620084
1351	1356	0	0.40806228
1351	1356	1	0.28355795
1351	1356	2	0.20486721
1351	1356	3	0.07055271
1351	1356	4	0.032959793
1351	1357	0	0.6618446
1351	1357	1	0.07182353
1351	1357	2	0.07369394
1351	1357	3	0.1611403
1351	1357	4	0.03149756
1352	1353	0	0.020694263
1352	1353	1	0.70516086
1352	1353	2	0.033818655
1352	1353	3	0.22454527
1352	1353	4	0.015780928
1352	1354	0	0.021172632
1352	1354	1	0.7337205
1352	1354	2	0.013729876
1352	1354	3	0.21993123
1352	1354	4	0.011445823
1352	1355	0	0.018408833
1352	1355	1	0.54718286
1352	1355	2	0.025882447
1352	1355	3	0.3942376
1352	1355	4	0.014288296
1352	1356	0	0.57310605
1352	1356	1	0.22138615
1352	1356	2	0.066556215
1352	1356	3	0.11911436
1352	1356	4	0.019837176
1352	1357	0	0.6330213
1352	1357	1	0.04334048
1352	1357	2	0.020539867
1352	1357	3	0.2853178
1352	1357	4	0.017780486
1353	1354	0	0.2039051
1353	1354	1	0.34398827
1353	1354	2	0.089350134
1353	1354	3	0.3264234
1353	1354	4	0.03633304
1353	1355	0	0.054914508
1353	1355	1	0.3008639
1353	1355	2	0.1385151
1353	1355	3	0.47022468
1353	1355	4	0.035481777
1353	1356	0	0.7548741
1353	1356	1	0.056513768
1353	1356	2	0.12872614
1353	1356	3	0.040660467
1353	1356	4	0.019225447
1353	1357	0	0.8440001
1353	1357	1	0.012492345
1353	1357	2	0.037363283
1353	1357	3	0.0887867
1353	1357	4	0.01735763
1354	1355	0	0.12420641
1354	1355	1	0.13120967
1354	1355	2	0.29323855
1354	1355	3	0.41448542
1354	1355	4	0.03686002
1354	1356	0	0.8580297
1354	1356	1	0.017008984
1354	1356	2	0.09308534
1354	1356	3	0.020593017
1354	1356	4	0.011282927
1354	1357	0	0.8919832
1354	1357	1	0.0064310273
1354	1357	2	0.041211277
1354	1357	3	0.0467071
1354	1357	4	0.0136674065
1355	1356	0	0.74116683
1355	1356	1	0.026420936
1355	1356	2	0.16160826
1355	1356	3	0.04734475
1355	1356	4	0.023459181
1355	1357	0	0.81335497
1355	1357	1	0.009245199
1355	1357	2	0.06282622
1355	1357	3	0.09213757
1355	1357	4	0.022436064
1356	1357	0	0.56746495
1356	1357	1	0.06540063
1356	1357	2	0.06979054
1356	1357	3	0.26351464
1356	1357	4	0.03382924
1349	1358	0	0.013742619
1349	1358	1	0.11414502
1349	1358	2	0.7736153
1349	1358	3	0.0538695
1349	1358	4	0.044627562
1349	1359	0	0.063112274
1349	1359	1	0.019471198
1349	1359	2	0.8055005
1349	1359	3	0.06639875
1349	1359	4	0.04551729
1349	1360	0	0.0378847
1349	1360	1	0.019518219
1349	1360	2	0.8584357
1349	1360	3	0.046579357
1349	1360	4	0.037581965
1349	1361	0	0.012370746
1349	1361	1	0.110111006
1349	1361	2	0.7827367
1349	1361	3	0.05341772
1349	1361	4	0.041363828
1349	1362	0	0.010716274
1349	1362	1	0.19933589
1349	1362	2	0.7147045
1349	1362	3	0.029266687
1349	1362	4	0.045976594
1349	1363	0	0.14733167
1349	1363	1	0.011577791
1349	1363	2	0.65760416
1349	1363	3	0.13302055
1349	1363	4	0.050465744
1349	1364	0	0.032213766
1349	1364	1	0.081816204
1349	1364	2	0.8139337
1349	1364	3	0.03482749
1349	1364	4	0.037208844
1350	1358	0	0.031149168
1350	1358	1	0.18173705
1350	1358	2	0.5058642
1350	1358	3	0.23529932
1350	1358	4	0.04595032
1350	1359	0	0.19552127
1350	1359	1	0.025796859
1350	1359	2	0.44782844
1350	1359	3	0.28496072
1350	1359	4	0.045892693
1350	1360	0	0.11581552
1350	1360	1	0.026295336
1350	1360	2	0.6186578
1350	1360	3	0.19753523
1350	1360	4	0.0416961
1350	1361	0	0.025473598
1350	1361	1	0.16231112
1350	1361	2	0.5314572
1350	1361	3	0.23675624
1350	1361	4	0.044001818
1350	1362	0	0.019213073
1350	1362	1	0.31817955
1350	1362	2	0.5205098
1350	1362	3	0.10061695
1350	1362	4	0.04148069
1350	1363	0	0.35551995
1350	1363	1	0.011239366
1350	1363	2	0.20493792
1350	1363	3	0.38855526
1350	1363	4	0.039747503
1350	1364	0	0.11184398
1350	1364	1	0.12707861
1350	1364	2	0.501127
1350	1364	3	0.21601164
1350	1364	4	0.04393875
1351	1358	0	0.019300502
1351	1358	1	0.79357255
1351	1358	2	0.09144299
1351	1358	3	0.07722846
1351	1358	4	0.018455453
1351	1359	0	0.32670072
1351	1359	1	0.160304
1351	1359	2	0.20474629
1351	1359	3	0.27245
1351	1359	4	0.035799004
1351	1360	0	0.16417244
1351	1360	1	0.18784262
1351	1360	2	0.37117293
1351	1360	3	0.23526305
1351	1360	4	0.041548904
1351	1361	0	0.018741515
1351	1361	1	0.7493579
1351	1361	2	0.098538645
1351	1361	3	0.111245625
1351	1361	4	0.022116307
1351	1362	0	0.009606198
1351	1362	1	0.89464295
1351	1362	2	0.056509465
1351	1362	3	0.027056284
1351	1362	4	0.012185129
1351	1363	0	0.67314696
1351	1363	1	0.020972079
1351	1363	2	0.047519635
1351	1363	3	0.24154106
1351	1363	4	0.016820274
1351	1364	0	0.109904565
1351	1364	1	0.65061134
1351	1364	2	0.11273746
1351	1364	3	0.105698735
1351	1364	4	0.021047816
1352	1358	0	0.018696507
1352	1358	1	0.79667646
1352	1358	2	0.034055244
1352	1358	3	0.1387754
1352	1358	4	0.011796367
1352	1359	0	0.3209319
1352	1359	1	0.09046131
1352	1359	2	0.053516567
1352	1359	3	0.515729
1352	1359	4	0.019361151
1352	1360	0	0.2157349
1352	1360	1	0.12689589
1352	1360	2	0.11761727
1352	1360	3	0.51571923
1352	1360	4	0.02403272
1352	1361	0	0.0186495
1352	1361	1	0.7594703
1352	1361	2	0.033777207
1352	1361	3	0.1739964
1352	1361	4	0.014106632
1352	1362	0	0.008001307
1352	1362	1	0.92834985
1352	1362	2	0.017143773
1352	1362	3	0.040463075
1352	1362	4	0.0060420306
1352	1363	0	0.5427146
1352	1363	1	0.015056256
1352	1363	2	0.016575119
1352	1363	3	0.41239294
1352	1363	4	0.0132610565
1352	1364	0	0.14805047
1352	1364	1	0.5629937
1352	1364	2	0.03362398
1352	1364	3	0.24138713
1352	1364	4	0.013944699
1353	1358	0	0.10653911
1353	1358	1	0.5568405
1353	1358	2	0.15728553
1353	1358	3	0.14488849
1353	1358	4	0.034446333
1353	1359	0	0.6943434
1353	1359	1	0.027390067
1353	1359	2	0.09970488
1353	1359	3	0.15556863
1353	1359	4	0.022993043
1353	1360	0	0.5505828
1353	1360	1	0.04145369
1353	1360	2	0.21130382
1353	1360	3	0.16493598
1353	1360	4	0.031723686
1353	1361	0	0.09278693
1353	1361	1	0.56795007
1353	1361	2	0.13442896
1353	1361	3	0.16660483
1353	1361	4	0.0382292
1353	1362	0	0.048471767
1353	1362	1	0.8023366
1353	1362	2	0.079392515
1353	1362	3	0.04910221
1353	1362	4	0.020696893
1353	1363	0	0.81081504
1353	1363	1	0.007624107
1353	1363	2	0.03180706
1353	1363	3	0.13555533
1353	1363	4	0.014198417
1353	1364	0	0.4378307
1353	1364	1	0.29995114
1353	1364	2	0.09808125
1353	1364	3	0.137958
1353	1364	4	0.026178855
1354	1358	0	0.2509875
1354	1358	1	0.27855253
1354	1358	2	0.31844458
1354	1358	3	0.11720543
1354	1358	4	0.034809954
1354	1359	0	0.81298953
1354	1359	1	0.009145377
1354	1359	2	0.09983394
1354	1359	3	0.064643815
1354	1359	4	0.013387425
1354	1360	0	0.8176061
1354	1360	1	0.01004258
1354	1360	2	0.116731346
1354	1360	3	0.042177863
1354	1360	4	0.0134422
1354	1361	0	0.19890812
1354	1361	1	0.3651763
1354	1361	2	0.27723292
1354	1361	3	0.11922488
1354	1361	4	0.03945771
1354	1362	0	0.14667559
1354	1362	1	0.49007213
1354	1362	2	0.27850235
1354	1362	3	0.052528936
1354	1362	4	0.03222107
1354	1363	0	0.8845522
1354	1363	1	0.004423834
1354	1363	2	0.03823981
1354	1363	3	0.062480763
1354	1363	4	0.010303512
1354	1364	0	0.6213438
1354	1364	1	0.1181005
1354	1364	2	0.1654331
1354	1364	3	0.07224586
1354	1364	4	0.02287671
1355	1358	0	0.14391229
1355	1358	1	0.23688737
1355	1358	2	0.3503663
1355	1358	3	0.21603243
1355	1358	4	0.05280165
1355	1359	0	0.8317693
1355	1359	1	0.008865908
1355	1359	2	0.077004254
1355	1359	3	0.064662404
1355	1359	4	0.01769806
1355	1360	0	0.6644572
1355	1360	1	0.01573147
1355	1360	2	0.17804237
1355	1360	3	0.116010614
1355	1360	4	0.02575838
1355	1361	0	0.14559664
1355	1361	1	0.26791304
1355	1361	2	0.2920023
1355	1361	3	0.24404761
1355	1361	4	0.0504404
1355	1362	0	0.0941059
1355	1362	1	0.4739152
1355	1362	2	0.28865442
1355	1362	3	0.10027064
1355	1362	4	0.04305385
1355	1363	0	0.79820925
1355	1363	1	0.0052043446
1355	1363	2	0.04959473
1355	1363	3	0.13006534
1355	1363	4	0.016926277
1355	1364	0	0.58320564
1355	1364	1	0.09750068
1355	1364	2	0.15973713
1355	1364	3	0.12988383
1355	1364	4	0.029672742
1356	1358	0	0.02588952
1356	1358	1	0.75214744
1356	1358	2	0.0610897
1356	1358	3	0.1400475
1356	1358	4	0.020825814
1356	1359	0	0.5491014
1356	1359	1	0.109117456
1356	1359	2	0.086233
1356	1359	3	0.23294407
1356	1359	4	0.022604099
1356	1360	0	0.39774057
1356	1360	1	0.13231258
1356	1360	2	0.14931086
1356	1360	3	0.2931322
1356	1360	4	0.027503764
1356	1361	0	0.016326202
1356	1361	1	0.8452491
1356	1361	2	0.036418967
1356	1361	3	0.08628338
1356	1361	4	0.015722297
1356	1362	0	0.0071894927
1356	1362	1	0.9352374
1356	1362	2	0.022903211
1356	1362	3	0.026316073
1356	1362	4	0.008353865
1356	1363	0	0.6068088
1356	1363	1	0.030029058
1356	1363	2	0.03596175
1356	1363	3	0.30988264
1356	1363	4	0.01731783
1356	1364	0	0.26882112
1356	1364	1	0.48494467
1356	1364	2	0.074622
1356	1364	3	0.14896266
1356	1364	4	0.022649607
1357	1358	0	0.015556462
1357	1358	1	0.7971425
1357	1358	2	0.0785352
1357	1358	3	0.09126286
1357	1358	4	0.017502999
1357	1359	0	0.37399882
1357	1359	1	0.19395675
1357	1359	2	0.16866095
1357	1359	3	0.22951744
1357	1359	4	0.033866026
1357	1360	0	0.21716784
1357	1360	1	0.20204046
1357	1360	2	0.30604202
1357	1360	3	0.23784102
1357	1360	4	0.03690867
1357	1361	0	0.010613909
1357	1361	1	0.85793376
1357	1361	2	0.06331261
1357	1361	3	0.05437707
1357	1361	4	0.01376258
1357	1362	0	0.0056217
1357	1362	1	0.9262953
1357	1362	2	0.038253907
1357	1362	3	0.020529596
1357	1362	4	0.009299454
1357	1363	0	0.37748688
1357	1363	1	0.07214463
1357	1363	2	0.1298829
1357	1363	3	0.39053094
1357	1363	4	0.02995467
1357	1364	0	0.08992201
1357	1364	1	0.6596246
1357	1364	2	0.14369565
1357	1364	3	0.08515907
1357	1364	4	0.021598645
1358	1359	0	0.90372074
1358	1359	1	0.00676618
1358	1359	2	0.03020022
1358	1359	3	0.049790155
1358	1359	4	0.009522671
1358	1360	0	0.8119692
1358	1360	1	0.014225952
1358	1360	2	0.06781769
1358	1360	3	0.09025488
1358	1360	4	0.015732378
1358	1361	0	0.11952665
1358	1361	1	0.49791002
1358	1361	2	0.12110655
1358	1361	3	0.22361298
1358	1361	4	0.03784386
1358	1362	0	0.08218626
1358	1362	1	0.75325537
1358	1362	2	0.07703625
1358	1362	3	0.06618638
1358	1362	4	0.02133573
1358	1363	0	0.88792926
1358	1363	1	0.004523037
1358	1363	2	0.017222406
1358	1363	3	0.08046025
1358	1363	4	0.009864935
1358	1364	0	0.86126906
1358	1364	1	0.028176153
1358	1364	2	0.036209837
1358	1364	3	0.06516781
1358	1364	4	0.009177219
1359	1360	0	0.084994145
1359	1360	1	0.2299028
1359	1360	2	0.42154846
1359	1360	3	0.21807507
1359	1360	4	0.04547952
1359	1361	0	0.008690919
1359	1361	1	0.778405
1359	1361	2	0.0933482
1359	1361	3	0.098496154
1359	1361	4	0.021059692
1359	1362	0	0.0051933043
1359	1362	1	0.8902996
1359	1362	2	0.060461264
1359	1362	3	0.031129647
1359	1362	4	0.012916128
1359	1363	0	0.5168238
1359	1363	1	0.031837173
1359	1363	2	0.08783726
1359	1363	3	0.33601534
1359	1363	4	0.027486458
1359	1364	0	0.039000552
1359	1364	1	0.7382213
1359	1364	2	0.12093402
1359	1364	3	0.08057565
1359	1364	4	0.021268433
1360	1361	0	0.0067081363
1360	1361	1	0.78573096
1360	1361	2	0.07325405
1360	1361	3	0.11923217
1360	1361	4	0.015074695
1360	1362	0	0.004108671
1360	1362	1	0.9001498
1360	1362	2	0.04862726
1360	1362	3	0.03697527
1360	1362	4	0.010138978
1360	1363	0	0.34019324
1360	1363	1	0.04151078
1360	1363	2	0.112243295
1360	1363	3	0.47729942
1360	1363	4	0.02875323
1360	1364	0	0.044075567
1360	1364	1	0.68974525
1360	1364	2	0.1039908
1360	1364	3	0.1427059
1360	1364	4	0.019482471
1361	1362	0	0.080761455
1361	1362	1	0.5906299
1361	1362	2	0.2103906
1361	1362	3	0.07399283
1361	1362	4	0.044225227
1361	1363	0	0.8293635
1361	1363	1	0.0069348705
1361	1363	2	0.040067475
1361	1363	3	0.10655133
1361	1363	4	0.01708279
1361	1364	0	0.6045041
1361	1364	1	0.11531964
1361	1364	2	0.14221014
1361	1364	3	0.10834113
1361	1364	4	0.029624982
1362	1363	0	0.8994226
1362	1363	1	0.0049827066
1362	1363	2	0.01658675
1362	1363	3	0.06816233
1362	1363	4	0.010845554
1362	1364	0	0.8078632
1362	1364	1	0.049775966
1362	1364	2	0.04525052
1362	1364	3	0.08083726
1362	1364	4	0.016273115
1363	1364	0	0.007872254
1363	1364	1	0.8817108
1363	1364	2	0.059941046
1363	1364	3	0.03750992
1363	1364	4	0.012965977
1358	1365	0	0.73628104
1358	1365	1	0.053114023
1358	1365	2	0.16320522
1358	1365	3	0.031588178
1358	1365	4	0.015811581
1358	1366	0	0.80488455
1358	1366	1	0.025921682
1358	1366	2	0.12574308
1358	1366	3	0.030137211
1358	1366	4	0.013313521
1358	1367	0	0.19981916
1358	1367	1	0.43266422
1358	1367	2	0.22132415
1358	1367	3	0.11726788
1358	1367	4	0.028924618
1358	1368	0	0.6055713
1358	1368	1	0.11470906
1358	1368	2	0.11424002
1358	1368	3	0.1321579
1358	1368	4	0.03332164
1358	1369	0	0.7061294
1358	1369	1	0.036673132
1358	1369	2	0.09735093
1358	1369	3	0.13754894
1358	1369	4	0.02229757
1359	1365	0	0.08611154
1359	1365	1	0.42983365
1359	1365	2	0.41091728
1359	1365	3	0.04552592
1359	1365	4	0.02761166
1359	1366	0	0.11254333
1359	1366	1	0.24416119
1359	1366	2	0.5520705
1359	1366	3	0.059106663
1359	1366	4	0.032118324
1359	1367	0	0.010899617
1359	1367	1	0.8040723
1359	1367	2	0.11083577
1359	1367	3	0.05729308
1359	1367	4	0.01689924
1359	1368	0	0.05163293
1359	1368	1	0.6315454
1359	1368	2	0.15278168
1359	1368	3	0.12955326
1359	1368	4	0.034486666
1359	1369	0	0.15162598
1359	1369	1	0.26039642
1359	1369	2	0.3148328
1359	1369	3	0.23678301
1359	1369	4	0.036361758
1360	1365	0	0.054079562
1360	1365	1	0.49000767
1360	1365	2	0.38094342
1360	1365	3	0.049941286
1360	1365	4	0.025027988
1360	1366	0	0.052608788
1360	1366	1	0.4108419
1360	1366	2	0.42600402
1360	1366	3	0.08019637
1360	1366	4	0.030348921
1360	1367	0	0.0062765456
1360	1367	1	0.8368006
1360	1367	2	0.07391087
1360	1367	3	0.0691915
1360	1367	4	0.013820488
1360	1368	0	0.03499175
1360	1368	1	0.62671417
1360	1368	2	0.1502735
1360	1368	3	0.1549656
1360	1368	4	0.033054978
1360	1369	0	0.08933655
1360	1369	1	0.27508146
1360	1369	2	0.24012949
1360	1369	3	0.36395958
1360	1369	4	0.031492952
1361	1365	0	0.5376705
1361	1365	1	0.06205064
1361	1365	2	0.33449444
1361	1365	3	0.04056843
1361	1365	4	0.025216052
1361	1366	0	0.5136136
1361	1366	1	0.040814385
1361	1366	2	0.3755836
1361	1366	3	0.04446507
1361	1366	4	0.025523366
1361	1367	0	0.11433016
1361	1367	1	0.41382578
1361	1367	2	0.3368799
1361	1367	3	0.098197475
1361	1367	4	0.036766723
1361	1368	0	0.45261368
1361	1368	1	0.1482705
1361	1368	2	0.21145144
1361	1368	3	0.13989776
1361	1368	4	0.04776654
1361	1369	0	0.49140483
1361	1369	1	0.07459144
1361	1369	2	0.20799033
1361	1369	3	0.19592966
1361	1369	4	0.03008364
1362	1365	0	0.78843063
1362	1365	1	0.034162693
1362	1365	2	0.12806799
1362	1365	3	0.030930558
1362	1365	4	0.018408066
1362	1366	0	0.81026256
1362	1366	1	0.022815827
1362	1366	2	0.11807963
1362	1366	3	0.032356884
1362	1366	4	0.016485086
1362	1367	0	0.22193132
1362	1367	1	0.44720772
1362	1367	2	0.17891131
1362	1367	3	0.118195556
1362	1367	4	0.033754017
1362	1368	0	0.70375335
1362	1368	1	0.07659411
1362	1368	2	0.077879585
1362	1368	3	0.108409844
1362	1368	4	0.03336313
1362	1369	0	0.7837521
1362	1369	1	0.030190343
1362	1369	2	0.054645278
1362	1369	3	0.11438052
1362	1369	4	0.017031815
1363	1365	0	0.024906622
1363	1365	1	0.48816636
1363	1365	2	0.421725
1363	1365	3	0.03764913
1363	1365	4	0.027552929
1363	1366	0	0.028329093
1363	1366	1	0.45840055
1363	1366	2	0.44027218
1363	1366	3	0.04432612
1363	1366	4	0.02867209
1363	1367	0	0.008634636
1363	1367	1	0.7651389
1363	1367	2	0.15351224
1363	1367	3	0.051014803
1363	1367	4	0.021699421
1363	1368	0	0.016502699
1363	1368	1	0.69575673
1363	1368	2	0.1906876
1363	1368	3	0.06914598
1363	1368	4	0.027906984
1363	1369	0	0.04357873
1363	1369	1	0.4999012
1363	1369	2	0.30806252
1363	1369	3	0.12029509
1363	1369	4	0.028162519
1364	1365	0	0.5573233
1364	1365	1	0.14092404
1364	1365	2	0.22871347
1364	1365	3	0.045884028
1364	1365	4	0.0271552
1364	1366	0	0.48468858
1364	1366	1	0.16447504
1364	1366	2	0.27565464
1364	1366	3	0.047637884
1364	1366	4	0.027543752
1364	1367	0	0.09470781
1364	1367	1	0.6802539
1364	1367	2	0.13757005
1364	1367	3	0.06373331
1364	1367	4	0.023734828
1364	1368	0	0.4155479
1364	1368	1	0.34117082
1364	1368	2	0.10244262
1364	1368	3	0.10593055
1364	1368	4	0.034908094
1364	1369	0	0.79967606
1364	1369	1	0.04109046
1364	1369	2	0.052093375
1364	1369	3	0.09117586
1364	1369	4	0.015964262
1365	1366	0	0.5935804
1365	1366	1	0.15397014
1365	1366	2	0.11757211
1365	1366	3	0.11369224
1365	1366	4	0.021185046
1365	1367	0	0.017268354
1365	1367	1	0.8674026
1365	1367	2	0.028374206
1365	1367	3	0.07700955
1365	1367	4	0.009945251
1365	1368	0	0.13469687
1365	1368	1	0.5431931
1365	1368	2	0.04679316
1365	1368	3	0.25037095
1365	1368	4	0.024945952
1365	1369	0	0.37316275
1365	1369	1	0.12520257
1365	1369	2	0.046147846
1365	1369	3	0.4374523
1365	1369	4	0.018034525
1366	1367	0	0.008727877
1366	1367	1	0.9172774
1366	1367	2	0.017600415
1366	1367	3	0.048497204
1366	1367	4	0.007897135
1366	1368	0	0.050489794
1366	1368	1	0.7593394
1366	1368	2	0.027247177
1366	1368	3	0.14437166
1366	1368	4	0.018552015
1366	1369	0	0.2695985
1366	1369	1	0.24555759
1366	1369	2	0.037342165
1366	1369	3	0.42928094
1366	1369	4	0.018220838
1367	1368	0	0.7549601
1367	1368	1	0.07104243
1367	1368	2	0.045411568
1367	1368	3	0.101373374
1367	1368	4	0.027212495
1367	1369	0	0.82681394
1367	1369	1	0.024069611
1367	1369	2	0.032132953
1367	1369	3	0.10329861
1367	1369	4	0.01368491
1368	1369	0	0.3381811
1368	1369	1	0.25456044
1368	1369	2	0.12384811
1368	1369	3	0.24674462
1368	1369	4	0.036665756
1365	1370	0	0.04734749
1365	1370	1	0.019270536
1365	1370	2	0.016653065
1365	1370	3	0.90213025
1365	1370	4	0.014598665
1365	1371	0	0.06217724
1365	1371	1	0.19547966
1365	1371	2	0.043761164
1365	1371	3	0.67697155
1365	1371	4	0.021610338
1365	1372	0	0.25427365
1365	1372	1	0.27376863
1365	1372	2	0.14021459
1365	1372	3	0.29847214
1365	1372	4	0.03327105
1366	1370	0	0.033224948
1366	1370	1	0.02826155
1366	1370	2	0.014749609
1366	1370	3	0.90851164
1366	1370	4	0.01525226
1366	1371	0	0.042040896
1366	1371	1	0.41574177
1366	1371	2	0.035641316
1366	1371	3	0.4832054
1366	1371	4	0.023370577
1366	1372	0	0.12791178
1366	1372	1	0.5228392
1366	1372	2	0.106323294
1366	1372	3	0.21024974
1366	1372	4	0.032675993
1367	1370	0	0.29766124
1367	1370	1	0.015510996
1367	1370	2	0.03780733
1367	1370	3	0.61961883
1367	1370	4	0.029401608
1367	1371	0	0.39944527
1367	1371	1	0.11585555
1367	1371	2	0.0908982
1367	1371	3	0.3491287
1367	1371	4	0.044672206
1367	1372	0	0.7081211
1367	1372	1	0.0520627
1367	1372	2	0.12028839
1367	1372	3	0.09100347
1367	1372	4	0.02852441
1368	1370	0	0.11481872
1368	1370	1	0.028165197
1368	1370	2	0.05082203
1368	1370	3	0.77005523
1368	1370	4	0.03613885
1368	1371	0	0.08961501
1368	1371	1	0.37456247
1368	1371	2	0.13670012
1368	1371	3	0.3470779
1368	1371	4	0.052044563
1368	1372	0	0.23039483
1368	1372	1	0.29425296
1368	1372	2	0.26075244
1368	1372	3	0.16145182
1368	1372	4	0.053147957
1369	1370	0	0.03947619
1369	1370	1	0.05732321
1369	1370	2	0.048821542
1369	1370	3	0.829569
1369	1370	4	0.024810052
1369	1371	0	0.015995668
1369	1371	1	0.7241041
1369	1371	2	0.072532155
1369	1371	3	0.16533662
1369	1371	4	0.022031432
1369	1372	0	0.04358467
1369	1372	1	0.63138855
1369	1372	2	0.21403578
1369	1372	3	0.08133665
1369	1372	4	0.029654413
1370	1371	0	0.016619612
1370	1371	1	0.2268784
1370	1371	2	0.5592409
1370	1371	3	0.14680888
1370	1371	4	0.050452244
1370	1372	0	0.03023914
1370	1372	1	0.10112541
1370	1372	2	0.7545693
1370	1372	3	0.06743427
1370	1372	4	0.04663186
1371	1372	0	0.35783598
1371	1372	1	0.12022797
1371	1372	2	0.3607011
1371	1372	3	0.1044893
1371	1372	4	0.056745593
1370	1373	0	0.049202953
1370	1373	1	0.025694681
1370	1373	2	0.87186337
1370	1373	3	0.030183248
1370	1373	4	0.02305577
1370	1374	0	0.07052805
1370	1374	1	0.035544965
1370	1374	2	0.82408017
1370	1374	3	0.040366396
1370	1374	4	0.029480373
1370	1375	0	0.07739024
1370	1375	1	0.17622459
1370	1375	2	0.45752737
1370	1375	3	0.21291833
1370	1375	4	0.0759395
1370	1376	0	0.025967035
1370	1376	1	0.24001256
1370	1376	2	0.56425214
1370	1376	3	0.109459065
1370	1376	4	0.060309187
1371	1373	0	0.6086767
1371	1373	1	0.024046713
1371	1373	2	0.29969198
1371	1373	3	0.042222477
1371	1373	4	0.02536217
1371	1374	0	0.70713556
1371	1374	1	0.026799751
1371	1374	2	0.19704011
1371	1374	3	0.045560196
1371	1374	4	0.023464235
1371	1375	0	0.63755554
1371	1375	1	0.0606427
1371	1375	2	0.07930049
1371	1375	3	0.18670963
1371	1375	4	0.035791602
1371	1376	0	0.25027683
1371	1376	1	0.28177187
1371	1376	2	0.23714961
1371	1376	3	0.16854484
1371	1376	4	0.062256806
1372	1373	0	0.5971081
1372	1373	1	0.057229847
1372	1373	2	0.21313117
1372	1373	3	0.11245646
1372	1373	4	0.020074435
1372	1374	0	0.680478
1372	1374	1	0.06327096
1372	1374	2	0.13685957
1372	1374	3	0.09777104
1372	1374	4	0.021620398
1372	1375	0	0.35047892
1372	1375	1	0.21227242
1372	1375	2	0.03521071
1372	1375	3	0.37239683
1372	1375	4	0.02964111
1372	1376	0	0.089150324
1372	1376	1	0.5960158
1372	1376	2	0.07699894
1372	1376	3	0.20441516
1372	1376	4	0.03341971
1373	1374	0	0.23680009
1373	1374	1	0.17065051
1373	1374	2	0.3704777
1373	1374	3	0.1872308
1373	1374	4	0.03484088
1373	1375	0	0.15324818
1373	1375	1	0.2687501
1373	1375	2	0.047916356
1373	1375	3	0.50301635
1373	1375	4	0.027069017
1373	1376	0	0.026805602
1373	1376	1	0.66520095
1373	1376	2	0.07339355
1373	1376	3	0.21096726
1373	1376	4	0.02363268
1374	1375	0	0.15825205
1374	1375	1	0.45946747
1374	1375	2	0.028363297
1374	1375	3	0.32677862
1374	1375	4	0.027138496
1374	1376	0	0.017175274
1374	1376	1	0.8111745
1374	1376	2	0.037330184
1374	1376	3	0.11433224
1374	1376	4	0.019987773
1375	1376	0	0.07780992
1375	1376	1	0.4265466
1375	1376	2	0.36228645
1375	1376	3	0.08510901
1375	1376	4	0.048247986
1373	1377	0	0.025994003
1373	1377	1	0.019396257
1373	1377	2	0.049255412
1373	1377	3	0.88737696
1373	1377	4	0.017977359
1373	1378	0	0.012399432
1373	1378	1	0.38887966
1373	1378	2	0.11125851
1373	1378	3	0.45875716
1373	1378	4	0.028705223
1374	1377	0	0.035147965
1374	1377	1	0.03385538
1374	1377	2	0.041504618
1374	1377	3	0.86518466
1374	1377	4	0.024307435
1374	1378	0	0.012859314
1374	1378	1	0.53667134
1374	1378	2	0.07277109
1374	1378	3	0.3516058
1374	1378	4	0.026092438
1375	1377	0	0.087328374
1375	1377	1	0.03179551
1375	1377	2	0.33377856
1375	1377	3	0.495549
1375	1377	4	0.051548615
1375	1378	0	0.031686787
1375	1378	1	0.40980187
1375	1378	2	0.39485547
1375	1378	3	0.12033425
1375	1378	4	0.043321528
1376	1377	0	0.3058396
1376	1377	1	0.013419901
1376	1377	2	0.104968086
1376	1377	3	0.5352749
1376	1377	4	0.040497523
1376	1378	0	0.13797343
1376	1378	1	0.22325538
1376	1378	2	0.17844057
1376	1378	3	0.40155452
1376	1378	4	0.058776107
1377	1378	0	0.013307514
1377	1378	1	0.24314773
1377	1378	2	0.4369164
1377	1378	3	0.25803477
1377	1378	4	0.04859349
1377	1379	0	0.023564588
1377	1379	1	0.076513104
1377	1379	2	0.6300083
1377	1379	3	0.22631797
1377	1379	4	0.043596018
1377	1380	0	0.037575033
1377	1380	1	0.05415326
1377	1380	2	0.53430265
1377	1380	3	0.32233074
1377	1380	4	0.05163834
1377	1381	0	0.01689204
1377	1381	1	0.123490654
1377	1381	2	0.48634303
1377	1381	3	0.33501714
1377	1381	4	0.03825709
1378	1379	0	0.27815267
1378	1379	1	0.05107619
1378	1379	2	0.30910933
1378	1379	3	0.3141628
1378	1379	4	0.047499016
1378	1380	0	0.3609848
1378	1380	1	0.025377814
1378	1380	2	0.17049773
1378	1380	3	0.39291707
1378	1380	4	0.050222658
1378	1381	0	0.15101072
1378	1381	1	0.062051456
1378	1381	2	0.22313155
1378	1381	3	0.5210092
1378	1381	4	0.042797077
1379	1380	0	0.1717223
1379	1380	1	0.030731313
1379	1380	2	0.0787404
1379	1380	3	0.6777693
1379	1380	4	0.04103666
1379	1381	0	0.03934079
1379	1381	1	0.120633915
1379	1381	2	0.12933618
1379	1381	3	0.6753555
1379	1381	4	0.03533368
1380	1381	0	0.016072249
1380	1381	1	0.25115395
1380	1381	2	0.34939182
1380	1381	3	0.32865468
1380	1381	4	0.054727245
1379	1382	0	0.37053254
1379	1382	1	0.07052531
1379	1382	2	0.2965276
1379	1382	3	0.22933647
1379	1382	4	0.033078004
1379	1383	0	0.63037723
1379	1383	1	0.054604515
1379	1383	2	0.1606447
1379	1383	3	0.1301789
1379	1383	4	0.0241947
1380	1382	0	0.058579892
1380	1382	1	0.11326715
1380	1382	2	0.7323521
1380	1382	3	0.05872825
1380	1382	4	0.037072726
1380	1383	0	0.15151748
1380	1383	1	0.13149711
1380	1383	2	0.6057136
1380	1383	3	0.063916735
1380	1383	4	0.047355056
1381	1382	0	0.657973
1381	1382	1	0.015096729
1381	1382	2	0.21771432
1381	1382	3	0.07868057
1381	1382	4	0.030535372
1381	1383	0	0.6990456
1381	1383	1	0.020527085
1381	1383	2	0.18623324
1381	1383	3	0.070041694
1381	1383	4	0.024152437
1382	1383	0	0.44632667
1382	1383	1	0.16347243
1382	1383	2	0.25427458
1382	1383	3	0.11137331
1382	1383	4	0.024553007
1382	1384	0	0.08704785
1382	1384	1	0.4112183
1382	1384	2	0.36038777
1382	1384	3	0.11366063
1382	1384	4	0.027685473
1382	1385	0	0.0076309545
1382	1385	1	0.85760164
1382	1385	2	0.04509314
1382	1385	3	0.07823905
1382	1385	4	0.011435277
1382	1386	0	0.07310605
1382	1386	1	0.25769272
1382	1386	2	0.102398306
1382	1386	3	0.53193206
1382	1386	4	0.03487088
1382	1387	0	0.02207635
1382	1387	1	0.83615714
1382	1387	2	0.0646557
1382	1387	3	0.059754323
1382	1387	4	0.017356545
1382	1388	0	0.0091968225
1382	1388	1	0.9146063
1382	1388	2	0.035514772
1382	1388	3	0.03061889
1382	1388	4	0.010063221
1383	1384	0	0.08119187
1383	1384	1	0.58158374
1383	1384	2	0.23924364
1383	1384	3	0.07119421
1383	1384	4	0.026786512
1383	1385	0	0.008377326
1383	1385	1	0.8771843
1383	1385	2	0.033819716
1383	1385	3	0.069436416
1383	1385	4	0.011182259
1383	1386	0	0.07838503
1383	1386	1	0.26380926
1383	1386	2	0.08625236
1383	1386	3	0.5385257
1383	1386	4	0.03302768
1383	1387	0	0.03490036
1383	1387	1	0.8336001
1383	1387	2	0.059351508
1383	1387	3	0.054992955
1383	1387	4	0.017155124
1383	1388	0	0.013263373
1383	1388	1	0.9205679
1383	1388	2	0.027270468
1383	1388	3	0.029188283
1383	1388	4	0.009709981
1384	1385	0	0.014984635
1384	1385	1	0.82405317
1384	1385	2	0.023544367
1384	1385	3	0.12331115
1384	1385	4	0.014106648
1384	1386	0	0.13852559
1384	1386	1	0.1273057
1384	1386	2	0.042762406
1384	1386	3	0.6637713
1384	1386	4	0.027635042
1384	1387	0	0.08638487
1384	1387	1	0.76092035
1384	1387	2	0.03395286
1384	1387	3	0.09985911
1384	1387	4	0.018882846
1384	1388	0	0.018089356
1384	1388	1	0.9113257
1384	1388	2	0.013626341
1384	1388	3	0.047822382
1384	1388	4	0.009136334
1385	1386	0	0.7048363
1385	1386	1	0.016888639
1385	1386	2	0.06821945
1385	1386	3	0.18216974
1385	1386	4	0.027885817
1385	1387	0	0.7727019
1385	1387	1	0.07448274
1385	1387	2	0.08245113
1385	1387	3	0.045324482
1385	1387	4	0.025039742
1385	1388	0	0.37092865
1385	1388	1	0.38259932
1385	1388	2	0.124438494
1385	1388	3	0.081270024
1385	1388	4	0.040763494
1386	1387	0	0.04656337
1386	1387	1	0.66280067
1386	1387	2	0.198791
1386	1387	3	0.056273088
1386	1387	4	0.035571955
1386	1388	0	0.020535184
1386	1388	1	0.8010402
1386	1388	2	0.11642653
1386	1388	3	0.036831807
1386	1388	4	0.025166286
1387	1388	0	0.02281544
1387	1388	1	0.9115985
1387	1388	2	0.028090486
1387	1388	3	0.025643257
1387	1388	4	0.011852335
1384	1389	0	0.1755483
1384	1389	1	0.38257727
1384	1389	2	0.12245981
1384	1389	3	0.29229033
1384	1389	4	0.02712428
1384	1390	0	0.03733572
1384	1390	1	0.7581298
1384	1390	2	0.08092302
1384	1390	3	0.10664032
1384	1390	4	0.01697124
1384	1391	0	0.3640553
1384	1391	1	0.3099764
1384	1391	2	0.15792276
1384	1391	3	0.14348036
1384	1391	4	0.024565192
1384	1392	0	0.07451512
1384	1392	1	0.015444644
1384	1392	2	0.012950217
1384	1392	3	0.880197
1384	1392	4	0.016893078
1384	1393	0	0.016271986
1384	1393	1	0.63404775
1384	1393	2	0.03135646
1384	1393	3	0.29686028
1384	1393	4	0.021463554
1384	1394	0	0.01652037
1384	1394	1	0.88827634
1384	1394	2	0.022734981
1384	1394	3	0.06381771
1384	1394	4	0.00865062
1385	1389	0	0.7806063
1385	1389	1	0.027816147
1385	1389	2	0.12366705
1385	1389	3	0.048422564
1385	1389	4	0.019487904
1385	1390	0	0.46737212
1385	1390	1	0.13312946
1385	1390	2	0.29075056
1385	1390	3	0.07345138
1385	1390	4	0.03529639
1385	1391	0	0.8149207
1385	1391	1	0.017390031
1385	1391	2	0.12978311
1385	1391	3	0.022688946
1385	1391	4	0.015217185
1385	1392	0	0.51552093
1385	1392	1	0.009132572
1385	1392	2	0.05175102
1385	1392	3	0.39156103
1385	1392	4	0.0320344
1385	1393	0	0.18081228
1385	1393	1	0.3005803
1385	1393	2	0.15197736
1385	1393	3	0.3063985
1385	1393	4	0.06023153
1385	1394	0	0.36519262
1385	1394	1	0.34553215
1385	1394	2	0.15722427
1385	1394	3	0.09904934
1385	1394	4	0.033001598
1386	1389	0	0.10166919
1386	1389	1	0.22716993
1386	1389	2	0.54795474
1386	1389	3	0.07436759
1386	1389	4	0.04883849
1386	1390	0	0.03445665
1386	1390	1	0.40759948
1386	1390	2	0.4673464
1386	1390	3	0.04912487
1386	1390	4	0.041472625
1386	1391	0	0.11763171
1386	1391	1	0.17446634
1386	1391	2	0.62678385
1386	1391	3	0.04219263
1386	1391	4	0.038925517
1386	1392	0	0.12589431
1386	1392	1	0.03534959
1386	1392	2	0.16793048
1386	1392	3	0.6180171
1386	1392	4	0.05280853
1386	1393	0	0.023372808
1386	1393	1	0.51081055
1386	1393	2	0.2502274
1386	1393	3	0.16110282
1386	1393	4	0.054486413
1386	1394	0	0.019660424
1386	1394	1	0.72344387
1386	1394	2	0.17823702
1386	1394	3	0.051202863
1386	1394	4	0.027455807
1387	1389	0	0.36711115
1387	1389	1	0.23264647
1387	1389	2	0.24780355
1387	1389	3	0.12291261
1387	1389	4	0.029526241
1387	1390	0	0.08000667
1387	1390	1	0.55584496
1387	1390	2	0.26295248
1387	1390	3	0.07319632
1387	1390	4	0.027999606
1387	1391	0	0.46096987
1387	1391	1	0.18355076
1387	1391	2	0.28349474
1387	1391	3	0.04910163
1387	1391	4	0.022883043
1387	1392	0	0.23048854
1387	1392	1	0.018348463
1387	1392	2	0.0430921
1387	1392	3	0.6795779
1387	1392	4	0.02849301
1387	1393	0	0.044210073
1387	1393	1	0.54877764
1387	1393	2	0.102593236
1387	1393	3	0.2652146
1387	1393	4	0.039204463
1387	1394	0	0.061887354
1387	1394	1	0.7799676
1387	1394	2	0.07524834
1387	1394	3	0.06552747
1387	1394	4	0.017369173
1388	1389	0	0.7354142
1388	1389	1	0.05962234
1388	1389	2	0.107369445
1388	1389	3	0.07822074
1388	1389	4	0.019373272
1388	1390	0	0.30462736
1388	1390	1	0.35135314
1388	1390	2	0.20998025
1388	1390	3	0.10146051
1388	1390	4	0.03257871
1388	1391	0	0.80784893
1388	1391	1	0.05031678
1388	1391	2	0.09881278
1388	1391	3	0.028683431
1388	1391	4	0.01433811
1388	1392	0	0.4228326
1388	1392	1	0.013110103
1388	1392	2	0.028953925
1388	1392	3	0.5106759
1388	1392	4	0.024427459
1388	1393	0	0.13324884
1388	1393	1	0.3364767
1388	1393	2	0.0927832
1388	1393	3	0.39194763
1388	1393	4	0.045543637
1388	1394	0	0.19561021
1388	1394	1	0.6362781
1388	1394	2	0.07418561
1388	1394	3	0.07131458
1388	1394	4	0.022611484
1389	1390	0	0.022181988
1389	1390	1	0.7624799
1389	1390	2	0.1225816
1389	1390	3	0.07764523
1389	1390	4	0.015111276
1389	1391	0	0.18128471
1389	1391	1	0.33705753
1389	1391	2	0.32935166
1389	1391	3	0.12963146
1389	1391	4	0.022674596
1389	1392	0	0.05479488
1389	1392	1	0.02254921
1389	1392	2	0.024444668
1389	1392	3	0.88222563
1389	1392	4	0.015985642
1389	1393	0	0.0126836365
1389	1393	1	0.6024069
1389	1393	2	0.054374956
1389	1393	3	0.31235203
1389	1393	4	0.01818245
1389	1394	0	0.0257835
1389	1394	1	0.78298086
1389	1394	2	0.07709488
1389	1394	3	0.101552926
1389	1394	4	0.012587825
1390	1391	0	0.77723855
1390	1391	1	0.024019213
1390	1391	2	0.13282633
1390	1391	3	0.05157116
1390	1391	4	0.014344719
1390	1392	0	0.22346708
1390	1392	1	0.00899901
1390	1392	2	0.028774444
1390	1392	3	0.7185534
1390	1392	4	0.020206092
1390	1393	0	0.07078193
1390	1393	1	0.20797117
1390	1393	2	0.083540164
1390	1393	3	0.59808725
1390	1393	4	0.03961945
1390	1394	0	0.3452143
1390	1394	1	0.3052164
1390	1394	2	0.11508909
1390	1394	3	0.20473932
1390	1394	4	0.029740939
1391	1392	0	0.06694634
1391	1392	1	0.030718604
1391	1392	2	0.019083472
1391	1392	3	0.86738384
1391	1392	4	0.015867693
1391	1393	0	0.0123510035
1391	1393	1	0.6960087
1391	1393	2	0.032526303
1391	1393	3	0.24149933
1391	1393	4	0.017614655
1391	1394	0	0.034183882
1391	1394	1	0.81589276
1391	1394	2	0.030248782
1391	1394	3	0.109234825
1391	1394	4	0.010439771
1392	1393	0	0.0133532835
1392	1393	1	0.41984007
1392	1393	2	0.28897166
1392	1393	3	0.22754231
1392	1393	4	0.050292596
1392	1394	0	0.024220278
1392	1394	1	0.571966
1392	1394	2	0.2914611
1392	1394	3	0.08217974
1392	1394	4	0.030172914
1393	1394	0	0.2579899
1393	1394	1	0.14008652
1393	1394	2	0.45445254
1393	1394	3	0.08650277
1393	1394	4	0.060968257
1389	1395	0	0.19290523
1389	1395	1	0.11160763
1389	1395	2	0.056219738
1389	1395	3	0.6142608
1389	1395	4	0.025006568
1389	1396	0	0.6557379
1389	1396	1	0.029029401
1389	1396	2	0.070754476
1389	1396	3	0.2279407
1389	1396	4	0.016537542
1390	1395	0	0.7248726
1390	1395	1	0.012508081
1390	1395	2	0.027032379
1390	1395	3	0.2207639
1390	1395	4	0.014823163
1390	1396	0	0.91540766
1390	1396	1	0.0039959536
1390	1396	2	0.021169545
1390	1396	3	0.05244803
1390	1396	4	0.0069788327
1391	1395	0	0.37956473
1391	1395	1	0.05247338
1391	1395	2	0.023761483
1391	1395	3	0.5250525
1391	1395	4	0.019147906
1391	1396	0	0.7537583
1391	1396	1	0.023647005
1391	1396	2	0.025751084
1391	1396	3	0.18631873
1391	1396	4	0.0105248
1392	1395	0	0.28894123
1392	1395	1	0.05205659
1392	1395	2	0.30781823
1392	1395	3	0.30726513
1392	1395	4	0.04391889
1392	1396	0	0.5375174
1392	1396	1	0.024478976
1392	1396	2	0.28039417
1392	1396	3	0.1284352
1392	1396	4	0.029174248
1393	1395	0	0.6077223
1393	1395	1	0.022346698
1393	1395	2	0.17532547
1393	1395	3	0.15728475
1393	1395	4	0.03732074
1393	1396	0	0.8190526
1393	1396	1	0.010009391
1393	1396	2	0.108627826
1393	1396	3	0.0418844
1393	1396	4	0.02042584
1394	1395	0	0.7890116
1394	1395	1	0.012801029
1394	1395	2	0.02920964
1394	1395	3	0.1524934
1394	1395	4	0.016484322
1394	1396	0	0.9190975
1394	1396	1	0.0058439802
1394	1396	2	0.024336632
1394	1396	3	0.042186823
1394	1396	4	0.008535109
1395	1396	0	0.67421603
1395	1396	1	0.052408114
1395	1396	2	0.1825716
1395	1396	3	0.06859787
1395	1396	4	0.022206403
1395	1397	0	0.21153972
1395	1397	1	0.10807691
1395	1397	2	0.61584646
1395	1397	3	0.034460124
1395	1397	4	0.030076738
1395	1398	0	0.17250355
1395	1398	1	0.14060137
1395	1398	2	0.54853976
1395	1398	3	0.103234775
1395	1398	4	0.03512058
1395	1399	0	0.016319333
1395	1399	1	0.68426126
1395	1399	2	0.24631397
1395	1399	3	0.03047717
1395	1399	4	0.02262824
1395	1400	0	0.016634287
1395	1400	1	0.57134926
1395	1400	2	0.34497988
1395	1400	3	0.037923273
1395	1400	4	0.029113363
1395	1401	0	0.027353585
1395	1401	1	0.6791469
1395	1401	2	0.16852872
1395	1401	3	0.09386553
1395	1401	4	0.031105319
1395	1402	0	0.06720844
1395	1402	1	0.26566923
1395	1402	2	0.32958543
1395	1402	3	0.28201914
1395	1402	4	0.055517744
1396	1397	0	0.05747912
1396	1397	1	0.49911946
1396	1397	2	0.3798682
1396	1397	3	0.036814608
1396	1397	4	0.02671864
1396	1398	0	0.04203195
1396	1398	1	0.53291315
1396	1398	2	0.30140507
1396	1398	3	0.0920705
1396	1398	4	0.031579282
1396	1399	0	0.0044850316
1396	1399	1	0.91328573
1396	1399	2	0.058169626
1396	1399	3	0.013710277
1396	1399	4	0.010349357
1396	1400	0	0.004840998
1396	1400	1	0.89075476
1396	1400	2	0.07237897
1396	1400	3	0.018989386
1396	1400	4	0.0130359335
1396	1401	0	0.004358589
1396	1401	1	0.9214035
1396	1401	2	0.028932625
1396	1401	3	0.035136
1396	1401	4	0.010169254
1396	1402	0	0.012995026
1396	1402	1	0.7064438
1396	1402	2	0.081516616
1396	1402	3	0.1709433
1396	1402	4	0.028101249
1397	1398	0	0.124427244
1397	1398	1	0.31355712
1397	1398	2	0.07511061
1397	1398	3	0.45422134
1397	1398	4	0.032683667
1397	1399	0	0.004757975
1397	1399	1	0.9552526
1397	1399	2	0.015185404
1397	1399	3	0.018248193
1397	1399	4	0.006555732
1397	1400	0	0.004950352
1397	1400	1	0.936543
1397	1400	2	0.025297834
1397	1400	3	0.024481595
1397	1400	4	0.00872728
1397	1401	0	0.0055176527
1397	1401	1	0.91252154
1397	1401	2	0.013074359
1397	1401	3	0.059687037
1397	1401	4	0.009199386
1397	1402	0	0.020620566
1397	1402	1	0.6077796
1397	1402	2	0.036000874
1397	1402	3	0.30983633
1397	1402	4	0.025762584
1398	1399	0	0.005951954
1398	1399	1	0.93897516
1398	1399	2	0.026689045
1398	1399	3	0.018634629
1398	1399	4	0.009749193
1398	1400	0	0.008041774
1398	1400	1	0.8967818
1398	1400	2	0.05513113
1398	1400	3	0.025949458
1398	1400	4	0.01409595
1398	1401	0	0.0065398705
1398	1401	1	0.91337276
1398	1401	2	0.02141673
1398	1401	3	0.046259046
1398	1401	4	0.012411542
1398	1402	0	0.030366685
1398	1402	1	0.5555088
1398	1402	2	0.06689368
1398	1402	3	0.30637288
1398	1402	4	0.040858
1399	1400	0	0.11036461
1399	1400	1	0.6979517
1399	1400	2	0.09908973
1399	1400	3	0.06798029
1399	1400	4	0.024613691
1399	1401	0	0.095658414
1399	1401	1	0.67145437
1399	1401	2	0.035728242
1399	1401	3	0.17547008
1399	1401	4	0.021688899
1399	1402	0	0.279366
1399	1402	1	0.10052381
1399	1402	2	0.06143312
1399	1402	3	0.52773833
1399	1402	4	0.030938778
1400	1401	0	0.09108527
1400	1401	1	0.5973537
1400	1401	2	0.038796235
1400	1401	3	0.24709511
1400	1401	4	0.02566972
1400	1402	0	0.14549533
1400	1402	1	0.14919034
1400	1402	2	0.06482959
1400	1402	3	0.6078623
1400	1402	4	0.03262251
1401	1402	0	0.40915582
1401	1402	1	0.06800476
1401	1402	2	0.11062549
1401	1402	3	0.36908388
1401	1402	4	0.043130018
1403	1404	0	0.09025236
1403	1404	1	0.31682464
1403	1404	2	0.16947944
1403	1404	3	0.3834211
1403	1404	4	0.040022437
1403	1405	0	0.7575601
1403	1405	1	0.030748803
1403	1405	2	0.028722523
1403	1405	3	0.1674508
1403	1405	4	0.0155178085
1403	1406	0	0.4685815
1403	1406	1	0.10638733
1403	1406	2	0.10370547
1403	1406	3	0.29442874
1403	1406	4	0.026896916
1403	1407	0	0.18963058
1403	1407	1	0.08655995
1403	1407	2	0.04244423
1403	1407	3	0.6606412
1403	1407	4	0.020724073
1403	1408	0	0.029646475
1403	1408	1	0.8016516
1403	1408	2	0.04039343
1403	1408	3	0.113680705
1403	1408	4	0.014627819
1403	1409	0	0.01899129
1403	1409	1	0.8431449
1403	1409	2	0.036218192
1403	1409	3	0.08809687
1403	1409	4	0.013548767
1404	1405	0	0.831907
1404	1405	1	0.01729208
1404	1405	2	0.02809668
1404	1405	3	0.11108283
1404	1405	4	0.011621409
1404	1406	0	0.7242147
1404	1406	1	0.02960945
1404	1406	2	0.082278125
1404	1406	3	0.14437304
1404	1406	4	0.019524772
1404	1407	0	0.2913646
1404	1407	1	0.037350133
1404	1407	2	0.06102365
1404	1407	3	0.5897657
1404	1407	4	0.020495912
1404	1408	0	0.09417219
1404	1408	1	0.54474956
1404	1408	2	0.09791842
1404	1408	3	0.2385917
1404	1408	4	0.024568146
1404	1409	0	0.049696866
1404	1409	1	0.68656677
1404	1409	2	0.07848442
1404	1409	3	0.16274147
1404	1409	4	0.022510475
1405	1406	0	0.049990818
1405	1406	1	0.53448063
1405	1406	2	0.3000749
1405	1406	3	0.07986837
1405	1406	4	0.03558531
1405	1407	0	0.033376597
1405	1407	1	0.5862311
1405	1407	2	0.13491799
1405	1407	3	0.21558923
1405	1407	4	0.029885042
1405	1408	0	0.0044747246
1405	1408	1	0.92869467
1405	1408	2	0.041189954
1405	1408	3	0.01732851
1405	1408	4	0.008312187
1405	1409	0	0.003449053
1405	1409	1	0.9276696
1405	1409	2	0.041634515
1405	1409	3	0.01760616
1405	1409	4	0.009640649
1406	1407	0	0.09112818
1406	1407	1	0.2245758
1406	1407	2	0.05197214
1406	1407	3	0.61115223
1406	1407	4	0.021171669
1406	1408	0	0.0047728787
1406	1408	1	0.9389348
1406	1408	2	0.020590868
1406	1408	3	0.028502714
1406	1408	4	0.0071987226
1406	1409	0	0.0036829698
1406	1409	1	0.94139373
1406	1409	2	0.020769248
1406	1409	3	0.027180042
1406	1409	4	0.006973997
1407	1408	0	0.014603037
1407	1408	1	0.8721311
1407	1408	2	0.05084295
1407	1408	3	0.04622939
1407	1408	4	0.016193505
1407	1409	0	0.0074212346
1407	1409	1	0.8663562
1407	1409	2	0.065641336
1407	1409	3	0.04220906
1407	1409	4	0.0183722
1408	1409	0	0.06584073
1408	1409	1	0.6622368
1408	1409	2	0.08969412
1408	1409	3	0.14592136
1408	1409	4	0.03630694
1403	1410	0	0.21991247
1403	1410	1	0.5149761
1403	1410	2	0.11869911
1403	1410	3	0.12320324
1403	1410	4	0.023209168
1403	1411	0	0.544213
1403	1411	1	0.14781047
1403	1411	2	0.052008398
1403	1411	3	0.23569494
1403	1411	4	0.020273179
1403	1412	0	0.04551847
1403	1412	1	0.7838092
1403	1412	2	0.061772496
1403	1412	3	0.0921988
1403	1412	4	0.016701065
1403	1413	0	0.91197336
1403	1413	1	0.006781506
1403	1413	2	0.011320337
1403	1413	3	0.06173623
1403	1413	4	0.008188612
1403	1414	0	0.62687474
1403	1414	1	0.031793516
1403	1414	2	0.047890265
1403	1414	3	0.27713355
1403	1414	4	0.01630788
1404	1410	0	0.5208449
1404	1410	1	0.1509794
1404	1410	2	0.17189352
1404	1410	3	0.13264258
1404	1410	4	0.023639614
1404	1411	0	0.73042816
1404	1411	1	0.04230941
1404	1411	2	0.056340914
1404	1411	3	0.15510927
1404	1411	4	0.015812285
1404	1412	0	0.27145177
1404	1412	1	0.33532104
1404	1412	2	0.14988495
1404	1412	3	0.2092698
1404	1412	4	0.034072436
1404	1413	0	0.9158889
1404	1413	1	0.0045025446
1404	1413	2	0.015294483
1404	1413	3	0.056147087
1404	1413	4	0.008166934
1404	1414	0	0.71570355
1404	1414	1	0.010744587
1404	1414	2	0.046199996
1404	1414	3	0.21398589
1404	1414	4	0.013366008
1405	1410	0	0.011752224
1405	1410	1	0.83562
1405	1410	2	0.11631048
1405	1410	3	0.019862002
1405	1410	4	0.01645533
1405	1411	0	0.0370227
1405	1411	1	0.77068937
1405	1411	2	0.12121072
1405	1411	3	0.049104534
1405	1411	4	0.021972628
1405	1412	0	0.010105792
1405	1412	1	0.8204246
1405	1412	2	0.12932447
1405	1412	3	0.02054128
1405	1412	4	0.019603789
1405	1413	0	0.5910048
1405	1413	1	0.093256176
1405	1413	2	0.13122858
1405	1413	3	0.14459433
1405	1413	4	0.039916113
1405	1414	0	0.092789724
1405	1414	1	0.36323372
1405	1414	2	0.28436005
1405	1414	3	0.21620941
1405	1414	4	0.043407045
1406	1410	0	0.02109777
1406	1410	1	0.8567465
1406	1410	2	0.06755476
1406	1410	3	0.04078227
1406	1410	4	0.013818657
1406	1411	0	0.20210962
1406	1411	1	0.54690427
1406	1411	2	0.06005085
1406	1411	3	0.17201036
1406	1411	4	0.018924864
1406	1412	0	0.012803949
1406	1412	1	0.90943044
1406	1412	2	0.036512226
1406	1412	3	0.0316808
1406	1412	4	0.009572619
1406	1413	0	0.884933
1406	1413	1	0.016218372
1406	1413	2	0.014142435
1406	1413	3	0.075164385
1406	1413	4	0.009541885
1406	1414	0	0.42966336
1406	1414	1	0.08177751
1406	1414	2	0.07907563
1406	1414	3	0.38617852
1406	1414	4	0.023305057
1407	1410	0	0.04920168
1407	1410	1	0.58648145
1407	1410	2	0.27584714
1407	1410	3	0.049667284
1407	1410	4	0.038802486
1407	1411	0	0.2712756
1407	1411	1	0.29766086
1407	1411	2	0.22365886
1407	1411	3	0.16139932
1407	1411	4	0.046005305
1407	1412	0	0.020041598
1407	1412	1	0.7940957
1407	1412	2	0.12193966
1407	1412	3	0.037386045
1407	1412	4	0.026536964
1407	1413	0	0.8985555
1407	1413	1	0.010920881
1407	1413	2	0.028399345
1407	1413	3	0.047817145
1407	1413	4	0.014307091
1407	1414	0	0.5243514
1407	1414	1	0.04038287
1407	1414	2	0.19108813
1407	1414	3	0.20746061
1407	1414	4	0.036716934
1408	1410	0	0.63054264
1408	1410	1	0.10479269
1408	1410	2	0.13381383
1408	1410	3	0.09911888
1408	1410	4	0.03173204
1408	1411	0	0.8564796
1408	1411	1	0.018311812
1408	1411	2	0.027225582
1408	1411	3	0.083672
1408	1411	4	0.014310964
1408	1412	0	0.4405204
1408	1412	1	0.24509831
1408	1412	2	0.13874544
1408	1412	3	0.13375673
1408	1412	4	0.041879084
1408	1413	0	0.95464385
1408	1413	1	0.0026253955
1408	1413	2	0.009595833
1408	1413	3	0.026105553
1408	1413	4	0.007029405
1408	1414	0	0.860858
1408	1414	1	0.0060005058
1408	1414	2	0.024910191
1408	1414	3	0.096828476
1408	1414	4	0.011402803
1409	1410	0	0.8366535
1409	1410	1	0.03283089
1409	1410	2	0.06529268
1409	1410	3	0.04462878
1409	1410	4	0.020594263
1409	1411	0	0.9280872
1409	1411	1	0.0064884047
1409	1411	2	0.0174803
1409	1411	3	0.0387401
1409	1411	4	0.009204094
1409	1412	0	0.7589649
1409	1412	1	0.0675323
1409	1412	2	0.07769297
1409	1412	3	0.06464877
1409	1412	4	0.031161077
1409	1413	0	0.95888656
1409	1413	1	0.002130039
1409	1413	2	0.010404332
1409	1413	3	0.02106208
1409	1413	4	0.007517043
1409	1414	0	0.9144318
1409	1414	1	0.0039324793
1409	1414	2	0.020713624
1409	1414	3	0.050823513
1409	1414	4	0.010098541
1410	1411	0	0.8793208
1410	1411	1	0.025477257
1410	1411	2	0.012963224
1410	1411	3	0.07503816
1410	1411	4	0.0072005168
1410	1412	0	0.16047414
1410	1412	1	0.6877412
1410	1412	2	0.048372746
1410	1412	3	0.087174706
1410	1412	4	0.016237194
1410	1413	0	0.9499888
1410	1413	1	0.0041630766
1410	1413	2	0.0067319297
1410	1413	3	0.033436637
1410	1413	4	0.005679622
1410	1414	0	0.8290967
1410	1414	1	0.013185008
1410	1414	2	0.017348286
1410	1414	3	0.13105752
1410	1414	4	0.009312522
1411	1412	0	0.014978536
1411	1412	1	0.9108522
1411	1412	2	0.04203276
1411	1412	3	0.021495901
1411	1412	4	0.010640642
1411	1413	0	0.93908787
1411	1413	1	0.00837578
1411	1413	2	0.012900212
1411	1413	3	0.031466536
1411	1413	4	0.008169618
1411	1414	0	0.7092503
1411	1414	1	0.05321096
1411	1414	2	0.0572262
1411	1414	3	0.16023536
1411	1414	4	0.020077137
1412	1413	0	0.96615547
1412	1413	1	0.0027357358
1412	1413	2	0.0065247216
1412	1413	3	0.019267365
1412	1413	4	0.0053166756
1412	1414	0	0.901239
1412	1414	1	0.009142413
1412	1414	2	0.01567269
1412	1414	3	0.06451668
1412	1414	4	0.009429215
1413	1414	0	0.020049643
1413	1414	1	0.79702055
1413	1414	2	0.08999586
1413	1414	3	0.066327296
1413	1414	4	0.026606677
1410	1415	0	0.7177311
1410	1415	1	0.04674019
1410	1415	2	0.09039094
1410	1415	3	0.1306638
1410	1415	4	0.014473954
1411	1415	0	0.47294274
1411	1415	1	0.12658449
1411	1415	2	0.26379812
1411	1415	3	0.10970185
1411	1415	4	0.026972814
1412	1415	0	0.89422077
1412	1415	1	0.010618708
1412	1415	2	0.04140041
1412	1415	3	0.043547552
1412	1415	4	0.0102125555
1413	1415	0	0.01477301
1413	1415	1	0.68865067
1413	1415	2	0.23097946
1413	1415	3	0.041046992
1413	1415	4	0.024549864
1414	1415	0	0.08601458
1414	1415	1	0.4325218
1414	1415	2	0.32605836
1414	1415	3	0.12651384
1414	1415	4	0.028891446
1415	1416	0	0.032930978
1415	1416	1	0.62250465
1415	1416	2	0.18320087
1415	1416	3	0.14086926
1415	1416	4	0.020494262
1415	1417	0	0.10769611
1415	1417	1	0.51531595
1415	1417	2	0.2698624
1415	1417	3	0.086144894
1415	1417	4	0.020980641
1415	1418	0	0.8883852
1415	1418	1	0.031948045
1415	1418	2	0.027970085
1415	1418	3	0.042495675
1415	1418	4	0.00920112
1415	1419	0	0.121157154
1415	1419	1	0.7023925
1415	1419	2	0.08024897
1415	1419	3	0.08072462
1415	1419	4	0.015476682
1416	1417	0	0.4260359
1416	1417	1	0.11270521
1416	1417	2	0.2835843
1416	1417	3	0.15056024
1416	1417	4	0.02711429
1416	1418	0	0.9470012
1416	1418	1	0.0060992097
1416	1418	2	0.015119922
1416	1418	3	0.025475288
1416	1418	4	0.006304379
1416	1419	0	0.6184334
1416	1419	1	0.13162766
1416	1419	2	0.08435807
1416	1419	3	0.14364259
1416	1419	4	0.02193826
1416	1420	0	0.42722887
1416	1420	1	0.10882212
1416	1420	2	0.11098235
1416	1420	3	0.31878877
1416	1420	4	0.034177892
1416	1421	0	0.39296663
1416	1421	1	0.1518638
1416	1421	2	0.1101355
1416	1421	3	0.3111073
1416	1421	4	0.033926703
1416	1422	0	0.3545856
1416	1422	1	0.096694216
1416	1422	2	0.3782551
1416	1422	3	0.13989386
1416	1422	4	0.03057127
1417	1418	0	0.9528885
1417	1418	1	0.0071509006
1417	1418	2	0.006653712
1417	1418	3	0.028597971
1417	1418	4	0.0047088494
1417	1419	0	0.63744736
1417	1419	1	0.19633402
1417	1419	2	0.030436633
1417	1419	3	0.121068686
1417	1419	4	0.01471325
1418	1419	0	0.011101678
1418	1419	1	0.94337136
1418	1419	2	0.026641913
1418	1419	3	0.009839477
1418	1419	4	0.009045656
1417	1420	0	0.3375221
1417	1420	1	0.18776257
1417	1420	2	0.04506669
1417	1420	3	0.40279156
1417	1420	4	0.02685715
1417	1421	0	0.22553904
1417	1421	1	0.43896466
1417	1421	2	0.033070996
1417	1421	3	0.28098518
1417	1421	4	0.021440107
1417	1422	0	0.1700789
1417	1422	1	0.5057909
1417	1422	2	0.14281769
1417	1422	3	0.1587434
1417	1422	4	0.022569096
1418	1420	0	0.015205263
1418	1420	1	0.9167088
1418	1420	2	0.0323302
1418	1420	3	0.021521004
1418	1420	4	0.014234754
1418	1421	0	0.0076153264
1418	1421	1	0.95222825
1418	1421	2	0.019469373
1418	1421	3	0.012218325
1418	1421	4	0.00846874
1418	1422	0	0.007008755
1418	1422	1	0.9123692
1418	1422	2	0.058430336
1418	1422	3	0.01144828
1418	1422	4	0.010743403
1419	1420	0	0.33933592
1419	1420	1	0.46049434
1419	1420	2	0.050019387
1419	1420	3	0.113495104
1419	1420	4	0.036655247
1419	1421	0	0.10999368
1419	1421	1	0.8006833
1419	1421	2	0.024720019
1419	1421	3	0.045443
1419	1421	4	0.019159973
1419	1422	0	0.09632934
1419	1422	1	0.73303026
1419	1422	2	0.11811426
1419	1422	3	0.03277589
1419	1422	4	0.019750172
1420	1421	0	0.23386782
1420	1421	1	0.5988148
1420	1421	2	0.0587327
1420	1421	3	0.07906204
1420	1421	4	0.029522717
1420	1422	0	0.042135492
1420	1422	1	0.6195403
1420	1422	2	0.27885953
1420	1422	3	0.03078228
1420	1422	4	0.028682418
1421	1422	0	0.31928024
1421	1422	1	0.329598
1421	1422	2	0.27281538
1421	1422	3	0.052085567
1421	1422	4	0.026220804
1420	1423	0	0.90854305
1420	1423	1	0.0124123795
1420	1423	2	0.023939304
1420	1423	3	0.040889125
1420	1423	4	0.014216123
1420	1424	0	0.08476066
1420	1424	1	0.5124361
1420	1424	2	0.12641431
1420	1424	3	0.23161553
1420	1424	4	0.044773377
1420	1425	0	0.05640662
1420	1425	1	0.6556079
1420	1425	2	0.22443318
1420	1425	3	0.035492796
1420	1425	4	0.028059565
1421	1423	0	0.9544913
1421	1423	1	0.0053793304
1421	1423	2	0.009805215
1421	1423	3	0.023509623
1421	1423	4	0.0068145297
1421	1424	0	0.37874317
1421	1424	1	0.22924462
1421	1424	2	0.078655854
1421	1424	3	0.28340372
1421	1424	4	0.029952638
1421	1425	0	0.32669863
1421	1425	1	0.37146854
1421	1425	2	0.22437099
1421	1425	3	0.05100706
1421	1425	4	0.026454818
1422	1423	0	0.913066
1422	1423	1	0.0055579483
1422	1423	2	0.008690811
1422	1423	3	0.0655782
1422	1423	4	0.007106965
1422	1424	0	0.16613714
1422	1424	1	0.13861187
1422	1424	2	0.033437006
1422	1424	3	0.6444239
1422	1424	4	0.017390044
1422	1425	0	0.2664899
1422	1425	1	0.39144805
1422	1425	2	0.16513264
1422	1425	3	0.1523267
1422	1425	4	0.024602754
1423	1424	0	0.0052178334
1423	1424	1	0.89857244
1423	1424	2	0.049549874
1423	1424	3	0.031401753
1423	1424	4	0.015257974
1423	1425	0	0.0075885546
1423	1425	1	0.83965164
1423	1425	2	0.12181858
1423	1425	3	0.015274819
1423	1425	4	0.015666433
1424	1425	0	0.39656067
1424	1425	1	0.07107262
1424	1425	2	0.46648368
1424	1425	3	0.038795196
1424	1425	4	0.027087785
1423	1426	0	0.14065021
1423	1426	1	0.61791426
1423	1426	2	0.15330344
1423	1426	3	0.04763765
1423	1426	4	0.040494423
1423	1427	0	0.10244204
1423	1427	1	0.68273425
1423	1427	2	0.12426825
1423	1427	3	0.054083254
1423	1427	4	0.036472302
1423	1428	0	0.03926435
1423	1428	1	0.84210324
1423	1428	2	0.06711928
1423	1428	3	0.031153036
1423	1428	4	0.02036007
1423	1429	0	0.016626583
1423	1429	1	0.87318784
1423	1429	2	0.06400895
1423	1429	3	0.029982224
1423	1429	4	0.01619435
1423	1430	0	0.00803925
1423	1430	1	0.8461611
1423	1430	2	0.11560619
1423	1430	3	0.015261339
1423	1430	4	0.014932104
1423	1431	0	0.005083769
1423	1431	1	0.84694636
1423	1431	2	0.09003884
1423	1431	3	0.039850626
1423	1431	4	0.018080374
1423	1432	0	0.0062651155
1423	1432	1	0.7971288
1423	1432	2	0.106722325
1423	1432	3	0.06724021
1423	1432	4	0.022643566
1423	1433	0	0.03306264
1423	1433	1	0.41338563
1423	1433	2	0.15257792
1423	1433	3	0.35316104
1423	1433	4	0.047812786
1424	1426	0	0.9010678
1424	1426	1	0.009497012
1424	1426	2	0.055747364
1424	1426	3	0.01859259
1424	1426	4	0.015095263
1424	1427	0	0.8783751
1424	1427	1	0.0107982345
1424	1427	2	0.06521746
1424	1427	3	0.028818613
1424	1427	4	0.0167905
1424	1428	0	0.8282198
1424	1428	1	0.026623346
1424	1428	2	0.08847317
1424	1428	3	0.036683597
1424	1428	4	0.020000134
1424	1429	0	0.79152143
1424	1429	1	0.036070786
1424	1429	2	0.09943317
1424	1429	3	0.054217935
1424	1429	4	0.01875674
1424	1430	0	0.27254057
1424	1430	1	0.09959838
1424	1430	2	0.5661907
1424	1430	3	0.03436515
1424	1430	4	0.027305216
1424	1431	0	0.12243289
1424	1431	1	0.14227703
1424	1431	2	0.5290035
1424	1431	3	0.16213681
1424	1431	4	0.044149783
1424	1432	0	0.098687924
1424	1432	1	0.114547774
1424	1432	2	0.5093469
1424	1432	3	0.23285897
1424	1432	4	0.044558514
1424	1433	0	0.25550762
1424	1433	1	0.021639636
1424	1433	2	0.11878179
1424	1433	3	0.5696263
1424	1433	4	0.03444467
1425	1426	0	0.885843
1425	1426	1	0.016543329
1425	1426	2	0.017096603
1425	1426	3	0.069630064
1425	1426	4	0.010887023
1425	1427	0	0.8546025
1425	1427	1	0.019628335
1425	1427	2	0.01997009
1425	1427	3	0.0936219
1425	1427	4	0.012177201
1425	1428	0	0.79805803
1425	1428	1	0.047435682
1425	1428	2	0.018304382
1425	1428	3	0.12261631
1425	1428	4	0.013585681
1425	1429	0	0.60394275
1425	1429	1	0.087078124
1425	1429	2	0.033566266
1425	1429	3	0.25864366
1425	1429	4	0.016769223
1425	1430	0	0.18651742
1425	1430	1	0.47105137
1425	1430	2	0.19734126
1425	1430	3	0.12142251
1425	1430	4	0.023667468
1425	1431	0	0.041126184
1425	1431	1	0.31178388
1425	1431	2	0.12542202
1425	1431	3	0.49473733
1425	1431	4	0.026930606
1425	1432	0	0.02901075
1425	1432	1	0.20863625
1425	1432	2	0.08628288
1425	1432	3	0.650652
1425	1432	4	0.025418144
1425	1433	0	0.0501412
1425	1433	1	0.029536506
1425	1433	2	0.026576772
1425	1433	3	0.8779805
1425	1433	4	0.01576509
1426	1427	0	0.11081309
1426	1427	1	0.69022197
1426	1427	2	0.104311205
1426	1427	3	0.05589814
1426	1427	4	0.03875557
1426	1428	0	0.036357965
1426	1428	1	0.8586563
1426	1428	2	0.05137911
1426	1428	3	0.03218645
1426	1428	4	0.021420252
1426	1429	0	0.016888237
1426	1429	1	0.9003655
1426	1429	2	0.04018244
1426	1429	3	0.028600035
1426	1429	4	0.013963884
1426	1430	0	0.011685835
1426	1430	1	0.85041606
1426	1430	2	0.1070333
1426	1430	3	0.015376689
1426	1430	4	0.015488047
1426	1431	0	0.0051295767
1426	1431	1	0.86785334
1426	1431	2	0.07273816
1426	1431	3	0.036426127
1426	1431	4	0.017852858
1426	1432	0	0.0052464446
1426	1432	1	0.8551442
1426	1432	2	0.065896064
1426	1432	3	0.053616334
1426	1432	4	0.020096935
1426	1433	0	0.022062972
1426	1433	1	0.55981743
1426	1433	2	0.07172432
1426	1433	3	0.31300026
1426	1433	4	0.033394944
1427	1428	0	0.034337696
1427	1428	1	0.8650913
1427	1428	2	0.04927915
1427	1428	3	0.030940259
1427	1428	4	0.02035164
1427	1429	0	0.023831012
1427	1429	1	0.86113745
1427	1429	2	0.05585375
1427	1429	3	0.03886171
1427	1429	4	0.020316023
1427	1430	0	0.012478116
1427	1430	1	0.82004505
1427	1430	2	0.13123247
1427	1430	3	0.017262904
1427	1430	4	0.018981496
1427	1431	0	0.00542553
1427	1431	1	0.8341371
1427	1431	2	0.09319052
1427	1431	3	0.044553075
1427	1431	4	0.022693796
1427	1432	0	0.0058926246
1427	1432	1	0.8254383
1427	1432	2	0.083121225
1427	1432	3	0.06233304
1427	1432	4	0.02321479
1427	1433	0	0.01874632
1427	1433	1	0.52179533
1427	1433	2	0.07542443
1427	1433	3	0.35065404
1427	1433	4	0.033379942
1428	1429	0	0.037162893
1428	1429	1	0.83432037
1428	1429	2	0.0599599
1428	1429	3	0.04896682
1428	1429	4	0.019590035
1428	1430	0	0.020680109
1428	1430	1	0.77374774
1428	1430	2	0.168637
1428	1430	3	0.018001787
1428	1430	4	0.018933378
1428	1431	0	0.009750003
1428	1431	1	0.7994129
1428	1431	2	0.107078575
1428	1431	3	0.06005212
1428	1431	4	0.023706408
1428	1432	0	0.010313156
1428	1432	1	0.79654425
1428	1432	2	0.08757183
1428	1432	3	0.082709126
1428	1432	4	0.02286165
1428	1433	0	0.03324926
1428	1433	1	0.41096497
1428	1433	2	0.08345372
1428	1433	3	0.43720898
1428	1433	4	0.035123087
1429	1430	0	0.05953017
1429	1430	1	0.54464823
1429	1430	2	0.34788856
1429	1430	3	0.023781454
1429	1430	4	0.024151612
1429	1431	0	0.018312018
1429	1431	1	0.63085914
1429	1431	2	0.21437463
1429	1431	3	0.10833966
1429	1431	4	0.028114572
1429	1432	0	0.019046366
1429	1432	1	0.6211083
1429	1432	2	0.17328447
1429	1432	3	0.15981385
1429	1432	4	0.026746979
1429	1433	0	0.048141595
1429	1433	1	0.170258
1429	1433	2	0.09895975
1429	1433	3	0.6515127
1429	1433	4	0.03112799
1430	1431	0	0.053878058
1430	1431	1	0.24181071
1430	1431	2	0.099837
1430	1431	3	0.5765168
1430	1431	4	0.02795744
1430	1432	0	0.032162126
1430	1432	1	0.19000109
1430	1432	2	0.065749295
1430	1432	3	0.6884119
1430	1432	4	0.02367567
1430	1433	0	0.06803455
1430	1433	1	0.02955715
1430	1433	2	0.02424415
1430	1433	3	0.86355263
1430	1433	4	0.014611534
1431	1432	0	0.019743226
1431	1432	1	0.4238547
1431	1432	2	0.27949965
1431	1432	3	0.23855528
1431	1432	4	0.0383471
1431	1433	0	0.14255506
1431	1433	1	0.017736688
1431	1433	2	0.05628354
1431	1433	3	0.7647525
1431	1433	4	0.01867215
1432	1433	0	0.34518957
1432	1433	1	0.012835333
1432	1433	2	0.049687974
1432	1433	3	0.5675503
1432	1433	4	0.024736842
1426	1434	0	0.013348994
1426	1434	1	0.6272938
1426	1434	2	0.06846623
1426	1434	3	0.24509504
1426	1434	4	0.0457959
1426	1435	0	0.0266545
1426	1435	1	0.6775112
1426	1435	2	0.10565764
1426	1435	3	0.15455052
1426	1435	4	0.035626095
1426	1436	0	0.02958436
1426	1436	1	0.68482673
1426	1436	2	0.12797502
1426	1436	3	0.12317106
1426	1436	4	0.03444281
1426	1437	0	0.0089593185
1426	1437	1	0.8798553
1426	1437	2	0.06291593
1426	1437	3	0.02972953
1426	1437	4	0.018539904
1426	1438	0	0.008703536
1426	1438	1	0.8679173
1426	1438	2	0.060000792
1426	1438	3	0.04310117
1426	1438	4	0.020277262
1427	1434	0	0.010900788
1427	1434	1	0.617747
1427	1434	2	0.0815102
1427	1434	3	0.24051116
1427	1434	4	0.049330853
1427	1435	0	0.023950323
1427	1435	1	0.6594388
1427	1435	2	0.11019702
1427	1435	3	0.16844173
1427	1435	4	0.03797217
1427	1436	0	0.020069294
1427	1436	1	0.6798602
1427	1436	2	0.14617452
1427	1436	3	0.11722179
1427	1436	4	0.036674235
1427	1437	0	0.009119879
1427	1437	1	0.8610451
1427	1437	2	0.075437754
1427	1437	3	0.033646185
1427	1437	4	0.020751059
1427	1438	0	0.009144362
1427	1438	1	0.85785365
1427	1438	2	0.06510512
1427	1438	3	0.04703334
1427	1438	4	0.020863537
1428	1434	0	0.020420533
1428	1434	1	0.48212963
1428	1434	2	0.08877382
1428	1434	3	0.35517862
1428	1434	4	0.053497445
1428	1435	0	0.05629871
1428	1435	1	0.51687074
1428	1435	2	0.13484746
1428	1435	3	0.2459643
1428	1435	4	0.04601876
1428	1436	0	0.050800152
1428	1436	1	0.5223259
1428	1436	2	0.18931414
1428	1436	3	0.19544356
1428	1436	4	0.042116232
1428	1437	0	0.0141109135
1428	1437	1	0.8493839
1428	1437	2	0.08120698
1428	1437	3	0.036022827
1428	1437	4	0.019275434
1428	1438	0	0.013305506
1428	1438	1	0.8349759
1428	1438	2	0.07461262
1428	1438	3	0.055336803
1428	1438	4	0.021769097
1429	1434	0	0.02939134
1429	1434	1	0.23534283
1429	1434	2	0.10773313
1429	1434	3	0.56985
1429	1434	4	0.057682708
1429	1435	0	0.14811952
1429	1435	1	0.23677315
1429	1435	2	0.2189077
1429	1435	3	0.34309027
1429	1435	4	0.05310935
1429	1436	0	0.094705485
1429	1436	1	0.24307019
1429	1436	2	0.3832286
1429	1436	3	0.2357965
1429	1436	4	0.043199264
1429	1437	0	0.024790531
1429	1437	1	0.6823488
1429	1437	2	0.21239743
1429	1437	3	0.05406409
1429	1437	4	0.026399113
1429	1438	0	0.020542102
1429	1438	1	0.6886454
1429	1438	2	0.18616368
1429	1438	3	0.07519586
1429	1438	4	0.029452942
1430	1434	0	0.036180835
1430	1434	1	0.047770586
1430	1434	2	0.02211224
1430	1434	3	0.8735142
1430	1434	4	0.020422181
1430	1435	0	0.21739349
1430	1435	1	0.060327627
1430	1435	2	0.046886414
1430	1435	3	0.6512194
1430	1435	4	0.024173062
1430	1436	0	0.19462474
1430	1436	1	0.09307883
1430	1436	2	0.085762225
1430	1436	3	0.595694
1430	1436	4	0.030840235
1430	1437	0	0.0770283
1430	1437	1	0.51233184
1430	1437	2	0.095659405
1430	1437	3	0.28141055
1430	1437	4	0.0335699
1430	1438	0	0.05548149
1430	1438	1	0.43410218
1430	1438	2	0.070590585
1430	1438	3	0.40870118
1430	1438	4	0.031124568
1431	1434	0	0.05249571
1431	1434	1	0.018964002
1431	1434	2	0.055932153
1431	1434	3	0.8502911
1431	1434	4	0.022316981
1431	1435	0	0.32438833
1431	1435	1	0.024691213
1431	1435	2	0.09108798
1431	1435	3	0.5362935
1431	1435	4	0.02353887
1431	1436	0	0.33251035
1431	1436	1	0.040466163
1431	1436	2	0.20745173
1431	1436	3	0.38606477
1431	1436	4	0.033506982
1431	1437	0	0.11248501
1431	1437	1	0.29924992
1431	1437	2	0.3324774
1431	1437	3	0.2217766
1431	1437	4	0.034011103
1431	1438	0	0.11868499
1431	1438	1	0.22822954
1431	1438	2	0.28256497
1431	1438	3	0.33291146
1431	1438	4	0.037609063
1432	1434	0	0.13808249
1432	1434	1	0.02135011
1432	1434	2	0.07414682
1432	1434	3	0.7257885
1432	1434	4	0.04063215
1432	1435	0	0.59422666
1432	1435	1	0.015183727
1432	1435	2	0.07265791
1432	1435	3	0.2929902
1432	1435	4	0.024941448
1432	1436	0	0.6047117
1432	1436	1	0.020887667
1432	1436	2	0.14968053
1432	1436	3	0.19131584
1432	1436	4	0.03340424
1432	1437	0	0.35460424
1432	1437	1	0.19087917
1432	1437	2	0.26951504
1432	1437	3	0.1421175
1432	1437	4	0.04288405
1432	1438	0	0.3725481
1432	1438	1	0.14989688
1432	1438	2	0.23779176
1432	1438	3	0.18739456
1432	1438	4	0.05236872
1433	1434	0	0.038388718
1433	1434	1	0.057414256
1433	1434	2	0.3311123
1433	1434	3	0.503451
1433	1434	4	0.069633715
1433	1435	0	0.20051064
1433	1435	1	0.062906854
1433	1435	2	0.4139639
1433	1435	3	0.25792605
1433	1435	4	0.064692535
1433	1436	0	0.13937902
1433	1436	1	0.0645657
1433	1436	2	0.59061724
1433	1436	3	0.15024447
1433	1436	4	0.055193577
1433	1437	0	0.054186217
1433	1437	1	0.24691375
1433	1437	2	0.57572335
1433	1437	3	0.067630254
1433	1437	4	0.055546492
1433	1438	0	0.049766205
1433	1438	1	0.25686097
1433	1438	2	0.556367
1433	1438	3	0.07527585
1433	1438	4	0.061729934
1434	1435	0	0.25285047
1434	1435	1	0.022105705
1434	1435	2	0.4881313
1434	1435	3	0.16960754
1434	1435	4	0.06730498
1434	1436	0	0.15315361
1434	1436	1	0.025338752
1434	1436	2	0.6641934
1434	1436	3	0.09629926
1434	1436	4	0.061014917
1434	1437	0	0.03858664
1434	1437	1	0.086041905
1434	1437	2	0.78507537
1434	1437	3	0.037338644
1434	1437	4	0.052957445
1434	1438	0	0.05024741
1434	1438	1	0.08145856
1434	1438	2	0.7518082
1434	1438	3	0.050900303
1434	1438	4	0.06558547
1435	1436	0	0.096112624
1435	1436	1	0.122417256
1435	1436	2	0.4303879
1435	1436	3	0.29318765
1435	1436	4	0.057894535
1435	1437	0	0.030280124
1435	1437	1	0.4516561
1435	1437	2	0.38020137
1435	1437	3	0.09183933
1435	1437	4	0.04602305
1435	1438	0	0.042548377
1435	1438	1	0.36307138
1435	1438	2	0.4012297
1435	1438	3	0.13925362
1435	1438	4	0.05389692
1436	1437	0	0.024540024
1436	1437	1	0.5486254
1436	1437	2	0.27113107
1436	1437	3	0.1208667
1436	1437	4	0.03483675
1436	1438	0	0.031832397
1436	1438	1	0.48564678
1436	1438	2	0.252285
1436	1438	3	0.19252259
1436	1438	4	0.03771318
1437	1438	0	0.21041036
1437	1438	1	0.31101763
1437	1438	2	0.18719277
1437	1438	3	0.23987116
1437	1438	4	0.051508043
1434	1439	0	0.1550762
1434	1439	1	0.09943316
1434	1439	2	0.6335431
1434	1439	3	0.05594544
1434	1439	4	0.05600211
1434	1440	0	0.5916964
1434	1440	1	0.011309544
1434	1440	2	0.2966765
1434	1440	3	0.06219382
1434	1440	4	0.038123764
1435	1439	0	0.11062944
1435	1439	1	0.37163705
1435	1439	2	0.34572148
1435	1439	3	0.13126992
1435	1439	4	0.04074212
1435	1440	0	0.5216693
1435	1440	1	0.034629002
1435	1440	2	0.22124107
1435	1440	3	0.18689743
1435	1440	4	0.03556314
1436	1439	0	0.12173668
1436	1439	1	0.48619273
1436	1439	2	0.18722332
1436	1439	3	0.17840767
1436	1439	4	0.026439589
1436	1440	0	0.59115434
1436	1440	1	0.04542958
1436	1440	2	0.12380295
1436	1440	3	0.21207455
1436	1440	4	0.027538568
1437	1439	0	0.74848264
1437	1439	1	0.07528319
1437	1439	2	0.053927816
1437	1439	3	0.10616347
1437	1439	4	0.016142858
1437	1440	0	0.93388844
1437	1440	1	0.004646022
1437	1440	2	0.01434956
1437	1440	3	0.040561534
1437	1440	4	0.0065543936
1438	1439	0	0.7847894
1438	1439	1	0.06668229
1438	1439	2	0.047177114
1438	1439	3	0.08719851
1438	1439	4	0.014152691
1438	1440	0	0.9230829
1438	1440	1	0.0055148713
1438	1440	2	0.016843077
1438	1440	3	0.04662948
1438	1440	4	0.007929752
1439	1440	0	0.8367365
1439	1440	1	0.039257072
1439	1440	2	0.029319698
1439	1440	3	0.07753447
1439	1440	4	0.017152395
1439	1441	0	0.3223853
1439	1441	1	0.45347553
1439	1441	2	0.08813158
1439	1441	3	0.107315764
1439	1441	4	0.02869188
1439	1442	0	0.23504129
1439	1442	1	0.35708055
1439	1442	2	0.33287802
1439	1442	3	0.04579214
1439	1442	4	0.02920802
1439	1443	0	0.8597783
1439	1443	1	0.05268469
1439	1443	2	0.039427508
1439	1443	3	0.034969833
1439	1443	4	0.013139717
1440	1441	0	0.031822618
1440	1441	1	0.6818552
1440	1441	2	0.23044711
1440	1441	3	0.030566746
1440	1441	4	0.025308346
1440	1442	0	0.028228197
1440	1442	1	0.44890612
1440	1442	2	0.47723687
1440	1442	3	0.02193402
1440	1442	4	0.023694739
1440	1443	0	0.1579465
1440	1443	1	0.49793056
1440	1443	2	0.27715093
1440	1443	3	0.034295138
1440	1443	4	0.03267698
1441	1442	0	0.29541835
1441	1442	1	0.14132051
1441	1442	2	0.47499478
1441	1442	3	0.058785565
1441	1442	4	0.029480778
1441	1443	0	0.8572232
1441	1443	1	0.035997238
1441	1443	2	0.048732728
1441	1443	3	0.04362071
1441	1443	4	0.014426074
1442	1443	0	0.756973
1442	1443	1	0.047718715
1442	1443	2	0.040711656
1442	1443	3	0.13898067
1442	1443	4	0.015615906
1441	1444	0	0.7467761
1441	1444	1	0.013891789
1441	1444	2	0.04459015
1441	1444	3	0.18102744
1441	1444	4	0.013714511
1441	1445	0	0.25475442
1441	1445	1	0.16292284
1441	1445	2	0.49199492
1441	1445	3	0.061205395
1441	1445	4	0.029122407
1442	1444	0	0.4037504
1442	1444	1	0.01740735
1442	1444	2	0.048497763
1442	1444	3	0.51456696
1442	1444	4	0.015777629
1442	1445	0	0.14748737
1442	1445	1	0.29146406
1442	1445	2	0.38173532
1442	1445	3	0.14511222
1442	1445	4	0.03420098
1443	1444	0	0.5411092
1443	1444	1	0.051725708
1443	1444	2	0.06714516
1443	1444	3	0.32039553
1443	1444	4	0.019624395
1443	1445	0	0.07129526
1443	1445	1	0.5665987
1443	1445	2	0.29946247
1443	1445	3	0.041154746
1443	1445	4	0.02148885
1444	1445	0	0.020407978
1444	1445	1	0.4014239
1444	1445	2	0.5105784
1444	1445	3	0.038415264
1444	1445	4	0.029174404
1446	1447	0	0.08053929
1446	1447	1	0.2565107
1446	1447	2	0.45057514
1446	1447	3	0.1753948
1446	1447	4	0.036979996
1446	1448	0	0.17737338
1446	1448	1	0.07374734
1446	1448	2	0.37542188
1446	1448	3	0.34619784
1446	1448	4	0.027259605
1446	1449	0	0.23580822
1446	1449	1	0.012159918
1446	1449	2	0.19691584
1446	1449	3	0.52275574
1446	1449	4	0.032360297
1447	1448	0	0.7580775
1447	1448	1	0.036564734
1447	1448	2	0.031106526
1447	1448	3	0.16378611
1447	1448	4	0.010465151
1447	1449	0	0.6442196
1447	1449	1	0.008310775
1447	1449	2	0.036365952
1447	1449	3	0.2931136
1447	1449	4	0.017990053
1448	1449	0	0.30210096
1448	1449	1	0.021139536
1448	1449	2	0.10129996
1448	1449	3	0.5419587
1448	1449	4	0.033500884
1450	1451	0	0.87592953
1450	1451	1	0.017290112
1450	1451	2	0.03134916
1450	1451	3	0.06128217
1450	1451	4	0.014148957
1450	1452	0	0.70206535
1450	1452	1	0.053159762
1450	1452	2	0.092381224
1450	1452	3	0.12177756
1450	1452	4	0.030616108
1450	1453	0	0.9440164
1450	1453	1	0.007009856
1450	1453	2	0.015294385
1450	1453	3	0.024307676
1450	1453	4	0.009371747
1450	1454	0	0.93056333
1450	1454	1	0.009283527
1450	1454	2	0.023748992
1450	1454	3	0.024671646
1450	1454	4	0.011732444
1451	1452	0	0.07871496
1451	1452	1	0.5460335
1451	1452	2	0.1880003
1451	1452	3	0.13676453
1451	1452	4	0.050486743
1451	1453	0	0.5156488
1451	1453	1	0.17531663
1451	1453	2	0.16013598
1451	1453	3	0.10110058
1451	1453	4	0.047798026
1451	1454	0	0.39060268
1451	1454	1	0.2259268
1451	1454	2	0.23219755
1451	1454	3	0.09130618
1451	1454	4	0.059966817
1452	1453	0	0.72549075
1452	1453	1	0.077969894
1452	1453	2	0.10365672
1452	1453	3	0.056646246
1452	1453	4	0.036236346
1452	1454	0	0.5426614
1452	1454	1	0.16550745
1452	1454	2	0.17875504
1452	1454	3	0.05909826
1452	1454	4	0.0539778
1453	1454	0	0.24100487
1453	1454	1	0.48278257
1453	1454	2	0.15578972
1453	1454	3	0.06501637
1453	1454	4	0.055406507
1450	1455	0	0.721221
1450	1455	1	0.10379897
1450	1455	2	0.0620392
1450	1455	3	0.08221113
1450	1455	4	0.030729722
1450	1456	0	0.78848445
1450	1456	1	0.09213549
1450	1456	2	0.053217333
1450	1456	3	0.043279406
1450	1456	4	0.022883266
1451	1455	0	0.061634503
1451	1455	1	0.65894586
1451	1455	2	0.15127954
1451	1455	3	0.07713458
1451	1455	4	0.051005535
1451	1456	0	0.08306156
1451	1456	1	0.6947889
1451	1456	2	0.14415708
1451	1456	3	0.04590296
1451	1456	4	0.032089505
1452	1455	0	0.142171
1452	1455	1	0.5225561
1452	1455	2	0.18996976
1452	1455	3	0.07846258
1452	1455	4	0.06684057
1452	1456	0	0.24873671
1452	1456	1	0.49057886
1452	1456	2	0.16547878
1452	1456	3	0.047695506
1452	1456	4	0.047510114
1453	1455	0	0.043928385
1453	1455	1	0.7779879
1453	1455	2	0.08219394
1453	1455	3	0.05901995
1453	1455	4	0.036869865
1453	1456	0	0.039796796
1453	1456	1	0.8601984
1453	1456	2	0.05407074
1453	1456	3	0.02573414
1453	1456	4	0.020199955
1454	1455	0	0.075552255
1454	1455	1	0.7137231
1454	1455	2	0.08931795
1454	1455	3	0.07899438
1454	1455	4	0.042412292
1454	1456	0	0.065294415
1454	1456	1	0.8182545
1454	1456	2	0.059435535
1454	1456	3	0.03385574
1454	1456	4	0.023159908
1455	1456	0	0.44139037
1455	1456	1	0.34831566
1455	1456	2	0.09798689
1455	1456	3	0.06083541
1455	1456	4	0.05147173
1455	1457	0	0.19360591
1455	1457	1	0.634404
1455	1457	2	0.07480096
1455	1457	3	0.06439633
1455	1457	4	0.032792762
1455	1458	0	0.040111195
1455	1458	1	0.8424301
1455	1458	2	0.06208344
1455	1458	3	0.029812377
1455	1458	4	0.02556288
1456	1457	0	0.18352483
1456	1457	1	0.7072359
1456	1457	2	0.047022592
1456	1457	3	0.040377088
1456	1457	4	0.02183967
1456	1458	0	0.027376795
1456	1458	1	0.8919256
1456	1458	2	0.04380259
1456	1458	3	0.019829348
1456	1458	4	0.017065682
1457	1458	0	0.04728613
1457	1458	1	0.8478316
1457	1458	2	0.056987423
1457	1458	3	0.024671128
1457	1458	4	0.02322367
1457	1459	0	0.0058615585
1457	1459	1	0.96316385
1457	1459	2	0.016313806
1457	1459	3	0.008843159
1457	1459	4	0.005817638
1457	1460	0	0.0069911387
1457	1460	1	0.9509037
1457	1460	2	0.020070989
1457	1460	3	0.014183199
1457	1460	4	0.007851051
1457	1461	0	0.00413772
1457	1461	1	0.9591521
1457	1461	2	0.017339865
1457	1461	3	0.012605851
1457	1461	4	0.00676445
1458	1459	0	0.040775176
1458	1459	1	0.90114564
1458	1459	2	0.03427866
1458	1459	3	0.012713549
1458	1459	4	0.011086987
1458	1460	0	0.068184905
1458	1460	1	0.8413856
1458	1460	2	0.04570431
1458	1460	3	0.029122425
1458	1460	4	0.015602756
1458	1461	0	0.024914976
1458	1461	1	0.90209997
1458	1461	2	0.038759023
1458	1461	3	0.022087138
1458	1461	4	0.012138816
1459	1460	0	0.14541638
1459	1460	1	0.7424891
1459	1460	2	0.04137339
1459	1460	3	0.055072814
1459	1460	4	0.015648264
1459	1461	0	0.034291625
1459	1461	1	0.89083314
1459	1461	2	0.03002964
1459	1461	3	0.033255834
1459	1461	4	0.011589748
1460	1461	0	0.01903059
1460	1461	1	0.9207368
1460	1461	2	0.023076639
1460	1461	3	0.028183626
1460	1461	4	0.0089724
1459	1462	0	0.6385341
1459	1462	1	0.18903056
1459	1462	2	0.059192482
1459	1462	3	0.09460777
1459	1462	4	0.018635025
1459	1463	0	0.56907684
1459	1463	1	0.19110173
1459	1463	2	0.06349268
1459	1463	3	0.15191062
1459	1463	4	0.024418114
1459	1464	0	0.71846426
1459	1464	1	0.08363998
1459	1464	2	0.030434305
1459	1464	3	0.14865087
1459	1464	4	0.018810652
1459	1465	0	0.9530287
1459	1465	1	0.013318829
1459	1465	2	0.0112894615
1459	1465	3	0.015907308
1459	1465	4	0.0064557623
1459	1466	0	0.9549537
1459	1466	1	0.013971694
1459	1466	2	0.010350365
1459	1466	3	0.015459105
1459	1466	4	0.005265219
1460	1462	0	0.6935132
1460	1462	1	0.15909365
1460	1462	2	0.059465047
1460	1462	3	0.07086656
1460	1462	4	0.017061599
1460	1463	0	0.5609264
1460	1463	1	0.16349114
1460	1463	2	0.0509631
1460	1463	3	0.1984442
1460	1463	4	0.02617516
1460	1464	0	0.75105387
1460	1464	1	0.07435139
1460	1464	2	0.03043106
1460	1464	3	0.12551144
1460	1464	4	0.01865221
1460	1465	0	0.94745314
1460	1465	1	0.017181095
1460	1465	2	0.013891381
1460	1465	3	0.014927821
1460	1465	4	0.0065465285
1460	1466	0	0.9475765
1460	1466	1	0.018593421
1460	1466	2	0.01305569
1460	1466	3	0.015113159
1460	1466	4	0.0056612142
1461	1462	0	0.7524571
1461	1462	1	0.08259073
1461	1462	2	0.06758513
1461	1462	3	0.07774469
1461	1462	4	0.019622417
1461	1463	0	0.74641913
1461	1463	1	0.05462382
1461	1463	2	0.053218886
1461	1463	3	0.12521262
1461	1463	4	0.020525536
1461	1464	0	0.78907573
1461	1464	1	0.035941053
1461	1464	2	0.036304224
1461	1464	3	0.120312214
1461	1464	4	0.01836677
1461	1465	0	0.9533012
1461	1465	1	0.011039425
1461	1465	2	0.014889891
1461	1465	3	0.01406478
1461	1465	4	0.0067047756
1461	1466	0	0.945684
1461	1466	1	0.01426943
1461	1466	2	0.017962858
1461	1466	3	0.015458478
1461	1466	4	0.006625177
1462	1463	0	0.7098395
1462	1463	1	0.05881404
1462	1463	2	0.042223234
1462	1463	3	0.17499533
1462	1463	4	0.01412782
1462	1464	0	0.72246534
1462	1464	1	0.047989957
1462	1464	2	0.038221966
1462	1464	3	0.17867002
1462	1464	4	0.01265267
1462	1465	0	0.9116193
1462	1465	1	0.02952929
1462	1465	2	0.02264428
1462	1465	3	0.029104969
1462	1465	4	0.0071021733
1462	1466	0	0.8229173
1462	1466	1	0.08987021
1462	1466	2	0.03704306
1462	1466	3	0.04063773
1462	1466	4	0.009531861
1463	1464	0	0.3006525
1463	1464	1	0.26858672
1463	1464	2	0.19438715
1463	1464	3	0.18600042
1463	1464	4	0.050373197
1463	1465	0	0.7335039
1463	1465	1	0.06739192
1463	1465	2	0.14952308
1463	1465	3	0.024907554
1463	1465	4	0.024673603
1463	1466	0	0.5883685
1463	1466	1	0.16843784
1463	1466	2	0.18204135
1463	1466	3	0.03159816
1463	1466	4	0.029554188
1464	1465	0	0.772604
1464	1465	1	0.059634686
1464	1465	2	0.10244414
1464	1465	3	0.044440914
1464	1465	4	0.020876339
1464	1466	0	0.7743466
1464	1466	1	0.0653892
1464	1466	2	0.09456814
1464	1466	3	0.047899116
1464	1466	4	0.017796932
1465	1466	0	0.3150777
1465	1466	1	0.5594809
1465	1466	2	0.055205353
1465	1466	3	0.0484206
1465	1466	4	0.021815501
1462	1467	0	0.039970785
1462	1467	1	0.7089905
1462	1467	2	0.068367444
1462	1467	3	0.16119356
1462	1467	4	0.021477677
1462	1468	0	0.026608258
1462	1468	1	0.8472353
1462	1468	2	0.039904237
1462	1468	3	0.075899035
1462	1468	4	0.010353187
1462	1469	0	0.02290808
1462	1469	1	0.90964293
1462	1469	2	0.025010504
1462	1469	3	0.033732902
1462	1469	4	0.00870558
1462	1470	0	0.02127336
1462	1470	1	0.90892196
1462	1470	2	0.031815242
1462	1470	3	0.028949011
1462	1470	4	0.009040419
1462	1471	0	0.011562805
1462	1471	1	0.9291994
1462	1471	2	0.026080962
1462	1471	3	0.02519748
1462	1471	4	0.007959347
1462	1472	0	0.014873402
1462	1472	1	0.865322
1462	1472	2	0.034485526
1462	1472	3	0.07132517
1462	1472	4	0.013993899
1463	1467	0	0.02505503
1463	1467	1	0.7387276
1463	1467	2	0.13807751
1463	1467	3	0.06681114
1463	1467	4	0.031328697
1463	1468	0	0.030512262
1463	1468	1	0.7804977
1463	1468	2	0.116710916
1463	1468	3	0.050207917
1463	1468	4	0.022071179
1463	1469	0	0.022143299
1463	1469	1	0.86497515
1463	1469	2	0.070331775
1463	1469	3	0.025136907
1463	1469	4	0.01741281
1463	1470	0	0.024140224
1463	1470	1	0.847427
1463	1470	2	0.09058223
1463	1470	3	0.019555362
1463	1470	4	0.01829519
1463	1471	0	0.012228627
1463	1471	1	0.88970757
1463	1471	2	0.06627464
1463	1471	3	0.017035067
1463	1471	4	0.014754142
1463	1472	0	0.024404742
1463	1472	1	0.73851687
1463	1472	2	0.14007616
1463	1472	3	0.06164884
1463	1472	4	0.035353325
1464	1467	0	0.05927267
1464	1467	1	0.5619938
1464	1467	2	0.15276405
1464	1467	3	0.18643123
1464	1467	4	0.039538275
1464	1468	0	0.04177322
1464	1468	1	0.70600325
1464	1468	2	0.117293164
1464	1468	3	0.10907584
1464	1468	4	0.02585454
1464	1469	0	0.026497602
1464	1469	1	0.8125232
1464	1469	2	0.090515666
1464	1469	3	0.046508767
1464	1469	4	0.023954777
1464	1470	0	0.028840734
1464	1470	1	0.79961073
1464	1470	2	0.10466762
1464	1470	3	0.043054733
1464	1470	4	0.023826238
1464	1471	0	0.020541923
1464	1471	1	0.8423652
1464	1471	2	0.077937
1464	1471	3	0.038813595
1464	1471	4	0.02034227
1464	1472	0	0.021115294
1464	1472	1	0.800791
1464	1472	2	0.082715146
1464	1472	3	0.06704795
1464	1472	4	0.028330626
1465	1467	0	0.012605147
1465	1467	1	0.90195006
1465	1467	2	0.029873438
1465	1467	3	0.041358177
1465	1467	4	0.014213144
1465	1468	0	0.012110601
1465	1468	1	0.9061616
1465	1468	2	0.028796943
1465	1468	3	0.041089125
1465	1468	4	0.011841771
1465	1469	0	0.009344741
1465	1469	1	0.9476483
1465	1469	2	0.017941747
1465	1469	3	0.016045084
1465	1469	4	0.009020069
1465	1470	0	0.0064066662
1465	1470	1	0.9539613
1465	1470	2	0.020007107
1465	1470	3	0.011349192
1465	1470	4	0.008275703
1465	1471	0	0.004853301
1465	1471	1	0.9585932
1465	1471	2	0.016830044
1465	1471	3	0.0127189495
1465	1471	4	0.007004518
1465	1472	0	0.0057612346
1465	1472	1	0.9386433
1465	1472	2	0.020130204
1465	1472	3	0.02406861
1465	1472	4	0.01139672
1466	1467	0	0.012405486
1466	1467	1	0.8748351
1466	1467	2	0.039182026
1466	1467	3	0.057693385
1466	1467	4	0.015883952
1466	1468	0	0.010785267
1466	1468	1	0.9051582
1466	1468	2	0.028572427
1466	1468	3	0.04507731
1466	1468	4	0.010406723
1466	1469	0	0.0067548114
1466	1469	1	0.9574324
1466	1469	2	0.0161992
1466	1469	3	0.012663449
1466	1469	4	0.006950114
1466	1470	0	0.0056365537
1466	1470	1	0.95985955
1466	1470	2	0.017804286
1466	1470	3	0.00987376
1466	1470	4	0.0068258164
1466	1471	0	0.0039986647
1466	1471	1	0.96162
1466	1471	2	0.01654754
1466	1471	3	0.012072739
1466	1471	4	0.005761161
1466	1472	0	0.006997385
1466	1472	1	0.9307359
1466	1472	2	0.01980264
1466	1472	3	0.031875923
1466	1472	4	0.010588169
1467	1468	0	0.062305782
1467	1468	1	0.7068261
1467	1468	2	0.11341056
1467	1468	3	0.09204167
1467	1468	4	0.025415847
1467	1469	0	0.03826576
1467	1469	1	0.69202316
1467	1469	2	0.17625834
1467	1469	3	0.057211988
1467	1469	4	0.03624072
1467	1470	0	0.04697234
1467	1470	1	0.7966043
1467	1470	2	0.09300227
1467	1470	3	0.039639607
1467	1470	4	0.023781473
1467	1471	0	0.0221144
1467	1471	1	0.85369897
1467	1471	2	0.06927669
1467	1471	3	0.035832
1467	1471	4	0.01907795
1467	1472	0	0.031663336
1467	1472	1	0.7201977
1467	1472	2	0.0957113
1467	1472	3	0.120306045
1467	1472	4	0.03212172
1468	1469	0	0.13836561
1468	1469	1	0.44687495
1468	1469	2	0.27393258
1468	1469	3	0.09146305
1468	1469	4	0.04936378
1468	1470	0	0.12829362
1468	1470	1	0.6484487
1468	1470	2	0.14141321
1468	1470	3	0.054051563
1468	1470	4	0.027792897
1468	1471	0	0.031630963
1468	1471	1	0.8319562
1468	1471	2	0.08853191
1468	1471	3	0.030451322
1468	1471	4	0.017429631
1468	1472	0	0.038540933
1468	1472	1	0.72050565
1468	1472	2	0.108333565
1468	1472	3	0.10305856
1468	1472	4	0.0295613
1469	1470	0	0.122530304
1469	1470	1	0.7220661
1469	1470	2	0.08262285
1469	1470	3	0.045458607
1469	1470	4	0.027322127
1469	1471	0	0.040273953
1469	1471	1	0.85782844
1469	1471	2	0.049068
1469	1471	3	0.034300588
1469	1471	4	0.01852897
1469	1472	0	0.04517437
1469	1472	1	0.7721749
1469	1472	2	0.057519317
1469	1472	3	0.09860682
1469	1472	4	0.026524609
1470	1471	0	0.045140903
1470	1471	1	0.841801
1470	1471	2	0.05676583
1470	1471	3	0.03463496
1470	1471	4	0.02165731
1470	1472	0	0.06672788
1470	1472	1	0.7133297
1470	1472	2	0.06492277
1470	1472	3	0.11933223
1470	1472	4	0.03568747
1471	1472	0	0.1395074
1471	1472	1	0.37022883
1471	1472	2	0.09938337
1471	1472	3	0.34017256
1471	1472	4	0.050707866
1473	1474	0	0.28762165
1473	1474	1	0.14538607
1473	1474	2	0.16977736
1473	1474	3	0.35744122
1473	1474	4	0.03977369
1474	1475	0	0.09877588
1474	1475	1	0.23948899
1474	1475	2	0.49050933
1474	1475	3	0.123863086
1474	1475	4	0.047362655
1475	1476	0	0.89930505
1475	1476	1	0.007753969
1475	1476	2	0.021656847
1475	1476	3	0.062544376
1475	1476	4	0.008739815
1475	1477	0	0.929967
1475	1477	1	0.0032318817
1475	1477	2	0.014722895
1475	1477	3	0.044499505
1475	1477	4	0.0075787795
1476	1477	0	0.6716718
1476	1477	1	0.07683631
1476	1477	2	0.13050807
1476	1477	3	0.086824246
1476	1477	4	0.034159612
1476	1478	0	0.15352322
1476	1478	1	0.3317683
1476	1478	2	0.18036035
1476	1478	3	0.26422465
1476	1478	4	0.07012347
1476	1479	0	0.012641355
1476	1479	1	0.8537135
1476	1479	2	0.07804033
1476	1479	3	0.034849208
1476	1479	4	0.020755598
1476	1480	0	0.024557982
1476	1480	1	0.68270284
1476	1480	2	0.11111335
1476	1480	3	0.14424889
1476	1480	4	0.037376996
1476	1481	0	0.004268654
1476	1481	1	0.9359032
1476	1481	2	0.031133763
1476	1481	3	0.018742684
1476	1481	4	0.009951678
1476	1482	0	0.0061636176
1476	1482	1	0.88593984
1476	1482	2	0.035477504
1476	1482	3	0.05680661
1476	1482	4	0.015612472
1477	1478	0	0.050536573
1477	1478	1	0.41963068
1477	1478	2	0.1772098
1477	1478	3	0.3030875
1477	1478	4	0.0495355
1477	1479	0	0.006014645
1477	1479	1	0.86524624
1477	1479	2	0.07154284
1477	1479	3	0.03982575
1477	1479	4	0.01737054
1477	1480	0	0.009783308
1477	1480	1	0.758738
1477	1480	2	0.10050354
1477	1480	3	0.10238739
1477	1480	4	0.028587786
1477	1481	0	0.002655544
1477	1481	1	0.9409865
1477	1481	2	0.02717991
1477	1481	3	0.020633752
1477	1481	4	0.008544263
1477	1482	0	0.004533516
1477	1482	1	0.87135446
1477	1482	2	0.0396116
1477	1482	3	0.0682113
1477	1482	4	0.016289113
1478	1479	0	0.020144492
1478	1479	1	0.59164095
1478	1479	2	0.27232164
1478	1479	3	0.06861448
1478	1479	4	0.047278397
1478	1480	0	0.042055678
1478	1480	1	0.28144625
1478	1480	2	0.28080228
1478	1480	3	0.3335719
1478	1480	4	0.062123943
1478	1481	0	0.00580339
1478	1481	1	0.8583474
1478	1481	2	0.06992523
1478	1481	3	0.049659528
1478	1481	4	0.01626449
1478	1482	0	0.012080488
1478	1482	1	0.6487526
1478	1482	2	0.10342981
1478	1482	3	0.20018117
1478	1482	4	0.035555832
1479	1480	0	0.32144874
1479	1480	1	0.08931916
1479	1480	2	0.09959683
1479	1480	3	0.4459083
1479	1480	4	0.043727014
1479	1481	0	0.047091775
1479	1481	1	0.7408379
1479	1481	2	0.057571303
1479	1481	3	0.13012876
1479	1481	4	0.024370238
1479	1482	0	0.06682285
1479	1482	1	0.3985453
1479	1482	2	0.05752464
1479	1482	3	0.44254422
1479	1482	4	0.034562986
1480	1481	0	0.008328514
1480	1481	1	0.89773643
1480	1481	2	0.03758355
1480	1481	3	0.045910817
1480	1481	4	0.010440634
1480	1482	0	0.019653609
1480	1482	1	0.6442201
1480	1482	2	0.06857264
1480	1482	3	0.23571081
1480	1482	4	0.031842858
1481	1482	0	0.21142583
1481	1482	1	0.04347438
1481	1482	2	0.061701387
1481	1482	3	0.638182
1481	1482	4	0.04521643
1478	1483	0	0.023958312
1478	1483	1	0.5819891
1478	1483	2	0.30613002
1478	1483	3	0.05640527
1478	1483	4	0.031517275
1478	1484	0	0.062552065
1478	1484	1	0.45408547
1478	1484	2	0.12352785
1478	1484	3	0.316762
1478	1484	4	0.043072652
1478	1485	0	0.016756402
1478	1485	1	0.73003036
1478	1485	2	0.17905952
1478	1485	3	0.048128422
1478	1485	4	0.026025278
1478	1486	0	0.35120392
1478	1486	1	0.11851135
1478	1486	2	0.12952471
1478	1486	3	0.34694552
1478	1486	4	0.053814434
1478	1487	0	0.1285652
1478	1487	1	0.15897788
1478	1487	2	0.3289662
1478	1487	3	0.33605257
1478	1487	4	0.047438182
1478	1488	0	0.7782702
1478	1488	1	0.032913532
1478	1488	2	0.10694102
1478	1488	3	0.06036079
1478	1488	4	0.021514425
1479	1483	0	0.3376995
1479	1483	1	0.29487756
1479	1483	2	0.21240097
1479	1483	3	0.11725428
1479	1483	4	0.03776767
1479	1484	0	0.3646303
1479	1484	1	0.091644555
1479	1484	2	0.037815172
1479	1484	3	0.47524184
1479	1484	4	0.030668136
1479	1485	0	0.1277292
1479	1485	1	0.56052345
1479	1485	2	0.15752707
1479	1485	3	0.11989024
1479	1485	4	0.034329973
1479	1486	0	0.746395
1479	1486	1	0.015057805
1479	1486	2	0.025832152
1479	1486	3	0.19394259
1479	1486	4	0.018772418
1479	1487	0	0.62349993
1479	1487	1	0.023364875
1479	1487	2	0.064440235
1479	1487	3	0.26597056
1479	1487	4	0.02272445
1479	1488	0	0.94347394
1479	1488	1	0.004799805
1479	1488	2	0.017474366
1479	1488	3	0.02716537
1479	1488	4	0.0070865992
1480	1483	0	0.09907245
1480	1483	1	0.46685544
1480	1483	2	0.31655997
1480	1483	3	0.09334116
1480	1483	4	0.024171026
1480	1484	0	0.23096636
1480	1484	1	0.1914057
1480	1484	2	0.07848236
1480	1484	3	0.46731126
1480	1484	4	0.031834353
1480	1485	0	0.04096151
1480	1485	1	0.7222738
1480	1485	2	0.14357284
1480	1485	3	0.07526632
1480	1485	4	0.017925479
1480	1486	0	0.6059976
1480	1486	1	0.033887524
1480	1486	2	0.055027664
1480	1486	3	0.28295997
1480	1486	4	0.022127306
1480	1487	0	0.3791937
1480	1487	1	0.050311174
1480	1487	2	0.13993195
1480	1487	3	0.40569273
1480	1487	4	0.024870455
1480	1488	0	0.9075152
1480	1488	1	0.008728108
1480	1488	2	0.03603111
1480	1488	3	0.040410858
1480	1488	4	0.007314645
1481	1483	0	0.82771367
1481	1483	1	0.031905435
1481	1483	2	0.078914866
1481	1483	3	0.044029146
1481	1483	4	0.017436963
1481	1484	0	0.7973402
1481	1484	1	0.014518047
1481	1484	2	0.020786218
1481	1484	3	0.14874811
1481	1484	4	0.018607428
1481	1485	0	0.5908293
1481	1485	1	0.15423138
1481	1485	2	0.1328999
1481	1485	3	0.08746785
1481	1485	4	0.03457148
1481	1486	0	0.9335516
1481	1486	1	0.0035565859
1481	1486	2	0.011420346
1481	1486	3	0.043257672
1481	1486	4	0.0082136905
1481	1487	0	0.90848815
1481	1487	1	0.004867802
1481	1487	2	0.02033401
1481	1487	3	0.055875838
1481	1487	4	0.010434152
1481	1488	0	0.9675127
1481	1488	1	0.0025695632
1481	1488	2	0.010006978
1481	1488	3	0.014747363
1481	1488	4	0.0051633287
1482	1483	0	0.35119092
1482	1483	1	0.059975125
1482	1483	2	0.51376325
1482	1483	3	0.041874606
1482	1483	4	0.033196103
1482	1484	0	0.5794092
1482	1484	1	0.037170276
1482	1484	2	0.16544722
1482	1484	3	0.17510308
1482	1484	4	0.04287025
1482	1485	0	0.17286134
1482	1485	1	0.21583053
1482	1485	2	0.50131184
1482	1485	3	0.06758111
1482	1485	4	0.042415168
1482	1486	0	0.8828519
1482	1486	1	0.005947475
1482	1486	2	0.048337024
1482	1486	3	0.050160103
1482	1486	4	0.012703529
1482	1487	0	0.7693367
1482	1487	1	0.009786061
1482	1487	2	0.120154865
1482	1487	3	0.08046345
1482	1487	4	0.020258924
1482	1488	0	0.9325311
1482	1488	1	0.004280042
1482	1488	2	0.039477568
1482	1488	3	0.015558482
1482	1488	4	0.008152746
1483	1484	0	0.65053344
1483	1484	1	0.040995594
1483	1484	2	0.017088735
1483	1484	3	0.2771375
1483	1484	4	0.014244734
1483	1485	0	0.07983615
1483	1485	1	0.7437743
1483	1485	2	0.054714527
1483	1485	3	0.107215814
1483	1485	4	0.014459176
1483	1486	0	0.8575808
1483	1486	1	0.0127323605
1483	1486	2	0.012459924
1483	1486	3	0.10763415
1483	1486	4	0.009592832
1483	1487	0	0.6597629
1483	1487	1	0.024830258
1483	1487	2	0.03330463
1483	1487	3	0.26719713
1483	1487	4	0.01490507
1483	1488	0	0.9538012
1483	1488	1	0.0057744305
1483	1488	2	0.009403747
1483	1488	3	0.026118647
1483	1488	4	0.0049020885
1484	1485	0	0.023267187
1484	1485	1	0.5529697
1484	1485	2	0.35178322
1484	1485	3	0.044905555
1484	1485	4	0.027074348
1484	1486	0	0.6803509
1484	1486	1	0.043810315
1484	1486	2	0.14140014
1484	1486	3	0.102689885
1484	1486	4	0.031748775
1484	1487	0	0.33401045
1484	1487	1	0.07450223
1484	1487	2	0.40638134
1484	1487	3	0.14359288
1484	1487	4	0.041513093
1484	1488	0	0.7380045
1484	1488	1	0.0424591
1484	1488	2	0.16654341
1484	1488	3	0.031039342
1484	1488	4	0.021953564
1485	1486	0	0.9093687
1485	1486	1	0.004629512
1485	1486	2	0.009562321
1485	1486	3	0.06954131
1485	1486	4	0.0068981303
1485	1487	0	0.84663206
1485	1487	1	0.007617752
1485	1487	2	0.02173045
1485	1487	3	0.114117734
1485	1487	4	0.00990195
1485	1488	0	0.96479726
1485	1488	1	0.0033060443
1485	1488	2	0.008405485
1485	1488	3	0.019075558
1485	1488	4	0.004415653
1486	1487	0	0.04072878
1486	1487	1	0.16927265
1486	1487	2	0.6293614
1486	1487	3	0.112857334
1486	1487	4	0.047779907
1486	1488	0	0.38307372
1486	1488	1	0.16748318
1486	1488	2	0.37274224
1486	1488	3	0.03549172
1486	1488	4	0.04120919
1487	1488	0	0.78988993
1487	1488	1	0.036427937
1487	1488	2	0.07652598
1487	1488	3	0.082193926
1487	1488	4	0.014962151
1483	1489	0	0.09603853
1483	1489	1	0.030286158
1483	1489	2	0.025921013
1483	1489	3	0.83467597
1483	1489	4	0.013078275
1483	1490	0	0.10025173
1483	1490	1	0.0773875
1483	1490	2	0.040063173
1483	1490	3	0.7645677
1483	1490	4	0.017729977
1483	1491	0	0.19045505
1483	1491	1	0.018423408
1483	1491	2	0.027446046
1483	1491	3	0.74763995
1483	1491	4	0.016035518
1483	1492	0	0.35180676
1483	1492	1	0.1845605
1483	1492	2	0.068214364
1483	1492	3	0.37948
1483	1492	4	0.015938437
1483	1493	0	0.059223667
1483	1493	1	0.08249546
1483	1493	2	0.018837748
1483	1493	3	0.8265809
1483	1493	4	0.012862257
1484	1489	0	0.09249861
1484	1489	1	0.047729123
1484	1489	2	0.38155946
1484	1489	3	0.4342648
1484	1489	4	0.043948006
1484	1490	0	0.07779835
1484	1490	1	0.08030326
1484	1490	2	0.41757968
1484	1490	3	0.37171698
1484	1490	4	0.05260175
1484	1491	0	0.2173656
1484	1491	1	0.037386637
1484	1491	2	0.27764893
1484	1491	3	0.41624504
1484	1491	4	0.051353797
1484	1492	0	0.17804688
1484	1492	1	0.15450257
1484	1492	2	0.49648556
1484	1492	3	0.13090277
1484	1492	4	0.04006214
1484	1493	0	0.07145703
1484	1493	1	0.101096414
1484	1493	2	0.34056312
1484	1493	3	0.43745714
1484	1493	4	0.049426317
1485	1489	0	0.3212359
1485	1489	1	0.01274477
1485	1489	2	0.03309081
1485	1489	3	0.618656
1485	1489	4	0.014272508
1485	1490	0	0.31438035
1485	1490	1	0.023977492
1485	1490	2	0.04793572
1485	1490	3	0.5939453
1485	1490	4	0.019761167
1485	1491	0	0.566584
1485	1491	1	0.009763395
1485	1491	2	0.029545506
1485	1491	3	0.3771096
1485	1491	4	0.016997445
1485	1492	0	0.72755295
1485	1492	1	0.027278828
1485	1492	2	0.042190522
1485	1492	3	0.19185401
1485	1492	4	0.011123711
1485	1493	0	0.19918792
1485	1493	1	0.026948271
1485	1493	2	0.025561156
1485	1493	3	0.73339045
1485	1493	4	0.014912189
1486	1489	0	0.03881844
1486	1489	1	0.115103625
1486	1489	2	0.48450875
1486	1489	3	0.3056158
1486	1489	4	0.05595345
1486	1490	0	0.027211139
1486	1490	1	0.21824352
1486	1490	2	0.50170326
1486	1490	3	0.19639972
1486	1490	4	0.056442373
1486	1491	0	0.07466938
1486	1491	1	0.09291143
1486	1491	2	0.38594574
1486	1491	3	0.38617823
1486	1491	4	0.060295235
1486	1492	0	0.06362415
1486	1492	1	0.2811757
1486	1492	2	0.52451855
1486	1492	3	0.08801226
1486	1492	4	0.042669363
1486	1493	0	0.029537596
1486	1493	1	0.29935
1486	1493	2	0.2767699
1486	1493	3	0.34050277
1486	1493	4	0.053839717
1487	1489	0	0.034361158
1487	1489	1	0.074601516
1487	1489	2	0.09914907
1487	1489	3	0.7695496
1487	1489	4	0.022338653
1487	1490	0	0.027917644
1487	1490	1	0.17253986
1487	1490	2	0.15676016
1487	1490	3	0.6071608
1487	1490	4	0.035621542
1487	1491	0	0.07095657
1487	1491	1	0.0515397
1487	1491	2	0.08563898
1487	1491	3	0.7636702
1487	1491	4	0.028194528
1487	1492	0	0.10225073
1487	1492	1	0.31649438
1487	1492	2	0.20628557
1487	1492	3	0.34550315
1487	1492	4	0.029466152
1487	1493	0	0.024808863
1487	1493	1	0.18095829
1487	1493	2	0.062063545
1487	1493	3	0.71051866
1487	1493	4	0.021650622
1488	1489	0	0.01595659
1488	1489	1	0.47466004
1488	1489	2	0.09678201
1488	1489	3	0.38413596
1488	1489	4	0.028465353
1488	1490	0	0.009195448
1488	1490	1	0.6976547
1488	1490	2	0.08247411
1488	1490	3	0.18331046
1488	1490	4	0.027365286
1488	1491	0	0.033235013
1488	1491	1	0.34807426
1488	1491	2	0.0938953
1488	1491	3	0.48745108
1488	1491	4	0.037344404
1488	1492	0	0.01842216
1488	1492	1	0.82052696
1488	1492	2	0.07444747
1488	1492	3	0.069018655
1488	1492	4	0.017584814
1488	1493	0	0.0131810615
1488	1493	1	0.57817805
1488	1493	2	0.046287026
1488	1493	3	0.33821237
1488	1493	4	0.02414152
1489	1490	0	0.027094055
1489	1490	1	0.10531921
1489	1490	2	0.4334189
1489	1490	3	0.38314015
1489	1490	4	0.051027734
1489	1491	0	0.098492496
1489	1491	1	0.03375649
1489	1491	2	0.28064558
1489	1491	3	0.5399437
1489	1491	4	0.047161672
1489	1492	0	0.11835286
1489	1492	1	0.13120487
1489	1492	2	0.4832859
1489	1492	3	0.22493565
1489	1492	4	0.042220693
1489	1493	0	0.03944778
1489	1493	1	0.07810906
1489	1493	2	0.20492403
1489	1493	3	0.6369417
1489	1493	4	0.040577408
1490	1491	0	0.15589462
1490	1491	1	0.027344981
1490	1491	2	0.1397937
1490	1491	3	0.6455866
1490	1491	4	0.03138008
1490	1492	0	0.30483365
1490	1492	1	0.1528757
1490	1492	2	0.21938829
1490	1492	3	0.29139256
1490	1492	4	0.03150977
1490	1493	0	0.04541258
1490	1493	1	0.09622877
1490	1493	2	0.08415672
1490	1493	3	0.7441788
1490	1493	4	0.030023085
1491	1492	0	0.11343313
1491	1492	1	0.15154639
1491	1492	2	0.46999684
1491	1492	3	0.23039779
1491	1492	4	0.034625843
1491	1493	0	0.022794552
1491	1493	1	0.15934096
1491	1493	2	0.18605182
1491	1493	3	0.5893825
1491	1493	4	0.04243014
1492	1493	0	0.04421317
1492	1493	1	0.13102087
1492	1493	2	0.051926803
1492	1493	3	0.7372434
1492	1493	4	0.035595722
1183	1191	0	0.2
1191	1183	0	0.2
1183	1191	1	0.2
1191	1183	1	0.2
1183	1191	2	0.2
1191	1183	2	0.2
1183	1191	3	0.2
1191	1183	3	0.2
1183	1191	4	0.2
1191	1183	4	0.2
1183	1192	0	0.2
1192	1183	0	0.2
1183	1192	1	0.2
1192	1183	1	0.2
1183	1192	2	0.2
1192	1183	2	0.2
1183	1192	3	0.2
1192	1183	3	0.2
1183	1192	4	0.2
1192	1183	4	0.2
1183	1193	0	0.2
1193	1183	0	0.2
1183	1193	1	0.2
1193	1183	1	0.2
1183	1193	2	0.2
1193	1183	2	0.2
1183	1193	3	0.2
1193	1183	3	0.2
1183	1193	4	0.2
1193	1183	4	0.2
1183	1194	0	0.2
1194	1183	0	0.2
1183	1194	1	0.2
1194	1183	1	0.2
1183	1194	2	0.2
1194	1183	2	0.2
1183	1194	3	0.2
1194	1183	3	0.2
1183	1194	4	0.2
1194	1183	4	0.2
1183	1195	0	0.2
1195	1183	0	0.2
1183	1195	1	0.2
1195	1183	1	0.2
1183	1195	2	0.2
1195	1183	2	0.2
1183	1195	3	0.2
1195	1183	3	0.2
1183	1195	4	0.2
1195	1183	4	0.2
1183	1196	0	0.2
1196	1183	0	0.2
1183	1196	1	0.2
1196	1183	1	0.2
1183	1196	2	0.2
1196	1183	2	0.2
1183	1196	3	0.2
1196	1183	3	0.2
1183	1196	4	0.2
1196	1183	4	0.2
1184	1191	0	0.2
1191	1184	0	0.2
1184	1191	1	0.2
1191	1184	1	0.2
1184	1191	2	0.2
1191	1184	2	0.2
1184	1191	3	0.2
1191	1184	3	0.2
1184	1191	4	0.2
1191	1184	4	0.2
1184	1192	0	0.2
1192	1184	0	0.2
1184	1192	1	0.2
1192	1184	1	0.2
1184	1192	2	0.2
1192	1184	2	0.2
1184	1192	3	0.2
1192	1184	3	0.2
1184	1192	4	0.2
1192	1184	4	0.2
1184	1193	0	0.2
1193	1184	0	0.2
1184	1193	1	0.2
1193	1184	1	0.2
1184	1193	2	0.2
1193	1184	2	0.2
1184	1193	3	0.2
1193	1184	3	0.2
1184	1193	4	0.2
1193	1184	4	0.2
1184	1194	0	0.2
1194	1184	0	0.2
1184	1194	1	0.2
1194	1184	1	0.2
1184	1194	2	0.2
1194	1184	2	0.2
1184	1194	3	0.2
1194	1184	3	0.2
1184	1194	4	0.2
1194	1184	4	0.2
1184	1195	0	0.2
1195	1184	0	0.2
1184	1195	1	0.2
1195	1184	1	0.2
1184	1195	2	0.2
1195	1184	2	0.2
1184	1195	3	0.2
1195	1184	3	0.2
1184	1195	4	0.2
1195	1184	4	0.2
1184	1196	0	0.2
1196	1184	0	0.2
1184	1196	1	0.2
1196	1184	1	0.2
1184	1196	2	0.2
1196	1184	2	0.2
1184	1196	3	0.2
1196	1184	3	0.2
1184	1196	4	0.2
1196	1184	4	0.2
1185	1191	0	0.2
1191	1185	0	0.2
1185	1191	1	0.2
1191	1185	1	0.2
1185	1191	2	0.2
1191	1185	2	0.2
1185	1191	3	0.2
1191	1185	3	0.2
1185	1191	4	0.2
1191	1185	4	0.2
1185	1192	0	0.2
1192	1185	0	0.2
1185	1192	1	0.2
1192	1185	1	0.2
1185	1192	2	0.2
1192	1185	2	0.2
1185	1192	3	0.2
1192	1185	3	0.2
1185	1192	4	0.2
1192	1185	4	0.2
1185	1193	0	0.2
1193	1185	0	0.2
1185	1193	1	0.2
1193	1185	1	0.2
1185	1193	2	0.2
1193	1185	2	0.2
1185	1193	3	0.2
1193	1185	3	0.2
1185	1193	4	0.2
1193	1185	4	0.2
1185	1194	0	0.2
1194	1185	0	0.2
1185	1194	1	0.2
1194	1185	1	0.2
1185	1194	2	0.2
1194	1185	2	0.2
1185	1194	3	0.2
1194	1185	3	0.2
1185	1194	4	0.2
1194	1185	4	0.2
1185	1195	0	0.2
1195	1185	0	0.2
1185	1195	1	0.2
1195	1185	1	0.2
1185	1195	2	0.2
1195	1185	2	0.2
1185	1195	3	0.2
1195	1185	3	0.2
1185	1195	4	0.2
1195	1185	4	0.2
1185	1196	0	0.2
1196	1185	0	0.2
1185	1196	1	0.2
1196	1185	1	0.2
1185	1196	2	0.2
1196	1185	2	0.2
1185	1196	3	0.2
1196	1185	3	0.2
1185	1196	4	0.2
1196	1185	4	0.2
1186	1197	0	0.2
1197	1186	0	0.2
1186	1197	1	0.2
1197	1186	1	0.2
1186	1197	2	0.2
1197	1186	2	0.2
1186	1197	3	0.2
1197	1186	3	0.2
1186	1197	4	0.2
1197	1186	4	0.2
1186	1198	0	0.2
1198	1186	0	0.2
1186	1198	1	0.2
1198	1186	1	0.2
1186	1198	2	0.2
1198	1186	2	0.2
1186	1198	3	0.2
1198	1186	3	0.2
1186	1198	4	0.2
1198	1186	4	0.2
1187	1197	0	0.2
1197	1187	0	0.2
1187	1197	1	0.2
1197	1187	1	0.2
1187	1197	2	0.2
1197	1187	2	0.2
1187	1197	3	0.2
1197	1187	3	0.2
1187	1197	4	0.2
1197	1187	4	0.2
1187	1198	0	0.2
1198	1187	0	0.2
1187	1198	1	0.2
1198	1187	1	0.2
1187	1198	2	0.2
1198	1187	2	0.2
1187	1198	3	0.2
1198	1187	3	0.2
1187	1198	4	0.2
1198	1187	4	0.2
1188	1197	0	0.2
1197	1188	0	0.2
1188	1197	1	0.2
1197	1188	1	0.2
1188	1197	2	0.2
1197	1188	2	0.2
1188	1197	3	0.2
1197	1188	3	0.2
1188	1197	4	0.2
1197	1188	4	0.2
1188	1198	0	0.2
1198	1188	0	0.2
1188	1198	1	0.2
1198	1188	1	0.2
1188	1198	2	0.2
1198	1188	2	0.2
1188	1198	3	0.2
1198	1188	3	0.2
1188	1198	4	0.2
1198	1188	4	0.2
1189	1197	0	0.2
1197	1189	0	0.2
1189	1197	1	0.2
1197	1189	1	0.2
1189	1197	2	0.2
1197	1189	2	0.2
1189	1197	3	0.2
1197	1189	3	0.2
1189	1197	4	0.2
1197	1189	4	0.2
1189	1198	0	0.2
1198	1189	0	0.2
1189	1198	1	0.2
1198	1189	1	0.2
1189	1198	2	0.2
1198	1189	2	0.2
1189	1198	3	0.2
1198	1189	3	0.2
1189	1198	4	0.2
1198	1189	4	0.2
1190	1197	0	0.2
1197	1190	0	0.2
1190	1197	1	0.2
1197	1190	1	0.2
1190	1197	2	0.2
1197	1190	2	0.2
1190	1197	3	0.2
1197	1190	3	0.2
1190	1197	4	0.2
1197	1190	4	0.2
1190	1198	0	0.2
1198	1190	0	0.2
1190	1198	1	0.2
1198	1190	1	0.2
1190	1198	2	0.2
1198	1190	2	0.2
1190	1198	3	0.2
1198	1190	3	0.2
1190	1198	4	0.2
1198	1190	4	0.2
1191	1199	0	0.2
1199	1191	0	0.2
1191	1199	1	0.2
1199	1191	1	0.2
1191	1199	2	0.2
1199	1191	2	0.2
1191	1199	3	0.2
1199	1191	3	0.2
1191	1199	4	0.2
1199	1191	4	0.2
1191	1200	0	0.2
1200	1191	0	0.2
1191	1200	1	0.2
1200	1191	1	0.2
1191	1200	2	0.2
1200	1191	2	0.2
1191	1200	3	0.2
1200	1191	3	0.2
1191	1200	4	0.2
1200	1191	4	0.2
1191	1201	0	0.2
1201	1191	0	0.2
1191	1201	1	0.2
1201	1191	1	0.2
1191	1201	2	0.2
1201	1191	2	0.2
1191	1201	3	0.2
1201	1191	3	0.2
1191	1201	4	0.2
1201	1191	4	0.2
1192	1199	0	0.2
1199	1192	0	0.2
1192	1199	1	0.2
1199	1192	1	0.2
1192	1199	2	0.2
1199	1192	2	0.2
1192	1199	3	0.2
1199	1192	3	0.2
1192	1199	4	0.2
1199	1192	4	0.2
1192	1200	0	0.2
1200	1192	0	0.2
1192	1200	1	0.2
1200	1192	1	0.2
1192	1200	2	0.2
1200	1192	2	0.2
1192	1200	3	0.2
1200	1192	3	0.2
1192	1200	4	0.2
1200	1192	4	0.2
1192	1201	0	0.2
1201	1192	0	0.2
1192	1201	1	0.2
1201	1192	1	0.2
1192	1201	2	0.2
1201	1192	2	0.2
1192	1201	3	0.2
1201	1192	3	0.2
1192	1201	4	0.2
1201	1192	4	0.2
1193	1199	0	0.2
1199	1193	0	0.2
1193	1199	1	0.2
1199	1193	1	0.2
1193	1199	2	0.2
1199	1193	2	0.2
1193	1199	3	0.2
1199	1193	3	0.2
1193	1199	4	0.2
1199	1193	4	0.2
1193	1200	0	0.2
1200	1193	0	0.2
1193	1200	1	0.2
1200	1193	1	0.2
1193	1200	2	0.2
1200	1193	2	0.2
1193	1200	3	0.2
1200	1193	3	0.2
1193	1200	4	0.2
1200	1193	4	0.2
1193	1201	0	0.2
1201	1193	0	0.2
1193	1201	1	0.2
1201	1193	1	0.2
1193	1201	2	0.2
1201	1193	2	0.2
1193	1201	3	0.2
1201	1193	3	0.2
1193	1201	4	0.2
1201	1193	4	0.2
1194	1199	0	0.2
1199	1194	0	0.2
1194	1199	1	0.2
1199	1194	1	0.2
1194	1199	2	0.2
1199	1194	2	0.2
1194	1199	3	0.2
1199	1194	3	0.2
1194	1199	4	0.2
1199	1194	4	0.2
1194	1200	0	0.2
1200	1194	0	0.2
1194	1200	1	0.2
1200	1194	1	0.2
1194	1200	2	0.2
1200	1194	2	0.2
1194	1200	3	0.2
1200	1194	3	0.2
1194	1200	4	0.2
1200	1194	4	0.2
1194	1201	0	0.2
1201	1194	0	0.2
1194	1201	1	0.2
1201	1194	1	0.2
1194	1201	2	0.2
1201	1194	2	0.2
1194	1201	3	0.2
1201	1194	3	0.2
1194	1201	4	0.2
1201	1194	4	0.2
1195	1199	0	0.2
1199	1195	0	0.2
1195	1199	1	0.2
1199	1195	1	0.2
1195	1199	2	0.2
1199	1195	2	0.2
1195	1199	3	0.2
1199	1195	3	0.2
1195	1199	4	0.2
1199	1195	4	0.2
1195	1200	0	0.2
1200	1195	0	0.2
1195	1200	1	0.2
1200	1195	1	0.2
1195	1200	2	0.2
1200	1195	2	0.2
1195	1200	3	0.2
1200	1195	3	0.2
1195	1200	4	0.2
1200	1195	4	0.2
1195	1201	0	0.2
1201	1195	0	0.2
1195	1201	1	0.2
1201	1195	1	0.2
1195	1201	2	0.2
1201	1195	2	0.2
1195	1201	3	0.2
1201	1195	3	0.2
1195	1201	4	0.2
1201	1195	4	0.2
1196	1199	0	0.2
1199	1196	0	0.2
1196	1199	1	0.2
1199	1196	1	0.2
1196	1199	2	0.2
1199	1196	2	0.2
1196	1199	3	0.2
1199	1196	3	0.2
1196	1199	4	0.2
1199	1196	4	0.2
1196	1200	0	0.2
1200	1196	0	0.2
1196	1200	1	0.2
1200	1196	1	0.2
1196	1200	2	0.2
1200	1196	2	0.2
1196	1200	3	0.2
1200	1196	3	0.2
1196	1200	4	0.2
1200	1196	4	0.2
1196	1201	0	0.2
1201	1196	0	0.2
1196	1201	1	0.2
1201	1196	1	0.2
1196	1201	2	0.2
1201	1196	2	0.2
1196	1201	3	0.2
1201	1196	3	0.2
1196	1201	4	0.2
1201	1196	4	0.2
1197	1202	0	0.2
1202	1197	0	0.2
1197	1202	1	0.2
1202	1197	1	0.2
1197	1202	2	0.2
1202	1197	2	0.2
1197	1202	3	0.2
1202	1197	3	0.2
1197	1202	4	0.2
1202	1197	4	0.2
1197	1203	0	0.2
1203	1197	0	0.2
1197	1203	1	0.2
1203	1197	1	0.2
1197	1203	2	0.2
1203	1197	2	0.2
1197	1203	3	0.2
1203	1197	3	0.2
1197	1203	4	0.2
1203	1197	4	0.2
1197	1204	0	0.2
1204	1197	0	0.2
1197	1204	1	0.2
1204	1197	1	0.2
1197	1204	2	0.2
1204	1197	2	0.2
1197	1204	3	0.2
1204	1197	3	0.2
1197	1204	4	0.2
1204	1197	4	0.2
1197	1205	0	0.2
1205	1197	0	0.2
1197	1205	1	0.2
1205	1197	1	0.2
1197	1205	2	0.2
1205	1197	2	0.2
1197	1205	3	0.2
1205	1197	3	0.2
1197	1205	4	0.2
1205	1197	4	0.2
1197	1206	0	0.2
1206	1197	0	0.2
1197	1206	1	0.2
1206	1197	1	0.2
1197	1206	2	0.2
1206	1197	2	0.2
1197	1206	3	0.2
1206	1197	3	0.2
1197	1206	4	0.2
1206	1197	4	0.2
1198	1202	0	0.2
1202	1198	0	0.2
1198	1202	1	0.2
1202	1198	1	0.2
1198	1202	2	0.2
1202	1198	2	0.2
1198	1202	3	0.2
1202	1198	3	0.2
1198	1202	4	0.2
1202	1198	4	0.2
1198	1203	0	0.2
1203	1198	0	0.2
1198	1203	1	0.2
1203	1198	1	0.2
1198	1203	2	0.2
1203	1198	2	0.2
1198	1203	3	0.2
1203	1198	3	0.2
1198	1203	4	0.2
1203	1198	4	0.2
1198	1204	0	0.2
1204	1198	0	0.2
1198	1204	1	0.2
1204	1198	1	0.2
1198	1204	2	0.2
1204	1198	2	0.2
1198	1204	3	0.2
1204	1198	3	0.2
1198	1204	4	0.2
1204	1198	4	0.2
1198	1205	0	0.2
1205	1198	0	0.2
1198	1205	1	0.2
1205	1198	1	0.2
1198	1205	2	0.2
1205	1198	2	0.2
1198	1205	3	0.2
1205	1198	3	0.2
1198	1205	4	0.2
1205	1198	4	0.2
1198	1206	0	0.2
1206	1198	0	0.2
1198	1206	1	0.2
1206	1198	1	0.2
1198	1206	2	0.2
1206	1198	2	0.2
1198	1206	3	0.2
1206	1198	3	0.2
1198	1206	4	0.2
1206	1198	4	0.2
1199	1207	0	0.2
1207	1199	0	0.2
1199	1207	1	0.2
1207	1199	1	0.2
1199	1207	2	0.2
1207	1199	2	0.2
1199	1207	3	0.2
1207	1199	3	0.2
1199	1207	4	0.2
1207	1199	4	0.2
1199	1208	0	0.2
1208	1199	0	0.2
1199	1208	1	0.2
1208	1199	1	0.2
1199	1208	2	0.2
1208	1199	2	0.2
1199	1208	3	0.2
1208	1199	3	0.2
1199	1208	4	0.2
1208	1199	4	0.2
1199	1209	0	0.2
1209	1199	0	0.2
1199	1209	1	0.2
1209	1199	1	0.2
1199	1209	2	0.2
1209	1199	2	0.2
1199	1209	3	0.2
1209	1199	3	0.2
1199	1209	4	0.2
1209	1199	4	0.2
1199	1210	0	0.2
1210	1199	0	0.2
1199	1210	1	0.2
1210	1199	1	0.2
1199	1210	2	0.2
1210	1199	2	0.2
1199	1210	3	0.2
1210	1199	3	0.2
1199	1210	4	0.2
1210	1199	4	0.2
1200	1207	0	0.2
1207	1200	0	0.2
1200	1207	1	0.2
1207	1200	1	0.2
1200	1207	2	0.2
1207	1200	2	0.2
1200	1207	3	0.2
1207	1200	3	0.2
1200	1207	4	0.2
1207	1200	4	0.2
1200	1208	0	0.2
1208	1200	0	0.2
1200	1208	1	0.2
1208	1200	1	0.2
1200	1208	2	0.2
1208	1200	2	0.2
1200	1208	3	0.2
1208	1200	3	0.2
1200	1208	4	0.2
1208	1200	4	0.2
1200	1209	0	0.2
1209	1200	0	0.2
1200	1209	1	0.2
1209	1200	1	0.2
1200	1209	2	0.2
1209	1200	2	0.2
1200	1209	3	0.2
1209	1200	3	0.2
1200	1209	4	0.2
1209	1200	4	0.2
1200	1210	0	0.2
1210	1200	0	0.2
1200	1210	1	0.2
1210	1200	1	0.2
1200	1210	2	0.2
1210	1200	2	0.2
1200	1210	3	0.2
1210	1200	3	0.2
1200	1210	4	0.2
1210	1200	4	0.2
1201	1207	0	0.2
1207	1201	0	0.2
1201	1207	1	0.2
1207	1201	1	0.2
1201	1207	2	0.2
1207	1201	2	0.2
1201	1207	3	0.2
1207	1201	3	0.2
1201	1207	4	0.2
1207	1201	4	0.2
1201	1208	0	0.2
1208	1201	0	0.2
1201	1208	1	0.2
1208	1201	1	0.2
1201	1208	2	0.2
1208	1201	2	0.2
1201	1208	3	0.2
1208	1201	3	0.2
1201	1208	4	0.2
1208	1201	4	0.2
1201	1209	0	0.2
1209	1201	0	0.2
1201	1209	1	0.2
1209	1201	1	0.2
1201	1209	2	0.2
1209	1201	2	0.2
1201	1209	3	0.2
1209	1201	3	0.2
1201	1209	4	0.2
1209	1201	4	0.2
1201	1210	0	0.2
1210	1201	0	0.2
1201	1210	1	0.2
1210	1201	1	0.2
1201	1210	2	0.2
1210	1201	2	0.2
1201	1210	3	0.2
1210	1201	3	0.2
1201	1210	4	0.2
1210	1201	4	0.2
1202	1211	0	0.2
1211	1202	0	0.2
1202	1211	1	0.2
1211	1202	1	0.2
1202	1211	2	0.2
1211	1202	2	0.2
1202	1211	3	0.2
1211	1202	3	0.2
1202	1211	4	0.2
1211	1202	4	0.2
1203	1211	0	0.2
1211	1203	0	0.2
1203	1211	1	0.2
1211	1203	1	0.2
1203	1211	2	0.2
1211	1203	2	0.2
1203	1211	3	0.2
1211	1203	3	0.2
1203	1211	4	0.2
1211	1203	4	0.2
1204	1211	0	0.2
1211	1204	0	0.2
1204	1211	1	0.2
1211	1204	1	0.2
1204	1211	2	0.2
1211	1204	2	0.2
1204	1211	3	0.2
1211	1204	3	0.2
1204	1211	4	0.2
1211	1204	4	0.2
1205	1211	0	0.2
1211	1205	0	0.2
1205	1211	1	0.2
1211	1205	1	0.2
1205	1211	2	0.2
1211	1205	2	0.2
1205	1211	3	0.2
1211	1205	3	0.2
1205	1211	4	0.2
1211	1205	4	0.2
1206	1211	0	0.2
1211	1206	0	0.2
1206	1211	1	0.2
1211	1206	1	0.2
1206	1211	2	0.2
1211	1206	2	0.2
1206	1211	3	0.2
1211	1206	3	0.2
1206	1211	4	0.2
1211	1206	4	0.2
1212	1216	0	0.2
1216	1212	0	0.2
1212	1216	1	0.2
1216	1212	1	0.2
1212	1216	2	0.2
1216	1212	2	0.2
1212	1216	3	0.2
1216	1212	3	0.2
1212	1216	4	0.2
1216	1212	4	0.2
1212	1217	0	0.2
1217	1212	0	0.2
1212	1217	1	0.2
1217	1212	1	0.2
1212	1217	2	0.2
1217	1212	2	0.2
1212	1217	3	0.2
1217	1212	3	0.2
1212	1217	4	0.2
1217	1212	4	0.2
1212	1218	0	0.2
1218	1212	0	0.2
1212	1218	1	0.2
1218	1212	1	0.2
1212	1218	2	0.2
1218	1212	2	0.2
1212	1218	3	0.2
1218	1212	3	0.2
1212	1218	4	0.2
1218	1212	4	0.2
1213	1216	0	0.2
1216	1213	0	0.2
1213	1216	1	0.2
1216	1213	1	0.2
1213	1216	2	0.2
1216	1213	2	0.2
1213	1216	3	0.2
1216	1213	3	0.2
1213	1216	4	0.2
1216	1213	4	0.2
1213	1217	0	0.2
1217	1213	0	0.2
1213	1217	1	0.2
1217	1213	1	0.2
1213	1217	2	0.2
1217	1213	2	0.2
1213	1217	3	0.2
1217	1213	3	0.2
1213	1217	4	0.2
1217	1213	4	0.2
1213	1218	0	0.2
1218	1213	0	0.2
1213	1218	1	0.2
1218	1213	1	0.2
1213	1218	2	0.2
1218	1213	2	0.2
1213	1218	3	0.2
1218	1213	3	0.2
1213	1218	4	0.2
1218	1213	4	0.2
1214	1216	0	0.2
1216	1214	0	0.2
1214	1216	1	0.2
1216	1214	1	0.2
1214	1216	2	0.2
1216	1214	2	0.2
1214	1216	3	0.2
1216	1214	3	0.2
1214	1216	4	0.2
1216	1214	4	0.2
1214	1217	0	0.2
1217	1214	0	0.2
1214	1217	1	0.2
1217	1214	1	0.2
1214	1217	2	0.2
1217	1214	2	0.2
1214	1217	3	0.2
1217	1214	3	0.2
1214	1217	4	0.2
1217	1214	4	0.2
1214	1218	0	0.2
1218	1214	0	0.2
1214	1218	1	0.2
1218	1214	1	0.2
1214	1218	2	0.2
1218	1214	2	0.2
1214	1218	3	0.2
1218	1214	3	0.2
1214	1218	4	0.2
1218	1214	4	0.2
1215	1219	0	0.2
1219	1215	0	0.2
1215	1219	1	0.2
1219	1215	1	0.2
1215	1219	2	0.2
1219	1215	2	0.2
1215	1219	3	0.2
1219	1215	3	0.2
1215	1219	4	0.2
1219	1215	4	0.2
1215	1220	0	0.2
1220	1215	0	0.2
1215	1220	1	0.2
1220	1215	1	0.2
1215	1220	2	0.2
1220	1215	2	0.2
1215	1220	3	0.2
1220	1215	3	0.2
1215	1220	4	0.2
1220	1215	4	0.2
1215	1221	0	0.2
1221	1215	0	0.2
1215	1221	1	0.2
1221	1215	1	0.2
1215	1221	2	0.2
1221	1215	2	0.2
1215	1221	3	0.2
1221	1215	3	0.2
1215	1221	4	0.2
1221	1215	4	0.2
1215	1222	0	0.2
1222	1215	0	0.2
1215	1222	1	0.2
1222	1215	1	0.2
1215	1222	2	0.2
1222	1215	2	0.2
1215	1222	3	0.2
1222	1215	3	0.2
1215	1222	4	0.2
1222	1215	4	0.2
1215	1223	0	0.2
1223	1215	0	0.2
1215	1223	1	0.2
1223	1215	1	0.2
1215	1223	2	0.2
1223	1215	2	0.2
1215	1223	3	0.2
1223	1215	3	0.2
1215	1223	4	0.2
1223	1215	4	0.2
1216	1224	0	0.2
1224	1216	0	0.2
1216	1224	1	0.2
1224	1216	1	0.2
1216	1224	2	0.2
1224	1216	2	0.2
1216	1224	3	0.2
1224	1216	3	0.2
1216	1224	4	0.2
1224	1216	4	0.2
1217	1224	0	0.2
1224	1217	0	0.2
1217	1224	1	0.2
1224	1217	1	0.2
1217	1224	2	0.2
1224	1217	2	0.2
1217	1224	3	0.2
1224	1217	3	0.2
1217	1224	4	0.2
1224	1217	4	0.2
1218	1224	0	0.2
1224	1218	0	0.2
1218	1224	1	0.2
1224	1218	1	0.2
1218	1224	2	0.2
1224	1218	2	0.2
1218	1224	3	0.2
1224	1218	3	0.2
1218	1224	4	0.2
1224	1218	4	0.2
1219	1225	0	0.2
1225	1219	0	0.2
1219	1225	1	0.2
1225	1219	1	0.2
1219	1225	2	0.2
1225	1219	2	0.2
1219	1225	3	0.2
1225	1219	3	0.2
1219	1225	4	0.2
1225	1219	4	0.2
1220	1225	0	0.2
1225	1220	0	0.2
1220	1225	1	0.2
1225	1220	1	0.2
1220	1225	2	0.2
1225	1220	2	0.2
1220	1225	3	0.2
1225	1220	3	0.2
1220	1225	4	0.2
1225	1220	4	0.2
1221	1225	0	0.2
1225	1221	0	0.2
1221	1225	1	0.2
1225	1221	1	0.2
1221	1225	2	0.2
1225	1221	2	0.2
1221	1225	3	0.2
1225	1221	3	0.2
1221	1225	4	0.2
1225	1221	4	0.2
1222	1225	0	0.2
1225	1222	0	0.2
1222	1225	1	0.2
1225	1222	1	0.2
1222	1225	2	0.2
1225	1222	2	0.2
1222	1225	3	0.2
1225	1222	3	0.2
1222	1225	4	0.2
1225	1222	4	0.2
1223	1225	0	0.2
1225	1223	0	0.2
1223	1225	1	0.2
1225	1223	1	0.2
1223	1225	2	0.2
1225	1223	2	0.2
1223	1225	3	0.2
1225	1223	3	0.2
1223	1225	4	0.2
1225	1223	4	0.2
1224	1226	0	0.2
1226	1224	0	0.2
1224	1226	1	0.2
1226	1224	1	0.2
1224	1226	2	0.2
1226	1224	2	0.2
1224	1226	3	0.2
1226	1224	3	0.2
1224	1226	4	0.2
1226	1224	4	0.2
1224	1227	0	0.2
1227	1224	0	0.2
1224	1227	1	0.2
1227	1224	1	0.2
1224	1227	2	0.2
1227	1224	2	0.2
1224	1227	3	0.2
1227	1224	3	0.2
1224	1227	4	0.2
1227	1224	4	0.2
1225	1228	0	0.2
1228	1225	0	0.2
1225	1228	1	0.2
1228	1225	1	0.2
1225	1228	2	0.2
1228	1225	2	0.2
1225	1228	3	0.2
1228	1225	3	0.2
1225	1228	4	0.2
1228	1225	4	0.2
1225	1229	0	0.2
1229	1225	0	0.2
1225	1229	1	0.2
1229	1225	1	0.2
1225	1229	2	0.2
1229	1225	2	0.2
1225	1229	3	0.2
1229	1225	3	0.2
1225	1229	4	0.2
1229	1225	4	0.2
1226	1230	0	0.2
1230	1226	0	0.2
1226	1230	1	0.2
1230	1226	1	0.2
1226	1230	2	0.2
1230	1226	2	0.2
1226	1230	3	0.2
1230	1226	3	0.2
1226	1230	4	0.2
1230	1226	4	0.2
1226	1231	0	0.2
1231	1226	0	0.2
1226	1231	1	0.2
1231	1226	1	0.2
1226	1231	2	0.2
1231	1226	2	0.2
1226	1231	3	0.2
1231	1226	3	0.2
1226	1231	4	0.2
1231	1226	4	0.2
1227	1230	0	0.2
1230	1227	0	0.2
1227	1230	1	0.2
1230	1227	1	0.2
1227	1230	2	0.2
1230	1227	2	0.2
1227	1230	3	0.2
1230	1227	3	0.2
1227	1230	4	0.2
1230	1227	4	0.2
1227	1231	0	0.2
1231	1227	0	0.2
1227	1231	1	0.2
1231	1227	1	0.2
1227	1231	2	0.2
1231	1227	2	0.2
1227	1231	3	0.2
1231	1227	3	0.2
1227	1231	4	0.2
1231	1227	4	0.2
1228	1232	0	0.2
1232	1228	0	0.2
1228	1232	1	0.2
1232	1228	1	0.2
1228	1232	2	0.2
1232	1228	2	0.2
1228	1232	3	0.2
1232	1228	3	0.2
1228	1232	4	0.2
1232	1228	4	0.2
1229	1232	0	0.2
1232	1229	0	0.2
1229	1232	1	0.2
1232	1229	1	0.2
1229	1232	2	0.2
1232	1229	2	0.2
1229	1232	3	0.2
1232	1229	3	0.2
1229	1232	4	0.2
1232	1229	4	0.2
1230	1233	0	0.2
1233	1230	0	0.2
1230	1233	1	0.2
1233	1230	1	0.2
1230	1233	2	0.2
1233	1230	2	0.2
1230	1233	3	0.2
1233	1230	3	0.2
1230	1233	4	0.2
1233	1230	4	0.2
1230	1234	0	0.2
1234	1230	0	0.2
1230	1234	1	0.2
1234	1230	1	0.2
1230	1234	2	0.2
1234	1230	2	0.2
1230	1234	3	0.2
1234	1230	3	0.2
1230	1234	4	0.2
1234	1230	4	0.2
1230	1235	0	0.2
1235	1230	0	0.2
1230	1235	1	0.2
1235	1230	1	0.2
1230	1235	2	0.2
1235	1230	2	0.2
1230	1235	3	0.2
1235	1230	3	0.2
1230	1235	4	0.2
1235	1230	4	0.2
1230	1236	0	0.2
1236	1230	0	0.2
1230	1236	1	0.2
1236	1230	1	0.2
1230	1236	2	0.2
1236	1230	2	0.2
1230	1236	3	0.2
1236	1230	3	0.2
1230	1236	4	0.2
1236	1230	4	0.2
1230	1237	0	0.2
1237	1230	0	0.2
1230	1237	1	0.2
1237	1230	1	0.2
1230	1237	2	0.2
1237	1230	2	0.2
1230	1237	3	0.2
1237	1230	3	0.2
1230	1237	4	0.2
1237	1230	4	0.2
1230	1238	0	0.2
1238	1230	0	0.2
1230	1238	1	0.2
1238	1230	1	0.2
1230	1238	2	0.2
1238	1230	2	0.2
1230	1238	3	0.2
1238	1230	3	0.2
1230	1238	4	0.2
1238	1230	4	0.2
1231	1233	0	0.2
1233	1231	0	0.2
1231	1233	1	0.2
1233	1231	1	0.2
1231	1233	2	0.2
1233	1231	2	0.2
1231	1233	3	0.2
1233	1231	3	0.2
1231	1233	4	0.2
1233	1231	4	0.2
1231	1234	0	0.2
1234	1231	0	0.2
1231	1234	1	0.2
1234	1231	1	0.2
1231	1234	2	0.2
1234	1231	2	0.2
1231	1234	3	0.2
1234	1231	3	0.2
1231	1234	4	0.2
1234	1231	4	0.2
1231	1235	0	0.2
1235	1231	0	0.2
1231	1235	1	0.2
1235	1231	1	0.2
1231	1235	2	0.2
1235	1231	2	0.2
1231	1235	3	0.2
1235	1231	3	0.2
1231	1235	4	0.2
1235	1231	4	0.2
1231	1236	0	0.2
1236	1231	0	0.2
1231	1236	1	0.2
1236	1231	1	0.2
1231	1236	2	0.2
1236	1231	2	0.2
1231	1236	3	0.2
1236	1231	3	0.2
1231	1236	4	0.2
1236	1231	4	0.2
1231	1237	0	0.2
1237	1231	0	0.2
1231	1237	1	0.2
1237	1231	1	0.2
1231	1237	2	0.2
1237	1231	2	0.2
1231	1237	3	0.2
1237	1231	3	0.2
1231	1237	4	0.2
1237	1231	4	0.2
1231	1238	0	0.2
1238	1231	0	0.2
1231	1238	1	0.2
1238	1231	1	0.2
1231	1238	2	0.2
1238	1231	2	0.2
1231	1238	3	0.2
1238	1231	3	0.2
1231	1238	4	0.2
1238	1231	4	0.2
1232	1239	0	0.2
1239	1232	0	0.2
1232	1239	1	0.2
1239	1232	1	0.2
1232	1239	2	0.2
1239	1232	2	0.2
1232	1239	3	0.2
1239	1232	3	0.2
1232	1239	4	0.2
1239	1232	4	0.2
1232	1240	0	0.2
1240	1232	0	0.2
1232	1240	1	0.2
1240	1232	1	0.2
1232	1240	2	0.2
1240	1232	2	0.2
1232	1240	3	0.2
1240	1232	3	0.2
1232	1240	4	0.2
1240	1232	4	0.2
1232	1241	0	0.2
1241	1232	0	0.2
1232	1241	1	0.2
1241	1232	1	0.2
1232	1241	2	0.2
1241	1232	2	0.2
1232	1241	3	0.2
1241	1232	3	0.2
1232	1241	4	0.2
1241	1232	4	0.2
1232	1242	0	0.2
1242	1232	0	0.2
1232	1242	1	0.2
1242	1232	1	0.2
1232	1242	2	0.2
1242	1232	2	0.2
1232	1242	3	0.2
1242	1232	3	0.2
1232	1242	4	0.2
1242	1232	4	0.2
1232	1243	0	0.2
1243	1232	0	0.2
1232	1243	1	0.2
1243	1232	1	0.2
1232	1243	2	0.2
1243	1232	2	0.2
1232	1243	3	0.2
1243	1232	3	0.2
1232	1243	4	0.2
1243	1232	4	0.2
1232	1244	0	0.2
1244	1232	0	0.2
1232	1244	1	0.2
1244	1232	1	0.2
1232	1244	2	0.2
1244	1232	2	0.2
1232	1244	3	0.2
1244	1232	3	0.2
1232	1244	4	0.2
1244	1232	4	0.2
1232	1245	0	0.2
1245	1232	0	0.2
1232	1245	1	0.2
1245	1232	1	0.2
1232	1245	2	0.2
1245	1232	2	0.2
1232	1245	3	0.2
1245	1232	3	0.2
1232	1245	4	0.2
1245	1232	4	0.2
1233	1248	0	0.2
1248	1233	0	0.2
1233	1248	1	0.2
1248	1233	1	0.2
1233	1248	2	0.2
1248	1233	2	0.2
1233	1248	3	0.2
1248	1233	3	0.2
1233	1248	4	0.2
1248	1233	4	0.2
1233	1249	0	0.2
1249	1233	0	0.2
1233	1249	1	0.2
1249	1233	1	0.2
1233	1249	2	0.2
1249	1233	2	0.2
1233	1249	3	0.2
1249	1233	3	0.2
1233	1249	4	0.2
1249	1233	4	0.2
1233	1246	0	0.2
1246	1233	0	0.2
1233	1246	1	0.2
1246	1233	1	0.2
1233	1246	2	0.2
1246	1233	2	0.2
1233	1246	3	0.2
1246	1233	3	0.2
1233	1246	4	0.2
1246	1233	4	0.2
1233	1247	0	0.2
1247	1233	0	0.2
1233	1247	1	0.2
1247	1233	1	0.2
1233	1247	2	0.2
1247	1233	2	0.2
1233	1247	3	0.2
1247	1233	3	0.2
1233	1247	4	0.2
1247	1233	4	0.2
1234	1248	0	0.2
1248	1234	0	0.2
1234	1248	1	0.2
1248	1234	1	0.2
1234	1248	2	0.2
1248	1234	2	0.2
1234	1248	3	0.2
1248	1234	3	0.2
1234	1248	4	0.2
1248	1234	4	0.2
1234	1249	0	0.2
1249	1234	0	0.2
1234	1249	1	0.2
1249	1234	1	0.2
1234	1249	2	0.2
1249	1234	2	0.2
1234	1249	3	0.2
1249	1234	3	0.2
1234	1249	4	0.2
1249	1234	4	0.2
1234	1246	0	0.2
1246	1234	0	0.2
1234	1246	1	0.2
1246	1234	1	0.2
1234	1246	2	0.2
1246	1234	2	0.2
1234	1246	3	0.2
1246	1234	3	0.2
1234	1246	4	0.2
1246	1234	4	0.2
1234	1247	0	0.2
1247	1234	0	0.2
1234	1247	1	0.2
1247	1234	1	0.2
1234	1247	2	0.2
1247	1234	2	0.2
1234	1247	3	0.2
1247	1234	3	0.2
1234	1247	4	0.2
1247	1234	4	0.2
1235	1248	0	0.2
1248	1235	0	0.2
1235	1248	1	0.2
1248	1235	1	0.2
1235	1248	2	0.2
1248	1235	2	0.2
1235	1248	3	0.2
1248	1235	3	0.2
1235	1248	4	0.2
1248	1235	4	0.2
1235	1249	0	0.2
1249	1235	0	0.2
1235	1249	1	0.2
1249	1235	1	0.2
1235	1249	2	0.2
1249	1235	2	0.2
1235	1249	3	0.2
1249	1235	3	0.2
1235	1249	4	0.2
1249	1235	4	0.2
1235	1246	0	0.2
1246	1235	0	0.2
1235	1246	1	0.2
1246	1235	1	0.2
1235	1246	2	0.2
1246	1235	2	0.2
1235	1246	3	0.2
1246	1235	3	0.2
1235	1246	4	0.2
1246	1235	4	0.2
1235	1247	0	0.2
1247	1235	0	0.2
1235	1247	1	0.2
1247	1235	1	0.2
1235	1247	2	0.2
1247	1235	2	0.2
1235	1247	3	0.2
1247	1235	3	0.2
1235	1247	4	0.2
1247	1235	4	0.2
1236	1248	0	0.2
1248	1236	0	0.2
1236	1248	1	0.2
1248	1236	1	0.2
1236	1248	2	0.2
1248	1236	2	0.2
1236	1248	3	0.2
1248	1236	3	0.2
1236	1248	4	0.2
1248	1236	4	0.2
1236	1249	0	0.2
1249	1236	0	0.2
1236	1249	1	0.2
1249	1236	1	0.2
1236	1249	2	0.2
1249	1236	2	0.2
1236	1249	3	0.2
1249	1236	3	0.2
1236	1249	4	0.2
1249	1236	4	0.2
1236	1246	0	0.2
1246	1236	0	0.2
1236	1246	1	0.2
1246	1236	1	0.2
1236	1246	2	0.2
1246	1236	2	0.2
1236	1246	3	0.2
1246	1236	3	0.2
1236	1246	4	0.2
1246	1236	4	0.2
1236	1247	0	0.2
1247	1236	0	0.2
1236	1247	1	0.2
1247	1236	1	0.2
1236	1247	2	0.2
1247	1236	2	0.2
1236	1247	3	0.2
1247	1236	3	0.2
1236	1247	4	0.2
1247	1236	4	0.2
1237	1248	0	0.2
1248	1237	0	0.2
1237	1248	1	0.2
1248	1237	1	0.2
1237	1248	2	0.2
1248	1237	2	0.2
1237	1248	3	0.2
1248	1237	3	0.2
1237	1248	4	0.2
1248	1237	4	0.2
1237	1249	0	0.2
1249	1237	0	0.2
1237	1249	1	0.2
1249	1237	1	0.2
1237	1249	2	0.2
1249	1237	2	0.2
1237	1249	3	0.2
1249	1237	3	0.2
1237	1249	4	0.2
1249	1237	4	0.2
1237	1246	0	0.2
1246	1237	0	0.2
1237	1246	1	0.2
1246	1237	1	0.2
1237	1246	2	0.2
1246	1237	2	0.2
1237	1246	3	0.2
1246	1237	3	0.2
1237	1246	4	0.2
1246	1237	4	0.2
1237	1247	0	0.2
1247	1237	0	0.2
1237	1247	1	0.2
1247	1237	1	0.2
1237	1247	2	0.2
1247	1237	2	0.2
1237	1247	3	0.2
1247	1237	3	0.2
1237	1247	4	0.2
1247	1237	4	0.2
1238	1248	0	0.2
1248	1238	0	0.2
1238	1248	1	0.2
1248	1238	1	0.2
1238	1248	2	0.2
1248	1238	2	0.2
1238	1248	3	0.2
1248	1238	3	0.2
1238	1248	4	0.2
1248	1238	4	0.2
1238	1249	0	0.2
1249	1238	0	0.2
1238	1249	1	0.2
1249	1238	1	0.2
1238	1249	2	0.2
1249	1238	2	0.2
1238	1249	3	0.2
1249	1238	3	0.2
1238	1249	4	0.2
1249	1238	4	0.2
1238	1246	0	0.2
1246	1238	0	0.2
1238	1246	1	0.2
1246	1238	1	0.2
1238	1246	2	0.2
1246	1238	2	0.2
1238	1246	3	0.2
1246	1238	3	0.2
1238	1246	4	0.2
1246	1238	4	0.2
1238	1247	0	0.2
1247	1238	0	0.2
1238	1247	1	0.2
1247	1238	1	0.2
1238	1247	2	0.2
1247	1238	2	0.2
1238	1247	3	0.2
1247	1238	3	0.2
1238	1247	4	0.2
1247	1238	4	0.2
1239	1250	0	0.2
1250	1239	0	0.2
1239	1250	1	0.2
1250	1239	1	0.2
1239	1250	2	0.2
1250	1239	2	0.2
1239	1250	3	0.2
1250	1239	3	0.2
1239	1250	4	0.2
1250	1239	4	0.2
1239	1251	0	0.2
1251	1239	0	0.2
1239	1251	1	0.2
1251	1239	1	0.2
1239	1251	2	0.2
1251	1239	2	0.2
1239	1251	3	0.2
1251	1239	3	0.2
1239	1251	4	0.2
1251	1239	4	0.2
1240	1250	0	0.2
1250	1240	0	0.2
1240	1250	1	0.2
1250	1240	1	0.2
1240	1250	2	0.2
1250	1240	2	0.2
1240	1250	3	0.2
1250	1240	3	0.2
1240	1250	4	0.2
1250	1240	4	0.2
1240	1251	0	0.2
1251	1240	0	0.2
1240	1251	1	0.2
1251	1240	1	0.2
1240	1251	2	0.2
1251	1240	2	0.2
1240	1251	3	0.2
1251	1240	3	0.2
1240	1251	4	0.2
1251	1240	4	0.2
1241	1250	0	0.2
1250	1241	0	0.2
1241	1250	1	0.2
1250	1241	1	0.2
1241	1250	2	0.2
1250	1241	2	0.2
1241	1250	3	0.2
1250	1241	3	0.2
1241	1250	4	0.2
1250	1241	4	0.2
1241	1251	0	0.2
1251	1241	0	0.2
1241	1251	1	0.2
1251	1241	1	0.2
1241	1251	2	0.2
1251	1241	2	0.2
1241	1251	3	0.2
1251	1241	3	0.2
1241	1251	4	0.2
1251	1241	4	0.2
1242	1250	0	0.2
1250	1242	0	0.2
1242	1250	1	0.2
1250	1242	1	0.2
1242	1250	2	0.2
1250	1242	2	0.2
1242	1250	3	0.2
1250	1242	3	0.2
1242	1250	4	0.2
1250	1242	4	0.2
1242	1251	0	0.2
1251	1242	0	0.2
1242	1251	1	0.2
1251	1242	1	0.2
1242	1251	2	0.2
1251	1242	2	0.2
1242	1251	3	0.2
1251	1242	3	0.2
1242	1251	4	0.2
1251	1242	4	0.2
1243	1250	0	0.2
1250	1243	0	0.2
1243	1250	1	0.2
1250	1243	1	0.2
1243	1250	2	0.2
1250	1243	2	0.2
1243	1250	3	0.2
1250	1243	3	0.2
1243	1250	4	0.2
1250	1243	4	0.2
1243	1251	0	0.2
1251	1243	0	0.2
1243	1251	1	0.2
1251	1243	1	0.2
1243	1251	2	0.2
1251	1243	2	0.2
1243	1251	3	0.2
1251	1243	3	0.2
1243	1251	4	0.2
1251	1243	4	0.2
1244	1250	0	0.2
1250	1244	0	0.2
1244	1250	1	0.2
1250	1244	1	0.2
1244	1250	2	0.2
1250	1244	2	0.2
1244	1250	3	0.2
1250	1244	3	0.2
1244	1250	4	0.2
1250	1244	4	0.2
1244	1251	0	0.2
1251	1244	0	0.2
1244	1251	1	0.2
1251	1244	1	0.2
1244	1251	2	0.2
1251	1244	2	0.2
1244	1251	3	0.2
1251	1244	3	0.2
1244	1251	4	0.2
1251	1244	4	0.2
1245	1250	0	0.2
1250	1245	0	0.2
1245	1250	1	0.2
1250	1245	1	0.2
1245	1250	2	0.2
1250	1245	2	0.2
1245	1250	3	0.2
1250	1245	3	0.2
1245	1250	4	0.2
1250	1245	4	0.2
1245	1251	0	0.2
1251	1245	0	0.2
1245	1251	1	0.2
1251	1245	1	0.2
1245	1251	2	0.2
1251	1245	2	0.2
1245	1251	3	0.2
1251	1245	3	0.2
1245	1251	4	0.2
1251	1245	4	0.2
1246	1252	0	0.2
1252	1246	0	0.2
1246	1252	1	0.2
1252	1246	1	0.2
1246	1252	2	0.2
1252	1246	2	0.2
1246	1252	3	0.2
1252	1246	3	0.2
1246	1252	4	0.2
1252	1246	4	0.2
1246	1253	0	0.2
1253	1246	0	0.2
1246	1253	1	0.2
1253	1246	1	0.2
1246	1253	2	0.2
1253	1246	2	0.2
1246	1253	3	0.2
1253	1246	3	0.2
1246	1253	4	0.2
1253	1246	4	0.2
1246	1254	0	0.2
1254	1246	0	0.2
1246	1254	1	0.2
1254	1246	1	0.2
1246	1254	2	0.2
1254	1246	2	0.2
1246	1254	3	0.2
1254	1246	3	0.2
1246	1254	4	0.2
1254	1246	4	0.2
1247	1252	0	0.2
1252	1247	0	0.2
1247	1252	1	0.2
1252	1247	1	0.2
1247	1252	2	0.2
1252	1247	2	0.2
1247	1252	3	0.2
1252	1247	3	0.2
1247	1252	4	0.2
1252	1247	4	0.2
1247	1253	0	0.2
1253	1247	0	0.2
1247	1253	1	0.2
1253	1247	1	0.2
1247	1253	2	0.2
1253	1247	2	0.2
1247	1253	3	0.2
1253	1247	3	0.2
1247	1253	4	0.2
1253	1247	4	0.2
1247	1254	0	0.2
1254	1247	0	0.2
1247	1254	1	0.2
1254	1247	1	0.2
1247	1254	2	0.2
1254	1247	2	0.2
1247	1254	3	0.2
1254	1247	3	0.2
1247	1254	4	0.2
1254	1247	4	0.2
1248	1252	0	0.2
1252	1248	0	0.2
1248	1252	1	0.2
1252	1248	1	0.2
1248	1252	2	0.2
1252	1248	2	0.2
1248	1252	3	0.2
1252	1248	3	0.2
1248	1252	4	0.2
1252	1248	4	0.2
1248	1253	0	0.2
1253	1248	0	0.2
1248	1253	1	0.2
1253	1248	1	0.2
1248	1253	2	0.2
1253	1248	2	0.2
1248	1253	3	0.2
1253	1248	3	0.2
1248	1253	4	0.2
1253	1248	4	0.2
1248	1254	0	0.2
1254	1248	0	0.2
1248	1254	1	0.2
1254	1248	1	0.2
1248	1254	2	0.2
1254	1248	2	0.2
1248	1254	3	0.2
1254	1248	3	0.2
1248	1254	4	0.2
1254	1248	4	0.2
1249	1252	0	0.2
1252	1249	0	0.2
1249	1252	1	0.2
1252	1249	1	0.2
1249	1252	2	0.2
1252	1249	2	0.2
1249	1252	3	0.2
1252	1249	3	0.2
1249	1252	4	0.2
1252	1249	4	0.2
1249	1253	0	0.2
1253	1249	0	0.2
1249	1253	1	0.2
1253	1249	1	0.2
1249	1253	2	0.2
1253	1249	2	0.2
1249	1253	3	0.2
1253	1249	3	0.2
1249	1253	4	0.2
1253	1249	4	0.2
1249	1254	0	0.2
1254	1249	0	0.2
1249	1254	1	0.2
1254	1249	1	0.2
1249	1254	2	0.2
1254	1249	2	0.2
1249	1254	3	0.2
1254	1249	3	0.2
1249	1254	4	0.2
1254	1249	4	0.2
1250	1255	0	0.2
1255	1250	0	0.2
1250	1255	1	0.2
1255	1250	1	0.2
1250	1255	2	0.2
1255	1250	2	0.2
1250	1255	3	0.2
1255	1250	3	0.2
1250	1255	4	0.2
1255	1250	4	0.2
1250	1256	0	0.2
1256	1250	0	0.2
1250	1256	1	0.2
1256	1250	1	0.2
1250	1256	2	0.2
1256	1250	2	0.2
1250	1256	3	0.2
1256	1250	3	0.2
1250	1256	4	0.2
1256	1250	4	0.2
1250	1257	0	0.2
1257	1250	0	0.2
1250	1257	1	0.2
1257	1250	1	0.2
1250	1257	2	0.2
1257	1250	2	0.2
1250	1257	3	0.2
1257	1250	3	0.2
1250	1257	4	0.2
1257	1250	4	0.2
1251	1255	0	0.2
1255	1251	0	0.2
1251	1255	1	0.2
1255	1251	1	0.2
1251	1255	2	0.2
1255	1251	2	0.2
1251	1255	3	0.2
1255	1251	3	0.2
1251	1255	4	0.2
1255	1251	4	0.2
1251	1256	0	0.2
1256	1251	0	0.2
1251	1256	1	0.2
1256	1251	1	0.2
1251	1256	2	0.2
1256	1251	2	0.2
1251	1256	3	0.2
1256	1251	3	0.2
1251	1256	4	0.2
1256	1251	4	0.2
1251	1257	0	0.2
1257	1251	0	0.2
1251	1257	1	0.2
1257	1251	1	0.2
1251	1257	2	0.2
1257	1251	2	0.2
1251	1257	3	0.2
1257	1251	3	0.2
1251	1257	4	0.2
1257	1251	4	0.2
1252	1258	0	0.2
1258	1252	0	0.2
1252	1258	1	0.2
1258	1252	1	0.2
1252	1258	2	0.2
1258	1252	2	0.2
1252	1258	3	0.2
1258	1252	3	0.2
1252	1258	4	0.2
1258	1252	4	0.2
1252	1259	0	0.2
1259	1252	0	0.2
1252	1259	1	0.2
1259	1252	1	0.2
1252	1259	2	0.2
1259	1252	2	0.2
1252	1259	3	0.2
1259	1252	3	0.2
1252	1259	4	0.2
1259	1252	4	0.2
1253	1258	0	0.2
1258	1253	0	0.2
1253	1258	1	0.2
1258	1253	1	0.2
1253	1258	2	0.2
1258	1253	2	0.2
1253	1258	3	0.2
1258	1253	3	0.2
1253	1258	4	0.2
1258	1253	4	0.2
1253	1259	0	0.2
1259	1253	0	0.2
1253	1259	1	0.2
1259	1253	1	0.2
1253	1259	2	0.2
1259	1253	2	0.2
1253	1259	3	0.2
1259	1253	3	0.2
1253	1259	4	0.2
1259	1253	4	0.2
1254	1258	0	0.2
1258	1254	0	0.2
1254	1258	1	0.2
1258	1254	1	0.2
1254	1258	2	0.2
1258	1254	2	0.2
1254	1258	3	0.2
1258	1254	3	0.2
1254	1258	4	0.2
1258	1254	4	0.2
1254	1259	0	0.2
1259	1254	0	0.2
1254	1259	1	0.2
1259	1254	1	0.2
1254	1259	2	0.2
1259	1254	2	0.2
1254	1259	3	0.2
1259	1254	3	0.2
1254	1259	4	0.2
1259	1254	4	0.2
1255	1260	0	0.2
1260	1255	0	0.2
1255	1260	1	0.2
1260	1255	1	0.2
1255	1260	2	0.2
1260	1255	2	0.2
1255	1260	3	0.2
1260	1255	3	0.2
1255	1260	4	0.2
1260	1255	4	0.2
1255	1261	0	0.2
1261	1255	0	0.2
1255	1261	1	0.2
1261	1255	1	0.2
1255	1261	2	0.2
1261	1255	2	0.2
1255	1261	3	0.2
1261	1255	3	0.2
1255	1261	4	0.2
1261	1255	4	0.2
1256	1260	0	0.2
1260	1256	0	0.2
1256	1260	1	0.2
1260	1256	1	0.2
1256	1260	2	0.2
1260	1256	2	0.2
1256	1260	3	0.2
1260	1256	3	0.2
1256	1260	4	0.2
1260	1256	4	0.2
1256	1261	0	0.2
1261	1256	0	0.2
1256	1261	1	0.2
1261	1256	1	0.2
1256	1261	2	0.2
1261	1256	2	0.2
1256	1261	3	0.2
1261	1256	3	0.2
1256	1261	4	0.2
1261	1256	4	0.2
1257	1260	0	0.2
1260	1257	0	0.2
1257	1260	1	0.2
1260	1257	1	0.2
1257	1260	2	0.2
1260	1257	2	0.2
1257	1260	3	0.2
1260	1257	3	0.2
1257	1260	4	0.2
1260	1257	4	0.2
1257	1261	0	0.2
1261	1257	0	0.2
1257	1261	1	0.2
1261	1257	1	0.2
1257	1261	2	0.2
1261	1257	2	0.2
1257	1261	3	0.2
1261	1257	3	0.2
1257	1261	4	0.2
1261	1257	4	0.2
1258	1262	0	0.2
1262	1258	0	0.2
1258	1262	1	0.2
1262	1258	1	0.2
1258	1262	2	0.2
1262	1258	2	0.2
1258	1262	3	0.2
1262	1258	3	0.2
1258	1262	4	0.2
1262	1258	4	0.2
1258	1263	0	0.2
1263	1258	0	0.2
1258	1263	1	0.2
1263	1258	1	0.2
1258	1263	2	0.2
1263	1258	2	0.2
1258	1263	3	0.2
1263	1258	3	0.2
1258	1263	4	0.2
1263	1258	4	0.2
1259	1262	0	0.2
1262	1259	0	0.2
1259	1262	1	0.2
1262	1259	1	0.2
1259	1262	2	0.2
1262	1259	2	0.2
1259	1262	3	0.2
1262	1259	3	0.2
1259	1262	4	0.2
1262	1259	4	0.2
1259	1263	0	0.2
1263	1259	0	0.2
1259	1263	1	0.2
1263	1259	1	0.2
1259	1263	2	0.2
1263	1259	2	0.2
1259	1263	3	0.2
1263	1259	3	0.2
1259	1263	4	0.2
1263	1259	4	0.2
1260	1264	0	0.2
1264	1260	0	0.2
1260	1264	1	0.2
1264	1260	1	0.2
1260	1264	2	0.2
1264	1260	2	0.2
1260	1264	3	0.2
1264	1260	3	0.2
1260	1264	4	0.2
1264	1260	4	0.2
1260	1265	0	0.2
1265	1260	0	0.2
1260	1265	1	0.2
1265	1260	1	0.2
1260	1265	2	0.2
1265	1260	2	0.2
1260	1265	3	0.2
1265	1260	3	0.2
1260	1265	4	0.2
1265	1260	4	0.2
1260	1266	0	0.2
1266	1260	0	0.2
1260	1266	1	0.2
1266	1260	1	0.2
1260	1266	2	0.2
1266	1260	2	0.2
1260	1266	3	0.2
1266	1260	3	0.2
1260	1266	4	0.2
1266	1260	4	0.2
1260	1267	0	0.2
1267	1260	0	0.2
1260	1267	1	0.2
1267	1260	1	0.2
1260	1267	2	0.2
1267	1260	2	0.2
1260	1267	3	0.2
1267	1260	3	0.2
1260	1267	4	0.2
1267	1260	4	0.2
1260	1268	0	0.2
1268	1260	0	0.2
1260	1268	1	0.2
1268	1260	1	0.2
1260	1268	2	0.2
1268	1260	2	0.2
1260	1268	3	0.2
1268	1260	3	0.2
1260	1268	4	0.2
1268	1260	4	0.2
1261	1264	0	0.2
1264	1261	0	0.2
1261	1264	1	0.2
1264	1261	1	0.2
1261	1264	2	0.2
1264	1261	2	0.2
1261	1264	3	0.2
1264	1261	3	0.2
1261	1264	4	0.2
1264	1261	4	0.2
1261	1265	0	0.2
1265	1261	0	0.2
1261	1265	1	0.2
1265	1261	1	0.2
1261	1265	2	0.2
1265	1261	2	0.2
1261	1265	3	0.2
1265	1261	3	0.2
1261	1265	4	0.2
1265	1261	4	0.2
1261	1266	0	0.2
1266	1261	0	0.2
1261	1266	1	0.2
1266	1261	1	0.2
1261	1266	2	0.2
1266	1261	2	0.2
1261	1266	3	0.2
1266	1261	3	0.2
1261	1266	4	0.2
1266	1261	4	0.2
1261	1267	0	0.2
1267	1261	0	0.2
1261	1267	1	0.2
1267	1261	1	0.2
1261	1267	2	0.2
1267	1261	2	0.2
1261	1267	3	0.2
1267	1261	3	0.2
1261	1267	4	0.2
1267	1261	4	0.2
1261	1268	0	0.2
1268	1261	0	0.2
1261	1268	1	0.2
1268	1261	1	0.2
1261	1268	2	0.2
1268	1261	2	0.2
1261	1268	3	0.2
1268	1261	3	0.2
1261	1268	4	0.2
1268	1261	4	0.2
1262	1269	0	0.2
1269	1262	0	0.2
1262	1269	1	0.2
1269	1262	1	0.2
1262	1269	2	0.2
1269	1262	2	0.2
1262	1269	3	0.2
1269	1262	3	0.2
1262	1269	4	0.2
1269	1262	4	0.2
1262	1270	0	0.2
1270	1262	0	0.2
1262	1270	1	0.2
1270	1262	1	0.2
1262	1270	2	0.2
1270	1262	2	0.2
1262	1270	3	0.2
1270	1262	3	0.2
1262	1270	4	0.2
1270	1262	4	0.2
1262	1271	0	0.2
1271	1262	0	0.2
1262	1271	1	0.2
1271	1262	1	0.2
1262	1271	2	0.2
1271	1262	2	0.2
1262	1271	3	0.2
1271	1262	3	0.2
1262	1271	4	0.2
1271	1262	4	0.2
1263	1269	0	0.2
1269	1263	0	0.2
1263	1269	1	0.2
1269	1263	1	0.2
1263	1269	2	0.2
1269	1263	2	0.2
1263	1269	3	0.2
1269	1263	3	0.2
1263	1269	4	0.2
1269	1263	4	0.2
1263	1270	0	0.2
1270	1263	0	0.2
1263	1270	1	0.2
1270	1263	1	0.2
1263	1270	2	0.2
1270	1263	2	0.2
1263	1270	3	0.2
1270	1263	3	0.2
1263	1270	4	0.2
1270	1263	4	0.2
1263	1271	0	0.2
1271	1263	0	0.2
1263	1271	1	0.2
1271	1263	1	0.2
1263	1271	2	0.2
1271	1263	2	0.2
1263	1271	3	0.2
1271	1263	3	0.2
1263	1271	4	0.2
1271	1263	4	0.2
1264	1272	0	0.2
1272	1264	0	0.2
1264	1272	1	0.2
1272	1264	1	0.2
1264	1272	2	0.2
1272	1264	2	0.2
1264	1272	3	0.2
1272	1264	3	0.2
1264	1272	4	0.2
1272	1264	4	0.2
1264	1273	0	0.2
1273	1264	0	0.2
1264	1273	1	0.2
1273	1264	1	0.2
1264	1273	2	0.2
1273	1264	2	0.2
1264	1273	3	0.2
1273	1264	3	0.2
1264	1273	4	0.2
1273	1264	4	0.2
1265	1272	0	0.2
1272	1265	0	0.2
1265	1272	1	0.2
1272	1265	1	0.2
1265	1272	2	0.2
1272	1265	2	0.2
1265	1272	3	0.2
1272	1265	3	0.2
1265	1272	4	0.2
1272	1265	4	0.2
1265	1273	0	0.2
1273	1265	0	0.2
1265	1273	1	0.2
1273	1265	1	0.2
1265	1273	2	0.2
1273	1265	2	0.2
1265	1273	3	0.2
1273	1265	3	0.2
1265	1273	4	0.2
1273	1265	4	0.2
1266	1272	0	0.2
1272	1266	0	0.2
1266	1272	1	0.2
1272	1266	1	0.2
1266	1272	2	0.2
1272	1266	2	0.2
1266	1272	3	0.2
1272	1266	3	0.2
1266	1272	4	0.2
1272	1266	4	0.2
1266	1273	0	0.2
1273	1266	0	0.2
1266	1273	1	0.2
1273	1266	1	0.2
1266	1273	2	0.2
1273	1266	2	0.2
1266	1273	3	0.2
1273	1266	3	0.2
1266	1273	4	0.2
1273	1266	4	0.2
1267	1272	0	0.2
1272	1267	0	0.2
1267	1272	1	0.2
1272	1267	1	0.2
1267	1272	2	0.2
1272	1267	2	0.2
1267	1272	3	0.2
1272	1267	3	0.2
1267	1272	4	0.2
1272	1267	4	0.2
1267	1273	0	0.2
1273	1267	0	0.2
1267	1273	1	0.2
1273	1267	1	0.2
1267	1273	2	0.2
1273	1267	2	0.2
1267	1273	3	0.2
1273	1267	3	0.2
1267	1273	4	0.2
1273	1267	4	0.2
1268	1272	0	0.2
1272	1268	0	0.2
1268	1272	1	0.2
1272	1268	1	0.2
1268	1272	2	0.2
1272	1268	2	0.2
1268	1272	3	0.2
1272	1268	3	0.2
1268	1272	4	0.2
1272	1268	4	0.2
1268	1273	0	0.2
1273	1268	0	0.2
1268	1273	1	0.2
1273	1268	1	0.2
1268	1273	2	0.2
1273	1268	2	0.2
1268	1273	3	0.2
1273	1268	3	0.2
1268	1273	4	0.2
1273	1268	4	0.2
1269	1274	0	0.2
1274	1269	0	0.2
1269	1274	1	0.2
1274	1269	1	0.2
1269	1274	2	0.2
1274	1269	2	0.2
1269	1274	3	0.2
1274	1269	3	0.2
1269	1274	4	0.2
1274	1269	4	0.2
1269	1275	0	0.2
1275	1269	0	0.2
1269	1275	1	0.2
1275	1269	1	0.2
1269	1275	2	0.2
1275	1269	2	0.2
1269	1275	3	0.2
1275	1269	3	0.2
1269	1275	4	0.2
1275	1269	4	0.2
1269	1276	0	0.2
1276	1269	0	0.2
1269	1276	1	0.2
1276	1269	1	0.2
1269	1276	2	0.2
1276	1269	2	0.2
1269	1276	3	0.2
1276	1269	3	0.2
1269	1276	4	0.2
1276	1269	4	0.2
1269	1277	0	0.2
1277	1269	0	0.2
1269	1277	1	0.2
1277	1269	1	0.2
1269	1277	2	0.2
1277	1269	2	0.2
1269	1277	3	0.2
1277	1269	3	0.2
1269	1277	4	0.2
1277	1269	4	0.2
1269	1278	0	0.2
1278	1269	0	0.2
1269	1278	1	0.2
1278	1269	1	0.2
1269	1278	2	0.2
1278	1269	2	0.2
1269	1278	3	0.2
1278	1269	3	0.2
1269	1278	4	0.2
1278	1269	4	0.2
1270	1274	0	0.2
1274	1270	0	0.2
1270	1274	1	0.2
1274	1270	1	0.2
1270	1274	2	0.2
1274	1270	2	0.2
1270	1274	3	0.2
1274	1270	3	0.2
1270	1274	4	0.2
1274	1270	4	0.2
1270	1275	0	0.2
1275	1270	0	0.2
1270	1275	1	0.2
1275	1270	1	0.2
1270	1275	2	0.2
1275	1270	2	0.2
1270	1275	3	0.2
1275	1270	3	0.2
1270	1275	4	0.2
1275	1270	4	0.2
1270	1276	0	0.2
1276	1270	0	0.2
1270	1276	1	0.2
1276	1270	1	0.2
1270	1276	2	0.2
1276	1270	2	0.2
1270	1276	3	0.2
1276	1270	3	0.2
1270	1276	4	0.2
1276	1270	4	0.2
1270	1277	0	0.2
1277	1270	0	0.2
1270	1277	1	0.2
1277	1270	1	0.2
1270	1277	2	0.2
1277	1270	2	0.2
1270	1277	3	0.2
1277	1270	3	0.2
1270	1277	4	0.2
1277	1270	4	0.2
1270	1278	0	0.2
1278	1270	0	0.2
1270	1278	1	0.2
1278	1270	1	0.2
1270	1278	2	0.2
1278	1270	2	0.2
1270	1278	3	0.2
1278	1270	3	0.2
1270	1278	4	0.2
1278	1270	4	0.2
1271	1274	0	0.2
1274	1271	0	0.2
1271	1274	1	0.2
1274	1271	1	0.2
1271	1274	2	0.2
1274	1271	2	0.2
1271	1274	3	0.2
1274	1271	3	0.2
1271	1274	4	0.2
1274	1271	4	0.2
1271	1275	0	0.2
1275	1271	0	0.2
1271	1275	1	0.2
1275	1271	1	0.2
1271	1275	2	0.2
1275	1271	2	0.2
1271	1275	3	0.2
1275	1271	3	0.2
1271	1275	4	0.2
1275	1271	4	0.2
1271	1276	0	0.2
1276	1271	0	0.2
1271	1276	1	0.2
1276	1271	1	0.2
1271	1276	2	0.2
1276	1271	2	0.2
1271	1276	3	0.2
1276	1271	3	0.2
1271	1276	4	0.2
1276	1271	4	0.2
1271	1277	0	0.2
1277	1271	0	0.2
1271	1277	1	0.2
1277	1271	1	0.2
1271	1277	2	0.2
1277	1271	2	0.2
1271	1277	3	0.2
1277	1271	3	0.2
1271	1277	4	0.2
1277	1271	4	0.2
1271	1278	0	0.2
1278	1271	0	0.2
1271	1278	1	0.2
1278	1271	1	0.2
1271	1278	2	0.2
1278	1271	2	0.2
1271	1278	3	0.2
1278	1271	3	0.2
1271	1278	4	0.2
1278	1271	4	0.2
1272	1280	0	0.2
1280	1272	0	0.2
1272	1280	1	0.2
1280	1272	1	0.2
1272	1280	2	0.2
1280	1272	2	0.2
1272	1280	3	0.2
1280	1272	3	0.2
1272	1280	4	0.2
1280	1272	4	0.2
1272	1281	0	0.2
1281	1272	0	0.2
1272	1281	1	0.2
1281	1272	1	0.2
1272	1281	2	0.2
1281	1272	2	0.2
1272	1281	3	0.2
1281	1272	3	0.2
1272	1281	4	0.2
1281	1272	4	0.2
1272	1279	0	0.2
1279	1272	0	0.2
1272	1279	1	0.2
1279	1272	1	0.2
1272	1279	2	0.2
1279	1272	2	0.2
1272	1279	3	0.2
1279	1272	3	0.2
1272	1279	4	0.2
1279	1272	4	0.2
1273	1280	0	0.2
1280	1273	0	0.2
1273	1280	1	0.2
1280	1273	1	0.2
1273	1280	2	0.2
1280	1273	2	0.2
1273	1280	3	0.2
1280	1273	3	0.2
1273	1280	4	0.2
1280	1273	4	0.2
1273	1281	0	0.2
1281	1273	0	0.2
1273	1281	1	0.2
1281	1273	1	0.2
1273	1281	2	0.2
1281	1273	2	0.2
1273	1281	3	0.2
1281	1273	3	0.2
1273	1281	4	0.2
1281	1273	4	0.2
1273	1279	0	0.2
1279	1273	0	0.2
1273	1279	1	0.2
1279	1273	1	0.2
1273	1279	2	0.2
1279	1273	2	0.2
1273	1279	3	0.2
1279	1273	3	0.2
1273	1279	4	0.2
1279	1273	4	0.2
1282	1290	0	0.2
1290	1282	0	0.2
1282	1290	1	0.2
1290	1282	1	0.2
1282	1290	2	0.2
1290	1282	2	0.2
1282	1290	3	0.2
1290	1282	3	0.2
1282	1290	4	0.2
1290	1282	4	0.2
1282	1291	0	0.2
1291	1282	0	0.2
1282	1291	1	0.2
1291	1282	1	0.2
1282	1291	2	0.2
1291	1282	2	0.2
1282	1291	3	0.2
1291	1282	3	0.2
1282	1291	4	0.2
1291	1282	4	0.2
1282	1292	0	0.2
1292	1282	0	0.2
1282	1292	1	0.2
1292	1282	1	0.2
1282	1292	2	0.2
1292	1282	2	0.2
1282	1292	3	0.2
1292	1282	3	0.2
1282	1292	4	0.2
1292	1282	4	0.2
1283	1290	0	0.2
1290	1283	0	0.2
1283	1290	1	0.2
1290	1283	1	0.2
1283	1290	2	0.2
1290	1283	2	0.2
1283	1290	3	0.2
1290	1283	3	0.2
1283	1290	4	0.2
1290	1283	4	0.2
1283	1291	0	0.2
1291	1283	0	0.2
1283	1291	1	0.2
1291	1283	1	0.2
1283	1291	2	0.2
1291	1283	2	0.2
1283	1291	3	0.2
1291	1283	3	0.2
1283	1291	4	0.2
1291	1283	4	0.2
1283	1292	0	0.2
1292	1283	0	0.2
1283	1292	1	0.2
1292	1283	1	0.2
1283	1292	2	0.2
1292	1283	2	0.2
1283	1292	3	0.2
1292	1283	3	0.2
1283	1292	4	0.2
1292	1283	4	0.2
1284	1290	0	0.2
1290	1284	0	0.2
1284	1290	1	0.2
1290	1284	1	0.2
1284	1290	2	0.2
1290	1284	2	0.2
1284	1290	3	0.2
1290	1284	3	0.2
1284	1290	4	0.2
1290	1284	4	0.2
1284	1291	0	0.2
1291	1284	0	0.2
1284	1291	1	0.2
1291	1284	1	0.2
1284	1291	2	0.2
1291	1284	2	0.2
1284	1291	3	0.2
1291	1284	3	0.2
1284	1291	4	0.2
1291	1284	4	0.2
1284	1292	0	0.2
1292	1284	0	0.2
1284	1292	1	0.2
1292	1284	1	0.2
1284	1292	2	0.2
1292	1284	2	0.2
1284	1292	3	0.2
1292	1284	3	0.2
1284	1292	4	0.2
1292	1284	4	0.2
1285	1290	0	0.2
1290	1285	0	0.2
1285	1290	1	0.2
1290	1285	1	0.2
1285	1290	2	0.2
1290	1285	2	0.2
1285	1290	3	0.2
1290	1285	3	0.2
1285	1290	4	0.2
1290	1285	4	0.2
1285	1291	0	0.2
1291	1285	0	0.2
1285	1291	1	0.2
1291	1285	1	0.2
1285	1291	2	0.2
1291	1285	2	0.2
1285	1291	3	0.2
1291	1285	3	0.2
1285	1291	4	0.2
1291	1285	4	0.2
1285	1292	0	0.2
1292	1285	0	0.2
1285	1292	1	0.2
1292	1285	1	0.2
1285	1292	2	0.2
1292	1285	2	0.2
1285	1292	3	0.2
1292	1285	3	0.2
1285	1292	4	0.2
1292	1285	4	0.2
1286	1293	0	0.2
1293	1286	0	0.2
1286	1293	1	0.2
1293	1286	1	0.2
1286	1293	2	0.2
1293	1286	2	0.2
1286	1293	3	0.2
1293	1286	3	0.2
1286	1293	4	0.2
1293	1286	4	0.2
1287	1293	0	0.2
1293	1287	0	0.2
1287	1293	1	0.2
1293	1287	1	0.2
1287	1293	2	0.2
1293	1287	2	0.2
1287	1293	3	0.2
1293	1287	3	0.2
1287	1293	4	0.2
1293	1287	4	0.2
1288	1293	0	0.2
1293	1288	0	0.2
1288	1293	1	0.2
1293	1288	1	0.2
1288	1293	2	0.2
1293	1288	2	0.2
1288	1293	3	0.2
1293	1288	3	0.2
1288	1293	4	0.2
1293	1288	4	0.2
1289	1293	0	0.2
1293	1289	0	0.2
1289	1293	1	0.2
1293	1289	1	0.2
1289	1293	2	0.2
1293	1289	2	0.2
1289	1293	3	0.2
1293	1289	3	0.2
1289	1293	4	0.2
1293	1289	4	0.2
1294	1301	0	0.2
1301	1294	0	0.2
1294	1301	1	0.2
1301	1294	1	0.2
1294	1301	2	0.2
1301	1294	2	0.2
1294	1301	3	0.2
1301	1294	3	0.2
1294	1301	4	0.2
1301	1294	4	0.2
1294	1302	0	0.2
1302	1294	0	0.2
1294	1302	1	0.2
1302	1294	1	0.2
1294	1302	2	0.2
1302	1294	2	0.2
1294	1302	3	0.2
1302	1294	3	0.2
1294	1302	4	0.2
1302	1294	4	0.2
1294	1303	0	0.2
1303	1294	0	0.2
1294	1303	1	0.2
1303	1294	1	0.2
1294	1303	2	0.2
1303	1294	2	0.2
1294	1303	3	0.2
1303	1294	3	0.2
1294	1303	4	0.2
1303	1294	4	0.2
1294	1304	0	0.2
1304	1294	0	0.2
1294	1304	1	0.2
1304	1294	1	0.2
1294	1304	2	0.2
1304	1294	2	0.2
1294	1304	3	0.2
1304	1294	3	0.2
1294	1304	4	0.2
1304	1294	4	0.2
1294	1305	0	0.2
1305	1294	0	0.2
1294	1305	1	0.2
1305	1294	1	0.2
1294	1305	2	0.2
1305	1294	2	0.2
1294	1305	3	0.2
1305	1294	3	0.2
1294	1305	4	0.2
1305	1294	4	0.2
1294	1306	0	0.2
1306	1294	0	0.2
1294	1306	1	0.2
1306	1294	1	0.2
1294	1306	2	0.2
1306	1294	2	0.2
1294	1306	3	0.2
1306	1294	3	0.2
1294	1306	4	0.2
1306	1294	4	0.2
1295	1301	0	0.2
1301	1295	0	0.2
1295	1301	1	0.2
1301	1295	1	0.2
1295	1301	2	0.2
1301	1295	2	0.2
1295	1301	3	0.2
1301	1295	3	0.2
1295	1301	4	0.2
1301	1295	4	0.2
1295	1302	0	0.2
1302	1295	0	0.2
1295	1302	1	0.2
1302	1295	1	0.2
1295	1302	2	0.2
1302	1295	2	0.2
1295	1302	3	0.2
1302	1295	3	0.2
1295	1302	4	0.2
1302	1295	4	0.2
1295	1303	0	0.2
1303	1295	0	0.2
1295	1303	1	0.2
1303	1295	1	0.2
1295	1303	2	0.2
1303	1295	2	0.2
1295	1303	3	0.2
1303	1295	3	0.2
1295	1303	4	0.2
1303	1295	4	0.2
1295	1304	0	0.2
1304	1295	0	0.2
1295	1304	1	0.2
1304	1295	1	0.2
1295	1304	2	0.2
1304	1295	2	0.2
1295	1304	3	0.2
1304	1295	3	0.2
1295	1304	4	0.2
1304	1295	4	0.2
1295	1305	0	0.2
1305	1295	0	0.2
1295	1305	1	0.2
1305	1295	1	0.2
1295	1305	2	0.2
1305	1295	2	0.2
1295	1305	3	0.2
1305	1295	3	0.2
1295	1305	4	0.2
1305	1295	4	0.2
1295	1306	0	0.2
1306	1295	0	0.2
1295	1306	1	0.2
1306	1295	1	0.2
1295	1306	2	0.2
1306	1295	2	0.2
1295	1306	3	0.2
1306	1295	3	0.2
1295	1306	4	0.2
1306	1295	4	0.2
1296	1301	0	0.2
1301	1296	0	0.2
1296	1301	1	0.2
1301	1296	1	0.2
1296	1301	2	0.2
1301	1296	2	0.2
1296	1301	3	0.2
1301	1296	3	0.2
1296	1301	4	0.2
1301	1296	4	0.2
1296	1302	0	0.2
1302	1296	0	0.2
1296	1302	1	0.2
1302	1296	1	0.2
1296	1302	2	0.2
1302	1296	2	0.2
1296	1302	3	0.2
1302	1296	3	0.2
1296	1302	4	0.2
1302	1296	4	0.2
1296	1303	0	0.2
1303	1296	0	0.2
1296	1303	1	0.2
1303	1296	1	0.2
1296	1303	2	0.2
1303	1296	2	0.2
1296	1303	3	0.2
1303	1296	3	0.2
1296	1303	4	0.2
1303	1296	4	0.2
1296	1304	0	0.2
1304	1296	0	0.2
1296	1304	1	0.2
1304	1296	1	0.2
1296	1304	2	0.2
1304	1296	2	0.2
1296	1304	3	0.2
1304	1296	3	0.2
1296	1304	4	0.2
1304	1296	4	0.2
1296	1305	0	0.2
1305	1296	0	0.2
1296	1305	1	0.2
1305	1296	1	0.2
1296	1305	2	0.2
1305	1296	2	0.2
1296	1305	3	0.2
1305	1296	3	0.2
1296	1305	4	0.2
1305	1296	4	0.2
1296	1306	0	0.2
1306	1296	0	0.2
1296	1306	1	0.2
1306	1296	1	0.2
1296	1306	2	0.2
1306	1296	2	0.2
1296	1306	3	0.2
1306	1296	3	0.2
1296	1306	4	0.2
1306	1296	4	0.2
1297	1301	0	0.2
1301	1297	0	0.2
1297	1301	1	0.2
1301	1297	1	0.2
1297	1301	2	0.2
1301	1297	2	0.2
1297	1301	3	0.2
1301	1297	3	0.2
1297	1301	4	0.2
1301	1297	4	0.2
1297	1302	0	0.2
1302	1297	0	0.2
1297	1302	1	0.2
1302	1297	1	0.2
1297	1302	2	0.2
1302	1297	2	0.2
1297	1302	3	0.2
1302	1297	3	0.2
1297	1302	4	0.2
1302	1297	4	0.2
1297	1303	0	0.2
1303	1297	0	0.2
1297	1303	1	0.2
1303	1297	1	0.2
1297	1303	2	0.2
1303	1297	2	0.2
1297	1303	3	0.2
1303	1297	3	0.2
1297	1303	4	0.2
1303	1297	4	0.2
1297	1304	0	0.2
1304	1297	0	0.2
1297	1304	1	0.2
1304	1297	1	0.2
1297	1304	2	0.2
1304	1297	2	0.2
1297	1304	3	0.2
1304	1297	3	0.2
1297	1304	4	0.2
1304	1297	4	0.2
1297	1305	0	0.2
1305	1297	0	0.2
1297	1305	1	0.2
1305	1297	1	0.2
1297	1305	2	0.2
1305	1297	2	0.2
1297	1305	3	0.2
1305	1297	3	0.2
1297	1305	4	0.2
1305	1297	4	0.2
1297	1306	0	0.2
1306	1297	0	0.2
1297	1306	1	0.2
1306	1297	1	0.2
1297	1306	2	0.2
1306	1297	2	0.2
1297	1306	3	0.2
1306	1297	3	0.2
1297	1306	4	0.2
1306	1297	4	0.2
1307	1311	0	0.2
1311	1307	0	0.2
1307	1311	1	0.2
1311	1307	1	0.2
1307	1311	2	0.2
1311	1307	2	0.2
1307	1311	3	0.2
1311	1307	3	0.2
1307	1311	4	0.2
1311	1307	4	0.2
1308	1311	0	0.2
1311	1308	0	0.2
1308	1311	1	0.2
1311	1308	1	0.2
1308	1311	2	0.2
1311	1308	2	0.2
1308	1311	3	0.2
1311	1308	3	0.2
1308	1311	4	0.2
1311	1308	4	0.2
1309	1311	0	0.2
1311	1309	0	0.2
1309	1311	1	0.2
1311	1309	1	0.2
1309	1311	2	0.2
1311	1309	2	0.2
1309	1311	3	0.2
1311	1309	3	0.2
1309	1311	4	0.2
1311	1309	4	0.2
1310	1312	0	0.2
1312	1310	0	0.2
1310	1312	1	0.2
1312	1310	1	0.2
1310	1312	2	0.2
1312	1310	2	0.2
1310	1312	3	0.2
1312	1310	3	0.2
1310	1312	4	0.2
1312	1310	4	0.2
1311	1313	0	0.2
1313	1311	0	0.2
1311	1313	1	0.2
1313	1311	1	0.2
1311	1313	2	0.2
1313	1311	2	0.2
1311	1313	3	0.2
1313	1311	3	0.2
1311	1313	4	0.2
1313	1311	4	0.2
1312	1314	0	0.2
1314	1312	0	0.2
1312	1314	1	0.2
1314	1312	1	0.2
1312	1314	2	0.2
1314	1312	2	0.2
1312	1314	3	0.2
1314	1312	3	0.2
1312	1314	4	0.2
1314	1312	4	0.2
1313	1315	0	0.2
1315	1313	0	0.2
1313	1315	1	0.2
1315	1313	1	0.2
1313	1315	2	0.2
1315	1313	2	0.2
1313	1315	3	0.2
1315	1313	3	0.2
1313	1315	4	0.2
1315	1313	4	0.2
1313	1316	0	0.2
1316	1313	0	0.2
1313	1316	1	0.2
1316	1313	1	0.2
1313	1316	2	0.2
1316	1313	2	0.2
1313	1316	3	0.2
1316	1313	3	0.2
1313	1316	4	0.2
1316	1313	4	0.2
1314	1317	0	0.2
1317	1314	0	0.2
1314	1317	1	0.2
1317	1314	1	0.2
1314	1317	2	0.2
1317	1314	2	0.2
1314	1317	3	0.2
1317	1314	3	0.2
1314	1317	4	0.2
1317	1314	4	0.2
1314	1318	0	0.2
1318	1314	0	0.2
1314	1318	1	0.2
1318	1314	1	0.2
1314	1318	2	0.2
1318	1314	2	0.2
1314	1318	3	0.2
1318	1314	3	0.2
1314	1318	4	0.2
1318	1314	4	0.2
1314	1319	0	0.2
1319	1314	0	0.2
1314	1319	1	0.2
1319	1314	1	0.2
1314	1319	2	0.2
1319	1314	2	0.2
1314	1319	3	0.2
1319	1314	3	0.2
1314	1319	4	0.2
1319	1314	4	0.2
1315	1320	0	0.2
1320	1315	0	0.2
1315	1320	1	0.2
1320	1315	1	0.2
1315	1320	2	0.2
1320	1315	2	0.2
1315	1320	3	0.2
1320	1315	3	0.2
1315	1320	4	0.2
1320	1315	4	0.2
1315	1321	0	0.2
1321	1315	0	0.2
1315	1321	1	0.2
1321	1315	1	0.2
1315	1321	2	0.2
1321	1315	2	0.2
1315	1321	3	0.2
1321	1315	3	0.2
1315	1321	4	0.2
1321	1315	4	0.2
1316	1320	0	0.2
1320	1316	0	0.2
1316	1320	1	0.2
1320	1316	1	0.2
1316	1320	2	0.2
1320	1316	2	0.2
1316	1320	3	0.2
1320	1316	3	0.2
1316	1320	4	0.2
1320	1316	4	0.2
1316	1321	0	0.2
1321	1316	0	0.2
1316	1321	1	0.2
1321	1316	1	0.2
1316	1321	2	0.2
1321	1316	2	0.2
1316	1321	3	0.2
1321	1316	3	0.2
1316	1321	4	0.2
1321	1316	4	0.2
1317	1322	0	0.2
1322	1317	0	0.2
1317	1322	1	0.2
1322	1317	1	0.2
1317	1322	2	0.2
1322	1317	2	0.2
1317	1322	3	0.2
1322	1317	3	0.2
1317	1322	4	0.2
1322	1317	4	0.2
1317	1323	0	0.2
1323	1317	0	0.2
1317	1323	1	0.2
1323	1317	1	0.2
1317	1323	2	0.2
1323	1317	2	0.2
1317	1323	3	0.2
1323	1317	3	0.2
1317	1323	4	0.2
1323	1317	4	0.2
1317	1324	0	0.2
1324	1317	0	0.2
1317	1324	1	0.2
1324	1317	1	0.2
1317	1324	2	0.2
1324	1317	2	0.2
1317	1324	3	0.2
1324	1317	3	0.2
1317	1324	4	0.2
1324	1317	4	0.2
1317	1325	0	0.2
1325	1317	0	0.2
1317	1325	1	0.2
1325	1317	1	0.2
1317	1325	2	0.2
1325	1317	2	0.2
1317	1325	3	0.2
1325	1317	3	0.2
1317	1325	4	0.2
1325	1317	4	0.2
1318	1322	0	0.2
1322	1318	0	0.2
1318	1322	1	0.2
1322	1318	1	0.2
1318	1322	2	0.2
1322	1318	2	0.2
1318	1322	3	0.2
1322	1318	3	0.2
1318	1322	4	0.2
1322	1318	4	0.2
1318	1323	0	0.2
1323	1318	0	0.2
1318	1323	1	0.2
1323	1318	1	0.2
1318	1323	2	0.2
1323	1318	2	0.2
1318	1323	3	0.2
1323	1318	3	0.2
1318	1323	4	0.2
1323	1318	4	0.2
1318	1324	0	0.2
1324	1318	0	0.2
1318	1324	1	0.2
1324	1318	1	0.2
1318	1324	2	0.2
1324	1318	2	0.2
1318	1324	3	0.2
1324	1318	3	0.2
1318	1324	4	0.2
1324	1318	4	0.2
1318	1325	0	0.2
1325	1318	0	0.2
1318	1325	1	0.2
1325	1318	1	0.2
1318	1325	2	0.2
1325	1318	2	0.2
1318	1325	3	0.2
1325	1318	3	0.2
1318	1325	4	0.2
1325	1318	4	0.2
1319	1322	0	0.2
1322	1319	0	0.2
1319	1322	1	0.2
1322	1319	1	0.2
1319	1322	2	0.2
1322	1319	2	0.2
1319	1322	3	0.2
1322	1319	3	0.2
1319	1322	4	0.2
1322	1319	4	0.2
1319	1323	0	0.2
1323	1319	0	0.2
1319	1323	1	0.2
1323	1319	1	0.2
1319	1323	2	0.2
1323	1319	2	0.2
1319	1323	3	0.2
1323	1319	3	0.2
1319	1323	4	0.2
1323	1319	4	0.2
1319	1324	0	0.2
1324	1319	0	0.2
1319	1324	1	0.2
1324	1319	1	0.2
1319	1324	2	0.2
1324	1319	2	0.2
1319	1324	3	0.2
1324	1319	3	0.2
1319	1324	4	0.2
1324	1319	4	0.2
1319	1325	0	0.2
1325	1319	0	0.2
1319	1325	1	0.2
1325	1319	1	0.2
1319	1325	2	0.2
1325	1319	2	0.2
1319	1325	3	0.2
1325	1319	3	0.2
1319	1325	4	0.2
1325	1319	4	0.2
1326	1330	0	0.2
1330	1326	0	0.2
1326	1330	1	0.2
1330	1326	1	0.2
1326	1330	2	0.2
1330	1326	2	0.2
1326	1330	3	0.2
1330	1326	3	0.2
1326	1330	4	0.2
1330	1326	4	0.2
1326	1331	0	0.2
1331	1326	0	0.2
1326	1331	1	0.2
1331	1326	1	0.2
1326	1331	2	0.2
1331	1326	2	0.2
1326	1331	3	0.2
1331	1326	3	0.2
1326	1331	4	0.2
1331	1326	4	0.2
1327	1330	0	0.2
1330	1327	0	0.2
1327	1330	1	0.2
1330	1327	1	0.2
1327	1330	2	0.2
1330	1327	2	0.2
1327	1330	3	0.2
1330	1327	3	0.2
1327	1330	4	0.2
1330	1327	4	0.2
1327	1331	0	0.2
1331	1327	0	0.2
1327	1331	1	0.2
1331	1327	1	0.2
1327	1331	2	0.2
1331	1327	2	0.2
1327	1331	3	0.2
1331	1327	3	0.2
1327	1331	4	0.2
1331	1327	4	0.2
1328	1332	0	0.2
1332	1328	0	0.2
1328	1332	1	0.2
1332	1328	1	0.2
1328	1332	2	0.2
1332	1328	2	0.2
1328	1332	3	0.2
1332	1328	3	0.2
1328	1332	4	0.2
1332	1328	4	0.2
1329	1332	0	0.2
1332	1329	0	0.2
1329	1332	1	0.2
1332	1329	1	0.2
1329	1332	2	0.2
1332	1329	2	0.2
1329	1332	3	0.2
1332	1329	3	0.2
1329	1332	4	0.2
1332	1329	4	0.2
1330	1333	0	0.2
1333	1330	0	0.2
1330	1333	1	0.2
1333	1330	1	0.2
1330	1333	2	0.2
1333	1330	2	0.2
1330	1333	3	0.2
1333	1330	3	0.2
1330	1333	4	0.2
1333	1330	4	0.2
1331	1333	0	0.2
1333	1331	0	0.2
1331	1333	1	0.2
1333	1331	1	0.2
1331	1333	2	0.2
1333	1331	2	0.2
1331	1333	3	0.2
1333	1331	3	0.2
1331	1333	4	0.2
1333	1331	4	0.2
1332	1334	0	0.2
1334	1332	0	0.2
1332	1334	1	0.2
1334	1332	1	0.2
1332	1334	2	0.2
1334	1332	2	0.2
1332	1334	3	0.2
1334	1332	3	0.2
1332	1334	4	0.2
1334	1332	4	0.2
1332	1335	0	0.2
1335	1332	0	0.2
1332	1335	1	0.2
1335	1332	1	0.2
1332	1335	2	0.2
1335	1332	2	0.2
1332	1335	3	0.2
1335	1332	3	0.2
1332	1335	4	0.2
1335	1332	4	0.2
1349	1365	0	0.2
1365	1349	0	0.2
1349	1365	1	0.2
1365	1349	1	0.2
1349	1365	2	0.2
1365	1349	2	0.2
1349	1365	3	0.2
1365	1349	3	0.2
1349	1365	4	0.2
1365	1349	4	0.2
1349	1366	0	0.2
1366	1349	0	0.2
1349	1366	1	0.2
1366	1349	1	0.2
1349	1366	2	0.2
1366	1349	2	0.2
1349	1366	3	0.2
1366	1349	3	0.2
1349	1366	4	0.2
1366	1349	4	0.2
1349	1367	0	0.2
1367	1349	0	0.2
1349	1367	1	0.2
1367	1349	1	0.2
1349	1367	2	0.2
1367	1349	2	0.2
1349	1367	3	0.2
1367	1349	3	0.2
1349	1367	4	0.2
1367	1349	4	0.2
1349	1368	0	0.2
1368	1349	0	0.2
1349	1368	1	0.2
1368	1349	1	0.2
1349	1368	2	0.2
1368	1349	2	0.2
1349	1368	3	0.2
1368	1349	3	0.2
1349	1368	4	0.2
1368	1349	4	0.2
1349	1369	0	0.2
1369	1349	0	0.2
1349	1369	1	0.2
1369	1349	1	0.2
1349	1369	2	0.2
1369	1349	2	0.2
1349	1369	3	0.2
1369	1349	3	0.2
1349	1369	4	0.2
1369	1349	4	0.2
1350	1365	0	0.2
1365	1350	0	0.2
1350	1365	1	0.2
1365	1350	1	0.2
1350	1365	2	0.2
1365	1350	2	0.2
1350	1365	3	0.2
1365	1350	3	0.2
1350	1365	4	0.2
1365	1350	4	0.2
1350	1366	0	0.2
1366	1350	0	0.2
1350	1366	1	0.2
1366	1350	1	0.2
1350	1366	2	0.2
1366	1350	2	0.2
1350	1366	3	0.2
1366	1350	3	0.2
1350	1366	4	0.2
1366	1350	4	0.2
1350	1367	0	0.2
1367	1350	0	0.2
1350	1367	1	0.2
1367	1350	1	0.2
1350	1367	2	0.2
1367	1350	2	0.2
1350	1367	3	0.2
1367	1350	3	0.2
1350	1367	4	0.2
1367	1350	4	0.2
1350	1368	0	0.2
1368	1350	0	0.2
1350	1368	1	0.2
1368	1350	1	0.2
1350	1368	2	0.2
1368	1350	2	0.2
1350	1368	3	0.2
1368	1350	3	0.2
1350	1368	4	0.2
1368	1350	4	0.2
1350	1369	0	0.2
1369	1350	0	0.2
1350	1369	1	0.2
1369	1350	1	0.2
1350	1369	2	0.2
1369	1350	2	0.2
1350	1369	3	0.2
1369	1350	3	0.2
1350	1369	4	0.2
1369	1350	4	0.2
1351	1365	0	0.2
1365	1351	0	0.2
1351	1365	1	0.2
1365	1351	1	0.2
1351	1365	2	0.2
1365	1351	2	0.2
1351	1365	3	0.2
1365	1351	3	0.2
1351	1365	4	0.2
1365	1351	4	0.2
1351	1366	0	0.2
1366	1351	0	0.2
1351	1366	1	0.2
1366	1351	1	0.2
1351	1366	2	0.2
1366	1351	2	0.2
1351	1366	3	0.2
1366	1351	3	0.2
1351	1366	4	0.2
1366	1351	4	0.2
1351	1367	0	0.2
1367	1351	0	0.2
1351	1367	1	0.2
1367	1351	1	0.2
1351	1367	2	0.2
1367	1351	2	0.2
1351	1367	3	0.2
1367	1351	3	0.2
1351	1367	4	0.2
1367	1351	4	0.2
1351	1368	0	0.2
1368	1351	0	0.2
1351	1368	1	0.2
1368	1351	1	0.2
1351	1368	2	0.2
1368	1351	2	0.2
1351	1368	3	0.2
1368	1351	3	0.2
1351	1368	4	0.2
1368	1351	4	0.2
1351	1369	0	0.2
1369	1351	0	0.2
1351	1369	1	0.2
1369	1351	1	0.2
1351	1369	2	0.2
1369	1351	2	0.2
1351	1369	3	0.2
1369	1351	3	0.2
1351	1369	4	0.2
1369	1351	4	0.2
1352	1365	0	0.2
1365	1352	0	0.2
1352	1365	1	0.2
1365	1352	1	0.2
1352	1365	2	0.2
1365	1352	2	0.2
1352	1365	3	0.2
1365	1352	3	0.2
1352	1365	4	0.2
1365	1352	4	0.2
1352	1366	0	0.2
1366	1352	0	0.2
1352	1366	1	0.2
1366	1352	1	0.2
1352	1366	2	0.2
1366	1352	2	0.2
1352	1366	3	0.2
1366	1352	3	0.2
1352	1366	4	0.2
1366	1352	4	0.2
1352	1367	0	0.2
1367	1352	0	0.2
1352	1367	1	0.2
1367	1352	1	0.2
1352	1367	2	0.2
1367	1352	2	0.2
1352	1367	3	0.2
1367	1352	3	0.2
1352	1367	4	0.2
1367	1352	4	0.2
1352	1368	0	0.2
1368	1352	0	0.2
1352	1368	1	0.2
1368	1352	1	0.2
1352	1368	2	0.2
1368	1352	2	0.2
1352	1368	3	0.2
1368	1352	3	0.2
1352	1368	4	0.2
1368	1352	4	0.2
1352	1369	0	0.2
1369	1352	0	0.2
1352	1369	1	0.2
1369	1352	1	0.2
1352	1369	2	0.2
1369	1352	2	0.2
1352	1369	3	0.2
1369	1352	3	0.2
1352	1369	4	0.2
1369	1352	4	0.2
1353	1365	0	0.2
1365	1353	0	0.2
1353	1365	1	0.2
1365	1353	1	0.2
1353	1365	2	0.2
1365	1353	2	0.2
1353	1365	3	0.2
1365	1353	3	0.2
1353	1365	4	0.2
1365	1353	4	0.2
1353	1366	0	0.2
1366	1353	0	0.2
1353	1366	1	0.2
1366	1353	1	0.2
1353	1366	2	0.2
1366	1353	2	0.2
1353	1366	3	0.2
1366	1353	3	0.2
1353	1366	4	0.2
1366	1353	4	0.2
1353	1367	0	0.2
1367	1353	0	0.2
1353	1367	1	0.2
1367	1353	1	0.2
1353	1367	2	0.2
1367	1353	2	0.2
1353	1367	3	0.2
1367	1353	3	0.2
1353	1367	4	0.2
1367	1353	4	0.2
1353	1368	0	0.2
1368	1353	0	0.2
1353	1368	1	0.2
1368	1353	1	0.2
1353	1368	2	0.2
1368	1353	2	0.2
1353	1368	3	0.2
1368	1353	3	0.2
1353	1368	4	0.2
1368	1353	4	0.2
1353	1369	0	0.2
1369	1353	0	0.2
1353	1369	1	0.2
1369	1353	1	0.2
1353	1369	2	0.2
1369	1353	2	0.2
1353	1369	3	0.2
1369	1353	3	0.2
1353	1369	4	0.2
1369	1353	4	0.2
1354	1365	0	0.2
1365	1354	0	0.2
1354	1365	1	0.2
1365	1354	1	0.2
1354	1365	2	0.2
1365	1354	2	0.2
1354	1365	3	0.2
1365	1354	3	0.2
1354	1365	4	0.2
1365	1354	4	0.2
1354	1366	0	0.2
1366	1354	0	0.2
1354	1366	1	0.2
1366	1354	1	0.2
1354	1366	2	0.2
1366	1354	2	0.2
1354	1366	3	0.2
1366	1354	3	0.2
1354	1366	4	0.2
1366	1354	4	0.2
1354	1367	0	0.2
1367	1354	0	0.2
1354	1367	1	0.2
1367	1354	1	0.2
1354	1367	2	0.2
1367	1354	2	0.2
1354	1367	3	0.2
1367	1354	3	0.2
1354	1367	4	0.2
1367	1354	4	0.2
1354	1368	0	0.2
1368	1354	0	0.2
1354	1368	1	0.2
1368	1354	1	0.2
1354	1368	2	0.2
1368	1354	2	0.2
1354	1368	3	0.2
1368	1354	3	0.2
1354	1368	4	0.2
1368	1354	4	0.2
1354	1369	0	0.2
1369	1354	0	0.2
1354	1369	1	0.2
1369	1354	1	0.2
1354	1369	2	0.2
1369	1354	2	0.2
1354	1369	3	0.2
1369	1354	3	0.2
1354	1369	4	0.2
1369	1354	4	0.2
1355	1365	0	0.2
1365	1355	0	0.2
1355	1365	1	0.2
1365	1355	1	0.2
1355	1365	2	0.2
1365	1355	2	0.2
1355	1365	3	0.2
1365	1355	3	0.2
1355	1365	4	0.2
1365	1355	4	0.2
1355	1366	0	0.2
1366	1355	0	0.2
1355	1366	1	0.2
1366	1355	1	0.2
1355	1366	2	0.2
1366	1355	2	0.2
1355	1366	3	0.2
1366	1355	3	0.2
1355	1366	4	0.2
1366	1355	4	0.2
1355	1367	0	0.2
1367	1355	0	0.2
1355	1367	1	0.2
1367	1355	1	0.2
1355	1367	2	0.2
1367	1355	2	0.2
1355	1367	3	0.2
1367	1355	3	0.2
1355	1367	4	0.2
1367	1355	4	0.2
1355	1368	0	0.2
1368	1355	0	0.2
1355	1368	1	0.2
1368	1355	1	0.2
1355	1368	2	0.2
1368	1355	2	0.2
1355	1368	3	0.2
1368	1355	3	0.2
1355	1368	4	0.2
1368	1355	4	0.2
1355	1369	0	0.2
1369	1355	0	0.2
1355	1369	1	0.2
1369	1355	1	0.2
1355	1369	2	0.2
1369	1355	2	0.2
1355	1369	3	0.2
1369	1355	3	0.2
1355	1369	4	0.2
1369	1355	4	0.2
1356	1365	0	0.2
1365	1356	0	0.2
1356	1365	1	0.2
1365	1356	1	0.2
1356	1365	2	0.2
1365	1356	2	0.2
1356	1365	3	0.2
1365	1356	3	0.2
1356	1365	4	0.2
1365	1356	4	0.2
1356	1366	0	0.2
1366	1356	0	0.2
1356	1366	1	0.2
1366	1356	1	0.2
1356	1366	2	0.2
1366	1356	2	0.2
1356	1366	3	0.2
1366	1356	3	0.2
1356	1366	4	0.2
1366	1356	4	0.2
1356	1367	0	0.2
1367	1356	0	0.2
1356	1367	1	0.2
1367	1356	1	0.2
1356	1367	2	0.2
1367	1356	2	0.2
1356	1367	3	0.2
1367	1356	3	0.2
1356	1367	4	0.2
1367	1356	4	0.2
1356	1368	0	0.2
1368	1356	0	0.2
1356	1368	1	0.2
1368	1356	1	0.2
1356	1368	2	0.2
1368	1356	2	0.2
1356	1368	3	0.2
1368	1356	3	0.2
1356	1368	4	0.2
1368	1356	4	0.2
1356	1369	0	0.2
1369	1356	0	0.2
1356	1369	1	0.2
1369	1356	1	0.2
1356	1369	2	0.2
1369	1356	2	0.2
1356	1369	3	0.2
1369	1356	3	0.2
1356	1369	4	0.2
1369	1356	4	0.2
1357	1365	0	0.2
1365	1357	0	0.2
1357	1365	1	0.2
1365	1357	1	0.2
1357	1365	2	0.2
1365	1357	2	0.2
1357	1365	3	0.2
1365	1357	3	0.2
1357	1365	4	0.2
1365	1357	4	0.2
1357	1366	0	0.2
1366	1357	0	0.2
1357	1366	1	0.2
1366	1357	1	0.2
1357	1366	2	0.2
1366	1357	2	0.2
1357	1366	3	0.2
1366	1357	3	0.2
1357	1366	4	0.2
1366	1357	4	0.2
1357	1367	0	0.2
1367	1357	0	0.2
1357	1367	1	0.2
1367	1357	1	0.2
1357	1367	2	0.2
1367	1357	2	0.2
1357	1367	3	0.2
1367	1357	3	0.2
1357	1367	4	0.2
1367	1357	4	0.2
1357	1368	0	0.2
1368	1357	0	0.2
1357	1368	1	0.2
1368	1357	1	0.2
1357	1368	2	0.2
1368	1357	2	0.2
1357	1368	3	0.2
1368	1357	3	0.2
1357	1368	4	0.2
1368	1357	4	0.2
1357	1369	0	0.2
1369	1357	0	0.2
1357	1369	1	0.2
1369	1357	1	0.2
1357	1369	2	0.2
1369	1357	2	0.2
1357	1369	3	0.2
1369	1357	3	0.2
1357	1369	4	0.2
1369	1357	4	0.2
1358	1370	0	0.2
1370	1358	0	0.2
1358	1370	1	0.2
1370	1358	1	0.2
1358	1370	2	0.2
1370	1358	2	0.2
1358	1370	3	0.2
1370	1358	3	0.2
1358	1370	4	0.2
1370	1358	4	0.2
1358	1371	0	0.2
1371	1358	0	0.2
1358	1371	1	0.2
1371	1358	1	0.2
1358	1371	2	0.2
1371	1358	2	0.2
1358	1371	3	0.2
1371	1358	3	0.2
1358	1371	4	0.2
1371	1358	4	0.2
1358	1372	0	0.2
1372	1358	0	0.2
1358	1372	1	0.2
1372	1358	1	0.2
1358	1372	2	0.2
1372	1358	2	0.2
1358	1372	3	0.2
1372	1358	3	0.2
1358	1372	4	0.2
1372	1358	4	0.2
1359	1370	0	0.2
1370	1359	0	0.2
1359	1370	1	0.2
1370	1359	1	0.2
1359	1370	2	0.2
1370	1359	2	0.2
1359	1370	3	0.2
1370	1359	3	0.2
1359	1370	4	0.2
1370	1359	4	0.2
1359	1371	0	0.2
1371	1359	0	0.2
1359	1371	1	0.2
1371	1359	1	0.2
1359	1371	2	0.2
1371	1359	2	0.2
1359	1371	3	0.2
1371	1359	3	0.2
1359	1371	4	0.2
1371	1359	4	0.2
1359	1372	0	0.2
1372	1359	0	0.2
1359	1372	1	0.2
1372	1359	1	0.2
1359	1372	2	0.2
1372	1359	2	0.2
1359	1372	3	0.2
1372	1359	3	0.2
1359	1372	4	0.2
1372	1359	4	0.2
1360	1370	0	0.2
1370	1360	0	0.2
1360	1370	1	0.2
1370	1360	1	0.2
1360	1370	2	0.2
1370	1360	2	0.2
1360	1370	3	0.2
1370	1360	3	0.2
1360	1370	4	0.2
1370	1360	4	0.2
1360	1371	0	0.2
1371	1360	0	0.2
1360	1371	1	0.2
1371	1360	1	0.2
1360	1371	2	0.2
1371	1360	2	0.2
1360	1371	3	0.2
1371	1360	3	0.2
1360	1371	4	0.2
1371	1360	4	0.2
1360	1372	0	0.2
1372	1360	0	0.2
1360	1372	1	0.2
1372	1360	1	0.2
1360	1372	2	0.2
1372	1360	2	0.2
1360	1372	3	0.2
1372	1360	3	0.2
1360	1372	4	0.2
1372	1360	4	0.2
1361	1370	0	0.2
1370	1361	0	0.2
1361	1370	1	0.2
1370	1361	1	0.2
1361	1370	2	0.2
1370	1361	2	0.2
1361	1370	3	0.2
1370	1361	3	0.2
1361	1370	4	0.2
1370	1361	4	0.2
1361	1371	0	0.2
1371	1361	0	0.2
1361	1371	1	0.2
1371	1361	1	0.2
1361	1371	2	0.2
1371	1361	2	0.2
1361	1371	3	0.2
1371	1361	3	0.2
1361	1371	4	0.2
1371	1361	4	0.2
1361	1372	0	0.2
1372	1361	0	0.2
1361	1372	1	0.2
1372	1361	1	0.2
1361	1372	2	0.2
1372	1361	2	0.2
1361	1372	3	0.2
1372	1361	3	0.2
1361	1372	4	0.2
1372	1361	4	0.2
1362	1370	0	0.2
1370	1362	0	0.2
1362	1370	1	0.2
1370	1362	1	0.2
1362	1370	2	0.2
1370	1362	2	0.2
1362	1370	3	0.2
1370	1362	3	0.2
1362	1370	4	0.2
1370	1362	4	0.2
1362	1371	0	0.2
1371	1362	0	0.2
1362	1371	1	0.2
1371	1362	1	0.2
1362	1371	2	0.2
1371	1362	2	0.2
1362	1371	3	0.2
1371	1362	3	0.2
1362	1371	4	0.2
1371	1362	4	0.2
1362	1372	0	0.2
1372	1362	0	0.2
1362	1372	1	0.2
1372	1362	1	0.2
1362	1372	2	0.2
1372	1362	2	0.2
1362	1372	3	0.2
1372	1362	3	0.2
1362	1372	4	0.2
1372	1362	4	0.2
1363	1370	0	0.2
1370	1363	0	0.2
1363	1370	1	0.2
1370	1363	1	0.2
1363	1370	2	0.2
1370	1363	2	0.2
1363	1370	3	0.2
1370	1363	3	0.2
1363	1370	4	0.2
1370	1363	4	0.2
1363	1371	0	0.2
1371	1363	0	0.2
1363	1371	1	0.2
1371	1363	1	0.2
1363	1371	2	0.2
1371	1363	2	0.2
1363	1371	3	0.2
1371	1363	3	0.2
1363	1371	4	0.2
1371	1363	4	0.2
1363	1372	0	0.2
1372	1363	0	0.2
1363	1372	1	0.2
1372	1363	1	0.2
1363	1372	2	0.2
1372	1363	2	0.2
1363	1372	3	0.2
1372	1363	3	0.2
1363	1372	4	0.2
1372	1363	4	0.2
1364	1370	0	0.2
1370	1364	0	0.2
1364	1370	1	0.2
1370	1364	1	0.2
1364	1370	2	0.2
1370	1364	2	0.2
1364	1370	3	0.2
1370	1364	3	0.2
1364	1370	4	0.2
1370	1364	4	0.2
1364	1371	0	0.2
1371	1364	0	0.2
1364	1371	1	0.2
1371	1364	1	0.2
1364	1371	2	0.2
1371	1364	2	0.2
1364	1371	3	0.2
1371	1364	3	0.2
1364	1371	4	0.2
1371	1364	4	0.2
1364	1372	0	0.2
1372	1364	0	0.2
1364	1372	1	0.2
1372	1364	1	0.2
1364	1372	2	0.2
1372	1364	2	0.2
1364	1372	3	0.2
1372	1364	3	0.2
1364	1372	4	0.2
1372	1364	4	0.2
1365	1376	0	0.2
1376	1365	0	0.2
1365	1376	1	0.2
1376	1365	1	0.2
1365	1376	2	0.2
1376	1365	2	0.2
1365	1376	3	0.2
1376	1365	3	0.2
1365	1376	4	0.2
1376	1365	4	0.2
1365	1373	0	0.2
1373	1365	0	0.2
1365	1373	1	0.2
1373	1365	1	0.2
1365	1373	2	0.2
1373	1365	2	0.2
1365	1373	3	0.2
1373	1365	3	0.2
1365	1373	4	0.2
1373	1365	4	0.2
1365	1374	0	0.2
1374	1365	0	0.2
1365	1374	1	0.2
1374	1365	1	0.2
1365	1374	2	0.2
1374	1365	2	0.2
1365	1374	3	0.2
1374	1365	3	0.2
1365	1374	4	0.2
1374	1365	4	0.2
1365	1375	0	0.2
1375	1365	0	0.2
1365	1375	1	0.2
1375	1365	1	0.2
1365	1375	2	0.2
1375	1365	2	0.2
1365	1375	3	0.2
1375	1365	3	0.2
1365	1375	4	0.2
1375	1365	4	0.2
1366	1376	0	0.2
1376	1366	0	0.2
1366	1376	1	0.2
1376	1366	1	0.2
1366	1376	2	0.2
1376	1366	2	0.2
1366	1376	3	0.2
1376	1366	3	0.2
1366	1376	4	0.2
1376	1366	4	0.2
1366	1373	0	0.2
1373	1366	0	0.2
1366	1373	1	0.2
1373	1366	1	0.2
1366	1373	2	0.2
1373	1366	2	0.2
1366	1373	3	0.2
1373	1366	3	0.2
1366	1373	4	0.2
1373	1366	4	0.2
1366	1374	0	0.2
1374	1366	0	0.2
1366	1374	1	0.2
1374	1366	1	0.2
1366	1374	2	0.2
1374	1366	2	0.2
1366	1374	3	0.2
1374	1366	3	0.2
1366	1374	4	0.2
1374	1366	4	0.2
1366	1375	0	0.2
1375	1366	0	0.2
1366	1375	1	0.2
1375	1366	1	0.2
1366	1375	2	0.2
1375	1366	2	0.2
1366	1375	3	0.2
1375	1366	3	0.2
1366	1375	4	0.2
1375	1366	4	0.2
1367	1376	0	0.2
1376	1367	0	0.2
1367	1376	1	0.2
1376	1367	1	0.2
1367	1376	2	0.2
1376	1367	2	0.2
1367	1376	3	0.2
1376	1367	3	0.2
1367	1376	4	0.2
1376	1367	4	0.2
1367	1373	0	0.2
1373	1367	0	0.2
1367	1373	1	0.2
1373	1367	1	0.2
1367	1373	2	0.2
1373	1367	2	0.2
1367	1373	3	0.2
1373	1367	3	0.2
1367	1373	4	0.2
1373	1367	4	0.2
1367	1374	0	0.2
1374	1367	0	0.2
1367	1374	1	0.2
1374	1367	1	0.2
1367	1374	2	0.2
1374	1367	2	0.2
1367	1374	3	0.2
1374	1367	3	0.2
1367	1374	4	0.2
1374	1367	4	0.2
1367	1375	0	0.2
1375	1367	0	0.2
1367	1375	1	0.2
1375	1367	1	0.2
1367	1375	2	0.2
1375	1367	2	0.2
1367	1375	3	0.2
1375	1367	3	0.2
1367	1375	4	0.2
1375	1367	4	0.2
1368	1376	0	0.2
1376	1368	0	0.2
1368	1376	1	0.2
1376	1368	1	0.2
1368	1376	2	0.2
1376	1368	2	0.2
1368	1376	3	0.2
1376	1368	3	0.2
1368	1376	4	0.2
1376	1368	4	0.2
1368	1373	0	0.2
1373	1368	0	0.2
1368	1373	1	0.2
1373	1368	1	0.2
1368	1373	2	0.2
1373	1368	2	0.2
1368	1373	3	0.2
1373	1368	3	0.2
1368	1373	4	0.2
1373	1368	4	0.2
1368	1374	0	0.2
1374	1368	0	0.2
1368	1374	1	0.2
1374	1368	1	0.2
1368	1374	2	0.2
1374	1368	2	0.2
1368	1374	3	0.2
1374	1368	3	0.2
1368	1374	4	0.2
1374	1368	4	0.2
1368	1375	0	0.2
1375	1368	0	0.2
1368	1375	1	0.2
1375	1368	1	0.2
1368	1375	2	0.2
1375	1368	2	0.2
1368	1375	3	0.2
1375	1368	3	0.2
1368	1375	4	0.2
1375	1368	4	0.2
1369	1376	0	0.2
1376	1369	0	0.2
1369	1376	1	0.2
1376	1369	1	0.2
1369	1376	2	0.2
1376	1369	2	0.2
1369	1376	3	0.2
1376	1369	3	0.2
1369	1376	4	0.2
1376	1369	4	0.2
1369	1373	0	0.2
1373	1369	0	0.2
1369	1373	1	0.2
1373	1369	1	0.2
1369	1373	2	0.2
1373	1369	2	0.2
1369	1373	3	0.2
1373	1369	3	0.2
1369	1373	4	0.2
1373	1369	4	0.2
1369	1374	0	0.2
1374	1369	0	0.2
1369	1374	1	0.2
1374	1369	1	0.2
1369	1374	2	0.2
1374	1369	2	0.2
1369	1374	3	0.2
1374	1369	3	0.2
1369	1374	4	0.2
1374	1369	4	0.2
1369	1375	0	0.2
1375	1369	0	0.2
1369	1375	1	0.2
1375	1369	1	0.2
1369	1375	2	0.2
1375	1369	2	0.2
1369	1375	3	0.2
1375	1369	3	0.2
1369	1375	4	0.2
1375	1369	4	0.2
1370	1377	0	0.2
1377	1370	0	0.2
1370	1377	1	0.2
1377	1370	1	0.2
1370	1377	2	0.2
1377	1370	2	0.2
1370	1377	3	0.2
1377	1370	3	0.2
1370	1377	4	0.2
1377	1370	4	0.2
1370	1378	0	0.2
1378	1370	0	0.2
1370	1378	1	0.2
1378	1370	1	0.2
1370	1378	2	0.2
1378	1370	2	0.2
1370	1378	3	0.2
1378	1370	3	0.2
1370	1378	4	0.2
1378	1370	4	0.2
1371	1377	0	0.2
1377	1371	0	0.2
1371	1377	1	0.2
1377	1371	1	0.2
1371	1377	2	0.2
1377	1371	2	0.2
1371	1377	3	0.2
1377	1371	3	0.2
1371	1377	4	0.2
1377	1371	4	0.2
1371	1378	0	0.2
1378	1371	0	0.2
1371	1378	1	0.2
1378	1371	1	0.2
1371	1378	2	0.2
1378	1371	2	0.2
1371	1378	3	0.2
1378	1371	3	0.2
1371	1378	4	0.2
1378	1371	4	0.2
1372	1377	0	0.2
1377	1372	0	0.2
1372	1377	1	0.2
1377	1372	1	0.2
1372	1377	2	0.2
1377	1372	2	0.2
1372	1377	3	0.2
1377	1372	3	0.2
1372	1377	4	0.2
1377	1372	4	0.2
1372	1378	0	0.2
1378	1372	0	0.2
1372	1378	1	0.2
1378	1372	1	0.2
1372	1378	2	0.2
1378	1372	2	0.2
1372	1378	3	0.2
1378	1372	3	0.2
1372	1378	4	0.2
1378	1372	4	0.2
1373	1379	0	0.2
1379	1373	0	0.2
1373	1379	1	0.2
1379	1373	1	0.2
1373	1379	2	0.2
1379	1373	2	0.2
1373	1379	3	0.2
1379	1373	3	0.2
1373	1379	4	0.2
1379	1373	4	0.2
1373	1380	0	0.2
1380	1373	0	0.2
1373	1380	1	0.2
1380	1373	1	0.2
1373	1380	2	0.2
1380	1373	2	0.2
1373	1380	3	0.2
1380	1373	3	0.2
1373	1380	4	0.2
1380	1373	4	0.2
1373	1381	0	0.2
1381	1373	0	0.2
1373	1381	1	0.2
1381	1373	1	0.2
1373	1381	2	0.2
1381	1373	2	0.2
1373	1381	3	0.2
1381	1373	3	0.2
1373	1381	4	0.2
1381	1373	4	0.2
1374	1379	0	0.2
1379	1374	0	0.2
1374	1379	1	0.2
1379	1374	1	0.2
1374	1379	2	0.2
1379	1374	2	0.2
1374	1379	3	0.2
1379	1374	3	0.2
1374	1379	4	0.2
1379	1374	4	0.2
1374	1380	0	0.2
1380	1374	0	0.2
1374	1380	1	0.2
1380	1374	1	0.2
1374	1380	2	0.2
1380	1374	2	0.2
1374	1380	3	0.2
1380	1374	3	0.2
1374	1380	4	0.2
1380	1374	4	0.2
1374	1381	0	0.2
1381	1374	0	0.2
1374	1381	1	0.2
1381	1374	1	0.2
1374	1381	2	0.2
1381	1374	2	0.2
1374	1381	3	0.2
1381	1374	3	0.2
1374	1381	4	0.2
1381	1374	4	0.2
1375	1379	0	0.2
1379	1375	0	0.2
1375	1379	1	0.2
1379	1375	1	0.2
1375	1379	2	0.2
1379	1375	2	0.2
1375	1379	3	0.2
1379	1375	3	0.2
1375	1379	4	0.2
1379	1375	4	0.2
1375	1380	0	0.2
1380	1375	0	0.2
1375	1380	1	0.2
1380	1375	1	0.2
1375	1380	2	0.2
1380	1375	2	0.2
1375	1380	3	0.2
1380	1375	3	0.2
1375	1380	4	0.2
1380	1375	4	0.2
1375	1381	0	0.2
1381	1375	0	0.2
1375	1381	1	0.2
1381	1375	1	0.2
1375	1381	2	0.2
1381	1375	2	0.2
1375	1381	3	0.2
1381	1375	3	0.2
1375	1381	4	0.2
1381	1375	4	0.2
1376	1379	0	0.2
1379	1376	0	0.2
1376	1379	1	0.2
1379	1376	1	0.2
1376	1379	2	0.2
1379	1376	2	0.2
1376	1379	3	0.2
1379	1376	3	0.2
1376	1379	4	0.2
1379	1376	4	0.2
1376	1380	0	0.2
1380	1376	0	0.2
1376	1380	1	0.2
1380	1376	1	0.2
1376	1380	2	0.2
1380	1376	2	0.2
1376	1380	3	0.2
1380	1376	3	0.2
1376	1380	4	0.2
1380	1376	4	0.2
1376	1381	0	0.2
1381	1376	0	0.2
1376	1381	1	0.2
1381	1376	1	0.2
1376	1381	2	0.2
1381	1376	2	0.2
1376	1381	3	0.2
1381	1376	3	0.2
1376	1381	4	0.2
1381	1376	4	0.2
1377	1382	0	0.2
1382	1377	0	0.2
1377	1382	1	0.2
1382	1377	1	0.2
1377	1382	2	0.2
1382	1377	2	0.2
1377	1382	3	0.2
1382	1377	3	0.2
1377	1382	4	0.2
1382	1377	4	0.2
1377	1383	0	0.2
1383	1377	0	0.2
1377	1383	1	0.2
1383	1377	1	0.2
1377	1383	2	0.2
1383	1377	2	0.2
1377	1383	3	0.2
1383	1377	3	0.2
1377	1383	4	0.2
1383	1377	4	0.2
1378	1382	0	0.2
1382	1378	0	0.2
1378	1382	1	0.2
1382	1378	1	0.2
1378	1382	2	0.2
1382	1378	2	0.2
1378	1382	3	0.2
1382	1378	3	0.2
1378	1382	4	0.2
1382	1378	4	0.2
1378	1383	0	0.2
1383	1378	0	0.2
1378	1383	1	0.2
1383	1378	1	0.2
1378	1383	2	0.2
1383	1378	2	0.2
1378	1383	3	0.2
1383	1378	3	0.2
1378	1383	4	0.2
1383	1378	4	0.2
1379	1384	0	0.2
1384	1379	0	0.2
1379	1384	1	0.2
1384	1379	1	0.2
1379	1384	2	0.2
1384	1379	2	0.2
1379	1384	3	0.2
1384	1379	3	0.2
1379	1384	4	0.2
1384	1379	4	0.2
1379	1385	0	0.2
1385	1379	0	0.2
1379	1385	1	0.2
1385	1379	1	0.2
1379	1385	2	0.2
1385	1379	2	0.2
1379	1385	3	0.2
1385	1379	3	0.2
1379	1385	4	0.2
1385	1379	4	0.2
1379	1386	0	0.2
1386	1379	0	0.2
1379	1386	1	0.2
1386	1379	1	0.2
1379	1386	2	0.2
1386	1379	2	0.2
1379	1386	3	0.2
1386	1379	3	0.2
1379	1386	4	0.2
1386	1379	4	0.2
1379	1387	0	0.2
1387	1379	0	0.2
1379	1387	1	0.2
1387	1379	1	0.2
1379	1387	2	0.2
1387	1379	2	0.2
1379	1387	3	0.2
1387	1379	3	0.2
1379	1387	4	0.2
1387	1379	4	0.2
1379	1388	0	0.2
1388	1379	0	0.2
1379	1388	1	0.2
1388	1379	1	0.2
1379	1388	2	0.2
1388	1379	2	0.2
1379	1388	3	0.2
1388	1379	3	0.2
1379	1388	4	0.2
1388	1379	4	0.2
1380	1384	0	0.2
1384	1380	0	0.2
1380	1384	1	0.2
1384	1380	1	0.2
1380	1384	2	0.2
1384	1380	2	0.2
1380	1384	3	0.2
1384	1380	3	0.2
1380	1384	4	0.2
1384	1380	4	0.2
1380	1385	0	0.2
1385	1380	0	0.2
1380	1385	1	0.2
1385	1380	1	0.2
1380	1385	2	0.2
1385	1380	2	0.2
1380	1385	3	0.2
1385	1380	3	0.2
1380	1385	4	0.2
1385	1380	4	0.2
1380	1386	0	0.2
1386	1380	0	0.2
1380	1386	1	0.2
1386	1380	1	0.2
1380	1386	2	0.2
1386	1380	2	0.2
1380	1386	3	0.2
1386	1380	3	0.2
1380	1386	4	0.2
1386	1380	4	0.2
1380	1387	0	0.2
1387	1380	0	0.2
1380	1387	1	0.2
1387	1380	1	0.2
1380	1387	2	0.2
1387	1380	2	0.2
1380	1387	3	0.2
1387	1380	3	0.2
1380	1387	4	0.2
1387	1380	4	0.2
1380	1388	0	0.2
1388	1380	0	0.2
1380	1388	1	0.2
1388	1380	1	0.2
1380	1388	2	0.2
1388	1380	2	0.2
1380	1388	3	0.2
1388	1380	3	0.2
1380	1388	4	0.2
1388	1380	4	0.2
1381	1384	0	0.2
1384	1381	0	0.2
1381	1384	1	0.2
1384	1381	1	0.2
1381	1384	2	0.2
1384	1381	2	0.2
1381	1384	3	0.2
1384	1381	3	0.2
1381	1384	4	0.2
1384	1381	4	0.2
1381	1385	0	0.2
1385	1381	0	0.2
1381	1385	1	0.2
1385	1381	1	0.2
1381	1385	2	0.2
1385	1381	2	0.2
1381	1385	3	0.2
1385	1381	3	0.2
1381	1385	4	0.2
1385	1381	4	0.2
1381	1386	0	0.2
1386	1381	0	0.2
1381	1386	1	0.2
1386	1381	1	0.2
1381	1386	2	0.2
1386	1381	2	0.2
1381	1386	3	0.2
1386	1381	3	0.2
1381	1386	4	0.2
1386	1381	4	0.2
1381	1387	0	0.2
1387	1381	0	0.2
1381	1387	1	0.2
1387	1381	1	0.2
1381	1387	2	0.2
1387	1381	2	0.2
1381	1387	3	0.2
1387	1381	3	0.2
1381	1387	4	0.2
1387	1381	4	0.2
1381	1388	0	0.2
1388	1381	0	0.2
1381	1388	1	0.2
1388	1381	1	0.2
1381	1388	2	0.2
1388	1381	2	0.2
1381	1388	3	0.2
1388	1381	3	0.2
1381	1388	4	0.2
1388	1381	4	0.2
1382	1389	0	0.2
1389	1382	0	0.2
1382	1389	1	0.2
1389	1382	1	0.2
1382	1389	2	0.2
1389	1382	2	0.2
1382	1389	3	0.2
1389	1382	3	0.2
1382	1389	4	0.2
1389	1382	4	0.2
1382	1390	0	0.2
1390	1382	0	0.2
1382	1390	1	0.2
1390	1382	1	0.2
1382	1390	2	0.2
1390	1382	2	0.2
1382	1390	3	0.2
1390	1382	3	0.2
1382	1390	4	0.2
1390	1382	4	0.2
1382	1391	0	0.2
1391	1382	0	0.2
1382	1391	1	0.2
1391	1382	1	0.2
1382	1391	2	0.2
1391	1382	2	0.2
1382	1391	3	0.2
1391	1382	3	0.2
1382	1391	4	0.2
1391	1382	4	0.2
1382	1392	0	0.2
1392	1382	0	0.2
1382	1392	1	0.2
1392	1382	1	0.2
1382	1392	2	0.2
1392	1382	2	0.2
1382	1392	3	0.2
1392	1382	3	0.2
1382	1392	4	0.2
1392	1382	4	0.2
1382	1393	0	0.2
1393	1382	0	0.2
1382	1393	1	0.2
1393	1382	1	0.2
1382	1393	2	0.2
1393	1382	2	0.2
1382	1393	3	0.2
1393	1382	3	0.2
1382	1393	4	0.2
1393	1382	4	0.2
1382	1394	0	0.2
1394	1382	0	0.2
1382	1394	1	0.2
1394	1382	1	0.2
1382	1394	2	0.2
1394	1382	2	0.2
1382	1394	3	0.2
1394	1382	3	0.2
1382	1394	4	0.2
1394	1382	4	0.2
1383	1389	0	0.2
1389	1383	0	0.2
1383	1389	1	0.2
1389	1383	1	0.2
1383	1389	2	0.2
1389	1383	2	0.2
1383	1389	3	0.2
1389	1383	3	0.2
1383	1389	4	0.2
1389	1383	4	0.2
1383	1390	0	0.2
1390	1383	0	0.2
1383	1390	1	0.2
1390	1383	1	0.2
1383	1390	2	0.2
1390	1383	2	0.2
1383	1390	3	0.2
1390	1383	3	0.2
1383	1390	4	0.2
1390	1383	4	0.2
1383	1391	0	0.2
1391	1383	0	0.2
1383	1391	1	0.2
1391	1383	1	0.2
1383	1391	2	0.2
1391	1383	2	0.2
1383	1391	3	0.2
1391	1383	3	0.2
1383	1391	4	0.2
1391	1383	4	0.2
1383	1392	0	0.2
1392	1383	0	0.2
1383	1392	1	0.2
1392	1383	1	0.2
1383	1392	2	0.2
1392	1383	2	0.2
1383	1392	3	0.2
1392	1383	3	0.2
1383	1392	4	0.2
1392	1383	4	0.2
1383	1393	0	0.2
1393	1383	0	0.2
1383	1393	1	0.2
1393	1383	1	0.2
1383	1393	2	0.2
1393	1383	2	0.2
1383	1393	3	0.2
1393	1383	3	0.2
1383	1393	4	0.2
1393	1383	4	0.2
1383	1394	0	0.2
1394	1383	0	0.2
1383	1394	1	0.2
1394	1383	1	0.2
1383	1394	2	0.2
1394	1383	2	0.2
1383	1394	3	0.2
1394	1383	3	0.2
1383	1394	4	0.2
1394	1383	4	0.2
1384	1395	0	0.2
1395	1384	0	0.2
1384	1395	1	0.2
1395	1384	1	0.2
1384	1395	2	0.2
1395	1384	2	0.2
1384	1395	3	0.2
1395	1384	3	0.2
1384	1395	4	0.2
1395	1384	4	0.2
1384	1396	0	0.2
1396	1384	0	0.2
1384	1396	1	0.2
1396	1384	1	0.2
1384	1396	2	0.2
1396	1384	2	0.2
1384	1396	3	0.2
1396	1384	3	0.2
1384	1396	4	0.2
1396	1384	4	0.2
1385	1395	0	0.2
1395	1385	0	0.2
1385	1395	1	0.2
1395	1385	1	0.2
1385	1395	2	0.2
1395	1385	2	0.2
1385	1395	3	0.2
1395	1385	3	0.2
1385	1395	4	0.2
1395	1385	4	0.2
1385	1396	0	0.2
1396	1385	0	0.2
1385	1396	1	0.2
1396	1385	1	0.2
1385	1396	2	0.2
1396	1385	2	0.2
1385	1396	3	0.2
1396	1385	3	0.2
1385	1396	4	0.2
1396	1385	4	0.2
1386	1395	0	0.2
1395	1386	0	0.2
1386	1395	1	0.2
1395	1386	1	0.2
1386	1395	2	0.2
1395	1386	2	0.2
1386	1395	3	0.2
1395	1386	3	0.2
1386	1395	4	0.2
1395	1386	4	0.2
1386	1396	0	0.2
1396	1386	0	0.2
1386	1396	1	0.2
1396	1386	1	0.2
1386	1396	2	0.2
1396	1386	2	0.2
1386	1396	3	0.2
1396	1386	3	0.2
1386	1396	4	0.2
1396	1386	4	0.2
1387	1395	0	0.2
1395	1387	0	0.2
1387	1395	1	0.2
1395	1387	1	0.2
1387	1395	2	0.2
1395	1387	2	0.2
1387	1395	3	0.2
1395	1387	3	0.2
1387	1395	4	0.2
1395	1387	4	0.2
1387	1396	0	0.2
1396	1387	0	0.2
1387	1396	1	0.2
1396	1387	1	0.2
1387	1396	2	0.2
1396	1387	2	0.2
1387	1396	3	0.2
1396	1387	3	0.2
1387	1396	4	0.2
1396	1387	4	0.2
1388	1395	0	0.2
1395	1388	0	0.2
1388	1395	1	0.2
1395	1388	1	0.2
1388	1395	2	0.2
1395	1388	2	0.2
1388	1395	3	0.2
1395	1388	3	0.2
1388	1395	4	0.2
1395	1388	4	0.2
1388	1396	0	0.2
1396	1388	0	0.2
1388	1396	1	0.2
1396	1388	1	0.2
1388	1396	2	0.2
1396	1388	2	0.2
1388	1396	3	0.2
1396	1388	3	0.2
1388	1396	4	0.2
1396	1388	4	0.2
1389	1397	0	0.2
1397	1389	0	0.2
1389	1397	1	0.2
1397	1389	1	0.2
1389	1397	2	0.2
1397	1389	2	0.2
1389	1397	3	0.2
1397	1389	3	0.2
1389	1397	4	0.2
1397	1389	4	0.2
1389	1398	0	0.2
1398	1389	0	0.2
1389	1398	1	0.2
1398	1389	1	0.2
1389	1398	2	0.2
1398	1389	2	0.2
1389	1398	3	0.2
1398	1389	3	0.2
1389	1398	4	0.2
1398	1389	4	0.2
1389	1399	0	0.2
1399	1389	0	0.2
1389	1399	1	0.2
1399	1389	1	0.2
1389	1399	2	0.2
1399	1389	2	0.2
1389	1399	3	0.2
1399	1389	3	0.2
1389	1399	4	0.2
1399	1389	4	0.2
1389	1400	0	0.2
1400	1389	0	0.2
1389	1400	1	0.2
1400	1389	1	0.2
1389	1400	2	0.2
1400	1389	2	0.2
1389	1400	3	0.2
1400	1389	3	0.2
1389	1400	4	0.2
1400	1389	4	0.2
1389	1401	0	0.2
1401	1389	0	0.2
1389	1401	1	0.2
1401	1389	1	0.2
1389	1401	2	0.2
1401	1389	2	0.2
1389	1401	3	0.2
1401	1389	3	0.2
1389	1401	4	0.2
1401	1389	4	0.2
1389	1402	0	0.2
1402	1389	0	0.2
1389	1402	1	0.2
1402	1389	1	0.2
1389	1402	2	0.2
1402	1389	2	0.2
1389	1402	3	0.2
1402	1389	3	0.2
1389	1402	4	0.2
1402	1389	4	0.2
1390	1397	0	0.2
1397	1390	0	0.2
1390	1397	1	0.2
1397	1390	1	0.2
1390	1397	2	0.2
1397	1390	2	0.2
1390	1397	3	0.2
1397	1390	3	0.2
1390	1397	4	0.2
1397	1390	4	0.2
1390	1398	0	0.2
1398	1390	0	0.2
1390	1398	1	0.2
1398	1390	1	0.2
1390	1398	2	0.2
1398	1390	2	0.2
1390	1398	3	0.2
1398	1390	3	0.2
1390	1398	4	0.2
1398	1390	4	0.2
1390	1399	0	0.2
1399	1390	0	0.2
1390	1399	1	0.2
1399	1390	1	0.2
1390	1399	2	0.2
1399	1390	2	0.2
1390	1399	3	0.2
1399	1390	3	0.2
1390	1399	4	0.2
1399	1390	4	0.2
1390	1400	0	0.2
1400	1390	0	0.2
1390	1400	1	0.2
1400	1390	1	0.2
1390	1400	2	0.2
1400	1390	2	0.2
1390	1400	3	0.2
1400	1390	3	0.2
1390	1400	4	0.2
1400	1390	4	0.2
1390	1401	0	0.2
1401	1390	0	0.2
1390	1401	1	0.2
1401	1390	1	0.2
1390	1401	2	0.2
1401	1390	2	0.2
1390	1401	3	0.2
1401	1390	3	0.2
1390	1401	4	0.2
1401	1390	4	0.2
1390	1402	0	0.2
1402	1390	0	0.2
1390	1402	1	0.2
1402	1390	1	0.2
1390	1402	2	0.2
1402	1390	2	0.2
1390	1402	3	0.2
1402	1390	3	0.2
1390	1402	4	0.2
1402	1390	4	0.2
1391	1397	0	0.2
1397	1391	0	0.2
1391	1397	1	0.2
1397	1391	1	0.2
1391	1397	2	0.2
1397	1391	2	0.2
1391	1397	3	0.2
1397	1391	3	0.2
1391	1397	4	0.2
1397	1391	4	0.2
1391	1398	0	0.2
1398	1391	0	0.2
1391	1398	1	0.2
1398	1391	1	0.2
1391	1398	2	0.2
1398	1391	2	0.2
1391	1398	3	0.2
1398	1391	3	0.2
1391	1398	4	0.2
1398	1391	4	0.2
1391	1399	0	0.2
1399	1391	0	0.2
1391	1399	1	0.2
1399	1391	1	0.2
1391	1399	2	0.2
1399	1391	2	0.2
1391	1399	3	0.2
1399	1391	3	0.2
1391	1399	4	0.2
1399	1391	4	0.2
1391	1400	0	0.2
1400	1391	0	0.2
1391	1400	1	0.2
1400	1391	1	0.2
1391	1400	2	0.2
1400	1391	2	0.2
1391	1400	3	0.2
1400	1391	3	0.2
1391	1400	4	0.2
1400	1391	4	0.2
1391	1401	0	0.2
1401	1391	0	0.2
1391	1401	1	0.2
1401	1391	1	0.2
1391	1401	2	0.2
1401	1391	2	0.2
1391	1401	3	0.2
1401	1391	3	0.2
1391	1401	4	0.2
1401	1391	4	0.2
1391	1402	0	0.2
1402	1391	0	0.2
1391	1402	1	0.2
1402	1391	1	0.2
1391	1402	2	0.2
1402	1391	2	0.2
1391	1402	3	0.2
1402	1391	3	0.2
1391	1402	4	0.2
1402	1391	4	0.2
1392	1397	0	0.2
1397	1392	0	0.2
1392	1397	1	0.2
1397	1392	1	0.2
1392	1397	2	0.2
1397	1392	2	0.2
1392	1397	3	0.2
1397	1392	3	0.2
1392	1397	4	0.2
1397	1392	4	0.2
1392	1398	0	0.2
1398	1392	0	0.2
1392	1398	1	0.2
1398	1392	1	0.2
1392	1398	2	0.2
1398	1392	2	0.2
1392	1398	3	0.2
1398	1392	3	0.2
1392	1398	4	0.2
1398	1392	4	0.2
1392	1399	0	0.2
1399	1392	0	0.2
1392	1399	1	0.2
1399	1392	1	0.2
1392	1399	2	0.2
1399	1392	2	0.2
1392	1399	3	0.2
1399	1392	3	0.2
1392	1399	4	0.2
1399	1392	4	0.2
1392	1400	0	0.2
1400	1392	0	0.2
1392	1400	1	0.2
1400	1392	1	0.2
1392	1400	2	0.2
1400	1392	2	0.2
1392	1400	3	0.2
1400	1392	3	0.2
1392	1400	4	0.2
1400	1392	4	0.2
1392	1401	0	0.2
1401	1392	0	0.2
1392	1401	1	0.2
1401	1392	1	0.2
1392	1401	2	0.2
1401	1392	2	0.2
1392	1401	3	0.2
1401	1392	3	0.2
1392	1401	4	0.2
1401	1392	4	0.2
1392	1402	0	0.2
1402	1392	0	0.2
1392	1402	1	0.2
1402	1392	1	0.2
1392	1402	2	0.2
1402	1392	2	0.2
1392	1402	3	0.2
1402	1392	3	0.2
1392	1402	4	0.2
1402	1392	4	0.2
1393	1397	0	0.2
1397	1393	0	0.2
1393	1397	1	0.2
1397	1393	1	0.2
1393	1397	2	0.2
1397	1393	2	0.2
1393	1397	3	0.2
1397	1393	3	0.2
1393	1397	4	0.2
1397	1393	4	0.2
1393	1398	0	0.2
1398	1393	0	0.2
1393	1398	1	0.2
1398	1393	1	0.2
1393	1398	2	0.2
1398	1393	2	0.2
1393	1398	3	0.2
1398	1393	3	0.2
1393	1398	4	0.2
1398	1393	4	0.2
1393	1399	0	0.2
1399	1393	0	0.2
1393	1399	1	0.2
1399	1393	1	0.2
1393	1399	2	0.2
1399	1393	2	0.2
1393	1399	3	0.2
1399	1393	3	0.2
1393	1399	4	0.2
1399	1393	4	0.2
1393	1400	0	0.2
1400	1393	0	0.2
1393	1400	1	0.2
1400	1393	1	0.2
1393	1400	2	0.2
1400	1393	2	0.2
1393	1400	3	0.2
1400	1393	3	0.2
1393	1400	4	0.2
1400	1393	4	0.2
1393	1401	0	0.2
1401	1393	0	0.2
1393	1401	1	0.2
1401	1393	1	0.2
1393	1401	2	0.2
1401	1393	2	0.2
1393	1401	3	0.2
1401	1393	3	0.2
1393	1401	4	0.2
1401	1393	4	0.2
1393	1402	0	0.2
1402	1393	0	0.2
1393	1402	1	0.2
1402	1393	1	0.2
1393	1402	2	0.2
1402	1393	2	0.2
1393	1402	3	0.2
1402	1393	3	0.2
1393	1402	4	0.2
1402	1393	4	0.2
1394	1397	0	0.2
1397	1394	0	0.2
1394	1397	1	0.2
1397	1394	1	0.2
1394	1397	2	0.2
1397	1394	2	0.2
1394	1397	3	0.2
1397	1394	3	0.2
1394	1397	4	0.2
1397	1394	4	0.2
1394	1398	0	0.2
1398	1394	0	0.2
1394	1398	1	0.2
1398	1394	1	0.2
1394	1398	2	0.2
1398	1394	2	0.2
1394	1398	3	0.2
1398	1394	3	0.2
1394	1398	4	0.2
1398	1394	4	0.2
1394	1399	0	0.2
1399	1394	0	0.2
1394	1399	1	0.2
1399	1394	1	0.2
1394	1399	2	0.2
1399	1394	2	0.2
1394	1399	3	0.2
1399	1394	3	0.2
1394	1399	4	0.2
1399	1394	4	0.2
1394	1400	0	0.2
1400	1394	0	0.2
1394	1400	1	0.2
1400	1394	1	0.2
1394	1400	2	0.2
1400	1394	2	0.2
1394	1400	3	0.2
1400	1394	3	0.2
1394	1400	4	0.2
1400	1394	4	0.2
1394	1401	0	0.2
1401	1394	0	0.2
1394	1401	1	0.2
1401	1394	1	0.2
1394	1401	2	0.2
1401	1394	2	0.2
1394	1401	3	0.2
1401	1394	3	0.2
1394	1401	4	0.2
1401	1394	4	0.2
1394	1402	0	0.2
1402	1394	0	0.2
1394	1402	1	0.2
1402	1394	1	0.2
1394	1402	2	0.2
1402	1394	2	0.2
1394	1402	3	0.2
1402	1394	3	0.2
1394	1402	4	0.2
1402	1394	4	0.2
1403	1415	0	0.2
1415	1403	0	0.2
1403	1415	1	0.2
1415	1403	1	0.2
1403	1415	2	0.2
1415	1403	2	0.2
1403	1415	3	0.2
1415	1403	3	0.2
1403	1415	4	0.2
1415	1403	4	0.2
1404	1415	0	0.2
1415	1404	0	0.2
1404	1415	1	0.2
1415	1404	1	0.2
1404	1415	2	0.2
1415	1404	2	0.2
1404	1415	3	0.2
1415	1404	3	0.2
1404	1415	4	0.2
1415	1404	4	0.2
1405	1415	0	0.2
1415	1405	0	0.2
1405	1415	1	0.2
1415	1405	1	0.2
1405	1415	2	0.2
1415	1405	2	0.2
1405	1415	3	0.2
1415	1405	3	0.2
1405	1415	4	0.2
1415	1405	4	0.2
1406	1415	0	0.2
1415	1406	0	0.2
1406	1415	1	0.2
1415	1406	1	0.2
1406	1415	2	0.2
1415	1406	2	0.2
1406	1415	3	0.2
1415	1406	3	0.2
1406	1415	4	0.2
1415	1406	4	0.2
1407	1415	0	0.2
1415	1407	0	0.2
1407	1415	1	0.2
1415	1407	1	0.2
1407	1415	2	0.2
1415	1407	2	0.2
1407	1415	3	0.2
1415	1407	3	0.2
1407	1415	4	0.2
1415	1407	4	0.2
1408	1415	0	0.2
1415	1408	0	0.2
1408	1415	1	0.2
1415	1408	1	0.2
1408	1415	2	0.2
1415	1408	2	0.2
1408	1415	3	0.2
1415	1408	3	0.2
1408	1415	4	0.2
1415	1408	4	0.2
1409	1415	0	0.2
1415	1409	0	0.2
1409	1415	1	0.2
1415	1409	1	0.2
1409	1415	2	0.2
1415	1409	2	0.2
1409	1415	3	0.2
1415	1409	3	0.2
1409	1415	4	0.2
1415	1409	4	0.2
1410	1416	0	0.2
1416	1410	0	0.2
1410	1416	1	0.2
1416	1410	1	0.2
1410	1416	2	0.2
1416	1410	2	0.2
1410	1416	3	0.2
1416	1410	3	0.2
1410	1416	4	0.2
1416	1410	4	0.2
1410	1417	0	0.2
1417	1410	0	0.2
1410	1417	1	0.2
1417	1410	1	0.2
1410	1417	2	0.2
1417	1410	2	0.2
1410	1417	3	0.2
1417	1410	3	0.2
1410	1417	4	0.2
1417	1410	4	0.2
1410	1418	0	0.2
1418	1410	0	0.2
1410	1418	1	0.2
1418	1410	1	0.2
1410	1418	2	0.2
1418	1410	2	0.2
1410	1418	3	0.2
1418	1410	3	0.2
1410	1418	4	0.2
1418	1410	4	0.2
1410	1419	0	0.2
1419	1410	0	0.2
1410	1419	1	0.2
1419	1410	1	0.2
1410	1419	2	0.2
1419	1410	2	0.2
1410	1419	3	0.2
1419	1410	3	0.2
1410	1419	4	0.2
1419	1410	4	0.2
1411	1416	0	0.2
1416	1411	0	0.2
1411	1416	1	0.2
1416	1411	1	0.2
1411	1416	2	0.2
1416	1411	2	0.2
1411	1416	3	0.2
1416	1411	3	0.2
1411	1416	4	0.2
1416	1411	4	0.2
1411	1417	0	0.2
1417	1411	0	0.2
1411	1417	1	0.2
1417	1411	1	0.2
1411	1417	2	0.2
1417	1411	2	0.2
1411	1417	3	0.2
1417	1411	3	0.2
1411	1417	4	0.2
1417	1411	4	0.2
1411	1418	0	0.2
1418	1411	0	0.2
1411	1418	1	0.2
1418	1411	1	0.2
1411	1418	2	0.2
1418	1411	2	0.2
1411	1418	3	0.2
1418	1411	3	0.2
1411	1418	4	0.2
1418	1411	4	0.2
1411	1419	0	0.2
1419	1411	0	0.2
1411	1419	1	0.2
1419	1411	1	0.2
1411	1419	2	0.2
1419	1411	2	0.2
1411	1419	3	0.2
1419	1411	3	0.2
1411	1419	4	0.2
1419	1411	4	0.2
1412	1416	0	0.2
1416	1412	0	0.2
1412	1416	1	0.2
1416	1412	1	0.2
1412	1416	2	0.2
1416	1412	2	0.2
1412	1416	3	0.2
1416	1412	3	0.2
1412	1416	4	0.2
1416	1412	4	0.2
1412	1417	0	0.2
1417	1412	0	0.2
1412	1417	1	0.2
1417	1412	1	0.2
1412	1417	2	0.2
1417	1412	2	0.2
1412	1417	3	0.2
1417	1412	3	0.2
1412	1417	4	0.2
1417	1412	4	0.2
1412	1418	0	0.2
1418	1412	0	0.2
1412	1418	1	0.2
1418	1412	1	0.2
1412	1418	2	0.2
1418	1412	2	0.2
1412	1418	3	0.2
1418	1412	3	0.2
1412	1418	4	0.2
1418	1412	4	0.2
1412	1419	0	0.2
1419	1412	0	0.2
1412	1419	1	0.2
1419	1412	1	0.2
1412	1419	2	0.2
1419	1412	2	0.2
1412	1419	3	0.2
1419	1412	3	0.2
1412	1419	4	0.2
1419	1412	4	0.2
1413	1416	0	0.2
1416	1413	0	0.2
1413	1416	1	0.2
1416	1413	1	0.2
1413	1416	2	0.2
1416	1413	2	0.2
1413	1416	3	0.2
1416	1413	3	0.2
1413	1416	4	0.2
1416	1413	4	0.2
1413	1417	0	0.2
1417	1413	0	0.2
1413	1417	1	0.2
1417	1413	1	0.2
1413	1417	2	0.2
1417	1413	2	0.2
1413	1417	3	0.2
1417	1413	3	0.2
1413	1417	4	0.2
1417	1413	4	0.2
1413	1418	0	0.2
1418	1413	0	0.2
1413	1418	1	0.2
1418	1413	1	0.2
1413	1418	2	0.2
1418	1413	2	0.2
1413	1418	3	0.2
1418	1413	3	0.2
1413	1418	4	0.2
1418	1413	4	0.2
1413	1419	0	0.2
1419	1413	0	0.2
1413	1419	1	0.2
1419	1413	1	0.2
1413	1419	2	0.2
1419	1413	2	0.2
1413	1419	3	0.2
1419	1413	3	0.2
1413	1419	4	0.2
1419	1413	4	0.2
1414	1416	0	0.2
1416	1414	0	0.2
1414	1416	1	0.2
1416	1414	1	0.2
1414	1416	2	0.2
1416	1414	2	0.2
1414	1416	3	0.2
1416	1414	3	0.2
1414	1416	4	0.2
1416	1414	4	0.2
1414	1417	0	0.2
1417	1414	0	0.2
1414	1417	1	0.2
1417	1414	1	0.2
1414	1417	2	0.2
1417	1414	2	0.2
1414	1417	3	0.2
1417	1414	3	0.2
1414	1417	4	0.2
1417	1414	4	0.2
1414	1418	0	0.2
1418	1414	0	0.2
1414	1418	1	0.2
1418	1414	1	0.2
1414	1418	2	0.2
1418	1414	2	0.2
1414	1418	3	0.2
1418	1414	3	0.2
1414	1418	4	0.2
1418	1414	4	0.2
1414	1419	0	0.2
1419	1414	0	0.2
1414	1419	1	0.2
1419	1414	1	0.2
1414	1419	2	0.2
1419	1414	2	0.2
1414	1419	3	0.2
1419	1414	3	0.2
1414	1419	4	0.2
1419	1414	4	0.2
1415	1420	0	0.2
1420	1415	0	0.2
1415	1420	1	0.2
1420	1415	1	0.2
1415	1420	2	0.2
1420	1415	2	0.2
1415	1420	3	0.2
1420	1415	3	0.2
1415	1420	4	0.2
1420	1415	4	0.2
1415	1421	0	0.2
1421	1415	0	0.2
1415	1421	1	0.2
1421	1415	1	0.2
1415	1421	2	0.2
1421	1415	2	0.2
1415	1421	3	0.2
1421	1415	3	0.2
1415	1421	4	0.2
1421	1415	4	0.2
1415	1422	0	0.2
1422	1415	0	0.2
1415	1422	1	0.2
1422	1415	1	0.2
1415	1422	2	0.2
1422	1415	2	0.2
1415	1422	3	0.2
1422	1415	3	0.2
1415	1422	4	0.2
1422	1415	4	0.2
1416	1423	0	0.2
1423	1416	0	0.2
1416	1423	1	0.2
1423	1416	1	0.2
1416	1423	2	0.2
1423	1416	2	0.2
1416	1423	3	0.2
1423	1416	3	0.2
1416	1423	4	0.2
1423	1416	4	0.2
1416	1424	0	0.2
1424	1416	0	0.2
1416	1424	1	0.2
1424	1416	1	0.2
1416	1424	2	0.2
1424	1416	2	0.2
1416	1424	3	0.2
1424	1416	3	0.2
1416	1424	4	0.2
1424	1416	4	0.2
1416	1425	0	0.2
1425	1416	0	0.2
1416	1425	1	0.2
1425	1416	1	0.2
1416	1425	2	0.2
1425	1416	2	0.2
1416	1425	3	0.2
1425	1416	3	0.2
1416	1425	4	0.2
1425	1416	4	0.2
1417	1423	0	0.2
1423	1417	0	0.2
1417	1423	1	0.2
1423	1417	1	0.2
1417	1423	2	0.2
1423	1417	2	0.2
1417	1423	3	0.2
1423	1417	3	0.2
1417	1423	4	0.2
1423	1417	4	0.2
1417	1424	0	0.2
1424	1417	0	0.2
1417	1424	1	0.2
1424	1417	1	0.2
1417	1424	2	0.2
1424	1417	2	0.2
1417	1424	3	0.2
1424	1417	3	0.2
1417	1424	4	0.2
1424	1417	4	0.2
1417	1425	0	0.2
1425	1417	0	0.2
1417	1425	1	0.2
1425	1417	1	0.2
1417	1425	2	0.2
1425	1417	2	0.2
1417	1425	3	0.2
1425	1417	3	0.2
1417	1425	4	0.2
1425	1417	4	0.2
1418	1423	0	0.2
1423	1418	0	0.2
1418	1423	1	0.2
1423	1418	1	0.2
1418	1423	2	0.2
1423	1418	2	0.2
1418	1423	3	0.2
1423	1418	3	0.2
1418	1423	4	0.2
1423	1418	4	0.2
1418	1424	0	0.2
1424	1418	0	0.2
1418	1424	1	0.2
1424	1418	1	0.2
1418	1424	2	0.2
1424	1418	2	0.2
1418	1424	3	0.2
1424	1418	3	0.2
1418	1424	4	0.2
1424	1418	4	0.2
1418	1425	0	0.2
1425	1418	0	0.2
1418	1425	1	0.2
1425	1418	1	0.2
1418	1425	2	0.2
1425	1418	2	0.2
1418	1425	3	0.2
1425	1418	3	0.2
1418	1425	4	0.2
1425	1418	4	0.2
1419	1423	0	0.2
1423	1419	0	0.2
1419	1423	1	0.2
1423	1419	1	0.2
1419	1423	2	0.2
1423	1419	2	0.2
1419	1423	3	0.2
1423	1419	3	0.2
1419	1423	4	0.2
1423	1419	4	0.2
1419	1424	0	0.2
1424	1419	0	0.2
1419	1424	1	0.2
1424	1419	1	0.2
1419	1424	2	0.2
1424	1419	2	0.2
1419	1424	3	0.2
1424	1419	3	0.2
1419	1424	4	0.2
1424	1419	4	0.2
1419	1425	0	0.2
1425	1419	0	0.2
1419	1425	1	0.2
1425	1419	1	0.2
1419	1425	2	0.2
1425	1419	2	0.2
1419	1425	3	0.2
1425	1419	3	0.2
1419	1425	4	0.2
1425	1419	4	0.2
1420	1426	0	0.2
1426	1420	0	0.2
1420	1426	1	0.2
1426	1420	1	0.2
1420	1426	2	0.2
1426	1420	2	0.2
1420	1426	3	0.2
1426	1420	3	0.2
1420	1426	4	0.2
1426	1420	4	0.2
1420	1427	0	0.2
1427	1420	0	0.2
1420	1427	1	0.2
1427	1420	1	0.2
1420	1427	2	0.2
1427	1420	2	0.2
1420	1427	3	0.2
1427	1420	3	0.2
1420	1427	4	0.2
1427	1420	4	0.2
1420	1428	0	0.2
1428	1420	0	0.2
1420	1428	1	0.2
1428	1420	1	0.2
1420	1428	2	0.2
1428	1420	2	0.2
1420	1428	3	0.2
1428	1420	3	0.2
1420	1428	4	0.2
1428	1420	4	0.2
1420	1429	0	0.2
1429	1420	0	0.2
1420	1429	1	0.2
1429	1420	1	0.2
1420	1429	2	0.2
1429	1420	2	0.2
1420	1429	3	0.2
1429	1420	3	0.2
1420	1429	4	0.2
1429	1420	4	0.2
1420	1430	0	0.2
1430	1420	0	0.2
1420	1430	1	0.2
1430	1420	1	0.2
1420	1430	2	0.2
1430	1420	2	0.2
1420	1430	3	0.2
1430	1420	3	0.2
1420	1430	4	0.2
1430	1420	4	0.2
1420	1431	0	0.2
1431	1420	0	0.2
1420	1431	1	0.2
1431	1420	1	0.2
1420	1431	2	0.2
1431	1420	2	0.2
1420	1431	3	0.2
1431	1420	3	0.2
1420	1431	4	0.2
1431	1420	4	0.2
1420	1432	0	0.2
1432	1420	0	0.2
1420	1432	1	0.2
1432	1420	1	0.2
1420	1432	2	0.2
1432	1420	2	0.2
1420	1432	3	0.2
1432	1420	3	0.2
1420	1432	4	0.2
1432	1420	4	0.2
1420	1433	0	0.2
1433	1420	0	0.2
1420	1433	1	0.2
1433	1420	1	0.2
1420	1433	2	0.2
1433	1420	2	0.2
1420	1433	3	0.2
1433	1420	3	0.2
1420	1433	4	0.2
1433	1420	4	0.2
1421	1426	0	0.2
1426	1421	0	0.2
1421	1426	1	0.2
1426	1421	1	0.2
1421	1426	2	0.2
1426	1421	2	0.2
1421	1426	3	0.2
1426	1421	3	0.2
1421	1426	4	0.2
1426	1421	4	0.2
1421	1427	0	0.2
1427	1421	0	0.2
1421	1427	1	0.2
1427	1421	1	0.2
1421	1427	2	0.2
1427	1421	2	0.2
1421	1427	3	0.2
1427	1421	3	0.2
1421	1427	4	0.2
1427	1421	4	0.2
1421	1428	0	0.2
1428	1421	0	0.2
1421	1428	1	0.2
1428	1421	1	0.2
1421	1428	2	0.2
1428	1421	2	0.2
1421	1428	3	0.2
1428	1421	3	0.2
1421	1428	4	0.2
1428	1421	4	0.2
1421	1429	0	0.2
1429	1421	0	0.2
1421	1429	1	0.2
1429	1421	1	0.2
1421	1429	2	0.2
1429	1421	2	0.2
1421	1429	3	0.2
1429	1421	3	0.2
1421	1429	4	0.2
1429	1421	4	0.2
1421	1430	0	0.2
1430	1421	0	0.2
1421	1430	1	0.2
1430	1421	1	0.2
1421	1430	2	0.2
1430	1421	2	0.2
1421	1430	3	0.2
1430	1421	3	0.2
1421	1430	4	0.2
1430	1421	4	0.2
1421	1431	0	0.2
1431	1421	0	0.2
1421	1431	1	0.2
1431	1421	1	0.2
1421	1431	2	0.2
1431	1421	2	0.2
1421	1431	3	0.2
1431	1421	3	0.2
1421	1431	4	0.2
1431	1421	4	0.2
1421	1432	0	0.2
1432	1421	0	0.2
1421	1432	1	0.2
1432	1421	1	0.2
1421	1432	2	0.2
1432	1421	2	0.2
1421	1432	3	0.2
1432	1421	3	0.2
1421	1432	4	0.2
1432	1421	4	0.2
1421	1433	0	0.2
1433	1421	0	0.2
1421	1433	1	0.2
1433	1421	1	0.2
1421	1433	2	0.2
1433	1421	2	0.2
1421	1433	3	0.2
1433	1421	3	0.2
1421	1433	4	0.2
1433	1421	4	0.2
1422	1426	0	0.2
1426	1422	0	0.2
1422	1426	1	0.2
1426	1422	1	0.2
1422	1426	2	0.2
1426	1422	2	0.2
1422	1426	3	0.2
1426	1422	3	0.2
1422	1426	4	0.2
1426	1422	4	0.2
1422	1427	0	0.2
1427	1422	0	0.2
1422	1427	1	0.2
1427	1422	1	0.2
1422	1427	2	0.2
1427	1422	2	0.2
1422	1427	3	0.2
1427	1422	3	0.2
1422	1427	4	0.2
1427	1422	4	0.2
1422	1428	0	0.2
1428	1422	0	0.2
1422	1428	1	0.2
1428	1422	1	0.2
1422	1428	2	0.2
1428	1422	2	0.2
1422	1428	3	0.2
1428	1422	3	0.2
1422	1428	4	0.2
1428	1422	4	0.2
1422	1429	0	0.2
1429	1422	0	0.2
1422	1429	1	0.2
1429	1422	1	0.2
1422	1429	2	0.2
1429	1422	2	0.2
1422	1429	3	0.2
1429	1422	3	0.2
1422	1429	4	0.2
1429	1422	4	0.2
1422	1430	0	0.2
1430	1422	0	0.2
1422	1430	1	0.2
1430	1422	1	0.2
1422	1430	2	0.2
1430	1422	2	0.2
1422	1430	3	0.2
1430	1422	3	0.2
1422	1430	4	0.2
1430	1422	4	0.2
1422	1431	0	0.2
1431	1422	0	0.2
1422	1431	1	0.2
1431	1422	1	0.2
1422	1431	2	0.2
1431	1422	2	0.2
1422	1431	3	0.2
1431	1422	3	0.2
1422	1431	4	0.2
1431	1422	4	0.2
1422	1432	0	0.2
1432	1422	0	0.2
1422	1432	1	0.2
1432	1422	1	0.2
1422	1432	2	0.2
1432	1422	2	0.2
1422	1432	3	0.2
1432	1422	3	0.2
1422	1432	4	0.2
1432	1422	4	0.2
1422	1433	0	0.2
1433	1422	0	0.2
1422	1433	1	0.2
1433	1422	1	0.2
1422	1433	2	0.2
1433	1422	2	0.2
1422	1433	3	0.2
1433	1422	3	0.2
1422	1433	4	0.2
1433	1422	4	0.2
1423	1434	0	0.2
1434	1423	0	0.2
1423	1434	1	0.2
1434	1423	1	0.2
1423	1434	2	0.2
1434	1423	2	0.2
1423	1434	3	0.2
1434	1423	3	0.2
1423	1434	4	0.2
1434	1423	4	0.2
1423	1435	0	0.2
1435	1423	0	0.2
1423	1435	1	0.2
1435	1423	1	0.2
1423	1435	2	0.2
1435	1423	2	0.2
1423	1435	3	0.2
1435	1423	3	0.2
1423	1435	4	0.2
1435	1423	4	0.2
1423	1436	0	0.2
1436	1423	0	0.2
1423	1436	1	0.2
1436	1423	1	0.2
1423	1436	2	0.2
1436	1423	2	0.2
1423	1436	3	0.2
1436	1423	3	0.2
1423	1436	4	0.2
1436	1423	4	0.2
1423	1437	0	0.2
1437	1423	0	0.2
1423	1437	1	0.2
1437	1423	1	0.2
1423	1437	2	0.2
1437	1423	2	0.2
1423	1437	3	0.2
1437	1423	3	0.2
1423	1437	4	0.2
1437	1423	4	0.2
1423	1438	0	0.2
1438	1423	0	0.2
1423	1438	1	0.2
1438	1423	1	0.2
1423	1438	2	0.2
1438	1423	2	0.2
1423	1438	3	0.2
1438	1423	3	0.2
1423	1438	4	0.2
1438	1423	4	0.2
1424	1434	0	0.2
1434	1424	0	0.2
1424	1434	1	0.2
1434	1424	1	0.2
1424	1434	2	0.2
1434	1424	2	0.2
1424	1434	3	0.2
1434	1424	3	0.2
1424	1434	4	0.2
1434	1424	4	0.2
1424	1435	0	0.2
1435	1424	0	0.2
1424	1435	1	0.2
1435	1424	1	0.2
1424	1435	2	0.2
1435	1424	2	0.2
1424	1435	3	0.2
1435	1424	3	0.2
1424	1435	4	0.2
1435	1424	4	0.2
1424	1436	0	0.2
1436	1424	0	0.2
1424	1436	1	0.2
1436	1424	1	0.2
1424	1436	2	0.2
1436	1424	2	0.2
1424	1436	3	0.2
1436	1424	3	0.2
1424	1436	4	0.2
1436	1424	4	0.2
1424	1437	0	0.2
1437	1424	0	0.2
1424	1437	1	0.2
1437	1424	1	0.2
1424	1437	2	0.2
1437	1424	2	0.2
1424	1437	3	0.2
1437	1424	3	0.2
1424	1437	4	0.2
1437	1424	4	0.2
1424	1438	0	0.2
1438	1424	0	0.2
1424	1438	1	0.2
1438	1424	1	0.2
1424	1438	2	0.2
1438	1424	2	0.2
1424	1438	3	0.2
1438	1424	3	0.2
1424	1438	4	0.2
1438	1424	4	0.2
1425	1434	0	0.2
1434	1425	0	0.2
1425	1434	1	0.2
1434	1425	1	0.2
1425	1434	2	0.2
1434	1425	2	0.2
1425	1434	3	0.2
1434	1425	3	0.2
1425	1434	4	0.2
1434	1425	4	0.2
1425	1435	0	0.2
1435	1425	0	0.2
1425	1435	1	0.2
1435	1425	1	0.2
1425	1435	2	0.2
1435	1425	2	0.2
1425	1435	3	0.2
1435	1425	3	0.2
1425	1435	4	0.2
1435	1425	4	0.2
1425	1436	0	0.2
1436	1425	0	0.2
1425	1436	1	0.2
1436	1425	1	0.2
1425	1436	2	0.2
1436	1425	2	0.2
1425	1436	3	0.2
1436	1425	3	0.2
1425	1436	4	0.2
1436	1425	4	0.2
1425	1437	0	0.2
1437	1425	0	0.2
1425	1437	1	0.2
1437	1425	1	0.2
1425	1437	2	0.2
1437	1425	2	0.2
1425	1437	3	0.2
1437	1425	3	0.2
1425	1437	4	0.2
1437	1425	4	0.2
1425	1438	0	0.2
1438	1425	0	0.2
1425	1438	1	0.2
1438	1425	1	0.2
1425	1438	2	0.2
1438	1425	2	0.2
1425	1438	3	0.2
1438	1425	3	0.2
1425	1438	4	0.2
1438	1425	4	0.2
1426	1440	0	0.2
1440	1426	0	0.2
1426	1440	1	0.2
1440	1426	1	0.2
1426	1440	2	0.2
1440	1426	2	0.2
1426	1440	3	0.2
1440	1426	3	0.2
1426	1440	4	0.2
1440	1426	4	0.2
1426	1439	0	0.2
1439	1426	0	0.2
1426	1439	1	0.2
1439	1426	1	0.2
1426	1439	2	0.2
1439	1426	2	0.2
1426	1439	3	0.2
1439	1426	3	0.2
1426	1439	4	0.2
1439	1426	4	0.2
1427	1440	0	0.2
1440	1427	0	0.2
1427	1440	1	0.2
1440	1427	1	0.2
1427	1440	2	0.2
1440	1427	2	0.2
1427	1440	3	0.2
1440	1427	3	0.2
1427	1440	4	0.2
1440	1427	4	0.2
1427	1439	0	0.2
1439	1427	0	0.2
1427	1439	1	0.2
1439	1427	1	0.2
1427	1439	2	0.2
1439	1427	2	0.2
1427	1439	3	0.2
1439	1427	3	0.2
1427	1439	4	0.2
1439	1427	4	0.2
1428	1440	0	0.2
1440	1428	0	0.2
1428	1440	1	0.2
1440	1428	1	0.2
1428	1440	2	0.2
1440	1428	2	0.2
1428	1440	3	0.2
1440	1428	3	0.2
1428	1440	4	0.2
1440	1428	4	0.2
1428	1439	0	0.2
1439	1428	0	0.2
1428	1439	1	0.2
1439	1428	1	0.2
1428	1439	2	0.2
1439	1428	2	0.2
1428	1439	3	0.2
1439	1428	3	0.2
1428	1439	4	0.2
1439	1428	4	0.2
1429	1440	0	0.2
1440	1429	0	0.2
1429	1440	1	0.2
1440	1429	1	0.2
1429	1440	2	0.2
1440	1429	2	0.2
1429	1440	3	0.2
1440	1429	3	0.2
1429	1440	4	0.2
1440	1429	4	0.2
1429	1439	0	0.2
1439	1429	0	0.2
1429	1439	1	0.2
1439	1429	1	0.2
1429	1439	2	0.2
1439	1429	2	0.2
1429	1439	3	0.2
1439	1429	3	0.2
1429	1439	4	0.2
1439	1429	4	0.2
1430	1440	0	0.2
1440	1430	0	0.2
1430	1440	1	0.2
1440	1430	1	0.2
1430	1440	2	0.2
1440	1430	2	0.2
1430	1440	3	0.2
1440	1430	3	0.2
1430	1440	4	0.2
1440	1430	4	0.2
1430	1439	0	0.2
1439	1430	0	0.2
1430	1439	1	0.2
1439	1430	1	0.2
1430	1439	2	0.2
1439	1430	2	0.2
1430	1439	3	0.2
1439	1430	3	0.2
1430	1439	4	0.2
1439	1430	4	0.2
1431	1440	0	0.2
1440	1431	0	0.2
1431	1440	1	0.2
1440	1431	1	0.2
1431	1440	2	0.2
1440	1431	2	0.2
1431	1440	3	0.2
1440	1431	3	0.2
1431	1440	4	0.2
1440	1431	4	0.2
1431	1439	0	0.2
1439	1431	0	0.2
1431	1439	1	0.2
1439	1431	1	0.2
1431	1439	2	0.2
1439	1431	2	0.2
1431	1439	3	0.2
1439	1431	3	0.2
1431	1439	4	0.2
1439	1431	4	0.2
1432	1440	0	0.2
1440	1432	0	0.2
1432	1440	1	0.2
1440	1432	1	0.2
1432	1440	2	0.2
1440	1432	2	0.2
1432	1440	3	0.2
1440	1432	3	0.2
1432	1440	4	0.2
1440	1432	4	0.2
1432	1439	0	0.2
1439	1432	0	0.2
1432	1439	1	0.2
1439	1432	1	0.2
1432	1439	2	0.2
1439	1432	2	0.2
1432	1439	3	0.2
1439	1432	3	0.2
1432	1439	4	0.2
1439	1432	4	0.2
1433	1440	0	0.2
1440	1433	0	0.2
1433	1440	1	0.2
1440	1433	1	0.2
1433	1440	2	0.2
1440	1433	2	0.2
1433	1440	3	0.2
1440	1433	3	0.2
1433	1440	4	0.2
1440	1433	4	0.2
1433	1439	0	0.2
1439	1433	0	0.2
1433	1439	1	0.2
1439	1433	1	0.2
1433	1439	2	0.2
1439	1433	2	0.2
1433	1439	3	0.2
1439	1433	3	0.2
1433	1439	4	0.2
1439	1433	4	0.2
1434	1441	0	0.2
1441	1434	0	0.2
1434	1441	1	0.2
1441	1434	1	0.2
1434	1441	2	0.2
1441	1434	2	0.2
1434	1441	3	0.2
1441	1434	3	0.2
1434	1441	4	0.2
1441	1434	4	0.2
1434	1442	0	0.2
1442	1434	0	0.2
1434	1442	1	0.2
1442	1434	1	0.2
1434	1442	2	0.2
1442	1434	2	0.2
1434	1442	3	0.2
1442	1434	3	0.2
1434	1442	4	0.2
1442	1434	4	0.2
1434	1443	0	0.2
1443	1434	0	0.2
1434	1443	1	0.2
1443	1434	1	0.2
1434	1443	2	0.2
1443	1434	2	0.2
1434	1443	3	0.2
1443	1434	3	0.2
1434	1443	4	0.2
1443	1434	4	0.2
1435	1441	0	0.2
1441	1435	0	0.2
1435	1441	1	0.2
1441	1435	1	0.2
1435	1441	2	0.2
1441	1435	2	0.2
1435	1441	3	0.2
1441	1435	3	0.2
1435	1441	4	0.2
1441	1435	4	0.2
1435	1442	0	0.2
1442	1435	0	0.2
1435	1442	1	0.2
1442	1435	1	0.2
1435	1442	2	0.2
1442	1435	2	0.2
1435	1442	3	0.2
1442	1435	3	0.2
1435	1442	4	0.2
1442	1435	4	0.2
1435	1443	0	0.2
1443	1435	0	0.2
1435	1443	1	0.2
1443	1435	1	0.2
1435	1443	2	0.2
1443	1435	2	0.2
1435	1443	3	0.2
1443	1435	3	0.2
1435	1443	4	0.2
1443	1435	4	0.2
1436	1441	0	0.2
1441	1436	0	0.2
1436	1441	1	0.2
1441	1436	1	0.2
1436	1441	2	0.2
1441	1436	2	0.2
1436	1441	3	0.2
1441	1436	3	0.2
1436	1441	4	0.2
1441	1436	4	0.2
1436	1442	0	0.2
1442	1436	0	0.2
1436	1442	1	0.2
1442	1436	1	0.2
1436	1442	2	0.2
1442	1436	2	0.2
1436	1442	3	0.2
1442	1436	3	0.2
1436	1442	4	0.2
1442	1436	4	0.2
1436	1443	0	0.2
1443	1436	0	0.2
1436	1443	1	0.2
1443	1436	1	0.2
1436	1443	2	0.2
1443	1436	2	0.2
1436	1443	3	0.2
1443	1436	3	0.2
1436	1443	4	0.2
1443	1436	4	0.2
1437	1441	0	0.2
1441	1437	0	0.2
1437	1441	1	0.2
1441	1437	1	0.2
1437	1441	2	0.2
1441	1437	2	0.2
1437	1441	3	0.2
1441	1437	3	0.2
1437	1441	4	0.2
1441	1437	4	0.2
1437	1442	0	0.2
1442	1437	0	0.2
1437	1442	1	0.2
1442	1437	1	0.2
1437	1442	2	0.2
1442	1437	2	0.2
1437	1442	3	0.2
1442	1437	3	0.2
1437	1442	4	0.2
1442	1437	4	0.2
1437	1443	0	0.2
1443	1437	0	0.2
1437	1443	1	0.2
1443	1437	1	0.2
1437	1443	2	0.2
1443	1437	2	0.2
1437	1443	3	0.2
1443	1437	3	0.2
1437	1443	4	0.2
1443	1437	4	0.2
1438	1441	0	0.2
1441	1438	0	0.2
1438	1441	1	0.2
1441	1438	1	0.2
1438	1441	2	0.2
1441	1438	2	0.2
1438	1441	3	0.2
1441	1438	3	0.2
1438	1441	4	0.2
1441	1438	4	0.2
1438	1442	0	0.2
1442	1438	0	0.2
1438	1442	1	0.2
1442	1438	1	0.2
1438	1442	2	0.2
1442	1438	2	0.2
1438	1442	3	0.2
1442	1438	3	0.2
1438	1442	4	0.2
1442	1438	4	0.2
1438	1443	0	0.2
1443	1438	0	0.2
1438	1443	1	0.2
1443	1438	1	0.2
1438	1443	2	0.2
1443	1438	2	0.2
1438	1443	3	0.2
1443	1438	3	0.2
1438	1443	4	0.2
1443	1438	4	0.2
1439	1444	0	0.2
1444	1439	0	0.2
1439	1444	1	0.2
1444	1439	1	0.2
1439	1444	2	0.2
1444	1439	2	0.2
1439	1444	3	0.2
1444	1439	3	0.2
1439	1444	4	0.2
1444	1439	4	0.2
1439	1445	0	0.2
1445	1439	0	0.2
1439	1445	1	0.2
1445	1439	1	0.2
1439	1445	2	0.2
1445	1439	2	0.2
1439	1445	3	0.2
1445	1439	3	0.2
1439	1445	4	0.2
1445	1439	4	0.2
1440	1444	0	0.2
1444	1440	0	0.2
1440	1444	1	0.2
1444	1440	1	0.2
1440	1444	2	0.2
1444	1440	2	0.2
1440	1444	3	0.2
1444	1440	3	0.2
1440	1444	4	0.2
1444	1440	4	0.2
1440	1445	0	0.2
1445	1440	0	0.2
1440	1445	1	0.2
1445	1440	1	0.2
1440	1445	2	0.2
1445	1440	2	0.2
1440	1445	3	0.2
1445	1440	3	0.2
1440	1445	4	0.2
1445	1440	4	0.2
1450	1457	0	0.2
1457	1450	0	0.2
1450	1457	1	0.2
1457	1450	1	0.2
1450	1457	2	0.2
1457	1450	2	0.2
1450	1457	3	0.2
1457	1450	3	0.2
1450	1457	4	0.2
1457	1450	4	0.2
1450	1458	0	0.2
1458	1450	0	0.2
1450	1458	1	0.2
1458	1450	1	0.2
1450	1458	2	0.2
1458	1450	2	0.2
1450	1458	3	0.2
1458	1450	3	0.2
1450	1458	4	0.2
1458	1450	4	0.2
1451	1457	0	0.2
1457	1451	0	0.2
1451	1457	1	0.2
1457	1451	1	0.2
1451	1457	2	0.2
1457	1451	2	0.2
1451	1457	3	0.2
1457	1451	3	0.2
1451	1457	4	0.2
1457	1451	4	0.2
1451	1458	0	0.2
1458	1451	0	0.2
1451	1458	1	0.2
1458	1451	1	0.2
1451	1458	2	0.2
1458	1451	2	0.2
1451	1458	3	0.2
1458	1451	3	0.2
1451	1458	4	0.2
1458	1451	4	0.2
1452	1457	0	0.2
1457	1452	0	0.2
1452	1457	1	0.2
1457	1452	1	0.2
1452	1457	2	0.2
1457	1452	2	0.2
1452	1457	3	0.2
1457	1452	3	0.2
1452	1457	4	0.2
1457	1452	4	0.2
1452	1458	0	0.2
1458	1452	0	0.2
1452	1458	1	0.2
1458	1452	1	0.2
1452	1458	2	0.2
1458	1452	2	0.2
1452	1458	3	0.2
1458	1452	3	0.2
1452	1458	4	0.2
1458	1452	4	0.2
1453	1457	0	0.2
1457	1453	0	0.2
1453	1457	1	0.2
1457	1453	1	0.2
1453	1457	2	0.2
1457	1453	2	0.2
1453	1457	3	0.2
1457	1453	3	0.2
1453	1457	4	0.2
1457	1453	4	0.2
1453	1458	0	0.2
1458	1453	0	0.2
1453	1458	1	0.2
1458	1453	1	0.2
1453	1458	2	0.2
1458	1453	2	0.2
1453	1458	3	0.2
1458	1453	3	0.2
1453	1458	4	0.2
1458	1453	4	0.2
1454	1457	0	0.2
1457	1454	0	0.2
1454	1457	1	0.2
1457	1454	1	0.2
1454	1457	2	0.2
1457	1454	2	0.2
1454	1457	3	0.2
1457	1454	3	0.2
1454	1457	4	0.2
1457	1454	4	0.2
1454	1458	0	0.2
1458	1454	0	0.2
1454	1458	1	0.2
1458	1454	1	0.2
1454	1458	2	0.2
1458	1454	2	0.2
1454	1458	3	0.2
1458	1454	3	0.2
1454	1458	4	0.2
1458	1454	4	0.2
1455	1459	0	0.2
1459	1455	0	0.2
1455	1459	1	0.2
1459	1455	1	0.2
1455	1459	2	0.2
1459	1455	2	0.2
1455	1459	3	0.2
1459	1455	3	0.2
1455	1459	4	0.2
1459	1455	4	0.2
1455	1460	0	0.2
1460	1455	0	0.2
1455	1460	1	0.2
1460	1455	1	0.2
1455	1460	2	0.2
1460	1455	2	0.2
1455	1460	3	0.2
1460	1455	3	0.2
1455	1460	4	0.2
1460	1455	4	0.2
1455	1461	0	0.2
1461	1455	0	0.2
1455	1461	1	0.2
1461	1455	1	0.2
1455	1461	2	0.2
1461	1455	2	0.2
1455	1461	3	0.2
1461	1455	3	0.2
1455	1461	4	0.2
1461	1455	4	0.2
1456	1459	0	0.2
1459	1456	0	0.2
1456	1459	1	0.2
1459	1456	1	0.2
1456	1459	2	0.2
1459	1456	2	0.2
1456	1459	3	0.2
1459	1456	3	0.2
1456	1459	4	0.2
1459	1456	4	0.2
1456	1460	0	0.2
1460	1456	0	0.2
1456	1460	1	0.2
1460	1456	1	0.2
1456	1460	2	0.2
1460	1456	2	0.2
1456	1460	3	0.2
1460	1456	3	0.2
1456	1460	4	0.2
1460	1456	4	0.2
1456	1461	0	0.2
1461	1456	0	0.2
1456	1461	1	0.2
1461	1456	1	0.2
1456	1461	2	0.2
1461	1456	2	0.2
1456	1461	3	0.2
1461	1456	3	0.2
1456	1461	4	0.2
1461	1456	4	0.2
1457	1462	0	0.2
1462	1457	0	0.2
1457	1462	1	0.2
1462	1457	1	0.2
1457	1462	2	0.2
1462	1457	2	0.2
1457	1462	3	0.2
1462	1457	3	0.2
1457	1462	4	0.2
1462	1457	4	0.2
1457	1463	0	0.2
1463	1457	0	0.2
1457	1463	1	0.2
1463	1457	1	0.2
1457	1463	2	0.2
1463	1457	2	0.2
1457	1463	3	0.2
1463	1457	3	0.2
1457	1463	4	0.2
1463	1457	4	0.2
1457	1464	0	0.2
1464	1457	0	0.2
1457	1464	1	0.2
1464	1457	1	0.2
1457	1464	2	0.2
1464	1457	2	0.2
1457	1464	3	0.2
1464	1457	3	0.2
1457	1464	4	0.2
1464	1457	4	0.2
1457	1465	0	0.2
1465	1457	0	0.2
1457	1465	1	0.2
1465	1457	1	0.2
1457	1465	2	0.2
1465	1457	2	0.2
1457	1465	3	0.2
1465	1457	3	0.2
1457	1465	4	0.2
1465	1457	4	0.2
1457	1466	0	0.2
1466	1457	0	0.2
1457	1466	1	0.2
1466	1457	1	0.2
1457	1466	2	0.2
1466	1457	2	0.2
1457	1466	3	0.2
1466	1457	3	0.2
1457	1466	4	0.2
1466	1457	4	0.2
1458	1462	0	0.2
1462	1458	0	0.2
1458	1462	1	0.2
1462	1458	1	0.2
1458	1462	2	0.2
1462	1458	2	0.2
1458	1462	3	0.2
1462	1458	3	0.2
1458	1462	4	0.2
1462	1458	4	0.2
1458	1463	0	0.2
1463	1458	0	0.2
1458	1463	1	0.2
1463	1458	1	0.2
1458	1463	2	0.2
1463	1458	2	0.2
1458	1463	3	0.2
1463	1458	3	0.2
1458	1463	4	0.2
1463	1458	4	0.2
1458	1464	0	0.2
1464	1458	0	0.2
1458	1464	1	0.2
1464	1458	1	0.2
1458	1464	2	0.2
1464	1458	2	0.2
1458	1464	3	0.2
1464	1458	3	0.2
1458	1464	4	0.2
1464	1458	4	0.2
1458	1465	0	0.2
1465	1458	0	0.2
1458	1465	1	0.2
1465	1458	1	0.2
1458	1465	2	0.2
1465	1458	2	0.2
1458	1465	3	0.2
1465	1458	3	0.2
1458	1465	4	0.2
1465	1458	4	0.2
1458	1466	0	0.2
1466	1458	0	0.2
1458	1466	1	0.2
1466	1458	1	0.2
1458	1466	2	0.2
1466	1458	2	0.2
1458	1466	3	0.2
1466	1458	3	0.2
1458	1466	4	0.2
1466	1458	4	0.2
1459	1472	0	0.2
1472	1459	0	0.2
1459	1472	1	0.2
1472	1459	1	0.2
1459	1472	2	0.2
1472	1459	2	0.2
1459	1472	3	0.2
1472	1459	3	0.2
1459	1472	4	0.2
1472	1459	4	0.2
1459	1467	0	0.2
1467	1459	0	0.2
1459	1467	1	0.2
1467	1459	1	0.2
1459	1467	2	0.2
1467	1459	2	0.2
1459	1467	3	0.2
1467	1459	3	0.2
1459	1467	4	0.2
1467	1459	4	0.2
1459	1468	0	0.2
1468	1459	0	0.2
1459	1468	1	0.2
1468	1459	1	0.2
1459	1468	2	0.2
1468	1459	2	0.2
1459	1468	3	0.2
1468	1459	3	0.2
1459	1468	4	0.2
1468	1459	4	0.2
1459	1469	0	0.2
1469	1459	0	0.2
1459	1469	1	0.2
1469	1459	1	0.2
1459	1469	2	0.2
1469	1459	2	0.2
1459	1469	3	0.2
1469	1459	3	0.2
1459	1469	4	0.2
1469	1459	4	0.2
1459	1470	0	0.2
1470	1459	0	0.2
1459	1470	1	0.2
1470	1459	1	0.2
1459	1470	2	0.2
1470	1459	2	0.2
1459	1470	3	0.2
1470	1459	3	0.2
1459	1470	4	0.2
1470	1459	4	0.2
1459	1471	0	0.2
1471	1459	0	0.2
1459	1471	1	0.2
1471	1459	1	0.2
1459	1471	2	0.2
1471	1459	2	0.2
1459	1471	3	0.2
1471	1459	3	0.2
1459	1471	4	0.2
1471	1459	4	0.2
1460	1472	0	0.2
1472	1460	0	0.2
1460	1472	1	0.2
1472	1460	1	0.2
1460	1472	2	0.2
1472	1460	2	0.2
1460	1472	3	0.2
1472	1460	3	0.2
1460	1472	4	0.2
1472	1460	4	0.2
1460	1467	0	0.2
1467	1460	0	0.2
1460	1467	1	0.2
1467	1460	1	0.2
1460	1467	2	0.2
1467	1460	2	0.2
1460	1467	3	0.2
1467	1460	3	0.2
1460	1467	4	0.2
1467	1460	4	0.2
1460	1468	0	0.2
1468	1460	0	0.2
1460	1468	1	0.2
1468	1460	1	0.2
1460	1468	2	0.2
1468	1460	2	0.2
1460	1468	3	0.2
1468	1460	3	0.2
1460	1468	4	0.2
1468	1460	4	0.2
1460	1469	0	0.2
1469	1460	0	0.2
1460	1469	1	0.2
1469	1460	1	0.2
1460	1469	2	0.2
1469	1460	2	0.2
1460	1469	3	0.2
1469	1460	3	0.2
1460	1469	4	0.2
1469	1460	4	0.2
1460	1470	0	0.2
1470	1460	0	0.2
1460	1470	1	0.2
1470	1460	1	0.2
1460	1470	2	0.2
1470	1460	2	0.2
1460	1470	3	0.2
1470	1460	3	0.2
1460	1470	4	0.2
1470	1460	4	0.2
1460	1471	0	0.2
1471	1460	0	0.2
1460	1471	1	0.2
1471	1460	1	0.2
1460	1471	2	0.2
1471	1460	2	0.2
1460	1471	3	0.2
1471	1460	3	0.2
1460	1471	4	0.2
1471	1460	4	0.2
1461	1472	0	0.2
1472	1461	0	0.2
1461	1472	1	0.2
1472	1461	1	0.2
1461	1472	2	0.2
1472	1461	2	0.2
1461	1472	3	0.2
1472	1461	3	0.2
1461	1472	4	0.2
1472	1461	4	0.2
1461	1467	0	0.2
1467	1461	0	0.2
1461	1467	1	0.2
1467	1461	1	0.2
1461	1467	2	0.2
1467	1461	2	0.2
1461	1467	3	0.2
1467	1461	3	0.2
1461	1467	4	0.2
1467	1461	4	0.2
1461	1468	0	0.2
1468	1461	0	0.2
1461	1468	1	0.2
1468	1461	1	0.2
1461	1468	2	0.2
1468	1461	2	0.2
1461	1468	3	0.2
1468	1461	3	0.2
1461	1468	4	0.2
1468	1461	4	0.2
1461	1469	0	0.2
1469	1461	0	0.2
1461	1469	1	0.2
1469	1461	1	0.2
1461	1469	2	0.2
1469	1461	2	0.2
1461	1469	3	0.2
1469	1461	3	0.2
1461	1469	4	0.2
1469	1461	4	0.2
1461	1470	0	0.2
1470	1461	0	0.2
1461	1470	1	0.2
1470	1461	1	0.2
1461	1470	2	0.2
1470	1461	2	0.2
1461	1470	3	0.2
1470	1461	3	0.2
1461	1470	4	0.2
1470	1461	4	0.2
1461	1471	0	0.2
1471	1461	0	0.2
1461	1471	1	0.2
1471	1461	1	0.2
1461	1471	2	0.2
1471	1461	2	0.2
1461	1471	3	0.2
1471	1461	3	0.2
1461	1471	4	0.2
1471	1461	4	0.2
1473	1475	0	0.2
1475	1473	0	0.2
1473	1475	1	0.2
1475	1473	1	0.2
1473	1475	2	0.2
1475	1473	2	0.2
1473	1475	3	0.2
1475	1473	3	0.2
1473	1475	4	0.2
1475	1473	4	0.2
1474	1476	0	0.2
1476	1474	0	0.2
1474	1476	1	0.2
1476	1474	1	0.2
1474	1476	2	0.2
1476	1474	2	0.2
1474	1476	3	0.2
1476	1474	3	0.2
1474	1476	4	0.2
1476	1474	4	0.2
1474	1477	0	0.2
1477	1474	0	0.2
1474	1477	1	0.2
1477	1474	1	0.2
1474	1477	2	0.2
1477	1474	2	0.2
1474	1477	3	0.2
1477	1474	3	0.2
1474	1477	4	0.2
1477	1474	4	0.2
1475	1478	0	0.2
1478	1475	0	0.2
1475	1478	1	0.2
1478	1475	1	0.2
1475	1478	2	0.2
1478	1475	2	0.2
1475	1478	3	0.2
1478	1475	3	0.2
1475	1478	4	0.2
1478	1475	4	0.2
1475	1479	0	0.2
1479	1475	0	0.2
1475	1479	1	0.2
1479	1475	1	0.2
1475	1479	2	0.2
1479	1475	2	0.2
1475	1479	3	0.2
1479	1475	3	0.2
1475	1479	4	0.2
1479	1475	4	0.2
1475	1480	0	0.2
1480	1475	0	0.2
1475	1480	1	0.2
1480	1475	1	0.2
1475	1480	2	0.2
1480	1475	2	0.2
1475	1480	3	0.2
1480	1475	3	0.2
1475	1480	4	0.2
1480	1475	4	0.2
1475	1481	0	0.2
1481	1475	0	0.2
1475	1481	1	0.2
1481	1475	1	0.2
1475	1481	2	0.2
1481	1475	2	0.2
1475	1481	3	0.2
1481	1475	3	0.2
1475	1481	4	0.2
1481	1475	4	0.2
1475	1482	0	0.2
1482	1475	0	0.2
1475	1482	1	0.2
1482	1475	1	0.2
1475	1482	2	0.2
1482	1475	2	0.2
1475	1482	3	0.2
1482	1475	3	0.2
1475	1482	4	0.2
1482	1475	4	0.2
1476	1483	0	0.2
1483	1476	0	0.2
1476	1483	1	0.2
1483	1476	1	0.2
1476	1483	2	0.2
1483	1476	2	0.2
1476	1483	3	0.2
1483	1476	3	0.2
1476	1483	4	0.2
1483	1476	4	0.2
1476	1484	0	0.2
1484	1476	0	0.2
1476	1484	1	0.2
1484	1476	1	0.2
1476	1484	2	0.2
1484	1476	2	0.2
1476	1484	3	0.2
1484	1476	3	0.2
1476	1484	4	0.2
1484	1476	4	0.2
1476	1485	0	0.2
1485	1476	0	0.2
1476	1485	1	0.2
1485	1476	1	0.2
1476	1485	2	0.2
1485	1476	2	0.2
1476	1485	3	0.2
1485	1476	3	0.2
1476	1485	4	0.2
1485	1476	4	0.2
1476	1486	0	0.2
1486	1476	0	0.2
1476	1486	1	0.2
1486	1476	1	0.2
1476	1486	2	0.2
1486	1476	2	0.2
1476	1486	3	0.2
1486	1476	3	0.2
1476	1486	4	0.2
1486	1476	4	0.2
1476	1487	0	0.2
1487	1476	0	0.2
1476	1487	1	0.2
1487	1476	1	0.2
1476	1487	2	0.2
1487	1476	2	0.2
1476	1487	3	0.2
1487	1476	3	0.2
1476	1487	4	0.2
1487	1476	4	0.2
1476	1488	0	0.2
1488	1476	0	0.2
1476	1488	1	0.2
1488	1476	1	0.2
1476	1488	2	0.2
1488	1476	2	0.2
1476	1488	3	0.2
1488	1476	3	0.2
1476	1488	4	0.2
1488	1476	4	0.2
1477	1483	0	0.2
1483	1477	0	0.2
1477	1483	1	0.2
1483	1477	1	0.2
1477	1483	2	0.2
1483	1477	2	0.2
1477	1483	3	0.2
1483	1477	3	0.2
1477	1483	4	0.2
1483	1477	4	0.2
1477	1484	0	0.2
1484	1477	0	0.2
1477	1484	1	0.2
1484	1477	1	0.2
1477	1484	2	0.2
1484	1477	2	0.2
1477	1484	3	0.2
1484	1477	3	0.2
1477	1484	4	0.2
1484	1477	4	0.2
1477	1485	0	0.2
1485	1477	0	0.2
1477	1485	1	0.2
1485	1477	1	0.2
1477	1485	2	0.2
1485	1477	2	0.2
1477	1485	3	0.2
1485	1477	3	0.2
1477	1485	4	0.2
1485	1477	4	0.2
1477	1486	0	0.2
1486	1477	0	0.2
1477	1486	1	0.2
1486	1477	1	0.2
1477	1486	2	0.2
1486	1477	2	0.2
1477	1486	3	0.2
1486	1477	3	0.2
1477	1486	4	0.2
1486	1477	4	0.2
1477	1487	0	0.2
1487	1477	0	0.2
1477	1487	1	0.2
1487	1477	1	0.2
1477	1487	2	0.2
1487	1477	2	0.2
1477	1487	3	0.2
1487	1477	3	0.2
1477	1487	4	0.2
1487	1477	4	0.2
1477	1488	0	0.2
1488	1477	0	0.2
1477	1488	1	0.2
1488	1477	1	0.2
1477	1488	2	0.2
1488	1477	2	0.2
1477	1488	3	0.2
1488	1477	3	0.2
1477	1488	4	0.2
1488	1477	4	0.2
1478	1489	0	0.2
1489	1478	0	0.2
1478	1489	1	0.2
1489	1478	1	0.2
1478	1489	2	0.2
1489	1478	2	0.2
1478	1489	3	0.2
1489	1478	3	0.2
1478	1489	4	0.2
1489	1478	4	0.2
1478	1490	0	0.2
1490	1478	0	0.2
1478	1490	1	0.2
1490	1478	1	0.2
1478	1490	2	0.2
1490	1478	2	0.2
1478	1490	3	0.2
1490	1478	3	0.2
1478	1490	4	0.2
1490	1478	4	0.2
1478	1491	0	0.2
1491	1478	0	0.2
1478	1491	1	0.2
1491	1478	1	0.2
1478	1491	2	0.2
1491	1478	2	0.2
1478	1491	3	0.2
1491	1478	3	0.2
1478	1491	4	0.2
1491	1478	4	0.2
1478	1492	0	0.2
1492	1478	0	0.2
1478	1492	1	0.2
1492	1478	1	0.2
1478	1492	2	0.2
1492	1478	2	0.2
1478	1492	3	0.2
1492	1478	3	0.2
1478	1492	4	0.2
1492	1478	4	0.2
1478	1493	0	0.2
1493	1478	0	0.2
1478	1493	1	0.2
1493	1478	1	0.2
1478	1493	2	0.2
1493	1478	2	0.2
1478	1493	3	0.2
1493	1478	3	0.2
1478	1493	4	0.2
1493	1478	4	0.2
1479	1489	0	0.2
1489	1479	0	0.2
1479	1489	1	0.2
1489	1479	1	0.2
1479	1489	2	0.2
1489	1479	2	0.2
1479	1489	3	0.2
1489	1479	3	0.2
1479	1489	4	0.2
1489	1479	4	0.2
1479	1490	0	0.2
1490	1479	0	0.2
1479	1490	1	0.2
1490	1479	1	0.2
1479	1490	2	0.2
1490	1479	2	0.2
1479	1490	3	0.2
1490	1479	3	0.2
1479	1490	4	0.2
1490	1479	4	0.2
1479	1491	0	0.2
1491	1479	0	0.2
1479	1491	1	0.2
1491	1479	1	0.2
1479	1491	2	0.2
1491	1479	2	0.2
1479	1491	3	0.2
1491	1479	3	0.2
1479	1491	4	0.2
1491	1479	4	0.2
1479	1492	0	0.2
1492	1479	0	0.2
1479	1492	1	0.2
1492	1479	1	0.2
1479	1492	2	0.2
1492	1479	2	0.2
1479	1492	3	0.2
1492	1479	3	0.2
1479	1492	4	0.2
1492	1479	4	0.2
1479	1493	0	0.2
1493	1479	0	0.2
1479	1493	1	0.2
1493	1479	1	0.2
1479	1493	2	0.2
1493	1479	2	0.2
1479	1493	3	0.2
1493	1479	3	0.2
1479	1493	4	0.2
1493	1479	4	0.2
1480	1489	0	0.2
1489	1480	0	0.2
1480	1489	1	0.2
1489	1480	1	0.2
1480	1489	2	0.2
1489	1480	2	0.2
1480	1489	3	0.2
1489	1480	3	0.2
1480	1489	4	0.2
1489	1480	4	0.2
1480	1490	0	0.2
1490	1480	0	0.2
1480	1490	1	0.2
1490	1480	1	0.2
1480	1490	2	0.2
1490	1480	2	0.2
1480	1490	3	0.2
1490	1480	3	0.2
1480	1490	4	0.2
1490	1480	4	0.2
1480	1491	0	0.2
1491	1480	0	0.2
1480	1491	1	0.2
1491	1480	1	0.2
1480	1491	2	0.2
1491	1480	2	0.2
1480	1491	3	0.2
1491	1480	3	0.2
1480	1491	4	0.2
1491	1480	4	0.2
1480	1492	0	0.2
1492	1480	0	0.2
1480	1492	1	0.2
1492	1480	1	0.2
1480	1492	2	0.2
1492	1480	2	0.2
1480	1492	3	0.2
1492	1480	3	0.2
1480	1492	4	0.2
1492	1480	4	0.2
1480	1493	0	0.2
1493	1480	0	0.2
1480	1493	1	0.2
1493	1480	1	0.2
1480	1493	2	0.2
1493	1480	2	0.2
1480	1493	3	0.2
1493	1480	3	0.2
1480	1493	4	0.2
1493	1480	4	0.2
1481	1489	0	0.2
1489	1481	0	0.2
1481	1489	1	0.2
1489	1481	1	0.2
1481	1489	2	0.2
1489	1481	2	0.2
1481	1489	3	0.2
1489	1481	3	0.2
1481	1489	4	0.2
1489	1481	4	0.2
1481	1490	0	0.2
1490	1481	0	0.2
1481	1490	1	0.2
1490	1481	1	0.2
1481	1490	2	0.2
1490	1481	2	0.2
1481	1490	3	0.2
1490	1481	3	0.2
1481	1490	4	0.2
1490	1481	4	0.2
1481	1491	0	0.2
1491	1481	0	0.2
1481	1491	1	0.2
1491	1481	1	0.2
1481	1491	2	0.2
1491	1481	2	0.2
1481	1491	3	0.2
1491	1481	3	0.2
1481	1491	4	0.2
1491	1481	4	0.2
1481	1492	0	0.2
1492	1481	0	0.2
1481	1492	1	0.2
1492	1481	1	0.2
1481	1492	2	0.2
1492	1481	2	0.2
1481	1492	3	0.2
1492	1481	3	0.2
1481	1492	4	0.2
1492	1481	4	0.2
1481	1493	0	0.2
1493	1481	0	0.2
1481	1493	1	0.2
1493	1481	1	0.2
1481	1493	2	0.2
1493	1481	2	0.2
1481	1493	3	0.2
1493	1481	3	0.2
1481	1493	4	0.2
1493	1481	4	0.2
1482	1489	0	0.2
1489	1482	0	0.2
1482	1489	1	0.2
1489	1482	1	0.2
1482	1489	2	0.2
1489	1482	2	0.2
1482	1489	3	0.2
1489	1482	3	0.2
1482	1489	4	0.2
1489	1482	4	0.2
1482	1490	0	0.2
1490	1482	0	0.2
1482	1490	1	0.2
1490	1482	1	0.2
1482	1490	2	0.2
1490	1482	2	0.2
1482	1490	3	0.2
1490	1482	3	0.2
1482	1490	4	0.2
1490	1482	4	0.2
1482	1491	0	0.2
1491	1482	0	0.2
1482	1491	1	0.2
1491	1482	1	0.2
1482	1491	2	0.2
1491	1482	2	0.2
1482	1491	3	0.2
1491	1482	3	0.2
1482	1491	4	0.2
1491	1482	4	0.2
1482	1492	0	0.2
1492	1482	0	0.2
1482	1492	1	0.2
1492	1482	1	0.2
1482	1492	2	0.2
1492	1482	2	0.2
1482	1492	3	0.2
1492	1482	3	0.2
1482	1492	4	0.2
1492	1482	4	0.2
1482	1493	0	0.2
1493	1482	0	0.2
1482	1493	1	0.2
1493	1482	1	0.2
1482	1493	2	0.2
1493	1482	2	0.2
1482	1493	3	0.2
1493	1482	3	0.2
1482	1493	4	0.2
1493	1482	4	0.2
