1183	1184	0	0.019340072
1183	1184	1	0.9266441
1183	1184	2	0.011044102
1183	1184	3	0.020022072
1183	1184	4	0.021118857
1183	1185	0	0.8180927
1183	1185	1	0.03243019
1183	1185	2	0.013223847
1183	1185	3	0.10845254
1183	1185	4	0.02606096
1184	1185	0	0.933034
1184	1185	1	0.013455224
1184	1185	2	0.006097319
1184	1185	3	0.026506504
1184	1185	4	0.01922677
1183	1186	0	0.17312373
1183	1186	1	0.5865757
1183	1186	2	0.046668213
1183	1186	3	0.1721932
1183	1186	4	0.021474423
1183	1187	0	0.29209843
1183	1187	1	0.51944864
1183	1187	2	0.06824055
1183	1187	3	0.09644368
1183	1187	4	0.023907904
1183	1188	0	0.020636346
1183	1188	1	0.93195784
1183	1188	2	0.020989772
1183	1188	3	0.018441357
1183	1188	4	0.0081823645
1183	1189	0	0.012214172
1183	1189	1	0.8572592
1183	1189	2	0.03606686
1183	1189	3	0.07438634
1183	1189	4	0.020267162
1183	1190	0	0.92401993
1183	1190	1	0.025815642
1183	1190	2	0.012191014
1183	1190	3	0.030119754
1183	1190	4	0.008063631
1184	1186	0	0.696577
1184	1186	1	0.07082553
1184	1186	2	0.06820833
1184	1186	3	0.108380936
1184	1186	4	0.05602146
1184	1187	0	0.82633954
1184	1187	1	0.038986575
1184	1187	2	0.048154794
1184	1187	3	0.051018085
1184	1187	4	0.03552052
1184	1188	0	0.55198216
1184	1188	1	0.17599316
1184	1188	2	0.101219505
1184	1188	3	0.09801024
1184	1188	4	0.07274236
1184	1189	0	0.29973817
1184	1189	1	0.39447048
1184	1189	2	0.09248636
1184	1189	3	0.16381592
1184	1189	4	0.049596146
1184	1190	0	0.9720352
1184	1190	1	0.0032481872
1184	1190	2	0.006932031
1184	1190	3	0.01304634
1184	1190	4	0.0049323165
1185	1186	0	0.013260848
1185	1186	1	0.8328432
1185	1186	2	0.110261254
1185	1186	3	0.023963884
1185	1186	4	0.019762246
1185	1187	0	0.046600264
1185	1187	1	0.6567541
1185	1187	2	0.1966346
1185	1187	3	0.04717983
1185	1187	4	0.052895326
1185	1188	0	0.0066080103
1185	1188	1	0.8984907
1185	1188	2	0.07199335
1185	1188	3	0.010010952
1185	1188	4	0.013005288
1185	1189	0	0.003058462
1185	1189	1	0.9312018
1185	1189	2	0.037889246
1185	1189	3	0.014625256
1185	1189	4	0.013378378
1185	1190	0	0.25453514
1185	1190	1	0.4656612
1185	1190	2	0.17669277
1185	1190	3	0.046971533
1185	1190	4	0.05617835
1186	1187	0	0.16257213
1186	1187	1	0.53818053
1186	1187	2	0.18648612
1186	1187	3	0.07453756
1186	1187	4	0.037929315
1186	1188	0	0.019147146
1186	1188	1	0.8846967
1186	1188	2	0.06430396
1186	1188	3	0.01681421
1186	1188	4	0.014304869
1186	1189	0	0.010134489
1186	1189	1	0.8328883
1186	1189	2	0.08603289
1186	1189	3	0.046760492
1186	1189	4	0.023618974
1186	1190	0	0.89182216
1186	1190	1	0.023304202
1186	1190	2	0.043401726
1186	1190	3	0.025497966
1186	1190	4	0.015122543
1187	1188	0	0.0067672953
1187	1188	1	0.95863664
1187	1188	2	0.017080577
1187	1188	3	0.008380364
1187	1188	4	0.008456177
1187	1189	0	0.0056367097
1187	1189	1	0.9290311
1187	1189	2	0.022775719
1187	1189	3	0.027240671
1187	1189	4	0.014613899
1187	1190	0	0.83158684
1187	1190	1	0.09377453
1187	1190	2	0.026001628
1187	1190	3	0.03300411
1187	1190	4	0.014790182
1188	1189	0	0.021037035
1188	1189	1	0.85497856
1188	1189	2	0.032881673
1188	1189	3	0.067280576
1188	1189	4	0.02329366
1188	1190	0	0.953598
1188	1190	1	0.011504067
1188	1190	2	0.0076242257
1188	1190	3	0.017896466
1188	1190	4	0.008555589
1189	1190	0	0.965727
1189	1190	1	0.003802142
1189	1190	2	0.00952994
1189	1190	3	0.012255125
1189	1190	4	0.008211275
1186	1191	0	0.7221694
1186	1191	1	0.06788702
1186	1191	2	0.0920936
1186	1191	3	0.07660956
1186	1191	4	0.041348007
1186	1192	0	0.65231407
1186	1192	1	0.075488105
1186	1192	2	0.14265792
1186	1192	3	0.09495151
1186	1192	4	0.034733824
1186	1193	0	0.4423839
1186	1193	1	0.15182258
1186	1193	2	0.15672366
1186	1193	3	0.21020697
1186	1193	4	0.039072342
1186	1194	0	0.5675631
1186	1194	1	0.19106728
1186	1194	2	0.13540879
1186	1194	3	0.07622379
1186	1194	4	0.030090522
1186	1195	0	0.626086
1186	1195	1	0.027151959
1186	1195	2	0.08807985
1186	1195	3	0.22459415
1186	1195	4	0.0342491
1186	1196	0	0.07856317
1186	1196	1	0.25849986
1186	1196	2	0.15409945
1186	1196	3	0.47344717
1186	1196	4	0.035562
1187	1191	0	0.5249581
1187	1191	1	0.28948775
1187	1191	2	0.070912436
1187	1191	3	0.08497764
1187	1191	4	0.029819295
1187	1192	0	0.47696748
1187	1192	1	0.29035693
1187	1192	2	0.10071734
1187	1192	3	0.105492555
1187	1192	4	0.026669892
1187	1193	0	0.089431755
1187	1193	1	0.62817883
1187	1193	2	0.08454933
1187	1193	3	0.14686102
1187	1193	4	0.05103679
1187	1194	0	0.11785999
1187	1194	1	0.6782605
1187	1194	2	0.077610575
1187	1194	3	0.07480024
1187	1194	4	0.051501475
1187	1195	0	0.546854
1187	1195	1	0.05382925
1187	1195	2	0.054137122
1187	1195	3	0.30553335
1187	1195	4	0.039843757
1187	1196	0	0.040980548
1187	1196	1	0.4859037
1187	1196	2	0.05327819
1187	1196	3	0.39453343
1187	1196	4	0.025506293
1188	1191	0	0.8524659
1188	1191	1	0.038986214
1188	1191	2	0.028430093
1188	1191	3	0.05422989
1188	1191	4	0.025989277
1188	1192	0	0.8308925
1188	1192	1	0.04436252
1188	1192	2	0.035717487
1188	1192	3	0.061082598
1188	1192	4	0.028096529
1188	1193	0	0.6087258
1188	1193	1	0.12791067
1188	1193	2	0.026396232
1188	1193	3	0.20751087
1188	1193	4	0.029673249
1188	1194	0	0.7513125
1188	1194	1	0.119398445
1188	1194	2	0.03158794
1188	1194	3	0.07066644
1188	1194	4	0.027182244
1188	1195	0	0.76992315
1188	1195	1	0.016243566
1188	1195	2	0.023523707
1188	1195	3	0.169451
1188	1195	4	0.020996723
1188	1196	0	0.15634148
1188	1196	1	0.20149179
1188	1196	2	0.04492308
1188	1196	3	0.5666818
1188	1196	4	0.0307442
1189	1191	0	0.95872396
1189	1191	1	0.0033956289
1189	1191	2	0.011142867
1189	1191	3	0.018746689
1189	1191	4	0.008157062
1189	1192	0	0.957239
1189	1192	1	0.003307385
1189	1192	2	0.013588937
1189	1192	3	0.018783817
1189	1192	4	0.0072659883
1189	1193	0	0.920824
1189	1193	1	0.007771038
1189	1193	2	0.016012771
1189	1193	3	0.042754475
1189	1193	4	0.012829234
1189	1194	0	0.949941
1189	1194	1	0.007827489
1189	1194	2	0.013228144
1189	1194	3	0.019679032
1189	1194	4	0.009539144
1189	1195	0	0.8958824
1189	1195	1	0.0038332883
1189	1195	2	0.01762608
1189	1195	3	0.07032714
1189	1195	4	0.012559632
1189	1196	0	0.5264088
1189	1196	1	0.031758875
1189	1196	2	0.047748584
1189	1196	3	0.3657146
1189	1196	4	0.028572397
1190	1191	0	0.23897132
1190	1191	1	0.5898067
1190	1191	2	0.06508617
1190	1191	3	0.06832658
1190	1191	4	0.037840012
1190	1192	0	0.1681948
1190	1192	1	0.6401677
1190	1192	2	0.08765325
1190	1192	3	0.06814715
1190	1192	4	0.03588806
1190	1193	0	0.07217269
1190	1193	1	0.75278497
1190	1193	2	0.052348107
1190	1193	3	0.08223549
1190	1193	4	0.040567767
1190	1194	0	0.045874182
1190	1194	1	0.8152619
1190	1194	2	0.052828927
1190	1194	3	0.04551194
1190	1194	4	0.04060717
1190	1195	0	0.14281447
1190	1195	1	0.43153062
1190	1195	2	0.07373326
1190	1195	3	0.30356202
1190	1195	4	0.0486083
1190	1196	0	0.019703018
1190	1196	1	0.8344489
1190	1196	2	0.036845483
1190	1196	3	0.08170207
1190	1196	4	0.027426258
1191	1192	0	0.1534243
1191	1192	1	0.63871384
1191	1192	2	0.09776098
1191	1192	3	0.05573753
1191	1192	4	0.05366044
1191	1193	0	0.07885328
1191	1193	1	0.7693973
1191	1193	2	0.042645134
1191	1193	3	0.05901711
1191	1193	4	0.049591705
1191	1194	0	0.07071408
1191	1194	1	0.8194586
1191	1194	2	0.04122703
1191	1194	3	0.020364586
1191	1194	4	0.04842448
1191	1195	0	0.15016466
1191	1195	1	0.38230342
1191	1195	2	0.12817818
1191	1195	3	0.26503512
1191	1195	4	0.07400126
1191	1196	0	0.035159174
1191	1196	1	0.8268533
1191	1196	2	0.033067018
1191	1196	3	0.062326986
1191	1196	4	0.04273608
1192	1193	0	0.10577015
1192	1193	1	0.7355931
1192	1193	2	0.05170343
1192	1193	3	0.05586667
1192	1193	4	0.0503062
1192	1194	0	0.09236839
1192	1194	1	0.7714833
1192	1194	2	0.06111246
1192	1194	3	0.027249837
1192	1194	4	0.047454342
1192	1195	0	0.28786317
1192	1195	1	0.20137696
1192	1195	2	0.14144145
1192	1195	3	0.30491537
1192	1195	4	0.06408615
1192	1196	0	0.03562798
1192	1196	1	0.75172764
1192	1196	2	0.054490402
1192	1196	3	0.11432655
1192	1196	4	0.043622117
1193	1194	0	0.1096754
1193	1194	1	0.6681349
1193	1194	2	0.1412048
1193	1194	3	0.028506484
1193	1194	4	0.051748615
1193	1195	0	0.3305213
1193	1195	1	0.103205614
1193	1195	2	0.26585245
1193	1195	3	0.22414412
1193	1195	4	0.0757788
1193	1196	0	0.037882518
1193	1196	1	0.69810474
1193	1196	2	0.11146232
1193	1196	3	0.10488045
1193	1196	4	0.047597293
1194	1195	0	0.62453073
1194	1195	1	0.063855015
1194	1195	2	0.05360403
1194	1195	3	0.21198082
1194	1195	4	0.045473725
1194	1196	0	0.04984514
1194	1196	1	0.77815
1194	1196	2	0.033701528
1194	1196	3	0.0994599
1194	1196	4	0.038850844
1195	1196	0	0.028119788
1195	1196	1	0.83825094
1195	1196	2	0.044240464
1195	1196	3	0.050860222
1195	1196	4	0.038238533
1191	1197	0	0.030122897
1191	1197	1	0.8163737
1191	1197	2	0.05682829
1191	1197	3	0.060271095
1191	1197	4	0.03641654
1191	1198	0	0.019683357
1191	1198	1	0.51467067
1191	1198	2	0.044584047
1191	1198	3	0.38453823
1191	1198	4	0.036707528
1192	1197	0	0.030696334
1192	1197	1	0.78600603
1192	1197	2	0.06969163
1192	1197	3	0.07563148
1192	1197	4	0.03797599
1192	1198	0	0.024742128
1192	1198	1	0.33891228
1192	1198	2	0.048440658
1192	1198	3	0.54416615
1192	1198	4	0.043898262
1193	1197	0	0.041523665
1193	1197	1	0.69970834
1193	1197	2	0.12775013
1193	1197	3	0.083448194
1193	1197	4	0.047567192
1193	1198	0	0.04542069
1193	1198	1	0.21485129
1193	1198	2	0.10056783
1193	1198	3	0.58887506
1193	1198	4	0.050410815
1194	1197	0	0.073613465
1194	1197	1	0.6763382
1194	1197	2	0.08527861
1194	1197	3	0.109310985
1194	1197	4	0.05540933
1194	1198	0	0.10636791
1194	1198	1	0.10118084
1194	1198	2	0.034362007
1194	1198	3	0.7252437
1194	1198	4	0.032908566
1195	1197	0	0.022945683
1195	1197	1	0.8042353
1195	1197	2	0.07168477
1195	1197	3	0.06935197
1195	1197	4	0.031877086
1195	1198	0	0.03870162
1195	1198	1	0.15880613
1195	1198	2	0.069182515
1195	1198	3	0.68521696
1195	1198	4	0.048184738
1196	1197	0	0.10654758
1196	1197	1	0.46930164
1196	1197	2	0.22326124
1196	1197	3	0.16024715
1196	1197	4	0.040815987
1196	1198	0	0.22536571
1196	1198	1	0.035103258
1196	1198	2	0.07295946
1196	1198	3	0.6275981
1196	1198	4	0.039089244
1197	1198	0	0.13028689
1197	1198	1	0.037931327
1197	1198	2	0.03730013
1197	1198	3	0.7550759
1197	1198	4	0.04345531
1197	1199	0	0.09577112
1197	1199	1	0.51636106
1197	1199	2	0.18946724
1197	1199	3	0.119372666
1197	1199	4	0.07901437
1197	1200	0	0.6098656
1197	1200	1	0.114808045
1197	1200	2	0.081678845
1197	1200	3	0.14233999
1197	1200	4	0.05136278
1197	1201	0	0.93892133
1197	1201	1	0.0044093733
1197	1201	2	0.01955223
1197	1201	3	0.028096862
1197	1201	4	0.009256474
1198	1199	0	0.01450763
1198	1199	1	0.3335798
1198	1199	2	0.5799573
1198	1199	3	0.0333271
1198	1199	4	0.038736828
1198	1200	0	0.079230435
1198	1200	1	0.26288167
1198	1200	2	0.5425869
1198	1200	3	0.062010523
1198	1200	4	0.05342403
1198	1201	0	0.46577984
1198	1201	1	0.023019746
1198	1201	2	0.43252563
1198	1201	3	0.040757373
1198	1201	4	0.03806831
1199	1200	0	0.81965756
1199	1200	1	0.061261546
1199	1200	2	0.01530832
1199	1200	3	0.055115726
1199	1200	4	0.059352063
1199	1201	0	0.8572667
1199	1201	1	0.05535976
1199	1201	2	0.013836464
1199	1201	3	0.02654739
1199	1201	4	0.0570727
1200	1201	0	0.7343185
1200	1201	1	0.0793635
1200	1201	2	0.08094363
1200	1201	3	0.047309104
1200	1201	4	0.06521874
1199	1202	0	0.2032377
1199	1202	1	0.056003127
1199	1202	2	0.09598167
1199	1202	3	0.5874267
1199	1202	4	0.057429545
1199	1203	0	0.41373745
1199	1203	1	0.1834313
1199	1203	2	0.12202386
1199	1203	3	0.22016802
1199	1203	4	0.06070485
1199	1204	0	0.8717279
1199	1204	1	0.006126386
1199	1204	2	0.016433742
1199	1204	3	0.09315175
1199	1204	4	0.012751302
1199	1205	0	0.92427695
1199	1205	1	0.003933007
1199	1205	2	0.012401964
1199	1205	3	0.05003417
1199	1205	4	0.009548569
1199	1206	0	0.87251353
1199	1206	1	0.01673415
1199	1206	2	0.06987033
1199	1206	3	0.029582564
1199	1206	4	0.011485488
1200	1202	0	0.028328229
1200	1202	1	0.61466306
1200	1202	2	0.17526802
1200	1202	3	0.12942068
1200	1202	4	0.052382804
1200	1203	0	0.01630052
1200	1203	1	0.8575074
1200	1203	2	0.08093546
1200	1203	3	0.025949901
1200	1203	4	0.019421129
1200	1204	0	0.4369477
1200	1204	1	0.21895528
1200	1204	2	0.1326898
1200	1204	3	0.16993172
1200	1204	4	0.041619826
1200	1205	0	0.7736066
1200	1205	1	0.04007108
1200	1205	2	0.06258488
1200	1205	3	0.08568619
1200	1205	4	0.03805353
1200	1206	0	0.46996495
1200	1206	1	0.1299011
1200	1206	2	0.34818402
1200	1206	3	0.027432721
1200	1206	4	0.024666341
1201	1202	0	0.005153806
1201	1202	1	0.8282426
1201	1202	2	0.066728406
1201	1202	3	0.07051056
1201	1202	4	0.029412324
1201	1203	0	0.00340596
1201	1203	1	0.930007
1201	1203	2	0.037292168
1201	1203	3	0.016961563
1201	1203	4	0.012458897
1201	1204	0	0.08971987
1201	1204	1	0.5356594
1201	1204	2	0.13153759
1201	1204	3	0.16588318
1201	1204	4	0.077182375
1201	1205	0	0.10565128
1201	1205	1	0.4795168
1201	1205	2	0.14718565
1201	1205	3	0.19909008
1201	1205	4	0.06859706
1201	1206	0	0.056517433
1201	1206	1	0.58753026
1201	1206	2	0.23139541
1201	1206	3	0.06390399
1201	1206	4	0.060675092
1202	1203	0	0.20852326
1202	1203	1	0.15248302
1202	1203	2	0.448404
1202	1203	3	0.10573778
1202	1203	4	0.084372945
1202	1204	0	0.8342231
1202	1204	1	0.008211783
1202	1204	2	0.055355653
1202	1204	3	0.0791256
1202	1204	4	0.022217104
1202	1205	0	0.8112966
1202	1205	1	0.009043951
1202	1205	2	0.067403845
1202	1205	3	0.084701896
1202	1205	4	0.026547927
1202	1206	0	0.52239823
1202	1206	1	0.02370207
1202	1206	2	0.3988753
1202	1206	3	0.025820633
1202	1206	4	0.02854039
1203	1204	0	0.92442375
1203	1204	1	0.005847526
1203	1204	2	0.01046302
1203	1204	3	0.046265833
1203	1204	4	0.01197733
1203	1205	0	0.9100707
1203	1205	1	0.006142759
1203	1205	2	0.013340754
1203	1205	3	0.056629516
1203	1205	4	0.013045048
1203	1206	0	0.90367883
1203	1206	1	0.013817917
1203	1206	2	0.051759783
1203	1206	3	0.017592743
1203	1206	4	0.012216982
1204	1205	0	0.5462532
1204	1205	1	0.1541559
1204	1205	2	0.13083164
1204	1205	3	0.123093486
1204	1205	4	0.04489892
1204	1206	0	0.06141211
1204	1206	1	0.53384984
1204	1206	2	0.36241075
1204	1206	3	0.019143287
1204	1206	4	0.022500038
1205	1206	0	0.03530801
1205	1206	1	0.5262072
1205	1206	2	0.39203525
1205	1206	3	0.021422442
1205	1206	4	0.024395825
1202	1207	0	0.19552472
1202	1207	1	0.17378527
1202	1207	2	0.35010165
1202	1207	3	0.20222075
1202	1207	4	0.07836858
1202	1208	0	0.17095442
1202	1208	1	0.18883604
1202	1208	2	0.4966061
1202	1208	3	0.08199505
1202	1208	4	0.061622355
1202	1209	0	0.14868365
1202	1209	1	0.11417744
1202	1209	2	0.48601043
1202	1209	3	0.17437646
1202	1209	4	0.07678596
1202	1210	0	0.52804184
1202	1210	1	0.023135874
1202	1210	2	0.39560747
1202	1210	3	0.026471304
1202	1210	4	0.02680533
1203	1207	0	0.29289836
1203	1207	1	0.28675774
1203	1207	2	0.077076845
1203	1207	3	0.29685685
1203	1207	4	0.046394095
1203	1208	0	0.35017034
1203	1208	1	0.35995778
1203	1208	2	0.102368936
1203	1208	3	0.14391762
1203	1208	4	0.04362635
1203	1209	0	0.30880764
1203	1209	1	0.23981553
1203	1209	2	0.11373802
1203	1209	3	0.28377098
1203	1209	4	0.053870488
1203	1210	0	0.87354463
1203	1210	1	0.023282465
1203	1210	2	0.054930132
1203	1210	3	0.02885363
1203	1210	4	0.019479176
1204	1207	0	0.022988845
1204	1207	1	0.8493031
1204	1207	2	0.061293602
1204	1207	3	0.038236596
1204	1207	4	0.028238688
1204	1208	0	0.02316627
1204	1208	1	0.8478385
1204	1208	2	0.07155633
1204	1208	3	0.03071105
1204	1208	4	0.026800876
1204	1209	0	0.021880144
1204	1209	1	0.81774414
1204	1209	2	0.093103595
1204	1209	3	0.036666982
1204	1209	4	0.03071722
1204	1210	0	0.068610564
1204	1210	1	0.5113358
1204	1210	2	0.34905788
1204	1210	3	0.035736453
1204	1210	4	0.035317305
1205	1207	0	0.018091036
1205	1207	1	0.86462736
1205	1207	2	0.0585361
1205	1207	3	0.034503028
1205	1207	4	0.02428493
1205	1208	0	0.014599381
1205	1208	1	0.8524468
1205	1208	2	0.085740544
1205	1208	3	0.026287233
1205	1208	4	0.02099194
1205	1209	0	0.013209501
1205	1209	1	0.83665156
1205	1209	2	0.09358371
1205	1209	3	0.03261652
1205	1209	4	0.024042118
1205	1210	0	0.0384422
1205	1210	1	0.46530548
1205	1210	2	0.4416925
1205	1210	3	0.027250279
1205	1210	4	0.027384648
1206	1207	0	0.02944212
1206	1207	1	0.7854116
1206	1207	2	0.032440476
1206	1207	3	0.12553859
1206	1207	4	0.027166378
1206	1208	0	0.035601836
1206	1208	1	0.81286263
1206	1208	2	0.040314794
1206	1208	3	0.08050082
1206	1208	4	0.030737171
1206	1209	0	0.02996064
1206	1209	1	0.7489441
1206	1209	2	0.03973145
1206	1209	3	0.15106034
1206	1209	4	0.030351417
1206	1210	0	0.36300194
1206	1210	1	0.3268217
1206	1210	2	0.15271494
1206	1210	3	0.13450393
1206	1210	4	0.02304004
1207	1208	0	0.21811582
1207	1208	1	0.489407
1207	1208	2	0.15547852
1207	1208	3	0.101886876
1207	1208	4	0.035129625
1207	1209	0	0.2049838
1207	1209	1	0.34697506
1207	1209	2	0.20312428
1207	1209	3	0.19651806
1207	1209	4	0.048463423
1207	1210	0	0.8267569
1207	1210	1	0.024410179
1207	1210	2	0.111908056
1207	1210	3	0.022105418
1207	1210	4	0.01422454
1208	1209	0	0.2540006
1208	1209	1	0.3324151
1208	1209	2	0.090757325
1208	1209	3	0.27298266
1208	1209	4	0.049915306
1208	1210	0	0.90722454
1208	1210	1	0.01797084
1208	1210	2	0.0459716
1208	1210	3	0.017314143
1208	1210	4	0.010977225
1209	1210	0	0.88237023
1209	1210	1	0.014246189
1209	1210	2	0.0732891
1209	1210	3	0.01751141
1209	1210	4	0.012105156
1207	1211	0	0.20462221
1207	1211	1	0.3986492
1207	1211	2	0.18686563
1207	1211	3	0.16059023
1207	1211	4	0.04925519
1208	1211	0	0.28517333
1208	1211	1	0.4009771
1208	1211	2	0.07493867
1208	1211	3	0.19124427
1208	1211	4	0.047651287
1209	1211	0	0.31867194
1209	1211	1	0.28057632
1209	1211	2	0.14541733
1209	1211	3	0.20228016
1209	1211	4	0.0530544
1210	1211	0	0.032394547
1210	1211	1	0.8087628
1210	1211	2	0.03616676
1210	1211	3	0.08888542
1210	1211	4	0.033775523
1212	1213	0	0.015399928
1212	1213	1	0.80003655
1212	1213	2	0.12474291
1212	1213	3	0.03239504
1212	1213	4	0.02742108
1212	1214	0	0.023692023
1212	1214	1	0.76244074
1212	1214	2	0.07288506
1212	1214	3	0.115404986
1212	1214	4	0.02561852
1213	1214	0	0.22085038
1213	1214	1	0.32255793
1213	1214	2	0.04619096
1213	1214	3	0.38538173
1213	1214	4	0.02501009
1212	1215	0	0.0906469
1212	1215	1	0.14639314
1212	1215	2	0.068811215
1212	1215	3	0.6601791
1212	1215	4	0.03396917
1213	1215	0	0.24125266
1213	1215	1	0.02080531
1213	1215	2	0.01816357
1213	1215	3	0.7061806
1213	1215	4	0.013597444
1214	1215	0	0.5705101
1214	1215	1	0.023921143
1214	1215	2	0.07117723
1214	1215	3	0.3043759
1214	1215	4	0.03001551
1215	1216	0	0.18659618
1215	1216	1	0.19634946
1215	1216	2	0.4759864
1215	1216	3	0.09271631
1215	1216	4	0.048333917
1215	1217	0	0.04259002
1215	1217	1	0.10650734
1215	1217	2	0.64236915
1215	1217	3	0.17689046
1215	1217	4	0.03163707
1215	1218	0	0.04335777
1215	1218	1	0.1072823
1215	1218	2	0.52103895
1215	1218	3	0.27792132
1215	1218	4	0.050391372
1216	1217	0	0.049315557
1216	1217	1	0.4715
1216	1217	2	0.2668614
1216	1217	3	0.16505772
1216	1217	4	0.046743702
1216	1218	0	0.06748787
1216	1218	1	0.31794447
1216	1218	2	0.20265387
1216	1218	3	0.3448118
1216	1218	4	0.0665004
1217	1218	0	0.1291415
1217	1218	1	0.04356618
1217	1218	2	0.20615946
1217	1218	3	0.57718194
1217	1218	4	0.043548524
1216	1219	0	0.06438159
1216	1219	1	0.6572653
1216	1219	2	0.19056778
1216	1219	3	0.050627574
1216	1219	4	0.03713992
1216	1220	0	0.065446235
1216	1220	1	0.56569606
1216	1220	2	0.28235748
1216	1220	3	0.044108346
1216	1220	4	0.042376745
1216	1221	0	0.004712806
1216	1221	1	0.9004647
1216	1221	2	0.046907812
1216	1221	3	0.033692583
1216	1221	4	0.0142041445
1216	1222	0	0.021631572
1216	1222	1	0.70698714
1216	1222	2	0.22711554
1216	1222	3	0.022776542
1216	1222	4	0.021478765
1216	1223	0	0.025157914
1216	1223	1	0.6399945
1216	1223	2	0.28407213
1216	1223	3	0.025556156
1216	1223	4	0.025215542
1217	1219	0	0.2936053
1217	1219	1	0.21201222
1217	1219	2	0.37075576
1217	1219	3	0.09144541
1217	1219	4	0.03218323
1217	1220	0	0.120839655
1217	1220	1	0.22080564
1217	1220	2	0.55994457
1217	1220	3	0.064581
1217	1220	4	0.033821423
1217	1221	0	0.009791454
1217	1221	1	0.6900939
1217	1221	2	0.16510147
1217	1221	3	0.10444972
1217	1221	4	0.030554919
1217	1222	0	0.065449
1217	1222	1	0.19221346
1217	1222	2	0.6662724
1217	1222	3	0.048751846
1217	1222	4	0.027303783
1217	1223	0	0.055935904
1217	1223	1	0.14561695
1217	1223	2	0.7410952
1217	1223	3	0.034397855
1217	1223	4	0.02294575
1218	1219	0	0.25597525
1218	1219	1	0.13750087
1218	1219	2	0.48986349
1218	1219	3	0.07885908
1218	1219	4	0.03780362
1218	1220	0	0.12310296
1218	1220	1	0.10714779
1218	1220	2	0.67548484
1218	1220	3	0.05507239
1218	1220	4	0.039185233
1218	1221	0	0.019987004
1218	1221	1	0.46354762
1218	1221	2	0.32462335
1218	1221	3	0.14176941
1218	1221	4	0.05006713
1218	1222	0	0.04808878
1218	1222	1	0.14012276
1218	1222	2	0.7460589
1218	1222	3	0.038943667
1218	1222	4	0.026775569
1218	1223	0	0.03965225
1218	1223	1	0.10053423
1218	1223	2	0.80689555
1218	1223	3	0.02961343
1218	1223	4	0.023296252
1219	1220	0	0.23577508
1219	1220	1	0.322879
1219	1220	2	0.2745858
1219	1220	3	0.13598028
1219	1220	4	0.030940203
1219	1221	0	0.0068982407
1219	1221	1	0.8668255
1219	1221	2	0.036212515
1219	1221	3	0.07550943
1219	1221	4	0.014748128
1219	1222	0	0.057846338
1219	1222	1	0.5804352
1219	1222	2	0.26629442
1219	1222	3	0.0709608
1219	1222	4	0.024684556
1219	1223	0	0.06422705
1219	1223	1	0.5300104
1219	1223	2	0.3217938
1219	1223	3	0.060576968
1219	1223	4	0.023592
1220	1221	0	0.006012202
1220	1221	1	0.86724555
1220	1221	2	0.03141894
1220	1221	3	0.07855469
1220	1221	4	0.016950512
1220	1222	0	0.04797098
1220	1222	1	0.6344638
1220	1222	2	0.21973948
1220	1222	3	0.07125949
1220	1222	4	0.026724633
1220	1223	0	0.055741265
1220	1223	1	0.6026509
1220	1223	2	0.25370184
1220	1223	3	0.06370483
1220	1223	4	0.024397483
1221	1222	0	0.69118255
1221	1222	1	0.03135865
1221	1222	2	0.21303779
1221	1222	3	0.040947754
1221	1222	4	0.02360503
1221	1223	0	0.65320593
1221	1223	1	0.027643098
1221	1223	2	0.26226467
1221	1223	3	0.036325693
1221	1223	4	0.02074255
1222	1223	0	0.18326147
1222	1223	1	0.29331517
1222	1223	2	0.31563118
1222	1223	3	0.18247367
1222	1223	4	0.025439495
1219	1224	0	0.028697137
1219	1224	1	0.6314316
1219	1224	2	0.22131532
1219	1224	3	0.08348652
1219	1224	4	0.03505709
1220	1224	0	0.018265206
1220	1224	1	0.6951089
1220	1224	2	0.1802414
1220	1224	3	0.07428642
1220	1224	4	0.03207982
1221	1224	0	0.21648358
1221	1224	1	0.10125977
1221	1224	2	0.55336034
1221	1224	3	0.08166131
1221	1224	4	0.047226883
1222	1224	0	0.05820928
1222	1224	1	0.386706
1222	1224	2	0.2759086
1222	1224	3	0.2457451
1222	1224	4	0.033429317
1223	1224	0	0.07741404
1223	1224	1	0.36725983
1223	1224	2	0.21513805
1223	1224	3	0.30450293
1223	1224	4	0.03568717
1224	1225	0	0.7360383
1224	1225	1	0.012429664
1224	1225	2	0.021458576
1224	1225	3	0.2166729
1224	1225	4	0.013403194
1225	1226	0	0.0758986
1225	1226	1	0.08355126
1225	1226	2	0.16730402
1225	1226	3	0.63215834
1225	1226	4	0.041087862
1225	1227	0	0.031318337
1225	1227	1	0.72395295
1225	1227	2	0.15310517
1225	1227	3	0.05731307
1225	1227	4	0.034310676
1226	1227	0	0.018452602
1226	1227	1	0.5565602
1226	1227	2	0.34835327
1226	1227	3	0.04215967
1226	1227	4	0.034590498
1226	1228	0	0.021150317
1226	1228	1	0.3215816
1226	1228	2	0.5506659
1226	1228	3	0.06024128
1226	1228	4	0.04636047
1226	1229	0	0.010746436
1226	1229	1	0.57991415
1226	1229	2	0.32725853
1226	1229	3	0.048782356
1226	1229	4	0.03329803
1227	1228	0	0.4279264
1227	1228	1	0.23731051
1227	1228	2	0.11048816
1227	1228	3	0.15101337
1227	1228	4	0.073259346
1227	1229	0	0.16145533
1227	1229	1	0.58244246
1227	1229	2	0.0694402
1227	1229	3	0.14407927
1227	1229	4	0.04258451
1228	1229	0	0.038001478
1228	1229	1	0.8090819
1228	1229	2	0.06129045
1228	1229	3	0.071297735
1228	1229	4	0.020302363
1228	1230	0	0.0894008
1228	1230	1	0.078098685
1228	1230	2	0.044703193
1228	1230	3	0.7587314
1228	1230	4	0.02906554
1228	1231	0	0.88070524
1228	1231	1	0.01986171
1228	1231	2	0.042999778
1228	1231	3	0.03421977
1228	1231	4	0.022216627
1229	1230	0	0.15908055
1229	1230	1	0.07316928
1229	1230	2	0.05999798
1229	1230	3	0.67684966
1229	1230	4	0.03090231
1229	1231	0	0.95348495
1229	1231	1	0.0039139222
1229	1231	2	0.02270565
1229	1231	3	0.014365837
1229	1231	4	0.005529053
1230	1231	0	0.73131305
1230	1231	1	0.024774656
1230	1231	2	0.19118786
1230	1231	3	0.019024177
1230	1231	4	0.032897845
1230	1232	0	0.64254904
1230	1232	1	0.018231032
1230	1232	2	0.26973802
1230	1232	3	0.046884436
1230	1232	4	0.022580255
1231	1232	0	0.13085012
1231	1232	1	0.5453523
1231	1232	2	0.17210117
1231	1232	3	0.10645694
1231	1232	4	0.0451982
1232	1233	0	0.42526147
1232	1233	1	0.12796052
1232	1233	2	0.16586286
1232	1233	3	0.2528052
1232	1233	4	0.028264044
1232	1234	0	0.05767924
1232	1234	1	0.63169575
1232	1234	2	0.101572394
1232	1234	3	0.18041196
1232	1234	4	0.028752884
1232	1235	0	0.254973
1232	1235	1	0.25576434
1232	1235	2	0.19414808
1232	1235	3	0.25679955
1232	1235	4	0.03847079
1232	1236	0	0.03791654
1232	1236	1	0.70443845
1232	1236	2	0.10354515
1232	1236	3	0.12534714
1232	1236	4	0.028942708
1232	1237	0	0.064338274
1232	1237	1	0.65934247
1232	1237	2	0.09983387
1232	1237	3	0.11096583
1232	1237	4	0.06547835
1232	1238	0	0.043631926
1232	1238	1	0.7641272
1232	1238	2	0.06680973
1232	1238	3	0.07979673
1232	1238	4	0.04558827
1233	1234	0	0.050289545
1233	1234	1	0.45562914
1233	1234	2	0.16018392
1233	1234	3	0.29040083
1233	1234	4	0.04354335
1233	1235	0	0.16154936
1233	1235	1	0.20387866
1233	1235	2	0.32527173
1233	1235	3	0.25286254
1233	1235	4	0.056499083
1233	1236	0	0.03752126
1233	1236	1	0.66514885
1233	1236	2	0.14500518
1233	1236	3	0.110553585
1233	1236	4	0.041809123
1233	1237	0	0.036765445
1233	1237	1	0.7971777
1233	1237	2	0.067156196
1233	1237	3	0.054728586
1233	1237	4	0.04450167
1233	1238	0	0.032017034
1233	1238	1	0.8278108
1233	1238	2	0.046358146
1233	1238	3	0.05617779
1233	1238	4	0.03775226
1234	1235	0	0.43584964
1234	1235	1	0.071492754
1234	1235	2	0.24975678
1234	1235	3	0.18772505
1234	1235	4	0.05521716
1234	1236	0	0.119630426
1234	1236	1	0.36391538
1234	1236	2	0.31582505
1234	1236	3	0.14842378
1234	1236	4	0.05203177
1234	1237	0	0.053011782
1234	1237	1	0.6163359
1234	1237	2	0.17369798
1234	1237	3	0.1077663
1234	1237	4	0.049150523
1234	1238	0	0.050414864
1234	1238	1	0.68443185
1234	1238	2	0.10982415
1234	1238	3	0.10651355
1234	1238	4	0.04909087
1235	1236	0	0.03602506
1235	1236	1	0.7541681
1235	1236	2	0.106969155
1235	1236	3	0.06226157
1235	1236	4	0.040859368
1235	1237	0	0.03418138
1235	1237	1	0.82485235
1235	1237	2	0.050035387
1235	1237	3	0.050024662
1235	1237	4	0.041123983
1235	1238	0	0.032882284
1235	1238	1	0.83244604
1235	1238	2	0.038997006
1235	1238	3	0.05891037
1235	1238	4	0.037002284
1236	1237	0	0.0794793
1236	1237	1	0.5652211
1236	1237	2	0.14680642
1236	1237	3	0.15161179
1236	1237	4	0.0569019
1236	1238	0	0.080579884
1236	1238	1	0.55748445
1236	1238	2	0.11143412
1236	1238	3	0.20063545
1236	1238	4	0.049945455
1237	1238	0	0.07184961
1237	1238	1	0.76452136
1237	1238	2	0.029424839
1237	1238	3	0.08762644
1237	1238	4	0.04662967
1233	1239	0	0.058813505
1233	1239	1	0.35787156
1233	1239	2	0.48576045
1233	1239	3	0.07590879
1233	1239	4	0.021708287
1233	1240	0	0.31673047
1233	1240	1	0.15578811
1233	1240	2	0.33725995
1233	1240	3	0.15798394
1233	1240	4	0.032336276
1233	1241	0	0.077461265
1233	1241	1	0.3403332
1233	1241	2	0.47380695
1233	1241	3	0.08360938
1233	1241	4	0.02482364
1233	1242	0	0.007823102
1233	1242	1	0.86376137
1233	1242	2	0.07240094
1233	1242	3	0.04275203
1233	1242	4	0.013338394
1233	1243	0	0.04079097
1233	1243	1	0.49868128
1233	1243	2	0.35042313
1233	1243	3	0.076101534
1233	1243	4	0.034000706
1233	1244	0	0.009305029
1233	1244	1	0.8683918
1233	1244	2	0.071841285
1233	1244	3	0.03653006
1233	1244	4	0.0135513935
1233	1245	0	0.010695347
1233	1245	1	0.7653741
1233	1245	2	0.1087107
1233	1245	3	0.09903174
1233	1245	4	0.016330587
1234	1239	0	0.30157575
1234	1239	1	0.116260864
1234	1239	2	0.48004237
1234	1239	3	0.07607618
1234	1239	4	0.026122553
1234	1240	0	0.62964404
1234	1240	1	0.042256042
1234	1240	2	0.21771559
1234	1240	3	0.082673065
1234	1240	4	0.027815256
1234	1241	0	0.32420453
1234	1241	1	0.103783466
1234	1241	2	0.46832094
1234	1241	3	0.07114419
1234	1241	4	0.032616377
1234	1242	0	0.027007293
1234	1242	1	0.6482279
1234	1242	2	0.20444284
1234	1242	3	0.08762299
1234	1242	4	0.032613337
1234	1243	0	0.11826524
1234	1243	1	0.17671363
1234	1243	2	0.5994602
1234	1243	3	0.07228586
1234	1243	4	0.033322632
1234	1244	0	0.029402042
1234	1244	1	0.7070073
1234	1244	2	0.16610786
1234	1244	3	0.06471228
1234	1244	4	0.032694064
1234	1245	0	0.031117093
1234	1245	1	0.5864285
1234	1245	2	0.18410417
1234	1245	3	0.16518119
1234	1245	4	0.033274814
1235	1239	0	0.07140229
1235	1239	1	0.42254284
1235	1239	2	0.38415122
1235	1239	3	0.094710946
1235	1239	4	0.027117342
1235	1240	0	0.3916595
1235	1240	1	0.15679397
1235	1240	2	0.23856033
1235	1240	3	0.18446983
1235	1240	4	0.028617844
1235	1241	0	0.10987887
1235	1241	1	0.3692181
1235	1241	2	0.3861528
1235	1241	3	0.10411309
1235	1241	4	0.030603446
1235	1242	0	0.007948331
1235	1242	1	0.8506048
1235	1242	2	0.07432277
1235	1242	3	0.05240475
1235	1242	4	0.01481058
1235	1243	0	0.04615884
1235	1243	1	0.4852016
1235	1243	2	0.35127777
1235	1243	3	0.0863941
1235	1243	4	0.030878186
1235	1244	0	0.009461818
1235	1244	1	0.8612693
1235	1244	2	0.065066814
1235	1244	3	0.049790945
1235	1244	4	0.01426026
1235	1245	0	0.010710976
1235	1245	1	0.7477076
1235	1245	2	0.0991699
1235	1245	3	0.1254362
1235	1245	4	0.017083691
1236	1239	0	0.5106428
1236	1239	1	0.056488276
1236	1239	2	0.31688955
1236	1239	3	0.08904082
1236	1239	4	0.027031697
1236	1240	0	0.8474667
1236	1240	1	0.011274375
1236	1240	2	0.064212784
1236	1240	3	0.06151358
1236	1240	4	0.015655426
1236	1241	0	0.64897656
1236	1241	1	0.044352766
1236	1241	2	0.20920853
1236	1241	3	0.069816515
1236	1241	4	0.02773366
1236	1242	0	0.068184465
1236	1242	1	0.48607245
1236	1242	2	0.20086853
1236	1242	3	0.20502062
1236	1242	4	0.039942246
1236	1243	0	0.37619206
1236	1243	1	0.09049901
1236	1243	2	0.38233042
1236	1243	3	0.11175461
1236	1243	4	0.039293308
1236	1244	0	0.061260283
1236	1244	1	0.595165
1236	1244	2	0.17259127
1236	1244	3	0.12721145
1236	1244	4	0.043853078
1236	1245	0	0.055187445
1236	1245	1	0.35485882
1236	1245	2	0.1762322
1236	1245	3	0.37678298
1236	1245	4	0.03700737
1237	1239	0	0.81816113
1237	1239	1	0.030569412
1237	1239	2	0.0963517
1237	1239	3	0.039111964
1237	1239	4	0.015936188
1237	1240	0	0.9271123
1237	1240	1	0.008705719
1237	1240	2	0.019881522
1237	1240	3	0.033320498
1237	1240	4	0.011070539
1237	1241	0	0.7835128
1237	1241	1	0.058670733
1237	1241	2	0.09105431
1237	1241	3	0.04396276
1237	1241	4	0.022896253
1237	1242	0	0.07394077
1237	1242	1	0.69696194
1237	1242	2	0.08054843
1237	1242	3	0.10305679
1237	1242	4	0.0454415
1237	1243	0	0.62735045
1237	1243	1	0.107932635
1237	1243	2	0.16049017
1237	1243	3	0.07229172
1237	1243	4	0.032043427
1237	1244	0	0.07575463
1237	1244	1	0.73818445
1237	1244	2	0.068430595
1237	1244	3	0.071843706
1237	1244	4	0.04554833
1237	1245	0	0.05709101
1237	1245	1	0.6670068
1237	1245	2	0.077420585
1237	1245	3	0.15671533
1237	1245	4	0.041664407
1238	1239	0	0.8628278
1238	1239	1	0.014360574
1238	1239	2	0.0815396
1238	1239	3	0.029918259
1238	1239	4	0.011463809
1238	1240	0	0.939402
1238	1240	1	0.0052715787
1238	1240	2	0.01610418
1238	1240	3	0.029041814
1238	1240	4	0.010247167
1238	1241	0	0.8622061
1238	1241	1	0.02616553
1238	1241	2	0.06874651
1238	1241	3	0.027401773
1238	1241	4	0.015609589
1238	1242	0	0.17247307
1238	1242	1	0.52070695
1238	1242	2	0.13421935
1238	1242	3	0.13209556
1238	1242	4	0.04047308
1238	1243	0	0.73613006
1238	1243	1	0.046465274
1238	1243	2	0.1487178
1238	1243	3	0.047137156
1238	1243	4	0.021643108
1238	1244	0	0.14641212
1238	1244	1	0.58657306
1238	1244	2	0.13291982
1238	1244	3	0.08746249
1238	1244	4	0.046507668
1238	1245	0	0.091377154
1238	1245	1	0.5325301
1238	1245	2	0.119050786
1238	1245	3	0.21392018
1238	1245	4	0.043120276
1239	1240	0	0.48814443
1239	1240	1	0.083500475
1239	1240	2	0.16866486
1239	1240	3	0.21791588
1239	1240	4	0.04019975
1239	1241	0	0.1403971
1239	1241	1	0.4404895
1239	1241	2	0.26882553
1239	1241	3	0.10810821
1239	1241	4	0.040705044
1239	1242	0	0.017097035
1239	1242	1	0.8869635
1239	1242	2	0.026028452
1239	1242	3	0.042288713
1239	1242	4	0.025555586
1239	1243	0	0.078286976
1239	1243	1	0.5705332
1239	1243	2	0.20048164
1239	1243	3	0.110319935
1239	1243	4	0.038879406
1239	1244	0	0.01790099
1239	1244	1	0.8917626
1239	1244	2	0.023624653
1239	1244	3	0.040094424
1239	1244	4	0.024826527
1239	1245	0	0.019512266
1239	1245	1	0.82856035
1239	1245	2	0.031025738
1239	1245	3	0.09085469
1239	1245	4	0.028366083
1240	1241	0	0.025473375
1240	1241	1	0.6785472
1240	1241	2	0.2298164
1240	1241	3	0.028384216
1240	1241	4	0.0362865
1240	1242	0	0.012367501
1240	1242	1	0.91235214
1240	1242	2	0.03604602
1240	1242	3	0.014839203
1240	1242	4	0.022495892
1240	1243	0	0.020407898
1240	1243	1	0.7171947
1240	1243	2	0.19940019
1240	1243	3	0.027810948
1240	1243	4	0.033488736
1240	1244	0	0.013895628
1240	1244	1	0.914672
1240	1244	2	0.032571092
1240	1244	3	0.015046735
1240	1244	4	0.022116793
1240	1245	0	0.01576845
1240	1245	1	0.8835929
1240	1245	2	0.041118965
1240	1245	3	0.031568713
1240	1245	4	0.026273102
1241	1242	0	0.01280681
1241	1242	1	0.924676
1241	1242	2	0.01163107
1241	1242	3	0.029810864
1241	1242	4	0.019146446
1241	1243	0	0.095206924
1241	1243	1	0.699496
1241	1243	2	0.09035015
1241	1243	3	0.08445937
1241	1243	4	0.02899467
1241	1244	0	0.016569098
1241	1244	1	0.92718273
1241	1244	2	0.011288725
1241	1244	3	0.021835146
1241	1244	4	0.021140195
1241	1245	0	0.014900067
1241	1245	1	0.88898474
1241	1245	2	0.017989345
1241	1245	3	0.055764284
1241	1245	4	0.02073458
1242	1243	0	0.82306325
1242	1243	1	0.042317417
1242	1243	2	0.063671276
1242	1243	3	0.044528633
1242	1243	4	0.024650872
1242	1244	0	0.123769805
1242	1244	1	0.71675557
1242	1244	2	0.056598928
1242	1244	3	0.06347859
1242	1244	4	0.03751366
1242	1245	0	0.11378128
1242	1245	1	0.5873458
1242	1245	2	0.07096618
1242	1245	3	0.18344045
1242	1245	4	0.042800717
1243	1244	0	0.015985288
1243	1244	1	0.92309856
1243	1244	2	0.014051727
1243	1244	3	0.025414553
1243	1244	4	0.019691536
1243	1245	0	0.01659845
1243	1245	1	0.8640371
1243	1245	2	0.020072218
1243	1245	3	0.07434126
1243	1245	4	0.023096664
1244	1245	0	0.13134675
1244	1245	1	0.6096821
1244	1245	2	0.061010595
1244	1245	3	0.15428455
1244	1245	4	0.042043235
1239	1246	0	0.039390214
1239	1246	1	0.71511674
1239	1246	2	0.14125532
1239	1246	3	0.07905044
1239	1246	4	0.02510027
1239	1247	0	0.012054765
1239	1247	1	0.80057484
1239	1247	2	0.037829828
1239	1247	3	0.12927966
1239	1247	4	0.019855428
1239	1248	0	0.023727914
1239	1248	1	0.8233337
1239	1248	2	0.08414125
1239	1248	3	0.049343124
1239	1248	4	0.019281743
1239	1249	0	0.01646736
1239	1249	1	0.71324354
1239	1249	2	0.11327126
1239	1249	3	0.13514872
1239	1249	4	0.021910444
1240	1246	0	0.0120851435
1240	1246	1	0.76326555
1240	1246	2	0.17185654
1240	1246	3	0.027805649
1240	1246	4	0.024733497
1240	1247	0	0.006810434
1240	1247	1	0.86938643
1240	1247	2	0.049726065
1240	1247	3	0.05586039
1240	1247	4	0.017844092
1240	1248	0	0.009694641
1240	1248	1	0.8386872
1240	1248	2	0.109739915
1240	1248	3	0.023838049
1240	1248	4	0.017961025
1240	1249	0	0.0098171495
1240	1249	1	0.7598637
1240	1249	2	0.1464143
1240	1249	3	0.059776902
1240	1249	4	0.024052305
1241	1246	0	0.048376817
1241	1246	1	0.79398686
1241	1246	2	0.07309701
1241	1246	3	0.06653487
1241	1246	4	0.01760967
1241	1247	0	0.010983249
1241	1247	1	0.8192127
1241	1247	2	0.022189613
1241	1247	3	0.13237028
1241	1247	4	0.014812224
1241	1248	0	0.021072788
1241	1248	1	0.88188016
1241	1248	2	0.0416022
1241	1248	3	0.041401483
1241	1248	4	0.013608943
1241	1249	0	0.016554689
1241	1249	1	0.7831997
1241	1249	2	0.059899423
1241	1249	3	0.123327196
1241	1249	4	0.016850397
1242	1246	0	0.8179591
1242	1246	1	0.049016193
1242	1246	2	0.07600519
1242	1246	3	0.042109437
1242	1246	4	0.014796126
1242	1247	0	0.26092744
1242	1247	1	0.26511616
1242	1247	2	0.086805314
1242	1247	3	0.35170683
1242	1247	4	0.035416145
1242	1248	0	0.69286895
1242	1248	1	0.13854882
1242	1248	2	0.09500304
1242	1248	3	0.05364856
1242	1248	4	0.019858489
1242	1249	0	0.35151246
1242	1249	1	0.22355211
1242	1249	2	0.17620097
1242	1249	3	0.21688893
1242	1249	4	0.031907387
1243	1246	0	0.2340485
1243	1246	1	0.49294648
1243	1246	2	0.114822604
1243	1246	3	0.12900403
1243	1246	4	0.029177317
1243	1247	0	0.028431468
1243	1247	1	0.7409801
1243	1247	2	0.032403253
1243	1247	3	0.17354704
1243	1247	4	0.024557117
1243	1248	0	0.06452121
1243	1248	1	0.76610553
1243	1248	2	0.06512761
1243	1248	3	0.074970745
1243	1248	4	0.028942108
1243	1249	0	0.03408164
1243	1249	1	0.6218114
1243	1249	2	0.080927074
1243	1249	3	0.23963922
1243	1249	4	0.023545261
1244	1246	0	0.8675586
1244	1246	1	0.031142585
1244	1246	2	0.05487133
1244	1246	3	0.031952344
1244	1246	4	0.014352188
1244	1247	0	0.27019098
1244	1247	1	0.35357338
1244	1247	2	0.06683232
1244	1247	3	0.2781517
1244	1247	4	0.030497152
1244	1248	0	0.72123015
1244	1248	1	0.1293291
1244	1248	2	0.07839718
1244	1248	3	0.04911819
1244	1248	4	0.02167915
1244	1249	0	0.40410495
1244	1249	1	0.23021428
1244	1249	2	0.16035219
1244	1249	3	0.17135137
1244	1249	4	0.03400034
1245	1246	0	0.81091607
1245	1246	1	0.022076957
1245	1246	2	0.11261735
1245	1246	3	0.03720171
1245	1246	4	0.017053556
1245	1247	0	0.28543323
1245	1247	1	0.1363771
1245	1247	2	0.119420275
1245	1247	3	0.4249343
1245	1247	4	0.03387493
1245	1248	0	0.74260134
1245	1248	1	0.048294414
1245	1248	2	0.14243531
1245	1248	3	0.045068517
1245	1248	4	0.02134537
1245	1249	0	0.3816784
1245	1249	1	0.11358904
1245	1249	2	0.28387222
1245	1249	3	0.17907569
1245	1249	4	0.04182733
1246	1247	0	0.051902696
1246	1247	1	0.6300294
1246	1247	2	0.026339866
1246	1247	3	0.24741358
1246	1247	4	0.05031437
1246	1248	0	0.0827813
1246	1248	1	0.7333779
1246	1248	2	0.05577394
1246	1248	3	0.08053894
1246	1248	4	0.055439558
1246	1249	0	0.062621
1246	1249	1	0.55432343
1246	1249	2	0.079668924
1246	1249	3	0.25235066
1246	1249	4	0.058764268
1247	1248	0	0.3735141
1247	1248	1	0.20702688
1247	1248	2	0.28620404
1247	1248	3	0.06860968
1247	1248	4	0.071945935
1247	1249	0	0.15892844
1247	1249	1	0.1745409
1247	1249	2	0.41474637
1247	1249	3	0.19478124
1247	1249	4	0.062451694
1248	1249	0	0.086269915
1248	1249	1	0.59390366
1248	1249	2	0.08218285
1248	1249	3	0.18469527
1248	1249	4	0.060024645
1246	1250	0	0.081642576
1246	1250	1	0.03739605
1246	1250	2	0.030314274
1246	1250	3	0.83160347
1246	1250	4	0.019073166
1246	1251	0	0.030212907
1246	1251	1	0.20148668
1246	1251	2	0.026277598
1246	1251	3	0.7191529
1246	1251	4	0.02294487
1247	1250	0	0.5511538
1247	1250	1	0.013298477
1247	1250	2	0.091275595
1247	1250	3	0.3208415
1247	1250	4	0.0236024
1247	1251	0	0.23216808
1247	1251	1	0.047429983
1247	1251	2	0.09892948
1247	1251	3	0.58266824
1247	1251	4	0.038935144
1248	1250	0	0.2493916
1248	1250	1	0.015480453
1248	1250	2	0.025677547
1248	1250	3	0.6912765
1248	1250	4	0.01824427
1248	1251	0	0.08954467
1248	1251	1	0.08528415
1248	1251	2	0.023981482
1248	1251	3	0.7799485
1248	1251	4	0.021292472
1249	1250	0	0.3319851
1249	1250	1	0.009842576
1249	1250	2	0.04330018
1249	1250	3	0.5955201
1249	1250	4	0.019444551
1249	1251	0	0.16128604
1249	1251	1	0.050533403
1249	1251	2	0.04993527
1249	1251	3	0.71071607
1249	1251	4	0.027608857
1250	1251	0	0.04325516
1250	1251	1	0.20193861
1250	1251	2	0.116688795
1250	1251	3	0.5854427
1250	1251	4	0.05589874
1250	1252	0	0.026854299
1250	1252	1	0.42918873
1250	1252	2	0.42012393
1250	1252	3	0.089945816
1250	1252	4	0.033871233
1250	1253	0	0.054009974
1250	1253	1	0.1456371
1250	1253	2	0.5660466
1250	1253	3	0.19578391
1250	1253	4	0.03851207
1250	1254	0	0.014190824
1250	1254	1	0.4265434
1250	1254	2	0.36590427
1250	1254	3	0.15487854
1250	1254	4	0.038465433
1251	1252	0	0.08007469
1251	1252	1	0.140081
1251	1252	2	0.7039906
1251	1252	3	0.04435991
1251	1252	4	0.03148362
1251	1253	0	0.1478362
1251	1253	1	0.04046565
1251	1253	2	0.7006932
1251	1253	3	0.07725635
1251	1253	4	0.033743102
1251	1254	0	0.03042356
1251	1254	1	0.15452538
1251	1254	2	0.6815976
1251	1254	3	0.09217536
1251	1254	4	0.041273188
1252	1253	0	0.21678758
1252	1253	1	0.13043368
1252	1253	2	0.2641231
1252	1253	3	0.34739092
1252	1253	4	0.040260937
1252	1254	0	0.030011969
1252	1254	1	0.546286
1252	1254	2	0.16472217
1252	1254	3	0.2190956
1252	1254	4	0.038470242
1253	1254	0	0.025341416
1253	1254	1	0.34650823
1253	1254	2	0.21393155
1253	1254	3	0.37800294
1253	1254	4	0.035256874
1252	1255	0	0.16470061
1252	1255	1	0.20119007
1252	1255	2	0.42071837
1252	1255	3	0.17595395
1252	1255	4	0.0374312
1252	1256	0	0.070138864
1252	1256	1	0.05823824
1252	1256	2	0.12564757
1252	1256	3	0.7152574
1252	1256	4	0.030710274
1252	1257	0	0.041794334
1252	1257	1	0.129499
1252	1257	2	0.050753046
1252	1257	3	0.74460196
1252	1257	4	0.033342555
1253	1255	0	0.05886679
1253	1255	1	0.3177611
1253	1255	2	0.38553572
1253	1255	3	0.20609458
1253	1255	4	0.031739406
1253	1256	0	0.03347438
1253	1256	1	0.06281671
1253	1256	2	0.07124467
1253	1256	3	0.80910295
1253	1256	4	0.023355102
1253	1257	0	0.02213453
1253	1257	1	0.11000278
1253	1257	2	0.035891324
1253	1257	3	0.80769354
1253	1257	4	0.024269357
1254	1255	0	0.43124205
1254	1255	1	0.03372473
1254	1255	2	0.29121098
1254	1255	3	0.20726594
1254	1255	4	0.036557607
1254	1256	0	0.16523767
1254	1256	1	0.013546918
1254	1256	2	0.08134096
1254	1256	3	0.7087756
1254	1256	4	0.031090917
1254	1257	0	0.086016014
1254	1257	1	0.016235888
1254	1257	2	0.036037866
1254	1257	3	0.8350547
1254	1257	4	0.02664868
1255	1256	0	0.23618537
1255	1256	1	0.026794586
1255	1256	2	0.04660621
1255	1256	3	0.66605985
1255	1256	4	0.023943683
1255	1257	0	0.14372693
1255	1257	1	0.042633805
1255	1257	2	0.024994893
1255	1257	3	0.76658815
1255	1257	4	0.02158465
1256	1257	0	0.053370286
1256	1257	1	0.1031156
1256	1257	2	0.17103896
1256	1257	3	0.6263219
1256	1257	4	0.045838203
1255	1258	0	0.3475607
1255	1258	1	0.1893592
1255	1258	2	0.24491501
1255	1258	3	0.1869228
1255	1258	4	0.031235546
1255	1259	0	0.015256385
1255	1259	1	0.6127294
1255	1259	2	0.042673357
1255	1259	3	0.3077628
1255	1259	4	0.021567123
1256	1258	0	0.06773405
1256	1258	1	0.15902922
1256	1258	2	0.68333185
1256	1258	3	0.0585687
1256	1258	4	0.031329438
1256	1259	0	0.010571455
1256	1259	1	0.5581648
1256	1259	2	0.22696628
1256	1259	3	0.16976516
1256	1259	4	0.034525905
1257	1258	0	0.04666722
1257	1258	1	0.051175375
1257	1258	2	0.85063964
1257	1258	3	0.021872245
1257	1258	4	0.029640032
1257	1259	0	0.012430211
1257	1259	1	0.4244682
1257	1259	2	0.42826056
1257	1259	3	0.08858524
1257	1259	4	0.046251986
1258	1259	0	0.012627908
1258	1259	1	0.6863641
1258	1259	2	0.024148524
1258	1259	3	0.25492877
1258	1259	4	0.02084842
1258	1260	0	0.34214887
1258	1260	1	0.0771961
1258	1260	2	0.13909794
1258	1260	3	0.41498017
1258	1260	4	0.026579354
1258	1261	0	0.006544369
1258	1261	1	0.9056845
1258	1261	2	0.026439942
1258	1261	3	0.051430978
1258	1261	4	0.009905025
1259	1260	0	0.7455207
1259	1260	1	0.007207484
1259	1260	2	0.1597447
1259	1260	3	0.06892047
1259	1260	4	0.018609077
1259	1261	0	0.13650577
1259	1261	1	0.22951174
1259	1261	2	0.4248213
1259	1261	3	0.14371043
1259	1261	4	0.06545323
1260	1261	0	0.026465544
1260	1261	1	0.82925993
1260	1261	2	0.05895586
1260	1261	3	0.048900947
1260	1261	4	0.035656516
1260	1262	0	0.04513935
1260	1262	1	0.4627856
1260	1262	2	0.28286174
1260	1262	3	0.17508624
1260	1262	4	0.034121167
1260	1263	0	0.031427972
1260	1263	1	0.0644768
1260	1263	2	0.056021538
1260	1263	3	0.82337487
1260	1263	4	0.024694944
1261	1262	0	0.76112294
1261	1262	1	0.033874404
1261	1262	2	0.08883823
1261	1262	3	0.07992426
1261	1262	4	0.036228172
1261	1263	0	0.5102952
1261	1263	1	0.010020338
1261	1263	2	0.0489138
1261	1263	3	0.40007007
1261	1263	4	0.030685563
1262	1263	0	0.1570979
1262	1263	1	0.026034068
1262	1263	2	0.04525595
1262	1263	3	0.745954
1262	1263	4	0.024952
1262	1264	0	0.15975957
1262	1264	1	0.43312183
1262	1264	2	0.14140299
1262	1264	3	0.23447716
1262	1264	4	0.03121548
1262	1265	0	0.21061978
1262	1265	1	0.37864366
1262	1265	2	0.18551977
1262	1265	3	0.198491
1262	1265	4	0.026728205
1262	1266	0	0.18518713
1262	1266	1	0.19711289
1262	1266	2	0.10955061
1262	1266	3	0.47489965
1262	1266	4	0.033229977
1262	1267	0	0.024066309
1262	1267	1	0.74944043
1262	1267	2	0.051169995
1262	1267	3	0.15433142
1262	1267	4	0.02099721
1262	1268	0	0.5836329
1262	1268	1	0.08995645
1262	1268	2	0.096205294
1262	1268	3	0.19079341
1262	1268	4	0.039429102
1263	1264	0	0.06854281
1263	1264	1	0.1018839
1263	1264	2	0.7116993
1263	1264	3	0.07335044
1263	1264	4	0.044515267
1263	1265	0	0.061343014
1263	1265	1	0.07780949
1263	1265	2	0.78299683
1263	1265	3	0.045226693
1263	1265	4	0.03264097
1263	1266	0	0.07835918
1263	1266	1	0.06434176
1263	1266	2	0.6588047
1263	1266	3	0.14231384
1263	1266	4	0.056178916
1263	1267	0	0.0228675
1263	1267	1	0.32985792
1263	1267	2	0.4925639
1263	1267	3	0.09861974
1263	1267	4	0.056072734
1263	1268	0	0.23113099
1263	1268	1	0.053937756
1263	1268	2	0.6040724
1263	1268	3	0.061197683
1263	1268	4	0.049645398
1264	1265	0	0.1826677
1264	1265	1	0.23653555
1264	1265	2	0.45210323
1264	1265	3	0.09331181
1264	1265	4	0.03472092
1264	1266	0	0.21984062
1264	1266	1	0.15194207
1264	1266	2	0.357239
1264	1266	3	0.21922636
1264	1266	4	0.051001996
1264	1267	0	0.027991254
1264	1267	1	0.7260147
1264	1267	2	0.13501546
1264	1267	3	0.079539455
1264	1267	4	0.03050872
1264	1268	0	0.55422616
1264	1268	1	0.06916697
1264	1268	2	0.268268
1264	1268	3	0.06680359
1264	1268	4	0.04053786
1265	1266	0	0.28913796
1265	1266	1	0.23893866
1265	1266	2	0.10791383
1265	1266	3	0.30164188
1265	1266	4	0.06170706
1265	1267	0	0.028033404
1265	1267	1	0.8358238
1265	1267	2	0.03520119
1265	1267	3	0.071914665
1265	1267	4	0.027510777
1265	1268	0	0.6931305
1265	1268	1	0.12000074
1265	1268	2	0.0714763
1265	1268	3	0.08044601
1265	1268	4	0.033767052
1266	1267	0	0.019507924
1266	1267	1	0.795063
1266	1267	2	0.078357786
1266	1267	3	0.07002981
1266	1267	4	0.035588086
1266	1268	0	0.80942297
1266	1268	1	0.03848288
1266	1268	2	0.06933276
1266	1268	3	0.05390066
1266	1268	4	0.02764261
1267	1268	0	0.931248
1267	1268	1	0.008572561
1267	1268	2	0.018856134
1267	1268	3	0.026032964
1267	1268	4	0.0139515065
1264	1269	0	0.20928212
1264	1269	1	0.15405229
1264	1269	2	0.5585582
1264	1269	3	0.051916417
1264	1269	4	0.026171457
1264	1270	0	0.072807744
1264	1270	1	0.23920593
1264	1270	2	0.50002337
1264	1270	3	0.14627208
1264	1270	4	0.041675765
1264	1271	0	0.019058835
1264	1271	1	0.6606862
1264	1271	2	0.11720066
1264	1271	3	0.17299762
1264	1271	4	0.030037353
1265	1269	0	0.32796657
1265	1269	1	0.37583366
1265	1269	2	0.1846991
1265	1269	3	0.07650611
1265	1269	4	0.034961067
1265	1270	0	0.08494071
1265	1270	1	0.57261854
1265	1270	2	0.14369567
1265	1270	3	0.1487252
1265	1270	4	0.049998756
1265	1271	0	0.012413267
1265	1271	1	0.82930756
1265	1271	2	0.029785724
1265	1271	3	0.10683916
1265	1271	4	0.021678532
1266	1269	0	0.38018927
1266	1269	1	0.15559259
1266	1269	2	0.34081945
1266	1269	3	0.08133693
1266	1269	4	0.042036783
1266	1270	0	0.11482307
1266	1270	1	0.3207759
1266	1270	2	0.2890854
1266	1270	3	0.21194945
1266	1270	4	0.06334481
1266	1271	0	0.015329553
1266	1271	1	0.67925674
1266	1271	2	0.08116974
1266	1271	3	0.19060434
1266	1271	4	0.033616655
1267	1269	0	0.8947178
1267	1269	1	0.009934288
1267	1269	2	0.058416292
1267	1269	3	0.027015723
1267	1269	4	0.009888401
1267	1270	0	0.67757434
1267	1270	1	0.027886936
1267	1270	2	0.12795644
1267	1270	3	0.13889323
1267	1270	4	0.027664402
1267	1271	0	0.20854951
1267	1271	1	0.14949264
1267	1271	2	0.10006245
1267	1271	3	0.4964881
1267	1271	4	0.04538874
1268	1269	0	0.29089004
1268	1269	1	0.3480665
1268	1269	2	0.23450786
1268	1269	3	0.08665259
1268	1269	4	0.039855354
1268	1270	0	0.06473099
1268	1270	1	0.5891572
1268	1270	2	0.13499728
1268	1270	3	0.16345863
1268	1270	4	0.04761574
1268	1271	0	0.009060228
1268	1271	1	0.8435889
1268	1271	2	0.033477504
1268	1271	3	0.096381046
1268	1271	4	0.017464919
1269	1270	0	0.07691742
1269	1270	1	0.41814584
1269	1270	2	0.12559588
1269	1270	3	0.32179672
1269	1270	4	0.057296626
1269	1271	0	0.033474907
1269	1271	1	0.8283044
1269	1271	2	0.02098826
1269	1271	3	0.07547339
1269	1271	4	0.041899245
1270	1271	0	0.030708019
1270	1271	1	0.7446103
1270	1271	2	0.036354683
1270	1271	3	0.14771424
1270	1271	4	0.040017333
1269	1272	0	0.011619515
1269	1272	1	0.82933223
1269	1272	2	0.03272796
1269	1272	3	0.10341921
1269	1272	4	0.023042528
1269	1273	0	0.04829689
1269	1273	1	0.7087447
1269	1273	2	0.13999288
1269	1273	3	0.06076648
1269	1273	4	0.042286463
1270	1272	0	0.030257707
1270	1272	1	0.6570065
1270	1272	2	0.05545058
1270	1272	3	0.21621647
1270	1272	4	0.041174214
1270	1273	0	0.123184204
1270	1273	1	0.53356254
1270	1273	2	0.23887345
1270	1273	3	0.076497935
1270	1273	4	0.028040675
1271	1272	0	0.1588498
1271	1272	1	0.11290252
1271	1272	2	0.34550333
1271	1272	3	0.31683457
1271	1272	4	0.06598863
1271	1273	0	0.4368357
1271	1273	1	0.04569429
1271	1273	2	0.4526033
1271	1273	3	0.035649743
1271	1273	4	0.029308805
1272	1273	0	0.5938808
1272	1273	1	0.072699375
1272	1273	2	0.26958224
1272	1273	3	0.022012407
1272	1273	4	0.04261104
1272	1274	0	0.26386276
1272	1274	1	0.11663259
1272	1274	2	0.30288243
1272	1274	3	0.26380986
1272	1274	4	0.05280147
1272	1275	0	0.11854518
1272	1275	1	0.40445957
1272	1275	2	0.23202603
1272	1275	3	0.19929756
1272	1275	4	0.045676757
1272	1276	0	0.08894168
1272	1276	1	0.42263916
1272	1276	2	0.27414906
1272	1276	3	0.16303642
1272	1276	4	0.051259186
1272	1277	0	0.869585
1272	1277	1	0.008026455
1272	1277	2	0.03175398
1272	1277	3	0.07517155
1272	1277	4	0.015486948
1272	1278	0	0.9231219
1272	1278	1	0.004145858
1272	1278	2	0.023483
1272	1278	3	0.039385322
1272	1278	4	0.009927535
1273	1274	0	0.06059591
1273	1274	1	0.26932126
1273	1274	2	0.0621432
1273	1274	3	0.5835232
1273	1274	4	0.02440622
1273	1275	0	0.030555384
1273	1275	1	0.57166684
1273	1275	2	0.046468426
1273	1275	3	0.32567394
1273	1275	4	0.025616728
1273	1276	0	0.035342358
1273	1276	1	0.6092667
1273	1276	2	0.054455437
1273	1276	3	0.26624724
1273	1276	4	0.03467419
1273	1277	0	0.5915692
1273	1277	1	0.022180859
1273	1277	2	0.018778969
1273	1277	3	0.34979826
1273	1277	4	0.01767999
1273	1278	0	0.8023509
1273	1278	1	0.0183802
1273	1278	2	0.019664729
1273	1278	3	0.14334166
1273	1278	4	0.016321246
1274	1275	0	0.01722849
1274	1275	1	0.6540851
1274	1275	2	0.09511516
1274	1275	3	0.20110114
1274	1275	4	0.03240998
1274	1276	0	0.019975357
1274	1276	1	0.6301913
1274	1276	2	0.10383771
1274	1276	3	0.20993878
1274	1276	4	0.035961017
1274	1277	0	0.6673849
1274	1277	1	0.025449313
1274	1277	2	0.03950829
1274	1277	3	0.2384849
1274	1277	4	0.028918229
1274	1278	0	0.8504762
1274	1278	1	0.012566241
1274	1278	2	0.029352434
1274	1278	3	0.09040308
1274	1278	4	0.016819557
1275	1276	0	0.07709706
1275	1276	1	0.35356474
1275	1276	2	0.2950403
1275	1276	3	0.22144537
1275	1276	4	0.05288935
1275	1277	0	0.8634678
1275	1277	1	0.0077300146
1275	1277	2	0.037913863
1275	1277	3	0.07218516
1275	1277	4	0.018427467
1275	1278	0	0.90413016
1275	1278	1	0.0061114277
1275	1278	2	0.035554845
1275	1278	3	0.039830156
1275	1278	4	0.0138235
1276	1277	0	0.921791
1276	1277	1	0.0059365276
1276	1277	2	0.024996502
1276	1277	3	0.034615055
1276	1277	4	0.012244382
1276	1278	0	0.9350172
1276	1278	1	0.004935388
1276	1278	2	0.020877175
1276	1278	3	0.02816793
1276	1278	4	0.010461898
1277	1278	0	0.2619471
1277	1278	1	0.10838939
1277	1278	2	0.2824391
1277	1278	3	0.27082717
1277	1278	4	0.07639446
1274	1279	0	0.2096507
1274	1279	1	0.31050724
1274	1279	2	0.24666469
1274	1279	3	0.19565368
1274	1279	4	0.03751855
1274	1280	0	0.033816297
1274	1280	1	0.6823097
1274	1280	2	0.18603896
1274	1280	3	0.06966964
1274	1280	4	0.028159624
1274	1281	0	0.024494406
1274	1281	1	0.70752496
1274	1281	2	0.1921873
1274	1281	3	0.054719504
1274	1281	4	0.021070195
1275	1279	0	0.38343135
1275	1279	1	0.06972657
1275	1279	2	0.42846686
1275	1279	3	0.07899212
1275	1279	4	0.039373897
1275	1280	0	0.118766375
1275	1280	1	0.23056053
1275	1280	2	0.55223674
1275	1280	3	0.057238378
1275	1280	4	0.04118824
1275	1281	0	0.09608147
1275	1281	1	0.23382303
1275	1281	2	0.59205586
1275	1281	3	0.04394352
1275	1281	4	0.034088068
1276	1279	0	0.587145
1276	1279	1	0.043029316
1276	1279	2	0.27041873
1276	1279	3	0.06693817
1276	1279	4	0.032465205
1276	1280	0	0.26946667
1276	1280	1	0.18547367
1276	1280	2	0.4479166
1276	1280	3	0.050662298
1276	1280	4	0.04647069
1276	1281	0	0.24254316
1276	1281	1	0.17877369
1276	1281	2	0.5052204
1276	1281	3	0.039255153
1276	1281	4	0.03419799
1277	1279	0	0.015456519
1277	1279	1	0.4959053
1277	1279	2	0.41067165
1277	1279	3	0.046584785
1277	1279	4	0.031377994
1277	1280	0	0.007813289
1277	1280	1	0.74479973
1277	1280	2	0.20225634
1277	1280	3	0.021900829
1277	1280	4	0.023220278
1277	1281	0	0.0058636162
1277	1281	1	0.7443372
1277	1281	2	0.21034445
1277	1281	3	0.019217331
1277	1281	4	0.020226339
1278	1279	0	0.010338992
1278	1279	1	0.64219
1278	1279	2	0.27776125
1278	1279	3	0.04138446
1278	1279	4	0.028326888
1278	1280	0	0.0060201255
1278	1280	1	0.7783015
1278	1280	2	0.16995291
1278	1280	3	0.021288967
1278	1280	4	0.024430305
1278	1281	0	0.0056200437
1278	1281	1	0.74019
1278	1281	2	0.21060863
1278	1281	3	0.020281006
1278	1281	4	0.023293963
1279	1280	0	0.02254866
1279	1280	1	0.7814788
1279	1280	2	0.11353602
1279	1280	3	0.06110523
1279	1280	4	0.02147699
1279	1281	0	0.01737008
1279	1281	1	0.77691215
1279	1281	2	0.12465583
1279	1281	3	0.06029649
1279	1281	4	0.020918917
1280	1281	0	0.18853377
1280	1281	1	0.47602233
1280	1281	2	0.16208065
1280	1281	3	0.14325848
1280	1281	4	0.030177096
1282	1283	0	0.15823813
1282	1283	1	0.44252247
1282	1283	2	0.17215586
1282	1283	3	0.17357923
1282	1283	4	0.053671148
1282	1284	0	0.04391079
1282	1284	1	0.5379046
1282	1284	2	0.21646312
1282	1284	3	0.15451732
1282	1284	4	0.04735085
1282	1285	0	0.7241563
1282	1285	1	0.081816316
1282	1285	2	0.092154436
1282	1285	3	0.06976963
1282	1285	4	0.032273162
1283	1284	0	0.048144992
1283	1284	1	0.69094956
1283	1284	2	0.10289396
1283	1284	3	0.1272947
1283	1284	4	0.03090011
1283	1285	0	0.8396381
1283	1285	1	0.05023709
1283	1285	2	0.04262657
1283	1285	3	0.049330093
1283	1285	4	0.018343758
1284	1285	0	0.93875766
1284	1285	1	0.010930226
1284	1285	2	0.015957363
1284	1285	3	0.023679363
1284	1285	4	0.010835274
1282	1286	0	0.043333437
1282	1286	1	0.5525234
1282	1286	2	0.26122597
1282	1286	3	0.10265492
1282	1286	4	0.04023915
1282	1287	0	0.0144980755
1282	1287	1	0.7635467
1282	1287	2	0.10799116
1282	1287	3	0.08697242
1282	1287	4	0.026966609
1282	1288	0	0.014922943
1282	1288	1	0.7765129
1282	1288	2	0.14534985
1282	1288	3	0.03954749
1282	1288	4	0.02364642
1282	1289	0	0.011055773
1282	1289	1	0.76158386
1282	1289	2	0.12592572
1282	1289	3	0.07737834
1282	1289	4	0.024040148
1283	1286	0	0.06046391
1283	1286	1	0.62446207
1283	1286	2	0.18629602
1283	1286	3	0.08686999
1283	1286	4	0.041869793
1283	1287	0	0.018893078
1283	1287	1	0.8071372
1283	1287	2	0.066391364
1283	1287	3	0.08725129
1283	1287	4	0.02029919
1283	1288	0	0.0146090435
1283	1288	1	0.83548427
1283	1288	2	0.09997642
1283	1288	3	0.02894943
1283	1288	4	0.02096404
1283	1289	0	0.01198392
1283	1289	1	0.83192253
1283	1289	2	0.083242044
1283	1289	3	0.055447727
1283	1289	4	0.017381988
1284	1286	0	0.55003196
1284	1286	1	0.12501715
1284	1286	2	0.14588343
1284	1286	3	0.1398612
1284	1286	4	0.039182317
1284	1287	0	0.12848695
1284	1287	1	0.48508668
1284	1287	2	0.113673165
1284	1287	3	0.23339969
1284	1287	4	0.039334487
1284	1288	0	0.06998547
1284	1288	1	0.7202405
1284	1288	2	0.12421765
1284	1288	3	0.056580998
1284	1288	4	0.02894747
1284	1289	0	0.048527654
1284	1289	1	0.6715221
1284	1289	2	0.11719662
1284	1289	3	0.1352198
1284	1289	4	0.027512783
1285	1286	0	0.055051167
1285	1286	1	0.75041425
1285	1286	2	0.08987002
1285	1286	3	0.057273705
1285	1286	4	0.04737843
1285	1287	0	0.008851312
1285	1287	1	0.92387664
1285	1287	2	0.024473151
1285	1287	3	0.030899512
1285	1287	4	0.011892237
1285	1288	0	0.013534263
1285	1288	1	0.9134873
1285	1288	2	0.0375279
1285	1288	3	0.0187302
1285	1288	4	0.01669244
1285	1289	0	0.0062648486
1285	1289	1	0.93836147
1285	1289	2	0.025899645
1285	1289	3	0.020078016
1285	1289	4	0.009368819
1286	1287	0	0.019642299
1286	1287	1	0.7498661
1286	1287	2	0.07971598
1286	1287	3	0.1276662
1286	1287	4	0.023216143
1286	1288	0	0.012606359
1286	1288	1	0.855294
1286	1288	2	0.08521025
1286	1288	3	0.029772164
1286	1288	4	0.017285142
1286	1289	0	0.008915089
1286	1289	1	0.8232482
1286	1289	2	0.085725375
1286	1289	3	0.064883426
1286	1289	4	0.017401578
1287	1288	0	0.20279679
1287	1288	1	0.46928507
1287	1288	2	0.22778146
1287	1288	3	0.056114174
1287	1288	4	0.044024765
1287	1289	0	0.09124151
1287	1289	1	0.5560208
1287	1289	2	0.20774668
1287	1289	3	0.10498998
1287	1289	4	0.04010203
1288	1289	0	0.030493367
1288	1289	1	0.8025986
1288	1289	2	0.0745087
1288	1289	3	0.07058659
1288	1289	4	0.021929866
1286	1290	0	0.029504998
1286	1290	1	0.5977737
1286	1290	2	0.114841424
1286	1290	3	0.2140965
1286	1290	4	0.043809235
1286	1291	0	0.024478802
1286	1291	1	0.5145021
1286	1291	2	0.07257745
1286	1291	3	0.3508095
1286	1291	4	0.037652127
1286	1292	0	0.11113928
1286	1292	1	0.28561607
1286	1292	2	0.42714512
1286	1292	3	0.13899794
1286	1292	4	0.037082795
1287	1290	0	0.062141858
1287	1290	1	0.34026733
1287	1290	2	0.2010144
1287	1290	3	0.35603422
1287	1290	4	0.040544234
1287	1291	0	0.1502081
1287	1291	1	0.23323746
1287	1291	2	0.104943514
1287	1291	3	0.46872225
1287	1291	4	0.04286841
1287	1292	0	0.7176592
1287	1292	1	0.021167332
1287	1292	2	0.18125175
1287	1292	3	0.05629751
1287	1292	4	0.02359971
1288	1290	0	0.045990717
1288	1290	1	0.3836707
1288	1290	2	0.11067853
1288	1290	3	0.41787997
1288	1290	4	0.041784264
1288	1291	0	0.11971794
1288	1291	1	0.20595342
1288	1291	2	0.04743015
1288	1291	3	0.59797823
1288	1291	4	0.028903747
1288	1292	0	0.7842863
1288	1292	1	0.024222959
1288	1292	2	0.09696212
1288	1292	3	0.07812663
1288	1292	4	0.016376583
1289	1290	0	0.06366429
1289	1290	1	0.2632849
1289	1290	2	0.17969103
1289	1290	3	0.45304933
1289	1290	4	0.04029927
1289	1291	0	0.15540175
1289	1291	1	0.10939768
1289	1291	2	0.06988051
1289	1291	3	0.6313259
1289	1291	4	0.033980686
1289	1292	0	0.78077674
1289	1292	1	0.015713021
1289	1292	2	0.121688664
1289	1292	3	0.06355537
1289	1292	4	0.018239344
1290	1291	0	0.4262208
1290	1291	1	0.053134993
1290	1291	2	0.11296104
1290	1291	3	0.36128518
1290	1291	4	0.04603716
1290	1292	0	0.60358536
1290	1292	1	0.016361391
1290	1292	2	0.2764993
1290	1292	3	0.07104816
1290	1292	4	0.03182845
1291	1292	0	0.21496268
1291	1292	1	0.02564271
1291	1292	2	0.69586265
1291	1292	3	0.03062204
1291	1292	4	0.032456428
1290	1293	0	0.6388201
1290	1293	1	0.05295155
1290	1293	2	0.21519879
1290	1293	3	0.06424549
1290	1293	4	0.028784895
1291	1293	0	0.15910904
1291	1293	1	0.082103714
1291	1293	2	0.69826066
1291	1293	3	0.02186127
1291	1293	4	0.038666345
1292	1293	0	0.042367555
1292	1293	1	0.67104906
1292	1293	2	0.17237578
1292	1293	3	0.08816226
1292	1293	4	0.026044684
1294	1295	0	0.1932834
1294	1295	1	0.021540198
1294	1295	2	0.031674683
1294	1295	3	0.73291445
1294	1295	4	0.019854244
1294	1296	0	0.04174406
1294	1296	1	0.77715933
1294	1296	2	0.0350411
1294	1296	3	0.11652612
1294	1296	4	0.028058637
1294	1297	0	0.046247806
1294	1297	1	0.6333221
1294	1297	2	0.048366256
1294	1297	3	0.23920298
1294	1297	4	0.03147453
1295	1296	0	0.020932268
1295	1296	1	0.7213389
1295	1296	2	0.16099398
1295	1296	3	0.059553385
1295	1296	4	0.03585638
1295	1297	0	0.018846203
1295	1297	1	0.628072
1295	1297	2	0.22606118
1295	1297	3	0.08450126
1295	1297	4	0.04116313
1296	1297	0	0.17708069
1296	1297	1	0.46923235
1296	1297	2	0.12889212
1296	1297	3	0.16500098
1296	1297	4	0.05808753
1294	1298	0	0.7171624
1294	1298	1	0.07222629
1294	1298	2	0.04675149
1294	1298	3	0.14728905
1294	1298	4	0.016575022
1294	1299	0	0.9121407
1294	1299	1	0.011856132
1294	1299	2	0.015419818
1294	1299	3	0.05381824
1294	1299	4	0.006880779
1294	1300	0	0.8422975
1294	1300	1	0.009898769
1294	1300	2	0.015104848
1294	1300	3	0.12067768
1294	1300	4	0.012104899
1295	1298	0	0.21970943
1295	1298	1	0.17510672
1295	1298	2	0.46573964
1295	1298	3	0.09534279
1295	1298	4	0.044113502
1295	1299	0	0.611558
1295	1299	1	0.060494486
1295	1299	2	0.22448957
1295	1299	3	0.07624794
1295	1299	4	0.027219092
1295	1300	0	0.6230547
1295	1300	1	0.03303313
1295	1300	2	0.17127259
1295	1300	3	0.13651218
1295	1300	4	0.036131017
1296	1298	0	0.8839638
1296	1298	1	0.01921911
1296	1298	2	0.03884827
1296	1298	3	0.04259669
1296	1298	4	0.015358026
1296	1299	0	0.9492686
1296	1299	1	0.005709984
1296	1299	2	0.017540772
1296	1299	3	0.019989522
1296	1299	4	0.0075327647
1296	1300	0	0.9377687
1296	1300	1	0.0046743616
1296	1300	2	0.014393942
1296	1300	3	0.032781094
1296	1300	4	0.010445915
1297	1298	0	0.84000325
1297	1298	1	0.020052953
1297	1298	2	0.07378995
1297	1298	3	0.050540533
1297	1298	4	0.01559075
1297	1299	0	0.93438345
1297	1299	1	0.0057937326
1297	1299	2	0.026291229
1297	1299	3	0.02535089
1297	1299	4	0.008195251
1297	1300	0	0.9281866
1297	1300	1	0.0039985524
1297	1300	2	0.021133488
1297	1300	3	0.03574805
1297	1300	4	0.010964339
1298	1299	0	0.6915391
1298	1299	1	0.10728061
1298	1299	2	0.079549514
1298	1299	3	0.09377968
1298	1299	4	0.027825216
1298	1300	0	0.6976254
1298	1300	1	0.05501022
1298	1300	2	0.048192415
1298	1300	3	0.16958117
1298	1300	4	0.02957374
1299	1300	0	0.31928396
1299	1300	1	0.29079494
1299	1300	2	0.103243954
1299	1300	3	0.23848486
1299	1300	4	0.048169225
1298	1301	0	0.10965197
1298	1301	1	0.074742734
1298	1301	2	0.05406106
1298	1301	3	0.7343577
1298	1301	4	0.027230965
1298	1302	0	0.07696984
1298	1302	1	0.44898272
1298	1302	2	0.081821665
1298	1302	3	0.35701686
1298	1302	4	0.03522184
1298	1303	0	0.072108835
1298	1303	1	0.72254324
1298	1303	2	0.07963497
1298	1303	3	0.09914962
1298	1303	4	0.026568232
1298	1304	0	0.03209081
1298	1304	1	0.86188996
1298	1304	2	0.04994277
1298	1304	3	0.043197516
1298	1304	4	0.012994229
1298	1305	0	0.014849319
1298	1305	1	0.8910939
1298	1305	2	0.027995227
1298	1305	3	0.053098194
1298	1305	4	0.01307485
1298	1306	0	0.021599501
1298	1306	1	0.8633101
1298	1306	2	0.038375035
1298	1306	3	0.06225545
1298	1306	4	0.014541898
1299	1301	0	0.055074643
1299	1301	1	0.24826647
1299	1301	2	0.0901298
1299	1301	3	0.5666571
1299	1301	4	0.039865747
1299	1302	0	0.027102858
1299	1302	1	0.6536657
1299	1302	2	0.078273885
1299	1302	3	0.20694475
1299	1302	4	0.03400213
1299	1303	0	0.015044527
1299	1303	1	0.8616722
1299	1303	2	0.061920624
1299	1303	3	0.042615503
1299	1303	4	0.018800003
1299	1304	0	0.009159665
1299	1304	1	0.9169476
1299	1304	2	0.03975294
1299	1304	3	0.023558637
1299	1304	4	0.01070575
1299	1305	0	0.0048128767
1299	1305	1	0.93982697
1299	1305	2	0.022541685
1299	1305	3	0.022985397
1299	1305	4	0.009945785
1299	1306	0	0.005392621
1299	1306	1	0.9305821
1299	1306	2	0.030647505
1299	1306	3	0.023389673
1299	1306	4	0.010102941
1300	1301	0	0.043658942
1300	1301	1	0.21029373
1300	1301	2	0.19828023
1300	1301	3	0.5047346
1300	1301	4	0.04302341
1300	1302	0	0.024433024
1300	1302	1	0.53645056
1300	1302	2	0.1724555
1300	1302	3	0.22570294
1300	1302	4	0.040938467
1300	1303	0	0.01471491
1300	1303	1	0.7305391
1300	1303	2	0.18217173
1300	1303	3	0.04585938
1300	1303	4	0.026710995
1300	1304	0	0.010907013
1300	1304	1	0.80702937
1300	1304	2	0.13801242
1300	1304	3	0.026635503
1300	1304	4	0.017456967
1300	1305	0	0.0051674875
1300	1305	1	0.88777566
1300	1305	2	0.06805032
1300	1305	3	0.02428936
1300	1305	4	0.014817088
1300	1306	0	0.0071817446
1300	1306	1	0.82629067
1300	1306	2	0.120582506
1300	1306	3	0.02970601
1300	1306	4	0.016341913
1301	1302	0	0.046467464
1301	1302	1	0.083819
1301	1302	2	0.42425233
1301	1302	3	0.3965082
1301	1302	4	0.04859156
1301	1303	0	0.052478075
1301	1303	1	0.3065166
1301	1303	2	0.47394824
1301	1303	3	0.12311691
1301	1303	4	0.043383203
1301	1304	0	0.023917459
1301	1304	1	0.5196216
1301	1304	2	0.36201617
1301	1304	3	0.064312704
1301	1304	4	0.029620877
1301	1305	0	0.014114546
1301	1305	1	0.682734
1301	1305	2	0.19563699
1301	1305	3	0.07546503
1301	1305	4	0.03122013
1301	1306	0	0.015280212
1301	1306	1	0.5808597
1301	1306	2	0.29902923
1301	1306	3	0.07255176
1301	1306	4	0.03149398
1302	1303	0	0.27312228
1302	1303	1	0.09001728
1302	1303	2	0.48497996
1302	1303	3	0.0988138
1302	1303	4	0.05259595
1302	1304	0	0.16457292
1302	1304	1	0.2448297
1302	1304	2	0.4743527
1302	1304	3	0.06553624
1302	1304	4	0.050090104
1302	1305	0	0.064089306
1302	1305	1	0.55541664
1302	1305	2	0.23374026
1302	1305	3	0.095607
1302	1305	4	0.05048696
1302	1306	0	0.081583805
1302	1306	1	0.3993425
1302	1306	2	0.397656
1302	1306	3	0.07028379
1302	1306	4	0.05044226
1303	1304	0	0.029985217
1303	1304	1	0.80924714
1303	1304	2	0.07837536
1303	1304	3	0.062540054
1303	1304	4	0.019119387
1303	1305	0	0.010350603
1303	1305	1	0.8902944
1303	1305	2	0.030314486
1303	1305	3	0.050404396
1303	1305	4	0.01754205
1303	1306	0	0.012132415
1303	1306	1	0.88493514
1303	1306	2	0.041477118
1303	1306	3	0.044179212
1303	1306	4	0.0163709
1304	1305	0	0.024433583
1304	1305	1	0.8311184
1304	1305	2	0.03703539
1304	1305	3	0.07823098
1304	1305	4	0.028162548
1304	1306	0	0.030194027
1304	1306	1	0.8239517
1304	1306	2	0.05511364
1304	1306	3	0.062150534
1304	1306	4	0.02772807
1305	1306	0	0.4528167
1305	1306	1	0.22042027
1305	1306	2	0.16817603
1305	1306	3	0.10976195
1305	1306	4	0.048112866
1307	1308	0	0.018698249
1307	1308	1	0.8007243
1307	1308	2	0.091536164
1307	1308	3	0.06539989
1307	1308	4	0.023640713
1307	1309	0	0.16434106
1307	1309	1	0.12917641
1307	1309	2	0.62568307
1307	1309	3	0.048726354
1307	1309	4	0.032072704
1308	1309	0	0.7452603
1308	1309	1	0.030057294
1308	1309	2	0.1644566
1308	1309	3	0.033079155
1308	1309	4	0.027146107
1307	1310	0	0.19610585
1307	1310	1	0.120257705
1307	1310	2	0.6095383
1307	1310	3	0.04611226
1307	1310	4	0.02798587
1308	1310	0	0.79679215
1308	1310	1	0.02652022
1308	1310	2	0.120789796
1308	1310	3	0.03259867
1308	1310	4	0.023299137
1309	1310	0	0.30816394
1309	1310	1	0.25419688
1309	1310	2	0.25464165
1309	1310	3	0.15177308
1309	1310	4	0.03122444
1310	1311	0	0.24148269
1310	1311	1	0.33008054
1310	1311	2	0.080038816
1310	1311	3	0.31883475
1310	1311	4	0.029563094
1311	1312	0	0.00999843
1311	1312	1	0.88504946
1311	1312	2	0.040001173
1311	1312	3	0.045151763
1311	1312	4	0.019799255
1312	1313	0	0.9401175
1312	1313	1	0.007914581
1312	1313	2	0.017601885
1312	1313	3	0.02567079
1312	1313	4	0.008695161
1313	1314	0	0.05428894
1313	1314	1	0.7824512
1313	1314	2	0.07723602
1313	1314	3	0.053915728
1313	1314	4	0.03210886
1314	1315	0	0.3733371
1314	1315	1	0.237164
1314	1315	2	0.2322944
1314	1315	3	0.113292575
1314	1315	4	0.043911885
1314	1316	0	0.14706519
1314	1316	1	0.4403597
1314	1316	2	0.2496761
1314	1316	3	0.1280844
1314	1316	4	0.03481537
1315	1316	0	0.034416318
1315	1316	1	0.7113936
1315	1316	2	0.14768763
1315	1316	3	0.07675067
1315	1316	4	0.029964918
1315	1317	0	0.03349775
1315	1317	1	0.5984277
1315	1317	2	0.25086212
1315	1317	3	0.08138194
1315	1317	4	0.035843734
1315	1318	0	0.0057076416
1315	1318	1	0.87835276
1315	1318	2	0.047994692
1315	1318	3	0.050054487
1315	1318	4	0.017892096
1315	1319	0	0.03632681
1315	1319	1	0.79997766
1315	1319	2	0.05971927
1315	1319	3	0.06371955
1315	1319	4	0.04026177
1316	1317	0	0.22275206
1316	1317	1	0.12044877
1316	1317	2	0.43036398
1316	1317	3	0.1813248
1316	1317	4	0.045109916
1316	1318	0	0.019573644
1316	1318	1	0.6968188
1316	1318	2	0.10594294
1316	1318	3	0.14884746
1316	1318	4	0.028817238
1316	1319	0	0.076180436
1316	1319	1	0.65474284
1316	1319	2	0.07703384
1316	1319	3	0.16562451
1316	1319	4	0.026419494
1317	1318	0	0.012327267
1317	1318	1	0.80444014
1317	1318	2	0.029274238
1317	1318	3	0.13478492
1317	1318	4	0.018028889
1317	1319	0	0.05101137
1317	1319	1	0.69811267
1317	1319	2	0.02553906
1317	1319	3	0.20178574
1317	1319	4	0.022613036
1318	1319	0	0.64572597
1318	1319	1	0.0986456
1318	1319	2	0.05014368
1318	1319	3	0.17051212
1318	1319	4	0.033989344
1317	1320	0	0.083065316
1317	1320	1	0.6316024
1317	1320	2	0.104071334
1317	1320	3	0.12374134
1317	1320	4	0.05752051
1317	1321	0	0.07374678
1317	1321	1	0.6528224
1317	1321	2	0.069299795
1317	1321	3	0.15663368
1317	1321	4	0.047496293
1318	1320	0	0.54259837
1318	1320	1	0.15211336
1318	1320	2	0.17165914
1318	1320	3	0.08508724
1318	1320	4	0.048520878
1318	1321	0	0.5627991
1318	1321	1	0.1464472
1318	1321	2	0.13394736
1318	1321	3	0.10359671
1318	1321	4	0.053185947
1319	1320	0	0.24015343
1319	1320	1	0.46595657
1319	1320	2	0.20950982
1319	1320	3	0.044633098
1319	1320	4	0.039731763
1319	1321	0	0.1567619
1319	1321	1	0.5388726
1319	1321	2	0.17123973
1319	1321	3	0.0740375
1319	1321	4	0.059083264
1320	1321	0	0.19463824
1320	1321	1	0.65524334
1320	1321	2	0.03730052
1320	1321	3	0.08828708
1320	1321	4	0.024752658
1320	1322	0	0.34227878
1320	1322	1	0.4677008
1320	1322	2	0.05391018
1320	1322	3	0.10938898
1320	1322	4	0.026725557
1320	1323	0	0.80478364
1320	1323	1	0.026975503
1320	1323	2	0.033899724
1320	1323	3	0.107387334
1320	1323	4	0.026952604
1320	1324	0	0.111291796
1320	1324	1	0.7413127
1320	1324	2	0.048676874
1320	1324	3	0.06509969
1320	1324	4	0.033608373
1320	1325	0	0.065900095
1320	1325	1	0.7460137
1320	1325	2	0.062134337
1320	1325	3	0.08827909
1320	1325	4	0.03766129
1321	1322	0	0.44889355
1321	1322	1	0.2810043
1321	1322	2	0.092115976
1321	1322	3	0.14568843
1321	1322	4	0.032300897
1321	1323	0	0.7820656
1321	1323	1	0.025960747
1321	1323	2	0.043113727
1321	1323	3	0.12163559
1321	1323	4	0.027225923
1321	1324	0	0.11461319
1321	1324	1	0.6998276
1321	1324	2	0.07269473
1321	1324	3	0.07144062
1321	1324	4	0.04141355
1321	1325	0	0.07524991
1321	1325	1	0.6924396
1321	1325	2	0.083091386
1321	1325	3	0.10406964
1321	1325	4	0.045137413
1322	1323	0	0.6828364
1322	1323	1	0.021348098
1322	1323	2	0.048681203
1322	1323	3	0.22745037
1322	1323	4	0.019888025
1322	1324	0	0.06445287
1322	1324	1	0.8132582
1322	1324	2	0.054801416
1322	1324	3	0.050083864
1322	1324	4	0.0176774
1322	1325	0	0.038684692
1322	1325	1	0.7785058
1322	1325	2	0.075063564
1322	1325	3	0.08609399
1322	1325	4	0.021914117
1323	1324	0	0.012259364
1323	1324	1	0.855962
1323	1324	2	0.081835836
1323	1324	3	0.028793864
1323	1324	4	0.021354904
1323	1325	0	0.008956565
1323	1325	1	0.8235605
1323	1325	2	0.10191584
1323	1325	3	0.042634577
1323	1325	4	0.023207694
1324	1325	0	0.0413256
1324	1325	1	0.7910596
1324	1325	2	0.057344664
1324	1325	3	0.08440437
1324	1325	4	0.02607281
1326	1327	0	0.04980317
1326	1327	1	0.30500898
1326	1327	2	0.37976944
1326	1327	3	0.21338606
1326	1327	4	0.052023984
1326	1328	0	0.03331639
1326	1328	1	0.29569936
1326	1328	2	0.30454758
1326	1328	3	0.31143534
1326	1328	4	0.055001464
1326	1329	0	0.010480098
1326	1329	1	0.733463
1326	1329	2	0.14135332
1326	1329	3	0.08397325
1326	1329	4	0.030730495
1327	1328	0	0.06875279
1327	1328	1	0.10514287
1327	1328	2	0.23493643
1327	1328	3	0.53937685
1327	1328	4	0.05179111
1327	1329	0	0.024746425
1327	1329	1	0.4302746
1327	1329	2	0.26041785
1327	1329	3	0.23474027
1327	1329	4	0.04982094
1328	1329	0	0.034946255
1328	1329	1	0.56790763
1328	1329	2	0.23454629
1328	1329	3	0.11867822
1328	1329	4	0.043925058
1328	1330	0	0.38601014
1328	1330	1	0.11735548
1328	1330	2	0.4216299
1328	1330	3	0.045140143
1328	1330	4	0.029863965
1328	1331	0	0.07116648
1328	1331	1	0.54640436
1328	1331	2	0.23874806
1328	1331	3	0.10068129
1328	1331	4	0.0429993
1329	1330	0	0.90971845
1329	1330	1	0.011437558
1329	1330	2	0.04161512
1329	1330	3	0.02723124
1329	1330	4	0.009997563
1329	1331	0	0.51594436
1329	1331	1	0.14564043
1329	1331	2	0.11661188
1329	1331	3	0.18310817
1329	1331	4	0.038696595
1330	1331	0	0.013993615
1330	1331	1	0.92633706
1330	1331	2	0.01615634
1330	1331	3	0.03439978
1330	1331	4	0.009290699
1330	1332	0	0.2171021
1330	1332	1	0.534606
1330	1332	2	0.101927914
1330	1332	3	0.11700837
1330	1332	4	0.029355824
1331	1332	0	0.72443426
1331	1332	1	0.051050268
1331	1332	2	0.11632229
1331	1332	3	0.08295723
1331	1332	4	0.0252367
1332	1333	0	0.092882894
1332	1333	1	0.05685907
1332	1333	2	0.09715831
1332	1333	3	0.71611226
1332	1333	4	0.036987524
1333	1334	0	0.01510551
1333	1334	1	0.2516207
1333	1334	2	0.4758812
1333	1334	3	0.21290988
1333	1334	4	0.044482693
1333	1335	0	0.017384917
1333	1335	1	0.26104409
1333	1335	2	0.2772963
1333	1335	3	0.40046495
1333	1335	4	0.043809637
1334	1335	0	0.08834333
1334	1335	1	0.07955221
1334	1335	2	0.069079906
1334	1335	3	0.7377783
1334	1335	4	0.025246343
1336	1337	0	0.023073312
1336	1337	1	0.18045343
1336	1337	2	0.5970045
1336	1337	3	0.14166008
1336	1337	4	0.057808656
1336	1338	0	0.080991805
1336	1338	1	0.080377445
1336	1338	2	0.47395164
1336	1338	3	0.31617782
1336	1338	4	0.04850128
1337	1338	0	0.38408455
1337	1338	1	0.026552236
1337	1338	2	0.09921877
1337	1338	3	0.46407613
1337	1338	4	0.026068224
1336	1339	0	0.025516719
1336	1339	1	0.17278343
1336	1339	2	0.6070246
1336	1339	3	0.14576069
1336	1339	4	0.04891456
1336	1340	0	0.012058048
1336	1340	1	0.7155237
1336	1340	2	0.14472957
1336	1340	3	0.08933693
1336	1340	4	0.038351674
1337	1339	0	0.08518425
1337	1339	1	0.17977524
1337	1339	2	0.2941938
1337	1339	3	0.40684593
1337	1339	4	0.03400084
1337	1340	0	0.019407406
1337	1340	1	0.7391988
1337	1340	2	0.06197127
1337	1340	3	0.15477777
1337	1340	4	0.024644727
1338	1339	0	0.022659699
1338	1339	1	0.3330059
1338	1339	2	0.4278918
1338	1339	3	0.18057665
1338	1339	4	0.035865933
1338	1340	0	0.0068800314
1338	1340	1	0.84270346
1338	1340	2	0.069995984
1338	1340	3	0.05558787
1338	1340	4	0.024832658
1339	1340	0	0.01235036
1339	1340	1	0.84990394
1339	1340	2	0.032658346
1339	1340	3	0.08995831
1339	1340	4	0.0151289925
1341	1342	0	0.07286206
1341	1342	1	0.30543247
1341	1342	2	0.066124134
1341	1342	3	0.53426206
1341	1342	4	0.021319257
1341	1343	0	0.08501119
1341	1343	1	0.07475853
1341	1343	2	0.064511955
1341	1343	3	0.7544371
1341	1343	4	0.021281267
1341	1344	0	0.056021072
1341	1344	1	0.37223816
1341	1344	2	0.06408233
1341	1344	3	0.4848246
1341	1344	4	0.02283377
1342	1343	0	0.141755
1342	1343	1	0.086558096
1342	1343	2	0.26533547
1342	1343	3	0.46013075
1342	1343	4	0.04622064
1342	1344	0	0.07146556
1342	1344	1	0.34747106
1342	1344	2	0.2521934
1342	1344	3	0.27670035
1342	1344	4	0.05216954
1343	1344	0	0.0521198
1343	1344	1	0.19845366
1343	1344	2	0.4975677
1343	1344	3	0.19751532
1343	1344	4	0.054343432
1345	1346	0	0.0666731
1345	1346	1	0.02617532
1345	1346	2	0.028311428
1345	1346	3	0.86426747
1345	1346	4	0.014572609
1345	1347	0	0.016721277
1345	1347	1	0.7627195
1345	1347	2	0.01925598
1345	1347	3	0.18502934
1345	1347	4	0.01627387
1345	1348	0	0.41665083
1345	1348	1	0.07878324
1345	1348	2	0.10127133
1345	1348	3	0.37339568
1345	1348	4	0.029898908
1346	1347	0	0.018909257
1346	1347	1	0.64840734
1346	1347	2	0.10616579
1346	1347	3	0.19467421
1346	1347	4	0.03184335
1346	1348	0	0.19792154
1346	1348	1	0.09499656
1346	1348	2	0.44136402
1346	1348	3	0.2109772
1346	1348	4	0.054740585
1347	1348	0	0.7998302
1347	1348	1	0.013443034
1347	1348	2	0.12831119
1347	1348	3	0.03820294
1347	1348	4	0.020212635
1349	1350	0	0.020337814
1349	1350	1	0.023369534
1349	1350	2	0.7223586
1349	1350	3	0.18038121
1349	1350	4	0.054162346
1349	1351	0	0.0422088
1349	1351	1	0.03786747
1349	1351	2	0.8397433
1349	1351	3	0.03782175
1349	1351	4	0.043653615
1349	1352	0	0.02157051
1349	1352	1	0.02688943
1349	1352	2	0.9112409
1349	1352	3	0.016144967
1349	1352	4	0.025862731
1349	1353	0	0.017120132
1349	1353	1	0.06418012
1349	1353	2	0.83488286
1349	1353	3	0.04948444
1349	1353	4	0.035594143
1349	1354	0	0.022379125
1349	1354	1	0.12997559
1349	1354	2	0.7360297
1349	1354	3	0.062458523
1349	1354	4	0.04976563
1349	1355	0	0.018232748
1349	1355	1	0.081384525
1349	1355	2	0.7442887
1349	1355	3	0.113361225
1349	1355	4	0.044001333
1349	1356	0	0.06350168
1349	1356	1	0.03252726
1349	1356	2	0.85032094
1349	1356	3	0.01879247
1349	1356	4	0.03640641
1349	1357	0	0.16120644
1349	1357	1	0.027706182
1349	1357	2	0.67354393
1349	1357	3	0.081788085
1349	1357	4	0.055863116
1350	1351	0	0.18136021
1350	1351	1	0.054768063
1350	1351	2	0.5475276
1350	1351	3	0.15876316
1350	1351	4	0.05747559
1350	1352	0	0.07293321
1350	1352	1	0.046367515
1350	1352	2	0.77303404
1350	1352	3	0.07085736
1350	1352	4	0.03702713
1350	1353	0	0.04291746
1350	1353	1	0.114244685
1350	1353	2	0.54243296
1350	1353	3	0.25381967
1350	1353	4	0.046678435
1350	1354	0	0.040414266
1350	1354	1	0.17602777
1350	1354	2	0.38157034
1350	1354	3	0.3532368
1350	1354	4	0.04878964
1350	1355	0	0.030508457
1350	1355	1	0.109446436
1350	1355	2	0.37354714
1350	1355	3	0.44867983
1350	1355	4	0.03813644
1350	1356	0	0.244954
1350	1356	1	0.05288832
1350	1356	2	0.5702141
1350	1356	3	0.079583906
1350	1356	4	0.05253
1350	1357	0	0.4183286
1350	1357	1	0.03427384
1350	1357	2	0.2528601
1350	1357	3	0.23579186
1350	1357	4	0.05868439
1351	1352	0	0.08520651
1351	1352	1	0.49977034
1351	1352	2	0.30305612
1351	1352	3	0.06251787
1351	1352	4	0.04858435
1351	1353	0	0.047639728
1351	1353	1	0.63616794
1351	1353	2	0.1284948
1351	1353	3	0.14113061
1351	1353	4	0.045890324
1351	1354	0	0.042233024
1351	1354	1	0.7597753
1351	1354	2	0.050811853
1351	1354	3	0.10520181
1351	1354	4	0.04147061
1351	1355	0	0.04014571
1351	1355	1	0.5431093
1351	1355	2	0.08908993
1351	1355	3	0.28487942
1351	1355	4	0.042728037
1351	1356	0	0.39318597
1351	1356	1	0.2816959
1351	1356	2	0.20208828
1351	1356	3	0.0677737
1351	1356	4	0.054898273
1351	1357	0	0.629632
1351	1357	1	0.08783727
1351	1357	2	0.07136226
1351	1357	3	0.15880865
1351	1357	4	0.052203406
1352	1353	0	0.03690652
1352	1353	1	0.6768813
1352	1353	2	0.030662805
1352	1353	3	0.22138952
1352	1353	4	0.03363152
1352	1354	0	0.040456854
1352	1354	1	0.6993044
1352	1354	2	0.0103149
1352	1354	3	0.21651635
1352	1354	4	0.033051174
1352	1355	0	0.032259695
1352	1355	1	0.5225203
1352	1355	2	0.023639329
1352	1355	3	0.39199463
1352	1355	4	0.02918468
1352	1356	0	0.546182
1352	1356	1	0.22691633
1352	1356	2	0.062824756
1352	1356	3	0.11538294
1352	1356	4	0.048563674
1352	1357	0	0.60116154
1352	1357	1	0.05995437
1352	1357	2	0.018153124
1352	1357	3	0.2829312
1352	1357	4	0.037606716
1353	1354	0	0.20454268
1353	1354	1	0.3326921
1353	1354	2	0.086236194
1353	1354	3	0.32330957
1353	1354	4	0.05251313
1353	1355	0	0.0609792
1353	1355	1	0.2905184
1353	1355	2	0.13690686
1353	1355	3	0.4686165
1353	1355	4	0.042867642
1353	1356	0	0.7198763
1353	1356	1	0.07493253
1353	1356	2	0.12524208
1353	1356	3	0.03717639
1353	1356	4	0.042721104
1353	1357	0	0.8051322
1353	1357	1	0.034847375
1353	1357	2	0.03438323
1353	1357	3	0.08580667
1353	1357	4	0.039649263
1354	1355	0	0.12312253
1354	1355	1	0.129415
1354	1355	2	0.2917197
1354	1355	3	0.41296658
1354	1355	4	0.04266776
1354	1356	0	0.8188746
1354	1356	1	0.039368965
1354	1356	2	0.089278266
1354	1356	3	0.01678593
1354	1356	4	0.035586588
1354	1357	0	0.85604244
1354	1357	1	0.02761834
1354	1357	2	0.03812753
1354	1357	3	0.043623354
1354	1357	4	0.034613896
1355	1356	0	0.71502215
1355	1356	1	0.041527048
1355	1356	2	0.15862375
1355	1356	3	0.044360183
1355	1356	4	0.039713193
1355	1357	0	0.77793384
1355	1357	1	0.03034014
1355	1357	2	0.059415463
1355	1357	3	0.088726826
1355	1357	4	0.04301849
1356	1357	0	0.5433225
1356	1357	1	0.07875551
1356	1357	2	0.06657023
1356	1357	3	0.26029444
1356	1357	4	0.050577246
1349	1358	0	0.015155098
1349	1358	1	0.11213004
1349	1358	2	0.77348727
1349	1358	3	0.053741474
1349	1358	4	0.044998206
1349	1359	0	0.062106457
1349	1359	1	0.020261107
1349	1359	2	0.8053334
1349	1359	3	0.066231534
1349	1359	4	0.045648284
1349	1360	0	0.03737337
1349	1360	1	0.019940674
1349	1360	2	0.8582223
1349	1360	3	0.046366014
1349	1360	4	0.037737772
1349	1361	0	0.01430954
1349	1361	1	0.10725897
1349	1361	2	0.782637
1349	1361	3	0.053317923
1349	1361	4	0.042023744
1349	1362	0	0.014113145
1349	1362	1	0.19421437
1349	1362	2	0.7147997
1349	1362	3	0.029361831
1349	1362	4	0.04701504
1349	1363	0	0.1433837
1349	1363	1	0.014268313
1349	1363	2	0.6576995
1349	1363	3	0.13311587
1349	1363	4	0.051142685
1349	1364	0	0.033153154
1349	1364	1	0.07963762
1349	1364	2	0.8139944
1349	1364	3	0.034888204
1349	1364	4	0.038017053
1350	1358	0	0.03224726
1350	1358	1	0.17946705
1350	1358	2	0.5058902
1350	1358	3	0.23532525
1350	1358	4	0.04661772
1350	1359	0	0.192813
1350	1359	1	0.027231269
1350	1359	2	0.4478796
1350	1359	3	0.28501186
1350	1359	4	0.046616882
1350	1360	0	0.11403076
1350	1360	1	0.0272363
1350	1360	2	0.6186749
1350	1360	3	0.19755223
1350	1360	4	0.042149954
1350	1361	0	0.026681768
1350	1361	1	0.16014732
1350	1361	2	0.5314779
1350	1361	3	0.23677701
1350	1361	4	0.044533502
1350	1362	0	0.022587372
1350	1362	1	0.3126224
1350	1362	2	0.5206662
1350	1362	3	0.10077334
1350	1362	4	0.042794816
1350	1363	0	0.3488262
1350	1363	1	0.015599464
1350	1363	2	0.20529982
1350	1363	3	0.38891715
1350	1363	4	0.041110463
1350	1364	0	0.111222096
1350	1364	1	0.12584338
1350	1364	2	0.501474
1350	1364	3	0.21635868
1350	1364	4	0.04496372
1351	1358	0	0.022574883
1351	1358	1	0.78571576
1351	1358	2	0.09147694
1351	1358	3	0.0772624
1351	1358	4	0.021979287
1351	1359	0	0.32403645
1351	1359	1	0.1599662
1351	1359	2	0.2048743
1351	1359	3	0.272578
1351	1359	4	0.037907742
1351	1360	0	0.1632179
1351	1360	1	0.18633728
1351	1360	2	0.37128827
1351	1360	3	0.23537838
1351	1360	4	0.04312699
1351	1361	0	0.02400143
1351	1361	1	0.7395601
1351	1361	2	0.09882736
1351	1361	3	0.11153433
1351	1361	4	0.02522201
1351	1362	0	0.018046957
1351	1362	1	0.87381333
1351	1362	2	0.059488922
1351	1362	3	0.030035742
1351	1362	4	0.017533505
1351	1363	0	0.66357183
1351	1363	1	0.026589504
1351	1363	2	0.047961373
1351	1363	3	0.2419828
1351	1363	4	0.019418485
1351	1364	0	0.11787851
1351	1364	1	0.62068194
1351	1364	2	0.11946202
1351	1364	3	0.11242328
1351	1364	4	0.028790198
1352	1358	0	0.02128353
1352	1358	1	0.7893932
1352	1358	2	0.03410598
1352	1358	3	0.13882613
1352	1358	4	0.015499373
1352	1359	0	0.31738162
1352	1359	1	0.09095243
1352	1359	2	0.053591304
1352	1359	3	0.51580375
1352	1359	4	0.021647353
1352	1360	0	0.21354651
1352	1360	1	0.1265298
1352	1360	2	0.117699414
1352	1360	3	0.51580137
1352	1360	4	0.025863169
1352	1361	0	0.022968145
1352	1361	1	0.75066316
1352	1361	2	0.033981692
1352	1361	3	0.17420088
1352	1361	4	0.01731108
1352	1362	0	0.019312723
1352	1362	1	0.8919921
1352	1362	2	0.024438003
1352	1362	3	0.047757313
1352	1362	4	0.015417666
1352	1363	0	0.5344947
1352	1363	1	0.019672357
1352	1363	2	0.016827643
1352	1363	3	0.41264546
1352	1363	4	0.015695184
1352	1364	0	0.15012181
1352	1364	1	0.5563779
1352	1364	2	0.034300618
1352	1364	3	0.24206375
1352	1364	4	0.016948402
1353	1358	0	0.10687636
1353	1358	1	0.5531422
1353	1358	2	0.15734044
1353	1358	3	0.1449434
1353	1358	4	0.03702225
1353	1359	0	0.68836194
1353	1359	1	0.029527303
1353	1359	2	0.09973847
1353	1359	3	0.15560223
1353	1359	4	0.025950186
1353	1360	0	0.5450814
1353	1360	1	0.043543305
1353	1360	2	0.21138607
1353	1360	3	0.16501823
1353	1360	4	0.03420229
1353	1361	0	0.09384931
1353	1361	1	0.5639702
1353	1361	2	0.13458923
1353	1361	3	0.1667651
1353	1361	4	0.040247306
1353	1362	0	0.05215929
1353	1362	1	0.7939923
1353	1362	2	0.07956887
1353	1362	3	0.049278565
1353	1362	4	0.024035333
1353	1363	0	0.80109394
1353	1363	1	0.012934832
1353	1363	2	0.03204691
1353	1363	3	0.13579518
1353	1363	4	0.017265147
1353	1364	0	0.43385306
1353	1364	1	0.29849052
1353	1364	2	0.09868755
1353	1364	3	0.1385643
1353	1364	4	0.029797485
1354	1358	0	0.2495183
1354	1358	1	0.2767977
1354	1358	2	0.31850818
1354	1358	3	0.117269054
1354	1358	4	0.037344933
1354	1359	0	0.80630004
1354	1359	1	0.01137252
1354	1359	2	0.09980006
1354	1359	3	0.06460993
1354	1359	4	0.017008193
1354	1360	0	0.8100466
1354	1360	1	0.012921116
1354	1360	2	0.11673138
1354	1360	3	0.042177882
1354	1360	4	0.017155679
1354	1361	0	0.19829915
1354	1361	1	0.36234784
1354	1361	2	0.27737877
1354	1361	3	0.119370736
1354	1361	4	0.041966263
1354	1362	0	0.14681289
1354	1362	1	0.4864617
1354	1362	2	0.27864563
1354	1362	3	0.052672226
1354	1362	4	0.034694064
1354	1363	0	0.8728569
1354	1363	1	0.010443723
1354	1363	2	0.038349174
1354	1363	3	0.06259014
1354	1363	4	0.014571005
1354	1364	0	0.57143325
1354	1364	1	0.12970503
1354	1364	2	0.17765501
1354	1364	3	0.08446775
1354	1364	4	0.036055848
1355	1358	0	0.14341635
1355	1358	1	0.23557182
1355	1358	2	0.35040724
1355	1358	3	0.21607338
1355	1358	4	0.05408688
1355	1359	0	0.8270566
1355	1359	1	0.010188022
1355	1359	2	0.077032104
1355	1359	3	0.06469026
1355	1359	4	0.020454764
1355	1360	0	0.6587649
1355	1360	1	0.017646661
1355	1360	2	0.1780939
1355	1360	3	0.11606214
1355	1360	4	0.028694978
1355	1361	0	0.14521275
1355	1361	1	0.26621246
1355	1361	2	0.29207838
1355	1361	3	0.2441237
1355	1361	4	0.05185689
1355	1362	0	0.095117606
1355	1362	1	0.46965495
1355	1362	2	0.2887395
1355	1362	3	0.100355715
1355	1362	4	0.04536415
1355	1363	0	0.78967243
1355	1363	1	0.00932625
1355	1363	2	0.049683195
1355	1363	3	0.1301538
1355	1363	4	0.020219969
1355	1364	0	0.54752374
1355	1364	1	0.105750844
1355	1364	2	0.16850111
1355	1364	3	0.13864782
1355	1364	4	0.03906689
1356	1358	0	0.026453746
1356	1358	1	0.7478658
1356	1358	2	0.0610541
1356	1358	3	0.1400119
1356	1358	4	0.024002224
1356	1359	0	0.5463088
1356	1359	1	0.108869016
1356	1359	2	0.08622692
1356	1359	3	0.23293798
1356	1359	4	0.025161363
1356	1360	0	0.3947765
1356	1360	1	0.13203849
1356	1360	2	0.14933401
1356	1360	3	0.29315534
1356	1360	4	0.030125491
1356	1361	0	0.018894644
1356	1361	1	0.8343953
1356	1361	2	0.038271744
1356	1361	3	0.08813615
1356	1361	4	0.019488104
1356	1362	0	0.017244242
1356	1362	1	0.8986672
1356	1362	2	0.030371696
1356	1362	3	0.03378456
1356	1362	4	0.019129224
1356	1363	0	0.6013386
1356	1363	1	0.032093495
1356	1363	2	0.036071554
1356	1363	3	0.30999243
1356	1363	4	0.019849665
1356	1364	0	0.26785606
1356	1364	1	0.48048383
1356	1364	2	0.074843355
1356	1364	3	0.14918402
1356	1364	4	0.026664121
1357	1358	0	0.015826672
1357	1358	1	0.79379725
1357	1358	2	0.078482054
1357	1358	3	0.09120972
1357	1358	4	0.020211726
1357	1359	0	0.3720756
1357	1359	1	0.1930232
1357	1359	2	0.16866484
1357	1359	3	0.22952135
1357	1359	4	0.03627991
1357	1360	0	0.21552397
1357	1360	1	0.20057037
1357	1360	2	0.3060122
1357	1360	3	0.23781124
1357	1360	4	0.039662868
1357	1361	0	0.013093847
1357	1361	1	0.8460981
1357	1361	2	0.06558266
1357	1361	3	0.056647114
1357	1361	4	0.017800953
1357	1362	0	0.013472585
1357	1362	1	0.8980726
1357	1362	2	0.043349553
1357	1362	3	0.02562524
1357	1362	4	0.01854292
1357	1363	0	0.37392038
1357	1363	1	0.07290261
1357	1363	2	0.12994874
1357	1363	3	0.3905968
1357	1363	4	0.032025076
1357	1364	0	0.0964622
1357	1364	1	0.63199866
1357	1364	2	0.14989777
1357	1364	3	0.09136118
1357	1364	4	0.029809713
1358	1359	0	0.8792665
1358	1359	1	0.020351745
1358	1359	2	0.027052399
1358	1359	3	0.04664234
1358	1359	4	0.025396788
1358	1360	0	0.7829387
1358	1360	1	0.030823119
1358	1360	2	0.06420678
1358	1360	3	0.08664398
1358	1360	4	0.03416107
1358	1361	0	0.12630995
1358	1361	1	0.48150077
1358	1361	2	0.118269734
1358	1361	3	0.2207762
1358	1361	4	0.05198565
1358	1362	0	0.09528938
1358	1362	1	0.72551537
1358	1362	2	0.073629476
1358	1362	3	0.06277961
1358	1362	4	0.041528493
1358	1363	0	0.8453033
1358	1363	1	0.02927964
1358	1363	2	0.013438669
1358	1363	3	0.07667651
1358	1363	4	0.035036508
1358	1364	0	0.8234465
1358	1364	1	0.04857163
1358	1364	2	0.033083957
1358	1364	3	0.062041942
1358	1364	4	0.032415643
1359	1360	0	0.08579101
1359	1360	1	0.22133479
1359	1360	2	0.41970304
1359	1360	3	0.21622963
1359	1360	4	0.056192003
1359	1361	0	0.024991106
1359	1361	1	0.7505421
1359	1361	2	0.08998805
1359	1361	3	0.09513601
1359	1361	4	0.038017698
1359	1362	0	0.022243988
1359	1362	1	0.8602664
1359	1362	2	0.057221346
1359	1362	3	0.027889716
1359	1362	4	0.031121757
1359	1363	0	0.49713638
1359	1363	1	0.04309013
1359	1363	2	0.08558221
1359	1363	3	0.33376035
1359	1363	4	0.039567064
1359	1364	0	0.05188211
1359	1364	1	0.71409434
1359	1364	2	0.11848986
1359	1364	3	0.07813148
1359	1364	4	0.036539547
1360	1361	0	0.023132123
1360	1361	1	0.7575212
1360	1361	2	0.069523945
1360	1361	3	0.115502074
1360	1361	4	0.033007935
1360	1362	0	0.024919368
1360	1362	1	0.86421835
1360	1362	2	0.044276267
1360	1362	3	0.03262427
1360	1362	4	0.032831628
1360	1363	0	0.32922158
1360	1363	1	0.047662433
1360	1363	2	0.11067415
1360	1363	3	0.4757303
1360	1363	4	0.036005665
1360	1364	0	0.057982527
1360	1364	1	0.6630638
1360	1364	2	0.10105575
1360	1364	3	0.13977087
1360	1364	4	0.036918595
1361	1362	0	0.08903603
1361	1362	1	0.5747632
1361	1362	2	0.20780809
1361	1362	3	0.071410306
1361	1362	4	0.055643804
1361	1363	0	0.8050835
1361	1363	1	0.020803476
1361	1363	2	0.037237737
1361	1363	3	0.103721604
1361	1363	4	0.031895317
1361	1364	0	0.5830406
1361	1364	1	0.12424212
1361	1364	2	0.13901058
1361	1364	3	0.10514156
1361	1364	4	0.047118064
1362	1363	0	0.87161195
1362	1363	1	0.020581836
1362	1363	2	0.013027783
1362	1363	3	0.06460338
1362	1363	4	0.028731093
1362	1364	0	0.7773735
1362	1364	1	0.06554805
1362	1364	2	0.041168455
1362	1364	3	0.07675521
1362	1364	4	0.037610598
1363	1364	0	0.025006395
1363	1364	1	0.8519965
1363	1364	2	0.05598905
1363	1364	3	0.033557914
1363	1364	4	0.032140214
1358	1365	0	0.7232806
1358	1365	1	0.058350362
1358	1365	2	0.1623371
1358	1365	3	0.030720018
1358	1365	4	0.023727693
1358	1366	0	0.7897532
1358	1366	1	0.033118565
1358	1366	2	0.12487758
1358	1366	3	0.02927168
1358	1366	4	0.02142233
1358	1367	0	0.19925787
1358	1367	1	0.4263705
1358	1367	2	0.22086059
1358	1367	3	0.11680429
1358	1367	4	0.035449192
1358	1368	0	0.5934561
1358	1368	1	0.11898357
1358	1368	2	0.11382139
1358	1368	3	0.13173929
1358	1368	4	0.040647767
1358	1369	0	0.6909913
1358	1369	1	0.044420324
1358	1369	2	0.097101726
1358	1369	3	0.13729975
1358	1369	4	0.029053656
1359	1365	0	0.08836147
1359	1365	1	0.42212695
1359	1365	2	0.41020474
1359	1365	3	0.044813365
1359	1365	4	0.03320328
1359	1366	0	0.11292441
1359	1366	1	0.2398052
1359	1366	2	0.55148757
1359	1366	3	0.05852361
1359	1366	4	0.03623109
1359	1367	0	0.018712182
1359	1367	1	0.7885761
1359	1367	2	0.11004588
1359	1367	3	0.05650317
1359	1367	4	0.02463935
1359	1368	0	0.057369106
1359	1368	1	0.61931175
1359	1368	2	0.1522813
1359	1368	3	0.12905289
1359	1368	4	0.04069271
1359	1369	0	0.15101549
1359	1369	1	0.2565231
1359	1369	2	0.3145899
1359	1369	3	0.2365401
1359	1369	4	0.04045276
1360	1365	0	0.057366606
1360	1365	1	0.48093393
1360	1365	2	0.38011461
1360	1365	3	0.049112454
1360	1365	4	0.031065498
1360	1366	0	0.05546113
1360	1366	1	0.40346375
1360	1366	2	0.42543077
1360	1366	3	0.07962311
1360	1366	4	0.034905374
1360	1367	0	0.012650558
1360	1367	1	0.8234198
1360	1367	2	0.07323672
1360	1367	3	0.06851735
1360	1367	4	0.020799141
1360	1368	0	0.039952066
1360	1368	1	0.61643714
1360	1368	2	0.14974324
1360	1368	3	0.15443534
1360	1368	4	0.038252033
1360	1369	0	0.091084495
1360	1369	1	0.26896322
1360	1369	2	0.23961475
1360	1369	3	0.36344483
1360	1369	4	0.035890717
1361	1365	0	0.5310548
1361	1365	1	0.06394568
1361	1365	2	0.33391598
1361	1365	3	0.03998997
1361	1365	4	0.030000454
1361	1366	0	0.5062272
1361	1366	1	0.04366022
1361	1366	2	0.37495932
1361	1366	3	0.043840792
1361	1366	4	0.03018416
1361	1367	0	0.11725923
1361	1367	1	0.396155
1361	1367	2	0.34017304
1361	1367	3	0.101490594
1361	1367	4	0.043244697
1361	1368	0	0.44689196
1361	1368	1	0.14895561
1361	1368	2	0.2108601
1361	1368	3	0.13930643
1361	1368	4	0.052735742
1361	1369	0	0.48198226
1361	1369	1	0.07815135
1361	1369	2	0.20751093
1361	1369	3	0.19545025
1361	1369	4	0.03571248
1362	1365	0	0.7782847
1362	1365	1	0.037488397
1362	1365	2	0.12711662
1362	1365	3	0.02997919
1362	1365	4	0.025586242
1362	1366	0	0.799377
1362	1366	1	0.027038116
1362	1366	2	0.117057726
1362	1366	3	0.03133495
1362	1366	4	0.023616739
1362	1367	0	0.23939721
1362	1367	1	0.3597974
1362	1367	2	0.20139992
1362	1367	3	0.14068414
1362	1367	4	0.05740702
1362	1368	0	0.69393414
1362	1368	1	0.0800419
1362	1368	2	0.077188
1362	1368	3	0.10771826
1362	1368	4	0.039705697
1362	1369	0	0.7713723
1362	1369	1	0.03564409
1362	1369	2	0.053941473
1362	1369	3	0.11367673
1362	1369	4	0.023966247
1363	1365	0	0.026997404
1363	1365	1	0.48261118
1363	1365	2	0.4211665
1363	1365	3	0.037090603
1363	1365	4	0.031140685
1363	1366	0	0.031045072
1363	1366	1	0.4512071
1363	1366	2	0.43962651
1363	1366	3	0.043680437
1363	1366	4	0.033278488
1363	1367	0	0.012679883
1363	1367	1	0.7557682
1363	1367	2	0.15271859
1363	1367	3	0.050221123
1363	1367	4	0.027299814
1363	1368	0	0.020625554
1363	1368	1	0.68678445
1363	1368	2	0.18998884
1363	1368	3	0.06844721
1363	1368	4	0.032919332
1363	1369	0	0.04696486
1363	1369	1	0.48979932
1363	1369	2	0.30817243
1363	1369	3	0.12040499
1363	1369	4	0.03297328
1364	1365	0	0.5507049
1364	1365	1	0.14068995
1364	1365	2	0.22775781
1364	1365	3	0.044928357
1364	1365	4	0.03449846
1364	1366	0	0.48080957
1364	1366	1	0.1637393
1364	1366	2	0.275061
1364	1366	3	0.047044244
1364	1366	4	0.03231806
1364	1367	0	0.10560878
1364	1367	1	0.6297624
1364	1367	2	0.14940847
1364	1367	3	0.0755717
1364	1367	4	0.038128503
1364	1368	0	0.4108811
1364	1368	1	0.33804208
1364	1368	2	0.10160564
1364	1368	3	0.10509357
1364	1368	4	0.042713854
1364	1369	0	0.71492636
1364	1369	1	0.061920837
1364	1369	2	0.071827196
1364	1369	3	0.1109097
1364	1369	4	0.038775247
1365	1366	0	0.50940406
1365	1366	1	0.16183804
1365	1366	2	0.13953017
1365	1366	3	0.13565032
1365	1366	4	0.07029043
1365	1367	0	0.081897
1365	1367	1	0.6878597
1365	1367	2	0.06704035
1365	1367	3	0.115676366
1365	1367	4	0.074000135
1365	1368	0	0.14908493
1365	1368	1	0.44140723
1365	1368	2	0.074425876
1365	1368	3	0.27800423
1365	1368	4	0.07675094
1365	1369	0	0.2853228
1365	1369	1	0.12935258
1365	1369	2	0.07539745
1365	1369	3	0.46670568
1365	1369	4	0.06274628
1366	1367	0	0.0830597
1366	1367	1	0.7177895
1366	1367	2	0.05986034
1366	1367	3	0.09075751
1366	1367	4	0.077712335
1366	1368	0	0.103052765
1366	1368	1	0.598095
1366	1368	2	0.06364135
1366	1368	3	0.18076734
1366	1368	4	0.07978576
1366	1369	0	0.22619237
1366	1369	1	0.21037066
1366	1369	2	0.062919825
1366	1369	3	0.4548602
1366	1369	4	0.063625075
1367	1368	0	0.60685337
1367	1368	1	0.11597765
1367	1368	2	0.08137159
1367	1368	3	0.13733408
1367	1368	4	0.08376032
1367	1369	0	0.6689819
1367	1369	1	0.08190571
1367	1369	2	0.06416517
1367	1369	3	0.13533154
1367	1369	4	0.072259866
1368	1369	0	0.28975707
1368	1369	1	0.23058856
1368	1369	2	0.14642213
1368	1369	3	0.26931843
1368	1369	4	0.08105569
1365	1370	0	0.046915498
1365	1370	1	0.01938422
1365	1370	2	0.016527988
1365	1370	3	0.90200514
1365	1370	4	0.014830673
1365	1371	0	0.062218037
1365	1371	1	0.19399527
1365	1371	2	0.043852728
1365	1371	3	0.6770631
1365	1371	4	0.022435535
1365	1372	0	0.25330126
1365	1372	1	0.27266395
1365	1372	2	0.1406297
1365	1372	3	0.29888722
1365	1372	4	0.034533065
1366	1370	0	0.03307257
1366	1370	1	0.028186249
1366	1370	2	0.014662886
1366	1370	3	0.9084249
1366	1370	4	0.015381182
1366	1371	0	0.042351134
1366	1371	1	0.41390732
1366	1371	2	0.035822242
1366	1371	3	0.48338634
1366	1371	4	0.024338823
1366	1372	0	0.12798896
1366	1372	1	0.5205325
1366	1372	2	0.10667146
1366	1372	3	0.21059792
1366	1372	4	0.03411381
1367	1370	0	0.29646537
1367	1370	1	0.015743664
1367	1370	2	0.0379326
1367	1370	3	0.6197441
1367	1370	4	0.029961228
1367	1371	0	0.3981268
1367	1371	1	0.11574895
1367	1371	2	0.09112392
1367	1371	3	0.34935442
1367	1371	4	0.04569328
1367	1372	0	0.6475863
1367	1372	1	0.06678122
1367	1372	2	0.13540293
1367	1372	3	0.106118016
1367	1372	4	0.0438657
1368	1370	0	0.11438628
1368	1370	1	0.028299712
1368	1370	2	0.050891723
1368	1370	3	0.7701249
1368	1370	4	0.036011294
1368	1371	0	0.089589424
1368	1371	1	0.37359336
1368	1371	2	0.13690239
1368	1371	3	0.3472802
1368	1371	4	0.05268269
1368	1372	0	0.22969972
1368	1372	1	0.29329857
1368	1372	2	0.26101595
1368	1372	3	0.16171533
1368	1372	4	0.054325376
1369	1370	0	0.039453268
1369	1370	1	0.05719473
1369	1370	2	0.04885853
1369	1370	3	0.829606
1369	1370	4	0.024672247
1369	1371	0	0.016356278
1369	1371	1	0.71918523
1369	1371	2	0.07365118
1369	1371	3	0.16645564
1369	1371	4	0.023858491
1369	1372	0	0.045097105
1369	1372	1	0.62352353
1369	1372	2	0.21591638
1369	1372	3	0.08321725
1369	1372	4	0.032166164
1370	1371	0	0.034086645
1370	1371	1	0.20306338
1370	1371	2	0.5604381
1370	1371	3	0.14800628
1370	1371	4	0.058280833
1370	1372	0	0.037299454
1370	1372	1	0.09230037
1370	1372	2	0.7563895
1370	1372	3	0.06925458
1370	1372	4	0.04827191
1371	1372	0	0.32883197
1371	1372	1	0.13227928
1371	1372	2	0.36081377
1371	1372	3	0.10460206
1371	1372	4	0.077842034
1370	1373	0	0.049181905
1370	1373	1	0.025690448
1370	1373	2	0.8719
1370	1373	3	0.03021988
1370	1373	4	0.023043524
1370	1374	0	0.07051213
1370	1374	1	0.03555491
1370	1374	2	0.8241053
1370	1374	3	0.040391542
1370	1374	4	0.029494317
1370	1375	0	0.07744134
1370	1375	1	0.17623451
1370	1375	2	0.45751554
1370	1375	3	0.21290651
1370	1375	4	0.07599109
1370	1376	0	0.026039751
1370	1376	1	0.2399971
1370	1376	2	0.5642435
1370	1376	3	0.10945039
1370	1376	4	0.06036494
1371	1373	0	0.608698
1371	1373	1	0.024074621
1371	1373	2	0.29965925
1371	1373	3	0.04218974
1371	1373	4	0.025439693
1371	1374	0	0.7071617
1371	1374	1	0.026851816
1371	1374	2	0.19700584
1371	1374	3	0.04552592
1371	1374	4	0.02357196
1371	1375	0	0.6375746
1371	1375	1	0.060730893
1371	1375	2	0.079271056
1371	1375	3	0.18668018
1371	1375	4	0.03591501
1371	1376	0	0.25031856
1371	1376	1	0.28180584
1371	1376	2	0.23711789
1371	1376	3	0.16851312
1371	1376	4	0.062363725
1372	1373	0	0.58191496
1372	1373	1	0.06107526
1372	1373	2	0.21691574
1372	1373	3	0.11624104
1372	1373	4	0.023850435
1372	1374	0	0.63666075
1372	1374	1	0.07433407
1372	1374	2	0.14775611
1372	1374	3	0.10866759
1372	1374	4	0.03258724
1372	1375	0	0.3504949
1372	1375	1	0.21229845
1372	1375	2	0.03516611
1372	1375	3	0.37235224
1372	1375	4	0.029784411
1372	1376	0	0.0907479
1372	1376	1	0.5895351
1372	1376	2	0.07866316
1372	1376	3	0.2060794
1372	1376	4	0.03501188
1373	1374	0	0.22790042
1373	1374	1	0.16942453
1373	1374	2	0.36830154
1373	1374	3	0.1850546
1373	1374	4	0.049495004
1373	1375	0	0.15386729
1373	1375	1	0.2556486
1373	1375	2	0.045784544
1373	1375	3	0.50088465
1373	1375	4	0.0440495
1373	1376	0	0.052769724
1373	1376	1	0.61906224
1373	1376	2	0.071020775
1373	1376	3	0.20859446
1373	1376	4	0.05007803
1374	1375	0	0.16421796
1374	1375	1	0.43726936
1374	1375	2	0.025511155
1374	1375	3	0.3239266
1374	1375	4	0.04931345
1374	1376	0	0.046006612
1374	1376	1	0.7608694
1374	1376	2	0.0340956
1374	1376	3	0.11109763
1374	1376	4	0.048530098
1375	1376	0	0.09155314
1375	1376	1	0.40134385
1375	1376	2	0.3597133
1375	1376	3	0.082535766
1375	1376	4	0.06506661
1373	1377	0	0.026000949
1373	1377	1	0.019403925
1373	1377	2	0.049260154
1373	1377	3	0.8873818
1373	1377	4	0.017984126
1373	1378	0	0.01241234
1373	1378	1	0.3888926
1373	1378	2	0.11123327
1373	1378	3	0.45873195
1373	1378	4	0.028716639
1374	1377	0	0.035161942
1374	1377	1	0.03386937
1374	1377	2	0.04150151
1374	1377	3	0.8651816
1374	1377	4	0.02431701
1374	1378	0	0.012866687
1374	1378	1	0.5366807
1374	1378	2	0.07274915
1374	1378	3	0.35158387
1374	1378	4	0.0261003
1375	1377	0	0.08733789
1375	1377	1	0.031804863
1375	1377	2	0.3337661
1375	1377	3	0.49553657
1375	1377	4	0.051550675
1375	1378	0	0.031690773
1375	1378	1	0.40980524
1375	1378	2	0.39483723
1375	1378	3	0.12031603
1375	1378	4	0.04333043
1376	1377	0	0.3058378
1376	1377	1	0.013417902
1376	1377	2	0.10496263
1376	1377	3	0.53526944
1376	1377	4	0.040499434
1376	1378	0	0.13797261
1376	1378	1	0.22325462
1376	1378	2	0.17842954
1376	1378	3	0.40154353
1376	1378	4	0.058782835
1377	1378	0	0.015920093
1377	1378	1	0.2396792
1377	1378	2	0.4365759
1377	1378	3	0.25769424
1377	1378	4	0.049488243
1377	1379	0	0.023565803
1377	1379	1	0.076514415
1377	1379	2	0.63000315
1377	1379	3	0.22631282
1377	1379	4	0.043596715
1377	1380	0	0.037578024
1377	1380	1	0.05415632
1377	1380	2	0.5342946
1377	1380	3	0.32232264
1377	1380	4	0.05164102
1377	1381	0	0.016893914
1377	1381	1	0.12349272
1377	1381	2	0.48633543
1377	1381	3	0.33500952
1377	1381	4	0.038259003
1378	1379	0	0.27814785
1378	1379	1	0.051071458
1378	1379	2	0.30911046
1378	1379	3	0.3141639
1378	1379	4	0.047496732
1378	1380	0	0.36097744
1378	1380	1	0.025370523
1378	1380	2	0.17049906
1378	1380	3	0.3929184
1378	1380	4	0.050218463
1378	1381	0	0.15100753
1378	1381	1	0.062048186
1378	1381	2	0.22312976
1378	1381	3	0.5210074
1378	1381	4	0.042795267
1379	1380	0	0.16074711
1379	1380	1	0.03879371
1379	1380	2	0.07833695
1379	1380	3	0.6773659
1379	1380	4	0.04663744
1379	1381	0	0.044180896
1379	1381	1	0.11281614
1379	1381	2	0.12908305
1379	1381	3	0.6751025
1379	1381	4	0.040555682
1380	1381	0	0.028444482
1380	1381	1	0.2362886
1380	1381	2	0.34862548
1380	1381	3	0.32788828
1380	1381	4	0.0601995
1379	1382	0	0.3705342
1379	1382	1	0.07052753
1379	1382	2	0.29651007
1379	1382	3	0.22931893
1379	1382	4	0.033088394
1379	1383	0	0.6303914
1379	1383	1	0.054616585
1379	1383	2	0.1606113
1379	1383	3	0.1301455
1379	1383	4	0.024209412
1380	1382	0	0.058590584
1380	1382	1	0.11327793
1380	1382	2	0.7323367
1380	1382	3	0.058712877
1380	1382	4	0.037081197
1380	1383	0	0.15152071
1380	1383	1	0.13150038
1380	1383	2	0.6056989
1380	1383	3	0.063902006
1380	1383	4	0.04736333
1381	1382	0	0.65796626
1381	1382	1	0.01508973
1381	1382	2	0.21770753
1381	1382	3	0.07867377
1381	1382	4	0.030541666
1381	1383	0	0.69904035
1381	1383	1	0.020521382
1381	1383	2	0.18622342
1381	1383	3	0.07003187
1381	1383	4	0.024159517
1382	1383	0	0.41935685
1382	1383	1	0.17104465
1382	1383	2	0.25113642
1382	1383	3	0.10823511
1382	1383	4	0.050656974
1382	1384	0	0.0870231
1382	1384	1	0.4110992
1382	1384	2	0.36039495
1382	1384	3	0.1136678
1382	1384	4	0.027940067
1382	1385	0	0.0076785227
1382	1385	1	0.857036
1382	1385	2	0.045169797
1382	1385	3	0.07831571
1382	1385	4	0.012011742
1382	1386	0	0.073117785
1382	1386	1	0.25745335
1382	1386	2	0.10248088
1382	1386	3	0.53201467
1382	1386	4	0.035073426
1382	1387	0	0.049568105
1382	1387	1	0.7259871
1382	1387	2	0.09226128
1382	1387	3	0.0873599
1382	1387	4	0.044898726
1382	1388	0	0.025206445
1382	1388	1	0.85086244
1382	1388	2	0.051464137
1382	1388	3	0.04656826
1382	1388	4	0.026004326
1383	1384	0	0.09739233
1383	1384	1	0.5168867
1383	1384	2	0.25553328
1383	1384	3	0.08748385
1383	1384	4	0.042833284
1383	1385	0	0.008366834
1383	1385	1	0.8768894
1383	1385	2	0.033812415
1383	1385	3	0.069429114
1383	1385	4	0.011666755
1383	1386	0	0.07838111
1383	1386	1	0.26368493
1383	1386	2	0.086285
1383	1386	3	0.53855836
1383	1386	4	0.033216696
1383	1387	0	0.059966326
1383	1387	1	0.73305434
1383	1387	2	0.08451398
1383	1387	3	0.080155425
1383	1387	4	0.042370774
1383	1388	0	0.027739061
1383	1388	1	0.8625553
1383	1388	2	0.041767977
1383	1388	3	0.04368579
1383	1388	4	0.024337167
1384	1385	0	0.028255269
1384	1385	1	0.7991376
1384	1385	2	0.020775512
1384	1385	3	0.12054233
1384	1385	4	0.029573897
1384	1386	0	0.13620819
1384	1386	1	0.12576607
1384	1386	2	0.041407555
1384	1386	3	0.66241646
1384	1386	4	0.03348737
1384	1387	0	0.0967179
1384	1387	1	0.73769313
1384	1387	2	0.031145655
1384	1387	3	0.097051926
1384	1387	4	0.035916142
1384	1388	0	0.036098402
1384	1388	1	0.878431
1384	1388	2	0.010798114
1384	1388	3	0.04499416
1384	1388	4	0.02845829
1385	1386	0	0.683395
1385	1386	1	0.029221352
1385	1386	2	0.06566075
1385	1386	3	0.17961107
1385	1386	4	0.04059637
1385	1387	0	0.7520447
1385	1387	1	0.084208354
1385	1387	2	0.07974641
1385	1387	3	0.04261975
1385	1387	4	0.039845113
1385	1388	0	0.3649983
1385	1388	1	0.37509355
1385	1388	2	0.12175255
1385	1388	3	0.07858407
1385	1388	4	0.0576388
1386	1387	0	0.05657202
1386	1387	1	0.64420927
1386	1387	2	0.19640973
1386	1387	3	0.053891763
1386	1387	4	0.047385916
1386	1388	0	0.03393222
1386	1388	1	0.77697986
1386	1388	2	0.11388362
1386	1388	3	0.034288865
1386	1388	4	0.03935141
1387	1388	0	0.038313482
1387	1388	1	0.88233596
1387	1388	2	0.024597194
1387	1388	3	0.022149963
1387	1388	4	0.03070216
1384	1389	0	0.17558742
1384	1389	1	0.3825062
1384	1389	2	0.1224702
1384	1389	3	0.29230073
1384	1389	4	0.027333915
1384	1390	0	0.042863622
1384	1390	1	0.7363808
1384	1390	2	0.08637874
1384	1390	3	0.112096034
1384	1390	4	0.02245655
1384	1391	0	0.36406693
1384	1391	1	0.30998942
1384	1391	2	0.15792419
1384	1391	3	0.14348179
1384	1391	4	0.024781074
1384	1392	0	0.07423169
1384	1392	1	0.015546349
1384	1392	2	0.013055442
1384	1392	3	0.88030225
1384	1392	4	0.01686277
1384	1393	0	0.01694095
1384	1393	1	0.6333591
1384	1393	2	0.03139321
1384	1393	3	0.29689702
1384	1393	4	0.021585772
1384	1394	0	0.028117111
1384	1394	1	0.8441548
1384	1394	2	0.033645447
1384	1394	3	0.074728176
1384	1394	4	0.019513043
1385	1389	0	0.743185
1385	1389	1	0.03717033
1385	1389	2	0.13301837
1385	1389	3	0.05777389
1385	1389	4	0.028933892
1385	1390	0	0.43946728
1385	1390	1	0.13996586
1385	1390	2	0.2978991
1385	1390	3	0.080599904
1385	1390	4	0.042230036
1385	1391	0	0.7499205
1385	1391	1	0.033750292
1385	1391	2	0.14601412
1385	1391	3	0.038919948
1385	1391	4	0.031506762
1385	1392	0	0.51523036
1385	1392	1	0.0094121955
1385	1392	2	0.05177988
1385	1392	3	0.39158988
1385	1392	4	0.0321473
1385	1393	0	0.180877
1385	1393	1	0.30053827
1385	1393	2	0.15197237
1385	1393	3	0.30639353
1385	1393	4	0.06036321
1385	1394	0	0.36511767
1385	1394	1	0.34562606
1385	1394	2	0.15722522
1385	1394	3	0.09905031
1385	1394	4	0.033187043
1386	1389	0	0.101698965
1386	1389	1	0.2271482
1386	1389	2	0.54795784
1386	1389	3	0.07437074
1386	1389	4	0.048938032
1386	1390	0	0.034537155
1386	1390	1	0.4075513
1386	1390	2	0.46734306
1386	1390	3	0.049121518
1386	1390	4	0.041573524
1386	1391	0	0.1176413
1386	1391	1	0.17441863
1386	1391	2	0.6268194
1386	1391	3	0.042228136
1386	1391	4	0.039037254
1386	1392	0	0.12581015
1386	1392	1	0.035402983
1386	1392	2	0.16798009
1386	1392	3	0.61806667
1386	1392	4	0.05283803
1386	1393	0	0.02365026
1386	1393	1	0.51052016
1386	1393	2	0.25026518
1386	1393	3	0.16114062
1386	1393	4	0.054604992
1386	1394	0	0.020224065
1386	1394	1	0.722849
1386	1394	2	0.17828582
1386	1394	3	0.05125167
1386	1394	4	0.027612789
1387	1389	0	0.36706606
1387	1389	1	0.23261888
1387	1389	2	0.24776898
1387	1389	3	0.12287804
1387	1389	4	0.029803745
1387	1390	0	0.089966975
1387	1390	1	0.5159468
1387	1390	2	0.27294627
1387	1390	3	0.0831901
1387	1390	4	0.03803745
1387	1391	0	0.46093294
1387	1391	1	0.18356575
1387	1391	2	0.2834744
1387	1391	3	0.049081262
1387	1391	4	0.023104357
1387	1392	0	0.23035914
1387	1392	1	0.018428862
1387	1392	2	0.04314528
1387	1392	3	0.67963105
1387	1392	4	0.02857291
1387	1393	0	0.054218188
1387	1393	1	0.5087672
1387	1393	2	0.11264043
1387	1393	3	0.2752618
1387	1393	4	0.049222328
1387	1394	0	0.09457453
1387	1394	1	0.6493972
1387	1394	2	0.10791121
1387	1394	3	0.09819034
1387	1394	4	0.050016783
1388	1389	0	0.70886695
1388	1389	1	0.06627916
1388	1389	2	0.11403739
1388	1389	3	0.084888674
1388	1389	4	0.02599853
1388	1390	0	0.30457297
1388	1390	1	0.35128874
1388	1390	2	0.20993403
1388	1390	3	0.101414286
1388	1390	4	0.032962956
1388	1391	0	0.7367831
1388	1391	1	0.06807945
1388	1391	2	0.11656427
1388	1391	3	0.046434905
1388	1391	4	0.032193396
1388	1392	0	0.4227222
1388	1392	1	0.013193031
1388	1392	2	0.028981559
1388	1392	3	0.5107035
1388	1392	4	0.024551652
1388	1393	0	0.13331623
1388	1393	1	0.33641127
1388	1393	2	0.09279102
1388	1393	3	0.39195547
1388	1393	4	0.045703407
1388	1394	0	0.2254947
1388	1394	1	0.5160589
1388	1394	2	0.10429999
1388	1394	3	0.10142896
1388	1394	4	0.05274904
1389	1390	0	0.05546458
1389	1390	1	0.7026058
1389	1390	2	0.121543415
1389	1390	3	0.076607056
1389	1390	4	0.049026478
1389	1391	0	0.18075506
1389	1391	1	0.31885993
1389	1391	2	0.32829732
1389	1391	3	0.12857707
1389	1391	4	0.04647061
1389	1392	0	0.04866261
1389	1392	1	0.024651017
1389	1392	2	0.026345236
1389	1392	3	0.88412637
1389	1392	4	0.019284729
1389	1393	0	0.03980576
1389	1393	1	0.5534642
1389	1393	2	0.05407773
1389	1393	3	0.31205466
1389	1393	4	0.044129875
1389	1394	0	0.06410251
1389	1394	1	0.7080419
1389	1394	2	0.07811166
1389	1394	3	0.10256965
1389	1394	4	0.05378977
1390	1391	0	0.7124274
1390	1391	1	0.059799857
1390	1391	2	0.13164127
1390	1391	3	0.050386153
1390	1391	4	0.05132008
1390	1392	0	0.19927129
1390	1392	1	0.023865027
1390	1392	2	0.02901608
1390	1392	3	0.718795
1390	1392	4	0.031915065
1390	1393	0	0.07818307
1390	1393	1	0.19092937
1390	1393	2	0.083753385
1390	1393	3	0.5983002
1390	1393	4	0.052023396
1390	1394	0	0.32723874
1390	1394	1	0.29370925
1390	1394	2	0.11446725
1390	1394	3	0.20411749
1390	1394	4	0.06503449
1391	1392	0	0.061010323
1391	1392	1	0.032702602
1391	1392	2	0.020248402
1391	1392	3	0.8685494
1391	1392	4	0.020169148
1391	1393	0	0.0436033
1391	1393	1	0.6409495
1391	1393	2	0.032031585
1391	1393	3	0.24100442
1391	1393	4	0.047180183
1391	1394	0	0.0724891
1391	1394	1	0.7416536
1391	1394	2	0.030029165
1391	1394	3	0.10901506
1391	1394	4	0.053194426
1392	1393	0	0.03948158
1392	1393	1	0.38126883
1392	1393	2	0.28837016
1392	1393	3	0.2269408
1392	1393	4	0.067729264
1392	1394	0	0.05424888
1392	1394	1	0.5199088
1392	1394	2	0.29095057
1392	1394	3	0.081669345
1392	1394	4	0.058027435
1393	1394	0	0.24458961
1393	1394	1	0.14410356
1393	1394	2	0.45378527
1393	1394	3	0.08583543
1393	1394	4	0.074810535
1389	1395	0	0.19184451
1389	1395	1	0.111292556
1389	1395	2	0.05637705
1389	1395	3	0.6144181
1389	1395	4	0.02583532
1389	1396	0	0.590038
1389	1396	1	0.045397587
1389	1396	2	0.08704292
1389	1396	3	0.24422917
1389	1396	4	0.033006918
1390	1395	0	0.72149754
1390	1395	1	0.013422552
1390	1395	2	0.0273212
1390	1395	3	0.22105272
1390	1395	4	0.016536498
1390	1396	0	0.88340783
1390	1396	1	0.012023183
1390	1396	2	0.028707454
1390	1396	3	0.05998594
1390	1396	4	0.015325583
1391	1395	0	0.3779431
1391	1395	1	0.05249868
1391	1395	2	0.023882398
1391	1395	3	0.5251734
1391	1395	4	0.020222949
1391	1396	0	0.6172087
1391	1396	1	0.05772875
1391	1396	2	0.059722878
1391	1396	3	0.22029054
1391	1396	4	0.044840496
1392	1395	0	0.28779855
1392	1395	1	0.052021004
1392	1395	2	0.30795848
1392	1395	3	0.30740538
1392	1395	4	0.044774625
1392	1396	0	0.5359963
1392	1396	1	0.024800694
1392	1396	2	0.28059307
1392	1396	3	0.12863408
1392	1396	4	0.030006705
1393	1395	0	0.60603917
1393	1395	1	0.022489103
1393	1395	2	0.17551984
1393	1395	3	0.15747912
1393	1395	4	0.03843851
1393	1396	0	0.8163468
1393	1396	1	0.010346665
1393	1396	2	0.10880779
1393	1396	3	0.042064365
1393	1396	4	0.022212794
1394	1395	0	0.7874971
1394	1395	1	0.012713605
1394	1395	2	0.029276548
1394	1395	3	0.15256031
1394	1395	4	0.017978754
1394	1396	0	0.91658455
1394	1396	1	0.0058528017
1394	1396	2	0.024424972
1394	1396	3	0.042275164
1394	1396	4	0.010565856
1395	1396	0	0.65344363
1395	1396	1	0.062705554
1395	1396	2	0.17999333
1395	1396	3	0.06601956
1395	1396	4	0.036400147
1395	1397	0	0.2115546
1395	1397	1	0.10809805
1395	1397	2	0.61582637
1395	1397	3	0.034440055
1395	1397	4	0.030162789
1395	1398	0	0.17252418
1395	1398	1	0.14062645
1395	1398	2	0.5485224
1395	1398	3	0.10321739
1395	1398	4	0.03519698
1395	1399	0	0.016404213
1395	1399	1	0.6842735
1395	1399	2	0.24628592
1395	1399	3	0.030449113
1395	1399	4	0.022732774
1395	1400	0	0.016728777
1395	1400	1	0.57133704
1395	1400	2	0.34495804
1395	1400	3	0.03790144
1395	1400	4	0.029205382
1395	1401	0	0.027492784
1395	1401	1	0.6790998
1395	1401	2	0.16850102
1395	1401	3	0.093837835
1395	1401	4	0.031218411
1395	1402	0	0.067278415
1395	1402	1	0.26565352
1395	1402	2	0.32957277
1395	1402	3	0.28200647
1395	1402	4	0.055574965
1396	1397	0	0.057485145
1396	1397	1	0.49912432
1396	1397	2	0.3798194
1396	1397	3	0.03676576
1396	1397	4	0.026804801
1396	1398	0	0.042059198
1396	1398	1	0.53293234
1396	1398	2	0.30137113
1396	1398	3	0.09203653
1396	1398	4	0.03165053
1396	1399	0	0.0045393063
1396	1399	1	0.91330504
1396	1399	2	0.05814185
1396	1399	3	0.0136824995
1396	1399	4	0.010473876
1396	1400	0	0.0049421336
1396	1400	1	0.8907562
1396	1400	2	0.07235455
1396	1400	3	0.018964967
1396	1400	4	0.013162092
1396	1401	0	0.004506218
1396	1401	1	0.9213625
1396	1401	2	0.028911488
1396	1401	3	0.03511486
1396	1401	4	0.010317811
1396	1402	0	0.013137861
1396	1402	1	0.7063858
1396	1402	2	0.08149367
1396	1402	3	0.17092037
1396	1402	4	0.028208889
1397	1398	0	0.12482705
1397	1398	1	0.30838898
1397	1398	2	0.07411735
1397	1398	3	0.45322812
1397	1398	4	0.038369663
1397	1399	0	0.018677628
1397	1399	1	0.9292728
1397	1399	2	0.0129739195
1397	1399	3	0.01603671
1397	1399	4	0.021164404
1397	1400	0	0.021048002
1397	1400	1	0.9073682
1397	1400	2	0.023024336
1397	1400	3	0.022208095
1397	1400	4	0.024503032
1397	1401	0	0.02081612
1397	1401	1	0.884591
1397	1401	2	0.011494819
1397	1401	3	0.058107514
1397	1401	4	0.023324447
1397	1402	0	0.031154795
1397	1402	1	0.5886818
1397	1402	2	0.03510969
1397	1402	3	0.3089452
1397	1402	4	0.03491905
1398	1399	0	0.016790193
1398	1399	1	0.9180473
1398	1399	2	0.024852008
1398	1399	3	0.01679759
1398	1399	4	0.02177417
1398	1400	0	0.020177616
1398	1400	1	0.8741467
1398	1400	2	0.05331568
1398	1400	3	0.024133993
1398	1400	4	0.026499026
1398	1401	0	0.020415543
1398	1401	1	0.8878302
1398	1401	2	0.01967412
1398	1401	3	0.044516444
1398	1401	4	0.025831947
1398	1402	0	0.038842563
1398	1402	1	0.5403345
1398	1402	2	0.06591544
1398	1402	3	0.3053947
1398	1402	4	0.04832061
1399	1400	0	0.11639438
1399	1400	1	0.6814847
1399	1400	2	0.09706251
1399	1400	3	0.06595307
1399	1400	4	0.037187755
1399	1401	0	0.10190277
1399	1401	1	0.655223
1399	1401	2	0.03413007
1399	1401	3	0.17387198
1399	1401	4	0.033192392
1399	1402	0	0.27397072
1399	1402	1	0.10141361
1399	1402	2	0.06053044
1399	1402	3	0.52683574
1399	1402	4	0.036353298
1400	1401	0	0.09468421
1400	1401	1	0.5869163
1400	1401	2	0.037497204
1400	1401	3	0.24579616
1400	1401	4	0.033764437
1400	1402	0	0.14365534
1400	1402	1	0.14710122
1400	1402	2	0.06375909
1400	1402	3	0.60679185
1400	1402	4	0.037739996
1401	1402	0	0.39927635
1401	1402	1	0.07258935
1401	1402	2	0.10947422
1401	1402	3	0.36793265
1401	1402	4	0.049456503
1403	1404	0	0.090279974
1403	1404	1	0.31681234
1403	1404	2	0.16945672
1403	1404	3	0.38339835
1403	1404	4	0.04016255
1403	1405	0	0.75745314
1403	1405	1	0.030798167
1403	1405	2	0.02870691
1403	1405	3	0.1674352
1403	1405	4	0.015777342
1403	1406	0	0.46847966
1403	1406	1	0.10644066
1403	1406	2	0.103710786
1403	1406	3	0.29443407
1403	1406	4	0.027121816
1403	1407	0	0.18954755
1403	1407	1	0.08657028
1403	1407	2	0.042494982
1403	1407	3	0.660692
1403	1407	4	0.020834733
1403	1408	0	0.029927546
1403	1408	1	0.80133307
1403	1408	2	0.040435057
1403	1408	3	0.113722324
1403	1408	4	0.014834852
1403	1409	0	0.019498004
1403	1409	1	0.84256357
1403	1409	2	0.03630817
1403	1409	3	0.08818686
1403	1409	4	0.013737075
1404	1405	0	0.83180785
1404	1405	1	0.017305752
1404	1405	2	0.02807356
1404	1405	3	0.11105972
1404	1405	4	0.011930559
1404	1406	0	0.7241121
1404	1406	1	0.02965561
1404	1406	2	0.08227624
1404	1406	3	0.14437115
1404	1406	4	0.019745883
1404	1407	0	0.2912804
1404	1407	1	0.03740565
1404	1407	2	0.061039213
1404	1407	3	0.5897813
1404	1407	4	0.020626305
1404	1408	0	0.09428349
1404	1408	1	0.5446026
1404	1408	2	0.09793621
1404	1408	3	0.23860948
1404	1408	4	0.0247735
1404	1409	0	0.04988215
1404	1409	1	0.68639493
1404	1409	2	0.07848688
1404	1409	3	0.16274393
1404	1409	4	0.022670796
1405	1406	0	0.050025932
1405	1406	1	0.534451
1405	1406	2	0.30005398
1405	1406	3	0.079847455
1405	1406	4	0.035765555
1405	1407	0	0.03343198
1405	1407	1	0.5861725
1405	1407	2	0.13490202
1405	1407	3	0.21557325
1405	1407	4	0.030062925
1405	1408	0	0.0046011237
1405	1408	1	0.92848206
1405	1408	2	0.041207522
1405	1408	3	0.017346082
1405	1408	4	0.008591819
1405	1409	0	0.0036662796
1405	1409	1	0.9272926
1405	1409	2	0.041727103
1405	1409	3	0.017698752
1405	1409	4	0.009911108
1406	1407	0	0.091126874
1406	1407	1	0.22454064
1406	1407	2	0.051958032
1406	1407	3	0.6111381
1406	1407	4	0.021337237
1406	1408	0	0.0048247334
1406	1408	1	0.93872744
1406	1408	2	0.020615185
1406	1408	3	0.028527034
1406	1408	4	0.0075262887
1406	1409	0	0.0037999994
1406	1409	1	0.9411091
1406	1409	2	0.020832725
1406	1409	3	0.027243517
1406	1409	4	0.0072617494
1407	1408	0	0.014624474
1407	1408	1	0.87204844
1407	1408	2	0.05081211
1407	1408	3	0.04619855
1407	1408	4	0.016488625
1407	1409	0	0.0074841934
1407	1409	1	0.8662554
1407	1409	2	0.06562477
1407	1409	3	0.04219249
1407	1409	4	0.018609175
1408	1409	0	0.06586918
1408	1409	1	0.6621907
1408	1409	2	0.08966884
1408	1409	3	0.14589608
1408	1409	4	0.03653994
1403	1410	0	0.21994062
1403	1410	1	0.5149926
1403	1410	2	0.1186565
1403	1410	3	0.12316062
1403	1410	4	0.023243008
1403	1411	0	0.544213
1403	1411	1	0.14786127
1403	1411	2	0.051972665
1403	1411	3	0.23565923
1403	1411	4	0.020302938
1403	1412	0	0.045739383
1403	1412	1	0.7836329
1403	1412	2	0.061746117
1403	1412	3	0.09217242
1403	1412	4	0.016729074
1403	1413	0	0.91157854
1403	1413	1	0.007197897
1403	1413	2	0.011298135
1403	1413	3	0.061714027
1403	1413	4	0.00819858
1403	1414	0	0.626529
1403	1414	1	0.032137796
1403	1414	2	0.047881126
1403	1414	3	0.2771244
1403	1414	4	0.016292209
1404	1410	0	0.5208616
1404	1410	1	0.15101783
1404	1410	2	0.1718461
1404	1410	3	0.13259518
1404	1410	4	0.023680195
1404	1411	0	0.7304194
1404	1411	1	0.042401582
1404	1411	2	0.05630222
1404	1411	3	0.15507059
1404	1411	4	0.015866658
1404	1412	0	0.27148056
1404	1412	1	0.33533296
1404	1412	2	0.14984712
1404	1412	3	0.20923199
1404	1412	4	0.03409818
1404	1413	0	0.915662
1404	1413	1	0.004773724
1404	1413	2	0.015270167
1404	1413	3	0.056122776
1404	1413	4	0.008195959
1404	1414	0	0.71544117
1404	1414	1	0.011017551
1404	1414	2	0.046187755
1404	1414	3	0.21397366
1404	1414	4	0.013367897
1405	1410	0	0.011814896
1405	1410	1	0.8356476
1405	1410	2	0.11626708
1405	1410	3	0.019818595
1405	1410	4	0.016510423
1405	1411	0	0.037104294
1405	1411	1	0.77071303
1405	1411	2	0.121169545
1405	1411	3	0.04906336
1405	1411	4	0.02204116
1405	1412	0	0.010181918
1405	1412	1	0.82041085
1405	1412	2	0.12928821
1405	1412	3	0.020505026
1405	1412	4	0.01964231
1405	1413	0	0.5909673
1405	1413	1	0.0933519
1405	1413	2	0.1311891
1405	1413	3	0.14455484
1405	1413	4	0.039951585
1405	1414	0	0.09286063
1405	1414	1	0.3631916
1405	1414	2	0.28433898
1405	1414	3	0.21618833
1405	1414	4	0.043425284
1406	1410	0	0.021150153
1406	1410	1	0.8567877
1406	1410	2	0.06751482
1406	1410	3	0.04074233
1406	1410	4	0.013885823
1406	1411	0	0.20214091
1406	1411	1	0.5469276
1406	1411	2	0.059991732
1406	1411	3	0.17195125
1406	1411	4	0.018980663
1406	1412	0	0.012898136
1406	1412	1	0.9094575
1406	1412	2	0.036474977
1406	1412	3	0.03164355
1406	1412	4	0.009657115
1406	1413	0	0.8849076
1406	1413	1	0.016339036
1406	1413	2	0.014114157
1406	1413	3	0.07513611
1406	1413	4	0.009610213
1406	1414	0	0.42964068
1406	1414	1	0.08184743
1406	1414	2	0.07904624
1406	1414	3	0.38614914
1406	1414	4	0.023334896
1407	1410	0	0.04922576
1407	1410	1	0.58650124
1407	1410	2	0.2758039
1407	1410	3	0.049624003
1407	1410	4	0.038843937
1407	1411	0	0.27129513
1407	1411	1	0.29768085
1407	1411	2	0.2236065
1407	1411	3	0.16134696
1407	1411	4	0.04605667
1407	1412	0	0.020092484
1407	1412	1	0.7941163
1407	1412	2	0.12188817
1407	1412	3	0.03733455
1407	1412	4	0.02658099
1407	1413	0	0.89858156
1407	1413	1	0.011010576
1407	1413	2	0.028363349
1407	1413	3	0.047781147
1407	1413	4	0.014387362
1407	1414	0	0.5243505
1407	1414	1	0.040454894
1407	1414	2	0.1910599
1407	1414	3	0.20743239
1407	1414	4	0.036766645
1408	1410	0	0.6272037
1408	1410	1	0.105669424
1408	1410	2	0.1346159
1408	1410	3	0.09992095
1408	1410	4	0.03260654
1408	1411	0	0.82978684
1408	1411	1	0.02501946
1408	1411	2	0.033865467
1408	1411	3	0.090311885
1408	1411	4	0.021014677
1408	1412	0	0.44053954
1408	1412	1	0.2451226
1408	1412	2	0.13868551
1408	1412	3	0.1336968
1408	1412	4	0.04193548
1408	1413	0	0.9546815
1408	1413	1	0.002706217
1408	1413	2	0.009558868
1408	1413	3	0.026068587
1408	1413	4	0.0071015526
1408	1414	0	0.8608832
1408	1414	1	0.006089153
1408	1414	2	0.02487416
1408	1414	3	0.096792445
1408	1414	4	0.011481887
1409	1410	0	0.77814037
1409	1410	1	0.047486227
1409	1410	2	0.07987888
1409	1410	3	0.05921498
1409	1410	4	0.035258353
1409	1411	0	0.9059875
1409	1411	1	0.012010485
1409	1411	2	0.02297981
1409	1411	3	0.04423961
1409	1411	4	0.0147553915
1409	1412	0	0.68650967
1409	1412	1	0.085687935
1409	1412	2	0.09575293
1409	1412	3	0.08270873
1409	1412	4	0.049323913
1409	1413	0	0.9589323
1409	1413	1	0.002186815
1409	1413	2	0.010371727
1409	1413	3	0.021029476
1409	1413	4	0.0075872145
1409	1414	0	0.9144642
1409	1414	1	0.0040027853
1409	1414	2	0.02068001
1409	1414	3	0.050789896
1409	1414	4	0.010161093
1410	1411	0	0.8629541
1410	1411	1	0.032436993
1410	1411	2	0.011277054
1410	1411	3	0.073352
1410	1411	4	0.018027376
1410	1412	0	0.16331086
1410	1412	1	0.674222
1410	1412	2	0.0466107
1410	1412	3	0.08541267
1410	1412	4	0.028318534
1410	1413	0	0.9320956
1410	1413	1	0.013254205
1410	1413	2	0.0051946426
1410	1413	3	0.031899363
1410	1413	4	0.015889483
1410	1414	0	0.8120077
1410	1414	1	0.02160683
1410	1414	2	0.016358547
1410	1414	3	0.13006781
1410	1414	4	0.018465826
1411	1412	0	0.02176136
1411	1412	1	0.8960103
1411	1412	2	0.040465016
1411	1412	3	0.01992815
1411	1412	4	0.020082697
1411	1413	0	0.9186825
1411	1413	1	0.018353542
1411	1413	2	0.010908831
1411	1413	3	0.02947516
1411	1413	4	0.020462453
1411	1414	0	0.6946138
1411	1414	1	0.059639912
1411	1414	2	0.055849478
1411	1414	3	0.15885867
1411	1414	4	0.029363317
1412	1413	0	0.95247555
1412	1413	1	0.0087787695
1412	1413	2	0.0053644767
1412	1413	3	0.018107122
1412	1413	4	0.013769631
1412	1414	0	0.8844913
1412	1414	1	0.017208843
1412	1414	2	0.01413808
1412	1414	3	0.06298208
1412	1414	4	0.019413548
1413	1414	0	0.026575325
1413	1414	1	0.78348964
1413	1414	2	0.08860969
1413	1414	3	0.064941116
1413	1414	4	0.03469329
1410	1415	0	0.597098
1410	1415	1	0.07673999
1410	1415	2	0.12060174
1410	1415	3	0.16087459
1410	1415	4	0.04470529
1411	1415	0	0.4237116
1411	1415	1	0.13856243
1411	1415	2	0.27614895
1411	1415	3	0.12205271
1411	1415	4	0.039581764
1412	1415	0	0.7061485
1412	1415	1	0.057607565
1412	1415	2	0.08842016
1412	1415	3	0.0905673
1412	1415	4	0.057205677
1413	1415	0	0.024863921
1413	1415	1	0.64807165
1413	1415	2	0.24117583
1413	1415	3	0.051243376
1413	1415	4	0.034743723
1414	1415	0	0.08571492
1414	1415	1	0.432007
1414	1415	2	0.32605138
1414	1415	3	0.12650687
1414	1415	4	0.029810136
1415	1416	0	0.038987774
1415	1416	1	0.59831226
1415	1416	2	0.18923326
1415	1416	3	0.14690165
1415	1416	4	0.026531488
1415	1417	0	0.107702054
1415	1417	1	0.5153206
1415	1417	2	0.26982698
1415	1417	3	0.08610949
1415	1417	4	0.02102023
1415	1418	0	0.71480083
1415	1418	1	0.075331114
1415	1418	2	0.07134191
1415	1418	3	0.08586751
1415	1418	4	0.052575964
1415	1419	0	0.15096506
1415	1419	1	0.58320683
1415	1419	2	0.11004281
1415	1419	3	0.11051848
1415	1419	4	0.04528793
1416	1417	0	0.40291873
1416	1417	1	0.12184904
1416	1417	2	0.28096554
1416	1417	3	0.14794144
1416	1417	4	0.046406526
1416	1418	0	0.8967437
1416	1418	1	0.03474029
1416	1418	2	0.011924937
1416	1418	3	0.022280296
1416	1418	4	0.035151225
1416	1419	0	0.58578193
1416	1419	1	0.14360557
1416	1419	2	0.08149641
1416	1419	3	0.14078094
1416	1419	4	0.04852619
1416	1420	0	0.40145653
1416	1420	1	0.11522109
1416	1420	2	0.11741542
1416	1420	3	0.32522184
1416	1420	4	0.04057448
1416	1421	0	0.36118683
1416	1421	1	0.15973295
1416	1421	2	0.11809858
1416	1421	3	0.31907037
1416	1421	4	0.041791894
1416	1422	0	0.34743673
1416	1422	1	0.09839458
1416	1422	2	0.38005805
1416	1422	3	0.14169681
1416	1422	4	0.032310396
1417	1418	0	0.9061876
1417	1418	1	0.033540193
1417	1418	2	0.0032402615
1417	1418	3	0.025184527
1417	1418	4	0.0321099
1417	1419	0	0.6101241
1417	1419	1	0.20185454
1417	1419	2	0.02733354
1417	1419	3	0.11796563
1417	1419	4	0.042814083
1418	1419	0	0.041449897
1418	1419	1	0.89035165
1418	1419	2	0.022634463
1418	1419	3	0.005832028
1418	1419	4	0.040222656
1417	1420	0	0.33369926
1417	1420	1	0.18866129
1417	1420	2	0.04603805
1417	1420	3	0.40376294
1417	1420	4	0.027745012
1417	1421	0	0.22552913
1417	1421	1	0.43895477
1417	1421	2	0.03307236
1417	1421	3	0.28098655
1417	1421	4	0.021430006
1417	1422	0	0.17007273
1417	1422	1	0.5057845
1417	1422	2	0.14281738
1417	1422	3	0.15874307
1417	1422	4	0.02255946
1418	1420	0	0.044735536
1418	1420	1	0.7982219
1418	1420	2	0.061967373
1418	1420	3	0.05115818
1418	1420	4	0.04377739
1418	1421	0	0.0115192225
1418	1421	1	0.9362972
1418	1421	2	0.02347041
1418	1421	3	0.016219363
1418	1421	4	0.012379712
1418	1422	0	0.009381133
1418	1422	1	0.9025805
1418	1422	2	0.06088526
1418	1422	3	0.013903205
1418	1422	4	0.013115788
1419	1420	0	0.33488506
1419	1420	1	0.46156234
1419	1420	2	0.051154826
1419	1420	3	0.11463054
1419	1420	4	0.037681974
1419	1421	0	0.12575985
1419	1421	1	0.73762196
1419	1421	2	0.04048818
1419	1421	3	0.061211158
1419	1421	4	0.034921553
1419	1422	0	0.10629762
1419	1422	1	0.6931604
1419	1422	2	0.12808204
1419	1422	3	0.042743664
1419	1422	4	0.029713817
1420	1421	0	0.24037825
1420	1421	1	0.5600858
1420	1421	2	0.05756498
1420	1421	3	0.07789433
1420	1421	4	0.06983325
1420	1422	0	0.07334812
1420	1422	1	0.5612815
1420	1422	2	0.2783039
1420	1422	3	0.03022678
1420	1422	4	0.06181619
1421	1422	0	0.3065895
1421	1422	1	0.31575713
1421	1422	2	0.2715983
1421	1422	3	0.050868426
1421	1422	4	0.059709854
1420	1423	0	0.8738603
1420	1423	1	0.02059781
1420	1423	2	0.032676227
1420	1423	3	0.049626052
1420	1423	4	0.02311813
1420	1424	0	0.0940352
1420	1424	1	0.47418684
1420	1424	2	0.13599582
1420	1424	3	0.241197
1420	1424	4	0.05454623
1420	1425	0	0.07653671
1420	1425	1	0.57398367
1420	1425	2	0.24487244
1420	1425	3	0.055932056
1420	1425	4	0.048577342
1421	1423	0	0.92185664
1421	1423	1	0.01312577
1421	1423	2	0.017884394
1421	1423	3	0.0315888
1421	1423	4	0.015515097
1421	1424	0	0.35205302
1421	1424	1	0.23490588
1421	1424	2	0.08568882
1421	1424	3	0.2904367
1421	1424	4	0.03684282
1421	1425	0	0.32951325
1421	1425	1	0.3548769
1421	1425	2	0.22857393
1421	1425	3	0.055209994
1421	1425	4	0.03172686
1422	1423	0	0.90494883
1422	1423	1	0.0069798734
1422	1423	2	0.010570066
1422	1423	3	0.06745746
1422	1423	4	0.010055122
1422	1424	0	0.16566002
1422	1424	1	0.13820854
1422	1424	2	0.033541434
1422	1424	3	0.6445283
1422	1424	4	0.018111356
1422	1425	0	0.26816565
1422	1425	1	0.3809145
1422	1425	2	0.16767699
1422	1425	3	0.15487105
1422	1425	4	0.028361622
1423	1424	0	0.06114446
1423	1424	1	0.7934303
1423	1424	2	0.05501395
1423	1424	3	0.03686581
1423	1424	4	0.06604424
1423	1425	0	0.04956053
1423	1425	1	0.76141894
1423	1425	2	0.12421499
1423	1425	3	0.017671451
1423	1425	4	0.054522317
1424	1425	0	0.35222456
1424	1425	1	0.09069719
1424	1425	2	0.4681995
1424	1425	3	0.040511474
1424	1425	4	0.054234844
1423	1426	0	0.15834336
1423	1426	1	0.54292554
1423	1426	2	0.17258975
1423	1426	3	0.066923946
1423	1426	4	0.05899938
1423	1427	0	0.12888056
1423	1427	1	0.5740989
1423	1427	2	0.15183452
1423	1427	3	0.08164952
1423	1427	4	0.063402966
1423	1428	0	0.0798425
1423	1428	1	0.6793051
1423	1428	2	0.10770247
1423	1428	3	0.071736224
1423	1428	4	0.061175443
1423	1429	0	0.042713072
1423	1429	1	0.7688047
1423	1429	2	0.08991999
1423	1429	3	0.05589326
1423	1429	4	0.042407133
1423	1430	0	0.010712744
1423	1430	1	0.83768314
1423	1430	2	0.117097005
1423	1430	3	0.016752157
1423	1430	4	0.017261485
1423	1431	0	0.00725812
1423	1431	1	0.842603
1423	1431	2	0.09044723
1423	1431	3	0.04025901
1423	1431	4	0.019347213
1423	1432	0	0.009233913
1423	1432	1	0.7918493
1423	1432	2	0.10723219
1423	1432	3	0.067750074
1423	1432	4	0.023942772
1423	1433	0	0.034925457
1423	1433	1	0.41017196
1423	1433	2	0.15294957
1423	1433	3	0.3535327
1423	1433	4	0.048446033
1424	1426	0	0.8816671
1424	1426	1	0.013810407
1424	1426	2	0.060300097
1424	1426	3	0.02314533
1424	1426	4	0.020828126
1424	1427	0	0.86642075
1424	1427	1	0.0131692225
1424	1427	2	0.06782555
1424	1427	3	0.031426705
1424	1427	4	0.020703204
1424	1428	0	0.8252551
1424	1428	1	0.027122192
1424	1428	2	0.08873494
1424	1428	3	0.036945373
1424	1428	4	0.02182201
1424	1429	0	0.78865135
1424	1429	1	0.036687505
1424	1429	2	0.09969051
1424	1429	3	0.054475285
1424	1429	4	0.020299094
1424	1430	0	0.2710068
1424	1430	1	0.09952143
1424	1430	2	0.56639016
1424	1430	3	0.034564573
1424	1430	4	0.02829304
1424	1431	0	0.12200445
1424	1431	1	0.14170006
1424	1431	2	0.52921295
1424	1431	3	0.16234627
1424	1431	4	0.044624045
1424	1432	0	0.0983571
1424	1432	1	0.11406396
1424	1432	2	0.50952417
1424	1432	3	0.23303618
1424	1432	4	0.04487842
1424	1433	0	0.253438
1424	1433	1	0.022709824
1424	1433	2	0.118990466
1424	1433	3	0.56983495
1424	1433	4	0.03487839
1425	1426	0	0.88364226
1425	1426	1	0.016388057
1425	1426	2	0.017214444
1425	1426	3	0.069747895
1425	1426	4	0.012761442
1425	1427	0	0.85186356
1425	1427	1	0.019579472
1425	1427	2	0.020071773
1425	1427	3	0.09372358
1425	1427	4	0.01440551
1425	1428	0	0.7958431
1425	1428	1	0.047464073
1425	1428	2	0.01848945
1425	1428	3	0.122801386
1425	1428	4	0.015341425
1425	1429	0	0.6015867
1425	1429	1	0.08704791
1425	1429	2	0.0337842
1425	1429	3	0.25886157
1425	1429	4	0.018547218
1425	1430	0	0.18606275
1425	1430	1	0.46900392
1425	1430	2	0.19763076
1425	1430	3	0.121712014
1425	1430	4	0.025476465
1425	1431	0	0.04151165
1425	1431	1	0.31024644
1425	1431	2	0.12563841
1425	1431	3	0.49495372
1425	1431	4	0.027622128
1425	1432	0	0.029546164
1425	1432	1	0.20706984
1425	1432	2	0.086438715
1425	1432	3	0.6508078
1425	1432	4	0.02595187
1425	1433	0	0.049622595
1425	1433	1	0.029515557
1425	1433	2	0.026510265
1425	1433	3	0.877914
1425	1433	4	0.01610913
1426	1427	0	0.12269324
1426	1427	1	0.6650785
1426	1427	2	0.10068103
1426	1427	3	0.052267946
1426	1427	4	0.05815147
1426	1428	0	0.056482714
1426	1428	1	0.82312614
1426	1428	2	0.047676492
1426	1428	3	0.02848382
1426	1428	4	0.044075042
1426	1429	0	0.039599612
1426	1429	1	0.86028236
1426	1429	2	0.03670656
1426	1429	3	0.02512415
1426	1429	4	0.0380063
1426	1430	0	0.037913896
1426	1430	1	0.8053554
1426	1430	2	0.10344094
1426	1430	3	0.011784348
1426	1430	4	0.041665286
1426	1431	0	0.026642265
1426	1431	1	0.8310249
1426	1431	2	0.070294455
1426	1431	3	0.0339824
1426	1431	4	0.037956674
1426	1432	0	0.032475427
1426	1432	1	0.8082844
1426	1432	2	0.06312178
1426	1432	3	0.050842047
1426	1432	4	0.045249112
1426	1433	0	0.04133098
1426	1433	1	0.5266671
1426	1433	2	0.069757916
1426	1433	3	0.3110339
1426	1433	4	0.05115108
1427	1428	0	0.052164473
1427	1428	1	0.8330664
1427	1428	2	0.045621026
1427	1428	3	0.027282128
1427	1428	4	0.04102214
1427	1429	0	0.043705706
1427	1429	1	0.8263386
1427	1429	2	0.05236698
1427	1429	3	0.035374932
1427	1429	4	0.041633613
1427	1430	0	0.035128172
1427	1430	1	0.78098506
1427	1430	2	0.1278581
1427	1430	3	0.01388847
1427	1430	4	0.041742206
1427	1431	0	0.031434786
1427	1431	1	0.7910716
1427	1431	2	0.08977947
1427	1431	3	0.041142035
1427	1431	4	0.04670575
1427	1432	0	0.034495298
1427	1432	1	0.7775034
1427	1432	2	0.07967908
1427	1432	3	0.058890905
1427	1432	4	0.049572676
1427	1433	0	0.03388852
1427	1433	1	0.49697092
1427	1433	2	0.0736249
1427	1433	3	0.3488546
1427	1433	4	0.04666009
1428	1429	0	0.058967218
1428	1429	1	0.79595256
1428	1429	2	0.05559547
1428	1429	3	0.044602383
1428	1429	4	0.044674177
1428	1430	0	0.03826162
1428	1430	1	0.7432405
1428	1430	2	0.16557008
1428	1430	3	0.014934817
1428	1430	4	0.037550773
1428	1431	0	0.03215211
1428	1431	1	0.76196635
1428	1431	2	0.10382485
1428	1431	3	0.056798358
1428	1431	4	0.04504868
1428	1432	0	0.03349755
1428	1432	1	0.7577302
1428	1432	2	0.08448421
1428	1432	3	0.07962151
1428	1432	4	0.04473118
1428	1433	0	0.044880252
1428	1433	1	0.39124137
1428	1433	2	0.08176285
1428	1433	3	0.43551818
1428	1433	4	0.046496123
1429	1430	0	0.07251276
1429	1430	1	0.5199813
1429	1430	2	0.3447107
1429	1430	3	0.020603439
1429	1430	4	0.041483793
1429	1431	0	0.033989653
1429	1431	1	0.605049
1429	1431	2	0.2117271
1429	1431	3	0.10569206
1429	1431	4	0.043064248
1429	1432	0	0.03631881
1429	1432	1	0.5917992
1429	1432	2	0.17061625
1429	1432	3	0.15714563
1429	1432	4	0.043611858
1429	1433	0	0.053244017
1429	1433	1	0.1612987
1429	1433	2	0.09756031
1429	1433	3	0.6501133
1429	1433	4	0.037949484
1430	1431	0	0.059554014
1430	1431	1	0.23133057
1430	1431	2	0.09815841
1430	1431	3	0.5748383
1430	1431	4	0.035825428
1430	1432	0	0.038899507
1430	1432	1	0.17942788
1430	1432	2	0.06419242
1430	1432	3	0.6868551
1430	1432	4	0.030789128
1430	1433	0	0.06426221
1430	1433	1	0.03153695
1430	1433	2	0.024003861
1430	1433	3	0.8633124
1430	1433	4	0.018430112
1431	1432	0	0.032280896
1431	1432	1	0.4052825
1431	1432	2	0.27727902
1431	1432	3	0.23633462
1431	1432	4	0.048441518
1431	1433	0	0.13421425
1431	1433	1	0.023509383
1431	1433	2	0.055140506
1431	1433	3	0.76360947
1431	1433	4	0.023716839
1432	1433	0	0.32661626
1432	1433	1	0.024953853
1432	1433	2	0.047566473
1432	1433	3	0.5654289
1432	1433	4	0.035335228
1426	1434	0	0.014832945
1426	1434	1	0.62464523
1426	1434	2	0.06880703
1426	1434	3	0.24543583
1426	1434	4	0.046368647
1426	1435	0	0.029268611
1426	1435	1	0.670881
1426	1435	2	0.106960215
1426	1435	3	0.1558531
1426	1435	4	0.036900166
1426	1436	0	0.03274274
1426	1436	1	0.676922
1426	1436	2	0.12956555
1426	1436	3	0.124761604
1426	1436	4	0.035946738
1426	1437	0	0.020997768
1426	1437	1	0.8399035
1426	1437	2	0.07219761
1426	1437	3	0.039011203
1426	1437	4	0.02790322
1426	1438	0	0.020303205
1426	1438	1	0.83115906
1426	1438	2	0.06836401
1426	1438	3	0.051464383
1426	1438	4	0.028758133
1427	1434	0	0.011929068
1427	1434	1	0.61575824
1427	1434	2	0.081782736
1427	1434	3	0.2407837
1427	1434	4	0.0498372
1427	1435	0	0.027532902
1427	1435	1	0.6471974
1427	1435	2	0.1130759
1427	1435	3	0.1713206
1427	1435	4	0.040874787
1427	1436	0	0.025700044
1427	1436	1	0.6604852
1427	1436	2	0.15079
1427	1436	3	0.12183727
1427	1436	4	0.04109973
1427	1437	0	0.022086741
1427	1437	1	0.8158812
1427	1437	2	0.08601976
1427	1437	3	0.044228178
1427	1437	4	0.03172105
1427	1438	0	0.022632571
1427	1438	1	0.81193787
1427	1438	2	0.07584625
1427	1438	3	0.057774454
1427	1438	4	0.031695507
1428	1434	0	0.02108927
1428	1434	1	0.48052406
1428	1434	2	0.08906264
1428	1434	3	0.35546744
1428	1434	4	0.053927645
1428	1435	0	0.05698899
1428	1435	1	0.51506305
1428	1435	2	0.13514751
1428	1435	3	0.24626435
1428	1435	4	0.04662776
1428	1436	0	0.051703837
1428	1436	1	0.5204234
1428	1436	2	0.18959412
1428	1436	3	0.19572353
1428	1436	4	0.04264959
1428	1437	0	0.036404517
1428	1437	1	0.7634004
1428	1437	2	0.10233072
1428	1437	3	0.057146553
1428	1437	4	0.04063962
1428	1438	0	0.03479601
1428	1438	1	0.75329345
1428	1438	2	0.094602086
1428	1438	3	0.075326264
1428	1438	4	0.04186663
1429	1434	0	0.029673034
1429	1434	1	0.23457502
1429	1434	2	0.10794421
1429	1434	3	0.5700611
1429	1434	4	0.057786502
1429	1435	0	0.1479262
1429	1435	1	0.23615402
1429	1435	2	0.2191211
1429	1435	3	0.34330368
1429	1435	4	0.053574685
1429	1436	0	0.0947364
1429	1436	1	0.24223542
1429	1436	2	0.38346875
1429	1436	3	0.23603666
1429	1436	4	0.04358105
1429	1437	0	0.037977815
1429	1437	1	0.6313515
1429	1437	2	0.22491235
1429	1437	3	0.066579
1429	1437	4	0.03913328
1429	1438	0	0.035133306
1429	1438	1	0.63267905
1429	1438	2	0.19994408
1429	1438	3	0.088976234
1429	1438	4	0.04314493
1430	1434	0	0.036073256
1430	1434	1	0.047552958
1430	1434	2	0.022128588
1430	1434	3	0.87353057
1430	1434	4	0.020484673
1430	1435	0	0.21642272
1430	1435	1	0.060310327
1430	1435	2	0.047083244
1430	1435	3	0.65141624
1430	1435	4	0.024706488
1430	1436	0	0.19386382
1430	1436	1	0.09297698
1430	1436	2	0.085980736
1430	1436	3	0.5959125
1430	1436	4	0.03129947
1430	1437	0	0.07791701
1430	1437	1	0.507471
1430	1437	2	0.09693293
1430	1437	3	0.28268403
1430	1437	4	0.034676317
1430	1438	0	0.05631203
1430	1438	1	0.4320427
1430	1438	2	0.070937864
1430	1438	3	0.40904844
1430	1438	4	0.03172321
1431	1434	0	0.05229591
1431	1434	1	0.019000068
1431	1434	2	0.055967316
1431	1434	3	0.85032624
1431	1434	4	0.02222944
1431	1435	0	0.32350555
1431	1435	1	0.024810657
1431	1435	2	0.09126087
1431	1435	3	0.53646636
1431	1435	4	0.024006633
1431	1436	0	0.3315862
1431	1436	1	0.040658686
1431	1436	2	0.20763297
1431	1436	3	0.38624603
1431	1436	4	0.033945154
1431	1437	0	0.11244936
1431	1437	1	0.29847682
1431	1437	2	0.33265993
1431	1437	3	0.22195914
1431	1437	4	0.03453222
1431	1438	0	0.118551664
1431	1438	1	0.22762758
1431	1438	2	0.2827703
1431	1438	3	0.3331168
1431	1438	4	0.03799247
1432	1434	0	0.1377711
1432	1434	1	0.021458281
1432	1434	2	0.07430906
1432	1434	3	0.7259507
1432	1434	4	0.040497337
1432	1435	0	0.59320915
1432	1435	1	0.015289145
1432	1435	2	0.07282206
1432	1435	3	0.29315436
1432	1435	4	0.025610426
1432	1436	0	0.60319775
1432	1436	1	0.021188436
1432	1436	2	0.14992581
1432	1436	3	0.19156113
1432	1436	4	0.034228846
1432	1437	0	0.33574298
1432	1437	1	0.19482605
1432	1437	2	0.2744547
1432	1437	3	0.14705716
1432	1437	4	0.04792686
1432	1438	0	0.35141298
1432	1438	1	0.15468797
1432	1438	2	0.24327922
1432	1438	3	0.19288202
1432	1438	4	0.057807673
1433	1434	0	0.03832804
1433	1434	1	0.05729002
1433	1434	2	0.33116505
1433	1434	3	0.5035038
1433	1434	4	0.06963948
1433	1435	0	0.20027103
1433	1435	1	0.06295315
1433	1435	2	0.41407502
1433	1435	3	0.25803715
1433	1435	4	0.06474022
1433	1436	0	0.13909236
1433	1436	1	0.06457339
1433	1436	2	0.59078544
1433	1436	3	0.1504127
1433	1436	4	0.055168472
1433	1437	0	0.054292277
1433	1437	1	0.2462751
1433	1437	2	0.57590735
1433	1437	3	0.067814276
1433	1437	4	0.05578022
1433	1438	0	0.049952216
1433	1438	1	0.25617224
1433	1438	2	0.556573
1433	1438	3	0.07548184
1433	1438	4	0.0618789
1434	1435	0	0.23938482
1434	1435	1	0.034789234
1434	1435	2	0.48651493
1434	1435	3	0.1679911
1434	1435	4	0.071543105
1434	1436	0	0.14570457
1434	1436	1	0.03374564
1434	1436	2	0.6632761
1434	1436	3	0.09538188
1434	1436	4	0.06257048
1434	1437	0	0.043107834
1434	1437	1	0.083215
1434	1437	2	0.78486603
1434	1437	3	0.037129365
1434	1437	4	0.05355565
1434	1438	0	0.05375912
1434	1438	1	0.08027852
1434	1438	2	0.7514884
1434	1438	3	0.050580606
1434	1438	4	0.06571273
1435	1436	0	0.0972443
1435	1436	1	0.12091249
1435	1436	2	0.42910185
1435	1436	3	0.29190153
1435	1436	4	0.06100292
1435	1437	0	0.047335662
1435	1437	1	0.42547178
1435	1437	2	0.37777525
1435	1437	3	0.08941313
1435	1437	4	0.060204957
1435	1438	0	0.054914594
1435	1438	1	0.34494287
1435	1438	2	0.3993296
1435	1438	3	0.1373534
1435	1438	4	0.06373155
1436	1437	0	0.043311268
1436	1437	1	0.5190826
1436	1437	2	0.26828527
1436	1437	3	0.11802087
1436	1437	4	0.051592886
1436	1438	0	0.04914692
1436	1438	1	0.4575438
1436	1438	2	0.24975969
1436	1438	3	0.18999726
1436	1438	4	0.053751625
1437	1438	0	0.21050811
1437	1438	1	0.30050853
1437	1438	2	0.18433249
1437	1438	3	0.2370109
1437	1438	4	0.06778909
1434	1439	0	0.15460102
1434	1439	1	0.09929203
1434	1439	2	0.6337477
1434	1439	3	0.05615007
1434	1439	4	0.056210697
1434	1440	0	0.5897688
1434	1440	1	0.012110586
1434	1440	2	0.29695687
1434	1440	3	0.062474184
1434	1440	4	0.038782414
1435	1439	0	0.11055779
1435	1439	1	0.37081143
1435	1439	2	0.34588793
1435	1439	3	0.13143638
1435	1439	4	0.041400183
1435	1440	0	0.5201222
1435	1440	1	0.03500808
1435	1440	2	0.22151564
1435	1440	3	0.187172
1435	1440	4	0.036267687
1436	1439	0	0.12154587
1436	1439	1	0.48509708
1436	1439	2	0.18736824
1436	1439	3	0.1785526
1436	1439	4	0.027555242
1436	1440	0	0.5896137
1436	1440	1	0.045604885
1436	1440	2	0.12403749
1436	1440	3	0.21230908
1436	1440	4	0.028550662
1437	1439	0	0.6692396
1437	1439	1	0.09469233
1437	1439	2	0.07372524
1437	1439	3	0.12596087
1437	1439	4	0.03636064
1437	1440	0	0.9138125
1437	1440	1	0.009230269
1437	1440	2	0.019253988
1437	1440	3	0.04546596
1437	1440	4	0.012185203
1438	1439	0	0.6931145
1438	1439	1	0.08921932
1438	1439	2	0.07007071
1438	1439	3	0.11009211
1438	1439	4	0.03747884
1438	1440	0	0.9008828
1438	1440	1	0.01058309
1438	1440	2	0.02227426
1438	1440	3	0.052060667
1438	1440	4	0.014164706
1439	1440	0	0.75322574
1439	1440	1	0.08049037
1439	1440	2	0.03290869
1439	1440	3	0.08112338
1439	1440	4	0.062169407
1439	1441	0	0.32237652
1439	1441	1	0.4534668
1439	1441	2	0.08812158
1439	1441	3	0.10730577
1439	1441	4	0.028698588
1439	1442	0	0.2350379
1439	1442	1	0.35707697
1439	1442	2	0.3328605
1439	1442	3	0.045774598
1439	1442	4	0.0292203
1439	1443	0	0.6819048
1439	1443	1	0.097072475
1439	1443	2	0.083906524
1439	1443	3	0.07944884
1439	1443	4	0.057529304
1440	1441	0	0.031814173
1440	1441	1	0.68184686
1440	1441	2	0.23043676
1440	1441	3	0.030556386
1440	1441	4	0.02531962
1440	1442	0	0.028225824
1440	1442	1	0.4489041
1440	1442	2	0.47722495
1440	1442	3	0.021922093
1440	1442	4	0.023703711
1440	1443	0	0.15794408
1440	1443	1	0.49792773
1440	1443	2	0.27713606
1440	1443	3	0.034280255
1440	1443	4	0.032686636
1441	1442	0	0.29269013
1441	1442	1	0.14083861
1441	1442	2	0.4749093
1441	1442	3	0.058700092
1441	1442	4	0.03215597
1441	1443	0	0.8461715
1441	1443	1	0.040396564
1441	1443	2	0.048539985
1441	1443	3	0.043427967
1441	1443	4	0.020118672
1442	1443	0	0.7485642
1442	1443	1	0.050468378
1442	1443	2	0.0405601
1442	1443	3	0.13882913
1442	1443	4	0.020477796
1441	1444	0	0.7467758
1441	1444	1	0.013891511
1441	1444	2	0.04459028
1441	1444	3	0.18102758
1441	1444	4	0.013714158
1441	1445	0	0.25475428
1441	1445	1	0.1629227
1441	1445	2	0.49199504
1441	1445	3	0.061205506
1441	1445	4	0.029122086
1442	1444	0	0.40375018
1442	1444	1	0.017407121
1442	1444	2	0.04849784
1442	1444	3	0.514567
1442	1444	4	0.015777472
1442	1445	0	0.14748713
1442	1445	1	0.29146382
1442	1445	2	0.3817355
1442	1445	3	0.14511238
1442	1445	4	0.03420069
1443	1444	0	0.53319293
1443	1444	1	0.053717468
1443	1444	2	0.06911756
1443	1444	3	0.32236794
1443	1444	4	0.021623677
1443	1445	0	0.07129503
1443	1445	1	0.5665985
1443	1445	2	0.29946256
1443	1445	3	0.041154858
1443	1445	4	0.021488685
1444	1445	0	0.020403843
1444	1445	1	0.40142006
1444	1445	2	0.51057523
1444	1445	3	0.038412098
1444	1445	4	0.029172217
1446	1447	0	0.08053929
1446	1447	1	0.2565107
1446	1447	2	0.45057517
1446	1447	3	0.1753948
1446	1447	4	0.036979996
1446	1448	0	0.17737333
1446	1448	1	0.0737473
1446	1448	2	0.37542185
1446	1448	3	0.3461978
1446	1448	4	0.027259564
1446	1449	0	0.23580822
1446	1449	1	0.012159937
1446	1449	2	0.19691584
1446	1449	3	0.5227557
1446	1449	4	0.032360293
1447	1448	0	0.75807756
1447	1448	1	0.036564697
1447	1448	2	0.031106489
1447	1448	3	0.16378608
1447	1448	4	0.010465137
1447	1449	0	0.6442195
1447	1449	1	0.008310784
1447	1449	2	0.03636597
1447	1449	3	0.2931136
1447	1449	4	0.017990055
1448	1449	0	0.30210093
1448	1449	1	0.021139514
1448	1449	2	0.10129995
1448	1449	3	0.5419587
1448	1449	4	0.03350087
1450	1451	0	0.8759655
1450	1451	1	0.01732401
1450	1451	2	0.031301893
1450	1451	3	0.061234903
1450	1451	4	0.014209263
1450	1452	0	0.7020981
1450	1452	1	0.05320232
1450	1452	2	0.092331335
1450	1452	3	0.12172767
1450	1452	4	0.030673303
1450	1453	0	0.9440534
1450	1453	1	0.007088996
1450	1453	2	0.015256281
1450	1453	3	0.024269572
1450	1453	4	0.009442943
1450	1454	0	0.9305888
1450	1454	1	0.0093710525
1450	1454	2	0.02371317
1450	1454	3	0.024635823
1450	1454	4	0.011810558
1451	1452	0	0.07873608
1451	1452	1	0.54604745
1451	1452	2	0.18795706
1451	1452	3	0.13672128
1451	1452	4	0.05052754
1451	1453	0	0.5156644
1451	1453	1	0.17534006
1451	1453	2	0.1600879
1451	1453	3	0.10105249
1451	1453	4	0.047847047
1451	1454	0	0.39062575
1451	1454	1	0.22596458
1451	1454	2	0.23214291
1451	1454	3	0.09125152
1451	1454	4	0.060027976
1452	1453	0	0.7255188
1452	1453	1	0.07800128
1452	1453	2	0.103599995
1452	1453	3	0.056589525
1452	1453	4	0.036299046
1452	1454	0	0.54267246
1452	1454	1	0.16552868
1452	1454	2	0.17870554
1452	1454	3	0.059048746
1452	1454	4	0.05402268
1453	1454	0	0.24102019
1453	1454	1	0.48279566
1453	1454	2	0.15574151
1453	1454	3	0.06496817
1453	1454	4	0.05545095
1450	1455	0	0.72122115
1450	1455	1	0.10379912
1450	1455	2	0.062040683
1450	1455	3	0.082212605
1450	1455	4	0.030730834
1450	1456	0	0.7884846
1450	1456	1	0.0921363
1450	1456	2	0.05321778
1450	1456	3	0.04327985
1450	1456	4	0.022884335
1451	1455	0	0.064137995
1451	1455	1	0.64888525
1451	1455	2	0.15379979
1451	1455	3	0.07965481
1451	1455	4	0.05350483
1451	1456	0	0.088920705
1451	1456	1	0.6713005
1451	1456	2	0.15003754
1451	1456	3	0.05178343
1451	1456	4	0.037934337
1452	1455	0	0.14217216
1452	1455	1	0.5225573
1452	1455	2	0.18996994
1452	1455	3	0.07846276
1452	1455	4	0.06684154
1452	1456	0	0.2487373
1452	1456	1	0.49057937
1452	1456	2	0.16548018
1452	1456	3	0.04769691
1452	1456	4	0.047511283
1453	1455	0	0.054411672
1453	1455	1	0.73599625
1453	1455	2	0.09269512
1453	1455	3	0.06952112
1453	1455	4	0.047355946
1453	1456	0	0.06305235
1453	1456	1	0.7671187
1453	1456	2	0.07734108
1453	1456	3	0.049004484
1453	1456	4	0.04345722
1454	1455	0	0.08083543
1454	1455	1	0.6925558
1454	1455	2	0.09461344
1454	1455	3	0.08428987
1454	1455	4	0.047696784
1454	1456	0	0.08408471
1454	1456	1	0.7430478
1454	1456	2	0.07823561
1454	1456	3	0.052655812
1454	1456	4	0.041953854
1455	1456	0	0.44049865
1455	1456	1	0.3478183
1455	1456	2	0.09819579
1455	1456	3	0.061044313
1455	1456	4	0.052586317
1455	1457	0	0.23112018
1455	1457	1	0.48435587
1455	1457	2	0.112322815
1455	1457	3	0.10191818
1455	1457	4	0.07030521
1455	1458	0	0.10420155
1455	1458	1	0.5860677
1455	1458	2	0.12618841
1455	1458	3	0.09391735
1455	1458	4	0.08965618
1456	1457	0	0.23739351
1456	1457	1	0.4917332
1456	1457	2	0.10091348
1456	1457	3	0.094267964
1456	1457	4	0.07571381
1456	1458	0	0.10523742
1456	1458	1	0.58044004
1456	1458	2	0.12169428
1456	1458	3	0.09772104
1456	1458	4	0.09493712
1457	1458	0	0.08325443
1457	1458	1	0.7781118
1457	1458	2	0.057254788
1457	1458	3	0.024938557
1457	1458	4	0.063447244
1457	1459	0	0.032546427
1457	1459	1	0.8565262
1457	1459	2	0.042964436
1457	1459	3	0.03549379
1457	1459	4	0.032488946
1457	1460	0	0.03340538
1457	1460	1	0.84536713
1457	1460	2	0.046441954
1457	1460	3	0.040554162
1457	1460	4	0.034255043
1457	1461	0	0.030282738
1457	1461	1	0.85471493
1457	1461	2	0.043433823
1457	1461	3	0.038699806
1457	1461	4	0.03290545
1458	1459	0	0.0725521
1458	1459	1	0.7740736
1458	1459	2	0.06605117
1458	1459	3	0.044486053
1458	1459	4	0.042849723
1458	1460	0	0.092390016
1458	1460	1	0.7446424
1458	1460	2	0.06988801
1458	1460	3	0.05330613
1458	1460	4	0.0397906
1458	1461	0	0.056909095
1458	1461	1	0.77417177
1458	1461	2	0.07074634
1458	1461	3	0.054074448
1458	1461	4	0.044123117
1459	1460	0	0.15694822
1459	1460	1	0.70872706
1459	1460	2	0.038032953
1459	1460	3	0.05173238
1459	1460	4	0.044956107
1459	1461	0	0.063699804
1459	1461	1	0.8359139
1459	1461	2	0.027055884
1459	1461	3	0.03028208
1459	1461	4	0.044760063
1460	1461	0	0.053439625
1460	1461	1	0.859453
1460	1461	2	0.020381993
1460	1461	3	0.02548898
1460	1461	4	0.04519579
1459	1462	0	0.63826185
1459	1462	1	0.18891525
1459	1462	2	0.059207276
1459	1462	3	0.09462256
1459	1462	4	0.01920292
1459	1463	0	0.56872886
1459	1463	1	0.19103317
1459	1463	2	0.06356055
1459	1463	3	0.1519785
1459	1463	4	0.024947647
1459	1464	0	0.7179068
1459	1464	1	0.08376167
1459	1464	2	0.030559277
1459	1464	3	0.14877585
1459	1464	4	0.0192339
1459	1465	0	0.9516911
1459	1465	1	0.013870358
1459	1465	2	0.011559833
1459	1465	3	0.016177678
1459	1465	4	0.006922883
1459	1466	0	0.9536998
1459	1466	1	0.014725792
1459	1466	2	0.0105580455
1459	1466	3	0.015666787
1459	1466	4	0.0056238365
1460	1462	0	0.69323486
1460	1462	1	0.15896726
1460	1462	2	0.0594535
1460	1462	3	0.070855014
1460	1462	4	0.017690336
1460	1463	0	0.56063765
1460	1463	1	0.16341639
1460	1463	2	0.05098986
1460	1463	3	0.19847097
1460	1463	4	0.026702318
1460	1464	0	0.7505909
1460	1464	1	0.07441721
1460	1464	2	0.030503217
1460	1464	3	0.12558359
1460	1464	4	0.019135173
1460	1465	0	0.94653845
1460	1465	1	0.017452372
1460	1465	2	0.014077238
1460	1465	3	0.015113678
1460	1465	4	0.0070640105
1460	1466	0	0.94656277
1460	1466	1	0.01902189
1460	1466	2	0.0132580465
1460	1466	3	0.015315515
1460	1466	4	0.006054786
1461	1462	0	0.7521707
1461	1462	1	0.08247365
1461	1462	2	0.067563795
1461	1462	3	0.07772336
1461	1462	4	0.020264238
1461	1463	0	0.7461603
1461	1463	1	0.05459308
1461	1463	2	0.053215064
1461	1463	3	0.1252088
1461	1463	4	0.020992111
1461	1464	0	0.7887195
1461	1464	1	0.035968818
1461	1464	2	0.036347803
1461	1464	3	0.12035579
1461	1464	4	0.01878988
1461	1465	0	0.952643
1461	1465	1	0.0111434
1461	1465	2	0.015016101
1461	1465	3	0.014190992
1461	1465	4	0.0072184512
1461	1466	0	0.94493574
1461	1466	1	0.014504687
1461	1466	2	0.018112151
1461	1466	3	0.01560777
1461	1466	4	0.0070566405
1462	1463	0	0.7067868
1462	1463	1	0.058874033
1462	1463	2	0.042292964
1462	1463	3	0.17506506
1462	1463	4	0.016544709
1462	1464	0	0.71881664
1462	1464	1	0.04846171
1462	1464	2	0.03833216
1462	1464	3	0.17878021
1462	1464	4	0.015145436
1462	1465	0	0.90604746
1462	1465	1	0.030887898
1462	1465	2	0.02276362
1462	1465	3	0.029224308
1462	1465	4	0.01027487
1462	1466	0	0.8167466
1462	1466	1	0.09109911
1462	1466	2	0.03721052
1462	1466	3	0.04080519
1462	1466	4	0.013144136
1463	1464	0	0.29937476
1463	1464	1	0.267477
1463	1464	2	0.19451493
1463	1464	3	0.18612818
1463	1464	4	0.052215416
1463	1465	0	0.73019636
1463	1465	1	0.06773513
1463	1465	2	0.14964172
1463	1465	3	0.025026202
1463	1465	4	0.02693165
1463	1466	0	0.5855168
1463	1466	1	0.16811135
1463	1466	2	0.1821958
1463	1466	3	0.03175262
1463	1466	4	0.03195916
1464	1465	0	0.76971024
1464	1465	1	0.059734665
1464	1465	2	0.1025233
1464	1465	3	0.044520065
1464	1465	4	0.023096332
1464	1466	0	0.7703986
1464	1466	1	0.06580202
1464	1466	2	0.09468234
1464	1466	3	0.04801332
1464	1466	4	0.020534491
1465	1466	0	0.3134398
1465	1466	1	0.55723417
1465	1466	2	0.055297066
1465	1466	3	0.048512314
1465	1466	4	0.025051832
1462	1467	0	0.040078107
1462	1467	1	0.70898104
1462	1467	2	0.06833763
1462	1467	3	0.16116376
1462	1467	4	0.021587312
1462	1468	0	0.026793145
1462	1468	1	0.8471363
1462	1468	2	0.03988991
1462	1468	3	0.07588471
1462	1468	4	0.010503098
1462	1469	0	0.023181684
1462	1469	1	0.9094421
1462	1469	2	0.025003972
1462	1469	3	0.03372637
1462	1469	4	0.008834835
1462	1470	0	0.021599336
1462	1470	1	0.9086685
1462	1470	2	0.031797122
1462	1470	3	0.028930891
1462	1470	4	0.0091341445
1462	1471	0	0.012130063
1462	1471	1	0.9286946
1462	1471	2	0.026071014
1462	1471	3	0.025187531
1462	1471	4	0.008042211
1462	1472	0	0.015650172
1462	1472	1	0.8646108
1462	1472	2	0.03446898
1462	1472	3	0.07130862
1462	1472	4	0.014047552
1463	1467	0	0.02514736
1463	1467	1	0.738746
1463	1467	2	0.13803996
1463	1467	3	0.06677358
1463	1467	4	0.031444203
1463	1468	0	0.030632557
1463	1468	1	0.7804789
1463	1468	2	0.11668345
1463	1468	3	0.05018046
1463	1468	4	0.02219058
1463	1469	0	0.022316419
1463	1469	1	0.8648909
1463	1469	2	0.07031268
1463	1469	3	0.02511781
1463	1469	4	0.017549954
1463	1470	0	0.024408443
1463	1470	1	0.8472368
1463	1470	2	0.090572104
1463	1470	3	0.019545244
1463	1470	4	0.018423598
1463	1471	0	0.0126522165
1463	1471	1	0.88935405
1463	1471	2	0.06626758
1463	1471	3	0.01702801
1463	1471	4	0.014865824
1463	1472	0	0.024856932
1463	1472	1	0.7381307
1463	1472	2	0.14005877
1463	1472	3	0.06163144
1463	1472	4	0.035431314
1464	1467	0	0.059322685
1464	1467	1	0.56202227
1464	1467	2	0.15273017
1464	1467	3	0.18639733
1464	1467	4	0.039630488
1464	1468	0	0.04185253
1464	1468	1	0.70601827
1464	1468	2	0.11726656
1464	1468	3	0.10904923
1464	1468	4	0.025962094
1464	1469	0	0.026644224
1464	1469	1	0.8124934
1464	1469	2	0.09048715
1464	1469	3	0.046480253
1464	1469	4	0.02410031
1464	1470	0	0.028994584
1464	1470	1	0.7995479
1464	1470	2	0.10464418
1464	1470	3	0.04303129
1464	1470	4	0.023952251
1464	1471	0	0.020772776
1464	1471	1	0.84221953
1464	1471	2	0.07791488
1464	1471	3	0.038791474
1464	1471	4	0.020454042
1464	1472	0	0.021460518
1464	1472	1	0.8005198
1464	1472	2	0.082699284
1464	1472	3	0.06703209
1464	1472	4	0.02843165
1465	1467	0	0.012633622
1465	1467	1	0.90197355
1465	1467	2	0.029834528
1465	1467	3	0.04131927
1465	1467	4	0.014336547
1465	1468	0	0.012167994
1465	1468	1	0.90618515
1465	1468	2	0.028763898
1465	1468	3	0.04105608
1465	1468	4	0.0119759785
1465	1469	0	0.009444269
1465	1469	1	0.94765484
1465	1469	2	0.017912056
1465	1469	3	0.016015394
1465	1469	4	0.009150883
1465	1470	0	0.0065592024
1465	1470	1	0.95389974
1465	1470	2	0.02000184
1465	1470	3	0.011343923
1465	1470	4	0.008428989
1465	1471	0	0.005049275
1465	1471	1	0.9584945
1465	1471	2	0.01680605
1465	1471	3	0.012694956
1465	1471	4	0.0071497704
1465	1472	0	0.0060376036
1465	1472	1	0.93843937
1465	1472	2	0.020120908
1465	1472	3	0.024059316
1465	1472	4	0.011515859
1466	1467	0	0.012425932
1466	1467	1	0.8748572
1466	1467	2	0.039135046
1466	1467	3	0.057646412
1466	1467	4	0.016021099
1466	1468	0	0.010812044
1466	1468	1	0.9051796
1466	1468	2	0.028537132
1466	1468	3	0.045042016
1466	1468	4	0.0105336225
1466	1469	0	0.0068182596
1466	1469	1	0.9574521
1466	1469	2	0.016168132
1466	1469	3	0.012632381
1466	1469	4	0.0071054
1466	1470	0	0.005721162
1466	1470	1	0.9598697
1466	1470	2	0.017773569
1466	1470	3	0.009843041
1466	1470	4	0.0069378563
1466	1471	0	0.0041332287
1466	1471	1	0.9615711
1466	1471	2	0.01653774
1466	1471	3	0.012062941
1466	1471	4	0.005896161
1466	1472	0	0.0071894634
1466	1472	1	0.9306211
1466	1472	2	0.019793347
1466	1472	3	0.031866632
1466	1472	4	0.010727162
1467	1468	0	0.06276643
1467	1468	1	0.7031318
1467	1468	2	0.113527246
1467	1468	3	0.092158355
1467	1468	4	0.027852913
1467	1469	0	0.039442763
1467	1469	1	0.68776846
1467	1469	2	0.17640997
1467	1469	3	0.057363622
1467	1469	4	0.03837837
1467	1470	0	0.04868319
1467	1470	1	0.7909143
1467	1470	2	0.09319448
1467	1470	3	0.039831817
1467	1470	4	0.026580501
1467	1471	0	0.024198975
1467	1471	1	0.8484621
1467	1471	2	0.06950082
1467	1471	3	0.03605613
1467	1471	4	0.021223063
1467	1472	0	0.034093563
1467	1472	1	0.7147463
1467	1472	2	0.09593706
1467	1472	3	0.1205318
1467	1472	4	0.034020953
1468	1469	0	0.13817872
1468	1469	1	0.4449723
1468	1469	2	0.27407056
1468	1469	3	0.091601014
1468	1469	4	0.050859082
1468	1470	0	0.12829334
1468	1470	1	0.6451898
1468	1470	2	0.14156058
1468	1470	3	0.054198936
1468	1470	4	0.030177588
1468	1471	0	0.033564273
1468	1471	1	0.8259299
1468	1471	2	0.08870526
1468	1471	3	0.030624669
1468	1471	4	0.02033702
1468	1472	0	0.04078071
1468	1472	1	0.7146486
1468	1472	2	0.10858018
1468	1472	3	0.103305176
1468	1472	4	0.031977467
1469	1470	0	0.12250585
1469	1470	1	0.7183273
1469	1470	2	0.08275408
1469	1470	3	0.04558985
1469	1470	4	0.030210864
1469	1471	0	0.041584574
1469	1471	1	0.85241413
1469	1471	2	0.04918067
1469	1471	3	0.03441326
1469	1471	4	0.021540254
1469	1472	0	0.046475064
1469	1472	1	0.76780975
1469	1472	2	0.057689514
1469	1472	3	0.09877701
1469	1472	4	0.028645273
1470	1471	0	0.04580586
1470	1471	1	0.83769536
1470	1471	2	0.056858137
1470	1471	3	0.03472727
1470	1471	4	0.024237208
1470	1472	0	0.06739791
1470	1472	1	0.70989865
1470	1472	2	0.06507538
1470	1472	3	0.119484834
1470	1472	4	0.037635326
1471	1472	0	0.1393159
1471	1472	1	0.36824495
1471	1472	2	0.09951943
1471	1472	3	0.3403086
1471	1472	4	0.052244823
1473	1474	0	0.28762162
1473	1474	1	0.14538607
1473	1474	2	0.16977736
1473	1474	3	0.3574412
1473	1474	4	0.0397737
1474	1475	0	0.09877588
1474	1475	1	0.23948899
1474	1475	2	0.49050936
1474	1475	3	0.1238631
1474	1475	4	0.047362678
1475	1476	0	0.8993066
1475	1476	1	0.0077554113
1475	1476	2	0.02165649
1475	1476	3	0.062544025
1475	1476	4	0.00874044
1475	1477	0	0.92996824
1475	1477	1	0.0032330314
1475	1477	2	0.014722721
1475	1477	3	0.044499334
1475	1477	4	0.0075794165
1476	1477	0	0.64966184
1476	1477	1	0.087718874
1476	1477	2	0.12785968
1476	1477	3	0.08417584
1476	1477	4	0.04938202
1476	1478	0	0.15355426
1476	1478	1	0.3317906
1476	1478	2	0.18032749
1476	1478	3	0.26419178
1476	1478	4	0.07018906
1476	1479	0	0.022616116
1476	1479	1	0.8139975
1476	1479	2	0.08793824
1476	1479	3	0.044747118
1476	1479	4	0.03078073
1476	1480	0	0.032284237
1476	1480	1	0.65196455
1476	1480	2	0.1187996
1476	1480	3	0.15193516
1476	1480	4	0.045100737
1476	1481	0	0.0044087446
1476	1481	1	0.93585765
1476	1481	2	0.031118834
1476	1481	3	0.018727755
1476	1481	4	0.010093775
1476	1482	0	0.0063681644
1476	1482	1	0.8858326
1476	1482	2	0.03545678
1476	1482	3	0.056785885
1476	1482	4	0.015762554
1477	1478	0	0.050556894
1477	1478	1	0.4196449
1477	1478	2	0.17717905
1477	1478	3	0.30305678
1477	1478	4	0.04957284
1477	1479	0	0.015433237
1477	1479	1	0.82764524
1477	1479	2	0.08090626
1477	1479	3	0.04918917
1477	1479	4	0.026859667
1477	1480	0	0.02416723
1477	1480	1	0.70147234
1477	1480	2	0.114787854
1477	1480	3	0.116671704
1477	1480	4	0.042944953
1477	1481	0	0.0027442018
1477	1481	1	0.94099236
1477	1481	2	0.027153045
1477	1481	3	0.020606885
1477	1481	4	0.008659497
1477	1482	0	0.004669517
1477	1482	1	0.871317
1477	1482	2	0.039591208
1477	1482	3	0.0681909
1477	1482	4	0.016429016
1478	1479	0	0.03623674
1478	1479	1	0.567727
1478	1479	2	0.26975885
1478	1479	3	0.06605157
1478	1479	4	0.05992987
1478	1480	0	0.0518131
1478	1480	1	0.26858342
1478	1480	2	0.27908027
1478	1480	3	0.3318499
1478	1480	4	0.06858586
1478	1481	0	0.029855354
1478	1481	1	0.81679875
1478	1481	2	0.06683229
1478	1481	3	0.046566572
1478	1481	4	0.03966069
1478	1482	0	0.03367972
1478	1482	1	0.6132537
1478	1482	2	0.10090277
1478	1482	3	0.19765419
1478	1482	4	0.054383215
1479	1480	0	0.3076963
1479	1480	1	0.09626035
1479	1480	2	0.09738566
1479	1480	3	0.4436972
1479	1480	4	0.054608025
1479	1481	0	0.06665994
1479	1481	1	0.7052729
1479	1481	2	0.05411318
1479	1481	3	0.12667067
1479	1481	4	0.047173265
1479	1482	0	0.07306244
1479	1482	1	0.38580033
1479	1482	2	0.05592526
1479	1482	3	0.4409449
1479	1482	4	0.044110656
1480	1481	0	0.030988637
1480	1481	1	0.85851276
1480	1481	2	0.033875987
1480	1481	3	0.042203262
1480	1481	4	0.034192614
1480	1482	0	0.036538616
1480	1482	1	0.61687344
1480	1482	2	0.06599389
1480	1482	3	0.23313214
1480	1482	4	0.04736098
1481	1482	0	0.20215568
1481	1482	1	0.050284576
1481	1482	2	0.060236957
1481	1482	3	0.6367176
1481	1482	4	0.050591994
1478	1483	0	0.024419546
1478	1483	1	0.58032566
1478	1483	2	0.30639255
1478	1483	3	0.056667816
1478	1483	4	0.032289673
1478	1484	0	0.06287927
1478	1484	1	0.45272058
1478	1484	2	0.12380401
1478	1484	3	0.31703818
1478	1484	4	0.043635078
1478	1485	0	0.017924318
1478	1485	1	0.72740555
1478	1485	2	0.17942724
1478	1485	3	0.04849614
1478	1485	4	0.02682943
1478	1486	0	0.35019952
1478	1486	1	0.11871112
1478	1486	2	0.12975894
1478	1486	3	0.34717974
1478	1486	4	0.054254185
1478	1487	0	0.12835419
1478	1487	1	0.15847127
1478	1487	2	0.32921195
1478	1487	3	0.3362983
1478	1487	4	0.047719374
1478	1488	0	0.7745164
1478	1488	1	0.035301846
1478	1488	2	0.10733968
1478	1488	3	0.060759448
1478	1488	4	0.022199122
1479	1483	0	0.33701816
1479	1483	1	0.29426208
1479	1483	2	0.2125721
1479	1483	3	0.11742541
1479	1483	4	0.038858637
1479	1484	0	0.36368918
1479	1484	1	0.09163581
1479	1484	2	0.038008545
1479	1484	3	0.47543523
1479	1484	4	0.031312354
1479	1485	0	0.14678341
1479	1485	1	0.48264098
1479	1485	2	0.17702314
1479	1485	3	0.13938631
1479	1485	4	0.05411434
1479	1486	0	0.7435671
1479	1486	1	0.0163002
1479	1486	2	0.026215672
1479	1486	3	0.1943261
1479	1486	4	0.01967675
1479	1487	0	0.6212286
1479	1487	1	0.024538035
1479	1487	2	0.06472645
1479	1487	3	0.26625678
1479	1487	4	0.023337713
1479	1488	0	0.9386727
1479	1488	1	0.0075767804
1479	1488	2	0.018012794
1479	1488	3	0.027703797
1479	1488	4	0.008079837
1480	1483	0	0.098899804
1480	1483	1	0.46580562
1480	1483	2	0.3167234
1480	1483	3	0.09350456
1480	1483	4	0.025167948
1480	1484	0	0.23035629
1480	1484	1	0.19095002
1480	1484	2	0.07867113
1480	1484	3	0.46750003
1480	1484	4	0.032612644
1480	1485	0	0.062938675
1480	1485	1	0.6334926
1480	1485	2	0.16579778
1480	1485	3	0.09749126
1480	1485	4	0.04023626
1480	1486	0	0.6043645
1480	1486	1	0.034429695
1480	1486	2	0.055254474
1480	1486	3	0.2831868
1480	1486	4	0.022861715
1480	1487	0	0.37774032
1480	1487	1	0.050751027
1480	1487	2	0.14019942
1480	1487	3	0.4059602
1480	1487	4	0.025407394
1480	1488	0	0.90353876
1480	1488	1	0.010781477
1480	1488	2	0.03650456
1480	1488	3	0.04088431
1480	1488	4	0.008379173
1481	1483	0	0.82654005
1481	1483	1	0.031833217
1481	1483	2	0.079010956
1481	1483	3	0.044125233
1481	1483	4	0.018613076
1481	1484	0	0.7956423
1481	1484	1	0.01462176
1481	1484	2	0.021024445
1481	1484	3	0.14898634
1481	1484	4	0.019835405
1481	1485	0	0.56015193
1481	1485	1	0.1612091
1481	1485	2	0.1407133
1481	1485	3	0.09528126
1481	1485	4	0.04266267
1481	1486	0	0.9306487
1481	1486	1	0.0043133995
1481	1486	2	0.011809061
1481	1486	3	0.043646384
1481	1486	4	0.00962803
1481	1487	0	0.90545607
1481	1487	1	0.0059574125
1481	1487	2	0.020742139
1481	1487	3	0.056283962
1481	1487	4	0.011643514
1481	1488	0	0.96363956
1481	1488	1	0.00422164
1481	1488	2	0.010468868
1481	1488	3	0.015209253
1481	1488	4	0.006387931
1482	1483	0	0.35016528
1482	1483	1	0.059450585
1482	1483	2	0.51374304
1482	1483	3	0.041854404
1482	1483	4	0.034714684
1482	1484	0	0.578617
1482	1484	1	0.03720401
1482	1484	2	0.16557823
1482	1484	3	0.1752341
1482	1484	4	0.043475818
1482	1485	0	0.17244396
1482	1485	1	0.2153174
1482	1485	2	0.5014225
1482	1485	3	0.06769182
1482	1485	4	0.04320924
1482	1486	0	0.8806132
1482	1486	1	0.0063304026
1482	1486	2	0.048643455
1482	1486	3	0.050466534
1482	1486	4	0.014030442
1482	1487	0	0.7669941
1482	1487	1	0.010447422
1482	1487	2	0.12048752
1482	1487	3	0.08079611
1482	1487	4	0.021378448
1482	1488	0	0.9294051
1482	1488	1	0.0053731715
1482	1488	2	0.039884076
1482	1488	3	0.015964992
1482	1488	4	0.009370088
1483	1484	0	0.644304
1483	1484	1	0.04220572
1483	1484	2	0.016829113
1483	1484	3	0.27687788
1483	1484	4	0.018807305
1483	1485	0	0.08072415
1483	1485	1	0.73769444
1483	1485	2	0.05449901
1483	1485	3	0.1070003
1483	1485	4	0.019109558
1483	1486	0	0.8490462
1483	1486	1	0.015702043
1483	1486	2	0.012181697
1483	1486	3	0.10735594
1483	1486	4	0.014561461
1483	1487	0	0.6511554
1483	1487	1	0.028095312
1483	1487	2	0.03303081
1483	1487	3	0.26692337
1483	1487	4	0.019596424
1483	1488	0	0.9406736
1483	1488	1	0.011659296
1483	1488	2	0.008933333
1483	1488	3	0.025648236
1483	1488	4	0.011459424
1484	1485	0	0.024501545
1484	1485	1	0.5488162
1484	1485	2	0.3516115
1484	1485	3	0.044733845
1484	1485	4	0.029591747
1484	1486	0	0.6742573
1484	1486	1	0.045530707
1484	1486	2	0.14123586
1484	1486	3	0.102525614
1484	1486	4	0.035509825
1484	1487	0	0.33010095
1484	1487	1	0.07545281
1484	1487	2	0.40624952
1484	1487	3	0.1434611
1484	1487	4	0.043920312
1484	1488	0	0.7302777
1484	1488	1	0.0451683
1484	1488	2	0.16632909
1484	1488	3	0.030824995
1484	1488	4	0.026282245
1485	1486	0	0.9021245
1485	1486	1	0.0065196627
1485	1486	2	0.009251004
1485	1486	3	0.06923
1485	1486	4	0.011839479
1485	1487	0	0.8374818
1485	1487	1	0.01064311
1485	1487	2	0.021222457
1485	1487	3	0.11360977
1485	1487	4	0.01560537
1485	1488	0	0.954607
1485	1488	1	0.0070338594
1485	1488	2	0.007978302
1485	1488	3	0.018648375
1485	1488	4	0.010324503
1486	1487	0	0.041419506
1486	1487	1	0.16801615
1486	1487	2	0.62932104
1486	1487	3	0.112817034
1486	1487	4	0.04796036
1486	1488	0	0.38024348
1486	1488	1	0.16701066
1486	1488	2	0.37266675
1486	1488	3	0.035416238
1486	1488	4	0.043989006
1487	1488	0	0.7826739
1487	1488	1	0.03803321
1487	1488	2	0.07612253
1487	1488	3	0.08179048
1487	1488	4	0.020147404
1483	1489	0	0.09575604
1483	1489	1	0.030281615
1483	1489	2	0.026044615
1483	1489	3	0.8347995
1483	1489	4	0.013146623
1483	1490	0	0.10010839
1483	1490	1	0.077311024
1483	1490	2	0.04016244
1483	1490	3	0.7646669
1483	1490	4	0.017817648
1483	1491	0	0.18988799
1483	1491	1	0.018757714
1483	1491	2	0.027562167
1483	1491	3	0.74775606
1483	1491	4	0.016111536
1483	1492	0	0.3514537
1483	1492	1	0.18468522
1483	1492	2	0.06834201
1483	1492	3	0.37960762
1483	1492	4	0.016159086
1483	1493	0	0.05920472
1483	1493	1	0.082242765
1483	1493	2	0.018986952
1483	1493	3	0.82673013
1483	1493	4	0.012872588
1484	1489	0	0.092390426
1484	1489	1	0.047740337
1484	1489	2	0.3816265
1484	1489	3	0.43433183
1484	1489	4	0.04396502
1484	1490	0	0.07775859
1484	1490	1	0.08024712
1484	1490	2	0.41764447
1484	1490	3	0.37178177
1484	1490	4	0.052634757
1484	1491	0	0.21699685
1484	1491	1	0.03759493
1484	1491	2	0.2777536
1484	1491	3	0.4163497
1484	1491	4	0.051434875
1484	1492	0	0.1779265
1484	1492	1	0.15445872
1484	1492	2	0.49658844
1484	1492	3	0.13100563
1484	1492	4	0.0402068
1484	1493	0	0.071464404
1484	1493	1	0.10095443
1484	1493	2	0.34064668
1484	1493	3	0.43754068
1484	1493	4	0.049473498
1485	1489	0	0.3209227
1485	1489	1	0.012802392
1485	1489	2	0.033165853
1485	1489	3	0.6187311
1485	1489	4	0.014491911
1485	1490	0	0.3140227
1485	1490	1	0.024075212
1485	1490	2	0.04803269
1485	1490	3	0.5940423
1485	1490	4	0.019944958
1485	1491	0	0.56594586
1485	1491	1	0.010099935
1485	1491	2	0.029668795
1485	1491	3	0.37723288
1485	1491	4	0.017244922
1485	1492	0	0.6970436
1485	1492	1	0.034974203
1485	1492	2	0.04987206
1485	1492	3	0.19953555
1485	1492	4	0.01871533
1485	1493	0	0.19858047
1485	1493	1	0.027274815
1485	1493	2	0.025695587
1485	1493	3	0.73352486
1485	1493	4	0.015002396
1486	1489	0	0.038866576
1486	1489	1	0.115064636
1486	1489	2	0.48457316
1486	1489	3	0.3056802
1486	1489	4	0.055895083
1486	1490	0	0.027294781
1486	1490	1	0.21810709
1486	1490	2	0.50176877
1486	1490	3	0.19646521
1486	1490	4	0.056494813
1486	1491	0	0.074645504
1486	1491	1	0.09284194
1486	1491	2	0.38602185
1486	1491	3	0.38625437
1486	1491	4	0.060298596
1486	1492	0	0.063758194
1486	1492	1	0.28087613
1486	1492	2	0.5246069
1486	1492	3	0.08810057
1486	1492	4	0.04283671
1486	1493	0	0.029728942
1486	1493	1	0.29904893
1486	1493	2	0.2768489
1486	1493	3	0.3405818
1486	1493	4	0.05390728
1487	1489	0	0.034352604
1487	1489	1	0.074544206
1487	1489	2	0.09919435
1487	1489	3	0.7695949
1487	1489	4	0.0223492
1487	1490	0	0.027957954
1487	1490	1	0.17243995
1487	1490	2	0.15681234
1487	1490	3	0.607213
1487	1490	4	0.035671517
1487	1491	0	0.07086051
1487	1491	1	0.05149002
1487	1491	2	0.08571958
1487	1491	3	0.76375085
1487	1491	4	0.028216658
1487	1492	0	0.102282375
1487	1492	1	0.31626058
1487	1492	2	0.20635286
1487	1492	3	0.34557045
1487	1492	4	0.029701946
1487	1493	0	0.02492152
1487	1493	1	0.18054965
1487	1493	2	0.062196147
1487	1493	3	0.7106512
1487	1493	4	0.021748837
1488	1489	0	0.015968917
1488	1489	1	0.4745445
1488	1489	2	0.09678165
1488	1489	3	0.3841356
1488	1489	4	0.028697321
1488	1490	0	0.009229115
1488	1490	1	0.6974182
1488	1490	2	0.082478225
1488	1490	3	0.18331458
1488	1490	4	0.027730143
1488	1491	0	0.033283688
1488	1491	1	0.34787807
1488	1491	2	0.09395393
1488	1491	3	0.48750973
1488	1491	4	0.037514582
1488	1492	0	0.01853457
1488	1492	1	0.820012
1488	1492	2	0.07454561
1488	1492	3	0.069116786
1488	1492	4	0.018012317
1488	1493	0	0.013401023
1488	1493	1	0.57770413
1488	1493	2	0.04637453
1488	1493	3	0.33829987
1488	1493	4	0.024434265
1489	1490	0	0.029853098
1489	1490	1	0.103433765
1489	1490	2	0.4326983
1489	1490	3	0.3824196
1489	1490	4	0.051129468
1489	1491	0	0.09669083
1489	1491	1	0.03589367
1489	1491	2	0.27993983
1489	1491	3	0.5392379
1489	1491	4	0.047771133
1489	1492	0	0.1172831
1489	1492	1	0.12992139
1489	1492	2	0.48260346
1489	1492	3	0.2242532
1489	1492	4	0.045176536
1489	1493	0	0.040715717
1489	1493	1	0.07664884
1489	1493	2	0.20424876
1489	1493	3	0.6362664
1489	1493	4	0.041765664
1490	1491	0	0.15192394
1490	1491	1	0.029951029
1490	1491	2	0.13909078
1490	1491	3	0.6448837
1490	1491	4	0.033535067
1490	1492	0	0.30016994
1490	1492	1	0.15238826
1490	1492	2	0.21840252
1490	1492	3	0.2904068
1490	1492	4	0.037524562
1490	1493	0	0.04653437
1490	1493	1	0.09402467
1490	1493	2	0.08343536
1490	1493	3	0.74345744
1490	1493	4	0.032105096
1491	1492	0	0.11286883
1491	1492	1	0.14943418
1491	1492	2	0.46919906
1491	1492	3	0.2296
1491	1492	4	0.038071074
1491	1493	0	0.02592579
1491	1493	1	0.15532291
1491	1493	2	0.1853908
1491	1493	3	0.5887215
1491	1493	4	0.044031445
1492	1493	0	0.046156183
1492	1493	1	0.12811565
1492	1493	2	0.051085256
1492	1493	3	0.73640186
1492	1493	4	0.037639763
1183	1191	0	0.19997986
1191	1183	0	0.1999824
1183	1191	1	0.19998237
1191	1183	1	0.19998012
1183	1191	2	0.2000399
1191	1183	2	0.20003396
1183	1191	3	0.2000399
1191	1183	3	0.20003396
1183	1191	4	0.20007247
1191	1183	4	0.20006327
1183	1192	0	0.19997883
1192	1183	0	0.19997407
1183	1192	1	0.19997261
1192	1183	1	0.19997934
1183	1192	2	0.20004545
1192	1183	2	0.20003393
1183	1192	3	0.20004545
1192	1183	3	0.20003393
1183	1192	4	0.2000699
1192	1183	4	0.20005278
1183	1193	0	0.19993062
1193	1183	0	0.19994952
1183	1193	1	0.19993164
1193	1183	1	0.19994874
1183	1193	2	0.20008725
1193	1183	2	0.20006275
1183	1193	3	0.20008725
1193	1183	3	0.20006275
1183	1193	4	0.2000684
1193	1183	4	0.20004523
1183	1194	0	0.19992153
1194	1183	0	0.19994052
1183	1194	1	0.19991249
1194	1183	1	0.19994695
1183	1194	2	0.20010035
1194	1183	2	0.20006987
1183	1194	3	0.20010036
1194	1183	3	0.20006987
1183	1194	4	0.20006354
1194	1183	4	0.20003738
1183	1195	0	0.1998771
1195	1183	0	0.19993816
1183	1195	1	0.19989023
1195	1183	1	0.19992936
1183	1195	2	0.20013683
1195	1183	2	0.20009679
1183	1195	3	0.20013683
1195	1183	3	0.20009679
1183	1195	4	0.20005018
1195	1183	4	0.20002656
1183	1196	0	0.19980352
1196	1183	0	0.19991012
1183	1196	1	0.19980729
1196	1183	1	0.19990778
1183	1196	2	0.20020479
1196	1183	2	0.20014723
1183	1196	3	0.20020477
1196	1183	3	0.20014723
1183	1196	4	0.2000342
1196	1183	4	0.2000145
1184	1191	0	0.3177053
1191	1184	0	0.18541789
1184	1191	1	0.1706571
1191	1184	1	0.2586743
1184	1191	2	0.17061536
1191	1184	2	0.1853654
1184	1191	3	0.17061535
1191	1184	3	0.1853654
1184	1191	4	0.170606
1191	1184	4	0.1853666
1184	1192	0	0.28905976
1192	1184	0	0.18901819
1184	1192	1	0.17783844
1192	1184	1	0.24432781
1184	1192	2	0.17776395
1192	1184	2	0.18893637
1184	1192	3	0.17776395
1192	1184	3	0.18893637
1184	1192	4	0.17776658
1192	1184	4	0.18894964
1184	1193	0	0.20701182
1193	1184	0	0.19914465
1184	1193	1	0.19825415
1193	1184	1	0.20338261
1184	1193	2	0.19827437
1193	1184	2	0.19916996
1184	1193	3	0.19827436
1193	1184	3	0.19916998
1184	1193	4	0.19833091
1193	1184	4	0.19920863
1184	1194	0	0.24435858
1194	1184	0	0.1945529
1184	1194	1	0.18898427
1194	1184	1	0.2220234
1184	1194	2	0.18892698
1194	1184	2	0.19449973
1184	1194	3	0.18892698
1194	1184	3	0.19449973
1184	1194	4	0.18896957
1194	1184	4	0.19453028
1184	1195	0	0.28534517
1195	1184	0	0.18956324
1184	1195	1	0.17889568
1195	1184	1	0.24245395
1184	1195	2	0.17861171
1195	1184	2	0.1893419
1184	1195	3	0.17861171
1195	1184	3	0.1893419
1184	1195	4	0.1786292
1195	1184	4	0.18935312
1184	1196	0	0.19987813
1196	1184	0	0.19993083
1184	1196	1	0.19987564
1196	1184	1	0.1999324
1184	1196	2	0.20014456
1196	1184	2	0.20010336
1184	1196	3	0.20014456
1196	1184	3	0.20010336
1184	1196	4	0.20004746
1196	1184	4	0.20002511
1185	1191	0	0.19997782
1191	1185	0	0.1999797
1185	1191	1	0.19998023
1191	1185	1	0.19997706
1185	1191	2	0.20003645
1191	1185	2	0.20004265
1185	1191	3	0.20003645
1191	1185	3	0.20004264
1185	1191	4	0.20006417
1191	1185	4	0.20007339
1185	1192	0	0.19997236
1192	1185	0	0.19998963
1185	1192	1	0.19998902
1192	1185	1	0.19997297
1185	1192	2	0.20003904
1192	1185	2	0.20003916
1185	1192	3	0.20003904
1192	1185	3	0.20003916
1185	1192	4	0.20006546
1192	1185	4	0.20006599
1185	1193	0	0.19261439
1193	1185	0	0.21468739
1185	1193	1	0.22945458
1193	1185	1	0.19633666
1185	1193	2	0.1926809
1193	1185	2	0.196371
1185	1193	3	0.1926809
1193	1185	3	0.196371
1185	1193	4	0.1926839
1193	1185	4	0.19639476
1185	1194	0	0.18609777
1194	1185	0	0.22773622
1185	1194	1	0.25560376
1194	1185	1	0.19308932
1185	1194	2	0.18616365
1194	1185	2	0.19312179
1185	1194	3	0.18616365
1194	1185	3	0.19312179
1185	1194	4	0.18610351
1194	1185	4	0.19307858
1185	1195	0	0.1999496
1195	1185	0	0.19995272
1185	1195	1	0.19993833
1195	1185	1	0.19996135
1185	1195	2	0.2000757
1195	1185	2	0.20005327
1185	1195	3	0.2000757
1195	1185	3	0.20005327
1185	1195	4	0.200068
1195	1185	4	0.20004442
1185	1196	0	0.191436
1196	1185	0	0.21708879
1185	1196	1	0.23448816
1196	1185	1	0.19576578
1185	1196	2	0.19140007
1196	1185	2	0.19573905
1185	1196	3	0.19140008
1196	1185	3	0.19573905
1185	1196	4	0.19141957
1196	1185	4	0.19573715
1186	1197	0	0.2000119
1197	1186	0	0.20000246
1186	1197	1	0.20001163
1197	1186	1	0.2000027
1186	1197	2	0.20000896
1197	1186	2	0.20000277
1186	1197	3	0.20000896
1197	1186	3	0.20000277
1186	1197	4	0.20005165
1197	1186	4	0.20003459
1186	1198	0	0.2000002
1198	1186	0	0.19999312
1186	1198	1	0.20000301
1198	1186	1	0.19999091
1186	1198	2	0.20002338
1198	1186	2	0.20001179
1186	1198	3	0.20002338
1198	1186	3	0.20001179
1186	1198	4	0.20005397
1198	1186	4	0.20003052
1187	1197	0	0.1819238
1197	1187	0	0.23635939
1187	1197	1	0.2728371
1197	1187	1	0.19098824
1187	1197	2	0.18179633
1197	1187	2	0.19089681
1187	1197	3	0.18179633
1197	1187	3	0.19089681
1187	1197	4	0.18185371
1197	1187	4	0.19093996
1187	1198	0	0.20001204
1198	1187	0	0.20000553
1187	1198	1	0.2000153
1198	1187	1	0.20000269
1187	1198	2	0.20000637
1198	1187	2	0.20000035
1187	1198	3	0.20000637
1198	1187	3	0.20000035
1187	1198	4	0.20005055
1198	1187	4	0.20003302
1188	1197	0	0.20002109
1197	1188	0	0.20001054
1188	1197	1	0.20002057
1197	1188	1	0.20001094
1188	1197	2	0.19998841
1197	1188	2	0.19998777
1188	1197	3	0.19998841
1197	1188	3	0.19998777
1188	1197	4	0.20003843
1197	1188	4	0.20002915
1188	1198	0	0.200021
1198	1188	0	0.20000818
1188	1198	1	0.20001875
1198	1188	1	0.20000955
1188	1198	2	0.19999261
1198	1188	2	0.1999906
1188	1198	3	0.19999261
1198	1188	3	0.1999906
1188	1198	4	0.20004292
1198	1188	4	0.20002963
1189	1197	0	0.20002218
1197	1189	0	0.20001401
1189	1197	1	0.20002057
1197	1189	1	0.20001538
1189	1197	2	0.19998652
1197	1189	2	0.19998646
1189	1197	3	0.19998652
1197	1189	3	0.19998646
1189	1197	4	0.20003767
1197	1189	4	0.20003243
1189	1198	0	0.20001951
1198	1189	0	0.20001188
1189	1198	1	0.20002152
1198	1189	1	0.20001037
1189	1198	2	0.19998918
1198	1189	2	0.19998847
1189	1198	3	0.19998918
1198	1189	3	0.19998847
1189	1198	4	0.20003876
1198	1189	4	0.20003003
1190	1197	0	0.15869434
1197	1190	0	0.28285235
1190	1197	1	0.3660922
1197	1190	1	0.17945085
1190	1197	2	0.15845145
1197	1190	2	0.17922685
1190	1197	3	0.15845147
1197	1190	3	0.17922683
1190	1197	4	0.1586117
1197	1190	4	0.17937279
1190	1198	0	0.20002183
1198	1190	0	0.20001243
1190	1198	1	0.20001866
1198	1190	1	0.20001513
1190	1198	2	0.19998598
1198	1190	2	0.19998573
1190	1198	3	0.19998598
1198	1190	3	0.19998573
1190	1198	4	0.20003513
1198	1190	4	0.2000303
1191	1199	0	0.18853071
1199	1191	0	0.22300279
1191	1199	1	0.2460904
1199	1191	1	0.19429177
1191	1199	2	0.18849325
1199	1191	2	0.19425625
1191	1199	3	0.18849325
1199	1191	3	0.19425625
1191	1199	4	0.18850988
1199	1191	4	0.19426906
1191	1200	0	0.20001413
1200	1191	0	0.19999912
1191	1200	1	0.20000881
1200	1191	1	0.20000358
1191	1200	2	0.20001943
1200	1191	2	0.20001088
1191	1200	3	0.20001943
1200	1191	3	0.20001087
1191	1200	4	0.20004655
1200	1191	4	0.20002791
1191	1201	0	0.1999818
1201	1191	0	0.19998199
1191	1201	1	0.19998303
1201	1191	1	0.19998112
1191	1201	2	0.20004463
1201	1191	2	0.20002902
1191	1201	3	0.20004465
1201	1191	3	0.200029
1191	1201	4	0.20004393
1201	1191	4	0.20002237
1192	1199	0	0.19115998
1199	1192	0	0.21775678
1192	1199	1	0.23556195
1199	1192	1	0.19560455
1192	1199	2	0.19111338
1199	1192	2	0.19555856
1192	1199	3	0.19111338
1199	1192	3	0.19555853
1192	1199	4	0.19116038
1199	1192	4	0.19560438
1192	1200	0	0.20002203
1200	1192	0	0.20001085
1192	1200	1	0.20002069
1200	1192	1	0.20001203
1192	1200	2	0.20000711
1200	1192	2	0.20000239
1192	1200	3	0.20000711
1200	1192	3	0.20000239
1192	1200	4	0.20004681
1200	1192	4	0.20003231
1192	1201	0	0.20000584
1201	1192	0	0.1999973
1192	1201	1	0.20000644
1201	1192	1	0.1999968
1192	1201	2	0.20002392
1201	1192	2	0.2000145
1192	1201	3	0.20002392
1201	1192	3	0.20001452
1192	1201	4	0.2000471
1201	1192	4	0.20002791
1193	1199	0	0.19863741
1199	1193	0	0.20282438
1193	1199	1	0.2056011
1199	1193	1	0.1993288
1193	1199	2	0.1985935
1199	1193	2	0.1992867
1193	1199	3	0.19859351
1199	1193	3	0.19928668
1193	1199	4	0.19866978
1199	1193	4	0.19935842
1193	1200	0	0.20002571
1200	1193	0	0.20001954
1193	1200	1	0.20002678
1200	1193	1	0.20001864
1193	1200	2	0.19999875
1200	1193	2	0.19999646
1193	1200	3	0.19999875
1200	1193	3	0.19999647
1193	1200	4	0.20004615
1200	1193	4	0.20003705
1193	1201	0	0.20001882
1201	1193	0	0.20000984
1193	1201	1	0.20001985
1201	1193	1	0.20000894
1193	1201	2	0.20000947
1201	1193	2	0.20000483
1193	1201	3	0.20000948
1201	1193	3	0.20000483
1193	1201	4	0.20004745
1201	1193	4	0.20003274
1194	1199	0	0.20000632
1199	1194	0	0.20009442
1194	1199	1	0.20008916
1199	1194	1	0.20000699
1194	1199	2	0.19998725
1199	1194	2	0.19998837
1194	1199	3	0.19998723
1199	1194	3	0.19998838
1194	1199	4	0.20003705
1199	1194	4	0.20003834
1194	1200	0	0.20002466
1200	1194	0	0.20002422
1194	1200	1	0.20002678
1200	1194	1	0.20002218
1194	1200	2	0.19999163
1200	1194	2	0.1999913
1194	1200	3	0.19999163
1200	1194	3	0.19999132
1194	1200	4	0.20004208
1200	1194	4	0.2000394
1194	1201	0	0.20002238
1201	1194	0	0.20001975
1194	1201	1	0.20002735
1201	1194	1	0.20001547
1194	1201	2	0.19999923
1201	1194	2	0.19999726
1194	1201	3	0.19999924
1201	1194	3	0.19999726
1194	1201	4	0.20004728
1201	1194	4	0.20003806
1195	1199	0	0.18956491
1199	1195	0	0.22090448
1195	1199	1	0.2418981
1199	1195	1	0.1948173
1195	1199	2	0.18953812
1199	1195	2	0.19478486
1195	1199	3	0.18953812
1199	1195	3	0.19478486
1195	1199	4	0.18957993
1199	1195	4	0.19483347
1195	1200	0	0.20002376
1200	1195	0	0.20002475
1195	1200	1	0.20002219
1200	1195	1	0.20002641
1195	1200	2	0.19999114
1200	1195	2	0.19999143
1195	1200	3	0.19999115
1200	1195	3	0.19999145
1195	1200	4	0.20003901
1200	1195	4	0.20004176
1195	1201	0	0.20002604
1201	1195	0	0.20002306
1195	1201	1	0.20002596
1201	1195	1	0.20002314
1195	1201	2	0.19999729
1201	1195	2	0.19999689
1195	1201	3	0.19999728
1201	1195	3	0.1999969
1195	1201	4	0.2000444
1201	1195	4	0.20004137
1196	1199	0	0.20001133
1199	1196	0	0.20002066
1196	1199	1	0.20001066
1199	1196	1	0.20002145
1196	1199	2	0.20000294
1199	1196	2	0.20000812
1196	1199	3	0.20000294
1199	1196	3	0.20000812
1196	1199	4	0.20003332
1199	1196	4	0.20004855
1196	1200	0	0.2000173
1200	1196	0	0.20002654
1196	1200	1	0.20001926
1200	1196	1	0.20002429
1196	1200	2	0.1999942
1200	1196	2	0.19999588
1196	1200	3	0.1999942
1200	1196	3	0.19999588
1196	1200	4	0.20003726
1200	1196	4	0.20004606
1196	1201	0	0.20002328
1201	1196	0	0.2000249
1196	1201	1	0.20002227
1201	1196	1	0.20002596
1196	1201	2	0.19999222
1201	1196	2	0.19999234
1196	1201	3	0.19999221
1201	1196	3	0.19999234
1196	1201	4	0.20003998
1201	1196	4	0.20004255
1197	1202	0	0.20000048
1202	1197	0	0.19999999
1197	1202	1	0.20000064
1202	1197	1	0.19999984
1197	1202	2	0.19999222
1202	1197	2	0.19999187
1197	1202	3	0.19999222
1202	1197	3	0.19999188
1197	1202	4	0.1999995
1202	1197	4	0.1999989
1197	1203	0	0.20000169
1203	1197	0	0.20000112
1197	1203	1	0.20000146
1203	1197	1	0.20000131
1197	1203	2	0.19998878
1203	1197	2	0.19998954
1197	1203	3	0.19998878
1203	1197	3	0.19998954
1197	1203	4	0.20000061
1203	1197	4	0.20000108
1197	1204	0	0.20000517
1204	1197	0	0.20000239
1197	1204	1	0.20000544
1204	1197	1	0.20000215
1197	1204	2	0.19998418
1204	1197	2	0.1999855
1197	1204	3	0.1999842
1204	1197	3	0.19998552
1197	1204	4	0.20000412
1204	1197	4	0.20000437
1197	1205	0	0.26384065
1205	1197	0	0.19206586
1197	1205	1	0.18413311
1205	1197	1	0.23192306
1197	1205	2	0.1840055
1205	1197	2	0.19197823
1197	1205	3	0.1840055
1205	1197	3	0.19197823
1197	1205	4	0.18413843
1205	1197	4	0.19209206
1197	1206	0	0.20001483
1206	1197	0	0.20000587
1197	1206	1	0.20001507
1206	1197	1	0.20000568
1197	1206	2	0.19998622
1206	1197	2	0.1999868
1197	1206	3	0.1999862
1206	1197	3	0.1999868
1197	1206	4	0.20002054
1206	1197	4	0.20001559
1198	1202	0	0.20000179
1202	1198	0	0.20000307
1198	1202	1	0.20000182
1202	1198	1	0.20000304
1198	1202	2	0.19998667
1202	1198	2	0.19998588
1198	1202	3	0.19998665
1202	1198	3	0.19998588
1198	1202	4	0.20000225
1202	1198	4	0.20000169
1198	1203	0	0.20000163
1203	1198	0	0.20000102
1198	1203	1	0.20000188
1203	1198	1	0.20000078
1198	1203	2	0.19998872
1203	1198	2	0.1999884
1198	1203	3	0.19998872
1203	1198	3	0.19998837
1198	1203	4	0.20000091
1203	1198	4	0.20000012
1198	1204	0	0.2000031
1204	1198	0	0.20000137
1198	1204	1	0.2000026
1204	1198	1	0.20000184
1198	1204	2	0.19998641
1204	1198	2	0.19998717
1198	1204	3	0.19998641
1204	1198	3	0.19998717
1198	1204	4	0.20000143
1204	1198	4	0.20000203
1198	1205	0	0.20000517
1205	1198	0	0.20000243
1198	1205	1	0.20000538
1205	1198	1	0.2000023
1198	1205	2	0.1999841
1205	1198	2	0.19998547
1198	1205	3	0.1999841
1205	1198	3	0.19998547
1198	1205	4	0.20000419
1205	1198	4	0.20000449
1198	1206	0	0.2000102
1206	1198	0	0.20000379
1198	1206	1	0.20000994
1206	1198	1	0.20000397
1198	1206	2	0.19998237
1206	1198	2	0.19998384
1198	1206	3	0.19998237
1206	1198	3	0.19998382
1198	1206	4	0.2000112
1206	1198	4	0.20000944
1199	1207	0	0.20001763
1207	1199	0	0.20001009
1199	1207	1	0.20001629
1207	1199	1	0.20001116
1199	1207	2	0.1999839
1207	1199	2	0.19998373
1199	1207	3	0.19998391
1207	1199	3	0.19998372
1199	1207	4	0.20002532
1207	1199	4	0.20002227
1199	1208	0	0.20001903
1208	1199	0	0.20001058
1199	1208	1	0.20001994
1208	1199	1	0.20000988
1199	1208	2	0.19998877
1208	1199	2	0.19998837
1199	1208	3	0.19998877
1208	1199	3	0.19998837
1199	1208	4	0.20003243
1208	1199	4	0.20002504
1199	1209	0	0.20001833
1209	1199	0	0.20001023
1199	1209	1	0.2000189
1209	1199	1	0.20000982
1199	1209	2	0.19999486
1209	1199	2	0.1999927
1199	1209	3	0.19999488
1209	1199	3	0.19999269
1199	1209	4	0.2000418
1209	1199	4	0.20003088
1199	1210	0	0.23168899
1210	1199	0	0.19609779
1199	1210	1	0.19219567
1210	1199	1	0.21583742
1199	1210	2	0.19205214
1210	1199	2	0.19600914
1199	1210	3	0.19205216
1210	1199	3	0.19600914
1199	1210	4	0.19212414
1210	1199	4	0.1960658
1200	1207	0	0.20001437
1207	1200	0	0.20001014
1200	1207	1	0.20001394
1207	1200	1	0.20001052
1200	1207	2	0.19997825
1207	1200	2	0.19997874
1200	1207	3	0.19997823
1207	1200	3	0.19997874
1200	1207	4	0.20001921
1207	1200	4	0.20001766
1200	1208	0	0.19853199
1208	1200	0	0.2030607
1200	1208	1	0.20610863
1208	1200	1	0.19928621
1200	1208	2	0.1984332
1208	1200	2	0.19919536
1200	1208	3	0.1984332
1208	1200	3	0.19919536
1200	1208	4	0.1985258
1208	1200	4	0.19929153
1200	1209	0	0.20001847
1209	1200	0	0.20001091
1200	1209	1	0.20002037
1209	1200	1	0.20000951
1200	1209	2	0.19998866
1209	1200	2	0.19998823
1200	1209	3	0.19998866
1209	1200	3	0.19998825
1200	1209	4	0.2000326
1209	1200	4	0.20002525
1200	1210	0	0.20002022
1210	1200	0	0.20000823
1200	1210	1	0.20001854
1210	1200	1	0.20000932
1200	1210	2	0.19999194
1210	1200	2	0.19999051
1200	1210	3	0.19999194
1210	1200	3	0.19999051
1200	1210	4	0.20003718
1210	1200	4	0.2000256
1201	1207	0	0.17431825
1207	1201	0	0.2515089
1201	1207	1	0.30299264
1207	1201	1	0.18718547
1201	1207	2	0.17421365
1207	1201	2	0.18708348
1201	1207	3	0.17421365
1207	1201	3	0.18708347
1201	1207	4	0.17432724
1207	1201	4	0.18718974
1201	1208	0	0.17362024
1208	1201	0	0.25291857
1201	1208	1	0.30582544
1208	1201	1	0.18682788
1201	1208	2	0.17350574
1208	1201	2	0.18673041
1201	1208	3	0.17350574
1208	1201	3	0.18673041
1201	1208	4	0.17362458
1208	1201	4	0.18683474
1201	1209	0	0.17926297
1209	1201	0	0.24165072
1201	1209	1	0.28330123
1209	1201	1	0.18964589
1201	1209	2	0.1791446
1209	1201	2	0.18955259
1201	1209	3	0.17914459
1209	1201	3	0.1895526
1201	1209	4	0.1792517
1209	1201	4	0.18964413
1201	1210	0	0.20001908
1210	1201	0	0.2000095
1201	1210	1	0.20001961
1210	1201	1	0.20000911
1201	1210	2	0.19998814
1210	1201	2	0.19998728
1201	1210	3	0.19998816
1210	1201	3	0.19998726
1201	1210	4	0.20003088
1210	1201	4	0.20002307
1202	1211	0	0.20000221
1211	1202	0	0.2000009
1202	1211	1	0.20000227
1211	1202	1	0.20000087
1202	1211	2	0.19998828
1211	1202	2	0.1999921
1202	1211	3	0.19998829
1211	1202	3	0.1999921
1202	1211	4	0.2000026
1211	1202	4	0.20000298
1203	1211	0	0.19999945
1211	1203	0	0.19999965
1203	1211	1	0.1999994
1211	1203	1	0.19999965
1203	1211	2	0.19999737
1211	1203	2	0.19999835
1203	1211	3	0.19999737
1211	1203	3	0.19999833
1203	1211	4	0.19999658
1211	1203	4	0.19999781
1204	1211	0	0.1888955
1211	1204	0	0.2222375
1204	1211	1	0.24448535
1211	1204	1	0.1944501
1204	1211	2	0.18886489
1211	1204	2	0.19442536
1204	1211	3	0.18886489
1211	1204	3	0.19442536
1204	1211	4	0.1888915
1211	1204	4	0.19445114
1205	1211	0	0.19022852
1211	1205	0	0.21956313
1205	1211	1	0.23913693
1211	1205	1	0.19511418
1205	1211	2	0.19020273
1211	1205	2	0.19509502
1205	1211	3	0.19020273
1211	1205	3	0.19509503
1205	1211	4	0.19022828
1211	1205	4	0.1951171
1206	1211	0	0.19879803
1211	1206	0	0.20240648
1206	1211	1	0.20481564
1211	1206	1	0.1994006
1206	1211	2	0.19878718
1211	1206	2	0.1993901
1206	1211	3	0.1987872
1211	1206	3	0.19939008
1206	1211	4	0.19879706
1211	1206	4	0.19939958
1212	1216	0	0.19999985
1216	1212	0	0.2000004
1212	1216	1	0.19999985
1216	1212	1	0.2000004
1212	1216	2	0.20000114
1216	1212	2	0.20000143
1212	1216	3	0.20000114
1216	1212	3	0.20000143
1212	1216	4	0.20000006
1216	1212	4	0.20000051
1212	1217	0	0.19999763
1217	1212	0	0.20000027
1212	1217	1	0.19999765
1217	1212	1	0.20000027
1212	1217	2	0.20000131
1217	1212	2	0.20000224
1212	1217	3	0.20000131
1217	1212	3	0.20000224
1212	1217	4	0.19999817
1217	1212	4	0.20000023
1212	1218	0	0.19999519
1218	1212	0	0.20000006
1212	1218	1	0.19999519
1218	1212	1	0.20000005
1212	1218	2	0.2000015
1218	1212	2	0.20000355
1212	1218	3	0.2000015
1218	1212	3	0.20000352
1212	1218	4	0.19999571
1218	1212	4	0.19999945
1213	1216	0	0.20000014
1216	1213	0	0.2000002
1213	1216	1	0.20000014
1216	1213	1	0.2000002
1213	1216	2	0.20000134
1216	1213	2	0.20000143
1213	1216	3	0.20000134
1216	1213	3	0.20000143
1213	1216	4	0.20000021
1216	1213	4	0.20000032
1213	1217	0	0.20000002
1217	1213	0	0.20000035
1213	1217	1	0.2
1217	1213	1	0.20000035
1213	1217	2	0.20000118
1217	1213	2	0.20000134
1213	1217	3	0.20000118
1217	1213	3	0.20000134
1213	1217	4	0.20000021
1217	1213	4	0.20000044
1213	1218	0	0.1999997
1218	1213	0	0.20000005
1213	1218	1	0.1999997
1218	1213	1	0.20000003
1213	1218	2	0.20000157
1218	1213	2	0.20000146
1213	1218	3	0.20000157
1218	1213	3	0.2000015
1213	1218	4	0.19999993
1218	1213	4	0.19999996
1214	1216	0	0.20000012
1216	1214	0	0.19999838
1214	1216	1	0.2000001
1216	1214	1	0.19999838
1214	1216	2	0.2000019
1216	1214	2	0.20000151
1214	1216	3	0.20000188
1216	1214	3	0.20000151
1214	1216	4	0.19999996
1216	1214	4	0.1999988
1214	1217	0	0.20000061
1217	1214	0	0.1999993
1214	1217	1	0.20000063
1217	1214	1	0.1999993
1214	1217	2	0.20000157
1217	1214	2	0.20000084
1214	1217	3	0.20000157
1217	1214	3	0.20000085
1214	1217	4	0.20000075
1217	1214	4	0.19999953
1214	1218	0	0.19999935
1218	1214	0	0.2000006
1214	1218	1	0.19999933
1218	1214	1	0.2000006
1214	1218	2	0.20000087
1218	1214	2	0.20000157
1214	1218	3	0.20000087
1218	1214	3	0.20000155
1214	1218	4	0.19999957
1218	1214	4	0.20000073
1215	1219	0	0.19999753
1219	1215	0	0.19999734
1215	1219	1	0.19999753
1219	1215	1	0.19999732
1215	1219	2	0.20000142
1219	1215	2	0.20000148
1215	1219	3	0.2000014
1219	1215	3	0.20000148
1215	1219	4	0.19999665
1219	1215	4	0.19999671
1215	1220	0	0.19999681
1220	1215	0	0.1999981
1215	1220	1	0.19999683
1220	1215	1	0.19999811
1215	1220	2	0.20000122
1220	1215	2	0.20000178
1215	1220	3	0.20000122
1220	1215	3	0.20000179
1215	1220	4	0.1999963
1220	1215	4	0.19999726
1215	1221	0	0.19999665
1221	1215	0	0.1999979
1215	1221	1	0.19999665
1221	1215	1	0.1999979
1215	1221	2	0.20000176
1221	1215	2	0.20000194
1215	1221	3	0.20000176
1221	1215	3	0.20000194
1215	1221	4	0.1999957
1221	1215	4	0.19999665
1215	1222	0	0.19999608
1222	1215	0	0.19999918
1215	1222	1	0.19999608
1222	1215	1	0.19999918
1215	1222	2	0.20000112
1222	1215	2	0.20000264
1215	1222	3	0.20000112
1222	1215	3	0.20000264
1215	1222	4	0.19999477
1222	1215	4	0.19999719
1215	1223	0	0.19999725
1223	1215	0	0.19999975
1215	1223	1	0.19999732
1223	1215	1	0.19999972
1215	1223	2	0.19999903
1223	1215	2	0.20000102
1215	1223	3	0.19999903
1223	1215	3	0.20000103
1215	1223	4	0.19999564
1223	1215	4	0.19999811
1216	1224	0	0.19034603
1224	1216	0	0.21929525
1216	1224	1	0.23858118
1224	1216	1	0.19517605
1216	1224	2	0.19035798
1224	1216	2	0.19518372
1216	1224	3	0.19035797
1224	1216	3	0.19518374
1216	1224	4	0.19033712
1224	1216	4	0.19516732
1217	1224	0	0.19999777
1224	1217	0	0.20000133
1217	1224	1	0.19999775
1224	1217	1	0.20000136
1217	1224	2	0.19999981
1224	1217	2	0.20000264
1217	1224	3	0.19999981
1224	1217	3	0.20000264
1217	1224	4	0.19999784
1224	1217	4	0.20000122
1218	1224	0	0.19999894
1224	1218	0	0.20000085
1218	1224	1	0.1999989
1224	1218	1	0.20000087
1218	1224	2	0.1999994
1224	1218	2	0.20000118
1218	1224	3	0.1999994
1224	1218	3	0.2000012
1218	1224	4	0.20000024
1224	1218	4	0.20000169
1219	1225	0	0.19999707
1225	1219	0	0.19999976
1219	1225	1	0.19999705
1225	1219	1	0.19999978
1219	1225	2	0.20000127
1225	1219	2	0.20000196
1219	1225	3	0.20000127
1225	1219	3	0.20000196
1219	1225	4	0.19999728
1225	1219	4	0.19999905
1220	1225	0	0.19999771
1225	1220	0	0.20000029
1220	1225	1	0.19999771
1225	1220	1	0.20000032
1220	1225	2	0.20000131
1225	1220	2	0.20000222
1220	1225	3	0.20000131
1225	1220	3	0.20000222
1220	1225	4	0.19999821
1225	1220	4	0.2000003
1221	1225	0	0.20000021
1225	1221	0	0.20000024
1221	1225	1	0.20000021
1225	1221	1	0.20000023
1221	1225	2	0.2000013
1225	1221	2	0.20000125
1221	1225	3	0.2000013
1225	1221	3	0.20000125
1221	1225	4	0.20000036
1225	1221	4	0.2000003
1222	1225	0	0.20000024
1225	1222	0	0.20000017
1222	1225	1	0.20000024
1225	1222	1	0.2000002
1222	1225	2	0.20000128
1225	1222	2	0.20000131
1222	1225	3	0.20000128
1225	1222	3	0.20000131
1222	1225	4	0.2000003
1225	1222	4	0.20000035
1223	1225	0	0.19999991
1225	1223	0	0.19999935
1223	1225	1	0.19999991
1225	1223	1	0.19999935
1223	1225	2	0.20000163
1225	1223	2	0.20000173
1223	1225	3	0.20000163
1225	1223	3	0.20000173
1223	1225	4	0.19999975
1225	1223	4	0.1999996
1224	1226	0	0.20000026
1226	1224	0	0.19999976
1224	1226	1	0.20000026
1226	1224	1	0.19999975
1224	1226	2	0.20000021
1226	1224	2	0.19999973
1224	1226	3	0.2000002
1226	1224	3	0.19999973
1224	1226	4	0.20000032
1226	1224	4	0.19999981
1224	1227	0	0.19999908
1227	1224	0	0.20000085
1224	1227	1	0.1999991
1227	1224	1	0.20000085
1224	1227	2	0.19999927
1227	1224	2	0.20000091
1224	1227	3	0.19999926
1227	1224	3	0.20000094
1224	1227	4	0.19999911
1227	1224	4	0.20000085
1225	1228	0	0.19999982
1228	1225	0	0.20000015
1225	1228	1	0.1999998
1228	1225	1	0.20000018
1225	1228	2	0.19999984
1228	1225	2	0.2000002
1225	1228	3	0.19999985
1228	1225	3	0.20000018
1225	1228	4	0.19999987
1228	1225	4	0.20000021
1225	1229	0	0.19074704
1229	1225	0	0.2185053
1225	1229	1	0.23700657
1229	1225	1	0.19537546
1225	1229	2	0.19074678
1229	1225	2	0.19537514
1225	1229	3	0.19074677
1229	1225	3	0.19537516
1225	1229	4	0.19074652
1229	1225	4	0.19537506
1226	1230	0	0.19999957
1230	1226	0	0.20000045
1226	1230	1	0.19999954
1230	1226	1	0.20000046
1226	1230	2	0.19999956
1230	1226	2	0.2000004
1226	1230	3	0.19999956
1230	1226	3	0.2000004
1226	1230	4	0.19999945
1230	1226	4	0.20000033
1226	1231	0	0.19999856
1231	1226	0	0.20000155
1226	1231	1	0.19999851
1231	1226	1	0.20000158
1226	1231	2	0.19999826
1231	1226	2	0.20000109
1226	1231	3	0.19999827
1231	1226	3	0.20000108
1226	1231	4	0.19999996
1231	1226	4	0.20000286
1227	1230	0	0.1999997
1230	1227	0	0.20000005
1227	1230	1	0.1999997
1230	1227	1	0.20000003
1227	1230	2	0.19999993
1230	1227	2	0.20000027
1227	1230	3	0.19999993
1230	1227	3	0.20000029
1227	1230	4	0.19999962
1230	1227	4	0.19999994
1227	1231	0	0.23778564
1231	1227	0	0.19527702
1227	1231	1	0.19055377
1231	1227	1	0.21889305
1227	1231	2	0.19055305
1231	1227	2	0.19527632
1227	1231	3	0.19055305
1231	1227	3	0.19527632
1227	1231	4	0.19055508
1231	1227	4	0.19527836
1228	1232	0	0.19999835
1232	1228	0	0.20000152
1228	1232	1	0.19999833
1232	1228	1	0.20000154
1228	1232	2	0.19999878
1232	1228	2	0.20000173
1228	1232	3	0.19999878
1232	1228	3	0.20000173
1228	1232	4	0.19999823
1232	1228	4	0.20000137
1229	1232	0	0.19999932
1232	1229	0	0.20000069
1229	1232	1	0.19999932
1232	1229	1	0.2000007
1229	1232	2	0.19999945
1232	1229	2	0.20000073
1229	1232	3	0.19999944
1232	1229	3	0.20000073
1229	1232	4	0.19999917
1232	1229	4	0.20000052
1230	1233	0	0.20000713
1233	1230	0	0.20001066
1230	1233	1	0.20000759
1233	1230	1	0.20001014
1230	1233	2	0.1999795
1233	1230	2	0.19997841
1230	1233	3	0.19997953
1233	1230	3	0.1999784
1230	1233	4	0.2000109
1233	1230	4	0.20001069
1230	1234	0	0.20000637
1234	1230	0	0.20000754
1230	1234	1	0.20000625
1234	1230	1	0.20000765
1230	1234	2	0.19997902
1234	1230	2	0.19997859
1230	1234	3	0.19997904
1234	1230	3	0.19997859
1230	1234	4	0.20000781
1234	1230	4	0.20000787
1230	1235	0	0.20000747
1235	1230	0	0.20000625
1230	1235	1	0.20000784
1235	1230	1	0.20000586
1230	1235	2	0.1999787
1235	1230	2	0.1999791
1230	1235	3	0.1999787
1235	1230	3	0.19997908
1230	1235	4	0.20000786
1235	1230	4	0.20000757
1230	1236	0	0.20001096
1236	1230	0	0.20000674
1230	1236	1	0.20001045
1236	1230	1	0.20000717
1230	1236	2	0.19997823
1236	1230	2	0.19997928
1230	1236	3	0.19997823
1236	1230	3	0.19997928
1230	1236	4	0.20001054
1236	1230	4	0.20001018
1230	1237	0	0.2000147
1237	1230	0	0.20000827
1230	1237	1	0.20001459
1237	1230	1	0.20000836
1230	1237	2	0.1999813
1237	1230	2	0.19998232
1230	1237	3	0.1999813
1237	1230	3	0.19998232
1230	1237	4	0.20001581
1237	1230	4	0.2000141
1230	1238	0	0.20001961
1238	1230	0	0.20001222
1230	1238	1	0.2000202
1238	1230	1	0.20001175
1230	1238	2	0.19998853
1238	1230	2	0.19998878
1230	1238	3	0.19998854
1238	1230	3	0.19998878
1230	1238	4	0.2000269
1238	1230	4	0.20002232
1231	1233	0	0.20001028
1233	1231	0	0.20001584
1231	1233	1	0.20000976
1233	1231	1	0.20001656
1231	1233	2	0.19998321
1233	1231	2	0.19998257
1231	1233	3	0.19998321
1233	1231	3	0.19998255
1231	1233	4	0.20001693
1233	1231	4	0.20001873
1231	1234	0	0.20000789
1234	1231	0	0.2000124
1231	1234	1	0.20000868
1234	1231	1	0.20001152
1231	1234	2	0.19997862
1234	1231	2	0.19997762
1231	1234	3	0.19997862
1234	1231	3	0.1999776
1231	1234	4	0.20001154
1234	1231	4	0.20001172
1231	1235	0	0.20000476
1235	1231	0	0.2000057
1231	1235	1	0.20000462
1235	1231	1	0.20000581
1231	1235	2	0.19998139
1235	1231	2	0.19998093
1231	1235	3	0.19998139
1235	1231	3	0.19998091
1231	1235	4	0.20000596
1235	1231	4	0.20000587
1231	1236	0	0.19573478
1236	1231	0	0.2085546
1231	1236	1	0.21726479
1236	1231	1	0.19788262
1231	1236	2	0.19567521
1236	1231	2	0.19784074
1231	1236	3	0.19567521
1236	1231	3	0.19784074
1231	1236	4	0.19572917
1236	1231	4	0.19788027
1231	1237	0	0.19960743
1237	1231	0	0.20084621
1231	1237	1	0.20167911
1237	1231	1	0.19980378
1231	1237	2	0.19954495
1237	1231	2	0.19976169
1231	1237	3	0.19954495
1237	1231	3	0.19976169
1231	1237	4	0.19961788
1237	1231	4	0.19982302
1231	1238	0	0.19051333
1238	1231	0	0.21909176
1231	1238	1	0.23813967
1238	1231	1	0.19525683
1231	1238	2	0.19043984
1238	1231	2	0.19520107
1231	1238	3	0.19043982
1238	1231	3	0.19520107
1231	1238	4	0.19050497
1238	1231	4	0.19526243
1232	1239	0	0.20001318
1239	1232	0	0.2000143
1232	1239	1	0.20001395
1239	1232	1	0.2000135
1232	1239	2	0.20000234
1239	1232	2	0.20000269
1232	1239	3	0.20000234
1239	1232	3	0.20000269
1232	1239	4	0.20006347
1239	1232	4	0.20006372
1232	1240	0	0.20001362
1240	1232	0	0.20000806
1232	1240	1	0.20001249
1240	1232	1	0.20000914
1232	1240	2	0.200008
1240	1232	2	0.20000577
1232	1240	3	0.200008
1240	1232	3	0.20000577
1232	1240	4	0.20006447
1240	1232	4	0.20005651
1232	1241	0	0.20001136
1241	1232	0	0.1999992
1232	1241	1	0.20000617
1241	1232	1	0.20000382
1232	1241	2	0.20001616
1241	1232	2	0.20000967
1232	1241	3	0.20001616
1241	1232	3	0.20000967
1232	1241	4	0.20007032
1241	1232	4	0.2000531
1232	1242	0	0.18386714
1242	1232	0	0.23251906
1232	1242	1	0.2655254
1242	1232	1	0.19203219
1232	1242	2	0.18360339
1242	1232	2	0.19182834
1232	1242	3	0.18360338
1242	1232	3	0.19182836
1232	1242	4	0.18367533
1242	1232	4	0.1918798
1232	1243	0	0.1999791
1243	1232	0	0.19997461
1232	1243	1	0.19997738
1243	1232	1	0.19997598
1232	1243	2	0.20004445
1243	1232	2	0.20002721
1232	1243	3	0.20004445
1243	1232	3	0.20002721
1232	1243	4	0.20006783
1243	1232	4	0.20003921
1232	1244	0	0.1755432
1244	1232	0	0.249484
1232	1244	1	0.2994089
1244	1232	1	0.18789199
1232	1244	2	0.17511801
1244	1232	2	0.18759333
1232	1244	3	0.175118
1244	1232	3	0.18759333
1232	1244	4	0.1750375
1244	1232	4	0.1875175
1232	1245	0	0.18604796
1245	1232	0	0.22834985
1232	1245	1	0.2570152
1245	1232	1	0.19308487
1232	1245	2	0.18569788
1245	1232	2	0.19286492
1232	1245	3	0.18569788
1245	1232	3	0.19286492
1232	1245	4	0.1857169
1245	1232	4	0.1928614
1233	1248	0	0.19472231
1248	1233	0	0.21012181
1233	1248	1	0.2211575
1248	1233	1	0.19742025
1233	1248	2	0.19442447
1248	1233	2	0.1972293
1233	1248	3	0.19442447
1248	1233	3	0.1972293
1233	1248	4	0.19505869
1248	1233	4	0.1977895
1233	1249	0	0.19947113
1249	1233	0	0.19966747
1233	1249	1	0.19946587
1249	1233	1	0.1996706
1233	1249	2	0.20009173
1249	1233	2	0.2000749
1233	1249	3	0.20009172
1249	1233	3	0.2000749
1233	1249	4	0.20032373
1249	1233	4	0.20029697
1233	1246	0	0.19961746
1246	1233	0	0.19974454
1233	1246	1	0.19960521
1246	1233	1	0.19975328
1233	1246	2	0.2001881
1246	1233	2	0.20016089
1233	1246	3	0.2001881
1246	1233	3	0.20016089
1233	1246	4	0.2001461
1246	1233	4	0.2001332
1233	1247	0	0.19642586
1247	1233	0	0.20677485
1233	1247	1	0.21481135
1247	1233	1	0.19830337
1233	1247	2	0.19607225
1247	1233	2	0.19807588
1233	1247	3	0.19607225
1247	1233	3	0.19807588
1233	1247	4	0.19676268
1247	1233	4	0.19865452
1234	1248	0	0.19958897
1248	1234	0	0.19972047
1234	1248	1	0.1995522
1248	1234	1	0.19974531
1234	1248	2	0.2001313
1248	1234	2	0.20011012
1234	1248	3	0.2001313
1248	1234	3	0.20011012
1234	1248	4	0.200187
1248	1234	4	0.20017026
1234	1249	0	0.19973886
1249	1234	0	0.19963367
1234	1249	1	0.19940637
1249	1234	1	0.19984148
1234	1249	2	0.20010433
1249	1234	2	0.20008753
1234	1249	3	0.20010433
1249	1234	3	0.20008753
1234	1249	4	0.20018369
1249	1234	4	0.20016627
1234	1246	0	0.19967009
1246	1234	0	0.19977751
1234	1246	1	0.19967707
1246	1234	1	0.19977222
1234	1246	2	0.20024246
1246	1234	2	0.20020615
1234	1246	3	0.20024244
1246	1234	3	0.20020615
1234	1246	4	0.20012935
1246	1234	4	0.20011505
1234	1247	0	0.19964972
1247	1234	0	0.19976714
1234	1247	1	0.19963583
1247	1234	1	0.19977698
1234	1247	2	0.20018847
1247	1234	2	0.20015797
1234	1247	3	0.20018849
1247	1234	3	0.20015797
1234	1247	4	0.20014171
1247	1234	4	0.2001287
1235	1248	0	0.19309226
1248	1235	0	0.21381347
1235	1248	1	0.22927907
1248	1235	1	0.19672905
1235	1248	2	0.19222282
1248	1235	2	0.19612528
1235	1248	3	0.19222282
1248	1235	3	0.19612528
1235	1248	4	0.19315712
1248	1235	4	0.19693913
1235	1249	0	0.19956407
1249	1235	0	0.19974034
1235	1249	1	0.1995814
1249	1235	1	0.19972862
1235	1249	2	0.20013238
1249	1235	2	0.2001121
1235	1249	3	0.20013238
1249	1235	3	0.20011209
1235	1249	4	0.20017642
1249	1235	4	0.20016009
1235	1246	0	0.19971842
1246	1235	0	0.19977494
1235	1246	1	0.19970302
1246	1235	1	0.19978756
1235	1246	2	0.20025471
1246	1235	2	0.2002247
1235	1246	3	0.2002547
1246	1235	3	0.2002247
1235	1246	4	0.20012084
1246	1235	4	0.20011023
1235	1247	0	0.19716507
1247	1235	0	0.20538118
1235	1247	1	0.21226963
1247	1235	1	0.19874227
1235	1247	2	0.19670016
1247	1235	2	0.19839785
1235	1247	3	0.19670016
1247	1235	3	0.19839785
1235	1247	4	0.19741291
1247	1235	4	0.19902952
1236	1248	0	0.19967116
1248	1236	0	0.19979572
1236	1248	1	0.19970052
1248	1236	1	0.19977345
1236	1248	2	0.2002384
1248	1236	2	0.20020296
1236	1248	3	0.20023842
1248	1236	3	0.20020294
1236	1248	4	0.20011897
1248	1236	4	0.20010634
1236	1249	0	0.1996414
1249	1236	0	0.1997596
1236	1249	1	0.19962534
1249	1236	1	0.19977093
1236	1249	2	0.20020035
1249	1236	2	0.20016769
1236	1249	3	0.20020035
1249	1236	3	0.20016769
1236	1249	4	0.20014185
1249	1236	4	0.20012705
1236	1246	0	0.19973028
1246	1236	0	0.19979928
1236	1246	1	0.19975996
1246	1236	1	0.19977294
1236	1246	2	0.20025101
1246	1236	2	0.20023197
1236	1246	3	0.20025101
1246	1236	3	0.20023197
1236	1246	4	0.20010902
1246	1236	4	0.20010234
1236	1247	0	0.19971451
1247	1236	0	0.19979118
1236	1247	1	0.19972368
1247	1236	1	0.19978361
1236	1247	2	0.20025817
1247	1236	2	0.20022711
1236	1247	3	0.20025817
1247	1236	3	0.2002271
1236	1247	4	0.20011824
1247	1236	4	0.20010504
1237	1248	0	0.19973713
1248	1237	0	0.19978546
1237	1248	1	0.19971667
1248	1237	1	0.19980218
1237	1248	2	0.20024979
1248	1237	2	0.20021874
1237	1248	3	0.20024979
1248	1237	3	0.20021874
1237	1248	4	0.20012158
1248	1237	4	0.20010927
1237	1249	0	0.19969955
1249	1237	0	0.19978392
1237	1249	1	0.19968586
1249	1237	1	0.19979435
1237	1249	2	0.20024417
1249	1237	2	0.20020506
1237	1249	3	0.20024417
1249	1237	3	0.20020506
1237	1249	4	0.2001285
1249	1237	4	0.20011257
1237	1246	0	0.19974227
1246	1237	0	0.19980185
1237	1246	1	0.19978996
1246	1237	1	0.199756
1237	1246	2	0.20024398
1246	1237	2	0.2002372
1237	1246	3	0.20024398
1246	1237	3	0.2002372
1237	1246	4	0.20011352
1246	1237	4	0.20010959
1237	1247	0	0.19974156
1247	1237	0	0.19977342
1237	1247	1	0.19972995
1247	1237	1	0.1997838
1237	1247	2	0.20025426
1247	1237	2	0.20023617
1237	1247	3	0.20025426
1247	1237	3	0.20023617
1237	1247	4	0.20010659
1247	1237	4	0.20010194
1238	1248	0	0.19973159
1248	1238	0	0.19978277
1238	1248	1	0.19974221
1248	1238	1	0.19977328
1238	1248	2	0.20025912
1248	1238	2	0.20023942
1238	1248	3	0.2002591
1248	1238	3	0.20023945
1238	1248	4	0.20011467
1248	1238	4	0.2001057
1238	1249	0	0.19975659
1249	1238	0	0.19979121
1238	1249	1	0.19972275
1249	1238	1	0.19981907
1238	1249	2	0.20024192
1249	1238	2	0.2002127
1238	1249	3	0.20024192
1249	1238	3	0.2002127
1238	1249	4	0.20010464
1249	1238	4	0.20009507
1238	1246	0	0.199792
1246	1238	0	0.19977929
1238	1246	1	0.19979277
1246	1238	1	0.19977847
1238	1246	2	0.20022924
1246	1238	2	0.20023547
1238	1246	3	0.20022926
1246	1238	3	0.20023547
1238	1246	4	0.200099
1246	1238	4	0.20009999
1238	1247	0	0.19975597
1247	1238	0	0.19976309
1238	1247	1	0.1997488
1247	1238	1	0.19976999
1238	1247	2	0.20026056
1247	1238	2	0.2002543
1238	1247	3	0.20026056
1247	1238	3	0.2002543
1238	1247	4	0.20009291
1247	1238	4	0.20009063
1239	1250	0	0.19992852
1250	1239	0	0.1999511
1239	1250	1	0.19992404
1250	1239	1	0.19995429
1239	1250	2	0.20009634
1250	1239	2	0.20006676
1239	1250	3	0.20009632
1250	1239	3	0.20006678
1239	1250	4	0.20004717
1250	1239	4	0.20002455
1239	1251	0	0.19990323
1251	1239	0	0.19994427
1239	1251	1	0.19989964
1251	1239	1	0.19994672
1239	1251	2	0.20012036
1251	1239	2	0.20008115
1239	1251	3	0.20012037
1251	1239	3	0.20008115
1239	1251	4	0.20004293
1251	1239	4	0.20002131
1240	1250	0	0.19995682
1250	1240	0	0.19996424
1240	1250	1	0.19995493
1250	1240	1	0.19996561
1240	1250	2	0.20006683
1250	1240	2	0.20004597
1240	1250	3	0.20006683
1250	1240	3	0.20004599
1240	1250	4	0.20005448
1250	1240	4	0.20003118
1240	1251	0	0.19991902
1251	1240	0	0.19995038
1240	1251	1	0.19992211
1251	1240	1	0.19994833
1240	1251	2	0.20010081
1251	1240	2	0.20007013
1240	1251	3	0.20010081
1251	1240	3	0.20007011
1240	1251	4	0.20005013
1251	1240	4	0.20002687
1241	1250	0	0.19997697
1250	1241	0	0.19998164
1241	1250	1	0.19998138
1250	1241	1	0.1999781
1241	1250	2	0.20004691
1250	1241	2	0.20003276
1241	1250	3	0.20004691
1250	1241	3	0.20003276
1241	1250	4	0.20005755
1250	1241	4	0.20003815
1241	1251	0	0.19995725
1251	1241	0	0.19997004
1241	1251	1	0.19996335
1251	1241	1	0.1999655
1241	1251	2	0.20006323
1251	1241	2	0.20004246
1241	1251	3	0.20006323
1251	1241	3	0.20004246
1241	1251	4	0.20005631
1251	1241	4	0.20003232
1242	1250	0	0.19999838
1250	1242	0	0.19999674
1242	1250	1	0.20000021
1250	1242	1	0.19999515
1242	1250	2	0.20002735
1250	1242	2	0.20002078
1242	1250	3	0.20002736
1250	1242	3	0.20002078
1242	1250	4	0.20006113
1250	1242	4	0.20004866
1242	1251	0	0.19997907
1251	1242	0	0.19998537
1242	1251	1	0.19998634
1251	1242	1	0.19997956
1242	1251	2	0.20004411
1251	1242	2	0.20003024
1242	1251	3	0.20004413
1251	1242	3	0.20003024
1242	1251	4	0.20006007
1251	1242	4	0.20004044
1243	1250	0	0.19999483
1250	1243	0	0.1999955
1243	1250	1	0.1999961
1250	1243	1	0.1999943
1243	1250	2	0.20003097
1250	1243	2	0.20002824
1243	1250	3	0.20003097
1250	1243	3	0.20002824
1243	1250	4	0.20005672
1250	1243	4	0.20005253
1243	1251	0	0.20000336
1251	1243	0	0.19999242
1243	1251	1	0.19999556
1251	1243	1	0.19999936
1243	1251	2	0.2000265
1251	1243	2	0.20001999
1243	1251	3	0.2000265
1251	1243	3	0.20002
1243	1251	4	0.20006517
1251	1243	4	0.20005234
1244	1250	0	0.19999951
1250	1244	0	0.20000464
1244	1250	1	0.20000342
1250	1244	1	0.20000058
1244	1250	2	0.20002091
1250	1244	2	0.20002307
1244	1250	3	0.2000209
1250	1244	3	0.20002307
1244	1250	4	0.20005482
1250	1244	4	0.20005892
1244	1251	0	0.20001133
1251	1244	0	0.20000139
1244	1251	1	0.20000279
1251	1244	1	0.20000964
1244	1251	2	0.20001847
1251	1244	2	0.2000166
1244	1251	3	0.20001848
1251	1244	3	0.2000166
1244	1251	4	0.2000574
1251	1244	4	0.20005342
1245	1250	0	0.19999146
1250	1245	0	0.19999823
1245	1250	1	0.19999504
1250	1245	1	0.19999418
1245	1250	2	0.20002264
1250	1245	2	0.20002978
1245	1250	3	0.20002264
1250	1245	3	0.20002978
1245	1250	4	0.20005283
1250	1245	4	0.2000659
1245	1251	0	0.20000064
1251	1245	0	0.20001042
1245	1251	1	0.20000902
1251	1245	1	0.20000169
1245	1251	2	0.20001794
1251	1245	2	0.20001996
1245	1251	3	0.20001794
1251	1245	3	0.20001996
1245	1251	4	0.20005283
1251	1245	4	0.20005663
1246	1252	0	0.19999924
1252	1246	0	0.19999918
1246	1252	1	0.19999923
1252	1246	1	0.19999918
1246	1252	2	0.19999474
1252	1246	2	0.19999544
1246	1252	3	0.19999476
1252	1246	3	0.19999546
1246	1252	4	0.19999781
1252	1246	4	0.19999868
1246	1253	0	0.20000224
1253	1246	0	0.20000039
1246	1253	1	0.20000239
1253	1246	1	0.20000029
1246	1253	2	0.19998889
1253	1246	2	0.19999094
1246	1253	3	0.19998887
1253	1246	3	0.19999094
1246	1253	4	0.20000124
1253	1246	4	0.20000167
1246	1254	0	0.20000684
1254	1246	0	0.20000179
1246	1254	1	0.20000723
1254	1246	1	0.20000158
1246	1254	2	0.19998358
1254	1246	2	0.1999868
1246	1254	3	0.19998358
1254	1246	3	0.19998682
1246	1254	4	0.20000747
1254	1246	4	0.20000684
1247	1252	0	0.19999729
1252	1247	0	0.19999762
1247	1252	1	0.19999729
1252	1247	1	0.19999762
1247	1252	2	0.2000003
1252	1247	2	0.20000033
1247	1252	3	0.2000003
1252	1247	3	0.20000033
1247	1252	4	0.19999622
1252	1247	4	0.19999658
1247	1253	0	0.19999899
1253	1247	0	0.19999912
1247	1253	1	0.19999912
1253	1247	1	0.19999902
1247	1253	2	0.19999553
1253	1247	2	0.1999961
1247	1253	3	0.19999552
1253	1247	3	0.19999611
1247	1253	4	0.1999976
1253	1247	4	0.19999848
1247	1254	0	0.20000221
1254	1247	0	0.20000018
1247	1254	1	0.20000196
1254	1247	1	0.20000038
1247	1254	2	0.19999063
1254	1247	2	0.19999203
1247	1254	3	0.19999063
1254	1247	3	0.19999203
1247	1254	4	0.1999999
1254	1247	4	0.2000009
1248	1252	0	0.19999762
1252	1248	0	0.19999728
1248	1252	1	0.19999759
1252	1248	1	0.1999973
1248	1252	2	0.20000038
1252	1248	2	0.20000032
1248	1252	3	0.20000038
1252	1248	3	0.2000003
1248	1252	4	0.19999656
1252	1248	4	0.19999623
1248	1253	0	0.19999756
1253	1248	0	0.19999783
1248	1253	1	0.1999975
1253	1248	1	0.19999787
1248	1253	2	0.19999908
1253	1248	2	0.19999939
1248	1253	3	0.19999908
1253	1248	3	0.19999939
1248	1253	4	0.1999965
1253	1248	4	0.19999684
1248	1254	0	0.19999854
1254	1248	0	0.1999988
1248	1254	1	0.19999853
1254	1248	1	0.19999881
1248	1254	2	0.19999684
1254	1248	2	0.19999744
1248	1254	3	0.19999684
1254	1248	3	0.19999744
1248	1254	4	0.19999726
1254	1248	4	0.19999802
1249	1252	0	0.199999
1252	1249	0	0.19999917
1249	1252	1	0.19999918
1252	1249	1	0.19999894
1249	1252	2	0.19999602
1252	1249	2	0.19999559
1249	1252	3	0.19999602
1252	1249	3	0.19999559
1249	1252	4	0.1999985
1252	1249	4	0.19999734
1249	1253	0	0.19999772
1253	1249	0	0.19999734
1249	1253	1	0.19999765
1253	1249	1	0.1999974
1249	1253	2	0.19999994
1253	1249	2	0.19999996
1249	1253	3	0.19999994
1253	1249	3	0.19999996
1249	1253	4	0.19999667
1253	1249	4	0.19999623
1249	1254	0	0.19999741
1254	1249	0	0.19999771
1249	1254	1	0.19999741
1254	1249	1	0.19999771
1249	1254	2	0.19999963
1254	1249	2	0.19999981
1249	1254	3	0.19999963
1254	1249	3	0.1999998
1249	1254	4	0.1999964
1254	1249	4	0.1999967
1250	1255	0	0.20000069
1255	1250	0	0.20000033
1250	1255	1	0.20000069
1255	1250	1	0.20000033
1250	1255	2	0.1999999
1255	1250	2	0.19999965
1250	1255	3	0.19999988
1255	1250	3	0.19999965
1250	1255	4	0.20000097
1255	1250	4	0.20000073
1250	1256	0	0.19999665
1256	1250	0	0.20000066
1250	1256	1	0.19999662
1256	1250	1	0.20000069
1250	1256	2	0.20000069
1256	1250	2	0.20000316
1250	1256	3	0.2000007
1256	1250	3	0.20000316
1250	1256	4	0.19999745
1256	1250	4	0.2000011
1250	1257	0	0.1999952
1257	1250	0	0.20000054
1250	1257	1	0.19999526
1257	1250	1	0.20000051
1250	1257	2	0.2000011
1257	1250	2	0.20000395
1250	1257	3	0.20000109
1257	1250	3	0.20000397
1250	1257	4	0.19999507
1257	1250	4	0.20000017
1251	1255	0	0.2000006
1255	1251	0	0.20000051
1251	1255	1	0.20000058
1255	1251	1	0.20000051
1251	1255	2	0.19999966
1255	1251	2	0.19999953
1251	1255	3	0.19999966
1255	1251	3	0.19999953
1251	1255	4	0.20000091
1255	1251	4	0.20000082
1251	1256	0	0.20000057
1256	1251	0	0.20000044
1251	1256	1	0.20000057
1256	1251	1	0.20000044
1251	1256	2	0.19999996
1256	1251	2	0.19999985
1251	1256	3	0.19999996
1256	1251	3	0.19999985
1251	1256	4	0.20000091
1256	1251	4	0.20000081
1251	1257	0	0.19999912
1257	1251	0	0.2000003
1251	1257	1	0.19999911
1257	1251	1	0.20000033
1251	1257	2	0.20000057
1257	1251	2	0.2000014
1251	1257	3	0.20000058
1257	1251	3	0.2000014
1251	1257	4	0.20000012
1257	1251	4	0.20000094
1252	1258	0	0.1999976
1258	1252	0	0.20000052
1252	1258	1	0.1999976
1258	1252	1	0.20000054
1252	1258	2	0.20000076
1258	1252	2	0.20000242
1252	1258	3	0.20000076
1258	1252	3	0.20000242
1252	1258	4	0.19999872
1258	1252	4	0.2000012
1252	1259	0	0.19999641
1259	1252	0	0.20000015
1252	1259	1	0.19999646
1259	1252	1	0.20000015
1252	1259	2	0.20000112
1259	1252	2	0.20000303
1252	1259	3	0.20000114
1259	1252	3	0.20000303
1252	1259	4	0.199997
1259	1252	4	0.20000046
1253	1258	0	0.1999995
1258	1253	0	0.20000082
1253	1258	1	0.19999948
1258	1253	1	0.20000081
1253	1258	2	0.19999985
1258	1253	2	0.20000112
1253	1258	3	0.19999987
1258	1253	3	0.20000109
1253	1258	4	0.20000042
1258	1253	4	0.20000145
1253	1259	0	0.19999875
1259	1253	0	0.20000033
1253	1259	1	0.19999874
1259	1253	1	0.20000033
1253	1259	2	0.20000069
1259	1253	2	0.20000163
1253	1259	3	0.20000069
1259	1253	3	0.20000164
1253	1259	4	0.1999998
1259	1253	4	0.20000102
1254	1258	0	0.20000102
1258	1254	0	0.20000009
1254	1258	1	0.20000102
1258	1254	1	0.20000009
1254	1258	2	0.20000038
1258	1254	2	0.19999939
1254	1258	3	0.20000038
1258	1254	3	0.19999939
1254	1258	4	0.20000136
1258	1254	4	0.20000066
1254	1259	0	0.19999965
1259	1254	0	0.20000082
1254	1259	1	0.19999963
1259	1254	1	0.20000082
1254	1259	2	0.19999976
1259	1254	2	0.20000097
1254	1259	3	0.19999978
1259	1254	3	0.20000096
1254	1259	4	0.20000052
1259	1254	4	0.20000143
1255	1260	0	0.20000021
1260	1255	0	0.2000008
1255	1260	1	0.20000021
1260	1255	1	0.2000008
1255	1260	2	0.19999942
1260	1255	2	0.20000033
1255	1260	3	0.19999944
1260	1255	3	0.20000032
1255	1260	4	0.20000072
1260	1255	4	0.20000137
1255	1261	0	0.1999977
1261	1255	0	0.20000088
1255	1261	1	0.19999765
1261	1255	1	0.20000088
1255	1261	2	0.20000046
1261	1255	2	0.20000286
1255	1261	3	0.20000046
1261	1255	3	0.20000285
1255	1261	4	0.19999892
1261	1255	4	0.20000161
1256	1260	0	0.2000002
1260	1256	0	0.2000011
1256	1260	1	0.2000002
1260	1256	1	0.2000011
1256	1260	2	0.19999896
1260	1256	2	0.19999997
1256	1260	3	0.19999894
1260	1256	3	0.19999997
1256	1260	4	0.20000042
1260	1256	4	0.20000145
1256	1261	0	0.19999973
1261	1256	0	0.20000115
1256	1261	1	0.19999972
1261	1256	1	0.20000115
1256	1261	2	0.19999945
1261	1256	2	0.20000091
1256	1261	3	0.19999945
1261	1256	3	0.20000091
1256	1261	4	0.20000061
1261	1256	4	0.20000185
1257	1260	0	0.20000052
1260	1257	0	0.20000042
1257	1260	1	0.20000052
1260	1257	1	0.20000042
1257	1260	2	0.19999965
1260	1257	2	0.19999948
1257	1260	3	0.19999968
1260	1257	3	0.1999995
1257	1260	4	0.20000073
1260	1257	4	0.20000051
1257	1261	0	0.2000004
1261	1257	0	0.20000051
1257	1261	1	0.2000004
1261	1257	1	0.20000051
1257	1261	2	0.19999948
1261	1257	2	0.19999968
1257	1261	3	0.19999948
1261	1257	3	0.19999966
1257	1261	4	0.2000005
1261	1257	4	0.20000069
1258	1262	0	0.19999948
1262	1258	0	0.20000055
1258	1262	1	0.19999948
1262	1258	1	0.20000055
1258	1262	2	0.19999947
1262	1258	2	0.20000044
1258	1262	3	0.19999947
1262	1258	3	0.20000044
1258	1262	4	0.19999942
1262	1258	4	0.20000048
1258	1263	0	0.1999986
1263	1258	0	0.20000151
1258	1263	1	0.19999862
1263	1258	1	0.20000148
1258	1263	2	0.19999835
1263	1258	2	0.20000102
1258	1263	3	0.19999835
1263	1258	3	0.20000102
1258	1263	4	0.19999999
1263	1258	4	0.20000274
1259	1262	0	0.20000002
1262	1259	0	0.19999973
1259	1262	1	0.20000002
1262	1259	1	0.19999975
1259	1262	2	0.20000024
1262	1259	2	0.19999999
1259	1262	3	0.20000026
1262	1259	3	0.19999999
1259	1262	4	0.19999994
1262	1259	4	0.19999968
1259	1263	0	0.1999995
1263	1259	0	0.20000052
1259	1263	1	0.19999951
1263	1259	1	0.20000052
1259	1263	2	0.1999995
1263	1259	2	0.20000042
1259	1263	3	0.1999995
1263	1259	3	0.20000044
1259	1263	4	0.19999944
1263	1259	4	0.20000046
1260	1264	0	0.19999771
1264	1260	0	0.19999743
1260	1264	1	0.19999771
1264	1260	1	0.19999741
1260	1264	2	0.19999985
1264	1260	2	0.19999973
1260	1264	3	0.19999985
1264	1260	3	0.19999975
1260	1264	4	0.1999967
1264	1260	4	0.1999964
1260	1265	0	0.19999713
1265	1260	0	0.19999796
1260	1265	1	0.19999713
1265	1260	1	0.19999798
1260	1265	2	0.19999945
1265	1260	2	0.20000015
1260	1265	3	0.19999944
1265	1260	3	0.20000017
1260	1265	4	0.19999619
1265	1260	4	0.19999704
1260	1266	0	0.19999908
1266	1260	0	0.19999903
1260	1266	1	0.19999902
1266	1260	1	0.1999991
1260	1266	2	0.19999535
1266	1260	2	0.19999604
1260	1266	3	0.19999537
1266	1260	3	0.19999604
1260	1266	4	0.19999772
1266	1260	4	0.19999851
1260	1267	0	0.19894256
1267	1260	0	0.20214345
1260	1267	1	0.20426767
1267	1260	1	0.19946964
1260	1267	2	0.19891669
1267	1260	2	0.19945058
1260	1267	3	0.1989167
1267	1260	3	0.19945058
1260	1267	4	0.198941
1267	1260	4	0.1994741
1260	1268	0	0.20000647
1268	1260	0	0.2000026
1260	1268	1	0.2000064
1268	1260	1	0.20000264
1260	1268	2	0.19998293
1268	1260	2	0.1999867
1260	1268	3	0.19998293
1268	1260	3	0.1999867
1260	1268	4	0.20000853
1268	1260	4	0.20000821
1261	1264	0	0.19999892
1264	1261	0	0.19999868
1261	1264	1	0.19999887
1264	1261	1	0.19999874
1261	1264	2	0.19999704
1264	1261	2	0.19999634
1261	1264	3	0.19999705
1264	1261	3	0.19999632
1261	1264	4	0.19999816
1264	1261	4	0.19999751
1261	1265	0	0.19999768
1265	1261	0	0.19999737
1261	1265	1	0.19999766
1265	1261	1	0.19999738
1261	1265	2	0.2
1265	1261	2	0.19999987
1261	1265	3	0.19999999
1265	1261	3	0.19999987
1261	1265	4	0.19999667
1265	1261	4	0.19999637
1261	1266	0	0.19999723
1266	1261	0	0.19999811
1261	1266	1	0.19999725
1266	1261	1	0.1999981
1261	1266	2	0.19999896
1266	1261	2	0.1999997
1261	1266	3	0.19999896
1266	1261	3	0.1999997
1261	1266	4	0.19999628
1266	1261	4	0.19999717
1261	1267	0	0.19999918
1267	1261	0	0.19999917
1261	1267	1	0.1999992
1267	1261	1	0.19999917
1261	1267	2	0.1999952
1267	1261	2	0.19999564
1261	1267	3	0.1999952
1267	1261	3	0.19999564
1261	1267	4	0.19999738
1267	1261	4	0.19999862
1261	1268	0	0.25036052
1268	1261	0	0.19371632
1261	1268	1	0.18743916
1268	1261	1	0.22517683
1261	1268	2	0.18738732
1268	1261	2	0.19368297
1261	1268	3	0.18738732
1268	1261	3	0.19368295
1261	1268	4	0.18744282
1268	1261	4	0.19372825
1262	1269	0	0.19999829
1269	1262	0	0.19999912
1262	1269	1	0.19999827
1269	1262	1	0.19999912
1262	1269	2	0.2000011
1269	1262	2	0.20000109
1262	1269	3	0.2000011
1269	1262	3	0.20000109
1262	1269	4	0.19999762
1269	1262	4	0.19999824
1262	1270	0	0.19999644
1270	1262	0	0.19999994
1262	1270	1	0.19999635
1270	1262	1	0.19999996
1262	1270	2	0.20000099
1270	1262	2	0.20000242
1262	1270	3	0.20000099
1270	1262	3	0.20000242
1262	1270	4	0.19999494
1270	1262	4	0.19999829
1262	1271	0	0.19929835
1271	1262	0	0.20140544
1262	1271	1	0.20279062
1271	1262	1	0.19965029
1262	1271	2	0.19929463
1271	1262	2	0.19964662
1262	1271	3	0.19929463
1271	1262	3	0.19964662
1262	1271	4	0.19928905
1271	1262	4	0.19964336
1263	1269	0	0.19999889
1269	1263	0	0.19999942
1263	1269	1	0.19999894
1269	1263	1	0.19999938
1263	1269	2	0.20000158
1269	1263	2	0.20000152
1263	1269	3	0.20000158
1269	1263	3	0.20000152
1263	1269	4	0.1999989
1269	1263	4	0.19999911
1263	1270	0	0.1999977
1270	1263	0	0.19999962
1263	1270	1	0.19999772
1270	1263	1	0.19999963
1263	1270	2	0.20000102
1270	1263	2	0.20000152
1263	1270	3	0.20000103
1270	1263	3	0.2000015
1263	1270	4	0.19999719
1270	1263	4	0.1999987
1263	1271	0	0.19999574
1271	1263	0	0.20000017
1263	1271	1	0.19999571
1271	1263	1	0.20000018
1263	1271	2	0.20000091
1271	1263	2	0.20000325
1263	1271	3	0.20000091
1271	1263	3	0.20000325
1263	1271	4	0.19999434
1271	1263	4	0.19999832
1264	1272	0	0.2000103
1272	1264	0	0.20000458
1264	1272	1	0.20001039
1272	1264	1	0.20000452
1264	1272	2	0.19998232
1272	1264	2	0.19998385
1264	1272	3	0.19998232
1272	1264	3	0.19998385
1264	1272	4	0.20001216
1272	1264	4	0.20001061
1264	1273	0	0.20001464
1273	1264	0	0.20000657
1264	1273	1	0.20001505
1273	1264	1	0.20000623
1264	1273	2	0.1999868
1273	1264	2	0.19998732
1264	1273	3	0.19998682
1273	1264	3	0.19998732
1264	1273	4	0.20002127
1273	1264	4	0.20001681
1265	1272	0	0.19745627
1272	1265	0	0.20516971
1265	1272	1	0.21032347
1272	1265	1	0.19873261
1265	1272	2	0.19739063
1272	1265	2	0.198679
1265	1272	3	0.19739063
1272	1265	3	0.198679
1265	1272	4	0.19745342
1272	1265	4	0.1987389
1265	1273	0	0.20000994
1273	1265	0	0.20000502
1265	1273	1	0.20001067
1273	1265	1	0.20000449
1265	1273	2	0.19998226
1273	1265	2	0.19998385
1265	1273	3	0.19998224
1273	1265	3	0.19998385
1265	1273	4	0.20001242
1273	1265	4	0.20001104
1266	1272	0	0.2000013
1272	1266	0	0.2000005
1266	1272	1	0.20000125
1272	1266	1	0.20000057
1266	1272	2	0.19999038
1272	1266	2	0.19999099
1266	1272	3	0.19999038
1272	1266	3	0.19999099
1266	1272	4	0.19999968
1272	1266	4	0.2000004
1266	1273	0	0.20000555
1273	1266	0	0.20000185
1266	1273	1	0.20000519
1273	1266	1	0.20000213
1266	1273	2	0.19998448
1273	1266	2	0.19998558
1266	1273	3	0.19998446
1273	1266	3	0.1999856
1266	1273	4	0.20000368
1273	1266	4	0.20000392
1267	1272	0	0.20000024
1272	1267	0	0.20000036
1267	1272	1	0.20000008
1272	1267	1	0.20000057
1267	1272	2	0.19999164
1272	1267	2	0.1999918
1267	1272	3	0.19999164
1272	1267	3	0.1999918
1267	1272	4	0.19999915
1272	1267	4	0.19999942
1267	1273	0	0.20000203
1273	1267	0	0.20000094
1267	1273	1	0.20000169
1273	1267	1	0.20000127
1267	1273	2	0.19998845
1273	1267	2	0.1999892
1267	1273	3	0.19998845
1273	1267	3	0.19998923
1267	1273	4	0.20000051
1273	1267	4	0.20000117
1268	1272	0	0.19601019
1272	1268	0	0.20803832
1268	1272	1	0.2160582
1272	1268	1	0.19801588
1268	1272	2	0.19596095
1272	1268	2	0.19796439
1268	1272	3	0.19596097
1272	1268	3	0.19796437
1268	1272	4	0.19601531
1272	1268	4	0.19801363
1268	1273	0	0.20000051
1273	1268	0	0.20000076
1268	1273	1	0.20000045
1273	1268	1	0.20000081
1268	1273	2	0.19999076
1273	1268	2	0.19999093
1268	1273	3	0.19999076
1273	1268	3	0.19999093
1268	1273	4	0.19999948
1273	1268	4	0.19999976
1269	1274	0	0.20001101
1274	1269	0	0.20001191
1269	1274	1	0.2000108
1274	1269	1	0.20001212
1269	1274	2	0.1999763
1274	1269	2	0.19997685
1269	1274	3	0.1999763
1274	1269	3	0.19997685
1269	1274	4	0.20001338
1274	1269	4	0.20001449
1269	1275	0	0.1926973
1275	1269	0	0.21473192
1269	1275	1	0.22947356
1275	1269	1	0.19636989
1269	1275	2	0.19259691
1275	1269	2	0.19627716
1269	1275	3	0.19259691
1275	1269	3	0.19627714
1269	1275	4	0.1926946
1275	1269	4	0.19637276
1269	1276	0	0.18910787
1276	1269	0	0.2219358
1269	1276	1	0.24387509
1276	1269	1	0.19456735
1269	1276	2	0.18900329
1276	1269	2	0.19448131
1269	1276	3	0.18900329
1276	1269	3	0.19448131
1269	1276	4	0.18910033
1276	1269	4	0.19457226
1269	1277	0	0.20002052
1277	1269	0	0.20001261
1269	1277	1	0.20002049
1277	1269	1	0.20001264
1269	1277	2	0.19998887
1277	1269	2	0.19998872
1269	1277	3	0.19998887
1277	1269	3	0.19998872
1269	1277	4	0.20002973
1277	1269	4	0.2000242
1269	1278	0	0.20002128
1278	1269	0	0.20001167
1269	1278	1	0.20002045
1278	1269	1	0.20001233
1269	1278	2	0.19999573
1278	1269	2	0.19999352
1269	1278	3	0.19999573
1278	1269	3	0.19999352
1269	1278	4	0.20004022
1278	1269	4	0.20002948
1270	1274	0	0.20001325
1274	1270	0	0.20001554
1270	1274	1	0.2000122
1274	1270	1	0.2000167
1270	1274	2	0.19997868
1274	1270	2	0.19997822
1270	1274	3	0.19997871
1274	1270	3	0.1999782
1270	1274	4	0.2000185
1274	1270	4	0.20001948
1270	1275	0	0.20001356
1275	1270	0	0.20001392
1270	1275	1	0.20001288
1275	1270	1	0.20001458
1270	1275	2	0.1999762
1275	1270	2	0.19997692
1270	1275	3	0.19997622
1275	1270	3	0.19997692
1270	1275	4	0.20001686
1275	1270	4	0.20001787
1270	1276	0	0.20001827
1276	1270	0	0.20001404
1270	1276	1	0.20001844
1276	1270	1	0.20001389
1270	1276	2	0.19997875
1276	1270	2	0.19997907
1270	1276	3	0.19997875
1276	1270	3	0.19997907
1270	1276	4	0.20002241
1276	1270	4	0.20002034
1270	1277	0	0.20002013
1277	1270	0	0.20001361
1270	1277	1	0.20002021
1277	1270	1	0.20001352
1270	1277	2	0.19998443
1277	1270	2	0.1999843
1270	1277	3	0.19998442
1277	1270	3	0.1999843
1270	1277	4	0.20002584
1277	1270	4	0.20002256
1270	1278	0	0.20002311
1278	1270	0	0.20001312
1270	1278	1	0.20002241
1278	1270	1	0.20001364
1270	1278	2	0.19998914
1278	1270	2	0.19998866
1270	1278	3	0.19998913
1278	1270	3	0.19998868
1270	1278	4	0.20003283
1278	1270	4	0.20002536
1271	1274	0	0.200013
1274	1271	0	0.20001934
1271	1274	1	0.20001344
1274	1271	1	0.20001878
1271	1274	2	0.19998436
1274	1271	2	0.19998434
1271	1274	3	0.19998436
1274	1271	3	0.19998436
1271	1274	4	0.20002225
1274	1271	4	0.20002474
1271	1275	0	0.20001309
1275	1271	0	0.20001756
1271	1275	1	0.20001385
1275	1271	1	0.20001672
1271	1275	2	0.19997883
1275	1271	2	0.1999784
1271	1275	3	0.19997883
1275	1271	3	0.1999784
1271	1275	4	0.2000189
1275	1271	4	0.20002016
1271	1276	0	0.20001273
1276	1271	0	0.20001414
1271	1276	1	0.20001332
1276	1271	1	0.20001355
1271	1276	2	0.19997607
1276	1271	2	0.1999767
1271	1276	3	0.19997609
1276	1271	3	0.1999767
1271	1276	4	0.20001689
1276	1271	4	0.20001769
1271	1277	0	0.20001687
1277	1271	0	0.20001225
1271	1277	1	0.20001574
1277	1271	1	0.2000133
1271	1277	2	0.19997835
1277	1271	2	0.19997878
1271	1277	3	0.19997835
1277	1271	3	0.19997878
1271	1277	4	0.20001993
1277	1271	4	0.20001876
1271	1278	0	0.2136714
1278	1271	0	0.19834274
1271	1278	1	0.1966394
1278	1271	1	0.20683905
1271	1278	2	0.19655506
1278	1271	2	0.19825982
1271	1278	3	0.19655506
1278	1271	3	0.19825982
1271	1278	4	0.19663379
1278	1271	4	0.1983469
1272	1280	0	0.19999678
1280	1272	0	0.19999987
1272	1280	1	0.19999683
1280	1272	1	0.19999985
1272	1280	2	0.20000094
1280	1272	2	0.20000187
1272	1280	3	0.20000094
1280	1272	3	0.20000187
1272	1280	4	0.19999544
1280	1272	4	0.19999835
1272	1281	0	0.19999602
1281	1272	0	0.20000103
1272	1281	1	0.19999616
1281	1272	1	0.20000097
1272	1281	2	0.19999984
1281	1272	2	0.20000231
1272	1281	3	0.19999982
1281	1272	3	0.20000231
1272	1281	4	0.19999436
1281	1272	4	0.19999816
1272	1279	0	0.19999664
1279	1272	0	0.19999978
1272	1279	1	0.19999665
1279	1272	1	0.19999975
1272	1279	2	0.20000114
1279	1272	2	0.20000273
1272	1279	3	0.20000114
1279	1272	3	0.20000273
1272	1279	4	0.19999611
1279	1272	4	0.19999908
1273	1280	0	0.19999768
1280	1273	0	0.19999962
1273	1280	1	0.19999766
1280	1273	1	0.19999962
1273	1280	2	0.200001
1280	1273	2	0.20000151
1273	1280	3	0.20000102
1280	1273	3	0.20000151
1273	1280	4	0.19999711
1280	1273	4	0.19999865
1273	1281	0	0.19999607
1281	1273	0	0.20000002
1273	1281	1	0.19999608
1281	1273	1	0.20000005
1273	1281	2	0.20000097
1281	1273	2	0.20000277
1273	1281	3	0.20000097
1281	1273	3	0.20000277
1273	1281	4	0.1999946
1281	1273	4	0.19999823
1273	1279	0	0.19999869
1279	1273	0	0.19999951
1273	1279	1	0.19999869
1279	1273	1	0.1999995
1273	1279	2	0.20000151
1279	1273	2	0.20000161
1273	1279	3	0.20000152
1279	1273	3	0.2000016
1273	1279	4	0.19999869
1279	1273	4	0.19999917
1282	1290	0	0.2000136
1290	1282	0	0.20000513
1282	1290	1	0.20001274
1290	1282	1	0.20000581
1282	1290	2	0.19998063
1290	1282	2	0.1999817
1282	1290	3	0.19998065
1290	1282	3	0.1999817
1282	1290	4	0.20001504
1290	1282	4	0.2000119
1282	1291	0	0.20001738
1291	1282	0	0.20001021
1282	1291	1	0.20001821
1291	1282	1	0.20000954
1282	1291	2	0.19998875
1291	1282	2	0.19998851
1282	1291	3	0.19998875
1291	1282	3	0.19998851
1282	1291	4	0.20002812
1291	1282	4	0.2000227
1282	1292	0	0.20001777
1292	1282	0	0.2000098
1282	1292	1	0.20001827
1292	1282	1	0.20000944
1282	1292	2	0.19999164
1292	1282	2	0.19999063
1282	1292	3	0.19999164
1292	1282	3	0.19999065
1282	1292	4	0.20003565
1292	1282	4	0.20002696
1283	1290	0	0.1973456
1290	1283	0	0.20536639
1283	1290	1	0.21069796
1290	1283	1	0.19867183
1283	1290	2	0.1973048
1290	1283	2	0.19863942
1283	1290	3	0.19730479
1290	1283	3	0.19863942
1283	1290	4	0.19734973
1290	1283	4	0.19867969
1283	1291	0	0.20001331
1291	1283	0	0.20000601
1283	1291	1	0.2000134
1291	1283	1	0.20000593
1283	1291	2	0.19998106
1291	1283	2	0.19998199
1283	1291	3	0.19998106
1291	1283	3	0.19998199
1283	1291	4	0.20001586
1291	1283	4	0.20001285
1283	1292	0	0.2000172
1292	1283	0	0.2000069
1283	1292	1	0.20001689
1292	1283	1	0.20000711
1283	1292	2	0.19998673
1292	1283	2	0.19998613
1283	1292	3	0.19998674
1292	1283	3	0.19998613
1283	1292	4	0.20002376
1292	1283	4	0.20001726
1284	1290	0	0.20000586
1290	1284	0	0.20000653
1284	1290	1	0.20000684
1290	1284	1	0.20000558
1284	1290	2	0.19997957
1290	1284	2	0.19998007
1284	1290	3	0.19997957
1290	1284	3	0.19998008
1284	1290	4	0.20000735
1290	1284	4	0.2000077
1284	1291	0	0.20001093
1291	1284	0	0.2000067
1284	1291	1	0.2000105
1291	1284	1	0.20000707
1284	1291	2	0.19997871
1291	1284	2	0.19997954
1284	1291	3	0.19997871
1291	1284	3	0.19997956
1284	1291	4	0.20001227
1291	1284	4	0.20001175
1284	1292	0	0.20001379
1292	1284	0	0.20000708
1284	1292	1	0.20001449
1292	1284	1	0.20000651
1284	1292	2	0.19998163
1292	1284	2	0.19998233
1284	1292	3	0.19998163
1292	1284	3	0.19998233
1284	1292	4	0.20001747
1292	1284	4	0.20001431
1285	1290	0	0.18415862
1290	1285	0	0.23177151
1285	1290	1	0.26349127
1290	1285	1	0.19208765
1285	1290	2	0.18409622
1290	1285	2	0.19202803
1285	1290	3	0.18409622
1290	1285	3	0.19202805
1285	1290	4	0.18416919
1290	1285	4	0.19209406
1285	1291	0	0.19437385
1291	1285	0	0.21130978
1285	1291	1	0.2225972
1291	1285	1	0.19719633
1285	1291	2	0.19432841
1291	1285	2	0.19715035
1285	1291	3	0.19432841
1291	1285	3	0.19715035
1285	1291	4	0.1943766
1291	1285	4	0.19720064
1285	1292	0	0.20001054
1292	1285	0	0.20000671
1285	1292	1	0.20001084
1292	1285	1	0.20000644
1285	1292	2	0.19997865
1292	1285	2	0.1999795
1285	1292	3	0.19997863
1292	1285	3	0.1999795
1285	1292	4	0.20001207
1292	1285	4	0.20001133
1286	1293	0	0.1999974
1293	1286	0	0.19999999
1286	1293	1	0.19999738
1293	1286	1	0.19999999
1286	1293	2	0.2000012
1293	1286	2	0.20000233
1286	1293	3	0.2000012
1293	1286	3	0.20000233
1286	1293	4	0.19999805
1293	1286	4	0.20000045
1287	1293	0	0.19999896
1293	1287	0	0.20000029
1287	1293	1	0.19999894
1293	1287	1	0.20000027
1287	1293	2	0.20000072
1293	1287	2	0.20000151
1287	1293	3	0.20000072
1293	1287	3	0.20000151
1287	1293	4	0.19999996
1293	1287	4	0.2000009
1288	1293	0	0.19999976
1293	1288	0	0.2000008
1288	1293	1	0.19999978
1293	1288	1	0.20000078
1288	1293	2	0.19999975
1293	1288	2	0.20000084
1288	1293	3	0.19999975
1293	1288	3	0.20000084
1288	1293	4	0.20000057
1293	1288	4	0.20000134
1289	1293	0	0.20000033
1293	1289	0	0.20000084
1289	1293	1	0.20000033
1293	1289	1	0.20000084
1289	1293	2	0.19999939
1293	1289	2	0.2
1289	1293	3	0.19999939
1293	1289	3	0.2
1289	1293	4	0.20000073
1293	1289	4	0.20000115
1294	1301	0	0.1999745
1301	1294	0	0.19997837
1294	1301	1	0.19997743
1301	1294	1	0.19997557
1294	1301	2	0.20004812
1301	1294	2	0.20004497
1294	1301	3	0.2000481
1301	1294	3	0.20004497
1294	1301	4	0.20005172
1301	1294	4	0.20004798
1294	1302	0	0.19993539
1302	1294	0	0.19996062
1294	1302	1	0.19994967
1302	1294	1	0.19994818
1294	1302	2	0.2000885
1302	1294	2	0.2000758
1294	1302	3	0.2000885
1302	1294	3	0.20007579
1294	1302	4	0.20003968
1302	1294	4	0.20003085
1294	1303	0	0.19993842
1303	1294	0	0.19994633
1294	1303	1	0.1999255
1303	1294	1	0.19995664
1294	1303	2	0.2000949
1303	1294	2	0.20007436
1294	1303	3	0.2000949
1303	1294	3	0.20007436
1294	1303	4	0.20004366
1303	1294	4	0.20002934
1294	1304	0	0.19988354
1304	1294	0	0.19993019
1294	1304	1	0.19988525
1304	1294	1	0.19992891
1294	1304	2	0.20014443
1304	1294	2	0.20011142
1294	1304	3	0.20014443
1304	1294	3	0.20011142
1294	1304	4	0.2000393
1304	1294	4	0.20002478
1294	1305	0	0.19984831
1305	1294	0	0.1999201
1294	1305	1	0.19984913
1305	1294	1	0.19991952
1294	1305	2	0.2001763
1305	1294	2	0.20013563
1294	1305	3	0.2001763
1305	1294	3	0.20013565
1294	1305	4	0.20002803
1305	1294	4	0.20001534
1294	1306	0	0.1998235
1306	1294	0	0.19991754
1294	1306	1	0.1998236
1306	1294	1	0.19991754
1294	1306	2	0.20018594
1306	1294	2	0.20014042
1294	1306	3	0.20018594
1306	1294	3	0.20014042
1294	1306	4	0.20002747
1306	1294	4	0.20001358
1295	1301	0	0.19996074
1301	1295	0	0.19996725
1295	1301	1	0.19996956
1301	1295	1	0.199958
1295	1301	2	0.20005763
1301	1295	2	0.20006141
1295	1301	3	0.20005763
1301	1295	3	0.20006141
1295	1301	4	0.20004696
1301	1295	4	0.2000505
1295	1302	0	0.19995555
1302	1295	0	0.19997233
1295	1302	1	0.19997011
1302	1295	1	0.1999584
1295	1302	2	0.20006347
1302	1295	2	0.20005974
1295	1302	3	0.20006348
1302	1295	3	0.20005973
1295	1302	4	0.20004591
1302	1295	4	0.20004246
1295	1303	0	0.19995472
1303	1295	0	0.19997102
1295	1303	1	0.19996455
1303	1295	1	0.19996248
1295	1303	2	0.2000666
1303	1295	2	0.20005569
1295	1303	3	0.2000666
1303	1295	3	0.20005569
1295	1303	4	0.20004568
1303	1295	4	0.20003578
1295	1304	0	0.19991513
1304	1295	0	0.1999488
1295	1304	1	0.19992495
1304	1295	1	0.19994093
1295	1304	2	0.20011227
1304	1295	2	0.20008972
1295	1304	3	0.20011227
1304	1295	3	0.20008974
1295	1304	4	0.2000377
1304	1295	4	0.20002493
1295	1305	0	0.19988598
1305	1295	0	0.19994041
1295	1305	1	0.19989958
1305	1295	1	0.1999304
1295	1305	2	0.20014068
1305	1295	2	0.2001084
1295	1305	3	0.20014067
1305	1295	3	0.20010841
1295	1305	4	0.20003138
1305	1295	4	0.20001787
1295	1306	0	0.19986622
1306	1295	0	0.19992854
1295	1306	1	0.1998663
1306	1295	1	0.19992857
1295	1306	2	0.20016155
1306	1295	2	0.20012245
1295	1306	3	0.20016155
1306	1295	3	0.20012243
1295	1306	4	0.20002787
1306	1295	4	0.20001554
1296	1301	0	0.19996366
1301	1296	0	0.1999634
1296	1301	1	0.19997016
1301	1296	1	0.19995597
1296	1301	2	0.20005567
1301	1296	2	0.2000666
1296	1301	3	0.20005569
1301	1296	3	0.2000666
1296	1301	4	0.20003559
1301	1296	4	0.20004539
1296	1302	0	0.19997221
1302	1296	0	0.19995742
1296	1302	1	0.19996046
1302	1296	1	0.19996965
1296	1302	2	0.20005912
1302	1296	2	0.200063
1296	1302	3	0.20005913
1302	1296	3	0.200063
1296	1302	4	0.20004098
1302	1296	4	0.20004427
1296	1303	0	0.19996344
1303	1296	0	0.19996883
1296	1303	1	0.19996645
1303	1296	1	0.19996594
1296	1303	2	0.20006233
1303	1296	2	0.20005861
1296	1303	3	0.20006236
1303	1296	3	0.2000586
1296	1303	4	0.2000432
1303	1296	4	0.20003979
1296	1304	0	0.19994651
1304	1296	0	0.19996578
1296	1304	1	0.19995694
1304	1296	1	0.19995669
1296	1304	2	0.20007831
1304	1296	2	0.20006657
1296	1304	3	0.20007831
1304	1296	3	0.20006658
1296	1304	4	0.20004064
1304	1296	4	0.20003141
1296	1305	0	0.19993737
1305	1296	0	0.19995211
1296	1305	1	0.19993316
1305	1296	1	0.19995548
1296	1305	2	0.20009227
1305	1296	2	0.20007214
1296	1305	3	0.20009226
1305	1296	3	0.20007214
1296	1305	4	0.20004325
1305	1296	4	0.20002884
1296	1306	0	0.19991401
1306	1296	0	0.19993272
1296	1306	1	0.19989459
1306	1296	1	0.19994709
1296	1306	2	0.20012282
1306	1296	2	0.2000931
1296	1306	3	0.20012282
1306	1296	3	0.20009309
1296	1306	4	0.20004003
1306	1296	4	0.20002405
1297	1301	0	0.19995868
1301	1297	0	0.19994241
1297	1301	1	0.19995883
1301	1297	1	0.19994222
1297	1301	2	0.20006691
1301	1297	2	0.20008606
1297	1301	3	0.20006691
1301	1297	3	0.20008606
1297	1301	4	0.2000279
1301	1297	4	0.2000423
1297	1302	0	0.1999604
1302	1297	0	0.19994868
1297	1302	1	0.19995815
1302	1297	1	0.1999513
1297	1302	2	0.20006394
1302	1297	2	0.20007579
1297	1302	3	0.20006393
1302	1297	3	0.20007579
1297	1302	4	0.20003706
1302	1297	4	0.2000469
1297	1303	0	0.19996637
1303	1297	0	0.19996542
1297	1303	1	0.19996741
1303	1297	1	0.19996433
1297	1303	2	0.20005627
1303	1297	2	0.20005979
1297	1303	3	0.20005627
1303	1297	3	0.20005977
1297	1303	4	0.20004626
1303	1297	4	0.2000499
1297	1304	0	0.19996972
1304	1297	0	0.19997154
1297	1304	1	0.1999695
1304	1297	1	0.19997177
1297	1304	2	0.200059
1304	1297	2	0.2000555
1297	1304	3	0.200059
1304	1297	3	0.20005548
1297	1304	4	0.20004012
1304	1297	4	0.20003681
1297	1305	0	0.19994038
1305	1297	0	0.19996662
1297	1305	1	0.19995826
1305	1297	1	0.199951
1297	1305	2	0.20007703
1305	1297	2	0.20006508
1297	1305	3	0.20007703
1305	1297	3	0.20006508
1297	1305	4	0.20004804
1305	1297	4	0.2000381
1297	1306	0	0.19993977
1306	1297	0	0.19994944
1297	1306	1	0.19993114
1306	1297	1	0.1999563
1297	1306	2	0.20008808
1306	1297	2	0.20006807
1297	1306	3	0.20008808
1306	1297	3	0.20006809
1297	1306	4	0.20005141
1306	1297	4	0.20003559
1307	1311	0	0.1999987
1311	1307	0	0.20000121
1307	1311	1	0.19999872
1311	1307	1	0.2000012
1307	1311	2	0.19999872
1311	1307	2	0.20000105
1307	1311	3	0.19999872
1311	1307	3	0.20000105
1307	1311	4	0.19999906
1311	1307	4	0.20000157
1308	1311	0	0.19999959
1311	1308	0	0.20000014
1308	1311	1	0.19999959
1311	1308	1	0.20000014
1308	1311	2	0.19999994
1311	1308	2	0.20000042
1308	1311	3	0.19999994
1311	1308	3	0.20000042
1308	1311	4	0.19999953
1311	1308	4	0.20000005
1309	1311	0	0.2000002
1311	1309	0	0.19999948
1309	1311	1	0.2000002
1311	1309	1	0.19999948
1309	1311	2	0.20000048
1311	1309	2	0.19999985
1309	1311	3	0.2000005
1311	1309	3	0.19999985
1309	1311	4	0.20000009
1311	1309	4	0.19999942
1310	1312	0	0.19868357
1312	1310	0	0.20263207
1310	1312	1	0.20526202
1312	1310	1	0.19934294
1310	1312	2	0.19868353
1312	1310	2	0.19934289
1310	1312	3	0.19868354
1312	1310	3	0.19934288
1310	1312	4	0.19868353
1312	1310	4	0.19934286
1311	1313	0	0.19999892
1313	1311	0	0.20000105
1311	1313	1	0.19999892
1313	1311	1	0.20000105
1311	1313	2	0.19999899
1313	1311	2	0.20000108
1311	1313	3	0.19999897
1313	1311	3	0.20000108
1311	1313	4	0.19999894
1313	1311	4	0.20000105
1312	1314	0	0.1999993
1314	1312	0	0.20000067
1312	1314	1	0.1999993
1314	1312	1	0.20000066
1312	1314	2	0.19999935
1314	1312	2	0.20000069
1312	1314	3	0.19999935
1314	1312	3	0.20000069
1312	1314	4	0.19999933
1314	1312	4	0.20000066
1313	1315	0	0.20000008
1315	1313	0	0.1999999
1313	1315	1	0.20000009
1315	1313	1	0.1999999
1313	1315	2	0.20000006
1315	1313	2	0.19999988
1313	1315	3	0.20000006
1315	1313	3	0.19999988
1313	1315	4	0.20000012
1315	1313	4	0.19999993
1313	1316	0	0.1980153
1316	1313	0	0.2039685
1313	1316	1	0.20793433
1316	1313	1	0.19900869
1313	1316	2	0.19801575
1316	1313	2	0.19900896
1313	1316	3	0.19801573
1316	1313	3	0.19900897
1313	1316	4	0.19801506
1316	1313	4	0.1990084
1314	1317	0	0.20000003
1317	1314	0	0.19999973
1314	1317	1	0.20000002
1317	1314	1	0.19999973
1314	1317	2	0.20000024
1317	1314	2	0.19999997
1314	1317	3	0.20000026
1317	1314	3	0.19999997
1314	1317	4	0.19999994
1317	1314	4	0.19999966
1314	1318	0	0.19999932
1318	1314	0	0.20000082
1314	1318	1	0.1999993
1318	1314	1	0.20000082
1314	1318	2	0.19999911
1318	1314	2	0.2000005
1314	1318	3	0.19999911
1318	1314	3	0.2000005
1314	1318	4	0.19999944
1318	1314	4	0.20000099
1314	1319	0	0.19999842
1319	1314	0	0.20000166
1314	1319	1	0.19999844
1319	1314	1	0.20000164
1314	1319	2	0.1999982
1319	1314	2	0.20000118
1314	1319	3	0.1999982
1319	1314	3	0.20000118
1314	1319	4	0.19999996
1319	1314	4	0.20000303
1315	1320	0	0.19380583
1320	1315	0	0.21238708
1315	1320	1	0.22476815
1320	1315	1	0.19690251
1315	1320	2	0.19380882
1320	1315	2	0.19690482
1315	1320	3	0.19380882
1320	1315	3	0.19690482
1315	1320	4	0.19380602
1320	1315	4	0.19690247
1315	1321	0	0.18773223
1321	1315	0	0.22453578
1315	1321	1	0.24906433
1321	1315	1	0.1938674
1315	1321	2	0.18773507
1321	1315	2	0.19386889
1315	1321	3	0.18773505
1321	1315	3	0.19386889
1315	1321	4	0.18772665
1321	1315	4	0.19386235
1316	1320	0	0.19999975
1320	1316	0	0.20000044
1316	1320	1	0.19999975
1320	1316	1	0.20000044
1316	1320	2	0.19999954
1320	1316	2	0.20000012
1316	1320	3	0.19999954
1320	1316	3	0.20000012
1316	1320	4	0.19999962
1320	1316	4	0.20000024
1316	1321	0	0.19999929
1321	1316	0	0.20000099
1316	1321	1	0.19999948
1321	1316	1	0.20000082
1316	1321	2	0.19999889
1321	1316	2	0.20000027
1316	1321	3	0.19999889
1321	1316	3	0.20000029
1316	1321	4	0.20000005
1321	1316	4	0.20000166
1317	1322	0	0.19999714
1322	1317	0	0.19999792
1317	1322	1	0.1999972
1322	1317	1	0.1999979
1317	1322	2	0.19999962
1322	1317	2	0.20000027
1317	1322	3	0.19999962
1322	1317	3	0.20000027
1317	1322	4	0.19999623
1322	1317	4	0.19999696
1317	1323	0	0.19999842
1323	1317	0	0.19999872
1317	1323	1	0.19999842
1323	1317	1	0.19999872
1317	1323	2	0.19999722
1323	1317	2	0.19999784
1317	1323	3	0.19999722
1323	1317	3	0.19999784
1317	1323	4	0.19999729
1323	1317	4	0.19999795
1317	1324	0	0.17901391
1324	1317	0	0.2420112
1317	1324	1	0.2840243
1324	1317	1	0.1895087
1317	1324	2	0.17897178
1324	1317	2	0.18947549
1317	1324	3	0.17897178
1324	1317	3	0.18947548
1317	1324	4	0.17901711
1324	1317	4	0.18951857
1317	1325	0	0.17919403
1325	1317	0	0.24167196
1317	1325	1	0.28333876
1325	1317	1	0.18959792
1317	1325	2	0.1791389
1325	1317	2	0.18955866
1317	1325	3	0.1791389
1325	1317	3	0.18955866
1317	1325	4	0.17920372
1325	1317	4	0.18961611
1318	1322	0	0.19999743
1322	1318	0	0.19999708
1318	1322	1	0.19999741
1322	1318	1	0.1999971
1318	1322	2	0.20000108
1322	1318	2	0.20000094
1318	1322	3	0.20000108
1322	1318	3	0.20000093
1318	1322	4	0.19999641
1322	1318	4	0.19999614
1318	1323	0	0.27541903
1323	1318	0	0.19057897
1318	1323	1	0.18115503
1323	1318	1	0.23771235
1318	1323	2	0.1811241
1323	1318	2	0.190552
1318	1323	3	0.1811241
1323	1318	3	0.190552
1318	1323	4	0.18115655
1323	1318	4	0.19058365
1318	1324	0	0.19999894
1324	1318	0	0.19999906
1318	1324	1	0.199999
1324	1318	1	0.19999903
1318	1324	2	0.19999547
1324	1318	2	0.1999962
1318	1324	3	0.19999547
1324	1318	3	0.1999962
1318	1324	4	0.19999775
1324	1318	4	0.19999842
1318	1325	0	0.20000234
1325	1318	0	0.20000026
1318	1325	1	0.20000228
1325	1318	1	0.20000033
1318	1325	2	0.19998989
1325	1318	2	0.19999152
1318	1325	3	0.19998987
1325	1318	3	0.19999154
1318	1325	4	0.20000038
1325	1318	4	0.2000012
1319	1322	0	0.19999902
1322	1319	0	0.199999
1319	1322	1	0.19999905
1322	1319	1	0.19999896
1319	1322	2	0.19999628
1322	1319	2	0.1999957
1319	1322	3	0.19999628
1322	1319	3	0.1999957
1319	1322	4	0.19999844
1322	1319	4	0.1999975
1319	1323	0	0.19999841
1323	1319	0	0.19999704
1319	1323	1	0.19999841
1323	1319	1	0.19999702
1319	1323	2	0.1999997
1323	1319	2	0.19999863
1319	1323	3	0.1999997
1323	1319	3	0.19999863
1319	1323	4	0.19999748
1323	1319	4	0.19999619
1319	1324	0	0.19663809
1324	1319	0	0.20673399
1319	1324	1	0.21346338
1324	1319	1	0.1983208
1319	1324	2	0.19662121
1324	1319	2	0.19830434
1319	1324	3	0.19662121
1324	1319	3	0.19830433
1319	1324	4	0.19663669
1324	1319	4	0.19832042
1319	1325	0	0.19721408
1325	1319	0	0.20558642
1319	1325	1	0.21117155
1325	1319	1	0.19860841
1319	1325	2	0.1971953
1325	1319	2	0.19859193
1319	1325	3	0.19719532
1325	1319	3	0.19859193
1319	1325	4	0.197213
1325	1319	4	0.1986102
1326	1330	0	0.19999918
1330	1326	0	0.20000099
1326	1330	1	0.19999915
1330	1326	1	0.20000099
1326	1330	2	0.19999889
1330	1326	2	0.20000055
1326	1330	3	0.19999889
1330	1326	3	0.20000055
1326	1330	4	0.19999945
1330	1326	4	0.20000131
1326	1331	0	0.19999869
1331	1326	0	0.20000142
1326	1331	1	0.1999987
1331	1326	1	0.20000139
1326	1331	2	0.19999842
1331	1326	2	0.20000094
1326	1331	3	0.19999842
1331	1326	3	0.20000094
1326	1331	4	0.19999994
1331	1326	4	0.20000261
1327	1330	0	0.19999968
1330	1327	0	0.20000006
1327	1330	1	0.19999968
1330	1327	1	0.20000006
1327	1330	2	0.1999999
1330	1327	2	0.20000029
1327	1330	3	0.1999999
1330	1327	3	0.20000029
1327	1330	4	0.19999959
1330	1327	4	0.19999994
1327	1331	0	0.19999935
1331	1327	0	0.2000007
1327	1331	1	0.19999936
1331	1327	1	0.20000069
1327	1331	2	0.19999926
1331	1327	2	0.20000051
1327	1331	3	0.19999927
1331	1327	3	0.2000005
1327	1331	4	0.1999994
1331	1327	4	0.20000078
1328	1332	0	0.19999908
1332	1328	0	0.20000093
1328	1332	1	0.19999911
1332	1328	1	0.20000094
1328	1332	2	0.19999932
1332	1328	2	0.20000102
1328	1332	3	0.19999932
1332	1328	3	0.20000102
1328	1332	4	0.19999886
1332	1328	4	0.20000072
1329	1332	0	0.21404468
1332	1329	0	0.19824518
1329	1332	1	0.19648813
1332	1329	1	0.20702352
1329	1332	2	0.19648811
1332	1329	2	0.19824506
1329	1332	3	0.19648811
1332	1329	3	0.19824505
1329	1332	4	0.1964874
1332	1329	4	0.19824445
1330	1333	0	0.19999894
1333	1330	0	0.20000099
1330	1333	1	0.19999894
1333	1330	1	0.200001
1330	1333	2	0.19999915
1333	1330	2	0.20000109
1330	1333	3	0.19999915
1333	1330	3	0.20000108
1330	1333	4	0.19999892
1333	1330	4	0.20000097
1331	1333	0	0.20000018
1333	1331	0	0.19999982
1331	1333	1	0.2000002
1333	1331	1	0.19999981
1331	1333	2	0.20000014
1333	1331	2	0.1999998
1331	1333	3	0.20000015
1333	1331	3	0.1999998
1331	1333	4	0.20000023
1333	1331	4	0.19999987
1332	1334	0	0.2000001
1334	1332	0	0.19999988
1332	1334	1	0.20000009
1334	1332	1	0.1999999
1332	1334	2	0.20000008
1334	1332	2	0.19999988
1332	1334	3	0.20000008
1334	1332	3	0.19999988
1332	1334	4	0.20000014
1334	1332	4	0.19999993
1332	1335	0	0.19999872
1335	1332	0	0.20000121
1332	1335	1	0.1999987
1335	1332	1	0.20000122
1332	1335	2	0.19999899
1335	1332	2	0.20000136
1332	1335	3	0.199999
1335	1332	3	0.20000134
1332	1335	4	0.19999868
1335	1332	4	0.20000115
1349	1365	0	0.19941363
1365	1349	0	0.19937919
1349	1365	1	0.19931662
1365	1349	1	0.1994535
1349	1365	2	0.19926961
1365	1349	2	0.19938998
1349	1365	3	0.19926961
1365	1349	3	0.19938998
1349	1365	4	0.20162262
1365	1349	4	0.20161717
1349	1366	0	0.19943252
1366	1349	0	0.19931735
1349	1366	1	0.19932346
1366	1349	1	0.19939357
1349	1366	2	0.19905104
1366	1349	2	0.19923177
1349	1366	3	0.19905104
1366	1349	3	0.1992318
1349	1366	4	0.20221217
1366	1349	4	0.20207408
1349	1367	0	0.19935915
1367	1349	0	0.19936267
1349	1367	1	0.19935301
1367	1349	1	0.19936693
1349	1367	2	0.19905882
1367	1349	2	0.19926299
1349	1367	3	0.19905882
1367	1349	3	0.19926299
1349	1367	4	0.20221707
1367	1349	4	0.20205003
1349	1368	0	0.19934095
1368	1349	0	0.19927159
1349	1368	1	0.19934222
1368	1349	1	0.19927071
1349	1368	2	0.19882838
1368	1349	2	0.19911523
1349	1368	3	0.19882838
1368	1349	3	0.19911522
1349	1368	4	0.20303178
1368	1349	4	0.20262358
1349	1369	0	0.19916537
1369	1349	0	0.19928722
1349	1369	1	0.19934176
1369	1349	1	0.1991746
1349	1369	2	0.19877629
1369	1349	2	0.19907373
1349	1369	3	0.19877629
1369	1349	3	0.19907373
1349	1369	4	0.20334467
1369	1349	4	0.20281477
1350	1365	0	0.19925863
1365	1350	0	0.19957125
1350	1365	1	0.19955039
1365	1350	1	0.19933562
1350	1365	2	0.19932589
1365	1350	2	0.19941574
1350	1365	3	0.19932589
1365	1350	3	0.19941574
1350	1365	4	0.20145638
1365	1350	4	0.20147575
1350	1366	0	0.19939812
1366	1350	0	0.19938155
1350	1366	1	0.19935998
1366	1350	1	0.19941011
1350	1366	2	0.1991126
1366	1350	2	0.19925179
1350	1366	3	0.1991126
1366	1350	3	0.19925179
1350	1366	4	0.20193036
1366	1350	4	0.2018949
1350	1367	0	0.19945906
1367	1350	0	0.19942781
1350	1367	1	0.19945379
1367	1350	1	0.19943158
1350	1367	2	0.1990776
1367	1350	2	0.1992637
1350	1367	3	0.1990776
1367	1350	3	0.19926369
1350	1367	4	0.20198375
1367	1350	4	0.20188306
1350	1368	0	0.19937839
1368	1350	0	0.19932061
1350	1368	1	0.199334
1368	1350	1	0.19935027
1350	1368	2	0.19898048
1368	1350	2	0.1992008
1350	1368	3	0.19898048
1368	1350	3	0.1992008
1350	1368	4	0.20242427
1368	1350	4	0.20221943
1350	1369	0	0.19930272
1369	1350	0	0.19934735
1350	1369	1	0.19936945
1369	1350	1	0.19930449
1350	1369	2	0.19892374
1369	1350	2	0.19917674
1350	1369	3	0.19892374
1369	1350	3	0.19917674
1350	1369	4	0.2026876
1369	1350	4	0.20238063
1351	1365	0	0.19936213
1365	1351	0	0.19942567
1351	1365	1	0.19935502
1365	1351	1	0.1994314
1351	1365	2	0.19941811
1365	1351	2	0.1994841
1351	1365	3	0.19941811
1365	1351	3	0.19948408
1351	1365	4	0.20134293
1365	1351	4	0.20138311
1351	1366	0	0.19938558
1366	1351	0	0.19940384
1351	1366	1	0.19934103
1366	1351	1	0.19944009
1351	1366	2	0.19926469
1366	1351	2	0.19936056
1351	1366	3	0.19926469
1366	1351	3	0.19936056
1351	1366	4	0.20158066
1366	1351	4	0.2016105
1351	1367	0	0.19598976
1367	1351	0	0.20770687
1351	1367	1	0.21871862
1367	1351	1	0.19827715
1351	1367	2	0.19347772
1367	1351	2	0.19647908
1351	1367	3	0.19347772
1367	1351	3	0.19647907
1351	1367	4	0.19799313
1367	1351	4	0.20040217
1351	1368	0	0.19939578
1368	1351	0	0.19940616
1351	1368	1	0.19942039
1368	1351	1	0.19938885
1351	1368	2	0.19909152
1368	1351	2	0.19926968
1351	1368	3	0.19909152
1368	1351	3	0.19926968
1351	1368	4	0.20202442
1368	1351	4	0.20192021
1351	1369	0	0.1993185
1369	1351	0	0.1993241
1351	1369	1	0.1993858
1369	1351	1	0.19927932
1351	1369	2	0.19895086
1369	1351	2	0.1991833
1351	1369	3	0.19895084
1369	1351	3	0.1991833
1351	1369	4	0.2026109
1369	1351	4	0.20234895
1352	1365	0	0.19933933
1365	1352	0	0.19940998
1352	1365	1	0.1993446
1365	1352	1	0.19940501
1352	1365	2	0.19945225
1365	1352	2	0.19949788
1352	1365	3	0.19945225
1365	1352	3	0.19949788
1352	1365	4	0.20131916
1365	1352	4	0.20136641
1352	1366	0	0.19932598
1366	1352	0	0.19943237
1352	1366	1	0.19936548
1366	1352	1	0.19939913
1352	1366	2	0.19942354
1366	1352	2	0.19948831
1352	1366	3	0.19942354
1366	1352	3	0.1994883
1352	1366	4	0.2013632
1366	1352	4	0.20139945
1352	1367	0	0.19625717
1367	1352	0	0.20654407
1352	1367	1	0.21539886
1367	1352	1	0.1983029
1352	1367	2	0.19466744
1367	1352	2	0.19707103
1352	1367	3	0.19466744
1367	1352	3	0.19707103
1352	1367	4	0.19819176
1367	1352	4	0.20028968
1352	1368	0	0.1993401
1368	1352	0	0.19941989
1352	1368	1	0.19936807
1368	1352	1	0.19939825
1352	1368	2	0.19925888
1368	1352	2	0.19937965
1352	1368	3	0.19925888
1368	1352	3	0.19937965
1352	1368	4	0.20164864
1368	1352	4	0.20164597
1352	1369	0	0.19948849
1369	1352	0	0.19936043
1352	1369	1	0.19935556
1369	1352	1	0.19945432
1352	1369	2	0.19909264
1369	1352	2	0.19927216
1352	1369	3	0.19909264
1369	1352	3	0.19927216
1352	1369	4	0.20200504
1369	1352	4	0.20190173
1353	1365	0	0.19932628
1365	1353	0	0.19945994
1353	1365	1	0.19941208
1365	1353	1	0.19937913
1353	1365	2	0.19962692
1365	1353	2	0.19965106
1353	1365	3	0.19962692
1365	1353	3	0.19965108
1353	1365	4	0.20107518
1365	1353	4	0.20111568
1353	1366	0	0.19932497
1366	1353	0	0.19951367
1353	1366	1	0.1994586
1366	1353	1	0.19939087
1353	1366	2	0.19947112
1366	1353	2	0.19951496
1353	1366	3	0.19947112
1366	1353	3	0.19951496
1353	1366	4	0.2012171
1366	1353	4	0.2012614
1353	1367	0	0.1997208
1367	1353	0	0.199279
1353	1367	1	0.199175
1367	1353	1	0.1997553
1353	1367	2	0.19946758
1367	1353	2	0.19952917
1353	1367	3	0.19946757
1367	1353	3	0.19952919
1353	1367	4	0.2011293
1367	1353	4	0.20117179
1353	1368	0	0.19934566
1368	1353	0	0.19942462
1353	1368	1	0.1993874
1368	1353	1	0.1993912
1353	1368	2	0.19921446
1368	1353	2	0.1993091
1353	1368	3	0.19921446
1368	1353	3	0.1993091
1353	1368	4	0.20171599
1368	1353	4	0.20172712
1353	1369	0	0.19937056
1369	1353	0	0.19941102
1353	1369	1	0.19937485
1369	1353	1	0.19940783
1353	1369	2	0.19923854
1369	1353	2	0.1993624
1353	1369	3	0.19923854
1369	1353	3	0.19936241
1353	1369	4	0.20169576
1369	1353	4	0.20167251
1354	1365	0	0.19939469
1365	1354	0	0.19934739
1354	1365	1	0.19932878
1365	1354	1	0.19941196
1354	1365	2	0.19962934
1365	1354	2	0.19963858
1354	1365	3	0.19962935
1365	1354	3	0.19963856
1354	1365	4	0.20112666
1365	1354	4	0.20114264
1354	1366	0	0.19936094
1366	1354	0	0.19942194
1354	1366	1	0.19937399
1366	1354	1	0.19940948
1354	1366	2	0.19947416
1366	1354	2	0.19950019
1354	1366	3	0.19947416
1366	1354	3	0.19950019
1354	1366	4	0.2012487
1366	1354	4	0.20129125
1354	1367	0	0.19931331
1367	1354	0	0.19946428
1354	1367	1	0.19940501
1367	1354	1	0.1993801
1354	1367	2	0.19941892
1367	1354	2	0.19946547
1354	1367	3	0.19941892
1367	1354	3	0.19946547
1354	1367	4	0.20133254
1367	1354	4	0.20138071
1354	1368	0	0.19937646
1368	1354	0	0.19941488
1354	1368	1	0.19934596
1368	1354	1	0.19944021
1354	1368	2	0.19937982
1368	1354	2	0.19944762
1354	1368	3	0.19937982
1368	1354	3	0.19944762
1354	1368	4	0.20139335
1368	1354	4	0.20143236
1354	1369	0	0.22655056
1369	1354	0	0.19752283
1354	1369	1	0.1940279
1369	1354	1	0.21185704
1354	1369	2	0.1915095
1369	1354	2	0.19544308
1354	1369	3	0.1915095
1369	1354	3	0.19544308
1354	1369	4	0.19546995
1369	1354	4	0.19919743
1355	1365	0	0.19941229
1365	1355	0	0.19933526
1355	1365	1	0.19935355
1365	1355	1	0.19939533
1355	1365	2	0.19963121
1365	1355	2	0.19962525
1355	1365	3	0.19963123
1365	1355	3	0.19962525
1355	1365	4	0.2011415
1365	1355	4	0.20112929
1355	1366	0	0.19931744
1366	1355	0	0.19944426
1355	1366	1	0.19942696
1366	1355	1	0.19933672
1355	1366	2	0.19963142
1366	1355	2	0.19963753
1355	1366	3	0.19963141
1366	1355	3	0.19963753
1355	1366	4	0.20110886
1366	1355	4	0.20112231
1355	1367	0	0.19941816
1367	1355	0	0.19940068
1355	1367	1	0.19935049
1367	1355	1	0.19946465
1355	1367	2	0.19956906
1367	1355	2	0.19959441
1355	1367	3	0.19956906
1367	1355	3	0.19959441
1355	1367	4	0.20110889
1367	1355	4	0.2011504
1355	1368	0	0.1994044
1368	1355	0	0.19939445
1355	1368	1	0.1993321
1368	1355	1	0.19946082
1355	1368	2	0.19942816
1368	1355	2	0.19947094
1355	1368	3	0.19942817
1368	1355	3	0.19947094
1355	1368	4	0.20132318
1368	1355	4	0.20136279
1355	1369	0	0.21891433
1369	1355	0	0.1980369
1355	1369	1	0.19541337
1369	1355	1	0.20828062
1355	1369	2	0.19370003
1369	1355	2	0.19652936
1355	1369	3	0.19370003
1369	1355	3	0.19652934
1355	1369	4	0.19723168
1369	1355	4	0.19991538
1356	1365	0	0.19939157
1365	1356	0	0.19935906
1356	1365	1	0.19940853
1365	1356	1	0.19934121
1356	1365	2	0.1996198
1365	1356	2	0.19959171
1356	1365	3	0.1996198
1365	1356	3	0.19959173
1356	1365	4	0.20118493
1365	1356	4	0.20114224
1356	1366	0	0.19935311
1366	1356	0	0.19939929
1356	1366	1	0.19941588
1366	1356	1	0.1993355
1356	1366	2	0.19964686
1366	1356	2	0.19963412
1356	1366	3	0.19964686
1366	1356	3	0.1996341
1356	1366	4	0.20112748
1366	1356	4	0.20111056
1356	1367	0	0.19482653
1367	1356	0	0.2088986
1356	1367	1	0.2211559
1367	1356	1	0.19786534
1356	1367	2	0.19353318
1367	1356	2	0.19659194
1356	1367	3	0.19353318
1367	1356	3	0.19659194
1356	1367	4	0.19634104
1367	1356	4	0.19935045
1356	1368	0	0.19938701
1368	1356	0	0.19941556
1356	1368	1	0.19936733
1368	1356	1	0.19943419
1356	1368	2	0.19951549
1368	1356	2	0.19954017
1356	1368	3	0.19951549
1368	1356	3	0.19954018
1356	1368	4	0.20118546
1368	1356	4	0.20122571
1356	1369	0	0.1993176
1369	1356	0	0.19945183
1356	1369	1	0.19938992
1369	1356	1	0.19938584
1356	1369	2	0.19949257
1369	1356	2	0.19953558
1356	1369	3	0.19949257
1369	1356	3	0.19953556
1356	1369	4	0.20125382
1369	1356	4	0.20129769
1357	1365	0	0.19944532
1365	1357	0	0.19935209
1357	1365	1	0.19941765
1365	1357	1	0.19938216
1357	1365	2	0.1994666
1365	1357	2	0.19941838
1357	1365	3	0.1994666
1365	1357	3	0.1994184
1357	1365	4	0.20136327
1365	1357	4	0.20130989
1357	1366	0	0.19939637
1366	1357	0	0.19934577
1357	1366	1	0.19939539
1366	1357	1	0.19934681
1357	1366	2	0.19961633
1366	1357	2	0.19959147
1357	1366	3	0.19961633
1366	1357	3	0.19959147
1357	1366	4	0.20119533
1366	1357	4	0.20115678
1357	1367	0	0.1924316
1367	1357	0	0.2135737
1357	1367	1	0.23141302
1367	1357	1	0.19697262
1357	1367	2	0.19076985
1367	1357	2	0.19513889
1357	1367	3	0.19076985
1367	1357	3	0.19513889
1357	1367	4	0.1939581
1367	1357	4	0.19844998
1357	1368	0	0.19953112
1368	1357	0	0.19933836
1357	1368	1	0.1993189
1368	1357	1	0.19954646
1357	1368	2	0.1996291
1368	1357	2	0.19963725
1357	1368	3	0.19962911
1368	1357	3	0.19963723
1357	1368	4	0.20101433
1368	1357	4	0.20103051
1357	1369	0	0.19935143
1369	1357	0	0.1994455
1357	1369	1	0.19939826
1369	1357	1	0.19940127
1357	1369	2	0.19953825
1369	1357	2	0.19956528
1357	1369	3	0.19953825
1369	1357	3	0.19956528
1357	1369	4	0.20115706
1369	1357	4	0.20120028
1358	1370	0	0.19975601
1370	1358	0	0.19986807
1358	1370	1	0.1997688
1370	1358	1	0.19985929
1358	1370	2	0.20022245
1370	1358	2	0.20017731
1358	1370	3	0.20022245
1370	1358	3	0.20017731
1358	1370	4	0.20004646
1370	1358	4	0.20003502
1358	1371	0	0.19968699
1371	1358	0	0.19982675
1358	1371	1	0.1996904
1371	1358	1	0.19982462
1358	1371	2	0.20017502
1371	1358	2	0.20014559
1358	1371	3	0.200175
1371	1358	3	0.20014559
1358	1371	4	0.20006658
1371	1358	4	0.20005715
1358	1372	0	0.19964433
1372	1358	0	0.19980602
1358	1372	1	0.19964324
1372	1358	1	0.19980675
1358	1372	2	0.20014234
1372	1358	2	0.20011921
1358	1372	3	0.20014234
1372	1358	3	0.20011921
1358	1372	4	0.20009954
1372	1358	4	0.20008369
1359	1370	0	0.19980277
1370	1359	0	0.19987535
1359	1370	1	0.19980147
1370	1359	1	0.19987635
1359	1370	2	0.20021352
1370	1359	2	0.20017435
1359	1370	3	0.20021354
1370	1359	3	0.20017433
1359	1370	4	0.20005111
1370	1359	4	0.20003845
1359	1371	0	0.19975105
1371	1359	0	0.1998456
1359	1371	1	0.19973627
1371	1359	1	0.19985573
1359	1371	2	0.20021693
1371	1359	2	0.20017399
1359	1371	3	0.20021693
1371	1359	3	0.20017399
1359	1371	4	0.2000586
1371	1359	4	0.2000474
1359	1372	0	0.19971567
1372	1359	0	0.19984668
1359	1372	1	0.19971967
1372	1359	1	0.19984414
1359	1372	2	0.20019123
1372	1359	2	0.20015451
1359	1372	3	0.20019124
1372	1359	3	0.20015451
1359	1372	4	0.20005947
1372	1359	4	0.20004843
1360	1370	0	0.19983919
1370	1360	0	0.19989899
1360	1370	1	0.19985558
1370	1360	1	0.19988562
1360	1370	2	0.20017792
1370	1360	2	0.20015007
1360	1370	3	0.20017792
1370	1360	3	0.20015007
1360	1370	4	0.20005704
1370	1360	4	0.20004497
1360	1371	0	0.199799
1371	1360	0	0.19987726
1360	1371	1	0.19980296
1371	1360	1	0.19987428
1360	1371	2	0.20021734
1371	1360	2	0.20017819
1360	1371	3	0.20021735
1371	1360	3	0.20017819
1360	1371	4	0.2000467
1371	1360	4	0.2000345
1360	1372	0	0.19977552
1372	1360	0	0.1998594
1360	1372	1	0.19975652
1372	1360	1	0.19987236
1360	1372	2	0.20021841
1372	1360	2	0.20017417
1360	1372	3	0.20021841
1372	1360	3	0.20017418
1360	1372	4	0.20004578
1372	1360	4	0.20003478
1361	1370	0	0.19987695
1370	1361	0	0.19990702
1361	1370	1	0.19988503
1370	1361	1	0.19989993
1361	1370	2	0.20013873
1370	1361	2	0.20012274
1361	1370	3	0.20013873
1370	1361	3	0.20012274
1361	1370	4	0.20006791
1370	1361	4	0.20005885
1361	1371	0	0.19986807
1371	1361	0	0.19990464
1361	1371	1	0.199868
1371	1361	1	0.19990468
1361	1371	2	0.20015036
1371	1361	2	0.2001246
1361	1371	3	0.20015036
1371	1361	3	0.2001246
1361	1371	4	0.20006807
1371	1361	4	0.20005243
1361	1372	0	0.19979642
1372	1361	0	0.19989693
1361	1372	1	0.1998312
1372	1361	1	0.19987081
1361	1372	2	0.2002042
1372	1361	2	0.20016636
1361	1372	3	0.2002042
1372	1361	3	0.20016634
1361	1372	4	0.2000477
1372	1361	4	0.20003466
1362	1370	0	0.1998995
1370	1362	0	0.19987439
1362	1370	1	0.19986631
1370	1362	1	0.19990619
1362	1370	2	0.20014118
1370	1362	2	0.20013589
1362	1370	3	0.20014118
1370	1362	3	0.20013589
1362	1370	4	0.2000696
1370	1362	4	0.20006584
1362	1371	0	0.19986139
1371	1362	0	0.19989778
1362	1371	1	0.19987401
1371	1362	1	0.19988671
1362	1371	2	0.20015782
1371	1362	2	0.20014139
1362	1371	3	0.20015782
1371	1362	3	0.20014139
1362	1371	4	0.20006539
1371	1362	4	0.20005606
1362	1372	0	0.19982222
1372	1362	0	0.19988874
1362	1372	1	0.19984014
1372	1362	1	0.19987424
1362	1372	2	0.2001966
1372	1362	2	0.20016752
1362	1372	3	0.20019658
1372	1362	3	0.20016754
1362	1372	4	0.20005277
1372	1362	4	0.20004246
1363	1370	0	0.19989084
1370	1363	0	0.19987702
1363	1370	1	0.19988449
1370	1363	1	0.19988361
1363	1370	2	0.20014329
1370	1363	2	0.20014863
1363	1370	3	0.20014329
1370	1363	3	0.20014861
1363	1370	4	0.20005985
1370	1363	4	0.20006333
1363	1371	0	0.1996663
1371	1363	0	0.20039898
1363	1371	1	0.20208293
1371	1363	1	0.19987987
1363	1371	2	0.19953994
1371	1363	2	0.19990174
1363	1371	3	0.19953994
1371	1363	3	0.19990174
1363	1371	4	0.19981939
1371	1363	4	0.20003903
1363	1372	0	0.19985248
1372	1363	0	0.19989575
1363	1372	1	0.19987153
1372	1363	1	0.199879
1363	1372	2	0.20016468
1372	1363	2	0.20014784
1363	1372	3	0.20016468
1372	1363	3	0.20014784
1363	1372	4	0.20006637
1372	1363	4	0.20005682
1364	1370	0	0.19991192
1370	1364	0	0.19986609
1364	1370	1	0.19988945
1370	1364	1	0.19989157
1364	1370	2	0.20013006
1370	1364	2	0.20014574
1364	1370	3	0.20013006
1370	1364	3	0.20014575
1364	1370	4	0.20005459
1370	1364	4	0.20006353
1364	1371	0	0.19988662
1371	1364	0	0.19988726
1364	1371	1	0.19989508
1371	1364	1	0.19987841
1364	1371	2	0.20013689
1371	1364	2	0.20014244
1364	1371	3	0.20013689
1371	1364	3	0.20014243
1364	1371	4	0.20006354
1371	1364	4	0.20006652
1364	1372	0	0.19986233
1372	1364	0	0.1999149
1364	1372	1	0.19990864
1372	1364	1	0.19987053
1364	1372	2	0.20013808
1372	1364	2	0.20013282
1364	1372	3	0.20013809
1372	1364	3	0.20013282
1364	1372	4	0.20006925
1372	1364	4	0.20006558
1365	1376	0	0.19994847
1376	1365	0	0.19996385
1365	1376	1	0.19994745
1376	1365	1	0.19996457
1365	1376	2	0.20007575
1376	1365	2	0.20004977
1365	1376	3	0.20007575
1376	1365	3	0.20004977
1365	1376	4	0.20004404
1376	1365	4	0.20002075
1365	1373	0	0.20000838
1373	1365	0	0.20000334
1365	1373	1	0.20001091
1373	1365	1	0.20000109
1365	1373	2	0.20001926
1373	1365	2	0.20001303
1365	1373	3	0.20001926
1373	1365	3	0.20001301
1365	1373	4	0.2000562
1373	1365	4	0.20004097
1365	1374	0	0.20000076
1374	1365	0	0.19999388
1365	1374	1	0.20000145
1374	1365	1	0.19999331
1365	1374	2	0.20002736
1374	1365	2	0.20001766
1365	1374	3	0.20002736
1374	1365	3	0.20001766
1365	1374	4	0.20005244
1374	1365	4	0.20003296
1365	1375	0	0.19998246
1375	1365	0	0.19998154
1365	1375	1	0.19998354
1375	1365	1	0.1999808
1365	1375	2	0.20004253
1375	1365	2	0.20002733
1365	1375	3	0.20004253
1375	1365	3	0.20002733
1365	1375	4	0.20005035
1375	1365	4	0.20002776
1366	1376	0	0.19997525
1376	1366	0	0.1999757
1366	1376	1	0.1999738
1376	1366	1	0.19997673
1366	1376	2	0.20005065
1376	1366	2	0.2000332
1366	1376	3	0.20005064
1376	1366	3	0.2000332
1366	1376	4	0.20004933
1376	1366	4	0.20002641
1366	1373	0	0.20001763
1373	1366	0	0.20001236
1366	1373	1	0.20001656
1373	1366	1	0.20001334
1366	1373	2	0.20001136
1373	1366	2	0.20000839
1366	1373	3	0.20001134
1373	1366	3	0.20000839
1366	1373	4	0.20005213
1373	1366	4	0.20004463
1366	1374	0	0.20000976
1374	1366	0	0.20000857
1366	1374	1	0.20001633
1374	1366	1	0.20000283
1366	1374	2	0.200017
1374	1366	2	0.2000109
1366	1374	3	0.200017
1374	1366	3	0.2000109
1366	1374	4	0.20005296
1374	1366	4	0.20003867
1366	1375	0	0.19999866
1375	1366	0	0.19999097
1366	1375	1	0.199997
1375	1366	1	0.19999231
1366	1375	2	0.20003234
1375	1366	2	0.2000203
1366	1375	3	0.20003234
1375	1366	3	0.2000203
1366	1375	4	0.20005299
1375	1366	4	0.2000324
1367	1376	0	0.19999905
1376	1367	0	0.19999123
1367	1376	1	0.19999795
1376	1367	1	0.19999209
1367	1376	2	0.20003083
1376	1367	2	0.20001945
1367	1376	3	0.20003082
1376	1367	3	0.20001945
1367	1376	4	0.20005468
1376	1367	4	0.20003377
1367	1373	0	0.21009383
1373	1367	0	0.19882096
1367	1373	1	0.19755422
1373	1367	1	0.20492445
1367	1373	2	0.1974681
1373	1367	2	0.19875306
1367	1373	3	0.19746812
1373	1367	3	0.19875304
1367	1373	4	0.19756943
1373	1367	4	0.19883977
1367	1374	0	0.22912575
1374	1367	0	0.19644716
1367	1374	1	0.19279177
1374	1367	1	0.2144251
1367	1374	2	0.19273275
1374	1367	2	0.1964004
1367	1374	3	0.19273275
1374	1367	3	0.1964004
1367	1374	4	0.19277635
1374	1367	4	0.19643712
1367	1375	0	0.20001279
1375	1367	0	0.20000722
1367	1375	1	0.20001501
1375	1367	1	0.20000523
1367	1375	2	0.20001452
1375	1367	2	0.20000897
1367	1375	3	0.20001452
1375	1367	3	0.20000897
1367	1375	4	0.20005506
1375	1367	4	0.2000406
1368	1376	0	0.2000073
1376	1368	0	0.20000005
1368	1376	1	0.20000684
1376	1368	1	0.20000045
1368	1376	2	0.20002234
1376	1368	2	0.20001516
1368	1376	3	0.20002235
1376	1368	3	0.20001514
1368	1376	4	0.20005684
1376	1368	4	0.2000412
1368	1373	0	0.20001525
1373	1368	0	0.2000148
1368	1373	1	0.2000106
1373	1368	1	0.20001979
1368	1373	2	0.2000081
1373	1368	2	0.20001093
1368	1373	3	0.2000081
1373	1368	3	0.20001093
1368	1373	4	0.2000442
1373	1368	4	0.20005162
1368	1374	0	0.20001684
1374	1368	0	0.2000175
1368	1374	1	0.20001745
1374	1368	1	0.2000169
1368	1374	2	0.20000616
1374	1368	2	0.2000062
1368	1374	3	0.20000616
1374	1368	3	0.20000622
1368	1374	4	0.20005167
1374	1368	4	0.20005171
1368	1375	0	0.20001765
1375	1368	0	0.20001626
1368	1375	1	0.20002073
1375	1368	1	0.20001338
1368	1375	2	0.20000526
1375	1368	2	0.20000292
1368	1375	3	0.20000525
1375	1368	3	0.20000292
1368	1375	4	0.20005356
1375	1368	4	0.20004636
1369	1376	0	0.19904283
1376	1369	0	0.20202078
1369	1376	1	0.20433097
1376	1369	1	0.19956788
1369	1376	2	0.1988856
1376	1369	2	0.1994453
1369	1376	3	0.19888562
1376	1369	3	0.1994453
1369	1376	4	0.1990538
1376	1369	4	0.19958362
1369	1373	0	0.20000108
1373	1369	0	0.20000742
1369	1373	1	0.20000076
1373	1369	1	0.20000777
1369	1373	2	0.20001547
1373	1369	2	0.20002265
1369	1373	3	0.20001547
1373	1369	3	0.20002265
1369	1373	4	0.20003851
1373	1369	4	0.20005366
1369	1374	0	0.20001726
1374	1369	0	0.20001197
1369	1374	1	0.20000786
1374	1369	1	0.2000221
1369	1374	2	0.20000766
1374	1369	2	0.20001034
1369	1374	3	0.20000765
1374	1369	3	0.20001036
1369	1374	4	0.20004523
1374	1369	4	0.20005286
1369	1375	0	0.20001699
1375	1369	0	0.20002091
1369	1375	1	0.2000209
1375	1369	1	0.20001698
1369	1375	2	0.20000076
1375	1369	2	0.2000007
1369	1375	3	0.20000076
1375	1369	3	0.2000007
1369	1375	4	0.20005086
1375	1369	4	0.20005086
1370	1377	0	0.19999568
1377	1370	0	0.20000023
1370	1377	1	0.1999957
1377	1370	1	0.2000002
1370	1377	2	0.2000013
1377	1370	2	0.20000356
1370	1377	3	0.2000013
1377	1370	3	0.20000356
1370	1377	4	0.19999556
1377	1370	4	0.19999996
1370	1378	0	0.19999601
1378	1370	0	0.20000023
1370	1378	1	0.19999598
1378	1370	1	0.20000023
1370	1378	2	0.20000105
1378	1370	2	0.2000029
1370	1378	3	0.20000105
1378	1370	3	0.2000029
1370	1378	4	0.19999507
1378	1370	4	0.19999894
1371	1377	0	0.19999805
1377	1371	0	0.20000026
1371	1377	1	0.19999807
1377	1371	1	0.20000026
1371	1377	2	0.20000099
1377	1371	2	0.20000198
1371	1377	3	0.20000099
1377	1371	3	0.20000198
1371	1377	4	0.19999872
1377	1371	4	0.20000075
1371	1378	0	0.1999966
1378	1371	0	0.2
1371	1378	1	0.19999662
1378	1371	1	0.19999999
1371	1378	2	0.20000124
1378	1371	2	0.20000273
1371	1378	3	0.20000124
1378	1371	3	0.20000273
1371	1378	4	0.19999656
1378	1371	4	0.19999984
1372	1377	0	0.20000036
1377	1372	0	0.20000015
1372	1377	1	0.20000036
1377	1372	1	0.20000015
1372	1377	2	0.2000009
1377	1372	2	0.20000073
1372	1377	3	0.20000088
1377	1372	3	0.20000073
1372	1377	4	0.20000078
1377	1372	4	0.20000058
1372	1378	0	0.19999729
1378	1372	0	0.20000021
1372	1378	1	0.1999973
1378	1372	1	0.2000002
1372	1378	2	0.20000102
1378	1372	2	0.20000252
1372	1378	3	0.20000102
1378	1372	3	0.20000252
1372	1378	4	0.19999786
1378	1372	4	0.20000072
1373	1379	0	0.19999902
1379	1373	0	0.19999915
1373	1379	1	0.19999915
1379	1373	1	0.19999905
1373	1379	2	0.19999541
1379	1373	2	0.199996
1373	1379	3	0.1999954
1379	1373	3	0.19999601
1373	1379	4	0.1999976
1379	1373	4	0.19999853
1373	1380	0	0.2000026
1380	1373	0	0.20000052
1373	1380	1	0.20000269
1380	1373	1	0.20000046
1373	1380	2	0.19998817
1380	1373	2	0.19999029
1373	1380	3	0.19998817
1380	1373	3	0.19999027
1373	1380	4	0.2000016
1380	1373	4	0.20000201
1373	1381	0	0.200008
1381	1373	0	0.20000291
1373	1381	1	0.200008
1381	1373	1	0.20000291
1373	1381	2	0.19998232
1381	1373	2	0.19998574
1373	1381	3	0.19998232
1381	1373	3	0.19998574
1373	1381	4	0.20000972
1381	1373	4	0.20000926
1374	1379	0	0.19999744
1379	1374	0	0.1999977
1374	1379	1	0.1999974
1379	1374	1	0.19999774
1374	1379	2	0.19999973
1379	1374	2	0.19999981
1374	1379	3	0.19999975
1379	1374	3	0.1999998
1374	1379	4	0.19999635
1379	1374	4	0.1999967
1374	1380	0	0.19999832
1380	1374	0	0.19999875
1374	1380	1	0.19999844
1380	1374	1	0.19999869
1374	1380	2	0.19999768
1380	1374	2	0.19999807
1374	1380	3	0.19999766
1380	1374	3	0.19999808
1374	1380	4	0.19999704
1380	1374	4	0.19999787
1374	1381	0	0.20000319
1381	1374	0	0.2000007
1374	1381	1	0.20000306
1381	1374	1	0.20000078
1374	1381	2	0.19998714
1381	1374	2	0.1999893
1374	1381	3	0.19998714
1381	1374	3	0.19998933
1374	1381	4	0.20000215
1381	1374	4	0.20000249
1375	1379	0	0.19999763
1379	1375	0	0.1999971
1375	1379	1	0.19999763
1379	1375	1	0.19999713
1375	1379	2	0.20000088
1379	1375	2	0.20000038
1375	1379	3	0.20000088
1379	1375	3	0.20000038
1375	1379	4	0.19999671
1379	1375	4	0.19999617
1375	1380	0	0.19999704
1380	1375	0	0.19999741
1375	1380	1	0.19999702
1380	1375	1	0.19999743
1375	1380	2	0.20000114
1380	1375	2	0.20000109
1375	1380	3	0.20000115
1380	1375	3	0.20000109
1375	1380	4	0.19999607
1380	1375	4	0.1999964
1375	1381	0	0.19999905
1381	1375	0	0.19999917
1375	1381	1	0.19999911
1381	1375	1	0.19999912
1375	1381	2	0.19999489
1381	1375	2	0.19999576
1375	1381	3	0.1999949
1381	1375	3	0.19999576
1375	1381	4	0.199998
1381	1375	4	0.19999862
1376	1379	0	0.19999908
1379	1376	0	0.19999903
1376	1379	1	0.1999991
1379	1376	1	0.19999903
1376	1379	2	0.19999611
1379	1376	2	0.19999562
1376	1379	3	0.19999611
1379	1376	3	0.19999562
1376	1379	4	0.19999848
1379	1376	4	0.19999737
1376	1380	0	0.19999774
1380	1376	0	0.19999737
1376	1380	1	0.19999768
1380	1376	1	0.19999744
1376	1380	2	0.19999981
1380	1376	2	0.19999975
1376	1380	3	0.19999981
1380	1376	3	0.19999975
1376	1380	4	0.19999671
1380	1376	4	0.19999635
1376	1381	0	0.19999734
1381	1376	0	0.1999977
1376	1381	1	0.19999741
1381	1376	1	0.19999765
1376	1381	2	0.20000012
1381	1376	2	0.20000021
1376	1381	3	0.20000012
1381	1376	3	0.20000021
1376	1381	4	0.19999638
1381	1376	4	0.19999664
1377	1382	0	0.19999921
1382	1377	0	0.20000108
1377	1382	1	0.19999921
1382	1377	1	0.20000108
1377	1382	2	0.19999874
1382	1377	2	0.20000045
1377	1382	3	0.19999874
1382	1377	3	0.20000044
1377	1382	4	0.20000006
1382	1377	4	0.20000198
1377	1383	0	0.19999813
1383	1377	0	0.20000143
1377	1383	1	0.19999811
1383	1377	1	0.20000145
1377	1383	2	0.19999869
1383	1377	2	0.20000164
1377	1383	3	0.19999869
1383	1377	3	0.20000164
1377	1383	4	0.19999997
1383	1377	4	0.20000274
1378	1382	0	0.19999981
1382	1378	0	0.20000024
1378	1382	1	0.19999981
1382	1378	1	0.20000023
1378	1382	2	0.19999973
1382	1378	2	0.20000012
1378	1382	3	0.19999975
1382	1378	3	0.20000012
1378	1382	4	0.19999968
1382	1378	4	0.20000003
1378	1383	0	0.19999926
1383	1378	0	0.20000105
1378	1383	1	0.19999926
1383	1378	1	0.20000105
1378	1383	2	0.19999877
1383	1378	2	0.20000039
1378	1383	3	0.19999877
1383	1378	3	0.20000038
1378	1383	4	0.20000006
1383	1378	4	0.2000019
1379	1384	0	0.20001145
1384	1379	0	0.20001124
1379	1384	1	0.20001107
1384	1379	1	0.20001161
1379	1384	2	0.19997647
1384	1379	2	0.19997655
1379	1384	3	0.19997646
1384	1379	3	0.19997653
1379	1384	4	0.2000142
1384	1379	4	0.20001438
1379	1385	0	0.20001614
1385	1379	0	0.20001301
1379	1385	1	0.20001683
1385	1379	1	0.20001237
1379	1385	2	0.1999779
1385	1379	2	0.19997841
1379	1385	3	0.1999779
1385	1379	3	0.19997841
1379	1385	4	0.20001954
1385	1379	4	0.20001815
1379	1386	0	0.20001939
1386	1379	0	0.20001185
1379	1386	1	0.20001858
1386	1379	1	0.20001252
1379	1386	2	0.19998293
1386	1379	2	0.19998294
1379	1386	3	0.19998291
1386	1379	3	0.19998294
1379	1386	4	0.20002332
1386	1379	4	0.20002007
1379	1387	0	0.20002209
1387	1379	0	0.2000119
1379	1387	1	0.20002143
1387	1379	1	0.2000124
1379	1387	2	0.19998817
1387	1379	2	0.19998804
1379	1387	3	0.19998817
1387	1379	3	0.19998805
1379	1387	4	0.20003058
1387	1379	4	0.20002349
1379	1388	0	0.20002148
1388	1379	0	0.2000118
1379	1388	1	0.20002119
1388	1379	1	0.20001203
1379	1388	2	0.19999407
1388	1379	2	0.19999221
1379	1388	3	0.19999406
1388	1379	3	0.19999221
1379	1388	4	0.20003828
1388	1379	4	0.20002764
1380	1384	0	0.20001188
1384	1380	0	0.20001695
1380	1384	1	0.20001307
1384	1380	1	0.20001563
1380	1384	2	0.19997828
1384	1380	2	0.19997771
1380	1384	3	0.19997828
1384	1380	3	0.19997773
1380	1384	4	0.20001784
1384	1380	4	0.20001924
1380	1385	0	0.20001164
1385	1380	0	0.20001218
1380	1385	1	0.20001137
1385	1380	1	0.20001243
1380	1385	2	0.19997615
1385	1380	2	0.19997653
1380	1385	3	0.19997615
1385	1380	3	0.19997653
1380	1385	4	0.20001481
1385	1380	4	0.20001557
1380	1386	0	0.20001547
1386	1380	0	0.20001216
1380	1386	1	0.20001656
1386	1380	1	0.20001118
1380	1386	2	0.19997728
1386	1380	2	0.19997784
1380	1386	3	0.19997728
1386	1380	3	0.19997784
1380	1386	4	0.20001905
1386	1380	4	0.20001714
1380	1387	0	0.20002148
1387	1380	0	0.20001432
1380	1387	1	0.2000217
1387	1380	1	0.20001411
1380	1387	2	0.19998491
1387	1380	2	0.19998455
1380	1387	3	0.19998491
1387	1380	3	0.19998455
1380	1387	4	0.20002833
1387	1380	4	0.20002411
1380	1388	0	0.20002164
1388	1380	0	0.20001274
1380	1388	1	0.20002227
1388	1380	1	0.20001227
1380	1388	2	0.19998851
1388	1380	2	0.19998828
1380	1388	3	0.19998853
1388	1380	3	0.19998826
1380	1388	4	0.20003138
1388	1380	4	0.20002419
1381	1384	0	0.20001212
1384	1381	0	0.20002
1381	1384	1	0.20001167
1384	1381	1	0.20002054
1381	1384	2	0.19998208
1384	1381	2	0.19998224
1381	1384	3	0.19998208
1384	1381	3	0.19998224
1381	1384	4	0.20001964
1384	1381	4	0.20002432
1381	1385	0	0.2000142
1385	1381	0	0.20001766
1381	1385	1	0.20001408
1385	1381	1	0.20001778
1381	1385	2	0.19997942
1385	1381	2	0.19997899
1381	1385	3	0.19997942
1385	1381	3	0.19997899
1381	1385	4	0.20001991
1385	1381	4	0.2000211
1381	1386	0	0.20001443
1386	1381	0	0.20001374
1381	1386	1	0.20001489
1386	1381	1	0.20001332
1381	1386	2	0.19997725
1386	1381	2	0.1999764
1381	1386	3	0.19997725
1386	1381	3	0.19997641
1381	1386	4	0.20001811
1386	1381	4	0.20001699
1381	1387	0	0.20001847
1387	1381	0	0.20001337
1381	1387	1	0.20001777
1387	1381	1	0.20001404
1381	1387	2	0.19997853
1387	1381	2	0.19997889
1381	1387	3	0.19997853
1387	1381	3	0.19997887
1381	1387	4	0.20002173
1387	1381	4	0.20001966
1381	1388	0	0.20001796
1388	1381	0	0.2000118
1381	1388	1	0.20001835
1388	1381	1	0.20001145
1381	1388	2	0.19998293
1388	1381	2	0.19998302
1381	1388	3	0.19998293
1388	1381	3	0.19998302
1381	1388	4	0.20002253
1388	1381	4	0.20001954
1382	1389	0	0.20002364
1389	1382	0	0.20001657
1382	1389	1	0.20001885
1389	1382	1	0.20002103
1382	1389	2	0.19999096
1389	1382	2	0.1999904
1382	1389	3	0.19999097
1389	1382	3	0.1999904
1382	1389	4	0.2000533
1389	1382	4	0.20004989
1382	1390	0	0.19643325
1390	1382	0	0.20720449
1382	1390	1	0.21452412
1390	1382	1	0.19824164
1382	1390	2	0.19636565
1390	1382	2	0.19818655
1382	1390	3	0.19636565
1390	1382	3	0.19818655
1382	1390	4	0.19644794
1390	1382	4	0.19825841
1382	1391	0	0.20001306
1391	1382	0	0.20000444
1382	1391	1	0.20001446
1391	1382	1	0.20000316
1382	1391	2	0.20001225
1391	1382	2	0.20000605
1382	1391	3	0.20001225
1391	1382	3	0.20000605
1382	1391	4	0.20006254
1391	1382	4	0.2000439
1382	1392	0	0.20000292
1392	1382	0	0.19999018
1382	1392	1	0.19999927
1392	1382	1	0.19999312
1382	1392	2	0.20002525
1392	1382	2	0.20001508
1382	1392	3	0.20002525
1392	1382	3	0.20001508
1382	1392	4	0.20006086
1392	1382	4	0.20003799
1382	1393	0	0.19701682
1393	1382	0	0.2059525
1382	1393	1	0.21200125
1393	1382	1	0.19851324
1382	1393	2	0.19703671
1393	1382	2	0.19853228
1382	1393	3	0.19703671
1393	1382	3	0.19853227
1382	1393	4	0.19705845
1393	1382	4	0.19853371
1382	1394	0	0.17819667
1394	1382	0	0.24394576
1382	1394	1	0.28806567
1394	1382	1	0.18913531
1382	1394	2	0.17799994
1394	1382	2	0.18901837
1382	1394	3	0.17799994
1394	1382	3	0.18901837
1382	1394	4	0.17793183
1394	1382	4	0.18894492
1383	1389	0	0.20001882
1389	1383	0	0.20002049
1383	1389	1	0.20001817
1389	1383	1	0.20002119
1383	1389	2	0.19999032
1389	1383	2	0.19999047
1383	1389	3	0.19999032
1389	1383	3	0.19999045
1383	1389	4	0.20004815
1389	1383	4	0.20005064
1383	1390	0	0.19349812
1390	1383	0	0.21307604
1383	1390	1	0.22634296
1390	1383	1	0.19680722
1383	1390	2	0.19340399
1390	1383	2	0.1967107
1383	1390	3	0.19340399
1390	1383	3	0.19671069
1383	1390	4	0.19350019
1390	1383	4	0.196816
1383	1391	0	0.20001929
1391	1383	0	0.20001395
1383	1391	1	0.20002098
1391	1383	1	0.20001239
1383	1391	2	0.20000146
1391	1383	2	0.19999893
1383	1391	3	0.20000148
1391	1383	3	0.19999893
1383	1391	4	0.20005794
1391	1383	4	0.20004722
1383	1392	0	0.20001449
1392	1383	0	0.20000847
1383	1392	1	0.20001851
1392	1383	1	0.20000485
1383	1392	2	0.2000082
1392	1383	2	0.20000263
1383	1392	3	0.2000082
1392	1383	3	0.20000263
1383	1392	4	0.20006119
1392	1383	4	0.2000433
1383	1393	0	0.19643642
1393	1383	0	0.20714696
1383	1393	1	0.21443126
1393	1383	1	0.19822639
1383	1393	2	0.196417
1393	1383	2	0.1982242
1383	1393	3	0.19641699
1393	1383	3	0.19822419
1383	1393	4	0.19644998
1393	1383	4	0.19823085
1383	1394	0	0.17349315
1394	1383	0	0.2533695
1383	1394	1	0.30691448
1394	1383	1	0.18679012
1383	1394	2	0.17328067
1394	1383	2	0.1866534
1383	1394	3	0.17328067
1394	1383	3	0.1866534
1383	1394	4	0.1732506
1394	1383	4	0.18661042
1384	1395	0	0.20001362
1395	1384	0	0.20000581
1384	1395	1	0.20001535
1395	1384	1	0.20000446
1384	1395	2	0.20000434
1395	1384	2	0.19999883
1384	1395	3	0.20000432
1395	1384	3	0.19999884
1384	1395	4	0.2000488
1395	1384	4	0.20003188
1384	1396	0	0.2000008
1396	1384	0	0.19999284
1384	1396	1	0.20000263
1396	1384	1	0.19999139
1384	1396	2	0.20002331
1396	1384	2	0.2000118
1384	1396	3	0.20002331
1396	1384	3	0.2000118
1384	1396	4	0.200054
1396	1384	4	0.20003064
1385	1395	0	0.20001945
1395	1385	0	0.200009
1385	1395	1	0.20001885
1395	1385	1	0.20000944
1385	1395	2	0.19999634
1395	1385	2	0.19999339
1385	1395	3	0.19999634
1395	1385	3	0.19999339
1385	1395	4	0.20004736
1395	1385	4	0.20003344
1385	1396	0	0.28643957
1396	1385	0	0.18948278
1385	1396	1	0.17880775
1396	1385	1	0.24302125
1385	1396	2	0.17834689
1396	1385	2	0.18917076
1385	1396	3	0.17834689
1396	1385	3	0.18917076
1385	1396	4	0.17841631
1396	1385	4	0.1892184
1386	1395	0	0.20002098
1395	1386	0	0.20001076
1386	1395	1	0.20001972
1395	1386	1	0.2000117
1386	1395	2	0.19998929
1395	1386	2	0.1999886
1386	1395	3	0.1999893
1395	1386	3	0.19998859
1386	1395	4	0.20003885
1395	1386	4	0.20003046
1386	1396	0	0.20002204
1396	1386	0	0.20000803
1386	1396	1	0.2000182
1396	1386	1	0.20001037
1386	1396	2	0.19999455
1396	1386	2	0.199992
1386	1396	3	0.19999455
1396	1386	3	0.199992
1386	1396	4	0.20004475
1396	1386	4	0.20003054
1387	1395	0	0.20001902
1395	1387	0	0.2000137
1387	1395	1	0.2000206
1395	1387	1	0.20001234
1387	1395	2	0.19998541
1395	1387	2	0.19998468
1387	1395	3	0.19998541
1395	1387	3	0.19998468
1387	1395	4	0.20003386
1395	1387	4	0.20002879
1387	1396	0	0.20002286
1396	1387	0	0.20001061
1387	1396	1	0.20002034
1396	1387	1	0.20001246
1387	1396	2	0.19998954
1396	1387	2	0.19998857
1387	1396	3	0.19998954
1396	1387	3	0.19998856
1387	1396	4	0.20004171
1396	1387	4	0.20003174
1388	1395	0	0.20002033
1395	1388	0	0.20001678
1388	1395	1	0.20001931
1395	1388	1	0.20001775
1388	1395	2	0.19998388
1395	1388	2	0.19998364
1388	1395	3	0.19998388
1395	1388	3	0.19998364
1388	1395	4	0.20003444
1395	1388	4	0.20003256
1388	1396	0	0.26508433
1396	1388	0	0.19202332
1388	1396	1	0.18389547
1396	1388	1	0.23245409
1388	1396	2	0.18369131
1396	1388	2	0.19182675
1388	1396	3	0.18369131
1396	1388	3	0.19182675
1388	1396	4	0.18380971
1396	1388	4	0.19195183
1389	1397	0	0.19981413
1397	1389	0	0.19984105
1389	1397	1	0.19981742
1397	1389	1	0.19983803
1389	1397	2	0.20021321
1397	1389	2	0.20020737
1389	1397	3	0.20021321
1397	1389	3	0.20020735
1389	1397	4	0.19997986
1397	1389	4	0.19998133
1389	1398	0	0.19978695
1398	1389	0	0.19986512
1389	1398	1	0.1998215
1398	1389	1	0.19983505
1389	1398	2	0.20020935
1398	1389	2	0.20019788
1389	1398	3	0.20020935
1398	1389	3	0.20019788
1389	1398	4	0.19997916
1398	1389	4	0.1999817
1389	1399	0	0.1997236
1399	1389	0	0.19982313
1389	1399	1	0.1997449
1399	1389	1	0.19980565
1389	1399	2	0.20013891
1399	1389	2	0.20013708
1389	1399	3	0.20013891
1399	1389	3	0.20013708
1389	1399	4	0.19995378
1399	1389	4	0.199971
1389	1400	0	0.19969073
1400	1389	0	0.19983542
1389	1400	1	0.19973795
1400	1389	1	0.1997994
1389	1400	2	0.2001207
1400	1389	2	0.200118
1389	1400	3	0.20012067
1400	1389	3	0.20011802
1389	1400	4	0.19998182
1400	1389	4	0.20000355
1389	1401	0	0.19965093
1401	1389	0	0.19978161
1389	1401	1	0.19965178
1401	1389	1	0.19978097
1389	1401	2	0.20007972
1401	1389	2	0.20007858
1389	1401	3	0.20007972
1401	1389	3	0.20007858
1389	1401	4	0.20003524
1401	1389	4	0.20007955
1389	1402	0	0.19960558
1402	1389	0	0.19975038
1389	1402	1	0.1996052
1402	1389	1	0.19975065
1389	1402	2	0.2000464
1402	1389	2	0.20005736
1389	1402	3	0.2000464
1402	1389	3	0.20005736
1389	1402	4	0.20012358
1402	1389	4	0.20016745
1390	1397	0	0.19985451
1397	1390	0	0.19985749
1390	1397	1	0.1998571
1397	1390	1	0.19985488
1390	1397	2	0.20020646
1397	1390	2	0.20020653
1390	1397	3	0.20020646
1397	1390	3	0.2002065
1390	1397	4	0.19997178
1397	1390	4	0.19997226
1390	1398	0	0.19978021
1398	1390	0	0.19984387
1390	1398	1	0.19981986
1398	1390	1	0.19980682
1390	1398	2	0.20020878
1398	1390	2	0.20020396
1390	1398	3	0.20020878
1398	1390	3	0.20020396
1390	1398	4	0.19996259
1398	1390	4	0.19996579
1390	1399	0	0.19981253
1399	1390	0	0.19982861
1390	1399	1	0.19977717
1399	1390	1	0.19985947
1390	1399	2	0.20019312
1399	1390	2	0.20018367
1390	1399	3	0.20019314
1399	1390	3	0.20018364
1390	1399	4	0.19997221
1399	1390	4	0.19997963
1390	1400	0	0.19980983
1400	1390	0	0.19981736
1390	1400	1	0.1997365
1400	1390	1	0.19987719
1390	1400	2	0.20016523
1400	1390	2	0.20015487
1390	1400	3	0.20016524
1400	1390	3	0.20015486
1390	1400	4	0.1999651
1400	1390	4	0.19997974
1390	1401	0	0.19971566
1401	1390	0	0.19980279
1390	1401	1	0.19969568
1401	1390	1	0.19981797
1390	1401	2	0.20011295
1401	1390	2	0.20011194
1390	1401	3	0.20011294
1401	1390	3	0.20011194
1390	1401	4	0.1999825
1401	1390	4	0.2000076
1390	1402	0	0.19969001
1402	1390	0	0.19980296
1390	1402	1	0.19967768
1402	1390	1	0.1998119
1390	1402	2	0.20009059
1402	1390	2	0.20008592
1390	1402	3	0.20009059
1402	1390	3	0.20008594
1390	1402	4	0.19999246
1402	1390	4	0.20003301
1391	1397	0	0.19983348
1397	1391	0	0.1998274
1391	1397	1	0.19985002
1397	1391	1	0.19980967
1391	1397	2	0.20020705
1397	1391	2	0.20021294
1391	1397	3	0.20020705
1397	1391	3	0.20021293
1391	1397	4	0.19995724
1397	1391	4	0.19995563
1391	1398	0	0.19980167
1398	1391	0	0.19983561
1391	1398	1	0.19983645
1398	1391	1	0.19980085
1391	1398	2	0.20021467
1398	1391	2	0.20021442
1391	1398	3	0.20021465
1398	1391	3	0.20021442
1391	1398	4	0.19997759
1398	1391	4	0.19997655
1391	1399	0	0.19981769
1399	1391	0	0.19979991
1391	1399	1	0.19977309
1399	1391	1	0.19984157
1391	1399	2	0.20021182
1399	1391	2	0.20020682
1391	1399	3	0.20021182
1399	1391	3	0.20020682
1391	1399	4	0.1999791
1399	1391	4	0.19998111
1391	1400	0	0.19979684
1400	1391	0	0.19983184
1391	1400	1	0.19978163
1400	1391	1	0.19984518
1391	1400	2	0.20019785
1400	1391	2	0.20018855
1391	1400	3	0.20019785
1400	1391	3	0.20018855
1391	1400	4	0.19996227
1400	1391	4	0.19996937
1391	1401	0	0.19976248
1401	1391	0	0.19983263
1391	1401	1	0.19975607
1401	1391	1	0.19983792
1391	1401	2	0.20016423
1401	1391	2	0.2001553
1391	1401	3	0.20016423
1401	1391	3	0.2001553
1391	1401	4	0.19996274
1401	1391	4	0.19997694
1391	1402	0	0.19969198
1402	1391	0	0.19981308
1391	1402	1	0.19970973
1402	1391	1	0.19979961
1391	1402	2	0.20010671
1402	1391	2	0.20010652
1391	1402	3	0.20010671
1402	1391	3	0.2001065
1391	1402	4	0.19998749
1402	1391	4	0.20001526
1392	1397	0	0.19981882
1397	1392	0	0.19979483
1392	1397	1	0.19984399
1397	1392	1	0.19976598
1392	1397	2	0.20018296
1397	1392	2	0.2001919
1392	1397	3	0.20018296
1397	1392	3	0.2001919
1392	1397	4	0.19998316
1397	1392	4	0.19997607
1392	1398	0	0.19985056
1398	1392	0	0.19981197
1392	1398	1	0.19983687
1398	1392	1	0.19982664
1392	1398	2	0.20020235
1398	1392	2	0.20020758
1392	1398	3	0.20020233
1398	1392	3	0.20020758
1392	1398	4	0.19997269
1398	1392	4	0.19996932
1392	1399	0	0.199818
1399	1392	0	0.19981688
1392	1399	1	0.19981636
1399	1392	1	0.1998185
1392	1399	2	0.20021522
1399	1392	2	0.20021537
1392	1399	3	0.20021522
1399	1392	3	0.20021537
1392	1399	4	0.19997898
1399	1392	4	0.19997966
1392	1400	0	0.19980453
1400	1392	0	0.19983412
1392	1400	1	0.1998101
1400	1392	1	0.19982885
1392	1400	2	0.20021367
1400	1392	2	0.20020805
1392	1400	3	0.20021367
1400	1392	3	0.20020805
1392	1400	4	0.19997367
1400	1392	4	0.19997512
1392	1401	0	0.19977272
1401	1392	0	0.19980478
1392	1401	1	0.19975048
1401	1392	1	0.19982423
1392	1401	2	0.20018303
1401	1392	2	0.20017597
1392	1401	3	0.20018303
1401	1392	3	0.20017597
1392	1401	4	0.19996221
1401	1392	4	0.19997051
1392	1402	0	0.19973443
1402	1392	0	0.19983993
1392	1402	1	0.19976531
1402	1392	1	0.19981469
1392	1402	2	0.20016158
1402	1392	2	0.20015374
1392	1402	3	0.20016158
1402	1392	3	0.20015374
1392	1402	4	0.19996953
1402	1392	4	0.1999817
1393	1397	0	0.1998269
1397	1393	0	0.19975752
1393	1397	1	0.19983411
1397	1393	1	0.19974864
1393	1397	2	0.20014827
1397	1393	2	0.20015526
1393	1397	3	0.20014827
1397	1393	3	0.20015526
1393	1397	4	0.19998312
1397	1393	4	0.19996977
1393	1398	0	0.19983874
1398	1393	0	0.19979355
1393	1398	1	0.19984087
1398	1393	1	0.1997911
1393	1398	2	0.20019908
1398	1393	2	0.20020974
1393	1398	3	0.20019908
1398	1393	3	0.20020974
1393	1398	4	0.19998077
1398	1393	4	0.19997817
1393	1399	0	0.19984831
1399	1393	0	0.19981931
1393	1399	1	0.19984317
1399	1393	1	0.1998248
1393	1399	2	0.20020476
1399	1393	2	0.20021006
1393	1399	3	0.20020476
1399	1393	3	0.20021005
1393	1399	4	0.19996499
1399	1393	4	0.19996221
1393	1400	0	0.19982661
1400	1393	0	0.19983293
1393	1400	1	0.19983336
1400	1393	1	0.19982617
1393	1400	2	0.20021294
1400	1393	2	0.20021294
1393	1400	3	0.20021294
1400	1393	3	0.20021294
1393	1400	4	0.19999763
1400	1393	4	0.19999722
1393	1401	0	0.19981283
1401	1393	0	0.19980186
1393	1401	1	0.19977535
1401	1393	1	0.19983684
1393	1401	2	0.20021313
1401	1393	2	0.20020801
1393	1401	3	0.20021313
1401	1393	3	0.20020801
1393	1401	4	0.19997655
1401	1393	4	0.19997819
1393	1402	0	0.19977951
1402	1393	0	0.19984281
1393	1402	1	0.19979432
1402	1393	1	0.19982992
1393	1402	2	0.20019908
1402	1393	2	0.20018964
1393	1402	3	0.20019907
1402	1393	3	0.20018964
1393	1402	4	0.1999732
1402	1393	4	0.19997905
1394	1397	0	0.19980481
1397	1394	0	0.19969703
1394	1397	1	0.19980311
1397	1394	1	0.19969925
1394	1397	2	0.20010945
1397	1394	2	0.20010972
1394	1397	3	0.20010945
1397	1394	3	0.20010974
1394	1397	4	0.20001158
1397	1394	4	0.19998509
1394	1398	0	0.1998255
1398	1394	0	0.19975907
1394	1398	1	0.19983453
1398	1394	1	0.199748
1394	1398	2	0.20016
1398	1394	2	0.20016938
1394	1398	3	0.20016
1398	1394	3	0.20016937
1394	1398	4	0.19997963
1398	1394	4	0.19996768
1394	1399	0	0.19982065
1399	1394	0	0.19980037
1394	1399	1	0.19984862
1399	1394	1	0.1997683
1394	1399	2	0.20018439
1399	1394	2	0.2001934
1394	1399	3	0.20018439
1399	1394	3	0.2001934
1394	1399	4	0.19997388
1399	1394	4	0.1999662
1394	1400	0	0.19983266
1400	1394	0	0.1998068
1394	1400	1	0.19983101
1400	1394	1	0.19980852
1394	1400	2	0.20020813
1400	1394	2	0.20021392
1394	1400	3	0.20020814
1400	1394	3	0.20021391
1394	1400	4	0.19998302
1400	1394	4	0.19998182
1394	1401	0	0.19981481
1401	1394	0	0.19986391
1394	1401	1	0.19986366
1401	1394	1	0.19981505
1394	1401	2	0.20020881
1401	1394	2	0.20020881
1394	1401	3	0.20020881
1401	1394	3	0.2002088
1394	1401	4	0.1999891
1401	1394	4	0.19998938
1394	1402	0	0.19982103
1402	1394	0	0.1998234
1394	1402	1	0.19979857
1402	1394	1	0.1998443
1394	1402	2	0.20021364
1402	1394	2	0.20020783
1394	1402	3	0.20021364
1402	1394	3	0.20020783
1394	1402	4	0.19998166
1402	1394	4	0.1999829
1403	1415	0	0.19996613
1415	1403	0	0.19997144
1403	1415	1	0.19997084
1415	1403	1	0.1999681
1403	1415	2	0.20005487
1415	1403	2	0.20003301
1403	1415	3	0.20005485
1415	1403	3	0.20003302
1403	1415	4	0.20005646
1415	1403	4	0.20002766
1404	1415	0	0.19998367
1415	1404	0	0.19998114
1404	1415	1	0.19998567
1415	1404	1	0.19997968
1404	1415	2	0.20003992
1415	1404	2	0.20002368
1404	1415	3	0.20003992
1415	1404	3	0.20002368
1404	1415	4	0.20005825
1415	1404	4	0.20003209
1405	1415	0	0.200006
1415	1405	0	0.19999364
1405	1415	1	0.2000036
1415	1405	1	0.19999564
1405	1415	2	0.20002194
1415	1405	2	0.20001234
1405	1415	3	0.20002195
1415	1405	3	0.20001233
1405	1415	4	0.20006044
1415	1405	4	0.20003761
1406	1415	0	0.2000175
1415	1406	0	0.20000409
1406	1415	1	0.20001367
1415	1406	1	0.2000076
1406	1415	2	0.20000763
1415	1406	2	0.20000267
1406	1415	3	0.20000763
1415	1406	3	0.20000267
1406	1415	4	0.20006026
1415	1406	4	0.20004319
1407	1415	0	0.20002167
1415	1407	0	0.2000141
1407	1415	1	0.20002086
1415	1407	1	0.20001481
1407	1415	2	0.19999796
1415	1407	2	0.19999571
1407	1415	3	0.19999796
1415	1407	3	0.19999573
1407	1415	4	0.2000567
1415	1407	4	0.20004627
1408	1415	0	0.22000673
1415	1408	0	0.19758289
1408	1415	1	0.19506823
1415	1408	1	0.20993958
1408	1415	2	0.19498773
1415	1408	2	0.19749892
1408	1415	3	0.19498773
1415	1408	3	0.1974989
1408	1415	4	0.19506797
1415	1408	4	0.19758676
1409	1415	0	0.30202147
1415	1409	0	0.18736517
1409	1415	1	0.17458667
1415	1409	1	0.25094825
1409	1415	2	0.174497
1415	1409	2	0.1872599
1409	1415	3	0.17449698
1415	1409	3	0.1872599
1409	1415	4	0.17454459
1415	1409	4	0.18731585
1410	1416	0	0.2000302
1416	1410	0	0.20002444
1410	1416	1	0.2000298
1416	1410	1	0.2000248
1410	1416	2	0.19998941
1416	1410	2	0.19998904
1410	1416	3	0.19998942
1416	1410	3	0.19998905
1410	1416	4	0.20003577
1416	1410	4	0.20003125
1410	1417	0	0.2000275
1417	1410	0	0.20002028
1410	1417	1	0.20002949
1417	1410	1	0.20001861
1410	1417	2	0.19999313
1417	1410	2	0.1999921
1410	1417	3	0.19999312
1417	1410	3	0.19999209
1410	1417	4	0.20003787
1417	1410	4	0.20002931
1410	1418	0	0.23887078
1418	1410	0	0.1951829
1410	1418	1	0.19034998
1418	1410	1	0.21940054
1410	1418	2	0.1902881
1418	1410	2	0.19514301
1410	1418	3	0.1902881
1418	1410	3	0.19514303
1410	1418	4	0.1903571
1418	1410	4	0.1951923
1410	1419	0	0.20001127
1419	1410	0	0.20000412
1410	1419	1	0.20001392
1419	1410	1	0.20000196
1410	1419	2	0.20001571
1419	1410	2	0.20000887
1410	1419	3	0.20001571
1419	1410	3	0.20000887
1410	1419	4	0.20004228
1419	1410	4	0.20002593
1411	1416	0	0.20002624
1416	1411	0	0.20002583
1411	1416	1	0.20002668
1416	1411	1	0.20002536
1411	1416	2	0.19998772
1416	1411	2	0.19998679
1411	1416	3	0.19998772
1416	1411	3	0.19998679
1411	1416	4	0.20003468
1416	1411	4	0.20003375
1411	1417	0	0.20002908
1417	1411	0	0.20002195
1411	1417	1	0.20002723
1417	1411	1	0.20002364
1411	1417	2	0.19998783
1417	1411	2	0.19998758
1411	1417	3	0.19998783
1417	1411	3	0.19998756
1411	1417	4	0.20003624
1417	1411	4	0.20003177
1411	1418	0	0.20002753
1418	1411	0	0.20001778
1411	1418	1	0.20002636
1418	1411	1	0.2000187
1411	1418	2	0.19999258
1418	1411	2	0.19999164
1411	1418	3	0.19999258
1418	1411	3	0.19999164
1411	1418	4	0.2000387
1418	1411	4	0.20003016
1411	1419	0	0.20002612
1419	1411	0	0.20001231
1411	1419	1	0.20002216
1419	1411	1	0.20001535
1411	1419	2	0.20000136
1419	1411	2	0.1999979
1411	1419	3	0.20000136
1419	1411	3	0.19999792
1411	1419	4	0.2000397
1419	1411	4	0.20002712
1412	1416	0	0.20002417
1416	1412	0	0.20002854
1412	1416	1	0.20002331
1416	1412	1	0.20002946
1412	1416	2	0.19998845
1416	1412	2	0.19998868
1412	1416	3	0.19998845
1416	1412	3	0.19998868
1412	1416	4	0.20003103
1416	1412	4	0.2000353
1412	1417	0	0.20002715
1417	1412	0	0.2000265
1412	1417	1	0.20002604
1417	1412	1	0.20002769
1412	1417	2	0.19998686
1417	1412	2	0.19998741
1412	1417	3	0.19998686
1417	1412	3	0.19998743
1412	1417	4	0.20003138
1417	1412	4	0.20003188
1412	1418	0	0.27683404
1418	1412	0	0.1904399
1412	1418	1	0.18085295
1418	1412	1	0.23840475
1412	1418	2	0.18079452
1418	1412	2	0.19039384
1412	1418	3	0.18079454
1418	1412	3	0.19039382
1412	1418	4	0.18085536
1418	1412	4	0.19044332
1412	1419	0	0.20002964
1419	1412	0	0.20001794
1412	1419	1	0.20002656
1419	1412	1	0.20002054
1412	1419	2	0.19999467
1419	1412	2	0.1999936
1412	1419	3	0.19999468
1419	1412	3	0.19999358
1412	1419	4	0.20003831
1419	1412	4	0.20002978
1413	1416	0	0.19599628
1416	1413	0	0.2080567
1413	1416	1	0.21612196
1416	1413	1	0.19804458
1413	1416	2	0.19596355
1416	1413	2	0.19798216
1413	1416	3	0.19596355
1416	1413	3	0.19798216
1413	1416	4	0.19601412
1416	1413	4	0.19805981
1413	1417	0	0.2000244
1417	1413	0	0.20002611
1413	1417	1	0.20002115
1417	1413	1	0.20002969
1413	1417	2	0.19998802
1417	1413	2	0.19998814
1413	1417	3	0.19998801
1417	1413	3	0.19998814
1413	1417	4	0.20003137
1417	1413	4	0.20003554
1413	1418	0	0.20002486
1418	1413	0	0.2000265
1413	1418	1	0.20002654
1418	1413	1	0.2000248
1413	1418	2	0.19998685
1418	1413	2	0.19998682
1413	1418	3	0.19998685
1418	1413	3	0.1999868
1413	1418	4	0.20003428
1418	1413	4	0.20003425
1413	1419	0	0.19734083
1419	1413	0	0.20539513
1413	1419	1	0.21084973
1419	1413	1	0.19868849
1413	1419	2	0.19727758
1419	1413	2	0.19863634
1413	1419	3	0.19727758
1419	1413	3	0.19863634
1413	1419	4	0.19734614
1419	1413	4	0.19869603
1414	1416	0	0.200014
1416	1414	0	0.2000241
1414	1416	1	0.20001395
1416	1414	1	0.20002419
1414	1416	2	0.1999964
1416	1414	2	0.19999936
1414	1416	3	0.1999964
1416	1414	3	0.19999936
1414	1416	4	0.20002721
1416	1414	4	0.20003921
1414	1417	0	0.20001942
1417	1414	0	0.20002617
1414	1417	1	0.20001803
1417	1414	1	0.20002785
1414	1417	2	0.19999115
1417	1414	2	0.19999179
1414	1417	3	0.19999117
1417	1414	3	0.19999179
1414	1417	4	0.20002863
1417	1414	4	0.20003602
1414	1418	0	0.20002392
1418	1414	0	0.20003079
1414	1418	1	0.2000254
1418	1414	1	0.2000292
1414	1418	2	0.19998908
1418	1414	2	0.19998938
1414	1418	3	0.19998908
1418	1414	3	0.19998938
1414	1418	4	0.20003094
1418	1414	4	0.2000353
1414	1419	0	0.20002636
1419	1414	0	0.20002545
1414	1419	1	0.20002553
1419	1414	1	0.20002632
1414	1419	2	0.19998705
1419	1414	2	0.19998704
1414	1419	3	0.19998707
1419	1414	3	0.19998704
1414	1419	4	0.20003471
1419	1414	4	0.20003463
1415	1420	0	0.19999936
1420	1415	0	0.20000103
1415	1420	1	0.19999938
1420	1415	1	0.20000103
1415	1420	2	0.19999881
1420	1415	2	0.20000026
1415	1420	3	0.19999881
1420	1415	3	0.20000027
1415	1420	4	0.20000021
1420	1415	4	0.20000185
1415	1421	0	0.18948768
1421	1415	0	0.22102548
1415	1421	1	0.24203895
1421	1415	1	0.19474515
1415	1421	2	0.18949348
1421	1415	2	0.19474871
1415	1421	3	0.18949349
1421	1415	3	0.19474871
1415	1421	4	0.1894739
1421	1415	4	0.19473195
1415	1422	0	0.19335194
1422	1415	0	0.21329547
1415	1422	1	0.22657596
1422	1415	1	0.1966793
1415	1422	2	0.1933573
1422	1415	2	0.19668244
1415	1422	3	0.1933573
1422	1415	3	0.19668245
1415	1422	4	0.19333656
1422	1415	4	0.19666608
1416	1423	0	0.24310583
1423	1416	0	0.19471447
1416	1423	1	0.18936536
1423	1416	1	0.22145003
1416	1423	2	0.18920122
1423	1416	2	0.19458401
1416	1423	3	0.18920122
1423	1416	3	0.19458403
1416	1423	4	0.18932636
1423	1416	4	0.19469501
1416	1424	0	0.20000994
1424	1416	0	0.20000316
1416	1424	1	0.2000098
1424	1416	1	0.20000327
1416	1424	2	0.19998242
1424	1416	2	0.1999839
1416	1424	3	0.1999824
1424	1416	3	0.19998391
1416	1424	4	0.20001003
1424	1416	4	0.20000808
1416	1425	0	0.20001432
1425	1416	0	0.20000716
1416	1425	1	0.2000146
1425	1416	1	0.20000695
1416	1425	2	0.19998753
1425	1416	2	0.19998814
1416	1425	3	0.19998753
1425	1416	3	0.19998814
1416	1425	4	0.20002171
1425	1416	4	0.20001811
1417	1423	0	0.20254369
1423	1417	0	0.19972953
1417	1423	1	0.19942074
1423	1417	1	0.20121136
1417	1423	2	0.19933969
1423	1417	2	0.19966283
1417	1423	3	0.19933969
1423	1417	3	0.19966283
1417	1423	4	0.19940731
1423	1417	4	0.19972396
1417	1424	0	0.20000629
1424	1417	0	0.20000373
1417	1424	1	0.20000651
1424	1417	1	0.20000356
1417	1424	2	0.199982
1424	1417	2	0.19998357
1417	1424	3	0.199982
1424	1417	3	0.19998357
1417	1424	4	0.20000622
1424	1417	4	0.20000654
1417	1425	0	0.2000089
1425	1417	0	0.20000345
1417	1425	1	0.20000903
1425	1417	1	0.20000336
1417	1425	2	0.19998272
1425	1417	2	0.19998445
1417	1425	3	0.19998275
1425	1417	3	0.19998445
1417	1425	4	0.20000999
1425	1417	4	0.20000862
1418	1423	0	0.20000184
1423	1418	0	0.20000072
1418	1423	1	0.20000163
1423	1418	1	0.2000009
1418	1423	2	0.19998893
1423	1418	2	0.19998857
1418	1423	3	0.19998893
1423	1418	3	0.19998856
1418	1423	4	0.20000087
1423	1418	4	0.20000005
1418	1424	0	0.19378477
1424	1418	0	0.21249212
1418	1424	1	0.2251043
1424	1418	1	0.19690423
1418	1424	2	0.19370836
1424	1418	2	0.19684851
1418	1424	3	0.19370836
1424	1418	3	0.19684851
1418	1424	4	0.19378494
1424	1418	4	0.19691017
1418	1425	0	0.18235387
1425	1418	0	0.23545402
1418	1425	1	0.2710556
1425	1418	1	0.19119135
1418	1425	2	0.18220837
1425	1418	2	0.19108917
1418	1425	3	0.18220837
1425	1418	3	0.19108917
1418	1425	4	0.18235698
1425	1418	4	0.19120996
1419	1423	0	0.20296717
1423	1419	0	0.19968131
1419	1423	1	0.19930771
1423	1419	1	0.20141445
1419	1423	2	0.19923516
1423	1419	2	0.19960961
1419	1423	3	0.19923516
1423	1419	3	0.19960961
1419	1423	4	0.19930185
1423	1419	4	0.1996724
1419	1424	0	0.20000118
1424	1419	0	0.20000057
1419	1424	1	0.20000155
1424	1419	1	0.20000018
1419	1424	2	0.19999018
1424	1419	2	0.19998975
1419	1424	3	0.1999902
1424	1419	3	0.19998974
1419	1424	4	0.20000039
1424	1419	4	0.19999954
1419	1425	0	0.20000167
1425	1419	0	0.20000134
1419	1425	1	0.20000175
1425	1419	1	0.20000127
1419	1425	2	0.19998837
1425	1419	2	0.19998913
1419	1425	3	0.19998837
1425	1419	3	0.19998913
1419	1425	4	0.20000073
1425	1419	4	0.20000124
1420	1426	0	0.19985667
1426	1420	0	0.19988406
1420	1426	1	0.19990124
1426	1420	1	0.19983575
1420	1426	2	0.20017847
1426	1420	2	0.20018885
1420	1426	3	0.20017847
1426	1420	3	0.20018886
1420	1426	4	0.20002346
1426	1420	4	0.20002697
1420	1427	0	0.1998904
1427	1420	0	0.19986711
1420	1427	1	0.19986755
1427	1420	1	0.19989006
1420	1427	2	0.20017062
1427	1420	2	0.20017059
1420	1427	3	0.20017062
1427	1420	3	0.20017059
1420	1427	4	0.20002985
1427	1420	4	0.20002952
1420	1428	0	0.19985573
1428	1420	0	0.19988243
1420	1428	1	0.19986284
1428	1420	1	0.19987589
1420	1428	2	0.20019142
1428	1420	2	0.20018098
1420	1428	3	0.20019142
1428	1420	3	0.20018098
1420	1428	4	0.20002191
1428	1420	4	0.20001946
1420	1429	0	0.19984294
1429	1420	0	0.19988118
1420	1429	1	0.19984126
1429	1420	1	0.19988266
1420	1429	2	0.20019881
1429	1420	2	0.20017837
1420	1429	3	0.20019881
1429	1420	3	0.20017837
1420	1429	4	0.2000267
1429	1420	4	0.20002161
1420	1430	0	0.19978842
1430	1420	0	0.19990294
1420	1430	1	0.1998416
1430	1420	1	0.19986077
1420	1430	2	0.20020045
1430	1420	2	0.200176
1420	1430	3	0.20020045
1430	1420	3	0.200176
1420	1430	4	0.20000947
1430	1420	4	0.20001055
1420	1431	0	0.19978122
1431	1420	0	0.1998504
1420	1431	1	0.1997508
1431	1420	1	0.19987266
1420	1431	2	0.20019956
1431	1420	2	0.200174
1420	1431	3	0.20019956
1431	1420	3	0.200174
1420	1431	4	0.20001505
1431	1420	4	0.2000136
1420	1432	0	0.19970195
1432	1420	0	0.19984518
1420	1432	1	0.19972526
1432	1420	1	0.19982944
1420	1432	2	0.20014557
1432	1420	2	0.20013009
1420	1432	3	0.20014557
1432	1420	3	0.2001301
1420	1432	4	0.20001133
1432	1420	4	0.2000259
1420	1433	0	0.1996532
1433	1420	0	0.19981131
1420	1433	1	0.19966525
1433	1420	1	0.19980398
1420	1433	2	0.20010367
1433	1420	2	0.2000977
1420	1433	3	0.20010367
1433	1420	3	0.20009771
1420	1433	4	0.20005028
1433	1420	4	0.20006415
1421	1426	0	0.21160159
1426	1421	0	0.19855075
1421	1426	1	0.19712688
1426	1421	1	0.20524181
1421	1426	2	0.19715677
1426	1421	2	0.1987035
1421	1426	3	0.19715677
1426	1421	3	0.1987035
1421	1426	4	0.19723415
1426	1421	4	0.19869246
1421	1427	0	0.20588495
1427	1421	0	0.19932184
1421	1427	1	0.19854657
1427	1421	1	0.20248473
1421	1427	2	0.19855294
1427	1421	2	0.19937217
1421	1427	3	0.19855292
1427	1421	3	0.19937219
1421	1427	4	0.19868566
1427	1421	4	0.1994781
1421	1428	0	0.19986977
1428	1421	0	0.19988029
1421	1428	1	0.19987974
1428	1421	1	0.19987032
1421	1428	2	0.20018353
1428	1421	2	0.20018353
1421	1428	3	0.20018353
1428	1421	3	0.20018351
1421	1428	4	0.20001593
1428	1421	4	0.20001659
1421	1429	0	0.19985172
1429	1421	0	0.19988629
1421	1429	1	0.19986765
1429	1421	1	0.1998716
1421	1429	2	0.20019235
1429	1421	2	0.20018207
1421	1429	3	0.20019235
1429	1421	3	0.20018208
1421	1429	4	0.20002082
1429	1421	4	0.20001766
1421	1430	0	0.19981052
1430	1421	0	0.19987434
1421	1430	1	0.19982836
1430	1421	1	0.19985901
1421	1430	2	0.20021538
1430	1421	2	0.20019706
1421	1430	3	0.2002154
1430	1421	3	0.20019704
1421	1430	4	0.20000945
1430	1421	4	0.20001027
1421	1431	0	0.19979557
1431	1421	0	0.1998814
1421	1431	1	0.19981502
1431	1421	1	0.19986594
1421	1431	2	0.20020747
1431	1421	2	0.20018187
1421	1431	3	0.20020747
1431	1421	3	0.20018187
1421	1431	4	0.2000213
1431	1421	4	0.20001686
1421	1432	0	0.19975084
1432	1421	0	0.19985005
1421	1432	1	0.19974895
1432	1421	1	0.19985144
1421	1432	2	0.20019685
1432	1421	2	0.20017375
1421	1432	3	0.20019683
1432	1421	3	0.20017374
1421	1432	4	0.20001172
1432	1421	4	0.20001355
1421	1433	0	0.1997049
1433	1421	0	0.19984022
1421	1433	1	0.19971722
1433	1421	1	0.19983192
1421	1433	2	0.20015186
1433	1421	2	0.20013528
1421	1433	3	0.20015185
1433	1421	3	0.20013529
1421	1433	4	0.20001127
1433	1421	4	0.20002456
1422	1426	0	0.1998646
1426	1422	0	0.19977322
1422	1426	1	0.19985089
1426	1422	1	0.19979063
1422	1426	2	0.20018883
1426	1422	2	0.20021091
1422	1426	3	0.20018883
1426	1422	3	0.20021091
1422	1426	4	0.20001353
1426	1422	4	0.20001434
1422	1427	0	0.19987799
1427	1422	0	0.199843
1422	1427	1	0.19988349
1427	1422	1	0.1998366
1422	1427	2	0.20018284
1427	1422	2	0.20020287
1422	1427	3	0.20018284
1427	1422	3	0.20020288
1422	1427	4	0.20001592
1427	1422	4	0.20001973
1422	1428	0	0.1998725
1428	1422	0	0.19985287
1422	1428	1	0.19987342
1428	1422	1	0.19985189
1422	1428	2	0.20019136
1428	1422	2	0.20020169
1422	1428	3	0.20019136
1428	1422	3	0.20020169
1422	1428	4	0.20001355
1428	1422	4	0.20001596
1422	1429	0	0.19986586
1429	1422	0	0.19987899
1422	1429	1	0.19987758
1429	1422	1	0.19986731
1422	1429	2	0.20017871
1429	1422	2	0.20017873
1422	1429	3	0.20017871
1429	1422	3	0.20017873
1422	1429	4	0.20002845
1429	1422	4	0.20003
1422	1430	0	0.19987608
1430	1422	0	0.19988476
1422	1430	1	0.19986784
1430	1422	1	0.19989233
1422	1430	2	0.20017174
1430	1422	2	0.20016178
1422	1430	3	0.20017174
1430	1422	3	0.20016178
1422	1430	4	0.20003404
1430	1422	4	0.20002937
1422	1431	0	0.19983016
1431	1422	0	0.1998786
1422	1431	1	0.19983704
1431	1422	1	0.19987272
1422	1431	2	0.20020433
1431	1422	2	0.20018378
1422	1431	3	0.20020431
1431	1422	3	0.20018378
1422	1431	4	0.20002885
1431	1422	4	0.20002437
1422	1432	0	0.1998263
1432	1422	0	0.19988762
1422	1432	1	0.19982444
1432	1422	1	0.1998891
1422	1432	2	0.20020163
1432	1422	2	0.20017497
1422	1432	3	0.20020163
1432	1422	3	0.20017497
1422	1432	4	0.20001034
1432	1422	4	0.20001027
1422	1433	0	0.19975987
1433	1422	0	0.19985004
1422	1433	1	0.19974871
1433	1422	1	0.19985825
1422	1433	2	0.20018198
1433	1422	2	0.2001615
1422	1433	3	0.20018198
1433	1422	3	0.2001615
1422	1433	4	0.20000954
1433	1422	4	0.20001513
1423	1434	0	0.19992857
1434	1423	0	0.19995402
1423	1434	1	0.19994302
1434	1423	1	0.19994275
1423	1434	2	0.20007747
1434	1423	2	0.20005372
1423	1434	3	0.20007747
1434	1423	3	0.20005372
1423	1434	4	0.20008956
1434	1423	4	0.20005982
1423	1435	0	0.19809237
1435	1423	0	0.20392239
1423	1435	1	0.20847803
1435	1423	1	0.19910294
1423	1435	2	0.19783586
1435	1423	2	0.19893561
1423	1435	3	0.19783588
1435	1423	3	0.19893561
1423	1435	4	0.1981054
1435	1423	4	0.19913733
1423	1436	0	0.19693895
1436	1423	0	0.20633696
1423	1436	1	0.21331866
1436	1423	1	0.19852516
1423	1436	2	0.19656731
1436	1423	2	0.19829406
1423	1436	3	0.19656733
1436	1423	3	0.19829404
1423	1436	4	0.19685777
1436	1423	4	0.198507
1423	1437	0	0.16642733
1437	1423	0	0.26894617
1423	1437	1	0.3388671
1437	1423	1	0.183518
1423	1437	2	0.1649557
1437	1423	2	0.18251348
1423	1437	3	0.16495572
1437	1423	3	0.18251346
1423	1437	4	0.16499232
1437	1423	4	0.18255496
1423	1438	0	0.16760439
1438	1423	0	0.2666723
1423	1438	1	0.33413738
1438	1423	1	0.18402922
1423	1438	2	0.16608565
1438	1423	2	0.18306732
1423	1438	3	0.16608565
1438	1423	3	0.18306732
1423	1438	4	0.16615121
1438	1423	4	0.18312004
1424	1434	0	0.19994594
1434	1424	0	0.19996117
1424	1434	1	0.19995593
1434	1424	1	0.19995274
1424	1434	2	0.2000638
1434	1424	2	0.20004801
1424	1434	3	0.2000638
1434	1424	3	0.20004801
1424	1434	4	0.20009343
1434	1424	4	0.20007196
1424	1435	0	0.19995587
1435	1424	0	0.19995521
1424	1435	1	0.19994834
1435	1424	1	0.19996108
1424	1435	2	0.200064
1435	1424	2	0.20004304
1424	1435	3	0.20006399
1435	1424	3	0.20004305
1424	1435	4	0.20009248
1435	1424	4	0.20006198
1424	1436	0	0.1999097
1436	1424	0	0.19993785
1424	1436	1	0.19991343
1436	1424	1	0.19993512
1424	1436	2	0.2001023
1436	1424	2	0.20007005
1424	1436	3	0.20010231
1436	1424	3	0.20007005
1424	1436	4	0.20007926
1436	1424	4	0.2000447
1424	1437	0	0.19987713
1437	1424	0	0.19991872
1424	1437	1	0.19986969
1437	1424	1	0.19992352
1424	1437	2	0.2001461
1437	1424	2	0.20010181
1424	1437	3	0.20014611
1437	1424	3	0.20010181
1424	1437	4	0.20006537
1437	1424	4	0.20003013
1424	1438	0	0.19981219
1438	1424	0	0.19994248
1424	1438	1	0.19988659
1438	1424	1	0.19989528
1424	1438	2	0.20017141
1438	1424	2	0.20011872
1424	1438	3	0.20017141
1438	1424	3	0.20011872
1424	1438	4	0.2000497
1438	1424	4	0.20002079
1425	1434	0	0.19997868
1434	1425	0	0.19996883
1425	1434	1	0.19996826
1434	1425	1	0.19997838
1425	1434	2	0.20004407
1434	1425	2	0.20003763
1425	1434	3	0.20004407
1434	1425	3	0.20003763
1425	1434	4	0.20009176
1434	1425	4	0.20008081
1425	1435	0	0.1999509
1435	1425	0	0.19996215
1425	1435	1	0.1999577
1435	1425	1	0.19995643
1425	1435	2	0.20006259
1435	1425	2	0.20004705
1425	1435	3	0.20006259
1435	1425	3	0.20004706
1425	1435	4	0.2000928
1435	1425	4	0.20007122
1425	1436	0	0.19994637
1436	1425	0	0.19995981
1425	1436	1	0.19995359
1436	1425	1	0.1999542
1425	1436	2	0.20006639
1436	1425	2	0.20004477
1425	1436	3	0.20006639
1436	1425	3	0.20004477
1425	1436	4	0.2000914
1436	1425	4	0.20006108
1425	1437	0	0.19991057
1437	1425	0	0.19993323
1425	1437	1	0.1999059
1437	1425	1	0.19993652
1425	1437	2	0.20010644
1437	1425	2	0.20007284
1425	1437	3	0.20010644
1437	1425	3	0.20007284
1425	1437	4	0.20007917
1437	1425	4	0.20004432
1425	1438	0	0.1998886
1438	1425	0	0.199921
1425	1438	1	0.19987623
1438	1425	1	0.19992915
1425	1438	2	0.20013474
1438	1425	2	0.20009291
1425	1438	3	0.20013472
1438	1425	3	0.20009291
1425	1438	4	0.20006765
1438	1425	4	0.20003204
1426	1440	0	0.19968265
1440	1426	0	0.19982103
1426	1440	1	0.19966282
1440	1426	1	0.1998328
1426	1440	2	0.20016219
1440	1426	2	0.20013195
1426	1440	3	0.20016217
1440	1426	3	0.20013197
1426	1440	4	0.20008527
1440	1426	4	0.20006904
1426	1439	0	0.19969602
1439	1426	0	0.19984338
1426	1439	1	0.19971627
1439	1426	1	0.19983053
1426	1439	2	0.20018928
1439	1426	2	0.2001526
1426	1439	3	0.20018928
1439	1426	3	0.20015262
1426	1439	4	0.20006983
1439	1426	4	0.20005691
1427	1440	0	0.19970933
1440	1427	0	0.19984443
1427	1440	1	0.19971636
1440	1427	1	0.19983998
1427	1440	2	0.20018846
1440	1427	2	0.20015332
1427	1440	3	0.20018844
1440	1427	3	0.20015332
1427	1440	4	0.20005988
1440	1427	4	0.20004928
1427	1439	0	0.19976698
1439	1427	0	0.19985819
1427	1439	1	0.19975662
1439	1427	1	0.19986527
1427	1439	2	0.20021921
1439	1427	2	0.20017326
1427	1439	3	0.20021921
1439	1427	3	0.20017326
1427	1439	4	0.20005937
1439	1427	4	0.20004527
1428	1440	0	0.19977842
1440	1428	0	0.1998612
1428	1440	1	0.19975942
1440	1428	1	0.19987428
1428	1440	2	0.20021825
1440	1428	2	0.20017369
1428	1440	3	0.20021825
1440	1428	3	0.20017369
1428	1440	4	0.20004536
1440	1428	4	0.20003413
1428	1439	0	0.19979078
1439	1428	0	0.19988175
1428	1439	1	0.19980979
1439	1428	1	0.19986749
1428	1439	2	0.20021278
1439	1428	2	0.20017344
1428	1439	3	0.20021278
1439	1428	3	0.20017341
1428	1439	4	0.20005216
1439	1428	4	0.2000402
1429	1440	0	0.19979249
1440	1429	0	0.19986445
1429	1440	1	0.19978389
1440	1429	1	0.19987081
1429	1440	2	0.20022438
1440	1429	2	0.20018497
1429	1440	3	0.20022438
1440	1429	3	0.20018497
1429	1440	4	0.2000456
1440	1429	4	0.20003502
1429	1439	0	0.19983667
1439	1429	0	0.19989675
1429	1439	1	0.1998536
1439	1429	1	0.19988306
1429	1439	2	0.20018244
1439	1429	2	0.20015469
1429	1439	3	0.20018242
1439	1429	3	0.20015469
1429	1439	4	0.20005777
1439	1429	4	0.20004477
1430	1440	0	0.19983833
1440	1430	0	0.19987825
1430	1440	1	0.19982845
1440	1430	1	0.19988623
1430	1440	2	0.2001925
1440	1430	2	0.20016335
1430	1440	3	0.2001925
1440	1430	3	0.20016335
1430	1440	4	0.20005813
1440	1430	4	0.20004661
1430	1439	0	0.1998702
1439	1430	0	0.19987625
1430	1439	1	0.19984783
1439	1430	1	0.199896
1430	1439	2	0.20017023
1439	1430	2	0.20015302
1430	1439	3	0.20017023
1439	1430	3	0.20015302
1430	1439	4	0.20006093
1439	1430	4	0.2000529
1431	1440	0	0.19986172
1440	1431	0	0.19989876
1431	1440	1	0.19987583
1440	1431	1	0.19988635
1431	1440	2	0.20015429
1440	1431	2	0.20013784
1431	1440	3	0.20015429
1440	1431	3	0.20013784
1431	1440	4	0.2000696
1440	1431	4	0.20005947
1431	1439	0	0.19990659
1439	1431	0	0.19987805
1431	1439	1	0.19987035
1439	1431	1	0.19991282
1431	1439	2	0.2001339
1439	1431	2	0.20012873
1431	1439	3	0.2001339
1439	1431	3	0.20012873
1431	1439	4	0.20006979
1439	1431	4	0.20006602
1432	1440	0	0.22573411
1440	1432	0	0.19694397
1432	1440	1	0.19371457
1440	1432	1	0.21224801
1432	1440	2	0.19352311
1440	1432	2	0.1968687
1432	1440	3	0.19352311
1440	1432	3	0.19686872
1432	1440	4	0.19377244
1440	1432	4	0.19701028
1432	1439	0	0.19989581
1439	1432	0	0.19988634
1432	1439	1	0.19989346
1439	1432	1	0.19988881
1432	1439	2	0.2001294
1439	1432	2	0.20013462
1432	1439	3	0.20012939
1439	1432	3	0.2001346
1432	1439	4	0.20006663
1439	1432	4	0.20007038
1433	1440	0	0.19987412
1440	1433	0	0.19987744
1433	1440	1	0.19988428
1440	1433	1	0.19986677
1433	1440	2	0.2001538
1440	1433	2	0.20015913
1433	1440	3	0.2001538
1440	1433	3	0.20015912
1433	1440	4	0.20006089
1440	1433	4	0.20006506
1433	1439	0	0.19990787
1439	1433	0	0.19989902
1433	1439	1	0.19991653
1439	1433	1	0.1998892
1433	1439	2	0.20010714
1439	1433	2	0.20012152
1433	1439	3	0.20010714
1439	1433	3	0.20012152
1433	1439	4	0.20006242
1439	1433	4	0.20007338
1434	1441	0	0.20001833
1441	1434	0	0.20001175
1434	1441	1	0.2000184
1441	1434	1	0.20001166
1434	1441	2	0.19998273
1441	1434	2	0.19998284
1434	1441	3	0.19998272
1441	1434	3	0.19998285
1434	1441	4	0.20002247
1441	1434	4	0.20001937
1434	1442	0	0.20002083
1442	1434	0	0.20001367
1434	1442	1	0.20002174
1442	1434	1	0.20001298
1434	1442	2	0.199989
1442	1434	2	0.19998877
1434	1442	3	0.199989
1442	1434	3	0.19998878
1434	1442	4	0.20003061
1442	1434	4	0.20002495
1434	1443	0	0.200021
1443	1434	0	0.20001124
1434	1443	1	0.20002078
1443	1434	1	0.20001137
1434	1443	2	0.19999264
1443	1434	2	0.1999912
1434	1443	3	0.19999264
1443	1434	3	0.1999912
1434	1443	4	0.20003672
1443	1434	4	0.20002647
1435	1441	0	0.20001541
1441	1435	0	0.20001143
1435	1441	1	0.20001532
1441	1435	1	0.20001152
1435	1441	2	0.19997738
1441	1435	2	0.19997795
1435	1441	3	0.19997738
1441	1435	3	0.19997795
1435	1441	4	0.20001855
1441	1435	4	0.20001708
1435	1442	0	0.20002161
1442	1435	0	0.20001395
1435	1442	1	0.20002212
1442	1435	1	0.20001353
1435	1442	2	0.19998424
1442	1435	2	0.19998391
1435	1442	3	0.19998424
1442	1435	3	0.19998391
1435	1442	4	0.20002706
1442	1435	4	0.2000223
1435	1443	0	0.20002231
1443	1435	0	0.20001277
1435	1443	1	0.20002249
1443	1435	1	0.20001261
1435	1443	2	0.19998844
1443	1435	2	0.19998826
1435	1443	3	0.19998844
1443	1435	3	0.19998826
1435	1443	4	0.20003036
1443	1435	4	0.2000232
1436	1441	0	0.20001473
1441	1436	0	0.20001277
1436	1441	1	0.20001411
1441	1436	1	0.2000134
1436	1441	2	0.19997708
1441	1436	2	0.19997613
1436	1441	3	0.1999771
1441	1436	3	0.19997613
1436	1441	4	0.20001793
1441	1436	4	0.2000166
1436	1442	0	0.20001857
1442	1436	0	0.20001246
1436	1442	1	0.20001654
1442	1436	1	0.20001432
1436	1442	2	0.19997825
1442	1436	2	0.19997862
1436	1442	3	0.19997825
1442	1436	3	0.19997862
1436	1442	4	0.20002079
1442	1436	4	0.200019
1436	1443	0	0.2000201
1443	1436	0	0.20001368
1436	1443	1	0.20002082
1443	1436	1	0.2000131
1436	1443	2	0.19998439
1443	1436	2	0.19998415
1436	1443	3	0.19998439
1443	1436	3	0.19998416
1436	1443	4	0.20002657
1443	1436	4	0.20002279
1437	1441	0	0.20001273
1441	1437	0	0.20001695
1437	1441	1	0.20001234
1441	1437	1	0.20001736
1437	1441	2	0.19997808
1441	1437	2	0.19997765
1437	1441	3	0.19997808
1441	1437	3	0.19997765
1437	1441	4	0.20001815
1441	1437	4	0.20002034
1437	1442	0	0.20001261
1442	1437	0	0.20001113
1437	1442	1	0.2000117
1442	1437	1	0.20001203
1437	1442	2	0.19997668
1442	1437	2	0.19997643
1437	1442	3	0.1999767
1442	1437	3	0.19997644
1437	1442	4	0.2000155
1442	1437	4	0.20001489
1437	1443	0	0.25251818
1443	1437	0	0.1934946
1437	1443	1	0.18695143
1443	1437	1	0.22623071
1437	1443	2	0.18684326
1443	1437	2	0.19340551
1437	1443	3	0.18684326
1443	1437	3	0.19340551
1437	1443	4	0.1869496
1443	1437	4	0.19349836
1438	1441	0	0.2000134
1441	1438	0	0.2000219
1438	1441	1	0.20001388
1441	1438	1	0.2000213
1438	1441	2	0.19998395
1441	1438	2	0.19998431
1438	1441	3	0.19998395
1441	1438	3	0.19998433
1438	1441	4	0.20002274
1441	1438	4	0.2000274
1438	1442	0	0.20001279
1442	1438	0	0.20001794
1438	1442	1	0.20001373
1442	1438	1	0.2000169
1438	1442	2	0.19997855
1442	1438	2	0.19997814
1438	1442	3	0.19997855
1442	1438	3	0.19997814
1438	1442	4	0.200019
1442	1438	4	0.20002076
1438	1443	0	0.2608265
1443	1438	0	0.19245028
1438	1443	1	0.18485749
1443	1438	1	0.23038422
1438	1443	2	0.1847802
1443	1438	2	0.1923802
1438	1443	3	0.18478018
1443	1438	3	0.1923802
1438	1443	4	0.18485804
1443	1438	4	0.19245015
1439	1444	0	0.20528452
1444	1439	0	0.19933204
1439	1444	1	0.19866553
1444	1439	1	0.20265953
1439	1444	2	0.19867894
1444	1439	2	0.19934164
1439	1444	3	0.19867894
1444	1439	3	0.19934165
1439	1444	4	0.19866501
1444	1439	4	0.19932964
1439	1445	0	0.19999805
1445	1439	0	0.2000015
1439	1445	1	0.1999981
1445	1439	1	0.20000148
1439	1445	2	0.19999866
1445	1439	2	0.2000017
1439	1445	3	0.19999866
1445	1439	3	0.2000017
1439	1445	4	0.19999993
1445	1439	4	0.20000277
1440	1444	0	0.19999972
1444	1440	0	0.20000054
1440	1444	1	0.19999972
1444	1440	1	0.20000052
1440	1444	2	0.19999945
1444	1440	2	0.20000017
1440	1444	3	0.19999945
1444	1440	3	0.20000017
1440	1444	4	0.19999962
1444	1440	4	0.20000042
1440	1445	0	0.19999915
1445	1440	0	0.2000011
1440	1445	1	0.19999914
1445	1440	1	0.20000112
1440	1445	2	0.19999869
1445	1440	2	0.20000048
1440	1445	3	0.19999868
1445	1440	3	0.20000048
1440	1445	4	0.20000008
1445	1440	4	0.20000206
1450	1457	0	0.2000027
1457	1450	0	0.20000045
1450	1457	1	0.20000276
1457	1450	1	0.20000039
1450	1457	2	0.19998856
1457	1450	2	0.1999905
1450	1457	3	0.19998856
1457	1450	3	0.1999905
1450	1457	4	0.20000124
1457	1450	4	0.2000018
1450	1458	0	0.20000693
1458	1450	0	0.20000137
1450	1458	1	0.20000689
1458	1450	1	0.20000139
1450	1458	2	0.19998428
1458	1450	2	0.19998716
1450	1458	3	0.19998428
1458	1450	3	0.19998714
1450	1458	4	0.20000665
1458	1450	4	0.20000584
1451	1457	0	0.19999874
1457	1451	0	0.19999897
1451	1457	1	0.19999881
1457	1451	1	0.19999887
1451	1457	2	0.19999577
1457	1451	2	0.19999652
1451	1457	3	0.19999577
1457	1451	3	0.19999652
1451	1457	4	0.19999759
1457	1451	4	0.19999826
1451	1458	0	0.19442189
1458	1451	0	0.21117862
1451	1458	1	0.2223679
1458	1451	1	0.19721392
1451	1458	2	0.19439436
1458	1451	2	0.19719283
1451	1458	3	0.19439436
1458	1451	3	0.19719283
1451	1458	4	0.19442557
1458	1451	4	0.197222
1452	1457	0	0.19999756
1457	1452	0	0.1999979
1452	1457	1	0.19999759
1457	1452	1	0.19999789
1452	1457	2	0.19999886
1457	1452	2	0.1999992
1452	1457	3	0.19999884
1457	1452	3	0.1999992
1452	1457	4	0.19999655
1457	1452	4	0.1999969
1452	1458	0	0.19999883
1458	1452	0	0.19999897
1452	1458	1	0.19999872
1458	1452	1	0.19999903
1452	1458	2	0.19999574
1458	1452	2	0.19999668
1452	1458	3	0.19999574
1458	1452	3	0.19999668
1452	1458	4	0.19999783
1458	1452	4	0.19999838
1453	1457	0	0.19488549
1457	1453	0	0.21023308
1453	1457	1	0.22046648
1457	1453	1	0.19744502
1453	1457	2	0.19486949
1457	1453	2	0.19742823
1453	1457	3	0.19486949
1457	1453	3	0.19742821
1453	1457	4	0.19488482
1457	1453	4	0.19744393
1453	1458	0	0.18261373
1458	1453	0	0.23478583
1453	1458	1	0.26957762
1458	1453	1	0.19131196
1453	1458	2	0.18259133
1458	1453	2	0.19128932
1453	1458	3	0.18259133
1458	1453	3	0.19128932
1453	1458	4	0.18261579
1458	1453	4	0.19131495
1454	1457	0	0.19698378
1457	1454	0	0.20605318
1454	1457	1	0.21209739
1457	1454	1	0.19849783
1454	1457	2	0.19695923
1457	1454	2	0.19846857
1454	1457	3	0.19695923
1457	1454	3	0.19846857
1454	1457	4	0.19698596
1457	1454	4	0.19849606
1454	1458	0	0.1869677
1458	1454	0	0.22607283
1454	1458	1	0.252156
1458	1454	1	0.19348852
1454	1458	2	0.18694939
1458	1454	2	0.19346821
1454	1458	3	0.1869494
1458	1454	3	0.19346821
1454	1458	4	0.18696882
1458	1454	4	0.19348876
1455	1459	0	0.18057272
1459	1455	0	0.23884726
1455	1459	1	0.2776874
1459	1455	1	0.19028358
1455	1459	2	0.18058248
1459	1455	2	0.19029237
1455	1459	3	0.18058246
1459	1455	3	0.19029237
1455	1459	4	0.1805667
1459	1455	4	0.19027661
1455	1460	0	0.18318975
1460	1455	0	0.23361188
1455	1460	1	0.2672148
1460	1455	1	0.19159304
1455	1460	2	0.18319981
1460	1455	2	0.19160067
1455	1460	3	0.1831998
1460	1455	3	0.19160067
1455	1460	4	0.18318138
1460	1455	4	0.19158398
1455	1461	0	0.18068638
1461	1455	0	0.23862794
1455	1461	1	0.2772491
1461	1455	1	0.19034281
1455	1461	2	0.18068689
1461	1455	2	0.19034292
1455	1461	3	0.18068689
1461	1455	3	0.19034292
1455	1461	4	0.18067418
1461	1455	4	0.19033256
1456	1459	0	0.18046391
1459	1456	0	0.23907001
1456	1459	1	0.2781385
1459	1456	1	0.19022918
1456	1459	2	0.18046916
1459	1456	2	0.1902347
1456	1459	3	0.18046916
1459	1456	3	0.1902347
1456	1459	4	0.18045826
1459	1456	4	0.19022326
1456	1460	0	0.18307902
1460	1456	0	0.23383829
1456	1460	1	0.26766667
1460	1456	1	0.19153774
1456	1460	2	0.18308574
1460	1456	2	0.19154309
1456	1460	3	0.18308574
1460	1456	3	0.19154309
1456	1460	4	0.18307297
1460	1456	4	0.19153096
1456	1461	0	0.18057387
1461	1456	0	0.2388546
1456	1461	1	0.27770156
1461	1456	1	0.19028601
1456	1461	2	0.1805747
1461	1456	2	0.19028597
1456	1461	3	0.18057472
1461	1456	3	0.19028598
1456	1461	4	0.18056494
1461	1456	4	0.19027767
1457	1462	0	0.20000023
1462	1457	0	0.20000106
1457	1462	1	0.20000005
1462	1457	1	0.20000121
1457	1462	2	0.19999053
1462	1457	2	0.199991
1457	1462	3	0.19999054
1462	1457	3	0.199991
1457	1462	4	0.19999923
1462	1457	4	0.2000001
1457	1463	0	0.20000161
1463	1457	0	0.20000094
1457	1463	1	0.20000133
1463	1457	1	0.2000012
1457	1463	2	0.19998914
1463	1457	2	0.19998987
1457	1463	3	0.19998914
1463	1457	3	0.19998986
1457	1463	4	0.20000038
1463	1457	4	0.20000088
1457	1464	0	0.20000635
1464	1457	0	0.20000257
1457	1464	1	0.2000061
1464	1457	1	0.20000279
1457	1464	2	0.19998303
1464	1457	2	0.19998424
1457	1464	3	0.19998303
1464	1457	3	0.19998424
1457	1464	4	0.20000513
1464	1457	4	0.20000517
1457	1465	0	0.20000881
1465	1457	0	0.20000288
1457	1465	1	0.20000876
1465	1457	1	0.20000292
1457	1465	2	0.1999829
1465	1457	2	0.19998452
1457	1465	3	0.19998291
1465	1457	3	0.19998452
1457	1465	4	0.20000911
1465	1457	4	0.20000759
1457	1466	0	0.2000149
1466	1457	0	0.20000689
1457	1466	1	0.20001563
1466	1457	1	0.20000635
1457	1466	2	0.1999868
1466	1457	2	0.19998725
1457	1466	3	0.1999868
1466	1457	3	0.19998725
1457	1466	4	0.20002182
1466	1457	4	0.20001717
1458	1462	0	0.20000124
1462	1458	0	0.20000254
1458	1462	1	0.20000172
1462	1458	1	0.200002
1458	1462	2	0.19998816
1462	1458	2	0.19998737
1458	1462	3	0.19998816
1462	1458	3	0.19998737
1458	1462	4	0.20000167
1462	1458	4	0.20000103
1458	1463	0	0.20000099
1463	1458	0	0.20000061
1458	1463	1	0.20000122
1463	1458	1	0.20000033
1458	1463	2	0.19999044
1463	1458	2	0.19999014
1458	1463	3	0.19999044
1463	1458	3	0.19999014
1458	1463	4	0.2000001
1463	1458	4	0.19999956
1458	1464	0	0.20000282
1464	1458	0	0.20000258
1458	1464	1	0.20000334
1464	1458	1	0.20000212
1458	1464	2	0.1999851
1464	1458	2	0.19998595
1458	1464	3	0.19998509
1464	1458	3	0.19998595
1458	1464	4	0.20000222
1464	1458	4	0.20000279
1458	1465	0	0.20000508
1465	1458	0	0.20000222
1458	1465	1	0.20000508
1465	1458	1	0.20000221
1458	1465	2	0.19998446
1465	1458	2	0.19998582
1458	1465	3	0.19998446
1465	1458	3	0.19998583
1458	1465	4	0.20000392
1465	1458	4	0.20000423
1458	1466	0	0.20001149
1466	1458	0	0.20000534
1458	1466	1	0.20001093
1466	1458	1	0.20000577
1458	1466	2	0.19998233
1466	1458	2	0.1999837
1458	1466	3	0.19998233
1466	1458	3	0.1999837
1458	1466	4	0.20001379
1466	1458	4	0.20001234
1459	1472	0	0.19982204
1472	1459	0	0.19991726
1459	1472	1	0.19982354
1472	1459	1	0.19991636
1459	1472	2	0.20019299
1472	1459	2	0.20013736
1459	1472	3	0.20019297
1472	1459	3	0.20013736
1459	1472	4	0.20003547
1472	1459	4	0.20001574
1459	1467	0	0.19997181
1467	1459	0	0.19998017
1459	1467	1	0.19997922
1467	1459	1	0.1999734
1459	1467	2	0.20004578
1467	1459	2	0.20003933
1459	1467	3	0.20004578
1467	1459	3	0.20003933
1459	1467	4	0.20006706
1467	1459	4	0.20005822
1459	1468	0	0.19997136
1468	1459	0	0.1999594
1459	1468	1	0.19995217
1468	1459	1	0.19997542
1459	1468	2	0.20005913
1468	1459	2	0.20004502
1459	1468	3	0.20005912
1468	1459	3	0.20004502
1459	1468	4	0.20006718
1468	1459	4	0.20005049
1459	1469	0	0.19993329
1469	1459	0	0.1999494
1459	1469	1	0.19993027
1469	1459	1	0.19995172
1459	1469	2	0.20008954
1469	1459	2	0.20006482
1459	1469	3	0.20008954
1469	1459	3	0.20006482
1459	1469	4	0.20006284
1469	1459	4	0.20004094
1459	1470	0	0.19992812
1470	1459	0	0.19994855
1459	1470	1	0.19992656
1470	1459	1	0.19994964
1459	1470	2	0.20008977
1470	1459	2	0.20006154
1459	1470	3	0.20008977
1470	1459	3	0.20006154
1459	1470	4	0.2000634
1470	1459	4	0.20003708
1459	1471	0	0.19985542
1471	1459	0	0.19991943
1459	1471	1	0.19985218
1471	1459	1	0.1999216
1459	1471	2	0.20016845
1471	1459	2	0.20012315
1459	1471	3	0.20016845
1471	1459	3	0.20012315
1459	1471	4	0.20004648
1471	1459	4	0.20002256
1460	1472	0	0.19987024
1472	1460	0	0.19992335
1460	1472	1	0.19986078
1472	1460	1	0.1999296
1460	1472	2	0.2001568
1472	1460	2	0.20011368
1460	1472	3	0.2001568
1472	1460	3	0.20011368
1460	1472	4	0.20004638
1472	1460	4	0.20002335
1460	1467	0	0.19998887
1467	1460	0	0.19998
1460	1467	1	0.19998094
1467	1460	1	0.19998807
1460	1467	2	0.20003524
1467	1460	2	0.20003496
1460	1467	3	0.20003524
1467	1460	3	0.20003496
1460	1467	4	0.2000688
1467	1460	4	0.20006779
1460	1468	0	0.1999694
1468	1460	0	0.19998462
1460	1468	1	0.19998425
1468	1460	1	0.1999711
1460	1468	2	0.20004466
1468	1460	2	0.20003822
1460	1468	3	0.20004468
1468	1460	3	0.20003822
1460	1468	4	0.20006987
1468	1460	4	0.20006083
1460	1469	0	0.19996913
1469	1460	0	0.19997536
1460	1469	1	0.19997232
1469	1460	1	0.19997267
1460	1469	2	0.20005189
1469	1460	2	0.20003901
1460	1469	3	0.20005187
1469	1460	3	0.20003903
1460	1469	4	0.20006613
1469	1460	4	0.20004964
1460	1470	0	0.19993217
1470	1460	0	0.19994955
1460	1470	1	0.19993126
1470	1460	1	0.19995023
1460	1470	2	0.20008783
1470	1460	2	0.20006332
1460	1470	3	0.20008782
1470	1460	3	0.20006333
1460	1470	4	0.20006587
1470	1460	4	0.2000433
1460	1471	0	0.19992056
1471	1460	0	0.19994378
1460	1471	1	0.19991623
1471	1460	1	0.19994684
1460	1471	2	0.2001004
1471	1460	2	0.20007038
1460	1471	3	0.20010042
1471	1460	3	0.20007038
1460	1471	4	0.20005915
1471	1460	4	0.20003434
1461	1472	0	0.19993247
1472	1461	0	0.19994089
1461	1472	1	0.19991365
1472	1461	1	0.19995429
1461	1472	2	0.20009626
1472	1461	2	0.20006642
1461	1472	3	0.20009626
1472	1461	3	0.20006642
1461	1472	4	0.20006059
1472	1461	4	0.2000348
1461	1467	0	0.1999839
1467	1461	0	0.19997236
1461	1467	1	0.19997342
1467	1461	1	0.1999838
1461	1467	2	0.20003627
1467	1461	2	0.20004252
1461	1467	3	0.20003627
1467	1461	3	0.20004252
1461	1467	4	0.20006466
1467	1461	4	0.20007403
1461	1468	0	0.19998807
1468	1461	0	0.19997394
1461	1468	1	0.19997457
1468	1461	1	0.19998746
1461	1468	2	0.20003863
1468	1461	2	0.20003843
1461	1468	3	0.20003863
1468	1461	3	0.20003845
1461	1468	4	0.20006827
1468	1461	4	0.2000676
1461	1469	0	0.19997697
1469	1461	0	0.19997229
1461	1469	1	0.19997042
1469	1461	1	0.1999783
1461	1469	2	0.20004736
1469	1461	2	0.20004067
1461	1469	3	0.20004736
1469	1461	3	0.20004067
1461	1469	4	0.20007053
1469	1461	4	0.20006153
1461	1470	0	0.1999603
1470	1461	0	0.1999665
1461	1470	1	0.19996096
1470	1461	1	0.19996588
1461	1470	2	0.20005916
1470	1461	2	0.20004508
1461	1470	3	0.20005918
1470	1461	3	0.20004508
1461	1470	4	0.20006888
1470	1461	4	0.20005193
1461	1471	0	0.1999312
1471	1461	0	0.19995444
1461	1471	1	0.19993934
1471	1461	1	0.19994819
1461	1471	2	0.20008215
1471	1461	2	0.20005889
1461	1471	3	0.20008215
1471	1461	3	0.20005889
1461	1471	4	0.20006861
1471	1461	4	0.2000455
1473	1475	0	0.1999993
1475	1473	0	0.20000069
1473	1475	1	0.19999932
1475	1473	1	0.20000067
1473	1475	2	0.19999935
1475	1473	2	0.20000069
1473	1475	3	0.19999933
1475	1473	3	0.20000069
1473	1475	4	0.1999993
1475	1473	4	0.20000066
1474	1476	0	0.19999993
1476	1474	0	0.20000008
1474	1476	1	0.19999993
1476	1474	1	0.20000008
1474	1476	2	0.19999991
1476	1474	2	0.20000006
1474	1476	3	0.19999991
1476	1474	3	0.20000005
1474	1476	4	0.19999996
1476	1474	4	0.20000009
1474	1477	0	0.1999989
1477	1474	0	0.20000103
1474	1477	1	0.19999889
1477	1474	1	0.20000105
1474	1477	2	0.19999911
1477	1474	2	0.20000114
1474	1477	3	0.19999912
1477	1474	3	0.20000115
1474	1477	4	0.19999887
1477	1474	4	0.200001
1475	1478	0	0.1999988
1478	1475	0	0.19999859
1475	1478	1	0.19999881
1478	1475	1	0.19999857
1475	1478	2	0.20000166
1478	1475	2	0.20000178
1475	1478	3	0.20000164
1478	1475	3	0.20000178
1475	1478	4	0.19999847
1478	1475	4	0.19999856
1475	1479	0	0.19999868
1479	1475	0	0.19999906
1475	1479	1	0.19999866
1479	1475	1	0.19999906
1475	1479	2	0.20000179
1479	1475	2	0.20000207
1475	1479	3	0.20000179
1479	1475	3	0.20000207
1475	1479	4	0.1999986
1479	1475	4	0.19999903
1475	1480	0	0.19999844
1480	1475	0	0.19999893
1475	1480	1	0.19999842
1480	1475	1	0.19999894
1475	1480	2	0.20000175
1480	1475	2	0.20000169
1475	1480	3	0.20000176
1480	1475	3	0.20000167
1475	1480	4	0.19999845
1480	1475	4	0.19999863
1475	1481	0	0.19999667
1481	1475	0	0.19999944
1475	1481	1	0.19999665
1481	1475	1	0.19999944
1475	1481	2	0.20000106
1481	1475	2	0.2000017
1475	1481	3	0.20000109
1481	1475	3	0.2000017
1475	1481	4	0.19999656
1481	1475	4	0.1999984
1475	1482	0	0.19999444
1482	1475	0	0.19999984
1475	1482	1	0.19999444
1482	1475	1	0.19999985
1475	1482	2	0.2000009
1482	1475	2	0.2000032
1475	1482	3	0.2000009
1482	1475	3	0.2000032
1475	1482	4	0.19999397
1482	1475	4	0.19999774
1476	1483	0	0.20002131
1483	1476	0	0.20001936
1476	1483	1	0.20002183
1483	1476	1	0.20001887
1476	1483	2	0.1999917
1483	1476	2	0.19999138
1476	1483	3	0.19999169
1483	1476	3	0.19999139
1476	1483	4	0.20005113
1483	1476	4	0.20004818
1476	1484	0	0.20002194
1484	1476	0	0.20001373
1476	1484	1	0.20002046
1484	1476	1	0.20001502
1476	1484	2	0.19999893
1484	1476	2	0.19999638
1476	1484	3	0.19999893
1484	1476	3	0.1999964
1476	1484	4	0.20005846
1484	1476	4	0.20004763
1476	1485	0	0.18838991
1485	1476	0	0.22334252
1476	1485	1	0.24686076
1485	1476	1	0.1942523
1476	1485	2	0.18829837
1485	1476	2	0.19416001
1476	1485	3	0.18829837
1485	1476	3	0.19416
1476	1485	4	0.18833728
1485	1476	4	0.19420657
1476	1486	0	0.2000084
1486	1476	0	0.19999346
1476	1486	1	0.20000312
1486	1476	1	0.19999784
1476	1486	2	0.20001997
1486	1476	2	0.20001115
1476	1486	3	0.20001996
1486	1476	3	0.20001115
1476	1486	4	0.20006049
1486	1476	4	0.2000385
1476	1487	0	0.1999953
1487	1476	0	0.1999833
1476	1487	1	0.19998959
1487	1476	1	0.19998764
1476	1487	2	0.20003335
1487	1476	2	0.20001885
1476	1487	3	0.20003335
1487	1476	3	0.20001884
1476	1487	4	0.20005739
1487	1476	4	0.20003171
1476	1488	0	0.1999606
1488	1476	0	0.19996653
1476	1488	1	0.19996157
1488	1476	1	0.19996585
1476	1488	2	0.20006149
1488	1476	2	0.20003787
1476	1488	3	0.20006149
1488	1476	3	0.20003787
1476	1488	4	0.20005563
1488	1476	4	0.20002703
1477	1483	0	0.20002076
1483	1477	0	0.20002031
1477	1483	1	0.20001796
1483	1477	1	0.20002325
1477	1483	2	0.19999588
1483	1477	2	0.19999675
1477	1483	3	0.19999589
1483	1477	3	0.19999674
1477	1483	4	0.20005207
1483	1477	4	0.20005573
1477	1484	0	0.2000221
1484	1477	0	0.20001881
1477	1484	1	0.20002124
1484	1477	1	0.20001957
1477	1484	2	0.19999366
1484	1477	2	0.1999931
1477	1484	3	0.19999366
1484	1477	3	0.1999931
1477	1484	4	0.20005402
1484	1477	4	0.20005065
1477	1485	0	0.18429147
1485	1477	0	0.23153524
1477	1485	1	0.2631782
1485	1477	1	0.19220348
1477	1485	2	0.18421765
1485	1477	2	0.19211313
1477	1485	3	0.18421766
1485	1477	3	0.19211313
1477	1485	4	0.18426172
1485	1477	4	0.19217333
1477	1486	0	0.20001745
1486	1477	0	0.20000829
1477	1486	1	0.20001805
1486	1477	1	0.20000777
1477	1486	2	0.20000556
1486	1477	2	0.20000066
1477	1486	3	0.20000556
1486	1477	3	0.20000066
1477	1486	4	0.20005842
1486	1477	4	0.20004159
1477	1487	0	0.2000048
1487	1477	0	0.19999862
1477	1487	1	0.20000948
1487	1477	1	0.19999456
1477	1487	2	0.20001951
1487	1477	2	0.20001028
1477	1487	3	0.20001951
1487	1477	3	0.2000103
1477	1487	4	0.2000613
1487	1477	4	0.20003836
1477	1488	0	0.1999831
1488	1477	0	0.19998005
1477	1488	1	0.19998413
1488	1477	1	0.19997938
1477	1488	2	0.20004085
1488	1477	2	0.20002432
1477	1488	3	0.20004086
1488	1477	3	0.20002432
1477	1488	4	0.20005804
1488	1477	4	0.20003177
1478	1489	0	0.19975565
1489	1478	0	0.1998397
1478	1489	1	0.19976714
1489	1478	1	0.19983064
1478	1489	2	0.20023324
1489	1478	2	0.20019752
1478	1489	3	0.20023324
1489	1478	3	0.20019752
1478	1489	4	0.20008244
1489	1478	4	0.20007159
1478	1490	0	0.19971523
1490	1478	0	0.19981551
1478	1490	1	0.19970815
1490	1478	1	0.19982065
1478	1490	2	0.20023389
1490	1478	2	0.2001939
1478	1490	3	0.2002339
1490	1478	3	0.20019388
1478	1490	4	0.20008056
1490	1478	4	0.20006925
1478	1491	0	0.19967043
1491	1478	0	0.19981621
1478	1491	1	0.19968985
1491	1478	1	0.1998032
1478	1491	2	0.20020325
1491	1478	2	0.20016299
1478	1491	3	0.20020324
1491	1478	3	0.20016299
1478	1491	4	0.20010377
1491	1478	4	0.20008738
1478	1492	0	0.19961229
1492	1478	0	0.1997781
1478	1492	1	0.19962187
1492	1478	1	0.19977206
1478	1492	2	0.20013519
1492	1478	2	0.20011406
1478	1492	3	0.20013519
1492	1478	3	0.20011406
1478	1492	4	0.20013086
1492	1478	4	0.20011331
1478	1493	0	0.19955088
1493	1478	0	0.19972605
1478	1493	1	0.19953908
1493	1478	1	0.19973306
1478	1493	2	0.20010656
1493	1478	2	0.20008914
1478	1493	3	0.20010655
1493	1478	3	0.20008914
1478	1493	4	0.20018859
1493	1478	4	0.20017198
1479	1489	0	0.19978659
1489	1479	0	0.19984321
1479	1489	1	0.19979666
1489	1479	1	0.1998347
1479	1489	2	0.2002243
1489	1479	2	0.20019923
1479	1489	3	0.2002243
1489	1479	3	0.20019925
1479	1489	4	0.2000792
1489	1479	4	0.20007105
1479	1490	0	0.19978905
1490	1479	0	0.19985321
1479	1490	1	0.19978802
1490	1479	1	0.19985402
1479	1490	2	0.20022058
1490	1479	2	0.20018484
1479	1490	3	0.2002206
1490	1479	3	0.20018484
1479	1490	4	0.20008092
1490	1479	4	0.20006625
1479	1491	0	0.1997041
1491	1479	0	0.19980083
1479	1491	1	0.19968775
1491	1479	1	0.1998126
1479	1491	2	0.20022629
1491	1479	2	0.20018888
1479	1491	3	0.20022629
1491	1479	3	0.20018888
1479	1491	4	0.20008866
1491	1479	4	0.20007843
1479	1492	0	0.19966006
1492	1479	0	0.19978285
1479	1492	1	0.1996413
1492	1479	1	0.19979537
1479	1492	2	0.20017835
1492	1479	2	0.20014814
1479	1492	3	0.20017835
1492	1479	3	0.20014812
1479	1492	4	0.20011373
1492	1479	4	0.20010048
1479	1493	0	0.19961008
1493	1479	0	0.19976857
1479	1493	1	0.19960758
1493	1479	1	0.19977008
1479	1493	2	0.20012811
1493	1479	2	0.20010942
1479	1493	3	0.2001281
1493	1479	3	0.20010942
1479	1493	4	0.20013158
1493	1479	4	0.20011581
1480	1489	0	0.19982998
1489	1480	0	0.19986403
1480	1489	1	0.19984494
1489	1480	1	0.1998503
1480	1489	2	0.20018296
1489	1480	2	0.20017084
1480	1489	3	0.20018296
1489	1480	3	0.20017084
1480	1489	4	0.20008223
1489	1480	4	0.20007609
1480	1490	0	0.1998076
1490	1480	0	0.19981194
1480	1490	1	0.19975887
1490	1480	1	0.19985335
1480	1490	2	0.20023559
1490	1480	2	0.20021084
1480	1490	3	0.20023559
1490	1480	3	0.20021082
1480	1490	4	0.20006981
1490	1480	4	0.20006248
1480	1491	0	0.19978973
1491	1480	0	0.19983801
1480	1491	1	0.19976568
1491	1480	1	0.1998568
1480	1491	2	0.20023155
1491	1480	2	0.20019634
1480	1491	3	0.20023155
1491	1480	3	0.20019634
1480	1491	4	0.20006847
1491	1480	4	0.2000573
1480	1492	0	0.1996822
1492	1480	0	0.19981155
1480	1492	1	0.1997024
1492	1480	1	0.199797
1480	1492	2	0.20021917
1492	1480	2	0.20018417
1480	1492	3	0.20021917
1492	1480	3	0.20018415
1480	1492	4	0.20008944
1492	1480	4	0.2000808
1480	1493	0	0.19980739
1493	1480	0	0.19976029
1480	1493	1	0.19960544
1493	1480	1	0.1998956
1480	1493	2	0.20019455
1493	1480	2	0.20015968
1480	1493	3	0.20019455
1493	1480	3	0.20015967
1480	1493	4	0.20006767
1493	1480	4	0.20005774
1481	1489	0	0.19983831
1489	1481	0	0.19984348
1481	1489	1	0.19984336
1489	1481	1	0.19983849
1481	1489	2	0.20019013
1489	1481	2	0.20019023
1481	1489	3	0.20019011
1489	1481	3	0.20019023
1481	1489	4	0.20007321
1489	1481	4	0.20007351
1481	1490	0	0.19982645
1490	1481	0	0.19985086
1481	1490	1	0.19983187
1490	1481	1	0.1998459
1481	1490	2	0.20019566
1490	1481	2	0.20018364
1481	1490	3	0.20019566
1490	1481	3	0.20018367
1481	1490	4	0.20008129
1490	1481	4	0.20007314
1481	1491	0	0.19981365
1491	1481	0	0.19985947
1481	1491	1	0.19981846
1491	1481	1	0.19985533
1481	1491	2	0.20020537
1491	1481	2	0.2001814
1481	1491	3	0.20020537
1491	1481	3	0.2001814
1481	1491	4	0.20007426
1491	1481	4	0.20006347
1481	1492	0	0.21918805
1492	1481	0	0.19761002
1481	1492	1	0.1951494
1492	1481	1	0.20919329
1481	1492	2	0.1951801
1492	1481	2	0.197667
1481	1492	3	0.1951801
1492	1481	3	0.197667
1481	1492	4	0.19533944
1492	1481	4	0.19778161
1481	1493	0	0.19969909
1493	1481	0	0.19980869
1481	1493	1	0.19969876
1493	1481	1	0.19980901
1481	1493	2	0.20021899
1493	1481	2	0.20018275
1481	1493	3	0.20021899
1493	1481	3	0.20018275
1481	1493	4	0.20009089
1493	1481	4	0.20008157
1482	1489	0	0.1998358
1489	1482	0	0.19980524
1482	1489	1	0.19982916
1489	1482	1	0.19981246
1482	1489	2	0.20021173
1489	1482	2	0.20022433
1482	1489	3	0.20021173
1489	1482	3	0.20022433
1482	1489	4	0.20006123
1489	1482	4	0.20006587
1482	1490	0	0.19985709
1490	1482	0	0.19984178
1482	1490	1	0.19984129
1490	1482	1	0.19985758
1482	1490	2	0.20017996
1490	1482	2	0.20017998
1482	1490	3	0.20017996
1490	1482	3	0.20017996
1482	1490	4	0.20007184
1490	1482	4	0.20007244
1482	1491	0	0.19981335
1491	1482	0	0.19986477
1482	1491	1	0.19984591
1491	1482	1	0.1998348
1482	1491	2	0.20019813
1491	1482	2	0.20018607
1482	1491	3	0.20019813
1491	1482	3	0.20018606
1482	1491	4	0.20007433
1491	1482	4	0.20006764
1482	1492	0	0.19979551
1492	1482	0	0.19984482
1482	1492	1	0.19979908
1492	1482	1	0.19984177
1482	1492	2	0.20021932
1492	1482	2	0.2001944
1482	1492	3	0.2002193
1492	1482	3	0.2001944
1482	1492	4	0.20007946
1492	1482	4	0.20007072
1482	1493	0	0.19979118
1493	1482	0	0.19983938
1482	1493	1	0.19977003
1493	1482	1	0.19985588
1482	1493	2	0.20022349
1493	1482	2	0.2001871
1482	1493	3	0.20022349
1493	1482	3	0.20018712
1482	1493	4	0.2000876
1493	1482	4	0.20007272
1184	1183	1	0.0
1293	1291	1	0.0
1270	1266	1	0.0
1202	1200	1	0.0
1229	1228	1	0.0
1328	1326	1	0.0
1246	1241	1	0.0
1363	1352	1	0.0
1368	1367	1	0.0
1393	1386	1	0.0
1433	1425	1	0.0
1410	1405	1	0.0
1293	1292	1	0.0
1185	1183	1	0.0
1394	1386	1	0.0
1203	1200	1	0.0
1427	1426	1	0.0
1230	1228	1	0.0
1271	1266	1	0.0
1369	1367	1	0.0
1185	1184	1	0.0
1364	1352	1	0.0
1445	1441	1	0.0
1247	1241	1	0.0
1471	1466	1	0.0
1389	1387	1	0.0
1295	1294	1	0.0
1369	1368	1	0.0
1411	1405	1	0.0
1428	1426	1	0.0
1231	1228	1	0.0
1358	1353	1	0.0
1186	1183	1	0.0
1204	1200	1	0.0
1492	1485	1	0.0
1444	1442	1	0.0
1269	1267	1	0.0
1472	1466	1	0.0
1248	1241	1	0.0
1370	1365	1	0.0
1390	1387	1	0.0
1429	1426	1	0.0
1296	1294	1	0.0
1359	1353	1	0.0
1445	1442	1	0.0
1230	1229	1	0.0
1329	1326	1	0.0
1468	1467	1	0.0
1187	1183	1	0.0
1371	1365	1	0.0
1430	1426	1	0.0
1249	1241	1	0.0
1412	1405	1	0.0
1297	1294	1	0.0
1391	1387	1	0.0
1493	1485	1	0.0
1360	1353	1	0.0
1444	1443	1	0.0
1205	1200	1	0.0
1270	1267	1	0.0
1231	1229	1	0.0
1469	1467	1	0.0
1372	1365	1	0.0
1431	1426	1	0.0
1328	1327	1	0.0
1188	1183	1	0.0
1296	1295	1	0.0
1246	1242	1	0.0
1445	1443	1	0.0
1361	1353	1	0.0
1206	1200	1	0.0
1392	1387	1	0.0
1271	1267	1	0.0
1432	1426	1	0.0
1489	1486	1	0.0
1231	1230	1	0.0
1413	1405	1	0.0
1329	1327	1	0.0
1370	1366	1	0.0
1362	1353	1	0.0
1445	1444	1	0.0
1470	1467	1	0.0
1297	1295	1	0.0
1189	1183	1	0.0
1202	1201	1	0.0
1247	1242	1	0.0
1393	1387	1	0.0
1433	1426	1	0.0
1269	1268	1	0.0
1329	1328	1	0.0
1371	1366	1	0.0
1232	1230	1	0.0
1363	1353	1	0.0
1447	1446	1	0.0
1297	1296	1	0.0
1414	1405	1	0.0
1490	1486	1	0.0
1471	1467	1	0.0
1190	1183	1	0.0
1428	1427	1	0.0
1394	1387	1	0.0
1203	1201	1	0.0
1270	1268	1	0.0
1248	1242	1	0.0
1330	1328	1	0.0
1448	1446	1	0.0
1372	1366	1	0.0
1364	1353	1	0.0
1232	1231	1	0.0
1429	1427	1	0.0
1389	1388	1	0.0
1298	1294	1	0.0
1472	1467	1	0.0
1186	1184	1	0.0
1410	1406	1	0.0
1491	1486	1	0.0
1331	1328	1	0.0
1271	1268	1	0.0
1449	1446	1	0.0
1249	1242	1	0.0
1358	1354	1	0.0
1370	1367	1	0.0
1204	1201	1	0.0
1233	1232	1	0.0
1430	1427	1	0.0
1299	1294	1	0.0
1390	1388	1	0.0
1187	1184	1	0.0
1469	1468	1	0.0
1411	1406	1	0.0
1330	1329	1	0.0
1448	1447	1	0.0
1492	1486	1	0.0
1371	1367	1	0.0
1359	1354	1	0.0
1270	1269	1	0.0
1234	1232	1	0.0
1246	1243	1	0.0
1431	1427	1	0.0
1205	1201	1	0.0
1391	1388	1	0.0
1300	1294	1	0.0
1188	1184	1	0.0
1470	1468	1	0.0
1412	1406	1	0.0
1331	1329	1	0.0
1449	1447	1	0.0
1360	1354	1	0.0
1372	1367	1	0.0
1271	1269	1	0.0
1432	1427	1	0.0
1235	1232	1	0.0
1493	1486	1	0.0
1206	1201	1	0.0
1392	1388	1	0.0
1247	1243	1	0.0
1298	1295	1	0.0
1189	1184	1	0.0
1471	1468	1	0.0
1331	1330	1	0.0
1413	1406	1	0.0
1361	1354	1	0.0
1449	1448	1	0.0
1370	1368	1	0.0
1433	1427	1	0.0
1393	1388	1	0.0
1203	1202	1	0.0
1236	1232	1	0.0
1271	1270	1	0.0
1489	1487	1	0.0
1299	1295	1	0.0
1248	1243	1	0.0
1190	1184	1	0.0
1472	1468	1	0.0
1332	1330	1	0.0
1371	1368	1	0.0
1451	1450	1	0.0
1429	1428	1	0.0
1362	1354	1	0.0
1237	1232	1	0.0
1414	1406	1	0.0
1394	1388	1	0.0
1490	1487	1	0.0
1272	1269	1	0.0
1204	1202	1	0.0
1332	1331	1	0.0
1300	1295	1	0.0
1430	1428	1	0.0
1470	1469	1	0.0
1372	1368	1	0.0
1363	1354	1	0.0
1452	1450	1	0.0
1249	1243	1	0.0
1491	1487	1	0.0
1186	1185	1	0.0
1238	1232	1	0.0
1390	1389	1	0.0
1410	1407	1	0.0
1273	1269	1	0.0
1205	1202	1	0.0
1431	1428	1	0.0
1370	1369	1	0.0
1333	1332	1	0.0
1471	1469	1	0.0
1298	1296	1	0.0
1453	1450	1	0.0
1364	1354	1	0.0
1391	1389	1	0.0
1492	1487	1	0.0
1334	1333	1	0.0
1234	1233	1	0.0
1411	1407	1	0.0
1432	1428	1	0.0
1187	1185	1	0.0
1246	1244	1	0.0
1272	1270	1	0.0
1371	1369	1	0.0
1206	1202	1	0.0
1472	1469	1	0.0
1299	1296	1	0.0
1454	1450	1	0.0
1493	1487	1	0.0
1358	1355	1	0.0
1392	1389	1	0.0
1433	1428	1	0.0
1335	1333	1	0.0
1372	1369	1	0.0
1204	1203	1	0.0
1412	1407	1	0.0
1235	1233	1	0.0
1188	1185	1	0.0
1273	1270	1	0.0
1247	1244	1	0.0
1452	1451	1	0.0
1300	1296	1	0.0
1489	1488	1	0.0
1471	1470	1	0.0
1359	1355	1	0.0
1393	1389	1	0.0
1430	1429	1	0.0
1335	1334	1	0.0
1371	1370	1	0.0
1205	1203	1	0.0
1413	1407	1	0.0
1236	1233	1	0.0
1453	1451	1	0.0
1272	1271	1	0.0
1189	1185	1	0.0
1360	1355	1	0.0
1298	1297	1	0.0
1394	1389	1	0.0
1472	1470	1	0.0
1490	1488	1	0.0
1248	1244	1	0.0
1431	1429	1	0.0
1372	1370	1	0.0
1337	1336	1	0.0
1237	1233	1	0.0
1206	1203	1	0.0
1414	1407	1	0.0
1454	1451	1	0.0
1273	1271	1	0.0
1361	1355	1	0.0
1299	1297	1	0.0
1190	1185	1	0.0
1391	1390	1	0.0
1472	1471	1	0.0
1491	1488	1	0.0
1338	1336	1	0.0
1372	1371	1	0.0
1432	1429	1	0.0
1249	1244	1	0.0
1453	1452	1	0.0
1410	1408	1	0.0
1238	1233	1	0.0
1273	1272	1	0.0
1205	1204	1	0.0
1362	1355	1	0.0
1300	1297	1	0.0
1187	1186	1	0.0
1392	1390	1	0.0
1474	1473	1	0.0
1492	1488	1	0.0
1338	1337	1	0.0
1433	1429	1	0.0
1373	1370	1	0.0
1246	1245	1	0.0
1454	1452	1	0.0
1411	1408	1	0.0
1235	1234	1	0.0
1274	1272	1	0.0
1206	1204	1	0.0
1299	1298	1	0.0
1363	1355	1	0.0
1188	1186	1	0.0
1393	1390	1	0.0
1475	1474	1	0.0
1493	1488	1	0.0
1339	1336	1	0.0
1431	1430	1	0.0
1374	1370	1	0.0
1454	1453	1	0.0
1247	1245	1	0.0
1275	1272	1	0.0
1236	1234	1	0.0
1412	1408	1	0.0
1300	1298	1	0.0
1206	1205	1	0.0
1364	1355	1	0.0
1189	1186	1	0.0
1394	1390	1	0.0
1476	1475	1	0.0
1490	1489	1	0.0
1340	1336	1	0.0
1375	1370	1	0.0
1432	1430	1	0.0
1455	1450	1	0.0
1276	1272	1	0.0
1413	1408	1	0.0
1237	1234	1	0.0
1248	1245	1	0.0
1300	1299	1	0.0
1207	1202	1	0.0
1358	1356	1	0.0
1477	1475	1	0.0
1392	1391	1	0.0
1190	1186	1	0.0
1491	1489	1	0.0
1339	1337	1	0.0
1433	1430	1	0.0
1376	1370	1	0.0
1456	1450	1	0.0
1414	1408	1	0.0
1238	1234	1	0.0
1301	1298	1	0.0
1359	1356	1	0.0
1277	1272	1	0.0
1477	1476	1	0.0
1249	1245	1	0.0
1208	1202	1	0.0
1188	1187	1	0.0
1393	1391	1	0.0
1492	1489	1	0.0
1340	1337	1	0.0
1373	1371	1	0.0
1278	1272	1	0.0
1236	1235	1	0.0
1410	1409	1	0.0
1360	1356	1	0.0
1302	1298	1	0.0
1432	1431	1	0.0
1478	1476	1	0.0
1455	1451	1	0.0
1493	1489	1	0.0
1189	1187	1	0.0
1394	1391	1	0.0
1247	1246	1	0.0
1209	1202	1	0.0
1339	1338	1	0.0
1374	1371	1	0.0
1237	1235	1	0.0
1274	1273	1	0.0
1411	1409	1	0.0
1303	1298	1	0.0
1361	1356	1	0.0
1433	1431	1	0.0
1479	1476	1	0.0
1491	1490	1	0.0
1393	1392	1	0.0
1456	1451	1	0.0
1190	1187	1	0.0
1248	1246	1	0.0
1340	1338	1	0.0
1210	1202	1	0.0
1375	1371	1	0.0
1238	1235	1	0.0
1275	1273	1	0.0
1412	1409	1	0.0
1362	1356	1	0.0
1433	1432	1	0.0
1304	1298	1	0.0
1480	1476	1	0.0
1492	1490	1	0.0
1394	1392	1	0.0
1189	1188	1	0.0
1455	1452	1	0.0
1249	1246	1	0.0
1340	1339	1	0.0
1207	1203	1	0.0
1376	1371	1	0.0
1276	1273	1	0.0
1237	1236	1	0.0
1413	1409	1	0.0
1363	1356	1	0.0
1434	1426	1	0.0
1305	1298	1	0.0
1481	1476	1	0.0
1394	1393	1	0.0
1342	1341	1	0.0
1493	1490	1	0.0
1190	1188	1	0.0
1456	1452	1	0.0
1248	1247	1	0.0
1208	1203	1	0.0
1373	1372	1	0.0
1277	1273	1	0.0
1435	1426	1	0.0
1414	1409	1	0.0
1364	1356	1	0.0
1238	1236	1	0.0
1482	1476	1	0.0
1395	1389	1	0.0
1306	1298	1	0.0
1343	1341	1	0.0
1190	1189	1	0.0
1455	1453	1	0.0
1249	1247	1	0.0
1492	1491	1	0.0
1209	1203	1	0.0
1374	1372	1	0.0
1278	1273	1	0.0
1436	1426	1	0.0
1411	1410	1	0.0
1358	1357	1	0.0
1238	1237	1	0.0
1478	1477	1	0.0
1344	1341	1	0.0
1396	1389	1	0.0
1191	1186	1	0.0
1301	1299	1	0.0
1249	1248	1	0.0
1456	1453	1	0.0
1493	1491	1	0.0
1375	1372	1	0.0
1210	1203	1	0.0
1275	1274	1	0.0
1437	1426	1	0.0
1412	1410	1	0.0
1359	1357	1	0.0
1479	1477	1	0.0
1343	1342	1	0.0
1239	1233	1	0.0
1395	1390	1	0.0
1302	1299	1	0.0
1192	1186	1	0.0
1250	1246	1	0.0
1455	1454	1	0.0
1493	1492	1	0.0
1376	1372	1	0.0
1207	1204	1	0.0
1276	1274	1	0.0
1438	1426	1	0.0
1360	1357	1	0.0
1413	1410	1	0.0
1344	1342	1	0.0
1480	1477	1	0.0
1240	1233	1	0.0
1396	1390	1	0.0
1303	1299	1	0.0
1456	1454	1	0.0
1193	1186	1	0.0
1251	1246	1	0.0
1361	1357	1	0.0
1414	1410	1	0.0
1304	1299	1	0.0
1456	1455	1	0.0
1194	1186	1	0.0
1374	1373	1	0.0
1412	1411	1	0.0
1250	1247	1	0.0
1305	1299	1	0.0
1362	1357	1	0.0
1195	1186	1	0.0
1457	1455	1	0.0
1375	1373	1	0.0
1481	1477	1	0.0
1344	1343	1	0.0
1241	1233	1	0.0
1395	1391	1	0.0
1434	1427	1	0.0
1413	1411	1	0.0
1277	1274	1	0.0
1208	1204	1	0.0
1251	1247	1	0.0
1458	1455	1	0.0
1306	1299	1	0.0
1482	1477	1	0.0
1363	1357	1	0.0
1376	1373	1	0.0
1196	1186	1	0.0
1396	1391	1	0.0
1435	1427	1	0.0
1242	1233	1	0.0
1414	1411	1	0.0
1250	1248	1	0.0
1301	1300	1	0.0
1457	1456	1	0.0
1395	1392	1	0.0
1479	1478	1	0.0
1191	1187	1	0.0
1364	1357	1	0.0
1346	1345	1	0.0
1375	1374	1	0.0
1413	1412	1	0.0
1251	1248	1	0.0
1302	1300	1	0.0
1209	1204	1	0.0
1458	1456	1	0.0
1243	1233	1	0.0
1480	1478	1	0.0
1278	1274	1	0.0
1396	1392	1	0.0
1436	1427	1	0.0
1359	1358	1	0.0
1192	1187	1	0.0
1414	1412	1	0.0
1458	1457	1	0.0
1244	1233	1	0.0
1437	1427	1	0.0
1481	1478	1	0.0
1395	1393	1	0.0
1303	1300	1	0.0
1276	1275	1	0.0
1376	1374	1	0.0
1250	1249	1	0.0
1210	1204	1	0.0
1438	1427	1	0.0
1245	1233	1	0.0
1193	1187	1	0.0
1360	1358	1	0.0
1482	1478	1	0.0
1414	1413	1	0.0
1347	1345	1	0.0
1459	1457	1	0.0
1396	1393	1	0.0
1304	1300	1	0.0
1277	1275	1	0.0
1376	1375	1	0.0
1434	1428	1	0.0
1251	1249	1	0.0
1480	1479	1	0.0
1207	1205	1	0.0
1239	1234	1	0.0
1361	1358	1	0.0
1194	1187	1	0.0
1460	1457	1	0.0
1305	1300	1	0.0
1240	1234	1	0.0
1362	1358	1	0.0
1278	1275	1	0.0
1377	1373	1	0.0
1251	1250	1	0.0
1348	1345	1	0.0
1481	1479	1	0.0
1415	1410	1	0.0
1435	1428	1	0.0
1241	1234	1	0.0
1195	1187	1	0.0
1461	1457	1	0.0
1306	1300	1	0.0
1363	1358	1	0.0
1277	1276	1	0.0
1395	1394	1	0.0
1208	1205	1	0.0
1378	1373	1	0.0
1252	1250	1	0.0
1415	1411	1	0.0
1436	1428	1	0.0
1482	1479	1	0.0
1242	1234	1	0.0
1459	1458	1	0.0
1302	1301	1	0.0
1377	1374	1	0.0
1364	1358	1	0.0
1196	1187	1	0.0
1253	1250	1	0.0
1278	1276	1	0.0
1396	1394	1	0.0
1347	1346	1	0.0
1481	1480	1	0.0
1415	1412	1	0.0
1209	1205	1	0.0
1437	1428	1	0.0
1460	1458	1	0.0
1303	1301	1	0.0
1243	1234	1	0.0
1378	1374	1	0.0
1360	1359	1	0.0
1191	1188	1	0.0
1254	1250	1	0.0
1278	1277	1	0.0
1482	1480	1	0.0
1396	1395	1	0.0
1438	1428	1	0.0
1304	1301	1	0.0
1348	1346	1	0.0
1415	1413	1	0.0
1377	1375	1	0.0
1244	1234	1	0.0
1461	1458	1	0.0
1252	1251	1	0.0
1279	1274	1	0.0
1192	1188	1	0.0
1482	1481	1	0.0
1361	1359	1	0.0
1210	1205	1	0.0
1397	1395	1	0.0
1434	1429	1	0.0
1305	1301	1	0.0
1460	1459	1	0.0
1245	1234	1	0.0
1378	1375	1	0.0
1415	1414	1	0.0
1280	1274	1	0.0
1193	1188	1	0.0
1398	1395	1	0.0
1253	1251	1	0.0
1348	1347	1	0.0
1461	1459	1	0.0
1207	1206	1	0.0
1306	1301	1	0.0
1239	1235	1	0.0
1483	1478	1	0.0
1416	1415	1	0.0
1362	1359	1	0.0
1377	1376	1	0.0
1435	1429	1	0.0
1281	1274	1	0.0
1194	1188	1	0.0
1399	1395	1	0.0
1254	1251	1	0.0
1350	1349	1	0.0
1417	1415	1	0.0
1461	1460	1	0.0
1240	1235	1	0.0
1436	1429	1	0.0
1378	1376	1	0.0
1303	1302	1	0.0
1400	1395	1	0.0
1195	1188	1	0.0
1253	1252	1	0.0
1279	1275	1	0.0
1363	1359	1	0.0
1484	1478	1	0.0
1208	1206	1	0.0
1462	1459	1	0.0
1437	1429	1	0.0
1401	1395	1	0.0
1280	1275	1	0.0
1418	1415	1	0.0
1351	1349	1	0.0
1364	1359	1	0.0
1254	1252	1	0.0
1196	1188	1	0.0
1485	1478	1	0.0
1438	1429	1	0.0
1304	1302	1	0.0
1378	1377	1	0.0
1241	1235	1	0.0
1463	1459	1	0.0
1209	1206	1	0.0
1402	1395	1	0.0
1281	1275	1	0.0
1419	1415	1	0.0
1361	1360	1	0.0
1191	1189	1	0.0
1434	1430	1	0.0
1486	1478	1	0.0
1417	1416	1	0.0
1254	1253	1	0.0
1379	1377	1	0.0
1305	1302	1	0.0
1435	1430	1	0.0
1487	1478	1	0.0
1192	1189	1	0.0
1352	1349	1	0.0
1279	1276	1	0.0
1362	1360	1	0.0
1255	1252	1	0.0
1464	1459	1	0.0
1210	1206	1	0.0
1306	1302	1	0.0
1397	1396	1	0.0
1380	1377	1	0.0
1418	1416	1	0.0
1242	1235	1	0.0
1193	1189	1	0.0
1488	1478	1	0.0
1436	1430	1	0.0
1363	1360	1	0.0
1280	1276	1	0.0
1465	1459	1	0.0
1256	1252	1	0.0
1208	1207	1	0.0
1419	1416	1	0.0
1398	1396	1	0.0
1194	1189	1	0.0
1353	1349	1	0.0
1437	1430	1	0.0
1304	1303	1	0.0
1483	1479	1	0.0
1381	1377	1	0.0
1243	1235	1	0.0
1281	1276	1	0.0
1257	1252	1	0.0
1364	1360	1	0.0
1399	1396	1	0.0
1420	1416	1	0.0
1466	1459	1	0.0
1209	1207	1	0.0
1195	1189	1	0.0
1484	1479	1	0.0
1438	1430	1	0.0
1255	1253	1	0.0
1244	1235	1	0.0
1379	1378	1	0.0
1354	1349	1	0.0
1305	1303	1	0.0
1362	1361	1	0.0
1462	1460	1	0.0
1400	1396	1	0.0
1421	1416	1	0.0
1196	1189	1	0.0
1279	1277	1	0.0
1210	1207	1	0.0
1485	1479	1	0.0
1434	1431	1	0.0
1256	1253	1	0.0
1245	1235	1	0.0
1380	1378	1	0.0
1435	1431	1	0.0
1306	1303	1	0.0
1355	1349	1	0.0
1280	1277	1	0.0
1463	1460	1	0.0
1191	1190	1	0.0
1422	1416	1	0.0
1257	1253	1	0.0
1486	1479	1	0.0
1401	1396	1	0.0
1381	1378	1	0.0
1363	1361	1	0.0
1436	1431	1	0.0
1239	1236	1	0.0
1209	1208	1	0.0
1305	1304	1	0.0
1356	1349	1	0.0
1255	1254	1	0.0
1402	1396	1	0.0
1281	1277	1	0.0
1464	1460	1	0.0
1364	1361	1	0.0
1437	1431	1	0.0
1306	1304	1	0.0
1418	1417	1	0.0
1192	1190	1	0.0
1240	1236	1	0.0
1487	1479	1	0.0
1210	1208	1	0.0
1380	1379	1	0.0
1398	1397	1	0.0
1465	1460	1	0.0
1279	1278	1	0.0
1306	1305	1	0.0
1438	1431	1	0.0
1193	1190	1	0.0
1419	1417	1	0.0
1363	1362	1	0.0
1256	1254	1	0.0
1241	1236	1	0.0
1488	1479	1	0.0
1381	1379	1	0.0
1466	1460	1	0.0
1357	1349	1	0.0
1210	1209	1	0.0
1399	1397	1	0.0
1280	1278	1	0.0
1434	1432	1	0.0
1194	1190	1	0.0
1308	1307	1	0.0
1419	1418	1	0.0
1242	1236	1	0.0
1364	1362	1	0.0
1257	1254	1	0.0
1483	1480	1	0.0
1462	1461	1	0.0
1381	1380	1	0.0
1400	1397	1	0.0
1195	1190	1	0.0
1435	1432	1	0.0
1309	1307	1	0.0
1211	1207	1	0.0
1243	1236	1	0.0
1484	1480	1	0.0
1364	1363	1	0.0
1256	1255	1	0.0
1401	1397	1	0.0
1420	1417	1	0.0
1463	1461	1	0.0
1382	1379	1	0.0
1281	1278	1	0.0
1196	1190	1	0.0
1351	1350	1	0.0
1244	1236	1	0.0
1436	1432	1	0.0
1309	1308	1	0.0
1485	1480	1	0.0
1365	1358	1	0.0
1211	1208	1	0.0
1257	1255	1	0.0
1402	1397	1	0.0
1464	1461	1	0.0
1421	1417	1	0.0
1192	1191	1	0.0
1383	1379	1	0.0
1245	1236	1	0.0
1280	1279	1	0.0
1437	1432	1	0.0
1310	1307	1	0.0
1486	1480	1	0.0
1465	1461	1	0.0
1422	1417	1	0.0
1352	1350	1	0.0
1366	1358	1	0.0
1193	1191	1	0.0
1211	1209	1	0.0
1399	1398	1	0.0
1382	1380	1	0.0
1257	1256	1	0.0
1239	1237	1	0.0
1281	1279	1	0.0
1438	1432	1	0.0
1487	1480	1	0.0
1310	1308	1	0.0
1466	1461	1	0.0
1420	1418	1	0.0
1367	1358	1	0.0
1258	1255	1	0.0
1194	1191	1	0.0
1400	1398	1	0.0
1383	1380	1	0.0
1434	1433	1	0.0
1240	1237	1	0.0
1281	1280	1	0.0
1310	1309	1	0.0
1368	1358	1	0.0
1195	1191	1	0.0
1421	1418	1	0.0
1259	1255	1	0.0
1488	1480	1	0.0
1463	1462	1	0.0
1382	1381	1	0.0
1401	1398	1	0.0
1211	1210	1	0.0
1435	1433	1	0.0
1353	1350	1	0.0
1241	1237	1	0.0
1283	1282	1	0.0
1311	1310	1	0.0
1369	1358	1	0.0
1422	1418	1	0.0
1196	1191	1	0.0
1258	1256	1	0.0
1483	1481	1	0.0
1464	1462	1	0.0
1383	1381	1	0.0
1436	1433	1	0.0
1402	1398	1	0.0
1242	1237	1	0.0
1312	1311	1	0.0
1365	1359	1	0.0
1284	1282	1	0.0
1420	1419	1	0.0
1213	1212	1	0.0
1193	1192	1	0.0
1383	1382	1	0.0
1354	1350	1	0.0
1465	1462	1	0.0
1437	1433	1	0.0
1400	1399	1	0.0
1484	1481	1	0.0
1243	1237	1	0.0
1313	1312	1	0.0
1259	1256	1	0.0
1366	1359	1	0.0
1421	1419	1	0.0
1285	1282	1	0.0
1214	1212	1	0.0
1194	1192	1	0.0
1466	1462	1	0.0
1384	1382	1	0.0
1401	1399	1	0.0
1438	1433	1	0.0
1258	1257	1	0.0
1195	1192	1	0.0
1485	1481	1	0.0
1284	1283	1	0.0
1367	1359	1	0.0
1422	1419	1	0.0
1464	1463	1	0.0
1314	1313	1	0.0
1244	1237	1	0.0
1355	1350	1	0.0
1402	1399	1	0.0
1385	1382	1	0.0
1435	1434	1	0.0
1214	1213	1	0.0
1259	1257	1	0.0
1486	1481	1	0.0
1421	1420	1	0.0
1285	1283	1	0.0
1196	1192	1	0.0
1465	1463	1	0.0
1315	1314	1	0.0
1245	1237	1	0.0
1401	1400	1	0.0
1436	1434	1	0.0
1386	1382	1	0.0
1422	1420	1	0.0
1368	1359	1	0.0
1259	1258	1	0.0
1487	1481	1	0.0
1215	1212	1	0.0
1239	1238	1	0.0
1402	1400	1	0.0
1285	1284	1	0.0
1194	1193	1	0.0
1316	1314	1	0.0
1466	1463	1	0.0
1387	1382	1	0.0
1437	1434	1	0.0
1356	1350	1	0.0
1260	1258	1	0.0
1422	1421	1	0.0
1369	1359	1	0.0
1488	1481	1	0.0
1286	1282	1	0.0
1240	1238	1	0.0
1402	1401	1	0.0
1465	1464	1	0.0
1438	1434	1	0.0
1195	1193	1	0.0
1215	1213	1	0.0
1316	1315	1	0.0
1261	1258	1	0.0
1388	1382	1	0.0
1423	1420	1	0.0
1365	1360	1	0.0
1357	1350	1	0.0
1404	1403	1	0.0
1436	1435	1	0.0
1196	1193	1	0.0
1287	1282	1	0.0
1483	1482	1	0.0
1241	1238	1	0.0
1260	1259	1	0.0
1366	1360	1	0.0
1424	1420	1	0.0
1317	1315	1	0.0
1384	1383	1	0.0
1215	1214	1	0.0
1405	1403	1	0.0
1437	1435	1	0.0
1352	1351	1	0.0
1466	1464	1	0.0
1242	1238	1	0.0
1195	1194	1	0.0
1288	1282	1	0.0
1261	1259	1	0.0
1484	1482	1	0.0
1367	1360	1	0.0
1425	1420	1	0.0
1385	1383	1	0.0
1318	1315	1	0.0
1406	1403	1	0.0
1216	1215	1	0.0
1438	1435	1	0.0
1243	1238	1	0.0
1485	1482	1	0.0
1261	1260	1	0.0
1196	1194	1	0.0
1423	1421	1	0.0
1386	1383	1	0.0
1437	1436	1	0.0
1466	1465	1	0.0
1407	1403	1	0.0
1319	1315	1	0.0
1289	1282	1	0.0
1244	1238	1	0.0
1196	1195	1	0.0
1368	1360	1	0.0
1353	1351	1	0.0
1217	1215	1	0.0
1486	1482	1	0.0
1262	1260	1	0.0
1424	1421	1	0.0
1438	1436	1	0.0
1387	1383	1	0.0
1408	1403	1	0.0
1467	1462	1	0.0
1317	1316	1	0.0
1197	1191	1	0.0
1369	1360	1	0.0
1286	1283	1	0.0
1245	1238	1	0.0
1263	1260	1	0.0
1487	1482	1	0.0
1425	1421	1	0.0
1218	1215	1	0.0
1438	1437	1	0.0
1409	1403	1	0.0
1388	1383	1	0.0
1468	1462	1	0.0
1354	1351	1	0.0
1198	1191	1	0.0
1240	1239	1	0.0
1318	1316	1	0.0
1439	1434	1	0.0
1423	1422	1	0.0
1488	1482	1	0.0
1287	1283	1	0.0
1262	1261	1	0.0
1217	1216	1	0.0
1405	1404	1	0.0
1365	1361	1	0.0
1469	1462	1	0.0
1385	1384	1	0.0
1440	1434	1	0.0
1197	1192	1	0.0
1241	1239	1	0.0
1355	1351	1	0.0
1470	1462	1	0.0
1263	1261	1	0.0
1424	1422	1	0.0
1319	1316	1	0.0
1386	1384	1	0.0
1406	1404	1	0.0
1439	1435	1	0.0
1366	1361	1	0.0
1484	1483	1	0.0
1288	1283	1	0.0
1218	1216	1	0.0
1198	1192	1	0.0
1242	1239	1	0.0
1471	1462	1	0.0
1263	1262	1	0.0
1425	1422	1	0.0
1318	1317	1	0.0
1356	1351	1	0.0
1407	1404	1	0.0
1440	1435	1	0.0
1197	1193	1	0.0
1289	1283	1	0.0
1367	1361	1	0.0
1387	1384	1	0.0
1243	1239	1	0.0
1485	1483	1	0.0
1218	1217	1	0.0
1472	1462	1	0.0
1264	1262	1	0.0
1424	1423	1	0.0
1319	1317	1	0.0
1439	1436	1	0.0
1198	1193	1	0.0
1357	1351	1	0.0
1408	1404	1	0.0
1244	1239	1	0.0
1388	1384	1	0.0
1368	1361	1	0.0
1286	1284	1	0.0
1319	1318	1	0.0
1467	1463	1	0.0
1265	1262	1	0.0
1425	1423	1	0.0
1486	1483	1	0.0
1219	1216	1	0.0
1440	1436	1	0.0
1287	1284	1	0.0
1197	1194	1	0.0
1409	1404	1	0.0
1369	1361	1	0.0
1425	1424	1	0.0
1386	1385	1	0.0
1320	1317	1	0.0
1468	1463	1	0.0
1439	1437	1	0.0
1266	1262	1	0.0
1245	1239	1	0.0
1487	1483	1	0.0
1353	1352	1	0.0
1220	1216	1	0.0
1198	1194	1	0.0
1288	1284	1	0.0
1365	1362	1	0.0
1426	1423	1	0.0
1406	1405	1	0.0
1387	1385	1	0.0
1440	1437	1	0.0
1241	1240	1	0.0
1469	1463	1	0.0
1488	1483	1	0.0
1321	1317	1	0.0
1197	1195	1	0.0
1267	1262	1	0.0
1221	1216	1	0.0
1366	1362	1	0.0
1354	1352	1	0.0
1289	1284	1	0.0
1439	1438	1	0.0
1388	1385	1	0.0
1407	1405	1	0.0
1242	1240	1	0.0
1470	1463	1	0.0
1427	1423	1	0.0
1485	1484	1	0.0
1320	1318	1	0.0
1268	1262	1	0.0
1198	1195	1	0.0
1367	1362	1	0.0
1222	1216	1	0.0
1355	1352	1	0.0
1408	1405	1	0.0
1286	1285	1	0.0
1440	1438	1	0.0
1471	1463	1	0.0
1387	1386	1	0.0
1428	1423	1	0.0
1243	1240	1	0.0
1264	1263	1	0.0
1486	1484	1	0.0
1197	1196	1	0.0
1368	1362	1	0.0
1223	1216	1	0.0
1321	1318	1	0.0
1287	1285	1	0.0
1440	1439	1	0.0
1472	1463	1	0.0
1388	1386	1	0.0
1198	1196	1	0.0
1265	1263	1	0.0
1320	1319	1	0.0
1429	1423	1	0.0
1409	1405	1	0.0
1487	1484	1	0.0
1369	1362	1	0.0
1244	1240	1	0.0
1441	1439	1	0.0
1288	1285	1	0.0
1467	1464	1	0.0
1388	1387	1	0.0
1356	1352	1	0.0
1219	1217	1	0.0
1198	1197	1	0.0
1321	1319	1	0.0
1266	1263	1	0.0
1430	1423	1	0.0
1245	1240	1	0.0
1365	1363	1	0.0
1407	1406	1	0.0
1488	1484	1	0.0
1442	1439	1	0.0
1289	1285	1	0.0
1468	1464	1	0.0
1389	1384	1	0.0
1267	1263	1	0.0
1321	1320	1	0.0
1220	1217	1	0.0
1431	1423	1	0.0
1366	1363	1	0.0
1408	1406	1	0.0
1357	1352	1	0.0
1242	1241	1	0.0
1486	1485	1	0.0
1390	1384	1	0.0
1443	1439	1	0.0
1287	1286	1	0.0
1469	1464	1	0.0
1199	1197	1	0.0
1322	1320	1	0.0
1268	1263	1	0.0
1221	1217	1	0.0
1367	1363	1	0.0
1432	1423	1	0.0
1409	1406	1	0.0
1441	1440	1	0.0
1391	1384	1	0.0
1200	1197	1	0.0
1265	1264	1	0.0
1288	1286	1	0.0
1323	1320	1	0.0
1487	1485	1	0.0
1470	1464	1	0.0
1433	1423	1	0.0
1243	1241	1	0.0
1368	1363	1	0.0
1354	1353	1	0.0
1408	1407	1	0.0
1201	1197	1	0.0
1392	1384	1	0.0
1442	1440	1	0.0
1222	1217	1	0.0
1266	1264	1	0.0
1324	1320	1	0.0
1488	1485	1	0.0
1471	1464	1	0.0
1369	1363	1	0.0
1244	1241	1	0.0
1289	1286	1	0.0
1426	1424	1	0.0
1409	1407	1	0.0
1199	1198	1	0.0
1443	1440	1	0.0
1267	1264	1	0.0
1393	1384	1	0.0
1355	1353	1	0.0
1325	1320	1	0.0
1472	1464	1	0.0
1487	1486	1	0.0
1427	1424	1	0.0
1365	1364	1	0.0
1245	1241	1	0.0
1288	1287	1	0.0
1223	1217	1	0.0
1200	1198	1	0.0
1409	1408	1	0.0
1442	1441	1	0.0
1394	1384	1	0.0
1268	1264	1	0.0
1488	1486	1	0.0
1356	1353	1	0.0
1322	1321	1	0.0
1467	1465	1	0.0
1366	1364	1	0.0
1289	1287	1	0.0
1201	1198	1	0.0
1243	1242	1	0.0
1443	1441	1	0.0
1428	1424	1	0.0
1410	1403	1	0.0
1389	1385	1	0.0
1266	1265	1	0.0
1219	1218	1	0.0
1488	1487	1	0.0
1323	1321	1	0.0
1468	1465	1	0.0
1357	1353	1	0.0
1443	1442	1	0.0
1244	1242	1	0.0
1200	1199	1	0.0
1289	1288	1	0.0
1367	1364	1	0.0
1324	1321	1	0.0
1469	1465	1	0.0
1267	1265	1	0.0
1429	1424	1	0.0
1411	1403	1	0.0
1489	1483	1	0.0
1390	1385	1	0.0
1220	1218	1	0.0
1444	1441	1	0.0
1245	1242	1	0.0
1470	1465	1	0.0
1290	1286	1	0.0
1412	1403	1	0.0
1430	1424	1	0.0
1355	1354	1	0.0
1391	1385	1	0.0
1368	1364	1	0.0
1201	1199	1	0.0
1244	1243	1	0.0
1490	1483	1	0.0
1221	1218	1	0.0
1268	1265	1	0.0
1471	1465	1	0.0
1325	1321	1	0.0
1291	1286	1	0.0
1413	1403	1	0.0
1431	1424	1	0.0
1472	1465	1	0.0
1491	1483	1	0.0
1369	1364	1	0.0
1201	1200	1	0.0
1392	1385	1	0.0
1292	1286	1	0.0
1267	1266	1	0.0
1222	1218	1	0.0
1414	1403	1	0.0
1245	1243	1	0.0
1467	1466	1	0.0
1323	1322	1	0.0
1492	1483	1	0.0
1432	1424	1	0.0
1356	1354	1	0.0
1366	1365	1	0.0
1202	1199	1	0.0
1290	1287	1	0.0
1268	1266	1	0.0
1393	1385	1	0.0
1245	1244	1	0.0
1223	1218	1	0.0
1410	1404	1	0.0
1468	1466	1	0.0
1433	1424	1	0.0
1493	1483	1	0.0
1324	1322	1	0.0
1394	1385	1	0.0
1367	1365	1	0.0
1203	1199	1	0.0
1291	1287	1	0.0
1246	1239	1	0.0
1268	1267	1	0.0
1411	1404	1	0.0
1220	1219	1	0.0
1357	1354	1	0.0
1469	1466	1	0.0
1426	1425	1	0.0
1325	1322	1	0.0
1489	1484	1	0.0
1204	1199	1	0.0
1389	1386	1	0.0
1368	1365	1	0.0
1247	1239	1	0.0
1412	1404	1	0.0
1269	1264	1	0.0
1292	1287	1	0.0
1221	1219	1	0.0
1427	1425	1	0.0
1470	1466	1	0.0
1324	1323	1	0.0
1490	1484	1	0.0
1369	1365	1	0.0
1248	1239	1	0.0
1413	1404	1	0.0
1390	1386	1	0.0
1356	1355	1	0.0
1205	1199	1	0.0
1270	1264	1	0.0
1290	1288	1	0.0
1222	1219	1	0.0
1428	1425	1	0.0
1325	1323	1	0.0
1491	1484	1	0.0
1391	1386	1	0.0
1367	1366	1	0.0
1414	1404	1	0.0
1271	1264	1	0.0
1291	1288	1	0.0
1249	1239	1	0.0
1429	1425	1	0.0
1206	1199	1	0.0
1325	1324	1	0.0
1492	1484	1	0.0
1368	1366	1	0.0
1392	1386	1	0.0
1223	1219	1	0.0
1357	1355	1	0.0
1269	1265	1	0.0
1292	1288	1	0.0
1246	1240	1	0.0
1430	1425	1	0.0
1369	1366	1	0.0
1327	1326	1	0.0
1290	1289	1	0.0
1493	1484	1	0.0
1270	1265	1	0.0
1247	1240	1	0.0
1431	1425	1	0.0
1221	1220	1	0.0
1357	1356	1	0.0
1291	1289	1	0.0
1432	1425	1	0.0
1489	1485	1	0.0
1248	1240	1	0.0
1271	1265	1	0.0
1222	1220	1	0.0
1490	1485	1	0.0
1292	1289	1	0.0
1249	1240	1	0.0
1269	1266	1	0.0
1358	1349	1	0.0
1223	1220	1	0.0
1491	1485	1	0.0
1291	1290	1	0.0
1222	1221	1	0.0
1359	1349	1	0.0
1292	1290	1	0.0
1223	1221	1	0.0
1292	1291	1	0.0
1223	1222	1	0.0
1360	1349	1	0.0
1293	1290	1	0.0
1361	1349	1	0.0
1224	1219	1	0.0
1362	1349	1	0.0
1224	1220	1	0.0
1363	1349	1	0.0
1224	1221	1	0.0
1224	1222	1	0.0
1364	1349	1	0.0
1224	1223	1	0.0
1358	1350	1	0.0
1225	1224	1	0.0
1359	1350	1	0.0
1226	1225	1	0.0
1360	1350	1	0.0
1227	1225	1	0.0
1361	1350	1	0.0
1227	1226	1	0.0
1362	1350	1	0.0
1228	1226	1	0.0
1363	1350	1	0.0
1229	1226	1	0.0
1228	1227	1	0.0
1364	1350	1	0.0
1229	1227	1	0.0
1358	1351	1	0.0
1359	1351	1	0.0
1360	1351	1	0.0
1361	1351	1	0.0
1362	1351	1	0.0
1363	1351	1	0.0
1364	1351	1	0.0
1358	1352	1	0.0
1359	1352	1	0.0
1360	1352	1	0.0
1361	1352	1	0.0
1362	1352	1	0.0
1184	1183	0	0.0
1185	1183	0	0.0
1185	1184	0	0.0
1186	1183	0	0.0
1187	1183	0	0.0
1202	1200	0	0.0
1188	1183	0	0.0
1189	1183	0	0.0
1203	1200	0	0.0
1190	1183	0	0.0
1204	1200	0	0.0
1186	1184	0	0.0
1205	1200	0	0.0
1187	1184	0	0.0
1206	1200	0	0.0
1188	1184	0	0.0
1202	1201	0	0.0
1189	1184	0	0.0
1203	1201	0	0.0
1190	1184	0	0.0
1204	1201	0	0.0
1229	1228	0	0.0
1186	1185	0	0.0
1205	1201	0	0.0
1187	1185	0	0.0
1206	1201	0	0.0
1230	1228	0	0.0
1203	1202	0	0.0
1188	1185	0	0.0
1231	1228	0	0.0
1204	1202	0	0.0
1230	1229	0	0.0
1189	1185	0	0.0
1205	1202	0	0.0
1231	1229	0	0.0
1190	1185	0	0.0
1206	1202	0	0.0
1231	1230	0	0.0
1187	1186	0	0.0
1204	1203	0	0.0
1232	1230	0	0.0
1246	1241	0	0.0
1205	1203	0	0.0
1188	1186	0	0.0
1232	1231	0	0.0
1247	1241	0	0.0
1206	1203	0	0.0
1189	1186	0	0.0
1233	1232	0	0.0
1248	1241	0	0.0
1205	1204	0	0.0
1190	1186	0	0.0
1234	1232	0	0.0
1249	1241	0	0.0
1206	1204	0	0.0
1246	1242	0	0.0
1235	1232	0	0.0
1206	1205	0	0.0
1188	1187	0	0.0
1247	1242	0	0.0
1207	1202	0	0.0
1189	1187	0	0.0
1236	1232	0	0.0
1208	1202	0	0.0
1248	1242	0	0.0
1190	1187	0	0.0
1237	1232	0	0.0
1209	1202	0	0.0
1270	1266	0	0.0
1249	1242	0	0.0
1189	1188	0	0.0
1210	1202	0	0.0
1238	1232	0	0.0
1246	1243	0	0.0
1190	1188	0	0.0
1207	1203	0	0.0
1234	1233	0	0.0
1271	1266	0	0.0
1247	1243	0	0.0
1190	1189	0	0.0
1208	1203	0	0.0
1235	1233	0	0.0
1269	1267	0	0.0
1248	1243	0	0.0
1191	1186	0	0.0
1209	1203	0	0.0
1236	1233	0	0.0
1249	1243	0	0.0
1270	1267	0	0.0
1192	1186	0	0.0
1210	1203	0	0.0
1237	1233	0	0.0
1246	1244	0	0.0
1271	1267	0	0.0
1207	1204	0	0.0
1193	1186	0	0.0
1238	1233	0	0.0
1247	1244	0	0.0
1208	1204	0	0.0
1235	1234	0	0.0
1269	1268	0	0.0
1194	1186	0	0.0
1209	1204	0	0.0
1248	1244	0	0.0
1270	1268	0	0.0
1236	1234	0	0.0
1210	1204	0	0.0
1249	1244	0	0.0
1293	1291	0	0.0
1246	1245	0	0.0
1207	1205	0	0.0
1195	1186	0	0.0
1237	1234	0	0.0
1271	1268	0	0.0
1293	1292	0	0.0
1208	1205	0	0.0
1247	1245	0	0.0
1270	1269	0	0.0
1196	1186	0	0.0
1238	1234	0	0.0
1295	1294	0	0.0
1209	1205	0	0.0
1248	1245	0	0.0
1191	1187	0	0.0
1271	1269	0	0.0
1236	1235	0	0.0
1296	1294	0	0.0
1249	1245	0	0.0
1210	1205	0	0.0
1192	1187	0	0.0
1237	1235	0	0.0
1271	1270	0	0.0
1207	1206	0	0.0
1247	1246	0	0.0
1297	1294	0	0.0
1193	1187	0	0.0
1238	1235	0	0.0
1272	1269	0	0.0
1208	1206	0	0.0
1194	1187	0	0.0
1296	1295	0	0.0
1248	1246	0	0.0
1237	1236	0	0.0
1273	1269	0	0.0
1209	1206	0	0.0
1297	1295	0	0.0
1195	1187	0	0.0
1238	1236	0	0.0
1272	1270	0	0.0
1249	1246	0	0.0
1210	1206	0	0.0
1273	1270	0	0.0
1208	1207	0	0.0
1297	1296	0	0.0
1196	1187	0	0.0
1272	1271	0	0.0
1248	1247	0	0.0
1238	1237	0	0.0
1298	1294	0	0.0
1209	1207	0	0.0
1273	1271	0	0.0
1249	1247	0	0.0
1191	1188	0	0.0
1239	1233	0	0.0
1299	1294	0	0.0
1210	1207	0	0.0
1249	1248	0	0.0
1273	1272	0	0.0
1328	1326	0	0.0
1192	1188	0	0.0
1240	1233	0	0.0
1209	1208	0	0.0
1300	1294	0	0.0
1250	1246	0	0.0
1274	1272	0	0.0
1193	1188	0	0.0
1241	1233	0	0.0
1298	1295	0	0.0
1251	1246	0	0.0
1275	1272	0	0.0
1194	1188	0	0.0
1242	1233	0	0.0
1329	1326	0	0.0
1250	1247	0	0.0
1210	1208	0	0.0
1276	1272	0	0.0
1299	1295	0	0.0
1243	1233	0	0.0
1195	1188	0	0.0
1363	1352	0	0.0
1251	1247	0	0.0
1300	1295	0	0.0
1328	1327	0	0.0
1244	1233	0	0.0
1210	1209	0	0.0
1277	1272	0	0.0
1196	1188	0	0.0
1250	1248	0	0.0
1364	1352	0	0.0
1298	1296	0	0.0
1329	1327	0	0.0
1368	1367	0	0.0
1245	1233	0	0.0
1211	1207	0	0.0
1191	1189	0	0.0
1278	1272	0	0.0
1358	1353	0	0.0
1251	1248	0	0.0
1299	1296	0	0.0
1329	1328	0	0.0
1211	1208	0	0.0
1239	1234	0	0.0
1192	1189	0	0.0
1369	1367	0	0.0
1359	1353	0	0.0
1250	1249	0	0.0
1274	1273	0	0.0
1300	1296	0	0.0
1330	1328	0	0.0
1211	1209	0	0.0
1251	1249	0	0.0
1360	1353	0	0.0
1369	1368	0	0.0
1240	1234	0	0.0
1275	1273	0	0.0
1298	1297	0	0.0
1193	1189	0	0.0
1331	1328	0	0.0
1251	1250	0	0.0
1211	1210	0	0.0
1361	1353	0	0.0
1370	1365	0	0.0
1241	1234	0	0.0
1194	1189	0	0.0
1276	1273	0	0.0
1299	1297	0	0.0
1362	1353	0	0.0
1330	1329	0	0.0
1393	1386	0	0.0
1252	1250	0	0.0
1195	1189	0	0.0
1371	1365	0	0.0
1242	1234	0	0.0
1213	1212	0	0.0
1300	1297	0	0.0
1277	1273	0	0.0
1363	1353	0	0.0
1331	1329	0	0.0
1196	1189	0	0.0
1372	1365	0	0.0
1299	1298	0	0.0
1278	1273	0	0.0
1214	1212	0	0.0
1364	1353	0	0.0
1253	1250	0	0.0
1394	1386	0	0.0
1243	1234	0	0.0
1191	1190	0	0.0
1370	1366	0	0.0
1300	1298	0	0.0
1275	1274	0	0.0
1214	1213	0	0.0
1358	1354	0	0.0
1331	1330	0	0.0
1389	1387	0	0.0
1254	1250	0	0.0
1244	1234	0	0.0
1192	1190	0	0.0
1215	1212	0	0.0
1276	1274	0	0.0
1371	1366	0	0.0
1252	1251	0	0.0
1300	1299	0	0.0
1245	1234	0	0.0
1359	1354	0	0.0
1193	1190	0	0.0
1390	1387	0	0.0
1332	1330	0	0.0
1253	1251	0	0.0
1301	1298	0	0.0
1239	1235	0	0.0
1215	1213	0	0.0
1372	1366	0	0.0
1360	1354	0	0.0
1277	1274	0	0.0
1194	1190	0	0.0
1240	1235	0	0.0
1391	1387	0	0.0
1302	1298	0	0.0
1332	1331	0	0.0
1370	1367	0	0.0
1254	1251	0	0.0
1215	1214	0	0.0
1361	1354	0	0.0
1278	1274	0	0.0
1241	1235	0	0.0
1303	1298	0	0.0
1195	1190	0	0.0
1392	1387	0	0.0
1371	1367	0	0.0
1276	1275	0	0.0
1253	1252	0	0.0
1333	1332	0	0.0
1362	1354	0	0.0
1304	1298	0	0.0
1242	1235	0	0.0
1393	1387	0	0.0
1372	1367	0	0.0
1216	1215	0	0.0
1196	1190	0	0.0
1277	1275	0	0.0
1254	1252	0	0.0
1410	1405	0	0.0
1363	1354	0	0.0
1305	1298	0	0.0
1334	1333	0	0.0
1217	1215	0	0.0
1394	1387	0	0.0
1243	1235	0	0.0
1254	1253	0	0.0
1192	1191	0	0.0
1278	1275	0	0.0
1370	1368	0	0.0
1364	1354	0	0.0
1433	1425	0	0.0
1306	1298	0	0.0
1335	1333	0	0.0
1218	1215	0	0.0
1389	1388	0	0.0
1244	1235	0	0.0
1277	1276	0	0.0
1358	1355	0	0.0
1371	1368	0	0.0
1193	1191	0	0.0
1255	1252	0	0.0
1411	1405	0	0.0
1301	1299	0	0.0
1217	1216	0	0.0
1390	1388	0	0.0
1372	1368	0	0.0
1245	1235	0	0.0
1359	1355	0	0.0
1335	1334	0	0.0
1256	1252	0	0.0
1427	1426	0	0.0
1194	1191	0	0.0
1278	1276	0	0.0
1302	1299	0	0.0
1412	1405	0	0.0
1445	1441	0	0.0
1218	1216	0	0.0
1391	1388	0	0.0
1360	1355	0	0.0
1428	1426	0	0.0
1370	1369	0	0.0
1337	1336	0	0.0
1195	1191	0	0.0
1278	1277	0	0.0
1257	1252	0	0.0
1303	1299	0	0.0
1218	1217	0	0.0
1392	1388	0	0.0
1413	1405	0	0.0
1239	1236	0	0.0
1361	1355	0	0.0
1444	1442	0	0.0
1429	1426	0	0.0
1371	1369	0	0.0
1338	1336	0	0.0
1471	1466	0	0.0
1279	1274	0	0.0
1255	1253	0	0.0
1196	1191	0	0.0
1304	1299	0	0.0
1445	1442	0	0.0
1393	1388	0	0.0
1219	1216	0	0.0
1362	1355	0	0.0
1430	1426	0	0.0
1240	1236	0	0.0
1372	1369	0	0.0
1414	1405	0	0.0
1280	1274	0	0.0
1305	1299	0	0.0
1472	1466	0	0.0
1256	1253	0	0.0
1193	1192	0	0.0
1338	1337	0	0.0
1363	1355	0	0.0
1431	1426	0	0.0
1492	1485	0	0.0
1220	1216	0	0.0
1444	1443	0	0.0
1394	1388	0	0.0
1410	1406	0	0.0
1371	1370	0	0.0
1241	1236	0	0.0
1281	1274	0	0.0
1468	1467	0	0.0
1306	1299	0	0.0
1339	1336	0	0.0
1257	1253	0	0.0
1364	1355	0	0.0
1194	1192	0	0.0
1432	1426	0	0.0
1221	1216	0	0.0
1445	1443	0	0.0
1390	1389	0	0.0
1493	1485	0	0.0
1411	1406	0	0.0
1301	1300	0	0.0
1469	1467	0	0.0
1279	1275	0	0.0
1372	1370	0	0.0
1242	1236	0	0.0
1255	1254	0	0.0
1222	1216	0	0.0
1358	1356	0	0.0
1195	1192	0	0.0
1433	1426	0	0.0
1340	1336	0	0.0
1445	1444	0	0.0
1280	1275	0	0.0
1372	1371	0	0.0
1470	1467	0	0.0
1391	1389	0	0.0
1302	1300	0	0.0
1447	1446	0	0.0
1412	1406	0	0.0
1339	1337	0	0.0
1359	1356	0	0.0
1428	1427	0	0.0
1471	1467	0	0.0
1223	1216	0	0.0
1281	1275	0	0.0
1196	1192	0	0.0
1256	1254	0	0.0
1303	1300	0	0.0
1373	1370	0	0.0
1243	1236	0	0.0
1392	1389	0	0.0
1448	1446	0	0.0
1340	1337	0	0.0
1413	1406	0	0.0
1219	1217	0	0.0
1257	1254	0	0.0
1489	1486	0	0.0
1279	1276	0	0.0
1472	1467	0	0.0
1429	1427	0	0.0
1360	1356	0	0.0
1304	1300	0	0.0
1194	1193	0	0.0
1374	1370	0	0.0
1393	1389	0	0.0
1244	1236	0	0.0
1449	1446	0	0.0
1280	1276	0	0.0
1339	1338	0	0.0
1490	1486	0	0.0
1220	1217	0	0.0
1256	1255	0	0.0
1469	1468	0	0.0
1430	1427	0	0.0
1361	1356	0	0.0
1375	1370	0	0.0
1195	1193	0	0.0
1305	1300	0	0.0
1414	1406	0	0.0
1245	1236	0	0.0
1394	1389	0	0.0
1448	1447	0	0.0
1221	1217	0	0.0
1281	1276	0	0.0
1491	1486	0	0.0
1340	1338	0	0.0
1257	1255	0	0.0
1431	1427	0	0.0
1470	1468	0	0.0
1362	1356	0	0.0
1196	1193	0	0.0
1376	1370	0	0.0
1449	1447	0	0.0
1410	1407	0	0.0
1306	1300	0	0.0
1239	1237	0	0.0
1391	1390	0	0.0
1222	1217	0	0.0
1279	1277	0	0.0
1492	1486	0	0.0
1257	1256	0	0.0
1340	1339	0	0.0
1363	1356	0	0.0
1471	1468	0	0.0
1195	1194	0	0.0
1373	1371	0	0.0
1432	1427	0	0.0
1302	1301	0	0.0
1240	1237	0	0.0
1411	1407	0	0.0
1449	1448	0	0.0
1280	1277	0	0.0
1392	1390	0	0.0
1364	1356	0	0.0
1258	1255	0	0.0
1493	1486	0	0.0
1223	1217	0	0.0
1342	1341	0	0.0
1472	1468	0	0.0
1433	1427	0	0.0
1303	1301	0	0.0
1374	1371	0	0.0
1451	1450	0	0.0
1241	1237	0	0.0
1281	1277	0	0.0
1358	1357	0	0.0
1196	1194	0	0.0
1470	1469	0	0.0
1489	1487	0	0.0
1259	1255	0	0.0
1393	1390	0	0.0
1219	1218	0	0.0
1412	1407	0	0.0
1429	1428	0	0.0
1343	1341	0	0.0
1304	1301	0	0.0
1359	1357	0	0.0
1279	1278	0	0.0
1375	1371	0	0.0
1452	1450	0	0.0
1242	1237	0	0.0
1196	1195	0	0.0
1471	1469	0	0.0
1413	1407	0	0.0
1394	1390	0	0.0
1258	1256	0	0.0
1305	1301	0	0.0
1490	1487	0	0.0
1430	1428	0	0.0
1344	1341	0	0.0
1280	1278	0	0.0
1376	1371	0	0.0
1360	1357	0	0.0
1243	1237	0	0.0
1220	1218	0	0.0
1453	1450	0	0.0
1197	1191	0	0.0
1472	1469	0	0.0
1392	1391	0	0.0
1414	1407	0	0.0
1259	1256	0	0.0
1306	1301	0	0.0
1343	1342	0	0.0
1431	1428	0	0.0
1361	1357	0	0.0
1373	1372	0	0.0
1281	1278	0	0.0
1491	1487	0	0.0
1471	1470	0	0.0
1244	1237	0	0.0
1198	1191	0	0.0
1221	1218	0	0.0
1454	1450	0	0.0
1393	1391	0	0.0
1258	1257	0	0.0
1410	1408	0	0.0
1303	1302	0	0.0
1492	1487	0	0.0
1472	1470	0	0.0
1432	1428	0	0.0
1362	1357	0	0.0
1280	1279	0	0.0
1344	1342	0	0.0
1245	1237	0	0.0
1452	1451	0	0.0
1374	1372	0	0.0
1197	1192	0	0.0
1222	1218	0	0.0
1394	1391	0	0.0
1259	1257	0	0.0
1281	1279	0	0.0
1472	1471	0	0.0
1411	1408	0	0.0
1453	1451	0	0.0
1433	1428	0	0.0
1493	1487	0	0.0
1304	1302	0	0.0
1259	1258	0	0.0
1344	1343	0	0.0
1363	1357	0	0.0
1223	1218	0	0.0
1239	1238	0	0.0
1375	1372	0	0.0
1198	1192	0	0.0
1393	1392	0	0.0
1281	1280	0	0.0
1412	1408	0	0.0
1454	1451	0	0.0
1474	1473	0	0.0
1489	1488	0	0.0
1305	1302	0	0.0
1220	1219	0	0.0
1430	1429	0	0.0
1260	1258	0	0.0
1364	1357	0	0.0
1240	1238	0	0.0
1197	1193	0	0.0
1283	1282	0	0.0
1346	1345	0	0.0
1376	1372	0	0.0
1394	1392	0	0.0
1413	1408	0	0.0
1359	1358	0	0.0
1490	1488	0	0.0
1261	1258	0	0.0
1198	1193	0	0.0
1306	1302	0	0.0
1475	1474	0	0.0
1453	1452	0	0.0
1374	1373	0	0.0
1241	1238	0	0.0
1284	1282	0	0.0
1431	1429	0	0.0
1221	1219	0	0.0
1414	1408	0	0.0
1394	1393	0	0.0
1347	1345	0	0.0
1197	1194	0	0.0
1360	1358	0	0.0
1304	1303	0	0.0
1242	1238	0	0.0
1491	1488	0	0.0
1260	1259	0	0.0
1454	1452	0	0.0
1375	1373	0	0.0
1476	1475	0	0.0
1395	1389	0	0.0
1222	1219	0	0.0
1432	1429	0	0.0
1285	1282	0	0.0
1410	1409	0	0.0
1492	1488	0	0.0
1305	1303	0	0.0
1198	1194	0	0.0
1361	1358	0	0.0
1376	1373	0	0.0
1261	1259	0	0.0
1348	1345	0	0.0
1477	1475	0	0.0
1243	1238	0	0.0
1454	1453	0	0.0
1396	1389	0	0.0
1433	1429	0	0.0
1223	1219	0	0.0
1284	1283	0	0.0
1411	1409	0	0.0
1197	1195	0	0.0
1306	1303	0	0.0
1261	1260	0	0.0
1493	1488	0	0.0
1362	1358	0	0.0
1244	1238	0	0.0
1347	1346	0	0.0
1375	1374	0	0.0
1455	1450	0	0.0
1477	1476	0	0.0
1431	1430	0	0.0
1285	1283	0	0.0
1395	1390	0	0.0
1221	1220	0	0.0
1412	1409	0	0.0
1198	1195	0	0.0
1262	1260	0	0.0
1245	1238	0	0.0
1363	1358	0	0.0
1305	1304	0	0.0
1490	1489	0	0.0
1348	1346	0	0.0
1478	1476	0	0.0
1432	1430	0	0.0
1456	1450	0	0.0
1285	1284	0	0.0
1376	1374	0	0.0
1396	1390	0	0.0
1222	1220	0	0.0
1413	1409	0	0.0
1263	1260	0	0.0
1491	1489	0	0.0
1364	1358	0	0.0
1306	1304	0	0.0
1197	1196	0	0.0
1240	1239	0	0.0
1479	1476	0	0.0
1376	1375	0	0.0
1455	1451	0	0.0
1348	1347	0	0.0
1433	1430	0	0.0
1286	1282	0	0.0
1395	1391	0	0.0
1414	1409	0	0.0
1223	1220	0	0.0
1492	1489	0	0.0
1360	1359	0	0.0
1262	1261	0	0.0
1241	1239	0	0.0
1377	1373	0	0.0
1480	1476	0	0.0
1306	1305	0	0.0
1456	1451	0	0.0
1198	1196	0	0.0
1350	1349	0	0.0
1396	1391	0	0.0
1432	1431	0	0.0
1287	1282	0	0.0
1411	1410	0	0.0
1493	1489	0	0.0
1361	1359	0	0.0
1263	1261	0	0.0
1455	1452	0	0.0
1481	1476	0	0.0
1222	1221	0	0.0
1242	1239	0	0.0
1308	1307	0	0.0
1433	1431	0	0.0
1378	1373	0	0.0
1198	1197	0	0.0
1491	1490	0	0.0
1288	1282	0	0.0
1395	1392	0	0.0
1351	1349	0	0.0
1412	1410	0	0.0
1362	1359	0	0.0
1263	1262	0	0.0
1456	1452	0	0.0
1309	1307	0	0.0
1243	1239	0	0.0
1482	1476	0	0.0
1433	1432	0	0.0
1377	1374	0	0.0
1223	1221	0	0.0
1199	1197	0	0.0
1289	1282	0	0.0
1363	1359	0	0.0
1352	1349	0	0.0
1396	1392	0	0.0
1455	1453	0	0.0
1413	1410	0	0.0
1478	1477	0	0.0
1492	1490	0	0.0
1264	1262	0	0.0
1434	1426	0	0.0
1244	1239	0	0.0
1378	1374	0	0.0
1309	1308	0	0.0
1286	1283	0	0.0
1364	1359	0	0.0
1353	1349	0	0.0
1265	1262	0	0.0
1200	1197	0	0.0
1435	1426	0	0.0
1395	1393	0	0.0
1493	1490	0	0.0
1223	1222	0	0.0
1245	1239	0	0.0
1479	1477	0	0.0
1377	1375	0	0.0
1456	1453	0	0.0
1361	1360	0	0.0
1287	1283	0	0.0
1310	1307	0	0.0
1492	1491	0	0.0
1436	1426	0	0.0
1396	1393	0	0.0
1414	1410	0	0.0
1201	1197	0	0.0
1266	1262	0	0.0
1354	1349	0	0.0
1224	1219	0	0.0
1362	1360	0	0.0
1288	1283	0	0.0
1241	1240	0	0.0
1480	1477	0	0.0
1378	1375	0	0.0
1455	1454	0	0.0
1395	1394	0	0.0
1412	1411	0	0.0
1437	1426	0	0.0
1310	1308	0	0.0
1224	1220	0	0.0
1493	1491	0	0.0
1267	1262	0	0.0
1355	1349	0	0.0
1289	1283	0	0.0
1242	1240	0	0.0
1363	1360	0	0.0
1456	1454	0	0.0
1481	1477	0	0.0
1199	1198	0	0.0
1396	1394	0	0.0
1377	1376	0	0.0
1413	1411	0	0.0
1438	1426	0	0.0
1310	1309	0	0.0
1268	1262	0	0.0
1224	1221	0	0.0
1364	1360	0	0.0
1356	1349	0	0.0
1456	1455	0	0.0
1243	1240	0	0.0
1493	1492	0	0.0
1286	1284	0	0.0
1396	1395	0	0.0
1311	1310	0	0.0
1434	1427	0	0.0
1414	1411	0	0.0
1378	1376	0	0.0
1482	1477	0	0.0
1264	1263	0	0.0
1200	1198	0	0.0
1362	1361	0	0.0
1457	1455	0	0.0
1224	1222	0	0.0
1244	1240	0	0.0
1357	1349	0	0.0
1265	1263	0	0.0
1378	1377	0	0.0
1201	1198	0	0.0
1287	1284	0	0.0
1397	1395	0	0.0
1479	1478	0	0.0
1458	1455	0	0.0
1435	1427	0	0.0
1312	1311	0	0.0
1363	1361	0	0.0
1413	1412	0	0.0
1245	1240	0	0.0
1266	1263	0	0.0
1224	1223	0	0.0
1351	1350	0	0.0
1379	1377	0	0.0
1288	1284	0	0.0
1200	1199	0	0.0
1398	1395	0	0.0
1436	1427	0	0.0
1480	1478	0	0.0
1457	1456	0	0.0
1313	1312	0	0.0
1267	1263	0	0.0
1242	1241	0	0.0
1364	1361	0	0.0
1225	1224	0	0.0
1201	1199	0	0.0
1289	1284	0	0.0
1414	1412	0	0.0
1380	1377	0	0.0
1352	1350	0	0.0
1399	1395	0	0.0
1437	1427	0	0.0
1481	1478	0	0.0
1314	1313	0	0.0
1363	1362	0	0.0
1268	1263	0	0.0
1201	1200	0	0.0
1458	1456	0	0.0
1243	1241	0	0.0
1226	1225	0	0.0
1381	1377	0	0.0
1414	1413	0	0.0
1438	1427	0	0.0
1400	1395	0	0.0
1286	1285	0	0.0
1353	1350	0	0.0
1482	1478	0	0.0
1458	1457	0	0.0
1227	1225	0	0.0
1434	1428	0	0.0
1379	1378	0	0.0
1244	1241	0	0.0
1202	1199	0	0.0
1364	1362	0	0.0
1315	1314	0	0.0
1401	1395	0	0.0
1265	1264	0	0.0
1415	1410	0	0.0
1354	1350	0	0.0
1287	1285	0	0.0
1480	1479	0	0.0
1459	1457	0	0.0
1380	1378	0	0.0
1245	1241	0	0.0
1203	1199	0	0.0
1435	1428	0	0.0
1227	1226	0	0.0
1402	1395	0	0.0
1364	1363	0	0.0
1415	1411	0	0.0
1266	1264	0	0.0
1460	1457	0	0.0
1288	1285	0	0.0
1355	1350	0	0.0
1381	1378	0	0.0
1481	1479	0	0.0
1316	1314	0	0.0
1243	1242	0	0.0
1204	1199	0	0.0
1397	1396	0	0.0
1267	1264	0	0.0
1436	1428	0	0.0
1365	1358	0	0.0
1228	1226	0	0.0
1415	1412	0	0.0
1482	1479	0	0.0
1289	1285	0	0.0
1316	1315	0	0.0
1380	1379	0	0.0
1461	1457	0	0.0
1356	1350	0	0.0
1244	1242	0	0.0
1205	1199	0	0.0
1268	1264	0	0.0
1437	1428	0	0.0
1366	1358	0	0.0
1398	1396	0	0.0
1415	1413	0	0.0
1481	1480	0	0.0
1317	1315	0	0.0
1459	1458	0	0.0
1381	1379	0	0.0
1229	1226	0	0.0
1287	1286	0	0.0
1357	1350	0	0.0
1245	1242	0	0.0
1206	1199	0	0.0
1266	1265	0	0.0
1438	1428	0	0.0
1367	1358	0	0.0
1415	1414	0	0.0
1399	1396	0	0.0
1482	1480	0	0.0
1288	1286	0	0.0
1228	1227	0	0.0
1460	1458	0	0.0
1318	1315	0	0.0
1267	1265	0	0.0
1244	1243	0	0.0
1381	1380	0	0.0
1352	1351	0	0.0
1434	1429	0	0.0
1368	1358	0	0.0
1289	1286	0	0.0
1416	1415	0	0.0
1482	1481	0	0.0
1400	1396	0	0.0
1461	1458	0	0.0
1229	1227	0	0.0
1319	1315	0	0.0
1268	1265	0	0.0
1245	1243	0	0.0
1353	1351	0	0.0
1369	1358	0	0.0
1382	1379	0	0.0
1435	1429	0	0.0
1288	1287	0	0.0
1483	1478	0	0.0
1460	1459	0	0.0
1417	1415	0	0.0
1401	1396	0	0.0
1317	1316	0	0.0
1267	1266	0	0.0
1245	1244	0	0.0
1354	1351	0	0.0
1436	1429	0	0.0
1484	1478	0	0.0
1289	1287	0	0.0
1383	1379	0	0.0
1365	1359	0	0.0
1318	1316	0	0.0
1461	1459	0	0.0
1418	1415	0	0.0
1268	1266	0	0.0
1246	1239	0	0.0
1402	1396	0	0.0
1355	1351	0	0.0
1485	1478	0	0.0
1437	1429	0	0.0
1319	1316	0	0.0
1382	1380	0	0.0
1289	1288	0	0.0
1366	1359	0	0.0
1461	1460	0	0.0
1268	1267	0	0.0
1247	1239	0	0.0
1419	1415	0	0.0
1398	1397	0	0.0
1486	1478	0	0.0
1438	1429	0	0.0
1318	1317	0	0.0
1356	1351	0	0.0
1269	1264	0	0.0
1290	1286	0	0.0
1462	1459	0	0.0
1383	1380	0	0.0
1367	1359	0	0.0
1248	1239	0	0.0
1417	1416	0	0.0
1399	1397	0	0.0
1319	1317	0	0.0
1434	1430	0	0.0
1463	1459	0	0.0
1487	1478	0	0.0
1270	1264	0	0.0
1357	1351	0	0.0
1382	1381	0	0.0
1291	1286	0	0.0
1368	1359	0	0.0
1418	1416	0	0.0
1400	1397	0	0.0
1249	1239	0	0.0
1319	1318	0	0.0
1435	1430	0	0.0
1464	1459	0	0.0
1271	1264	0	0.0
1488	1478	0	0.0
1353	1352	0	0.0
1292	1286	0	0.0
1369	1359	0	0.0
1419	1416	0	0.0
1383	1381	0	0.0
1246	1240	0	0.0
1320	1317	0	0.0
1436	1430	0	0.0
1401	1397	0	0.0
1269	1265	0	0.0
1483	1479	0	0.0
1465	1459	0	0.0
1354	1352	0	0.0
1365	1360	0	0.0
1290	1287	0	0.0
1420	1416	0	0.0
1383	1382	0	0.0
1247	1240	0	0.0
1321	1317	0	0.0
1437	1430	0	0.0
1270	1265	0	0.0
1466	1459	0	0.0
1402	1397	0	0.0
1355	1352	0	0.0
1291	1287	0	0.0
1366	1360	0	0.0
1484	1479	0	0.0
1421	1416	0	0.0
1248	1240	0	0.0
1384	1382	0	0.0
1320	1318	0	0.0
1438	1430	0	0.0
1271	1265	0	0.0
1462	1460	0	0.0
1399	1398	0	0.0
1292	1287	0	0.0
1485	1479	0	0.0
1367	1360	0	0.0
1356	1352	0	0.0
1422	1416	0	0.0
1385	1382	0	0.0
1249	1240	0	0.0
1321	1318	0	0.0
1434	1431	0	0.0
1269	1266	0	0.0
1463	1460	0	0.0
1400	1398	0	0.0
1486	1479	0	0.0
1368	1360	0	0.0
1290	1288	0	0.0
1386	1382	0	0.0
1357	1352	0	0.0
1435	1431	0	0.0
1418	1417	0	0.0
1320	1319	0	0.0
1464	1460	0	0.0
1401	1398	0	0.0
1369	1360	0	0.0
1487	1479	0	0.0
1291	1288	0	0.0
1387	1382	0	0.0
1436	1431	0	0.0
1321	1319	0	0.0
1354	1353	0	0.0
1419	1417	0	0.0
1465	1460	0	0.0
1365	1361	0	0.0
1402	1398	0	0.0
1292	1288	0	0.0
1488	1479	0	0.0
1388	1382	0	0.0
1437	1431	0	0.0
1321	1320	0	0.0
1366	1361	0	0.0
1355	1353	0	0.0
1290	1289	0	0.0
1400	1399	0	0.0
1419	1418	0	0.0
1322	1320	0	0.0
1466	1460	0	0.0
1438	1431	0	0.0
1367	1361	0	0.0
1483	1480	0	0.0
1384	1383	0	0.0
1291	1289	0	0.0
1356	1353	0	0.0
1401	1399	0	0.0
1420	1417	0	0.0
1323	1320	0	0.0
1434	1432	0	0.0
1368	1361	0	0.0
1462	1461	0	0.0
1385	1383	0	0.0
1484	1480	0	0.0
1292	1289	0	0.0
1357	1353	0	0.0
1402	1399	0	0.0
1421	1417	0	0.0
1435	1432	0	0.0
1324	1320	0	0.0
1369	1361	0	0.0
1463	1461	0	0.0
1386	1383	0	0.0
1291	1290	0	0.0
1485	1480	0	0.0
1355	1354	0	0.0
1401	1400	0	0.0
1436	1432	0	0.0
1325	1320	0	0.0
1464	1461	0	0.0
1422	1417	0	0.0
1365	1362	0	0.0
1387	1383	0	0.0
1486	1480	0	0.0
1292	1290	0	0.0
1402	1400	0	0.0
1356	1354	0	0.0
1437	1432	0	0.0
1465	1461	0	0.0
1322	1321	0	0.0
1420	1418	0	0.0
1388	1383	0	0.0
1292	1291	0	0.0
1366	1362	0	0.0
1487	1480	0	0.0
1402	1401	0	0.0
1357	1354	0	0.0
1438	1432	0	0.0
1293	1290	0	0.0
1466	1461	0	0.0
1323	1321	0	0.0
1421	1418	0	0.0
1385	1384	0	0.0
1488	1480	0	0.0
1367	1362	0	0.0
1404	1403	0	0.0
1356	1355	0	0.0
1434	1433	0	0.0
1463	1462	0	0.0
1324	1321	0	0.0
1422	1418	0	0.0
1405	1403	0	0.0
1386	1384	0	0.0
1368	1362	0	0.0
1483	1481	0	0.0
1435	1433	0	0.0
1325	1321	0	0.0
1464	1462	0	0.0
1357	1355	0	0.0
1420	1419	0	0.0
1369	1362	0	0.0
1323	1322	0	0.0
1484	1481	0	0.0
1387	1384	0	0.0
1436	1433	0	0.0
1465	1462	0	0.0
1406	1403	0	0.0
1357	1356	0	0.0
1365	1363	0	0.0
1421	1419	0	0.0
1324	1322	0	0.0
1437	1433	0	0.0
1466	1462	0	0.0
1388	1384	0	0.0
1485	1481	0	0.0
1407	1403	0	0.0
1358	1349	0	0.0
1422	1419	0	0.0
1325	1322	0	0.0
1438	1433	0	0.0
1366	1363	0	0.0
1464	1463	0	0.0
1486	1481	0	0.0
1386	1385	0	0.0
1408	1403	0	0.0
1359	1349	0	0.0
1435	1434	0	0.0
1367	1363	0	0.0
1465	1463	0	0.0
1487	1481	0	0.0
1324	1323	0	0.0
1387	1385	0	0.0
1421	1420	0	0.0
1409	1403	0	0.0
1360	1349	0	0.0
1436	1434	0	0.0
1466	1463	0	0.0
1368	1363	0	0.0
1325	1323	0	0.0
1388	1385	0	0.0
1488	1481	0	0.0
1422	1420	0	0.0
1405	1404	0	0.0
1437	1434	0	0.0
1361	1349	0	0.0
1465	1464	0	0.0
1369	1363	0	0.0
1325	1324	0	0.0
1387	1386	0	0.0
1483	1482	0	0.0
1438	1434	0	0.0
1406	1404	0	0.0
1362	1349	0	0.0
1422	1421	0	0.0
1466	1464	0	0.0
1365	1364	0	0.0
1327	1326	0	0.0
1484	1482	0	0.0
1388	1386	0	0.0
1436	1435	0	0.0
1407	1404	0	0.0
1363	1349	0	0.0
1423	1420	0	0.0
1466	1465	0	0.0
1366	1364	0	0.0
1388	1387	0	0.0
1485	1482	0	0.0
1437	1435	0	0.0
1408	1404	0	0.0
1467	1462	0	0.0
1364	1349	0	0.0
1367	1364	0	0.0
1486	1482	0	0.0
1389	1384	0	0.0
1424	1420	0	0.0
1409	1404	0	0.0
1468	1462	0	0.0
1438	1435	0	0.0
1368	1364	0	0.0
1358	1350	0	0.0
1390	1384	0	0.0
1425	1420	0	0.0
1487	1482	0	0.0
1406	1405	0	0.0
1469	1462	0	0.0
1437	1436	0	0.0
1369	1364	0	0.0
1391	1384	0	0.0
1359	1350	0	0.0
1423	1421	0	0.0
1470	1462	0	0.0
1438	1436	0	0.0
1488	1482	0	0.0
1366	1365	0	0.0
1392	1384	0	0.0
1360	1350	0	0.0
1407	1405	0	0.0
1424	1421	0	0.0
1438	1437	0	0.0
1393	1384	0	0.0
1367	1365	0	0.0
1471	1462	0	0.0
1484	1483	0	0.0
1361	1350	0	0.0
1408	1405	0	0.0
1425	1421	0	0.0
1439	1434	0	0.0
1394	1384	0	0.0
1472	1462	0	0.0
1409	1405	0	0.0
1485	1483	0	0.0
1362	1350	0	0.0
1368	1365	0	0.0
1440	1434	0	0.0
1389	1385	0	0.0
1467	1463	0	0.0
1407	1406	0	0.0
1486	1483	0	0.0
1369	1365	0	0.0
1423	1422	0	0.0
1363	1350	0	0.0
1390	1385	0	0.0
1468	1463	0	0.0
1408	1406	0	0.0
1367	1366	0	0.0
1439	1435	0	0.0
1487	1483	0	0.0
1424	1422	0	0.0
1469	1463	0	0.0
1391	1385	0	0.0
1364	1350	0	0.0
1368	1366	0	0.0
1440	1435	0	0.0
1488	1483	0	0.0
1409	1406	0	0.0
1425	1422	0	0.0
1392	1385	0	0.0
1470	1463	0	0.0
1369	1366	0	0.0
1358	1351	0	0.0
1408	1407	0	0.0
1439	1436	0	0.0
1485	1484	0	0.0
1424	1423	0	0.0
1393	1385	0	0.0
1471	1463	0	0.0
1359	1351	0	0.0
1409	1407	0	0.0
1440	1436	0	0.0
1486	1484	0	0.0
1472	1463	0	0.0
1394	1385	0	0.0
1425	1423	0	0.0
1360	1351	0	0.0
1389	1386	0	0.0
1467	1464	0	0.0
1439	1437	0	0.0
1487	1484	0	0.0
1409	1408	0	0.0
1361	1351	0	0.0
1425	1424	0	0.0
1390	1386	0	0.0
1410	1403	0	0.0
1468	1464	0	0.0
1362	1351	0	0.0
1440	1437	0	0.0
1488	1484	0	0.0
1426	1423	0	0.0
1391	1386	0	0.0
1469	1464	0	0.0
1363	1351	0	0.0
1411	1403	0	0.0
1392	1386	0	0.0
1486	1485	0	0.0
1439	1438	0	0.0
1470	1464	0	0.0
1427	1423	0	0.0
1412	1403	0	0.0
1364	1351	0	0.0
1471	1464	0	0.0
1428	1423	0	0.0
1440	1438	0	0.0
1487	1485	0	0.0
1358	1352	0	0.0
1472	1464	0	0.0
1413	1403	0	0.0
1440	1439	0	0.0
1429	1423	0	0.0
1359	1352	0	0.0
1467	1465	0	0.0
1488	1485	0	0.0
1414	1403	0	0.0
1441	1439	0	0.0
1360	1352	0	0.0
1430	1423	0	0.0
1468	1465	0	0.0
1487	1486	0	0.0
1410	1404	0	0.0
1442	1439	0	0.0
1361	1352	0	0.0
1469	1465	0	0.0
1431	1423	0	0.0
1488	1486	0	0.0
1411	1404	0	0.0
1470	1465	0	0.0
1362	1352	0	0.0
1443	1439	0	0.0
1432	1423	0	0.0
1488	1487	0	0.0
1471	1465	0	0.0
1412	1404	0	0.0
1441	1440	0	0.0
1433	1423	0	0.0
1472	1465	0	0.0
1489	1483	0	0.0
1413	1404	0	0.0
1442	1440	0	0.0
1426	1424	0	0.0
1467	1466	0	0.0
1490	1483	0	0.0
1414	1404	0	0.0
1443	1440	0	0.0
1427	1424	0	0.0
1491	1483	0	0.0
1468	1466	0	0.0
1442	1441	0	0.0
1428	1424	0	0.0
1492	1483	0	0.0
1469	1466	0	0.0
1443	1441	0	0.0
1429	1424	0	0.0
1493	1483	0	0.0
1443	1442	0	0.0
1470	1466	0	0.0
1489	1484	0	0.0
1430	1424	0	0.0
1444	1441	0	0.0
1490	1484	0	0.0
1431	1424	0	0.0
1491	1484	0	0.0
1492	1484	0	0.0
1432	1424	0	0.0
1493	1484	0	0.0
1433	1424	0	0.0
1489	1485	0	0.0
1426	1425	0	0.0
1490	1485	0	0.0
1491	1485	0	0.0
1427	1425	0	0.0
1428	1425	0	0.0
1429	1425	0	0.0
1430	1425	0	0.0
1431	1425	0	0.0
1432	1425	0	0.0
1184	1183	4	0.0
1185	1183	4	0.0
1185	1184	4	0.0
1186	1183	4	0.0
1187	1183	4	0.0
1188	1183	4	0.0
1189	1183	4	0.0
1190	1183	4	0.0
1186	1184	4	0.0
1187	1184	4	0.0
1188	1184	4	0.0
1189	1184	4	0.0
1202	1200	4	0.0
1190	1184	4	0.0
1186	1185	4	0.0
1187	1185	4	0.0
1203	1200	4	0.0
1188	1185	4	0.0
1204	1200	4	0.0
1189	1185	4	0.0
1205	1200	4	0.0
1190	1185	4	0.0
1206	1200	4	0.0
1187	1186	4	0.0
1202	1201	4	0.0
1229	1228	4	0.0
1188	1186	4	0.0
1203	1201	4	0.0
1230	1228	4	0.0
1189	1186	4	0.0
1204	1201	4	0.0
1231	1228	4	0.0
1190	1186	4	0.0
1205	1201	4	0.0
1230	1229	4	0.0
1188	1187	4	0.0
1206	1201	4	0.0
1231	1229	4	0.0
1189	1187	4	0.0
1203	1202	4	0.0
1190	1187	4	0.0
1231	1230	4	0.0
1232	1230	4	0.0
1204	1202	4	0.0
1189	1188	4	0.0
1232	1231	4	0.0
1205	1202	4	0.0
1190	1188	4	0.0
1233	1232	4	0.0
1190	1189	4	0.0
1206	1202	4	0.0
1234	1232	4	0.0
1191	1186	4	0.0
1235	1232	4	0.0
1204	1203	4	0.0
1192	1186	4	0.0
1236	1232	4	0.0
1205	1203	4	0.0
1237	1232	4	0.0
1193	1186	4	0.0
1206	1203	4	0.0
1194	1186	4	0.0
1238	1232	4	0.0
1246	1241	4	0.0
1205	1204	4	0.0
1195	1186	4	0.0
1206	1204	4	0.0
1247	1241	4	0.0
1196	1186	4	0.0
1234	1233	4	0.0
1248	1241	4	0.0
1191	1187	4	0.0
1235	1233	4	0.0
1249	1241	4	0.0
1206	1205	4	0.0
1236	1233	4	0.0
1192	1187	4	0.0
1246	1242	4	0.0
1207	1202	4	0.0
1270	1266	4	0.0
1237	1233	4	0.0
1193	1187	4	0.0
1208	1202	4	0.0
1247	1242	4	0.0
1238	1233	4	0.0
1194	1187	4	0.0
1209	1202	4	0.0
1248	1242	4	0.0
1271	1266	4	0.0
1235	1234	4	0.0
1195	1187	4	0.0
1210	1202	4	0.0
1249	1242	4	0.0
1269	1267	4	0.0
1236	1234	4	0.0
1246	1243	4	0.0
1196	1187	4	0.0
1207	1203	4	0.0
1237	1234	4	0.0
1270	1267	4	0.0
1191	1188	4	0.0
1247	1243	4	0.0
1208	1203	4	0.0
1238	1234	4	0.0
1271	1267	4	0.0
1248	1243	4	0.0
1192	1188	4	0.0
1209	1203	4	0.0
1293	1291	4	0.0
1236	1235	4	0.0
1249	1243	4	0.0
1269	1268	4	0.0
1193	1188	4	0.0
1210	1203	4	0.0
1237	1235	4	0.0
1246	1244	4	0.0
1270	1268	4	0.0
1238	1235	4	0.0
1293	1292	4	0.0
1207	1204	4	0.0
1194	1188	4	0.0
1247	1244	4	0.0
1271	1268	4	0.0
1237	1236	4	0.0
1295	1294	4	0.0
1208	1204	4	0.0
1195	1188	4	0.0
1248	1244	4	0.0
1270	1269	4	0.0
1238	1236	4	0.0
1296	1294	4	0.0
1209	1204	4	0.0
1249	1244	4	0.0
1196	1188	4	0.0
1271	1269	4	0.0
1238	1237	4	0.0
1297	1294	4	0.0
1210	1204	4	0.0
1191	1189	4	0.0
1246	1245	4	0.0
1271	1270	4	0.0
1239	1233	4	0.0
1207	1205	4	0.0
1296	1295	4	0.0
1247	1245	4	0.0
1192	1189	4	0.0
1208	1205	4	0.0
1240	1233	4	0.0
1272	1269	4	0.0
1297	1295	4	0.0
1248	1245	4	0.0
1209	1205	4	0.0
1193	1189	4	0.0
1328	1326	4	0.0
1297	1296	4	0.0
1273	1269	4	0.0
1241	1233	4	0.0
1249	1245	4	0.0
1210	1205	4	0.0
1194	1189	4	0.0
1298	1294	4	0.0
1329	1326	4	0.0
1247	1246	4	0.0
1242	1233	4	0.0
1272	1270	4	0.0
1195	1189	4	0.0
1207	1206	4	0.0
1299	1294	4	0.0
1328	1327	4	0.0
1248	1246	4	0.0
1243	1233	4	0.0
1273	1270	4	0.0
1208	1206	4	0.0
1196	1189	4	0.0
1300	1294	4	0.0
1329	1327	4	0.0
1249	1246	4	0.0
1244	1233	4	0.0
1272	1271	4	0.0
1209	1206	4	0.0
1191	1190	4	0.0
1329	1328	4	0.0
1248	1247	4	0.0
1273	1271	4	0.0
1298	1295	4	0.0
1245	1233	4	0.0
1210	1206	4	0.0
1192	1190	4	0.0
1249	1247	4	0.0
1330	1328	4	0.0
1273	1272	4	0.0
1239	1234	4	0.0
1208	1207	4	0.0
1299	1295	4	0.0
1193	1190	4	0.0
1249	1248	4	0.0
1300	1295	4	0.0
1331	1328	4	0.0
1250	1246	4	0.0
1274	1272	4	0.0
1240	1234	4	0.0
1209	1207	4	0.0
1298	1296	4	0.0
1330	1329	4	0.0
1275	1272	4	0.0
1194	1190	4	0.0
1251	1246	4	0.0
1241	1234	4	0.0
1210	1207	4	0.0
1331	1329	4	0.0
1242	1234	4	0.0
1299	1296	4	0.0
1250	1247	4	0.0
1276	1272	4	0.0
1195	1190	4	0.0
1209	1208	4	0.0
1363	1352	4	0.0
1331	1330	4	0.0
1251	1247	4	0.0
1196	1190	4	0.0
1243	1234	4	0.0
1300	1296	4	0.0
1210	1208	4	0.0
1277	1272	4	0.0
1332	1330	4	0.0
1250	1248	4	0.0
1192	1191	4	0.0
1210	1209	4	0.0
1298	1297	4	0.0
1244	1234	4	0.0
1278	1272	4	0.0
1332	1331	4	0.0
1251	1248	4	0.0
1193	1191	4	0.0
1364	1352	4	0.0
1299	1297	4	0.0
1245	1234	4	0.0
1274	1273	4	0.0
1211	1207	4	0.0
1194	1191	4	0.0
1333	1332	4	0.0
1250	1249	4	0.0
1300	1297	4	0.0
1239	1235	4	0.0
1358	1353	4	0.0
1275	1273	4	0.0
1211	1208	4	0.0
1334	1333	4	0.0
1251	1249	4	0.0
1195	1191	4	0.0
1299	1298	4	0.0
1240	1235	4	0.0
1359	1353	4	0.0
1211	1209	4	0.0
1276	1273	4	0.0
1196	1191	4	0.0
1251	1250	4	0.0
1335	1333	4	0.0
1300	1298	4	0.0
1368	1367	4	0.0
1241	1235	4	0.0
1211	1210	4	0.0
1252	1250	4	0.0
1300	1299	4	0.0
1360	1353	4	0.0
1193	1192	4	0.0
1277	1273	4	0.0
1335	1334	4	0.0
1242	1235	4	0.0
1213	1212	4	0.0
1369	1367	4	0.0
1253	1250	4	0.0
1301	1298	4	0.0
1337	1336	4	0.0
1361	1353	4	0.0
1214	1212	4	0.0
1243	1235	4	0.0
1254	1250	4	0.0
1369	1368	4	0.0
1302	1298	4	0.0
1194	1192	4	0.0
1278	1273	4	0.0
1338	1336	4	0.0
1362	1353	4	0.0
1214	1213	4	0.0
1252	1251	4	0.0
1244	1235	4	0.0
1370	1365	4	0.0
1275	1274	4	0.0
1245	1235	4	0.0
1371	1365	4	0.0
1303	1298	4	0.0
1338	1337	4	0.0
1195	1192	4	0.0
1215	1212	4	0.0
1253	1251	4	0.0
1363	1353	4	0.0
1276	1274	4	0.0
1239	1236	4	0.0
1339	1336	4	0.0
1215	1213	4	0.0
1254	1251	4	0.0
1372	1365	4	0.0
1196	1192	4	0.0
1304	1298	4	0.0
1364	1353	4	0.0
1240	1236	4	0.0
1277	1274	4	0.0
1340	1336	4	0.0
1253	1252	4	0.0
1215	1214	4	0.0
1393	1386	4	0.0
1194	1193	4	0.0
1358	1354	4	0.0
1305	1298	4	0.0
1370	1366	4	0.0
1241	1236	4	0.0
1254	1252	4	0.0
1278	1274	4	0.0
1216	1215	4	0.0
1339	1337	4	0.0
1195	1193	4	0.0
1359	1354	4	0.0
1306	1298	4	0.0
1254	1253	4	0.0
1242	1236	4	0.0
1196	1193	4	0.0
1217	1215	4	0.0
1394	1386	4	0.0
1371	1366	4	0.0
1340	1337	4	0.0
1276	1275	4	0.0
1301	1299	4	0.0
1360	1354	4	0.0
1243	1236	4	0.0
1255	1252	4	0.0
1218	1215	4	0.0
1195	1194	4	0.0
1277	1275	4	0.0
1389	1387	4	0.0
1302	1299	4	0.0
1361	1354	4	0.0
1372	1366	4	0.0
1339	1338	4	0.0
1244	1236	4	0.0
1256	1252	4	0.0
1217	1216	4	0.0
1196	1194	4	0.0
1278	1275	4	0.0
1303	1299	4	0.0
1370	1367	4	0.0
1340	1338	4	0.0
1390	1387	4	0.0
1245	1236	4	0.0
1196	1195	4	0.0
1362	1354	4	0.0
1304	1299	4	0.0
1257	1252	4	0.0
1218	1216	4	0.0
1277	1276	4	0.0
1371	1367	4	0.0
1340	1339	4	0.0
1391	1387	4	0.0
1239	1237	4	0.0
1197	1191	4	0.0
1255	1253	4	0.0
1278	1276	4	0.0
1218	1217	4	0.0
1305	1299	4	0.0
1342	1341	4	0.0
1372	1367	4	0.0
1392	1387	4	0.0
1240	1237	4	0.0
1278	1277	4	0.0
1256	1253	4	0.0
1363	1354	4	0.0
1198	1191	4	0.0
1219	1216	4	0.0
1306	1299	4	0.0
1343	1341	4	0.0
1393	1387	4	0.0
1241	1237	4	0.0
1370	1368	4	0.0
1257	1253	4	0.0
1197	1192	4	0.0
1410	1405	4	0.0
1279	1274	4	0.0
1220	1216	4	0.0
1344	1341	4	0.0
1301	1300	4	0.0
1364	1354	4	0.0
1394	1387	4	0.0
1198	1192	4	0.0
1255	1254	4	0.0
1242	1237	4	0.0
1221	1216	4	0.0
1280	1274	4	0.0
1343	1342	4	0.0
1371	1368	4	0.0
1302	1300	4	0.0
1358	1355	4	0.0
1411	1405	4	0.0
1256	1254	4	0.0
1197	1193	4	0.0
1389	1388	4	0.0
1243	1237	4	0.0
1222	1216	4	0.0
1281	1274	4	0.0
1372	1368	4	0.0
1344	1342	4	0.0
1412	1405	4	0.0
1257	1254	4	0.0
1303	1300	4	0.0
1390	1388	4	0.0
1359	1355	4	0.0
1244	1237	4	0.0
1198	1193	4	0.0
1279	1275	4	0.0
1370	1369	4	0.0
1223	1216	4	0.0
1344	1343	4	0.0
1256	1255	4	0.0
1413	1405	4	0.0
1433	1425	4	0.0
1391	1388	4	0.0
1304	1300	4	0.0
1245	1237	4	0.0
1371	1369	4	0.0
1219	1217	4	0.0
1197	1194	4	0.0
1346	1345	4	0.0
1280	1275	4	0.0
1360	1355	4	0.0
1257	1255	4	0.0
1414	1405	4	0.0
1392	1388	4	0.0
1305	1300	4	0.0
1427	1426	4	0.0
1239	1238	4	0.0
1372	1369	4	0.0
1220	1217	4	0.0
1198	1194	4	0.0
1257	1256	4	0.0
1347	1345	4	0.0
1410	1406	4	0.0
1393	1388	4	0.0
1240	1238	4	0.0
1361	1355	4	0.0
1428	1426	4	0.0
1281	1275	4	0.0
1306	1300	4	0.0
1221	1217	4	0.0
1197	1195	4	0.0
1371	1370	4	0.0
1258	1255	4	0.0
1348	1345	4	0.0
1411	1406	4	0.0
1394	1388	4	0.0
1222	1217	4	0.0
1241	1238	4	0.0
1362	1355	4	0.0
1302	1301	4	0.0
1259	1255	4	0.0
1347	1346	4	0.0
1198	1195	4	0.0
1372	1370	4	0.0
1429	1426	4	0.0
1279	1276	4	0.0
1412	1406	4	0.0
1223	1217	4	0.0
1390	1389	4	0.0
1242	1238	4	0.0
1348	1346	4	0.0
1258	1256	4	0.0
1303	1301	4	0.0
1363	1355	4	0.0
1372	1371	4	0.0
1430	1426	4	0.0
1280	1276	4	0.0
1391	1389	4	0.0
1197	1196	4	0.0
1219	1218	4	0.0
1413	1406	4	0.0
1243	1238	4	0.0
1348	1347	4	0.0
1445	1441	4	0.0
1259	1256	4	0.0
1304	1301	4	0.0
1373	1370	4	0.0
1281	1276	4	0.0
1364	1355	4	0.0
1244	1238	4	0.0
1392	1389	4	0.0
1350	1349	4	0.0
1198	1196	4	0.0
1431	1426	4	0.0
1220	1218	4	0.0
1258	1257	4	0.0
1414	1406	4	0.0
1305	1301	4	0.0
1444	1442	4	0.0
1279	1277	4	0.0
1374	1370	4	0.0
1245	1238	4	0.0
1358	1356	4	0.0
1351	1349	4	0.0
1393	1389	4	0.0
1221	1218	4	0.0
1432	1426	4	0.0
1198	1197	4	0.0
1259	1257	4	0.0
1410	1407	4	0.0
1306	1301	4	0.0
1280	1277	4	0.0
1375	1370	4	0.0
1445	1442	4	0.0
1352	1349	4	0.0
1240	1239	4	0.0
1199	1197	4	0.0
1359	1356	4	0.0
1433	1426	4	0.0
1394	1389	4	0.0
1222	1218	4	0.0
1259	1258	4	0.0
1303	1302	4	0.0
1411	1407	4	0.0
1444	1443	4	0.0
1376	1370	4	0.0
1281	1277	4	0.0
1241	1239	4	0.0
1353	1349	4	0.0
1412	1407	4	0.0
1260	1258	4	0.0
1445	1443	4	0.0
1304	1302	4	0.0
1428	1427	4	0.0
1200	1197	4	0.0
1223	1218	4	0.0
1279	1278	4	0.0
1373	1371	4	0.0
1391	1390	4	0.0
1354	1349	4	0.0
1360	1356	4	0.0
1413	1407	4	0.0
1261	1258	4	0.0
1242	1239	4	0.0
1305	1302	4	0.0
1445	1444	4	0.0
1429	1427	4	0.0
1220	1219	4	0.0
1201	1197	4	0.0
1280	1278	4	0.0
1374	1371	4	0.0
1392	1390	4	0.0
1260	1259	4	0.0
1414	1407	4	0.0
1471	1466	4	0.0
1355	1349	4	0.0
1243	1239	4	0.0
1361	1356	4	0.0
1447	1446	4	0.0
1306	1302	4	0.0
1430	1427	4	0.0
1221	1219	4	0.0
1281	1278	4	0.0
1199	1198	4	0.0
1375	1371	4	0.0
1393	1390	4	0.0
1261	1259	4	0.0
1356	1349	4	0.0
1410	1408	4	0.0
1244	1239	4	0.0
1222	1219	4	0.0
1448	1446	4	0.0
1362	1356	4	0.0
1304	1303	4	0.0
1280	1279	4	0.0
1200	1198	4	0.0
1472	1466	4	0.0
1261	1260	4	0.0
1431	1427	4	0.0
1376	1371	4	0.0
1357	1349	4	0.0
1394	1390	4	0.0
1245	1239	4	0.0
1411	1408	4	0.0
1223	1219	4	0.0
1449	1446	4	0.0
1305	1303	4	0.0
1281	1279	4	0.0
1468	1467	4	0.0
1432	1427	4	0.0
1262	1260	4	0.0
1351	1350	4	0.0
1373	1372	4	0.0
1392	1391	4	0.0
1201	1198	4	0.0
1412	1408	4	0.0
1241	1240	4	0.0
1448	1447	4	0.0
1221	1220	4	0.0
1363	1356	4	0.0
1433	1427	4	0.0
1306	1303	4	0.0
1352	1350	4	0.0
1469	1467	4	0.0
1281	1280	4	0.0
1374	1372	4	0.0
1393	1391	4	0.0
1263	1260	4	0.0
1200	1199	4	0.0
1242	1240	4	0.0
1413	1408	4	0.0
1222	1220	4	0.0
1449	1447	4	0.0
1353	1350	4	0.0
1364	1356	4	0.0
1283	1282	4	0.0
1375	1372	4	0.0
1305	1304	4	0.0
1262	1261	4	0.0
1429	1428	4	0.0
1201	1199	4	0.0
1243	1240	4	0.0
1470	1467	4	0.0
1394	1391	4	0.0
1354	1350	4	0.0
1449	1448	4	0.0
1223	1220	4	0.0
1414	1408	4	0.0
1358	1357	4	0.0
1306	1304	4	0.0
1376	1372	4	0.0
1263	1261	4	0.0
1430	1428	4	0.0
1201	1200	4	0.0
1244	1240	4	0.0
1284	1282	4	0.0
1471	1467	4	0.0
1393	1392	4	0.0
1355	1350	4	0.0
1451	1450	4	0.0
1410	1409	4	0.0
1359	1357	4	0.0
1431	1428	4	0.0
1222	1221	4	0.0
1263	1262	4	0.0
1306	1305	4	0.0
1374	1373	4	0.0
1472	1467	4	0.0
1202	1199	4	0.0
1245	1240	4	0.0
1285	1282	4	0.0
1356	1350	4	0.0
1394	1392	4	0.0
1452	1450	4	0.0
1492	1485	4	0.0
1411	1409	4	0.0
1223	1221	4	0.0
1432	1428	4	0.0
1360	1357	4	0.0
1469	1468	4	0.0
1203	1199	4	0.0
1308	1307	4	0.0
1242	1241	4	0.0
1375	1373	4	0.0
1357	1350	4	0.0
1264	1262	4	0.0
1394	1393	4	0.0
1284	1283	4	0.0
1412	1409	4	0.0
1453	1450	4	0.0
1223	1222	4	0.0
1433	1428	4	0.0
1309	1307	4	0.0
1470	1468	4	0.0
1361	1357	4	0.0
1352	1351	4	0.0
1493	1485	4	0.0
1265	1262	4	0.0
1243	1241	4	0.0
1454	1450	4	0.0
1204	1199	4	0.0
1395	1389	4	0.0
1285	1283	4	0.0
1413	1409	4	0.0
1430	1429	4	0.0
1376	1373	4	0.0
1224	1219	4	0.0
1309	1308	4	0.0
1471	1468	4	0.0
1244	1241	4	0.0
1353	1351	4	0.0
1362	1357	4	0.0
1266	1262	4	0.0
1205	1199	4	0.0
1285	1284	4	0.0
1396	1389	4	0.0
1375	1374	4	0.0
1310	1307	4	0.0
1452	1451	4	0.0
1431	1429	4	0.0
1224	1220	4	0.0
1489	1486	4	0.0
1414	1409	4	0.0
1354	1351	4	0.0
1267	1262	4	0.0
1472	1468	4	0.0
1245	1241	4	0.0
1363	1357	4	0.0
1206	1199	4	0.0
1395	1390	4	0.0
1453	1451	4	0.0
1286	1282	4	0.0
1310	1308	4	0.0
1432	1429	4	0.0
1376	1374	4	0.0
1268	1262	4	0.0
1411	1410	4	0.0
1224	1221	4	0.0
1243	1242	4	0.0
1470	1469	4	0.0
1355	1351	4	0.0
1364	1357	4	0.0
1490	1486	4	0.0
1396	1390	4	0.0
1376	1375	4	0.0
1454	1451	4	0.0
1433	1429	4	0.0
1310	1309	4	0.0
1287	1282	4	0.0
1264	1263	4	0.0
1412	1410	4	0.0
1224	1222	4	0.0
1244	1242	4	0.0
1471	1469	4	0.0
1356	1351	4	0.0
1359	1358	4	0.0
1395	1391	4	0.0
1453	1452	4	0.0
1311	1310	4	0.0
1491	1486	4	0.0
1265	1263	4	0.0
1413	1410	4	0.0
1288	1282	4	0.0
1431	1430	4	0.0
1224	1223	4	0.0
1377	1373	4	0.0
1245	1242	4	0.0
1357	1351	4	0.0
1472	1469	4	0.0
1396	1391	4	0.0
1312	1311	4	0.0
1454	1452	4	0.0
1360	1358	4	0.0
1266	1263	4	0.0
1432	1430	4	0.0
1492	1486	4	0.0
1289	1282	4	0.0
1414	1410	4	0.0
1225	1224	4	0.0
1471	1470	4	0.0
1378	1373	4	0.0
1244	1243	4	0.0
1395	1392	4	0.0
1454	1453	4	0.0
1353	1352	4	0.0
1313	1312	4	0.0
1361	1358	4	0.0
1267	1263	4	0.0
1286	1283	4	0.0
1226	1225	4	0.0
1377	1374	4	0.0
1493	1486	4	0.0
1433	1430	4	0.0
1396	1392	4	0.0
1455	1450	4	0.0
1412	1411	4	0.0
1245	1243	4	0.0
1472	1470	4	0.0
1354	1352	4	0.0
1314	1313	4	0.0
1268	1263	4	0.0
1227	1225	4	0.0
1287	1283	4	0.0
1362	1358	4	0.0
1378	1374	4	0.0
1395	1393	4	0.0
1432	1431	4	0.0
1489	1487	4	0.0
1245	1244	4	0.0
1472	1471	4	0.0
1456	1450	4	0.0
1413	1411	4	0.0
1265	1264	4	0.0
1355	1352	4	0.0
1315	1314	4	0.0
1377	1375	4	0.0
1227	1226	4	0.0
1288	1283	4	0.0
1363	1358	4	0.0
1396	1393	4	0.0
1433	1431	4	0.0
1246	1239	4	0.0
1455	1451	4	0.0
1474	1473	4	0.0
1266	1264	4	0.0
1490	1487	4	0.0
1378	1375	4	0.0
1228	1226	4	0.0
1356	1352	4	0.0
1247	1239	4	0.0
1414	1411	4	0.0
1289	1283	4	0.0
1316	1314	4	0.0
1456	1451	4	0.0
1433	1432	4	0.0
1395	1394	4	0.0
1475	1474	4	0.0
1267	1264	4	0.0
1364	1358	4	0.0
1377	1376	4	0.0
1229	1226	4	0.0
1357	1352	4	0.0
1491	1487	4	0.0
1413	1412	4	0.0
1248	1239	4	0.0
1316	1315	4	0.0
1476	1475	4	0.0
1455	1452	4	0.0
1268	1264	4	0.0
1396	1394	4	0.0
1286	1284	4	0.0
1434	1426	4	0.0
1228	1227	4	0.0
1360	1359	4	0.0
1378	1376	4	0.0
1354	1353	4	0.0
1317	1315	4	0.0
1249	1239	4	0.0
1456	1452	4	0.0
1477	1475	4	0.0
1492	1487	4	0.0
1287	1284	4	0.0
1435	1426	4	0.0
1396	1395	4	0.0
1378	1377	4	0.0
1229	1227	4	0.0
1414	1412	4	0.0
1266	1265	4	0.0
1355	1353	4	0.0
1318	1315	4	0.0
1361	1359	4	0.0
1455	1453	4	0.0
1246	1240	4	0.0
1477	1476	4	0.0
1493	1487	4	0.0
1436	1426	4	0.0
1288	1284	4	0.0
1414	1413	4	0.0
1356	1353	4	0.0
1267	1265	4	0.0
1379	1377	4	0.0
1362	1359	4	0.0
1397	1395	4	0.0
1456	1453	4	0.0
1247	1240	4	0.0
1289	1284	4	0.0
1437	1426	4	0.0
1319	1315	4	0.0
1489	1488	4	0.0
1268	1265	4	0.0
1357	1353	4	0.0
1478	1476	4	0.0
1380	1377	4	0.0
1248	1240	4	0.0
1415	1410	4	0.0
1286	1285	4	0.0
1455	1454	4	0.0
1398	1395	4	0.0
1317	1316	4	0.0
1438	1426	4	0.0
1363	1359	4	0.0
1479	1476	4	0.0
1355	1354	4	0.0
1249	1240	4	0.0
1381	1377	4	0.0
1267	1266	4	0.0
1415	1411	4	0.0
1490	1488	4	0.0
1287	1285	4	0.0
1456	1454	4	0.0
1318	1316	4	0.0
1434	1427	4	0.0
1399	1395	4	0.0
1364	1359	4	0.0
1356	1354	4	0.0
1268	1266	4	0.0
1480	1476	4	0.0
1379	1378	4	0.0
1491	1488	4	0.0
1288	1285	4	0.0
1435	1427	4	0.0
1415	1412	4	0.0
1400	1395	4	0.0
1456	1455	4	0.0
1319	1316	4	0.0
1357	1354	4	0.0
1361	1360	4	0.0
1268	1267	4	0.0
1380	1378	4	0.0
1481	1476	4	0.0
1492	1488	4	0.0
1436	1427	4	0.0
1289	1285	4	0.0
1401	1395	4	0.0
1415	1413	4	0.0
1356	1355	4	0.0
1457	1455	4	0.0
1318	1317	4	0.0
1362	1360	4	0.0
1493	1488	4	0.0
1287	1286	4	0.0
1269	1264	4	0.0
1437	1427	4	0.0
1458	1455	4	0.0
1415	1414	4	0.0
1381	1378	4	0.0
1357	1355	4	0.0
1402	1395	4	0.0
1482	1476	4	0.0
1319	1317	4	0.0
1363	1360	4	0.0
1438	1427	4	0.0
1490	1489	4	0.0
1288	1286	4	0.0
1457	1456	4	0.0
1380	1379	4	0.0
1416	1415	4	0.0
1270	1264	4	0.0
1478	1477	4	0.0
1357	1356	4	0.0
1397	1396	4	0.0
1319	1318	4	0.0
1364	1360	4	0.0
1434	1428	4	0.0
1491	1489	4	0.0
1289	1286	4	0.0
1479	1477	4	0.0
1458	1456	4	0.0
1358	1349	4	0.0
1271	1264	4	0.0
1381	1379	4	0.0
1320	1317	4	0.0
1417	1415	4	0.0
1398	1396	4	0.0
1435	1428	4	0.0
1362	1361	4	0.0
1492	1489	4	0.0
1288	1287	4	0.0
1359	1349	4	0.0
1458	1457	4	0.0
1381	1380	4	0.0
1269	1265	4	0.0
1480	1477	4	0.0
1321	1317	4	0.0
1399	1396	4	0.0
1436	1428	4	0.0
1363	1361	4	0.0
1418	1415	4	0.0
1493	1489	4	0.0
1289	1287	4	0.0
1382	1379	4	0.0
1360	1349	4	0.0
1270	1265	4	0.0
1459	1457	4	0.0
1481	1477	4	0.0
1400	1396	4	0.0
1437	1428	4	0.0
1320	1318	4	0.0
1364	1361	4	0.0
1419	1415	4	0.0
1383	1379	4	0.0
1289	1288	4	0.0
1460	1457	4	0.0
1361	1349	4	0.0
1321	1318	4	0.0
1401	1396	4	0.0
1438	1428	4	0.0
1482	1477	4	0.0
1491	1490	4	0.0
1271	1265	4	0.0
1363	1362	4	0.0
1362	1349	4	0.0
1382	1380	4	0.0
1290	1286	4	0.0
1417	1416	4	0.0
1320	1319	4	0.0
1461	1457	4	0.0
1402	1396	4	0.0
1479	1478	4	0.0
1434	1429	4	0.0
1364	1362	4	0.0
1269	1266	4	0.0
1459	1458	4	0.0
1321	1319	4	0.0
1363	1349	4	0.0
1418	1416	4	0.0
1492	1490	4	0.0
1383	1380	4	0.0
1435	1429	4	0.0
1291	1286	4	0.0
1398	1397	4	0.0
1480	1478	4	0.0
1364	1363	4	0.0
1460	1458	4	0.0
1321	1320	4	0.0
1364	1349	4	0.0
1419	1416	4	0.0
1436	1429	4	0.0
1292	1286	4	0.0
1382	1381	4	0.0
1481	1478	4	0.0
1399	1397	4	0.0
1493	1490	4	0.0
1358	1350	4	0.0
1461	1458	4	0.0
1322	1320	4	0.0
1365	1358	4	0.0
1383	1381	4	0.0
1290	1287	4	0.0
1437	1429	4	0.0
1482	1478	4	0.0
1400	1397	4	0.0
1420	1416	4	0.0
1492	1491	4	0.0
1323	1320	4	0.0
1460	1459	4	0.0
1359	1350	4	0.0
1291	1287	4	0.0
1438	1429	4	0.0
1480	1479	4	0.0
1383	1382	4	0.0
1421	1416	4	0.0
1401	1397	4	0.0
1493	1491	4	0.0
1366	1358	4	0.0
1360	1350	4	0.0
1461	1459	4	0.0
1292	1287	4	0.0
1324	1320	4	0.0
1434	1430	4	0.0
1481	1479	4	0.0
1384	1382	4	0.0
1422	1416	4	0.0
1402	1397	4	0.0
1361	1350	4	0.0
1367	1358	4	0.0
1290	1288	4	0.0
1435	1430	4	0.0
1325	1320	4	0.0
1493	1492	4	0.0
1461	1460	4	0.0
1482	1479	4	0.0
1385	1382	4	0.0
1399	1398	4	0.0
1362	1350	4	0.0
1418	1417	4	0.0
1291	1288	4	0.0
1322	1321	4	0.0
1436	1430	4	0.0
1462	1459	4	0.0
1368	1358	4	0.0
1386	1382	4	0.0
1363	1350	4	0.0
1400	1398	4	0.0
1481	1480	4	0.0
1292	1288	4	0.0
1463	1459	4	0.0
1323	1321	4	0.0
1369	1358	4	0.0
1437	1430	4	0.0
1419	1417	4	0.0
1387	1382	4	0.0
1364	1350	4	0.0
1401	1398	4	0.0
1482	1480	4	0.0
1464	1459	4	0.0
1324	1321	4	0.0
1290	1289	4	0.0
1438	1430	4	0.0
1365	1359	4	0.0
1482	1481	4	0.0
1388	1382	4	0.0
1358	1351	4	0.0
1402	1398	4	0.0
1419	1418	4	0.0
1325	1321	4	0.0
1465	1459	4	0.0
1434	1431	4	0.0
1291	1289	4	0.0
1366	1359	4	0.0
1384	1383	4	0.0
1483	1478	4	0.0
1359	1351	4	0.0
1400	1399	4	0.0
1420	1417	4	0.0
1466	1459	4	0.0
1292	1289	4	0.0
1435	1431	4	0.0
1323	1322	4	0.0
1367	1359	4	0.0
1385	1383	4	0.0
1484	1478	4	0.0
1401	1399	4	0.0
1360	1351	4	0.0
1462	1460	4	0.0
1421	1417	4	0.0
1291	1290	4	0.0
1436	1431	4	0.0
1324	1322	4	0.0
1368	1359	4	0.0
1386	1383	4	0.0
1361	1351	4	0.0
1422	1417	4	0.0
1402	1399	4	0.0
1463	1460	4	0.0
1485	1478	4	0.0
1325	1322	4	0.0
1292	1290	4	0.0
1437	1431	4	0.0
1369	1359	4	0.0
1387	1383	4	0.0
1362	1351	4	0.0
1420	1418	4	0.0
1486	1478	4	0.0
1401	1400	4	0.0
1292	1291	4	0.0
1324	1323	4	0.0
1464	1460	4	0.0
1438	1431	4	0.0
1388	1383	4	0.0
1363	1351	4	0.0
1365	1360	4	0.0
1487	1478	4	0.0
1402	1400	4	0.0
1293	1290	4	0.0
1465	1460	4	0.0
1434	1432	4	0.0
1325	1323	4	0.0
1421	1418	4	0.0
1385	1384	4	0.0
1364	1351	4	0.0
1366	1360	4	0.0
1488	1478	4	0.0
1402	1401	4	0.0
1466	1460	4	0.0
1435	1432	4	0.0
1386	1384	4	0.0
1422	1418	4	0.0
1325	1324	4	0.0
1358	1352	4	0.0
1404	1403	4	0.0
1483	1479	4	0.0
1462	1461	4	0.0
1367	1360	4	0.0
1436	1432	4	0.0
1359	1352	4	0.0
1387	1384	4	0.0
1327	1326	4	0.0
1463	1461	4	0.0
1420	1419	4	0.0
1405	1403	4	0.0
1484	1479	4	0.0
1368	1360	4	0.0
1437	1432	4	0.0
1360	1352	4	0.0
1464	1461	4	0.0
1388	1384	4	0.0
1421	1419	4	0.0
1485	1479	4	0.0
1406	1403	4	0.0
1361	1352	4	0.0
1369	1360	4	0.0
1438	1432	4	0.0
1386	1385	4	0.0
1465	1461	4	0.0
1407	1403	4	0.0
1486	1479	4	0.0
1362	1352	4	0.0
1422	1419	4	0.0
1387	1385	4	0.0
1466	1461	4	0.0
1434	1433	4	0.0
1365	1361	4	0.0
1408	1403	4	0.0
1487	1479	4	0.0
1421	1420	4	0.0
1463	1462	4	0.0
1435	1433	4	0.0
1388	1385	4	0.0
1366	1361	4	0.0
1409	1403	4	0.0
1488	1479	4	0.0
1464	1462	4	0.0
1422	1420	4	0.0
1436	1433	4	0.0
1387	1386	4	0.0
1367	1361	4	0.0
1465	1462	4	0.0
1483	1480	4	0.0
1405	1404	4	0.0
1388	1386	4	0.0
1437	1433	4	0.0
1422	1421	4	0.0
1368	1361	4	0.0
1388	1387	4	0.0
1438	1433	4	0.0
1406	1404	4	0.0
1484	1480	4	0.0
1466	1462	4	0.0
1423	1420	4	0.0
1369	1361	4	0.0
1435	1434	4	0.0
1464	1463	4	0.0
1485	1480	4	0.0
1389	1384	4	0.0
1407	1404	4	0.0
1424	1420	4	0.0
1465	1463	4	0.0
1436	1434	4	0.0
1365	1362	4	0.0
1486	1480	4	0.0
1408	1404	4	0.0
1390	1384	4	0.0
1466	1463	4	0.0
1437	1434	4	0.0
1425	1420	4	0.0
1366	1362	4	0.0
1487	1480	4	0.0
1409	1404	4	0.0
1391	1384	4	0.0
1465	1464	4	0.0
1438	1434	4	0.0
1423	1421	4	0.0
1488	1480	4	0.0
1367	1362	4	0.0
1406	1405	4	0.0
1392	1384	4	0.0
1466	1464	4	0.0
1424	1421	4	0.0
1436	1435	4	0.0
1483	1481	4	0.0
1407	1405	4	0.0
1368	1362	4	0.0
1466	1465	4	0.0
1393	1384	4	0.0
1437	1435	4	0.0
1425	1421	4	0.0
1484	1481	4	0.0
1408	1405	4	0.0
1467	1462	4	0.0
1369	1362	4	0.0
1394	1384	4	0.0
1438	1435	4	0.0
1409	1405	4	0.0
1468	1462	4	0.0
1423	1422	4	0.0
1485	1481	4	0.0
1365	1363	4	0.0
1437	1436	4	0.0
1389	1385	4	0.0
1407	1406	4	0.0
1469	1462	4	0.0
1424	1422	4	0.0
1486	1481	4	0.0
1438	1436	4	0.0
1366	1363	4	0.0
1408	1406	4	0.0
1390	1385	4	0.0
1470	1462	4	0.0
1425	1422	4	0.0
1438	1437	4	0.0
1487	1481	4	0.0
1391	1385	4	0.0
1471	1462	4	0.0
1367	1363	4	0.0
1409	1406	4	0.0
1439	1434	4	0.0
1424	1423	4	0.0
1488	1481	4	0.0
1392	1385	4	0.0
1368	1363	4	0.0
1483	1482	4	0.0
1472	1462	4	0.0
1408	1407	4	0.0
1393	1385	4	0.0
1425	1423	4	0.0
1440	1434	4	0.0
1394	1385	4	0.0
1467	1463	4	0.0
1369	1363	4	0.0
1439	1435	4	0.0
1484	1482	4	0.0
1409	1407	4	0.0
1425	1424	4	0.0
1389	1386	4	0.0
1468	1463	4	0.0
1440	1435	4	0.0
1409	1408	4	0.0
1365	1364	4	0.0
1485	1482	4	0.0
1390	1386	4	0.0
1426	1423	4	0.0
1469	1463	4	0.0
1439	1436	4	0.0
1366	1364	4	0.0
1391	1386	4	0.0
1486	1482	4	0.0
1410	1403	4	0.0
1427	1423	4	0.0
1470	1463	4	0.0
1440	1436	4	0.0
1367	1364	4	0.0
1392	1386	4	0.0
1471	1463	4	0.0
1487	1482	4	0.0
1428	1423	4	0.0
1411	1403	4	0.0
1439	1437	4	0.0
1368	1364	4	0.0
1472	1463	4	0.0
1488	1482	4	0.0
1412	1403	4	0.0
1440	1437	4	0.0
1429	1423	4	0.0
1484	1483	4	0.0
1467	1464	4	0.0
1369	1364	4	0.0
1439	1438	4	0.0
1413	1403	4	0.0
1430	1423	4	0.0
1485	1483	4	0.0
1366	1365	4	0.0
1468	1464	4	0.0
1440	1438	4	0.0
1414	1403	4	0.0
1431	1423	4	0.0
1486	1483	4	0.0
1469	1464	4	0.0
1367	1365	4	0.0
1440	1439	4	0.0
1410	1404	4	0.0
1487	1483	4	0.0
1432	1423	4	0.0
1470	1464	4	0.0
1368	1365	4	0.0
1441	1439	4	0.0
1411	1404	4	0.0
1488	1483	4	0.0
1471	1464	4	0.0
1433	1423	4	0.0
1369	1365	4	0.0
1442	1439	4	0.0
1472	1464	4	0.0
1485	1484	4	0.0
1412	1404	4	0.0
1367	1366	4	0.0
1426	1424	4	0.0
1443	1439	4	0.0
1467	1465	4	0.0
1413	1404	4	0.0
1486	1484	4	0.0
1368	1366	4	0.0
1468	1465	4	0.0
1441	1440	4	0.0
1427	1424	4	0.0
1487	1484	4	0.0
1414	1404	4	0.0
1469	1465	4	0.0
1442	1440	4	0.0
1428	1424	4	0.0
1369	1366	4	0.0
1488	1484	4	0.0
1470	1465	4	0.0
1443	1440	4	0.0
1471	1465	4	0.0
1486	1485	4	0.0
1429	1424	4	0.0
1472	1465	4	0.0
1442	1441	4	0.0
1487	1485	4	0.0
1430	1424	4	0.0
1467	1466	4	0.0
1488	1485	4	0.0
1443	1441	4	0.0
1468	1466	4	0.0
1431	1424	4	0.0
1443	1442	4	0.0
1469	1466	4	0.0
1487	1486	4	0.0
1432	1424	4	0.0
1444	1441	4	0.0
1470	1466	4	0.0
1488	1486	4	0.0
1433	1424	4	0.0
1488	1487	4	0.0
1426	1425	4	0.0
1489	1483	4	0.0
1427	1425	4	0.0
1490	1483	4	0.0
1428	1425	4	0.0
1491	1483	4	0.0
1492	1483	4	0.0
1429	1425	4	0.0
1493	1483	4	0.0
1430	1425	4	0.0
1489	1484	4	0.0
1490	1484	4	0.0
1431	1425	4	0.0
1491	1484	4	0.0
1432	1425	4	0.0
1492	1484	4	0.0
1493	1484	4	0.0
1489	1485	4	0.0
1490	1485	4	0.0
1491	1485	4	0.0
1184	1183	3	0.0
1185	1183	3	0.0
1185	1184	3	0.0
1186	1183	3	0.0
1187	1183	3	0.0
1188	1183	3	0.0
1189	1183	3	0.0
1190	1183	3	0.0
1186	1184	3	0.0
1202	1200	3	0.0
1187	1184	3	0.0
1188	1184	3	0.0
1203	1200	3	0.0
1189	1184	3	0.0
1204	1200	3	0.0
1190	1184	3	0.0
1205	1200	3	0.0
1186	1185	3	0.0
1206	1200	3	0.0
1202	1201	3	0.0
1203	1201	3	0.0
1187	1185	3	0.0
1204	1201	3	0.0
1188	1185	3	0.0
1205	1201	3	0.0
1206	1201	3	0.0
1189	1185	3	0.0
1203	1202	3	0.0
1190	1185	3	0.0
1204	1202	3	0.0
1229	1228	3	0.0
1187	1186	3	0.0
1205	1202	3	0.0
1230	1228	3	0.0
1206	1202	3	0.0
1204	1203	3	0.0
1188	1186	3	0.0
1231	1228	3	0.0
1205	1203	3	0.0
1230	1229	3	0.0
1189	1186	3	0.0
1206	1203	3	0.0
1231	1229	3	0.0
1190	1186	3	0.0
1205	1204	3	0.0
1231	1230	3	0.0
1206	1204	3	0.0
1232	1230	3	0.0
1188	1187	3	0.0
1206	1205	3	0.0
1232	1231	3	0.0
1207	1202	3	0.0
1189	1187	3	0.0
1246	1241	3	0.0
1233	1232	3	0.0
1208	1202	3	0.0
1190	1187	3	0.0
1234	1232	3	0.0
1209	1202	3	0.0
1247	1241	3	0.0
1235	1232	3	0.0
1189	1188	3	0.0
1248	1241	3	0.0
1210	1202	3	0.0
1236	1232	3	0.0
1190	1188	3	0.0
1207	1203	3	0.0
1249	1241	3	0.0
1237	1232	3	0.0
1190	1189	3	0.0
1246	1242	3	0.0
1208	1203	3	0.0
1238	1232	3	0.0
1191	1186	3	0.0
1247	1242	3	0.0
1234	1233	3	0.0
1209	1203	3	0.0
1192	1186	3	0.0
1235	1233	3	0.0
1248	1242	3	0.0
1210	1203	3	0.0
1193	1186	3	0.0
1236	1233	3	0.0
1207	1204	3	0.0
1249	1242	3	0.0
1270	1266	3	0.0
1194	1186	3	0.0
1237	1233	3	0.0
1246	1243	3	0.0
1208	1204	3	0.0
1271	1266	3	0.0
1238	1233	3	0.0
1195	1186	3	0.0
1247	1243	3	0.0
1209	1204	3	0.0
1269	1267	3	0.0
1235	1234	3	0.0
1196	1186	3	0.0
1210	1204	3	0.0
1248	1243	3	0.0
1270	1267	3	0.0
1236	1234	3	0.0
1191	1187	3	0.0
1271	1267	3	0.0
1249	1243	3	0.0
1237	1234	3	0.0
1207	1205	3	0.0
1192	1187	3	0.0
1246	1244	3	0.0
1208	1205	3	0.0
1238	1234	3	0.0
1269	1268	3	0.0
1193	1187	3	0.0
1247	1244	3	0.0
1236	1235	3	0.0
1209	1205	3	0.0
1270	1268	3	0.0
1194	1187	3	0.0
1248	1244	3	0.0
1237	1235	3	0.0
1210	1205	3	0.0
1249	1244	3	0.0
1271	1268	3	0.0
1195	1187	3	0.0
1207	1206	3	0.0
1238	1235	3	0.0
1246	1245	3	0.0
1270	1269	3	0.0
1196	1187	3	0.0
1208	1206	3	0.0
1237	1236	3	0.0
1247	1245	3	0.0
1271	1269	3	0.0
1293	1291	3	0.0
1238	1236	3	0.0
1209	1206	3	0.0
1248	1245	3	0.0
1271	1270	3	0.0
1293	1292	3	0.0
1191	1188	3	0.0
1238	1237	3	0.0
1272	1269	3	0.0
1210	1206	3	0.0
1249	1245	3	0.0
1295	1294	3	0.0
1192	1188	3	0.0
1239	1233	3	0.0
1273	1269	3	0.0
1208	1207	3	0.0
1247	1246	3	0.0
1296	1294	3	0.0
1193	1188	3	0.0
1240	1233	3	0.0
1272	1270	3	0.0
1209	1207	3	0.0
1248	1246	3	0.0
1297	1294	3	0.0
1241	1233	3	0.0
1194	1188	3	0.0
1273	1270	3	0.0
1210	1207	3	0.0
1195	1188	3	0.0
1242	1233	3	0.0
1249	1246	3	0.0
1209	1208	3	0.0
1272	1271	3	0.0
1296	1295	3	0.0
1328	1326	3	0.0
1196	1188	3	0.0
1273	1271	3	0.0
1243	1233	3	0.0
1210	1208	3	0.0
1248	1247	3	0.0
1297	1295	3	0.0
1273	1272	3	0.0
1191	1189	3	0.0
1297	1296	3	0.0
1249	1247	3	0.0
1210	1209	3	0.0
1244	1233	3	0.0
1329	1326	3	0.0
1274	1272	3	0.0
1192	1189	3	0.0
1211	1207	3	0.0
1245	1233	3	0.0
1298	1294	3	0.0
1249	1248	3	0.0
1275	1272	3	0.0
1328	1327	3	0.0
1193	1189	3	0.0
1211	1208	3	0.0
1239	1234	3	0.0
1250	1246	3	0.0
1276	1272	3	0.0
1299	1294	3	0.0
1329	1327	3	0.0
1211	1209	3	0.0
1194	1189	3	0.0
1240	1234	3	0.0
1251	1246	3	0.0
1277	1272	3	0.0
1300	1294	3	0.0
1211	1210	3	0.0
1363	1352	3	0.0
1329	1328	3	0.0
1195	1189	3	0.0
1250	1247	3	0.0
1241	1234	3	0.0
1368	1367	3	0.0
1278	1272	3	0.0
1213	1212	3	0.0
1298	1295	3	0.0
1196	1189	3	0.0
1330	1328	3	0.0
1242	1234	3	0.0
1251	1247	3	0.0
1299	1295	3	0.0
1214	1212	3	0.0
1274	1273	3	0.0
1191	1190	3	0.0
1364	1352	3	0.0
1369	1367	3	0.0
1331	1328	3	0.0
1300	1295	3	0.0
1214	1213	3	0.0
1275	1273	3	0.0
1192	1190	3	0.0
1243	1234	3	0.0
1250	1248	3	0.0
1358	1353	3	0.0
1369	1368	3	0.0
1330	1329	3	0.0
1215	1212	3	0.0
1298	1296	3	0.0
1276	1273	3	0.0
1244	1234	3	0.0
1251	1248	3	0.0
1393	1386	3	0.0
1193	1190	3	0.0
1359	1353	3	0.0
1370	1365	3	0.0
1277	1273	3	0.0
1331	1329	3	0.0
1245	1234	3	0.0
1299	1296	3	0.0
1215	1213	3	0.0
1250	1249	3	0.0
1360	1353	3	0.0
1410	1405	3	0.0
1371	1365	3	0.0
1278	1273	3	0.0
1194	1190	3	0.0
1331	1330	3	0.0
1300	1296	3	0.0
1361	1353	3	0.0
1251	1249	3	0.0
1239	1235	3	0.0
1215	1214	3	0.0
1372	1365	3	0.0
1394	1386	3	0.0
1275	1274	3	0.0
1195	1190	3	0.0
1332	1330	3	0.0
1298	1297	3	0.0
1362	1353	3	0.0
1411	1405	3	0.0
1251	1250	3	0.0
1433	1425	3	0.0
1370	1366	3	0.0
1240	1235	3	0.0
1216	1215	3	0.0
1276	1274	3	0.0
1299	1297	3	0.0
1196	1190	3	0.0
1363	1353	3	0.0
1389	1387	3	0.0
1371	1366	3	0.0
1332	1331	3	0.0
1412	1405	3	0.0
1217	1215	3	0.0
1241	1235	3	0.0
1277	1274	3	0.0
1300	1297	3	0.0
1252	1250	3	0.0
1427	1426	3	0.0
1445	1441	3	0.0
1364	1353	3	0.0
1192	1191	3	0.0
1372	1366	3	0.0
1242	1235	3	0.0
1333	1332	3	0.0
1218	1215	3	0.0
1390	1387	3	0.0
1413	1405	3	0.0
1299	1298	3	0.0
1278	1274	3	0.0
1253	1250	3	0.0
1358	1354	3	0.0
1193	1191	3	0.0
1444	1442	3	0.0
1428	1426	3	0.0
1370	1367	3	0.0
1217	1216	3	0.0
1243	1235	3	0.0
1334	1333	3	0.0
1471	1466	3	0.0
1300	1298	3	0.0
1391	1387	3	0.0
1276	1275	3	0.0
1414	1405	3	0.0
1254	1250	3	0.0
1194	1191	3	0.0
1371	1367	3	0.0
1244	1235	3	0.0
1359	1354	3	0.0
1218	1216	3	0.0
1300	1299	3	0.0
1429	1426	3	0.0
1445	1442	3	0.0
1335	1333	3	0.0
1472	1466	3	0.0
1277	1275	3	0.0
1245	1235	3	0.0
1195	1191	3	0.0
1252	1251	3	0.0
1218	1217	3	0.0
1410	1406	3	0.0
1492	1485	3	0.0
1372	1367	3	0.0
1392	1387	3	0.0
1360	1354	3	0.0
1278	1275	3	0.0
1239	1236	3	0.0
1430	1426	3	0.0
1444	1443	3	0.0
1335	1334	3	0.0
1468	1467	3	0.0
1196	1191	3	0.0
1219	1216	3	0.0
1253	1251	3	0.0
1301	1298	3	0.0
1411	1406	3	0.0
1361	1354	3	0.0
1370	1368	3	0.0
1393	1387	3	0.0
1240	1236	3	0.0
1277	1276	3	0.0
1337	1336	3	0.0
1431	1426	3	0.0
1445	1443	3	0.0
1193	1192	3	0.0
1220	1216	3	0.0
1254	1251	3	0.0
1412	1406	3	0.0
1302	1298	3	0.0
1371	1368	3	0.0
1469	1467	3	0.0
1362	1354	3	0.0
1493	1485	3	0.0
1394	1387	3	0.0
1241	1236	3	0.0
1278	1276	3	0.0
1338	1336	3	0.0
1445	1444	3	0.0
1221	1216	3	0.0
1432	1426	3	0.0
1194	1192	3	0.0
1253	1252	3	0.0
1372	1368	3	0.0
1413	1406	3	0.0
1363	1354	3	0.0
1303	1298	3	0.0
1470	1467	3	0.0
1389	1388	3	0.0
1242	1236	3	0.0
1222	1216	3	0.0
1278	1277	3	0.0
1447	1446	3	0.0
1338	1337	3	0.0
1489	1486	3	0.0
1433	1426	3	0.0
1370	1369	3	0.0
1304	1298	3	0.0
1254	1252	3	0.0
1364	1354	3	0.0
1414	1406	3	0.0
1195	1192	3	0.0
1223	1216	3	0.0
1279	1274	3	0.0
1471	1467	3	0.0
1390	1388	3	0.0
1243	1236	3	0.0
1339	1336	3	0.0
1371	1369	3	0.0
1448	1446	3	0.0
1305	1298	3	0.0
1428	1427	3	0.0
1254	1253	3	0.0
1490	1486	3	0.0
1358	1355	3	0.0
1410	1407	3	0.0
1280	1274	3	0.0
1219	1217	3	0.0
1196	1192	3	0.0
1244	1236	3	0.0
1359	1355	3	0.0
1372	1369	3	0.0
1306	1298	3	0.0
1491	1486	3	0.0
1340	1336	3	0.0
1411	1407	3	0.0
1391	1388	3	0.0
1449	1446	3	0.0
1429	1427	3	0.0
1245	1236	3	0.0
1255	1252	3	0.0
1281	1274	3	0.0
1194	1193	3	0.0
1472	1467	3	0.0
1220	1217	3	0.0
1360	1355	3	0.0
1371	1370	3	0.0
1412	1407	3	0.0
1339	1337	3	0.0
1256	1252	3	0.0
1301	1299	3	0.0
1492	1486	3	0.0
1430	1427	3	0.0
1448	1447	3	0.0
1392	1388	3	0.0
1221	1217	3	0.0
1195	1193	3	0.0
1239	1237	3	0.0
1279	1275	3	0.0
1372	1370	3	0.0
1413	1407	3	0.0
1361	1355	3	0.0
1340	1337	3	0.0
1469	1468	3	0.0
1302	1299	3	0.0
1257	1252	3	0.0
1493	1486	3	0.0
1431	1427	3	0.0
1280	1275	3	0.0
1449	1447	3	0.0
1393	1388	3	0.0
1222	1217	3	0.0
1196	1193	3	0.0
1372	1371	3	0.0
1414	1407	3	0.0
1240	1237	3	0.0
1362	1355	3	0.0
1303	1299	3	0.0
1470	1468	3	0.0
1255	1253	3	0.0
1339	1338	3	0.0
1489	1487	3	0.0
1281	1275	3	0.0
1432	1427	3	0.0
1449	1448	3	0.0
1373	1370	3	0.0
1410	1408	3	0.0
1223	1217	3	0.0
1394	1388	3	0.0
1363	1355	3	0.0
1256	1253	3	0.0
1241	1237	3	0.0
1471	1468	3	0.0
1195	1194	3	0.0
1304	1299	3	0.0
1279	1276	3	0.0
1340	1338	3	0.0
1374	1370	3	0.0
1490	1487	3	0.0
1433	1427	3	0.0
1219	1218	3	0.0
1451	1450	3	0.0
1411	1408	3	0.0
1390	1389	3	0.0
1364	1355	3	0.0
1257	1253	3	0.0
1472	1468	3	0.0
1242	1237	3	0.0
1305	1299	3	0.0
1280	1276	3	0.0
1196	1194	3	0.0
1375	1370	3	0.0
1412	1408	3	0.0
1340	1339	3	0.0
1220	1218	3	0.0
1452	1450	3	0.0
1429	1428	3	0.0
1491	1487	3	0.0
1358	1356	3	0.0
1255	1254	3	0.0
1391	1389	3	0.0
1376	1370	3	0.0
1470	1469	3	0.0
1281	1276	3	0.0
1306	1299	3	0.0
1413	1408	3	0.0
1243	1237	3	0.0
1342	1341	3	0.0
1196	1195	3	0.0
1221	1218	3	0.0
1430	1428	3	0.0
1453	1450	3	0.0
1492	1487	3	0.0
1256	1254	3	0.0
1359	1356	3	0.0
1301	1300	3	0.0
1392	1389	3	0.0
1454	1450	3	0.0
1257	1254	3	0.0
1244	1237	3	0.0
1414	1408	3	0.0
1360	1356	3	0.0
1373	1371	3	0.0
1393	1389	3	0.0
1222	1218	3	0.0
1471	1469	3	0.0
1302	1300	3	0.0
1279	1277	3	0.0
1343	1341	3	0.0
1493	1487	3	0.0
1431	1428	3	0.0
1197	1191	3	0.0
1256	1255	3	0.0
1452	1451	3	0.0
1245	1237	3	0.0
1410	1409	3	0.0
1374	1371	3	0.0
1361	1356	3	0.0
1472	1469	3	0.0
1303	1300	3	0.0
1344	1341	3	0.0
1280	1277	3	0.0
1239	1238	3	0.0
1198	1191	3	0.0
1257	1255	3	0.0
1223	1218	3	0.0
1432	1428	3	0.0
1375	1371	3	0.0
1489	1488	3	0.0
1304	1300	3	0.0
1394	1389	3	0.0
1471	1470	3	0.0
1411	1409	3	0.0
1453	1451	3	0.0
1281	1277	3	0.0
1343	1342	3	0.0
1240	1238	3	0.0
1362	1356	3	0.0
1197	1192	3	0.0
1220	1219	3	0.0
1257	1256	3	0.0
1376	1371	3	0.0
1433	1428	3	0.0
1472	1470	3	0.0
1412	1409	3	0.0
1241	1238	3	0.0
1279	1278	3	0.0
1454	1451	3	0.0
1391	1390	3	0.0
1305	1300	3	0.0
1344	1342	3	0.0
1490	1488	3	0.0
1363	1356	3	0.0
1198	1192	3	0.0
1221	1219	3	0.0
1373	1372	3	0.0
1242	1238	3	0.0
1258	1255	3	0.0
1472	1471	3	0.0
1430	1429	3	0.0
1280	1278	3	0.0
1306	1300	3	0.0
1453	1452	3	0.0
1344	1343	3	0.0
1491	1488	3	0.0
1413	1409	3	0.0
1222	1219	3	0.0
1392	1390	3	0.0
1243	1238	3	0.0
1374	1372	3	0.0
1197	1193	3	0.0
1474	1473	3	0.0
1364	1356	3	0.0
1259	1255	3	0.0
1302	1301	3	0.0
1431	1429	3	0.0
1346	1345	3	0.0
1454	1452	3	0.0
1281	1278	3	0.0
1492	1488	3	0.0
1223	1219	3	0.0
1414	1409	3	0.0
1393	1390	3	0.0
1375	1372	3	0.0
1244	1238	3	0.0
1475	1474	3	0.0
1258	1256	3	0.0
1198	1193	3	0.0
1303	1301	3	0.0
1358	1357	3	0.0
1347	1345	3	0.0
1280	1279	3	0.0
1221	1220	3	0.0
1454	1453	3	0.0
1432	1429	3	0.0
1493	1488	3	0.0
1394	1390	3	0.0
1245	1238	3	0.0
1411	1410	3	0.0
1376	1372	3	0.0
1476	1475	3	0.0
1304	1301	3	0.0
1259	1256	3	0.0
1348	1345	3	0.0
1197	1194	3	0.0
1455	1450	3	0.0
1433	1429	3	0.0
1359	1357	3	0.0
1240	1239	3	0.0
1281	1279	3	0.0
1490	1489	3	0.0
1222	1220	3	0.0
1305	1301	3	0.0
1392	1391	3	0.0
1477	1475	3	0.0
1374	1373	3	0.0
1347	1346	3	0.0
1258	1257	3	0.0
1412	1410	3	0.0
1198	1194	3	0.0
1456	1450	3	0.0
1431	1430	3	0.0
1241	1239	3	0.0
1223	1220	3	0.0
1281	1280	3	0.0
1491	1489	3	0.0
1348	1346	3	0.0
1306	1301	3	0.0
1259	1257	3	0.0
1477	1476	3	0.0
1360	1357	3	0.0
1375	1373	3	0.0
1455	1451	3	0.0
1242	1239	3	0.0
1432	1430	3	0.0
1197	1195	3	0.0
1413	1410	3	0.0
1222	1221	3	0.0
1283	1282	3	0.0
1393	1391	3	0.0
1492	1489	3	0.0
1348	1347	3	0.0
1259	1258	3	0.0
1478	1476	3	0.0
1376	1373	3	0.0
1243	1239	3	0.0
1361	1357	3	0.0
1456	1451	3	0.0
1303	1302	3	0.0
1223	1221	3	0.0
1284	1282	3	0.0
1433	1430	3	0.0
1414	1410	3	0.0
1198	1195	3	0.0
1260	1258	3	0.0
1479	1476	3	0.0
1350	1349	3	0.0
1493	1489	3	0.0
1375	1374	3	0.0
1394	1391	3	0.0
1244	1239	3	0.0
1223	1222	3	0.0
1304	1302	3	0.0
1432	1431	3	0.0
1285	1282	3	0.0
1455	1452	3	0.0
1351	1349	3	0.0
1362	1357	3	0.0
1261	1258	3	0.0
1197	1196	3	0.0
1480	1476	3	0.0
1376	1374	3	0.0
1412	1411	3	0.0
1305	1302	3	0.0
1491	1490	3	0.0
1224	1219	3	0.0
1245	1239	3	0.0
1284	1283	3	0.0
1393	1392	3	0.0
1352	1349	3	0.0
1456	1452	3	0.0
1433	1431	3	0.0
1260	1259	3	0.0
1481	1476	3	0.0
1376	1375	3	0.0
1285	1283	3	0.0
1353	1349	3	0.0
1413	1411	3	0.0
1306	1302	3	0.0
1482	1476	3	0.0
1224	1220	3	0.0
1363	1357	3	0.0
1198	1196	3	0.0
1433	1432	3	0.0
1394	1392	3	0.0
1261	1259	3	0.0
1455	1453	3	0.0
1241	1240	3	0.0
1492	1490	3	0.0
1377	1373	3	0.0
1354	1349	3	0.0
1285	1284	3	0.0
1224	1221	3	0.0
1304	1303	3	0.0
1261	1260	3	0.0
1478	1477	3	0.0
1414	1411	3	0.0
1434	1426	3	0.0
1456	1453	3	0.0
1242	1240	3	0.0
1198	1197	3	0.0
1364	1357	3	0.0
1394	1393	3	0.0
1378	1373	3	0.0
1286	1282	3	0.0
1493	1490	3	0.0
1355	1349	3	0.0
1224	1222	3	0.0
1262	1260	3	0.0
1305	1303	3	0.0
1479	1477	3	0.0
1435	1426	3	0.0
1455	1454	3	0.0
1413	1412	3	0.0
1359	1358	3	0.0
1377	1374	3	0.0
1243	1240	3	0.0
1287	1282	3	0.0
1492	1491	3	0.0
1395	1389	3	0.0
1306	1303	3	0.0
1263	1260	3	0.0
1356	1349	3	0.0
1224	1223	3	0.0
1456	1454	3	0.0
1436	1426	3	0.0
1480	1477	3	0.0
1199	1197	3	0.0
1378	1374	3	0.0
1360	1358	3	0.0
1414	1412	3	0.0
1244	1240	3	0.0
1288	1282	3	0.0
1493	1491	3	0.0
1305	1304	3	0.0
1437	1426	3	0.0
1262	1261	3	0.0
1225	1224	3	0.0
1481	1477	3	0.0
1456	1455	3	0.0
1357	1349	3	0.0
1377	1375	3	0.0
1361	1358	3	0.0
1414	1413	3	0.0
1245	1240	3	0.0
1396	1389	3	0.0
1289	1282	3	0.0
1493	1492	3	0.0
1306	1304	3	0.0
1438	1426	3	0.0
1226	1225	3	0.0
1263	1261	3	0.0
1200	1197	3	0.0
1482	1477	3	0.0
1378	1375	3	0.0
1457	1455	3	0.0
1351	1350	3	0.0
1362	1358	3	0.0
1415	1410	3	0.0
1242	1241	3	0.0
1263	1262	3	0.0
1352	1350	3	0.0
1306	1305	3	0.0
1227	1225	3	0.0
1377	1376	3	0.0
1286	1283	3	0.0
1363	1358	3	0.0
1479	1478	3	0.0
1395	1390	3	0.0
1264	1262	3	0.0
1415	1411	3	0.0
1458	1455	3	0.0
1243	1241	3	0.0
1308	1307	3	0.0
1353	1350	3	0.0
1227	1226	3	0.0
1201	1197	3	0.0
1434	1427	3	0.0
1378	1376	3	0.0
1287	1283	3	0.0
1480	1478	3	0.0
1364	1358	3	0.0
1244	1241	3	0.0
1435	1427	3	0.0
1457	1456	3	0.0
1265	1262	3	0.0
1228	1226	3	0.0
1354	1350	3	0.0
1288	1283	3	0.0
1378	1377	3	0.0
1415	1412	3	0.0
1360	1359	3	0.0
1396	1390	3	0.0
1309	1307	3	0.0
1481	1478	3	0.0
1266	1262	3	0.0
1245	1241	3	0.0
1199	1198	3	0.0
1458	1456	3	0.0
1436	1427	3	0.0
1229	1226	3	0.0
1355	1350	3	0.0
1289	1283	3	0.0
1379	1377	3	0.0
1361	1359	3	0.0
1482	1478	3	0.0
1415	1413	3	0.0
1309	1308	3	0.0
1243	1242	3	0.0
1267	1262	3	0.0
1356	1350	3	0.0
1228	1227	3	0.0
1458	1457	3	0.0
1437	1427	3	0.0
1286	1284	3	0.0
1200	1198	3	0.0
1380	1377	3	0.0
1362	1359	3	0.0
1480	1479	3	0.0
1395	1391	3	0.0
1310	1307	3	0.0
1415	1414	3	0.0
1229	1227	3	0.0
1244	1242	3	0.0
1287	1284	3	0.0
1268	1262	3	0.0
1357	1350	3	0.0
1459	1457	3	0.0
1381	1377	3	0.0
1438	1427	3	0.0
1481	1479	3	0.0
1201	1198	3	0.0
1310	1308	3	0.0
1363	1359	3	0.0
1288	1284	3	0.0
1396	1391	3	0.0
1264	1263	3	0.0
1245	1242	3	0.0
1379	1378	3	0.0
1416	1415	3	0.0
1460	1457	3	0.0
1434	1428	3	0.0
1310	1309	3	0.0
1482	1479	3	0.0
1352	1351	3	0.0
1200	1199	3	0.0
1364	1359	3	0.0
1289	1284	3	0.0
1265	1263	3	0.0
1244	1243	3	0.0
1380	1378	3	0.0
1481	1480	3	0.0
1461	1457	3	0.0
1395	1392	3	0.0
1417	1415	3	0.0
1353	1351	3	0.0
1381	1378	3	0.0
1311	1310	3	0.0
1286	1285	3	0.0
1245	1243	3	0.0
1266	1263	3	0.0
1201	1199	3	0.0
1361	1360	3	0.0
1435	1428	3	0.0
1482	1480	3	0.0
1459	1458	3	0.0
1354	1351	3	0.0
1396	1392	3	0.0
1380	1379	3	0.0
1245	1244	3	0.0
1287	1285	3	0.0
1436	1428	3	0.0
1418	1415	3	0.0
1267	1263	3	0.0
1482	1481	3	0.0
1460	1458	3	0.0
1362	1360	3	0.0
1201	1200	3	0.0
1312	1311	3	0.0
1381	1379	3	0.0
1246	1239	3	0.0
1355	1351	3	0.0
1288	1285	3	0.0
1395	1393	3	0.0
1437	1428	3	0.0
1268	1263	3	0.0
1461	1458	3	0.0
1419	1415	3	0.0
1313	1312	3	0.0
1483	1478	3	0.0
1289	1285	3	0.0
1247	1239	3	0.0
1356	1351	3	0.0
1381	1380	3	0.0
1265	1264	3	0.0
1460	1459	3	0.0
1438	1428	3	0.0
1202	1199	3	0.0
1363	1360	3	0.0
1396	1393	3	0.0
1287	1286	3	0.0
1484	1478	3	0.0
1314	1313	3	0.0
1382	1379	3	0.0
1417	1416	3	0.0
1248	1239	3	0.0
1357	1351	3	0.0
1266	1264	3	0.0
1461	1459	3	0.0
1434	1429	3	0.0
1315	1314	3	0.0
1485	1478	3	0.0
1364	1360	3	0.0
1203	1199	3	0.0
1288	1286	3	0.0
1383	1379	3	0.0
1249	1239	3	0.0
1267	1264	3	0.0
1395	1394	3	0.0
1418	1416	3	0.0
1316	1314	3	0.0
1353	1352	3	0.0
1435	1429	3	0.0
1461	1460	3	0.0
1486	1478	3	0.0
1382	1380	3	0.0
1289	1286	3	0.0
1268	1264	3	0.0
1204	1199	3	0.0
1362	1361	3	0.0
1246	1240	3	0.0
1419	1416	3	0.0
1288	1287	3	0.0
1354	1352	3	0.0
1487	1478	3	0.0
1462	1459	3	0.0
1436	1429	3	0.0
1316	1315	3	0.0
1396	1394	3	0.0
1247	1240	3	0.0
1383	1380	3	0.0
1266	1265	3	0.0
1355	1352	3	0.0
1363	1361	3	0.0
1205	1199	3	0.0
1289	1287	3	0.0
1488	1478	3	0.0
1317	1315	3	0.0
1437	1429	3	0.0
1420	1416	3	0.0
1248	1240	3	0.0
1267	1265	3	0.0
1382	1381	3	0.0
1356	1352	3	0.0
1396	1395	3	0.0
1463	1459	3	0.0
1318	1315	3	0.0
1289	1288	3	0.0
1206	1199	3	0.0
1483	1479	3	0.0
1364	1361	3	0.0
1438	1429	3	0.0
1249	1240	3	0.0
1383	1381	3	0.0
1421	1416	3	0.0
1319	1315	3	0.0
1268	1265	3	0.0
1357	1352	3	0.0
1484	1479	3	0.0
1464	1459	3	0.0
1434	1430	3	0.0
1290	1286	3	0.0
1383	1382	3	0.0
1363	1362	3	0.0
1422	1416	3	0.0
1317	1316	3	0.0
1267	1266	3	0.0
1397	1395	3	0.0
1291	1286	3	0.0
1354	1353	3	0.0
1485	1479	3	0.0
1465	1459	3	0.0
1384	1382	3	0.0
1435	1430	3	0.0
1364	1362	3	0.0
1418	1417	3	0.0
1268	1266	3	0.0
1318	1316	3	0.0
1398	1395	3	0.0
1292	1286	3	0.0
1486	1479	3	0.0
1355	1353	3	0.0
1385	1382	3	0.0
1319	1316	3	0.0
1268	1267	3	0.0
1364	1363	3	0.0
1419	1417	3	0.0
1466	1459	3	0.0
1436	1430	3	0.0
1290	1287	3	0.0
1356	1353	3	0.0
1399	1395	3	0.0
1487	1479	3	0.0
1386	1382	3	0.0
1318	1317	3	0.0
1269	1264	3	0.0
1291	1287	3	0.0
1419	1418	3	0.0
1357	1353	3	0.0
1462	1460	3	0.0
1437	1430	3	0.0
1387	1382	3	0.0
1488	1479	3	0.0
1400	1395	3	0.0
1319	1317	3	0.0
1270	1264	3	0.0
1365	1358	3	0.0
1292	1287	3	0.0
1355	1354	3	0.0
1463	1460	3	0.0
1483	1480	3	0.0
1438	1430	3	0.0
1319	1318	3	0.0
1388	1382	3	0.0
1420	1417	3	0.0
1401	1395	3	0.0
1290	1288	3	0.0
1271	1264	3	0.0
1356	1354	3	0.0
1320	1317	3	0.0
1484	1480	3	0.0
1366	1358	3	0.0
1464	1460	3	0.0
1384	1383	3	0.0
1434	1431	3	0.0
1421	1417	3	0.0
1291	1288	3	0.0
1402	1395	3	0.0
1269	1265	3	0.0
1357	1354	3	0.0
1485	1480	3	0.0
1321	1317	3	0.0
1435	1431	3	0.0
1422	1417	3	0.0
1385	1383	3	0.0
1367	1358	3	0.0
1292	1288	3	0.0
1465	1460	3	0.0
1486	1480	3	0.0
1270	1265	3	0.0
1397	1396	3	0.0
1356	1355	3	0.0
1386	1383	3	0.0
1320	1318	3	0.0
1487	1480	3	0.0
1290	1289	3	0.0
1420	1418	3	0.0
1436	1431	3	0.0
1271	1265	3	0.0
1466	1460	3	0.0
1368	1358	3	0.0
1398	1396	3	0.0
1357	1355	3	0.0
1387	1383	3	0.0
1321	1318	3	0.0
1488	1480	3	0.0
1421	1418	3	0.0
1269	1266	3	0.0
1291	1289	3	0.0
1357	1356	3	0.0
1388	1383	3	0.0
1399	1396	3	0.0
1462	1461	3	0.0
1437	1431	3	0.0
1369	1358	3	0.0
1320	1319	3	0.0
1483	1481	3	0.0
1422	1418	3	0.0
1358	1349	3	0.0
1292	1289	3	0.0
1385	1384	3	0.0
1400	1396	3	0.0
1438	1431	3	0.0
1463	1461	3	0.0
1484	1481	3	0.0
1321	1319	3	0.0
1365	1359	3	0.0
1386	1384	3	0.0
1420	1419	3	0.0
1359	1349	3	0.0
1401	1396	3	0.0
1291	1290	3	0.0
1434	1432	3	0.0
1464	1461	3	0.0
1321	1320	3	0.0
1485	1481	3	0.0
1387	1384	3	0.0
1366	1359	3	0.0
1421	1419	3	0.0
1360	1349	3	0.0
1292	1290	3	0.0
1322	1320	3	0.0
1486	1481	3	0.0
1402	1396	3	0.0
1388	1384	3	0.0
1367	1359	3	0.0
1435	1432	3	0.0
1422	1419	3	0.0
1465	1461	3	0.0
1292	1291	3	0.0
1361	1349	3	0.0
1323	1320	3	0.0
1487	1481	3	0.0
1398	1397	3	0.0
1386	1385	3	0.0
1421	1420	3	0.0
1368	1359	3	0.0
1362	1349	3	0.0
1293	1290	3	0.0
1324	1320	3	0.0
1466	1461	3	0.0
1436	1432	3	0.0
1488	1481	3	0.0
1399	1397	3	0.0
1422	1420	3	0.0
1387	1385	3	0.0
1369	1359	3	0.0
1325	1320	3	0.0
1483	1482	3	0.0
1463	1462	3	0.0
1437	1432	3	0.0
1363	1349	3	0.0
1322	1321	3	0.0
1388	1385	3	0.0
1400	1397	3	0.0
1422	1421	3	0.0
1365	1360	3	0.0
1484	1482	3	0.0
1438	1432	3	0.0
1464	1462	3	0.0
1364	1349	3	0.0
1323	1321	3	0.0
1387	1386	3	0.0
1423	1420	3	0.0
1401	1397	3	0.0
1366	1360	3	0.0
1485	1482	3	0.0
1358	1350	3	0.0
1388	1386	3	0.0
1324	1321	3	0.0
1434	1433	3	0.0
1465	1462	3	0.0
1424	1420	3	0.0
1402	1397	3	0.0
1486	1482	3	0.0
1359	1350	3	0.0
1367	1360	3	0.0
1399	1398	3	0.0
1388	1387	3	0.0
1325	1321	3	0.0
1360	1350	3	0.0
1487	1482	3	0.0
1435	1433	3	0.0
1466	1462	3	0.0
1488	1482	3	0.0
1425	1420	3	0.0
1361	1350	3	0.0
1323	1322	3	0.0
1464	1463	3	0.0
1436	1433	3	0.0
1484	1483	3	0.0
1400	1398	3	0.0
1368	1360	3	0.0
1423	1421	3	0.0
1389	1384	3	0.0
1324	1322	3	0.0
1485	1483	3	0.0
1362	1350	3	0.0
1437	1433	3	0.0
1465	1463	3	0.0
1401	1398	3	0.0
1390	1384	3	0.0
1369	1360	3	0.0
1424	1421	3	0.0
1325	1322	3	0.0
1486	1483	3	0.0
1363	1350	3	0.0
1466	1463	3	0.0
1438	1433	3	0.0
1391	1384	3	0.0
1402	1398	3	0.0
1365	1361	3	0.0
1324	1323	3	0.0
1425	1421	3	0.0
1364	1350	3	0.0
1487	1483	3	0.0
1392	1384	3	0.0
1400	1399	3	0.0
1465	1464	3	0.0
1435	1434	3	0.0
1366	1361	3	0.0
1423	1422	3	0.0
1358	1351	3	0.0
1488	1483	3	0.0
1393	1384	3	0.0
1325	1323	3	0.0
1466	1464	3	0.0
1436	1434	3	0.0
1401	1399	3	0.0
1424	1422	3	0.0
1359	1351	3	0.0
1485	1484	3	0.0
1367	1361	3	0.0
1394	1384	3	0.0
1325	1324	3	0.0
1466	1465	3	0.0
1437	1434	3	0.0
1402	1399	3	0.0
1425	1422	3	0.0
1360	1351	3	0.0
1389	1385	3	0.0
1486	1484	3	0.0
1327	1326	3	0.0
1438	1434	3	0.0
1467	1462	3	0.0
1368	1361	3	0.0
1401	1400	3	0.0
1424	1423	3	0.0
1390	1385	3	0.0
1361	1351	3	0.0
1487	1484	3	0.0
1468	1462	3	0.0
1436	1435	3	0.0
1425	1423	3	0.0
1391	1385	3	0.0
1369	1361	3	0.0
1362	1351	3	0.0
1488	1484	3	0.0
1402	1400	3	0.0
1437	1435	3	0.0
1469	1462	3	0.0
1392	1385	3	0.0
1425	1424	3	0.0
1365	1362	3	0.0
1402	1401	3	0.0
1438	1435	3	0.0
1363	1351	3	0.0
1486	1485	3	0.0
1470	1462	3	0.0
1393	1385	3	0.0
1426	1423	3	0.0
1404	1403	3	0.0
1487	1485	3	0.0
1366	1362	3	0.0
1394	1385	3	0.0
1364	1351	3	0.0
1437	1436	3	0.0
1405	1403	3	0.0
1488	1485	3	0.0
1471	1462	3	0.0
1427	1423	3	0.0
1389	1386	3	0.0
1367	1362	3	0.0
1358	1352	3	0.0
1438	1436	3	0.0
1406	1403	3	0.0
1390	1386	3	0.0
1428	1423	3	0.0
1487	1486	3	0.0
1472	1462	3	0.0
1359	1352	3	0.0
1438	1437	3	0.0
1368	1362	3	0.0
1391	1386	3	0.0
1407	1403	3	0.0
1429	1423	3	0.0
1488	1486	3	0.0
1360	1352	3	0.0
1439	1434	3	0.0
1467	1463	3	0.0
1392	1386	3	0.0
1408	1403	3	0.0
1369	1362	3	0.0
1488	1487	3	0.0
1361	1352	3	0.0
1468	1463	3	0.0
1440	1434	3	0.0
1430	1423	3	0.0
1409	1403	3	0.0
1365	1363	3	0.0
1489	1483	3	0.0
1362	1352	3	0.0
1469	1463	3	0.0
1439	1435	3	0.0
1431	1423	3	0.0
1366	1363	3	0.0
1405	1404	3	0.0
1490	1483	3	0.0
1470	1463	3	0.0
1440	1435	3	0.0
1432	1423	3	0.0
1406	1404	3	0.0
1491	1483	3	0.0
1471	1463	3	0.0
1433	1423	3	0.0
1439	1436	3	0.0
1367	1363	3	0.0
1407	1404	3	0.0
1492	1483	3	0.0
1426	1424	3	0.0
1472	1463	3	0.0
1493	1483	3	0.0
1408	1404	3	0.0
1368	1363	3	0.0
1427	1424	3	0.0
1440	1436	3	0.0
1489	1484	3	0.0
1467	1464	3	0.0
1428	1424	3	0.0
1409	1404	3	0.0
1369	1363	3	0.0
1490	1484	3	0.0
1468	1464	3	0.0
1439	1437	3	0.0
1429	1424	3	0.0
1406	1405	3	0.0
1491	1484	3	0.0
1365	1364	3	0.0
1469	1464	3	0.0
1440	1437	3	0.0
1430	1424	3	0.0
1407	1405	3	0.0
1492	1484	3	0.0
1439	1438	3	0.0
1431	1424	3	0.0
1366	1364	3	0.0
1493	1484	3	0.0
1470	1464	3	0.0
1408	1405	3	0.0
1440	1438	3	0.0
1432	1424	3	0.0
1489	1485	3	0.0
1409	1405	3	0.0
1367	1364	3	0.0
1471	1464	3	0.0
1440	1439	3	0.0
1490	1485	3	0.0
1433	1424	3	0.0
1407	1406	3	0.0
1441	1439	3	0.0
1491	1485	3	0.0
1426	1425	3	0.0
1472	1464	3	0.0
1408	1406	3	0.0
1368	1364	3	0.0
1442	1439	3	0.0
1409	1406	3	0.0
1369	1364	3	0.0
1467	1465	3	0.0
1427	1425	3	0.0
1408	1407	3	0.0
1443	1439	3	0.0
1428	1425	3	0.0
1366	1365	3	0.0
1468	1465	3	0.0
1409	1407	3	0.0
1429	1425	3	0.0
1441	1440	3	0.0
1367	1365	3	0.0
1469	1465	3	0.0
1409	1408	3	0.0
1430	1425	3	0.0
1442	1440	3	0.0
1368	1365	3	0.0
1410	1403	3	0.0
1443	1440	3	0.0
1470	1465	3	0.0
1431	1425	3	0.0
1411	1403	3	0.0
1442	1441	3	0.0
1369	1365	3	0.0
1432	1425	3	0.0
1471	1465	3	0.0
1412	1403	3	0.0
1367	1366	3	0.0
1443	1441	3	0.0
1472	1465	3	0.0
1413	1403	3	0.0
1368	1366	3	0.0
1443	1442	3	0.0
1414	1403	3	0.0
1467	1466	3	0.0
1369	1366	3	0.0
1410	1404	3	0.0
1468	1466	3	0.0
1444	1441	3	0.0
1469	1466	3	0.0
1411	1404	3	0.0
1412	1404	3	0.0
1470	1466	3	0.0
1413	1404	3	0.0
1414	1404	3	0.0
1184	1183	2	0.0
1185	1183	2	0.0
1185	1184	2	0.0
1186	1183	2	0.0
1187	1183	2	0.0
1188	1183	2	0.0
1189	1183	2	0.0
1190	1183	2	0.0
1186	1184	2	0.0
1202	1200	2	0.0
1187	1184	2	0.0
1188	1184	2	0.0
1189	1184	2	0.0
1190	1184	2	0.0
1186	1185	2	0.0
1203	1200	2	0.0
1187	1185	2	0.0
1188	1185	2	0.0
1204	1200	2	0.0
1229	1228	2	0.0
1189	1185	2	0.0
1190	1185	2	0.0
1205	1200	2	0.0
1230	1228	2	0.0
1187	1186	2	0.0
1206	1200	2	0.0
1188	1186	2	0.0
1231	1228	2	0.0
1202	1201	2	0.0
1189	1186	2	0.0
1230	1229	2	0.0
1190	1186	2	0.0
1203	1201	2	0.0
1231	1229	2	0.0
1188	1187	2	0.0
1204	1201	2	0.0
1246	1241	2	0.0
1231	1230	2	0.0
1189	1187	2	0.0
1205	1201	2	0.0
1232	1230	2	0.0
1190	1187	2	0.0
1206	1201	2	0.0
1247	1241	2	0.0
1189	1188	2	0.0
1232	1231	2	0.0
1203	1202	2	0.0
1248	1241	2	0.0
1190	1188	2	0.0
1233	1232	2	0.0
1190	1189	2	0.0
1249	1241	2	0.0
1204	1202	2	0.0
1234	1232	2	0.0
1191	1186	2	0.0
1270	1266	2	0.0
1293	1291	2	0.0
1205	1202	2	0.0
1246	1242	2	0.0
1192	1186	2	0.0
1293	1292	2	0.0
1235	1232	2	0.0
1206	1202	2	0.0
1193	1186	2	0.0
1247	1242	2	0.0
1271	1266	2	0.0
1295	1294	2	0.0
1236	1232	2	0.0
1194	1186	2	0.0
1328	1326	2	0.0
1296	1294	2	0.0
1269	1267	2	0.0
1248	1242	2	0.0
1237	1232	2	0.0
1204	1203	2	0.0
1195	1186	2	0.0
1297	1294	2	0.0
1249	1242	2	0.0
1205	1203	2	0.0
1196	1186	2	0.0
1270	1267	2	0.0
1296	1295	2	0.0
1238	1232	2	0.0
1246	1243	2	0.0
1329	1326	2	0.0
1191	1187	2	0.0
1206	1203	2	0.0
1297	1295	2	0.0
1271	1267	2	0.0
1234	1233	2	0.0
1247	1243	2	0.0
1328	1327	2	0.0
1192	1187	2	0.0
1297	1296	2	0.0
1363	1352	2	0.0
1205	1204	2	0.0
1235	1233	2	0.0
1193	1187	2	0.0
1298	1294	2	0.0
1269	1268	2	0.0
1194	1187	2	0.0
1329	1327	2	0.0
1299	1294	2	0.0
1206	1204	2	0.0
1248	1243	2	0.0
1364	1352	2	0.0
1195	1187	2	0.0
1329	1328	2	0.0
1270	1268	2	0.0
1236	1233	2	0.0
1300	1294	2	0.0
1206	1205	2	0.0
1196	1187	2	0.0
1249	1243	2	0.0
1358	1353	2	0.0
1271	1268	2	0.0
1330	1328	2	0.0
1298	1295	2	0.0
1237	1233	2	0.0
1368	1367	2	0.0
1191	1188	2	0.0
1246	1244	2	0.0
1207	1202	2	0.0
1331	1328	2	0.0
1299	1295	2	0.0
1270	1269	2	0.0
1359	1353	2	0.0
1238	1233	2	0.0
1192	1188	2	0.0
1208	1202	2	0.0
1300	1295	2	0.0
1247	1244	2	0.0
1271	1269	2	0.0
1330	1329	2	0.0
1360	1353	2	0.0
1193	1188	2	0.0
1235	1234	2	0.0
1369	1367	2	0.0
1298	1296	2	0.0
1209	1202	2	0.0
1331	1329	2	0.0
1194	1188	2	0.0
1271	1270	2	0.0
1248	1244	2	0.0
1393	1386	2	0.0
1361	1353	2	0.0
1299	1296	2	0.0
1236	1234	2	0.0
1369	1368	2	0.0
1210	1202	2	0.0
1195	1188	2	0.0
1331	1330	2	0.0
1272	1269	2	0.0
1249	1244	2	0.0
1300	1296	2	0.0
1362	1353	2	0.0
1237	1234	2	0.0
1196	1188	2	0.0
1394	1386	2	0.0
1207	1203	2	0.0
1332	1330	2	0.0
1298	1297	2	0.0
1238	1234	2	0.0
1246	1245	2	0.0
1363	1353	2	0.0
1273	1269	2	0.0
1370	1365	2	0.0
1191	1189	2	0.0
1299	1297	2	0.0
1208	1203	2	0.0
1332	1331	2	0.0
1389	1387	2	0.0
1192	1189	2	0.0
1300	1297	2	0.0
1364	1353	2	0.0
1247	1245	2	0.0
1236	1235	2	0.0
1272	1270	2	0.0
1209	1203	2	0.0
1390	1387	2	0.0
1299	1298	2	0.0
1193	1189	2	0.0
1333	1332	2	0.0
1358	1354	2	0.0
1371	1365	2	0.0
1248	1245	2	0.0
1273	1270	2	0.0
1410	1405	2	0.0
1194	1189	2	0.0
1334	1333	2	0.0
1359	1354	2	0.0
1391	1387	2	0.0
1300	1298	2	0.0
1237	1235	2	0.0
1272	1271	2	0.0
1249	1245	2	0.0
1195	1189	2	0.0
1210	1203	2	0.0
1372	1365	2	0.0
1335	1333	2	0.0
1433	1425	2	0.0
1392	1387	2	0.0
1360	1354	2	0.0
1300	1299	2	0.0
1196	1189	2	0.0
1238	1235	2	0.0
1273	1271	2	0.0
1247	1246	2	0.0
1207	1204	2	0.0
1411	1405	2	0.0
1335	1334	2	0.0
1393	1387	2	0.0
1301	1298	2	0.0
1191	1190	2	0.0
1427	1426	2	0.0
1361	1354	2	0.0
1370	1366	2	0.0
1237	1236	2	0.0
1273	1272	2	0.0
1248	1246	2	0.0
1208	1204	2	0.0
1412	1405	2	0.0
1337	1336	2	0.0
1394	1387	2	0.0
1302	1298	2	0.0
1445	1441	2	0.0
1362	1354	2	0.0
1192	1190	2	0.0
1428	1426	2	0.0
1274	1272	2	0.0
1238	1236	2	0.0
1249	1246	2	0.0
1209	1204	2	0.0
1303	1298	2	0.0
1389	1388	2	0.0
1193	1190	2	0.0
1371	1366	2	0.0
1413	1405	2	0.0
1338	1336	2	0.0
1429	1426	2	0.0
1444	1442	2	0.0
1238	1237	2	0.0
1363	1354	2	0.0
1248	1247	2	0.0
1390	1388	2	0.0
1194	1190	2	0.0
1304	1298	2	0.0
1210	1204	2	0.0
1275	1272	2	0.0
1430	1426	2	0.0
1445	1442	2	0.0
1338	1337	2	0.0
1391	1388	2	0.0
1276	1272	2	0.0
1431	1426	2	0.0
1392	1388	2	0.0
1444	1443	2	0.0
1339	1336	2	0.0
1207	1205	2	0.0
1239	1233	2	0.0
1195	1190	2	0.0
1305	1298	2	0.0
1471	1466	2	0.0
1414	1405	2	0.0
1249	1247	2	0.0
1364	1354	2	0.0
1372	1366	2	0.0
1393	1388	2	0.0
1492	1485	2	0.0
1277	1272	2	0.0
1432	1426	2	0.0
1445	1443	2	0.0
1358	1355	2	0.0
1196	1190	2	0.0
1394	1388	2	0.0
1240	1233	2	0.0
1340	1336	2	0.0
1306	1298	2	0.0
1208	1205	2	0.0
1249	1248	2	0.0
1278	1272	2	0.0
1410	1406	2	0.0
1370	1367	2	0.0
1433	1426	2	0.0
1192	1191	2	0.0
1472	1466	2	0.0
1390	1389	2	0.0
1359	1355	2	0.0
1445	1444	2	0.0
1493	1485	2	0.0
1339	1337	2	0.0
1301	1299	2	0.0
1209	1205	2	0.0
1241	1233	2	0.0
1274	1273	2	0.0
1193	1191	2	0.0
1428	1427	2	0.0
1250	1246	2	0.0
1411	1406	2	0.0
1391	1389	2	0.0
1468	1467	2	0.0
1371	1367	2	0.0
1447	1446	2	0.0
1302	1299	2	0.0
1340	1337	2	0.0
1360	1355	2	0.0
1210	1205	2	0.0
1489	1486	2	0.0
1194	1191	2	0.0
1429	1427	2	0.0
1251	1246	2	0.0
1275	1273	2	0.0
1392	1389	2	0.0
1412	1406	2	0.0
1242	1233	2	0.0
1448	1446	2	0.0
1339	1338	2	0.0
1207	1206	2	0.0
1303	1299	2	0.0
1361	1355	2	0.0
1469	1467	2	0.0
1195	1191	2	0.0
1250	1247	2	0.0
1430	1427	2	0.0
1490	1486	2	0.0
1276	1273	2	0.0
1372	1367	2	0.0
1393	1389	2	0.0
1243	1233	2	0.0
1449	1446	2	0.0
1413	1406	2	0.0
1304	1299	2	0.0
1340	1338	2	0.0
1196	1191	2	0.0
1208	1206	2	0.0
1362	1355	2	0.0
1251	1247	2	0.0
1470	1467	2	0.0
1277	1273	2	0.0
1244	1233	2	0.0
1305	1299	2	0.0
1448	1447	2	0.0
1394	1389	2	0.0
1340	1339	2	0.0
1431	1427	2	0.0
1491	1486	2	0.0
1363	1355	2	0.0
1209	1206	2	0.0
1193	1192	2	0.0
1250	1248	2	0.0
1278	1273	2	0.0
1471	1467	2	0.0
1414	1406	2	0.0
1370	1368	2	0.0
1306	1299	2	0.0
1245	1233	2	0.0
1391	1390	2	0.0
1432	1427	2	0.0
1342	1341	2	0.0
1194	1192	2	0.0
1364	1355	2	0.0
1449	1447	2	0.0
1275	1274	2	0.0
1210	1206	2	0.0
1251	1248	2	0.0
1472	1467	2	0.0
1410	1407	2	0.0
1492	1486	2	0.0
1301	1300	2	0.0
1371	1368	2	0.0
1392	1390	2	0.0
1276	1274	2	0.0
1343	1341	2	0.0
1358	1356	2	0.0
1239	1234	2	0.0
1195	1192	2	0.0
1433	1427	2	0.0
1208	1207	2	0.0
1449	1448	2	0.0
1250	1249	2	0.0
1469	1468	2	0.0
1411	1407	2	0.0
1302	1300	2	0.0
1277	1274	2	0.0
1344	1341	2	0.0
1393	1390	2	0.0
1196	1192	2	0.0
1429	1428	2	0.0
1493	1486	2	0.0
1251	1249	2	0.0
1372	1368	2	0.0
1359	1356	2	0.0
1303	1300	2	0.0
1240	1234	2	0.0
1194	1193	2	0.0
1209	1207	2	0.0
1278	1274	2	0.0
1470	1468	2	0.0
1412	1407	2	0.0
1430	1428	2	0.0
1394	1390	2	0.0
1451	1450	2	0.0
1343	1342	2	0.0
1304	1300	2	0.0
1251	1250	2	0.0
1489	1487	2	0.0
1241	1234	2	0.0
1370	1369	2	0.0
1195	1193	2	0.0
1360	1356	2	0.0
1210	1207	2	0.0
1431	1428	2	0.0
1305	1300	2	0.0
1471	1468	2	0.0
1276	1275	2	0.0
1344	1342	2	0.0
1392	1391	2	0.0
1413	1407	2	0.0
1252	1250	2	0.0
1452	1450	2	0.0
1242	1234	2	0.0
1196	1193	2	0.0
1490	1487	2	0.0
1306	1300	2	0.0
1209	1208	2	0.0
1361	1356	2	0.0
1432	1428	2	0.0
1472	1468	2	0.0
1277	1275	2	0.0
1344	1343	2	0.0
1393	1391	2	0.0
1195	1194	2	0.0
1414	1407	2	0.0
1371	1369	2	0.0
1453	1450	2	0.0
1243	1234	2	0.0
1302	1301	2	0.0
1253	1250	2	0.0
1433	1428	2	0.0
1210	1208	2	0.0
1362	1356	2	0.0
1394	1391	2	0.0
1196	1194	2	0.0
1278	1275	2	0.0
1346	1345	2	0.0
1491	1487	2	0.0
1244	1234	2	0.0
1470	1469	2	0.0
1372	1369	2	0.0
1430	1429	2	0.0
1303	1301	2	0.0
1410	1408	2	0.0
1254	1250	2	0.0
1196	1195	2	0.0
1454	1450	2	0.0
1347	1345	2	0.0
1363	1356	2	0.0
1393	1392	2	0.0
1245	1234	2	0.0
1210	1209	2	0.0
1492	1487	2	0.0
1277	1276	2	0.0
1197	1191	2	0.0
1304	1301	2	0.0
1252	1251	2	0.0
1471	1469	2	0.0
1431	1429	2	0.0
1348	1345	2	0.0
1411	1408	2	0.0
1452	1451	2	0.0
1371	1370	2	0.0
1394	1392	2	0.0
1364	1356	2	0.0
1239	1235	2	0.0
1198	1191	2	0.0
1211	1207	2	0.0
1305	1301	2	0.0
1432	1429	2	0.0
1493	1487	2	0.0
1347	1346	2	0.0
1278	1276	2	0.0
1253	1251	2	0.0
1412	1408	2	0.0
1472	1469	2	0.0
1394	1393	2	0.0
1358	1357	2	0.0
1453	1451	2	0.0
1372	1370	2	0.0
1306	1301	2	0.0
1197	1192	2	0.0
1240	1235	2	0.0
1433	1429	2	0.0
1211	1208	2	0.0
1278	1277	2	0.0
1395	1389	2	0.0
1489	1488	2	0.0
1348	1346	2	0.0
1303	1302	2	0.0
1359	1357	2	0.0
1372	1371	2	0.0
1413	1408	2	0.0
1254	1251	2	0.0
1198	1192	2	0.0
1454	1451	2	0.0
1471	1470	2	0.0
1431	1430	2	0.0
1211	1209	2	0.0
1241	1235	2	0.0
1279	1274	2	0.0
1396	1389	2	0.0
1304	1302	2	0.0
1348	1347	2	0.0
1197	1193	2	0.0
1490	1488	2	0.0
1253	1252	2	0.0
1414	1408	2	0.0
1432	1430	2	0.0
1395	1390	2	0.0
1472	1470	2	0.0
1280	1274	2	0.0
1453	1452	2	0.0
1350	1349	2	0.0
1242	1235	2	0.0
1305	1302	2	0.0
1198	1193	2	0.0
1211	1210	2	0.0
1491	1488	2	0.0
1373	1370	2	0.0
1396	1390	2	0.0
1254	1252	2	0.0
1410	1409	2	0.0
1433	1430	2	0.0
1360	1357	2	0.0
1472	1471	2	0.0
1281	1274	2	0.0
1243	1235	2	0.0
1197	1194	2	0.0
1306	1302	2	0.0
1454	1452	2	0.0
1213	1212	2	0.0
1351	1349	2	0.0
1395	1391	2	0.0
1492	1488	2	0.0
1254	1253	2	0.0
1411	1409	2	0.0
1432	1431	2	0.0
1361	1357	2	0.0
1279	1275	2	0.0
1474	1473	2	0.0
1244	1235	2	0.0
1198	1194	2	0.0
1304	1303	2	0.0
1374	1370	2	0.0
1352	1349	2	0.0
1454	1453	2	0.0
1255	1252	2	0.0
1396	1391	2	0.0
1214	1212	2	0.0
1197	1195	2	0.0
1475	1474	2	0.0
1412	1409	2	0.0
1433	1431	2	0.0
1245	1235	2	0.0
1280	1275	2	0.0
1305	1303	2	0.0
1493	1488	2	0.0
1362	1357	2	0.0
1375	1370	2	0.0
1353	1349	2	0.0
1455	1450	2	0.0
1256	1252	2	0.0
1306	1303	2	0.0
1433	1432	2	0.0
1198	1195	2	0.0
1395	1392	2	0.0
1214	1213	2	0.0
1476	1475	2	0.0
1413	1409	2	0.0
1239	1236	2	0.0
1281	1275	2	0.0
1490	1489	2	0.0
1363	1357	2	0.0
1376	1370	2	0.0
1354	1349	2	0.0
1197	1196	2	0.0
1305	1304	2	0.0
1434	1426	2	0.0
1396	1392	2	0.0
1257	1252	2	0.0
1456	1450	2	0.0
1240	1236	2	0.0
1364	1357	2	0.0
1215	1212	2	0.0
1279	1276	2	0.0
1414	1409	2	0.0
1477	1475	2	0.0
1491	1489	2	0.0
1355	1349	2	0.0
1306	1304	2	0.0
1373	1371	2	0.0
1241	1236	2	0.0
1435	1426	2	0.0
1395	1393	2	0.0
1455	1451	2	0.0
1198	1196	2	0.0
1255	1253	2	0.0
1359	1358	2	0.0
1280	1276	2	0.0
1477	1476	2	0.0
1411	1410	2	0.0
1306	1305	2	0.0
1356	1349	2	0.0
1492	1489	2	0.0
1215	1213	2	0.0
1374	1371	2	0.0
1242	1236	2	0.0
1436	1426	2	0.0
1396	1393	2	0.0
1198	1197	2	0.0
1360	1358	2	0.0
1281	1276	2	0.0
1256	1253	2	0.0
1478	1476	2	0.0
1308	1307	2	0.0
1357	1349	2	0.0
1412	1410	2	0.0
1456	1451	2	0.0
1493	1489	2	0.0
1395	1394	2	0.0
1375	1371	2	0.0
1215	1214	2	0.0
1437	1426	2	0.0
1199	1197	2	0.0
1257	1253	2	0.0
1309	1307	2	0.0
1279	1277	2	0.0
1351	1350	2	0.0
1243	1236	2	0.0
1396	1394	2	0.0
1361	1358	2	0.0
1455	1452	2	0.0
1438	1426	2	0.0
1491	1490	2	0.0
1479	1476	2	0.0
1413	1410	2	0.0
1376	1371	2	0.0
1200	1197	2	0.0
1309	1308	2	0.0
1255	1254	2	0.0
1352	1350	2	0.0
1280	1277	2	0.0
1216	1215	2	0.0
1396	1395	2	0.0
1456	1452	2	0.0
1201	1197	2	0.0
1434	1427	2	0.0
1256	1254	2	0.0
1310	1307	2	0.0
1362	1358	2	0.0
1480	1476	2	0.0
1397	1395	2	0.0
1244	1236	2	0.0
1373	1372	2	0.0
1492	1490	2	0.0
1217	1215	2	0.0
1281	1277	2	0.0
1414	1410	2	0.0
1455	1453	2	0.0
1353	1350	2	0.0
1310	1308	2	0.0
1435	1427	2	0.0
1199	1198	2	0.0
1257	1254	2	0.0
1363	1358	2	0.0
1398	1395	2	0.0
1245	1236	2	0.0
1374	1372	2	0.0
1481	1476	2	0.0
1493	1490	2	0.0
1279	1278	2	0.0
1354	1350	2	0.0
1436	1427	2	0.0
1310	1309	2	0.0
1218	1215	2	0.0
1399	1395	2	0.0
1239	1237	2	0.0
1256	1255	2	0.0
1364	1358	2	0.0
1200	1198	2	0.0
1412	1411	2	0.0
1456	1453	2	0.0
1375	1372	2	0.0
1482	1476	2	0.0
1280	1278	2	0.0
1311	1310	2	0.0
1400	1395	2	0.0
1355	1350	2	0.0
1437	1427	2	0.0
1217	1216	2	0.0
1201	1198	2	0.0
1492	1491	2	0.0
1240	1237	2	0.0
1257	1255	2	0.0
1455	1454	2	0.0
1360	1359	2	0.0
1281	1278	2	0.0
1413	1411	2	0.0
1478	1477	2	0.0
1401	1395	2	0.0
1356	1350	2	0.0
1312	1311	2	0.0
1200	1199	2	0.0
1438	1427	2	0.0
1218	1216	2	0.0
1376	1372	2	0.0
1241	1237	2	0.0
1456	1454	2	0.0
1493	1491	2	0.0
1357	1350	2	0.0
1257	1256	2	0.0
1402	1395	2	0.0
1434	1428	2	0.0
1201	1199	2	0.0
1361	1359	2	0.0
1280	1279	2	0.0
1414	1411	2	0.0
1313	1312	2	0.0
1218	1217	2	0.0
1479	1477	2	0.0
1242	1237	2	0.0
1456	1455	2	0.0
1374	1373	2	0.0
1493	1492	2	0.0
1352	1351	2	0.0
1201	1200	2	0.0
1314	1313	2	0.0
1258	1255	2	0.0
1397	1396	2	0.0
1435	1428	2	0.0
1281	1279	2	0.0
1413	1412	2	0.0
1362	1359	2	0.0
1243	1237	2	0.0
1457	1455	2	0.0
1480	1477	2	0.0
1202	1199	2	0.0
1219	1216	2	0.0
1375	1373	2	0.0
1398	1396	2	0.0
1353	1351	2	0.0
1436	1428	2	0.0
1259	1255	2	0.0
1315	1314	2	0.0
1281	1280	2	0.0
1244	1237	2	0.0
1414	1412	2	0.0
1458	1455	2	0.0
1203	1199	2	0.0
1363	1359	2	0.0
1399	1396	2	0.0
1481	1477	2	0.0
1220	1216	2	0.0
1316	1314	2	0.0
1354	1351	2	0.0
1437	1428	2	0.0
1258	1256	2	0.0
1283	1282	2	0.0
1245	1237	2	0.0
1204	1199	2	0.0
1457	1456	2	0.0
1376	1373	2	0.0
1316	1315	2	0.0
1400	1396	2	0.0
1364	1359	2	0.0
1482	1477	2	0.0
1438	1428	2	0.0
1355	1351	2	0.0
1414	1413	2	0.0
1221	1216	2	0.0
1284	1282	2	0.0
1259	1256	2	0.0
1239	1238	2	0.0
1317	1315	2	0.0
1205	1199	2	0.0
1401	1396	2	0.0
1434	1429	2	0.0
1479	1478	2	0.0
1458	1456	2	0.0
1415	1410	2	0.0
1361	1360	2	0.0
1356	1351	2	0.0
1375	1374	2	0.0
1222	1216	2	0.0
1285	1282	2	0.0
1240	1238	2	0.0
1402	1396	2	0.0
1435	1429	2	0.0
1258	1257	2	0.0
1206	1199	2	0.0
1318	1315	2	0.0
1362	1360	2	0.0
1357	1351	2	0.0
1415	1411	2	0.0
1480	1478	2	0.0
1458	1457	2	0.0
1398	1397	2	0.0
1376	1374	2	0.0
1223	1216	2	0.0
1319	1315	2	0.0
1284	1283	2	0.0
1241	1238	2	0.0
1436	1429	2	0.0
1259	1257	2	0.0
1353	1352	2	0.0
1363	1360	2	0.0
1399	1397	2	0.0
1415	1412	2	0.0
1481	1478	2	0.0
1459	1457	2	0.0
1376	1375	2	0.0
1317	1316	2	0.0
1285	1283	2	0.0
1259	1258	2	0.0
1354	1352	2	0.0
1400	1397	2	0.0
1437	1429	2	0.0
1219	1217	2	0.0
1242	1238	2	0.0
1364	1360	2	0.0
1415	1413	2	0.0
1482	1478	2	0.0
1460	1457	2	0.0
1318	1316	2	0.0
1285	1284	2	0.0
1260	1258	2	0.0
1377	1373	2	0.0
1243	1238	2	0.0
1401	1397	2	0.0
1220	1217	2	0.0
1355	1352	2	0.0
1438	1429	2	0.0
1362	1361	2	0.0
1480	1479	2	0.0
1415	1414	2	0.0
1461	1457	2	0.0
1319	1316	2	0.0
1286	1282	2	0.0
1261	1258	2	0.0
1402	1397	2	0.0
1356	1352	2	0.0
1481	1479	2	0.0
1221	1217	2	0.0
1416	1415	2	0.0
1459	1458	2	0.0
1244	1238	2	0.0
1318	1317	2	0.0
1434	1430	2	0.0
1378	1373	2	0.0
1260	1259	2	0.0
1287	1282	2	0.0
1363	1361	2	0.0
1399	1398	2	0.0
1357	1352	2	0.0
1222	1217	2	0.0
1482	1479	2	0.0
1417	1415	2	0.0
1245	1238	2	0.0
1460	1458	2	0.0
1319	1317	2	0.0
1435	1430	2	0.0
1261	1259	2	0.0
1400	1398	2	0.0
1354	1353	2	0.0
1364	1361	2	0.0
1288	1282	2	0.0
1223	1217	2	0.0
1377	1374	2	0.0
1481	1480	2	0.0
1418	1415	2	0.0
1240	1239	2	0.0
1461	1458	2	0.0
1261	1260	2	0.0
1319	1318	2	0.0
1401	1398	2	0.0
1436	1430	2	0.0
1355	1353	2	0.0
1363	1362	2	0.0
1289	1282	2	0.0
1219	1218	2	0.0
1460	1459	2	0.0
1378	1374	2	0.0
1320	1317	2	0.0
1402	1398	2	0.0
1419	1415	2	0.0
1482	1480	2	0.0
1262	1260	2	0.0
1241	1239	2	0.0
1286	1283	2	0.0
1356	1353	2	0.0
1220	1218	2	0.0
1364	1362	2	0.0
1437	1430	2	0.0
1461	1459	2	0.0
1321	1317	2	0.0
1400	1399	2	0.0
1377	1375	2	0.0
1263	1260	2	0.0
1242	1239	2	0.0
1461	1460	2	0.0
1438	1430	2	0.0
1221	1218	2	0.0
1320	1318	2	0.0
1401	1399	2	0.0
1482	1481	2	0.0
1417	1416	2	0.0
1357	1353	2	0.0
1287	1283	2	0.0
1364	1363	2	0.0
1243	1239	2	0.0
1378	1375	2	0.0
1262	1261	2	0.0
1434	1431	2	0.0
1402	1399	2	0.0
1321	1318	2	0.0
1222	1218	2	0.0
1365	1358	2	0.0
1462	1459	2	0.0
1355	1354	2	0.0
1288	1283	2	0.0
1418	1416	2	0.0
1244	1239	2	0.0
1483	1478	2	0.0
1263	1261	2	0.0
1435	1431	2	0.0
1223	1218	2	0.0
1401	1400	2	0.0
1320	1319	2	0.0
1463	1459	2	0.0
1356	1354	2	0.0
1366	1358	2	0.0
1289	1283	2	0.0
1436	1431	2	0.0
1484	1478	2	0.0
1419	1416	2	0.0
1402	1400	2	0.0
1321	1319	2	0.0
1464	1459	2	0.0
1245	1239	2	0.0
1263	1262	2	0.0
1377	1376	2	0.0
1220	1219	2	0.0
1286	1284	2	0.0
1437	1431	2	0.0
1357	1354	2	0.0
1367	1358	2	0.0
1402	1401	2	0.0
1485	1478	2	0.0
1321	1320	2	0.0
1241	1240	2	0.0
1420	1416	2	0.0
1465	1459	2	0.0
1287	1284	2	0.0
1264	1262	2	0.0
1221	1219	2	0.0
1356	1355	2	0.0
1438	1431	2	0.0
1368	1358	2	0.0
1404	1403	2	0.0
1378	1376	2	0.0
1242	1240	2	0.0
1466	1459	2	0.0
1322	1320	2	0.0
1288	1284	2	0.0
1421	1416	2	0.0
1357	1355	2	0.0
1405	1403	2	0.0
1486	1478	2	0.0
1434	1432	2	0.0
1243	1240	2	0.0
1222	1219	2	0.0
1265	1262	2	0.0
1369	1358	2	0.0
1462	1460	2	0.0
1378	1377	2	0.0
1323	1320	2	0.0
1289	1284	2	0.0
1406	1403	2	0.0
1422	1416	2	0.0
1357	1356	2	0.0
1487	1478	2	0.0
1463	1460	2	0.0
1324	1320	2	0.0
1244	1240	2	0.0
1435	1432	2	0.0
1365	1359	2	0.0
1266	1262	2	0.0
1407	1403	2	0.0
1223	1219	2	0.0
1379	1377	2	0.0
1286	1285	2	0.0
1358	1349	2	0.0
1325	1320	2	0.0
1464	1460	2	0.0
1418	1417	2	0.0
1245	1240	2	0.0
1436	1432	2	0.0
1267	1262	2	0.0
1488	1478	2	0.0
1408	1403	2	0.0
1221	1220	2	0.0
1366	1359	2	0.0
1287	1285	2	0.0
1359	1349	2	0.0
1380	1377	2	0.0
1465	1460	2	0.0
1322	1321	2	0.0
1419	1417	2	0.0
1437	1432	2	0.0
1409	1403	2	0.0
1483	1479	2	0.0
1242	1241	2	0.0
1367	1359	2	0.0
1360	1349	2	0.0
1323	1321	2	0.0
1222	1220	2	0.0
1288	1285	2	0.0
1466	1460	2	0.0
1268	1262	2	0.0
1438	1432	2	0.0
1381	1377	2	0.0
1405	1404	2	0.0
1419	1418	2	0.0
1243	1241	2	0.0
1484	1479	2	0.0
1324	1321	2	0.0
1289	1285	2	0.0
1361	1349	2	0.0
1462	1461	2	0.0
1264	1263	2	0.0
1223	1220	2	0.0
1406	1404	2	0.0
1368	1359	2	0.0
1434	1433	2	0.0
1244	1241	2	0.0
1325	1321	2	0.0
1379	1378	2	0.0
1420	1417	2	0.0
1287	1286	2	0.0
1485	1479	2	0.0
1362	1349	2	0.0
1435	1433	2	0.0
1407	1404	2	0.0
1323	1322	2	0.0
1245	1241	2	0.0
1463	1461	2	0.0
1222	1221	2	0.0
1265	1263	2	0.0
1288	1286	2	0.0
1369	1359	2	0.0
1436	1433	2	0.0
1363	1349	2	0.0
1486	1479	2	0.0
1421	1417	2	0.0
1408	1404	2	0.0
1324	1322	2	0.0
1380	1378	2	0.0
1243	1242	2	0.0
1266	1263	2	0.0
1437	1433	2	0.0
1365	1360	2	0.0
1464	1461	2	0.0
1289	1286	2	0.0
1223	1221	2	0.0
1364	1349	2	0.0
1409	1404	2	0.0
1325	1322	2	0.0
1422	1417	2	0.0
1487	1479	2	0.0
1244	1242	2	0.0
1381	1378	2	0.0
1267	1263	2	0.0
1438	1433	2	0.0
1288	1287	2	0.0
1465	1461	2	0.0
1406	1405	2	0.0
1324	1323	2	0.0
1358	1350	2	0.0
1223	1222	2	0.0
1366	1360	2	0.0
1245	1242	2	0.0
1420	1418	2	0.0
1488	1479	2	0.0
1289	1287	2	0.0
1268	1263	2	0.0
1435	1434	2	0.0
1466	1461	2	0.0
1380	1379	2	0.0
1325	1323	2	0.0
1407	1405	2	0.0
1359	1350	2	0.0
1224	1219	2	0.0
1367	1360	2	0.0
1436	1434	2	0.0
1289	1288	2	0.0
1244	1243	2	0.0
1265	1264	2	0.0
1408	1405	2	0.0
1325	1324	2	0.0
1483	1480	2	0.0
1421	1418	2	0.0
1463	1462	2	0.0
1437	1434	2	0.0
1368	1360	2	0.0
1360	1350	2	0.0
1381	1379	2	0.0
1224	1220	2	0.0
1290	1286	2	0.0
1327	1326	2	0.0
1409	1405	2	0.0
1266	1264	2	0.0
1245	1243	2	0.0
1464	1462	2	0.0
1438	1434	2	0.0
1422	1418	2	0.0
1484	1480	2	0.0
1224	1221	2	0.0
1369	1360	2	0.0
1361	1350	2	0.0
1291	1286	2	0.0
1407	1406	2	0.0
1245	1244	2	0.0
1381	1380	2	0.0
1436	1435	2	0.0
1465	1462	2	0.0
1292	1286	2	0.0
1224	1222	2	0.0
1267	1264	2	0.0
1408	1406	2	0.0
1485	1480	2	0.0
1420	1419	2	0.0
1362	1350	2	0.0
1246	1239	2	0.0
1365	1361	2	0.0
1382	1379	2	0.0
1437	1435	2	0.0
1224	1223	2	0.0
1466	1462	2	0.0
1409	1406	2	0.0
1290	1287	2	0.0
1363	1350	2	0.0
1438	1435	2	0.0
1268	1264	2	0.0
1247	1239	2	0.0
1486	1480	2	0.0
1421	1419	2	0.0
1366	1361	2	0.0
1383	1379	2	0.0
1225	1224	2	0.0
1291	1287	2	0.0
1408	1407	2	0.0
1364	1350	2	0.0
1437	1436	2	0.0
1248	1239	2	0.0
1464	1463	2	0.0
1266	1265	2	0.0
1226	1225	2	0.0
1292	1287	2	0.0
1409	1407	2	0.0
1487	1480	2	0.0
1422	1419	2	0.0
1367	1361	2	0.0
1382	1380	2	0.0
1358	1351	2	0.0
1438	1436	2	0.0
1249	1239	2	0.0
1409	1408	2	0.0
1227	1225	2	0.0
1267	1265	2	0.0
1290	1288	2	0.0
1465	1463	2	0.0
1410	1403	2	0.0
1368	1361	2	0.0
1421	1420	2	0.0
1227	1226	2	0.0
1438	1437	2	0.0
1359	1351	2	0.0
1246	1240	2	0.0
1488	1480	2	0.0
1383	1380	2	0.0
1291	1288	2	0.0
1268	1265	2	0.0
1466	1463	2	0.0
1411	1403	2	0.0
1228	1226	2	0.0
1439	1434	2	0.0
1369	1361	2	0.0
1360	1351	2	0.0
1422	1420	2	0.0
1247	1240	2	0.0
1292	1288	2	0.0
1483	1481	2	0.0
1465	1464	2	0.0
1412	1403	2	0.0
1440	1434	2	0.0
1267	1266	2	0.0
1229	1226	2	0.0
1290	1289	2	0.0
1361	1351	2	0.0
1382	1381	2	0.0
1365	1362	2	0.0
1248	1240	2	0.0
1422	1421	2	0.0
1466	1464	2	0.0
1413	1403	2	0.0
1439	1435	2	0.0
1228	1227	2	0.0
1268	1266	2	0.0
1484	1481	2	0.0
1362	1351	2	0.0
1249	1240	2	0.0
1291	1289	2	0.0
1440	1435	2	0.0
1414	1403	2	0.0
1366	1362	2	0.0
1229	1227	2	0.0
1423	1420	2	0.0
1466	1465	2	0.0
1383	1381	2	0.0
1268	1267	2	0.0
1363	1351	2	0.0
1485	1481	2	0.0
1410	1404	2	0.0
1439	1436	2	0.0
1292	1289	2	0.0
1367	1362	2	0.0
1467	1462	2	0.0
1411	1404	2	0.0
1424	1420	2	0.0
1440	1436	2	0.0
1364	1351	2	0.0
1269	1264	2	0.0
1291	1290	2	0.0
1368	1362	2	0.0
1468	1462	2	0.0
1383	1382	2	0.0
1439	1437	2	0.0
1412	1404	2	0.0
1486	1481	2	0.0
1270	1264	2	0.0
1358	1352	2	0.0
1292	1290	2	0.0
1425	1420	2	0.0
1369	1362	2	0.0
1413	1404	2	0.0
1440	1437	2	0.0
1384	1382	2	0.0
1271	1264	2	0.0
1292	1291	2	0.0
1359	1352	2	0.0
1414	1404	2	0.0
1487	1481	2	0.0
1469	1462	2	0.0
1365	1363	2	0.0
1423	1421	2	0.0
1439	1438	2	0.0
1293	1290	2	0.0
1366	1363	2	0.0
1269	1265	2	0.0
1360	1352	2	0.0
1470	1462	2	0.0
1440	1438	2	0.0
1424	1421	2	0.0
1385	1382	2	0.0
1488	1481	2	0.0
1367	1363	2	0.0
1270	1265	2	0.0
1471	1462	2	0.0
1440	1439	2	0.0
1361	1352	2	0.0
1483	1482	2	0.0
1425	1421	2	0.0
1472	1462	2	0.0
1386	1382	2	0.0
1271	1265	2	0.0
1441	1439	2	0.0
1368	1363	2	0.0
1362	1352	2	0.0
1484	1482	2	0.0
1423	1422	2	0.0
1467	1463	2	0.0
1269	1266	2	0.0
1442	1439	2	0.0
1387	1382	2	0.0
1369	1363	2	0.0
1468	1463	2	0.0
1424	1422	2	0.0
1443	1439	2	0.0
1469	1463	2	0.0
1388	1382	2	0.0
1441	1440	2	0.0
1365	1364	2	0.0
1425	1422	2	0.0
1470	1463	2	0.0
1485	1482	2	0.0
1384	1383	2	0.0
1442	1440	2	0.0
1366	1364	2	0.0
1471	1463	2	0.0
1424	1423	2	0.0
1443	1440	2	0.0
1486	1482	2	0.0
1367	1364	2	0.0
1472	1463	2	0.0
1385	1383	2	0.0
1442	1441	2	0.0
1467	1464	2	0.0
1425	1423	2	0.0
1487	1482	2	0.0
1368	1364	2	0.0
1386	1383	2	0.0
1443	1441	2	0.0
1468	1464	2	0.0
1443	1442	2	0.0
1488	1482	2	0.0
1425	1424	2	0.0
1469	1464	2	0.0
1369	1364	2	0.0
1387	1383	2	0.0
1444	1441	2	0.0
1470	1464	2	0.0
1484	1483	2	0.0
1426	1423	2	0.0
1366	1365	2	0.0
1471	1464	2	0.0
1388	1383	2	0.0
1472	1464	2	0.0
1385	1384	2	0.0
1485	1483	2	0.0
1427	1423	2	0.0
1367	1365	2	0.0
1467	1465	2	0.0
1368	1365	2	0.0
1468	1465	2	0.0
1428	1423	2	0.0
1486	1483	2	0.0
1386	1384	2	0.0
1469	1465	2	0.0
1369	1365	2	0.0
1429	1423	2	0.0
1487	1483	2	0.0
1470	1465	2	0.0
1387	1384	2	0.0
1367	1366	2	0.0
1471	1465	2	0.0
1430	1423	2	0.0
1488	1483	2	0.0
1388	1384	2	0.0
1472	1465	2	0.0
1386	1385	2	0.0
1485	1484	2	0.0
1368	1366	2	0.0
1467	1466	2	0.0
1431	1423	2	0.0
1387	1385	2	0.0
1369	1366	2	0.0
1468	1466	2	0.0
1432	1423	2	0.0
1486	1484	2	0.0
1388	1385	2	0.0
1469	1466	2	0.0
1470	1466	2	0.0
1387	1386	2	0.0
1433	1423	2	0.0
1487	1484	2	0.0
1388	1386	2	0.0
1426	1424	2	0.0
1488	1484	2	0.0
1388	1387	2	0.0
1486	1485	2	0.0
1427	1424	2	0.0
1389	1384	2	0.0
1428	1424	2	0.0
1487	1485	2	0.0
1390	1384	2	0.0
1429	1424	2	0.0
1488	1485	2	0.0
1391	1384	2	0.0
1487	1486	2	0.0
1430	1424	2	0.0
1392	1384	2	0.0
1431	1424	2	0.0
1393	1384	2	0.0
1488	1486	2	0.0
1432	1424	2	0.0
1394	1384	2	0.0
1488	1487	2	0.0
1433	1424	2	0.0
1389	1385	2	0.0
1426	1425	2	0.0
1489	1483	2	0.0
1390	1385	2	0.0
1490	1483	2	0.0
1427	1425	2	0.0
1391	1385	2	0.0
1392	1385	2	0.0
1428	1425	2	0.0
1491	1483	2	0.0
1393	1385	2	0.0
1492	1483	2	0.0
1429	1425	2	0.0
1394	1385	2	0.0
1493	1483	2	0.0
1430	1425	2	0.0
1389	1386	2	0.0
1489	1484	2	0.0
1431	1425	2	0.0
1390	1386	2	0.0
1490	1484	2	0.0
1432	1425	2	0.0
1391	1386	2	0.0
1392	1386	2	0.0
1491	1484	2	0.0
1492	1484	2	0.0
1493	1484	2	0.0
1489	1485	2	0.0
1490	1485	2	0.0
1491	1485	2	0.0
1184	1197	0	0.0
1183	1197	0	0.0
1183	1198	0	0.0
1184	1198	0	0.0
1186	1199	0	0.0
1186	1200	0	0.0
1188	1199	0	0.0
1188	1200	0	0.0
1186	1201	0	0.0
1188	1201	0	0.0
1189	1199	0	0.0
1189	1200	0	0.0
1189	1201	0	0.0
1185	1197	0	0.0
1185	1198	0	0.0
1193	1202	0	0.0
1193	1203	0	0.0
1193	1204	0	0.0
1193	1205	0	0.0
1193	1206	0	0.0
1200	1211	0	0.0
1191	1202	0	0.0
1191	1203	0	0.0
1194	1202	0	0.0
1191	1204	0	0.0
1197	1207	0	0.0
1194	1203	0	0.0
1191	1205	0	0.0
1197	1208	0	0.0
1191	1206	0	0.0
1194	1204	0	0.0
1197	1209	0	0.0
1197	1210	0	0.0
1194	1205	0	0.0
1194	1206	0	0.0
1190	1199	0	0.0
1190	1200	0	0.0
1187	1199	0	0.0
1190	1201	0	0.0
1187	1200	0	0.0
1187	1201	0	0.0
1192	1202	0	0.0
1227	1232	0	0.0
1192	1203	0	0.0
1232	1249	0	0.0
1192	1204	0	0.0
1192	1205	0	0.0
1192	1206	0	0.0
1195	1202	0	0.0
1216	1225	0	0.0
1195	1203	0	0.0
1195	1204	0	0.0
1228	1233	0	0.0
1195	1205	0	0.0
1228	1234	0	0.0
1195	1206	0	0.0
1228	1235	0	0.0
1228	1236	0	0.0
1228	1237	0	0.0
1199	1211	0	0.0
1232	1246	0	0.0
1201	1211	0	0.0
1232	1247	0	0.0
1228	1238	0	0.0
1219	1226	0	0.0
1233	1250	0	0.0
1232	1248	0	0.0
1219	1227	0	0.0
1233	1251	0	0.0
1212	1219	0	0.0
1234	1250	0	0.0
1220	1226	0	0.0
1212	1220	0	0.0
1235	1251	0	0.0
1220	1227	0	0.0
1234	1251	0	0.0
1212	1221	0	0.0
1212	1222	0	0.0
1198	1207	0	0.0
1212	1223	0	0.0
1198	1208	0	0.0
1217	1225	0	0.0
1221	1226	0	0.0
1198	1209	0	0.0
1221	1227	0	0.0
1198	1210	0	0.0
1237	1250	0	0.0
1213	1219	0	0.0
1237	1251	0	0.0
1213	1220	0	0.0
1229	1233	0	0.0
1213	1221	0	0.0
1238	1250	0	0.0
1229	1234	0	0.0
1236	1250	0	0.0
1222	1226	0	0.0
1229	1235	0	0.0
1196	1202	0	0.0
1213	1222	0	0.0
1238	1251	0	0.0
1222	1227	0	0.0
1236	1251	0	0.0
1229	1236	0	0.0
1196	1203	0	0.0
1213	1223	0	0.0
1229	1237	0	0.0
1196	1204	0	0.0
1229	1238	0	0.0
1196	1205	0	0.0
1196	1206	0	0.0
1214	1219	0	0.0
1223	1226	0	0.0
1214	1220	0	0.0
1223	1227	0	0.0
1239	1252	0	0.0
1214	1221	0	0.0
1214	1222	0	0.0
1239	1253	0	0.0
1214	1223	0	0.0
1239	1254	0	0.0
1241	1252	0	0.0
1241	1253	0	0.0
1241	1254	0	0.0
1224	1228	0	0.0
1224	1229	0	0.0
1243	1252	0	0.0
1218	1225	0	0.0
1215	1224	0	0.0
1243	1253	0	0.0
1225	1230	0	0.0
1245	1252	0	0.0
1243	1254	0	0.0
1225	1231	0	0.0
1235	1250	0	0.0
1245	1253	0	0.0
1245	1254	0	0.0
1230	1239	0	0.0
1230	1240	0	0.0
1230	1241	0	0.0
1230	1242	0	0.0
1249	1255	0	0.0
1230	1243	0	0.0
1249	1256	0	0.0
1230	1244	0	0.0
1230	1245	0	0.0
1249	1257	0	0.0
1226	1232	0	0.0
1262	1272	0	0.0
1255	1262	0	0.0
1262	1273	0	0.0
1255	1263	0	0.0
1231	1239	0	0.0
1266	1278	0	0.0
1231	1240	0	0.0
1231	1241	0	0.0
1231	1242	0	0.0
1246	1255	0	0.0
1231	1243	0	0.0
1246	1256	0	0.0
1231	1244	0	0.0
1246	1257	0	0.0
1231	1245	0	0.0
1260	1269	0	0.0
1266	1274	0	0.0
1260	1270	0	0.0
1266	1275	0	0.0
1263	1272	0	0.0
1266	1276	0	0.0
1260	1271	0	0.0
1263	1273	0	0.0
1266	1277	0	0.0
1252	1260	0	0.0
1252	1261	0	0.0
1284	1293	0	0.0
1256	1262	0	0.0
1242	1252	0	0.0
1256	1263	0	0.0
1242	1253	0	0.0
1242	1254	0	0.0
1240	1252	0	0.0
1240	1253	0	0.0
1269	1279	0	0.0
1267	1274	0	0.0
1240	1254	0	0.0
1267	1275	0	0.0
1269	1280	0	0.0
1267	1276	0	0.0
1267	1277	0	0.0
1269	1281	0	0.0
1267	1278	0	0.0
1261	1269	0	0.0
1250	1258	0	0.0
1261	1270	0	0.0
1250	1259	0	0.0
1261	1271	0	0.0
1316	1322	0	0.0
1264	1274	0	0.0
1316	1323	0	0.0
1244	1252	0	0.0
1247	1255	0	0.0
1253	1260	0	0.0
1264	1275	0	0.0
1244	1253	0	0.0
1316	1324	0	0.0
1253	1261	0	0.0
1244	1254	0	0.0
1247	1256	0	0.0
1264	1276	0	0.0
1316	1325	0	0.0
1247	1257	0	0.0
1257	1262	0	0.0
1264	1277	0	0.0
1285	1293	0	0.0
1257	1263	0	0.0
1264	1278	0	0.0
1282	1293	0	0.0
1268	1274	0	0.0
1268	1275	0	0.0
1268	1276	0	0.0
1349	1371	0	0.0
1268	1277	0	0.0
1268	1278	0	0.0
1349	1372	0	0.0
1307	1312	0	0.0
1308	1312	0	0.0
1309	1312	0	0.0
1270	1279	0	0.0
1351	1370	0	0.0
1351	1371	0	0.0
1270	1280	0	0.0
1254	1260	0	0.0
1349	1370	0	0.0
1351	1372	0	0.0
1354	1370	0	0.0
1270	1281	0	0.0
1254	1261	0	0.0
1354	1371	0	0.0
1352	1370	0	0.0
1354	1372	0	0.0
1352	1371	0	0.0
1251	1258	0	0.0
1283	1293	0	0.0
1352	1372	0	0.0
1258	1264	0	0.0
1356	1370	0	0.0
1251	1259	0	0.0
1310	1313	0	0.0
1258	1265	0	0.0
1356	1371	0	0.0
1353	1370	0	0.0
1356	1372	0	0.0
1258	1266	0	0.0
1357	1370	0	0.0
1258	1267	0	0.0
1357	1371	0	0.0
1258	1268	0	0.0
1357	1372	0	0.0
1265	1274	0	0.0
1353	1371	0	0.0
1353	1372	0	0.0
1265	1275	0	0.0
1248	1255	0	0.0
1359	1375	0	0.0
1248	1256	0	0.0
1311	1314	0	0.0
1248	1257	0	0.0
1265	1276	0	0.0
1359	1376	0	0.0
1265	1277	0	0.0
1265	1278	0	0.0
1358	1373	0	0.0
1312	1315	0	0.0
1358	1374	0	0.0
1312	1316	0	0.0
1358	1375	0	0.0
1355	1370	0	0.0
1358	1376	0	0.0
1355	1371	0	0.0
1355	1372	0	0.0
1363	1373	0	0.0
1360	1373	0	0.0
1363	1374	0	0.0
1360	1374	0	0.0
1363	1375	0	0.0
1360	1375	0	0.0
1363	1376	0	0.0
1360	1376	0	0.0
1359	1373	0	0.0
1362	1373	0	0.0
1359	1374	0	0.0
1362	1374	0	0.0
1362	1375	0	0.0
1362	1376	0	0.0
1271	1279	0	0.0
1364	1373	0	0.0
1271	1280	0	0.0
1259	1264	0	0.0
1364	1374	0	0.0
1366	1377	0	0.0
1271	1281	0	0.0
1259	1265	0	0.0
1364	1375	0	0.0
1368	1377	0	0.0
1370	1381	0	0.0
1366	1378	0	0.0
1364	1376	0	0.0
1259	1266	0	0.0
1368	1378	0	0.0
1259	1267	0	0.0
1259	1268	0	0.0
1372	1379	0	0.0
1372	1380	0	0.0
1372	1381	0	0.0
1370	1379	0	0.0
1361	1373	0	0.0
1370	1380	0	0.0
1361	1374	0	0.0
1377	1387	0	0.0
1361	1375	0	0.0
1373	1382	0	0.0
1361	1376	0	0.0
1373	1383	0	0.0
1377	1388	0	0.0
1350	1370	0	0.0
1380	1389	0	0.0
1350	1371	0	0.0
1380	1390	0	0.0
1350	1372	0	0.0
1380	1391	0	0.0
1382	1395	0	0.0
1313	1317	0	0.0
1374	1382	0	0.0
1380	1392	0	0.0
1374	1383	0	0.0
1380	1393	0	0.0
1378	1384	0	0.0
1382	1396	0	0.0
1313	1318	0	0.0
1378	1385	0	0.0
1380	1394	0	0.0
1313	1319	0	0.0
1367	1377	0	0.0
1369	1377	0	0.0
1367	1378	0	0.0
1369	1378	0	0.0
1378	1386	0	0.0
1365	1377	0	0.0
1365	1378	0	0.0
1385	1397	0	0.0
1385	1398	0	0.0
1385	1399	0	0.0
1314	1320	0	0.0
1378	1387	0	0.0
1314	1321	0	0.0
1385	1400	0	0.0
1378	1388	0	0.0
1375	1382	0	0.0
1385	1401	0	0.0
1387	1397	0	0.0
1375	1383	0	0.0
1385	1402	0	0.0
1387	1398	0	0.0
1387	1399	0	0.0
1387	1400	0	0.0
1381	1389	0	0.0
1387	1401	0	0.0
1381	1390	0	0.0
1387	1402	0	0.0
1381	1391	0	0.0
1326	1332	0	0.0
1386	1397	0	0.0
1381	1392	0	0.0
1386	1398	0	0.0
1381	1393	0	0.0
1386	1399	0	0.0
1381	1394	0	0.0
1386	1400	0	0.0
1376	1382	0	0.0
1386	1401	0	0.0
1376	1383	0	0.0
1386	1402	0	0.0
1315	1322	0	0.0
1315	1323	0	0.0
1315	1324	0	0.0
1315	1325	0	0.0
1388	1397	0	0.0
1383	1395	0	0.0
1327	1332	0	0.0
1388	1398	0	0.0
1409	1418	0	0.0
1383	1396	0	0.0
1388	1399	0	0.0
1409	1419	0	0.0
1410	1421	0	0.0
1388	1400	0	0.0
1409	1416	0	0.0
1388	1401	0	0.0
1409	1417	0	0.0
1410	1422	0	0.0
1388	1402	0	0.0
1328	1333	0	0.0
1384	1397	0	0.0
1384	1398	0	0.0
1419	1426	0	0.0
1384	1399	0	0.0
1415	1423	0	0.0
1419	1427	0	0.0
1415	1424	0	0.0
1384	1400	0	0.0
1419	1428	0	0.0
1415	1425	0	0.0
1384	1401	0	0.0
1420	1434	0	0.0
1419	1429	0	0.0
1384	1402	0	0.0
1420	1435	0	0.0
1419	1430	0	0.0
1411	1420	0	0.0
1420	1436	0	0.0
1419	1431	0	0.0
1329	1333	0	0.0
1420	1437	0	0.0
1411	1421	0	0.0
1419	1432	0	0.0
1423	1439	0	0.0
1420	1438	0	0.0
1411	1422	0	0.0
1419	1433	0	0.0
1423	1440	0	0.0
1422	1434	0	0.0
1371	1379	0	0.0
1422	1435	0	0.0
1371	1380	0	0.0
1424	1439	0	0.0
1422	1436	0	0.0
1424	1440	0	0.0
1371	1381	0	0.0
1422	1437	0	0.0
1422	1438	0	0.0
1330	1334	0	0.0
1412	1420	0	0.0
1330	1335	0	0.0
1412	1421	0	0.0
1412	1422	0	0.0
1425	1439	0	0.0
1406	1416	0	0.0
1331	1334	0	0.0
1425	1440	0	0.0
1331	1335	0	0.0
1403	1416	0	0.0
1406	1417	0	0.0
1427	1441	0	0.0
1403	1417	0	0.0
1406	1418	0	0.0
1427	1442	0	0.0
1403	1418	0	0.0
1406	1419	0	0.0
1427	1443	0	0.0
1403	1419	0	0.0
1431	1441	0	0.0
1431	1442	0	0.0
1431	1443	0	0.0
1433	1441	0	0.0
1433	1442	0	0.0
1433	1443	0	0.0
1436	1444	0	0.0
1436	1445	0	0.0
1377	1384	0	0.0
1413	1420	0	0.0
1377	1385	0	0.0
1429	1441	0	0.0
1413	1421	0	0.0
1377	1386	0	0.0
1429	1442	0	0.0
1458	1467	0	0.0
1413	1422	0	0.0
1429	1443	0	0.0
1458	1468	0	0.0
1455	1462	0	0.0
1458	1469	0	0.0
1455	1463	0	0.0
1458	1470	0	0.0
1455	1464	0	0.0
1458	1471	0	0.0
1455	1465	0	0.0
1458	1472	0	0.0
1455	1466	0	0.0
1414	1420	0	0.0
1414	1421	0	0.0
1414	1422	0	0.0
1407	1416	0	0.0
1407	1417	0	0.0
1416	1426	0	0.0
1416	1427	0	0.0
1407	1418	0	0.0
1416	1428	0	0.0
1476	1489	0	0.0
1407	1419	0	0.0
1416	1429	0	0.0
1476	1490	0	0.0
1416	1430	0	0.0
1477	1489	0	0.0
1416	1431	0	0.0
1476	1491	0	0.0
1477	1490	0	0.0
1416	1432	0	0.0
1477	1491	0	0.0
1476	1492	0	0.0
1379	1389	0	0.0
1416	1433	0	0.0
1477	1492	0	0.0
1404	1416	0	0.0
1476	1493	0	0.0
1477	1493	0	0.0
1379	1390	0	0.0
1404	1417	0	0.0
1437	1444	0	0.0
1404	1418	0	0.0
1379	1391	0	0.0
1437	1445	0	0.0
1404	1419	0	0.0
1379	1392	0	0.0
1379	1393	0	0.0
1379	1394	0	0.0
1421	1434	0	0.0
1421	1435	0	0.0
1421	1436	0	0.0
1421	1437	0	0.0
1421	1438	0	0.0
1456	1462	0	0.0
1183	1199	0	0.0
1456	1463	0	0.0
1450	1459	0	0.0
1456	1464	0	0.0
1183	1200	0	0.0
1456	1465	0	0.0
1450	1460	0	0.0
1183	1201	0	0.0
1456	1466	0	0.0
1432	1441	0	0.0
1184	1184	0	0.0
1428	1441	0	0.0
1432	1442	0	0.0
1450	1461	0	0.0
1432	1443	0	0.0
1408	1416	0	0.0
1428	1442	0	0.0
1191	1191	0	0.0
1408	1417	0	0.0
1428	1443	0	0.0
1408	1418	0	0.0
1184	1199	0	0.0
1408	1419	0	0.0
1187	1187	0	0.0
1184	1200	0	0.0
1184	1201	0	0.0
1194	1194	0	0.0
1451	1459	0	0.0
1451	1460	0	0.0
1199	1183	0	0.0
1187	1202	0	0.0
1451	1461	0	0.0
1189	1202	0	0.0
1185	1185	0	0.0
1189	1203	0	0.0
1187	1203	0	0.0
1189	1204	0	0.0
1199	1184	0	0.0
1187	1204	0	0.0
1189	1205	0	0.0
1192	1192	0	0.0
1187	1205	0	0.0
1199	1185	0	0.0
1189	1206	0	0.0
1187	1206	0	0.0
1405	1416	0	0.0
1185	1199	0	0.0
1200	1185	0	0.0
1185	1200	0	0.0
1405	1417	0	0.0
1185	1201	0	0.0
1194	1208	0	0.0
1196	1196	0	0.0
1405	1418	0	0.0
1194	1209	0	0.0
1199	1199	0	0.0
1405	1419	0	0.0
1196	1207	0	0.0
1194	1210	0	0.0
1197	1197	0	0.0
1200	1200	0	0.0
1196	1208	0	0.0
1201	1183	0	0.0
1417	1426	0	0.0
1196	1209	0	0.0
1201	1184	0	0.0
1198	1198	0	0.0
1196	1210	0	0.0
1417	1427	0	0.0
1201	1185	0	0.0
1417	1428	0	0.0
1189	1189	0	0.0
1438	1444	0	0.0
1203	1203	0	0.0
1417	1429	0	0.0
1195	1195	0	0.0
1438	1445	0	0.0
1417	1430	0	0.0
1193	1193	0	0.0
1417	1431	0	0.0
1191	1207	0	0.0
1208	1208	0	0.0
1198	1211	0	0.0
1201	1201	0	0.0
1417	1432	0	0.0
1191	1208	0	0.0
1183	1183	0	0.0
1203	1186	0	0.0
1207	1207	0	0.0
1417	1433	0	0.0
1191	1209	0	0.0
1211	1211	0	0.0
1203	1187	0	0.0
1191	1210	0	0.0
1203	1188	0	0.0
1200	1183	0	0.0
1203	1189	0	0.0
1213	1224	0	0.0
1200	1184	0	0.0
1203	1190	0	0.0
1222	1222	0	0.0
1452	1459	0	0.0
1430	1441	0	0.0
1221	1229	0	0.0
1430	1442	0	0.0
1452	1460	0	0.0
1225	1215	0	0.0
1206	1206	0	0.0
1430	1443	0	0.0
1426	1441	0	0.0
1452	1461	0	0.0
1226	1233	0	0.0
1218	1218	0	0.0
1211	1197	0	0.0
1426	1442	0	0.0
1226	1234	0	0.0
1211	1198	0	0.0
1225	1225	0	0.0
1226	1235	0	0.0
1426	1443	0	0.0
1215	1215	0	0.0
1226	1236	0	0.0
1195	1207	0	0.0
1214	1214	0	0.0
1226	1237	0	0.0
1195	1208	0	0.0
1226	1238	0	0.0
1215	1225	0	0.0
1233	1233	0	0.0
1237	1226	0	0.0
1195	1209	0	0.0
1237	1227	0	0.0
1231	1224	0	0.0
1195	1210	0	0.0
1212	1212	0	0.0
1231	1248	0	0.0
1186	1186	0	0.0
1230	1230	0	0.0
1192	1207	0	0.0
1222	1228	0	0.0
1222	1229	0	0.0
1190	1190	0	0.0
1188	1188	0	0.0
1239	1239	0	0.0
1192	1208	0	0.0
1231	1249	0	0.0
1193	1207	0	0.0
1231	1231	0	0.0
1214	1224	0	0.0
1204	1186	0	0.0
1235	1226	0	0.0
1192	1209	0	0.0
1193	1208	0	0.0
1204	1187	0	0.0
1232	1232	0	0.0
1235	1227	0	0.0
1237	1237	0	0.0
1192	1210	0	0.0
1193	1209	0	0.0
1204	1188	0	0.0
1209	1191	0	0.0
1216	1216	0	0.0
1223	1223	0	0.0
1197	1211	0	0.0
1190	1202	0	0.0
1227	1227	0	0.0
1193	1210	0	0.0
1204	1189	0	0.0
1209	1192	0	0.0
1212	1224	0	0.0
1190	1203	0	0.0
1453	1459	0	0.0
1204	1190	0	0.0
1209	1193	0	0.0
1188	1202	0	0.0
1190	1204	0	0.0
1453	1460	0	0.0
1227	1233	0	0.0
1209	1194	0	0.0
1188	1203	0	0.0
1190	1205	0	0.0
1216	1226	0	0.0
1453	1461	0	0.0
1243	1243	0	0.0
1235	1235	0	0.0
1209	1195	0	0.0
1227	1234	0	0.0
1186	1202	0	0.0
1188	1204	0	0.0
1190	1206	0	0.0
1216	1227	0	0.0
1230	1246	0	0.0
1457	1467	0	0.0
1186	1203	0	0.0
1248	1248	0	0.0
1209	1196	0	0.0
1418	1426	0	0.0
1188	1205	0	0.0
1227	1235	0	0.0
1224	1212	0	0.0
1230	1247	0	0.0
1235	1252	0	0.0
1186	1204	0	0.0
1457	1468	0	0.0
1232	1250	0	0.0
1223	1228	0	0.0
1418	1427	0	0.0
1188	1206	0	0.0
1224	1213	0	0.0
1230	1248	0	0.0
1235	1253	0	0.0
1227	1236	0	0.0
1418	1428	0	0.0
1223	1229	0	0.0
1234	1234	0	0.0
1186	1205	0	0.0
1232	1251	0	0.0
1457	1469	0	0.0
1230	1249	0	0.0
1224	1214	0	0.0
1235	1254	0	0.0
1208	1191	0	0.0
1236	1252	0	0.0
1227	1237	0	0.0
1186	1206	0	0.0
1240	1228	0	0.0
1418	1429	0	0.0
1204	1204	0	0.0
1234	1226	0	0.0
1457	1470	0	0.0
1248	1230	0	0.0
1208	1192	0	0.0
1454	1459	0	0.0
1249	1249	0	0.0
1236	1253	0	0.0
1418	1430	0	0.0
1234	1227	0	0.0
1240	1229	0	0.0
1227	1238	0	0.0
1248	1231	0	0.0
1457	1471	0	0.0
1208	1193	0	0.0
1454	1460	0	0.0
1247	1247	0	0.0
1230	1224	0	0.0
1418	1431	0	0.0
1236	1254	0	0.0
1208	1194	0	0.0
1457	1472	0	0.0
1224	1224	0	0.0
1234	1252	0	0.0
1454	1461	0	0.0
1244	1228	0	0.0
1208	1195	0	0.0
1247	1230	0	0.0
1418	1432	0	0.0
1238	1226	0	0.0
1234	1253	0	0.0
1244	1229	0	0.0
1250	1250	0	0.0
1217	1217	0	0.0
1234	1254	0	0.0
1209	1209	0	0.0
1238	1227	0	0.0
1236	1236	0	0.0
1249	1230	0	0.0
1418	1433	0	0.0
1244	1255	0	0.0
1249	1231	0	0.0
1244	1256	0	0.0
1194	1207	0	0.0
1208	1196	0	0.0
1244	1257	0	0.0
1240	1240	0	0.0
1253	1253	0	0.0
1247	1231	0	0.0
1251	1232	0	0.0
1253	1238	0	0.0
1410	1420	0	0.0
1224	1230	0	0.0
1210	1191	0	0.0
1205	1186	0	0.0
1248	1258	0	0.0
1238	1238	0	0.0
1224	1231	0	0.0
1237	1252	0	0.0
1255	1242	0	0.0
1210	1192	0	0.0
1205	1187	0	0.0
1248	1259	0	0.0
1233	1252	0	0.0
1226	1216	0	0.0
1255	1243	0	0.0
1237	1253	0	0.0
1252	1233	0	0.0
1233	1253	0	0.0
1226	1217	0	0.0
1244	1244	0	0.0
1255	1244	0	0.0
1205	1188	0	0.0
1210	1193	0	0.0
1240	1255	0	0.0
1237	1254	0	0.0
1252	1234	0	0.0
1226	1218	0	0.0
1233	1254	0	0.0
1255	1245	0	0.0
1205	1189	0	0.0
1210	1194	0	0.0
1217	1226	0	0.0
1238	1252	0	0.0
1252	1235	0	0.0
1246	1230	0	0.0
1240	1256	0	0.0
1256	1267	0	0.0
1205	1190	0	0.0
1217	1227	0	0.0
1238	1253	0	0.0
1251	1251	0	0.0
1210	1195	0	0.0
1246	1231	0	0.0
1226	1226	0	0.0
1240	1257	0	0.0
1473	1476	0	0.0
1252	1236	0	0.0
1256	1268	0	0.0
1258	1258	0	0.0
1238	1254	0	0.0
1260	1250	0	0.0
1252	1237	0	0.0
1210	1196	0	0.0
1242	1242	0	0.0
1255	1255	0	0.0
1260	1251	0	0.0
1252	1238	0	0.0
1260	1272	0	0.0
1473	1477	0	0.0
1231	1246	0	0.0
1260	1273	0	0.0
1231	1247	0	0.0
1267	1256	0	0.0
1260	1260	0	0.0
1267	1255	0	0.0
1228	1228	0	0.0
1267	1257	0	0.0
1252	1252	0	0.0
1253	1262	0	0.0
1259	1269	0	0.0
1249	1258	0	0.0
1269	1258	0	0.0
1227	1216	0	0.0
1251	1260	0	0.0
1245	1228	0	0.0
1259	1270	0	0.0
1249	1259	0	0.0
1251	1261	0	0.0
1253	1263	0	0.0
1246	1246	0	0.0
1434	1444	0	0.0
1236	1226	0	0.0
1227	1217	0	0.0
1242	1255	0	0.0
1245	1229	0	0.0
1254	1233	0	0.0
1269	1259	0	0.0
1245	1245	0	0.0
1259	1246	0	0.0
1434	1445	0	0.0
1236	1227	0	0.0
1227	1218	0	0.0
1242	1256	0	0.0
1254	1234	0	0.0
1256	1239	0	0.0
1205	1205	0	0.0
1474	1478	0	0.0
1259	1247	0	0.0
1254	1235	0	0.0
1256	1240	0	0.0
1242	1257	0	0.0
1474	1479	0	0.0
1254	1236	0	0.0
1256	1241	0	0.0
1259	1248	0	0.0
1256	1256	0	0.0
1267	1279	0	0.0
1474	1480	0	0.0
1254	1237	0	0.0
1256	1242	0	0.0
1259	1249	0	0.0
1245	1255	0	0.0
1267	1280	0	0.0
1210	1210	0	0.0
1256	1243	0	0.0
1254	1238	0	0.0
1219	1219	0	0.0
1228	1239	0	0.0
1245	1256	0	0.0
1218	1226	0	0.0
1256	1244	0	0.0
1267	1281	0	0.0
1202	1202	0	0.0
1246	1258	0	0.0
1265	1279	0	0.0
1256	1245	0	0.0
1218	1227	0	0.0
1245	1257	0	0.0
1228	1240	0	0.0
1269	1269	0	0.0
1272	1260	0	0.0
1256	1264	0	0.0
1265	1280	0	0.0
1275	1262	0	0.0
1228	1241	0	0.0
1272	1261	0	0.0
1280	1266	0	0.0
1265	1281	0	0.0
1275	1275	0	0.0
1256	1265	0	0.0
1241	1228	0	0.0
1275	1263	0	0.0
1228	1242	0	0.0
1280	1267	0	0.0
1263	1263	0	0.0
1256	1266	0	0.0
1254	1254	0	0.0
1241	1229	0	0.0
1228	1243	0	0.0
1276	1262	0	0.0
1239	1255	0	0.0
1280	1268	0	0.0
1270	1270	0	0.0
1228	1244	0	0.0
1276	1263	0	0.0
1239	1256	0	0.0
1228	1245	0	0.0
1239	1257	0	0.0
1232	1225	0	0.0
1263	1274	0	0.0
1261	1250	0	0.0
1250	1232	0	0.0
1290	1290	0	0.0
1263	1275	0	0.0
1291	1291	0	0.0
1261	1251	0	0.0
1220	1220	0	0.0
1263	1276	0	0.0
1233	1226	0	0.0
1263	1277	0	0.0
1276	1276	0	0.0
1302	1302	0	0.0
1263	1278	0	0.0
1283	1283	0	0.0
1270	1258	0	0.0
1233	1227	0	0.0
1280	1280	0	0.0
1270	1259	0	0.0
1241	1241	0	0.0
1259	1271	0	0.0
1271	1271	0	0.0
1273	1273	0	0.0
1295	1295	0	0.0
1262	1252	0	0.0
1261	1261	0	0.0
1246	1259	0	0.0
1281	1264	0	0.0
1213	1213	0	0.0
1272	1272	0	0.0
1262	1253	0	0.0
1281	1265	0	0.0
1253	1233	0	0.0
1474	1481	0	0.0
1262	1254	0	0.0
1281	1266	0	0.0
1267	1267	0	0.0
1313	1313	0	0.0
1257	1257	0	0.0
1474	1482	0	0.0
1253	1234	0	0.0
1277	1262	0	0.0
1281	1267	0	0.0
1312	1312	0	0.0
1253	1235	0	0.0
1206	1186	0	0.0
1259	1259	0	0.0
1221	1221	0	0.0
1277	1263	0	0.0
1281	1268	0	0.0
1253	1236	0	0.0
1316	1316	0	0.0
1296	1296	0	0.0
1262	1262	0	0.0
1206	1187	0	0.0
1257	1264	0	0.0
1475	1483	0	0.0
1253	1237	0	0.0
1225	1232	0	0.0
1475	1484	0	0.0
1206	1188	0	0.0
1257	1265	0	0.0
1297	1297	0	0.0
1228	1219	0	0.0
1206	1189	0	0.0
1475	1485	0	0.0
1303	1303	0	0.0
1257	1266	0	0.0
1312	1317	0	0.0
1228	1220	0	0.0
1323	1323	0	0.0
1206	1190	0	0.0
1475	1486	0	0.0
1257	1267	0	0.0
1228	1221	0	0.0
1242	1228	0	0.0
1312	1318	0	0.0
1257	1268	0	0.0
1320	1313	0	0.0
1228	1222	0	0.0
1330	1330	0	0.0
1475	1487	0	0.0
1242	1229	0	0.0
1312	1319	0	0.0
1228	1223	0	0.0
1261	1272	0	0.0
1254	1262	0	0.0
1475	1488	0	0.0
1318	1318	0	0.0
1277	1277	0	0.0
1261	1273	0	0.0
1254	1263	0	0.0
1314	1310	0	0.0
1268	1255	0	0.0
1324	1314	0	0.0
1327	1327	0	0.0
1320	1320	0	0.0
1258	1246	0	0.0
1268	1256	0	0.0
1349	1373	0	0.0
1219	1228	0	0.0
1349	1374	0	0.0
1271	1258	0	0.0
1219	1229	0	0.0
1281	1281	0	0.0
1314	1314	0	0.0
1268	1257	0	0.0
1258	1247	0	0.0
1327	1333	0	0.0
1349	1375	0	0.0
1350	1373	0	0.0
1271	1259	0	0.0
1258	1248	0	0.0
1349	1376	0	0.0
1350	1374	0	0.0
1263	1252	0	0.0
1258	1249	0	0.0
1350	1375	0	0.0
1292	1292	0	0.0
1263	1253	0	0.0
1324	1324	0	0.0
1279	1264	0	0.0
1350	1376	0	0.0
1273	1260	0	0.0
1229	1219	0	0.0
1263	1254	0	0.0
1279	1265	0	0.0
1273	1261	0	0.0
1321	1313	0	0.0
1278	1262	0	0.0
1207	1191	0	0.0
1331	1331	0	0.0
1229	1220	0	0.0
1304	1304	0	0.0
1368	1368	0	0.0
1352	1373	0	0.0
1278	1263	0	0.0
1279	1266	0	0.0
1366	1366	0	0.0
1284	1284	0	0.0
1207	1192	0	0.0
1328	1328	0	0.0
1313	1320	0	0.0
1229	1221	0	0.0
1325	1314	0	0.0
1279	1267	0	0.0
1349	1349	0	0.0
1268	1268	0	0.0
1352	1374	0	0.0
1247	1258	0	0.0
1207	1193	0	0.0
1229	1222	0	0.0
1313	1321	0	0.0
1279	1268	0	0.0
1352	1375	0	0.0
1247	1259	0	0.0
1207	1194	0	0.0
1229	1223	0	0.0
1220	1228	0	0.0
1315	1311	0	0.0
1321	1321	0	0.0
1352	1376	0	0.0
1328	1334	0	0.0
1207	1195	0	0.0
1220	1229	0	0.0
1351	1351	0	0.0
1317	1317	0	0.0
1328	1335	0	0.0
1264	1264	0	0.0
1315	1315	0	0.0
1353	1373	0	0.0
1207	1196	0	0.0
1322	1314	0	0.0
1229	1229	0	0.0
1353	1374	0	0.0
1262	1274	0	0.0
1325	1325	0	0.0
1353	1375	0	0.0
1279	1279	0	0.0
1278	1278	0	0.0
1262	1275	0	0.0
1332	1332	0	0.0
1354	1373	0	0.0
1322	1322	0	0.0
1353	1376	0	0.0
1282	1282	0	0.0
1285	1285	0	0.0
1354	1374	0	0.0
1262	1276	0	0.0
1356	1374	0	0.0
1264	1255	0	0.0
1319	1319	0	0.0
1243	1228	0	0.0
1329	1329	0	0.0
1354	1375	0	0.0
1369	1369	0	0.0
1351	1373	0	0.0
1262	1277	0	0.0
1280	1264	0	0.0
1305	1305	0	0.0
1323	1314	0	0.0
1356	1375	0	0.0
1350	1350	0	0.0
1264	1256	0	0.0
1355	1373	0	0.0
1354	1376	0	0.0
1351	1374	0	0.0
1262	1278	0	0.0
1243	1229	0	0.0
1356	1376	0	0.0
1241	1255	0	0.0
1264	1257	0	0.0
1280	1265	0	0.0
1355	1374	0	0.0
1241	1256	0	0.0
1329	1334	0	0.0
1355	1375	0	0.0
1316	1311	0	0.0
1351	1375	0	0.0
1221	1228	0	0.0
1241	1257	0	0.0
1352	1352	0	0.0
1329	1335	0	0.0
1355	1376	0	0.0
1202	1186	0	0.0
1351	1376	0	0.0
1243	1255	0	0.0
1202	1187	0	0.0
1243	1256	0	0.0
1202	1188	0	0.0
1358	1377	0	0.0
1243	1257	0	0.0
1202	1189	0	0.0
1358	1378	0	0.0
1359	1359	0	0.0
1202	1190	0	0.0
1286	1286	0	0.0
1365	1365	0	0.0
1268	1279	0	0.0
1268	1280	0	0.0
1268	1281	0	0.0
1357	1357	0	0.0
1258	1269	0	0.0
1371	1371	0	0.0
1333	1326	0	0.0
1314	1322	0	0.0
1293	1293	0	0.0
1306	1306	0	0.0
1333	1327	0	0.0
1367	1367	0	0.0
1353	1353	0	0.0
1359	1377	0	0.0
1372	1372	0	0.0
1357	1373	0	0.0
1287	1287	0	0.0
1359	1378	0	0.0
1265	1255	0	0.0
1357	1374	0	0.0
1360	1360	0	0.0
1333	1333	0	0.0
1364	1377	0	0.0
1363	1363	0	0.0
1265	1256	0	0.0
1357	1375	0	0.0
1314	1323	0	0.0
1364	1378	0	0.0
1265	1257	0	0.0
1258	1270	0	0.0
1357	1376	0	0.0
1255	1264	0	0.0
1367	1380	0	0.0
1314	1324	0	0.0
1258	1271	0	0.0
1229	1239	0	0.0
1435	1444	0	0.0
1367	1381	0	0.0
1255	1265	0	0.0
1314	1325	0	0.0
1374	1374	0	0.0
1356	1356	0	0.0
1229	1240	0	0.0
1362	1362	0	0.0
1435	1445	0	0.0
1370	1370	0	0.0
1255	1266	0	0.0
1373	1349	0	0.0
1317	1312	0	0.0
1355	1355	0	0.0
1229	1241	0	0.0
1373	1350	0	0.0
1363	1377	0	0.0
1255	1267	0	0.0
1301	1301	0	0.0
1369	1379	0	0.0
1366	1379	0	0.0
1358	1358	0	0.0
1373	1351	0	0.0
1265	1265	0	0.0
1229	1242	0	0.0
1363	1378	0	0.0
1239	1228	0	0.0
1288	1288	0	0.0
1255	1268	0	0.0
1366	1380	0	0.0
1369	1380	0	0.0
1373	1352	0	0.0
1239	1229	0	0.0
1366	1381	0	0.0
1356	1373	0	0.0
1257	1239	0	0.0
1369	1381	0	0.0
1373	1353	0	0.0
1229	1243	0	0.0
1375	1375	0	0.0
1257	1240	0	0.0
1362	1377	0	0.0
1373	1354	0	0.0
1374	1349	0	0.0
1229	1244	0	0.0
1354	1354	0	0.0
1381	1365	0	0.0
1257	1241	0	0.0
1376	1349	0	0.0
1362	1378	0	0.0
1373	1355	0	0.0
1374	1350	0	0.0
1229	1245	0	0.0
1372	1382	0	0.0
1381	1366	0	0.0
1257	1242	0	0.0
1376	1376	0	0.0
1376	1350	0	0.0
1373	1356	0	0.0
1374	1351	0	0.0
1372	1383	0	0.0
1257	1243	0	0.0
1381	1367	0	0.0
1376	1351	0	0.0
1373	1357	0	0.0
1257	1244	0	0.0
1377	1358	0	0.0
1374	1352	0	0.0
1381	1368	0	0.0
1376	1352	0	0.0
1379	1367	0	0.0
1360	1377	0	0.0
1307	1307	0	0.0
1377	1359	0	0.0
1257	1245	0	0.0
1381	1369	0	0.0
1376	1353	0	0.0
1374	1353	0	0.0
1360	1378	0	0.0
1383	1370	0	0.0
1377	1360	0	0.0
1334	1328	0	0.0
1379	1368	0	0.0
1376	1354	0	0.0
1374	1354	0	0.0
1377	1361	0	0.0
1289	1289	0	0.0
1379	1369	0	0.0
1383	1371	0	0.0
1376	1355	0	0.0
1307	1313	0	0.0
1266	1255	0	0.0
1334	1329	0	0.0
1377	1362	0	0.0
1374	1355	0	0.0
1383	1372	0	0.0
1373	1373	0	0.0
1266	1256	0	0.0
1379	1396	0	0.0
1376	1356	0	0.0
1377	1363	0	0.0
1374	1356	0	0.0
1311	1311	0	0.0
1266	1257	0	0.0
1387	1373	0	0.0
1376	1357	0	0.0
1377	1364	0	0.0
1318	1312	0	0.0
1374	1357	0	0.0
1379	1379	0	0.0
1387	1374	0	0.0
1381	1381	0	0.0
1387	1375	0	0.0
1308	1308	0	0.0
1250	1260	0	0.0
1380	1395	0	0.0
1387	1376	0	0.0
1294	1294	0	0.0
1326	1326	0	0.0
1382	1399	0	0.0
1250	1261	0	0.0
1383	1383	0	0.0
1380	1396	0	0.0
1365	1379	0	0.0
1382	1400	0	0.0
1255	1239	0	0.0
1308	1313	0	0.0
1386	1373	0	0.0
1252	1262	0	0.0
1382	1401	0	0.0
1365	1380	0	0.0
1370	1382	0	0.0
1255	1240	0	0.0
1377	1377	0	0.0
1386	1374	0	0.0
1252	1263	0	0.0
1382	1402	0	0.0
1370	1383	0	0.0
1264	1279	0	0.0
1365	1381	0	0.0
1386	1375	0	0.0
1255	1241	0	0.0
1393	1377	0	0.0
1374	1384	0	0.0
1383	1397	0	0.0
1375	1384	0	0.0
1264	1280	0	0.0
1375	1349	0	0.0
1386	1376	0	0.0
1393	1378	0	0.0
1383	1398	0	0.0
1374	1385	0	0.0
1361	1361	0	0.0
1375	1385	0	0.0
1386	1386	0	0.0
1264	1281	0	0.0
1375	1350	0	0.0
1387	1387	0	0.0
1383	1399	0	0.0
1309	1309	0	0.0
1375	1351	0	0.0
1399	1382	0	0.0
1375	1386	0	0.0
1374	1386	0	0.0
1326	1333	0	0.0
1375	1387	0	0.0
1379	1395	0	0.0
1381	1395	0	0.0
1374	1387	0	0.0
1375	1388	0	0.0
1402	1382	0	0.0
1381	1396	0	0.0
1399	1383	0	0.0
1266	1266	0	0.0
1374	1388	0	0.0
1380	1365	0	0.0
1384	1373	0	0.0
1402	1383	0	0.0
1385	1373	0	0.0
1375	1352	0	0.0
1379	1365	0	0.0
1398	1382	0	0.0
1384	1374	0	0.0
1380	1366	0	0.0
1367	1379	0	0.0
1334	1334	0	0.0
1379	1366	0	0.0
1384	1375	0	0.0
1397	1397	0	0.0
1375	1353	0	0.0
1385	1374	0	0.0
1398	1383	0	0.0
1380	1367	0	0.0
1384	1376	0	0.0
1375	1354	0	0.0
1376	1384	0	0.0
1385	1375	0	0.0
1380	1368	0	0.0
1389	1389	0	0.0
1395	1379	0	0.0
1375	1355	0	0.0
1376	1385	0	0.0
1385	1376	0	0.0
1395	1380	0	0.0
1380	1369	0	0.0
1335	1328	0	0.0
1395	1381	0	0.0
1383	1400	0	0.0
1335	1329	0	0.0
1384	1384	0	0.0
1383	1401	0	0.0
1410	1410	0	0.0
1383	1402	0	0.0
1414	1414	0	0.0
1391	1377	0	0.0
1391	1378	0	0.0
1335	1335	0	0.0
1390	1390	0	0.0
1419	1419	0	0.0
1364	1364	0	0.0
1421	1421	0	0.0
1380	1380	0	0.0
1368	1379	0	0.0
1399	1399	0	0.0
1385	1385	0	0.0
1376	1386	0	0.0
1375	1356	0	0.0
1417	1435	0	0.0
1368	1380	0	0.0
1418	1418	0	0.0
1368	1381	0	0.0
1375	1357	0	0.0
1417	1436	0	0.0
1361	1377	0	0.0
1415	1415	0	0.0
1417	1437	0	0.0
1378	1358	0	0.0
1417	1438	0	0.0
1361	1378	0	0.0
1393	1393	0	0.0
1395	1395	0	0.0
1319	1312	0	0.0
1425	1410	0	0.0
1378	1359	0	0.0
1414	1423	0	0.0
1274	1262	0	0.0
1425	1411	0	0.0
1391	1391	0	0.0
1382	1382	0	0.0
1411	1411	0	0.0
1378	1360	0	0.0
1414	1424	0	0.0
1425	1412	0	0.0
1274	1263	0	0.0
1416	1434	0	0.0
1394	1394	0	0.0
1378	1361	0	0.0
1425	1413	0	0.0
1414	1425	0	0.0
1416	1435	0	0.0
1398	1398	0	0.0
1425	1414	0	0.0
1416	1436	0	0.0
1378	1362	0	0.0
1415	1426	0	0.0
1425	1425	0	0.0
1416	1437	0	0.0
1410	1423	0	0.0
1274	1274	0	0.0
1266	1279	0	0.0
1376	1387	0	0.0
1378	1363	0	0.0
1415	1427	0	0.0
1416	1438	0	0.0
1382	1397	0	0.0
1266	1280	0	0.0
1376	1388	0	0.0
1410	1424	0	0.0
1415	1428	0	0.0
1378	1364	0	0.0
1382	1398	0	0.0
1433	1415	0	0.0
1266	1281	0	0.0
1410	1425	0	0.0
1400	1382	0	0.0
1415	1429	0	0.0
1417	1417	0	0.0
1400	1383	0	0.0
1415	1430	0	0.0
1415	1431	0	0.0
1415	1432	0	0.0
1411	1423	0	0.0
1394	1377	0	0.0
1402	1402	0	0.0
1423	1443	0	0.0
1429	1429	0	0.0
1415	1433	0	0.0
1394	1378	0	0.0
1411	1424	0	0.0
1396	1379	0	0.0
1434	1434	0	0.0
1432	1432	0	0.0
1436	1416	0	0.0
1396	1380	0	0.0
1411	1425	0	0.0
1436	1417	0	0.0
1422	1403	0	0.0
1396	1381	0	0.0
1436	1418	0	0.0
1422	1404	0	0.0
1436	1419	0	0.0
1378	1378	0	0.0
1438	1419	0	0.0
1428	1428	0	0.0
1422	1405	0	0.0
1422	1406	0	0.0
1420	1420	0	0.0
1392	1377	0	0.0
1441	1441	0	0.0
1440	1421	0	0.0
1400	1400	0	0.0
1419	1434	0	0.0
1422	1407	0	0.0
1392	1378	0	0.0
1424	1424	0	0.0
1309	1313	0	0.0
1440	1422	0	0.0
1433	1433	0	0.0
1419	1435	0	0.0
1413	1413	0	0.0
1420	1439	0	0.0
1422	1408	0	0.0
1419	1436	0	0.0
1420	1440	0	0.0
1419	1437	0	0.0
1422	1409	0	0.0
1419	1438	0	0.0
1426	1415	0	0.0
1407	1420	0	0.0
1377	1389	0	0.0
1403	1420	0	0.0
1421	1439	0	0.0
1422	1422	0	0.0
1422	1422	0	0.0
1423	1410	0	0.0
1425	1441	0	0.0
1436	1436	0	0.0
1310	1310	0	0.0
1377	1390	0	0.0
1407	1421	0	0.0
1403	1421	0	0.0
1425	1442	0	0.0
1423	1411	0	0.0
1407	1422	0	0.0
1425	1443	0	0.0
1377	1391	0	0.0
1403	1422	0	0.0
1423	1412	0	0.0
1421	1440	0	0.0
1440	1440	0	0.0
1377	1392	0	0.0
1423	1413	0	0.0
1437	1416	0	0.0
1396	1396	0	0.0
1438	1438	0	0.0
1310	1314	0	0.0
1423	1414	0	0.0
1377	1393	0	0.0
1437	1417	0	0.0
1437	1418	0	0.0
1377	1394	0	0.0
1401	1382	0	0.0
1388	1388	0	0.0
1437	1419	0	0.0
1382	1370	0	0.0
1401	1383	0	0.0
1412	1412	0	0.0
1422	1439	0	0.0
1392	1392	0	0.0
1429	1415	0	0.0
1424	1441	0	0.0
1382	1371	0	0.0
1422	1440	0	0.0
1424	1442	0	0.0
1382	1372	0	0.0
1430	1430	0	0.0
1424	1443	0	0.0
1413	1423	0	0.0
1443	1443	0	0.0
1456	1468	0	0.0
1442	1423	0	0.0
1435	1416	0	0.0
1445	1426	0	0.0
1413	1424	0	0.0
1416	1416	0	0.0
1426	1426	0	0.0
1418	1434	0	0.0
1456	1469	0	0.0
1445	1427	0	0.0
1435	1417	0	0.0
1311	1315	0	0.0
1442	1424	0	0.0
1464	1464	0	0.0
1418	1435	0	0.0
1413	1425	0	0.0
1445	1428	0	0.0
1311	1316	0	0.0
1435	1418	0	0.0
1454	1462	0	0.0
1445	1429	0	0.0
1417	1434	0	0.0
1418	1436	0	0.0
1456	1470	0	0.0
1454	1463	0	0.0
1442	1425	0	0.0
1388	1373	0	0.0
1452	1452	0	0.0
1435	1419	0	0.0
1313	1307	0	0.0
1445	1430	0	0.0
1418	1437	0	0.0
1454	1464	0	0.0
1456	1471	0	0.0
1388	1374	0	0.0
1423	1423	0	0.0
1313	1308	0	0.0
1471	1455	0	0.0
1457	1457	0	0.0
1459	1459	0	0.0
1471	1456	0	0.0
1445	1431	0	0.0
1428	1444	0	0.0
1418	1438	0	0.0
1454	1465	0	0.0
1472	1472	0	0.0
1456	1472	0	0.0
1445	1432	0	0.0
1471	1471	0	0.0
1313	1309	0	0.0
1428	1445	0	0.0
1454	1466	0	0.0
1445	1433	0	0.0
1401	1401	0	0.0
1464	1450	0	0.0
1439	1420	0	0.0
1373	1384	0	0.0
1464	1451	0	0.0
1439	1421	0	0.0
1389	1377	0	0.0
1460	1460	0	0.0
1464	1452	0	0.0
1439	1422	0	0.0
1389	1378	0	0.0
1373	1385	0	0.0
1464	1453	0	0.0
1475	1475	0	0.0
1458	1458	0	0.0
1464	1454	0	0.0
1452	1462	0	0.0
1484	1474	0	0.0
1373	1386	0	0.0
1397	1382	0	0.0
1388	1375	0	0.0
1455	1455	0	0.0
1468	1455	0	0.0
1441	1423	0	0.0
1397	1383	0	0.0
1452	1463	0	0.0
1461	1461	0	0.0
1388	1376	0	0.0
1441	1424	0	0.0
1468	1456	0	0.0
1423	1441	0	0.0
1452	1464	0	0.0
1472	1455	0	0.0
1441	1425	0	0.0
1439	1439	0	0.0
1423	1442	0	0.0
1452	1465	0	0.0
1472	1456	0	0.0
1452	1466	0	0.0
1467	1455	0	0.0
1467	1456	0	0.0
1445	1445	0	0.0
1427	1427	0	0.0
1442	1442	0	0.0
1435	1435	0	0.0
1465	1450	0	0.0
1450	1450	0	0.0
1412	1423	0	0.0
1465	1451	0	0.0
1430	1444	0	0.0
1455	1467	0	0.0
1412	1424	0	0.0
1404	1404	0	0.0
1465	1452	0	0.0
1455	1468	0	0.0
1430	1445	0	0.0
1412	1425	0	0.0
1478	1478	0	0.0
1408	1408	0	0.0
1434	1416	0	0.0
1434	1417	0	0.0
1434	1418	0	0.0
1477	1477	0	0.0
1434	1419	0	0.0
1465	1453	0	0.0
1430	1415	0	0.0
1465	1454	0	0.0
1455	1469	0	0.0
1484	1484	0	0.0
1455	1470	0	0.0
1456	1456	0	0.0
1390	1377	0	0.0
1437	1437	0	0.0
1373	1387	0	0.0
1465	1465	0	0.0
1455	1471	0	0.0
1432	1444	0	0.0
1390	1378	0	0.0
1455	1472	0	0.0
1432	1445	0	0.0
1443	1423	0	0.0
1480	1480	0	0.0
1467	1467	0	0.0
1475	1489	0	0.0
1427	1415	0	0.0
1443	1424	0	0.0
1475	1490	0	0.0
1450	1462	0	0.0
1475	1491	0	0.0
1443	1425	0	0.0
1473	1473	0	0.0
1456	1467	0	0.0
1483	1474	0	0.0
1475	1492	0	0.0
1476	1476	0	0.0
1404	1420	0	0.0
1450	1463	0	0.0
1475	1493	0	0.0
1404	1421	0	0.0
1466	1450	0	0.0
1492	1475	0	0.0
1480	1473	0	0.0
1450	1464	0	0.0
1473	1478	0	0.0
1404	1422	0	0.0
1466	1451	0	0.0
1473	1479	0	0.0
1466	1452	0	0.0
1450	1465	0	0.0
1473	1480	0	0.0
1371	1382	0	0.0
1438	1416	0	0.0
1473	1481	0	0.0
1491	1475	0	0.0
1466	1453	0	0.0
1450	1466	0	0.0
1473	1482	0	0.0
1438	1417	0	0.0
1466	1454	0	0.0
1371	1383	0	0.0
1438	1418	0	0.0
1424	1410	0	0.0
1481	1481	0	0.0
1474	1474	0	0.0
1424	1411	0	0.0
1482	1482	0	0.0
1424	1412	0	0.0
1424	1413	0	0.0
1424	1414	0	0.0
1483	1483	0	0.0
1427	1444	0	0.0
1466	1466	0	0.0
1427	1445	0	0.0
1474	1483	0	0.0
1485	1474	0	0.0
1440	1420	0	0.0
1474	1484	0	0.0
1474	1485	0	0.0
1373	1388	0	0.0
1405	1405	0	0.0
1474	1486	0	0.0
1468	1468	0	0.0
1474	1487	0	0.0
1487	1487	0	0.0
1429	1444	0	0.0
1429	1445	0	0.0
1474	1488	0	0.0
1408	1420	0	0.0
1408	1421	0	0.0
1492	1492	0	0.0
1491	1491	0	0.0
1408	1422	0	0.0
1453	1453	0	0.0
1428	1415	0	0.0
1462	1450	0	0.0
1405	1420	0	0.0
1405	1421	0	0.0
1462	1451	0	0.0
1481	1473	0	0.0
1485	1485	0	0.0
1426	1444	0	0.0
1405	1422	0	0.0
1462	1452	0	0.0
1488	1474	0	0.0
1420	1403	0	0.0
1426	1445	0	0.0
1493	1475	0	0.0
1453	1462	0	0.0
1462	1453	0	0.0
1462	1454	0	0.0
1420	1404	0	0.0
1453	1463	0	0.0
1479	1479	0	0.0
1420	1405	0	0.0
1453	1464	0	0.0
1431	1431	0	0.0
1378	1389	0	0.0
1420	1406	0	0.0
1453	1465	0	0.0
1469	1455	0	0.0
1378	1390	0	0.0
1420	1407	0	0.0
1469	1456	0	0.0
1453	1466	0	0.0
1431	1444	0	0.0
1378	1391	0	0.0
1433	1444	0	0.0
1431	1445	0	0.0
1378	1392	0	0.0
1433	1445	0	0.0
1409	1409	0	0.0
1378	1393	0	0.0
1378	1394	0	0.0
1420	1408	0	0.0
1488	1488	0	0.0
1462	1462	0	0.0
1409	1420	0	0.0
1431	1415	0	0.0
1409	1421	0	0.0
1469	1469	0	0.0
1489	1475	0	0.0
1409	1422	0	0.0
1406	1406	0	0.0
1493	1493	0	0.0
1470	1455	0	0.0
1470	1456	0	0.0
1486	1474	0	0.0
1406	1420	0	0.0
1444	1426	0	0.0
1406	1421	0	0.0
1444	1427	0	0.0
1463	1450	0	0.0
1406	1422	0	0.0
1444	1428	0	0.0
1489	1489	0	0.0
1463	1451	0	0.0
1482	1473	0	0.0
1444	1429	0	0.0
1463	1452	0	0.0
1444	1430	0	0.0
1463	1453	0	0.0
1490	1475	0	0.0
1444	1431	0	0.0
1463	1454	0	0.0
1444	1432	0	0.0
1444	1433	0	0.0
1470	1470	0	0.0
1444	1444	0	0.0
1486	1486	0	0.0
1454	1454	0	0.0
1407	1407	0	0.0
1490	1490	0	0.0
1463	1463	0	0.0
1432	1415	0	0.0
1487	1474	0	0.0
1403	1403	0	0.0
1451	1451	0	0.0
1420	1409	0	0.0
1451	1462	0	0.0
1451	1463	0	0.0
1451	1464	0	0.0
1451	1465	0	0.0
1451	1466	0	0.0
1478	1473	0	0.0
1421	1403	0	0.0
1421	1404	0	0.0
1421	1405	0	0.0
1421	1406	0	0.0
1421	1407	0	0.0
1421	1408	0	0.0
1421	1409	0	0.0
1479	1473	0	0.0
1183	1197	1	0.0
1183	1198	1	0.0
1184	1197	1	0.0
1184	1198	1	0.0
1186	1199	1	0.0
1186	1200	1	0.0
1186	1201	1	0.0
1188	1199	1	0.0
1189	1199	1	0.0
1188	1200	1	0.0
1189	1200	1	0.0
1188	1201	1	0.0
1185	1197	1	0.0
1189	1201	1	0.0
1185	1198	1	0.0
1187	1199	1	0.0
1187	1200	1	0.0
1187	1201	1	0.0
1190	1199	1	0.0
1193	1202	1	0.0
1190	1200	1	0.0
1193	1203	1	0.0
1190	1201	1	0.0
1193	1204	1	0.0
1193	1205	1	0.0
1191	1202	1	0.0
1193	1206	1	0.0
1191	1203	1	0.0
1191	1204	1	0.0
1191	1205	1	0.0
1191	1206	1	0.0
1194	1202	1	0.0
1194	1203	1	0.0
1200	1211	1	0.0
1197	1207	1	0.0
1194	1204	1	0.0
1197	1208	1	0.0
1194	1205	1	0.0
1197	1209	1	0.0
1194	1206	1	0.0
1197	1210	1	0.0
1199	1211	1	0.0
1192	1202	1	0.0
1201	1211	1	0.0
1192	1203	1	0.0
1192	1204	1	0.0
1192	1205	1	0.0
1216	1225	1	0.0
1192	1206	1	0.0
1195	1202	1	0.0
1195	1203	1	0.0
1195	1204	1	0.0
1195	1205	1	0.0
1195	1206	1	0.0
1227	1232	1	0.0
1217	1225	1	0.0
1219	1226	1	0.0
1219	1227	1	0.0
1232	1249	1	0.0
1198	1207	1	0.0
1228	1233	1	0.0
1198	1208	1	0.0
1228	1234	1	0.0
1198	1209	1	0.0
1228	1235	1	0.0
1220	1226	1	0.0
1212	1219	1	0.0
1198	1210	1	0.0
1232	1246	1	0.0
1228	1236	1	0.0
1220	1227	1	0.0
1212	1220	1	0.0
1232	1247	1	0.0
1228	1237	1	0.0
1232	1248	1	0.0
1212	1221	1	0.0
1228	1238	1	0.0
1218	1225	1	0.0
1212	1222	1	0.0
1221	1226	1	0.0
1212	1223	1	0.0
1221	1227	1	0.0
1213	1219	1	0.0
1213	1220	1	0.0
1196	1202	1	0.0
1213	1221	1	0.0
1196	1203	1	0.0
1222	1226	1	0.0
1196	1204	1	0.0
1213	1222	1	0.0
1222	1227	1	0.0
1196	1205	1	0.0
1213	1223	1	0.0
1229	1233	1	0.0
1196	1206	1	0.0
1229	1234	1	0.0
1233	1250	1	0.0
1229	1235	1	0.0
1233	1251	1	0.0
1214	1219	1	0.0
1229	1236	1	0.0
1214	1220	1	0.0
1223	1226	1	0.0
1229	1237	1	0.0
1214	1221	1	0.0
1223	1227	1	0.0
1229	1238	1	0.0
1214	1222	1	0.0
1234	1250	1	0.0
1214	1223	1	0.0
1234	1251	1	0.0
1224	1228	1	0.0
1235	1251	1	0.0
1224	1229	1	0.0
1215	1224	1	0.0
1225	1230	1	0.0
1236	1250	1	0.0
1225	1231	1	0.0
1230	1239	1	0.0
1236	1251	1	0.0
1230	1240	1	0.0
1230	1241	1	0.0
1230	1242	1	0.0
1230	1243	1	0.0
1237	1250	1	0.0
1230	1244	1	0.0
1237	1251	1	0.0
1230	1245	1	0.0
1238	1250	1	0.0
1226	1232	1	0.0
1238	1251	1	0.0
1231	1239	1	0.0
1235	1250	1	0.0
1231	1240	1	0.0
1231	1241	1	0.0
1231	1242	1	0.0
1231	1243	1	0.0
1231	1244	1	0.0
1231	1245	1	0.0
1239	1252	1	0.0
1239	1253	1	0.0
1239	1254	1	0.0
1241	1252	1	0.0
1241	1253	1	0.0
1241	1254	1	0.0
1243	1252	1	0.0
1243	1253	1	0.0
1243	1254	1	0.0
1245	1252	1	0.0
1245	1253	1	0.0
1245	1254	1	0.0
1249	1255	1	0.0
1249	1256	1	0.0
1246	1255	1	0.0
1249	1257	1	0.0
1246	1256	1	0.0
1246	1257	1	0.0
1242	1252	1	0.0
1242	1253	1	0.0
1240	1252	1	0.0
1242	1254	1	0.0
1240	1253	1	0.0
1252	1260	1	0.0
1240	1254	1	0.0
1252	1261	1	0.0
1255	1262	1	0.0
1255	1263	1	0.0
1260	1269	1	0.0
1260	1270	1	0.0
1262	1272	1	0.0
1260	1271	1	0.0
1262	1273	1	0.0
1247	1255	1	0.0
1250	1258	1	0.0
1247	1256	1	0.0
1250	1259	1	0.0
1263	1272	1	0.0
1247	1257	1	0.0
1263	1273	1	0.0
1253	1260	1	0.0
1266	1278	1	0.0
1253	1261	1	0.0
1261	1269	1	0.0
1261	1270	1	0.0
1261	1271	1	0.0
1256	1262	1	0.0
1264	1274	1	0.0
1266	1274	1	0.0
1264	1275	1	0.0
1256	1263	1	0.0
1266	1275	1	0.0
1264	1276	1	0.0
1266	1276	1	0.0
1266	1277	1	0.0
1264	1277	1	0.0
1264	1278	1	0.0
1244	1252	1	0.0
1244	1253	1	0.0
1244	1254	1	0.0
1269	1279	1	0.0
1269	1280	1	0.0
1269	1281	1	0.0
1254	1260	1	0.0
1254	1261	1	0.0
1257	1262	1	0.0
1257	1263	1	0.0
1251	1258	1	0.0
1248	1255	1	0.0
1251	1259	1	0.0
1284	1293	1	0.0
1248	1256	1	0.0
1267	1274	1	0.0
1248	1257	1	0.0
1267	1275	1	0.0
1267	1276	1	0.0
1267	1277	1	0.0
1267	1278	1	0.0
1282	1293	1	0.0
1265	1274	1	0.0
1270	1279	1	0.0
1265	1275	1	0.0
1285	1293	1	0.0
1270	1280	1	0.0
1265	1276	1	0.0
1270	1281	1	0.0
1258	1264	1	0.0
1265	1277	1	0.0
1283	1293	1	0.0
1258	1265	1	0.0
1265	1278	1	0.0
1258	1266	1	0.0
1258	1267	1	0.0
1258	1268	1	0.0
1268	1274	1	0.0
1268	1275	1	0.0
1307	1312	1	0.0
1268	1276	1	0.0
1316	1322	1	0.0
1308	1312	1	0.0
1268	1277	1	0.0
1316	1323	1	0.0
1309	1312	1	0.0
1268	1278	1	0.0
1316	1324	1	0.0
1271	1279	1	0.0
1316	1325	1	0.0
1271	1280	1	0.0
1310	1313	1	0.0
1271	1281	1	0.0
1311	1314	1	0.0
1312	1315	1	0.0
1312	1316	1	0.0
1259	1264	1	0.0
1313	1317	1	0.0
1259	1265	1	0.0
1313	1318	1	0.0
1313	1319	1	0.0
1259	1266	1	0.0
1259	1267	1	0.0
1259	1268	1	0.0
1314	1320	1	0.0
1314	1321	1	0.0
1349	1371	1	0.0
1349	1372	1	0.0
1349	1370	1	0.0
1353	1370	1	0.0
1354	1370	1	0.0
1353	1371	1	0.0
1353	1372	1	0.0
1354	1371	1	0.0
1354	1372	1	0.0
1315	1322	1	0.0
1315	1323	1	0.0
1355	1370	1	0.0
1315	1324	1	0.0
1315	1325	1	0.0
1355	1371	1	0.0
1326	1332	1	0.0
1355	1372	1	0.0
1352	1370	1	0.0
1352	1371	1	0.0
1352	1372	1	0.0
1357	1370	1	0.0
1327	1332	1	0.0
1356	1370	1	0.0
1359	1375	1	0.0
1357	1371	1	0.0
1350	1370	1	0.0
1356	1371	1	0.0
1357	1372	1	0.0
1350	1371	1	0.0
1359	1376	1	0.0
1356	1372	1	0.0
1350	1372	1	0.0
1358	1373	1	0.0
1358	1374	1	0.0
1358	1375	1	0.0
1328	1333	1	0.0
1351	1370	1	0.0
1358	1376	1	0.0
1351	1371	1	0.0
1351	1372	1	0.0
1360	1373	1	0.0
1360	1374	1	0.0
1360	1375	1	0.0
1360	1376	1	0.0
1329	1333	1	0.0
1359	1373	1	0.0
1359	1374	1	0.0
1362	1373	1	0.0
1362	1374	1	0.0
1364	1373	1	0.0
1362	1375	1	0.0
1370	1381	1	0.0
1363	1373	1	0.0
1364	1374	1	0.0
1368	1377	1	0.0
1362	1376	1	0.0
1363	1374	1	0.0
1364	1375	1	0.0
1363	1375	1	0.0
1368	1378	1	0.0
1364	1376	1	0.0
1363	1376	1	0.0
1330	1334	1	0.0
1372	1379	1	0.0
1330	1335	1	0.0
1372	1380	1	0.0
1372	1381	1	0.0
1361	1373	1	0.0
1377	1387	1	0.0
1361	1374	1	0.0
1366	1377	1	0.0
1361	1375	1	0.0
1373	1382	1	0.0
1331	1334	1	0.0
1366	1378	1	0.0
1377	1388	1	0.0
1361	1376	1	0.0
1331	1335	1	0.0
1373	1383	1	0.0
1370	1379	1	0.0
1370	1380	1	0.0
1382	1395	1	0.0
1385	1397	1	0.0
1369	1377	1	0.0
1382	1396	1	0.0
1380	1389	1	0.0
1385	1398	1	0.0
1369	1378	1	0.0
1380	1390	1	0.0
1385	1399	1	0.0
1386	1397	1	0.0
1380	1391	1	0.0
1385	1400	1	0.0
1387	1397	1	0.0
1386	1398	1	0.0
1380	1392	1	0.0
1386	1399	1	0.0
1385	1401	1	0.0
1387	1398	1	0.0
1380	1393	1	0.0
1385	1402	1	0.0
1387	1399	1	0.0
1386	1400	1	0.0
1378	1384	1	0.0
1380	1394	1	0.0
1365	1377	1	0.0
1386	1401	1	0.0
1374	1382	1	0.0
1387	1400	1	0.0
1378	1385	1	0.0
1365	1378	1	0.0
1386	1402	1	0.0
1374	1383	1	0.0
1387	1401	1	0.0
1378	1386	1	0.0
1387	1402	1	0.0
1378	1387	1	0.0
1378	1388	1	0.0
1406	1416	1	0.0
1371	1379	1	0.0
1409	1418	1	0.0
1371	1380	1	0.0
1406	1417	1	0.0
1367	1377	1	0.0
1371	1381	1	0.0
1409	1419	1	0.0
1406	1418	1	0.0
1388	1397	1	0.0
1367	1378	1	0.0
1410	1421	1	0.0
1406	1419	1	0.0
1388	1398	1	0.0
1383	1395	1	0.0
1409	1416	1	0.0
1410	1422	1	0.0
1409	1417	1	0.0
1388	1399	1	0.0
1383	1396	1	0.0
1388	1400	1	0.0
1388	1401	1	0.0
1388	1402	1	0.0
1415	1423	1	0.0
1415	1424	1	0.0
1419	1426	1	0.0
1415	1425	1	0.0
1403	1416	1	0.0
1419	1427	1	0.0
1403	1417	1	0.0
1419	1428	1	0.0
1375	1382	1	0.0
1403	1418	1	0.0
1375	1383	1	0.0
1420	1434	1	0.0
1419	1429	1	0.0
1403	1419	1	0.0
1420	1435	1	0.0
1419	1430	1	0.0
1411	1420	1	0.0
1420	1436	1	0.0
1419	1431	1	0.0
1411	1421	1	0.0
1420	1437	1	0.0
1419	1432	1	0.0
1420	1438	1	0.0
1411	1422	1	0.0
1419	1433	1	0.0
1423	1439	1	0.0
1417	1426	1	0.0
1417	1427	1	0.0
1423	1440	1	0.0
1422	1434	1	0.0
1417	1428	1	0.0
1424	1440	1	0.0
1381	1389	1	0.0
1417	1429	1	0.0
1422	1435	1	0.0
1376	1382	1	0.0
1381	1390	1	0.0
1422	1436	1	0.0
1417	1430	1	0.0
1376	1383	1	0.0
1381	1391	1	0.0
1417	1431	1	0.0
1422	1437	1	0.0
1381	1392	1	0.0
1417	1432	1	0.0
1422	1438	1	0.0
1404	1416	1	0.0
1425	1439	1	0.0
1381	1393	1	0.0
1417	1433	1	0.0
1425	1440	1	0.0
1384	1397	1	0.0
1404	1417	1	0.0
1381	1394	1	0.0
1404	1418	1	0.0
1384	1398	1	0.0
1404	1419	1	0.0
1384	1399	1	0.0
1384	1400	1	0.0
1384	1401	1	0.0
1429	1441	1	0.0
1384	1402	1	0.0
1429	1442	1	0.0
1416	1426	1	0.0
1416	1427	1	0.0
1429	1443	1	0.0
1416	1428	1	0.0
1416	1429	1	0.0
1416	1430	1	0.0
1433	1441	1	0.0
1416	1431	1	0.0
1407	1416	1	0.0
1433	1442	1	0.0
1416	1432	1	0.0
1407	1417	1	0.0
1433	1443	1	0.0
1416	1433	1	0.0
1407	1418	1	0.0
1407	1419	1	0.0
1424	1439	1	0.0
1436	1444	1	0.0
1412	1420	1	0.0
1436	1445	1	0.0
1377	1384	1	0.0
1412	1421	1	0.0
1377	1385	1	0.0
1412	1422	1	0.0
1377	1386	1	0.0
1413	1420	1	0.0
1455	1462	1	0.0
1413	1421	1	0.0
1455	1463	1	0.0
1413	1422	1	0.0
1455	1464	1	0.0
1455	1465	1	0.0
1421	1434	1	0.0
1427	1441	1	0.0
1455	1466	1	0.0
1421	1435	1	0.0
1427	1442	1	0.0
1431	1441	1	0.0
1421	1436	1	0.0
1431	1442	1	0.0
1427	1443	1	0.0
1421	1437	1	0.0
1431	1443	1	0.0
1421	1438	1	0.0
1458	1467	1	0.0
1437	1444	1	0.0
1437	1445	1	0.0
1458	1468	1	0.0
1458	1469	1	0.0
1456	1462	1	0.0
1418	1426	1	0.0
1456	1463	1	0.0
1458	1470	1	0.0
1418	1427	1	0.0
1456	1464	1	0.0
1458	1471	1	0.0
1418	1428	1	0.0
1456	1465	1	0.0
1418	1429	1	0.0
1458	1472	1	0.0
1456	1466	1	0.0
1418	1430	1	0.0
1418	1431	1	0.0
1477	1489	1	0.0
1418	1432	1	0.0
1450	1459	1	0.0
1418	1433	1	0.0
1477	1490	1	0.0
1450	1460	1	0.0
1477	1491	1	0.0
1450	1461	1	0.0
1476	1489	1	0.0
1477	1492	1	0.0
1476	1490	1	0.0
1477	1493	1	0.0
1476	1491	1	0.0
1414	1420	1	0.0
1476	1492	1	0.0
1451	1459	1	0.0
1414	1421	1	0.0
1451	1460	1	0.0
1476	1493	1	0.0
1414	1422	1	0.0
1451	1461	1	0.0
1408	1416	1	0.0
1452	1459	1	0.0
1408	1417	1	0.0
1452	1460	1	0.0
1408	1418	1	0.0
1452	1461	1	0.0
1408	1419	1	0.0
1183	1199	1	0.0
1405	1416	1	0.0
1183	1200	1	0.0
1183	1201	1	0.0
1405	1417	1	0.0
1184	1184	1	0.0
1191	1191	1	0.0
1405	1418	1	0.0
1405	1419	1	0.0
1184	1199	1	0.0
1184	1200	1	0.0
1187	1187	1	0.0
1184	1201	1	0.0
1193	1193	1	0.0
1199	1183	1	0.0
1194	1194	1	0.0
1187	1202	1	0.0
1189	1202	1	0.0
1199	1184	1	0.0
1187	1203	1	0.0
1189	1203	1	0.0
1192	1192	1	0.0
1187	1204	1	0.0
1199	1185	1	0.0
1189	1204	1	0.0
1426	1441	1	0.0
1187	1205	1	0.0
1189	1205	1	0.0
1200	1185	1	0.0
1185	1185	1	0.0
1187	1206	1	0.0
1426	1442	1	0.0
1189	1206	1	0.0
1426	1443	1	0.0
1196	1196	1	0.0
1194	1208	1	0.0
1183	1183	1	0.0
1199	1199	1	0.0
1194	1209	1	0.0
1196	1207	1	0.0
1194	1210	1	0.0
1196	1208	1	0.0
1192	1207	1	0.0
1201	1183	1	0.0
1192	1208	1	0.0
1196	1209	1	0.0
1197	1197	1	0.0
1201	1184	1	0.0
1192	1209	1	0.0
1198	1198	1	0.0
1196	1210	1	0.0
1201	1185	1	0.0
1192	1210	1	0.0
1438	1444	1	0.0
1200	1183	1	0.0
1438	1445	1	0.0
1203	1203	1	0.0
1200	1184	1	0.0
1189	1189	1	0.0
1191	1207	1	0.0
1428	1441	1	0.0
1191	1208	1	0.0
1428	1442	1	0.0
1191	1209	1	0.0
1208	1208	1	0.0
1201	1201	1	0.0
1207	1207	1	0.0
1428	1443	1	0.0
1430	1441	1	0.0
1191	1210	1	0.0
1457	1467	1	0.0
1430	1442	1	0.0
1457	1468	1	0.0
1211	1211	1	0.0
1453	1459	1	0.0
1430	1443	1	0.0
1457	1469	1	0.0
1453	1460	1	0.0
1213	1224	1	0.0
1457	1470	1	0.0
1453	1461	1	0.0
1208	1191	1	0.0
1222	1222	1	0.0
1209	1191	1	0.0
1457	1471	1	0.0
1195	1195	1	0.0
1200	1200	1	0.0
1209	1192	1	0.0
1208	1192	1	0.0
1457	1472	1	0.0
1215	1215	1	0.0
1221	1229	1	0.0
1209	1193	1	0.0
1208	1193	1	0.0
1208	1193	1	0.0
1206	1206	1	0.0
1225	1215	1	0.0
1215	1225	1	0.0
1226	1233	1	0.0
1185	1199	1	0.0
1209	1194	1	0.0
1208	1194	1	0.0
1218	1218	1	0.0
1211	1197	1	0.0
1198	1211	1	0.0
1185	1200	1	0.0
1209	1195	1	0.0
1208	1195	1	0.0
1211	1198	1	0.0
1226	1234	1	0.0
1203	1186	1	0.0
1185	1201	1	0.0
1209	1196	1	0.0
1208	1196	1	0.0
1214	1214	1	0.0
1203	1187	1	0.0
1233	1233	1	0.0
1226	1235	1	0.0
1237	1226	1	0.0
1379	1389	1	0.0
1203	1188	1	0.0
1237	1227	1	0.0
1226	1236	1	0.0
1379	1390	1	0.0
1203	1189	1	0.0
1195	1207	1	0.0
1231	1248	1	0.0
1203	1190	1	0.0
1379	1391	1	0.0
1195	1208	1	0.0
1432	1441	1	0.0
1231	1249	1	0.0
1226	1237	1	0.0
1410	1420	1	0.0
1379	1392	1	0.0
1432	1442	1	0.0
1195	1209	1	0.0
1235	1226	1	0.0
1223	1223	1	0.0
1379	1393	1	0.0
1226	1238	1	0.0
1432	1443	1	0.0
1239	1239	1	0.0
1212	1212	1	0.0
1235	1227	1	0.0
1214	1224	1	0.0
1195	1210	1	0.0
1216	1216	1	0.0
1454	1459	1	0.0
1379	1394	1	0.0
1231	1224	1	0.0
1454	1460	1	0.0
1237	1237	1	0.0
1209	1209	1	0.0
1454	1461	1	0.0
1216	1226	1	0.0
1225	1225	1	0.0
1216	1227	1	0.0
1190	1190	1	0.0
1235	1235	1	0.0
1224	1212	1	0.0
1224	1213	1	0.0
1224	1214	1	0.0
1231	1231	1	0.0
1210	1191	1	0.0
1190	1202	1	0.0
1235	1252	1	0.0
1248	1248	1	0.0
1210	1192	1	0.0
1190	1203	1	0.0
1235	1253	1	0.0
1243	1243	1	0.0
1210	1193	1	0.0
1193	1207	1	0.0
1190	1204	1	0.0
1236	1252	1	0.0
1235	1254	1	0.0
1210	1194	1	0.0
1190	1205	1	0.0
1193	1208	1	0.0
1234	1234	1	0.0
1232	1232	1	0.0
1222	1228	1	0.0
1236	1253	1	0.0
1248	1230	1	0.0
1193	1209	1	0.0
1210	1195	1	0.0
1197	1211	1	0.0
1190	1206	1	0.0
1222	1229	1	0.0
1248	1231	1	0.0
1210	1196	1	0.0
1193	1210	1	0.0
1204	1186	1	0.0
1236	1254	1	0.0
1247	1247	1	0.0
1204	1187	1	0.0
1224	1224	1	0.0
1247	1230	1	0.0
1204	1188	1	0.0
1231	1246	1	0.0
1234	1252	1	0.0
1230	1230	1	0.0
1247	1231	1	0.0
1204	1189	1	0.0
1231	1247	1	0.0
1234	1253	1	0.0
1237	1252	1	0.0
1217	1217	1	0.0
1232	1250	1	0.0
1234	1254	1	0.0
1238	1238	1	0.0
1237	1253	1	0.0
1188	1188	1	0.0
1204	1190	1	0.0
1232	1251	1	0.0
1249	1230	1	0.0
1236	1236	1	0.0
1250	1250	1	0.0
1237	1254	1	0.0
1236	1226	1	0.0
1217	1226	1	0.0
1244	1228	1	0.0
1249	1231	1	0.0
1236	1227	1	0.0
1217	1227	1	0.0
1244	1229	1	0.0
1238	1252	1	0.0
1244	1255	1	0.0
1240	1240	1	0.0
1244	1256	1	0.0
1238	1253	1	0.0
1210	1210	1	0.0
1244	1257	1	0.0
1238	1254	1	0.0
1253	1253	1	0.0
1202	1202	1	0.0
1242	1242	1	0.0
1251	1232	1	0.0
1253	1238	1	0.0
1227	1227	1	0.0
1223	1228	1	0.0
1246	1246	1	0.0
1248	1258	1	0.0
1230	1246	1	0.0
1212	1224	1	0.0
1223	1229	1	0.0
1255	1242	1	0.0
1230	1247	1	0.0
1188	1202	1	0.0
1248	1259	1	0.0
1249	1249	1	0.0
1434	1444	1	0.0
1230	1248	1	0.0
1227	1233	1	0.0
1255	1243	1	0.0
1188	1203	1	0.0
1252	1233	1	0.0
1434	1445	1	0.0
1230	1249	1	0.0
1256	1267	1	0.0
1227	1234	1	0.0
1255	1244	1	0.0
1258	1258	1	0.0
1188	1204	1	0.0
1252	1234	1	0.0
1238	1226	1	0.0
1256	1268	1	0.0
1227	1235	1	0.0
1255	1245	1	0.0
1252	1235	1	0.0
1246	1258	1	0.0
1260	1250	1	0.0
1238	1227	1	0.0
1242	1255	1	0.0
1252	1236	1	0.0
1227	1236	1	0.0
1188	1205	1	0.0
1246	1259	1	0.0
1260	1251	1	0.0
1260	1272	1	0.0
1251	1251	1	0.0
1204	1204	1	0.0
1252	1237	1	0.0
1233	1252	1	0.0
1242	1256	1	0.0
1227	1237	1	0.0
1254	1233	1	0.0
1188	1206	1	0.0
1252	1238	1	0.0
1260	1273	1	0.0
1242	1257	1	0.0
1233	1253	1	0.0
1227	1238	1	0.0
1269	1258	1	0.0
1194	1207	1	0.0
1233	1254	1	0.0
1246	1230	1	0.0
1254	1234	1	0.0
1267	1256	1	0.0
1267	1255	1	0.0
1253	1262	1	0.0
1259	1269	1	0.0
1255	1255	1	0.0
1246	1231	1	0.0
1260	1260	1	0.0
1254	1235	1	0.0
1267	1257	1	0.0
1218	1226	1	0.0
1230	1224	1	0.0
1269	1259	1	0.0
1473	1476	1	0.0
1234	1226	1	0.0
1218	1227	1	0.0
1259	1270	1	0.0
1254	1236	1	0.0
1186	1186	1	0.0
1253	1263	1	0.0
1224	1230	1	0.0
1234	1227	1	0.0
1254	1237	1	0.0
1267	1279	1	0.0
1244	1244	1	0.0
1259	1246	1	0.0
1473	1477	1	0.0
1256	1256	1	0.0
1254	1238	1	0.0
1224	1231	1	0.0
1267	1280	1	0.0
1259	1271	1	0.0
1259	1247	1	0.0
1240	1255	1	0.0
1226	1216	1	0.0
1267	1281	1	0.0
1259	1248	1	0.0
1262	1252	1	0.0
1249	1258	1	0.0
1245	1245	1	0.0
1240	1256	1	0.0
1226	1217	1	0.0
1474	1478	1	0.0
1262	1253	1	0.0
1259	1249	1	0.0
1275	1262	1	0.0
1272	1260	1	0.0
1256	1264	1	0.0
1202	1186	1	0.0
1249	1259	1	0.0
1280	1266	1	0.0
1186	1202	1	0.0
1474	1479	1	0.0
1262	1254	1	0.0
1275	1263	1	0.0
1275	1275	1	0.0
1240	1257	1	0.0
1226	1218	1	0.0
1272	1261	1	0.0
1251	1260	1	0.0
1202	1187	1	0.0
1256	1265	1	0.0
1474	1480	1	0.0
1186	1203	1	0.0
1280	1267	1	0.0
1251	1261	1	0.0
1269	1269	1	0.0
1202	1188	1	0.0
1186	1204	1	0.0
1256	1266	1	0.0
1252	1252	1	0.0
1267	1267	1	0.0
1276	1262	1	0.0
1474	1481	1	0.0
1226	1226	1	0.0
1270	1270	1	0.0
1280	1268	1	0.0
1202	1189	1	0.0
1256	1239	1	0.0
1186	1205	1	0.0
1265	1279	1	0.0
1262	1262	1	0.0
1254	1254	1	0.0
1245	1255	1	0.0
1276	1263	1	0.0
1474	1482	1	0.0
1202	1190	1	0.0
1256	1240	1	0.0
1265	1280	1	0.0
1186	1206	1	0.0
1302	1302	1	0.0
1240	1228	1	0.0
1263	1263	1	0.0
1219	1219	1	0.0
1245	1256	1	0.0
1290	1290	1	0.0
1205	1186	1	0.0
1265	1281	1	0.0
1261	1261	1	0.0
1256	1241	1	0.0
1291	1291	1	0.0
1272	1272	1	0.0
1245	1257	1	0.0
1205	1187	1	0.0
1283	1283	1	0.0
1261	1250	1	0.0
1259	1259	1	0.0
1256	1242	1	0.0
1250	1232	1	0.0
1205	1188	1	0.0
1219	1228	1	0.0
1313	1313	1	0.0
1261	1251	1	0.0
1256	1243	1	0.0
1263	1274	1	0.0
1205	1189	1	0.0
1227	1216	1	0.0
1435	1444	1	0.0
1219	1229	1	0.0
1312	1312	1	0.0
1245	1228	1	0.0
1240	1229	1	0.0
1295	1295	1	0.0
1245	1229	1	0.0
1316	1316	1	0.0
1276	1276	1	0.0
1256	1244	1	0.0
1247	1258	1	0.0
1205	1190	1	0.0
1227	1217	1	0.0
1435	1445	1	0.0
1261	1272	1	0.0
1280	1280	1	0.0
1256	1245	1	0.0
1247	1259	1	0.0
1285	1285	1	0.0
1268	1255	1	0.0
1227	1218	1	0.0
1261	1273	1	0.0
1303	1303	1	0.0
1207	1191	1	0.0
1312	1317	1	0.0
1297	1297	1	0.0
1268	1256	1	0.0
1271	1271	1	0.0
1312	1318	1	0.0
1207	1192	1	0.0
1296	1296	1	0.0
1294	1294	1	0.0
1268	1257	1	0.0
1312	1319	1	0.0
1330	1330	1	0.0
1273	1273	1	0.0
1207	1193	1	0.0
1241	1241	1	0.0
1220	1220	1	0.0
1254	1262	1	0.0
1314	1310	1	0.0
1323	1323	1	0.0
1281	1264	1	0.0
1207	1194	1	0.0
1257	1257	1	0.0
1254	1263	1	0.0
1327	1327	1	0.0
1265	1265	1	0.0
1475	1483	1	0.0
1250	1260	1	0.0
1281	1265	1	0.0
1277	1262	1	0.0
1314	1314	1	0.0
1253	1233	1	0.0
1207	1195	1	0.0
1258	1246	1	0.0
1263	1275	1	0.0
1220	1228	1	0.0
1475	1484	1	0.0
1250	1261	1	0.0
1277	1263	1	0.0
1239	1255	1	0.0
1207	1196	1	0.0
1349	1373	1	0.0
1281	1266	1	0.0
1327	1333	1	0.0
1318	1318	1	0.0
1253	1234	1	0.0
1263	1252	1	0.0
1258	1247	1	0.0
1263	1276	1	0.0
1205	1205	1	0.0
1220	1229	1	0.0
1350	1373	1	0.0
1255	1239	1	0.0
1239	1256	1	0.0
1475	1485	1	0.0
1349	1374	1	0.0
1281	1267	1	0.0
1320	1313	1	0.0
1263	1253	1	0.0
1253	1235	1	0.0
1350	1374	1	0.0
1324	1314	1	0.0
1258	1248	1	0.0
1263	1277	1	0.0
1255	1240	1	0.0
1239	1257	1	0.0
1233	1226	1	0.0
1475	1486	1	0.0
1349	1375	1	0.0
1281	1268	1	0.0
1350	1375	1	0.0
1241	1255	1	0.0
1225	1232	1	0.0
1257	1264	1	0.0
1258	1249	1	0.0
1257	1265	1	0.0
1292	1292	1	0.0
1273	1260	1	0.0
1263	1278	1	0.0
1263	1254	1	0.0
1233	1227	1	0.0
1241	1256	1	0.0
1253	1236	1	0.0
1349	1376	1	0.0
1255	1241	1	0.0
1352	1373	1	0.0
1475	1487	1	0.0
1228	1219	1	0.0
1257	1266	1	0.0
1331	1331	1	0.0
1350	1376	1	0.0
1286	1286	1	0.0
1241	1257	1	0.0
1273	1261	1	0.0
1270	1258	1	0.0
1366	1366	1	0.0
1253	1237	1	0.0
1268	1268	1	0.0
1257	1267	1	0.0
1328	1328	1	0.0
1475	1488	1	0.0
1352	1374	1	0.0
1228	1220	1	0.0
1277	1277	1	0.0
1304	1304	1	0.0
1270	1259	1	0.0
1257	1268	1	0.0
1320	1320	1	0.0
1313	1320	1	0.0
1352	1375	1	0.0
1228	1221	1	0.0
1228	1228	1	0.0
1313	1321	1	0.0
1228	1222	1	0.0
1241	1228	1	0.0
1221	1221	1	0.0
1368	1368	1	0.0
1352	1376	1	0.0
1351	1351	1	0.0
1241	1229	1	0.0
1284	1284	1	0.0
1324	1324	1	0.0
1315	1311	1	0.0
1353	1373	1	0.0
1349	1349	1	0.0
1353	1374	1	0.0
1213	1213	1	0.0
1356	1374	1	0.0
1228	1223	1	0.0
1262	1274	1	0.0
1354	1373	1	0.0
1293	1293	1	0.0
1315	1315	1	0.0
1206	1186	1	0.0
1328	1334	1	0.0
1221	1228	1	0.0
1353	1375	1	0.0
1354	1374	1	0.0
1325	1314	1	0.0
1328	1335	1	0.0
1281	1281	1	0.0
1354	1375	1	0.0
1355	1373	1	0.0
1243	1255	1	0.0
1351	1373	1	0.0
1206	1187	1	0.0
1257	1239	1	0.0
1287	1287	1	0.0
1354	1376	1	0.0
1355	1374	1	0.0
1351	1374	1	0.0
1257	1240	1	0.0
1243	1256	1	0.0
1353	1376	1	0.0
1355	1375	1	0.0
1351	1375	1	0.0
1257	1241	1	0.0
1350	1350	1	0.0
1243	1257	1	0.0
1356	1375	1	0.0
1279	1264	1	0.0
1355	1376	1	0.0
1351	1376	1	0.0
1321	1313	1	0.0
1257	1242	1	0.0
1264	1255	1	0.0
1369	1369	1	0.0
1356	1376	1	0.0
1279	1265	1	0.0
1278	1262	1	0.0
1257	1243	1	0.0
1264	1256	1	0.0
1325	1325	1	0.0
1206	1188	1	0.0
1279	1266	1	0.0
1305	1305	1	0.0
1358	1377	1	0.0
1206	1189	1	0.0
1206	1190	1	0.0
1352	1352	1	0.0
1332	1332	1	0.0
1266	1266	1	0.0
1359	1359	1	0.0
1329	1329	1	0.0
1228	1239	1	0.0
1278	1263	1	0.0
1358	1378	1	0.0
1228	1240	1	0.0
1329	1334	1	0.0
1288	1288	1	0.0
1262	1275	1	0.0
1229	1219	1	0.0
1329	1335	1	0.0
1228	1241	1	0.0
1365	1365	1	0.0
1262	1276	1	0.0
1229	1220	1	0.0
1371	1371	1	0.0
1264	1257	1	0.0
1367	1367	1	0.0
1228	1242	1	0.0
1262	1277	1	0.0
1229	1221	1	0.0
1319	1319	1	0.0
1228	1243	1	0.0
1229	1222	1	0.0
1262	1278	1	0.0
1266	1279	1	0.0
1359	1377	1	0.0
1229	1223	1	0.0
1360	1360	1	0.0
1228	1244	1	0.0
1266	1280	1	0.0
1364	1377	1	0.0
1322	1314	1	0.0
1359	1378	1	0.0
1372	1372	1	0.0
1363	1363	1	0.0
1264	1264	1	0.0
1353	1353	1	0.0
1266	1281	1	0.0
1228	1245	1	0.0
1364	1378	1	0.0
1367	1380	1	0.0
1356	1356	1	0.0
1242	1228	1	0.0
1333	1326	1	0.0
1370	1370	1	0.0
1367	1381	1	0.0
1232	1225	1	0.0
1333	1327	1	0.0
1242	1229	1	0.0
1229	1229	1	0.0
1358	1358	1	0.0
1373	1349	1	0.0
1271	1258	1	0.0
1278	1278	1	0.0
1322	1322	1	0.0
1366	1379	1	0.0
1369	1379	1	0.0
1271	1259	1	0.0
1239	1228	1	0.0
1360	1377	1	0.0
1355	1355	1	0.0
1357	1357	1	0.0
1366	1380	1	0.0
1239	1229	1	0.0
1369	1380	1	0.0
1360	1378	1	0.0
1363	1377	1	0.0
1356	1373	1	0.0
1280	1264	1	0.0
1366	1381	1	0.0
1369	1381	1	0.0
1363	1378	1	0.0
1375	1375	1	0.0
1374	1349	1	0.0
1280	1265	1	0.0
1376	1349	1	0.0
1268	1279	1	0.0
1374	1350	1	0.0
1376	1350	1	0.0
1268	1280	1	0.0
1374	1351	1	0.0
1381	1365	1	0.0
1376	1351	1	0.0
1268	1281	1	0.0
1372	1382	1	0.0
1265	1255	1	0.0
1357	1373	1	0.0
1374	1352	1	0.0
1379	1367	1	0.0
1381	1366	1	0.0
1258	1269	1	0.0
1376	1352	1	0.0
1372	1383	1	0.0
1379	1368	1	0.0
1357	1374	1	0.0
1265	1256	1	0.0
1374	1353	1	0.0
1381	1367	1	0.0
1258	1270	1	0.0
1370	1382	1	0.0
1377	1358	1	0.0
1379	1369	1	0.0
1376	1353	1	0.0
1357	1375	1	0.0
1265	1257	1	0.0
1374	1354	1	0.0
1381	1368	1	0.0
1370	1383	1	0.0
1258	1271	1	0.0
1377	1359	1	0.0
1257	1244	1	0.0
1376	1354	1	0.0
1381	1369	1	0.0
1383	1370	1	0.0
1279	1267	1	0.0
1377	1360	1	0.0
1374	1355	1	0.0
1365	1379	1	0.0
1376	1355	1	0.0
1376	1376	1	0.0
1257	1245	1	0.0
1377	1361	1	0.0
1279	1268	1	0.0
1379	1396	1	0.0
1365	1380	1	0.0
1379	1379	1	0.0
1383	1371	1	0.0
1374	1356	1	0.0
1377	1362	1	0.0
1376	1356	1	0.0
1229	1239	1	0.0
1387	1373	1	0.0
1374	1357	1	0.0
1383	1372	1	0.0
1365	1381	1	0.0
1361	1361	1	0.0
1377	1363	1	0.0
1376	1357	1	0.0
1229	1240	1	0.0
1357	1376	1	0.0
1387	1374	1	0.0
1377	1364	1	0.0
1376	1384	1	0.0
1387	1375	1	0.0
1229	1241	1	0.0
1380	1395	1	0.0
1333	1333	1	0.0
1387	1376	1	0.0
1321	1321	1	0.0
1376	1385	1	0.0
1229	1242	1	0.0
1381	1381	1	0.0
1373	1350	1	0.0
1380	1396	1	0.0
1374	1374	1	0.0
1376	1386	1	0.0
1317	1317	1	0.0
1229	1243	1	0.0
1373	1351	1	0.0
1376	1387	1	0.0
1386	1373	1	0.0
1381	1395	1	0.0
1323	1314	1	0.0
1383	1383	1	0.0
1279	1279	1	0.0
1255	1264	1	0.0
1373	1352	1	0.0
1229	1244	1	0.0
1243	1228	1	0.0
1375	1384	1	0.0
1376	1388	1	0.0
1386	1374	1	0.0
1255	1265	1	0.0
1243	1229	1	0.0
1373	1353	1	0.0
1229	1245	1	0.0
1375	1385	1	0.0
1386	1375	1	0.0
1264	1279	1	0.0
1255	1266	1	0.0
1316	1311	1	0.0
1373	1354	1	0.0
1386	1376	1	0.0
1255	1267	1	0.0
1264	1280	1	0.0
1373	1355	1	0.0
1377	1377	1	0.0
1382	1399	1	0.0
1362	1362	1	0.0
1375	1386	1	0.0
1255	1268	1	0.0
1373	1356	1	0.0
1306	1306	1	0.0
1375	1387	1	0.0
1264	1281	1	0.0
1266	1255	1	0.0
1307	1307	1	0.0
1375	1388	1	0.0
1282	1282	1	0.0
1381	1396	1	0.0
1373	1357	1	0.0
1289	1289	1	0.0
1399	1382	1	0.0
1397	1397	1	0.0
1390	1390	1	0.0
1361	1377	1	0.0
1361	1378	1	0.0
1402	1382	1	0.0
1398	1382	1	0.0
1402	1383	1	0.0
1398	1383	1	0.0
1374	1384	1	0.0
1374	1385	1	0.0
1252	1262	1	0.0
1399	1383	1	0.0
1398	1398	1	0.0
1400	1400	1	0.0
1375	1349	1	0.0
1252	1263	1	0.0
1374	1386	1	0.0
1386	1386	1	0.0
1375	1350	1	0.0
1380	1365	1	0.0
1374	1387	1	0.0
1375	1351	1	0.0
1375	1352	1	0.0
1391	1391	1	0.0
1380	1366	1	0.0
1374	1388	1	0.0
1375	1353	1	0.0
1380	1367	1	0.0
1402	1402	1	0.0
1401	1382	1	0.0
1307	1313	1	0.0
1379	1365	1	0.0
1375	1354	1	0.0
1380	1380	1	0.0
1380	1368	1	0.0
1399	1399	1	0.0
1383	1397	1	0.0
1373	1373	1	0.0
1375	1355	1	0.0
1401	1383	1	0.0
1379	1366	1	0.0
1378	1358	1	0.0
1380	1369	1	0.0
1375	1356	1	0.0
1378	1359	1	0.0
1379	1395	1	0.0
1375	1357	1	0.0
1378	1360	1	0.0
1311	1311	1	0.0
1395	1379	1	0.0
1387	1387	1	0.0
1378	1361	1	0.0
1314	1322	1	0.0
1384	1373	1	0.0
1392	1392	1	0.0
1385	1373	1	0.0
1397	1382	1	0.0
1395	1380	1	0.0
1378	1362	1	0.0
1314	1323	1	0.0
1384	1374	1	0.0
1368	1379	1	0.0
1308	1308	1	0.0
1385	1374	1	0.0
1395	1381	1	0.0
1403	1420	1	0.0
1397	1383	1	0.0
1314	1324	1	0.0
1378	1363	1	0.0
1384	1375	1	0.0
1400	1382	1	0.0
1367	1379	1	0.0
1368	1380	1	0.0
1385	1375	1	0.0
1378	1364	1	0.0
1314	1325	1	0.0
1403	1421	1	0.0
1400	1383	1	0.0
1266	1256	1	0.0
1384	1376	1	0.0
1389	1389	1	0.0
1368	1381	1	0.0
1410	1410	1	0.0
1407	1420	1	0.0
1403	1422	1	0.0
1308	1313	1	0.0
1382	1382	1	0.0
1414	1414	1	0.0
1362	1377	1	0.0
1266	1257	1	0.0
1317	1312	1	0.0
1385	1376	1	0.0
1301	1301	1	0.0
1419	1419	1	0.0
1362	1378	1	0.0
1418	1418	1	0.0
1421	1421	1	0.0
1382	1400	1	0.0
1415	1415	1	0.0
1354	1354	1	0.0
1411	1411	1	0.0
1410	1423	1	0.0
1382	1397	1	0.0
1382	1401	1	0.0
1410	1424	1	0.0
1382	1398	1	0.0
1274	1262	1	0.0
1414	1423	1	0.0
1385	1385	1	0.0
1382	1402	1	0.0
1417	1435	1	0.0
1410	1425	1	0.0
1414	1424	1	0.0
1415	1426	1	0.0
1417	1436	1	0.0
1414	1425	1	0.0
1393	1377	1	0.0
1407	1421	1	0.0
1415	1427	1	0.0
1417	1437	1	0.0
1411	1423	1	0.0
1393	1378	1	0.0
1407	1422	1	0.0
1417	1438	1	0.0
1411	1424	1	0.0
1401	1401	1	0.0
1416	1434	1	0.0
1417	1417	1	0.0
1425	1410	1	0.0
1411	1425	1	0.0
1416	1435	1	0.0
1425	1411	1	0.0
1334	1328	1	0.0
1425	1412	1	0.0
1433	1415	1	0.0
1416	1436	1	0.0
1334	1329	1	0.0
1388	1373	1	0.0
1384	1384	1	0.0
1425	1413	1	0.0
1364	1364	1	0.0
1383	1398	1	0.0
1425	1425	1	0.0
1388	1374	1	0.0
1425	1414	1	0.0
1383	1399	1	0.0
1388	1375	1	0.0
1334	1334	1	0.0
1383	1400	1	0.0
1388	1376	1	0.0
1420	1439	1	0.0
1383	1401	1	0.0
1432	1432	1	0.0
1394	1394	1	0.0
1335	1328	1	0.0
1420	1440	1	0.0
1383	1402	1	0.0
1335	1329	1	0.0
1426	1415	1	0.0
1391	1377	1	0.0
1393	1393	1	0.0
1391	1378	1	0.0
1423	1443	1	0.0
1335	1335	1	0.0
1436	1416	1	0.0
1438	1419	1	0.0
1436	1417	1	0.0
1412	1412	1	0.0
1416	1437	1	0.0
1434	1434	1	0.0
1377	1389	1	0.0
1388	1388	1	0.0
1436	1418	1	0.0
1416	1438	1	0.0
1377	1390	1	0.0
1415	1428	1	0.0
1436	1419	1	0.0
1309	1309	1	0.0
1415	1429	1	0.0
1377	1391	1	0.0
1377	1392	1	0.0
1415	1430	1	0.0
1412	1423	1	0.0
1422	1422	1	0.0
1428	1428	1	0.0
1424	1424	1	0.0
1377	1393	1	0.0
1415	1431	1	0.0
1433	1433	1	0.0
1378	1378	1	0.0
1309	1313	1	0.0
1412	1424	1	0.0
1274	1263	1	0.0
1429	1429	1	0.0
1395	1395	1	0.0
1415	1432	1	0.0
1390	1377	1	0.0
1377	1394	1	0.0
1412	1425	1	0.0
1425	1441	1	0.0
1415	1433	1	0.0
1390	1378	1	0.0
1382	1370	1	0.0
1425	1442	1	0.0
1413	1413	1	0.0
1422	1403	1	0.0
1440	1421	1	0.0
1439	1439	1	0.0
1425	1443	1	0.0
1382	1371	1	0.0
1274	1274	1	0.0
1416	1416	1	0.0
1422	1404	1	0.0
1440	1422	1	0.0
1420	1420	1	0.0
1428	1444	1	0.0
1382	1372	1	0.0
1437	1416	1	0.0
1373	1384	1	0.0
1424	1441	1	0.0
1441	1441	1	0.0
1422	1405	1	0.0
1373	1385	1	0.0
1428	1445	1	0.0
1427	1427	1	0.0
1437	1417	1	0.0
1422	1439	1	0.0
1424	1442	1	0.0
1422	1406	1	0.0
1404	1404	1	0.0
1373	1386	1	0.0
1439	1420	1	0.0
1437	1418	1	0.0
1422	1440	1	0.0
1310	1310	1	0.0
1424	1443	1	0.0
1422	1407	1	0.0
1413	1423	1	0.0
1373	1387	1	0.0
1439	1421	1	0.0
1440	1440	1	0.0
1437	1419	1	0.0
1435	1416	1	0.0
1421	1439	1	0.0
1422	1408	1	0.0
1436	1436	1	0.0
1439	1422	1	0.0
1310	1314	1	0.0
1421	1440	1	0.0
1435	1417	1	0.0
1422	1409	1	0.0
1435	1418	1	0.0
1435	1419	1	0.0
1392	1377	1	0.0
1426	1426	1	0.0
1430	1430	1	0.0
1443	1443	1	0.0
1445	1426	1	0.0
1392	1378	1	0.0
1445	1427	1	0.0
1429	1415	1	0.0
1445	1428	1	0.0
1452	1452	1	0.0
1445	1429	1	0.0
1456	1468	1	0.0
1445	1430	1	0.0
1456	1469	1	0.0
1445	1431	1	0.0
1311	1315	1	0.0
1464	1464	1	0.0
1408	1408	1	0.0
1456	1470	1	0.0
1445	1432	1	0.0
1404	1420	1	0.0
1311	1316	1	0.0
1456	1471	1	0.0
1430	1444	1	0.0
1427	1444	1	0.0
1457	1457	1	0.0
1442	1423	1	0.0
1445	1433	1	0.0
1404	1421	1	0.0
1456	1472	1	0.0
1313	1307	1	0.0
1430	1445	1	0.0
1427	1445	1	0.0
1442	1424	1	0.0
1438	1438	1	0.0
1404	1422	1	0.0
1313	1308	1	0.0
1440	1420	1	0.0
1413	1424	1	0.0
1442	1425	1	0.0
1459	1459	1	0.0
1313	1309	1	0.0
1373	1388	1	0.0
1413	1425	1	0.0
1408	1420	1	0.0
1441	1423	1	0.0
1460	1460	1	0.0
1408	1421	1	0.0
1441	1424	1	0.0
1445	1445	1	0.0
1468	1455	1	0.0
1318	1312	1	0.0
1418	1434	1	0.0
1408	1422	1	0.0
1464	1450	1	0.0
1441	1425	1	0.0
1471	1471	1	0.0
1472	1472	1	0.0
1464	1451	1	0.0
1450	1450	1	0.0
1468	1456	1	0.0
1456	1456	1	0.0
1418	1435	1	0.0
1471	1455	1	0.0
1442	1442	1	0.0
1464	1452	1	0.0
1418	1436	1	0.0
1471	1456	1	0.0
1371	1382	1	0.0
1464	1453	1	0.0
1465	1450	1	0.0
1418	1437	1	0.0
1475	1475	1	0.0
1461	1461	1	0.0
1371	1383	1	0.0
1464	1454	1	0.0
1423	1410	1	0.0
1427	1415	1	0.0
1465	1451	1	0.0
1472	1455	1	0.0
1418	1438	1	0.0
1467	1455	1	0.0
1423	1411	1	0.0
1465	1452	1	0.0
1472	1456	1	0.0
1443	1423	1	0.0
1484	1474	1	0.0
1467	1456	1	0.0
1423	1412	1	0.0
1405	1405	1	0.0
1423	1423	1	0.0
1465	1453	1	0.0
1443	1424	1	0.0
1423	1413	1	0.0
1477	1477	1	0.0
1465	1454	1	0.0
1443	1425	1	0.0
1430	1415	1	0.0
1396	1379	1	0.0
1419	1434	1	0.0
1396	1380	1	0.0
1468	1468	1	0.0
1423	1441	1	0.0
1429	1444	1	0.0
1326	1326	1	0.0
1478	1478	1	0.0
1419	1435	1	0.0
1423	1414	1	0.0
1396	1381	1	0.0
1423	1442	1	0.0
1429	1445	1	0.0
1419	1436	1	0.0
1405	1420	1	0.0
1492	1475	1	0.0
1458	1458	1	0.0
1405	1421	1	0.0
1419	1437	1	0.0
1405	1422	1	0.0
1483	1474	1	0.0
1419	1438	1	0.0
1473	1473	1	0.0
1435	1435	1	0.0
1480	1480	1	0.0
1454	1462	1	0.0
1465	1465	1	0.0
1454	1463	1	0.0
1473	1478	1	0.0
1491	1475	1	0.0
1452	1462	1	0.0
1454	1464	1	0.0
1452	1463	1	0.0
1473	1479	1	0.0
1454	1465	1	0.0
1396	1396	1	0.0
1452	1464	1	0.0
1326	1333	1	0.0
1454	1466	1	0.0
1473	1480	1	0.0
1394	1377	1	0.0
1394	1378	1	0.0
1473	1481	1	0.0
1473	1482	1	0.0
1492	1492	1	0.0
1469	1455	1	0.0
1417	1434	1	0.0
1406	1406	1	0.0
1455	1455	1	0.0
1469	1456	1	0.0
1493	1475	1	0.0
1474	1474	1	0.0
1432	1444	1	0.0
1491	1491	1	0.0
1434	1416	1	0.0
1432	1445	1	0.0
1434	1417	1	0.0
1409	1409	1	0.0
1434	1418	1	0.0
1487	1487	1	0.0
1467	1467	1	0.0
1434	1419	1	0.0
1406	1420	1	0.0
1455	1467	1	0.0
1475	1489	1	0.0
1406	1421	1	0.0
1455	1468	1	0.0
1475	1490	1	0.0
1319	1312	1	0.0
1482	1482	1	0.0
1475	1491	1	0.0
1455	1469	1	0.0
1406	1422	1	0.0
1475	1492	1	0.0
1455	1470	1	0.0
1474	1483	1	0.0
1409	1420	1	0.0
1475	1493	1	0.0
1455	1471	1	0.0
1409	1421	1	0.0
1455	1472	1	0.0
1484	1484	1	0.0
1480	1473	1	0.0
1469	1469	1	0.0
1431	1431	1	0.0
1409	1422	1	0.0
1476	1476	1	0.0
1488	1474	1	0.0
1470	1455	1	0.0
1437	1437	1	0.0
1470	1456	1	0.0
1485	1474	1	0.0
1407	1407	1	0.0
1488	1488	1	0.0
1424	1410	1	0.0
1424	1411	1	0.0
1424	1412	1	0.0
1470	1470	1	0.0
1489	1475	1	0.0
1431	1415	1	0.0
1424	1413	1	0.0
1485	1485	1	0.0
1424	1414	1	0.0
1481	1473	1	0.0
1489	1489	1	0.0
1481	1481	1	0.0
1486	1474	1	0.0
1420	1403	1	0.0
1420	1404	1	0.0
1420	1405	1	0.0
1420	1406	1	0.0
1420	1407	1	0.0
1420	1408	1	0.0
1420	1409	1	0.0
1482	1473	1	0.0
1486	1486	1	0.0
1432	1415	1	0.0
1487	1474	1	0.0
1421	1403	1	0.0
1421	1404	1	0.0
1421	1405	1	0.0
1421	1406	1	0.0
1421	1407	1	0.0
1421	1408	1	0.0
1421	1409	1	0.0
1483	1483	1	0.0
1403	1403	1	0.0
1452	1465	1	0.0
1479	1479	1	0.0
1452	1466	1	0.0
1466	1450	1	0.0
1466	1451	1	0.0
1466	1452	1	0.0
1466	1453	1	0.0
1466	1454	1	0.0
1490	1475	1	0.0
1493	1493	1	0.0
1428	1415	1	0.0
1431	1444	1	0.0
1431	1445	1	0.0
1474	1484	1	0.0
1450	1462	1	0.0
1456	1467	1	0.0
1450	1463	1	0.0
1474	1485	1	0.0
1438	1416	1	0.0
1450	1464	1	0.0
1474	1486	1	0.0
1438	1417	1	0.0
1474	1487	1	0.0
1438	1418	1	0.0
1474	1488	1	0.0
1378	1389	1	0.0
1453	1453	1	0.0
1378	1390	1	0.0
1466	1466	1	0.0
1450	1465	1	0.0
1378	1391	1	0.0
1450	1466	1	0.0
1378	1392	1	0.0
1389	1377	1	0.0
1389	1378	1	0.0
1453	1462	1	0.0
1453	1463	1	0.0
1490	1490	1	0.0
1453	1464	1	0.0
1378	1393	1	0.0
1378	1394	1	0.0
1453	1465	1	0.0
1453	1466	1	0.0
1462	1450	1	0.0
1433	1444	1	0.0
1462	1451	1	0.0
1433	1445	1	0.0
1462	1452	1	0.0
1462	1453	1	0.0
1444	1426	1	0.0
1462	1454	1	0.0
1444	1427	1	0.0
1444	1428	1	0.0
1444	1429	1	0.0
1462	1462	1	0.0
1444	1430	1	0.0
1426	1444	1	0.0
1444	1431	1	0.0
1426	1445	1	0.0
1444	1432	1	0.0
1444	1433	1	0.0
1451	1451	1	0.0
1444	1444	1	0.0
1463	1450	1	0.0
1478	1473	1	0.0
1451	1462	1	0.0
1463	1451	1	0.0
1451	1463	1	0.0
1463	1452	1	0.0
1451	1464	1	0.0
1463	1453	1	0.0
1463	1454	1	0.0
1451	1465	1	0.0
1451	1466	1	0.0
1454	1454	1	0.0
1463	1463	1	0.0
1479	1473	1	0.0
1184	1197	4	0.0
1183	1197	4	0.0
1184	1198	4	0.0
1183	1198	4	0.0
1185	1197	4	0.0
1186	1199	4	0.0
1185	1198	4	0.0
1186	1200	4	0.0
1186	1201	4	0.0
1188	1199	4	0.0
1188	1200	4	0.0
1188	1201	4	0.0
1189	1199	4	0.0
1189	1200	4	0.0
1189	1201	4	0.0
1193	1202	4	0.0
1191	1202	4	0.0
1193	1203	4	0.0
1191	1203	4	0.0
1190	1199	4	0.0
1193	1204	4	0.0
1191	1204	4	0.0
1190	1200	4	0.0
1193	1205	4	0.0
1191	1205	4	0.0
1190	1201	4	0.0
1191	1206	4	0.0
1193	1206	4	0.0
1187	1199	4	0.0
1187	1200	4	0.0
1187	1201	4	0.0
1197	1207	4	0.0
1197	1208	4	0.0
1197	1209	4	0.0
1194	1202	4	0.0
1197	1210	4	0.0
1194	1203	4	0.0
1194	1204	4	0.0
1194	1205	4	0.0
1194	1206	4	0.0
1200	1211	4	0.0
1192	1202	4	0.0
1192	1203	4	0.0
1192	1204	4	0.0
1192	1205	4	0.0
1192	1206	4	0.0
1199	1211	4	0.0
1195	1202	4	0.0
1195	1203	4	0.0
1201	1211	4	0.0
1195	1204	4	0.0
1195	1205	4	0.0
1195	1206	4	0.0
1198	1207	4	0.0
1216	1225	4	0.0
1198	1208	4	0.0
1198	1209	4	0.0
1198	1210	4	0.0
1227	1232	4	0.0
1219	1226	4	0.0
1219	1227	4	0.0
1217	1225	4	0.0
1212	1219	4	0.0
1228	1233	4	0.0
1212	1220	4	0.0
1228	1234	4	0.0
1212	1221	4	0.0
1228	1235	4	0.0
1220	1226	4	0.0
1232	1249	4	0.0
1228	1236	4	0.0
1220	1227	4	0.0
1212	1222	4	0.0
1196	1202	4	0.0
1228	1237	4	0.0
1212	1223	4	0.0
1196	1203	4	0.0
1228	1238	4	0.0
1196	1204	4	0.0
1196	1205	4	0.0
1213	1219	4	0.0
1196	1206	4	0.0
1221	1226	4	0.0
1213	1220	4	0.0
1221	1227	4	0.0
1213	1221	4	0.0
1213	1222	4	0.0
1232	1246	4	0.0
1218	1225	4	0.0
1213	1223	4	0.0
1232	1247	4	0.0
1222	1226	4	0.0
1232	1248	4	0.0
1222	1227	4	0.0
1214	1219	4	0.0
1214	1220	4	0.0
1229	1233	4	0.0
1229	1234	4	0.0
1214	1221	4	0.0
1229	1235	4	0.0
1223	1226	4	0.0
1229	1236	4	0.0
1223	1227	4	0.0
1229	1237	4	0.0
1214	1222	4	0.0
1229	1238	4	0.0
1214	1223	4	0.0
1224	1228	4	0.0
1233	1250	4	0.0
1224	1229	4	0.0
1233	1251	4	0.0
1215	1224	4	0.0
1225	1230	4	0.0
1230	1239	4	0.0
1225	1231	4	0.0
1230	1240	4	0.0
1230	1241	4	0.0
1234	1250	4	0.0
1230	1242	4	0.0
1230	1243	4	0.0
1230	1244	4	0.0
1234	1251	4	0.0
1230	1245	4	0.0
1226	1232	4	0.0
1231	1239	4	0.0
1235	1251	4	0.0
1231	1240	4	0.0
1231	1241	4	0.0
1231	1242	4	0.0
1231	1243	4	0.0
1231	1244	4	0.0
1231	1245	4	0.0
1236	1250	4	0.0
1236	1251	4	0.0
1237	1250	4	0.0
1237	1251	4	0.0
1238	1250	4	0.0
1238	1251	4	0.0
1235	1250	4	0.0
1239	1252	4	0.0
1239	1253	4	0.0
1239	1254	4	0.0
1241	1252	4	0.0
1241	1253	4	0.0
1241	1254	4	0.0
1243	1252	4	0.0
1243	1253	4	0.0
1243	1254	4	0.0
1245	1252	4	0.0
1245	1253	4	0.0
1245	1254	4	0.0
1240	1252	4	0.0
1240	1253	4	0.0
1242	1252	4	0.0
1240	1254	4	0.0
1249	1255	4	0.0
1242	1253	4	0.0
1242	1254	4	0.0
1246	1255	4	0.0
1249	1256	4	0.0
1246	1256	4	0.0
1249	1257	4	0.0
1246	1257	4	0.0
1244	1252	4	0.0
1244	1253	4	0.0
1244	1254	4	0.0
1252	1260	4	0.0
1252	1261	4	0.0
1255	1262	4	0.0
1255	1263	4	0.0
1247	1255	4	0.0
1247	1256	4	0.0
1250	1258	4	0.0
1247	1257	4	0.0
1250	1259	4	0.0
1260	1269	4	0.0
1260	1270	4	0.0
1260	1271	4	0.0
1262	1272	4	0.0
1262	1273	4	0.0
1256	1262	4	0.0
1256	1263	4	0.0
1253	1260	4	0.0
1261	1269	4	0.0
1261	1270	4	0.0
1263	1272	4	0.0
1253	1261	4	0.0
1261	1271	4	0.0
1263	1273	4	0.0
1248	1255	4	0.0
1248	1256	4	0.0
1266	1278	4	0.0
1248	1257	4	0.0
1251	1258	4	0.0
1251	1259	4	0.0
1257	1262	4	0.0
1257	1263	4	0.0
1266	1274	4	0.0
1266	1275	4	0.0
1264	1274	4	0.0
1266	1276	4	0.0
1266	1277	4	0.0
1264	1275	4	0.0
1264	1276	4	0.0
1264	1277	4	0.0
1254	1260	4	0.0
1269	1279	4	0.0
1264	1278	4	0.0
1254	1261	4	0.0
1269	1280	4	0.0
1269	1281	4	0.0
1258	1264	4	0.0
1258	1265	4	0.0
1258	1266	4	0.0
1258	1267	4	0.0
1258	1268	4	0.0
1267	1274	4	0.0
1267	1275	4	0.0
1267	1276	4	0.0
1267	1277	4	0.0
1270	1279	4	0.0
1270	1280	4	0.0
1267	1278	4	0.0
1270	1281	4	0.0
1259	1264	4	0.0
1259	1265	4	0.0
1259	1266	4	0.0
1284	1293	4	0.0
1259	1267	4	0.0
1259	1268	4	0.0
1265	1274	4	0.0
1282	1293	4	0.0
1285	1293	4	0.0
1265	1275	4	0.0
1265	1276	4	0.0
1265	1277	4	0.0
1271	1279	4	0.0
1271	1280	4	0.0
1265	1278	4	0.0
1271	1281	4	0.0
1283	1293	4	0.0
1268	1274	4	0.0
1268	1275	4	0.0
1268	1276	4	0.0
1268	1277	4	0.0
1268	1278	4	0.0
1307	1312	4	0.0
1308	1312	4	0.0
1316	1322	4	0.0
1309	1312	4	0.0
1316	1323	4	0.0
1316	1324	4	0.0
1316	1325	4	0.0
1310	1313	4	0.0
1311	1314	4	0.0
1312	1315	4	0.0
1312	1316	4	0.0
1313	1317	4	0.0
1313	1318	4	0.0
1313	1319	4	0.0
1314	1320	4	0.0
1314	1321	4	0.0
1315	1322	4	0.0
1315	1323	4	0.0
1315	1324	4	0.0
1315	1325	4	0.0
1326	1332	4	0.0
1327	1332	4	0.0
1328	1333	4	0.0
1349	1371	4	0.0
1349	1372	4	0.0
1349	1370	4	0.0
1329	1333	4	0.0
1351	1370	4	0.0
1351	1371	4	0.0
1351	1372	4	0.0
1350	1370	4	0.0
1350	1371	4	0.0
1350	1372	4	0.0
1330	1334	4	0.0
1352	1370	4	0.0
1330	1335	4	0.0
1352	1371	4	0.0
1352	1372	4	0.0
1331	1334	4	0.0
1331	1335	4	0.0
1353	1370	4	0.0
1353	1371	4	0.0
1353	1372	4	0.0
1354	1370	4	0.0
1354	1371	4	0.0
1354	1372	4	0.0
1355	1370	4	0.0
1355	1371	4	0.0
1355	1372	4	0.0
1356	1370	4	0.0
1356	1371	4	0.0
1356	1372	4	0.0
1357	1370	4	0.0
1357	1371	4	0.0
1357	1372	4	0.0
1358	1373	4	0.0
1358	1374	4	0.0
1358	1375	4	0.0
1359	1375	4	0.0
1358	1376	4	0.0
1359	1376	4	0.0
1359	1373	4	0.0
1359	1374	4	0.0
1360	1373	4	0.0
1360	1374	4	0.0
1360	1375	4	0.0
1360	1376	4	0.0
1362	1373	4	0.0
1361	1373	4	0.0
1361	1374	4	0.0
1363	1373	4	0.0
1362	1374	4	0.0
1361	1375	4	0.0
1362	1375	4	0.0
1363	1374	4	0.0
1361	1376	4	0.0
1362	1376	4	0.0
1363	1375	4	0.0
1363	1376	4	0.0
1364	1373	4	0.0
1364	1374	4	0.0
1364	1375	4	0.0
1364	1376	4	0.0
1366	1377	4	0.0
1366	1378	4	0.0
1365	1377	4	0.0
1368	1377	4	0.0
1365	1378	4	0.0
1368	1378	4	0.0
1370	1381	4	0.0
1369	1377	4	0.0
1369	1378	4	0.0
1367	1377	4	0.0
1367	1378	4	0.0
1372	1379	4	0.0
1370	1379	4	0.0
1372	1380	4	0.0
1370	1380	4	0.0
1372	1381	4	0.0
1373	1382	4	0.0
1373	1383	4	0.0
1374	1382	4	0.0
1377	1387	4	0.0
1374	1383	4	0.0
1377	1388	4	0.0
1378	1384	4	0.0
1371	1379	4	0.0
1378	1385	4	0.0
1378	1386	4	0.0
1371	1380	4	0.0
1378	1387	4	0.0
1371	1381	4	0.0
1378	1388	4	0.0
1375	1382	4	0.0
1375	1383	4	0.0
1380	1389	4	0.0
1380	1390	4	0.0
1380	1391	4	0.0
1380	1392	4	0.0
1380	1393	4	0.0
1380	1394	4	0.0
1376	1382	4	0.0
1382	1395	4	0.0
1376	1383	4	0.0
1382	1396	4	0.0
1381	1389	4	0.0
1381	1390	4	0.0
1381	1391	4	0.0
1381	1392	4	0.0
1381	1393	4	0.0
1381	1394	4	0.0
1379	1389	4	0.0
1379	1390	4	0.0
1379	1391	4	0.0
1379	1392	4	0.0
1377	1384	4	0.0
1379	1393	4	0.0
1377	1385	4	0.0
1379	1394	4	0.0
1377	1386	4	0.0
1385	1397	4	0.0
1383	1395	4	0.0
1384	1397	4	0.0
1385	1398	4	0.0
1383	1396	4	0.0
1384	1398	4	0.0
1385	1399	4	0.0
1384	1399	4	0.0
1385	1400	4	0.0
1384	1400	4	0.0
1385	1401	4	0.0
1384	1401	4	0.0
1385	1402	4	0.0
1384	1402	4	0.0
1386	1397	4	0.0
1386	1398	4	0.0
1386	1399	4	0.0
1386	1400	4	0.0
1386	1401	4	0.0
1386	1402	4	0.0
1387	1397	4	0.0
1387	1398	4	0.0
1387	1399	4	0.0
1387	1400	4	0.0
1387	1401	4	0.0
1387	1402	4	0.0
1388	1397	4	0.0
1388	1398	4	0.0
1388	1399	4	0.0
1388	1400	4	0.0
1388	1401	4	0.0
1388	1402	4	0.0
1403	1416	4	0.0
1403	1417	4	0.0
1403	1418	4	0.0
1403	1419	4	0.0
1406	1416	4	0.0
1406	1417	4	0.0
1406	1418	4	0.0
1406	1419	4	0.0
1409	1418	4	0.0
1409	1419	4	0.0
1404	1416	4	0.0
1404	1417	4	0.0
1404	1418	4	0.0
1409	1416	4	0.0
1404	1419	4	0.0
1409	1417	4	0.0
1407	1416	4	0.0
1407	1417	4	0.0
1407	1418	4	0.0
1407	1419	4	0.0
1410	1421	4	0.0
1410	1422	4	0.0
1415	1423	4	0.0
1415	1424	4	0.0
1408	1416	4	0.0
1415	1425	4	0.0
1408	1417	4	0.0
1408	1418	4	0.0
1408	1419	4	0.0
1411	1420	4	0.0
1411	1421	4	0.0
1411	1422	4	0.0
1405	1416	4	0.0
1405	1417	4	0.0
1405	1418	4	0.0
1405	1419	4	0.0
1419	1426	4	0.0
1412	1420	4	0.0
1419	1427	4	0.0
1412	1421	4	0.0
1419	1428	4	0.0
1412	1422	4	0.0
1419	1429	4	0.0
1419	1430	4	0.0
1419	1431	4	0.0
1419	1432	4	0.0
1419	1433	4	0.0
1416	1426	4	0.0
1417	1426	4	0.0
1416	1427	4	0.0
1417	1427	4	0.0
1416	1428	4	0.0
1416	1429	4	0.0
1417	1428	4	0.0
1416	1430	4	0.0
1416	1431	4	0.0
1420	1434	4	0.0
1417	1429	4	0.0
1416	1432	4	0.0
1417	1430	4	0.0
1420	1435	4	0.0
1416	1433	4	0.0
1420	1436	4	0.0
1417	1431	4	0.0
1413	1420	4	0.0
1420	1437	4	0.0
1420	1438	4	0.0
1413	1421	4	0.0
1417	1432	4	0.0
1413	1422	4	0.0
1410	1420	4	0.0
1417	1433	4	0.0
1423	1439	4	0.0
1423	1440	4	0.0
1414	1420	4	0.0
1422	1434	4	0.0
1414	1421	4	0.0
1422	1435	4	0.0
1414	1422	4	0.0
1422	1436	4	0.0
1422	1437	4	0.0
1422	1438	4	0.0
1424	1439	4	0.0
1424	1440	4	0.0
1421	1434	4	0.0
1421	1435	4	0.0
1421	1436	4	0.0
1421	1437	4	0.0
1421	1438	4	0.0
1418	1426	4	0.0
1418	1427	4	0.0
1418	1428	4	0.0
1418	1429	4	0.0
1425	1439	4	0.0
1425	1440	4	0.0
1418	1430	4	0.0
1418	1431	4	0.0
1418	1432	4	0.0
1418	1433	4	0.0
1427	1441	4	0.0
1427	1442	4	0.0
1427	1443	4	0.0
1429	1441	4	0.0
1429	1442	4	0.0
1431	1441	4	0.0
1429	1443	4	0.0
1431	1442	4	0.0
1431	1443	4	0.0
1433	1441	4	0.0
1433	1442	4	0.0
1433	1443	4	0.0
1436	1444	4	0.0
1426	1441	4	0.0
1436	1445	4	0.0
1426	1442	4	0.0
1426	1443	4	0.0
1428	1441	4	0.0
1428	1442	4	0.0
1428	1443	4	0.0
1434	1444	4	0.0
1434	1445	4	0.0
1450	1459	4	0.0
1450	1460	4	0.0
1450	1461	4	0.0
1430	1441	4	0.0
1430	1442	4	0.0
1455	1462	4	0.0
1430	1443	4	0.0
1455	1463	4	0.0
1432	1441	4	0.0
1437	1444	4	0.0
1455	1464	4	0.0
1432	1442	4	0.0
1451	1459	4	0.0
1437	1445	4	0.0
1455	1465	4	0.0
1451	1460	4	0.0
1455	1466	4	0.0
1432	1443	4	0.0
1451	1461	4	0.0
1458	1467	4	0.0
1458	1468	4	0.0
1458	1469	4	0.0
1452	1459	4	0.0
1452	1460	4	0.0
1458	1470	4	0.0
1452	1461	4	0.0
1435	1444	4	0.0
1456	1462	4	0.0
1435	1445	4	0.0
1458	1471	4	0.0
1456	1463	4	0.0
1456	1464	4	0.0
1458	1472	4	0.0
1453	1459	4	0.0
1456	1465	4	0.0
1456	1466	4	0.0
1453	1460	4	0.0
1453	1461	4	0.0
1454	1459	4	0.0
1454	1460	4	0.0
1454	1461	4	0.0
1438	1444	4	0.0
1438	1445	4	0.0
1457	1467	4	0.0
1457	1468	4	0.0
1457	1469	4	0.0
1457	1470	4	0.0
1457	1471	4	0.0
1457	1472	4	0.0
1476	1489	4	0.0
1476	1490	4	0.0
1476	1491	4	0.0
1476	1492	4	0.0
1476	1493	4	0.0
1477	1489	4	0.0
1477	1490	4	0.0
1477	1491	4	0.0
1477	1492	4	0.0
1473	1476	4	0.0
1473	1477	4	0.0
1477	1493	4	0.0
1474	1478	4	0.0
1474	1479	4	0.0
1474	1480	4	0.0
1474	1481	4	0.0
1474	1482	4	0.0
1475	1483	4	0.0
1475	1484	4	0.0
1475	1485	4	0.0
1475	1486	4	0.0
1475	1487	4	0.0
1475	1488	4	0.0
1183	1199	4	0.0
1183	1200	4	0.0
1183	1201	4	0.0
1193	1193	4	0.0
1191	1191	4	0.0
1183	1183	4	0.0
1184	1184	4	0.0
1184	1199	4	0.0
1184	1200	4	0.0
1184	1201	4	0.0
1194	1194	4	0.0
1196	1196	4	0.0
1192	1192	4	0.0
1185	1185	4	0.0
1195	1195	4	0.0
1187	1187	4	0.0
1185	1199	4	0.0
1185	1200	4	0.0
1185	1201	4	0.0
1187	1202	4	0.0
1187	1203	4	0.0
1187	1204	4	0.0
1187	1205	4	0.0
1187	1206	4	0.0
1189	1202	4	0.0
1189	1203	4	0.0
1189	1204	4	0.0
1189	1205	4	0.0
1189	1206	4	0.0
1199	1183	4	0.0
1197	1197	4	0.0
1199	1184	4	0.0
1199	1185	4	0.0
1189	1189	4	0.0
1199	1199	4	0.0
1200	1185	4	0.0
1198	1198	4	0.0
1192	1207	4	0.0
1192	1208	4	0.0
1188	1188	4	0.0
1192	1209	4	0.0
1186	1186	4	0.0
1192	1210	4	0.0
1200	1200	4	0.0
1200	1183	4	0.0
1200	1184	4	0.0
1188	1202	4	0.0
1194	1208	4	0.0
1191	1207	4	0.0
1188	1203	4	0.0
1188	1204	4	0.0
1194	1209	4	0.0
1191	1208	4	0.0
1186	1202	4	0.0
1188	1205	4	0.0
1191	1209	4	0.0
1194	1210	4	0.0
1186	1203	4	0.0
1188	1206	4	0.0
1191	1210	4	0.0
1201	1183	4	0.0
1186	1204	4	0.0
1201	1184	4	0.0
1186	1205	4	0.0
1201	1185	4	0.0
1186	1206	4	0.0
1193	1207	4	0.0
1196	1207	4	0.0
1193	1208	4	0.0
1196	1208	4	0.0
1196	1209	4	0.0
1193	1209	4	0.0
1190	1190	4	0.0
1196	1210	4	0.0
1193	1210	4	0.0
1201	1201	4	0.0
1190	1202	4	0.0
1190	1203	4	0.0
1190	1204	4	0.0
1190	1205	4	0.0
1190	1206	4	0.0
1203	1203	4	0.0
1195	1207	4	0.0
1195	1208	4	0.0
1195	1209	4	0.0
1195	1210	4	0.0
1198	1211	4	0.0
1197	1211	4	0.0
1203	1186	4	0.0
1204	1186	4	0.0
1194	1207	4	0.0
1204	1187	4	0.0
1203	1187	4	0.0
1204	1188	4	0.0
1203	1188	4	0.0
1207	1207	4	0.0
1204	1189	4	0.0
1208	1191	4	0.0
1204	1190	4	0.0
1208	1192	4	0.0
1203	1189	4	0.0
1208	1193	4	0.0
1208	1194	4	0.0
1203	1190	4	0.0
1208	1195	4	0.0
1208	1196	4	0.0
1204	1204	4	0.0
1208	1208	4	0.0
1209	1191	4	0.0
1209	1192	4	0.0
1209	1193	4	0.0
1211	1211	4	0.0
1209	1194	4	0.0
1209	1195	4	0.0
1209	1196	4	0.0
1205	1186	4	0.0
1205	1187	4	0.0
1213	1224	4	0.0
1205	1188	4	0.0
1205	1189	4	0.0
1209	1209	4	0.0
1205	1190	4	0.0
1202	1186	4	0.0
1202	1187	4	0.0
1206	1206	4	0.0
1202	1188	4	0.0
1218	1218	4	0.0
1211	1197	4	0.0
1202	1189	4	0.0
1202	1190	4	0.0
1210	1191	4	0.0
1222	1222	4	0.0
1211	1198	4	0.0
1210	1192	4	0.0
1214	1214	4	0.0
1210	1193	4	0.0
1215	1215	4	0.0
1210	1194	4	0.0
1202	1202	4	0.0
1221	1229	4	0.0
1205	1205	4	0.0
1210	1195	4	0.0
1215	1225	4	0.0
1225	1215	4	0.0
1210	1196	4	0.0
1225	1225	4	0.0
1214	1224	4	0.0
1216	1216	4	0.0
1212	1212	4	0.0
1206	1186	4	0.0
1222	1228	4	0.0
1222	1229	4	0.0
1223	1223	4	0.0
1206	1187	4	0.0
1210	1210	4	0.0
1206	1188	4	0.0
1226	1233	4	0.0
1206	1189	4	0.0
1226	1234	4	0.0
1206	1190	4	0.0
1216	1226	4	0.0
1226	1235	4	0.0
1216	1227	4	0.0
1226	1236	4	0.0
1224	1212	4	0.0
1226	1237	4	0.0
1207	1191	4	0.0
1224	1213	4	0.0
1226	1238	4	0.0
1233	1233	4	0.0
1207	1192	4	0.0
1223	1228	4	0.0
1231	1224	4	0.0
1224	1214	4	0.0
1223	1229	4	0.0
1207	1193	4	0.0
1212	1224	4	0.0
1207	1194	4	0.0
1230	1230	4	0.0
1207	1195	4	0.0
1237	1226	4	0.0
1224	1224	4	0.0
1217	1217	4	0.0
1207	1196	4	0.0
1231	1231	4	0.0
1237	1227	4	0.0
1224	1230	4	0.0
1227	1227	4	0.0
1224	1231	4	0.0
1226	1216	4	0.0
1226	1217	4	0.0
1227	1233	4	0.0
1226	1218	4	0.0
1227	1234	4	0.0
1231	1248	4	0.0
1227	1235	4	0.0
1226	1226	4	0.0
1227	1236	4	0.0
1237	1237	4	0.0
1231	1249	4	0.0
1227	1237	4	0.0
1235	1226	4	0.0
1227	1238	4	0.0
1217	1226	4	0.0
1235	1227	4	0.0
1230	1224	4	0.0
1217	1227	4	0.0
1230	1246	4	0.0
1227	1216	4	0.0
1227	1217	4	0.0
1230	1247	4	0.0
1227	1218	4	0.0
1230	1248	4	0.0
1235	1235	4	0.0
1230	1249	4	0.0
1239	1239	4	0.0
1234	1226	4	0.0
1234	1227	4	0.0
1232	1232	4	0.0
1225	1232	4	0.0
1228	1219	4	0.0
1228	1220	4	0.0
1234	1234	4	0.0
1228	1221	4	0.0
1231	1246	4	0.0
1228	1222	4	0.0
1231	1247	4	0.0
1228	1223	4	0.0
1232	1250	4	0.0
1232	1251	4	0.0
1228	1228	4	0.0
1240	1228	4	0.0
1236	1226	4	0.0
1219	1219	4	0.0
1238	1226	4	0.0
1240	1229	4	0.0
1236	1227	4	0.0
1238	1227	4	0.0
1229	1219	4	0.0
1218	1226	4	0.0
1229	1220	4	0.0
1229	1221	4	0.0
1236	1236	4	0.0
1218	1227	4	0.0
1243	1243	4	0.0
1229	1222	4	0.0
1229	1223	4	0.0
1240	1240	4	0.0
1229	1229	4	0.0
1220	1220	4	0.0
1249	1249	4	0.0
1238	1238	4	0.0
1248	1248	4	0.0
1235	1252	4	0.0
1228	1239	4	0.0
1233	1252	4	0.0
1235	1253	4	0.0
1235	1254	4	0.0
1233	1253	4	0.0
1228	1240	4	0.0
1248	1230	4	0.0
1233	1254	4	0.0
1248	1231	4	0.0
1228	1241	4	0.0
1246	1230	4	0.0
1244	1228	4	0.0
1241	1228	4	0.0
1244	1229	4	0.0
1241	1229	4	0.0
1228	1242	4	0.0
1246	1231	4	0.0
1213	1213	4	0.0
1228	1243	4	0.0
1221	1221	4	0.0
1228	1244	4	0.0
1234	1252	4	0.0
1228	1245	4	0.0
1236	1252	4	0.0
1234	1253	4	0.0
1232	1225	4	0.0
1219	1228	4	0.0
1234	1254	4	0.0
1236	1253	4	0.0
1249	1230	4	0.0
1236	1254	4	0.0
1249	1231	4	0.0
1219	1229	4	0.0
1247	1230	4	0.0
1247	1247	4	0.0
1247	1231	4	0.0
1241	1241	4	0.0
1246	1246	4	0.0
1233	1226	4	0.0
1233	1227	4	0.0
1244	1244	4	0.0
1242	1228	4	0.0
1242	1229	4	0.0
1220	1228	4	0.0
1237	1252	4	0.0
1229	1239	4	0.0
1237	1253	4	0.0
1220	1229	4	0.0
1237	1254	4	0.0
1229	1240	4	0.0
1229	1241	4	0.0
1229	1242	4	0.0
1229	1243	4	0.0
1229	1244	4	0.0
1239	1228	4	0.0
1242	1242	4	0.0
1229	1245	4	0.0
1239	1229	4	0.0
1245	1228	4	0.0
1250	1250	4	0.0
1245	1229	4	0.0
1238	1252	4	0.0
1238	1253	4	0.0
1238	1254	4	0.0
1244	1255	4	0.0
1221	1228	4	0.0
1244	1256	4	0.0
1244	1257	4	0.0
1242	1255	4	0.0
1251	1232	4	0.0
1243	1228	4	0.0
1253	1253	4	0.0
1242	1256	4	0.0
1253	1238	4	0.0
1243	1229	4	0.0
1240	1255	4	0.0
1242	1257	4	0.0
1248	1258	4	0.0
1240	1256	4	0.0
1255	1242	4	0.0
1251	1251	4	0.0
1240	1257	4	0.0
1246	1258	4	0.0
1255	1243	4	0.0
1246	1259	4	0.0
1254	1233	4	0.0
1255	1244	4	0.0
1248	1259	4	0.0
1254	1234	4	0.0
1254	1235	4	0.0
1252	1233	4	0.0
1255	1245	4	0.0
1254	1236	4	0.0
1245	1245	4	0.0
1252	1234	4	0.0
1254	1237	4	0.0
1252	1235	4	0.0
1254	1238	4	0.0
1252	1236	4	0.0
1249	1258	4	0.0
1252	1237	4	0.0
1239	1255	4	0.0
1249	1259	4	0.0
1258	1258	4	0.0
1252	1238	4	0.0
1239	1256	4	0.0
1256	1267	4	0.0
1239	1257	4	0.0
1255	1255	4	0.0
1245	1255	4	0.0
1256	1268	4	0.0
1250	1232	4	0.0
1254	1254	4	0.0
1245	1256	4	0.0
1245	1257	4	0.0
1260	1250	4	0.0
1252	1252	4	0.0
1243	1255	4	0.0
1243	1256	4	0.0
1253	1262	4	0.0
1260	1251	4	0.0
1243	1257	4	0.0
1253	1263	4	0.0
1247	1258	4	0.0
1259	1246	4	0.0
1247	1259	4	0.0
1260	1272	4	0.0
1251	1260	4	0.0
1260	1260	4	0.0
1259	1247	4	0.0
1260	1273	4	0.0
1251	1261	4	0.0
1259	1269	4	0.0
1259	1248	4	0.0
1267	1255	4	0.0
1256	1239	4	0.0
1250	1260	4	0.0
1267	1256	4	0.0
1259	1270	4	0.0
1259	1249	4	0.0
1256	1256	4	0.0
1250	1261	4	0.0
1267	1257	4	0.0
1256	1240	4	0.0
1255	1239	4	0.0
1259	1271	4	0.0
1255	1240	4	0.0
1262	1252	4	0.0
1256	1241	4	0.0
1255	1241	4	0.0
1253	1233	4	0.0
1262	1253	4	0.0
1256	1242	4	0.0
1241	1255	4	0.0
1256	1264	4	0.0
1269	1258	4	0.0
1253	1234	4	0.0
1262	1254	4	0.0
1256	1243	4	0.0
1256	1265	4	0.0
1269	1259	4	0.0
1241	1256	4	0.0
1253	1235	4	0.0
1256	1244	4	0.0
1259	1259	4	0.0
1256	1266	4	0.0
1267	1267	4	0.0
1241	1257	4	0.0
1253	1236	4	0.0
1256	1245	4	0.0
1262	1262	4	0.0
1253	1237	4	0.0
1261	1261	4	0.0
1261	1250	4	0.0
1269	1269	4	0.0
1261	1251	4	0.0
1267	1279	4	0.0
1261	1272	4	0.0
1265	1279	4	0.0
1267	1280	4	0.0
1265	1280	4	0.0
1267	1281	4	0.0
1265	1281	4	0.0
1254	1262	4	0.0
1272	1260	4	0.0
1261	1273	4	0.0
1272	1261	4	0.0
1254	1263	4	0.0
1258	1246	4	0.0
1258	1247	4	0.0
1263	1263	4	0.0
1268	1255	4	0.0
1272	1272	4	0.0
1268	1256	4	0.0
1265	1265	4	0.0
1268	1257	4	0.0
1275	1262	4	0.0
1263	1274	4	0.0
1275	1263	4	0.0
1275	1275	4	0.0
1263	1275	4	0.0
1263	1276	4	0.0
1258	1248	4	0.0
1263	1277	4	0.0
1276	1262	4	0.0
1270	1270	4	0.0
1257	1257	4	0.0
1258	1249	4	0.0
1276	1263	4	0.0
1263	1278	4	0.0
1270	1258	4	0.0
1280	1266	4	0.0
1270	1259	4	0.0
1280	1267	4	0.0
1273	1260	4	0.0
1257	1264	4	0.0
1263	1252	4	0.0
1273	1261	4	0.0
1276	1276	4	0.0
1280	1268	4	0.0
1257	1265	4	0.0
1263	1253	4	0.0
1268	1268	4	0.0
1257	1266	4	0.0
1263	1254	4	0.0
1257	1267	4	0.0
1257	1268	4	0.0
1257	1239	4	0.0
1290	1290	4	0.0
1257	1240	4	0.0
1271	1271	4	0.0
1273	1273	4	0.0
1262	1274	4	0.0
1257	1241	4	0.0
1283	1283	4	0.0
1262	1275	4	0.0
1257	1242	4	0.0
1262	1276	4	0.0
1277	1262	4	0.0
1266	1266	4	0.0
1277	1263	4	0.0
1291	1291	4	0.0
1280	1280	4	0.0
1262	1277	4	0.0
1257	1243	4	0.0
1302	1302	4	0.0
1262	1278	4	0.0
1264	1255	4	0.0
1257	1244	4	0.0
1264	1256	4	0.0
1257	1245	4	0.0
1264	1257	4	0.0
1303	1303	4	0.0
1281	1264	4	0.0
1277	1277	4	0.0
1285	1285	4	0.0
1294	1294	4	0.0
1281	1265	4	0.0
1295	1295	4	0.0
1266	1279	4	0.0
1268	1279	4	0.0
1264	1264	4	0.0
1281	1266	4	0.0
1271	1258	4	0.0
1266	1280	4	0.0
1281	1267	4	0.0
1266	1281	4	0.0
1271	1259	4	0.0
1268	1280	4	0.0
1281	1268	4	0.0
1268	1281	4	0.0
1296	1296	4	0.0
1313	1313	4	0.0
1297	1297	4	0.0
1255	1264	4	0.0
1255	1265	4	0.0
1278	1262	4	0.0
1312	1312	4	0.0
1255	1266	4	0.0
1304	1304	4	0.0
1255	1267	4	0.0
1292	1292	4	0.0
1255	1268	4	0.0
1252	1262	4	0.0
1286	1286	4	0.0
1316	1316	4	0.0
1312	1317	4	0.0
1252	1263	4	0.0
1278	1263	4	0.0
1312	1318	4	0.0
1265	1255	4	0.0
1312	1319	4	0.0
1265	1256	4	0.0
1265	1257	4	0.0
1314	1310	4	0.0
1323	1323	4	0.0
1330	1330	4	0.0
1293	1293	4	0.0
1314	1314	4	0.0
1278	1278	4	0.0
1327	1327	4	0.0
1320	1313	4	0.0
1287	1287	4	0.0
1281	1281	4	0.0
1318	1318	4	0.0
1324	1314	4	0.0
1284	1284	4	0.0
1279	1264	4	0.0
1313	1320	4	0.0
1305	1305	4	0.0
1327	1333	4	0.0
1279	1265	4	0.0
1279	1266	4	0.0
1280	1264	4	0.0
1266	1255	4	0.0
1279	1267	4	0.0
1280	1265	4	0.0
1266	1256	4	0.0
1349	1373	4	0.0
1350	1373	4	0.0
1320	1320	4	0.0
1266	1257	4	0.0
1349	1374	4	0.0
1279	1268	4	0.0
1350	1374	4	0.0
1331	1331	4	0.0
1349	1375	4	0.0
1328	1328	4	0.0
1350	1375	4	0.0
1349	1376	4	0.0
1350	1376	4	0.0
1328	1334	4	0.0
1328	1335	4	0.0
1313	1321	4	0.0
1288	1288	4	0.0
1332	1332	4	0.0
1315	1311	4	0.0
1329	1329	4	0.0
1324	1324	4	0.0
1321	1313	4	0.0
1315	1315	4	0.0
1366	1366	4	0.0
1329	1334	4	0.0
1349	1349	4	0.0
1368	1368	4	0.0
1329	1335	4	0.0
1325	1314	4	0.0
1258	1269	4	0.0
1258	1270	4	0.0
1274	1262	4	0.0
1258	1271	4	0.0
1274	1263	4	0.0
1264	1279	4	0.0
1350	1350	4	0.0
1264	1280	4	0.0
1352	1373	4	0.0
1289	1289	4	0.0
1264	1281	4	0.0
1274	1274	4	0.0
1352	1374	4	0.0
1316	1311	4	0.0
1321	1321	4	0.0
1317	1317	4	0.0
1352	1375	4	0.0
1325	1325	4	0.0
1352	1376	4	0.0
1369	1369	4	0.0
1322	1314	4	0.0
1279	1279	4	0.0
1319	1319	4	0.0
1306	1306	4	0.0
1282	1282	4	0.0
1352	1352	4	0.0
1322	1322	4	0.0
1351	1351	4	0.0
1353	1373	4	0.0
1353	1374	4	0.0
1314	1322	4	0.0
1353	1375	4	0.0
1353	1376	4	0.0
1314	1323	4	0.0
1314	1324	4	0.0
1314	1325	4	0.0
1323	1314	4	0.0
1351	1373	4	0.0
1333	1326	4	0.0
1317	1312	4	0.0
1351	1374	4	0.0
1351	1375	4	0.0
1354	1373	4	0.0
1367	1367	4	0.0
1351	1376	4	0.0
1354	1374	4	0.0
1301	1301	4	0.0
1354	1375	4	0.0
1365	1365	4	0.0
1333	1327	4	0.0
1354	1376	4	0.0
1356	1374	4	0.0
1356	1375	4	0.0
1333	1333	4	0.0
1355	1373	4	0.0
1355	1374	4	0.0
1353	1353	4	0.0
1356	1376	4	0.0
1355	1375	4	0.0
1355	1376	4	0.0
1318	1312	4	0.0
1358	1377	4	0.0
1334	1328	4	0.0
1358	1378	4	0.0
1370	1370	4	0.0
1358	1358	4	0.0
1371	1371	4	0.0
1354	1354	4	0.0
1359	1359	4	0.0
1356	1356	4	0.0
1334	1329	4	0.0
1360	1360	4	0.0
1355	1355	4	0.0
1372	1372	4	0.0
1356	1373	4	0.0
1334	1334	4	0.0
1363	1363	4	0.0
1307	1307	4	0.0
1357	1357	4	0.0
1360	1377	4	0.0
1307	1313	4	0.0
1359	1377	4	0.0
1360	1378	4	0.0
1374	1374	4	0.0
1362	1362	4	0.0
1359	1378	4	0.0
1311	1311	4	0.0
1364	1377	4	0.0
1335	1328	4	0.0
1367	1380	4	0.0
1308	1308	4	0.0
1357	1373	4	0.0
1319	1312	4	0.0
1364	1378	4	0.0
1335	1329	4	0.0
1367	1381	4	0.0
1357	1374	4	0.0
1308	1313	4	0.0
1373	1349	4	0.0
1366	1379	4	0.0
1357	1375	4	0.0
1373	1350	4	0.0
1366	1380	4	0.0
1357	1376	4	0.0
1362	1377	4	0.0
1366	1381	4	0.0
1373	1351	4	0.0
1374	1349	4	0.0
1362	1378	4	0.0
1374	1350	4	0.0
1369	1379	4	0.0
1374	1351	4	0.0
1369	1380	4	0.0
1374	1352	4	0.0
1374	1353	4	0.0
1376	1376	4	0.0
1361	1361	4	0.0
1374	1354	4	0.0
1309	1309	4	0.0
1375	1375	4	0.0
1373	1352	4	0.0
1374	1355	4	0.0
1309	1313	4	0.0
1373	1353	4	0.0
1374	1356	4	0.0
1373	1354	4	0.0
1373	1355	4	0.0
1374	1357	4	0.0
1373	1356	4	0.0
1373	1357	4	0.0
1381	1365	4	0.0
1361	1377	4	0.0
1335	1335	4	0.0
1365	1379	4	0.0
1361	1378	4	0.0
1373	1373	4	0.0
1365	1380	4	0.0
1379	1367	4	0.0
1379	1368	4	0.0
1363	1377	4	0.0
1379	1369	4	0.0
1363	1378	4	0.0
1368	1379	4	0.0
1381	1366	4	0.0
1372	1382	4	0.0
1379	1379	4	0.0
1381	1367	4	0.0
1368	1380	4	0.0
1367	1379	4	0.0
1381	1368	4	0.0
1372	1383	4	0.0
1381	1369	4	0.0
1375	1349	4	0.0
1377	1358	4	0.0
1383	1370	4	0.0
1375	1350	4	0.0
1310	1310	4	0.0
1383	1371	4	0.0
1377	1359	4	0.0
1375	1351	4	0.0
1383	1372	4	0.0
1326	1326	4	0.0
1310	1314	4	0.0
1375	1352	4	0.0
1377	1360	4	0.0
1379	1396	4	0.0
1375	1353	4	0.0
1377	1361	4	0.0
1387	1373	4	0.0
1370	1382	4	0.0
1375	1354	4	0.0
1377	1362	4	0.0
1387	1374	4	0.0
1383	1383	4	0.0
1377	1363	4	0.0
1387	1375	4	0.0
1375	1355	4	0.0
1311	1315	4	0.0
1377	1364	4	0.0
1375	1356	4	0.0
1369	1381	4	0.0
1375	1357	4	0.0
1380	1395	4	0.0
1376	1349	4	0.0
1311	1316	4	0.0
1376	1350	4	0.0
1313	1307	4	0.0
1376	1351	4	0.0
1387	1376	4	0.0
1313	1308	4	0.0
1370	1383	4	0.0
1376	1352	4	0.0
1313	1309	4	0.0
1381	1395	4	0.0
1377	1377	4	0.0
1381	1396	4	0.0
1376	1353	4	0.0
1376	1354	4	0.0
1385	1373	4	0.0
1326	1333	4	0.0
1379	1395	4	0.0
1376	1355	4	0.0
1385	1374	4	0.0
1376	1356	4	0.0
1385	1375	4	0.0
1384	1373	4	0.0
1384	1374	4	0.0
1376	1357	4	0.0
1385	1376	4	0.0
1365	1381	4	0.0
1382	1399	4	0.0
1389	1389	4	0.0
1382	1400	4	0.0
1368	1381	4	0.0
1382	1401	4	0.0
1382	1382	4	0.0
1381	1381	4	0.0
1376	1384	4	0.0
1382	1402	4	0.0
1376	1385	4	0.0
1393	1377	4	0.0
1376	1386	4	0.0
1393	1378	4	0.0
1385	1385	4	0.0
1376	1387	4	0.0
1382	1397	4	0.0
1384	1375	4	0.0
1382	1398	4	0.0
1384	1376	4	0.0
1374	1384	4	0.0
1375	1384	4	0.0
1378	1358	4	0.0
1375	1385	4	0.0
1383	1397	4	0.0
1386	1386	4	0.0
1384	1384	4	0.0
1375	1386	4	0.0
1383	1398	4	0.0
1390	1377	4	0.0
1375	1387	4	0.0
1390	1378	4	0.0
1380	1396	4	0.0
1383	1399	4	0.0
1375	1388	4	0.0
1386	1373	4	0.0
1378	1359	4	0.0
1383	1400	4	0.0
1386	1374	4	0.0
1380	1365	4	0.0
1378	1360	4	0.0
1386	1375	4	0.0
1383	1401	4	0.0
1380	1366	4	0.0
1378	1361	4	0.0
1399	1382	4	0.0
1386	1376	4	0.0
1380	1367	4	0.0
1383	1402	4	0.0
1378	1362	4	0.0
1399	1383	4	0.0
1374	1385	4	0.0
1380	1368	4	0.0
1378	1363	4	0.0
1391	1377	4	0.0
1397	1397	4	0.0
1378	1364	4	0.0
1391	1378	4	0.0
1390	1390	4	0.0
1395	1379	4	0.0
1399	1399	4	0.0
1395	1380	4	0.0
1376	1388	4	0.0
1402	1382	4	0.0
1398	1382	4	0.0
1395	1381	4	0.0
1398	1383	4	0.0
1387	1387	4	0.0
1402	1383	4	0.0
1378	1378	4	0.0
1400	1382	4	0.0
1400	1383	4	0.0
1380	1380	4	0.0
1398	1398	4	0.0
1380	1369	4	0.0
1374	1386	4	0.0
1374	1387	4	0.0
1374	1388	4	0.0
1373	1384	4	0.0
1400	1400	4	0.0
1379	1365	4	0.0
1373	1385	4	0.0
1379	1366	4	0.0
1373	1386	4	0.0
1401	1382	4	0.0
1373	1387	4	0.0
1401	1383	4	0.0
1402	1402	4	0.0
1373	1388	4	0.0
1394	1394	4	0.0
1393	1393	4	0.0
1395	1395	4	0.0
1407	1420	4	0.0
1407	1421	4	0.0
1407	1422	4	0.0
1410	1410	4	0.0
1391	1391	4	0.0
1410	1423	4	0.0
1377	1389	4	0.0
1377	1390	4	0.0
1410	1424	4	0.0
1410	1425	4	0.0
1394	1377	4	0.0
1364	1364	4	0.0
1394	1378	4	0.0
1418	1418	4	0.0
1403	1420	4	0.0
1419	1419	4	0.0
1397	1382	4	0.0
1401	1401	4	0.0
1397	1383	4	0.0
1413	1413	4	0.0
1414	1414	4	0.0
1411	1411	4	0.0
1377	1391	4	0.0
1377	1392	4	0.0
1377	1393	4	0.0
1377	1394	4	0.0
1382	1370	4	0.0
1382	1371	4	0.0
1396	1379	4	0.0
1414	1423	4	0.0
1421	1421	4	0.0
1382	1372	4	0.0
1411	1423	4	0.0
1396	1380	4	0.0
1411	1424	4	0.0
1415	1415	4	0.0
1396	1381	4	0.0
1411	1425	4	0.0
1392	1392	4	0.0
1415	1426	4	0.0
1415	1427	4	0.0
1415	1428	4	0.0
1388	1373	4	0.0
1388	1374	4	0.0
1388	1375	4	0.0
1416	1434	4	0.0
1388	1376	4	0.0
1417	1435	4	0.0
1388	1388	4	0.0
1416	1435	4	0.0
1417	1436	4	0.0
1412	1412	4	0.0
1416	1436	4	0.0
1417	1437	4	0.0
1416	1437	4	0.0
1396	1396	4	0.0
1417	1438	4	0.0
1408	1408	4	0.0
1416	1438	4	0.0
1425	1410	4	0.0
1414	1424	4	0.0
1425	1411	4	0.0
1414	1425	4	0.0
1425	1412	4	0.0
1425	1413	4	0.0
1392	1377	4	0.0
1412	1423	4	0.0
1425	1414	4	0.0
1408	1420	4	0.0
1392	1378	4	0.0
1412	1424	4	0.0
1417	1417	4	0.0
1408	1421	4	0.0
1412	1425	4	0.0
1408	1422	4	0.0
1413	1423	4	0.0
1416	1416	4	0.0
1413	1424	4	0.0
1425	1425	4	0.0
1413	1425	4	0.0
1403	1421	4	0.0
1403	1422	4	0.0
1409	1409	4	0.0
1433	1415	4	0.0
1419	1434	4	0.0
1419	1435	4	0.0
1419	1436	4	0.0
1432	1432	4	0.0
1419	1437	4	0.0
1419	1438	4	0.0
1421	1439	4	0.0
1423	1410	4	0.0
1418	1434	4	0.0
1421	1440	4	0.0
1423	1411	4	0.0
1418	1435	4	0.0
1423	1412	4	0.0
1429	1415	4	0.0
1418	1436	4	0.0
1423	1413	4	0.0
1418	1437	4	0.0
1423	1414	4	0.0
1428	1428	4	0.0
1418	1438	4	0.0
1423	1423	4	0.0
1422	1422	4	0.0
1429	1429	4	0.0
1422	1439	4	0.0
1422	1440	4	0.0
1423	1443	4	0.0
1436	1416	4	0.0
1436	1417	4	0.0
1433	1433	4	0.0
1436	1418	4	0.0
1436	1419	4	0.0
1434	1434	4	0.0
1430	1415	4	0.0
1424	1424	4	0.0
1424	1410	4	0.0
1424	1441	4	0.0
1424	1442	4	0.0
1438	1419	4	0.0
1424	1443	4	0.0
1435	1416	4	0.0
1426	1415	4	0.0
1435	1417	4	0.0
1430	1430	4	0.0
1435	1418	4	0.0
1435	1419	4	0.0
1436	1436	4	0.0
1426	1426	4	0.0
1424	1411	4	0.0
1424	1412	4	0.0
1424	1413	4	0.0
1424	1414	4	0.0
1423	1441	4	0.0
1423	1442	4	0.0
1438	1438	4	0.0
1435	1435	4	0.0
1437	1416	4	0.0
1425	1441	4	0.0
1437	1417	4	0.0
1425	1442	4	0.0
1437	1418	4	0.0
1437	1419	4	0.0
1427	1415	4	0.0
1425	1443	4	0.0
1431	1415	4	0.0
1434	1416	4	0.0
1434	1417	4	0.0
1427	1427	4	0.0
1434	1418	4	0.0
1434	1419	4	0.0
1431	1431	4	0.0
1437	1437	4	0.0
1428	1415	4	0.0
1438	1416	4	0.0
1432	1415	4	0.0
1438	1417	4	0.0
1438	1418	4	0.0
1440	1421	4	0.0
1440	1422	4	0.0
1439	1439	4	0.0
1428	1444	4	0.0
1428	1445	4	0.0
1440	1440	4	0.0
1439	1420	4	0.0
1439	1421	4	0.0
1439	1422	4	0.0
1427	1444	4	0.0
1427	1445	4	0.0
1440	1420	4	0.0
1430	1444	4	0.0
1430	1445	4	0.0
1441	1441	4	0.0
1432	1444	4	0.0
1432	1445	4	0.0
1442	1423	4	0.0
1442	1424	4	0.0
1442	1425	4	0.0
1429	1444	4	0.0
1429	1445	4	0.0
1442	1442	4	0.0
1426	1444	4	0.0
1426	1445	4	0.0
1443	1423	4	0.0
1443	1424	4	0.0
1431	1444	4	0.0
1443	1425	4	0.0
1431	1445	4	0.0
1443	1443	4	0.0
1433	1444	4	0.0
1433	1445	4	0.0
1441	1423	4	0.0
1441	1423	4	0.0
1441	1424	4	0.0
1441	1425	4	0.0
1445	1426	4	0.0
1445	1427	4	0.0
1452	1452	4	0.0
1445	1428	4	0.0
1445	1429	4	0.0
1454	1462	4	0.0
1445	1430	4	0.0
1454	1463	4	0.0
1452	1462	4	0.0
1445	1431	4	0.0
1454	1464	4	0.0
1452	1463	4	0.0
1454	1465	4	0.0
1445	1432	4	0.0
1452	1464	4	0.0
1454	1466	4	0.0
1452	1465	4	0.0
1445	1433	4	0.0
1452	1466	4	0.0
1458	1458	4	0.0
1456	1468	4	0.0
1464	1464	4	0.0
1456	1469	4	0.0
1455	1455	4	0.0
1457	1457	4	0.0
1456	1470	4	0.0
1456	1471	4	0.0
1445	1445	4	0.0
1456	1472	4	0.0
1450	1450	4	0.0
1455	1467	4	0.0
1460	1460	4	0.0
1455	1468	4	0.0
1464	1450	4	0.0
1455	1469	4	0.0
1465	1450	4	0.0
1464	1451	4	0.0
1455	1470	4	0.0
1465	1451	4	0.0
1456	1456	4	0.0
1464	1452	4	0.0
1465	1452	4	0.0
1450	1462	4	0.0
1455	1471	4	0.0
1465	1453	4	0.0
1464	1453	4	0.0
1455	1472	4	0.0
1450	1463	4	0.0
1465	1454	4	0.0
1464	1454	4	0.0
1450	1464	4	0.0
1444	1426	4	0.0
1450	1465	4	0.0
1444	1427	4	0.0
1459	1459	4	0.0
1444	1428	4	0.0
1450	1466	4	0.0
1444	1429	4	0.0
1456	1467	4	0.0
1444	1430	4	0.0
1444	1431	4	0.0
1465	1465	4	0.0
1444	1432	4	0.0
1444	1433	4	0.0
1453	1453	4	0.0
1453	1462	4	0.0
1444	1444	4	0.0
1453	1463	4	0.0
1461	1461	4	0.0
1453	1464	4	0.0
1466	1450	4	0.0
1453	1465	4	0.0
1466	1451	4	0.0
1453	1466	4	0.0
1466	1452	4	0.0
1466	1453	4	0.0
1466	1454	4	0.0
1462	1450	4	0.0
1462	1451	4	0.0
1462	1452	4	0.0
1462	1453	4	0.0
1466	1466	4	0.0
1462	1454	4	0.0
1468	1455	4	0.0
1451	1451	4	0.0
1468	1456	4	0.0
1462	1462	4	0.0
1451	1462	4	0.0
1451	1463	4	0.0
1468	1468	4	0.0
1451	1464	4	0.0
1451	1465	4	0.0
1463	1450	4	0.0
1451	1466	4	0.0
1469	1455	4	0.0
1454	1454	4	0.0
1463	1451	4	0.0
1469	1456	4	0.0
1463	1452	4	0.0
1463	1453	4	0.0
1463	1454	4	0.0
1463	1463	4	0.0
1469	1469	4	0.0
1472	1472	4	0.0
1470	1455	4	0.0
1470	1456	4	0.0
1471	1471	4	0.0
1467	1455	4	0.0
1467	1456	4	0.0
1472	1455	4	0.0
1472	1456	4	0.0
1470	1470	4	0.0
1467	1467	4	0.0
1471	1455	4	0.0
1475	1475	4	0.0
1471	1456	4	0.0
1484	1474	4	0.0
1475	1489	4	0.0
1475	1490	4	0.0
1475	1491	4	0.0
1484	1484	4	0.0
1475	1492	4	0.0
1475	1493	4	0.0
1480	1473	4	0.0
1476	1476	4	0.0
1473	1473	4	0.0
1480	1480	4	0.0
1473	1478	4	0.0
1485	1474	4	0.0
1473	1479	4	0.0
1477	1477	4	0.0
1473	1480	4	0.0
1473	1481	4	0.0
1473	1482	4	0.0
1485	1485	4	0.0
1474	1474	4	0.0
1481	1473	4	0.0
1483	1474	4	0.0
1487	1487	4	0.0
1486	1474	4	0.0
1481	1481	4	0.0
1474	1483	4	0.0
1474	1484	4	0.0
1474	1485	4	0.0
1483	1483	4	0.0
1474	1486	4	0.0
1474	1487	4	0.0
1488	1474	4	0.0
1478	1478	4	0.0
1486	1486	4	0.0
1474	1488	4	0.0
1492	1475	4	0.0
1415	1429	4	0.0
1415	1430	4	0.0
1415	1431	4	0.0
1491	1475	4	0.0
1415	1432	4	0.0
1371	1382	4	0.0
1482	1473	4	0.0
1415	1433	4	0.0
1371	1383	4	0.0
1422	1403	4	0.0
1491	1491	4	0.0
1482	1482	4	0.0
1479	1479	4	0.0
1417	1434	4	0.0
1420	1420	4	0.0
1420	1439	4	0.0
1420	1440	4	0.0
1409	1420	4	0.0
1409	1421	4	0.0
1404	1404	4	0.0
1409	1422	4	0.0
1389	1377	4	0.0
1389	1378	4	0.0
1422	1404	4	0.0
1404	1420	4	0.0
1422	1405	4	0.0
1492	1492	4	0.0
1488	1488	4	0.0
1493	1475	4	0.0
1422	1406	4	0.0
1489	1475	4	0.0
1422	1407	4	0.0
1404	1421	4	0.0
1422	1408	4	0.0
1422	1409	4	0.0
1404	1422	4	0.0
1489	1489	4	0.0
1405	1405	4	0.0
1403	1403	4	0.0
1490	1475	4	0.0
1405	1420	4	0.0
1420	1403	4	0.0
1420	1404	4	0.0
1405	1421	4	0.0
1420	1405	4	0.0
1405	1422	4	0.0
1490	1490	4	0.0
1487	1474	4	0.0
1420	1406	4	0.0
1420	1407	4	0.0
1420	1408	4	0.0
1420	1409	4	0.0
1378	1389	4	0.0
1378	1390	4	0.0
1378	1391	4	0.0
1378	1392	4	0.0
1378	1393	4	0.0
1378	1394	4	0.0
1493	1493	4	0.0
1406	1406	4	0.0
1478	1473	4	0.0
1406	1420	4	0.0
1406	1421	4	0.0
1406	1422	4	0.0
1421	1403	4	0.0
1421	1404	4	0.0
1421	1405	4	0.0
1421	1406	4	0.0
1421	1407	4	0.0
1421	1408	4	0.0
1421	1409	4	0.0
1407	1407	4	0.0
1479	1473	4	0.0
